# vtk DataFile Version 4.2
vtk output
ASCII
DATASET POLYDATA
POINTS 11432 float
-26.6926 0.941311 40.458 -26.8035 1.13196 39.4834 -26.979 1.2783 38.5102 
-27.1847 1.40756 37.5401 -27.3933 1.53279 36.5703 -27.6062 1.66052 35.6015 
-27.8356 1.79821 34.6381 -28.0851 1.94692 33.6813 -28.3523 2.10817 32.7312 
-28.6464 2.27726 31.7907 -28.9815 2.45673 30.866 -29.3484 2.65174 29.9564 
-29.7277 2.8596 29.0549 -30.1066 3.08728 28.1579 -30.4856 3.33371 27.266 
-30.8617 3.61011 26.3817 -31.2252 3.90616 25.4984 -31.5611 4.2164 24.6092 
-31.864 4.53477 23.7111 -32.1345 4.84958 22.8014 -32.4039 5.1691 21.893 
-32.6893 5.49759 20.9926 -32.9612 5.82969 20.0896 -33.1765 6.14786 19.1666 
-33.3302 6.43671 18.2225 -33.4086 6.6825 17.2569 -33.4019 6.87881 16.2771 
-33.3235 7.02958 15.2922 -33.1899 7.14572 14.3082 -33.018 7.23415 13.3273 
-32.8157 7.28749 12.3496 -32.5958 7.30062 11.3743 -32.3725 7.27081 10.4002 
-32.1465 7.20318 9.4285 -31.9071 7.11895 8.46128 -31.656 7.05389 7.49557 
-31.3963 7.0178 6.53063 -31.132 7.00657 5.5663 -30.8633 7.01214 4.60311 
-30.5881 7.02504 3.64183 -30.3034 7.04047 2.68336 -30.0114 7.05301 1.72703 
-29.7113 7.0596 0.773169 -29.4058 7.05928 -0.179035 -29.1037 7.05614 -1.1323 
-28.8042 7.05138 -2.08642 -28.4963 7.03374 -3.03762 -28.2524 7.01011 -3.74638 
-27.9944 6.98062 -4.44995 -27.6238 6.93952 -5.37771 -27.2183 6.88962 -6.29021 
-26.7721 6.81429 -7.18176 -26.2698 6.68261 -8.03553 -25.7486 6.50133 -8.86933 
-25.2398 6.28314 -9.70202 -24.7414 6.06514 -10.541 -24.2136 5.84023 -11.3595 
-23.6335 5.60658 -12.1397 -23.0095 5.3587 -12.8802 -22.3634 5.09114 -13.595 
-21.7225 4.80484 -14.3071 -21.1143 4.50251 -15.0408 -20.5511 4.19683 -15.808 
-20.0367 3.89556 -16.6105 -19.5901 3.61567 -17.4594 -19.211 3.37023 -18.351 
-18.8933 3.15769 -19.2746 -18.6302 2.9873 -20.2239 -18.4093 2.8578 -21.1903 
-18.2328 2.77318 -22.1705 -18.0882 2.72338 -23.1587 -17.9478 2.67827 -24.1477 
-17.7844 2.59539 -25.1305 -17.6024 2.44151 -26.101 -17.4142 2.20202 -27.0528 
-17.2275 1.885 -27.982 -17.0676 1.45771 -28.8706 -16.9276 0.945791 -29.7171 
-16.7783 0.344018 -30.5006 -16.5952 -0.31091 -31.2336 -16.3899 -0.943651 -31.9798 
-16.1869 -1.43778 -32.8188 -16.0023 -1.77824 -33.7393 -15.8333 -2.04388 -34.6881 
-15.6504 -2.25065 -35.6492 -15.4632 -2.44149 -36.6127 -15.2993 -2.65425 -37.5757 
-15.1761 -2.91895 -38.5317 -15.0947 -3.23654 -39.476 -15.0641 -3.60193 -40.4058 
-15.0799 -4.00194 -41.3221 -15.1115 -4.4006 -42.2385 -15.1558 -4.75512 -43.1722 
-28.1992 1.13227 40.3288 -28.0601 1.2295 39.5984 -27.9718 1.3488 38.6109 
-27.9974 1.46727 37.6193 -28.0961 1.58307 36.6311 -28.244 1.70378 35.6497 
-28.4371 1.83202 34.677 -28.6586 1.97221 33.7121 -28.9074 2.12369 32.7555 
-29.1899 2.27733 31.8088 -29.5036 2.4308 30.8719 -29.8473 2.59053 29.9466 
-30.208 2.75687 29.0289 -30.5741 2.93164 28.1148 -30.9453 3.14863 27.2122 
-31.3127 3.40483 26.3182 -31.6649 3.69437 25.4283 -31.9995 4.00035 24.5371 
-32.3156 4.32027 23.644 -32.612 4.64629 22.7463 -32.91 4.97996 21.852 
-33.1987 5.32696 20.9598 -33.4465 5.67431 20.0557 -33.6274 5.99826 19.128 
-33.7276 6.27767 18.1739 -33.7466 6.50739 17.2015 -33.6945 6.69358 16.2209 
-33.5873 6.84161 15.2381 -33.4425 6.96242 14.2561 -33.2724 7.0615 13.2757 
-33.0896 7.13326 12.2952 -32.9027 7.17027 11.3137 -32.7183 7.17385 10.3309 
-32.528 7.14776 9.34964 -32.3101 7.10096 8.37493 -32.0554 7.05614 7.40911 
-31.7837 7.0365 6.44695 -31.5126 7.0443 5.48453 -31.2416 7.07088 4.52231 
-30.9662 7.10981 3.56179 -30.6829 7.15378 2.60375 -30.3945 7.19588 1.64719 
-30.1032 7.23639 0.691414 -29.8098 7.27497 -0.26379 -29.5208 7.31137 -1.22042 
-29.2363 7.34289 -2.17857 -28.951 7.36457 -3.13677 -28.6501 7.37203 -4.09028 
-28.3238 7.37465 -5.03549 -27.9747 7.38177 -5.9725 -27.5962 7.38287 -6.89784 
-27.1712 7.35427 -7.80222 -26.6917 7.27618 -8.67511 -26.1702 7.13443 -9.51628 
-25.6702 6.98128 -10.3685 -25.1796 6.83245 -11.2272 -24.6689 6.69366 -12.0754 
-24.0868 6.54012 -12.8729 -23.4357 6.36533 -13.6104 -22.7443 6.16895 -14.3054 
-22.0524 5.94786 -14.9926 -21.3954 5.71258 -15.7081 -20.7875 5.48094 -16.4669 
-20.2379 5.26303 -17.2729 -19.7457 5.05853 -18.1187 -19.3067 4.88637 -19.0001 
-18.9309 4.75677 -19.9171 -18.6123 4.68001 -20.8612 -18.3486 4.64608 -21.825 
-18.1301 4.62148 -22.8004 -17.9347 4.58396 -23.7803 -17.7407 4.50761 -24.7582 
-17.5609 4.36838 -25.7312 -17.4109 4.1588 -26.6968 -17.2757 3.86981 -27.6438 
-17.1268 3.49769 -28.5592 -16.9705 3.04639 -29.4374 -16.802 2.51125 -30.2634 
-16.6068 1.87137 -31.0051 -16.3732 1.19024 -31.6985 -16.0938 0.53754 -32.4017 
-15.7905 -0.0339699 -33.1623 -15.5075 -0.466545 -34.015 -15.2789 -0.777 -34.9364 
-15.0802 -1.02236 -35.885 -14.905 -1.24421 -36.8441 -14.7685 -1.46094 -37.8106 
-14.6581 -1.69925 -38.7755 -14.5595 -1.96285 -39.7349 -14.5149 -2.27436 -40.6832 
-14.5138 -2.63284 -41.6167 -14.5167 -3.00362 -42.5453 -14.5126 -3.3753 -43.4737 
-26.8749 0.880501 40.5042 -26.9375 1.06659 39.5249 -27.0865 1.21131 38.5473 
-27.2764 1.33892 37.5739 -27.4761 1.46166 36.6017 -27.6842 1.58721 35.6317 
-27.9129 1.72189 34.6677 -28.1607 1.86565 33.7096 -28.4272 2.02024 32.7584 
-28.7212 2.18047 31.8162 -29.0542 2.34799 30.8884 -29.4178 2.52769 29.9744 
-29.7957 2.72021 29.0688 -30.1758 2.93257 28.1687 -30.5575 3.16815 27.275 
-30.9361 3.43543 26.389 -31.3004 3.72606 25.5042 -31.6342 4.0308 24.6124 
-31.9338 4.3447 23.7115 -32.2076 4.65944 22.8027 -32.4731 4.98148 21.8941 
-32.7523 5.31473 20.9935 -33.0163 5.65157 20.0899 -33.2293 5.97593 19.1688 
-33.371 6.26541 18.2229 -33.4372 6.51093 17.2564 -33.421 6.70779 16.2768 
-33.3401 6.86302 15.2927 -33.2056 6.9834 14.3094 -33.0339 7.07514 13.3286 
-32.839 7.13531 12.3498 -32.63 7.15691 11.3722 -32.4206 7.13712 10.3948 
-32.2097 7.08045 9.41902 -31.9801 7.00515 8.44872 -31.7323 6.94571 7.48176 
-31.4747 6.91432 6.51614 -31.2112 6.90794 5.55154 -30.943 6.9185 4.58828 
-30.665 6.9383 3.62788 -30.3779 6.9587 2.67023 -30.0828 6.97505 1.7149 
-29.7801 6.98553 0.761856 -29.4746 6.99061 -0.190293 -29.1728 6.99278 -1.14365 
-28.871 6.99055 -2.09701 -28.5591 6.97628 -3.04695 -28.223 6.94724 -3.98826 
-27.8519 6.91124 -4.91603 -27.4512 6.86838 -5.83106 -27.008 6.79976 -6.72444 
-26.5065 6.678 -7.58045 -25.9835 6.49905 -8.41338 -25.4665 6.27837 -9.24038 
-24.9618 6.05507 -10.0742 -24.4347 5.8224 -10.8912 -23.8639 5.57796 -11.6747 
-23.2492 5.31793 -12.4191 -22.612 5.04091 -13.1382 -21.9774 4.74656 -13.8527 
-21.3642 4.44016 -14.5806 -20.7952 4.12557 -15.34 -20.2825 3.82085 -16.142 
-19.8361 3.54224 -16.9917 -19.4464 3.29504 -17.8782 -19.1229 3.08169 -18.7995 
-18.8612 2.90373 -19.748 -18.6437 2.76572 -20.7137 -18.4729 2.67314 -21.6943 
-18.3409 2.62066 -22.684 -18.221 2.58107 -23.6759 -18.0851 2.51447 -24.6642 
-17.9232 2.38481 -25.6419 -17.7444 2.17263 -26.6019 -17.5651 1.87305 -27.5382 
-17.4245 1.46927 -28.4407 -17.323 0.958601 -29.2927 -17.2291 0.367397 -30.093 
-17.0723 -0.271511 -30.8453 -16.8657 -0.875986 -31.6139 -16.6628 -1.30421 -32.4883 
-16.4967 -1.55354 -33.44 -16.3525 -1.77144 -34.4052 -16.1843 -1.96799 -35.371 
-15.9899 -2.15735 -36.3335 -15.7977 -2.35872 -37.2938 -15.6322 -2.5923 -38.2515 
-15.5219 -2.8915 -39.1989 -15.4549 -3.22933 -40.1373 -15.4538 -3.61895 -41.0578 
-15.4741 -4.03148 -41.9684 -15.5017 -4.41716 -42.8904 -15.5386 -4.74432 -43.8342 
-26.3899 0.792908 41.2302 -26.4784 0.973689 40.5078 -26.6341 1.17176 39.5403 
-26.8309 1.32395 38.5721 -27.0498 1.45666 37.6054 -27.2696 1.5837 36.6382 
-27.4882 1.71238 35.6708 -27.7171 1.85178 34.7076 -27.9657 2.00452 33.7512 
-28.2339 2.17085 32.8023 -28.5282 2.34819 31.8633 -28.8607 2.53687 30.9395 
-29.2313 2.7458 30.0346 -29.612 2.96571 29.1364 -29.9914 3.2001 28.2414 
-30.3686 3.45904 27.3522 -30.743 3.74166 26.4691 -31.1068 4.04299 25.5878 
-31.4456 4.35857 24.7015 -31.7509 4.68086 23.8056 -32.0243 4.99844 22.8978 
-32.2948 5.31442 21.9884 -32.5845 5.63747 21.0876 -32.8688 5.96544 20.1867 
-33.1061 6.28481 19.2695 -33.2789 6.5762 18.3293 -33.3722 6.82428 17.3659 
-33.3797 7.02269 16.3867 -33.3148 7.17647 15.4011 -33.1926 7.29523 14.416 
-33.0221 7.38212 13.4348 -32.8159 7.43319 12.4578 -32.5865 7.44258 11.4847 
-32.3489 7.40722 10.5142 -32.1087 7.33179 9.5465 -31.8622 7.24055 8.5817 
-31.6088 7.16132 7.61764 -31.3494 7.11072 6.65325 -31.0857 7.0872 5.689 
-30.8184 7.0834 4.72542 -30.5426 7.0918 3.76425 -30.2586 7.10218 2.80546 
-29.9674 7.10974 1.84885 -29.6682 7.11122 0.89469 -29.3631 7.10516 -0.0576035 
-29.0602 7.09575 -1.01056 -28.7597 7.08422 -1.96429 -28.4517 7.0608 -2.91536 
-28.1239 7.02132 -3.85918 -27.7711 6.97413 -4.79362 -27.3829 6.92316 -5.71362 
-26.9634 6.85708 -6.61881 -26.4937 6.7546 -7.49479 -25.9768 6.59325 -8.33521 
-25.4566 6.37941 -9.16178 -24.9511 6.14937 -9.99336 -24.4441 5.91809 -10.8236 
-23.8885 5.6717 -11.6171 -23.2905 5.41728 -12.3767 -22.6579 5.14667 -13.1024 
-22.0171 4.86 -13.8144 -21.3922 4.5554 -14.5331 -20.807 4.23725 -15.2786 
-20.2673 3.91976 -16.058 -19.7823 3.61051 -16.8755 -19.3708 3.33435 -17.7432 
-19.0157 3.08672 -18.6443 -18.7188 2.87436 -19.5747 -18.469 2.70853 -20.5284 
-18.2599 2.58797 -21.4984 -18.0884 2.51384 -22.4806 -17.9343 2.4702 -23.4677 
-17.7663 2.42052 -24.452 -17.5747 2.32085 -25.4279 -17.3751 2.13723 -26.3896 
-17.1834 1.86058 -27.3302 -17.0215 1.48779 -28.2431 -16.9081 1.00472 -29.1101 
-16.8155 0.430897 -29.9226 -16.7086 -0.200516 -30.6896 -16.5373 -0.858514 -31.4227 
-16.3424 -1.42086 -32.2197 -16.1531 -1.78321 -33.1285 -15.9853 -2.06883 -34.0718 
-15.811 -2.294 -35.0301 -15.6179 -2.48254 -35.993 -15.432 -2.67366 -36.9566 
-15.2805 -2.90455 -37.9174 -15.1677 -3.18575 -38.8699 -15.1111 -3.52806 -39.8073 
-15.1089 -3.91671 -40.7282 -15.1432 -4.3226 -41.6414 -15.1985 -4.70398 -42.5639 
-15.2584 -5.03724 -43.5047 -25.613 1.74103 40.6841 -25.836 1.92336 39.9917 
-26.1164 2.1224 39.0529 -26.396 2.28173 38.1062 -26.666 2.42177 37.1536 
-26.9182 2.55773 36.1956 -27.15 2.70462 35.234 -27.3749 2.8715 34.2742 
-27.611 3.07672 33.3245 -27.8758 3.31535 32.3904 -28.1777 3.57845 31.4743 
-28.5204 3.86122 30.5787 -28.8926 4.16487 29.7018 -29.2695 4.47642 28.8294 
-29.6404 4.79727 27.958 -30.0077 5.13191 27.0901 -30.3733 5.4782 26.2262 
-30.724 5.84097 25.3629 -31.0527 6.20579 24.4919 -31.3596 6.5604 23.6087 
-31.6762 6.8946 22.7211 -32.0719 7.19599 21.8547 -32.5035 7.47908 20.9982 
-32.9041 7.75592 20.1252 -33.2334 8.03232 19.2232 -33.4817 8.29868 18.2924 
-33.6296 8.52866 17.3316 -33.6805 8.71167 16.3508 -33.6362 8.84225 15.3614 
-33.5054 8.92545 14.3742 -33.3042 8.97139 13.3962 -33.049 8.97591 12.4298 
-32.7491 8.92892 11.4773 -32.415 8.8336 10.5399 -32.0575 8.698 9.61603 
-31.7018 8.55649 8.69226 -31.369 8.44164 7.75643 -31.0569 8.35552 6.81048 
-30.7618 8.29971 5.85672 -30.4767 8.26574 4.89887 -30.1959 8.24255 3.93938 
-29.917 8.22278 2.97925 -29.6371 8.19727 2.01957 -29.3543 8.16314 1.061 
-29.0685 8.12523 0.103489 -28.7848 8.08727 -0.854683 -28.5061 8.04095 -1.81393 
-28.2168 7.97075 -2.76851 -27.9026 7.89034 -3.71443 -27.5728 7.81477 -4.65541 
-27.2395 7.74583 -5.5957 -26.8972 7.67496 -6.53257 -26.508 7.57477 -7.44763 
-26.0509 7.40661 -8.31979 -25.5588 7.18664 -9.16177 -25.0648 6.94851 -9.9979 
-24.5665 6.71829 -10.8337 -24.0273 6.48109 -11.6412 -23.43 6.2331 -12.4037 
-22.7889 5.96682 -13.1229 -22.134 5.67951 -13.8218 -21.4944 5.36979 -14.5252 
-20.8955 5.04503 -15.2568 -20.3456 4.72062 -16.0259 -19.8626 4.41247 -16.8449 
-19.4288 4.13282 -17.701 -19.0636 3.89707 -18.6007 -18.7499 3.70962 -19.5313 
-18.4785 3.57044 -20.4832 -18.2536 3.47528 -21.4525 -18.0611 3.4047 -22.4311 
-17.8952 3.35046 -23.4158 -17.7262 3.28517 -24.399 -17.5424 3.1735 -25.3752 
-17.3516 2.99319 -26.3399 -17.1623 2.73025 -27.285 -16.9711 2.37581 -28.1999 
-16.7844 1.94241 -29.0807 -16.6073 1.40876 -29.9058 -16.4263 0.784385 -30.6641 
-16.2259 0.0971832 -31.3622 -16.0119 -0.56406 -32.0807 -15.7941 -1.14283 -32.8641 
-15.5786 -1.53282 -33.7552 -15.3708 -1.80708 -34.6936 -15.1737 -2.0205 -35.6504 
-14.9958 -2.22287 -36.6133 -14.8528 -2.44 -37.5786 -14.7535 -2.70148 -38.5382 
-14.6898 -3.01002 -39.4872 -14.6617 -3.35748 -40.4241 -14.67 -3.73955 -41.3481 
-14.6844 -4.13206 -42.2677 -14.6969 -4.50764 -43.1944 -28.0392 0.998863 40.5456 
-27.9111 1.10913 39.8155 -27.8415 1.2401 38.8279 -27.8788 1.36051 37.8364 
-27.9817 1.4767 36.8487 -28.132 1.5956 35.8675 -28.3249 1.72168 34.8945 
-28.5457 1.856 33.9285 -28.7901 2.00001 32.9697 -29.0662 2.14823 32.0202 
-29.3754 2.29441 31.0806 -29.7155 2.44227 30.152 -30.0767 2.59721 29.2324 
-30.4465 2.76163 28.3181 -30.8223 2.95781 27.4125 -31.1965 3.19866 26.5171 
-31.5576 3.47421 25.6264 -31.901 3.77027 24.7351 -32.2179 4.08154 23.8393 
-32.5111 4.40485 22.9396 -32.7976 4.73776 22.0413 -33.085 5.08404 21.1483 
-33.3456 5.43661 20.2498 -33.5409 5.77068 19.3283 -33.6575 6.063 18.3799 
-33.6926 6.30603 17.4113 -33.6552 6.50459 16.4325 -33.5603 6.66429 15.4503 
-33.4235 6.79342 14.4683 -33.2593 6.9002 13.4877 -33.0814 6.98158 12.5072 
-32.8979 7.02864 11.5254 -32.7174 7.04096 10.542 -32.5375 7.02156 9.5586 
-32.3358 6.97839 8.5802 -32.097 6.93117 7.61045 -31.8339 6.90498 6.64614 
-31.5653 6.90859 5.68295 -31.2961 6.93244 4.72021 -31.0219 6.9689 3.75923 
-30.7384 7.01168 2.80124 -30.4487 7.05322 1.84504 -30.1546 7.09238 0.890046 
-29.8573 7.12885 -0.064041 -29.5632 7.16349 -1.01919 -29.2735 7.19467 -1.97579 
-28.9827 7.21768 -2.9323 -28.6782 7.22703 -3.88468 -28.3475 7.22758 -4.82833 
-27.9921 7.22962 -5.76299 -27.6044 7.22496 -6.68462 -27.1655 7.18404 -7.58156 
-26.6652 7.07907 -8.44012 -26.1463 6.91929 -9.27954 -25.649 6.74594 -10.1296 
-25.1596 6.5795 -10.9856 -24.6555 6.42586 -11.8352 -24.082 6.26111 -12.6368 
-23.4478 6.08167 -13.3879 -22.7671 5.88055 -14.0922 -22.084 5.65626 -14.7872 
-21.4281 5.41524 -15.5019 -20.8252 5.17393 -16.2618 -20.2787 4.94262 -17.0663 
-19.7928 4.72383 -17.912 -19.3748 4.54154 -18.8013 -19.0136 4.39664 -19.7221 
-18.7068 4.29311 -20.6674 -18.4602 4.23876 -21.6346 -18.2609 4.20521 -22.6139 
-18.0885 4.16588 -23.5981 -17.9192 4.09675 -24.5811 -17.7445 3.98281 -25.559 
-17.5802 3.7968 -26.527 -17.4235 3.52612 -27.476 -17.2588 3.17393 -28.3967 
-17.0893 2.73778 -29.2795 -16.9173 2.21873 -30.1161 -16.7255 1.61384 -30.8876 
-16.4978 0.937782 -31.5879 -16.2425 0.282669 -32.2981 -15.9671 -0.290337 -33.0682 
-15.7184 -0.706375 -33.9398 -15.5051 -1.00657 -34.8686 -15.3127 -1.23741 -35.8221 
-15.139 -1.44748 -36.7841 -14.9888 -1.66473 -37.7486 -14.8604 -1.90234 -38.7113 
-14.757 -2.17145 -39.6679 -14.719 -2.51083 -40.6074 -14.7077 -2.87041 -41.5405 
-14.7056 -3.24401 -42.468 -14.6996 -3.62403 -43.3929 -27.6574 1.02354 40.811 
-27.5541 1.14844 40.0797 -27.5259 1.29858 39.0928 -27.6009 1.4309 38.1049 
-27.7299 1.55658 37.1213 -27.8891 1.68 36.1419 -28.0871 1.81179 35.1707 
-28.3097 1.9524 34.2061 -28.5525 2.10601 33.2483 -28.8228 2.26957 32.2996 
-29.1304 2.44014 31.3637 -29.4701 2.6184 30.4403 -29.8319 2.80945 29.5279 
-30.1991 3.01105 28.6198 -30.5679 3.23284 27.7173 -30.9373 3.48768 26.8239 
-31.3002 3.7766 25.938 -31.6444 4.08563 25.0514 -31.9732 4.40388 24.1623 
-32.2832 4.72598 23.2678 -32.578 5.05003 22.3689 -32.882 5.37972 21.4752 
-33.1678 5.71521 20.5777 -33.3997 6.04563 19.6632 -33.5625 6.3486 18.7246 
-33.6538 6.61044 17.7651 -33.6591 6.82181 16.7883 -33.5956 6.9898 15.805 
-33.478 7.1214 14.8211 -33.3204 7.22655 13.8393 -33.138 7.3068 12.8594 
-32.9388 7.34823 11.8805 -32.7338 7.35686 10.9018 -32.5271 7.33041 9.92393 
-32.3064 7.27549 8.95021 -32.0572 7.21001 7.98409 -31.7878 7.16235 7.02234 
-31.5162 7.14649 6.06012 -31.2456 7.15485 5.09751 -30.9735 7.1784 4.13552 
-30.6949 7.20971 3.17565 -30.4091 7.24091 2.21787 -30.119 7.2694 1.2613 
-29.8251 7.29466 0.305779 -29.5318 7.31563 -0.65002 -29.2434 7.3341 -1.60733 
-28.9557 7.34558 -2.56498 -28.7337 7.34295 -3.28133 -28.4991 7.33352 -3.99356 
-28.1631 7.3177 -4.93524 -27.8029 7.30523 -5.868 -27.418 7.28432 -6.79053 
-26.9812 7.22746 -7.68725 -26.4774 7.0983 -8.54088 -25.9692 6.92861 -9.38508 
-25.4775 6.74677 -10.2367 -24.9834 6.57741 -11.0893 -24.4482 6.40897 -11.9164 
-23.847 6.22478 -12.6931 -23.1859 6.01563 -13.4134 -22.5055 5.78322 -14.1082 
-21.8389 5.53149 -14.8097 -21.2139 5.26859 -15.5442 -20.6479 5.01287 -16.3272 
-20.1401 4.77211 -17.1537 -19.7029 4.56607 -18.0286 -19.3162 4.39702 -18.9347 
-18.9861 4.26797 -19.8692 -18.7136 4.1867 -20.8274 -18.496 4.14569 -21.8022 
-18.3199 4.11725 -22.7861 -18.1608 4.07329 -23.7723 -17.997 3.99126 -24.7552 
-17.8303 3.84689 -25.7303 -17.6706 3.62836 -26.6924 -17.5079 3.32779 -27.6315 
-17.338 2.97099 -28.5497 -17.1728 2.52512 -29.4281 -17.0049 1.98808 -30.2541 
-16.8051 1.359 -31.0035 -16.5737 0.688935 -31.7085 -16.3173 0.0480805 -32.4317 
-16.0512 -0.492172 -33.2269 -15.8258 -0.862011 -34.1256 -15.6269 -1.14109 -35.0646 
-15.4414 -1.356 -36.0233 -15.2691 -1.5621 -36.9865 -15.1198 -1.78163 -37.9506 
-14.9871 -2.01971 -38.9127 -14.8969 -2.31386 -39.8631 -14.8573 -2.66105 -40.7999 
-14.8443 -3.02455 -41.7313 -14.8412 -3.4083 -42.6546 -14.8302 -3.78734 -43.5799 
-27.2874 1.11199 40.6955 -27.2363 1.24369 39.96 -27.2771 1.40001 38.9742 
-27.4031 1.5392 37.9921 -27.5641 1.67018 37.014 -27.7427 1.79855 36.0385 
-27.9466 1.9347 35.0692 -28.1794 2.08563 34.1085 -28.4281 2.24996 33.154 
-28.7038 2.42834 32.2096 -29.017 2.61732 31.279 -29.3668 2.8209 30.3647 
-29.7333 3.03944 29.4604 -30.1003 3.27143 28.5596 -30.4654 3.52267 27.6632 
-30.8302 3.80512 26.7761 -31.191 4.11215 25.8955 -31.5369 4.4351 25.0146 
-31.8646 4.7653 24.1294 -32.1737 5.09052 23.2357 -32.4769 5.41311 22.3391 
-32.7929 5.73491 21.4466 -33.0885 6.05873 20.548 -33.3375 6.38137 19.6351 
-33.521 6.68093 18.6995 -33.6244 6.93688 17.7392 -33.6394 7.14285 16.7617 
-33.5852 7.30686 15.7773 -33.476 7.43503 14.7917 -33.3234 7.53754 13.809 
-33.1374 7.61458 12.8296 -32.9322 7.66251 11.8521 -32.7086 7.66472 10.8776 
-32.4777 7.62921 9.90544 -32.233 7.56246 8.93822 -31.964 7.48249 7.97849 
-31.6838 7.42085 7.02061 -31.4062 7.39086 6.06049 -31.1324 7.38728 5.09876 
-30.86 7.40025 4.13668 -30.5827 7.42329 3.17615 -30.3004 7.44695 2.21713 
-30.0147 7.46875 1.25907 -29.7257 7.48737 0.301907 -29.435 7.49978 -0.654812 
-29.1493 7.51019 -1.61307 -28.8661 7.51546 -2.57208 -28.6516 7.50908 -3.29074 
-28.5002 7.49736 -3.76709 -28.2628 7.47762 -4.47822 -27.9266 7.45438 -5.41968 
-27.5735 7.43623 -6.35505 -27.191 7.40784 -7.27818 -26.755 7.34387 -8.17535 
-26.2555 7.21038 -9.03049 -25.7486 7.04418 -9.87626 -25.2578 6.87323 -10.7306 
-24.7621 6.71681 -11.5847 -24.2129 6.55293 -12.4032 -23.5982 6.37486 -13.1712 
-22.9273 6.17389 -13.8843 -22.2386 5.94837 -14.5733 -21.5688 5.70097 -15.2731 
-20.9494 5.44508 -16.0148 -20.3839 5.19683 -16.8007 -19.8725 4.95767 -17.6257 
-19.4255 4.74672 -18.4942 -19.0341 4.57476 -19.3979 -18.6993 4.44633 -20.3307 
-18.4227 4.37334 -21.2885 -18.1969 4.33012 -22.2615 -18.0098 4.29007 -23.243 
-17.8292 4.22927 -24.2246 -17.6438 4.12458 -25.2014 -17.4694 3.95239 -26.1703 
-17.3101 3.70391 -27.1252 -17.1453 3.37738 -28.0553 -16.9683 2.9711 -28.9509 
-16.7887 2.47752 -29.8006 -16.5945 1.88928 -30.5842 -16.3735 1.22693 -31.2989 
-16.1242 0.54506 -31.9864 -15.8554 -0.0868758 -32.7126 -15.5789 -0.592422 -33.5257 
-15.3365 -0.956656 -34.4239 -15.1191 -1.22935 -35.3602 -14.9358 -1.44677 -36.3189 
-14.7874 -1.65637 -37.2852 -14.6691 -1.88126 -38.2523 -14.5724 -2.13543 -39.2144 
-14.5283 -2.45632 -40.1599 -14.5177 -2.80791 -41.0959 -14.5205 -3.17274 -42.0269 
-14.5215 -3.55262 -42.952 -14.5112 -3.9193 -43.8821 -28.1915 0.722794 40.2356 
-28.0744 0.834923 39.5036 -28.0149 0.956093 38.5141 -28.0616 1.05995 37.5214 
-28.1779 1.16157 36.5337 -28.3446 1.27173 35.5541 -28.55 1.38478 34.5821 
-28.7781 1.4999 33.6153 -29.0305 1.61228 32.6543 -29.307 1.70932 31.6982 
-29.6115 1.78293 30.7487 -29.9454 1.84351 29.8082 -30.308 1.90135 28.8782 
-30.6918 1.97116 27.9574 -31.09 2.09464 27.0489 -31.4785 2.27639 26.146 
-31.8475 2.51267 25.2472 -32.181 2.7923 24.3471 -32.4794 3.10777 23.4466 
-32.7572 3.45141 22.5496 -33.0272 3.81565 21.6583 -33.2849 4.20269 20.7731 
-33.4995 4.58191 19.8737 -33.6358 4.92378 18.9449 -33.6875 5.21303 17.99 
-33.6626 5.45234 17.0199 -33.5769 5.64944 16.0436 -33.4497 5.81246 15.0653 
-33.298 5.95094 14.0868 -33.1354 6.06822 13.107 -32.9733 6.16431 12.125 
-32.8212 6.22898 11.139 -32.6874 6.26085 10.1486 -32.5564 6.2665 9.15726 
-32.3951 6.25667 8.17065 -32.1855 6.2451 7.19312 -31.9401 6.24816 6.22381 
-31.6803 6.27454 5.25853 -31.4122 6.3188 4.29619 -31.1337 6.37264 3.33726 
-30.8443 6.4336 2.38201 -30.5459 6.49679 1.4297 -30.2407 6.55656 0.479255 
-29.9314 6.61307 -0.469984 -29.6245 6.67015 -1.42002 -29.3176 6.7223 -2.37035 
-29.004 6.76463 -3.31889 -28.6678 6.79576 -4.26015 -28.3045 6.81908 -5.19135 
-27.903 6.83019 -6.10694 -27.4544 6.81085 -6.99984 -26.9514 6.73178 -7.85953 
-26.4162 6.5879 -8.69164 -25.9058 6.41063 -9.53289 -25.4144 6.22811 -10.3844 
-24.9106 6.0626 -11.2321 -24.3456 5.88787 -12.0379 -23.7354 5.70468 -12.8082 
-23.0836 5.50652 -13.5401 -22.4115 5.28913 -14.2479 -21.7524 5.05162 -14.9613 
-21.1353 4.80511 -15.708 -20.573 4.56304 -16.4979 -20.0747 4.33632 -17.3344 
-19.6493 4.13463 -18.2159 -19.2873 3.97084 -19.133 -18.9822 3.83847 -20.0756 
-18.7323 3.74448 -21.0389 -18.5351 3.68951 -22.0174 -18.3788 3.65511 -23.0043 
-18.2389 3.61451 -23.9937 -18.0917 3.54098 -24.9799 -17.9317 3.4186 -25.959 
-17.763 3.20725 -26.9211 -17.5875 2.91219 -27.8596 -17.4182 2.52378 -28.764 
-17.2598 2.05497 -29.6325 -17.0893 1.49228 -30.4396 -16.8811 0.850667 -31.177 
-16.6404 0.196518 -31.8939 -16.3904 -0.396198 -32.6557 -16.1562 -0.82869 -33.5234 
-15.9618 -1.14546 -34.4511 -15.7805 -1.38312 -35.4049 -15.5986 -1.58342 -36.3677 
-15.4267 -1.78795 -37.3313 -15.2792 -2.01143 -38.2946 -15.1627 -2.2753 -39.2514 
-15.101 -2.61079 -40.1911 -15.0685 -2.96884 -41.1242 -15.0631 -3.35158 -42.0479 
-15.0592 -3.74375 -42.9677 -15.0448 -4.12283 -43.8929 -25.2895 1.85771 40.5282 
-25.5589 2.02565 39.849 -25.8843 2.21377 38.9227 -26.1944 2.35761 37.9829 
-26.487 2.49068 37.0361 -26.754 2.62424 36.0817 -26.9961 2.76915 35.1225 
-27.2248 2.93922 34.164 -27.4627 3.14962 33.216 -27.7227 3.3877 32.2803 
-28.0292 3.6546 31.367 -28.3809 3.94257 30.4763 -28.7583 4.24675 29.6017 
-29.1406 4.55691 28.7313 -29.5178 4.87566 27.8619 -29.8904 5.20732 26.9951 
-30.2575 5.55183 26.1311 -30.6105 5.90771 25.2659 -30.9303 6.26513 24.3885 
-31.2215 6.61246 23.4972 -31.5233 6.93705 22.6012 -31.9103 7.23028 21.7276 
-32.3447 7.51145 20.872 -32.7584 7.78852 20.005 -33.1198 8.06573 19.1152 
-33.3886 8.33444 18.191 -33.5648 8.57405 17.2374 -33.6358 8.76435 16.2598 
-33.6135 8.90442 15.2711 -33.5011 8.9945 14.2819 -33.3112 9.04625 13.3022 
-33.0644 9.06203 12.3334 -32.7765 9.03069 11.3768 -32.4455 8.94258 10.4376 
-32.0883 8.81532 9.51238 -31.7207 8.67261 8.59349 -31.3743 8.55161 7.66342 
-31.0526 8.45964 6.72112 -30.7512 8.39828 5.76972 -30.4629 8.36111 4.81293 
-30.1814 8.33683 3.85372 -29.9025 8.3172 2.89357 -29.6242 8.29387 1.93335 
-29.3442 8.2622 0.973913 -29.0613 8.2261 0.015413 -28.7799 8.19013 -0.94347 
-28.504 8.14644 -1.90364 -28.2233 8.08274 -2.86125 -27.9205 8.00451 -3.81101 
-27.5989 7.92965 -4.7549 -27.2756 7.86388 -5.69889 -26.9554 7.80294 -6.6443 
-26.6017 7.72751 -7.5758 -26.174 7.59622 -8.46918 -25.694 7.40834 -9.32584 
-25.2022 7.19427 -10.1698 -24.714 6.99267 -11.0189 -24.1917 6.7921 -11.8472 
-23.6143 6.58354 -12.6358 -22.9776 6.3577 -13.3728 -22.305 6.10812 -14.0691 
-21.6367 5.83373 -14.7604 -21.0009 5.53658 -15.4725 -20.4182 5.23491 -16.2264 
-19.9018 4.93616 -17.0285 -19.441 4.66258 -17.8722 -19.0379 4.42527 -18.7554 
-18.6856 4.23197 -19.6703 -18.3865 4.09847 -20.6147 -18.1354 4.00786 -21.5782 
-17.9262 3.94204 -22.5537 -17.7388 3.88384 -23.5342 -17.5477 3.80226 -24.5122 
-17.3511 3.66724 -25.4829 -17.1623 3.46013 -26.4423 -16.982 3.18202 -27.3854 
-16.7912 2.82879 -28.3004 -16.6004 2.38165 -29.1736 -16.4067 1.84275 -29.9918 
-16.2019 1.20109 -30.7285 -15.9864 0.500427 -31.4085 -15.7607 -0.185749 -32.0998 
-15.5189 -0.788029 -32.8579 -15.2708 -1.2531 -33.7035 -15.0258 -1.56575 -34.6205 
-14.818 -1.79485 -35.5708 -14.6595 -1.99181 -36.5382 -14.5397 -2.19833 -37.509 
-14.4594 -2.44527 -38.4743 -14.4151 -2.74576 -39.4268 -14.3966 -3.08231 -40.3682 
-14.3993 -3.44547 -41.2998 -14.4095 -3.83039 -42.2226 -14.4117 -4.21212 -43.1469 
-14.4001 -4.60466 -44.0664 -22.8597 5.46803 39.5406 -23.5521 5.36123 38.8274 
-24.2192 5.21678 38.0968 -24.8353 5.0483 37.3282 -25.3859 4.88038 36.5111 
-25.8597 4.77017 35.6393 -26.2275 4.76375 34.7118 -26.5181 4.86153 33.7618 
-26.7663 5.0577 32.8138 -27.0215 5.31125 31.881 -27.3139 5.59785 30.969 
-27.657 5.90148 30.0804 -28.0532 6.20994 29.2157 -28.468 6.51902 28.3599 
-28.8813 6.83208 27.5048 -29.278 7.15345 26.6451 -29.6482 7.48381 25.7769 
-29.9888 7.81547 24.8973 -30.2955 8.14631 24.0049 -30.6099 8.46681 23.1117 
-31.0232 8.74718 22.2492 -31.5988 8.97476 21.4648 -32.2043 9.18732 20.698 
-32.7578 9.40456 19.8951 -33.2003 9.63521 19.0297 -33.5441 9.86754 18.1213 
-33.7554 10.0789 17.168 -33.8601 10.2561 16.191 -33.8412 10.3823 15.2008 
-33.7043 10.4489 14.2139 -33.4718 10.4625 13.242 -33.1604 10.4248 12.2931 
-32.7866 10.3281 11.3715 -32.3575 10.1698 10.4829 -31.8978 9.97407 9.61688 
-31.4526 9.78099 8.7426 -31.0431 9.61413 7.84615 -30.6805 9.48139 6.92403 
-30.3574 9.37687 5.98363 -30.0584 9.29647 5.03283 -29.772 9.23159 4.07692 
-29.4906 9.16574 3.11962 -29.2094 9.09164 2.16284 -28.9278 9.01678 1.20621 
-28.6497 8.94468 0.248379 -28.3795 8.86968 -0.711491 -28.111 8.78345 -1.67087 
-27.8266 8.67809 -2.62368 -27.5182 8.55981 -3.5675 -27.2017 8.44986 -4.50967 
-26.8979 8.35565 -5.45768 -26.6033 8.26318 -6.40882 -26.2793 8.14783 -7.34739 
-25.879 7.9639 -8.24336 -25.4148 7.71445 -9.09262 -24.9276 7.43938 -9.92146 
-24.4291 7.16778 -10.7446 -23.8921 6.89509 -11.5427 -23.3088 6.62043 -12.3067 
-22.6787 6.33001 -13.0264 -22.0301 6.01988 -13.7213 -21.392 5.68708 -14.4155 
-20.7928 5.33623 -15.1347 -20.2403 4.98013 -15.8878 -19.7464 4.63488 -16.6856 
-19.3059 4.31989 -17.5256 -18.9271 4.04751 -18.4091 -18.597 3.83417 -19.3284 
-18.3046 3.67254 -20.2705 -18.0517 3.55355 -21.23 -17.8377 3.47598 -22.2036 
-17.6362 3.42071 -23.1816 -17.4243 3.34892 -24.1561 -17.2024 3.22098 -25.1222 
-16.9873 3.01484 -26.0761 -16.7817 2.73074 -27.0121 -16.5739 2.36762 -27.9195 
-16.3771 1.91546 -28.7883 -16.2159 1.34597 -29.593 -16.0653 0.704105 -30.3435 
-15.9119 -0.002178 -31.0343 -15.7335 -0.701664 -31.7257 -15.5296 -1.32757 -32.472 
-15.2897 -1.75158 -33.3414 -15.0494 -2.04145 -34.2673 -14.8351 -2.25709 -35.2193 
-14.6682 -2.44222 -36.1875 -14.5474 -2.64062 -37.16 -14.4689 -2.88425 -38.1262 
-14.4212 -3.17407 -39.0818 -14.4063 -3.51578 -40.0212 -14.4183 -3.89254 -40.9473 
-14.4402 -4.28159 -41.8683 -14.4617 -4.66493 -42.7916 -14.471 -5.0545 -43.7125 
-26.322 1.27734 40.7191 -26.4749 1.50087 39.7569 -26.67 1.68036 38.7931 
-26.8913 1.83076 37.8296 -27.1143 1.96873 36.8645 -27.3319 2.10466 35.898 
-27.5513 2.25042 34.9333 -27.785 2.41651 33.9755 -28.0429 2.60889 33.0287 
-28.3266 2.82234 32.0941 -28.6442 3.05112 31.174 -29.0019 3.30012 30.2742 
-29.3793 3.56876 29.388 -29.7502 3.84644 28.5019 -30.1137 4.14078 27.618 
-30.4781 4.45518 26.7415 -30.8404 4.78661 25.8704 -31.1857 5.13217 24.9979 
-31.5074 5.47917 24.117 -31.8116 5.81682 23.2263 -32.1302 6.13976 22.3353 
-32.4798 6.44826 21.4506 -32.8269 6.75265 20.5637 -33.1241 7.05548 19.6586 
-33.3549 7.34636 18.7304 -33.5132 7.60561 17.7789 -33.5779 7.81752 16.8047 
-33.5557 7.97916 15.8189 -33.4561 8.0942 14.8311 -33.2933 8.17451 13.8481 
-33.0847 8.22306 12.8715 -32.8349 8.22281 11.9035 -32.5599 8.18101 10.9431 
-32.2673 8.09603 9.99087 -31.9613 7.98202 9.04567 -31.6563 7.87226 8.09971 
-31.3631 7.78949 7.14738 -31.0791 7.73625 6.19011 -30.7999 7.70652 5.23036 
-30.5225 7.69787 4.26968 -30.2431 7.69501 3.3095 -29.9617 7.69269 2.34993 
-29.6765 7.68621 1.39149 -29.3854 7.67066 0.434902 -29.0923 7.64992 -0.52091 
-28.8025 7.62942 -1.4778 -28.5133 7.59905 -2.43453 -28.2903 7.56398 -3.14976 
-28.1316 7.53456 -3.62295 -27.8831 7.48988 -4.32916 -27.5345 7.4334 -5.26472 
-27.1726 7.37566 -6.19509 -26.7882 7.30727 -7.11563 -26.34 7.19114 -8.00097 
-25.8483 7.02018 -8.85439 -25.347 6.8039 -9.69213 -24.8543 6.58507 -10.5343 
-24.3433 6.37179 -11.3666 -23.7822 6.14977 -12.1637 -23.1703 5.91821 -12.9195 
-22.5168 5.66804 -13.6337 -21.8561 5.39512 -14.333 -21.2228 5.09933 -15.0478 
-20.6323 4.79283 -15.7937 -20.0982 4.48754 -16.5818 -19.6277 4.19872 -17.4147 
-19.2202 3.94353 -18.2912 -18.8687 3.72189 -19.2003 -18.5721 3.55223 -20.1397 
-18.3211 3.43 -21.0996 -18.1158 3.34689 -22.0744 -17.9428 3.28729 -23.0574 
-17.7779 3.23125 -24.0421 -17.5982 3.14128 -25.0215 -17.4072 2.98444 -25.9899 
-17.2164 2.74558 -26.9414 -17.0268 2.42383 -27.8683 -16.8379 2.01789 -28.7617 
-16.6604 1.52721 -29.6128 -16.4889 0.929316 -30.395 -16.298 0.254059 -31.1066 
-16.0949 -0.423901 -31.8125 -15.8804 -1.04016 -32.5689 -15.6659 -1.49695 -33.4278 
-15.4573 -1.79867 -34.3571 -15.2569 -2.02699 -35.3097 -15.0719 -2.22904 -36.2714 
-14.9144 -2.43556 -37.237 -14.8011 -2.68205 -38.199 -14.7268 -2.97912 -39.1507 
-14.6896 -3.31949 -40.0899 -14.6917 -3.69674 -41.0157 -14.7076 -4.09095 -41.9346 
-14.7248 -4.47404 -42.8581 -14.7391 -4.83476 -43.7906 -22.8235 5.90786 39.4482 
-23.3342 5.84012 38.9033 -23.9929 5.72791 38.1595 -24.6055 5.59075 37.3818 
-25.1506 5.43604 36.5583 -25.6427 5.30784 35.6981 -26.051 5.24644 34.7903 
-26.3618 5.30177 33.8432 -26.6203 5.46142 32.8911 -26.8756 5.69213 31.9525 
-27.1683 5.9675 31.037 -27.5064 6.25667 30.1418 -27.8962 6.55048 29.2692 
-28.318 6.84712 28.4125 -28.7404 7.15042 27.5584 -29.1464 7.46116 26.699 
-29.5238 7.78092 25.8301 -29.865 8.10324 24.9472 -30.1861 8.42496 24.0564 
-30.5158 8.73862 23.1662 -30.9426 9.01417 22.3092 -31.5331 9.23682 21.5343 
-32.1632 9.44078 20.7852 -32.7508 9.64678 20.004 -33.2302 9.86627 19.1556 
-33.5983 10.0919 18.2544 -33.8486 10.3035 17.3113 -33.9702 10.4835 16.3368 
-33.9666 10.6194 15.3476 -33.8456 10.6992 14.3596 -33.6213 10.7201 13.3864 
-33.3167 10.6897 12.4352 -32.9457 10.6017 11.5117 -32.5154 10.4485 10.6225 
-32.048 10.2531 9.7606 -31.5821 10.053 8.89888 -31.1567 9.88045 8.01071 
-30.778 9.74009 7.09618 -30.4393 9.62527 6.16255 -30.1329 9.53711 5.21486 
-29.8455 9.47089 4.25936 -29.5654 9.40619 3.30156 -29.2885 9.33469 2.34334 
-29.0133 9.26182 1.38472 -28.7417 9.19197 0.424847 -28.4772 9.11979 -0.536831 
-28.2176 9.03647 -1.4989 -27.9449 8.93403 -2.45545 -27.5692 8.7852 -3.63826 
-27.1869 8.65175 -4.82077 -26.9088 8.56834 -5.77761 -26.6395 8.48635 -6.73716 
-26.3247 8.37453 -7.67912 -25.9247 8.19826 -8.57676 -25.4534 7.95858 -9.42529 
-24.9643 7.7201 -10.2642 -24.4601 7.49444 -11.0977 -23.9167 7.26507 -11.9047 
-23.3202 7.02264 -12.6691 -22.6694 6.75469 -13.3792 -22.0052 6.46597 -14.0687 
-21.3536 6.15291 -14.7594 -20.7453 5.81972 -15.4794 -20.1903 5.48074 -16.2385 
-19.6936 5.15777 -17.0433 -19.2544 4.86975 -17.8939 -18.8672 4.62897 -18.7833 
-18.5181 4.44223 -19.7011 -18.2197 4.31812 -20.6469 -17.9718 4.2367 -21.6119 
-17.7553 4.17838 -22.5864 -17.5444 4.11241 -23.5617 -17.3316 4.02416 -24.5346 
-17.1205 3.87476 -25.5001 -16.9239 3.65153 -26.4543 -16.7369 3.35971 -27.3918 
-16.5358 3.0001 -28.3027 -16.3354 2.54996 -29.1717 -16.1319 1.99971 -29.9798 
-15.9173 1.3595 -30.7154 -15.6953 0.646591 -31.3804 -15.4668 -0.06728 -32.0423 
-15.2187 -0.717369 -32.7567 -14.9433 -1.24003 -33.5607 -14.6826 -1.56747 -34.4648 
-14.4933 -1.76904 -35.4251 -14.3625 -1.94799 -36.4 -14.2698 -2.14187 -37.3764 
-14.2104 -2.37677 -38.3463 -14.183 -2.66865 -39.302 -14.1773 -2.99922 -40.2458 
-14.188 -3.35808 -41.179 -14.2003 -3.73573 -42.1049 -14.2048 -4.11439 -43.0303 
-14.1931 -4.5121 -43.9474 -27.7571 0.942245 40.4436 -27.6619 1.09978 39.4622 
-27.685 1.23127 38.4722 -27.7835 1.35156 37.4847 -27.9239 1.46816 36.5015 
-28.1017 1.59018 35.5253 -28.3142 1.71913 34.5568 -28.5479 1.85661 33.5942 
-28.8076 2.00183 32.6396 -29.1012 2.14797 31.695 -29.4249 2.29066 30.7598 
-29.7751 2.43951 29.8351 -30.1437 2.5992 28.9194 -30.5188 2.77293 28.0089 
-30.899 2.98061 27.1078 -31.273 3.23562 26.2163 -31.633 3.5166 25.3267 
-31.964 3.81627 24.432 -32.268 4.12953 23.5323 -32.5482 4.45331 22.6287 
-32.8288 4.78832 21.7294 -33.1049 5.13593 20.8333 -33.3434 5.48412 19.9271 
-33.5164 5.80748 18.9976 -33.5993 6.07885 18.0392 -33.613 6.3083 17.0667 
-33.5583 6.49505 16.0863 -33.4501 6.64474 15.1038 -33.3033 6.76627 14.1222 
-33.1329 6.86518 13.1418 -32.9502 6.93033 12.1609 -32.764 6.96329 11.1791 
-32.5843 6.96039 10.1955 -32.4036 6.92981 9.21248 -32.1997 6.88221 8.23479 
-31.9599 6.83504 7.26522 -31.7 6.80964 6.30007 -31.434 6.81549 5.33613 
-31.1656 6.83958 4.37312 -30.891 6.87458 3.41222 -30.6063 6.91526 2.45447 
-30.3137 6.95429 1.49905 -30.0163 6.99024 0.544982 -29.7159 7.02303 -0.408266 
-29.4188 7.05347 -1.36265 -29.125 7.08005 -2.31812 -28.8278 7.0983 -3.27272 
-28.5925 7.10173 -3.98482 -28.3436 7.10009 -4.69226 -27.9902 7.09715 -5.62767 
-27.6076 7.09184 -6.55137 -27.1784 7.06153 -7.45345 -26.6925 6.98003 -8.3231 
-26.1694 6.82895 -9.16148 -25.6621 6.65487 -10.0053 -25.1716 6.48158 -10.8594 
-24.6667 6.32162 -11.7071 -24.1041 6.15314 -12.5161 -23.4779 5.97245 -13.274 
-22.8059 5.77167 -13.9866 -22.126 5.54719 -14.6846 -21.4714 5.30611 -15.4006 
-20.8718 5.06214 -16.1624 -20.3211 4.8271 -16.9629 -19.8355 4.60538 -17.8079 
-19.4238 4.4208 -18.6995 -19.0623 4.27108 -19.6195 -18.7589 4.15812 -20.5649 
-18.5154 4.09394 -21.5324 -18.3204 4.05544 -22.5123 -18.1544 4.01655 -23.4976 
-17.994 3.95476 -24.4827 -17.826 3.84767 -25.4622 -17.6605 3.66853 -26.4314 
-17.4988 3.40847 -27.3827 -17.3298 3.07211 -28.3088 -17.1605 2.64506 -29.1961 
-16.9892 2.12741 -30.0331 -16.7927 1.5157 -30.797 -16.5658 0.839872 -31.4978 
-16.3175 0.183872 -32.2098 -16.0536 -0.39568 -32.9791 -15.8162 -0.815426 -33.8521 
-15.6077 -1.12372 -34.7795 -15.4183 -1.34887 -35.7348 -15.2421 -1.55437 -36.6974 
-15.0883 -1.76892 -37.6619 -14.955 -2.00399 -38.6247 -14.8517 -2.2783 -39.5798 
-14.8076 -2.61864 -40.5188 -14.7899 -2.97713 -41.4522 -14.7885 -3.35468 -42.3781 
-14.7827 -3.7384 -43.3015 -25.7216 2.16491 39.9366 -26.0215 2.3567 39.0023 
-26.3146 2.50856 38.0584 -26.5953 2.64609 37.1086 -26.8544 2.78263 36.1525 
-27.0885 2.93176 35.1918 -27.3124 3.11021 34.2338 -27.5447 3.32106 33.2844 
-27.8065 3.57129 32.3526 -28.1073 3.85057 31.441 -28.4492 4.14915 30.5501 
-28.8202 4.46461 29.6768 -29.1968 4.78874 28.809 -29.5673 5.12216 27.9421 
-29.9357 5.46447 27.0778 -30.301 5.81911 26.2171 -30.6492 6.1897 25.3561 
-30.9766 6.56205 24.4877 -31.2896 6.92206 23.6089 -31.6271 7.25731 22.7297 
-32.0435 7.55929 21.8736 -32.5124 7.83208 21.0336 -32.9375 8.09675 20.1684 
-33.2991 8.36288 19.2756 -33.5593 8.6195 18.3457 -33.7184 8.84545 17.3857 
-33.7707 9.02321 16.4044 -33.7265 9.15056 15.4141 -33.5982 9.23235 14.4265 
-33.3947 9.27423 13.4489 -33.1353 9.27779 12.4835 -32.8306 9.23155 11.5327 
-32.4841 9.13135 10.6005 -32.1075 8.98825 9.68543 -31.7303 8.83826 8.77159 
-31.3774 8.71323 7.84452 -31.052 8.61942 6.90376 -30.7477 8.55424 5.95352 
-30.458 8.512 4.99734 -30.1759 8.48295 4.03841 -29.8976 8.45889 3.07823 
-29.6194 8.42914 2.11818 -29.3398 8.39151 1.1588 -29.0579 8.35168 0.200182 
-28.7775 8.31186 -0.758873 -28.5035 8.26155 -1.71926 -28.2223 8.19093 -2.67624 
-27.9171 8.10789 -3.62484 -27.5968 8.02765 -4.56872 -27.2798 7.95797 -5.51454 
-26.9625 7.8932 -6.46065 -26.6073 7.8089 -7.39126 -26.1811 7.66379 -8.28293 
-25.7005 7.4569 -9.13445 -25.2091 7.23154 -9.97575 -24.7164 7.01885 -10.8195 
-24.1945 6.80258 -11.6442 -23.6093 6.57567 -12.4221 -22.9747 6.33166 -13.1546 
-22.3089 6.06275 -13.8505 -21.6526 5.76766 -14.5447 -21.0356 5.45562 -15.2667 
-20.4671 5.14184 -16.0266 -19.9641 4.83906 -16.8356 -19.5093 4.56133 -17.6814 
-19.1166 4.32524 -18.5696 -18.778 4.13836 -19.4911 -18.4925 4.01003 -20.4403 
-18.257 3.92785 -21.4084 -18.0608 3.86898 -22.3871 -17.8856 3.81429 -23.3701 
-17.7057 3.73577 -24.3505 -17.5177 3.60396 -25.3234 -17.3339 3.39898 -26.2842 
-17.152 3.12094 -27.2265 -16.959 2.75133 -28.1349 -16.7706 2.30624 -29.0093 
-16.5841 1.79228 -29.8462 -16.3885 1.17074 -30.6024 -16.1768 0.485637 -31.299 
-15.9553 -0.193062 -31.9991 -15.7221 -0.780205 -32.7706 -15.4876 -1.23403 -33.6271 
-15.2616 -1.54266 -34.5499 -15.0564 -1.77209 -35.5011 -14.8781 -1.9783 -36.4632 
-14.7379 -2.18894 -37.4304 -14.6377 -2.43347 -38.3945 -14.5767 -2.73072 -39.3469 
-14.5462 -3.06685 -40.2882 -14.5487 -3.43511 -41.2177 -14.5602 -3.82244 -42.1395 
-14.5627 -4.2073 -43.0625 -14.5573 -4.58549 -43.9882 -26.9692 0.805687 40.8356 
-26.9567 0.958654 40.1026 -27.0465 1.12122 39.1205 -27.1973 1.26061 38.1423 
-27.3853 1.38662 37.1682 -27.5832 1.50925 36.1957 -27.7928 1.63603 35.2262 
-28.0248 1.77175 34.2631 -28.2746 1.91597 33.3055 -28.5437 2.07056 32.355 
-28.844 2.23029 31.4149 -29.1845 2.39802 30.4898 -29.5532 2.5791 29.5781 
-29.9337 2.77163 28.6736 -30.3157 2.98195 27.7738 -30.7 3.22043 26.882 
-31.0808 3.48817 25.9971 -31.4426 3.77735 25.1109 -31.7773 4.07946 24.2184 
-32.0754 4.39111 23.3163 -32.3412 4.70652 22.4054 -32.6038 5.03067 21.4966 
-32.879 5.36714 20.5961 -33.1317 5.70518 19.6897 -33.3322 6.02841 18.7652 
-33.4529 6.30931 17.8139 -33.4915 6.54269 16.8431 -33.4552 6.73087 15.8623 
-33.3579 6.87879 14.8785 -33.215 6.99663 13.896 -33.0429 7.08955 12.9153 
-32.8521 7.14973 11.9358 -32.6508 7.17091 10.9566 -32.4507 7.15347 9.97712 
-32.244 7.10289 9.00011 -32.0127 7.03594 8.02962 -31.7592 6.97821 7.06409 
-31.4952 6.95506 6.09993 -31.2285 6.95743 5.1362 -30.9591 6.97581 4.17336 
-30.6818 7.00354 3.213 -30.3946 7.03262 2.25555 -30.1009 7.05855 1.30003 
-29.8021 7.0808 0.345977 -29.5011 7.09845 -0.607479 -29.2051 7.11394 -1.56255 
-28.9098 7.12475 -2.51788 -28.6852 7.12615 -3.23345 -28.4463 7.11651 -3.94428 
-28.1057 7.09824 -4.88425 -27.7417 7.0794 -5.81541 -27.3408 7.05033 -6.73076 
-26.9002 6.99595 -7.6265 -26.4028 6.88107 -8.48547 -25.8846 6.70879 -9.32309 
-25.3875 6.51816 -10.1695 -24.8967 6.33945 -11.0223 -24.3701 6.16161 -11.853 
-23.788 5.97406 -12.6436 -23.1483 5.77141 -13.3847 -22.4754 5.54634 -14.0892 
-21.8105 5.30007 -14.7942 -21.1775 5.03664 -15.5219 -20.5996 4.77378 -16.2937 
-20.0917 4.52303 -17.1173 -19.6456 4.29519 -17.9821 -19.2621 4.1042 -18.885 
-18.93 3.94399 -19.8143 -18.6586 3.82961 -20.7695 -18.4418 3.76071 -21.7426 
-18.2677 3.71772 -22.7264 -18.1162 3.67558 -23.7139 -17.9621 3.60929 -24.6996 
-17.7941 3.49227 -25.6779 -17.6221 3.29629 -26.6427 -17.4472 3.02269 -27.5882 
-17.2671 2.66698 -28.5042 -17.0942 2.21724 -29.3795 -16.9132 1.678 -30.2005 
-16.7077 1.04216 -30.9432 -16.4775 0.375091 -31.6516 -16.2338 -0.255531 -32.3868 
-15.9917 -0.758114 -33.2139 -15.7739 -1.14259 -34.1092 -15.5783 -1.40335 -35.0538 
-15.3921 -1.61391 -36.0135 -15.2211 -1.8193 -36.9771 -15.073 -2.03931 -37.9411 
-14.9495 -2.29017 -38.9011 -14.8761 -2.6051 -39.8467 -14.8396 -2.95492 -40.7827 
-14.8356 -3.33041 -41.7093 -14.8381 -3.72207 -42.6294 -14.8293 -4.10026 -43.555 
-26.4523 1.19166 40.6107 -26.5541 1.35241 39.8855 -26.732 1.52696 38.9174 
-26.9424 1.67445 37.951 -27.1604 1.81011 36.9846 -27.3746 1.94311 36.0168 
-27.5937 2.08605 35.0517 -27.8279 2.24408 34.0925 -28.0882 2.4271 33.1445 
-28.369 2.62581 32.2057 -28.6805 2.83741 31.2794 -29.0368 3.07119 30.375 
-29.4137 3.32235 29.4836 -29.7873 3.58329 28.5934 -30.1537 3.86228 27.7058 
-30.5189 4.1639 26.8252 -30.8826 4.48427 25.9505 -31.2305 4.81956 25.0751 
-31.5481 5.15971 24.1901 -31.8484 5.49349 23.2965 -32.1499 5.81544 22.3991 
-32.4747 6.12832 21.5066 -32.8021 6.4398 20.6145 -33.0926 6.75105 19.71 
-33.3221 7.04915 18.7843 -33.4697 7.31159 17.8316 -33.5313 7.52855 16.8582 
-33.5093 7.69691 15.8734 -33.4132 7.81987 14.8862 -33.2565 7.90829 13.9029 
-33.0569 7.96573 12.9249 -32.8184 7.97552 11.9541 -32.5575 7.94494 10.9893 
-32.2833 7.87172 10.0306 -31.9989 7.76857 9.0775 -31.7117 7.66924 8.12488 
-31.4301 7.59877 7.16801 -31.1525 7.55736 6.20827 -30.878 7.54262 5.24681 
-30.602 7.54122 4.2857 -30.3218 7.54408 3.32575 -30.0379 7.54616 2.3669 
-29.7488 7.54311 1.4096 -29.4544 7.53185 0.454002 -29.1592 7.51616 -0.501301 
-28.8682 7.50059 -1.45791 -28.5748 7.47306 -2.41346 -28.3447 7.43919 -3.12642 
-28.0995 7.39904 -3.83401 -27.7482 7.34546 -4.76872 -27.3831 7.29181 -5.69812 
-26.9874 7.22191 -6.61356 -26.5374 7.11292 -7.4994 -26.0394 6.93892 -8.34814 
-25.5303 6.72126 -9.18075 -25.0311 6.4908 -10.0159 -24.5237 6.26325 -10.8468 
-23.9707 6.02304 -11.6441 -23.3642 5.77021 -12.3976 -22.7243 5.50057 -13.1169 
-22.0777 5.21113 -13.8227 -21.4502 4.9023 -14.5373 -20.8628 4.5823 -15.2802 
-20.3251 4.26618 -16.0611 -19.8596 3.97192 -16.8951 -19.4445 3.70706 -17.7651 
-19.0957 3.48018 -18.6738 -18.8014 3.29384 -19.6107 -18.5544 3.15271 -20.569 
-18.3545 3.05404 -21.5434 -18.1992 2.99316 -22.5292 -18.0627 2.94703 -23.5187 
-17.9118 2.87877 -24.5047 -17.738 2.75479 -25.4813 -17.5529 2.54991 -26.4417 
-17.3662 2.25992 -27.3796 -17.1852 1.8806 -28.286 -17.0276 1.41034 -29.1525 
-16.8779 0.828323 -29.951 -16.714 0.191696 -30.704 -16.5165 -0.464341 -31.4323 
-16.3112 -1.04471 -32.2165 -16.1134 -1.46095 -33.1012 -15.938 -1.74702 -34.0428 
-15.7605 -1.97501 -34.9998 -15.5751 -2.17192 -35.9625 -15.4004 -2.37299 -36.9263 
-15.2582 -2.61093 -37.8867 -15.1566 -2.90424 -38.8369 -15.1048 -3.25178 -39.7728 
-15.0965 -3.63507 -40.6962 -15.1173 -4.03811 -41.611 -15.1488 -4.42029 -42.5344 
-15.1847 -4.767 -43.4714 -25.5823 1.61258 40.7663 -25.8083 1.79745 40.0756 
-26.0905 2.00189 39.1385 -26.3711 2.16574 38.1929 -26.6436 2.30672 37.2411 
-26.8962 2.44246 36.2832 -27.1315 2.58551 35.3219 -27.3582 2.74987 34.362 
-27.596 2.94959 33.4116 -27.8604 3.1826 32.4758 -28.1591 3.43721 31.5564 
-28.4992 3.71019 30.6567 -28.8717 4.00642 29.7774 -29.2501 4.3114 28.9034 
-29.6227 4.62478 28.0299 -29.9911 4.95122 27.1595 -30.3582 5.29051 26.2934 
-30.7116 5.64682 25.4285 -31.0419 6.00679 24.556 -31.3462 6.3574 23.6704 
-31.6458 6.69439 22.778 -32.0031 7.00346 21.8977 -32.4164 7.29171 21.0339 
-32.808 7.57422 20.1586 -33.131 7.85612 19.2555 -33.3764 8.12521 18.325 
-33.5317 8.36156 17.3667 -33.5919 8.55074 16.3877 -33.5564 8.68662 15.3986 
-33.4331 8.77429 14.4109 -33.2379 8.82465 13.4319 -32.9869 8.8325 12.4645 
-32.6892 8.78722 11.5112 -32.3591 8.69349 10.5722 -32.0091 8.55881 9.6453 
-31.6642 8.41928 8.71713 -31.3396 8.30444 7.77851 -31.0361 8.22175 6.82938 
-30.7453 8.16687 5.87424 -30.4619 8.13334 4.91586 -30.1812 8.1099 3.95634 
-29.9012 8.08887 2.99656 -29.6194 8.0618 2.0375 -29.3335 8.02557 1.07992 
-29.0438 7.9847 0.123693 -28.7564 7.94437 -0.833277 -28.4729 7.89705 -1.79104 
-28.1811 7.83187 -2.74526 -27.8628 7.75313 -3.68987 -27.5252 7.67646 -4.62803 
-27.1795 7.60315 -5.56347 -26.8177 7.52245 -6.49215 -26.4073 7.40779 -7.39616 
-25.9352 7.22338 -8.25698 -25.4328 6.98571 -9.0881 -24.933 6.72789 -9.91493 
-24.4258 6.46912 -10.7369 -23.8709 6.19992 -11.5236 -23.2739 5.92157 -12.2758 
-22.6427 5.62896 -12.9937 -22.003 5.31882 -13.697 -21.3811 4.9887 -14.4069 
-20.7993 4.64705 -15.1447 -20.2625 4.30811 -15.9168 -19.7908 3.98848 -16.7381 
-19.3754 3.70266 -17.6013 -19.0208 3.45321 -18.5016 -18.7193 3.25107 -19.4332 
-18.4479 3.08125 -20.3802 -18.2188 2.95458 -21.345 -18.0296 2.86799 -22.3229 
-17.8649 2.81263 -23.3077 -17.6927 2.75929 -24.2911 -17.4991 2.66206 -25.2669 
-17.2973 2.48148 -26.229 -17.1017 2.21829 -27.173 -16.9104 1.87646 -28.0924 
-16.7461 1.4269 -28.9691 -16.6073 0.872927 -29.7882 -16.4708 0.24147 -30.5505 
-16.3048 -0.436943 -31.2659 -16.1133 -1.07916 -32.0075 -15.911 -1.60773 -32.8277 
-15.7139 -1.94617 -33.7459 -15.5241 -2.20072 -34.6937 -15.3288 -2.39891 -35.6541 
-15.1481 -2.58955 -36.6189 -14.9983 -2.8044 -37.5838 -14.8886 -3.06985 -38.5414 
-14.8239 -3.38956 -39.4861 -14.8085 -3.75897 -40.4149 -14.8307 -4.15625 -41.3322 
-14.8691 -4.54712 -42.2519 -14.9158 -4.90071 -43.1859 -27.8498 0.45319 39.4633 
-27.8448 0.57515 38.4722 -27.9281 0.672123 37.4809 -28.0676 0.766335 36.4953 
-28.2563 0.868755 35.5189 -28.4804 0.969478 34.5496 -28.7218 1.06142 33.5835 
-28.9797 1.13548 32.6203 -29.2558 1.1777 31.6602 -29.5555 1.18061 30.7064 
-29.8847 1.14703 29.763 -30.2558 1.12255 28.835 -30.6605 1.13398 27.9208 
-31.0853 1.20907 27.0197 -31.5011 1.37686 26.1265 -31.8898 1.60977 25.2353 
-32.2368 1.8977 24.3432 -32.5443 2.23189 23.4526 -32.8296 2.60272 22.5689 
-33.1042 2.99551 21.6913 -33.3618 3.40776 20.8176 -33.5689 3.81217 19.9274 
-33.6828 4.17055 19.0016 -33.7208 4.48042 18.0526 -33.6812 4.73806 17.0877 
-33.5819 4.95119 16.1161 -33.445 5.12862 15.1417 -33.2885 5.28135 14.1659 
-33.1256 5.41495 13.1884 -32.9681 5.52889 12.2075 -32.8288 5.61651 11.2213 
-32.7172 5.67383 10.2293 -32.6186 5.70696 9.23482 -32.4949 5.72641 8.24291 
-32.3224 5.74071 7.25822 -32.0996 5.76077 6.28371 -31.8504 5.79875 5.31609 
-31.5863 5.85385 4.35322 -31.3089 5.9192 3.39469 -31.0186 5.99181 2.44057 
-30.7174 6.07034 1.49023 -30.4073 6.14703 0.542641 -30.0902 6.21725 -0.403154 
-29.7716 6.28924 -1.34832 -29.4515 6.35977 -2.29307 -29.1242 6.42155 -3.23593 
-28.7717 6.47341 -4.17015 -28.3858 6.51334 -5.09165 -27.9566 6.53207 -5.99433 
-27.4777 6.51131 -6.87126 -26.9509 6.42599 -7.71606 -26.4013 6.26783 -8.5362 
-25.8854 6.08541 -9.37301 -25.3901 5.89446 -10.2204 -24.8794 5.7161 -11.0613 
-24.3167 5.53481 -11.8672 -23.6936 5.34093 -12.6245 -23.0408 5.12815 -13.3513 
-22.379 4.90214 -14.0661 -21.7349 4.65716 -14.7904 -21.1279 4.40178 -15.5428 
-20.5779 4.1515 -16.3387 -20.0914 3.91795 -17.1802 -19.6793 3.70926 -18.0665 
-19.3323 3.53505 -18.9874 -19.0438 3.38929 -19.9334 -18.8107 3.27406 -20.8986 
-18.6301 3.19839 -21.8788 -18.494 3.15454 -22.8684 -18.3787 3.11873 -23.861 
-18.255 3.05798 -24.8513 -18.1101 2.95124 -25.8347 -17.941 2.76711 -26.8024 
-17.763 2.4809 -27.7428 -17.5922 2.11138 -28.6553 -17.4385 1.64487 -29.5248 
-17.2936 1.07943 -30.336 -17.1059 0.436825 -31.0777 -16.8782 -0.202866 -31.8111 
-16.6411 -0.725758 -32.6237 -16.4277 -1.07551 -33.5339 -16.2533 -1.34299 -34.481 
-16.0854 -1.5567 -35.4432 -15.9014 -1.75027 -36.4069 -15.7175 -1.94923 -37.3694 
-15.5622 -2.174 -38.331 -15.4492 -2.45516 -39.2834 -15.3916 -2.79692 -40.2211 
-15.3607 -3.15817 -41.153 -15.365 -3.55307 -42.0715 -15.3626 -3.94784 -42.9902 
-15.3593 -4.30543 -43.9238 -27.4432 0.841652 40.5075 -27.4 0.974898 39.7719 
-27.4501 1.11922 38.7844 -27.5739 1.24295 37.8 -27.7309 1.36026 36.8195 
-27.9129 1.48012 35.8437 -28.1302 1.60818 34.876 -28.365 1.74159 33.9132 
-28.6189 1.88265 32.9564 -28.9015 2.02662 32.0081 -29.2236 2.16848 31.0722 
-29.5712 2.31229 30.1458 -29.9397 2.46503 29.2288 -30.3176 2.63365 28.3185 
-30.7009 2.82871 27.4157 -31.0833 3.06472 26.5226 -31.4506 3.33559 25.6329 
-31.7955 3.62622 24.7405 -32.1073 3.93125 23.8408 -32.3877 4.24864 22.9349 
-32.6562 4.57855 22.03 -32.9311 4.92163 21.1318 -33.1898 5.27154 20.2317 
-33.3889 5.60731 19.3115 -33.5129 5.90401 18.3654 -33.5559 6.15167 17.3983 
-33.5257 6.3546 16.4202 -33.4366 6.51824 15.438 -33.3036 6.65026 14.4559 
-33.1413 6.75838 13.4753 -32.9627 6.83719 12.4946 -32.7751 6.88069 11.5134 
-32.5928 6.88908 10.5303 -32.4136 6.86321 9.54695 -32.2153 6.81402 8.56813 
-31.9808 6.76577 7.59737 -31.7249 6.7415 6.63102 -31.4622 6.74308 5.66623 
-31.1953 6.76279 4.70271 -30.9214 6.79356 3.74147 -30.6372 6.82918 2.78339 
-30.3433 6.86347 1.82817 -30.043 6.89365 0.874778 -29.7386 6.91935 -0.0773985 
-29.4369 6.94213 -1.0305 -29.1382 6.96159 -1.98468 -28.8337 6.97084 -2.93712 
-28.5114 6.96735 -3.88363 -28.1596 6.95452 -4.81954 -27.7754 6.93814 -5.74259 
-27.3533 6.90405 -6.64816 -26.8746 6.82109 -7.52127 -26.3508 6.67225 -8.35972 
-25.8377 6.48606 -9.19748 -25.3396 6.28708 -10.0414 -24.8397 6.10222 -10.8874 
-24.2912 5.90455 -11.6995 -23.6862 5.69669 -12.4675 -23.0385 5.46854 -13.194 
-22.378 5.22002 -13.9024 -21.7375 4.95056 -14.6214 -21.14 4.67356 -15.3735 
-20.5924 4.40405 -16.165 -20.108 4.15265 -17.0022 -19.7001 3.93821 -17.8892 
-19.3468 3.75925 -18.8069 -19.0434 3.60973 -19.7477 -18.7842 3.48676 -20.7052 
-18.5813 3.40857 -21.6809 -18.4253 3.36266 -22.6674 -18.2952 3.32691 -23.6582 
-18.1617 3.26979 -24.6474 -18.0089 3.16789 -25.6302 -17.838 2.99621 -26.5999 
-17.6583 2.73418 -27.5472 -17.4827 2.38002 -28.4649 -17.3194 1.94 -29.3474 
-17.1577 1.3967 -30.1697 -16.9702 0.780167 -30.9333 -16.7394 0.129387 -31.6565 
-16.4983 -0.476284 -32.4121 -16.2693 -0.941668 -33.2643 -16.0781 -1.26106 -34.191 
-15.9031 -1.50824 -35.1437 -15.7213 -1.70833 -36.1065 -15.5422 -1.90836 -37.0697 
-15.3823 -2.12309 -38.0331 -15.2626 -2.38931 -38.9891 -15.1878 -2.71243 -39.932 
-15.1468 -3.0659 -40.8666 -15.1448 -3.45084 -41.7891 -15.145 -3.84576 -42.7077 
-15.1351 -4.21855 -43.6353 -27.8209 0.692097 39.8286 -27.7841 0.830658 38.8403 
-27.8503 0.941422 37.8492 -27.9806 1.04163 36.8629 -28.149 1.14889 35.8832 
-28.3557 1.26202 34.9114 -28.5859 1.37487 33.9449 -28.8351 1.48664 32.9829 
-29.1121 1.58534 32.0272 -29.4126 1.6661 31.077 -29.743 1.7272 30.1352 
-30.105 1.78325 29.2048 -30.4867 1.84921 28.283 -30.8867 1.95076 27.3723 
-31.2857 2.11037 26.4697 -31.6647 2.32839 25.5708 -32.0122 2.59514 24.6721 
-32.3205 2.89673 23.7701 -32.5985 3.23058 22.8696 -32.8644 3.58542 21.9733 
-33.1233 3.96308 21.0843 -33.3543 4.34698 20.1905 -33.5278 4.70959 19.2756 
-33.6073 5.01643 18.3284 -33.6065 5.27176 17.3619 -33.5432 5.48534 16.3875 
-33.4309 5.66113 15.4097 -33.2875 5.80853 14.4312 -33.1278 5.93483 13.4522 
-32.9649 6.03823 12.4711 -32.8075 6.1129 11.4865 -32.6679 6.15493 10.4973 
-32.5401 6.16678 9.5056 -32.3944 6.1587 8.51642 -32.2046 6.14462 7.53493 
-31.9716 6.14153 6.56261 -31.7173 6.16131 5.59576 -31.4534 6.19812 4.63192 
-31.1787 6.2455 3.67157 -30.8916 6.30046 2.71529 -30.5947 6.35872 1.76215 
-30.2887 6.41497 0.811815 -29.9756 6.46544 -0.136579 -29.6618 6.51494 -1.08478 
-29.3492 6.56186 -2.03347 -29.0312 6.60087 -2.98076 -28.6943 6.63004 -3.92172 
-28.3237 6.64786 -4.85022 -27.9148 6.65255 -5.76252 -27.4564 6.62722 -6.65062 
-26.9475 6.5435 -7.50644 -26.4056 6.39361 -8.33316 -25.8815 6.21184 -9.16495 
-25.3813 6.01573 -10.0083 -24.8786 5.83006 -10.8524 -24.333 5.63947 -11.6679 
-23.7243 5.4375 -12.4347 -23.0806 5.21721 -13.1672 -22.4228 4.97532 -13.8805 
-21.7861 4.71657 -14.6068 -21.1884 4.45066 -15.3627 -20.6497 4.19458 -16.1645 
-20.1719 3.95871 -17.01 -19.7724 3.75765 -17.9038 -19.4289 3.59096 -18.8275 
-19.1441 3.45602 -19.7761 -18.9194 3.35262 -20.7449 -18.7452 3.28706 -21.727 
-18.6156 3.25148 -22.7177 -18.5054 3.21967 -23.7111 -18.3866 3.15917 -24.702 
-18.2448 3.04052 -25.6842 -18.0793 2.84165 -26.6496 -17.9044 2.55765 -27.5915 
-17.7403 2.18271 -28.503 -17.5912 1.73383 -29.3826 -17.456 1.17913 -30.202 
-17.2976 0.541439 -30.9552 -17.0952 -0.11636 -31.6803 -16.8596 -0.672604 -32.4681 
-16.6381 -0.981484 -33.3891 -16.4649 -1.21549 -34.3455 -16.3075 -1.42557 -35.3103 
-16.1282 -1.61536 -36.2756 -15.9333 -1.80756 -37.2374 -15.766 -2.0222 -38.1993 
-15.641 -2.28856 -39.1544 -15.5696 -2.61808 -40.0953 -15.5354 -2.97614 -41.0283 
-15.5334 -3.36532 -41.9492 -15.534 -3.76396 -42.8662 -15.5224 -4.14392 -43.791 
-26.1878 1.64534 40.5571 -26.3241 1.81596 39.8397 -26.5326 2.00957 38.8812 
-26.7619 2.1712 37.9214 -26.9936 2.31565 36.9594 -27.2179 2.45551 35.995 
-27.4359 2.60593 35.0307 -27.6605 2.78252 34.0726 -27.9076 2.99516 33.1274 
-28.1877 3.2384 32.1989 -28.4953 3.49583 31.283 -28.8463 3.77678 30.3901 
-29.2176 4.07812 29.5119 -29.5858 4.38686 28.6349 -29.9464 4.71006 27.76 
-30.3062 5.04815 26.8904 -30.6636 5.40455 26.0271 -31.0121 5.77423 25.1658 
-31.3423 6.14261 24.2968 -31.6655 6.49904 23.4202 -32.0284 6.8299 22.5496 
-32.4467 7.12844 21.6919 -32.8638 7.41443 20.8294 -33.219 7.69665 19.9387 
-33.5016 7.97374 19.0212 -33.693 8.22832 18.0742 -33.7893 8.4427 17.1032 
-33.793 8.60901 16.1181 -33.7111 8.72636 15.1292 -33.5555 8.80235 14.1447 
-33.3421 8.84558 13.169 -33.0882 8.85228 12.2021 -32.7983 8.80853 11.2462 
-32.4802 8.72219 10.3023 -32.1391 8.60155 9.3702 -31.7924 8.47637 8.44067 
-31.4644 8.37733 7.50136 -31.1565 8.30872 6.55251 -30.8636 8.26904 5.5973 
-30.5802 8.25063 4.63848 -30.3014 8.24082 3.67818 -30.0252 8.23409 2.71712 
-29.7497 8.22402 1.75587 -29.4725 8.20674 0.795236 -29.1933 8.18411 -0.164739 
-28.9175 8.16285 -1.12571 -28.6465 8.12962 -2.08768 -28.368 8.07263 -3.04634 
-28.1453 8.02084 -3.7606 -27.9057 7.97417 -4.46978 -27.5879 7.92144 -5.41646 
-27.2745 7.87715 -6.36502 -26.9311 7.82476 -7.30232 -26.518 7.72571 -8.20619 
-26.0398 7.56497 -9.06934 -25.5466 7.37893 -9.91905 -25.0562 7.19695 -10.7713 
-24.5606 7.02814 -11.6232 -24.0154 6.84814 -12.4414 -23.4002 6.65192 -13.2041 
-22.7299 6.43297 -13.9127 -22.0444 6.18926 -14.5988 -21.3797 5.92191 -15.2959 
-20.7598 5.64058 -16.0281 -20.2001 5.3623 -16.8081 -19.6964 5.09478 -17.6287 
-19.2533 4.86014 -18.4934 -18.8648 4.66679 -19.3937 -18.5287 4.52979 -20.3249 
-18.2448 4.44676 -21.2797 -18.0086 4.39303 -22.2498 -17.8055 4.34497 -23.2277 
-17.6055 4.27728 -24.2051 -17.4034 4.16096 -25.1772 -17.2164 3.97528 -26.1413 
-17.0477 3.71707 -27.092 -16.8768 3.39467 -28.0226 -16.6894 2.98329 -28.9138 
-16.4977 2.47547 -29.7517 -16.2923 1.88216 -30.5292 -16.0618 1.21149 -31.2332 
-15.8132 0.516807 -31.908 -15.5469 -0.139984 -32.6131 -15.2654 -0.695377 -33.391 
-14.9931 -1.09825 -34.2634 -14.7656 -1.36575 -35.1974 -14.601 -1.56701 -36.1627 
-14.4786 -1.76272 -37.1356 -14.3862 -1.98021 -38.107 -14.322 -2.24396 -39.0691 
-14.2959 -2.56257 -40.0163 -14.2934 -2.90928 -40.9541 -14.3022 -3.27148 -41.8862 
-14.3069 -3.64965 -42.8119 -14.3019 -4.01641 -43.7421 -25.1871 2.80704 39.6384 
-25.5823 2.92536 38.7281 -25.9378 3.03953 37.8005 -26.2707 3.15307 36.8645 
-26.5679 3.27537 35.9177 -26.8236 3.41768 34.9616 -27.0564 3.59604 34.0059 
-27.2905 3.82179 33.0604 -27.5481 4.09557 32.134 -27.8414 4.39219 31.2254 
-28.1879 4.70768 30.3424 -28.5618 5.03524 29.4747 -28.9482 5.36576 28.6136 
-29.3337 5.6993 27.7533 -29.7114 6.04317 26.8937 -30.0768 6.39781 26.0331 
-30.4208 6.76048 25.167 -30.7348 7.12465 24.2903 -31.0451 7.47583 23.4069 
-31.4075 7.79551 22.5321 -31.8819 8.07154 21.6981 -32.3976 8.32613 20.8801 
-32.8702 8.57499 20.0354 -33.2454 8.82948 19.145 -33.5178 9.07628 18.2158 
-33.7053 9.3008 17.2604 -33.7788 9.47828 16.2803 -33.7442 9.60329 15.29 
-33.6092 9.67583 14.3029 -33.3903 9.70339 13.3281 -33.1084 9.68843 12.3694 
-32.7743 9.61878 11.43 -32.3939 9.4929 10.5143 -31.985 9.32769 9.61692 
-31.5839 9.16179 8.71612 -31.212 9.02236 7.79875 -30.8781 8.92019 6.86182 
-30.5681 8.84212 5.91438 -30.2755 8.78579 4.95984 -29.992 8.74339 4.00183 
-29.712 8.70316 3.04269 -29.432 8.65462 2.08391 -29.1512 8.60037 1.12568 
-28.8691 8.54714 0.167772 -28.5906 8.4931 -0.791151 -28.317 8.42879 -1.75079 
-28.0391 8.34924 -2.70806 -27.7379 8.25476 -3.65686 -27.4179 8.16071 -4.5996 
-27.1021 8.07853 -5.54482 -26.7975 8.00484 -6.49444 -26.4676 7.91739 -7.4338 
-26.0719 7.78053 -8.34125 -25.6067 7.5739 -9.20111 -25.118 7.33863 -10.0412 
-24.6264 7.11494 -10.8827 -24.1137 6.89215 -11.7117 -23.5429 6.66451 -12.4998 
-22.9146 6.42247 -13.2388 -22.2499 6.15806 -13.9373 -21.5866 5.86963 -14.6276 
-20.9538 5.55718 -15.336 -20.3755 5.23557 -16.0851 -19.8473 4.91396 -16.8706 
-19.3888 4.61797 -17.7076 -18.9808 4.35294 -18.581 -18.6262 4.13626 -19.4897 
-18.3197 3.97737 -20.428 -18.057 3.86312 -21.3858 -17.8363 3.78455 -22.3578 
-17.6358 3.72566 -23.3358 -17.4314 3.6504 -24.3116 -17.2196 3.52347 -25.2801 
-17.0139 3.32799 -26.2388 -16.821 3.0534 -27.1802 -16.6189 2.70501 -28.0948 
-16.4185 2.27047 -28.9719 -16.2248 1.75167 -29.8034 -16.0327 1.11418 -30.5476 
-15.8351 0.412716 -31.2319 -15.6281 -0.295647 -31.9066 -15.4029 -0.938773 -32.6363 
-15.1553 -1.43246 -33.4639 -14.9032 -1.74442 -34.3783 -14.6931 -1.96305 -35.3307 
-14.538 -2.1512 -36.3003 -14.4288 -2.35029 -37.2739 -14.3577 -2.58978 -38.2419 
-14.3224 -2.88735 -39.1956 -14.3063 -3.21666 -40.1396 -14.3154 -3.58293 -41.07 
-14.3295 -3.96615 -41.9934 -14.3368 -4.3492 -42.9172 -14.3321 -4.74845 -43.8339 
-27.6154 1.16817 40.6021 -27.5288 1.28548 39.8675 -27.5241 1.43007 38.8791 
-27.6114 1.56448 37.8923 -27.745 1.69316 36.9097 -27.9086 1.82092 35.9316 
-28.1118 1.95862 34.9622 -28.3386 2.10862 34 -28.5845 2.2723 33.0448 
-28.8619 2.44927 32.1006 -29.1817 2.6367 31.1719 -29.5264 2.83375 30.2542 
-29.8889 3.04742 29.347 -30.2524 3.27214 28.443 -30.6148 3.52011 27.5447 
-30.9763 3.80457 26.6569 -31.3346 4.11416 25.7761 -31.6784 4.43751 24.8946 
-32.0064 4.76807 24.0096 -32.3168 5.09417 23.1167 -32.6265 5.41751 22.2226 
-32.9454 5.74032 21.3316 -33.2299 6.06867 20.431 -33.4622 6.39058 19.5135 
-33.6249 6.68375 18.5721 -33.7049 6.93074 17.6073 -33.7034 7.13064 16.6282 
-33.6326 7.28729 15.6435 -33.506 7.40738 14.6593 -33.3382 7.50182 13.6781 
-33.1448 7.57022 12.6995 -32.9344 7.60149 11.7225 -32.7147 7.59443 10.7471 
-32.4891 7.5554 9.77386 -32.2446 7.48808 8.80661 -31.9749 7.41644 7.84641 
-31.6962 7.36912 6.88729 -31.4203 7.35293 5.9263 -31.1475 7.3601 4.9643 
-30.8735 7.38361 4.00284 -30.5946 7.41132 3.04294 -30.3109 7.43812 2.08439 
-30.0243 7.46284 1.12669 -29.7346 7.48367 0.169783 -29.4461 7.49971 -0.78757 
-29.163 7.51422 -1.74654 -28.8812 7.51954 -2.70598 -28.6621 7.51066 -3.42317 
-28.5103 7.50069 -3.89943 -28.2724 7.48407 -4.61049 -27.9366 7.46645 -5.5522 
-27.5839 7.45407 -6.48779 -27.198 7.42931 -7.40954 -26.7505 7.36013 -8.30012 
-26.2418 7.22029 -9.14915 -25.7351 7.05725 -9.99568 -25.2449 6.8912 -10.8513 
-24.7467 6.73888 -11.7045 -24.1918 6.57912 -12.5201 -23.5667 6.40222 -13.2795 
-22.8867 6.20122 -13.9842 -22.1961 5.97731 -14.6719 -21.5266 5.73176 -15.3724 
-20.91 5.47997 -16.1179 -20.3475 5.23728 -16.9076 -19.8385 5.00451 -17.7359 
-19.3933 4.80153 -18.6073 -19.0029 4.63766 -19.513 -18.6695 4.51948 -20.4475 
-18.3945 4.45601 -21.4065 -18.1692 4.41769 -22.3798 -17.9763 4.37862 -23.3603 
-17.7908 4.31534 -24.3407 -17.6039 4.20366 -25.3163 -17.4311 4.02743 -26.2851 
-17.2743 3.77414 -27.2389 -17.1112 3.43287 -28.1642 -16.9377 3.02572 -29.0603 
-16.7593 2.52009 -29.9031 -16.5635 1.9214 -30.6783 -16.3379 1.25174 -31.3849 
-16.0818 0.573189 -32.0732 -15.8046 -0.0517922 -32.802 -15.517 -0.546219 -33.6181 
-15.2738 -0.89788 -34.5206 -15.0596 -1.16299 -35.4603 -14.8792 -1.38224 -36.4189 
-14.7371 -1.59158 -37.3862 -14.6243 -1.81854 -38.3535 -14.5333 -2.07729 -39.3147 
-14.4893 -2.39515 -40.2613 -14.4846 -2.74924 -41.1964 -14.4888 -3.11436 -42.1273 
-14.4888 -3.49179 -43.0534 -14.4767 -3.85375 -43.9854 -27.3645 0.653648 40.4458 
-27.3423 0.787564 39.7085 -27.4122 0.926391 38.722 -27.5548 1.04218 37.7393 
-27.7236 1.15311 36.76 -27.9165 1.2685 35.7856 -28.1418 1.39011 34.819 
-28.3825 1.5134 33.8563 -28.6415 1.63982 32.8988 -28.9276 1.76266 31.9486 
-29.2465 1.87653 31.0078 -29.5937 1.98387 30.0763 -29.9643 2.0955 29.1543 
-30.3496 2.22398 28.2405 -30.7454 2.38792 27.3371 -31.1397 2.59796 26.4426 
-31.5206 2.83663 25.5495 -31.8713 3.10477 24.6525 -32.1861 3.39621 23.7493 
-32.4626 3.7139 22.8424 -32.7187 4.04841 21.9356 -32.9771 4.40198 21.0366 
-33.2227 4.76659 20.1385 -33.4265 5.12337 19.2272 -33.5406 5.43328 18.2846 
-33.579 5.69578 17.3212 -33.542 5.91136 16.346 -33.447 6.08656 15.3663 
-33.3128 6.23094 14.386 -33.1544 6.35297 13.4063 -32.986 6.45497 12.4259 
-32.8153 6.52616 11.4433 -32.6536 6.55987 10.4572 -32.5013 6.56059 9.46891 
-32.3349 6.53755 8.48323 -32.1302 6.50673 7.50505 -31.8888 6.48765 6.53495 
-31.6307 6.49507 5.56892 -31.3657 6.52367 4.60509 -31.0933 6.56446 3.64381 
-30.8105 6.61329 2.68587 -30.5173 6.66515 1.73126 -30.2162 6.71467 0.778919 
-29.911 6.76046 -0.172243 -29.6059 6.8046 -1.12354 -29.3042 6.84608 -2.07603 
-29.0012 6.88018 -3.02842 -28.6853 6.9037 -3.97686 -28.3432 6.91739 -4.91631 
-27.9707 6.92595 -5.84419 -27.5579 6.92044 -6.75462 -27.1016 6.88441 -7.64332 
-26.5917 6.78323 -8.49665 -26.0613 6.61889 -9.32822 -25.5612 6.43865 -10.1751 
-25.0703 6.26686 -11.0292 -24.549 6.10374 -11.8664 -23.9725 5.93221 -12.6646 
-23.3314 5.74644 -13.4087 -22.6541 5.5409 -14.115 -21.9827 5.31359 -14.8203 
-21.3417 5.07287 -15.5485 -20.7562 4.8349 -16.3228 -20.2384 4.61147 -17.1481 
-19.7748 4.40323 -18.0089 -19.3822 4.23287 -18.9121 -19.048 4.09733 -19.8443 
-18.772 3.99943 -20.7999 -18.5514 3.943 -21.7733 -18.3758 3.90917 -22.757 
-18.2234 3.86964 -23.7444 -18.0709 3.80342 -24.7304 -17.9069 3.68652 -25.7094 
-17.7438 3.49378 -26.6764 -17.5788 3.21727 -27.6224 -17.408 2.85742 -28.5388 
-17.2466 2.40623 -29.4155 -17.0819 1.86861 -30.2417 -16.8899 1.2521 -31.0042 
-16.6569 0.587628 -31.7139 -16.4025 -0.046112 -32.4441 -16.1479 -0.56422 -33.2557 
-15.9312 -0.929144 -34.1599 -15.7432 -1.18563 -35.1073 -15.5603 -1.39415 -36.0681 
-15.3859 -1.59783 -37.0314 -15.2343 -1.81677 -37.9951 -15.1007 -2.05471 -38.9571 
-15.0105 -2.35367 -39.906 -14.967 -2.70351 -40.8417 -14.9493 -3.06872 -41.7724 
-14.9431 -3.4548 -42.6947 -14.9298 -3.83512 -43.6194 -27.3494 0.773338 40.4459 
-27.3349 0.946125 39.4627 -27.4291 1.08092 38.4771 -27.5777 1.19976 37.4956 
-27.75 1.31492 36.5173 -27.9487 1.43599 35.5449 -28.1761 1.56316 34.5795 
-28.4189 1.69528 33.6185 -28.6819 1.83312 32.6636 -28.9782 1.96862 31.7183 
-29.3067 2.10076 30.7831 -29.6625 2.23571 29.8585 -30.0365 2.38135 28.9426 
-30.4199 2.54621 28.034 -30.8091 2.74417 27.1345 -31.1926 2.98635 26.2433 
-31.5546 3.25744 25.3516 -31.8875 3.54811 24.4547 -32.1873 3.85432 23.5513 
-32.4527 4.17447 22.642 -32.7133 4.50935 21.7365 -32.9782 4.8581 20.8375 
-33.2086 5.20893 19.9301 -33.3834 5.53764 19.0027 -33.4807 5.82244 18.0499 
-33.4884 6.05191 17.0772 -33.4373 6.24414 16.0976 -33.3325 6.39926 15.1155 
-33.1886 6.52531 14.1341 -33.0203 6.62774 13.1539 -32.8382 6.70093 12.1734 
-32.6522 6.73668 11.1916 -32.4763 6.73395 10.2073 -32.3016 6.69881 9.22344 
-32.104 6.6474 8.24462 -31.8699 6.60688 7.27336 -31.6178 6.59301 6.30585 
-31.3568 6.60236 5.34058 -31.0891 6.6259 4.37741 -30.8106 6.65854 3.41754 
-30.5203 6.69389 2.46126 -30.2212 6.72617 1.50759 -29.9151 6.75324 0.556027 
-29.6053 6.77555 -0.394537 -29.2996 6.79567 -1.34648 -28.9928 6.8102 -2.29809 
-28.675 6.81328 -3.24624 -28.4238 6.80917 -3.95285 -28.1482 6.79767 -4.65026 
-27.7617 6.77877 -5.5722 -27.3367 6.74665 -6.47649 -26.8642 6.6769 -7.35443 
-26.3415 6.54358 -8.1959 -25.8141 6.36751 -9.02692 -25.3078 6.16211 -9.86438 
-24.8128 5.961 -10.7097 -24.2868 5.75997 -11.5354 -23.6978 5.54704 -12.3145 
-23.0624 5.31765 -13.0514 -22.4088 5.06847 -13.7661 -21.7625 4.80028 -14.4802 
-21.1472 4.51859 -15.2163 -20.5858 4.23347 -15.9926 -20.0847 3.95961 -16.8129 
-19.654 3.71146 -17.6796 -19.2844 3.49588 -18.5829 -18.972 3.31028 -19.5142 
-18.7127 3.15788 -20.4674 -18.5053 3.04989 -21.4394 -18.3446 2.98047 -22.4236 
-18.2144 2.93562 -23.4141 -18.0836 2.88309 -24.404 -17.9302 2.78744 -25.3871 
-17.7555 2.61932 -26.3566 -17.5727 2.36615 -27.3058 -17.3906 2.03176 -28.23 
-17.2271 1.59845 -29.1152 -17.0751 1.06506 -29.9459 -16.9 0.458718 -30.7204 
-16.6871 -0.192223 -31.4488 -16.4657 -0.804958 -32.2053 -16.2562 -1.28512 -33.0537 
-16.0744 -1.60473 -33.9824 -15.9055 -1.85685 -34.935 -15.7257 -2.0615 -35.8971 
-15.5424 -2.25819 -36.8603 -15.3816 -2.47777 -37.8223 -15.2611 -2.74923 -38.7767 
-15.1824 -3.07115 -39.7198 -15.1495 -3.43362 -40.6507 -15.1637 -3.83271 -41.5674 
-15.1781 -4.23051 -42.4846 -15.201 -4.58948 -43.4174 -25.9175 1.42848 40.5501 
-26.1632 1.65759 39.6085 -26.4181 1.83509 38.6581 -26.6739 1.98407 37.703 
-26.9198 2.12052 36.7434 -27.1533 2.25699 35.7807 -27.3795 2.40671 34.8182 
-27.613 2.57976 33.8615 -27.8689 2.78258 32.9165 -28.1578 3.01339 31.9874 
-28.4795 3.25726 31.0728 -28.8411 3.52166 30.1789 -29.2218 3.80551 29.2989 
-29.5955 4.09639 28.4181 -29.9637 4.40286 27.5404 -30.3314 4.72588 26.6684 
-30.6945 5.06313 25.7999 -31.0389 5.41284 24.9287 -31.3545 5.7619 24.0464 
-31.6448 6.09917 23.151 -31.9461 6.42408 22.2547 -32.2931 6.73019 21.3684 
-32.6684 7.02743 20.4904 -33.0134 7.3244 19.6003 -33.2901 7.614 18.6848 
-33.4812 7.87812 17.7404 -33.5876 8.10394 16.7725 -33.5942 8.27502 15.7884 
-33.5133 8.39462 14.7997 -33.3586 8.47507 13.8155 -33.1499 8.52374 12.8391 
-32.9077 8.53917 11.8692 -32.6272 8.50001 10.9104 -32.3221 8.41637 9.962 
-31.9973 8.30011 9.02346 -31.6698 8.18369 8.08586 -31.3586 8.0945 7.13986 
-31.0629 8.03528 6.1865 -30.7775 8.00374 5.22867 -30.4976 7.99123 4.26875 
-30.2191 7.98487 3.30833 -29.9411 7.98 2.34775 -29.6618 7.97124 1.38758 
-29.3785 7.95331 0.428726 -29.0933 7.9308 -0.529446 -28.8115 7.90934 -1.48866 
-28.5325 7.87618 -2.44834 -28.3184 7.83717 -3.16607 -28.0872 7.7893 -3.87789 
-27.7613 7.72843 -4.82133 -27.4266 7.67643 -5.7622 -27.0863 7.62545 -6.70105 
-26.7094 7.558 -7.62411 -26.2613 7.43407 -8.50854 -25.7697 7.25466 -9.36052 
-25.2769 7.05252 -10.2068 -24.7899 6.86166 -11.059 -24.2672 6.67402 -11.8902 
-23.6874 6.47614 -12.6796 -23.0477 6.2608 -13.4172 -22.3715 6.02161 -14.1138 
-21.7006 5.75764 -14.8066 -21.0624 5.47224 -15.5212 -20.4782 5.18457 -16.2794 
-19.9529 4.90072 -17.0813 -19.4929 4.64103 -17.9297 -19.091 4.41803 -18.8172 
-18.7474 4.24307 -19.739 -18.452 4.12045 -20.686 -18.209 4.04173 -21.6525 
-18.008 3.98508 -22.6304 -17.8279 3.92859 -23.6124 -17.6455 3.84715 -24.5921 
-17.457 3.71282 -25.5644 -17.2758 3.50617 -26.5254 -17.0993 3.22267 -27.4674 
-16.9112 2.86283 -28.3805 -16.7222 2.4185 -29.2551 -16.5303 1.87214 -30.0693 
-16.323 1.23184 -30.8064 -16.0992 0.537811 -31.4904 -15.8634 -0.13327 -32.1931 
-15.615 -0.71296 -32.9663 -15.369 -1.16565 -33.8211 -15.1394 -1.46237 -34.7463 
-14.9392 -1.68396 -35.7004 -14.7769 -1.88763 -36.6657 -14.6508 -2.09947 -37.6347 
-14.5605 -2.34919 -38.5984 -14.5086 -2.65315 -39.5493 -14.4861 -2.9934 -40.4893 
-14.4852 -3.35626 -41.421 -14.4945 -3.74074 -42.3441 -14.4934 -4.12124 -43.2689 
-27.3246 0.850231 40.4021 -27.3256 1.01761 39.4183 -27.4289 1.14997 38.4327 
-27.5772 1.27088 37.4513 -27.7491 1.38827 36.4733 -27.9475 1.51145 35.5011 
-28.1747 1.64146 34.5359 -28.4174 1.77781 33.5754 -28.681 1.92099 32.6216 
-28.9792 2.06438 31.6781 -29.3119 2.20543 30.7457 -29.668 2.35307 29.8231 
-30.0416 2.51295 28.9094 -30.4226 2.69128 28.0023 -30.808 2.901 27.1038 
-31.1879 3.15331 26.214 -31.5518 3.43019 25.3247 -31.8833 3.72638 24.4291 
-32.1806 4.0356 23.5259 -32.4472 4.3566 22.6172 -32.7142 4.68968 21.7129 
-32.9846 5.03486 20.8142 -33.2234 5.38161 19.9075 -33.4006 5.70622 18.979 
-33.4997 5.98702 18.0254 -33.519 6.21918 17.0535 -33.4691 6.40837 16.0733 
-33.3645 6.56005 15.0907 -33.2197 6.6827 14.109 -33.05 6.78147 13.1285 
-32.8644 6.84544 12.1481 -32.6749 6.87609 11.1669 -32.4931 6.86878 10.1837 
-32.3098 6.82926 9.2015 -32.1004 6.7736 8.22539 -31.8568 6.73006 7.25657 
-31.6003 6.71427 6.29023 -31.3372 6.72223 5.32552 -31.0687 6.74479 4.36253 
-30.7903 6.77645 3.4026 -30.5011 6.8102 2.44595 -30.2038 6.84066 1.49164 
-29.9001 6.86633 0.539238 -29.5938 6.88735 -0.41245 -29.2922 6.90629 -1.36572 
-28.9898 6.91973 -2.3188 -28.6774 6.92091 -3.26871 -28.4307 6.91497 -3.97689 
-28.1611 6.90254 -4.67663 -27.7759 6.88282 -5.59914 -27.3513 6.84544 -6.50344 
-26.8729 6.76208 -7.37669 -26.3479 6.61444 -8.21465 -25.8316 6.42632 -9.04997 
-25.3301 6.22097 -9.89033 -24.8305 6.02757 -10.7346 -24.2848 5.82051 -11.5462 
-23.6852 5.60474 -12.3163 -23.0477 5.37125 -13.0501 -22.3919 5.11733 -13.7611 
-21.7521 4.84352 -14.479 -21.15 4.55678 -15.2238 -20.5984 4.27423 -16.0077 
-20.112 4.00877 -16.8394 -19.689 3.77005 -17.713 -19.3342 3.5723 -18.6262 
-19.0415 3.40912 -19.5678 -18.8025 3.28359 -20.5304 -18.6115 3.1983 -21.5079 
-18.4669 3.14798 -22.4958 -18.3465 3.11041 -23.4879 -18.2193 3.05194 -24.4779 
-18.0674 2.94119 -25.4597 -17.8936 2.75284 -26.4255 -17.7128 2.47998 -27.3698 
-17.537 2.11897 -28.2847 -17.3846 1.65594 -29.1562 -17.2369 1.09944 -29.9727 
-17.0537 0.47419 -30.7304 -16.8273 -0.165874 -31.4645 -16.5993 -0.74788 -32.2429 
-16.3957 -1.13263 -33.1371 -16.2214 -1.41251 -34.0807 -16.0532 -1.63535 -35.0407 
-15.8687 -1.83051 -36.004 -15.6865 -2.02964 -36.9669 -15.53 -2.25628 -37.9277 
-15.4161 -2.53899 -38.8796 -15.3485 -2.8734 -39.8194 -15.3274 -3.24427 -40.7476 
-15.34 -3.64625 -41.6629 -15.3445 -4.04041 -42.5818 -15.3521 -4.40415 -43.5129 
-26.1973 0.906433 40.8575 -26.3866 1.12989 39.9016 -26.6008 1.3011 38.9403 
-26.8336 1.43839 37.9775 -27.067 1.56751 37.0137 -27.2945 1.69593 36.0485 
-27.5213 1.83157 35.0841 -27.7598 1.98027 34.1245 -28.0191 2.14424 33.1727 
-28.3027 2.32336 32.2307 -28.6161 2.51207 31.3002 -28.9748 2.72012 30.3905 
-29.3572 2.94646 29.4946 -29.7402 3.18267 28.6017 -30.1189 3.4388 27.7123 
-30.4953 3.7156 26.8283 -30.8657 4.01343 25.9484 -31.2146 4.32744 25.0656 
-31.5307 4.65102 24.1739 -31.8101 4.9754 23.2703 -32.0686 5.29136 22.3575 
-32.3406 5.60645 21.4482 -32.6383 5.92877 20.5497 -32.9209 6.25357 19.6474 
-33.1511 6.56462 18.7258 -33.3061 6.84137 17.778 -33.3929 7.08083 16.8116 
-33.3849 7.26618 15.8298 -33.3031 7.40597 14.8436 -33.1609 7.51085 13.8596 
-32.9775 7.58648 12.8798 -32.7614 7.62311 11.9043 -32.5232 7.61502 10.9333 
-32.2771 7.56368 9.96563 -32.0216 7.47748 9.00272 -31.7559 7.38583 8.04307 
-31.4873 7.31879 7.08222 -31.2179 7.28129 6.11999 -30.9486 7.26831 5.15708 
-30.676 7.27182 4.19497 -30.3965 7.28186 3.23488 -30.1105 7.29126 2.2767 
-29.819 7.29719 1.32015 -29.5209 7.29588 0.365646 -29.2206 7.28852 -0.588198 
-28.9249 7.2802 -1.54343 -28.6278 7.26513 -2.49814 -28.3991 7.24326 -3.21206 
-28.2369 7.22227 -3.68452 -27.9841 7.1882 -4.3898 -27.6245 7.1428 -5.32172 
-27.2392 7.09261 -6.24298 -26.8204 7.0235 -7.1483 -26.3479 6.91158 -8.02183 
-25.8376 6.73856 -8.86396 -25.3326 6.52532 -9.7002 -24.8376 6.31062 -10.5422 
-24.3207 6.09778 -11.3708 -23.7515 5.87476 -12.1619 -23.1296 5.63955 -12.9084 
-22.4776 5.38444 -13.6222 -21.8256 5.10898 -14.3284 -21.1974 4.81585 -15.049 
-20.617 4.5126 -15.8041 -20.1009 4.21514 -16.6069 -19.6377 3.9339 -17.4468 
-19.2419 3.68723 -18.3307 -18.9092 3.47726 -19.2495 -18.6302 3.31267 -20.1953 
-18.3947 3.19024 -21.159 -18.2062 3.10791 -22.1374 -18.0534 3.05428 -23.124 
-17.9089 3.00356 -24.1122 -17.744 2.91727 -25.0945 -17.5611 2.76347 -26.0649 
-17.3735 2.52586 -27.0173 -17.1866 2.20237 -27.9441 -17.0037 1.80225 -28.8415 
-16.8384 1.28894 -29.6815 -16.671 0.686413 -30.4606 -16.4802 0.0210995 -31.1821 
-16.2707 -0.63533 -31.9064 -16.0601 -1.20829 -32.6938 -15.859 -1.61037 -33.5846 
-15.6721 -1.88859 -34.5261 -15.4847 -2.1044 -35.4843 -15.3015 -2.30134 -36.4474 
-15.1416 -2.51195 -37.4116 -15.0163 -2.76381 -38.3709 -14.9263 -3.06529 -39.32 
-14.8823 -3.41313 -40.256 -14.8929 -3.80386 -41.1762 -14.9136 -4.20415 -42.0923 
-14.9394 -4.57789 -43.0193 -14.9611 -4.90535 -43.9637 -25.4559 2.054 40.2998 
-25.7046 2.21245 39.6103 -26.018 2.38302 38.6764 -26.3214 2.52186 37.7337 
-26.6054 2.65595 36.7845 -26.8622 2.79327 35.8279 -27.0944 2.94842 34.8677 
-27.3209 3.13659 33.9121 -27.5625 3.35841 32.9677 -27.8342 3.615 32.0404 
-28.1542 3.90008 31.1371 -28.5113 4.20195 30.2533 -28.888 4.51638 29.382 
-29.2664 4.83825 28.514 -29.6385 5.16936 27.6469 -30.0092 5.51111 26.7833 
-30.3709 5.8669 25.9217 -30.711 6.23424 25.0561 -31.0309 6.59862 24.1816 
-31.3364 6.94841 23.296 -31.6831 7.26879 22.415 -32.1188 7.55762 21.5635 
-32.573 7.82757 20.7146 -32.972 8.09596 19.8385 -33.2954 8.36417 18.9319 
-33.5258 8.61626 17.993 -33.6577 8.83192 17.0266 -33.6893 8.99826 16.0422 
-33.6227 9.11137 15.0518 -33.4677 9.17781 14.0669 -33.2422 9.20608 13.0934 
-32.9643 9.19136 12.1334 -32.6402 9.12074 11.1905 -32.2792 8.99837 10.2663 
-31.8985 8.84312 9.3547 -31.5351 8.70037 8.43415 -31.2002 8.58748 7.49891 
-30.8881 8.50434 6.55265 -30.593 8.4479 5.5989 -30.3075 8.41033 4.64127 
-30.0269 8.38201 3.6819 -29.7471 8.35314 2.72227 -29.466 8.31634 1.76328 
-29.1821 8.27271 0.805444 -28.8966 8.22828 -0.151926 -28.6161 8.18118 -1.11059 
-28.3368 8.12065 -2.06884 -28.0427 8.04089 -3.02117 -27.804 7.97491 -3.72913 
-27.5573 7.9123 -4.43461 -27.2283 7.83653 -5.37587 -26.8978 7.76248 -6.31675 
-26.5314 7.66794 -7.24196 -26.1029 7.51834 -8.13147 -25.6199 7.30174 -8.97939 
-25.1259 7.0556 -9.81326 -24.6305 6.81647 -10.6482 -24.095 6.56993 -11.4556 
-23.5107 6.3176 -12.2266 -22.8843 6.05035 -12.9581 -22.2318 5.76311 -13.6594 
-21.5881 5.45305 -14.3589 -20.9767 5.12561 -15.0788 -20.4231 4.79374 -15.8422 
-19.9204 4.47006 -16.6432 -19.4815 4.18045 -17.4933 -19.1006 3.92619 -18.3816 
-18.7725 3.71955 -19.3029 -18.489 3.56542 -20.2489 -18.248 3.45346 -21.2124 
-18.053 3.37951 -22.1902 -17.8854 3.32718 -23.1747 -17.7105 3.26153 -24.1569 
-17.5208 3.14784 -25.1317 -17.3257 2.95914 -26.0936 -17.1344 2.68777 -27.0361 
-16.9422 2.32369 -27.9469 -16.7592 1.87382 -28.8204 -16.594 1.34088 -29.6488 
-16.4282 0.705074 -30.4013 -16.2477 0.023525 -31.1101 -16.0492 -0.637466 -31.833 
-15.8398 -1.17974 -32.644 -15.626 -1.55993 -33.5407 -15.4199 -1.82878 -34.4808 
-15.2258 -2.04094 -35.4384 -15.0529 -2.24157 -36.4026 -14.9024 -2.45436 -37.3678 
-14.7931 -2.70597 -38.329 -14.7212 -3.00623 -39.28 -14.6886 -3.35214 -40.2174 
-14.6957 -3.73334 -41.1415 -14.7136 -4.12823 -42.0602 -14.7304 -4.50838 -42.9848 
-14.7413 -4.86706 -43.9182 -28.2523 0.757927 39.7235 -28.1507 0.881824 38.7378 
-28.167 0.982653 37.7442 -28.2596 1.07912 36.7535 -28.4088 1.18431 35.7705 
-28.6019 1.29312 34.7955 -28.8214 1.40171 33.826 -29.0621 1.50747 32.8613 
-29.325 1.59769 31.9007 -29.6154 1.66065 30.9461 -29.9373 1.69734 30.0002 
-30.2901 1.72398 29.0649 -30.6694 1.75818 28.1404 -31.0677 1.83148 27.2267 
-31.4606 1.98518 26.3204 -31.8333 2.20278 25.4185 -32.1775 2.47421 24.5201 
-32.4865 2.7896 23.6231 -32.7715 3.13739 22.73 -33.0479 3.50602 21.8426 
-33.3104 3.89932 20.9616 -33.5314 4.2928 20.0697 -33.6791 4.65192 19.1492 
-33.7393 4.95722 18.1999 -33.7199 5.20942 17.233 -33.64 5.42078 16.2592 
-33.5149 5.59423 15.2825 -33.3651 5.74217 14.305 -33.2048 5.87113 13.3264 
-33.0465 5.9779 12.3449 -32.9004 6.05622 11.3588 -32.7739 6.10461 10.3682 
-32.6562 6.12661 9.37541 -32.5144 6.13117 8.38565 -32.3242 6.12909 7.40415 
-32.0909 6.1349 6.43192 -31.835 6.16237 5.46568 -31.569 6.20957 4.50288 
-31.293 6.26818 3.54352 -31.0056 6.33516 2.5881 -30.7087 6.40751 1.63592 
-30.4053 6.47907 0.685791 -30.0965 6.54542 -0.263062 -29.7885 6.61385 -1.21197 
-29.4816 6.68136 -2.16129 -29.173 6.74148 -3.11059 -28.8559 6.79328 -4.05754 
-28.5114 6.83526 -4.99527 -28.1354 6.86873 -5.92119 -27.726 6.88935 -6.8331 
-27.2523 6.85723 -7.71193 -26.7292 6.76 -8.55792 -26.1932 6.60133 -9.38686 
-25.691 6.43094 -10.2346 -25.2009 6.26723 -11.0906 -24.6893 6.11606 -11.9362 
-24.1151 5.95827 -12.7389 -23.4725 5.7873 -13.4851 -22.7911 5.5951 -14.1912 
-22.113 5.38369 -14.8952 -21.4688 5.16423 -15.6271 -20.8695 4.94915 -16.3979 
-20.3347 4.74741 -17.2175 -19.8657 4.562 -18.0807 -19.4622 4.41208 -18.9828 
-19.1157 4.29777 -19.9134 -18.822 4.21381 -20.8652 -18.594 4.17386 -21.8377 
-18.4116 4.1514 -22.8205 -18.2528 4.11859 -23.8073 -18.0956 4.05173 -24.7924 
-17.933 3.94023 -25.7724 -17.7798 3.73866 -26.7389 -17.6293 3.45797 -27.6861 
-17.4735 3.09762 -28.6054 -17.3252 2.64506 -29.4833 -17.1818 2.09709 -30.3067 
-17.0031 1.4601 -31.0549 -16.779 0.793312 -31.7653 -16.5176 0.169712 -32.5005 
-16.2452 -0.339 -33.313 -16.0287 -0.67627 -34.227 -15.8469 -0.920925 -35.1787 
-15.6703 -1.12763 -36.141 -15.4949 -1.33104 -37.1042 -15.3418 -1.54994 -38.0678 
-15.2078 -1.78808 -39.0297 -15.0779 -2.03869 -39.9891 -15.017 -2.3683 -40.9294 
-14.9976 -2.73494 -41.8595 -14.9837 -3.12244 -42.7812 -14.9673 -3.50124 -43.7065 
-27.4951 0.887779 40.6475 -27.4236 1.06387 39.6674 -27.4741 1.20494 38.6798 
-27.5975 1.32994 37.6956 -27.753 1.44855 36.715 -27.9344 1.57059 35.7393 
-28.1507 1.70127 34.7719 -28.3857 1.83918 33.8097 -28.6409 1.9861 32.8541 
-28.9272 2.13757 31.9082 -29.25 2.291 30.9744 -29.6012 2.44971 30.0517 
-29.9702 2.6191 29.1379 -30.3451 2.80105 28.2289 -30.7249 3.01463 27.3289 
-31.1032 3.26754 26.4385 -31.466 3.54845 25.5501 -31.806 3.84706 24.6585 
-32.1202 4.15637 23.761 -32.4067 4.47536 22.8577 -32.6836 4.80462 21.955 
-32.9665 5.14627 21.0588 -33.2234 5.4911 20.1562 -33.4226 5.82176 19.2344 
-33.5403 6.10917 18.2843 -33.5816 6.35085 17.3156 -33.5494 6.54787 16.3363 
-33.4582 6.70536 15.3534 -33.3223 6.83171 14.371 -33.157 6.93418 13.3902 
-32.9746 7.00565 12.4097 -32.7825 7.04072 11.4291 -32.5935 7.04107 10.4472 
-32.4026 7.00585 9.4663 -32.1903 6.94832 8.49087 -31.945 6.89661 7.52292 
-31.6836 6.87181 6.55805 -31.418 6.8728 5.59402 -31.1498 6.89165 4.63087 
-30.875 6.92156 3.66987 -30.59 6.95549 2.71193 -30.2971 6.98651 1.75631 
-29.9984 7.01347 0.802362 -29.6968 7.03679 -0.150814 -29.3989 7.0574 -1.10517 
-29.1037 7.0747 -2.06046 -28.8022 7.08055 -3.01388 -28.4858 7.0744 -3.96243 
-28.1451 7.06126 -4.90246 -27.7806 7.047 -5.83346 -27.3772 7.02207 -6.74782 
-26.9331 6.97083 -7.64198 -26.4325 6.85789 -8.4994 -25.9122 6.68692 -9.33598 
-25.4148 6.49852 -10.1828 -24.924 6.32164 -11.0359 -24.3978 6.14684 -11.8674 
-23.8155 5.96253 -12.6587 -23.1732 5.76251 -13.3981 -22.4977 5.5429 -14.1019 
-21.8317 5.29982 -14.8069 -21.1975 5.03987 -15.5349 -20.6185 4.78104 -16.3072 
-20.1098 4.53477 -17.1316 -19.663 4.31088 -17.9972 -19.2787 4.1239 -18.9006 
-18.9533 3.97128 -19.8333 -18.6821 3.86093 -20.789 -18.4629 3.79353 -21.762 
-18.2896 3.75127 -22.7458 -18.139 3.71042 -23.7334 -17.9857 3.64445 -24.7193 
-17.8187 3.52745 -25.6978 -17.6486 3.33121 -26.6629 -17.4756 3.05711 -27.6085 
-17.2969 2.70081 -28.5247 -17.1264 2.24961 -29.3996 -16.9475 1.70887 -30.2201 
-16.7416 1.07358 -30.9632 -16.5096 0.40786 -31.6722 -16.2634 -0.220531 -32.4085 
-16.0164 -0.74057 -33.2239 -15.7992 -1.12252 -34.1206 -15.6051 -1.38209 -35.0658 
-15.4194 -1.59209 -36.0257 -15.2479 -1.79717 -36.9892 -15.0993 -2.01711 -37.9533 
-14.9784 -2.27356 -38.9119 -14.9031 -2.58826 -39.8576 -14.8653 -2.93842 -40.7934 
-14.86 -3.31363 -41.7201 -14.8619 -3.70566 -42.6399 -14.8519 -4.0875 -43.5641 
-27.8135 0.535797 39.8381 -27.7789 0.675816 38.8499 -27.8456 0.783158 37.8584 
-27.9722 0.880955 36.8715 -28.1453 0.984474 35.8922 -28.3576 1.09306 34.9211 
-28.5917 1.19771 33.9546 -28.8424 1.2963 32.9916 -29.1173 1.3743 32.0334 
-29.4139 1.42811 31.0801 -29.7397 1.45431 30.1351 -30.1006 1.47162 29.2028 
-30.4872 1.50631 28.2813 -30.8975 1.59111 27.3737 -31.3073 1.74345 26.4746 
-31.6921 1.9523 25.576 -32.0438 2.21801 24.6786 -32.3591 2.52153 23.7798 
-32.6417 2.8637 22.8838 -32.9095 3.23072 21.993 -33.1694 3.62002 21.1094 
-33.3992 4.01593 20.2206 -33.5682 4.38936 19.3092 -33.6462 4.70878 18.3658 
-33.6383 4.97215 17.4021 -33.5632 5.18954 16.4292 -33.4455 5.37164 15.4532 
-33.2993 5.52541 14.4762 -33.1389 5.65797 13.498 -32.9776 5.76906 12.5175 
-32.8259 5.85419 11.5328 -32.6957 5.90818 10.5429 -32.5822 5.93279 9.54976 
-32.4538 5.93814 8.55815 -32.2801 5.93615 7.57359 -32.0594 5.93905 6.59843 
-31.811 5.96122 5.63012 -31.5481 6.00317 4.66623 -31.2732 6.05624 3.70624 
-30.9855 6.1167 2.75047 -30.6874 6.18232 1.79819 -30.3796 6.24709 0.848951 
-30.0648 6.30546 -0.0983655 -29.7471 6.36251 -1.04488 -29.4301 6.4196 -1.99159 
-29.1097 6.47046 -2.93747 -28.7785 6.51368 -3.88004 -28.4137 6.54708 -4.81033 
-28.01 6.56694 -5.72485 -27.5652 6.56534 -6.61993 -27.0704 6.51781 -7.48724 
-26.5364 6.40269 -8.32421 -26.0034 6.22709 -9.15168 -25.4987 6.03664 -9.99364 
-25.0023 5.85348 -10.8421 -24.4687 5.67546 -11.6681 -23.8813 5.48996 -12.4556 
-23.2446 5.29125 -13.2003 -22.5804 5.07319 -13.9152 -21.9219 4.83591 -14.6293 
-21.2997 4.58593 -15.3707 -20.7285 4.33525 -16.1519 -20.2242 4.09931 -16.9819 
-19.7807 3.88128 -17.8507 -19.416 3.70112 -18.7633 -19.1071 3.55327 -19.7025 
-18.8535 3.43308 -20.6619 -18.654 3.35348 -21.6382 -18.5023 3.30763 -22.6254 
-18.3788 3.27435 -23.6171 -18.2534 3.22201 -24.6077 -18.1077 3.12109 -25.5914 
-17.9402 2.95159 -26.5622 -17.7613 2.69661 -27.5116 -17.5881 2.34846 -28.4319 
-17.4287 1.91314 -29.3175 -17.2759 1.37113 -30.1422 -17.1016 0.752602 -30.9073 
-16.8764 0.100441 -31.631 -16.6329 -0.493576 -32.3945 -16.4045 -0.932232 -33.2602 
-16.2185 -1.22947 -34.1958 -16.0492 -1.45886 -35.1539 -15.8708 -1.65635 -36.1179 
-15.6867 -1.85363 -37.0807 -15.5206 -2.06489 -38.0438 -15.3959 -2.32634 -39.0005 
-15.319 -2.64811 -39.9436 -15.2786 -3.00193 -40.878 -15.2749 -3.38614 -41.8009 
-15.275 -3.78158 -42.7193 -15.2642 -4.15548 -43.6464 -27.7621 0.83461 40.5086 
-27.674 0.960953 39.7758 -27.6816 1.09458 38.7856 -27.7639 1.21377 37.7964 
-27.8947 1.32666 36.8116 -28.0666 1.44432 35.8336 -28.2712 1.56767 34.8627 
-28.5 1.69654 33.8979 -28.75 1.83187 32.9391 -29.0294 1.96703 31.9886 
-29.341 2.09538 31.0472 -29.6827 2.22057 30.1159 -30.0472 2.35109 29.1939 
-30.4233 2.49256 28.2782 -30.8083 2.66798 27.3723 -31.1918 2.88802 26.4756 
-31.5588 3.14585 25.582 -31.9018 3.43006 24.6867 -32.2127 3.73526 23.7868 
-32.4925 4.05655 22.8822 -32.7615 4.39247 21.9796 -33.0339 4.7438 21.0839 
-33.2742 5.10209 20.1819 -33.4663 5.44503 19.2629 -33.5747 5.74148 18.3149 
-33.5971 5.98462 17.3462 -33.549 6.18341 16.3675 -33.4509 6.34729 15.3863 
-33.3133 6.48148 14.4051 -33.1508 6.59301 13.4247 -32.976 6.67653 12.4438 
-32.797 6.72629 11.4613 -32.6264 6.74222 10.4762 -32.4595 6.72574 9.49048 
-32.2718 6.68737 8.50912 -32.044 6.64818 7.53637 -31.7904 6.62984 6.56931 
-31.5287 6.63719 5.60425 -31.2618 6.66244 4.64084 -30.9866 6.69885 3.68017 
-30.7001 6.74119 2.72307 -30.4058 6.78223 1.76824 -30.1046 6.81943 0.815391 
-29.7986 6.8518 -0.136093 -29.4958 6.88249 -1.08865 -29.1958 6.9094 -2.04219 
-28.8905 6.92663 -2.99427 -28.5672 6.93203 -3.94045 -28.2145 6.92795 -4.87607 
-27.8262 6.91817 -5.79748 -27.4058 6.89387 -6.70417 -26.9235 6.81485 -7.57563 
-26.3973 6.66883 -8.41306 -25.8845 6.48732 -9.25203 -25.3875 6.29381 -10.0979 
-24.8895 6.11197 -10.9457 -24.3417 5.9229 -11.7603 -23.7351 5.72341 -12.5292 
-23.0844 5.50306 -13.2553 -22.42 5.26262 -13.9629 -21.7761 5.00115 -14.6819 
-21.1717 4.73235 -15.4316 -20.6212 4.47103 -16.2238 -20.1312 4.22689 -17.0596 
-19.722 4.02069 -17.9478 -19.3673 3.85044 -18.8666 -19.069 3.71391 -19.8109 
-18.8264 3.61396 -20.7754 -18.6375 3.55697 -21.7554 -18.4902 3.52447 -22.7439 
-18.3607 3.48785 -23.7347 -18.2234 3.41953 -24.7227 -18.0684 3.29263 -25.702 
-17.897 3.0865 -26.6647 -17.7196 2.79574 -27.6042 -17.5511 2.41597 -28.5129 
-17.3927 1.97232 -29.3945 -17.2347 1.43123 -30.2186 -17.0505 0.803406 -30.974 
-16.8181 0.155281 -31.6992 -16.5721 -0.440242 -32.4607 -16.3436 -0.879337 -33.3258 
-16.153 -1.18853 -34.2567 -15.9811 -1.41375 -35.2154 -15.7997 -1.61001 -36.179 
-15.6185 -1.80892 -37.142 -15.4622 -2.02722 -38.1051 -15.3401 -2.28935 -39.062 
-15.2658 -2.61247 -40.0049 -15.2268 -2.96705 -40.9389 -15.2211 -3.34906 -41.8628 
-15.2208 -3.74433 -42.7814 -15.2093 -4.11839 -43.7083 -27.5968 0.740295 40.2757 
-27.5612 0.863293 39.537 -27.6123 0.994498 38.5482 -27.7338 1.10715 37.5622 
-27.8866 1.21631 36.58 -28.0724 1.33227 35.6045 -28.2914 1.45301 34.6363 
-28.5292 1.57712 33.673 -28.7877 1.70431 32.7155 -29.0781 1.82369 31.7662 
-29.3969 1.93285 30.8247 -29.7479 2.03453 29.8939 -30.1197 2.14412 28.9721 
-30.5044 2.27011 28.0578 -30.8988 2.43481 27.1541 -31.287 2.65258 26.2588 
-31.6526 2.90489 25.3631 -31.9848 3.18578 24.4628 -32.2829 3.4926 23.559 
-32.5515 3.81919 22.653 -32.8097 4.16227 21.7499 -33.0688 4.52328 20.8541 
-33.2957 4.88597 19.9506 -33.4483 5.21755 19.0201 -33.5314 5.50742 18.0676 
-33.5354 5.7473 17.0975 -33.4724 5.94339 16.1193 -33.355 6.09925 15.1388 
-33.209 6.23167 14.1584 -33.0437 6.34216 13.1784 -32.8692 6.42291 12.1972 
-32.6969 6.47284 11.2136 -32.5394 6.48581 10.2262 -32.3859 6.4681 9.2383 
-32.2092 6.43398 8.25478 -31.9856 6.40483 7.28068 -31.737 6.39828 6.31217 
-31.4782 6.41391 5.34641 -31.2111 6.44417 4.38324 -30.9325 6.48391 3.42369 
-30.6411 6.52843 2.46813 -30.341 6.57112 1.51519 -30.0328 6.60831 0.564587 
-29.7201 6.641 -0.384693 -29.411 6.67236 -1.33522 -29.1014 6.69865 -2.28573 
-28.7809 6.71448 -3.23276 -28.5269 6.71989 -3.93839 -28.2497 6.71784 -4.63528 
-27.8504 6.70757 -5.55188 -27.4078 6.67526 -6.44765 -26.9131 6.5928 -7.31188 
-26.3818 6.45121 -8.14668 -25.8611 6.26247 -8.97927 -25.3573 6.05818 -9.81851 
-24.8578 5.86703 -10.6634 -24.3127 5.66201 -11.4757 -23.713 5.44779 -12.2462 
-23.0772 5.21509 -12.9818 -22.4251 4.96115 -13.696 -21.7902 4.68918 -14.4191 
-21.1894 4.4081 -15.1669 -20.6497 4.13344 -15.9622 -20.173 3.87976 -16.8033 
-19.7604 3.65463 -17.6856 -19.4096 3.46494 -18.602 -19.1192 3.30658 -19.5452 
-18.8845 3.17886 -20.5085 -18.7025 3.09186 -21.4875 -18.568 3.04176 -22.4769 
-18.4595 3.00736 -23.4704 -18.3489 2.96179 -24.4631 -18.2167 2.87232 -25.4498 
-18.0581 2.71099 -26.4232 -17.8816 2.46514 -27.3755 -17.708 2.13155 -28.3013 
-17.5509 1.70921 -29.1933 -17.4142 1.17388 -30.0252 -17.2567 0.556923 -30.7948 
-17.0517 -0.102791 -31.5175 -16.8163 -0.682247 -32.2929 -16.5956 -1.06672 -33.1842 
-16.4238 -1.31679 -34.1367 -16.2666 -1.53224 -35.1003 -16.089 -1.72531 -36.0652 
-15.897 -1.91729 -37.0276 -15.7176 -2.12309 -37.9895 -15.5847 -2.38414 -38.9451 
-15.5034 -2.70571 -39.888 -15.4624 -3.05975 -40.8222 -15.4625 -3.45061 -41.7422 
-15.4664 -3.8518 -42.6581 -15.4599 -4.22609 -43.5849 -27.9538 0.712716 39.9297 
-27.8759 0.853317 38.9444 -27.9131 0.964821 37.952 -28.027 1.06472 36.9636 
-28.1842 1.17083 35.982 -28.3825 1.28372 35.0085 -28.6076 1.39707 34.0408 
-28.8519 1.51037 33.0778 -29.1236 1.61234 32.1209 -29.4184 1.69582 31.1692 
-29.7437 1.75743 30.2256 -30.0995 1.81198 29.2927 -30.4779 1.87726 28.3694 
-30.8745 1.9701 27.4564 -31.2724 2.12277 26.5522 -31.6529 2.33627 25.6528 
-32.0039 2.60064 24.7548 -32.3175 2.89821 23.8533 -32.5966 3.23289 22.9534 
-32.8655 3.58654 22.0576 -33.1274 3.96349 21.1691 -33.3672 4.35004 20.2788 
-33.5406 4.71181 19.3634 -33.6266 5.0229 18.4181 -33.6318 5.28187 17.4527 
-33.5731 5.4987 16.4788 -33.4638 5.67702 15.5012 -33.3222 5.82627 14.5226 
-33.1632 5.95428 13.5438 -33.0004 6.06006 12.5629 -32.8418 6.13775 11.5786 
-32.7002 6.18315 10.5899 -32.5726 6.19791 9.59827 -32.4299 6.19171 8.60863 
-32.2436 6.178 7.62646 -32.0123 6.17338 6.65376 -31.7579 6.19123 5.68686 
-31.4946 6.22746 4.72288 -31.2216 6.27452 3.76203 -30.9362 6.32999 2.80523 
-30.64 6.38978 1.85202 -30.3353 6.44798 0.901374 -30.024 6.50072 -0.0475005 
-29.7114 6.55214 -0.996012 -29.4009 6.60173 -1.94524 -29.0864 6.64377 -2.89358 
-28.7522 6.67432 -3.83549 -28.3919 6.6959 -4.768 -27.9953 6.70642 -5.6857 
-27.5492 6.69053 -6.58025 -27.051 6.61953 -7.44345 -26.513 6.48094 -8.27456 
-25.9863 6.30471 -9.10594 -25.4865 6.11276 -9.95049 -24.9884 5.93296 -10.7987 
-24.4552 5.75212 -11.6245 -23.8503 5.55788 -12.396 -23.2057 5.34489 -13.13 
-22.5431 5.10851 -13.8406 -21.899 4.85524 -14.5623 -21.292 4.59443 -15.3127 
-20.7416 4.34291 -16.108 -20.2512 4.11059 -16.9472 -19.8393 3.91114 -17.8358 
-19.4802 3.7441 -18.7536 -19.1821 3.6115 -19.6985 -18.9415 3.50887 -20.6632 
-18.7555 3.44614 -21.6433 -18.6153 3.41261 -22.6327 -18.4976 3.38246 -23.6252 
-18.375 3.32485 -24.6159 -18.2334 3.2115 -25.5989 -18.0683 3.01448 -26.5644 
-17.8915 2.73257 -27.507 -17.7257 2.36639 -28.4217 -17.5777 1.89834 -29.2915 
-17.437 1.33303 -30.1027 -17.2579 0.681946 -30.8396 -17.0348 0.034603 -31.5673 
-16.7887 -0.514385 -32.3634 -16.5684 -0.845154 -33.2746 -16.3971 -1.09767 -34.2265 
-16.2346 -1.31255 -35.1894 -16.0559 -1.50482 -36.1543 -15.8643 -1.69712 -37.1167 
-15.6959 -1.90912 -38.0791 -15.5587 -2.14871 -39.0401 -15.477 -2.46297 -39.985 
-15.4377 -2.8173 -40.9192 -15.4227 -3.18841 -41.8475 -15.4197 -3.58158 -42.7669 
-15.4051 -3.96362 -43.6909 -25.7906 1.38251 40.8846 -25.9802 1.5727 40.1844 
-26.2316 1.78903 39.2413 -26.4914 1.95524 38.2902 -26.7462 2.10033 37.3342 
-26.9886 2.23656 36.3736 -27.2182 2.37731 35.4106 -27.445 2.53609 34.4497 
-27.684 2.72329 33.497 -27.9515 2.94331 32.5592 -28.2501 3.18442 31.6358 
-28.588 3.44024 30.7303 -28.9569 3.71679 29.8431 -29.3354 4.00791 28.9646 
-29.7066 4.30807 28.0858 -30.0744 4.62346 27.2111 -30.4419 4.95477 26.3421 
-30.7984 5.30305 25.4752 -31.1336 5.65706 24.6021 -31.4399 6.00229 23.7152 
-31.7365 6.33524 22.8203 -32.0765 6.64742 21.9335 -32.458 6.94438 21.0582 
-32.8218 7.23791 20.1744 -33.1241 7.52897 19.267 -33.3538 7.80377 18.3342 
-33.4909 8.04086 17.3735 -33.5367 8.23037 16.3932 -33.4969 8.37012 15.4047 
-33.3745 8.46385 14.4174 -33.1856 8.5223 13.4375 -32.9453 8.53895 12.4675 
-32.6608 8.5038 11.5097 -32.3491 8.42192 10.5633 -32.0205 8.29853 9.62706 
-31.695 8.16873 8.69048 -31.3872 8.06437 7.74492 -31.093 7.98787 6.79237 
-30.809 7.94438 5.83459 -30.5285 7.91878 4.87506 -30.2487 7.90229 3.91516 
-29.968 7.88749 2.95548 -29.6845 7.86804 1.99672 -29.3958 7.83935 1.03974 
-29.103 7.8053 0.0841675 -28.813 7.77158 -0.872273 -28.5254 7.73119 -1.82912 
-28.2276 7.6721 -2.78184 -27.9032 7.59867 -3.72485 -27.5592 7.5274 -4.66107 
-27.2024 7.45656 -5.5926 -26.8241 7.37436 -6.51443 -26.3941 7.25488 -7.40862 
-25.9075 7.06573 -8.26046 -25.3969 6.8185 -9.08381 -24.8942 6.56032 -9.90879 
-24.3816 6.29663 -10.7258 -23.8212 6.02064 -11.5062 -23.2223 5.73485 -12.2542 
-22.5937 5.43546 -12.9716 -21.9592 5.11931 -13.677 -21.342 4.7864 -14.3897 
-20.7648 4.44368 -15.1304 -20.2345 4.10352 -15.9065 -19.7648 3.78161 -16.7283 
-19.3511 3.49185 -17.5906 -18.9804 3.22467 -18.4798 -18.6637 2.99377 -19.3994 
-18.3934 2.81224 -20.3445 -18.1622 2.67915 -21.3079 -17.9662 2.5909 -22.2844 
-17.7859 2.54243 -23.2667 -17.5869 2.50131 -24.2456 -17.3558 2.4136 -25.2142 
-17.1252 2.24412 -26.1716 -16.9123 1.9891 -27.1141 -16.7265 1.62381 -28.0251 
-16.6018 1.14777 -28.8935 -16.5245 0.575993 -29.7087 -16.4614 -0.0729179 -30.4665 
-16.3361 -0.747741 -31.193 -16.16 -1.38157 -31.945 -15.9581 -1.8225 -32.813 
-15.7675 -2.13832 -33.7416 -15.5793 -2.3765 -34.6941 -15.3811 -2.56614 -35.6557 
-15.1968 -2.75089 -36.6209 -15.0452 -2.96503 -37.5856 -14.9378 -3.23726 -38.5413 
-14.8792 -3.56744 -39.4829 -14.8688 -3.9453 -40.4085 -14.8989 -4.34573 -41.3242 
-14.9573 -4.73226 -42.2444 -15.0259 -5.07907 -43.1796 -24.6558 3.40007 39.4459 
-25.1565 3.39849 38.5821 -25.5919 3.4357 37.683 -25.9803 3.5021 36.7642 
-26.3213 3.58887 35.8286 -26.5998 3.71201 34.8765 -26.8391 3.88491 33.9214 
-27.0734 4.11475 32.977 -27.3247 4.37934 32.0462 -27.6168 4.67634 31.1375 
-27.9597 4.99383 30.2537 -28.3403 5.31651 29.3871 -28.7337 5.64063 28.5268 
-29.1282 5.96724 27.6679 -29.5126 6.30326 26.808 -29.8797 6.64833 25.9443 
-30.2202 6.99642 25.0709 -30.534 7.34682 24.1886 -30.826 7.68919 23.2956 
-31.1432 8.01017 22.4037 -31.5756 8.28476 21.5471 -32.1073 8.52595 20.7355 
-32.6182 8.76544 19.9104 -33.0502 9.01338 19.0443 -33.3845 9.26372 18.1368 
-33.6157 9.49479 17.193 -33.7351 9.68573 16.2201 -33.7358 9.82347 15.2312 
-33.6231 9.90424 14.2421 -33.4102 9.93279 13.2666 -33.1278 9.91943 12.308 
-32.7927 9.8558 11.3685 -32.408 9.73256 10.4543 -31.9879 9.56713 9.56216 
-31.5645 9.3918 8.67344 -31.1729 9.23994 7.7662 -30.8162 9.1183 6.84008 
-30.4952 9.02669 5.89761 -30.1951 8.95599 4.94637 -29.9079 8.903 3.98999 
-29.6268 8.85511 3.03152 -29.3465 8.79941 2.07324 -29.0655 8.73836 1.11545 
-28.7844 8.67906 0.157606 -28.5084 8.61826 -0.801605 -28.2369 8.54768 -1.76145 
-27.9566 8.46017 -2.7173 -27.6546 8.35845 -3.66506 -27.3354 8.25839 -4.60745 
-27.0214 8.17102 -5.55284 -26.7179 8.09058 -6.50224 -26.3962 7.99883 -7.44448 
-26.0131 7.85932 -8.35668 -25.5571 7.65293 -9.22164 -25.0693 7.41057 -10.0602 
-24.5763 7.18018 -10.8991 -24.0541 6.94952 -11.7199 -23.4832 6.71485 -12.5059 
-22.8545 6.46617 -13.2424 -22.1912 6.19521 -13.9397 -21.5302 5.90045 -14.6295 
-20.9004 5.58142 -15.3376 -20.325 5.25278 -16.086 -19.7995 4.92412 -16.8703 
-19.3428 4.62181 -17.7061 -18.9362 4.34995 -18.578 -18.5821 4.12889 -19.4859 
-18.2751 3.96638 -20.4233 -18.0107 3.84857 -21.3802 -17.786 3.76878 -22.3512 
-17.5794 3.7095 -23.3279 -17.3674 3.63335 -24.302 -17.1483 3.504 -25.2686 
-16.9366 3.30511 -26.2252 -16.738 3.02866 -27.165 -16.531 2.67822 -28.0777 
-16.327 2.24059 -28.9524 -16.133 1.71074 -29.7757 -15.9466 1.07187 -30.5211 
-15.7535 0.364357 -31.2004 -15.5535 -0.354423 -31.8661 -15.3337 -1.01236 -32.5843 
-15.0826 -1.50884 -33.4081 -14.8261 -1.81541 -34.323 -14.6202 -2.02486 -35.2784 
-14.4706 -2.20674 -36.25 -14.3704 -2.40316 -37.2252 -14.3059 -2.64283 -38.1935 
-14.2733 -2.93553 -39.1488 -14.2633 -3.26898 -40.0913 -14.2738 -3.63528 -41.0217 
-14.2887 -4.018 -41.9454 -14.2972 -4.40164 -42.8689 -14.2931 -4.80512 -43.7836 
-22.6014 6.00147 39.625 -23.2819 5.92517 38.8964 -23.9398 5.82078 38.1508 
-24.5518 5.6925 37.3711 -25.0933 5.5482 36.5434 -25.5816 5.42991 35.6793 
-25.992 5.36957 34.7722 -26.3041 5.41905 33.8251 -26.5629 5.57136 32.8719 
-26.8168 5.79637 31.9315 -27.1087 6.06599 31.0142 -27.4478 6.34763 30.1169 
-27.8384 6.63591 29.2429 -28.2629 6.92783 28.3859 -28.6879 7.22663 27.5314 
-29.096 7.53216 26.6712 -29.4748 7.84621 25.8008 -29.8164 8.16347 24.9162 
-30.1378 8.47934 24.0235 -30.466 8.78737 23.1308 -30.8917 9.05744 22.2715 
-31.4845 9.27503 21.4971 -32.1124 9.47663 20.7456 -32.6979 9.68165 19.9622 
-33.1789 9.90084 19.1145 -33.5435 10.1266 18.2123 -33.8078 10.3421 17.2734 
-33.9347 10.5227 16.2997 -33.9338 10.6579 15.3105 -33.812 10.7349 14.3225 
-33.5842 10.7519 13.3502 -33.2747 10.7168 12.4007 -32.8967 10.6217 11.4808 
-32.4586 10.4608 10.5968 -31.9869 10.2603 9.73833 -31.5206 10.0571 8.87749 
-31.0962 9.88295 7.98922 -30.7133 9.73668 7.07748 -30.3769 9.61965 6.14328 
-30.0716 9.52917 5.19546 -29.7824 9.45749 4.24089 -29.5013 9.38732 3.28379 
-29.2223 9.3103 2.32659 -28.9445 9.23244 1.36913 -28.6707 9.15701 0.41029 
-28.4043 9.07987 -0.55047 -28.1411 8.99145 -1.51112 -27.8647 8.88409 -2.46608 
-27.4853 8.73151 -3.64721 -27.0995 8.59442 -4.82814 -26.8158 8.50453 -5.78277 
-26.5374 8.41315 -6.73884 -26.2108 8.28753 -7.67502 -25.8054 8.09682 -8.56752 
-25.3371 7.84313 -9.41317 -24.8508 7.58677 -10.2484 -24.3458 7.33759 -11.0746 
-23.7945 7.08589 -11.8699 -23.1933 6.82221 -12.6238 -22.5501 6.54056 -13.3354 
-21.8937 6.23735 -14.026 -21.2556 5.90701 -14.7213 -20.6585 5.56278 -15.4454 
-20.118 5.2143 -16.2106 -19.6361 4.88596 -17.0225 -19.2025 4.58758 -17.8722 
-18.8266 4.33784 -18.7641 -18.4949 4.14737 -19.6874 -18.2129 4.01523 -20.6371 
-17.9786 3.92743 -21.6051 -17.7714 3.86524 -22.5814 -17.5676 3.80143 -23.5583 
-17.3559 3.70251 -24.5304 -17.1443 3.53866 -25.4935 -16.9455 3.30106 -26.4437 
-16.7477 2.98719 -27.3717 -16.5412 2.61572 -28.2763 -16.3437 2.15583 -29.1413 
-16.1497 1.61349 -29.9573 -15.9579 0.954638 -30.6829 -15.7605 0.243275 -31.3572 
-15.5532 -0.46397 -32.0331 -15.3253 -1.08616 -32.7786 -15.0712 -1.54387 -33.6251 
-14.8216 -1.83075 -34.5485 -14.6262 -2.0326 -35.5079 -14.4834 -2.21833 -36.4798 
-14.385 -2.42227 -37.4535 -14.3242 -2.6729 -38.4193 -14.2932 -2.97306 -39.3726 
-14.2845 -3.31096 -40.3135 -14.2964 -3.68174 -41.2421 -14.3084 -4.06636 -42.1651 
-14.3146 -4.45004 -43.0886 -14.3042 -4.86156 -43.9995 -26.7579 -0.0960042 40.5134 
-26.8546 0.0815314 39.5354 -27.0223 0.189914 38.5563 -27.2339 0.279617 37.583 
-27.4545 0.373111 36.6122 -27.6848 0.470711 35.644 -27.9326 0.564113 34.6797 
-28.1963 0.644809 33.7185 -28.4763 0.715508 32.7612 -28.775 0.759128 31.8081 
-29.1049 0.764656 30.8642 -29.4625 0.762619 29.9305 -29.8538 0.772216 29.0105 
-30.27 0.815002 28.1023 -30.7089 0.924397 27.2108 -31.1508 1.09016 26.3298 
-31.5682 1.31513 25.4497 -31.9465 1.57993 24.5629 -32.2774 1.87984 23.6686 
-32.5597 2.2227 22.7729 -32.8216 2.59933 21.8843 -33.0779 2.98968 21.0001 
-33.3069 3.39102 20.1134 -33.4756 3.77494 19.2062 -33.5667 4.11851 18.2728 
-33.5695 4.40638 17.3159 -33.4992 4.64637 16.3482 -33.3787 4.84383 15.3755 
-33.2309 5.01138 14.4009 -33.0693 5.15563 13.4247 -32.9058 5.27995 12.4461 
-32.754 5.38292 11.4631 -32.6272 5.45571 10.4741 -32.5247 5.49883 9.48029 
-32.4188 5.52283 8.48629 -32.2745 5.53928 7.49714 -32.0791 5.55619 6.51674 
-31.8464 5.58525 5.54472 -31.5928 5.63309 4.57864 -31.3233 5.69318 3.61757 
-31.0396 5.76112 2.66107 -30.743 5.83564 1.70898 -30.433 5.91218 0.761371 
-30.1115 5.97942 -0.183121 -29.7858 6.04269 -1.12648 -29.4588 6.10779 -2.06926 
-29.1259 6.16729 -3.01031 -28.7789 6.21939 -3.94671 -28.3931 6.26225 -4.8681 
-27.9618 6.28569 -5.76972 -27.4833 6.27846 -6.647 -26.9553 6.21461 -7.49347 
-26.4003 6.08248 -8.31423 -25.8596 5.9029 -9.13584 -25.347 5.70546 -9.97148 
-24.8376 5.51327 -10.8102 -24.2844 5.32078 -11.6199 -23.6804 5.11862 -12.3904 
-23.0417 4.89919 -13.1278 -22.3923 4.66163 -13.85 -21.758 4.40902 -14.5806 
-21.1616 4.14662 -15.3389 -20.6133 3.8851 -16.1328 -20.1308 3.64173 -16.9735 
-19.7091 3.41663 -17.8513 -19.3645 3.22707 -18.7701 -19.0862 3.06645 -19.7165 
-18.861 2.92952 -20.6807 -18.6871 2.83326 -21.6604 -18.5597 2.77839 -22.6505 
-18.4585 2.74528 -23.6448 -18.3514 2.6969 -24.6377 -18.2205 2.59685 -25.6235 
-18.0618 2.41963 -26.5941 -17.8846 2.15886 -27.5424 -17.716 1.80708 -28.462 
-17.5821 1.3509 -29.3401 -17.4626 0.795624 -30.1624 -17.3191 0.154644 -30.9153 
-17.1301 -0.49429 -31.6514 -16.9103 -1.04368 -32.452 -16.7165 -1.28683 -33.396 
-16.5734 -1.47459 -34.3676 -16.4262 -1.66669 -35.3378 -16.2464 -1.85326 -36.3036 
-16.0502 -2.04485 -37.2653 -15.8654 -2.25695 -38.2245 -15.7378 -2.54056 -39.1743 
-15.669 -2.87776 -40.1126 -15.6405 -3.24289 -41.0429 -15.6549 -3.65373 -41.9543 
-15.6588 -4.05761 -42.869 -15.6739 -4.40743 -43.805 -26.004 0.509933 41.3687 
-26.1362 0.708176 40.6576 -26.347 0.924744 39.7049 -26.5844 1.07612 38.7458 
-26.8303 1.20137 37.7846 -27.0713 1.32378 36.8218 -27.3065 1.44848 35.8579 
-27.5421 1.58063 34.8951 -27.7898 1.72133 33.9366 -28.0586 1.87221 32.9853 
-28.3509 2.03131 32.0424 -28.6775 2.19647 31.112 -29.0432 2.37583 30.1989 
-29.4309 2.57144 29.2981 -29.8224 2.78315 28.4027 -30.2128 3.01889 27.5128 
-30.6008 3.28 26.6289 -30.9823 3.56012 25.7481 -31.3414 3.85245 24.8619 
-31.6609 4.15791 23.9651 -31.9277 4.47097 23.0538 -32.1692 4.78265 22.1348 
-32.4146 5.10363 21.2201 -32.6845 5.44104 20.3183 -32.9368 5.7783 19.4117 
-33.1308 6.09099 18.4825 -33.2496 6.36352 17.5286 -33.2876 6.58944 16.5559 
-33.2508 6.77016 15.5736 -33.1513 6.91074 14.589 -33.0052 7.02209 13.6061 
-32.8252 7.10321 12.6259 -32.6175 7.1435 11.6488 -32.4005 7.14023 10.6728 
-32.185 7.09447 9.69749 -31.9647 7.01663 8.72521 -31.7295 6.93984 7.75638 
-31.4787 6.89335 6.78953 -31.2196 6.87299 5.82397 -30.9557 6.87278 4.85945 
-30.6835 6.88525 3.8973 -30.4003 6.90268 2.93843 -30.1078 6.91797 1.98227 
-29.8085 6.92898 1.0282 -29.5011 6.9324 0.0766315 -29.194 6.93118 -0.875057 
-28.8909 6.92856 -1.82802 -28.5817 6.91716 -2.77891 -28.2524 6.88988 -3.72262 
-27.8948 6.85229 -4.65561 -27.5041 6.8109 -5.57503 -27.0778 6.75463 -6.47771 
-26.6039 6.66096 -7.35249 -26.0798 6.50335 -8.189 -25.5545 6.30066 -9.01528 
-25.0441 6.07375 -9.84461 -24.5372 5.84675 -10.676 -23.9925 5.60299 -11.4782 
-23.3992 5.35234 -12.2427 -22.7711 5.0855 -12.9736 -22.131 4.80371 -13.6882 
-21.5056 4.50412 -14.4086 -20.9176 4.18915 -15.1534 -20.3682 3.87456 -15.9271 
-19.879 3.56971 -16.7435 -19.4558 3.29239 -17.6054 -19.0939 3.04444 -18.5037 
-18.7931 2.82771 -19.4319 -18.542 2.656 -20.3841 -18.333 2.52889 -21.3533 
-18.1628 2.44884 -22.3352 -18.0163 2.40493 -23.3235 -17.8623 2.36039 -24.3103 
-17.6829 2.27197 -25.2896 -17.4901 2.10387 -26.2556 -17.2981 1.85055 -27.2033 
-17.1414 1.48784 -28.1204 -17.0341 1.01745 -28.9949 -16.9456 0.467777 -29.8249 
-16.8392 -0.15361 -30.6003 -16.6747 -0.796207 -31.348 -16.4803 -1.39373 -32.125 
-16.2934 -1.757 -33.0292 -16.1352 -2.01585 -33.9818 -15.9709 -2.24041 -34.9422 
-15.7807 -2.4311 -35.9052 -15.587 -2.61892 -36.868 -15.4223 -2.84154 -37.8285 
-15.2975 -3.11444 -38.782 -15.2357 -3.45319 -39.7201 -15.2283 -3.83812 -40.6425 
-15.2619 -4.24756 -41.5541 -15.3161 -4.63503 -42.4742 -15.3799 -4.97447 -43.4124 
-23.0397 5.39601 39.4607 -23.7347 5.26441 38.754 -24.3954 5.103 38.0215 
-24.9845 4.92066 37.235 -25.518 4.76254 36.4045 -25.9597 4.68433 35.5136 
-26.2992 4.71194 34.5744 -26.573 4.8367 33.622 -26.8195 5.05048 32.6773 
-27.078 5.31509 31.7484 -27.3745 5.60464 30.8389 -27.7257 5.91028 29.9542 
-28.126 6.2197 29.0917 -28.54 6.52989 28.2358 -28.9503 6.84476 27.38 
-29.3415 7.16892 26.5187 -29.7059 7.50087 25.6488 -30.0392 7.83107 24.7659 
-30.342 8.16151 23.8719 -30.6608 8.47867 22.9794 -31.0938 8.75176 22.1243 
-31.6651 8.97855 21.3364 -32.2617 9.19196 20.563 -32.7982 9.41077 19.7489 
-33.2284 9.64288 18.8783 -33.5541 9.87513 17.9632 -33.7481 10.082 17.0054 
-33.8347 10.2517 16.0252 -33.7977 10.3679 15.0343 -33.6449 10.4246 14.049 
-33.4045 10.4327 13.0786 -33.0986 10.3987 12.1278 -32.7378 10.3169 11.1994 
-32.312 10.1623 10.3088 -31.8526 9.96974 9.44166 -31.4014 9.77667 8.57066 
-30.987 9.60817 7.67642 -30.6174 9.47114 6.75781 -30.2943 9.3658 5.81749 
-29.9939 9.28329 4.86734 -29.7067 9.21667 3.9118 -29.4246 9.14955 2.95477 
-29.143 9.0743 1.9982 -28.8608 8.99667 1.04199 -28.5823 8.92245 0.0844495 
-28.3109 8.84635 -0.875011 -28.0419 8.76003 -1.83425 -27.7586 8.65499 -2.78741 
-27.4505 8.53657 -3.7313 -27.1325 8.42478 -4.67273 -26.826 8.32858 -5.61973 
-26.5302 8.2344 -6.57028 -26.2083 8.11963 -7.50945 -25.8235 7.95235 -8.41653 
-25.3688 7.71739 -9.27476 -24.8841 7.45308 -10.1085 -24.3872 7.19558 -10.9372 
-23.8571 6.93766 -11.7446 -23.2819 6.67935 -12.5201 -22.6506 6.40662 -13.2457 
-21.993 6.11212 -13.9389 -21.3429 5.79671 -14.6301 -20.7308 5.45788 -15.344 
-20.1728 5.10995 -16.097 -19.6605 4.76395 -16.8827 -19.2155 4.44837 -17.7199 
-18.8237 4.16804 -18.5956 -18.4819 3.94447 -19.5078 -18.1826 3.7769 -20.4467 
-17.9228 3.65707 -21.4045 -17.6947 3.57843 -22.3749 -17.4766 3.5213 -23.3491 
-17.2469 3.44709 -24.3193 -17.0077 3.32056 -25.2817 -16.7781 3.11278 -26.232 
-16.5595 2.83987 -27.1684 -16.3386 2.48025 -28.0743 -16.1272 2.02943 -28.9403 
-15.9378 1.48046 -29.7519 -15.7658 0.81615 -30.4777 -15.5966 0.0794755 -31.132 
-15.4173 -0.657875 -31.783 -15.2111 -1.3289 -32.4848 -14.9392 -1.77219 -33.3349 
-14.6817 -2.04722 -34.2595 -14.4925 -2.22918 -35.2237 -14.3596 -2.39811 -36.2001 
-14.2702 -2.59065 -37.1771 -14.2183 -2.83155 -38.1458 -14.1927 -3.11898 -39.1031 
-14.1902 -3.45608 -40.0443 -14.2048 -3.82611 -40.9731 -14.2236 -4.20871 -41.8969 
-14.2354 -4.59453 -42.8194 -14.2313 -5.01034 -43.7284 -24.8387 2.55358 40.1735 
-25.168 2.65079 39.5068 -25.5561 2.77902 38.5945 -25.9115 2.89598 37.6673 
-26.2397 3.01366 36.7301 -26.5313 3.14057 35.7822 -26.7826 3.28677 34.8256 
-27.0145 3.46634 33.8697 -27.2505 3.68855 32.924 -27.509 3.95062 31.9944 
-27.8122 4.24093 31.0872 -28.171 4.54947 30.2063 -28.5497 4.86716 29.3371 
-28.9368 5.19012 28.4735 -29.3232 5.5168 27.611 -29.7028 5.85368 26.7493 
-30.0686 6.20085 25.8859 -30.4081 6.55449 25.0144 -30.7125 6.90697 24.1296 
-30.9931 7.24453 23.2311 -31.3188 7.55288 22.3381 -31.7516 7.82629 21.4806 
-32.2308 8.08538 20.6421 -32.6734 8.34484 19.7844 -33.0462 8.60895 18.8952 
-33.3391 8.86777 17.9757 -33.5465 9.10402 17.0273 -33.6347 9.28825 16.0497 
-33.6109 9.41654 15.0597 -33.4823 9.49121 14.0718 -33.2684 9.52204 13.0961 
-32.9923 9.51067 12.1355 -32.6647 9.44472 11.1936 -32.291 9.32088 10.2749 
-31.8923 9.16102 9.37193 -31.4966 8.99813 8.46817 -31.1328 8.86366 7.54675 
-30.8025 8.76216 6.60853 -30.497 8.68802 5.65929 -30.2066 8.63502 4.70388 
-29.9235 8.59461 3.74565 -29.6427 8.55556 2.78668 -29.3613 8.50809 1.82827 
-29.078 8.45507 0.870723 -28.793 8.40215 -0.086353 -28.5132 8.34719 -1.04482 
-28.2364 8.28094 -2.00343 -27.9475 8.19663 -2.957 -27.6355 8.10114 -3.90224 
-27.3119 8.01025 -4.84402 -26.9924 7.92988 -5.78818 -26.666 7.84785 -6.72971 
-26.302 7.74031 -7.65401 -25.8678 7.56915 -8.53752 -25.3848 7.33989 -9.38228 
-24.8943 7.09162 -10.2176 -24.3995 6.85099 -11.0526 -23.8596 6.6081 -11.858 
-23.2638 6.35821 -12.6204 -22.6236 6.09263 -13.3411 -21.9641 5.80695 -14.0363 
-21.3228 5.49533 -14.7371 -20.7177 5.16642 -15.4616 -20.1653 4.8336 -16.2253 
-19.6679 4.50608 -17.0283 -19.2332 4.21074 -17.8784 -18.851 3.94652 -18.7635 
-18.5223 3.73703 -19.6837 -18.2378 3.58356 -20.6296 -17.993 3.47184 -21.5926 
-17.7831 3.39648 -22.5672 -17.5854 3.34278 -23.546 -17.3759 3.26813 -24.5207 
-17.1576 3.13353 -25.4867 -16.9466 2.91897 -26.4398 -16.7448 2.62546 -27.3735 
-16.539 2.25192 -28.2771 -16.3435 1.79476 -29.1442 -16.1725 1.22097 -29.9428 
-16.0088 0.559414 -30.6736 -15.8372 -0.153972 -31.3529 -15.6426 -0.842308 -32.0512 
-15.4205 -1.40459 -32.8414 -15.1771 -1.77392 -33.7342 -14.9389 -2.04082 -34.6677 
-14.7404 -2.24482 -35.6258 -14.595 -2.43293 -36.597 -14.4923 -2.64573 -37.5683 
-14.4293 -2.90956 -38.5304 -14.3968 -3.22198 -39.4796 -14.3918 -3.5762 -40.4146 
-14.4093 -3.95838 -41.3384 -14.4277 -4.34595 -42.2601 -14.4426 -4.72836 -43.184 
-25.1299 3.08896 39.4585 -25.549 3.1684 38.555 -25.9221 3.25897 37.6319 
-26.2686 3.35822 36.6991 -26.5738 3.47059 35.7538 -26.8332 3.61174 34.7988 
-27.0643 3.80581 33.8456 -27.2997 4.04403 32.9035 -27.5591 4.32223 31.979 
-27.8634 4.62975 31.0778 -28.2185 4.95702 30.2022 -28.5944 5.28945 29.3373 
-28.983 5.62262 28.4783 -29.368 5.96212 27.6201 -29.7446 6.3118 26.7622 
-30.1055 6.67007 25.9013 -30.4432 7.03625 25.0342 -30.759 7.40283 24.1591 
-31.0827 7.75412 23.2809 -31.4965 8.06333 22.4261 -32.0192 8.32889 21.6166 
-32.5574 8.5744 20.8105 -33.04 8.81614 19.9696 -33.4136 9.06359 19.0767 
-33.6909 9.30309 18.1475 -33.8564 9.515 17.1856 -33.9111 9.68449 16.2028 
-33.8591 9.80363 15.2125 -33.7093 9.87102 14.227 -33.4828 9.89608 13.2537 
-33.1935 9.87741 12.2971 -32.8557 9.80713 11.3591 -32.4709 9.68137 10.4452 
-32.054 9.51673 9.55141 -31.6411 9.35034 8.65609 -31.2602 9.21184 7.74216 
-30.9152 9.10662 6.80972 -30.5997 9.02824 5.86417 -30.3068 8.97488 4.90957 
-30.0235 8.93405 3.9514 -29.7457 8.89668 2.99151 -29.4695 8.8513 2.03149 
-29.1939 8.80157 1.07149 -28.9184 8.7547 0.111311 -28.6484 8.70434 -0.850187 
-28.383 8.63976 -1.81212 -28.1067 8.55501 -2.76935 -27.8022 8.45989 -3.71707 
-27.4892 8.3716 -4.6627 -27.189 8.29728 -5.61364 -26.9009 8.2331 -6.56906 
-26.5793 8.15103 -7.51192 -26.1746 8.0067 -8.41328 -25.7019 7.8002 -9.26968 
-25.2134 7.58457 -10.1151 -24.7157 7.38593 -10.9594 -24.1884 7.18289 -11.7841 
-23.5977 6.9618 -12.5593 -22.9488 6.71606 -13.2789 -22.2773 6.44861 -13.9699 
-21.6155 6.15507 -14.6595 -20.9928 5.84223 -15.3763 -20.4188 5.52618 -16.1311 
-19.9014 5.21753 -16.9286 -19.4402 4.93688 -17.7698 -19.0401 4.70275 -18.6553 
-18.6866 4.52414 -19.5732 -18.3791 4.40368 -20.5164 -18.1226 4.32761 -21.4797 
-17.9068 4.27172 -22.4544 -17.7059 4.21368 -23.4322 -17.5031 4.12276 -24.4071 
-17.3045 3.96604 -25.374 -17.1212 3.73958 -26.3303 -16.9445 3.46359 -27.2746 
-16.7542 3.11059 -28.1902 -16.5574 2.69173 -29.076 -16.3615 2.16435 -29.9011 
-16.1505 1.54729 -30.6571 -15.9248 0.850758 -31.3378 -15.6856 0.156605 -32.0166 
-15.4294 -0.47691 -32.7439 -15.1569 -0.995232 -33.5525 -14.8951 -1.35769 -34.4438 
-14.6849 -1.59293 -35.3918 -14.5336 -1.78481 -36.3613 -14.4201 -1.98007 -37.3354 
-14.3378 -2.20535 -38.3057 -14.2927 -2.48931 -39.2631 -14.28 -2.82262 -40.2057 
-14.281 -3.17347 -41.1422 -14.2916 -3.54884 -42.0689 -14.295 -3.92734 -42.9945 
-14.2854 -4.3058 -43.92 -27.9413 0.794975 40.3488 -27.8432 0.913727 39.6152 
-27.8203 1.04331 38.6254 -27.8906 1.156 37.6348 -28.0173 1.26379 36.6489 
-28.1884 1.37893 35.6705 -28.3959 1.49856 34.6997 -28.6252 1.62279 33.7344 
-28.8762 1.74989 32.7749 -29.1606 1.86939 31.8237 -29.4714 1.97725 30.8794 
-29.812 2.07683 29.9446 -30.1784 2.17989 29.02 -30.5583 2.29574 28.1022 
-30.9488 2.4508 27.1952 -31.3363 2.6577 26.297 -31.7005 2.90742 25.4 
-32.0342 3.18806 24.5002 -32.3363 3.49716 23.5985 -32.611 3.82599 22.6951 
-32.8775 4.17227 21.7957 -33.1414 4.53829 20.9034 -33.3699 4.90438 20.0016 
-33.5222 5.23806 19.0719 -33.604 5.52917 18.1196 -33.606 5.76951 17.1496 
-33.5412 5.96619 16.1717 -33.4272 6.12666 15.1915 -33.2805 6.26019 14.2115 
-33.1153 6.37292 13.2317 -32.944 6.45885 12.2503 -32.7761 6.51302 11.2661 
-32.621 6.53237 10.2785 -32.4677 6.5221 9.29045 -32.2879 6.49373 8.30729 
-32.0669 6.46537 7.33259 -31.818 6.45725 6.3642 -31.5576 6.47403 5.3989 
-31.2903 6.507 4.43589 -31.0127 6.55017 3.47616 -30.7236 6.59914 2.52014 
-30.4261 6.64722 1.56665 -30.1218 6.69121 0.615075 -29.8132 6.73118 -0.335255 
-29.5083 6.77026 -1.28686 -29.2041 6.80465 -2.23886 -28.8931 6.82921 -3.18886 
-28.5605 6.84264 -4.13175 -28.2011 6.84767 -5.06491 -27.8168 6.8483 -5.98802 
-27.3871 6.82952 -6.89043 -26.9055 6.76404 -7.76365 -26.3839 6.63842 -8.6069 
-25.8624 6.46063 -9.44123 -25.3653 6.27301 -10.2885 -24.8732 6.09706 -11.141 
-24.3453 5.92437 -11.972 -23.7481 5.73972 -12.7517 -23.0989 5.53955 -13.4853 
-22.4277 5.32012 -14.1933 -21.7676 5.07993 -14.9049 -21.1413 4.82806 -15.6423 
-20.5761 4.57895 -16.4279 -20.0743 4.34379 -17.2599 -19.6448 4.13348 -18.1375 
-19.2715 3.9556 -19.0476 -18.963 3.81323 -19.9876 -18.7085 3.7104 -20.9488 
-18.5061 3.64807 -21.9258 -18.3456 3.6091 -22.9119 -18.2038 3.56768 -23.9009 
-18.0555 3.4961 -24.8871 -17.8931 3.37811 -25.8664 -17.722 3.17222 -26.8293 
-17.5453 2.893 -27.7726 -17.372 2.5115 -28.6792 -17.2086 2.0507 -29.551 
-17.0373 1.50219 -30.3685 -16.8254 0.862466 -31.1055 -16.589 0.203823 -31.8199 
-16.3417 -0.401005 -32.5736 -16.1082 -0.858173 -33.4287 -15.9104 -1.18631 -34.3512 
-15.7266 -1.42628 -35.3041 -15.5443 -1.62803 -36.2664 -15.3741 -1.8326 -37.2303 
-15.2287 -2.05747 -38.1936 -15.115 -2.32759 -39.1493 -15.0467 -2.65597 -40.0909 
-15.01 -3.01178 -41.0247 -15.0055 -3.39452 -41.9482 -15.0034 -3.78772 -42.8677 
-14.9909 -4.16655 -43.793 -26.5244 1.42339 40.5057 -26.6469 1.6258 39.5345 
-26.826 1.79649 38.5658 -27.0333 1.94751 37.5994 -27.2445 2.08599 36.6318 
-27.4543 2.2238 35.6638 -27.6726 2.37567 34.6999 -27.9098 2.5533 33.7449 
-28.1735 2.75929 32.8027 -28.4621 2.98271 31.8718 -28.7893 3.22313 30.9583 
-29.156 3.48951 30.0669 -29.5281 3.76786 29.1815 -29.8913 4.05697 28.2958 
-30.2497 4.3657 27.4148 -30.6094 4.6943 26.5415 -30.9674 5.04079 25.6745 
-31.3099 5.39643 24.805 -31.6335 5.74912 23.927 -31.9581 6.08637 23.0434 
-32.3078 6.40675 22.1632 -32.6836 6.70943 21.2873 -33.0313 7.00932 20.3993 
-33.3193 7.30657 19.4892 -33.5349 7.58641 18.5544 -33.6632 7.82943 17.5938 
-33.6968 8.02304 16.6145 -33.6462 8.16702 15.6266 -33.5275 8.27021 14.6395 
-33.349 8.34128 13.6586 -33.1287 8.38099 12.6841 -32.8755 8.37737 11.717 
-32.5951 8.32718 10.7586 -32.2973 8.24026 9.80819 -31.9821 8.12723 8.86596 
-31.6683 8.02525 7.92208 -31.3706 7.95745 6.9699 -31.0826 7.91537 6.01326 
-30.8026 7.90155 5.05341 -30.5244 7.89849 4.09288 -30.2461 7.89861 3.13239 
-29.9674 7.89864 2.172 -29.6861 7.89322 1.21239 -29.4011 7.87977 0.253971 
-29.1166 7.86377 -0.704556 -28.837 7.84681 -1.66451 -28.5558 7.81207 -2.62348 
-28.3335 7.7725 -3.33865 -28.1787 7.74366 -3.81317 -27.9296 7.70383 -4.51946 
-27.5926 7.65671 -5.45979 -27.2489 7.61016 -6.39769 -26.8717 7.54854 -7.32141 
-26.434 7.4396 -8.21266 -25.9455 7.26877 -9.06784 -25.4487 7.06867 -9.91236 
-24.9601 6.87164 -10.7622 -24.4576 6.68801 -11.6066 -23.8983 6.49449 -12.4123 
-23.2738 6.28578 -13.1643 -22.6082 6.05819 -13.8747 -21.9328 5.80258 -14.5664 
-21.2827 5.52614 -15.2738 -20.6797 5.24025 -16.0182 -20.1385 4.95732 -16.8094 
-19.6556 4.68791 -17.6418 -19.2359 4.45516 -18.5185 -18.873 4.26273 -19.4296 
-18.563 4.12095 -20.3692 -18.3046 4.02807 -21.3303 -18.0936 3.96558 -22.3057 
-17.9127 3.91168 -23.2877 -17.7357 3.84281 -24.2693 -17.5505 3.73074 -25.2453 
-17.3679 3.54665 -26.2107 -17.1922 3.29006 -27.1606 -17.0072 2.95739 -28.0847 
-16.8181 2.54314 -28.9741 -16.6306 2.03614 -29.814 -16.4309 1.42572 -30.5781 
-16.2136 0.746029 -31.2782 -15.9801 0.0701139 -31.9769 -15.7343 -0.531491 -32.7339 
-15.4856 -1.01551 -33.5712 -15.2516 -1.35818 -34.4791 -15.0393 -1.60114 -35.4252 
-14.8594 -1.8105 -36.3862 -14.7178 -2.01668 -37.3543 -14.6101 -2.24862 -38.3207 
-14.5441 -2.53538 -39.276 -14.5161 -2.87194 -40.2171 -14.507 -3.22665 -41.152 
-14.5163 -3.60809 -42.0762 -14.5175 -3.99086 -43 -14.5092 -4.36701 -43.9266 
-22.9735 5.28617 39.5751 -23.6702 5.15943 38.8694 -24.342 4.99197 38.1483 
-24.9501 4.81088 37.3766 -25.4863 4.657 36.5471 -25.9345 4.5803 35.6592 
-26.2799 4.60456 34.722 -26.5612 4.71811 33.7707 -26.8067 4.92126 32.8233 
-27.0637 5.18507 31.8937 -27.3558 5.47594 30.983 -27.6992 5.78265 30.0957 
-28.0937 6.09481 29.2314 -28.5052 6.40742 28.3754 -28.9152 6.72326 27.5197 
-29.3077 7.04825 26.6594 -29.6756 7.38148 25.7914 -30.0132 7.7156 24.9114 
-30.3214 8.04879 24.0205 -30.6306 8.37185 23.1263 -31.0347 8.65552 22.2603 
-31.5962 8.8878 21.467 -32.1901 9.10462 20.6924 -32.7356 9.32489 19.885 
-33.1712 9.55849 19.0167 -33.5103 9.79312 18.107 -33.7333 10.0093 17.158 
-33.8354 10.1862 16.1806 -33.8147 10.3109 15.1903 -33.6767 10.3762 14.2034 
-33.4384 10.3862 13.2331 -33.1282 10.3503 12.2835 -32.7545 10.2521 11.362 
-32.3264 10.0929 10.473 -31.8693 9.8975 9.60555 -31.4286 9.70592 8.72873 
-31.0247 9.5414 7.82933 -30.6667 9.41102 6.90501 -30.3465 9.30856 5.96339 
-30.0487 9.22959 5.01206 -29.7626 9.1652 4.05608 -29.4805 9.09922 3.09895 
-29.1982 9.02472 2.14252 -28.9153 8.94945 1.18634 -28.6362 8.87712 0.2288 
-28.364 8.80315 -0.7306 -28.0934 8.71681 -1.68936 -27.8063 8.61115 -2.64135 
-27.4957 8.4932 -3.58446 -27.1771 8.38363 -4.52598 -26.8697 8.28833 -5.47273 
-26.5684 8.19308 -6.42147 -26.2349 8.07245 -7.35608 -25.8302 7.88519 -8.2497 
-25.3663 7.63379 -9.09807 -24.8776 7.35292 -9.92405 -24.3768 7.07178 -10.7427 
-23.8393 6.79024 -11.5372 -23.2564 6.50751 -12.2985 -22.6272 6.2104 -13.0162 
-21.9808 5.89094 -13.7092 -21.3479 5.55323 -14.4058 -20.7537 5.19833 -15.1272 
-20.213 4.83984 -15.8878 -19.7239 4.49465 -16.6885 -19.2889 4.18018 -17.5315 
-18.9128 3.90392 -18.4153 -18.584 3.68503 -19.3333 -18.2952 3.52061 -20.2761 
-18.0448 3.39848 -21.236 -17.8328 3.31984 -22.2099 -17.6318 3.26659 -23.188 
-17.418 3.19853 -24.1623 -17.1924 3.07367 -25.1279 -16.9746 2.85827 -26.0794 
-16.7648 2.57307 -27.014 -16.5553 2.20631 -27.9196 -16.3673 1.73972 -28.7831 
-16.2156 1.18126 -29.5961 -16.0861 0.513187 -30.3276 -15.9433 -0.198582 -31.0149 
-15.7668 -0.883741 -31.7208 -15.5473 -1.42651 -32.5268 -15.309 -1.78923 -33.4245 
-15.0794 -2.04702 -34.3624 -14.8784 -2.24656 -35.3213 -14.7221 -2.43543 -36.2905 
-14.6091 -2.64696 -37.261 -14.534 -2.90585 -38.2234 -14.4979 -3.22519 -39.1702 
-14.4901 -3.58302 -40.1037 -14.5081 -3.96966 -41.0257 -14.534 -4.3585 -41.9466 
-14.5597 -4.73683 -42.8719 -14.562 -5.12247 -43.7943 -25.2736 2.23103 40.3083 
-25.5478 2.37366 39.625 -25.8825 2.53602 38.6971 -26.2021 2.67107 37.7592 
-26.5002 2.80159 36.8138 -26.7666 2.93766 35.8596 -27.0028 3.09146 34.9003 
-27.2311 3.27348 33.944 -27.4697 3.4966 32.9991 -27.7356 3.75742 32.0713 
-28.0439 4.04622 31.1652 -28.3946 4.35066 30.2798 -28.7707 4.6688 29.4095 
-29.1509 4.99473 28.544 -29.5271 5.32726 27.6792 -29.9002 5.66869 26.8165 
-30.2626 6.02563 25.9556 -30.6054 6.39107 25.0903 -30.9244 6.75496 24.2152 
-31.2271 7.1049 23.3287 -31.5729 7.42652 22.4479 -32.0181 7.71022 21.5999 
-32.4888 7.97361 20.758 -32.9132 8.23666 19.8922 -33.2569 8.50113 18.992 
-33.5052 8.75312 18.0578 -33.6532 8.97135 17.0943 -33.6996 9.14165 16.1111 
-33.6441 9.2584 15.1207 -33.4948 9.32557 14.1349 -33.2697 9.35258 13.1614 
-32.9882 9.33638 12.2025 -32.6614 9.2676 11.2603 -32.2927 9.14298 10.3396 
-31.9033 8.98516 9.43219 -31.5295 8.83529 8.51694 -31.1851 8.71485 7.58608 
-30.8664 8.62434 6.6427 -30.5677 8.5608 5.69056 -30.2803 8.51724 4.73376 
-29.9984 8.4831 3.77495 -29.7183 8.44948 2.81558 -29.4371 8.40724 1.85684 
-29.1535 8.35921 0.899125 -28.8687 8.31091 -0.0582295 -28.5886 8.25981 -1.01684 
-28.3102 8.19613 -1.97515 -28.0176 8.11349 -2.9277 -27.7014 8.02185 -3.87195 
-27.3746 7.9368 -4.81322 -27.0507 7.86061 -5.75621 -26.714 7.77926 -6.69417 
-26.3233 7.65885 -7.60602 -25.8689 7.47268 -8.47606 -25.3771 7.22832 -9.31139 
-24.8838 6.97688 -10.1441 -24.3757 6.72617 -10.9679 -23.8189 6.46932 -11.7576 
-23.2163 6.20252 -12.5091 -22.5752 5.91997 -13.2225 -21.9267 5.61722 -13.9207 
-21.2945 5.2938 -14.6247 -20.7098 4.95594 -15.3617 -20.1751 4.61876 -16.136 
-19.7061 4.30427 -16.9608 -19.2899 4.02144 -17.8243 -18.9328 3.77917 -18.7257 
-18.6264 3.59284 -19.659 -18.3606 3.45302 -20.6124 -18.1393 3.35556 -21.5824 
-17.9569 3.28949 -22.5632 -17.7847 3.23569 -23.5467 -17.5996 3.15649 -24.5261 
-17.4022 3.01023 -25.4949 -17.2053 2.78324 -26.4483 -17.0135 2.47322 -27.3786 
-16.8208 2.0743 -28.2745 -16.6474 1.59213 -29.1316 -16.4935 1.00487 -29.9249 
-16.3347 0.342465 -30.6563 -16.154 -0.343323 -31.3612 -15.956 -0.970697 -32.1115 
-15.7445 -1.44453 -32.962 -15.5336 -1.76587 -33.884 -15.3316 -2.0036 -34.8338 
-15.142 -2.20365 -35.795 -14.9797 -2.40639 -36.7605 -14.854 -2.63774 -37.7249 
-14.7736 -2.92746 -38.6782 -14.7305 -3.26368 -39.6188 -14.7267 -3.63854 -40.5456 
-14.7469 -4.03375 -41.4639 -14.7705 -4.42381 -42.3843 -14.7991 -4.78889 -43.3147 
-26.7372 0.761104 40.7009 -26.8178 0.960901 39.7257 -26.9817 1.10475 38.75 
-27.1783 1.23164 37.7778 -27.3854 1.35323 36.8071 -27.5974 1.47644 35.8376 
-27.8238 1.60698 34.8725 -28.0731 1.7463 33.9141 -28.337 1.89364 32.961 
-28.6284 2.04661 32.0167 -28.9534 2.20375 31.0844 -29.3135 2.37073 30.1666 
-29.6919 2.54917 29.2584 -30.0755 2.74839 28.3566 -30.4613 2.97183 27.4616 
-30.846 3.22529 26.5741 -31.2197 3.50321 25.6893 -31.5661 3.79783 24.7988 
-31.868 4.10672 23.8969 -32.135 4.41938 22.9855 -32.389 4.73942 22.0728 
-32.656 5.07278 21.1686 -32.924 5.41436 20.268 -33.1604 5.75108 19.3569 
-33.3369 6.0639 18.424 -33.4342 6.33213 17.4666 -33.446 6.55048 16.4915 
-33.3879 6.72527 15.5091 -33.2743 6.8629 14.5254 -33.1207 6.97292 13.5435 
-32.9426 7.05604 12.5632 -32.7469 7.10306 11.5837 -32.5457 7.11027 10.6044 
-32.3463 7.07942 9.62504 -32.1353 7.01941 8.64948 -31.8978 6.95316 7.68046 
-31.6415 6.91052 6.71488 -31.3782 6.89773 5.75033 -31.1116 6.90758 4.78656 
-30.8412 6.9281 3.82406 -30.5596 6.9564 2.86496 -30.269 6.98349 1.90849 
-29.9728 7.00709 0.953683 -29.6705 7.02544 0.000634998 -29.3694 7.04006 -0.952841 
-29.0724 7.05229 -1.90764 -28.7729 7.05754 -2.8617 -28.4585 7.0481 -3.81088 
-28.1159 7.0281 -4.75002 -27.7472 7.00529 -5.67921 -27.3474 6.97503 -6.59507 
-26.9035 6.91786 -7.48905 -26.4053 6.80264 -8.34754 -25.8887 6.6266 -9.18534 
-25.3883 6.43087 -10.0287 -24.8962 6.24492 -10.8791 -24.3687 6.05934 -11.7073 
-23.784 5.86234 -12.4936 -23.1478 5.65121 -13.2355 -22.482 5.41956 -13.9446 
-21.8218 5.167 -14.6517 -21.1954 4.89712 -15.3827 -20.6185 4.62512 -16.1525 
-20.107 4.36358 -16.9702 -19.6619 4.12473 -17.8326 -19.2775 3.91933 -18.7319 
-18.9519 3.74915 -19.6617 -18.6782 3.61692 -20.6138 -18.4585 3.53204 -21.5854 
-18.2845 3.47881 -22.5685 -18.1372 3.43587 -23.5567 -17.9902 3.37651 -24.5439 
-17.8264 3.27031 -25.5242 -17.65 3.08766 -26.4907 -17.4682 2.82152 -27.4367 
-17.2864 2.47141 -28.3547 -17.1123 2.03947 -29.2393 -16.9366 1.52269 -30.0761 
-16.7381 0.90159 -30.8326 -16.5141 0.237175 -31.5454 -16.2794 -0.395721 -32.2817 
-16.0499 -0.902973 -33.1095 -15.844 -1.27326 -34.0129 -15.6532 -1.53529 -34.9583 
-15.4674 -1.74513 -35.9181 -15.293 -1.94844 -36.8815 -15.1386 -2.16366 -37.8457 
-15.0204 -2.42573 -38.8031 -14.9454 -2.74423 -39.7475 -14.9086 -3.09837 -40.6817 
-14.9079 -3.47871 -41.6064 -14.913 -3.87373 -42.525 -14.9077 -4.25215 -43.4505 
-24.5897 2.85579 40.1222 -24.9503 2.91145 39.4673 -25.368 3.00783 38.564 
-25.7475 3.10427 37.644 -26.1023 3.20474 36.7145 -26.4165 3.31727 35.7723 
-26.6778 3.45599 34.8173 -26.9122 3.63363 33.8617 -27.1474 3.86294 32.9174 
-27.4044 4.13165 31.9893 -27.7034 4.42387 31.0812 -28.0534 4.73435 30.1977 
-28.4326 5.05434 29.3294 -28.8238 5.37709 28.4676 -29.2148 5.70217 27.6066 
-29.596 6.03857 26.7454 -29.966 6.38337 25.8828 -30.3136 6.73213 25.0125 
-30.6239 7.08305 24.1292 -30.9079 7.42432 23.2333 -31.2164 7.74118 22.3374 
-31.6259 8.01727 21.469 -32.1218 8.26894 20.6381 -32.6008 8.51988 19.7972 
-33.0038 8.77719 18.92 -33.3139 9.03362 18.0055 -33.5262 9.26567 17.0573 
-33.631 9.45304 16.0821 -33.619 9.58395 15.0923 -33.4959 9.65865 14.1039 
-33.282 9.68682 13.1283 -33.0008 9.6715 12.1691 -32.6649 9.60048 11.2306 
-32.2804 9.46987 10.3174 -31.8699 9.30304 9.42101 -31.4661 9.13498 8.52188 
-31.0934 8.99298 7.60503 -30.7542 8.88233 6.67107 -30.4452 8.80063 5.72361 
-30.1535 8.74183 4.76896 -29.8687 8.69452 3.81154 -29.587 8.64868 2.85315 
-29.3048 8.59413 1.89536 -29.0207 8.53471 0.938398 -28.7362 8.47605 -0.0184825 
-28.4567 8.41524 -0.97669 -28.18 8.34379 -1.93495 -27.8942 8.2573 -2.8893 
-27.5824 8.15646 -3.83401 -27.2585 8.06003 -4.77518 -26.9385 7.97432 -5.71871 
-26.619 7.88928 -6.66235 -26.26 7.77763 -7.5882 -25.8322 7.60306 -8.47395 
-25.3517 7.36677 -9.31817 -24.861 7.10803 -10.1502 -24.3646 6.85425 -10.9804 
-23.8314 6.59923 -11.7865 -23.2444 6.34313 -12.5539 -22.6078 6.07034 -13.275 
-21.9521 5.77561 -13.97 -21.3132 5.45851 -14.6705 -20.7094 5.12397 -15.3938 
-20.1535 4.78397 -16.152 -19.6522 4.44745 -16.9487 -19.2169 4.1427 -17.7952 
-18.8369 3.87246 -18.679 -18.5093 3.65759 -19.5985 -18.2218 3.49517 -20.5421 
-17.9725 3.37503 -21.5028 -17.7568 3.29514 -22.4758 -17.5525 3.24245 -23.4533 
-17.3344 3.17348 -24.4265 -17.1057 3.04591 -25.391 -16.8848 2.83688 -26.3431 
-16.6735 2.54847 -27.2764 -16.46 2.17471 -28.1784 -16.2594 1.72514 -29.0479 
-16.0977 1.14819 -29.8461 -15.9503 0.480148 -30.5741 -15.7917 -0.238746 -31.2507 
-15.6052 -0.93402 -31.9444 -15.3819 -1.48714 -32.7366 -15.1311 -1.86062 -33.6274 
-14.8923 -2.11855 -34.5629 -14.6976 -2.31345 -35.5238 -14.5534 -2.49675 -36.496 
-14.4531 -2.70568 -37.4684 -14.3908 -2.96241 -38.4326 -14.3589 -3.2692 -39.3836 
-14.3551 -3.62217 -40.319 -14.3729 -4.00393 -41.243 -14.3937 -4.39042 -42.1651 
-14.4109 -4.77467 -43.0882 -25.4145 2.53196 39.6662 -25.7691 2.68261 38.7437 
-26.0999 2.81191 37.809 -26.4092 2.93864 36.8666 -26.6821 3.0726 35.914 
-26.9275 3.22088 34.9561 -27.1562 3.40589 34.0004 -27.3921 3.62959 33.0549 
-27.652 3.89408 32.1265 -27.9611 4.19083 31.2233 -28.313 4.50212 30.3407 
-28.6869 4.82548 29.4714 -29.0686 5.15534 28.608 -29.4481 5.48967 27.7453 
-29.8224 5.83375 26.8843 -30.1854 6.19184 26.024 -30.5296 6.55818 25.1596 
-30.8506 6.92446 24.2863 -31.1586 7.27826 23.4031 -31.5131 7.60264 22.5269 
-31.9737 7.88414 21.6867 -32.4674 8.14206 20.8563 -32.9168 8.39806 20.0011 
-33.2829 8.65699 19.1083 -33.5483 8.90742 18.1784 -33.6987 9.12289 17.2144 
-33.7595 9.29847 16.233 -33.7157 9.42093 15.2427 -33.5797 9.49441 14.2554 
-33.3605 9.52391 13.2808 -33.083 9.51197 12.3205 -32.7561 9.44587 11.3784 
-32.3858 9.32548 10.4576 -31.9888 9.16716 9.55381 -31.6012 9.01162 8.64528 
-31.2436 8.88482 7.72019 -30.9147 8.78833 6.78097 -30.6092 8.71832 5.83146 
-30.3189 8.66959 4.87579 -30.0365 8.63357 3.91716 -29.7574 8.59982 2.95753 
-29.4781 8.55796 1.99823 -29.1974 8.51015 1.0396 -28.9151 8.46231 0.081486 
-28.6362 8.41365 -0.877569 -28.3624 8.35532 -1.83758 -28.0816 8.27841 -2.79422 
-27.7796 8.18835 -3.74317 -27.4587 8.09986 -4.68614 -27.1427 8.02306 -5.63175 
-26.8347 7.95298 -6.58047 -26.4957 7.86763 -7.51672 -26.0893 7.73127 -8.41957 
-25.6231 7.53653 -9.28199 -25.133 7.30917 -10.1235 -24.6438 7.09544 -10.969 
-24.1288 6.88243 -11.799 -23.5464 6.66084 -12.5802 -22.9132 6.42409 -13.3167 
-22.2448 6.16411 -14.0133 -21.5798 5.87973 -14.7038 -20.9468 5.57162 -15.4138 
-20.3694 5.25585 -16.1662 -19.8427 4.94135 -16.9554 -19.3822 4.65164 -17.7938 
-18.9791 4.39719 -18.6723 -18.6257 4.18987 -19.5837 -18.324 4.04327 -20.5252 
-18.0708 3.94196 -21.487 -17.8574 3.87023 -22.4613 -17.6613 3.81117 -23.4401 
-17.4613 3.73137 -24.4164 -17.2554 3.59815 -25.3854 -17.0574 3.39223 -26.3432 
-16.8691 3.11152 -27.2838 -16.6699 2.76306 -28.1994 -16.4729 2.32371 -29.0747 
-16.2789 1.79922 -29.9026 -16.0798 1.15956 -30.6432 -15.8729 0.459617 -31.3264 
-15.6556 -0.239422 -32.0076 -15.4212 -0.865882 -32.7484 -15.1712 -1.35131 -33.5809 
-14.9214 -1.6619 -34.4966 -14.7174 -1.8806 -35.4501 -14.5664 -2.07182 -36.4199 
-14.456 -2.27437 -37.3926 -14.3829 -2.51754 -38.3595 -14.3443 -2.81435 -39.3134 
-14.3305 -3.14992 -40.2551 -14.3411 -3.51825 -41.1847 -14.3538 -3.90171 -42.1081 
-14.3582 -4.2842 -43.0321 -14.3499 -4.682 -43.9493 -24.7861 3.19004 39.6613 
-25.2538 3.23421 38.7805 -25.6646 3.30089 37.8714 -26.0376 3.38323 36.9473 
-26.371 3.48117 36.01 -26.6494 3.60634 35.0581 -26.8892 3.77447 34.1022 
-27.1219 4.0001 33.1564 -27.3689 4.26329 32.224 -27.6502 4.55682 31.3107 
-27.9904 4.87405 30.4258 -28.3652 5.20016 29.558 -28.7546 5.52761 28.6971 
-29.1467 5.85695 27.8382 -29.529 6.19714 26.979 -29.8987 6.54534 26.1176 
-30.2435 6.89943 25.2484 -30.5576 7.25623 24.3687 -30.8557 7.60472 23.4801 
-31.2032 7.92367 22.5991 -31.6659 8.19635 21.7576 -32.1932 8.44345 20.945 
-32.6922 8.68579 20.1135 -33.1041 8.93585 19.238 -33.4207 9.18454 18.3237 
-33.6333 9.41129 17.3745 -33.7366 9.59731 16.3987 -33.7264 9.7306 15.409 
-33.6076 9.8079 14.4203 -33.3963 9.83661 13.4441 -33.1143 9.82113 12.4855 
-32.7746 9.74944 11.5483 -32.3853 9.61843 10.6371 -31.9659 9.44506 9.74622 
-31.5539 9.27006 8.85214 -31.1751 9.12185 7.93888 -30.8354 9.00978 7.00523 
-30.5214 8.92163 6.06001 -30.2264 8.85588 5.1068 -29.9411 8.80538 4.14972 
-29.6595 8.7571 3.19142 -29.3774 8.70031 2.23371 -29.0941 8.63782 1.27673 
-28.8104 8.57707 0.319729 -28.5319 8.5146 -0.638664 -28.257 8.44234 -1.59737 
-27.9691 8.35168 -2.55067 -27.6576 8.24636 -3.49503 -27.3344 8.14589 -4.43598 
-27.0129 8.05397 -5.37843 -26.6978 7.96821 -6.32357 -26.3604 7.86702 -7.259 
-25.9573 7.70899 -8.15952 -25.4931 7.48526 -9.01553 -25.0038 7.22391 -9.84756 
-24.5087 6.96161 -10.6758 -23.9933 6.69894 -11.4914 -23.4258 6.43729 -12.2715 
-22.8074 6.1662 -13.0087 -22.1581 5.8796 -13.7131 -21.5092 5.56925 -14.4076 
-20.894 5.23431 -15.121 -20.3172 4.8914 -15.8621 -19.7998 4.5478 -16.6451 
-19.3442 4.22796 -17.4752 -18.945 3.93847 -18.3448 -18.5983 3.69578 -19.2502 
-18.2983 3.51589 -20.1866 -18.0352 3.38048 -21.1415 -17.8097 3.28925 -22.1111 
-17.602 3.23318 -23.0877 -17.3844 3.17707 -24.062 -17.1512 3.07543 -25.0288 
-16.9188 2.90655 -25.9861 -16.6997 2.64652 -26.9259 -16.4833 2.3065 -27.8404 
-16.2774 1.87134 -28.7152 -16.1084 1.33683 -29.541 -15.9674 0.691944 -30.2912 
-15.8231 -0.022072 -30.9757 -15.6529 -0.734306 -31.656 -15.4515 -1.3728 -32.3913 
-15.2026 -1.79738 -33.2571 -14.9515 -2.08587 -34.1806 -14.7385 -2.29507 -35.1341 
-14.5782 -2.47391 -36.1046 -14.4643 -2.66802 -37.0788 -14.392 -2.90723 -38.0466 
-14.3499 -3.19322 -39.0037 -14.338 -3.53201 -39.9442 -14.3504 -3.90656 -40.8712 
-14.3724 -4.29302 -41.7933 -14.3927 -4.67767 -42.716 -14.4039 -5.06942 -43.636 
-24.856 2.29659 40.4107 -25.1793 2.4203 39.7455 -25.5634 2.57175 38.8352 
-25.9109 2.70065 37.9065 -26.2336 2.82193 36.9679 -26.5249 2.95063 36.0201 
-26.7738 3.09693 35.0629 -27.0061 3.26718 34.1053 -27.2395 3.47632 33.1559 
-27.4927 3.725 32.2212 -27.7847 4.00419 31.3069 -28.1339 4.30328 30.419 
-28.51 4.61371 29.5461 -28.8956 4.93227 28.6801 -29.2804 5.25588 27.8157 
-29.6596 5.58826 26.9522 -30.0299 5.93141 26.089 -30.3811 6.28335 25.2214 
-30.6928 6.63684 24.3396 -30.9727 6.97918 23.4428 -31.2537 7.30505 22.5405 
-31.6075 7.59782 21.6537 -32.0644 7.8626 20.8049 -32.5226 8.12642 19.9561 
-32.9124 8.39349 19.0756 -33.2197 8.65858 18.1624 -33.4342 8.90057 17.2172 
-33.5543 9.10183 16.2467 -33.5573 9.2436 15.2582 -33.4499 9.32771 14.2687 
-33.2516 9.36798 13.2899 -32.9907 9.37069 12.3249 -32.6782 9.32007 11.3771 
-32.3169 9.20846 10.4517 -31.9267 9.05556 9.54383 -31.5375 8.89451 8.63695 
-31.1793 8.7591 7.71346 -30.8497 8.65314 6.77536 -30.5447 8.57658 5.82621 
-30.2542 8.52259 4.8709 -29.9707 8.48232 3.9128 -29.6892 8.44465 2.95396 
-29.4069 8.39943 1.99571 -29.1221 8.34681 1.03857 -28.8349 8.29292 0.0822315 
-28.5511 8.23808 -0.875092 -28.2714 8.17478 -1.83307 -27.9829 8.09422 -2.78709 
-27.6721 7.99961 -3.73277 -27.3449 7.90662 -4.67314 -27.0145 7.82337 -5.61328 
-26.6791 7.73878 -6.55148 -26.3055 7.62897 -7.47178 -25.8679 7.45893 -8.35378 
-25.3786 7.21751 -9.19129 -24.8853 6.95733 -10.0213 -24.3839 6.69706 -10.8463 
-23.8517 6.43354 -11.6504 -23.2665 6.16845 -12.4163 -22.6365 5.89005 -13.1411 
-21.9881 5.59259 -13.8418 -21.3527 5.27283 -14.5444 -20.747 4.93585 -15.265 
-20.1947 4.59216 -16.024 -19.6926 4.2528 -16.819 -19.2572 3.94386 -17.6639 
-18.8771 3.66754 -18.5459 -18.5502 3.44206 -19.4631 -18.2638 3.26823 -20.4049 
-18.0137 3.13654 -21.364 -17.799 3.04767 -22.3364 -17.6011 2.99732 -23.3153 
-17.3878 2.94174 -24.2905 -17.1539 2.83308 -25.256 -16.9219 2.64679 -26.2104 
-16.7057 2.3706 -27.1461 -16.4916 2.00957 -28.053 -16.3057 1.54984 -28.9198 
-16.1689 0.973791 -29.7233 -16.0508 0.310036 -30.4606 -15.9211 -0.406296 -31.146 
-15.7498 -1.08982 -31.8547 -15.5326 -1.61343 -32.6677 -15.2951 -1.96775 -33.5709 
-15.0666 -2.22551 -34.5092 -14.8589 -2.42747 -35.466 -14.6979 -2.61253 -36.4352 
-14.5832 -2.82161 -37.4061 -14.5109 -3.08161 -38.3685 -14.4726 -3.39391 -39.3175 
-14.4664 -3.75238 -40.2507 -14.4862 -4.14011 -41.1722 -14.5165 -4.52783 -42.0935 
-14.547 -4.90604 -43.0187 -14.5627 -5.28551 -43.9437 -27.5548 0.313503 39.8345 
-27.5761 0.45311 38.8457 -27.6839 0.556004 37.8572 -27.8363 0.651188 36.8736 
-28.0231 0.750996 35.8964 -28.2449 0.853348 34.9268 -28.4882 0.948269 33.9614 
-28.7479 1.02946 32.9992 -29.0236 1.08713 32.0398 -29.3223 1.10939 31.0859 
-29.6482 1.09827 30.1408 -30.0078 1.07474 29.2082 -30.4042 1.08105 28.2904 
-30.8287 1.14661 27.3878 -31.2552 1.29337 26.4961 -31.6572 1.50746 25.6062 
-32.0211 1.77697 24.7151 -32.3381 2.08777 23.8193 -32.6235 2.43764 22.9272 
-32.894 2.81376 22.041 -33.1536 3.21158 21.1611 -33.3886 3.61797 20.2785 
-33.5456 3.9948 19.3666 -33.6178 4.32304 18.4253 -33.6137 4.6011 17.4655 
-33.5409 4.83171 16.4958 -33.4184 5.01985 15.5216 -33.2682 5.17843 14.5457 
-33.1062 5.31663 13.5688 -32.9434 5.43601 12.5893 -32.788 5.53859 11.607 
-32.6539 5.61113 10.6188 -32.5436 5.65246 9.62584 -32.4334 5.67185 8.63218 
-32.2887 5.68155 7.64301 -32.0935 5.69145 6.66248 -31.8602 5.71358 5.69041 
-31.6066 5.75562 4.72408 -31.337 5.81135 3.76272 -31.054 5.87458 2.80574 
-30.7584 5.94453 1.85301 -30.451 6.01645 0.904165 -30.1336 6.08183 -0.04187 
-29.8109 6.1427 -0.986386 -29.4872 6.20532 -1.93049 -29.1592 6.26291 -2.8734 
-28.7277 6.32345 -4.04481 -28.2406 6.36806 -5.19477 -27.8065 6.38455 -6.09524 
-27.316 6.35812 -6.96566 -26.7852 6.27694 -7.80878 -26.2368 6.12156 -8.62989 
-25.7129 5.93497 -9.46091 -25.2078 5.73903 -10.3013 -24.6966 5.55628 -11.1411 
-24.1317 5.36565 -11.9433 -23.5121 5.16374 -12.7011 -22.8627 4.94452 -13.4292 
-22.2093 4.70605 -14.1476 -21.5764 4.45498 -14.8799 -20.9904 4.19522 -15.647 
-20.4534 3.94139 -16.4511 -19.9813 3.70434 -17.2996 -19.5877 3.49583 -18.1941 
-19.2594 3.32101 -19.122 -18.9901 3.1715 -20.0729 -18.7752 3.05352 -21.042 
-18.605 2.97056 -22.0237 -18.4827 2.92618 -23.015 -18.375 2.88906 -24.0084 
-18.2531 2.82296 -24.9986 -18.1047 2.69534 -25.9787 -17.9349 2.49728 -26.9436 
-17.757 2.2031 -27.8818 -17.5883 1.82878 -28.7929 -17.4486 1.33225 -29.6474 
-17.3062 0.743724 -30.442 -17.1273 0.0934713 -31.1798 -16.9025 -0.538799 -31.9206 
-16.677 -1.00903 -32.7661 -16.4851 -1.28752 -33.7051 -16.3325 -1.51718 -34.6662 
-16.1658 -1.71487 -35.632 -15.9771 -1.90574 -36.5954 -15.7901 -2.10596 -37.5569 
-15.6374 -2.34464 -38.5154 -15.5329 -2.64416 -39.4632 -15.4769 -2.9885 -40.4002 
-15.4606 -3.36385 -41.3266 -15.4737 -3.77035 -42.2401 -15.4721 -4.16288 -43.1598 
-15.4795 -4.49325 -44.103 -25.3928 2.64841 39.6876 -25.7584 2.79025 38.7682 
-26.0904 2.9157 37.8333 -26.4006 3.04102 36.891 -26.6815 3.17183 35.9404 
-26.929 3.31871 34.9827 -27.1577 3.50491 34.0274 -27.3925 3.73204 33.0825 
-27.6505 4.00164 32.1549 -27.9499 4.30056 31.2493 -28.2997 4.61698 30.3676 
-28.6722 4.94589 29.4998 -29.0547 5.27959 28.6383 -29.4349 5.61712 27.7771 
-29.8089 5.96484 26.9174 -30.1711 6.32594 26.0582 -30.5154 6.69561 25.1952 
-30.8389 7.06623 24.3246 -31.1547 7.42496 23.4463 -31.5242 7.75239 22.5774 
-32.004 8.03274 21.7479 -32.5166 8.28979 20.9287 -32.9845 8.53984 20.0817 
-33.3647 8.79351 19.1936 -33.6384 9.04053 18.2653 -33.7985 9.25697 17.3028 
-33.859 9.43217 16.3213 -33.8165 9.55752 15.3312 -33.6797 9.63292 14.3444 
-33.464 9.66499 13.3692 -33.1886 9.65665 12.4083 -32.866 9.59838 11.464 
-32.4983 9.48494 10.5415 -32.0974 9.32952 9.6389 -31.6951 9.16752 8.73788 
-31.3204 9.03097 7.82119 -30.9799 8.92807 6.88678 -30.667 8.85361 5.94003 
-30.3734 8.8019 4.98557 -30.0901 8.76502 4.02725 -29.812 8.73265 3.06723 
-29.5348 8.69341 2.10721 -29.2577 8.648 1.14747 -28.9796 8.60328 0.187933 
-28.7053 8.55734 -0.772577 -28.4366 8.50066 -1.73411 -28.159 8.42167 -2.69148 
-27.8563 8.33187 -3.64024 -27.5401 8.24606 -4.58504 -27.2327 8.17273 -5.53373 
-26.9344 8.10843 -6.48603 -26.6046 8.02805 -7.42634 -26.1998 7.88919 -8.3288 
-25.7285 7.68666 -9.18633 -25.2386 7.46719 -10.03 -24.744 7.26392 -10.875 
-24.222 7.05714 -11.7022 -23.6389 6.83657 -12.4834 -22.9972 6.59432 -13.2103 
-22.3276 6.32882 -13.9038 -21.6634 6.03817 -14.5925 -21.0204 5.73081 -15.2938 
-20.4331 5.41069 -16.0365 -19.903 5.09047 -16.8211 -19.4272 4.78817 -17.6462 
-19.0081 4.51923 -18.5131 -18.642 4.29764 -19.4161 -18.3271 4.13931 -20.3514 
-18.0578 4.02811 -21.3078 -17.8307 3.949 -22.2783 -17.6257 3.88847 -23.2552 
-17.4185 3.81171 -24.2304 -17.2053 3.68505 -25.1987 -17.0005 3.48747 -26.1569 
-16.8084 3.21791 -27.1 -16.6103 2.88561 -28.0217 -16.4071 2.46001 -28.9025 
-16.2087 1.93792 -29.7305 -16.0091 1.32417 -30.493 -15.8036 0.626995 -31.1791 
-15.5895 -0.0861052 -31.8465 -15.3591 -0.745201 -32.5594 -15.1038 -1.27024 -33.3661 
-14.8416 -1.61213 -34.2659 -14.6367 -1.82721 -35.2198 -14.4865 -2.01244 -36.1907 
-14.3781 -2.20553 -37.1657 -14.3062 -2.43609 -38.1357 -14.2683 -2.72151 -39.093 
-14.2547 -3.04816 -40.0379 -14.2602 -3.40518 -40.9719 -14.274 -3.78379 -41.8973 
-14.2803 -4.16588 -42.8214 -14.2729 -4.56336 -43.7386 -26.0365 0.845543 41.0003 
-26.1936 1.02662 40.2897 -26.4186 1.21843 39.3348 -26.6594 1.36451 38.3754 
-26.9031 1.49428 37.4143 -27.1395 1.6219 36.451 -27.3689 1.7533 35.4866 
-27.6026 1.89623 34.5249 -27.8521 2.05256 33.5693 -28.1261 2.22569 32.6233 
-28.4277 2.4103 31.688 -28.7686 2.6065 30.7689 -29.1448 2.82547 29.8687 
-29.5307 3.0564 28.9756 -29.9138 3.30247 28.0854 -30.2934 3.57109 27.2001 
-30.6699 3.85945 26.3197 -31.0345 4.16356 25.4396 -31.3781 4.47758 24.5548 
-31.6768 4.80204 23.6574 -31.9394 5.12137 22.7471 -32.198 5.43415 21.833 
-32.4837 5.75369 20.9298 -32.7757 6.08031 20.0308 -33.0312 6.40061 19.119 
-33.2228 6.69615 18.1837 -33.3359 6.95039 17.2241 -33.3597 7.1543 16.2466 
-33.3105 7.31431 15.2612 -33.1934 7.43272 14.2757 -33.0271 7.52337 13.2938 
-32.8264 7.58041 12.3162 -32.5938 7.59039 11.3439 -32.3489 7.55556 10.3752 
-32.0991 7.4802 9.40989 -31.8387 7.38381 8.44923 -31.5741 7.30447 7.48825 
-31.3072 7.25467 6.52587 -31.0392 7.23073 5.56277 -30.7692 7.22644 4.59995 
-30.4926 7.23382 3.639 -30.2087 7.24288 2.68018 -29.9188 7.24902 1.72317 
-29.621 7.24842 0.768549 -29.3187 7.24068 -0.184643 -29.0196 7.23082 -1.13881 
-28.7225 7.21801 -2.09354 -28.417 7.19075 -3.04529 -28.1742 7.15973 -3.75418 
-27.9172 7.1238 -4.45784 -27.5517 7.07571 -5.3873 -27.1576 7.01964 -6.3045 
-26.7264 6.9412 -7.20314 -26.2351 6.80735 -8.06285 -25.7201 6.62284 -8.89979 
-25.2135 6.40092 -9.73276 -24.7164 6.18001 -10.5718 -24.1936 5.95204 -11.393 
-23.6189 5.71714 -12.1766 -22.9945 5.46894 -12.9167 -22.3468 5.20092 -13.6299 
-21.7036 4.91362 -14.3394 -21.0928 4.60869 -15.0699 -20.5279 4.30032 -15.8347 
-20.0205 3.99817 -16.6412 -19.5726 3.71716 -17.489 -19.1916 3.47093 -18.3797 
-18.8705 3.25873 -19.3022 -18.6 3.0881 -20.2492 -18.3718 2.95781 -21.2139 
-18.1917 2.87335 -22.1936 -18.0436 2.82208 -23.1811 -17.899 2.77424 -24.1694 
-17.7309 2.68823 -25.1511 -17.5457 2.53064 -26.1205 -17.3567 2.28743 -27.0712 
-17.1693 1.95597 -27.9949 -17.0019 1.52942 -28.8826 -16.8543 1.00405 -29.7192 
-16.7021 0.398407 -30.499 -16.5201 -0.262527 -31.2267 -16.316 -0.90233 -31.9673 
-16.1121 -1.4146 -32.796 -15.9202 -1.78171 -33.7043 -15.7455 -2.04614 -34.6524 
-15.56 -2.2548 -35.6125 -15.3747 -2.4466 -36.5762 -15.2145 -2.65975 -37.5397 
-15.0942 -2.92393 -38.4963 -15.0103 -3.23746 -39.4419 -14.9751 -3.59817 -40.3734 
-14.9894 -3.99595 -41.2906 -15.0189 -4.39655 -42.2064 -15.0605 -4.75567 -43.1385 
-26.3056 1.42379 40.5455 -26.4744 1.63841 39.5838 -26.6805 1.81291 38.6212 
-26.9049 1.9643 37.6585 -27.129 2.1029 36.6938 -27.347 2.23987 35.7276 
-27.5672 2.39002 34.7638 -27.8022 2.56543 33.808 -28.0629 2.76998 32.8645 
-28.3502 2.99555 31.9338 -28.6745 3.23724 31.0195 -29.0368 3.50111 30.1257 
-29.4127 3.78151 29.2425 -29.7791 4.0729 28.3589 -30.1408 4.38099 27.479 
-30.503 4.70729 26.6059 -30.8635 5.0513 25.7389 -31.2057 5.4059 24.8688 
-31.5264 5.75793 23.9896 -31.8391 6.09508 23.1016 -32.1833 6.41292 22.2184 
-32.5554 6.71511 21.3407 -32.9105 7.01385 20.4552 -33.2118 7.31047 19.5491 
-33.443 7.5932 18.6189 -33.5886 7.8418 17.6623 -33.6445 8.04504 16.6856 
-33.6124 8.19722 15.6987 -33.502 8.30276 14.711 -33.3273 8.37466 13.7294 
-33.107 8.41467 12.755 -32.849 8.40717 11.7894 -32.564 8.35544 10.8324 
-32.2591 8.26181 9.88478 -31.9405 8.14347 8.94439 -31.6269 8.03708 8.00089 
-31.3298 7.96453 7.04886 -31.042 7.91731 6.09242 -30.7608 7.89546 5.13305 
-30.4822 7.88783 4.17268 -30.2033 7.88356 3.2124 -29.9239 7.87953 2.25225 
-29.6407 7.86815 1.29324 -29.3534 7.84867 0.335617 -29.0662 7.82771 -0.622056 
-28.7838 7.8055 -1.58109 -28.4988 7.76618 -2.53874 -28.2734 7.72343 -3.25275 
-28.1165 7.6924 -3.72644 -27.8649 7.64746 -4.43155 -27.5227 7.59266 -5.36958 
-27.1719 7.53674 -6.30433 -26.7818 7.46002 -7.2213 -26.3295 7.32975 -8.10258 
-25.8328 7.134 -8.94793 -25.3354 6.91253 -9.78668 -24.8446 6.70507 -10.6328 
-24.3211 6.49206 -11.4574 -23.7418 6.27077 -12.2413 -23.1131 6.03252 -12.9809 
-22.4518 5.77289 -13.6845 -21.7926 5.49344 -14.3825 -21.1621 5.19087 -15.0971 
-20.57 4.87992 -15.8402 -20.0424 4.56989 -16.6304 -19.5728 4.27715 -17.4625 
-19.1651 4.01787 -18.3377 -18.8158 3.79683 -19.2476 -18.5199 3.63224 -20.1882 
-18.2665 3.51256 -21.1477 -18.0584 3.43104 -22.1221 -17.8802 3.37142 -23.1043 
-17.7066 3.31339 -24.0873 -17.5192 3.2176 -25.0647 -17.3243 3.05293 -26.031 
-17.1315 2.81712 -26.983 -16.9416 2.49988 -27.9116 -16.7505 2.08876 -28.8021 
-16.5702 1.5775 -29.6401 -16.3959 0.973334 -30.4168 -16.2048 0.291194 -31.1218 
-16.0032 -0.395344 -31.8201 -15.7882 -1.02197 -32.5677 -15.5682 -1.48613 -33.421 
-15.3509 -1.79094 -34.3473 -15.1444 -2.02076 -35.2981 -14.9572 -2.2231 -36.2593 
-14.8102 -2.43011 -37.2264 -14.7053 -2.67499 -38.1898 -14.6388 -2.97083 -39.1424 
-14.6064 -3.30957 -40.0825 -14.6098 -3.68446 -41.0093 -14.6256 -4.07642 -41.9291 
-14.6407 -4.46005 -42.8524 -14.6514 -4.82998 -43.7814 -24.828 2.57128 40.2856 
-25.1641 2.66619 39.622 -25.5689 2.79565 38.7172 -25.927 2.91597 37.7914 
-26.2664 3.03261 36.858 -26.569 3.1561 35.9132 -26.8302 3.29462 34.958 
-27.0664 3.45728 34.0002 -27.2987 3.66715 33.0507 -27.5483 3.91919 32.1159 
-27.8275 4.20069 31.1981 -28.1621 4.50272 30.3058 -28.5349 4.81754 29.4329 
-28.919 5.1401 28.5679 -29.3062 5.46536 27.7052 -29.6873 5.79964 26.8432 
-30.0607 6.14332 25.9815 -30.4112 6.4971 25.1144 -30.7276 6.85324 24.2354 
-31.0187 7.20237 23.3447 -31.3235 7.52946 22.451 -31.7194 7.81628 21.58 
-32.1978 8.07766 20.7418 -32.6581 8.33543 19.8926 -33.0503 8.59755 19.0116 
-33.3519 8.85661 18.0951 -33.5674 9.09567 17.1491 -33.6642 9.28484 16.1733 
-33.6507 9.41976 15.1839 -33.5322 9.50051 14.1953 -33.327 9.53673 13.2179 
-33.0577 9.53184 12.2552 -32.741 9.47913 11.309 -32.3758 9.36602 10.3853 
-31.9801 9.21293 9.47988 -31.5817 9.05159 8.57705 -31.213 8.91571 7.65778 
-30.8765 8.81117 6.72207 -30.5679 8.73635 5.77388 -30.2752 8.68258 4.81929 
-29.9916 8.64333 3.86118 -29.7115 8.60747 2.90187 -29.4316 8.56422 1.9428 
-29.1506 8.51447 0.98439 -28.8679 8.4643 0.0265005 -28.5891 8.41293 -0.93246 
-28.3148 8.35118 -1.8921 -28.0317 8.27105 -2.84777 -27.7253 8.17826 -3.79508 
-27.4049 8.0894 -4.73816 -27.0877 8.01093 -5.68327 -26.7771 7.93762 -6.63089 
-26.4321 7.84554 -7.56429 -26.0193 7.6994 -8.46267 -25.5492 7.49497 -9.32077 
-25.0596 7.26157 -10.1609 -24.5669 7.04028 -11.0024 -24.0396 6.81719 -11.8219 
-23.453 6.58647 -12.5973 -22.816 6.3395 -13.3271 -22.1486 6.06895 -14.0208 
-21.4932 5.77275 -14.7152 -20.868 5.45768 -15.4291 -20.2987 5.13515 -16.1847 
-19.7801 4.81488 -16.9771 -19.3277 4.52217 -17.8188 -18.9335 4.2646 -18.7004 
-18.5886 4.05583 -19.6148 -18.2939 3.9064 -20.5582 -18.042 3.80058 -21.5199 
-17.8276 3.72601 -22.4937 -17.6307 3.66808 -23.4724 -17.4276 3.58931 -24.4481 
-17.2176 3.45512 -25.4161 -17.0147 3.2509 -26.3735 -16.8222 2.97554 -27.3149 
-16.6221 2.62017 -28.227 -16.4259 2.1681 -29.0965 -16.2337 1.63517 -29.9192 
-16.0424 0.985273 -30.653 -15.8445 0.280747 -31.3342 -15.6353 -0.418889 -32.0173 
-15.4076 -1.03506 -32.7682 -15.1596 -1.49524 -33.6155 -14.9138 -1.78849 -34.5382 
-14.7105 -2.00023 -35.4938 -14.5591 -2.19054 -36.4634 -14.4524 -2.39538 -37.4362 
-14.384 -2.64485 -38.4017 -14.3472 -2.9442 -39.355 -14.3343 -3.28138 -40.2962 
-14.3483 -3.65504 -41.2235 -14.3612 -4.04029 -42.1462 -14.3678 -4.42329 -43.07 
-14.3598 -4.82684 -43.9846 -26.9079 0.93275 40.4216 -26.9704 1.11291 39.4412 
-27.1196 1.25622 38.4634 -27.3073 1.38442 37.4896 -27.5049 1.50806 36.5172 
-27.7125 1.63504 35.5472 -27.9432 1.77207 34.584 -28.1927 1.91902 33.6269 
-28.459 2.07634 32.6759 -28.7552 2.24014 31.7351 -29.0887 2.41214 30.8085 
-29.4539 2.5978 29.8963 -29.8312 2.7965 28.9918 -30.2099 3.0149 28.0924 
-30.5896 3.25618 27.1995 -30.9671 3.52886 26.3146 -31.3283 3.82389 25.43 
-31.6612 4.13165 24.5388 -31.9626 4.44681 23.639 -32.2319 4.7619 22.729 
-32.5025 5.0842 21.8219 -32.7859 5.41673 20.9225 -33.0488 5.75136 20.0177 
-33.2578 6.07205 19.0944 -33.3946 6.35694 18.1465 -33.4509 6.59506 17.1777 
-33.4304 6.78758 16.1973 -33.3449 6.93824 15.2128 -33.203 7.05262 14.2297 
-33.0303 7.14373 13.2491 -32.8316 7.19892 12.2707 -32.6195 7.21506 11.2937 
-32.4067 7.18988 10.317 -32.1905 7.12868 9.34274 -31.9549 7.05159 8.37403 
-31.7027 6.99469 7.40809 -31.442 6.96595 6.44314 -31.1775 6.95991 5.47882 
-30.9088 6.96992 4.51564 -30.6308 6.98845 3.55526 -30.3436 7.00753 2.5976 
-30.0485 7.02234 1.64229 -29.746 7.03117 0.689182 -29.4407 7.03416 -0.263073 
-29.1397 7.03539 -1.21673 -28.8385 7.03142 -2.17024 -28.5296 7.01631 -3.1212 
-28.2892 6.99768 -3.83136 -28.0308 6.97221 -4.53495 -27.6595 6.93651 -5.46267 
-27.2529 6.89191 -6.37497 -26.8009 6.8168 -7.26316 -26.2926 6.68256 -8.11322 
-25.7714 6.50326 -8.94743 -25.2651 6.29051 -9.78306 -24.7691 6.07954 -10.6253 
-24.2426 5.86457 -11.4473 -23.6581 5.63922 -12.2264 -23.0276 5.39845 -12.9639 
-22.3777 5.13846 -13.6779 -21.7332 4.85927 -14.3895 -21.1225 4.56321 -15.1237 
-20.5587 4.26487 -15.8934 -20.0535 3.97483 -16.7056 -19.6091 3.70577 -17.5592 
-19.2325 3.47188 -18.455 -18.9165 3.27104 -19.3818 -18.6521 3.10829 -20.332 
-18.4318 2.98567 -21.2994 -18.2564 2.90353 -22.2802 -18.1153 2.85381 -23.2688 
-17.9779 2.80546 -24.2582 -17.8174 2.71674 -25.2409 -17.6379 2.55567 -26.2108 
-17.4517 2.30969 -27.1612 -17.2665 1.97586 -28.0847 -17.1012 1.54716 -28.9717 
-16.9514 1.03328 -29.8153 -16.7837 0.420868 -30.5865 -16.5885 -0.235607 -31.3149 
-16.3764 -0.867108 -32.0603 -16.1708 -1.36257 -32.8985 -15.9845 -1.70651 -33.8173 
-15.8104 -1.96269 -34.7676 -15.6268 -2.16763 -35.7289 -15.4425 -2.36124 -36.6924 
-15.2821 -2.57689 -37.6553 -15.1618 -2.84446 -38.6108 -15.0818 -3.16371 -39.5547 
-15.0502 -3.52785 -40.4852 -15.0643 -3.92598 -41.4023 -15.0877 -4.32452 -42.3189 
-15.1215 -4.68468 -43.2509 -26.4816 0.966728 40.9381 -26.5684 1.13315 40.2121 
-26.7204 1.31981 39.2421 -26.9188 1.46707 38.2731 -27.1341 1.60129 37.3059 
-27.3489 1.73073 36.3378 -27.5654 1.86459 35.3708 -27.7976 2.0119 34.4094 
-28.0525 2.17659 33.4566 -28.327 2.35658 32.5121 -28.631 2.54734 31.5788 
-28.977 2.75433 30.664 -29.3519 2.98138 29.7653 -29.7299 3.21796 28.8701 
-30.1027 3.47511 27.9786 -30.4738 3.75161 27.0922 -30.8431 4.05068 26.2123 
-31.2006 4.36757 25.334 -31.5296 4.69535 24.4485 -31.8265 5.0224 23.5514 
-32.1059 5.34029 22.6454 -32.3974 5.65589 21.7424 -32.7014 5.97527 20.8449 
-32.9853 6.29644 19.9417 -33.2154 6.60596 19.0196 -33.3732 6.88395 18.0728 
-33.4384 7.11081 17.1017 -33.4325 7.29656 16.1199 -33.3535 7.43715 15.1334 
-33.2136 7.54139 14.1491 -33.0295 7.61627 13.1692 -32.8123 7.65312 12.1941 
-32.5698 7.64386 11.2241 -32.3195 7.59314 10.2575 -32.0609 7.50292 9.29581 
-31.7951 7.40763 8.33651 -31.528 7.3382 7.37543 -31.2594 7.29776 6.41309 
-30.99 7.28302 5.45023 -30.7171 7.28503 4.48822 -30.4375 7.29217 3.52812 
-30.1519 7.29886 2.5698 -29.8602 7.30163 1.6133 -29.5613 7.29638 0.659027 
-29.2599 7.28481 -0.294384 -28.9634 7.27309 -1.24935 -28.6651 7.25408 -2.20358 
-28.3533 7.21776 -3.15301 -28.1048 7.18165 -3.85968 -27.8371 7.14351 -4.55922 
-27.4613 7.09096 -5.48439 -27.0517 7.02005 -6.39356 -26.5903 6.91397 -7.27396 
-26.0879 6.75395 -8.12287 -25.5718 6.53919 -8.95174 -25.0661 6.30262 -9.78132 
-24.5531 6.06256 -10.6053 -23.994 5.80519 -11.3931 -23.3966 5.53926 -12.1493 
-22.7644 5.25418 -12.8696 -22.1285 4.95402 -13.5805 -21.5084 4.63799 -14.2986 
-20.9219 4.31219 -15.0396 -20.3853 3.98771 -15.8181 -19.9062 3.67724 -16.6383 
-19.4929 3.40311 -17.5063 -19.1409 3.16068 -18.4097 -18.8491 2.95531 -19.3435 
-18.6038 2.79327 -20.2989 -18.4028 2.67648 -21.2711 -18.2452 2.60682 -22.2558 
-18.1065 2.56191 -23.245 -17.9604 2.50914 -24.2327 -17.7906 2.40768 -25.2125 
-17.6055 2.22632 -26.1776 -17.4194 1.95633 -27.1215 -17.2628 1.58557 -28.0354 
-17.1541 1.10935 -28.9067 -17.0648 0.549836 -29.73 -16.9424 -0.0724258 -30.5022 
-16.7586 -0.714867 -31.2459 -16.5592 -1.25842 -32.0558 -16.3685 -1.61038 -32.9699 
-16.207 -1.87417 -33.9206 -16.0527 -2.10718 -34.8806 -15.8718 -2.30409 -35.8442 
-15.6772 -2.4925 -36.8067 -15.5051 -2.70928 -37.7673 -15.3778 -2.98161 -38.7206 
-15.2985 -3.30615 -39.6625 -15.2814 -3.68277 -40.5882 -15.3062 -4.09266 -41.4999 
-15.3454 -4.48934 -42.4167 -15.3984 -4.83569 -43.353 -25.3984 1.85946 40.6197 
-25.6538 2.03275 39.9365 -25.964 2.2285 39.0065 -26.2639 2.38143 38.0649 
-26.5492 2.51746 37.1162 -26.8117 2.65213 36.1608 -27.0516 2.79662 35.2009 
-27.2784 2.96671 34.242 -27.5135 3.17576 33.2929 -27.7754 3.41706 32.3587 
-28.0612 3.67886 31.437 -28.3901 3.9592 30.5354 -28.7559 4.25832 29.6542 
-29.1378 4.56831 28.7835 -29.5157 4.88595 27.9139 -29.888 5.21358 27.0455 
-30.2587 5.55157 26.1805 -30.6139 5.90671 25.3158 -30.9496 6.26791 24.4459 
-31.2568 6.62321 23.5632 -31.5499 6.9628 22.6695 -31.9076 7.26756 21.7879 
-32.3367 7.54964 20.9301 -32.7571 7.82509 20.0658 -33.1259 8.10052 19.1785 
-33.3957 8.3673 18.2544 -33.579 8.60939 17.3027 -33.6633 8.80614 16.3272 
-33.6456 8.94872 15.3386 -33.5327 9.03903 14.35 -33.3421 9.09021 13.3701 
-33.0955 9.1048 12.4015 -32.8067 9.07351 11.445 -32.4786 8.99101 10.5042 
-32.1209 8.8669 9.57883 -31.7495 8.72233 8.66177 -31.3983 8.59798 7.73392 
-31.0753 8.50618 6.79206 -30.7713 8.44199 5.84169 -30.4817 8.40259 4.88542 
-30.1996 8.37703 3.92639 -29.9208 8.35685 2.96626 -29.643 8.33383 2.0059 
-29.3637 8.30242 1.04621 -29.0819 8.26646 0.087412 -28.7999 8.23063 -0.871328 
-28.5246 8.18771 -1.83171 -28.246 8.1252 -2.79001 -27.9461 8.04689 -3.74069 
-27.6269 7.96966 -4.68521 -27.3062 7.90316 -5.63001 -26.99 7.84305 -6.57681 
-26.6446 7.77186 -7.51187 -26.2263 7.64843 -8.41071 -25.75 7.46599 -9.27052 
-25.2579 7.25488 -10.115 -24.7691 7.05455 -10.9641 -24.2593 6.85948 -11.8018 
-23.6884 6.65574 -12.5961 -23.0557 6.43499 -13.3381 -22.3825 6.19071 -14.0359 
-21.7106 5.92169 -14.7256 -21.0682 5.62847 -15.4335 -20.4815 5.32879 -16.1852 
-19.9535 5.03258 -16.9805 -19.4848 4.75891 -17.8198 -19.0735 4.52065 -18.6989 
-18.7132 4.32486 -19.6102 -18.4063 4.19023 -20.5518 -18.1507 4.10155 -21.5142 
-17.9387 4.03808 -22.4893 -17.7486 3.97973 -23.4693 -17.5571 3.89884 -24.4473 
-17.3607 3.76643 -25.4185 -17.1726 3.56354 -26.3789 -16.9947 3.29065 -27.3241 
-16.8062 2.94885 -28.2442 -16.6134 2.51435 -29.1231 -16.4199 1.98265 -29.946 
-16.2127 1.34871 -30.6887 -15.9938 0.651188 -31.3708 -15.7617 -0.0341605 -32.0607 
-15.5143 -0.651088 -32.8057 -15.2584 -1.13579 -33.6378 -15.0069 -1.46728 -34.5462 
-14.7949 -1.70446 -35.4934 -14.6376 -1.90135 -36.4609 -14.5191 -2.10512 -37.4325 
-14.4357 -2.34405 -38.3996 -14.3892 -2.63797 -39.354 -14.3703 -2.97171 -40.2964 
-14.3756 -3.33374 -41.2283 -14.3867 -3.71551 -42.1525 -14.3892 -4.09696 -43.0769 
-14.3783 -4.484 -43.9988 -26.2307 1.4547 40.6588 -26.3601 1.62442 39.9399 
-26.5606 1.81527 38.9792 -26.7845 1.97616 38.0181 -27.0131 2.12093 37.0554 
-27.2357 2.2584 36.0902 -27.4542 2.40374 35.1253 -27.681 2.57118 34.166 
-27.9298 2.77 33.2183 -28.2089 2.99816 32.2855 -28.5191 3.24067 31.3665 
-28.8685 3.50278 30.4671 -29.2416 3.78645 29.5839 -29.6107 4.07858 28.7015 
-29.9739 4.38394 27.8214 -30.3354 4.70802 26.9472 -30.6961 5.05041 26.0797 
-31.0491 5.40641 25.2145 -31.3834 5.76546 24.3431 -31.7011 6.11275 23.4608 
-32.0396 6.44205 22.5795 -32.4206 6.74652 21.7066 -32.8037 7.04265 20.8319 
-33.1363 7.33619 19.9359 -33.4049 7.62288 19.017 -33.5892 7.88478 18.0706 
-33.6721 8.09989 17.0982 -33.6767 8.2717 16.114 -33.5975 8.3941 15.1254 
-33.4469 8.47646 14.1406 -33.2414 8.52736 13.1636 -32.9967 8.54071 12.1944 
-32.7183 8.50554 11.2348 -32.4157 8.4272 10.2852 -32.0933 8.31253 9.34562 
-31.767 8.19466 8.40779 -31.4558 8.10298 7.46198 -31.1596 8.04115 6.50895 
-30.8736 8.00744 5.5514 -30.5933 7.99377 4.59159 -30.3147 7.98705 3.63121 
-30.0368 7.98211 2.67063 -29.7575 7.9733 1.71045 -29.4743 7.95608 0.751568 
-29.1891 7.93406 -0.206635 -28.9076 7.91348 -1.16598 -28.6287 7.88222 -2.12575 
-28.3393 7.82926 -3.08143 -28.1075 7.78136 -3.79306 -27.8588 7.73657 -4.4992 
-27.5231 7.68295 -5.43964 -27.1813 7.63034 -6.3779 -26.8054 7.56205 -7.30168 
-26.3659 7.44135 -8.19018 -25.8759 7.25829 -9.04222 -25.381 7.04911 -9.8856 
-24.8922 6.8495 -10.7347 -24.3692 6.64933 -11.563 -23.7883 6.43922 -12.3488 
-23.156 6.21144 -13.0884 -22.4876 5.9591 -13.7879 -21.8256 5.68039 -14.4836 
-21.1968 5.38315 -15.2016 -20.6021 5.08282 -15.9472 -20.0612 4.78261 -16.7324 
-19.5864 4.49838 -17.5645 -19.1758 4.2504 -18.4413 -18.8198 4.03936 -19.3513 
-18.5145 3.87942 -20.2895 -18.2591 3.7713 -21.2499 -18.0529 3.70171 -22.2257 
-17.8722 3.6458 -23.2076 -17.695 3.58253 -24.1897 -17.5063 3.47686 -25.1658 
-17.3157 3.30206 -26.1311 -17.1304 3.04841 -27.08 -16.9417 2.72681 -28.0074 
-16.7505 2.31251 -28.8963 -16.5644 1.8127 -29.7403 -16.3744 1.2038 -30.5088 
-16.1676 0.521252 -31.2094 -15.9488 -0.157959 -31.9097 -15.7185 -0.760181 -32.6708 
-15.4842 -1.23062 -33.5182 -15.2554 -1.55118 -34.436 -15.044 -1.78738 -35.3842 
-14.8609 -1.99397 -36.3452 -14.7196 -2.20193 -37.3129 -14.6185 -2.44155 -38.278 
-14.5592 -2.739 -39.2307 -14.5287 -3.07367 -40.1723 -14.5286 -3.43924 -41.103 
-14.5408 -3.82554 -42.0252 -14.5452 -4.21136 -42.9478 -14.5429 -4.59046 -43.8731 
-26.0352 1.52367 40.5162 -26.2589 1.74705 39.5676 -26.4988 1.92676 38.6138 
-26.7453 2.07934 37.6567 -26.9846 2.21807 36.6959 -27.2127 2.35539 35.7319 
-27.4366 2.50698 34.7692 -27.6691 2.68578 33.8133 -27.9259 2.89692 32.8704 
-28.2155 3.1352 31.9435 -28.5391 3.38708 31.0317 -28.9009 3.66129 30.1409 
-29.2774 3.95378 29.2619 -29.6471 4.2533 28.3824 -30.0121 4.56841 27.5063 
-30.3765 4.90005 26.6361 -30.7389 5.24754 25.7714 -31.0829 5.60542 24.9034 
-31.4035 5.96027 24.0252 -31.7128 6.30124 23.1375 -32.0508 6.6218 22.2532 
-32.4412 6.91968 21.382 -32.8209 7.21198 20.5045 -33.1481 7.50238 19.6056 
-33.4002 7.78313 18.6803 -33.5597 8.03113 17.7259 -33.6292 8.23537 16.75 
-33.6175 8.39374 15.764 -33.5165 8.50035 14.7754 -33.346 8.56986 13.7929 
-33.1239 8.60568 12.8189 -32.8565 8.59095 11.8557 -32.5595 8.53236 10.9029 
-32.2394 8.43005 9.96127 -31.9051 8.30036 9.02775 -31.5822 8.18556 8.08842 
-31.2774 8.10085 7.13989 -30.9855 8.04514 6.18516 -30.7018 8.0154 5.22676 
-30.4219 8.00073 4.26683 -30.1429 7.98993 3.30658 -29.8638 7.97864 2.34641 
-29.5815 7.95945 1.38731 -29.2947 7.93255 0.429676 -29.0077 7.90443 -0.527834 
-28.7255 7.8749 -1.48675 -28.4411 7.82887 -2.44429 -28.2161 7.78085 -3.15807 
-27.976 7.72937 -3.86666 -27.639 7.6644 -4.80591 -27.2959 7.60398 -5.74329 
-26.9338 7.53556 -6.67276 -26.5179 7.43108 -7.57558 -26.0433 7.26043 -8.43804 
-25.5422 7.03633 -9.27384 -25.0479 6.80742 -10.1124 -24.5455 6.58603 -10.948 
-23.9975 6.35526 -11.7514 -23.3916 6.11153 -12.5084 -22.7463 5.85072 -13.2262 
-22.0914 5.56877 -13.9271 -21.4513 5.26529 -14.6327 -20.8583 4.94738 -15.372 
-20.3158 4.63195 -16.15 -19.8415 4.33652 -16.9788 -19.4215 4.07347 -17.8466 
-19.0696 3.85571 -18.7566 -18.7654 3.68167 -19.6929 -18.505 3.5545 -20.6495 
-18.292 3.46948 -21.6225 -18.1196 3.41269 -22.6057 -17.9635 3.35868 -23.5919 
-17.7966 3.2791 -24.5746 -17.6155 3.14267 -25.5481 -17.4283 2.92735 -26.506 
-17.2417 2.62944 -27.4414 -17.0544 2.24778 -28.3457 -16.8771 1.78136 -29.2113 
-16.7039 1.21793 -30.0168 -16.5149 0.559742 -30.7451 -16.3099 -0.111805 -31.4569 
-16.0931 -0.733856 -32.2081 -15.8805 -1.26557 -33.0257 -15.6756 -1.62585 -33.9331 
-15.4795 -1.88154 -34.8792 -15.2884 -2.09095 -35.8381 -15.1157 -2.29273 -36.8022 
-14.9729 -2.51769 -37.7658 -14.8726 -2.79444 -38.7208 -14.8086 -3.11607 -39.6653 
-14.7867 -3.47768 -40.597 -14.8007 -3.86903 -41.5171 -14.8147 -4.26233 -42.4363 
-14.8334 -4.62965 -43.3661 -25.8045 1.99516 40.2633 -26.0063 2.15945 39.5601 
-26.2803 2.33303 38.6142 -26.5532 2.481 37.6637 -26.8129 2.61935 36.7079 
-27.0529 2.75981 35.7475 -27.278 2.91752 34.786 -27.5042 3.11342 33.832 
-27.7514 3.34239 32.8907 -28.0318 3.6038 31.9673 -28.3509 3.88779 31.0634 
-28.7116 4.19458 30.1827 -29.0869 4.51369 29.3125 -29.4583 4.84 28.4432 
-29.8234 5.17709 27.5755 -30.1883 5.52598 26.7122 -30.5455 5.8911 25.8526 
-30.885 6.26809 24.9909 -31.207 6.63959 24.1201 -31.5304 6.99495 23.2432 
-31.9216 7.31479 22.3813 -32.3824 7.60075 21.5412 -32.8355 7.87004 20.6916 
-33.2203 8.13804 19.8092 -33.5215 8.40351 18.8943 -33.7239 8.64787 17.9471 
-33.8245 8.85308 16.9747 -33.8277 9.01033 15.9881 -33.7407 9.11847 14.9986 
-33.5753 9.18377 14.0151 -33.3476 9.21315 13.0421 -33.075 9.20342 12.0804 
-32.7578 9.13616 11.1347 -32.4091 9.02621 10.2042 -32.0377 8.88471 9.28667 
-31.6709 8.74853 8.36645 -31.3306 8.64178 7.43239 -31.0156 8.56728 6.48639 
-30.7194 8.52085 5.53243 -30.4338 8.49218 4.57456 -30.1544 8.4728 3.61457 
-29.8782 8.45626 2.65363 -29.6027 8.43287 1.69263 -29.326 8.40338 0.732128 
-29.0481 8.3723 -0.227987 -28.7739 8.33942 -1.18909 -28.5042 8.29062 -2.15073 
-28.2224 8.2201 -3.1075 -27.9905 8.16249 -3.81842 -27.7516 8.1088 -4.52734 
-27.4399 8.04702 -5.47549 -27.1368 7.99536 -6.427 -26.8067 7.93643 -7.36881 
-26.3997 7.82278 -8.27379 -25.9339 7.65804 -9.14262 -25.4434 7.46476 -9.99232 
-24.9523 7.27868 -10.8433 -24.4407 7.09975 -11.6832 -23.8851 6.90994 -12.4923 
-23.2653 6.70298 -13.2484 -22.5926 6.47335 -13.9515 -21.9111 6.21846 -14.6375 
-21.2497 5.94005 -15.3336 -20.635 5.64711 -16.0655 -20.0843 5.35482 -16.8468 
-19.5953 5.07995 -17.6737 -19.1591 4.83627 -18.5395 -18.7768 4.63589 -19.4408 
-18.4449 4.49664 -20.3731 -18.1644 4.40945 -21.3286 -17.9307 4.35009 -22.299 
-17.7229 4.2967 -23.2757 -17.5176 4.22301 -24.2514 -17.3107 4.09466 -25.2211 
-17.1166 3.90864 -26.1839 -16.9415 3.65147 -27.1339 -16.7596 3.31317 -28.0565 
-16.5654 2.89529 -28.9432 -16.368 2.37825 -29.7739 -16.1562 1.76935 -30.5368 
-15.9263 1.08319 -31.2262 -15.6828 0.382504 -31.8967 -15.4269 -0.28558 -32.5938 
-15.1481 -0.83963 -33.3742 -14.8755 -1.2331 -34.2491 -14.659 -1.47565 -35.1931 
-14.5042 -1.66774 -36.1619 -14.3913 -1.85953 -37.1367 -14.3041 -2.07034 -38.1102 
-14.2523 -2.33968 -39.0714 -14.2341 -2.66066 -40.018 -14.235 -3.00726 -40.956 
-14.2456 -3.37536 -41.8857 -14.251 -3.75347 -42.8113 -14.2452 -4.12752 -43.7386 
-28.1207 0.942299 40.4596 -27.9515 1.08722 39.4858 -27.9082 1.21057 38.4958 
-27.9618 1.32547 37.5046 -28.0772 1.4378 36.5179 -28.2413 1.55628 35.5387 
-28.4449 1.68094 34.5677 -28.6723 1.81384 33.6031 -28.9258 1.95329 32.646 
-29.2101 2.08956 31.6971 -29.5266 2.21769 30.7573 -29.871 2.34835 29.8277 
-30.2368 2.48499 28.9071 -30.6115 2.63587 27.9923 -30.9925 2.8252 27.0877 
-31.368 3.0614 26.1917 -31.7271 3.33261 25.2988 -32.0581 3.62786 24.4026 
-32.3587 3.94337 23.5026 -32.6365 4.27154 22.5998 -32.917 4.61245 21.7026 
-33.188 4.9691 20.8085 -33.4177 5.32411 19.9029 -33.5791 5.65015 18.9722 
-33.6588 5.92801 18.0158 -33.6498 6.15078 17.0414 -33.585 6.33758 16.0616 
-33.4706 6.4889 15.08 -33.3218 6.61357 14.0991 -33.153 6.71671 13.1189 
-32.9757 6.79195 12.1377 -32.7982 6.83202 11.1545 -32.6295 6.83766 10.169 
-32.4578 6.81402 9.18418 -32.2616 6.77367 8.20452 -32.0297 6.7352 7.23269 
-31.7719 6.71969 6.26675 -31.5065 6.73049 5.30271 -31.2383 6.7598 4.33984 
-30.9641 6.79948 3.37898 -30.68 6.84583 2.42133 -30.3869 6.89207 1.46636 
-30.0889 6.93565 0.512779 -29.7881 6.97633 -0.440023 -29.4909 7.01542 -1.39407 
-29.1972 7.05028 -2.34931 -28.9008 7.0769 -3.30397 -28.6708 7.0896 -4.0177 
-28.4208 7.09528 -4.72477 -28.0702 7.10186 -5.6612 -27.6896 7.1064 -6.58572 
-27.2611 7.08564 -7.48835 -26.7741 7.01184 -8.35813 -26.2475 6.86717 -9.19536 
-25.7369 6.69829 -10.0383 -25.2467 6.53156 -10.8939 -24.7424 6.37712 -11.743 
-24.1785 6.21661 -12.5521 -23.5486 6.04263 -13.3088 -22.8708 5.84673 -14.017 
-22.188 5.6276 -14.7139 -21.5295 5.39224 -15.4283 -20.9238 5.15615 -16.1876 
-20.3668 4.92975 -16.9862 -19.8743 4.71589 -17.8293 -19.4549 4.53811 -18.7188 
-19.0847 4.39573 -19.6365 -18.7736 4.29016 -20.5802 -18.523 4.2341 -21.5463 
-18.3214 4.20189 -22.5252 -18.1495 4.16652 -23.5096 -17.9839 4.10638 -24.4939 
-17.8127 4.00356 -25.4735 -17.6495 3.82743 -26.4435 -17.4949 3.56614 -27.3957 
-17.3347 3.22229 -28.3201 -17.1702 2.79886 -29.2106 -17.0037 2.27995 -30.0477 
-16.819 1.68524 -30.8291 -16.5966 1.01302 -31.5345 -16.3447 0.355404 -32.2437 
-16.0705 -0.225689 -33.0083 -15.82 -0.650577 -33.875 -15.6101 -0.953598 -34.8035 
-15.421 -1.18279 -35.7579 -15.2453 -1.39068 -36.7201 -15.0917 -1.60549 -37.6845 
-14.9591 -1.84189 -38.647 -14.845 -2.10259 -39.6049 -14.795 -2.43447 -40.5463 
-14.7784 -2.79355 -41.4794 -14.7742 -3.16715 -42.4069 -14.7679 -3.54939 -43.3309 
-28.2169 0.859924 40.3335 -28.0951 0.967777 39.6018 -28.0254 1.08718 38.612 
-28.054 1.19609 37.6192 -28.1562 1.30174 36.6304 -28.3115 1.41486 35.6493 
-28.5099 1.53285 34.6764 -28.7331 1.65654 33.7095 -28.9827 1.78348 32.7496 
-29.2586 1.90253 31.796 -29.5643 2.00627 30.8497 -29.9009 2.10056 29.9128 
-30.2637 2.19452 28.9857 -30.6405 2.29967 28.0656 -31.0282 2.44631 27.1558 
-31.4114 2.64829 26.2548 -31.773 2.89731 25.3565 -32.1071 3.17738 24.4567 
-32.4117 3.48874 23.5567 -32.6908 3.82197 22.6562 -32.9632 4.17267 21.7603 
-33.229 4.5417 20.8698 -33.4534 4.91082 19.9683 -33.5975 5.24339 19.0369 
-33.6695 5.5317 18.083 -33.6623 5.76917 17.1123 -33.5902 5.96367 16.1344 
-33.4717 6.12297 15.1546 -33.3228 6.25655 14.1749 -33.1577 6.37013 13.1952 
-32.9881 6.45911 12.2138 -32.8229 6.51507 11.2293 -32.6723 6.53713 10.241 
-32.5257 6.53244 9.25187 -32.3472 6.50943 8.26836 -32.1257 6.48559 7.29365 
-31.8747 6.48057 6.32578 -31.6128 6.50084 5.36096 -31.3446 6.53789 4.39834 
-31.0669 6.58541 3.43886 -30.7785 6.63926 2.48285 -30.4824 6.69299 1.52924 
-30.1805 6.74332 0.577251 -29.8756 6.79099 -0.373982 -29.5723 6.83798 -1.32569 
-29.2721 6.8814 -2.27857 -28.9703 6.91614 -3.23132 -28.6531 6.94018 -4.17928 
-28.3093 6.95571 -5.11813 -27.9361 6.96772 -6.0457 -27.5233 6.96558 -6.95625 
-27.0543 6.91835 -7.83732 -26.534 6.79992 -8.68205 -26.0059 6.63229 -9.51435 
-25.5075 6.45764 -10.3635 -25.0172 6.29107 -11.219 -24.4881 6.13199 -12.0518 
-23.8901 5.96175 -12.8342 -23.2348 5.77314 -13.565 -22.5535 5.56579 -14.2669 
-21.8848 5.3363 -14.9741 -21.2551 5.09914 -15.7131 -20.6777 4.86693 -16.4951 
-20.1639 4.64988 -17.3245 -19.7127 4.45071 -18.194 -19.3259 4.292 -19.1018 
-18.997 4.16743 -20.0375 -18.7268 4.08347 -20.996 -18.5118 4.03774 -21.9712 
-18.3385 4.00713 -22.9556 -18.1836 3.96465 -23.9425 -18.0253 3.88802 -24.9268 
-17.8617 3.75525 -25.9039 -17.7019 3.54528 -26.8679 -17.5402 3.2519 -27.8093 
-17.3734 2.87969 -28.7212 -17.2154 2.41003 -29.5887 -17.0498 1.85444 -30.4029 
-16.8512 1.22286 -31.1509 -16.6154 0.552406 -31.8544 -16.356 -0.0649301 -32.5961 
-16.0975 -0.557617 -33.4223 -15.8857 -0.900852 -34.3359 -15.6967 -1.15234 -35.2847 
-15.5155 -1.35816 -36.2463 -15.3459 -1.56352 -37.2102 -15.2006 -1.78792 -38.1736 
-15.0685 -2.02906 -39.1351 -14.9731 -2.32182 -40.0854 -14.9367 -2.67496 -41.0202 
-14.9219 -3.04255 -41.9501 -14.9156 -3.42825 -42.8726 -14.9018 -3.80658 -43.7981 
-28.2214 0.740089 40.4757 -28.0788 0.860249 39.7495 -27.9964 0.986827 38.7629 
-28.0319 1.09372 37.7698 -28.1312 1.1965 36.7803 -28.2847 1.30633 35.7984 
-28.4806 1.42136 34.8247 -28.7028 1.53912 33.8569 -28.9478 1.65881 32.8949 
-29.2192 1.77006 31.9389 -29.5185 1.8632 30.9895 -29.8489 1.93983 30.0489 
-30.2087 2.01061 29.1185 -30.5859 2.08787 28.1957 -30.9781 2.20298 27.2836 
-31.3666 2.3864 26.3807 -31.7358 2.61964 25.4814 -32.0775 2.89094 24.5819 
-32.3849 3.19646 23.6809 -32.668 3.5291 22.7814 -32.9389 3.88242 21.8861 
-33.2013 4.25902 20.9977 -33.4306 4.63728 20.1012 -33.5921 4.98734 19.1795 
-33.6702 5.28753 18.2297 -33.6726 5.53842 17.2622 -33.6038 5.74267 16.2861 
-33.4881 5.91068 15.3075 -33.3427 6.05208 14.3284 -33.1818 6.17357 13.3489 
-33.017 6.27047 12.3675 -32.8582 6.33687 11.3824 -32.7104 6.37973 10.3945 
-32.574 6.39178 9.40395 -32.422 6.38233 8.41574 -32.228 6.36488 7.4351 
-31.9934 6.35416 6.46314 -31.7374 6.36718 5.49664 -31.4724 6.404 4.53312 
-31.1992 6.45335 3.57242 -30.9157 6.51099 2.61522 -30.6224 6.5737 1.66126 
-30.3222 6.63613 0.709453 -30.0172 6.69418 -0.241123 -29.7119 6.75232 -1.19161 
-29.4095 6.80883 -2.14313 -29.1064 6.85738 -3.09483 -28.7952 6.89765 -4.04429 
-28.4568 6.92755 -4.98473 -28.089 6.95187 -5.91422 -27.6833 6.96398 -6.8279 
-27.2195 6.93133 -7.71203 -26.7037 6.83614 -8.56269 -26.171 6.67921 -9.39402 
-25.67 6.51027 -10.2428 -25.1801 6.3476 -11.0992 -24.669 6.19697 -11.9452 
-24.0853 6.03658 -12.7401 -23.4429 5.86269 -13.4858 -22.7608 5.66694 -14.1903 
-22.0822 5.45081 -14.8922 -21.4376 5.2253 -15.6222 -20.8384 5.00348 -16.391 
-20.3106 4.79646 -17.2139 -19.8398 4.60544 -18.0748 -19.4338 4.45068 -18.9749 
-19.0847 4.33174 -19.9039 -18.7884 4.2445 -20.8547 -18.5568 4.203 -21.8262 
-18.3709 4.17869 -22.8083 -18.2085 4.14394 -23.7944 -18.0476 4.07531 -24.7788 
-17.8815 3.96227 -25.7581 -17.7271 3.75921 -26.7241 -17.5761 3.47793 -27.6711 
-17.419 3.112 -28.5876 -17.266 2.65615 -29.4632 -17.1145 2.1126 -30.2881 
-16.9337 1.49146 -31.0495 -16.7075 0.822838 -31.7575 -16.445 0.194191 -32.4882 
-16.1707 -0.32404 -33.2943 -15.9389 -0.695274 -34.1916 -15.7507 -0.950732 -35.1394 
-15.5698 -1.16283 -36.0996 -15.396 -1.36834 -37.0628 -15.2448 -1.58773 -38.0265 
-15.1114 -1.82594 -38.9884 -14.9834 -2.07803 -39.9475 -14.9278 -2.41083 -40.8875 
-14.912 -2.77587 -41.8183 -14.902 -3.15878 -42.742 -14.8878 -3.53606 -43.6679 
-24.9744 3.33952 39.2335 -25.4248 3.37491 38.3416 -25.8281 3.43432 37.4287 
-26.1938 3.51431 36.5015 -26.5063 3.61729 35.5578 -26.7645 3.7591 34.6024 
-26.9979 3.95641 33.6507 -27.2359 4.20275 32.7113 -27.4976 4.48129 31.7876 
-27.8084 4.79132 30.8895 -28.1698 5.11771 30.0162 -28.5527 5.44582 29.1527 
-28.9461 5.77527 28.2943 -29.3351 6.11059 27.4363 -29.7123 6.45647 26.5772 
-30.0705 6.80939 25.7129 -30.3997 7.16793 24.8395 -30.7057 7.5252 23.957 
-31.0268 7.86444 23.0733 -31.4465 8.16035 22.2164 -31.9693 8.41719 21.4049 
-32.5057 8.65574 20.5956 -32.9738 8.89717 19.7466 -33.3368 9.14545 18.8494 
-33.607 9.38348 17.9177 -33.7674 9.5912 16.9541 -33.8151 9.75336 15.9698 
-33.7514 9.86143 14.979 -33.587 9.91646 13.9951 -33.3401 9.92562 13.0266 
-33.0312 9.88864 12.0768 -32.6696 9.79333 11.1501 -32.265 9.64559 10.2478 
-31.8391 9.46804 9.36071 -31.4334 9.30171 8.46213 -31.0655 9.16831 7.5422 
-30.7322 9.06555 6.60513 -30.4258 8.98842 5.65649 -30.1354 8.93192 4.70125 
-29.8531 8.88616 3.74307 -29.5728 8.8371 2.7844 -29.2928 8.77942 1.82615 
-29.0119 8.72025 0.868219 -28.733 8.66263 -0.0903305 -28.4601 8.59972 -1.05033 
-28.187 8.52248 -2.00918 -27.8927 8.42505 -2.95985 -27.5791 8.32196 -3.90373 
-27.2605 8.22849 -4.84699 -26.9549 8.14783 -5.7957 -26.6505 8.06699 -6.74471 
-26.2922 7.94836 -7.66998 -25.8597 7.76308 -8.55112 -25.3788 7.51956 -9.39287 
-24.8902 7.27392 -10.2301 -24.3851 7.03063 -11.058 -23.8302 6.78162 -11.8514 
-23.233 6.52631 -12.6113 -22.5881 6.25041 -13.3236 -21.9296 5.95519 -14.0158 
-21.288 5.63635 -14.713 -20.6822 5.29946 -15.4334 -20.1316 4.95539 -16.1936 
-19.6348 4.62054 -16.9937 -19.1959 4.3146 -17.8379 -18.8081 4.03982 -18.7172 
-18.4735 3.82296 -19.6335 -18.1825 3.66364 -20.5765 -17.9319 3.55011 -21.5377 
-17.7132 3.47598 -22.5106 -17.5022 3.42097 -23.4864 -17.2785 3.3449 -24.4578 
-17.0462 3.2132 -25.4212 -16.8235 3.0069 -26.3736 -16.6106 2.71975 -27.3069 
-16.3934 2.3449 -28.2076 -16.1896 1.88398 -29.0701 -16.0126 1.30997 -29.8671 
-15.8496 0.641621 -30.5914 -15.6817 -0.086666 -31.2556 -15.4953 -0.802974 -31.9276 
-15.2827 -1.42834 -32.6682 -15.0196 -1.82602 -33.5449 -14.7738 -2.0895 -34.4762 
-14.5858 -2.27696 -35.44 -14.45 -2.45474 -36.4144 -14.3573 -2.65842 -37.3887 
-14.3027 -2.91175 -38.3542 -14.2773 -3.21604 -39.3062 -14.2749 -3.56349 -40.2437 
-14.2934 -3.943 -41.1686 -14.3119 -4.32801 -42.0914 -14.3257 -4.71445 -43.0136 
-14.3246 -5.12347 -43.9258 -28.471 1.0868 40.4958 -28.3106 1.1841 39.7701 
-28.1813 1.29646 38.7859 -28.1581 1.40591 37.793 -28.2214 1.51667 36.8016 
-28.3476 1.63251 35.8167 -28.5244 1.7551 34.8402 -28.7343 1.88696 33.8715 
-28.9725 2.02886 32.9108 -29.2421 2.17241 31.9587 -29.5437 2.31059 31.0154 
-29.8778 2.44864 30.0831 -30.2345 2.58894 29.1595 -30.5989 2.73198 28.2393 
-30.972 2.91575 27.3302 -31.3407 3.14886 26.4305 -31.6964 3.4213 25.5366 
-32.0343 3.71817 24.6436 -32.3489 4.0344 23.7486 -32.6446 4.3623 22.8514 
-32.9383 4.70114 21.9577 -33.2259 5.05433 21.0675 -33.4736 5.41228 20.1676 
-33.6603 5.74945 19.2454 -33.7531 6.03295 18.2922 -33.7646 6.26643 17.3202 
-33.7121 6.45992 16.341 -33.6065 6.61631 15.3593 -33.4636 6.74454 14.378 
-33.2977 6.85196 13.3979 -33.1217 6.9346 12.417 -32.9446 6.98397 11.4342 
-32.7731 7.00052 10.4492 -32.6004 6.98782 9.46439 -32.4022 6.95317 8.48498 
-32.1644 6.91437 7.5146 -31.8998 6.89508 6.55052 -31.63 6.90524 5.58774 
-31.3598 6.93552 4.62543 -31.0855 6.9777 3.66473 -30.8029 7.02718 2.70676 
-30.5134 7.07624 1.75086 -30.2212 7.12428 0.795706 -29.9266 7.17126 -0.158741 
-29.6357 7.21725 -1.11439 -29.3494 7.25891 -2.07162 -29.0638 7.29197 -3.0294 
-28.7668 7.31308 -3.98394 -28.4447 7.32613 -4.9305 -28.0984 7.34228 -5.86846 
-27.7178 7.35281 -6.79295 -27.2937 7.33463 -7.69764 -26.7957 7.24676 -8.5593 
-26.2736 7.10394 -9.39985 -25.7756 6.95065 -10.2533 -25.284 6.80497 -11.1118 
-24.756 6.66382 -11.9488 -24.1716 6.50934 -12.7448 -23.5187 6.33165 -13.4803 
-22.8253 6.13301 -14.1725 -22.1392 5.90711 -14.8639 -21.4819 5.66955 -15.5788 
-20.8859 5.44271 -16.3481 -20.337 5.22951 -17.1562 -19.8345 5.02592 -17.996 
-19.3974 4.85738 -18.879 -19.0154 4.72713 -19.7934 -18.6954 4.64913 -20.7366 
-18.4294 4.61721 -21.6997 -18.2107 4.59805 -22.6752 -18.0183 4.56614 -23.6559 
-17.8298 4.50019 -24.6356 -17.6471 4.37867 -25.6107 -17.4957 4.18233 -26.5788 
-17.3627 3.9056 -27.5299 -17.2211 3.54474 -28.4508 -17.0737 3.10237 -29.3349 
-16.9146 2.58345 -30.1739 -16.7349 1.96124 -30.9342 -16.5161 1.28182 -31.6339 
-16.2508 0.622849 -32.3367 -15.946 0.0647241 -33.1058 -15.66 -0.376095 -33.9538 
-15.4349 -0.689412 -34.8747 -15.2397 -0.93071 -35.825 -15.061 -1.15509 -36.783 
-14.9116 -1.3728 -37.7473 -14.7908 -1.61245 -38.7105 -14.6823 -1.87038 -39.6706 
-27.1605 0.738263 40.5919 -27.1558 0.922165 39.6107 -27.2663 1.06253 38.6278 
-27.432 1.18389 37.6493 -27.6158 1.3003 36.6732 -27.8158 1.42083 35.701 
-28.0439 1.54891 34.7358 -28.2882 1.68183 33.7754 -28.5507 1.82136 32.8206 
-28.8411 1.96191 31.8742 -29.1721 2.10064 30.9409 -29.5278 2.24348 30.0174 
-29.9027 2.39718 29.1031 -30.2868 2.57246 28.1967 -30.6754 2.77051 27.297 
-31.0615 3.00958 26.4062 -31.429 3.27972 25.5163 -31.7686 3.56961 24.6217 
-32.0751 3.8721 23.7193 -32.341 4.18814 22.8088 -32.5984 4.518 21.9005 
-32.8647 4.86294 21.0005 -33.1077 5.21194 20.0956 -33.3016 5.54556 19.1736 
-33.4213 5.83941 18.2262 -33.4546 6.0805 17.2566 -33.4206 6.28034 16.278 
-33.3287 6.44127 15.2957 -33.1931 6.57119 14.3137 -33.0279 6.67471 13.333 
-32.8442 6.74904 12.3529 -32.6541 6.78776 11.372 -32.4706 6.78706 10.3892 
-32.2894 6.75148 9.40646 -32.088 6.69594 8.42861 -31.8569 6.64839 7.45693 
-31.6072 6.62714 6.48896 -31.3475 6.63019 5.52331 -31.0813 6.64853 4.55958 
-30.8046 6.67659 3.59903 -30.5187 6.70801 2.64132 -30.2227 6.73784 1.6866 
-29.919 6.76292 0.734146 -29.6087 6.78183 -0.21628 -29.3009 6.79797 -1.16758 
-28.9951 6.81078 -2.11962 -28.683 6.81499 -3.06959 -28.3498 6.80612 -4.01234 
-27.9851 6.7876 -4.94315 -27.5852 6.76272 -5.85919 -27.1405 6.7133 -6.75303 
-26.6518 6.62296 -7.61998 -26.1226 6.47263 -8.45482 -25.6031 6.28162 -9.28757 
-25.1034 6.0708 -10.1276 -24.6039 5.87063 -10.9704 -24.0511 5.6574 -11.7754 
-23.4488 5.43698 -12.542 -22.807 5.19633 -13.2701 -22.1545 4.93486 -13.9812 
-21.5238 4.65632 -14.7052 -20.9266 4.36669 -15.4529 -20.3836 4.07973 -16.2414 
-19.9025 3.80473 -17.0734 -19.4915 3.55968 -17.9508 -19.1444 3.34839 -18.864 
-18.8493 3.16421 -19.8013 -18.6106 3.02234 -20.7615 -18.4226 2.92549 -21.7383 
-18.2759 2.86651 -22.7256 -18.1497 2.82596 -23.7168 -18.0138 2.76893 -24.7057 
-17.8524 2.65761 -25.6857 -17.673 2.46245 -26.6492 -17.4886 2.18196 -27.5904 
-17.3117 1.81056 -28.5008 -17.16 1.34071 -29.3692 -17.0115 0.780605 -30.1835 
-16.8272 0.151119 -30.9374 -16.6141 -0.49084 -31.6736 -16.3968 -1.08336 -32.4478 
-16.199 -1.49485 -33.3331 -16.0282 -1.78211 -34.2753 -15.8573 -2.00559 -35.2346 
-15.6715 -2.20029 -36.1977 -15.4907 -2.39875 -37.1609 -15.342 -2.63476 -38.1208 
-15.2357 -2.92603 -39.071 -15.1744 -3.26497 -40.0095 -15.1657 -3.64664 -40.9333 
-15.1835 -4.05127 -41.8475 -15.2082 -4.43781 -42.7693 -15.2364 -4.7699 -43.7117 
-27.23 0.118507 40.4639 -27.2267 0.256131 39.7271 -27.3145 0.382896 38.7404 
-27.4699 0.483917 37.758 -27.6567 0.580635 36.7804 -27.8643 0.681897 35.8076 
-28.1017 0.783043 34.8414 -28.3537 0.876186 33.8783 -28.619 0.960953 32.9178 
-28.8972 1.03008 31.9599 -29.1994 1.06868 31.0075 -29.5338 1.08222 30.0653 
-29.9001 1.09037 29.135 -30.2962 1.12101 28.2176 -30.7222 1.21859 27.3187 
-31.1541 1.37513 26.4308 -31.5646 1.58775 25.5444 -31.9402 1.84119 24.6531 
-32.2721 2.13037 23.7557 -32.554 2.46798 22.8578 -32.8173 2.83386 21.9653 
-33.0738 3.21588 21.0774 -33.308 3.6129 20.1902 -33.4849 3.9957 19.2841 
-33.5857 4.33874 18.3514 -33.5981 4.62556 17.3944 -33.5364 4.86396 16.4257 
-33.4221 5.05981 15.4519 -33.2773 5.22466 14.4763 -33.1172 5.36672 13.4996 
-32.9546 5.48975 12.5206 -32.8009 5.59019 11.5377 -32.6692 5.66023 10.5491 
-32.56 5.69965 9.55591 -32.4478 5.71805 8.56249 -32.2982 5.72733 7.57403 
-32.0982 5.73733 6.59447 -31.8616 5.76054 5.62323 -31.6059 5.80391 4.65749 
-31.3362 5.86049 3.69623 -31.0533 5.92474 2.73925 -30.7574 5.99576 1.7867 
-30.4502 6.06909 0.837874 -30.1338 6.13621 -0.108347 -29.8127 6.19969 -1.05325 
-29.491 6.26502 -1.99781 -29.1648 6.32499 -2.94123 -28.7356 6.38837 -4.11332 
-28.2543 6.43622 -5.26556 -27.8214 6.45411 -6.16669 -27.336 6.43075 -7.04004 
-26.8092 6.35143 -7.88575 -26.2635 6.19669 -8.70885 -25.7411 6.01167 -9.54114 
-25.2401 5.82042 -10.3851 -24.7279 5.64118 -11.2248 -24.1607 5.45591 -12.0268 
-23.5447 5.26347 -12.7901 -22.8922 5.0514 -13.5175 -22.2332 4.82086 -14.2333 
-21.5965 4.57517 -14.9641 -21.0065 4.32315 -15.7308 -20.471 4.07857 -16.5382 
-20.0015 3.85298 -17.3914 -19.6016 3.65163 -18.2848 -19.2741 3.48994 -19.2153 
-19.0002 3.35291 -20.167 -18.7816 3.24853 -21.1367 -18.6153 3.18357 -22.1203 
-18.49 3.14643 -23.1115 -18.3775 3.10935 -24.1045 -18.2508 3.03927 -25.0938 
-18.1019 2.91634 -26.0745 -17.9303 2.71239 -27.0378 -17.7535 2.41133 -27.9741 
-17.5898 2.01799 -28.8778 -17.4438 1.51788 -29.7292 -17.2972 0.92946 -30.5236 
-17.108 0.282284 -31.2614 -16.8732 -0.347092 -32.0017 -16.6381 -0.828315 -32.8393 
-16.4331 -1.13758 -33.7663 -16.2684 -1.37759 -34.7226 -16.0988 -1.57634 -35.6878 
-15.9103 -1.76841 -36.6509 -15.7252 -1.96793 -37.6131 -15.5764 -2.20066 -38.5737 
-15.4738 -2.49632 -39.5229 -15.4206 -2.84131 -40.4598 -15.3985 -3.20959 -41.3889 
-15.4056 -3.60899 -42.3056 -15.3968 -3.99773 -43.2269 -15.3914 -4.3363 -44.1671 
-25.9662 1.66349 40.6091 -26.1344 1.84171 39.9004 -26.372 2.04211 38.9501 
-26.6209 2.20328 37.9952 -26.8671 2.34653 37.0366 -27.1005 2.48502 36.0742 
-27.3242 2.6332 35.1108 -27.5485 2.80691 34.1521 -27.7908 3.01675 33.205 
-28.0639 3.25768 32.2738 -28.3736 3.51874 31.3597 -28.7215 3.79968 30.4655 
-29.0943 4.10258 29.5886 -29.4662 4.41191 28.7134 -29.8318 4.73233 27.8395 
-30.1945 5.0698 26.9708 -30.5547 5.42268 26.1073 -30.9057 5.78963 25.2458 
-31.236 6.15729 24.3765 -31.5531 6.51371 23.4977 -31.896 6.84767 22.6201 
-32.304 7.14872 21.7588 -32.7262 7.43406 20.8984 -33.0968 7.71421 20.0133 
-33.3977 7.99158 19.1017 -33.6093 8.25066 18.1602 -33.7263 8.47199 17.1931 
-33.7488 8.64529 16.2094 -33.681 8.76747 15.2201 -33.5336 8.84538 14.2348 
-33.3263 8.89147 13.2577 -33.0736 8.89874 12.2905 -32.7823 8.85699 11.3352 
-32.4581 8.7674 10.3938 -32.111 8.64153 9.46452 -31.761 8.51049 8.53705 
-31.4309 8.40544 7.59909 -31.1216 8.33053 6.65123 -30.8274 8.28456 5.69666 
-30.5431 8.26059 4.73824 -30.2633 8.24521 3.77831 -29.986 8.23322 2.81764 
-29.7089 8.21756 1.85693 -29.4295 8.19349 0.897054 -29.1478 8.16504 -0.062033 
-28.8694 8.1373 -1.02209 -28.5959 8.102 -1.9833 -28.3179 8.0463 -2.94217 
-28.0224 7.97495 -3.89481 -27.7026 7.90825 -4.83993 -27.381 7.85172 -5.7851 
-27.0581 7.80036 -6.73011 -26.705 7.73693 -7.66273 -26.274 7.61771 -8.55612 
-25.7892 7.44258 -9.41286 -25.2959 7.24868 -10.2608 -24.8074 7.06677 -11.1142 
-24.2943 6.88737 -11.9533 -23.7162 6.69518 -12.7452 -23.0758 6.48491 -13.4835 
-22.3969 6.25165 -14.1795 -21.7187 5.99254 -14.8671 -21.0777 5.71039 -15.5804 
-20.4863 5.42567 -16.3342 -19.9609 5.14587 -17.1372 -19.4837 4.8844 -17.9757 
-19.0703 4.6625 -18.8583 -18.7107 4.48783 -19.7743 -18.406 4.37484 -20.7192 
-18.1509 4.30527 -21.6833 -17.9389 4.25369 -22.6591 -17.7457 4.19863 -23.6387 
-17.5503 4.11324 -24.6154 -17.3544 3.97448 -25.5859 -17.1739 3.76388 -26.5461 
-17.0052 3.48024 -27.4898 -16.8228 3.12111 -28.4042 -16.6321 2.67449 -29.2772 
-16.4374 2.12432 -30.0881 -16.2223 1.48738 -30.8266 -15.9911 0.79161 -31.5063 
-15.7433 0.109554 -32.1941 -15.477 -0.497712 -32.9404 -15.2095 -0.962984 -33.7807 
-14.951 -1.3054 -34.6829 -14.746 -1.54028 -35.6319 -14.5971 -1.73696 -36.6008 
-14.4841 -1.94121 -37.5731 -14.4005 -2.17812 -38.5406 -14.3535 -2.47193 -39.4949 
-14.339 -2.80821 -40.4365 -14.341 -3.16473 -41.3708 -14.3505 -3.5421 -42.2967 
-14.3504 -3.91844 -43.2232 -27.1787 0.771751 40.5447 -27.1661 0.911232 39.8092 
-27.2669 1.05323 38.825 -27.4205 1.17737 37.8448 -27.5982 1.2949 36.8678 
-27.7923 1.41446 35.8941 -28.011 1.54096 34.9267 -28.2515 1.67337 33.9651 
-28.5089 1.81261 33.009 -28.7923 1.9546 32.0606 -29.1164 2.09495 31.1251 
-29.4667 2.23704 30.1995 -29.8381 2.3879 29.2833 -30.2192 2.55729 28.3745 
-30.6062 2.75224 27.4734 -30.9928 2.98581 26.5813 -31.3657 3.25209 25.6926 
-31.713 3.53786 24.7997 -32.0241 3.83999 23.8987 -32.2945 4.15503 22.989 
-32.5526 4.48167 22.0798 -32.819 4.82333 21.1786 -33.0738 5.1726 20.2771 
-33.2797 5.51001 19.3588 -33.414 5.81169 18.4157 -33.4676 6.06479 17.4506 
-33.4468 6.27258 16.4733 -33.365 6.44032 15.4912 -33.2367 6.57502 14.5089 
-33.0765 6.68458 13.528 -32.8972 6.7668 12.5478 -32.7067 6.81293 11.5672 
-32.5209 6.81976 10.5849 -32.3407 6.79022 9.60178 -32.145 6.7364 8.6227 
-31.9172 6.68366 7.65054 -31.6684 6.65592 6.68247 -31.409 6.65479 5.71676 
-31.1439 6.67101 4.7527 -30.869 6.69829 3.79163 -30.5828 6.73006 2.83399 
-30.2869 6.75986 1.87924 -29.9837 6.78477 0.92669 -29.6748 6.80424 -0.024212 
-29.3675 6.82026 -0.975724 -29.0629 6.83307 -1.92807 -28.7511 6.83713 -2.87821 
-28.4182 6.82702 -3.82097 -28.0526 6.80669 -4.75141 -27.6497 6.77921 -5.66611 
-27.2057 6.72752 -6.56035 -26.7108 6.62909 -7.42297 -26.1821 6.46976 -8.25619 
-25.6628 6.26746 -9.08627 -25.1595 6.05416 -9.92361 -24.6493 5.84477 -10.7576 
-24.0861 5.61901 -11.5518 -23.4767 5.3805 -12.3077 -22.8371 5.12247 -13.0316 
-22.1945 4.8439 -13.7452 -21.5723 4.55283 -14.4719 -20.9746 4.25252 -15.2151 
-20.4293 3.95105 -15.9967 -19.9438 3.66112 -16.8209 -19.5264 3.40037 -17.6903 
-19.1706 3.1711 -18.5957 -18.8736 2.97009 -19.529 -18.6264 2.80637 -20.4836 
-18.4267 2.68929 -21.4561 -18.2691 2.61649 -22.4407 -18.1364 2.57298 -23.4309 
-18.0004 2.52585 -24.4203 -17.8416 2.43234 -25.4026 -17.6627 2.25849 -26.3703 
-17.4762 2.00435 -27.319 -17.3027 1.65597 -28.2386 -17.1723 1.19222 -29.114 
-17.0504 0.650234 -29.9446 -16.9086 0.0397415 -30.7232 -16.7133 -0.60112 -31.4653 
-16.5058 -1.1811 -32.248 -16.3143 -1.55207 -33.1519 -16.1503 -1.82404 -34.0998 
-15.99 -2.05579 -35.0591 -15.8049 -2.25095 -36.0221 -15.6154 -2.4439 -36.9848 
-15.4532 -2.66973 -37.9451 -15.3355 -2.9512 -38.8969 -15.2668 -3.28432 -39.8368 
-15.2569 -3.66604 -40.7603 -15.2838 -4.07701 -41.6716 -15.3154 -4.46932 -42.5905 
-15.358 -4.80939 -43.5296 -24.8836 3.18168 39.65 -25.3357 3.23747 38.7603 
-25.7403 3.30841 37.8489 -26.1046 3.39538 36.9218 -26.4317 3.49666 35.9825 
-26.705 3.62548 35.0296 -26.9431 3.79762 34.074 -27.1759 4.02117 33.1278 
-27.4253 4.28853 32.1972 -27.71 4.58625 31.2863 -28.0522 4.90725 30.4036 
-28.427 5.2361 29.5368 -28.8158 5.56621 28.6767 -29.206 5.8992 27.8183 
-29.5863 6.24321 26.9598 -29.9539 6.59523 26.0991 -30.3004 6.95333 25.2321 
-30.6151 7.31537 24.3548 -30.9258 7.66626 23.4715 -31.3021 7.98291 22.6018 
-31.7921 8.25425 21.7744 -32.3269 8.501 20.9664 -32.8277 8.74174 20.1357 
-33.23 8.98979 19.2554 -33.5334 9.23526 18.3353 -33.7351 9.45771 17.3827 
-33.8256 9.63997 16.4049 -33.8056 9.77162 15.4151 -33.6816 9.84951 14.427 
-33.4691 9.87976 13.4511 -33.1884 9.86695 12.4919 -32.8544 9.80194 11.5522 
-32.4709 9.67809 10.6376 -32.0534 9.51031 9.74479 -31.6371 9.3374 8.85229 
-31.2528 9.18998 7.94119 -30.9073 9.0787 7.0095 -30.5893 8.99195 6.06557 
-30.2924 8.92838 5.11279 -30.0071 8.8811 4.15554 -29.7271 8.83819 3.19653 
-29.4475 8.78719 2.23777 -29.1678 8.7303 1.27939 -28.8876 8.67555 0.321011 
-28.6124 8.61889 -0.638716 -28.3419 8.55141 -1.59906 -28.0602 8.46487 -2.55456 
-27.6747 8.33993 -3.73699 -27.2785 8.22464 -4.91689 -26.9744 8.1468 -5.86631 
-26.6675 8.06718 -6.81457 -26.3037 7.9475 -7.7377 -25.8679 7.76327 -8.61742 
-25.386 7.52489 -9.46017 -24.8971 7.28714 -10.2995 -24.3915 7.05231 -11.1295 
-23.834 6.81012 -11.9232 -23.2327 6.55978 -12.6813 -22.5839 6.28806 -13.3919 
-21.9251 5.99395 -14.0842 -21.2843 5.67608 -14.7828 -20.6902 5.34426 -15.515 
-20.1536 5.01117 -16.2897 -19.6781 4.70059 -17.1123 -19.2529 4.422 -17.9728 
-18.8911 4.19388 -18.8762 -18.5719 4.01789 -19.8069 -18.2998 3.8955 -20.7608 
-18.0711 3.81169 -21.7305 -17.8773 3.75119 -22.7097 -17.6898 3.68932 -23.6899 
-17.4932 3.59175 -24.6653 -17.2946 3.42944 -25.6314 -17.1039 3.19072 -26.583 
-16.9157 2.89459 -27.5189 -16.7183 2.52106 -28.4244 -16.5273 2.06582 -29.2934 
-16.3396 1.50274 -30.0963 -16.1448 0.843329 -30.8208 -15.9417 0.139961 -31.5019 
-15.7249 -0.53043 -32.2103 -15.4935 -1.0897 -33.0035 -15.2535 -1.48705 -33.8856 
-15.0229 -1.76131 -34.8183 -14.8274 -1.97357 -35.7754 -14.6791 -2.17311 -36.7438 
-14.5681 -2.389 -37.7135 -14.4963 -2.65436 -38.6746 -14.4559 -2.96627 -39.6237 
-14.4423 -3.31294 -40.5614 -14.4543 -3.69032 -41.4874 -14.4645 -4.07802 -42.409 
-14.4681 -4.46095 -43.3328 -26.5464 0.786171 41.142 -26.6124 0.958648 40.4153 
-26.7487 1.1466 39.4429 -26.9248 1.30099 38.4711 -27.1335 1.43373 37.5022 
-27.348 1.56063 36.5337 -27.5632 1.68807 35.5655 -27.7887 1.82425 34.6008 
-28.0324 1.97092 33.6422 -28.2964 2.1304 32.691 -28.5863 2.30125 31.7495 
-28.9166 2.48135 30.8231 -29.2812 2.67802 29.9131 -29.6624 2.88856 29.0129 
-30.0449 3.11115 28.1161 -30.4259 3.36025 27.2258 -30.8059 3.63349 26.3422 
-31.1782 3.92558 25.4613 -31.5224 4.23147 24.5738 -31.8273 4.54961 23.6763 
-32.1013 4.86591 22.7681 -32.3615 5.18093 21.8554 -32.6418 5.50659 20.9525 
-32.9209 5.83918 20.0518 -33.166 6.16648 19.1395 -33.3366 6.46313 18.2005 
-33.4277 6.71605 17.2381 -33.4327 6.91911 16.2601 -33.3701 7.08031 15.2757 
-33.248 7.2034 14.291 -33.0824 7.29929 13.3097 -32.8895 7.36488 12.3309 
-32.6743 7.38932 11.3548 -32.452 7.37196 10.3801 -32.2271 7.31628 9.40746 
-31.9879 7.23549 8.43988 -31.7306 7.16193 7.47644 -31.4657 7.11914 6.5132 
-31.1985 7.10461 5.54972 -30.9298 7.10966 4.58654 -30.655 7.1264 3.62516 
-30.3717 7.14639 2.66634 -30.0817 7.16387 1.70949 -29.7859 7.17724 0.754333 
-29.4846 7.18346 -0.199179 -29.1868 7.18711 -1.15377 -28.8921 7.18921 -2.10936 
-28.5914 7.17875 -3.06297 -28.3536 7.16014 -3.77397 -28.1004 7.13595 -4.47949 
-27.7397 7.10268 -5.41153 -27.353 7.06538 -6.3328 -26.9311 7.00897 -7.23754 
-26.4484 6.89904 -8.10537 -25.9356 6.73039 -8.94688 -25.4319 6.52964 -9.787 
-24.9412 6.32815 -10.6346 -24.4305 6.13548 -11.472 -23.8628 5.93186 -12.2693 
-23.2369 5.71513 -13.018 -22.5792 5.48021 -13.7336 -21.9165 5.2231 -14.4368 
-21.2832 4.94461 -15.1586 -20.6917 4.65966 -15.9125 -20.1715 4.38218 -16.7192 
-19.7125 4.12323 -17.5683 -19.318 3.89966 -18.4591 -18.9797 3.70953 -19.3805 
-18.6934 3.55729 -20.3258 -18.4591 3.45317 -21.292 -18.2718 3.3858 -22.2718 
-18.1183 3.33841 -23.2588 -17.9716 3.28307 -24.2464 -17.8083 3.19037 -25.2283 
-17.6297 3.02934 -26.1984 -17.4459 2.78538 -27.1499 -17.261 2.45755 -28.0756 
-17.0813 2.04347 -28.9672 -16.9056 1.55171 -29.819 -16.7196 0.949752 -30.594 
-16.5093 0.288933 -31.314 -16.2847 -0.369365 -32.0323 -16.0599 -0.927414 -32.8278 
-15.8502 -1.35017 -33.7062 -15.6579 -1.63232 -34.6452 -15.4702 -1.84794 -35.6034 
-15.2896 -2.049 -36.5662 -15.1314 -2.26222 -37.5302 -15.0054 -2.51194 -38.49 
-14.9177 -2.81388 -39.4389 -14.8729 -3.15941 -40.3759 -14.8677 -3.53674 -41.3018 
-14.8776 -3.93343 -42.2197 -14.8816 -4.31468 -43.144 -14.8855 -4.65668 -44.0835 
-25.9155 1.1739 40.6609 -26.1596 1.40708 39.72 -26.4136 1.58434 38.7696 
-26.671 1.72646 37.8138 -26.9186 1.86021 36.8542 -27.1521 1.99364 35.8911 
-27.3802 2.13741 34.9281 -27.6162 2.29891 33.9699 -27.8736 2.48358 33.0216 
-28.1632 2.69238 32.0876 -28.4828 2.91341 31.1664 -28.8454 3.15443 30.2662 
-29.2275 3.41316 29.3792 -29.608 3.68201 28.4944 -29.9806 3.96796 27.6115 
-30.352 4.27217 26.7343 -30.7187 4.59169 25.8606 -31.0663 4.9248 24.9842 
-31.3773 5.26292 24.0963 -31.6509 5.59395 23.1933 -31.9155 5.91295 22.2833 
-32.2303 6.22307 21.3865 -32.5634 6.53304 20.496 -32.8662 6.8423 19.5949 
-33.1087 7.1396 18.6719 -33.2762 7.40388 17.7229 -33.3671 7.62881 16.7537 
-33.3739 7.80585 15.7703 -33.3003 7.93466 14.7822 -33.162 8.02862 13.7966 
-32.9636 8.08612 12.8184 -32.7225 8.09914 11.8484 -32.449 8.06252 10.8876 
-32.1584 7.97955 9.93449 -31.8584 7.86658 8.9873 -31.5635 7.75855 8.03795 
-31.2792 7.67848 7.08267 -31.001 7.62714 6.1236 -30.7252 7.601 5.16279 
-30.4482 7.59063 4.20196 -30.1675 7.58498 3.2422 -29.8835 7.57881 2.28341 
-29.5937 7.56657 1.32641 -29.2977 7.54554 0.371456 -28.9995 7.51977 -0.582684 
-28.7051 7.4938 -1.53802 -28.409 7.45703 -2.49242 -28.1791 7.41769 -3.20522 
-28.015 7.38622 -3.67647 -27.7588 7.33842 -4.37968 -27.3989 7.276 -5.31055 
-27.0215 7.20791 -6.23406 -26.605 7.11726 -7.13834 -26.1306 6.97409 -8.00594 
-25.6247 6.77788 -8.84563 -25.1165 6.53757 -9.67253 -24.616 6.29696 -10.5041 
-24.0901 6.0448 -11.3163 -23.5137 5.78687 -12.0912 -22.8941 5.51713 -12.8279 
-22.253 5.22964 -13.5394 -21.6134 4.9248 -14.2451 -21.005 4.60176 -14.9696 
-20.4461 4.27253 -15.73 -19.9349 3.94643 -16.5249 -19.4844 3.64242 -17.3635 
-19.0986 3.37181 -18.2449 -18.7696 3.13369 -19.1585 -18.4855 2.94012 -20.0972 
-18.2457 2.79662 -21.057 -18.045 2.6994 -22.0315 -17.871 2.64332 -23.0145 
-17.6909 2.60094 -23.9972 -17.4858 2.5263 -24.9727 -17.2689 2.37778 -25.9369 
-17.0626 2.13723 -26.8845 -16.868 1.81539 -27.8103 -16.714 1.37341 -28.6919 
-16.6044 0.834813 -29.5258 -16.5047 0.207649 -30.2975 -16.3778 -0.468212 -31.023 
-16.2044 -1.12073 -31.76 -16.006 -1.66974 -32.5669 -15.809 -2.02509 -33.4794 
-15.6214 -2.28481 -34.4262 -15.4248 -2.48727 -35.3855 -15.2348 -2.67169 -36.3497 
-15.0751 -2.8779 -37.3147 -14.9583 -3.13669 -38.273 -14.8881 -3.45506 -39.2181 
-14.8656 -3.82207 -40.1475 -14.8833 -4.21986 -41.0647 -14.9347 -4.61396 -41.9823 
-15.0006 -4.97202 -42.9133 -15.0554 -5.27202 -43.8653 -27.1651 0.0200501 40.7707 
-27.1288 0.237004 39.7958 -27.2003 0.381977 38.8109 -27.3604 0.486175 37.8298 
-27.5539 0.583606 36.8535 -27.7625 0.685257 35.8809 -27.9926 0.789768 34.9134 
-28.2424 0.888169 33.9501 -28.5081 0.978806 32.9903 -28.7918 1.0534 32.0345 
-29.0968 1.10503 31.0836 -29.4359 1.13635 30.1435 -29.8052 1.16479 29.2147 
-30.2036 1.21554 28.2993 -30.627 1.32234 27.4 -31.0579 1.48006 26.5116 
-31.4707 1.68784 25.6252 -31.8484 1.93513 24.7331 -32.1851 2.21298 23.8335 
-32.4694 2.53668 22.9315 -32.7275 2.89347 22.0338 -32.9777 3.26821 21.1412 
-33.2096 3.65787 20.25 -33.4009 4.04193 19.347 -33.5133 4.38553 18.4158 
-33.5379 4.6744 17.4597 -33.4869 4.91434 16.4907 -33.3802 5.11104 15.5163 
-33.2396 5.27559 14.5402 -33.0809 5.41615 13.563 -32.9169 5.53719 12.584 
-32.759 5.63599 11.6016 -32.6209 5.70323 10.6136 -32.5054 5.73796 9.62098 
-32.3894 5.74985 8.6279 -32.2384 5.75208 7.63958 -32.0406 5.75476 6.65945 
-31.8069 5.77194 5.68744 -31.5522 5.81073 4.72122 -31.2832 5.86211 3.75947 
-30.9988 5.92147 2.80263 -30.7024 5.98658 1.84982 -30.3943 6.05282 0.900783 
-30.0763 6.11227 -0.045433 -29.7533 6.16809 -0.990183 -29.4298 6.22435 -1.93476 
-29.102 6.27491 -2.87811 -28.6695 6.3268 -4.04954 -28.1796 6.36249 -5.1986 
-27.7426 6.37196 -6.09781 -27.2493 6.33848 -6.9664 -26.7168 6.25083 -7.80768 
-26.1691 6.092 -8.62875 -25.6476 5.90438 -9.46097 -25.1405 5.70564 -10.2997 
-24.6269 5.52064 -11.1374 -24.0578 5.32333 -11.935 -23.437 5.11376 -12.6899 
-22.7894 4.88557 -13.4168 -22.1411 4.63861 -14.1371 -21.518 4.37958 -14.8748 
-20.9376 4.11357 -15.644 -20.41 3.85537 -16.4524 -19.9469 3.61537 -17.3053 
-19.558 3.40381 -18.2013 -19.2351 3.22541 -19.1301 -18.9714 3.07133 -20.082 
-18.755 2.94376 -21.0497 -18.5948 2.86365 -22.0331 -18.4752 2.81893 -23.0247 
-18.3688 2.78203 -24.0184 -18.2478 2.71557 -25.0086 -18.1001 2.58632 -25.9886 
-17.9304 2.38633 -26.953 -17.7521 2.09055 -27.8907 -17.5853 1.71333 -28.8008 
-17.4519 1.21175 -29.6535 -17.3135 0.620209 -30.4466 -17.1403 -0.030716 -31.1852 
-16.9205 -0.66037 -31.9295 -16.6984 -1.13403 -32.7707 -16.5251 -1.37145 -33.7254 
-16.3797 -1.5899 -34.6903 -16.2142 -1.78361 -35.6572 -16.0248 -1.97372 -36.6205 
-15.8348 -2.17385 -37.5815 -15.6798 -2.41593 -38.5387 -15.5754 -2.71924 -39.4853 
-15.5207 -3.06496 -40.4219 -15.5104 -3.44658 -41.3457 -15.5255 -3.85658 -42.2576 
-15.527 -4.24707 -43.1781 -15.5413 -4.56888 -44.1242 -28.2074 0.776142 39.7176 
-28.1105 0.900673 38.7316 -28.1318 1.00286 37.7382 -28.2312 1.09904 36.7479 
-28.3791 1.20424 35.7649 -28.5739 1.31431 34.7904 -28.7948 1.42467 33.8214 
-29.0371 1.53302 32.8573 -29.3024 1.62705 31.8978 -29.5954 1.69578 30.9443 
-29.9197 1.74053 29.9996 -30.2739 1.77635 29.0652 -30.6535 1.82004 28.1411 
-31.0509 1.90164 27.2277 -31.4436 2.05536 26.3211 -31.8162 2.27236 25.4194 
-32.1597 2.54388 24.5207 -32.4676 2.85711 23.6226 -32.7509 3.20223 22.728 
-33.0258 3.56784 21.8387 -33.2877 3.95732 20.9558 -33.509 4.3477 20.0626 
-33.6581 4.70461 19.1415 -33.7205 5.00837 18.1918 -33.7035 5.25949 17.2246 
-33.6255 5.46969 16.2504 -33.5017 5.6419 15.2733 -33.3523 5.78843 14.2955 
-33.192 5.91589 13.3168 -33.033 6.02069 12.3352 -32.8848 6.09653 11.3492 
-32.7559 6.14215 10.3587 -32.6348 6.16103 9.3663 -32.4895 6.16232 8.37705 
-32.2964 6.15749 7.39612 -32.0597 6.16294 6.42472 -31.8018 6.19055 5.45899 
-31.5357 6.23602 4.49614 -31.2597 6.29256 3.53668 -30.972 6.35733 2.58117 
-30.6748 6.42672 1.62888 -30.3709 6.49473 0.6786 -30.0617 6.55786 -0.270298 
-29.7529 6.6222 -1.21923 -29.4455 6.68407 -2.16881 -29.1346 6.73736 -3.11771 
-28.8043 6.779 -4.06063 -28.448 6.81176 -4.99429 -28.0573 6.83384 -5.91438 
-27.6232 6.83236 -6.81474 -27.1371 6.78158 -7.68647 -26.6042 6.65269 -8.52201 
-26.084 6.48088 -9.35838 -25.5896 6.30364 -10.2093 -25.0935 6.13681 -11.0613 
-24.5567 5.97606 -11.8888 -23.9522 5.8006 -12.665 -23.3038 5.61166 -13.4023 
-22.6285 5.40528 -14.1102 -21.9614 5.17787 -14.8195 -21.3255 4.93822 -15.5525 
-20.7465 4.70241 -16.3324 -20.2356 4.48253 -17.1629 -19.7799 4.27845 -18.0289 
-19.3968 4.11222 -18.9368 -19.0725 3.97984 -19.8731 -18.8055 3.88237 -20.8313 
-18.5928 3.82558 -21.8064 -18.4252 3.79253 -22.7916 -18.2805 3.75702 -23.7803 
-18.1341 3.6925 -24.7673 -17.9756 3.57572 -25.7474 -17.812 3.3884 -26.7152 
-17.6437 3.11135 -27.6605 -17.472 2.75003 -28.576 -17.3148 2.29448 -29.4511 
-17.1527 1.74592 -30.27 -16.9537 1.11118 -31.0155 -16.7176 0.455487 -31.7325 
-16.4644 -0.157528 -32.4789 -16.2165 -0.641697 -33.314 -16.0149 -0.968411 -34.236 
-15.8342 -1.21001 -35.1888 -15.653 -1.41194 -36.1512 -15.4769 -1.61392 -37.1146 
-15.3248 -1.8337 -38.0781 -15.1915 -2.07231 -39.0401 -15.1058 -2.37699 -39.9874 
-15.0645 -2.72914 -40.9223 -15.0454 -3.0948 -41.8529 -15.0388 -3.48313 -42.7743 
-15.0237 -3.86308 -43.6991 -26.5453 1.28573 40.588 -26.6602 1.49049 39.6164 
-26.8354 1.65807 38.6465 -27.0421 1.80515 37.6794 -27.2534 1.94113 36.7115 
-27.4626 2.07573 35.7429 -27.6809 2.22228 34.7782 -27.9193 2.39043 33.8218 
-28.1845 2.5857 32.8776 -28.4722 2.79564 31.9434 -28.7973 3.02152 31.0253 
-29.163 3.27169 30.1288 -29.5379 3.53387 29.2397 -29.9053 3.80877 28.3512 
-30.2665 4.10166 27.4659 -30.6283 4.41687 26.5886 -30.9891 4.75119 25.7181 
-31.3308 5.09636 24.844 -31.65 5.44184 23.9615 -31.9608 5.7761 23.0718 
-32.2894 6.09445 22.1826 -32.6372 6.4024 21.2971 -32.967 6.70987 20.4048 
-33.2391 7.01407 19.4922 -33.4442 7.29981 18.5564 -33.5707 7.54801 17.5969 
-33.6099 7.7499 16.6192 -33.5657 7.90217 15.6326 -33.4459 8.00877 14.6462 
-33.269 8.08414 13.6651 -33.0544 8.12708 12.6895 -32.806 8.12547 11.721 
-32.5405 8.09256 10.7577 -32.2579 8.01344 9.80181 -31.9607 7.90616 8.85312 
-31.6608 7.80365 7.90475 -31.3703 7.72974 6.95082 -31.0881 7.68566 5.99259 
-30.8104 7.66444 5.03217 -30.5336 7.66173 4.07126 -30.2542 7.66366 3.11109 
-29.9724 7.66563 2.15161 -29.6866 7.66295 1.19333 -29.3958 7.65199 0.236629 
-29.1045 7.63696 -0.719856 -28.8169 7.62225 -1.67752 -28.5285 7.59536 -2.63459 
-28.3051 7.56168 -3.34975 -28.0633 7.52072 -4.05848 -27.7226 7.46879 -4.99718 
-27.3683 7.41972 -5.93103 -26.9937 7.36284 -6.85632 -26.5657 7.2699 -7.75418 
-26.084 7.12208 -8.61751 -25.5824 6.92778 -9.46041 -25.0878 6.71377 -10.3027 
-24.5921 6.51334 -11.1477 -24.0503 6.30688 -11.9618 -23.4459 6.08826 -12.7271 
-22.7976 5.85225 -13.4507 -22.1302 5.59274 -14.1486 -21.4802 5.31193 -14.8545 
-20.8708 5.01571 -15.5895 -20.3126 4.71907 -16.3636 -19.8158 4.43073 -17.1818 
-19.386 4.1734 -18.0466 -19.0103 3.94817 -18.9451 -18.695 3.7705 -19.8769 
-18.4268 3.64208 -20.8312 -18.2055 3.5554 -21.8022 -18.0244 3.49582 -22.7838 
-17.8602 3.44179 -23.7687 -17.6861 3.35933 -24.7496 -17.5002 3.22445 -25.7224 
-17.3125 3.01586 -26.6819 -17.1256 2.72556 -27.6195 -16.9352 2.34881 -28.5253 
-16.7509 1.89185 -29.395 -16.5678 1.3344 -30.2025 -16.3729 0.68224 -30.9344 
-16.1611 -0.000896499 -31.6332 -15.9382 -0.6394 -32.3677 -15.7136 -1.16342 -33.1875 
-15.4955 -1.52093 -34.0928 -15.2889 -1.77277 -35.0377 -15.0993 -1.98201 -35.9969 
-14.9319 -2.18776 -36.9611 -14.8041 -2.41656 -37.9258 -14.7174 -2.69336 -38.8824 
-14.667 -3.01611 -39.8273 -14.6537 -3.37649 -40.7597 -14.6691 -3.76394 -41.6814 
-14.6768 -4.1538 -42.6021 -14.6825 -4.52733 -43.5297 -26.4683 1.06309 40.7618 
-26.5986 1.27787 39.7943 -26.7789 1.44477 38.8252 -26.9898 1.58676 37.8581 
-27.2068 1.72006 36.8911 -27.4214 1.85133 35.9232 -27.6417 1.99145 34.958 
-27.88 2.14705 33.9995 -28.1432 2.32404 33.0511 -28.4278 2.51436 32.1116 
-28.7476 2.71733 31.1863 -29.1104 2.94235 30.2822 -29.4883 3.18168 29.3878 
-29.8634 3.43229 28.4954 -30.2333 3.70235 27.6064 -30.601 3.99645 26.7243 
-30.9655 4.30886 25.8471 -31.313 4.63552 24.9683 -31.6298 4.969 24.0805 
-31.9219 5.29601 23.1818 -32.2119 5.61383 22.279 -32.5229 5.92979 21.3828 
-32.8323 6.24752 20.4865 -33.1038 6.56313 19.5776 -33.3113 6.86105 18.6464 
-33.4415 7.11994 17.6902 -33.4864 7.33258 16.7148 -33.4507 7.49728 15.7299 
-33.3441 7.61798 14.7435 -33.1863 7.7094 13.7607 -32.9867 7.76754 12.7827 
-32.7553 7.78304 11.8102 -32.5035 7.75351 10.8431 -32.243 7.68254 9.88038 
-31.9722 7.58474 8.92274 -31.6971 7.49498 7.96559 -31.4235 7.43428 7.00573 
-31.1511 7.40191 6.04418 -30.879 7.39485 5.08196 -30.6032 7.39847 4.12072 
-30.3219 7.40526 3.16113 -30.0358 7.41045 2.20297 -29.7443 7.41098 1.24641 
-29.4467 7.40261 0.291775 -29.1497 7.39058 -0.663036 -28.8564 7.37755 -1.61897 
-28.5583 7.35163 -2.57313 -28.3233 7.31998 -3.28461 -28.1601 7.29567 -3.75657 
-27.8976 7.25714 -4.45803 -27.5315 7.20673 -5.3872 -27.1411 7.14516 -6.30566 
-26.7008 7.05118 -7.19784 -26.2013 6.89124 -8.04873 -25.6877 6.67971 -8.88014 
-25.1815 6.4466 -9.71043 -24.6778 6.21765 -10.5434 -24.1327 5.97471 -11.3451 
-23.5404 5.72181 -12.1098 -22.9121 5.45287 -12.8396 -22.2685 5.16765 -13.5498 
-21.6357 4.86233 -14.2612 -21.036 4.54407 -14.995 -20.4834 4.22349 -15.764 
-19.9969 3.91773 -16.5816 -19.572 3.64437 -17.4441 -19.2069 3.40437 -18.3431 
-18.9019 3.20085 -19.2729 -18.643 3.03701 -20.2241 -18.4391 2.92575 -21.1966 
-18.2733 2.85163 -22.1796 -18.1353 2.8047 -23.1689 -17.9937 2.75045 -24.1572 
-17.8293 2.65193 -25.1383 -17.6475 2.47818 -26.1054 -17.4606 2.21842 -27.0522 
-17.2836 1.8561 -27.9664 -17.1377 1.406 -28.8461 -17.0085 0.862692 -29.6745 
-16.8661 0.242043 -30.4452 -16.6777 -0.408474 -31.1804 -16.4753 -1.01203 -31.9494 
-16.2776 -1.45279 -32.8193 -16.1032 -1.75401 -33.7563 -15.9342 -1.98851 -34.7133 
-15.7482 -2.184 -35.6761 -15.5625 -2.37755 -36.6395 -15.403 -2.60023 -37.601 
-15.2748 -2.8635 -38.5566 -15.1908 -3.18042 -39.5009 -15.1586 -3.54436 -40.4314 
-15.1736 -3.94456 -41.3475 -15.2017 -4.34544 -42.2631 -15.2429 -4.70126 -43.1964 
-27.6165 0.425137 39.5693 -27.6278 0.564327 38.5804 -27.7318 0.669338 37.5917 
-27.8835 0.766922 36.6082 -28.0706 0.8694 35.6313 -28.2924 0.976012 34.6622 
-28.5351 1.07668 33.6973 -28.7938 1.16822 32.7357 -29.0737 1.23711 31.7783 
-29.3782 1.27926 30.8269 -29.7118 1.2998 29.8846 -30.0777 1.31831 28.9541 
-30.4755 1.3696 28.0385 -30.8944 1.4687 27.1361 -31.3124 1.63416 26.2435 
-31.7093 1.8508 25.3519 -32.0723 2.10848 24.4566 -32.3918 2.40644 23.5575 
-32.6726 2.75014 22.6616 -32.9384 3.11736 21.7702 -33.1968 3.50595 20.8859 
-33.424 3.90391 19.9972 -33.584 4.2772 19.0843 -33.6595 4.60161 18.1424 
-33.6525 4.87268 17.1806 -33.5839 5.10223 16.2101 -33.4618 5.28765 15.2354 
-33.3122 5.44395 14.2591 -33.1503 5.58051 13.2818 -32.9888 5.70016 12.3024 
-32.8385 5.79406 11.3183 -32.7124 5.85437 10.3282 -32.6046 5.88554 9.33462 
-32.4833 5.8982 8.34224 -32.3162 5.90362 7.35657 -32.0993 5.91217 6.38057 
-31.8516 5.93783 5.41215 -31.5896 5.98454 4.44826 -31.3158 6.04393 3.48829 
-31.0307 6.1112 2.53218 -30.7355 6.18576 1.57969 -30.4303 6.26315 0.630566 
-30.1183 6.33533 -0.316778 -29.8032 6.40631 -1.26318 -29.4884 6.47849 -2.2096 
-29.1701 6.54365 -3.15533 -28.8403 6.60084 -4.09764 -28.4789 6.6481 -5.0287 
-28.0809 6.68205 -5.94527 -27.6383 6.68992 -6.84152 -27.1402 6.63966 -7.70601 
-26.604 6.52389 -8.54157 -26.0665 6.35225 -9.36704 -25.5667 6.17095 -10.2138 
-25.0743 5.99935 -11.0671 -24.5459 5.83638 -11.8997 -23.9513 5.66543 -12.6846 
-23.3069 5.4813 -13.4263 -22.6321 5.27816 -14.1357 -21.9676 5.05538 -14.8489 
-21.3417 4.82398 -15.593 -20.7676 4.59863 -16.3795 -20.2669 4.39224 -17.2193 
-19.8219 4.20339 -18.0944 -19.4465 4.05118 -19.008 -19.1224 3.92839 -19.9458 
-18.8556 3.83426 -20.9046 -18.6516 3.78269 -21.8818 -18.492 3.75384 -22.8685 
-18.354 3.72112 -23.8583 -18.2136 3.65786 -24.8462 -18.0617 3.53979 -25.8272 
-17.9017 3.35562 -26.7965 -17.7346 3.0755 -27.7411 -17.5672 2.71434 -28.6572 
-17.419 2.25001 -29.5291 -17.2676 1.68967 -30.342 -17.0807 1.04141 -31.0788 
-16.8483 0.385463 -31.7965 -16.5909 -0.206501 -32.5574 -16.3457 -0.647385 -33.4169 
-16.1476 -0.960291 -34.3451 -15.9722 -1.20067 -35.2993 -15.7943 -1.39674 -36.2636 
-15.6147 -1.59671 -37.2268 -15.4617 -1.81784 -38.1898 -15.3285 -2.05759 -39.1514 
-15.2463 -2.3656 -40.0977 -15.2092 -2.72062 -41.0318 -15.1912 -3.08995 -41.9608 
-15.1835 -3.47822 -42.8823 -15.1687 -3.85916 -43.8068 -26.1619 1.21077 40.5472 
-26.3679 1.42803 39.5935 -26.5975 1.59406 38.6347 -26.8375 1.73583 37.6744 
-27.0724 1.86968 36.7116 -27.2971 2.00384 35.7465 -27.5223 2.14988 34.7831 
-27.7613 2.31431 33.8263 -28.0247 2.50208 32.8801 -28.3153 2.70863 31.946 
-28.6413 2.92951 31.0271 -29.0099 3.17434 30.1304 -29.3913 3.43232 29.2427 
-29.7669 3.70143 28.3559 -30.136 3.98941 27.4722 -30.5038 4.2973 26.5948 
-30.8695 4.62158 25.7225 -31.2126 4.95736 24.8453 -31.5212 5.29656 23.9569 
-31.8054 5.62653 23.0567 -32.1037 5.94267 22.1562 -32.4275 6.25225 21.2622 
-32.7543 6.56324 20.3699 -33.0577 6.87418 19.4692 -33.2967 7.17218 18.5459 
-33.4542 7.43587 17.5951 -33.5235 7.65408 16.6227 -33.5057 7.82234 15.6378 
-33.4103 7.94375 14.6504 -33.2524 8.02983 13.667 -33.0522 8.08795 12.6891 
-32.8193 8.1061 11.7171 -32.5564 8.07517 10.753 -32.277 7.99858 9.79601 
-31.9826 7.89393 8.84613 -31.6834 7.79284 7.89735 -31.3928 7.72007 6.94337 
-31.1105 7.6773 5.98511 -30.8329 7.65746 5.02465 -30.5562 7.65631 4.06367 
-30.277 7.65991 3.10346 -29.9954 7.6635 2.14394 -29.71 7.66292 1.18553 
-29.4198 7.65423 0.228634 -29.129 7.64123 -0.728075 -28.8422 7.62854 -1.68597 
-28.5548 7.60412 -2.64342 -28.3325 7.57207 -3.359 -28.0919 7.5326 -4.06822 
-27.7543 7.48183 -5.00813 -27.4018 7.43563 -5.94276 -27.0292 7.38244 -6.86913 
-26.6038 7.29404 -7.76864 -26.1234 7.15096 -8.63356 -25.6218 6.96246 -9.4778 
-25.1267 6.75589 -10.3216 -24.6362 6.56477 -11.1718 -24.097 6.36541 -11.9893 
-23.4931 6.15339 -12.7569 -22.8444 5.9252 -13.4826 -22.1748 5.67492 -14.1817 
-21.5176 5.4009 -14.8838 -20.9039 5.11005 -15.6173 -20.3415 4.81864 -16.3904 
-19.8405 4.53503 -17.2076 -19.4061 4.28158 -18.0713 -19.0323 4.06572 -18.9728 
-18.7073 3.88658 -19.9009 -18.4367 3.76342 -20.8553 -18.2137 3.68166 -21.8264 
-18.0307 3.62453 -22.8077 -17.8643 3.5696 -23.7922 -17.6898 3.48813 -24.7733 
-17.5056 3.34435 -25.7449 -17.3212 3.12904 -26.7034 -17.1367 2.83325 -27.6399 
-16.9463 2.45726 -28.546 -16.762 2.00056 -29.4158 -16.5756 1.44506 -30.224 
-16.3764 0.794003 -30.9556 -16.159 0.110443 -31.6523 -15.9306 -0.53011 -32.3834 
-15.6999 -1.04135 -33.209 -15.4769 -1.40685 -34.11 -15.2675 -1.66344 -35.0528 
-15.0779 -1.87445 -36.0117 -14.9113 -2.08122 -36.9757 -14.7835 -2.3078 -37.941 
-14.6959 -2.58113 -38.8986 -14.6461 -2.90265 -39.8438 -14.6231 -3.25288 -40.7801 
-14.632 -3.63503 -41.704 -14.6377 -4.02528 -42.6247 -14.637 -4.40298 -43.5506 
-23.038 5.41288 39.4803 -23.7318 5.28113 38.7725 -24.3921 5.11912 38.0398 
-24.9821 4.93492 37.2543 -25.5169 4.77394 36.4253 -25.9608 4.6926 35.5358 
-26.3026 4.71773 34.5974 -26.5778 4.84068 33.6451 -26.8247 5.05366 32.7005 
-27.0858 5.32025 31.7729 -27.3845 5.61236 30.8647 -27.735 5.91899 29.9799 
-28.1348 6.22932 29.1176 -28.5485 6.54049 28.262 -28.9589 6.85641 27.4065 
-29.3503 7.18181 26.5459 -29.7154 7.51517 25.6768 -30.0525 7.84873 24.7965 
-30.3587 8.18184 23.9048 -30.6833 8.50154 23.0152 -31.1478 8.77106 22.1744 
-31.7227 9.0014 21.3902 -32.3235 9.21507 20.6201 -32.8675 9.43346 19.8113 
-33.2951 9.66469 18.9385 -33.6214 9.8948 18.0232 -33.8127 10.1005 17.0645 
-33.897 10.2708 16.0843 -33.8604 10.3903 15.0936 -33.7106 10.4517 14.1081 
-33.4647 10.4584 13.1397 -33.1454 10.4158 12.1936 -32.7635 10.3109 11.2758 
-32.332 10.1497 10.3889 -31.8731 9.95489 9.52213 -31.4318 9.76587 8.64503 
-31.0313 9.60783 7.74287 -30.6722 9.47954 6.81871 -30.3517 9.37918 5.87696 
-30.0543 9.30257 4.92534 -29.7692 9.24051 3.96887 -29.4886 9.1764 3.01118 
-29.2088 9.10439 2.05385 -28.929 9.03261 1.0965 -28.6542 8.96321 0.137489 
-28.3861 8.89048 -0.823143 -28.1189 8.80509 -1.78295 -27.8334 8.69861 -2.7353 
-27.525 8.58249 -3.67942 -27.211 8.47612 -4.62284 -26.9124 8.38595 -5.57289 
-26.6216 8.29707 -6.52551 -26.2963 8.1827 -7.46375 -25.8925 8.00035 -8.35843 
-25.4263 7.75465 -9.20781 -24.9389 7.49199 -10.0406 -24.4386 7.2365 -10.8678 
-23.9045 6.98057 -11.6731 -23.3148 6.71746 -12.4363 -22.6782 6.43686 -13.154 
-22.0232 6.13466 -13.8466 -21.3815 5.80807 -14.5403 -20.7776 5.4642 -15.259 
-20.2222 5.11506 -16.0131 -19.7326 4.78028 -16.8177 -19.2887 4.4717 -17.6585 
-18.9058 4.2049 -18.5422 -18.575 4.00172 -19.463 -18.2876 3.85537 -20.4093 
-18.0442 3.75315 -21.3734 -17.8371 3.68599 -22.3493 -17.6389 3.62956 -23.3279 
-17.4314 3.54847 -24.3026 -17.2179 3.40692 -25.2687 -17.0126 3.19421 -26.2233 
-16.8158 2.89255 -27.1557 -16.6115 2.52232 -28.0611 -16.4146 2.0637 -28.9265 
-16.2329 1.5084 -29.7365 -16.0616 0.870275 -30.4862 -15.8834 0.166245 -31.1733 
-15.6883 -0.53529 -31.8583 -15.4749 -1.1694 -32.5958 -15.2323 -1.61313 -33.4543 
-14.9867 -1.91132 -34.3761 -14.774 -2.13329 -35.327 -14.6153 -2.32094 -36.2961 
-14.501 -2.5225 -37.2686 -14.4302 -2.77226 -38.2339 -14.3894 -3.06983 -39.1876 
-14.3757 -3.41057 -40.1273 -14.3874 -3.78482 -41.0545 -14.4059 -4.17208 -41.9762 
-14.42 -4.55594 -42.8995 -14.4214 -4.95193 -43.8176 -24.9861 3.2319 39.4893 
-25.4282 3.28526 38.5942 -25.8242 3.3556 37.6788 -26.1885 3.44183 36.7517 
-26.5086 3.54549 35.8104 -26.7722 3.68201 34.8559 -27.0069 3.86536 33.9015 
-27.2425 4.10645 32.9603 -27.4989 4.38198 32.034 -27.7978 4.68913 31.1309 
-28.15 5.01707 30.2544 -28.5284 5.34828 29.3902 -28.9184 5.68087 28.5315 
-29.3062 6.01876 27.6739 -29.6845 6.36645 26.816 -30.0472 6.72333 25.9552 
-30.3868 7.08731 25.088 -30.7034 7.45269 24.2127 -31.0252 7.80429 23.3339 
-31.4266 8.11825 22.4743 -31.9419 8.38624 21.6623 -32.4895 8.6302 20.862 
-32.9857 8.86879 20.0281 -33.3751 9.11411 19.1414 -33.6677 9.35404 18.2171 
-33.8537 9.57108 17.2598 -33.9189 9.74349 16.2782 -33.8759 9.86642 15.2879 
-33.7344 9.93801 14.3015 -33.51 9.96328 13.3281 -33.2222 9.94617 12.371 
-32.8847 9.87831 11.4327 -32.4986 9.75338 10.5193 -32.0781 9.58709 9.62761 
-31.6589 9.41611 8.73606 -31.27 9.2704 7.82676 -30.9191 9.1586 6.89727 
-30.6003 9.07536 5.95321 -30.3037 9.01512 5.00017 -30.0208 8.97282 4.04198 
-29.7424 8.93296 3.08235 -29.4655 8.8851 2.12264 -29.1893 8.83267 1.16297 
-28.9135 8.78345 0.203014 -28.6426 8.73204 -0.758188 -28.3772 8.66577 -1.72002 
-28.1015 8.58023 -2.67741 -27.8006 8.48392 -3.62608 -27.4873 8.39236 -4.57131 
-27.1855 8.31497 -5.52147 -26.898 8.24837 -6.47693 -26.5823 8.16667 -7.42191 
-26.1859 8.02423 -8.32724 -25.7158 7.81509 -9.1843 -25.2271 7.59274 -10.0279 
-24.7312 7.38766 -10.8717 -24.2084 7.18035 -11.6982 -23.6231 6.95641 -12.4767 
-22.9792 6.70927 -13.2003 -22.3103 6.44039 -13.8932 -21.6482 6.14536 -14.582 
-21.0237 5.82967 -15.2959 -20.4471 5.51008 -16.0473 -19.9272 5.19625 -16.8411 
-19.4668 4.91253 -17.682 -19.0612 4.66879 -18.5621 -18.7062 4.48149 -19.4776 
-18.3965 4.35297 -20.4191 -18.125 4.26019 -21.3768 -17.8984 4.19523 -22.3485 
-17.695 4.1383 -23.3259 -17.4931 4.06023 -24.302 -17.2894 3.93008 -25.2719 
-17.0975 3.72653 -26.2317 -16.9179 3.46511 -27.1797 -16.7288 3.12249 -28.0993 
-16.5298 2.71027 -28.9876 -16.333 2.19052 -29.8175 -16.1235 1.57911 -30.5785 
-15.9004 0.884954 -31.2624 -15.6654 0.184284 -31.9359 -15.4184 -0.477189 -32.6415 
-15.1498 -1.01703 -33.4373 -14.8857 -1.39297 -34.3219 -14.67 -1.63203 -35.2674 
-14.521 -1.82081 -36.2379 -14.4086 -2.01455 -37.2124 -14.3293 -2.24066 -38.183 
-14.2847 -2.52274 -39.1409 -14.2688 -2.84959 -40.0856 -14.2685 -3.19834 -41.0228 
-14.2801 -3.57291 -41.9499 -14.2847 -3.95233 -42.8751 -14.2782 -4.33291 -43.7997 
-26.6621 1.01821 40.8588 -26.7095 1.18117 40.1287 -26.8373 1.35958 39.1538 
-27.0229 1.50539 38.1822 -27.2292 1.63905 37.2129 -27.4363 1.76806 36.243 
-27.6496 1.90328 35.2755 -27.8813 2.05161 34.3141 -28.1341 2.21655 33.3608 
-28.4088 2.39711 32.4165 -28.7161 2.58972 31.4847 -29.0651 2.7998 30.5718 
-29.4391 3.02809 29.6728 -29.8144 3.26621 28.7771 -30.1849 3.52559 27.8853 
-30.5536 3.8054 26.9989 -30.9199 4.11042 26.1199 -31.2779 4.4289 25.2421 
-31.6045 4.75915 24.3567 -31.9058 5.08691 23.4613 -32.1944 5.40697 22.5589 
-32.4966 5.724 21.66 -32.8023 6.04317 20.7631 -33.0764 6.36338 19.8564 
-33.2963 6.66975 18.9308 -33.4416 6.94171 17.9804 -33.5034 7.16749 17.009 
-33.4846 7.34655 16.026 -33.3954 7.48179 15.0397 -33.2488 7.58264 14.0559 
-33.0617 7.6547 13.0764 -32.8408 7.6833 12.1017 -32.6006 7.67282 11.1313 
-32.3525 7.61997 10.1641 -32.096 7.53292 9.20155 -31.8265 7.4403 8.24306 
-31.5553 7.37395 7.2829 -31.284 7.33715 6.32117 -31.0132 7.32606 5.35862 
-30.7398 7.33137 4.39675 -30.4604 7.34157 3.43666 -30.1754 7.35121 2.47818 
-29.8851 7.3575 1.52127 -29.5884 7.35616 0.566299 -29.2899 7.34887 -0.388086 
-28.9947 7.3412 -1.34347 -28.7007 7.32941 -2.29919 -28.3971 7.3009 -3.25147 
-28.0678 7.25668 -4.1946 -27.7145 7.21181 -5.12896 -27.34 7.16528 -6.05503 
-26.9342 7.10283 -6.96663 -26.4732 6.99862 -7.84694 -25.9687 6.83348 -8.69394 
-25.4601 6.62912 -9.53028 -24.9651 6.41309 -10.3719 -24.4597 6.20542 -11.2091 
-23.8978 5.98703 -12.0063 -23.2833 5.75613 -12.76 -22.6341 5.50859 -13.4791 
-21.9761 5.24047 -14.1828 -21.3408 4.95057 -14.8983 -20.746 4.64843 -15.6425 
-20.211 4.34931 -16.432 -19.735 4.06291 -17.2631 -19.3272 3.81092 -18.1402 
-18.9799 3.59367 -19.0518 -18.6846 3.41782 -19.9904 -18.4359 3.28769 -20.9499 
-18.2336 3.19837 -21.9248 -18.0706 3.13964 -22.9095 -17.9231 3.08997 -23.8973 
-17.7603 3.01207 -24.8807 -17.5791 2.87366 -25.8538 -17.3913 2.65355 -26.8104 
-17.2041 2.34343 -27.7414 -17.0173 1.9586 -28.6448 -16.8443 1.48238 -29.5052 
-16.678 0.903308 -30.3026 -16.4883 0.245434 -31.0305 -16.2826 -0.423645 -31.7443 
-16.0678 -1.03609 -32.5037 -15.8619 -1.49285 -33.365 -15.6677 -1.79782 -34.2962 
-15.478 -2.02748 -35.2506 -15.2927 -2.22549 -36.2132 -15.1278 -2.43009 -37.1779 
-14.9977 -2.67349 -38.1387 -14.906 -2.96867 -39.0894 -14.8557 -3.30843 -40.0282 
-14.8517 -3.68742 -40.9533 -14.8684 -4.08567 -41.8703 -14.8896 -4.46965 -42.7934 
-14.91 -4.81171 -43.7325 -25.1526 2.99962 39.5851 -25.5576 3.09619 38.6762 
-25.9249 3.19476 37.7514 -26.2673 3.29827 36.8177 -26.5704 3.41443 35.8721 
-26.8283 3.55541 34.9165 -27.0597 3.74364 33.9622 -27.2937 3.97632 33.0185 
-27.5493 4.25125 32.0919 -27.8475 4.55586 31.1877 -28.1969 4.88046 30.3088 
-28.5708 5.21198 29.4426 -28.9579 5.54538 28.5831 -29.3438 5.88307 27.7245 
-29.7202 6.23203 26.8664 -30.0836 6.59015 26.0063 -30.4253 6.95652 25.1409 
-30.7448 7.32525 24.2681 -31.0681 7.67976 23.3909 -31.4671 7.99629 22.5316 
-31.9795 8.26681 21.7174 -32.5163 8.51593 20.9114 -33.0047 8.75813 20.074 
-33.4013 9.00505 19.1912 -33.6936 9.24817 18.2672 -33.8665 9.4626 17.3072 
-33.9284 9.63595 16.3255 -33.885 9.76077 15.3355 -33.7464 9.83547 14.3489 
-33.5271 9.86515 13.3743 -33.2463 9.85372 12.4151 -32.9149 9.78967 11.4744 
-32.5361 9.66903 10.5571 -32.1257 9.51031 9.65931 -31.7122 9.34378 8.76423 
-31.3262 9.20115 7.85318 -30.9769 9.09237 6.9227 -30.6582 9.01242 5.97837 
-30.3615 8.95578 5.02511 -30.0774 8.91537 4.0672 -29.7998 8.88022 3.10717 
-29.5237 8.83809 2.14699 -29.2484 8.79046 1.18678 -28.9732 8.74484 0.226479 
-28.7015 8.69827 -0.734778 -28.4364 8.63709 -1.69703 -28.1632 8.5558 -2.65546 
-27.8643 8.46387 -3.60523 -27.5513 8.37585 -4.5509 -27.2486 8.3013 -5.50103 
-26.9603 8.23833 -6.45643 -26.6461 8.16346 -7.40256 -26.2519 8.0299 -8.31019 
-25.7826 7.83103 -9.17016 -25.2932 7.61683 -10.0155 -24.7983 7.42091 -10.862 
-24.2777 7.22352 -11.6923 -23.6942 7.00803 -12.4746 -23.0509 6.76806 -13.201 
-22.3795 6.50608 -13.8941 -21.7129 6.2183 -14.5817 -21.0828 5.90844 -15.2932 
-20.5002 5.59447 -16.0424 -19.9741 5.28577 -16.8341 -19.4973 4.99751 -17.6643 
-19.0627 4.73497 -18.5254 -18.6849 4.51929 -19.4249 -18.3588 4.36932 -20.3577 
-18.0826 4.27001 -21.3133 -17.8505 4.20076 -22.2835 -17.6407 4.14284 -23.2594 
-17.432 4.06419 -24.2342 -17.2211 3.94233 -25.2038 -17.0223 3.74259 -26.1628 
-16.8385 3.47382 -27.1078 -16.6453 3.1337 -28.0275 -16.4418 2.72435 -28.9162 
-16.2409 2.20115 -29.7422 -16.0301 1.59067 -30.5047 -15.8097 0.900391 -31.193 
-15.5798 0.187786 -31.8557 -15.34 -0.494965 -32.5437 -15.0729 -1.06475 -33.3187 
-14.7978 -1.4625 -34.1905 -14.5836 -1.6932 -35.1378 -14.4347 -1.87649 -36.1091 
-14.3239 -2.0628 -37.0854 -14.2513 -2.2832 -38.0577 -14.2124 -2.55944 -39.0176 
-14.1999 -2.88138 -39.9641 -14.2018 -3.22763 -40.9022 -14.215 -3.60056 -41.8298 
-14.2211 -3.97979 -42.7552 -14.2168 -4.36411 -43.678 -27.9557 0.501922 39.8209 
-27.8904 0.640205 38.8342 -27.9344 0.744614 37.8412 -28.0545 0.838596 36.8531 
-28.2226 0.940342 35.8728 -28.437 1.04587 34.9018 -28.6688 1.14617 33.9343 
-28.917 1.23776 32.9699 -29.1866 1.30429 32.0093 -29.4772 1.34184 31.0534 
-29.7969 1.34499 30.1061 -30.1546 1.33623 29.1725 -30.5412 1.34516 28.2504 
-30.9547 1.40918 27.3428 -31.3676 1.55396 26.4439 -31.7571 1.76123 25.5469 
-32.1122 2.02786 24.6514 -32.4281 2.342 23.7563 -32.7182 2.69227 22.8659 
-32.9939 3.06865 21.9815 -33.2585 3.46706 21.1034 -33.488 3.8726 20.219 
-33.6402 4.24591 19.3045 -33.7098 4.56892 18.3617 -33.6976 4.83802 17.3994 
-33.619 5.06056 16.4282 -33.4958 5.24527 15.4534 -33.3467 5.40248 14.4772 
-33.1861 5.53924 13.4998 -33.027 5.65524 12.5194 -32.8801 5.74617 11.5345 
-32.7565 5.80798 10.5442 -32.6505 5.84224 9.5505 -32.5367 5.86239 8.55731 
-32.3833 5.87252 7.56946 -32.1784 5.88258 6.59091 -31.9379 5.90448 5.62056 
-31.6795 5.94762 4.65555 -31.4094 6.00675 3.69455 -31.1271 6.07485 2.73764 
-30.8342 6.15072 1.78453 -30.531 6.2319 0.83507 -30.2206 6.3088 -0.112373 
-29.9064 6.383 -1.05885 -29.5916 6.46012 -2.00487 -29.2745 6.5322 -2.95052 
-28.8598 6.60864 -4.12711 -28.4053 6.6711 -5.28959 -27.9966 6.70387 -6.20154 
-27.5433 6.70569 -7.09239 -27.0351 6.64468 -7.95054 -26.4948 6.50874 -8.78018 
-25.9648 6.33163 -9.60934 -25.4681 6.15354 -10.4587 -24.9742 5.98639 -11.312 
-24.4323 5.82576 -12.1363 -23.8297 5.65702 -12.9157 -23.1699 5.47037 -13.6432 
-22.492 5.26671 -14.3494 -21.8293 5.04513 -15.0646 -21.2088 4.81917 -15.8152 
-20.6445 4.59953 -16.6101 -20.1499 4.39896 -17.455 -19.7237 4.22007 -18.341 
-19.3596 4.07913 -19.2612 -19.05 3.96803 -20.2053 -18.8036 3.89416 -21.1712 
-18.6116 3.85604 -22.1515 -18.4588 3.83212 -23.1394 -18.3202 3.79448 -24.129 
-18.1748 3.71929 -25.1153 -18.021 3.58212 -26.0933 -17.8614 3.36411 -27.0555 
-17.6964 3.06103 -27.9934 -17.5382 2.66787 -28.898 -17.3941 2.17107 -29.7519 
-17.2394 1.58536 -30.5462 -17.0512 0.927813 -31.2749 -16.8101 0.281006 -31.9979 
-16.5524 -0.287922 -32.7734 -16.3096 -0.667237 -33.6631 -16.1224 -0.954866 -34.602 
-15.9477 -1.17894 -35.5605 -15.7666 -1.37457 -36.5243 -15.5906 -1.57771 -37.4874 
-15.4419 -1.80236 -38.4503 -15.3101 -2.04381 -39.4117 -15.2281 -2.35117 -40.3584 
-15.1972 -2.71064 -41.2909 -15.1822 -3.09113 -42.2155 -15.1707 -3.47967 -43.1369 
-15.1522 -3.85456 -44.0638 -27.585 0.535042 40.6323 -27.5168 0.677758 39.9004 
-27.5354 0.823521 38.9124 -27.6436 0.939045 37.9254 -27.7988 1.0443 36.9432 
-27.9796 1.15409 35.9659 -28.1926 1.27025 34.9959 -28.4284 1.38699 34.0312 
-28.6813 1.50427 33.0708 -28.9587 1.61527 32.1166 -29.266 1.71086 31.1699 
-29.6022 1.79205 30.2318 -29.9656 1.87109 29.3035 -30.351 1.96637 28.3857 
-30.7495 2.08984 27.4771 -31.1506 2.26784 26.5788 -31.5334 2.49479 25.6837 
-31.887 2.756 24.7857 -32.1936 3.05086 23.8809 -32.4706 3.37282 22.9757 
-32.729 3.71684 22.073 -32.9842 4.07956 21.1768 -33.226 4.45399 20.2817 
-33.4075 4.80992 19.3656 -33.5113 5.12286 18.4224 -33.5348 5.38517 17.4585 
-33.4873 5.60145 16.4838 -33.3861 5.77837 15.5052 -33.2487 5.92493 14.5258 
-33.0903 6.04891 13.5462 -32.9232 6.15108 12.5656 -32.7564 6.22334 11.5824 
-32.6046 6.25932 10.5948 -32.4662 6.26232 9.60452 -32.3138 6.24319 8.61649 
-32.1318 6.21898 7.63367 -31.908 6.20249 6.65929 -31.6598 6.20896 5.6907 
-31.3993 6.23649 4.72563 -31.128 6.27674 3.76398 -30.8465 6.32361 2.80558 
-30.551 6.37589 1.85169 -30.2462 6.4268 0.900676 -29.9334 6.47169 -0.048109 
-29.6185 6.51414 -0.996301 -29.3055 6.55478 -1.94515 -28.9895 6.58872 -2.89327 
-28.6581 6.61372 -3.83642 -28.2962 6.62839 -4.76838 -27.8969 6.63175 -5.68498 
-27.4576 6.61689 -6.58274 -26.9697 6.56012 -7.45349 -26.4415 6.43956 -8.29325 
-25.9139 6.26235 -9.12396 -25.4097 6.0673 -9.96516 -24.9154 5.87716 -10.8134 
-24.3803 5.6909 -11.6365 -23.7887 5.49422 -12.4179 -23.1483 5.28121 -13.1556 
-22.4888 5.04969 -13.8706 -21.8373 4.79929 -14.5865 -21.2226 4.53598 -15.3296 
-20.6563 4.27162 -16.1099 -20.1559 4.02113 -16.938 -19.7156 3.78872 -17.8046 
-19.3531 3.59531 -18.7155 -19.0436 3.43152 -19.652 -18.7884 3.29652 -20.6089 
-18.5882 3.20533 -21.584 -18.4353 3.15005 -22.5705 -18.3112 3.11194 -23.562 
-18.1849 3.05859 -24.5525 -18.0374 2.96316 -25.5367 -17.8667 2.79391 -26.5065 
-17.6862 2.5343 -27.4544 -17.5097 2.18718 -28.3746 -17.3467 1.74677 -29.2563 
-17.194 1.19986 -30.0784 -17.0159 0.587368 -30.8477 -16.7913 -0.057762 -31.5778 
-16.5574 -0.657386 -32.34 -16.3393 -1.10714 -33.203 -16.1572 -1.41116 -34.1371 
-15.9876 -1.64455 -35.0943 -15.8066 -1.84406 -36.0573 -15.6243 -2.04227 -37.0203 
-15.4643 -2.26238 -37.9823 -15.3434 -2.53314 -38.9369 -15.2675 -2.85764 -39.8793 
-15.227 -3.21296 -40.813 -15.2318 -3.60597 -41.7323 -15.2363 -4.00594 -42.6488 
-15.2375 -4.37455 -43.5779 -26.1049 1.33412 40.5964 -26.3137 1.55877 39.6449 
-26.5455 1.73321 38.6881 -26.7877 1.88121 37.7292 -27.0238 2.01979 36.7675 
-27.2499 2.15601 35.8029 -27.4735 2.30401 34.8396 -27.7084 2.47347 33.8826 
-27.9673 2.67048 32.9371 -28.2544 2.89007 32.0049 -28.5814 3.12646 31.09 
-28.9426 3.38193 30.1935 -29.3223 3.65585 29.3098 -29.6941 3.93968 28.426 
-30.0596 4.24074 27.5452 -30.4258 4.55945 26.671 -30.7887 4.89291 25.8009 
-31.1322 5.23966 24.9282 -31.4487 5.58669 24.0455 -31.7454 5.9226 23.1516 
-32.0556 6.24282 22.2568 -32.4107 6.54738 21.3729 -32.7623 6.84983 20.4871 
-33.0686 7.15057 19.5843 -33.3078 7.43911 18.6577 -33.4658 7.69472 17.7048 
-33.5351 7.90551 16.7306 -33.5147 8.06413 15.7444 -33.4188 8.17843 14.7565 
-33.2521 8.25449 13.7738 -33.0377 8.29702 12.7983 -32.7842 8.29459 11.8313 
-32.4995 8.24282 10.8744 -32.1966 8.14752 9.9263 -31.8831 8.02594 8.98454 
-31.5789 7.91984 8.03794 -31.2878 7.84338 7.08442 -31.0046 7.79543 6.12663 
-30.7255 7.77209 5.16665 -30.4471 7.76249 4.20625 -30.1669 7.75599 3.24634 
-29.8846 7.74849 2.28706 -29.5971 7.73322 1.32939 -29.3048 7.70989 0.373394 
-29.0126 7.6848 -0.582641 -28.7245 7.65795 -1.53989 -28.432 7.61559 -2.49515 
-28.2004 7.57121 -3.20707 -28.0392 7.539 -3.67927 -27.7815 7.49098 -4.38195 
-27.4271 7.42943 -5.315 -27.0551 7.35976 -6.24053 -26.6437 7.26628 -7.14648 
-26.1725 7.11514 -8.01458 -25.6649 6.89671 -8.84781 -25.1601 6.65345 -9.67599 
-24.6579 6.41385 -10.5068 -24.1179 6.16248 -11.3095 -23.5271 5.90066 -12.0724 
-22.9021 5.62496 -12.8026 -22.2589 5.33031 -13.5092 -21.6259 5.01707 -14.2171 
-21.0243 4.6896 -14.9453 -20.4671 4.35898 -15.7067 -19.9749 4.04092 -16.5162 
-19.5429 3.7548 -17.3711 -19.1697 3.50189 -18.263 -18.8573 3.29236 -19.1889 
-18.5896 3.12571 -20.1375 -18.3668 3.00279 -21.1043 -18.188 2.92151 -22.0844 
-18.0385 2.86931 -23.0718 -17.8843 2.81258 -24.0582 -17.7118 2.72615 -25.0392 
-17.5252 2.57609 -26.0095 -17.3349 2.34073 -26.9619 -17.1465 2.0176 -27.8885 
-16.9737 1.60126 -28.78 -16.8238 1.1013 -29.632 -16.6705 0.50092 -30.4156 
-16.4898 -0.166809 -31.1372 -16.2896 -0.818966 -31.868 -16.0872 -1.3812 -32.6641 
-15.8919 -1.75979 -33.5669 -15.712 -2.03383 -34.5113 -15.5256 -2.24882 -35.4697 
-15.3391 -2.44082 -36.4332 -15.177 -2.64978 -37.3973 -15.0536 -2.90672 -38.3554 
-14.9698 -3.21724 -39.3019 -14.9337 -3.57521 -40.2345 -14.9493 -3.9725 -41.1518 
-14.9806 -4.37125 -42.0684 -15.0231 -4.7436 -42.9953 -15.0556 -5.05879 -43.9435 
-25.6515 1.41032 40.656 -25.9406 1.64547 39.7283 -26.2221 1.8287 38.7867 
-26.5007 1.97972 37.8382 -26.7662 2.11841 36.8842 -27.0144 2.25231 35.9249 
-27.2477 2.39477 34.963 -27.4777 2.55692 34.0034 -27.7214 2.74637 33.0524 
-27.9925 2.96434 32.115 -28.2988 3.20174 31.1933 -28.6491 3.45666 30.2924 
-29.0284 3.73075 29.4086 -29.4121 4.01441 28.5299 -29.7885 4.30883 27.6515 
-30.1612 4.61925 26.7771 -30.5315 4.94568 25.9073 -30.8857 5.28506 25.036 
-31.2138 5.63055 24.1569 -31.4996 5.96923 23.2607 -31.7692 6.29468 22.3545 
-32.0834 6.60155 21.4565 -32.446 6.90163 20.5742 -32.7927 7.20117 19.6856 
-33.0875 7.49685 18.7772 -33.3029 7.77052 17.8406 -33.4304 8.00459 16.8778 
-33.4631 8.18714 15.8962 -33.4032 8.3159 14.9073 -33.2628 8.40202 13.9216 
-33.062 8.45419 12.9437 -32.8215 8.47112 11.9734 -32.5362 8.42998 11.0162 
-32.2257 8.34143 10.07 -31.9007 8.22006 9.13221 -31.579 8.09848 8.19329 
-31.2751 8.00447 7.24536 -30.9831 7.93566 6.2915 -30.6996 7.89604 5.33338 
-30.4201 7.87704 4.37345 -30.1403 7.8642 3.41348 -29.8594 7.8519 2.45382 
-29.5748 7.83367 1.49534 -29.2852 7.80665 0.538593 -28.9925 7.7751 -0.417085 
-28.7029 7.74362 -1.37372 -28.4146 7.70206 -2.33031 -28.1922 7.65894 -3.04526 
-27.9523 7.60643 -3.75391 -27.6147 7.53734 -4.69261 -27.2626 7.47194 -5.62628 
-26.8959 7.40003 -6.55367 -26.4875 7.30333 -7.46066 -26.0207 7.15112 -8.3313 
-25.5187 6.93604 -9.16858 -25.0196 6.69804 -10.0017 -24.5193 6.46385 -10.8353 
-23.9818 6.22286 -11.643 -23.3992 5.97725 -12.4173 -22.7697 5.71855 -13.1497 
-22.1175 5.43956 -13.8544 -21.478 5.13791 -14.5613 -20.8679 4.81961 -15.2868 
-20.3125 4.49671 -16.0525 -19.8083 4.1791 -16.8552 -19.3699 3.88858 -17.7048 
-18.9931 3.63134 -18.5944 -18.6698 3.41585 -19.5152 -18.3936 3.25239 -20.4619 
-18.16 3.1326 -21.4265 -17.967 3.04919 -22.404 -17.798 2.99399 -23.3881 
-17.6212 2.93512 -24.3703 -17.4242 2.8271 -25.3442 -17.2214 2.64038 -26.3048 
-17.0265 2.37263 -27.2481 -16.8328 2.0147 -28.1607 -16.6563 1.56488 -29.035 
-16.5042 1.00831 -29.8498 -16.3505 0.360352 -30.5944 -16.1793 -0.327453 -31.2996 
-15.9853 -0.97851 -32.0329 -15.7769 -1.49715 -32.8566 -15.5672 -1.84504 -33.7676 
-15.3657 -2.10078 -34.7127 -15.1688 -2.30349 -35.6719 -14.9913 -2.49726 -36.6367 
-14.8516 -2.71564 -37.6021 -14.7565 -2.9829 -38.5607 -14.6992 -3.29905 -39.5073 
-14.685 -3.66257 -40.4385 -14.7036 -4.05521 -41.3579 -14.7309 -4.44676 -42.2776 
-14.763 -4.81183 -43.208 -27.1853 0.80809 40.5211 -27.1737 0.946434 39.7854 
-27.2744 1.08825 38.8011 -27.4271 1.2132 37.8209 -27.6038 1.33171 36.8438 
-27.7971 1.4522 35.8701 -28.0156 1.57987 34.9027 -28.2558 1.71404 33.9414 
-28.5131 1.85567 32.9855 -28.797 2.00076 32.0378 -29.1222 2.1458 31.1035 
-29.4734 2.29396 30.1791 -29.8449 2.45156 29.2642 -30.2251 2.62715 28.3561 
-30.6103 2.82779 27.4554 -30.9949 3.06617 26.5638 -31.3659 3.33719 25.6757 
-31.7122 3.62632 24.7834 -32.0229 3.93024 23.8829 -32.3005 4.24448 22.9752 
-32.5605 4.56913 22.0658 -32.8294 4.90689 21.1638 -33.0954 5.25377 20.2645 
-33.3182 5.59639 19.3524 -33.4711 5.90742 18.4152 -33.5426 6.17024 17.4538 
-33.5355 6.38626 16.4781 -33.4632 6.56051 15.4964 -33.3415 6.70004 14.5139 
-33.1858 6.8142 13.5328 -33.0119 6.90622 12.5525 -32.8279 6.96475 11.5714 
-32.6424 6.9838 10.5891 -32.4605 6.96763 9.60598 -32.2655 6.92403 8.62626 
-32.0398 6.86995 7.65362 -31.7859 6.83229 6.68727 -31.5217 6.82658 5.7229 
-31.2544 6.84466 4.75943 -30.983 6.87481 3.79747 -30.7023 6.91292 2.83846 
-30.4123 6.95139 1.88222 -30.1164 6.98669 0.927663 -29.8166 7.019 -0.0257855 
-29.5175 7.04837 -0.979602 -29.223 7.075 -1.93487 -28.9283 7.09559 -2.89023 
-28.6218 7.1033 -3.84201 -28.2902 7.10026 -4.78535 -27.9315 7.09573 -5.7187 
-27.5453 7.08722 -6.64087 -27.111 7.05099 -7.54017 -26.6178 6.95679 -8.40415 
-26.0926 6.79978 -9.24032 -25.5906 6.6208 -10.0864 -25.1003 6.44752 -10.9405 
-24.5823 6.28382 -11.7795 -24.012 6.11127 -12.5821 -23.3776 5.92401 -13.3314 
-22.7013 5.71622 -14.038 -22.0256 5.48543 -14.738 -21.3776 5.2388 -15.4581 
-20.7792 4.99006 -16.2193 -20.2463 4.75151 -17.0306 -19.7705 4.52747 -17.8806 
-19.3648 4.34049 -18.7747 -19.0172 4.19011 -19.6997 -18.7233 4.07804 -20.6483 
-18.4855 4.0122 -21.6171 -18.2945 3.97031 -22.5977 -18.1328 3.92909 -23.5836 
-17.9735 3.86453 -24.5686 -17.8051 3.75291 -25.5476 -17.6383 3.56667 -26.5152 
-17.4726 3.29899 -27.4637 -17.2983 2.95562 -28.3862 -17.1255 2.52584 -29.2712 
-16.9517 2.00631 -30.1072 -16.7536 1.38996 -30.8675 -16.5254 0.718853 -31.5724 
-16.2757 0.0660934 -32.2874 -16.0153 -0.478878 -33.0808 -15.7836 -0.87833 -33.9651 
-15.5771 -1.17574 -34.8966 -15.3878 -1.39731 -35.853 -15.2137 -1.60375 -36.8158 
-15.0624 -1.82056 -37.7801 -14.9303 -2.05683 -38.7427 -14.8363 -2.34306 -39.6953 
-14.7987 -2.68915 -40.6325 -14.7848 -3.04925 -41.5653 -14.7844 -3.43031 -42.4898 
-14.7772 -3.81204 -43.414 -25.5763 1.75143 40.6636 -25.8054 1.93247 39.9729 
-26.0911 2.12989 39.0354 -26.3745 2.288 38.0896 -26.647 2.42728 37.1377 
-26.9008 2.563 36.18 -27.1335 2.70997 35.2187 -27.3589 2.87704 34.2589 
-27.5952 3.08234 33.3093 -27.8598 3.32101 32.3753 -28.1622 3.58439 31.4594 
-28.5056 3.86735 30.564 -28.8783 4.17073 29.6871 -29.2557 4.48199 28.8151 
-29.6274 4.8025 27.9438 -29.9953 5.13664 27.076 -30.3614 5.48327 26.2125 
-30.7158 5.8447 25.3501 -31.0435 6.20868 24.4783 -31.3489 6.56247 23.5943 
-31.6636 6.89581 22.7058 -32.0578 7.19643 21.8384 -32.4888 7.47941 20.9816 
-32.8887 7.75641 20.1083 -33.2079 8.03302 19.2024 -33.4572 8.29951 18.272 
-33.6067 8.52975 17.3115 -33.659 8.71272 16.3308 -33.6153 8.84275 15.3413 
-33.4843 8.92519 14.3541 -33.2821 8.97018 13.3763 -33.025 8.97286 12.4103 
-32.7223 8.92294 11.4588 -32.3856 8.82472 10.5227 -32.0269 8.68694 9.59966 
-31.6723 8.54529 8.67545 -31.3413 8.43061 7.73901 -31.0304 8.3445 6.79262 
-30.7361 8.28848 5.8386 -30.4513 8.25383 4.8807 -30.1704 8.22959 3.92125 
-29.8912 8.20814 2.96129 -29.6106 8.18052 2.00186 -29.3268 8.14431 1.04366 
-29.0401 8.10456 0.086487 -28.7559 8.06462 -0.871438 -28.4762 8.01607 -1.83027 
-28.1845 7.94425 -2.78401 -27.868 7.86265 -3.72905 -27.536 7.7858 -4.66918 
-27.1997 7.71469 -5.60826 -26.8518 7.63972 -6.54274 -26.4557 7.53273 -7.45399 
-25.9938 7.35697 -8.32213 -25.4986 7.12884 -9.16014 -25.0052 6.88509 -9.99512 
-24.5029 6.64456 -10.8256 -23.9599 6.39714 -11.6274 -23.3614 6.13934 -12.3856 
-22.7224 5.86437 -13.1035 -22.0722 5.56931 -13.8036 -21.4381 5.25289 -14.5091 
-20.8449 4.92206 -15.2425 -20.3009 4.59248 -16.0136 -19.8233 4.28092 -16.8346 
-19.3992 4.00091 -17.6951 -19.0429 3.76504 -18.5987 -18.734 3.57492 -19.5305 
-18.4669 3.43177 -20.483 -18.2454 3.33225 -21.4527 -18.0667 3.2664 -22.4342 
-17.9075 3.21459 -23.42 -17.7379 3.14384 -24.4028 -17.5511 3.01276 -25.3759 
-17.3584 2.8027 -26.334 -17.1696 2.51436 -27.2721 -16.9805 2.14618 -28.1813 
-16.8091 1.67122 -29.0434 -16.6506 1.10597 -29.8515 -16.4845 0.461258 -30.597 
-16.3006 -0.21719 -31.308 -16.0979 -0.865983 -32.041 -15.8932 -1.41979 -32.8447 
-15.691 -1.77703 -33.7535 -15.4981 -2.04027 -34.6984 -15.3053 -2.24875 -35.6572 
-15.1269 -2.44411 -36.6215 -14.9774 -2.65924 -37.5864 -14.8692 -2.92428 -38.544 
-14.8034 -3.24168 -39.4897 -14.7819 -3.60382 -40.4212 -14.7983 -3.99717 -41.3404 
-14.8244 -4.39114 -42.259 -14.8576 -4.75354 -43.1903 -26.8842 1.17478 40.5222 
-26.9053 1.31631 39.7867 -27.0229 1.47777 38.8075 -27.1985 1.62054 37.8335 
-27.3907 1.75401 36.8613 -27.589 1.88556 35.89 -27.803 2.02638 34.9234 
-28.0403 2.18302 33.9648 -28.2977 2.35764 33.0145 -28.5809 2.54749 32.0746 
-28.9016 2.7508 31.1497 -29.2619 2.97466 30.2442 -29.635 3.21207 29.3473 
-30.004 3.46356 28.4525 -30.3685 3.73501 27.5618 -30.7318 4.03195 26.6788 
-31.0944 4.35104 25.8032 -31.4392 4.68229 24.925 -31.7607 5.01834 24.0399 
-32.0674 5.3467 23.1465 -32.3707 5.66749 22.2492 -32.6921 5.984 21.3568 
-32.9976 6.30141 20.4591 -33.257 6.61656 19.5464 -33.4506 6.91078 18.6112 
-33.5639 7.16352 17.6511 -33.5925 7.3697 16.6739 -33.5433 7.52902 15.6885 
-33.4278 7.64669 14.7027 -33.2607 7.73492 13.7209 -33.0598 7.79394 12.7432 
-32.8302 7.80873 11.7704 -32.5847 7.78385 10.8015 -32.3298 7.71991 9.83673 
-32.0601 7.6287 8.87819 -31.7792 7.541 7.92254 -31.5006 7.48309 6.96394 
-31.2252 7.45441 6.00313 -30.952 7.44901 5.04123 -30.6767 7.45758 4.0799 
-30.3965 7.46981 3.12005 -30.1121 7.48087 2.1614 -29.8226 7.48719 1.20425 
-29.5289 7.48697 0.248367 -29.236 7.48236 -0.70779 -28.9474 7.47787 -1.66521 
-28.6577 7.46574 -2.62222 -28.4349 7.44357 -3.33799 -28.1946 7.41216 -4.04775 
-27.8565 7.37008 -4.98787 -27.4981 7.33188 -5.92064 -27.1163 7.28553 -6.84361 
-26.6926 7.21163 -7.74544 -26.2051 7.07454 -8.60711 -25.6988 6.88898 -9.44919 
-25.2035 6.68802 -10.2943 -24.7131 6.50126 -11.1455 -24.177 6.30957 -11.9669 
-23.5821 6.10771 -12.7442 -22.9342 5.88786 -13.4732 -22.2618 5.64477 -14.1723 
-21.6001 5.38107 -14.874 -20.9817 5.09942 -15.6072 -20.4148 4.81777 -16.3806 
-19.9179 4.54619 -17.2043 -19.4804 4.30284 -18.0693 -19.1036 4.09729 -18.972 
-18.777 3.92492 -19.9008 -18.507 3.80702 -20.856 -18.2861 3.73071 -21.8279 
-18.1059 3.67828 -22.8101 -17.9453 3.62867 -23.7958 -17.7771 3.54902 -24.7782 
-17.5988 3.40898 -25.7515 -17.4191 3.19785 -26.7117 -17.2378 2.90574 -27.6501 
-17.05 2.53332 -28.5581 -16.868 2.08062 -29.4305 -16.6809 1.5317 -30.2431 
-16.4741 0.87774 -30.9697 -16.2498 0.20145 -31.6712 -16.0139 -0.442383 -32.3986 
-15.78 -0.959461 -33.2185 -15.5599 -1.32565 -34.12 -15.3547 -1.58339 -35.0634 
-15.1662 -1.79435 -36.0225 -15.0006 -2.00232 -36.9865 -14.8647 -2.22818 -37.951 
-14.7682 -2.49866 -38.9084 -14.7123 -2.81948 -39.8535 -14.6848 -3.16915 -40.79 
-14.6905 -3.54982 -41.7145 -14.6955 -3.94088 -42.6348 -14.6919 -4.31839 -43.5607 
-27.3055 1.32931 40.1377 -27.3027 1.48811 39.1521 -27.4046 1.6327 38.1682 
-27.5532 1.76893 37.1888 -27.722 1.89957 36.2119 -27.9158 2.03613 35.2405 
-28.1408 2.18859 34.2782 -28.383 2.35776 33.3229 -28.652 2.54388 32.378 
-28.9607 2.74499 31.4486 -29.3061 2.96255 30.5359 -29.6711 3.1965 29.6348 
-30.0341 3.44242 28.736 -30.393 3.70585 27.8406 -30.75 3.99657 26.9529 
-31.108 4.31681 26.0759 -31.4582 4.65157 25.2012 -31.7944 4.99239 24.3232 
-32.1203 5.32749 23.4392 -32.4424 5.65526 22.5511 -32.7802 5.97267 21.6651 
-33.1036 6.28829 20.7731 -33.3816 6.60543 19.8669 -33.5867 6.90578 18.9361 
-33.7008 7.16226 17.9769 -33.7402 7.37745 17.0019 -33.7012 7.54659 16.0177 
-33.5969 7.67396 15.0318 -33.4411 7.76974 14.0488 -33.2495 7.83967 13.07 
-33.0344 7.8762 12.0943 -32.8012 7.87204 11.122 -32.5566 7.83036 10.1534 
-32.298 7.75749 9.19032 -32.0168 7.67156 8.23458 -31.7263 7.60203 7.28031 
-31.4432 7.56755 6.3219 -31.1663 7.56013 5.36111 -30.892 7.57202 4.39956 
-30.6152 7.59198 3.43886 -30.3349 7.61251 2.47915 -30.0526 7.63187 1.52002 
-29.7674 7.6471 0.561676 -29.4811 7.65595 -0.396392 -29.1994 7.66346 -1.35589 
-28.9219 7.66704 -2.3166 -28.6381 7.64872 -3.27522 -28.4135 7.62627 -3.99041 
-28.1698 7.60414 -4.69936 -27.8335 7.58263 -5.64086 -27.4894 7.56405 -6.57952 
-27.113 7.53403 -7.50502 -26.6715 7.45969 -8.3981 -26.1715 7.32219 -9.25283 
-25.6706 7.1604 -10.1031 -25.1812 7.00025 -10.9602 -24.6837 6.85094 -11.8146 
-24.1209 6.68958 -12.6245 -23.4941 6.51168 -13.382 -22.8131 6.31025 -14.0857 
-22.1208 6.08523 -14.7712 -21.4517 5.83728 -15.4713 -20.834 5.58366 -16.215 
-20.2772 5.33995 -17.0088 -19.7693 5.10665 -17.8375 -19.3232 4.90497 -18.7088 
-18.932 4.74245 -19.6143 -18.597 4.6313 -20.5491 -18.3201 4.57482 -21.508 
-18.0915 4.53831 -22.4808 -17.8918 4.49488 -23.4596 -17.6955 4.42525 -24.4375 
-17.5018 4.30461 -25.4107 -17.331 4.11247 -26.3764 -17.178 3.84418 -27.327 
-17.0177 3.50328 -28.2529 -16.8444 3.07488 -29.1389 -16.6637 2.55756 -29.974 
-16.4619 1.9487 -30.7397 -16.2283 1.2721 -31.4371 -15.9643 0.594654 -32.1234 
-15.6742 -0.0211485 -32.8549 -15.3843 -0.509144 -33.6735 -15.1314 -0.863285 -34.5722 
-14.9158 -1.12855 -35.5112 -14.7451 -1.34343 -36.4726 -14.6152 -1.54943 -37.4424 
-14.5135 -1.77695 -38.4108 -14.4254 -2.03413 -39.373 -14.381 -2.34595 -40.3214 
-14.3785 -2.69746 -41.2575 -14.385 -3.06509 -42.1874 -14.3858 -3.43976 -43.1146 
-14.3725 -3.79634 -44.0486 -24.9578 2.27379 40.4428 -25.3657 2.44425 39.5462 
-25.7243 2.59399 38.6251 -26.0597 2.72114 37.6917 -26.3715 2.84513 36.7497 
-26.6506 2.97778 35.7989 -26.894 3.1283 34.8409 -27.123 3.31367 33.8853 
-27.3609 3.53503 32.9398 -27.6245 3.79406 32.0108 -27.9396 4.08442 31.1076 
-28.2929 4.38768 30.2227 -28.6713 4.70319 29.3526 -29.0553 5.02592 28.4874 
-29.4362 5.35431 27.6231 -29.813 5.69209 26.7606 -30.1837 6.03798 25.8987 
-30.5322 6.3952 25.0322 -30.8492 6.75463 24.1547 -31.1454 7.10412 23.2659 
-31.4552 7.42868 22.373 -31.8573 7.71609 21.5049 -32.3304 7.98268 20.6652 
-32.773 8.24496 19.8081 -33.1533 8.51035 18.9226 -33.431 8.76892 17.9984 
-33.6091 8.99758 17.0425 -33.6825 9.17944 16.0632 -33.6493 9.30708 15.0732 
-33.5175 9.38362 14.0858 -33.306 9.41846 13.1097 -33.0364 9.41302 12.1471 
-32.7196 9.35608 11.2008 -32.3584 9.24265 10.2759 -31.9704 9.09262 9.36655 
-31.5812 8.93781 8.4586 -31.222 8.8105 7.53434 -30.8927 8.71416 6.59515 
-30.5872 8.64586 5.6455 -30.2971 8.59932 4.68967 -30.0146 8.56532 3.73101 
-29.7353 8.5347 2.77131 -29.4561 8.49657 1.81184 -29.1755 8.45208 0.853032 
-28.8932 8.4067 -0.105209 -28.6148 8.36011 -1.06453 -28.3408 8.30175 -2.02446 
-28.0567 8.22375 -2.98001 -27.7488 8.1352 -3.92723 -27.4282 8.05113 -4.8707 
-27.112 7.97705 -5.81648 -26.8019 7.90924 -6.76472 -26.4426 7.8139 -7.69201 
-26.0189 7.66577 -8.58505 -25.5428 7.46349 -9.44049 -25.052 7.23812 -10.2821 
-24.5593 7.02734 -11.1263 -24.0278 6.81358 -11.9454 -23.4338 6.58938 -12.7171 
-22.7902 6.34789 -13.4429 -22.1186 6.08158 -14.1341 -21.4581 5.79203 -14.8267 
-20.8377 5.48036 -15.5458 -20.2715 5.16605 -16.3073 -19.7602 4.85528 -17.1082 
-19.3113 4.57351 -17.9556 -18.92 4.32796 -18.8419 -18.5834 4.13946 -19.7635 
-18.2887 4.00167 -20.7089 -18.0401 3.90449 -21.6723 -17.8317 3.83651 -22.6479 
-17.6385 3.77788 -23.6273 -17.4387 3.69169 -24.6031 -17.2341 3.54675 -25.5707 
-17.0386 3.33229 -26.5273 -16.8517 3.0473 -27.467 -16.6534 2.68258 -28.3758 
-16.4577 2.22475 -29.2419 -16.2631 1.67444 -30.0529 -16.0631 1.01849 -30.7789 
-15.8551 0.313591 -31.4568 -15.635 -0.377526 -32.1451 -15.3979 -0.976069 -32.9069 
-15.1462 -1.39882 -33.7722 -14.9014 -1.68937 -34.6959 -14.7082 -1.89743 -35.6543 
-14.5647 -2.09028 -36.6248 -14.4596 -2.2988 -37.5969 -14.3921 -2.55375 -38.5611 
-14.3575 -2.86026 -39.5121 -14.3468 -3.20197 -40.4517 -14.3564 -3.57192 -41.3806 
-14.368 -3.95672 -42.3035 -14.3709 -4.33757 -43.2281 -24.8601 3.64979 39.1989 
-25.368 3.60739 38.3397 -25.8003 3.62895 37.4388 -26.1845 3.68774 36.5178 
-26.5093 3.77779 35.5768 -26.7724 3.9151 34.6224 -27.008 4.11256 33.6712 
-27.2477 4.36013 32.7326 -27.5098 4.6434 31.8104 -27.8186 4.96099 30.9143 
-28.1796 5.29087 30.0422 -28.5634 5.62217 29.1802 -28.9576 5.95591 28.324 
-29.3473 6.29504 27.4678 -29.7241 6.64511 26.6101 -30.0812 7.0028 25.7474 
-30.4137 7.36753 24.8778 -30.7277 7.73221 24.0012 -31.0691 8.07743 23.1277 
-31.4999 8.38252 22.2799 -32.0508 8.63783 21.4869 -32.614 8.86847 20.6936 
-33.1066 9.10131 19.8563 -33.5021 9.34023 18.9709 -33.781 9.57154 18.0404 
-33.9399 9.77538 17.0758 -33.983 9.93748 16.0912 -33.9065 10.0441 15.1007 
-33.747 10.1064 14.1164 -33.5057 10.1217 13.1467 -33.202 10.0931 12.1948 
-32.8424 10.0038 11.2664 -32.437 9.86123 10.3637 -32.0049 9.68748 9.47894 
-31.5822 9.51626 8.58908 -31.1941 9.37338 7.67886 -30.8431 9.26176 6.74945 
-30.5239 9.1766 5.8058 -30.2288 9.11585 4.85233 -29.9458 9.0703 3.89432 
-29.6679 9.02571 2.93474 -29.3918 8.97166 1.97512 -29.1164 8.91648 1.01538 
-28.843 8.86479 0.0548685 -28.5757 8.80818 -0.907076 -28.3119 8.73631 -1.86891 
-28.0344 8.64532 -2.82521 -27.7308 8.5455 -3.77274 -27.4179 8.45222 -4.71791 
-27.1231 8.37567 -5.6703 -26.8395 8.30774 -6.62682 -26.5198 8.2189 -7.56969 
-26.1212 8.07201 -8.4737 -25.6543 7.86534 -9.33274 -25.166 7.64812 -10.1779 
-24.6658 7.44872 -11.0204 -24.1307 7.24308 -11.8393 -23.5406 7.0225 -12.6152 
-22.8887 6.77319 -13.3309 -22.2168 6.50227 -14.0202 -21.5567 6.20569 -14.7102 
-20.937 5.89016 -15.4282 -20.3661 5.57094 -16.1841 -19.8583 5.26322 -16.9883 
-19.3986 4.98304 -17.8303 -18.9929 4.74367 -18.7119 -18.6396 4.56814 -19.6304 
-18.3322 4.45053 -20.5741 -18.0755 4.37559 -21.5373 -17.8564 4.32022 -22.5113 
-17.6487 4.26406 -23.4879 -17.4403 4.1801 -24.4621 -17.2339 4.03889 -25.4298 
-17.0436 3.83032 -26.3889 -16.8666 3.55173 -27.3322 -16.6787 3.19573 -28.2468 
-16.4818 2.76383 -29.1266 -16.2821 2.22896 -29.9459 -16.0651 1.60554 -30.695 
-15.8334 0.904763 -31.3693 -15.5891 0.204342 -32.0398 -15.3321 -0.455795 -32.7429 
-15.0505 -0.989247 -33.5383 -14.7815 -1.35618 -34.4248 -14.5772 -1.58221 -35.3762 
-14.4355 -1.76759 -36.3484 -14.3316 -1.95895 -37.3243 -14.257 -2.1813 -38.2961 
-14.2178 -2.46371 -39.2542 -14.2094 -2.79578 -40.1972 -14.2134 -3.14524 -41.1342 
-14.2245 -3.51849 -42.0618 -14.2285 -3.89573 -42.9879 -14.2228 -4.26819 -43.9158 
-26.0282 1.55427 40.4265 -26.1971 1.72717 39.7166 -26.4375 1.91748 38.7651 
-26.687 2.07013 37.8088 -26.9296 2.21072 36.849 -27.1601 2.34832 35.8857 
-27.3839 2.49795 34.9226 -27.6137 2.67224 33.9652 -27.865 2.87903 33.02 
-28.1495 3.11579 32.091 -28.4658 3.36644 31.1763 -28.8207 3.6361 30.2813 
-29.196 3.92672 29.4012 -29.5676 4.22528 28.5222 -29.9334 4.53841 27.6458 
-30.2993 4.86728 26.7752 -30.6609 5.21335 25.9095 -31.0078 5.57078 25.0424 
-31.3326 5.92646 24.1661 -31.6405 6.27026 23.279 -31.9769 6.59334 22.3948 
-32.3646 6.8933 21.5233 -32.7517 7.18501 20.6487 -33.0922 7.47507 19.7547 
-33.3633 7.75784 18.8356 -33.544 8.01391 17.887 -33.6332 8.22774 16.9151 
-33.6309 8.3912 15.9295 -33.5433 8.50519 14.9406 -33.383 8.57976 13.9568 
-33.1678 8.62105 12.9814 -32.9068 8.61466 12.0163 -32.6137 8.5635 11.062 
-32.2955 8.46663 10.1191 -31.9632 8.3398 9.18452 -31.6349 8.21754 8.24796 
-31.3266 8.12772 7.30103 -31.0331 8.06908 6.34698 -30.7488 8.03717 5.38882 
-30.4686 8.02019 4.42906 -30.1895 8.00858 3.46886 -29.9107 7.99753 2.50857 
-29.6292 7.97927 1.54918 -29.3435 7.95331 0.591217 -29.0563 7.92481 -0.36623 
-28.7739 7.89703 -1.32512 -28.4917 7.8548 -2.28351 -28.1946 7.7936 -3.23626 
-27.9507 7.74156 -3.94354 -27.6982 7.6931 -4.64812 -27.3575 7.63239 -5.58629 
-27.0122 7.57116 -6.52279 -26.6333 7.49305 -7.44422 -26.1875 7.36073 -8.32862 
-25.698 7.17144 -9.17966 -25.2026 6.95119 -10.0199 -24.7133 6.7393 -10.8659 
-24.187 6.52819 -11.6889 -23.6071 6.30912 -12.4729 -22.976 6.07458 -13.212 
-22.3125 5.82162 -13.9159 -21.6521 5.54276 -14.6129 -21.0225 5.24234 -15.3293 
-20.4473 4.93462 -16.0867 -19.9317 4.63138 -16.8874 -19.4812 4.35498 -17.7353 
-19.0841 4.11047 -18.6196 -18.7437 3.90698 -19.5369 -18.4539 3.7588 -20.482 
-18.2105 3.65656 -21.4462 -18.0086 3.5859 -22.423 -17.8316 3.52955 -23.4056 
-17.6526 3.46066 -24.3869 -17.4622 3.34386 -25.3611 -17.2702 3.15379 -26.3233 
-17.082 2.88355 -27.2669 -16.8899 2.53981 -28.1858 -16.7003 2.10681 -29.0661 
-16.5161 1.5757 -29.8914 -16.3276 0.944212 -30.6418 -16.1251 0.257873 -31.34 
-15.9107 -0.417241 -32.0457 -15.6856 -0.997712 -32.8253 -15.4575 -1.41265 -33.7015 
-15.2354 -1.70153 -34.6319 -15.0313 -1.92186 -35.5856 -14.8576 -2.12688 -36.5487 
-14.7252 -2.34027 -37.5163 -14.6327 -2.5944 -38.4787 -14.5774 -2.89947 -39.4292 
-14.5529 -3.24224 -40.368 -14.5583 -3.6168 -41.2952 -14.5691 -4.00699 -42.2158 
-14.5753 -4.38795 -43.1403 -26.678 -0.17305 40.4172 -26.7674 -0.0460243 39.6836 
-26.9355 0.0639877 38.7047 -27.1482 0.149399 37.7315 -27.3739 0.237877 36.7613 
-27.6068 0.330932 35.7933 -27.8535 0.419658 34.8283 -28.1199 0.492516 33.8672 
-28.403 0.553077 32.9101 -28.7019 0.586827 31.9566 -29.0238 0.585228 31.01 
-29.3787 0.566536 30.0754 -29.7696 0.557842 29.1553 -30.1968 0.609852 28.2531 
-30.6428 0.727654 27.3662 -31.0924 0.889958 26.4881 -31.5204 1.10693 25.6111 
-31.91 1.36848 24.7284 -32.2515 1.67157 23.839 -32.5442 2.01572 22.9473 
-32.8134 2.39368 22.0616 -33.0768 2.78777 21.181 -33.3181 3.19554 20.3006 
-33.5015 3.59205 19.402 -33.6065 3.94996 18.4747 -33.6251 4.25527 17.5237 
-33.5633 4.50765 16.5585 -33.4484 4.71655 15.5876 -33.3029 4.89196 14.614 
-33.1425 5.04277 13.6386 -32.9789 5.17567 12.6611 -32.8253 5.28854 11.6796 
-32.6964 5.37326 10.6917 -32.5944 5.42867 9.69854 -32.4976 5.46312 8.7039 
-32.3691 5.48779 7.71271 -32.1888 5.51015 6.72958 -31.9662 5.5387 5.75518 
-31.7169 5.58618 4.78798 -31.451 5.64839 3.82603 -31.1702 5.72038 2.86899 
-30.8782 5.79894 1.91582 -30.5722 5.88309 0.967528 -30.2551 5.96175 0.022425 
-29.9318 6.03352 -0.921144 -29.6061 6.1074 -1.86373 -29.2762 6.17854 -2.80505 
-28.8431 6.2551 -3.97503 -28.3621 6.3178 -5.1267 -27.9244 6.34422 -6.02503 
-27.4351 6.32985 -6.89643 -26.8998 6.25064 -7.73659 -26.3449 6.10929 -8.55601 
-25.8141 5.92458 -9.38292 -25.3075 5.73075 -10.223 -24.7978 5.54813 -11.0637 
-24.2396 5.36333 -11.8719 -23.6299 5.17079 -12.6402 -22.9822 4.95946 -13.3722 
-22.3264 4.72937 -14.091 -21.6883 4.48637 -14.8216 -21.0949 4.23474 -15.5857 
-20.5501 3.9879 -16.3867 -20.0697 3.75822 -17.2325 -19.6685 3.55459 -18.1249 
-19.3334 3.38462 -19.0511 -19.0574 3.24113 -20.0011 -18.8375 3.12561 -20.9693 
-18.67 3.04904 -21.9519 -18.5465 3.00546 -22.9431 -18.4416 2.97048 -23.937 
-18.3254 2.9094 -24.9281 -18.1834 2.7899 -25.9102 -18.0173 2.5901 -26.8752 
-17.8412 2.30518 -27.8167 -17.6753 1.92882 -28.7271 -17.5326 1.45757 -29.5956 
-17.3982 0.879703 -30.3997 -17.2237 0.226116 -31.1352 -17.012 -0.421768 -31.8662 
-16.7834 -0.881065 -32.7117 -16.5841 -1.12508 -33.659 -16.4306 -1.34995 -34.621 
-16.2684 -1.54736 -35.5878 -16.0816 -1.7372 -36.5517 -15.8904 -1.93393 -37.5132 
-15.7313 -2.15899 -38.474 -15.6182 -2.44566 -39.4246 -15.5596 -2.78748 -40.3623 
-15.5364 -3.15553 -41.2915 -15.544 -3.55789 -42.207 -15.5392 -3.95151 -43.1262 
-15.5364 -4.29964 -44.063 -27.46 0.194541 39.6969 -27.5121 0.321274 38.7077 
-27.6427 0.415635 37.7211 -27.8082 0.50682 36.7393 -28.0037 0.603012 35.7634 
-28.2332 0.698383 34.7948 -28.4817 0.783035 33.8299 -28.7453 0.85133 32.8679 
-29.0252 0.886631 31.9086 -29.328 0.882133 30.9558 -29.66 0.845775 30.0134 
-30.0295 0.806121 29.0853 -30.4405 0.813706 28.1742 -30.8773 0.881168 27.2777 
-31.3099 1.04213 26.3914 -31.7131 1.27289 25.5061 -32.0767 1.5564 24.6193 
-32.396 1.88103 23.7291 -32.6815 2.24616 22.8433 -32.9567 2.63442 21.9639 
-33.2196 3.04061 21.0887 -33.4464 3.45303 20.2069 -33.6063 3.84008 19.2996 
-33.671 4.17227 18.3596 -33.6541 4.45104 17.4002 -33.5709 4.68271 16.4315 
-33.4436 4.87465 15.4587 -33.2908 5.03608 14.4838 -33.1276 5.17593 13.5072 
-32.9678 5.29711 12.5275 -32.8229 5.396 11.5431 -32.7045 5.467 10.5528 
-32.6082 5.51145 9.55855 -32.5014 5.5394 8.56474 -32.35 5.55991 7.57672 
-32.1472 5.5806 6.59794 -31.9095 5.61435 5.62727 -31.6525 5.6659 4.6623 
-31.3802 5.72895 3.70219 -31.0936 5.79982 2.7468 -30.7941 5.87709 1.79585 
-30.4846 5.95556 0.848187 -30.1677 6.02796 -0.097479 -29.8444 6.09423 -1.04147 
-29.5196 6.16288 -1.98476 -29.19 6.22684 -2.92668 -28.7557 6.29523 -4.09662 
-28.2681 6.34801 -5.2459 -27.8279 6.36777 -6.14343 -27.3339 6.34348 -7.0119 
-26.7997 6.26202 -7.85279 -26.2501 6.10582 -8.67301 -25.7266 5.9193 -9.50422 
-25.2216 5.72505 -10.3452 -24.7096 5.54456 -11.1849 -24.1437 5.3575 -11.9872 
-23.5223 5.15909 -12.7445 -22.8713 4.94345 -13.4722 -22.2168 4.71045 -14.1914 
-21.5852 4.46299 -14.926 -20.9994 4.20891 -15.6952 -20.4632 3.96124 -16.5017 
-19.9926 3.73124 -17.3531 -19.5963 3.52624 -18.2471 -19.2737 3.35988 -19.1785 
-19.0055 3.21719 -20.1309 -18.7923 3.10548 -21.1011 -18.6312 3.03358 -22.085 
-18.5078 2.99002 -23.0763 -18.4015 2.95331 -24.07 -18.2801 2.8856 -25.0601 
-18.1324 2.75521 -26.0399 -17.9611 2.54338 -27.0013 -17.7841 2.24562 -27.9387 
-17.6172 1.8675 -28.8484 -17.4774 1.36687 -29.7005 -17.3348 0.773769 -30.4916 
-17.1557 0.118717 -31.2252 -16.9317 -0.513931 -31.9656 -16.7035 -0.966047 -32.8192 
-16.5152 -1.23519 -33.7622 -16.3596 -1.45852 -34.7243 -16.1926 -1.65298 -35.6908 
-16.0029 -1.84316 -36.654 -15.8123 -2.03995 -37.6157 -15.6588 -2.27477 -38.575 
-15.5556 -2.57486 -39.5227 -15.5019 -2.92058 -40.4593 -15.4817 -3.29176 -41.3873 
-15.4923 -3.69642 -42.3016 -15.4841 -4.08585 -43.2225 -15.4843 -4.41757 -44.1651 
-26.723 1.13121 40.7584 -26.7856 1.3325 39.7816 -26.9281 1.49724 38.806 
-27.1211 1.63938 37.8352 -27.3223 1.77371 36.8648 -27.526 1.90587 35.8948 
-27.7441 2.04929 34.9296 -27.9815 2.2072 33.9711 -28.2405 2.38442 33.0217 
-28.524 2.57747 32.0825 -28.8444 2.78421 31.1582 -29.2054 3.01255 30.2542 
-29.5799 3.25478 29.3591 -29.9498 3.51062 28.466 -30.3144 3.786 27.5766 
-30.6782 4.08388 26.694 -31.0402 4.40102 25.8176 -31.3858 4.73341 24.9401 
-31.7062 5.07059 24.0549 -32.0102 5.39995 23.1609 -32.3125 5.7204 22.2633 
-32.6352 6.0356 21.3708 -32.9459 6.35129 20.4744 -33.212 6.665 19.5631 
-33.4081 6.95702 18.6278 -33.5252 7.20895 17.6677 -33.5618 7.4172 16.6912 
-33.5187 7.57773 15.7057 -33.4067 7.69527 14.7195 -33.2402 7.78241 13.7376 
-33.041 7.84088 12.7597 -32.8107 7.85627 11.7869 -32.5596 7.82753 10.8195 
-32.2981 7.75878 9.8569 -32.0234 7.66311 8.90019 -31.7413 7.57306 7.94514 
-31.4625 7.51258 6.98679 -31.1868 7.48108 6.02611 -30.9135 7.47566 5.06421 
-30.6378 7.48135 4.10299 -30.3574 7.49048 3.14316 -30.0731 7.49852 2.18446 
-29.7832 7.50113 1.22741 -29.4889 7.49687 0.271713 -29.1954 7.48841 -0.684193 
-28.9058 7.4795 -1.64132 -28.6129 7.45722 -2.59716 -28.3823 7.42782 -3.31017 
-28.1366 7.393 -4.01783 -27.7851 7.34749 -4.95294 -27.4187 7.30087 -5.88216 
-27.0244 7.24 -6.79886 -26.5799 7.14313 -7.68859 -26.0804 6.97425 -8.53756 
-25.5741 6.76308 -9.37361 -25.0814 6.55215 -10.2178 -24.5755 6.34703 -11.0553 
-24.0182 6.12881 -11.8559 -23.4027 5.89545 -12.6084 -22.7525 5.64454 -13.3252 
-22.0966 5.37261 -14.0293 -21.4593 5.08014 -14.7421 -20.8722 4.77773 -15.4923 
-20.3401 4.48147 -16.2851 -19.8722 4.20663 -17.1241 -19.4641 3.96649 -18.0043 
-19.1168 3.76469 -18.9196 -18.8291 3.60939 -19.8643 -18.5844 3.4962 -20.8268 
-18.3895 3.42427 -21.8046 -18.2346 3.3783 -22.7914 -18.0932 3.33117 -23.7802 
-17.9352 3.24539 -24.7637 -17.762 3.10957 -25.7388 -17.5806 2.90799 -26.7006 
-17.397 2.62187 -27.6404 -17.2146 2.25071 -28.55 -17.0403 1.79754 -29.4237 
-16.8628 1.24934 -30.2391 -16.6631 0.612148 -30.9827 -16.4415 -0.052418 -31.6963 
-16.2121 -0.668278 -32.4472 -15.9933 -1.15356 -33.292 -15.7977 -1.48783 -34.2118 
-15.611 -1.72609 -35.1644 -15.4268 -1.92902 -36.126 -15.2539 -2.13197 -37.0898 
-15.1119 -2.36281 -38.0521 -15.006 -2.64403 -39.0055 -14.9395 -2.97289 -39.9472 
-14.9134 -3.3357 -40.8784 -14.9226 -3.72765 -41.7982 -14.9281 -4.12063 -42.7178 
-14.9322 -4.48121 -43.6501 -27.0634 1.11273 40.7302 -27.0299 1.2969 39.7496 
-27.1197 1.45605 38.768 -27.2842 1.59628 37.7917 -27.4678 1.72812 36.8176 
-27.6614 1.85884 35.8453 -27.8751 1.99926 34.8787 -28.1152 2.15658 33.9208 
-28.3717 2.3285 32.9697 -28.6559 2.51471 32.0294 -28.9782 2.71371 31.1041 
-29.3349 2.92938 30.1952 -29.7069 3.16058 29.2962 -30.075 3.40682 28.3997 
-30.44 3.67369 27.5078 -30.8036 3.96775 26.624 -31.1664 4.28327 25.7471 
-31.5113 4.61107 24.8677 -31.8324 4.94462 23.9813 -32.1362 5.26966 23.0858 
-32.4399 5.58984 22.1885 -32.7581 5.90721 21.2952 -33.0555 6.22746 20.3959 
-33.3038 6.54412 19.4806 -33.4849 6.83643 18.5424 -33.585 7.08552 17.5798 
-33.6015 7.28792 16.6015 -33.5434 7.44474 15.6162 -33.4227 7.56208 14.6309 
-33.2541 7.65105 13.6495 -33.0547 7.71082 12.6715 -32.8301 7.72968 11.6975 
-32.5911 7.70664 10.7269 -32.346 7.65016 9.75916 -32.0842 7.56546 8.79786 
-31.8058 7.48557 7.84079 -31.5285 7.43268 6.88156 -31.2537 7.40907 5.92037 
-30.981 7.40805 4.95829 -30.7061 7.42043 3.99693 -30.4256 7.43637 3.03719 
-30.1409 7.45086 2.07871 -29.8512 7.46115 1.12163 -29.5577 7.46493 0.165705 
-29.2654 7.46476 -0.790605 -28.9777 7.46387 -1.74834 -28.6869 7.4494 -2.70497 
-28.4578 7.42641 -3.41873 -28.2139 7.39811 -4.12731 -27.8647 7.36185 -5.06362 
-27.5003 7.32548 -5.99413 -27.1067 7.27493 -6.91174 -26.647 7.17247 -7.79306 
-26.1467 7.01399 -8.64391 -25.6427 6.81468 -9.48427 -25.1515 6.61442 -10.3319 
-24.645 6.422 -11.1721 -24.0869 6.21945 -11.9762 -23.4706 6.00298 -12.7327 
-22.8103 5.76383 -13.4445 -22.1468 5.50411 -14.146 -21.5056 5.22226 -14.8596 
-20.909 4.93083 -15.6066 -20.3731 4.64846 -16.402 -19.9016 4.38678 -17.2432 
-19.4895 4.1601 -18.125 -19.1381 3.97324 -19.0419 -18.8471 3.83326 -19.9879 
-18.6008 3.73585 -20.9517 -18.4043 3.6768 -21.9302 -18.2449 3.63564 -22.9165 
-18.0966 3.58477 -23.904 -17.9342 3.49094 -24.8862 -17.7619 3.34017 -25.859 
-17.5846 3.10845 -26.8148 -17.4021 2.78932 -27.7444 -17.2246 2.38921 -28.6427 
-17.0484 1.89655 -29.4935 -16.8657 1.30935 -30.2813 -16.6537 0.652099 -31.0034 
-16.4272 -0.009121 -31.7182 -16.1936 -0.591427 -32.4952 -15.979 -1.02344 -33.3672 
-15.7846 -1.31917 -34.3019 -15.598 -1.54063 -35.2587 -15.417 -1.7436 -36.2209 
-15.2542 -1.95272 -37.1851 -15.1151 -2.18409 -38.1479 -15.0068 -2.46139 -39.1021 
-14.9413 -2.79083 -40.0435 -14.9058 -3.14556 -40.9778 -14.908 -3.531 -41.9003 
-14.9082 -3.92343 -42.8201 -14.9018 -4.28793 -43.7509 -25.3121 2.45227 39.8721 
-25.6775 2.60912 38.9548 -26.0128 2.74391 38.0224 -26.3291 2.8696 37.0822 
-26.6149 3.00031 36.133 -26.8668 3.14357 35.176 -27.0965 3.31825 34.2187 
-27.3275 3.52746 33.2687 -27.5809 3.78027 32.3352 -27.8765 4.06685 31.4242 
-28.2206 4.37212 30.5364 -28.5918 4.69033 29.6642 -28.9726 5.01606 28.7989 
-29.3537 5.34688 27.9355 -29.7295 5.68678 27.0734 -30.0977 6.03926 26.2131 
-30.4506 6.40155 25.3504 -30.7732 6.76713 24.4775 -31.0792 7.12296 23.5944 
-31.4051 7.45397 22.7093 -31.8176 7.74875 21.8495 -32.3049 8.01208 21.017 
-32.7624 8.26979 20.1664 -33.1404 8.53164 19.2789 -33.4286 8.78798 18.3573 
-33.6102 9.01535 17.4019 -33.6903 9.19957 16.4229 -33.6716 9.33375 15.4333 
-33.5527 9.415 14.4448 -33.3491 9.45241 13.4671 -33.0818 9.44856 12.504 
-32.7617 9.39036 11.559 -32.3962 9.27528 10.6358 -32.0024 9.11734 9.73046 
-31.6157 8.95728 8.82235 -31.2565 8.82267 7.89909 -30.9273 8.71951 6.96065 
-30.6215 8.64422 6.01163 -30.3307 8.59113 5.05637 -30.0472 8.55183 4.0982 
-29.7666 8.51579 3.13905 -29.4853 8.47192 2.18045 -29.2019 8.42083 1.22281 
-28.916 8.36924 0.265922 -28.6345 8.31627 -0.692154 -28.3569 8.25381 -1.65082 
-28.0681 8.1721 -2.60462 -27.7561 8.0768 -3.54987 -27.4313 7.98612 -4.49127 
-27.1069 7.90549 -5.43375 -26.7792 7.82442 -6.37501 -26.4127 7.71793 -7.29879 
-25.9837 7.55324 -8.18535 -25.4996 7.31995 -9.02821 -25.0054 7.05913 -9.8575 
-24.5074 6.80181 -10.6856 -23.9659 6.53856 -11.4836 -23.3787 6.27036 -12.2471 
-22.7473 5.98575 -12.9678 -22.1007 5.68252 -13.6677 -21.4653 5.35796 -14.3682 
-20.8631 5.01796 -15.0901 -20.3123 4.67313 -15.8496 -19.8223 4.3398 -16.6548 
-19.392 4.04132 -17.5058 -19.0249 3.78434 -18.3993 -18.705 3.57612 -19.3233 
-18.4247 3.41664 -20.2695 -18.1851 3.29873 -21.2326 -17.9901 3.22094 -22.2101 
-17.816 3.16684 -23.1933 -17.6333 3.10246 -24.1743 -17.4348 2.98731 -25.1471 
-17.2326 2.7941 -26.1065 -17.0378 2.51633 -27.0466 -16.8441 2.15483 -27.9578 
-16.6544 1.72829 -28.8418 -16.4947 1.1907 -29.6671 -16.3424 0.560612 -30.4275 
-16.1759 -0.132374 -31.1287 -15.9879 -0.803932 -31.8446 -15.7864 -1.38857 -32.6245 
-15.5698 -1.77998 -33.5163 -15.3617 -2.0565 -34.4542 -15.16 -2.27397 -35.409 
-14.9753 -2.46731 -36.3725 -14.8287 -2.67625 -37.3391 -14.7292 -2.93114 -38.3005 
-14.6685 -3.2377 -39.25 -14.6492 -3.5946 -40.1837 -14.6634 -3.98247 -41.1051 
-14.6908 -4.3755 -42.0243 -14.7234 -4.7505 -42.9507 -14.7477 -5.1062 -43.8848 
-22.913 5.44088 39.5132 -23.6095 5.32162 38.8058 -24.2762 5.1727 38.0761 
-24.8843 4.99925 37.3025 -25.4265 4.83424 36.4789 -25.8922 4.73248 35.6019 
-26.2524 4.73589 34.6713 -26.5333 4.84671 33.7194 -26.7825 5.04175 32.7715 
-27.0386 5.29805 31.8397 -27.333 5.58634 30.9289 -27.6787 5.89067 30.0416 
-28.076 6.19959 29.1776 -28.4897 6.50905 28.3214 -28.9015 6.82275 27.4658 
-29.2961 7.14495 26.6054 -29.6643 7.47571 25.7365 -30.0032 7.80727 24.8563 
-30.3078 8.13784 23.963 -30.6218 8.45728 23.0693 -31.0387 8.73531 22.2079 
-31.6154 8.96149 21.4237 -32.2169 9.17476 20.654 -32.7646 9.39317 19.8476 
-33.2002 9.62521 18.979 -33.5379 9.858 18.0684 -33.744 10.0683 17.1138 
-33.8433 10.2434 16.1359 -33.819 10.366 15.1453 -33.6771 10.4292 14.1588 
-33.435 10.4366 13.1895 -33.121 10.3976 12.2413 -32.7427 10.2954 11.3221 
-32.3102 10.1327 10.4359 -31.85 9.93526 9.57047 -31.4076 9.74299 8.69468 
-31.0027 9.57797 7.79586 -30.6446 9.44696 6.87171 -30.3244 9.34386 5.93011 
-30.0268 9.26426 4.9788 -29.7407 9.19875 4.02286 -29.4588 9.13113 3.06581 
-29.1767 9.05533 2.10943 -28.8942 8.97913 1.15319 -28.6159 8.9057 0.195521 
-28.3451 8.83013 -0.764122 -28.076 8.74434 -1.72337 -27.7884 8.63678 -2.675 
-27.4775 8.51775 -3.61791 -27.1599 8.408 -4.55971 -26.8543 8.3124 -5.50702 
-26.5546 8.21646 -6.45619 -26.2213 8.09406 -7.39061 -25.816 7.9047 -8.28352 
-25.352 7.6515 -9.13133 -24.8634 7.37329 -9.95834 -24.3622 7.09324 -10.7771 
-23.8239 6.81322 -11.5716 -23.2393 6.5311 -12.3319 -22.6088 6.23436 -13.0485 
-21.9616 5.9149 -13.7407 -21.3288 5.57693 -14.4373 -20.7354 5.2219 -15.1591 
-20.1959 4.86353 -15.9207 -19.708 4.51924 -16.7225 -19.274 4.20578 -17.5665 
-18.899 3.93153 -18.4513 -18.5707 3.71495 -19.3701 -18.2825 3.55285 -20.3134 
-18.0385 3.43918 -21.2761 -17.8319 3.36759 -22.2518 -17.6315 3.31272 -23.2299 
-17.4188 3.24191 -24.2043 -17.1955 3.11308 -25.1699 -16.9808 2.89425 -26.1213 
-16.7737 2.60612 -27.0556 -16.5655 2.23687 -27.9605 -16.3806 1.76265 -28.8202 
-16.2292 1.19717 -29.6292 -16.0932 0.52919 -30.3596 -15.9454 -0.181706 -31.0467 
-15.7661 -0.865355 -31.7535 -15.5469 -1.40735 -32.5601 -15.309 -1.77007 -33.458 
-15.0804 -2.02748 -34.3961 -14.8804 -2.22763 -35.355 -14.7248 -2.41774 -36.3242 
-14.6122 -2.63069 -37.2945 -14.5405 -2.89587 -38.2556 -14.5026 -3.21332 -39.2028 
-14.4948 -3.5716 -40.136 -14.5126 -3.9583 -41.0581 -14.5373 -4.34717 -41.979 
-14.5619 -4.72548 -42.9044 -14.5624 -5.11217 -43.8264 -25.4496 1.94447 40.4735 
-25.7751 2.16362 39.554 -26.0816 2.3372 38.6183 -26.3785 2.4796 37.6741 
-26.6563 2.61358 36.723 -26.9106 2.75121 35.7658 -27.1408 2.90791 34.8054 
-27.3678 3.09837 33.8504 -27.6119 3.32156 32.9069 -27.8877 3.57807 31.9808 
-28.2116 3.86123 31.0783 -28.5728 4.16344 30.1962 -28.9507 4.4775 29.3253 
-29.328 4.79848 28.4566 -29.6985 5.12945 27.5887 -30.0679 5.47142 26.7247 
-30.4284 5.82811 25.8629 -30.7676 6.19565 24.997 -31.0827 6.55852 24.1201 
-31.3867 6.90876 23.2342 -31.7362 7.22893 22.3544 -32.17 7.51748 21.5016 
-32.6159 7.78934 20.6489 -33.004 8.0597 19.7686 -33.316 8.32891 18.8582 
-33.5356 8.57952 17.9165 -33.6572 8.79194 16.948 -33.679 8.95424 15.9626 
-33.5925 9.05664 14.9722 -33.4322 9.1208 13.9879 -33.2038 9.1473 13.0152 
-32.9193 9.12348 12.0571 -32.5934 9.04914 11.1152 -32.2299 8.91929 10.1928 
-31.8547 8.7653 9.27871 -31.4986 8.6264 8.35479 -31.1698 8.51768 7.41684 
-30.8623 8.43853 6.46873 -30.5699 8.38541 5.51398 -30.2855 8.34982 4.55593 
-30.005 8.3223 3.5965 -29.7248 8.29321 2.63699 -29.4427 8.25512 1.67837 
-29.1572 8.21142 0.721 -28.8709 8.16687 -0.236117 -28.5896 8.11932 -1.19453 
-28.3082 8.05753 -2.1521 -28.0071 7.97418 -3.10198 -27.7682 7.90872 -3.80988 
-27.5189 7.84717 -4.51454 -27.1853 7.77114 -5.45419 -26.8448 7.69346 -6.39119 
-26.463 7.58949 -7.30898 -26.021 7.42772 -8.18983 -25.5306 7.20016 -9.03069 
-25.0345 6.9466 -9.86108 -24.5363 6.69808 -10.6917 -23.993 6.44108 -11.4904 
-23.4033 6.17746 -12.2536 -22.7703 5.89706 -12.9746 -22.1232 5.59805 -13.6759 
-21.4879 5.27775 -14.3786 -20.886 4.94263 -15.103 -20.336 4.60393 -15.8658 
-19.8477 4.277 -16.6745 -19.4198 3.98556 -17.5292 -19.0555 3.73507 -18.4258 
-18.7396 3.53094 -19.352 -18.4642 3.37462 -20.3001 -18.2337 3.26334 -21.2664 
-18.0431 3.18568 -22.2446 -17.8809 3.13501 -23.2301 -17.7083 3.07072 -24.2129 
-17.5159 2.94889 -25.1862 -17.3189 2.75698 -26.147 -17.1266 2.49085 -27.0913 
-16.9356 2.16094 -28.0153 -16.7483 1.74433 -28.9042 -16.5853 1.20849 -29.7301 
-16.4252 0.582611 -30.4923 -16.2485 -0.101742 -31.1995 -16.0513 -0.766541 -31.9193 
-15.8465 -1.33921 -32.7078 -15.635 -1.73003 -33.6012 -15.4331 -2.00508 -34.5409 
-15.236 -2.22131 -35.497 -15.0553 -2.41755 -36.4606 -14.9074 -2.63158 -37.4259 
-14.8027 -2.89067 -38.3857 -14.7374 -3.20029 -39.334 -14.7126 -3.55487 -40.2683 
-14.7294 -3.94609 -41.1884 -14.7547 -4.3404 -42.1069 -14.7853 -4.71288 -43.0344 
-14.8028 -5.05922 -43.9722 -27.7202 1.20295 40.1964 -27.6388 1.34819 39.2122 
-27.6763 1.48006 38.2224 -27.7826 1.60749 37.2364 -27.9249 1.73108 36.2543 
-28.1078 1.86174 35.2801 -28.3236 2.00329 34.314 -28.5608 2.15847 33.3551 
-28.8258 2.3256 32.4056 -29.1281 2.5013 31.4688 -29.4629 2.68501 30.5447 
-29.8217 2.88263 29.6325 -30.1853 3.08831 28.724 -30.55 3.31223 27.8203 
-30.915 3.57307 26.9268 -31.2754 3.86639 26.0413 -31.6213 4.18094 25.1574 
-31.9554 4.50402 24.272 -32.2703 4.82999 23.3806 -32.5733 5.15471 22.4847 
-32.8866 5.48147 21.5931 -33.182 5.8137 20.6974 -33.4245 6.14387 19.7856 
-33.6018 6.44985 18.851 -33.6984 6.71236 17.8918 -33.713 6.92663 16.9158 
-33.6486 7.09175 15.932 -33.536 7.22485 14.9476 -33.3809 7.33012 13.9655 
-33.1981 7.41123 12.9858 -32.999 7.46001 12.0072 -32.7906 7.47523 11.0294 
-32.5795 7.45913 10.0521 -32.3582 7.4116 9.07814 -32.1113 7.3456 8.11147 
-31.8412 7.2837 7.15067 -31.5654 7.25554 6.18996 -31.2924 7.25567 5.22803 
-31.0206 7.27472 4.26585 -30.7456 7.30451 3.30486 -30.4636 7.3379 2.34608 
-30.177 7.36903 1.38853 -29.8878 7.39841 0.431694 -29.5969 7.42385 -0.524714 
-29.3104 7.44589 -1.48252 -29.0277 7.46447 -2.44157 -28.7429 7.47122 -3.40006 
-28.5192 7.46413 -4.11589 -28.2777 7.45407 -4.82585 -27.9386 7.44665 -5.76653 
-27.5781 7.4412 -6.69916 -27.1817 7.41885 -7.61632 -26.718 7.34423 -8.49811 
-26.205 7.2073 -9.34534 -25.7023 7.04996 -10.1953 -25.2135 6.89352 -11.0535 
-24.712 6.74944 -11.9065 -24.1428 6.59361 -12.7128 -23.5099 6.42157 -13.4666 
-22.8241 6.22597 -14.1674 -22.1303 6.00668 -14.8533 -21.4676 5.76638 -15.562 
-20.8517 5.52632 -16.3116 -20.2975 5.29869 -17.1118 -19.7925 5.08198 -17.9469 
-19.3459 4.89505 -18.8214 -18.9618 4.75059 -19.7328 -18.6311 4.65557 -20.6709 
-18.3601 4.6129 -21.6323 -18.1366 4.58526 -22.6064 -17.94 4.54562 -23.5861 
-17.7464 4.47532 -24.5644 -17.5578 4.35198 -25.5382 -17.3973 4.15529 -26.5048 
-17.2544 3.88059 -27.4551 -17.102 3.52496 -28.3764 -16.9387 3.09106 -29.2619 
-16.7652 2.56404 -30.0925 -16.5705 1.94662 -30.853 -16.3391 1.26699 -31.5483 
-16.0706 0.597408 -32.2405 -15.7717 0.00787 -32.9891 -15.482 -0.463009 -33.8194 
-15.2434 -0.793133 -34.7302 -15.04 -1.04236 -35.6768 -14.8636 -1.26561 -36.6353 
-14.7273 -1.47758 -37.6028 -14.6184 -1.71162 -38.5688 -14.5215 -1.97025 -39.5299 
-14.4685 -2.27601 -40.4797 -14.4643 -2.62989 -41.4149 -14.469 -2.9976 -42.3448 
-14.4678 -3.37176 -43.2721 -14.4453 -3.71716 -44.2101 -28.3552 0.767296 40.3309 
-28.2214 0.879135 39.6017 -28.143 0.997684 38.6134 -28.1692 1.09928 37.6193 
-28.2636 1.19957 36.6292 -28.4139 1.30849 35.6469 -28.6089 1.42086 34.6726 
-28.8293 1.53662 33.7042 -29.0731 1.65249 32.7414 -29.3403 1.75545 31.7834 
-29.6386 1.83517 30.8324 -29.9685 1.89666 29.8906 -30.3255 1.95143 28.958 
-30.7038 2.01246 28.0345 -31.0982 2.12641 27.1231 -31.4852 2.30203 26.2183 
-31.8545 2.5348 25.3188 -32.1899 2.81297 24.419 -32.4922 3.12789 23.5195 
-32.7743 3.47126 22.6238 -33.0481 3.83495 21.7335 -33.3067 4.22254 20.8488 
-33.5236 4.60353 19.9505 -33.6656 4.94875 19.0238 -33.7223 5.24117 18.0701 
-33.7014 5.48276 17.1006 -33.6184 5.68184 16.1245 -33.4927 5.8462 15.1462 
-33.3415 5.98574 14.1677 -33.179 6.10656 13.1884 -33.016 6.20498 12.2069 
-32.8626 6.27224 11.2211 -32.7278 6.30692 10.2309 -32.5979 6.31519 9.23948 
-32.4422 6.30768 8.25186 -32.2342 6.29688 7.27402 -31.9887 6.30128 6.30478 
-31.7276 6.32976 5.33994 -31.4597 6.37438 4.37754 -31.1824 6.42922 3.41834 
-30.8946 6.49168 2.46268 -30.6 6.55688 1.5093 -30.2987 6.62156 0.557957 
-29.9932 6.68176 -0.392311 -29.6875 6.74247 -1.34247 -29.3847 6.80107 -2.29371 
-29.0799 6.85139 -3.2448 -28.7648 6.89262 -4.19295 -28.4221 6.92429 -5.13177 
-28.0497 6.95059 -6.05936 -27.6369 6.96156 -6.96985 -27.1664 6.92537 -7.85054 
-26.6473 6.82609 -8.69861 -26.1127 6.66422 -9.52789 -25.6126 6.49667 -10.3775 
-25.1228 6.33522 -11.2342 -24.5978 6.18498 -12.0714 -24.0039 6.02386 -12.8587 
-23.3486 5.84465 -13.5918 -22.6638 5.6467 -14.2929 -21.9883 5.42783 -14.997 
-21.35 5.20234 -15.7323 -20.7591 4.9817 -16.5079 -20.2319 4.77517 -17.3314 
-19.7703 4.58576 -18.1977 -19.3723 4.43539 -19.1021 -19.0314 4.3202 -20.0346 
-18.7507 4.24541 -20.9909 -18.5262 4.20851 -21.9643 -18.3445 4.18449 -22.9473 
-18.1828 4.14608 -23.9333 -18.0203 4.07119 -24.917 -17.855 3.94838 -25.8952 
-17.7017 3.73898 -26.8604 -17.5508 3.44593 -27.8038 -17.3955 3.06699 -28.7153 
-17.2439 2.60307 -29.5867 -17.0909 2.04631 -30.4024 -16.9047 1.41332 -31.1525 
-16.6763 0.739627 -31.8552 -16.4137 0.117134 -32.5916 -16.1413 -0.387512 -33.406 
-15.92 -0.738109 -34.3141 -15.7325 -0.990458 -35.263 -15.5528 -1.19655 -36.2248 
-15.3812 -1.40181 -37.1884 -15.2341 -1.62491 -38.1519 -15.1017 -1.86536 -39.1134 
-14.983 -2.1291 -40.07 -14.9392 -2.47447 -41.007 -14.924 -2.84169 -41.937 
-14.9143 -3.22638 -42.8599 -14.9006 -3.60472 -43.7854 -27.2076 0.208817 40.1654 
-27.2387 0.32684 39.4257 -27.3555 0.443897 38.4403 -27.5258 0.542431 37.46 
-27.7178 0.640995 36.4836 -27.9328 0.744526 35.5126 -28.1735 0.8456 34.5472 
-28.4294 0.937832 33.5849 -28.7028 1.01528 32.6262 -28.9985 1.06085 31.6722 
-29.3192 1.07638 30.7252 -29.6661 1.07924 29.7875 -30.0487 1.09165 28.8639 
-30.4626 1.15073 27.9558 -30.8927 1.26789 27.0613 -31.3152 1.45307 26.1744 
-31.7082 1.68608 25.2851 -32.0597 1.95756 24.3894 -32.3776 2.25768 23.4904 
-32.6545 2.60483 22.5947 -32.9174 2.97645 21.7043 -33.1736 3.36458 20.819 
-33.3961 3.76313 19.9296 -33.5607 4.14154 19.0192 -33.6296 4.46561 18.0767 
-33.6166 4.73705 17.1152 -33.5364 4.96154 16.1445 -33.4111 5.14721 15.1701 
-33.2607 5.30515 14.1943 -33.0993 5.44223 13.217 -32.9373 5.56277 12.2376 
-32.7913 5.65307 11.2526 -32.6682 5.71403 10.2622 -32.5648 5.74635 9.26822 
-32.4473 5.76157 8.27543 -32.283 5.77096 7.28932 -32.0685 5.78358 6.31281 
-31.8231 5.81276 5.3439 -31.5624 5.86193 4.37978 -31.2884 5.92276 3.41999 
-31.002 5.9907 2.46428 -30.7048 6.06505 1.51241 -30.3965 6.14125 0.564167 
-30.0806 6.21124 -0.382019 -29.761 6.28007 -1.32709 -29.4411 6.3497 -2.27194 
-29.1157 6.41145 -3.2155 -28.7764 6.46621 -4.1545 -28.4007 6.5107 -5.08002 
-27.9842 6.53845 -5.98855 -27.5199 6.53354 -6.8737 -27.0056 6.4692 -7.72799 
-26.4619 6.34086 -8.55689 -25.9291 6.16218 -9.38387 -25.4288 5.97448 -10.2291 
-24.9304 5.79885 -11.0779 -24.3876 5.62556 -11.8991 -23.7875 5.44352 -12.6774 
-23.1399 5.24631 -13.4132 -22.4727 5.02894 -14.1257 -21.8175 4.79594 -14.8441 
-21.2096 4.55395 -15.5997 -20.6549 4.31828 -16.3969 -20.1649 4.10077 -17.2403 
-19.7417 3.90325 -18.1241 -19.3874 3.74366 -19.045 -19.0905 3.61386 -19.9907 
-18.8429 3.50866 -20.9535 -18.6563 3.4465 -21.9336 -18.5138 3.41132 -22.9226 
-18.3911 3.3775 -23.9144 -18.2616 3.31484 -24.9039 -18.1133 3.19531 -25.8852 
-17.9471 3.00814 -26.8528 -17.7705 2.72459 -27.7947 -17.6055 2.34497 -28.7035 
-17.4541 1.88263 -29.5766 -17.302 1.31907 -30.3866 -17.1175 0.672703 -31.1262 
-16.888 0.022358 -31.85 -16.6418 -0.517315 -32.6491 -16.4179 -0.880566 -33.5507 
-16.2383 -1.15505 -34.4949 -16.0681 -1.37341 -35.4557 -15.8854 -1.56695 -36.4195 
-15.7027 -1.76632 -37.3822 -15.5464 -1.98598 -38.3451 -15.4263 -2.24732 -39.3021 
-15.3599 -2.57883 -40.2428 -15.3316 -2.93939 -41.175 -15.3264 -3.3238 -42.098 
-15.3222 -3.7168 -43.0175 -15.3069 -4.09674 -43.9424 -26.3877 1.01596 40.7698 
-26.5791 1.28405 39.5648 -26.78 1.44189 38.5983 -27.0015 1.57902 37.6328 
-27.223 1.70921 36.6664 -27.4412 1.84003 35.6992 -27.6684 1.98362 34.7362 
-27.9123 2.14146 33.7794 -28.1817 2.32003 32.833 -28.4742 2.51002 31.896 
-28.8042 2.71318 30.9744 -29.1736 2.93887 30.073 -29.5537 3.17588 29.1789 
-29.9312 3.42219 28.2863 -30.3041 3.6871 27.3971 -30.6752 3.97372 26.5139 
-31.0429 4.27871 25.6354 -31.3928 4.59933 24.7553 -31.7063 4.92992 23.8652 
-31.9932 5.25429 22.964 -32.2758 5.57173 22.0588 -32.5777 5.88918 21.1599 
-32.881 6.20904 20.2624 -33.1499 6.52824 19.354 -33.3539 6.82782 18.4227 
-33.479 7.08756 17.466 -33.5181 7.30003 16.4905 -33.4771 7.46521 15.5058 
-33.3683 7.58831 14.5198 -33.2072 7.68044 13.5373 -33.0125 7.74574 12.5588 
-32.7915 7.77129 11.584 -32.55 7.75121 10.614 -32.2987 7.69204 9.64806 
-32.0339 7.60405 8.68783 -31.7547 7.51602 7.73171 -31.4754 7.45911 6.77324 
-31.1994 7.43039 5.81261 -30.9263 7.42324 4.85067 -30.6517 7.4331 3.88917 
-30.3718 7.44742 2.92925 -30.0875 7.46064 1.97062 -29.7998 7.47159 1.01296 
-29.5066 7.47469 0.0569135 -29.2139 7.47319 -0.899297 -28.9254 7.47153 -1.85677 
-28.6354 7.45835 -2.81367 -28.4086 7.43579 -3.52814 -28.1675 7.40686 -4.2377 
-27.825 7.36866 -5.17638 -27.465 7.33354 -6.10869 -27.0787 7.28826 -7.02979 
-26.6382 7.2055 -7.9229 -26.1432 7.05751 -8.77826 -25.6381 6.87074 -9.62082 
-25.1455 6.67424 -10.4685 -24.6488 6.4937 -11.3172 -24.0991 6.30367 -12.1302 
-23.4901 6.10118 -12.8964 -22.8368 5.882 -13.6206 -22.1616 5.64098 -14.3177 
-21.507 5.37356 -15.0247 -20.8958 5.09492 -15.7649 -20.3373 4.81764 -16.5459 
-19.8454 4.55357 -17.3749 -19.4163 4.31924 -18.2466 -19.051 4.12591 -19.1567 
-18.7311 3.96534 -20.0901 -18.4693 3.86002 -21.049 -18.2563 3.79296 -22.0234 
-18.0806 3.74404 -23.0066 -17.9188 3.691 -23.992 -17.7473 3.60199 -24.9729 
-17.569 3.45234 -25.945 -17.3919 3.22477 -26.9019 -17.2099 2.91769 -27.8354 
-17.0239 2.5289 -28.7369 -16.8426 2.06534 -29.6035 -16.6524 1.49801 -30.4026 
-16.4378 0.830904 -31.1148 -16.2083 0.153896 -31.814 -15.9679 -0.481197 -32.5471 
-15.7306 -0.992736 -33.3706 -15.5107 -1.35123 -34.2756 -15.3085 -1.59095 -35.2246 
-15.124 -1.79811 -36.1853 -14.9599 -2.00602 -37.1496 -14.8311 -2.23714 -38.1137 
-14.7418 -2.51593 -39.0695 -14.6929 -2.84329 -40.0127 -14.67 -3.19571 -40.9482 
-14.6773 -3.57785 -41.8722 -14.6799 -3.96595 -42.7938 -14.6744 -4.33858 -43.7217 
-24.7155 2.64274 40.2771 -25.0595 2.72611 39.6161 -25.4589 2.84678 38.7076 
-25.8264 2.96088 37.7847 -26.1634 3.07389 36.8501 -26.4665 3.19511 35.9051 
-26.7258 3.33563 34.9498 -26.9598 3.50963 33.9934 -27.1938 3.72721 33.046 
-27.4465 3.9868 32.1142 -27.7405 4.27617 31.2037 -28.0872 4.58358 30.3176 
-28.4652 4.90283 29.4487 -28.8522 5.22636 28.5853 -29.2409 5.55185 27.7234 
-29.6222 5.88715 26.8619 -29.9889 6.23436 25.9987 -30.3333 6.58624 25.1285 
-30.6427 6.93841 24.2453 -30.9273 7.28242 23.3505 -31.2283 7.60567 22.4542 
-31.6216 7.88938 21.5812 -32.1074 8.14582 20.7458 -32.5815 8.40022 19.9032 
-32.9851 8.65971 19.0266 -33.2986 8.9185 18.1139 -33.5267 9.15953 17.1715 
-33.6364 9.35177 16.1977 -33.6329 9.48916 15.2085 -33.5199 9.57053 14.2195 
-33.316 9.60569 13.2419 -33.0447 9.59871 12.2799 -32.7233 9.54276 11.3354 
-32.3519 9.42525 10.4148 -31.9494 9.2671 9.5132 -31.5466 9.10122 8.61325 
-31.1746 8.96091 7.6959 -30.8359 8.85217 6.76149 -30.5264 8.77292 5.81398 
-30.233 8.71464 4.85985 -29.9487 8.67134 3.90208 -29.6679 8.63082 2.94319 
-29.3869 8.58248 1.9847 -29.1045 8.52784 1.02696 -28.8205 8.47331 0.0696945 
-28.5408 8.41736 -0.888771 -28.2654 8.35164 -1.84781 -27.9806 8.26847 -2.80273 
-27.6718 8.17204 -3.74886 -27.3484 8.07766 -4.6904 -27.0293 7.99478 -5.63445 
-26.714 7.91545 -6.58007 -26.3645 7.81526 -7.51094 -25.9501 7.6607 -8.40723 
-25.4793 7.44501 -9.26208 -24.9897 7.19888 -10.0986 -24.4951 6.96049 -10.9344 
-23.9655 6.72058 -11.7476 -23.3869 6.47797 -12.5255 -22.7528 6.21929 -13.2538 
-22.0914 5.93815 -13.949 -21.4425 5.63302 -14.6458 -20.8272 5.30929 -15.364 
-20.2663 4.97834 -16.1225 -19.7525 4.6504 -16.9149 -19.309 4.35286 -17.7593 
-18.9174 4.0861 -18.6397 -18.5788 3.86984 -19.5547 -18.2863 3.71175 -20.4973 
-18.034 3.59731 -21.458 -17.8191 3.51809 -22.4313 -17.6214 3.462 -23.4099 
-17.4156 3.38986 -24.3856 -17.2003 3.26332 -25.3535 -16.9903 3.06449 -26.3104 
-16.79 2.78738 -27.2494 -16.584 2.42403 -28.1575 -16.3857 1.97778 -29.0291 
-16.204 1.42567 -29.8408 -16.032 0.781379 -30.5848 -15.8524 0.072617 -31.2667 
-15.6544 -0.624523 -31.9553 -15.4377 -1.24081 -32.7062 -15.1917 -1.66117 -33.576 
-14.947 -1.94653 -34.5023 -14.7412 -2.16019 -35.4566 -14.5898 -2.34752 -36.4269 
-14.4818 -2.55319 -37.3993 -14.4134 -2.80549 -38.3641 -14.3774 -3.10884 -39.316 
-14.3673 -3.45362 -40.2545 -14.3836 -3.83272 -41.1796 -14.4014 -4.22027 -42.1012 
-14.4145 -4.6039 -43.0247 -14.4118 -5.00535 -43.9404 -25.1865 2.87513 39.6182 
-25.5837 2.98542 38.708 -25.9426 3.09538 37.7812 -26.2779 3.20595 36.8457 
-26.5763 3.32652 35.8991 -26.8322 3.46869 34.9431 -27.0634 3.65454 33.9883 
-27.2973 3.88349 33.0437 -27.5557 4.1599 32.1181 -27.8532 4.46112 31.2126 
-28.2027 4.78183 30.3324 -28.5755 5.11205 29.4653 -28.9614 5.44436 28.6046 
-29.3465 5.7803 27.7451 -29.7231 6.12784 26.8864 -30.0874 6.48461 26.0262 
-30.4305 6.84976 25.1609 -30.7456 7.2168 24.2857 -31.0626 7.57022 23.4057 
-31.439 7.89046 22.5371 -31.9278 8.16547 21.7112 -32.4539 8.41744 20.899 
-32.9345 8.66304 20.0579 -33.3265 8.91331 19.174 -33.6051 9.15806 18.2459 
-33.7824 9.37599 17.2874 -33.8508 9.55174 16.3065 -33.8125 9.67695 15.3163 
-33.6762 9.75072 14.3295 -33.4576 9.77946 13.3547 -33.1765 9.76647 12.3956 
-32.8456 9.70181 11.4547 -32.4678 9.58084 10.5373 -32.0576 9.41856 9.64001 
-31.6497 9.25179 8.74247 -31.2707 9.11068 7.82825 -30.9272 9.0034 6.89543 
-30.6129 8.92431 5.94953 -30.3184 8.86776 4.99559 -30.0345 8.82631 4.03763 
-29.7556 8.7888 3.07806 -29.4775 8.74331 2.11861 -29.1991 8.69238 1.15948 
-28.9202 8.64336 0.200436 -28.646 8.59223 -0.759878 -28.3769 8.5303 -1.72097 
-28.0972 8.44707 -2.67739 -27.7929 8.35247 -3.62517 -27.476 8.26215 -4.56931 
-27.1682 8.18479 -5.51756 -26.8703 8.11558 -6.46962 -26.5351 8.02415 -7.40672 
-26.1245 7.8714 -8.30497 -25.6533 7.6569 -9.15961 -25.1644 7.42549 -10.0006 
-24.6691 7.20788 -10.8417 -24.1496 6.98645 -11.6667 -23.5835 6.75935 -12.4584 
-22.9594 6.51883 -13.2014 -22.2953 6.25621 -13.9013 -21.6276 5.97135 -14.5889 
-20.9883 5.66068 -15.292 -20.4047 5.33765 -16.0365 -19.871 5.01341 -16.8172 
-19.4063 4.71252 -17.649 -18.9915 4.44213 -18.5175 -18.6298 4.21965 -19.422 
-18.3191 4.05945 -20.3585 -18.0533 3.94551 -21.3155 -17.8277 3.86532 -22.2863 
-17.6235 3.80544 -23.2633 -17.416 3.73032 -24.2386 -17.2017 3.60498 -25.2069 
-16.9953 3.40761 -26.1647 -16.8012 3.13726 -27.1072 -16.6012 2.80363 -28.028 
-16.3982 2.37555 -28.9076 -16.2013 1.84379 -29.729 -16.0079 1.21898 -30.4844 
-15.8088 0.519432 -31.17 -15.6026 -0.19614 -31.8374 -15.3791 -0.859985 -32.5494 
-15.1316 -1.38248 -33.3586 -14.8738 -1.71026 -34.2654 -14.6681 -1.92371 -35.2196 
-14.509 -2.10909 -36.1891 -14.3997 -2.30345 -37.1638 -14.3282 -2.53735 -38.133 
-14.2905 -2.82513 -39.0896 -14.2741 -3.14944 -40.0354 -14.281 -3.51045 -40.9677 
-14.2956 -3.89138 -41.8922 -14.3025 -4.27462 -42.8158 -14.2966 -4.67537 -43.7317 
-26.9629 0.781418 40.7605 -26.9743 0.976041 39.7811 -27.1056 1.12048 38.8007 
-27.2821 1.24808 37.8248 -27.4753 1.36937 36.8512 -27.6782 1.49197 35.8797 
-27.9002 1.6219 34.9135 -28.1456 1.7606 33.954 -28.4056 1.90711 32.9996 
-28.6941 2.05924 32.0544 -29.0161 2.21462 31.1206 -29.3719 2.37771 30.2005 
-29.7468 2.55194 29.29 -30.1275 2.74486 28.3857 -30.5115 2.96204 27.4883 
-30.8951 3.2125 26.5995 -31.2681 3.48938 25.7141 -31.6147 3.78364 24.8236 
-31.9212 4.09167 23.923 -32.1942 4.40549 23.0137 -32.4539 4.72723 22.1032 
-32.7246 5.06168 21.2006 -32.9906 5.40377 20.2994 -33.2071 5.73603 19.3817 
-33.3521 6.03297 18.4388 -33.4382 6.29583 17.4784 -33.4491 6.5148 16.5034 
-33.3904 6.69041 15.5212 -33.2768 6.829 14.5377 -33.1236 6.94007 13.5558 
-32.9462 7.02452 12.5754 -32.7522 7.07329 11.5957 -32.5532 7.08251 10.6159 
-32.3562 7.05376 9.63608 -32.1505 6.99571 8.65924 -31.9176 6.93108 7.689 
-31.6621 6.88904 6.7232 -31.399 6.87697 5.75857 -31.1326 6.8877 4.79478 
-30.8623 6.90913 3.83227 -30.5808 6.93865 2.87316 -30.2902 6.96723 1.91675 
-29.9932 6.99185 0.962206 -29.6913 7.01244 0.009081 -29.3901 7.02872 -0.944337 
-29.0931 7.04255 -1.89911 -28.7948 7.05147 -2.85353 -28.4813 7.04428 -3.80299 
-28.1396 7.02635 -4.74253 -27.7719 7.00554 -5.67215 -27.3731 6.97769 -6.5885 
-26.9301 6.92324 -7.48313 -26.4326 6.81087 -8.34236 -25.9149 6.63623 -9.17977 
-25.4139 6.44201 -10.0231 -24.922 6.2568 -10.8738 -24.3959 6.07332 -11.7034 
-23.8127 5.87871 -12.4915 -23.175 5.66924 -13.2323 -22.5071 5.44188 -13.9408 
-21.8465 5.19063 -14.6481 -21.216 4.92387 -15.3766 -20.6367 4.65329 -16.1451 
-20.1229 4.39299 -16.9619 -19.6675 4.14939 -17.8177 -19.2809 3.94292 -18.7158 
-18.9534 3.77191 -19.6448 -18.6778 3.63908 -20.5963 -18.4561 3.55379 -21.5674 
-18.2801 3.50015 -22.5501 -18.1314 3.45686 -23.538 -17.9834 3.39751 -24.5252 
-17.819 3.29181 -25.5054 -17.6428 3.11016 -26.4722 -17.4613 2.84525 -27.4185 
-17.2793 2.49666 -28.3372 -17.1045 2.06649 -29.2224 -16.928 1.55203 -30.0605 
-16.7302 0.932142 -30.8182 -16.5065 0.266758 -31.5301 -16.272 -0.368843 -32.2643 
-16.0412 -0.881916 -33.0881 -15.8309 -1.27707 -33.9806 -15.6389 -1.54225 -34.9247 
-15.4524 -1.75315 -35.8841 -15.2779 -1.9565 -36.8475 -15.1268 -2.17534 -37.8114 
-15.0084 -2.4368 -38.769 -14.9333 -2.75424 -39.7137 -14.8959 -3.10731 -40.6483 
-14.8948 -3.48713 -41.5732 -14.9007 -3.88211 -42.4919 -14.8962 -4.2612 -43.4171 
-25.4508 2.01427 40.5178 -25.7018 2.18038 39.8311 -26.0085 2.365 38.8977 
-26.3064 2.51303 37.9547 -26.5889 2.64906 37.0051 -26.848 2.78567 36.049 
-27.0819 2.93652 35.0886 -27.3069 3.11776 34.1313 -27.5432 3.33365 33.1842 
-27.8055 3.58428 32.2524 -28.1105 3.86427 31.3425 -28.4567 4.16309 30.4534 
-28.8298 4.47769 29.5807 -29.2078 4.80013 28.7128 -29.5796 5.13186 27.8457 
-29.9489 5.47326 26.9815 -30.3132 5.82817 26.1206 -30.6592 6.19761 25.2581 
-30.9831 6.56629 24.3869 -31.2915 6.92173 23.5046 -31.6289 7.25163 22.6234 
-32.0602 7.54384 21.771 -32.5229 7.81633 20.9276 -32.9372 8.08286 20.0577 
-33.282 8.35027 19.1588 -33.5332 8.60708 18.2267 -33.6908 8.83414 17.2664 
-33.7354 9.00752 16.2839 -33.6827 9.1291 15.2933 -33.5459 9.20588 14.3065 
-33.3354 9.2434 13.3302 -33.068 9.2381 12.3671 -32.7537 9.17999 11.4198 
-32.4016 9.07191 10.4906 -32.0238 8.92476 9.57652 -31.6516 8.77576 8.66052 
-31.3061 8.65458 7.73011 -30.9848 8.56224 6.78784 -30.6848 8.50005 5.83602 
-30.3972 8.45923 4.87917 -30.1157 8.42998 3.92007 -29.8367 8.40343 2.96016 
-29.5571 8.37011 2.00062 -29.2753 8.32925 1.042 -28.9914 8.28658 0.084114 
-28.7106 8.24302 -0.87467 -28.4342 8.18908 -1.83416 -28.1478 8.11478 -2.78929 
-27.8354 8.02795 -3.73521 -27.5112 7.94695 -4.67772 -27.1883 7.87512 -5.62142 
-26.8596 7.80395 -6.56314 -26.4846 7.70388 -7.48408 -26.0377 7.5356 -8.36137 
-25.5507 7.31446 -9.20603 -25.0588 7.07691 -10.0436 -24.5587 6.84677 -10.8783 
-24.0204 6.61137 -11.687 -23.4234 6.36535 -12.4502 -22.781 6.10065 -13.1689 
-22.1227 5.81058 -13.8636 -21.4771 5.50264 -14.5622 -20.8768 5.17697 -15.2922 
-20.3319 4.85165 -16.0646 -19.8465 4.54265 -16.8818 -19.4095 4.26181 -17.7359 
-19.0404 4.02599 -18.6341 -18.7229 3.84104 -19.5639 -18.4477 3.70538 -20.5151 
-18.2189 3.61356 -21.4839 -18.0332 3.55145 -22.4643 -17.8651 3.49794 -23.4487 
-17.687 3.42063 -24.4295 -17.4978 3.2869 -25.4018 -17.3076 3.07632 -26.3601 
-17.1203 2.78543 -27.2977 -16.9282 2.40849 -28.2029 -16.7434 1.94931 -29.0708 
-16.5681 1.38968 -29.8789 -16.3849 0.732601 -30.6096 -16.1884 0.046749 -31.31 
-15.9775 -0.612579 -32.0315 -15.7628 -1.19733 -32.8112 -15.5456 -1.58884 -33.7012 
-15.3353 -1.864 -34.6387 -15.1374 -2.0781 -35.5951 -14.9597 -2.27874 -36.5585 
-14.8181 -2.49408 -37.5243 -14.7214 -2.75409 -38.4847 -14.6597 -3.06109 -39.4342 
-14.6335 -3.4085 -40.3713 -14.643 -3.79112 -41.2951 -14.6587 -4.18476 -42.2142 
-14.674 -4.562 -43.1401 -24.9715 3.37185 39.2895 -25.4263 3.4007 38.3996 
-25.8319 3.45657 37.4876 -26.1997 3.53477 36.5612 -26.5156 3.63561 35.6181 
-26.7755 3.77515 34.6631 -27.0093 3.97102 33.7111 -27.2465 4.21315 32.7705 
-27.5084 4.49422 31.8476 -27.8166 4.80574 30.9491 -28.1758 5.13398 30.0755 
-28.5574 5.46393 29.2122 -28.9501 5.79545 28.3544 -29.3388 6.13264 27.4969 
-29.7161 6.48028 26.6385 -30.0756 6.83558 25.7758 -30.4064 7.19776 24.9044 
-30.7169 7.55925 24.0253 -31.0439 7.90306 23.1455 -31.4673 8.20419 22.2921 
-31.9961 8.46355 21.4855 -32.5424 8.70029 20.6823 -33.0299 8.93872 19.8436 
-33.4017 9.18412 18.9492 -33.6773 9.42059 18.0188 -33.8397 9.62856 17.0557 
-33.889 9.79311 16.0718 -33.8293 9.90598 15.0812 -33.6704 9.96642 14.0967 
-33.4294 9.98081 13.1269 -33.1263 9.95111 12.1749 -32.7701 9.86259 11.245 
-32.3704 9.72243 10.3396 -31.9443 9.54886 9.45183 -31.5319 9.38082 8.55661 
-31.1535 9.24199 7.64172 -30.8103 9.13415 6.70889 -30.496 9.05204 5.76328 
-30.2028 8.99328 4.8091 -29.9211 8.95007 3.85058 -29.642 8.90466 2.89138 
-29.364 8.85093 1.93233 -29.0856 8.79477 0.973487 -28.809 8.74112 0.0140095 
-28.5382 8.68268 -0.946849 -28.2696 8.60993 -1.90729 -27.986 8.51855 -2.86178 
-27.6776 8.41804 -3.80767 -27.3608 8.32462 -4.75154 -27.0616 8.24749 -5.7025 
-26.7671 8.17466 -6.65536 -26.4294 8.07415 -7.59066 -26.0102 7.90619 -8.48124 
-25.5316 7.67656 -9.32851 -25.0432 7.44275 -10.1692 -24.544 7.22119 -11.0068 
-24.0065 6.99392 -11.8183 -23.417 6.75805 -12.5905 -22.771 6.50003 -13.3083 
-22.1069 6.2193 -14.001 -21.4567 5.91015 -14.6949 -20.8464 5.58648 -15.4174 
-20.2859 5.25937 -16.1775 -19.7928 4.94706 -16.989 -19.3491 4.66467 -17.8389 
-18.9613 4.42398 -18.728 -18.6266 4.24534 -19.6528 -18.3251 4.10649 -20.5956 
-18.0707 4.01059 -21.5578 -17.8567 3.94061 -22.532 -17.6616 3.88102 -23.511 
-17.4625 3.79743 -24.4872 -17.2586 3.65889 -25.4558 -17.0641 3.44806 -26.4133 
-16.8786 3.16301 -27.3531 -16.6814 2.80417 -28.2647 -16.4868 2.35487 -29.1359 
-16.2924 1.82594 -29.9608 -16.0886 1.17957 -30.6937 -15.8769 0.475132 -31.3709 
-15.6556 -0.220859 -32.0539 -15.4164 -0.831864 -32.8045 -15.1625 -1.30313 -33.6452 
-14.9127 -1.6129 -34.561 -14.7117 -1.83021 -35.5155 -14.5608 -2.02144 -36.4853 
-14.4494 -2.22422 -37.458 -14.3771 -2.46876 -38.4244 -14.3391 -2.76722 -39.3778 
-14.3262 -3.10366 -40.3194 -14.3327 -3.46767 -41.2506 -14.3439 -3.85126 -42.174 
-14.3473 -4.23271 -43.0984 -14.3361 -4.6307 -44.0155 -27.8458 0.570034 39.6511 
-27.8214 0.700032 38.6614 -27.8948 0.803238 37.6701 -28.0285 0.900116 36.6841 
-28.2135 1.00707 35.7074 -28.4331 1.11493 34.7378 -28.6652 1.21902 33.7706 
-28.9128 1.31818 32.8069 -29.1795 1.4037 31.847 -29.4747 1.45999 30.8934 
-29.8 1.4924 29.9485 -30.1529 1.51708 29.0132 -30.5406 1.56595 28.0929 
-30.9497 1.6542 27.1851 -31.3591 1.80838 26.2864 -31.7512 2.01162 25.3893 
-32.1103 2.26548 24.4916 -32.4273 2.56739 23.5929 -32.7115 2.9097 22.6975 
-32.9817 3.27422 21.8064 -33.2445 3.66282 20.9233 -33.4749 4.06105 20.0357 
-33.6384 4.43374 19.1231 -33.7162 4.75669 18.1809 -33.7107 5.0253 17.2185 
-33.634 5.2451 16.2467 -33.5123 5.42841 15.2713 -33.3636 5.58428 14.2948 
-33.2028 5.72035 13.3174 -33.0426 5.83811 12.3373 -32.8932 5.92965 11.353 
-32.7643 5.99118 10.3633 -32.652 6.02337 9.37021 -32.5266 6.03447 8.37831 
-32.3556 6.0373 7.39332 -32.1351 6.04329 6.41812 -31.8845 6.06726 5.45039 
-31.621 6.11375 4.48687 -31.3477 6.17424 3.52688 -31.0638 6.24292 2.57051 
-30.7704 6.31919 1.61756 -30.4684 6.39918 0.667622 -30.161 6.47505 -0.280932 
-29.8512 6.55024 -1.22877 -29.5423 6.62721 -2.17673 -29.2318 6.69695 -3.12471 
-28.913 6.75809 -4.07057 -28.5681 6.80961 -5.00766 -28.1913 6.8515 -5.93293 
-27.7808 6.87896 -6.84412 -27.305 6.85171 -7.72194 -26.7792 6.75766 -8.5666 
-26.2403 6.60104 -9.39398 -25.7359 6.43178 -10.2407 -25.2459 6.26992 -11.0972 
-24.735 6.12058 -11.9435 -24.1525 5.96488 -12.7403 -23.5103 5.79697 -13.4876 
-22.8274 5.60935 -14.1934 -22.1465 5.40279 -14.896 -21.4999 5.18676 -15.6269 
-20.8977 4.97524 -16.3964 -20.3599 4.77709 -17.215 -19.8878 4.59497 -18.0772 
-19.4811 4.44767 -18.9782 -19.1311 4.33632 -19.9079 -18.834 4.25531 -20.8588 
-18.6031 4.21797 -21.8307 -18.4184 4.19779 -22.8132 -18.2577 4.16672 -23.7997 
-18.0994 4.10123 -24.7847 -17.9367 3.99091 -25.7649 -17.7853 3.79024 -26.7318 
-17.638 3.51025 -27.6798 -17.4867 3.14413 -28.5971 -17.3425 2.68589 -29.4729 
-17.2036 2.13825 -30.2973 -17.0312 1.5003 -31.0462 -16.8108 0.832798 -31.7569 
-16.5501 0.207874 -32.4914 -16.2768 -0.302193 -33.3027 -16.0581 -0.639938 -34.2159 
-15.8744 -0.897816 -35.1639 -15.6986 -1.10395 -36.1265 -15.5226 -1.30692 -37.0898 
-15.3682 -1.52494 -38.0533 -15.2337 -1.76258 -39.0153 -15.104 -2.01277 -39.9747 
-15.042 -2.34143 -40.9153 -15.0224 -2.70783 -41.8455 -15.0068 -3.0957 -42.767 
-14.9893 -3.47669 -43.6913 -27.7082 0.771027 40.4923 -27.6301 0.900311 39.7589 
-27.6514 1.03378 38.7688 -27.744 1.15132 37.7803 -27.8815 1.26231 36.7962 
-28.0579 1.37876 35.8189 -28.2659 1.50045 34.8484 -28.4972 1.62643 33.8838 
-28.7489 1.75738 32.9249 -29.0292 1.88626 31.9739 -29.341 2.0059 31.0313 
-29.6824 2.11935 30.0984 -30.0476 2.23699 29.1749 -30.4264 2.36684 28.2586 
-30.8154 2.53224 27.3526 -31.2025 2.74469 26.4556 -31.5696 2.99755 25.5606 
-31.9104 3.27842 24.6636 -32.2215 3.58026 23.7625 -32.5006 3.90107 22.8576 
-32.764 4.24101 21.9548 -33.031 4.59594 21.0589 -33.2726 4.95781 20.1587 
-33.4592 5.30318 19.2396 -33.5622 5.6012 18.2915 -33.584 5.84877 17.3237 
-33.5355 6.0512 16.3461 -33.434 6.21633 15.3654 -33.295 6.35249 14.3846 
-33.133 6.46635 13.4045 -32.9603 6.55279 12.4234 -32.7852 6.6062 11.4403 
-32.6207 6.62587 10.4543 -32.4609 6.61358 9.46731 -32.2803 6.58011 8.48446 
-32.0581 6.54537 7.51027 -31.8077 6.53013 6.54229 -31.5477 6.54 5.57679 
-31.2815 6.56735 4.61329 -31.0059 6.60556 3.65279 -30.7185 6.64993 2.69603 
-30.4221 6.69307 1.74193 -30.1195 6.73279 0.789635 -29.8113 6.76725 -0.161041 
-29.5058 6.80029 -1.11267 -29.2025 6.82942 -2.06511 -28.8932 6.84892 -3.01585 
-28.5648 6.85724 -3.96025 -28.2056 6.85561 -4.89335 -27.8081 6.84566 -5.81084 
-27.3769 6.81822 -6.71233 -26.8856 6.73316 -7.57816 -26.3552 6.58188 -8.41207 
-25.8406 6.39814 -9.24946 -25.3421 6.20331 -10.0941 -24.8404 6.02163 -10.9396 
-24.2966 5.83053 -11.7563 -23.6875 5.62697 -12.5223 -23.0373 5.40264 -13.2478 
-22.3762 5.15827 -13.9571 -21.7349 4.89481 -14.6777 -21.1379 4.62513 -15.4326 
-20.5967 4.36388 -16.2315 -20.1129 4.11987 -17.0709 -19.7101 3.91442 -17.9623 
-19.3616 3.74407 -18.8835 -19.0702 3.60631 -19.8297 -18.8411 3.51017 -20.798 
-18.6521 3.44618 -21.7778 -18.5024 3.40657 -22.7655 -18.3769 3.37335 -23.757 
-18.2463 3.3127 -24.7464 -18.0975 3.20398 -25.7288 -17.9298 3.02365 -26.6977 
-17.7516 2.7574 -27.644 -17.5803 2.39795 -28.5604 -17.4246 1.94985 -29.4401 
-17.2696 1.40295 -30.2609 -17.0875 0.769714 -31.0124 -16.858 0.117576 -31.7347 
-16.6104 -0.467751 -32.5028 -16.3834 -0.884785 -33.3793 -16.1962 -1.1816 -34.3151 
-16.026 -1.41171 -35.273 -15.844 -1.60579 -36.2369 -15.6611 -1.80403 -37.1999 
-15.5053 -2.02348 -38.1628 -15.3847 -2.28843 -39.119 -15.3129 -2.61456 -40.061 
-15.2759 -2.9704 -40.9948 -15.2709 -3.35375 -41.9181 -15.27 -3.74891 -42.8367 
-15.258 -4.12113 -43.7643 -27.4155 0.664108 40.5385 -27.3755 0.802117 39.8037 
-27.4307 0.945855 38.8166 -27.5688 1.06219 37.8331 -27.7318 1.17359 36.8529 
-27.9187 1.2886 35.8773 -28.1394 1.41048 34.9097 -28.3771 1.53465 33.9463 
-28.6328 1.66261 32.9881 -28.9151 1.78848 32.0372 -29.2304 1.90546 31.0955 
-29.5675 2.0176 30.1608 -29.931 2.132 29.2363 -30.3109 2.25886 28.3202 
-30.7034 2.41413 27.4137 -31.0994 2.61244 26.5174 -31.4817 2.84987 25.6245 
-31.8349 3.117 24.7281 -32.1552 3.40574 23.8259 -32.4372 3.71967 22.9195 
-32.6946 4.05231 22.0124 -32.9534 4.40374 21.1126 -33.2024 4.76713 20.215 
-33.4079 5.12302 19.3041 -33.5355 5.44028 18.3652 -33.5814 5.70659 17.4032 
-33.5507 5.92532 16.4285 -33.4605 6.10319 15.4489 -33.3297 6.24953 14.4685 
-33.1732 6.37284 13.4886 -33.0051 6.47625 12.5082 -32.8341 6.54945 11.5259 
-32.6703 6.58543 10.5402 -32.516 6.58805 9.55222 -32.3499 6.56579 8.56646 
-32.1473 6.53405 7.58789 -31.9072 6.51267 6.6175 -31.6493 6.51741 5.65141 
-31.3846 6.5443 4.68749 -31.1128 6.584 3.72594 -30.8316 6.63188 2.7675 
-30.5391 6.68312 1.81265 -30.2394 6.73267 0.859892 -29.9343 6.77811 -0.091364 
-29.6296 6.82202 -1.04279 -29.3286 6.86349 -1.99548 -29.0269 6.89792 -2.94825 
-28.714 6.92198 -3.89768 -28.3758 6.93575 -4.83858 -28.008 6.94458 -5.76837 
-27.6082 6.94536 -6.68465 -27.1558 6.91154 -7.57499 -26.6472 6.81363 -8.42973 
-26.1157 6.65378 -9.26135 -25.6133 6.4752 -10.1072 -25.1225 6.30272 -10.9613 
-24.6061 6.14136 -11.8019 -24.0267 5.97038 -12.5979 -23.3902 5.78598 -13.3461 
-22.7144 5.58181 -14.0543 -22.0409 5.35593 -14.758 -21.3957 5.11591 -15.4828 
-20.8042 4.87669 -16.2522 -20.2797 4.65095 -17.0726 -19.8091 4.43966 -17.9287 
-19.41 4.26476 -18.8282 -19.0691 4.12562 -19.7575 -18.7794 4.01774 -20.7082 
-18.5501 3.95562 -21.6791 -18.3708 3.92094 -22.6622 -18.2169 3.8845 -23.6495 
-18.0633 3.82033 -24.6353 -17.899 3.70763 -25.615 -17.7352 3.52149 -26.5831 
-17.5704 3.25222 -27.5312 -17.3981 2.90605 -28.453 -17.2326 2.46991 -29.3362 
-17.0642 1.92984 -30.1599 -16.8737 1.32189 -30.9296 -16.6437 0.656327 -31.6392 
-16.3919 0.014439 -32.3632 -16.1325 -0.503181 -33.174 -15.9037 -0.893425 -34.0641 
-15.7085 -1.17453 -35.0032 -15.5238 -1.3884 -35.9623 -15.3489 -1.59261 -36.9254 
-15.1958 -1.80968 -37.8895 -15.062 -2.04656 -38.8517 -14.9597 -2.33073 -39.8043 
-14.9179 -2.67872 -40.7405 -14.9032 -3.04207 -41.672 -14.8995 -3.42655 -42.5951 
-14.8888 -3.80853 -43.5191 -28.6004 0.953884 39.6885 -28.4647 1.0617 38.7046 
-28.4268 1.15538 37.7105 -28.4762 1.2511 36.7169 -28.5934 1.35635 35.7298 
-28.767 1.46507 34.7513 -28.9712 1.57817 33.7789 -29.2012 1.69266 32.8125 
-29.4558 1.79341 31.8508 -29.7416 1.86831 30.8957 -30.0608 1.91961 29.9496 
-30.4085 1.95651 29.0128 -30.7784 1.9895 28.0843 -31.1663 2.07375 27.167 
-31.5498 2.2225 26.2559 -31.9138 2.45102 25.3536 -32.2497 2.7333 24.4552 
-32.5543 3.05422 23.5586 -32.8416 3.40452 22.6671 -33.1216 3.77564 21.7818 
-33.3834 4.17109 20.9016 -33.6023 4.55871 20.0067 -33.744 4.90884 19.0819 
-33.7878 5.19706 18.1259 -33.7642 5.44083 17.1571 -33.6786 5.64215 16.1816 
-33.5511 5.80863 15.204 -33.3991 5.95059 14.226 -33.2373 6.07399 13.2469 
-33.077 6.17692 12.2652 -32.928 6.24981 11.2792 -32.7971 6.29177 10.2888 
-32.6702 6.30837 9.29708 -32.5152 6.30781 8.30932 -32.312 6.30158 7.33043 
-32.0698 6.30639 6.36034 -31.8096 6.3349 5.39527 -31.5419 6.38277 4.43302 
-31.2653 6.44166 3.47385 -30.9782 6.5089 2.51831 -30.6828 6.58076 1.56562 
-30.3827 6.65161 0.614395 -30.0791 6.71894 -0.336019 -29.7773 6.78909 -1.28682 
-29.4778 6.85587 -2.23855 -29.1768 6.9135 -3.19043 -28.8607 6.95852 -4.13803 
-28.5226 6.99656 -5.07831 -28.1543 7.02933 -6.00728 -27.7361 7.04072 -6.91526 
-27.264 7.00493 -7.79498 -26.733 6.88991 -8.63402 -26.2069 6.7308 -9.46918 
-25.7109 6.56589 -10.3216 -25.2216 6.40987 -11.1796 -24.7094 6.26471 -12.0259 
-24.1238 6.11068 -12.8207 -23.4785 5.94279 -13.5651 -22.7918 5.75247 -14.2666 
-22.1087 5.54222 -14.9659 -21.46 5.32408 -15.6945 -20.857 5.11067 -16.4628 
-20.317 4.91109 -17.2796 -19.8414 4.72684 -18.1394 -19.4287 4.57938 -19.0377 
-19.0723 4.4683 -19.9649 -18.7765 4.39744 -20.917 -18.5379 4.36603 -21.8872 
-18.3443 4.34752 -22.868 -18.1737 4.31421 -23.8527 -18.0054 4.24442 -24.8358 
-17.8401 4.11803 -25.8135 -17.6894 3.92527 -26.7826 -17.5479 3.63261 -27.7273 
-17.4016 3.25887 -28.6423 -17.2594 2.79428 -29.5153 -17.1146 2.23988 -30.3335 
-16.9403 1.60859 -31.0882 -16.7185 0.933933 -31.792 -16.4567 0.300201 -32.5182 
-16.1751 -0.218349 -33.3219 -15.9344 -0.593483 -34.2149 -15.7463 -0.846341 -35.1633 
-15.5668 -1.0606 -36.1234 -15.3939 -1.26841 -37.0862 -15.2432 -1.48827 -38.0499 
-15.11 -1.72677 -39.0118 -14.9797 -1.97728 -39.9711 -14.9182 -2.30292 -40.9128 
-14.9028 -2.6679 -41.8436 -14.8931 -3.05045 -42.7674 -14.8783 -3.42672 -43.6937 
-23.1224 5.1635 39.5452 -23.8229 5.01566 38.8475 -24.4854 4.83208 38.122 
-25.0781 4.65114 37.3383 -25.5991 4.51778 36.496 -26.0258 4.46877 35.5956 
-26.3541 4.51765 34.6531 -26.6213 4.65381 33.7001 -26.8647 4.86765 32.7545 
-27.1224 5.13526 31.8264 -27.4188 5.43129 30.9188 -27.7673 5.74093 30.0343 
-28.1627 6.05551 29.1714 -28.5718 6.37078 28.3152 -28.9794 6.68921 27.4594 
-29.3682 7.01769 26.5986 -29.7325 7.35405 25.7303 -30.0699 7.69034 24.8512 
-30.3759 8.0266 23.9605 -30.6892 8.35032 23.0682 -31.1061 8.63214 22.2077 
-31.6716 8.8646 21.417 -32.2592 9.08339 20.6381 -32.7946 9.30585 19.8247 
-33.2174 9.54119 18.9506 -33.5434 9.77542 18.036 -33.7527 9.98851 17.0833 
-33.8411 10.1608 16.1037 -33.8085 10.2803 15.1129 -33.6618 10.3414 14.1269 
-33.4183 10.3486 13.1579 -33.1011 10.3067 12.2111 -32.7205 10.2009 11.2929 
-32.289 10.0364 10.4065 -31.8328 9.83907 9.53886 -31.3979 9.65099 8.65842 
-31.0048 9.49497 7.75268 -30.6518 9.36871 6.82588 -30.3348 9.26998 5.88278 
-30.0386 9.19407 4.9307 -29.7531 9.13155 3.97436 -29.4713 9.06636 3.01714 
-29.189 8.99282 2.06062 -28.9063 8.91917 1.10426 -28.6274 8.84784 0.146582 
-28.3557 8.77378 -0.81292 -28.0844 8.68812 -1.77157 -27.7945 8.58105 -2.72254 
-27.4823 8.46444 -3.66533 -27.1639 8.35716 -4.60714 -26.857 8.26331 -5.55424 
-26.5533 8.16801 -6.50221 -26.2078 8.03907 -7.43095 -25.7885 7.84052 -8.31603 
-25.3196 7.58368 -9.16021 -24.8294 7.30338 -9.98547 -24.3251 7.01989 -10.8011 
-23.7825 6.73685 -11.5917 -23.195 6.45053 -12.3481 -22.5639 6.14976 -13.0628 
-21.9191 5.82684 -13.7554 -21.29 5.48598 -14.454 -20.7005 5.12885 -15.1781 
-20.1654 4.76956 -15.9423 -19.6819 4.42613 -16.7471 -19.2531 4.11397 -17.5941 
-18.882 3.84146 -18.4811 -18.5574 3.62597 -19.4016 -18.2726 3.46389 -20.346 
-18.0313 3.3497 -21.3092 -17.8269 3.27848 -22.2854 -17.6292 3.22856 -23.2644 
-17.4178 3.16003 -24.2392 -17.1938 3.03078 -25.2045 -16.9763 2.82025 -26.1569 
-16.7683 2.52895 -27.0901 -16.5602 2.15517 -27.9931 -16.3824 1.67321 -28.8498 
-16.2418 1.09318 -29.65 -16.1179 0.415775 -30.3746 -15.9732 -0.292019 -31.0657 
-15.7936 -0.965225 -31.782 -15.5716 -1.48099 -32.6048 -15.3379 -1.82701 -33.5109 
-15.113 -2.08074 -34.451 -14.9121 -2.28311 -35.4093 -14.7552 -2.47401 -36.3781 
-14.642 -2.69037 -37.3475 -14.5717 -2.96237 -38.3067 -14.5339 -3.28468 -39.2524 
-14.5263 -3.64512 -40.1848 -14.5469 -4.03444 -41.1057 -14.5756 -4.42245 -42.0268 
-14.6065 -4.79837 -42.9529 -14.6257 -5.1687 -43.8816 -26.8054 1.27015 40.6161 
-26.8317 1.41543 39.8814 -26.9492 1.58513 38.9035 -27.1303 1.73301 37.9314 
-27.3245 1.87142 36.9602 -27.5226 2.00563 35.9893 -27.733 2.14806 35.0221 
-27.9658 2.30888 34.0631 -28.2208 2.49198 33.1138 -28.4999 2.69318 32.1749 
-28.8118 2.90826 31.2496 -29.1652 3.1443 30.3446 -29.5363 3.39688 29.451 
-29.9038 3.66186 28.5596 -30.2642 3.94632 27.6712 -30.6242 4.25227 26.79 
-30.9845 4.57991 25.9166 -31.3327 4.92081 25.0434 -31.66 5.26531 24.1637 
-31.976 5.60106 23.2763 -32.2985 5.92358 22.3864 -32.6427 6.23503 21.5007 
-32.9726 6.54493 20.6091 -33.2547 6.85484 19.7014 -33.4658 7.14729 18.7695 
-33.6005 7.40407 17.8134 -33.6483 7.61491 16.8378 -33.614 7.77763 15.8524 
-33.5089 7.89645 14.8657 -33.3471 7.98244 13.8828 -33.1445 8.04018 12.9053 
-32.9239 8.07431 11.9307 -32.6731 8.05869 10.963 -32.4052 8.00163 10.0014 
-32.1208 7.91111 9.04707 -31.8224 7.8086 8.09818 -31.528 7.7317 7.14573 
-31.2426 7.6856 6.18851 -30.964 7.66683 5.22833 -30.6879 7.66785 4.26725 
-30.4101 7.67609 3.30663 -30.1297 7.68495 2.34679 -29.847 7.69194 1.38758 
-29.5604 7.69223 0.429581 -29.2715 7.68595 -0.527771 -28.9862 7.67943 -1.4862 
-28.7035 7.66673 -2.44528 -28.4885 7.64402 -3.16342 -28.2582 7.60979 -3.87635 
-27.9299 7.56503 -4.81977 -27.5863 7.52662 -5.75813 -27.232 7.48776 -6.69236 
-26.8393 7.43044 -7.60954 -26.3791 7.3182 -8.4893 -25.8786 7.15022 -9.33848 
-25.3843 6.96026 -10.1867 -24.8972 6.78204 -11.0415 -24.3782 6.6063 -11.8777 
-23.8013 6.4192 -12.6719 -23.1626 6.21505 -13.4133 -22.4841 5.98747 -14.1115 
-21.809 5.73548 -14.8046 -21.1683 5.46255 -15.5217 -20.5813 5.18923 -16.2832 
-20.0495 4.92177 -17.0864 -19.5842 4.67586 -17.9361 -19.1774 4.46647 -18.8246 
-18.8232 4.29595 -19.7434 -18.5259 4.18059 -20.6906 -18.2823 4.10985 -21.6576 
-18.0835 4.06023 -22.6363 -17.9084 4.0092 -23.6195 -17.7319 3.93127 -24.6005 
-17.549 3.80061 -25.5745 -17.3738 3.5982 -26.5375 -17.2031 3.3181 -27.4815 
-17.0204 2.96602 -28.3991 -16.8343 2.53093 -29.2788 -16.6461 1.98867 -30.0965 
-16.4401 1.35821 -30.8432 -16.212 0.673523 -31.535 -15.9666 0.008644 -32.2402 
-15.7083 -0.561573 -33.0173 -15.462 -0.988917 -33.8842 -15.2345 -1.29375 -34.8079 
-15.0347 -1.52291 -35.7601 -14.8652 -1.73156 -36.7232 -14.7322 -1.94525 -37.6909 
-14.6301 -2.18946 -38.6549 -14.5683 -2.48961 -39.6063 -14.5439 -2.83156 -40.5456 
-14.5401 -3.1921 -41.4782 -14.547 -3.5746 -42.4021 -14.5447 -3.95477 -43.327 
-28.194 0.989541 39.9193 -28.0716 1.1172 38.9362 -28.06 1.22874 37.9434 
-28.1347 1.33646 36.9524 -28.2691 1.44828 35.968 -28.4506 1.56673 34.992 
-28.6642 1.6909 34.023 -28.9023 1.82199 33.0607 -29.172 1.95039 32.1064 
-29.4714 2.06542 31.1594 -29.7993 2.17171 30.2208 -30.1547 2.27842 29.2921 
-30.5243 2.39091 28.3699 -30.9066 2.53819 27.4579 -31.2877 2.73952 26.5557 
-31.6525 2.98584 25.6581 -31.9943 3.26646 24.7612 -32.3095 3.57061 23.8624 
-32.5979 3.89678 22.9622 -32.8746 4.23985 22.0646 -33.1505 4.60214 21.1744 
-33.3977 4.97117 20.2788 -33.5775 5.31723 19.3584 -33.6807 5.61931 18.4116 
-33.7015 5.86932 17.4445 -33.6274 6.11698 16.2224 -33.4834 6.31404 14.9969 
-33.3315 6.4414 14.0168 -33.1643 6.54828 13.0368 -32.9929 6.62824 12.055 
-32.8261 6.67451 11.0702 -32.6701 6.68816 10.0826 -32.5098 6.6748 9.09569 
-32.317 6.64569 8.11508 -32.0822 6.61935 7.14352 -31.8228 6.61592 6.17781 
-31.5587 6.63268 5.2135 -31.2897 6.66817 4.25103 -31.0146 6.71322 3.29068 
-30.7295 6.76537 2.33364 -30.4354 6.81835 1.37933 -30.1365 6.86914 0.426403 
-29.8349 6.91702 -0.525854 -29.5371 6.96449 -1.47926 -29.2425 7.0077 -2.43393 
-28.9471 7.04301 -3.38862 -28.7182 7.06293 -4.10256 -28.4701 7.07578 -4.81021 
-28.116 7.09211 -5.74513 -27.7327 7.10482 -6.66846 -27.3003 7.08951 -7.56922 
-26.8074 7.01746 -8.43583 -26.2798 6.88133 -9.27397 -25.7716 6.71694 -10.1193 
-25.2819 6.55662 -10.9763 -24.7795 6.40845 -11.8279 -24.2069 6.25329 -12.6317 
-23.5709 6.08288 -13.3836 -22.8902 5.89143 -14.0905 -22.2042 5.67734 -14.7857 
-21.543 5.44748 -15.4995 -20.9277 5.21873 -16.2536 -20.3773 5.00173 -17.0591 
-19.8826 4.79696 -17.9032 -19.4564 4.62597 -18.7909 -19.086 4.49299 -19.7098 
-18.7715 4.39805 -20.6535 -18.5185 4.35261 -21.6195 -18.314 4.32734 -22.5979 
-18.1379 4.29457 -23.5816 -17.9674 4.23404 -24.5651 -17.795 4.12372 -25.5434 
-17.6369 3.93771 -26.5126 -17.4889 3.67056 -27.4641 -17.3362 3.31984 -28.3872 
-17.1795 2.8885 -29.2752 -17.0182 2.36237 -30.1089 -16.8384 1.76186 -30.8869 
-16.6196 1.08744 -31.5915 -16.3649 0.431084 -32.3008 -16.0826 -0.144005 -33.0667 
-15.8144 -0.583134 -33.9219 -15.6044 -0.882995 -34.8513 -15.4151 -1.11463 -35.8053 
-15.2394 -1.32537 -36.7669 -15.0878 -1.54311 -37.7309 -14.9563 -1.78102 -38.6931 
-14.8315 -2.03094 -39.6534 -14.7707 -2.34849 -40.5982 -14.7565 -2.70793 -41.5312 
-14.7527 -3.08105 -42.459 -14.7458 -3.46077 -43.384 -26.475 1.13348 40.7089 
-26.5998 1.34909 39.7409 -26.778 1.5203 38.7723 -26.9897 1.66425 37.8057 
-27.2064 1.7992 36.8389 -27.42 1.93209 35.871 -27.6414 2.0767 34.9067 
-27.8793 2.23637 33.9487 -28.1432 2.41993 33.0018 -28.4286 2.61764 32.0641 
-28.7496 2.8293 31.1413 -29.1119 3.06299 30.239 -29.4881 3.31052 29.3462 
-29.861 3.57047 28.4556 -30.228 3.84915 27.568 -30.5935 4.14983 26.6872 
-30.9571 4.46858 25.8119 -31.3033 4.80163 24.935 -31.6155 5.13969 24.0471 
-31.9118 5.46946 23.1509 -32.212 5.7882 22.2519 -32.5341 6.1017 21.3587 
-32.8529 6.41558 20.4643 -33.1297 6.72729 19.5556 -33.3355 7.01942 18.6225 
-33.4632 7.27314 17.6641 -33.5099 7.48333 16.6884 -33.4744 7.64468 15.7029 
-33.3664 7.76145 14.7162 -33.2002 7.84649 13.7341 -32.998 7.90128 12.7566 
-32.7604 7.91068 11.7856 -32.4998 7.87437 10.821 -32.2285 7.79659 9.8618 
-31.9468 7.6933 8.90788 -31.6644 7.60058 7.95315 -31.3864 7.5372 6.99473 
-31.1114 7.50213 6.034 -30.8377 7.49277 5.07226 -30.5612 7.4938 4.11125 
-30.2801 7.49773 3.15157 -29.995 7.50012 2.19309 -29.7042 7.49677 1.23633 
-29.4079 7.48534 0.281292 -29.1125 7.47044 -0.673953 -28.8207 7.45426 -1.63029 
-28.524 7.4241 -2.58476 -28.2897 7.38923 -3.2963 -28.1268 7.36297 -3.76828 
-27.8653 7.32258 -4.47005 -27.5022 7.2699 -5.40027 -27.117 7.20695 -6.32083 
-26.6827 7.11242 -7.21586 -26.1947 6.96124 -8.07479 -25.6832 6.74872 -8.90724 
-25.1786 6.51523 -9.73834 -24.6759 6.2866 -10.572 -24.1315 6.04489 -11.3747 
-23.5396 5.79327 -12.1399 -22.9102 5.52566 -12.8693 -22.2649 5.24152 -13.5784 
-21.6324 4.9358 -14.2899 -21.0331 4.61732 -15.024 -20.4792 4.29744 -15.7923 
-19.9918 3.99221 -16.6096 -19.5662 3.7196 -17.472 -19.1999 3.48066 -18.3708 
-18.8781 3.26873 -19.293 -18.6069 3.09806 -20.2399 -18.3783 2.96778 -21.2045 
-18.1979 2.88305 -22.184 -18.0499 2.8315 -23.1716 -17.906 2.78368 -24.16 
-17.7388 2.69809 -25.142 -17.5542 2.54144 -26.1115 -17.3654 2.29933 -27.0625 
-17.1782 1.96911 -27.9869 -17.0102 1.54416 -28.8751 -16.8617 1.02063 -29.7127 
-16.7083 0.416283 -30.4932 -16.5256 -0.244171 -31.2214 -16.3209 -0.88467 -31.9611 
-16.1168 -1.39986 -32.788 -15.9244 -1.76924 -33.6953 -15.7496 -2.03475 -34.6431 
-15.5644 -2.24417 -35.6031 -15.3791 -2.43622 -36.5667 -15.2184 -2.64896 -37.5303 
-15.0975 -2.91232 -38.4869 -15.0129 -3.22517 -39.4328 -14.9767 -3.58503 -40.3644 
-14.9904 -3.98232 -41.282 -15.0191 -4.38324 -42.1976 -15.0598 -4.74334 -43.1293 
-25.5311 2.1111 40.2517 -25.7714 2.26683 39.5585 -26.0782 2.43712 38.6223 
-26.3759 2.57864 37.6783 -26.6551 2.71291 36.7275 -26.9098 2.85126 35.7705 
-27.1394 3.0091 34.8102 -27.3657 3.19689 33.8546 -27.609 3.4242 32.9119 
-27.8836 3.68663 31.9871 -28.2062 3.97687 31.0863 -28.5617 4.28253 30.2033 
-28.9385 4.60202 29.3338 -29.3144 4.92933 28.4669 -29.6845 5.26531 27.6007 
-30.0534 5.61172 26.7383 -30.413 5.97295 25.878 -30.7537 6.34447 25.0144 
-31.075 6.71303 24.1421 -31.3891 7.06546 23.2607 -31.7581 7.38566 22.3888 
-32.2109 7.67198 21.5453 -32.6698 7.93866 20.6979 -33.076 8.2039 19.8242 
-33.3969 8.46872 18.9158 -33.62 8.71615 17.974 -33.7418 8.92649 17.0051 
-33.7519 9.08241 16.0182 -33.6786 9.19333 15.028 -33.5191 9.25823 14.0436 
-33.2909 9.28496 13.0708 -33.0118 9.26983 12.1111 -32.6884 9.2007 11.1679 
-32.3288 9.08284 10.2424 -31.9467 8.93182 9.3308 -31.5775 8.78926 8.41252 
-31.2364 8.67624 7.47954 -30.9196 8.59321 6.53483 -30.6221 8.53733 5.58183 
-30.3358 8.50074 4.62439 -30.0556 8.47417 3.66483 -29.7773 8.44802 2.70472 
-29.4983 8.41328 1.74505 -29.2176 8.37337 0.786112 -28.9354 8.33227 -0.172376 
-28.658 8.28844 -1.13212 -28.3827 8.23013 -2.09167 -28.0929 8.15219 -3.04549 
-27.8571 8.08801 -3.75453 -27.6148 8.02709 -4.4617 -27.2958 7.95533 -5.40672 
-26.9788 7.88916 -6.35283 -26.6297 7.80747 -7.286 -26.2161 7.67346 -8.18486 
-25.7345 7.4655 -9.03588 -25.2428 7.23659 -9.87603 -24.7513 7.01969 -10.7194 
-24.2261 6.79745 -11.5406 -23.6474 6.56816 -12.3226 -23.0182 6.32238 -13.0592 
-22.3553 6.05254 -13.7575 -21.6986 5.75669 -14.451 -21.0741 5.44395 -15.1662 
-20.502 5.12526 -15.9214 -19.9949 4.81596 -16.7253 -19.5431 4.53652 -17.5722 
-19.1467 4.29339 -18.4569 -18.8051 4.09828 -19.3756 -18.5129 3.95855 -20.3211 
-18.2698 3.86683 -21.2864 -18.0713 3.80532 -22.2644 -17.8969 3.7527 -23.2476 
-17.7188 3.68016 -24.2288 -17.5307 3.55655 -25.2026 -17.3441 3.36076 -26.1649 
-17.1602 3.08675 -27.1082 -16.9677 2.72552 -28.0201 -16.7783 2.29033 -28.8994 
-16.5929 1.75363 -29.7216 -16.408 1.15088 -30.4969 -16.2044 0.475033 -31.2047 
-15.9894 -0.208092 -31.9023 -15.7619 -0.805382 -32.6681 -15.5327 -1.26982 -33.5201 
-15.3091 -1.58509 -34.4412 -15.1025 -1.81826 -35.3911 -14.9202 -2.02418 -36.3525 
-14.7745 -2.23391 -37.3191 -14.6697 -2.47546 -38.2834 -14.6045 -2.76937 -39.2367 
-14.57 -3.10306 -40.1787 -14.5698 -3.47072 -41.1084 -14.5823 -3.85858 -42.03 
-14.5868 -4.245 -42.9523 -14.5863 -4.62111 -43.8789 
LINES 122 11554
93 0 1 2 3 4 5 6 7 8 9 10 11 12 13 14 15 16 17 18 19 20 21 22 23 24 25 26 27 28 29 30 31 32 33 34 35 36 37 38 39 40 41 42 43 44 45 46 47 48 49 50 51 52 53 54 55 56 57 58 59 60 61 62 63 64 65 66 67 68 69 70 71 72 73 74 75 76 77 78 79 80 81 82 83 84 85 86 87 88 89 90 91 92 
93 93 94 95 96 97 98 99 100 101 102 103 104 105 106 107 108 109 110 111 112 113 114 115 116 117 118 119 120 121 122 123 124 125 126 127 128 129 130 131 132 133 134 135 136 137 138 139 140 141 142 143 144 145 146 147 148 149 150 151 152 153 154 155 156 157 158 159 160 161 162 163 164 165 166 167 168 169 170 171 172 173 174 175 176 177 178 179 180 181 182 183 184 185 
93 186 187 188 189 190 191 192 193 194 195 196 197 198 199 200 201 202 203 204 205 206 207 208 209 210 211 212 213 214 215 216 217 218 219 220 221 222 223 224 225 226 227 228 229 230 231 232 233 234 235 236 237 238 239 240 241 242 243 244 245 246 247 248 249 250 251 252 253 254 255 256 257 258 259 260 261 262 263 264 265 266 267 268 269 270 271 272 273 274 275 276 277 278 
94 279 280 281 282 283 284 285 286 287 288 289 290 291 292 293 294 295 296 297 298 299 300 301 302 303 304 305 306 307 308 309 310 311 312 313 314 315 316 317 318 319 320 321 322 323 324 325 326 327 328 329 330 331 332 333 334 335 336 337 338 339 340 341 342 343 344 345 346 347 348 349 350 351 352 353 354 355 356 357 358 359 360 361 362 363 364 365 366 367 368 369 370 371 372 
94 373 374 375 376 377 378 379 380 381 382 383 384 385 386 387 388 389 390 391 392 393 394 395 396 397 398 399 400 401 402 403 404 405 406 407 408 409 410 411 412 413 414 415 416 417 418 419 420 421 422 423 424 425 426 427 428 429 430 431 432 433 434 435 436 437 438 439 440 441 442 443 444 445 446 447 448 449 450 451 452 453 454 455 456 457 458 459 460 461 462 463 464 465 466 
93 467 468 469 470 471 472 473 474 475 476 477 478 479 480 481 482 483 484 485 486 487 488 489 490 491 492 493 494 495 496 497 498 499 500 501 502 503 504 505 506 507 508 509 510 511 512 513 514 515 516 517 518 519 520 521 522 523 524 525 526 527 528 529 530 531 532 533 534 535 536 537 538 539 540 541 542 543 544 545 546 547 548 549 550 551 552 553 554 555 556 557 558 559 
94 560 561 562 563 564 565 566 567 568 569 570 571 572 573 574 575 576 577 578 579 580 581 582 583 584 585 586 587 588 589 590 591 592 593 594 595 596 597 598 599 600 601 602 603 604 605 606 607 608 609 610 611 612 613 614 615 616 617 618 619 620 621 622 623 624 625 626 627 628 629 630 631 632 633 634 635 636 637 638 639 640 641 642 643 644 645 646 647 648 649 650 651 652 653 
95 654 655 656 657 658 659 660 661 662 663 664 665 666 667 668 669 670 671 672 673 674 675 676 677 678 679 680 681 682 683 684 685 686 687 688 689 690 691 692 693 694 695 696 697 698 699 700 701 702 703 704 705 706 707 708 709 710 711 712 713 714 715 716 717 718 719 720 721 722 723 724 725 726 727 728 729 730 731 732 733 734 735 736 737 738 739 740 741 742 743 744 745 746 747 748 
93 749 750 751 752 753 754 755 756 757 758 759 760 761 762 763 764 765 766 767 768 769 770 771 772 773 774 775 776 777 778 779 780 781 782 783 784 785 786 787 788 789 790 791 792 793 794 795 796 797 798 799 800 801 802 803 804 805 806 807 808 809 810 811 812 813 814 815 816 817 818 819 820 821 822 823 824 825 826 827 828 829 830 831 832 833 834 835 836 837 838 839 840 841 
95 842 843 844 845 846 847 848 849 850 851 852 853 854 855 856 857 858 859 860 861 862 863 864 865 866 867 868 869 870 871 872 873 874 875 876 877 878 879 880 881 882 883 884 885 886 887 888 889 890 891 892 893 894 895 896 897 898 899 900 901 902 903 904 905 906 907 908 909 910 911 912 913 914 915 916 917 918 919 920 921 922 923 924 925 926 927 928 929 930 931 932 933 934 935 936 
95 937 938 939 940 941 942 943 944 945 946 947 948 949 950 951 952 953 954 955 956 957 958 959 960 961 962 963 964 965 966 967 968 969 970 971 972 973 974 975 976 977 978 979 980 981 982 983 984 985 986 987 988 989 990 991 992 993 994 995 996 997 998 999 1000 1001 1002 1003 1004 1005 1006 1007 1008 1009 1010 1011 1012 1013 1014 1015 1016 1017 1018 1019 1020 1021 1022 1023 1024 1025 1026 1027 1028 1029 1030 1031 
95 1032 1033 1034 1035 1036 1037 1038 1039 1040 1041 1042 1043 1044 1045 1046 1047 1048 1049 1050 1051 1052 1053 1054 1055 1056 1057 1058 1059 1060 1061 1062 1063 1064 1065 1066 1067 1068 1069 1070 1071 1072 1073 1074 1075 1076 1077 1078 1079 1080 1081 1082 1083 1084 1085 1086 1087 1088 1089 1090 1091 1092 1093 1094 1095 1096 1097 1098 1099 1100 1101 1102 1103 1104 1105 1106 1107 1108 1109 1110 1111 1112 1113 1114 1115 1116 1117 1118 1119 1120 1121 1122 1123 1124 1125 1126 
95 1127 1128 1129 1130 1131 1132 1133 1134 1135 1136 1137 1138 1139 1140 1141 1142 1143 1144 1145 1146 1147 1148 1149 1150 1151 1152 1153 1154 1155 1156 1157 1158 1159 1160 1161 1162 1163 1164 1165 1166 1167 1168 1169 1170 1171 1172 1173 1174 1175 1176 1177 1178 1179 1180 1181 1182 1183 1184 1185 1186 1187 1188 1189 1190 1191 1192 1193 1194 1195 1196 1197 1198 1199 1200 1201 1202 1203 1204 1205 1206 1207 1208 1209 1210 1211 1212 1213 1214 1215 1216 1217 1218 1219 1220 1221 
93 1222 1223 1224 1225 1226 1227 1228 1229 1230 1231 1232 1233 1234 1235 1236 1237 1238 1239 1240 1241 1242 1243 1244 1245 1246 1247 1248 1249 1250 1251 1252 1253 1254 1255 1256 1257 1258 1259 1260 1261 1262 1263 1264 1265 1266 1267 1268 1269 1270 1271 1272 1273 1274 1275 1276 1277 1278 1279 1280 1281 1282 1283 1284 1285 1286 1287 1288 1289 1290 1291 1292 1293 1294 1295 1296 1297 1298 1299 1300 1301 1302 1303 1304 1305 1306 1307 1308 1309 1310 1311 1312 1313 1314 
94 1315 1316 1317 1318 1319 1320 1321 1322 1323 1324 1325 1326 1327 1328 1329 1330 1331 1332 1333 1334 1335 1336 1337 1338 1339 1340 1341 1342 1343 1344 1345 1346 1347 1348 1349 1350 1351 1352 1353 1354 1355 1356 1357 1358 1359 1360 1361 1362 1363 1364 1365 1366 1367 1368 1369 1370 1371 1372 1373 1374 1375 1376 1377 1378 1379 1380 1381 1382 1383 1384 1385 1386 1387 1388 1389 1390 1391 1392 1393 1394 1395 1396 1397 1398 1399 1400 1401 1402 1403 1404 1405 1406 1407 1408 
94 1409 1410 1411 1412 1413 1414 1415 1416 1417 1418 1419 1420 1421 1422 1423 1424 1425 1426 1427 1428 1429 1430 1431 1432 1433 1434 1435 1436 1437 1438 1439 1440 1441 1442 1443 1444 1445 1446 1447 1448 1449 1450 1451 1452 1453 1454 1455 1456 1457 1458 1459 1460 1461 1462 1463 1464 1465 1466 1467 1468 1469 1470 1471 1472 1473 1474 1475 1476 1477 1478 1479 1480 1481 1482 1483 1484 1485 1486 1487 1488 1489 1490 1491 1492 1493 1494 1495 1496 1497 1498 1499 1500 1501 1502 
94 1503 1504 1505 1506 1507 1508 1509 1510 1511 1512 1513 1514 1515 1516 1517 1518 1519 1520 1521 1522 1523 1524 1525 1526 1527 1528 1529 1530 1531 1532 1533 1534 1535 1536 1537 1538 1539 1540 1541 1542 1543 1544 1545 1546 1547 1548 1549 1550 1551 1552 1553 1554 1555 1556 1557 1558 1559 1560 1561 1562 1563 1564 1565 1566 1567 1568 1569 1570 1571 1572 1573 1574 1575 1576 1577 1578 1579 1580 1581 1582 1583 1584 1585 1586 1587 1588 1589 1590 1591 1592 1593 1594 1595 1596 
94 1597 1598 1599 1600 1601 1602 1603 1604 1605 1606 1607 1608 1609 1610 1611 1612 1613 1614 1615 1616 1617 1618 1619 1620 1621 1622 1623 1624 1625 1626 1627 1628 1629 1630 1631 1632 1633 1634 1635 1636 1637 1638 1639 1640 1641 1642 1643 1644 1645 1646 1647 1648 1649 1650 1651 1652 1653 1654 1655 1656 1657 1658 1659 1660 1661 1662 1663 1664 1665 1666 1667 1668 1669 1670 1671 1672 1673 1674 1675 1676 1677 1678 1679 1680 1681 1682 1683 1684 1685 1686 1687 1688 1689 1690 
92 1691 1692 1693 1694 1695 1696 1697 1698 1699 1700 1701 1702 1703 1704 1705 1706 1707 1708 1709 1710 1711 1712 1713 1714 1715 1716 1717 1718 1719 1720 1721 1722 1723 1724 1725 1726 1727 1728 1729 1730 1731 1732 1733 1734 1735 1736 1737 1738 1739 1740 1741 1742 1743 1744 1745 1746 1747 1748 1749 1750 1751 1752 1753 1754 1755 1756 1757 1758 1759 1760 1761 1762 1763 1764 1765 1766 1767 1768 1769 1770 1771 1772 1773 1774 1775 1776 1777 1778 1779 1780 1781 1782 
93 1783 1784 1785 1786 1787 1788 1789 1790 1791 1792 1793 1794 1795 1796 1797 1798 1799 1800 1801 1802 1803 1804 1805 1806 1807 1808 1809 1810 1811 1812 1813 1814 1815 1816 1817 1818 1819 1820 1821 1822 1823 1824 1825 1826 1827 1828 1829 1830 1831 1832 1833 1834 1835 1836 1837 1838 1839 1840 1841 1842 1843 1844 1845 1846 1847 1848 1849 1850 1851 1852 1853 1854 1855 1856 1857 1858 1859 1860 1861 1862 1863 1864 1865 1866 1867 1868 1869 1870 1871 1872 1873 1874 1875 
92 1876 1877 1878 1879 1880 1881 1882 1883 1884 1885 1886 1887 1888 1889 1890 1891 1892 1893 1894 1895 1896 1897 1898 1899 1900 1901 1902 1903 1904 1905 1906 1907 1908 1909 1910 1911 1912 1913 1914 1915 1916 1917 1918 1919 1920 1921 1922 1923 1924 1925 1926 1927 1928 1929 1930 1931 1932 1933 1934 1935 1936 1937 1938 1939 1940 1941 1942 1943 1944 1945 1946 1947 1948 1949 1950 1951 1952 1953 1954 1955 1956 1957 1958 1959 1960 1961 1962 1963 1964 1965 1966 1967 
95 1968 1969 1970 1971 1972 1973 1974 1975 1976 1977 1978 1979 1980 1981 1982 1983 1984 1985 1986 1987 1988 1989 1990 1991 1992 1993 1994 1995 1996 1997 1998 1999 2000 2001 2002 2003 2004 2005 2006 2007 2008 2009 2010 2011 2012 2013 2014 2015 2016 2017 2018 2019 2020 2021 2022 2023 2024 2025 2026 2027 2028 2029 2030 2031 2032 2033 2034 2035 2036 2037 2038 2039 2040 2041 2042 2043 2044 2045 2046 2047 2048 2049 2050 2051 2052 2053 2054 2055 2056 2057 2058 2059 2060 2061 2062 
94 2063 2064 2065 2066 2067 2068 2069 2070 2071 2072 2073 2074 2075 2076 2077 2078 2079 2080 2081 2082 2083 2084 2085 2086 2087 2088 2089 2090 2091 2092 2093 2094 2095 2096 2097 2098 2099 2100 2101 2102 2103 2104 2105 2106 2107 2108 2109 2110 2111 2112 2113 2114 2115 2116 2117 2118 2119 2120 2121 2122 2123 2124 2125 2126 2127 2128 2129 2130 2131 2132 2133 2134 2135 2136 2137 2138 2139 2140 2141 2142 2143 2144 2145 2146 2147 2148 2149 2150 2151 2152 2153 2154 2155 2156 
95 2157 2158 2159 2160 2161 2162 2163 2164 2165 2166 2167 2168 2169 2170 2171 2172 2173 2174 2175 2176 2177 2178 2179 2180 2181 2182 2183 2184 2185 2186 2187 2188 2189 2190 2191 2192 2193 2194 2195 2196 2197 2198 2199 2200 2201 2202 2203 2204 2205 2206 2207 2208 2209 2210 2211 2212 2213 2214 2215 2216 2217 2218 2219 2220 2221 2222 2223 2224 2225 2226 2227 2228 2229 2230 2231 2232 2233 2234 2235 2236 2237 2238 2239 2240 2241 2242 2243 2244 2245 2246 2247 2248 2249 2250 2251 
93 2252 2253 2254 2255 2256 2257 2258 2259 2260 2261 2262 2263 2264 2265 2266 2267 2268 2269 2270 2271 2272 2273 2274 2275 2276 2277 2278 2279 2280 2281 2282 2283 2284 2285 2286 2287 2288 2289 2290 2291 2292 2293 2294 2295 2296 2297 2298 2299 2300 2301 2302 2303 2304 2305 2306 2307 2308 2309 2310 2311 2312 2313 2314 2315 2316 2317 2318 2319 2320 2321 2322 2323 2324 2325 2326 2327 2328 2329 2330 2331 2332 2333 2334 2335 2336 2337 2338 2339 2340 2341 2342 2343 2344 
93 2345 2346 2347 2348 2349 2350 2351 2352 2353 2354 2355 2356 2357 2358 2359 2360 2361 2362 2363 2364 2365 2366 2367 2368 2369 2370 2371 2372 2373 2374 2375 2376 2377 2378 2379 2380 2381 2382 2383 2384 2385 2386 2387 2388 2389 2390 2391 2392 2393 2394 2395 2396 2397 2398 2399 2400 2401 2402 2403 2404 2405 2406 2407 2408 2409 2410 2411 2412 2413 2414 2415 2416 2417 2418 2419 2420 2421 2422 2423 2424 2425 2426 2427 2428 2429 2430 2431 2432 2433 2434 2435 2436 2437 
94 2438 2439 2440 2441 2442 2443 2444 2445 2446 2447 2448 2449 2450 2451 2452 2453 2454 2455 2456 2457 2458 2459 2460 2461 2462 2463 2464 2465 2466 2467 2468 2469 2470 2471 2472 2473 2474 2475 2476 2477 2478 2479 2480 2481 2482 2483 2484 2485 2486 2487 2488 2489 2490 2491 2492 2493 2494 2495 2496 2497 2498 2499 2500 2501 2502 2503 2504 2505 2506 2507 2508 2509 2510 2511 2512 2513 2514 2515 2516 2517 2518 2519 2520 2521 2522 2523 2524 2525 2526 2527 2528 2529 2530 2531 
93 2532 2533 2534 2535 2536 2537 2538 2539 2540 2541 2542 2543 2544 2545 2546 2547 2548 2549 2550 2551 2552 2553 2554 2555 2556 2557 2558 2559 2560 2561 2562 2563 2564 2565 2566 2567 2568 2569 2570 2571 2572 2573 2574 2575 2576 2577 2578 2579 2580 2581 2582 2583 2584 2585 2586 2587 2588 2589 2590 2591 2592 2593 2594 2595 2596 2597 2598 2599 2600 2601 2602 2603 2604 2605 2606 2607 2608 2609 2610 2611 2612 2613 2614 2615 2616 2617 2618 2619 2620 2621 2622 2623 2624 
95 2625 2626 2627 2628 2629 2630 2631 2632 2633 2634 2635 2636 2637 2638 2639 2640 2641 2642 2643 2644 2645 2646 2647 2648 2649 2650 2651 2652 2653 2654 2655 2656 2657 2658 2659 2660 2661 2662 2663 2664 2665 2666 2667 2668 2669 2670 2671 2672 2673 2674 2675 2676 2677 2678 2679 2680 2681 2682 2683 2684 2685 2686 2687 2688 2689 2690 2691 2692 2693 2694 2695 2696 2697 2698 2699 2700 2701 2702 2703 2704 2705 2706 2707 2708 2709 2710 2711 2712 2713 2714 2715 2716 2717 2718 2719 
95 2720 2721 2722 2723 2724 2725 2726 2727 2728 2729 2730 2731 2732 2733 2734 2735 2736 2737 2738 2739 2740 2741 2742 2743 2744 2745 2746 2747 2748 2749 2750 2751 2752 2753 2754 2755 2756 2757 2758 2759 2760 2761 2762 2763 2764 2765 2766 2767 2768 2769 2770 2771 2772 2773 2774 2775 2776 2777 2778 2779 2780 2781 2782 2783 2784 2785 2786 2787 2788 2789 2790 2791 2792 2793 2794 2795 2796 2797 2798 2799 2800 2801 2802 2803 2804 2805 2806 2807 2808 2809 2810 2811 2812 2813 2814 
92 2815 2816 2817 2818 2819 2820 2821 2822 2823 2824 2825 2826 2827 2828 2829 2830 2831 2832 2833 2834 2835 2836 2837 2838 2839 2840 2841 2842 2843 2844 2845 2846 2847 2848 2849 2850 2851 2852 2853 2854 2855 2856 2857 2858 2859 2860 2861 2862 2863 2864 2865 2866 2867 2868 2869 2870 2871 2872 2873 2874 2875 2876 2877 2878 2879 2880 2881 2882 2883 2884 2885 2886 2887 2888 2889 2890 2891 2892 2893 2894 2895 2896 2897 2898 2899 2900 2901 2902 2903 2904 2905 2906 
93 2907 2908 2909 2910 2911 2912 2913 2914 2915 2916 2917 2918 2919 2920 2921 2922 2923 2924 2925 2926 2927 2928 2929 2930 2931 2932 2933 2934 2935 2936 2937 2938 2939 2940 2941 2942 2943 2944 2945 2946 2947 2948 2949 2950 2951 2952 2953 2954 2955 2956 2957 2958 2959 2960 2961 2962 2963 2964 2965 2966 2967 2968 2969 2970 2971 2972 2973 2974 2975 2976 2977 2978 2979 2980 2981 2982 2983 2984 2985 2986 2987 2988 2989 2990 2991 2992 2993 2994 2995 2996 2997 2998 2999 
92 3000 3001 3002 3003 3004 3005 3006 3007 3008 3009 3010 3011 3012 3013 3014 3015 3016 3017 3018 3019 3020 3021 3022 3023 3024 3025 3026 3027 3028 3029 3030 3031 3032 3033 3034 3035 3036 3037 3038 3039 3040 3041 3042 3043 3044 3045 3046 3047 3048 3049 3050 3051 3052 3053 3054 3055 3056 3057 3058 3059 3060 3061 3062 3063 3064 3065 3066 3067 3068 3069 3070 3071 3072 3073 3074 3075 3076 3077 3078 3079 3080 3081 3082 3083 3084 3085 3086 3087 3088 3089 3090 3091 
93 3092 3093 3094 3095 3096 3097 3098 3099 3100 3101 3102 3103 3104 3105 3106 3107 3108 3109 3110 3111 3112 3113 3114 3115 3116 3117 3118 3119 3120 3121 3122 3123 3124 3125 3126 3127 3128 3129 3130 3131 3132 3133 3134 3135 3136 3137 3138 3139 3140 3141 3142 3143 3144 3145 3146 3147 3148 3149 3150 3151 3152 3153 3154 3155 3156 3157 3158 3159 3160 3161 3162 3163 3164 3165 3166 3167 3168 3169 3170 3171 3172 3173 3174 3175 3176 3177 3178 3179 3180 3181 3182 3183 3184 
93 3185 3186 3187 3188 3189 3190 3191 3192 3193 3194 3195 3196 3197 3198 3199 3200 3201 3202 3203 3204 3205 3206 3207 3208 3209 3210 3211 3212 3213 3214 3215 3216 3217 3218 3219 3220 3221 3222 3223 3224 3225 3226 3227 3228 3229 3230 3231 3232 3233 3234 3235 3236 3237 3238 3239 3240 3241 3242 3243 3244 3245 3246 3247 3248 3249 3250 3251 3252 3253 3254 3255 3256 3257 3258 3259 3260 3261 3262 3263 3264 3265 3266 3267 3268 3269 3270 3271 3272 3273 3274 3275 3276 3277 
92 3278 3279 3280 3281 3282 3283 3284 3285 3286 3287 3288 3289 3290 3291 3292 3293 3294 3295 3296 3297 3298 3299 3300 3301 3302 3303 3304 3305 3306 3307 3308 3309 3310 3311 3312 3313 3314 3315 3316 3317 3318 3319 3320 3321 3322 3323 3324 3325 3326 3327 3328 3329 3330 3331 3332 3333 3334 3335 3336 3337 3338 3339 3340 3341 3342 3343 3344 3345 3346 3347 3348 3349 3350 3351 3352 3353 3354 3355 3356 3357 3358 3359 3360 3361 3362 3363 3364 3365 3366 3367 3368 3369 
94 3370 3371 3372 3373 3374 3375 3376 3377 3378 3379 3380 3381 3382 3383 3384 3385 3386 3387 3388 3389 3390 3391 3392 3393 3394 3395 3396 3397 3398 3399 3400 3401 3402 3403 3404 3405 3406 3407 3408 3409 3410 3411 3412 3413 3414 3415 3416 3417 3418 3419 3420 3421 3422 3423 3424 3425 3426 3427 3428 3429 3430 3431 3432 3433 3434 3435 3436 3437 3438 3439 3440 3441 3442 3443 3444 3445 3446 3447 3448 3449 3450 3451 3452 3453 3454 3455 3456 3457 3458 3459 3460 3461 3462 3463 
94 3464 3465 3466 3467 3468 3469 3470 3471 3472 3473 3474 3475 3476 3477 3478 3479 3480 3481 3482 3483 3484 3485 3486 3487 3488 3489 3490 3491 3492 3493 3494 3495 3496 3497 3498 3499 3500 3501 3502 3503 3504 3505 3506 3507 3508 3509 3510 3511 3512 3513 3514 3515 3516 3517 3518 3519 3520 3521 3522 3523 3524 3525 3526 3527 3528 3529 3530 3531 3532 3533 3534 3535 3536 3537 3538 3539 3540 3541 3542 3543 3544 3545 3546 3547 3548 3549 3550 3551 3552 3553 3554 3555 3556 3557 
95 3558 3559 3560 3561 3562 3563 3564 3565 3566 3567 3568 3569 3570 3571 3572 3573 3574 3575 3576 3577 3578 3579 3580 3581 3582 3583 3584 3585 3586 3587 3588 3589 3590 3591 3592 3593 3594 3595 3596 3597 3598 3599 3600 3601 3602 3603 3604 3605 3606 3607 3608 3609 3610 3611 3612 3613 3614 3615 3616 3617 3618 3619 3620 3621 3622 3623 3624 3625 3626 3627 3628 3629 3630 3631 3632 3633 3634 3635 3636 3637 3638 3639 3640 3641 3642 3643 3644 3645 3646 3647 3648 3649 3650 3651 3652 
93 3653 3654 3655 3656 3657 3658 3659 3660 3661 3662 3663 3664 3665 3666 3667 3668 3669 3670 3671 3672 3673 3674 3675 3676 3677 3678 3679 3680 3681 3682 3683 3684 3685 3686 3687 3688 3689 3690 3691 3692 3693 3694 3695 3696 3697 3698 3699 3700 3701 3702 3703 3704 3705 3706 3707 3708 3709 3710 3711 3712 3713 3714 3715 3716 3717 3718 3719 3720 3721 3722 3723 3724 3725 3726 3727 3728 3729 3730 3731 3732 3733 3734 3735 3736 3737 3738 3739 3740 3741 3742 3743 3744 3745 
94 3746 3747 3748 3749 3750 3751 3752 3753 3754 3755 3756 3757 3758 3759 3760 3761 3762 3763 3764 3765 3766 3767 3768 3769 3770 3771 3772 3773 3774 3775 3776 3777 3778 3779 3780 3781 3782 3783 3784 3785 3786 3787 3788 3789 3790 3791 3792 3793 3794 3795 3796 3797 3798 3799 3800 3801 3802 3803 3804 3805 3806 3807 3808 3809 3810 3811 3812 3813 3814 3815 3816 3817 3818 3819 3820 3821 3822 3823 3824 3825 3826 3827 3828 3829 3830 3831 3832 3833 3834 3835 3836 3837 3838 3839 
95 3840 3841 3842 3843 3844 3845 3846 3847 3848 3849 3850 3851 3852 3853 3854 3855 3856 3857 3858 3859 3860 3861 3862 3863 3864 3865 3866 3867 3868 3869 3870 3871 3872 3873 3874 3875 3876 3877 3878 3879 3880 3881 3882 3883 3884 3885 3886 3887 3888 3889 3890 3891 3892 3893 3894 3895 3896 3897 3898 3899 3900 3901 3902 3903 3904 3905 3906 3907 3908 3909 3910 3911 3912 3913 3914 3915 3916 3917 3918 3919 3920 3921 3922 3923 3924 3925 3926 3927 3928 3929 3930 3931 3932 3933 3934 
94 3935 3936 3937 3938 3939 3940 3941 3942 3943 3944 3945 3946 3947 3948 3949 3950 3951 3952 3953 3954 3955 3956 3957 3958 3959 3960 3961 3962 3963 3964 3965 3966 3967 3968 3969 3970 3971 3972 3973 3974 3975 3976 3977 3978 3979 3980 3981 3982 3983 3984 3985 3986 3987 3988 3989 3990 3991 3992 3993 3994 3995 3996 3997 3998 3999 4000 4001 4002 4003 4004 4005 4006 4007 4008 4009 4010 4011 4012 4013 4014 4015 4016 4017 4018 4019 4020 4021 4022 4023 4024 4025 4026 4027 4028 
94 4029 4030 4031 4032 4033 4034 4035 4036 4037 4038 4039 4040 4041 4042 4043 4044 4045 4046 4047 4048 4049 4050 4051 4052 4053 4054 4055 4056 4057 4058 4059 4060 4061 4062 4063 4064 4065 4066 4067 4068 4069 4070 4071 4072 4073 4074 4075 4076 4077 4078 4079 4080 4081 4082 4083 4084 4085 4086 4087 4088 4089 4090 4091 4092 4093 4094 4095 4096 4097 4098 4099 4100 4101 4102 4103 4104 4105 4106 4107 4108 4109 4110 4111 4112 4113 4114 4115 4116 4117 4118 4119 4120 4121 4122 
93 4123 4124 4125 4126 4127 4128 4129 4130 4131 4132 4133 4134 4135 4136 4137 4138 4139 4140 4141 4142 4143 4144 4145 4146 4147 4148 4149 4150 4151 4152 4153 4154 4155 4156 4157 4158 4159 4160 4161 4162 4163 4164 4165 4166 4167 4168 4169 4170 4171 4172 4173 4174 4175 4176 4177 4178 4179 4180 4181 4182 4183 4184 4185 4186 4187 4188 4189 4190 4191 4192 4193 4194 4195 4196 4197 4198 4199 4200 4201 4202 4203 4204 4205 4206 4207 4208 4209 4210 4211 4212 4213 4214 4215 
95 4216 4217 4218 4219 4220 4221 4222 4223 4224 4225 4226 4227 4228 4229 4230 4231 4232 4233 4234 4235 4236 4237 4238 4239 4240 4241 4242 4243 4244 4245 4246 4247 4248 4249 4250 4251 4252 4253 4254 4255 4256 4257 4258 4259 4260 4261 4262 4263 4264 4265 4266 4267 4268 4269 4270 4271 4272 4273 4274 4275 4276 4277 4278 4279 4280 4281 4282 4283 4284 4285 4286 4287 4288 4289 4290 4291 4292 4293 4294 4295 4296 4297 4298 4299 4300 4301 4302 4303 4304 4305 4306 4307 4308 4309 4310 
95 4311 4312 4313 4314 4315 4316 4317 4318 4319 4320 4321 4322 4323 4324 4325 4326 4327 4328 4329 4330 4331 4332 4333 4334 4335 4336 4337 4338 4339 4340 4341 4342 4343 4344 4345 4346 4347 4348 4349 4350 4351 4352 4353 4354 4355 4356 4357 4358 4359 4360 4361 4362 4363 4364 4365 4366 4367 4368 4369 4370 4371 4372 4373 4374 4375 4376 4377 4378 4379 4380 4381 4382 4383 4384 4385 4386 4387 4388 4389 4390 4391 4392 4393 4394 4395 4396 4397 4398 4399 4400 4401 4402 4403 4404 4405 
94 4406 4407 4408 4409 4410 4411 4412 4413 4414 4415 4416 4417 4418 4419 4420 4421 4422 4423 4424 4425 4426 4427 4428 4429 4430 4431 4432 4433 4434 4435 4436 4437 4438 4439 4440 4441 4442 4443 4444 4445 4446 4447 4448 4449 4450 4451 4452 4453 4454 4455 4456 4457 4458 4459 4460 4461 4462 4463 4464 4465 4466 4467 4468 4469 4470 4471 4472 4473 4474 4475 4476 4477 4478 4479 4480 4481 4482 4483 4484 4485 4486 4487 4488 4489 4490 4491 4492 4493 4494 4495 4496 4497 4498 4499 
93 4500 4501 4502 4503 4504 4505 4506 4507 4508 4509 4510 4511 4512 4513 4514 4515 4516 4517 4518 4519 4520 4521 4522 4523 4524 4525 4526 4527 4528 4529 4530 4531 4532 4533 4534 4535 4536 4537 4538 4539 4540 4541 4542 4543 4544 4545 4546 4547 4548 4549 4550 4551 4552 4553 4554 4555 4556 4557 4558 4559 4560 4561 4562 4563 4564 4565 4566 4567 4568 4569 4570 4571 4572 4573 4574 4575 4576 4577 4578 4579 4580 4581 4582 4583 4584 4585 4586 4587 4588 4589 4590 4591 4592 
94 4593 4594 4595 4596 4597 4598 4599 4600 4601 4602 4603 4604 4605 4606 4607 4608 4609 4610 4611 4612 4613 4614 4615 4616 4617 4618 4619 4620 4621 4622 4623 4624 4625 4626 4627 4628 4629 4630 4631 4632 4633 4634 4635 4636 4637 4638 4639 4640 4641 4642 4643 4644 4645 4646 4647 4648 4649 4650 4651 4652 4653 4654 4655 4656 4657 4658 4659 4660 4661 4662 4663 4664 4665 4666 4667 4668 4669 4670 4671 4672 4673 4674 4675 4676 4677 4678 4679 4680 4681 4682 4683 4684 4685 4686 
94 4687 4688 4689 4690 4691 4692 4693 4694 4695 4696 4697 4698 4699 4700 4701 4702 4703 4704 4705 4706 4707 4708 4709 4710 4711 4712 4713 4714 4715 4716 4717 4718 4719 4720 4721 4722 4723 4724 4725 4726 4727 4728 4729 4730 4731 4732 4733 4734 4735 4736 4737 4738 4739 4740 4741 4742 4743 4744 4745 4746 4747 4748 4749 4750 4751 4752 4753 4754 4755 4756 4757 4758 4759 4760 4761 4762 4763 4764 4765 4766 4767 4768 4769 4770 4771 4772 4773 4774 4775 4776 4777 4778 4779 4780 
94 4781 4782 4783 4784 4785 4786 4787 4788 4789 4790 4791 4792 4793 4794 4795 4796 4797 4798 4799 4800 4801 4802 4803 4804 4805 4806 4807 4808 4809 4810 4811 4812 4813 4814 4815 4816 4817 4818 4819 4820 4821 4822 4823 4824 4825 4826 4827 4828 4829 4830 4831 4832 4833 4834 4835 4836 4837 4838 4839 4840 4841 4842 4843 4844 4845 4846 4847 4848 4849 4850 4851 4852 4853 4854 4855 4856 4857 4858 4859 4860 4861 4862 4863 4864 4865 4866 4867 4868 4869 4870 4871 4872 4873 4874 
95 4875 4876 4877 4878 4879 4880 4881 4882 4883 4884 4885 4886 4887 4888 4889 4890 4891 4892 4893 4894 4895 4896 4897 4898 4899 4900 4901 4902 4903 4904 4905 4906 4907 4908 4909 4910 4911 4912 4913 4914 4915 4916 4917 4918 4919 4920 4921 4922 4923 4924 4925 4926 4927 4928 4929 4930 4931 4932 4933 4934 4935 4936 4937 4938 4939 4940 4941 4942 4943 4944 4945 4946 4947 4948 4949 4950 4951 4952 4953 4954 4955 4956 4957 4958 4959 4960 4961 4962 4963 4964 4965 4966 4967 4968 4969 
92 4970 4971 4972 4973 4974 4975 4976 4977 4978 4979 4980 4981 4982 4983 4984 4985 4986 4987 4988 4989 4990 4991 4992 4993 4994 4995 4996 4997 4998 4999 5000 5001 5002 5003 5004 5005 5006 5007 5008 5009 5010 5011 5012 5013 5014 5015 5016 5017 5018 5019 5020 5021 5022 5023 5024 5025 5026 5027 5028 5029 5030 5031 5032 5033 5034 5035 5036 5037 5038 5039 5040 5041 5042 5043 5044 5045 5046 5047 5048 5049 5050 5051 5052 5053 5054 5055 5056 5057 5058 5059 5060 5061 
94 5062 5063 5064 5065 5066 5067 5068 5069 5070 5071 5072 5073 5074 5075 5076 5077 5078 5079 5080 5081 5082 5083 5084 5085 5086 5087 5088 5089 5090 5091 5092 5093 5094 5095 5096 5097 5098 5099 5100 5101 5102 5103 5104 5105 5106 5107 5108 5109 5110 5111 5112 5113 5114 5115 5116 5117 5118 5119 5120 5121 5122 5123 5124 5125 5126 5127 5128 5129 5130 5131 5132 5133 5134 5135 5136 5137 5138 5139 5140 5141 5142 5143 5144 5145 5146 5147 5148 5149 5150 5151 5152 5153 5154 5155 
94 5156 5157 5158 5159 5160 5161 5162 5163 5164 5165 5166 5167 5168 5169 5170 5171 5172 5173 5174 5175 5176 5177 5178 5179 5180 5181 5182 5183 5184 5185 5186 5187 5188 5189 5190 5191 5192 5193 5194 5195 5196 5197 5198 5199 5200 5201 5202 5203 5204 5205 5206 5207 5208 5209 5210 5211 5212 5213 5214 5215 5216 5217 5218 5219 5220 5221 5222 5223 5224 5225 5226 5227 5228 5229 5230 5231 5232 5233 5234 5235 5236 5237 5238 5239 5240 5241 5242 5243 5244 5245 5246 5247 5248 5249 
95 5250 5251 5252 5253 5254 5255 5256 5257 5258 5259 5260 5261 5262 5263 5264 5265 5266 5267 5268 5269 5270 5271 5272 5273 5274 5275 5276 5277 5278 5279 5280 5281 5282 5283 5284 5285 5286 5287 5288 5289 5290 5291 5292 5293 5294 5295 5296 5297 5298 5299 5300 5301 5302 5303 5304 5305 5306 5307 5308 5309 5310 5311 5312 5313 5314 5315 5316 5317 5318 5319 5320 5321 5322 5323 5324 5325 5326 5327 5328 5329 5330 5331 5332 5333 5334 5335 5336 5337 5338 5339 5340 5341 5342 5343 5344 
95 5345 5346 5347 5348 5349 5350 5351 5352 5353 5354 5355 5356 5357 5358 5359 5360 5361 5362 5363 5364 5365 5366 5367 5368 5369 5370 5371 5372 5373 5374 5375 5376 5377 5378 5379 5380 5381 5382 5383 5384 5385 5386 5387 5388 5389 5390 5391 5392 5393 5394 5395 5396 5397 5398 5399 5400 5401 5402 5403 5404 5405 5406 5407 5408 5409 5410 5411 5412 5413 5414 5415 5416 5417 5418 5419 5420 5421 5422 5423 5424 5425 5426 5427 5428 5429 5430 5431 5432 5433 5434 5435 5436 5437 5438 5439 
93 5440 5441 5442 5443 5444 5445 5446 5447 5448 5449 5450 5451 5452 5453 5454 5455 5456 5457 5458 5459 5460 5461 5462 5463 5464 5465 5466 5467 5468 5469 5470 5471 5472 5473 5474 5475 5476 5477 5478 5479 5480 5481 5482 5483 5484 5485 5486 5487 5488 5489 5490 5491 5492 5493 5494 5495 5496 5497 5498 5499 5500 5501 5502 5503 5504 5505 5506 5507 5508 5509 5510 5511 5512 5513 5514 5515 5516 5517 5518 5519 5520 5521 5522 5523 5524 5525 5526 5527 5528 5529 5530 5531 5532 
94 5533 5534 5535 5536 5537 5538 5539 5540 5541 5542 5543 5544 5545 5546 5547 5548 5549 5550 5551 5552 5553 5554 5555 5556 5557 5558 5559 5560 5561 5562 5563 5564 5565 5566 5567 5568 5569 5570 5571 5572 5573 5574 5575 5576 5577 5578 5579 5580 5581 5582 5583 5584 5585 5586 5587 5588 5589 5590 5591 5592 5593 5594 5595 5596 5597 5598 5599 5600 5601 5602 5603 5604 5605 5606 5607 5608 5609 5610 5611 5612 5613 5614 5615 5616 5617 5618 5619 5620 5621 5622 5623 5624 5625 5626 
95 5627 5628 5629 5630 5631 5632 5633 5634 5635 5636 5637 5638 5639 5640 5641 5642 5643 5644 5645 5646 5647 5648 5649 5650 5651 5652 5653 5654 5655 5656 5657 5658 5659 5660 5661 5662 5663 5664 5665 5666 5667 5668 5669 5670 5671 5672 5673 5674 5675 5676 5677 5678 5679 5680 5681 5682 5683 5684 5685 5686 5687 5688 5689 5690 5691 5692 5693 5694 5695 5696 5697 5698 5699 5700 5701 5702 5703 5704 5705 5706 5707 5708 5709 5710 5711 5712 5713 5714 5715 5716 5717 5718 5719 5720 5721 
95 5722 5723 5724 5725 5726 5727 5728 5729 5730 5731 5732 5733 5734 5735 5736 5737 5738 5739 5740 5741 5742 5743 5744 5745 5746 5747 5748 5749 5750 5751 5752 5753 5754 5755 5756 5757 5758 5759 5760 5761 5762 5763 5764 5765 5766 5767 5768 5769 5770 5771 5772 5773 5774 5775 5776 5777 5778 5779 5780 5781 5782 5783 5784 5785 5786 5787 5788 5789 5790 5791 5792 5793 5794 5795 5796 5797 5798 5799 5800 5801 5802 5803 5804 5805 5806 5807 5808 5809 5810 5811 5812 5813 5814 5815 5816 
94 5817 5818 5819 5820 5821 5822 5823 5824 5825 5826 5827 5828 5829 5830 5831 5832 5833 5834 5835 5836 5837 5838 5839 5840 5841 5842 5843 5844 5845 5846 5847 5848 5849 5850 5851 5852 5853 5854 5855 5856 5857 5858 5859 5860 5861 5862 5863 5864 5865 5866 5867 5868 5869 5870 5871 5872 5873 5874 5875 5876 5877 5878 5879 5880 5881 5882 5883 5884 5885 5886 5887 5888 5889 5890 5891 5892 5893 5894 5895 5896 5897 5898 5899 5900 5901 5902 5903 5904 5905 5906 5907 5908 5909 5910 
95 5911 5912 5913 5914 5915 5916 5917 5918 5919 5920 5921 5922 5923 5924 5925 5926 5927 5928 5929 5930 5931 5932 5933 5934 5935 5936 5937 5938 5939 5940 5941 5942 5943 5944 5945 5946 5947 5948 5949 5950 5951 5952 5953 5954 5955 5956 5957 5958 5959 5960 5961 5962 5963 5964 5965 5966 5967 5968 5969 5970 5971 5972 5973 5974 5975 5976 5977 5978 5979 5980 5981 5982 5983 5984 5985 5986 5987 5988 5989 5990 5991 5992 5993 5994 5995 5996 5997 5998 5999 6000 6001 6002 6003 6004 6005 
93 6006 6007 6008 6009 6010 6011 6012 6013 6014 6015 6016 6017 6018 6019 6020 6021 6022 6023 6024 6025 6026 6027 6028 6029 6030 6031 6032 6033 6034 6035 6036 6037 6038 6039 6040 6041 6042 6043 6044 6045 6046 6047 6048 6049 6050 6051 6052 6053 6054 6055 6056 6057 6058 6059 6060 6061 6062 6063 6064 6065 6066 6067 6068 6069 6070 6071 6072 6073 6074 6075 6076 6077 6078 6079 6080 6081 6082 6083 6084 6085 6086 6087 6088 6089 6090 6091 6092 6093 6094 6095 6096 6097 6098 
93 6099 6100 6101 6102 6103 6104 6105 6106 6107 6108 6109 6110 6111 6112 6113 6114 6115 6116 6117 6118 6119 6120 6121 6122 6123 6124 6125 6126 6127 6128 6129 6130 6131 6132 6133 6134 6135 6136 6137 6138 6139 6140 6141 6142 6143 6144 6145 6146 6147 6148 6149 6150 6151 6152 6153 6154 6155 6156 6157 6158 6159 6160 6161 6162 6163 6164 6165 6166 6167 6168 6169 6170 6171 6172 6173 6174 6175 6176 6177 6178 6179 6180 6181 6182 6183 6184 6185 6186 6187 6188 6189 6190 6191 
93 6192 6193 6194 6195 6196 6197 6198 6199 6200 6201 6202 6203 6204 6205 6206 6207 6208 6209 6210 6211 6212 6213 6214 6215 6216 6217 6218 6219 6220 6221 6222 6223 6224 6225 6226 6227 6228 6229 6230 6231 6232 6233 6234 6235 6236 6237 6238 6239 6240 6241 6242 6243 6244 6245 6246 6247 6248 6249 6250 6251 6252 6253 6254 6255 6256 6257 6258 6259 6260 6261 6262 6263 6264 6265 6266 6267 6268 6269 6270 6271 6272 6273 6274 6275 6276 6277 6278 6279 6280 6281 6282 6283 6284 
94 6285 6286 6287 6288 6289 6290 6291 6292 6293 6294 6295 6296 6297 6298 6299 6300 6301 6302 6303 6304 6305 6306 6307 6308 6309 6310 6311 6312 6313 6314 6315 6316 6317 6318 6319 6320 6321 6322 6323 6324 6325 6326 6327 6328 6329 6330 6331 6332 6333 6334 6335 6336 6337 6338 6339 6340 6341 6342 6343 6344 6345 6346 6347 6348 6349 6350 6351 6352 6353 6354 6355 6356 6357 6358 6359 6360 6361 6362 6363 6364 6365 6366 6367 6368 6369 6370 6371 6372 6373 6374 6375 6376 6377 6378 
89 6379 6380 6381 6382 6383 6384 6385 6386 6387 6388 6389 6390 6391 6392 6393 6394 6395 6396 6397 6398 6399 6400 6401 6402 6403 6404 6405 6406 6407 6408 6409 6410 6411 6412 6413 6414 6415 6416 6417 6418 6419 6420 6421 6422 6423 6424 6425 6426 6427 6428 6429 6430 6431 6432 6433 6434 6435 6436 6437 6438 6439 6440 6441 6442 6443 6444 6445 6446 6447 6448 6449 6450 6451 6452 6453 6454 6455 6456 6457 6458 6459 6460 6461 6462 6463 6464 6465 6466 6467 
93 6468 6469 6470 6471 6472 6473 6474 6475 6476 6477 6478 6479 6480 6481 6482 6483 6484 6485 6486 6487 6488 6489 6490 6491 6492 6493 6494 6495 6496 6497 6498 6499 6500 6501 6502 6503 6504 6505 6506 6507 6508 6509 6510 6511 6512 6513 6514 6515 6516 6517 6518 6519 6520 6521 6522 6523 6524 6525 6526 6527 6528 6529 6530 6531 6532 6533 6534 6535 6536 6537 6538 6539 6540 6541 6542 6543 6544 6545 6546 6547 6548 6549 6550 6551 6552 6553 6554 6555 6556 6557 6558 6559 6560 
93 6561 6562 6563 6564 6565 6566 6567 6568 6569 6570 6571 6572 6573 6574 6575 6576 6577 6578 6579 6580 6581 6582 6583 6584 6585 6586 6587 6588 6589 6590 6591 6592 6593 6594 6595 6596 6597 6598 6599 6600 6601 6602 6603 6604 6605 6606 6607 6608 6609 6610 6611 6612 6613 6614 6615 6616 6617 6618 6619 6620 6621 6622 6623 6624 6625 6626 6627 6628 6629 6630 6631 6632 6633 6634 6635 6636 6637 6638 6639 6640 6641 6642 6643 6644 6645 6646 6647 6648 6649 6650 6651 6652 6653 
94 6654 6655 6656 6657 6658 6659 6660 6661 6662 6663 6664 6665 6666 6667 6668 6669 6670 6671 6672 6673 6674 6675 6676 6677 6678 6679 6680 6681 6682 6683 6684 6685 6686 6687 6688 6689 6690 6691 6692 6693 6694 6695 6696 6697 6698 6699 6700 6701 6702 6703 6704 6705 6706 6707 6708 6709 6710 6711 6712 6713 6714 6715 6716 6717 6718 6719 6720 6721 6722 6723 6724 6725 6726 6727 6728 6729 6730 6731 6732 6733 6734 6735 6736 6737 6738 6739 6740 6741 6742 6743 6744 6745 6746 6747 
93 6748 6749 6750 6751 6752 6753 6754 6755 6756 6757 6758 6759 6760 6761 6762 6763 6764 6765 6766 6767 6768 6769 6770 6771 6772 6773 6774 6775 6776 6777 6778 6779 6780 6781 6782 6783 6784 6785 6786 6787 6788 6789 6790 6791 6792 6793 6794 6795 6796 6797 6798 6799 6800 6801 6802 6803 6804 6805 6806 6807 6808 6809 6810 6811 6812 6813 6814 6815 6816 6817 6818 6819 6820 6821 6822 6823 6824 6825 6826 6827 6828 6829 6830 6831 6832 6833 6834 6835 6836 6837 6838 6839 6840 
93 6841 6842 6843 6844 6845 6846 6847 6848 6849 6850 6851 6852 6853 6854 6855 6856 6857 6858 6859 6860 6861 6862 6863 6864 6865 6866 6867 6868 6869 6870 6871 6872 6873 6874 6875 6876 6877 6878 6879 6880 6881 6882 6883 6884 6885 6886 6887 6888 6889 6890 6891 6892 6893 6894 6895 6896 6897 6898 6899 6900 6901 6902 6903 6904 6905 6906 6907 6908 6909 6910 6911 6912 6913 6914 6915 6916 6917 6918 6919 6920 6921 6922 6923 6924 6925 6926 6927 6928 6929 6930 6931 6932 6933 
95 6934 6935 6936 6937 6938 6939 6940 6941 6942 6943 6944 6945 6946 6947 6948 6949 6950 6951 6952 6953 6954 6955 6956 6957 6958 6959 6960 6961 6962 6963 6964 6965 6966 6967 6968 6969 6970 6971 6972 6973 6974 6975 6976 6977 6978 6979 6980 6981 6982 6983 6984 6985 6986 6987 6988 6989 6990 6991 6992 6993 6994 6995 6996 6997 6998 6999 7000 7001 7002 7003 7004 7005 7006 7007 7008 7009 7010 7011 7012 7013 7014 7015 7016 7017 7018 7019 7020 7021 7022 7023 7024 7025 7026 7027 7028 
95 7029 7030 7031 7032 7033 7034 7035 7036 7037 7038 7039 7040 7041 7042 7043 7044 7045 7046 7047 7048 7049 7050 7051 7052 7053 7054 7055 7056 7057 7058 7059 7060 7061 7062 7063 7064 7065 7066 7067 7068 7069 7070 7071 7072 7073 7074 7075 7076 7077 7078 7079 7080 7081 7082 7083 7084 7085 7086 7087 7088 7089 7090 7091 7092 7093 7094 7095 7096 7097 7098 7099 7100 7101 7102 7103 7104 7105 7106 7107 7108 7109 7110 7111 7112 7113 7114 7115 7116 7117 7118 7119 7120 7121 7122 7123 
93 7124 7125 7126 7127 7128 7129 7130 7131 7132 7133 7134 7135 7136 7137 7138 7139 7140 7141 7142 7143 7144 7145 7146 7147 7148 7149 7150 7151 7152 7153 7154 7155 7156 7157 7158 7159 7160 7161 7162 7163 7164 7165 7166 7167 7168 7169 7170 7171 7172 7173 7174 7175 7176 7177 7178 7179 7180 7181 7182 7183 7184 7185 7186 7187 7188 7189 7190 7191 7192 7193 7194 7195 7196 7197 7198 7199 7200 7201 7202 7203 7204 7205 7206 7207 7208 7209 7210 7211 7212 7213 7214 7215 7216 
92 7217 7218 7219 7220 7221 7222 7223 7224 7225 7226 7227 7228 7229 7230 7231 7232 7233 7234 7235 7236 7237 7238 7239 7240 7241 7242 7243 7244 7245 7246 7247 7248 7249 7250 7251 7252 7253 7254 7255 7256 7257 7258 7259 7260 7261 7262 7263 7264 7265 7266 7267 7268 7269 7270 7271 7272 7273 7274 7275 7276 7277 7278 7279 7280 7281 7282 7283 7284 7285 7286 7287 7288 7289 7290 7291 7292 7293 7294 7295 7296 7297 7298 7299 7300 7301 7302 7303 7304 7305 7306 7307 7308 
94 7309 7310 7311 7312 7313 7314 7315 7316 7317 7318 7319 7320 7321 7322 7323 7324 7325 7326 7327 7328 7329 7330 7331 7332 7333 7334 7335 7336 7337 7338 7339 7340 7341 7342 7343 7344 7345 7346 7347 7348 7349 7350 7351 7352 7353 7354 7355 7356 7357 7358 7359 7360 7361 7362 7363 7364 7365 7366 7367 7368 7369 7370 7371 7372 7373 7374 7375 7376 7377 7378 7379 7380 7381 7382 7383 7384 7385 7386 7387 7388 7389 7390 7391 7392 7393 7394 7395 7396 7397 7398 7399 7400 7401 7402 
94 7403 7404 7405 7406 7407 7408 7409 7410 7411 7412 7413 7414 7415 7416 7417 7418 7419 7420 7421 7422 7423 7424 7425 7426 7427 7428 7429 7430 7431 7432 7433 7434 7435 7436 7437 7438 7439 7440 7441 7442 7443 7444 7445 7446 7447 7448 7449 7450 7451 7452 7453 7454 7455 7456 7457 7458 7459 7460 7461 7462 7463 7464 7465 7466 7467 7468 7469 7470 7471 7472 7473 7474 7475 7476 7477 7478 7479 7480 7481 7482 7483 7484 7485 7486 7487 7488 7489 7490 7491 7492 7493 7494 7495 7496 
92 7497 7498 7499 7500 7501 7502 7503 7504 7505 7506 7507 7508 7509 7510 7511 7512 7513 7514 7515 7516 7517 7518 7519 7520 7521 7522 7523 7524 7525 7526 7527 7528 7529 7530 7531 7532 7533 7534 7535 7536 7537 7538 7539 7540 7541 7542 7543 7544 7545 7546 7547 7548 7549 7550 7551 7552 7553 7554 7555 7556 7557 7558 7559 7560 7561 7562 7563 7564 7565 7566 7567 7568 7569 7570 7571 7572 7573 7574 7575 7576 7577 7578 7579 7580 7581 7582 7583 7584 7585 7586 7587 7588 
94 7589 7590 7591 7592 7593 7594 7595 7596 7597 7598 7599 7600 7601 7602 7603 7604 7605 7606 7607 7608 7609 7610 7611 7612 7613 7614 7615 7616 7617 7618 7619 7620 7621 7622 7623 7624 7625 7626 7627 7628 7629 7630 7631 7632 7633 7634 7635 7636 7637 7638 7639 7640 7641 7642 7643 7644 7645 7646 7647 7648 7649 7650 7651 7652 7653 7654 7655 7656 7657 7658 7659 7660 7661 7662 7663 7664 7665 7666 7667 7668 7669 7670 7671 7672 7673 7674 7675 7676 7677 7678 7679 7680 7681 7682 
95 7683 7684 7685 7686 7687 7688 7689 7690 7691 7692 7693 7694 7695 7696 7697 7698 7699 7700 7701 7702 7703 7704 7705 7706 7707 7708 7709 7710 7711 7712 7713 7714 7715 7716 7717 7718 7719 7720 7721 7722 7723 7724 7725 7726 7727 7728 7729 7730 7731 7732 7733 7734 7735 7736 7737 7738 7739 7740 7741 7742 7743 7744 7745 7746 7747 7748 7749 7750 7751 7752 7753 7754 7755 7756 7757 7758 7759 7760 7761 7762 7763 7764 7765 7766 7767 7768 7769 7770 7771 7772 7773 7774 7775 7776 7777 
94 7778 7779 7780 7781 7782 7783 7784 7785 7786 7787 7788 7789 7790 7791 7792 7793 7794 7795 7796 7797 7798 7799 7800 7801 7802 7803 7804 7805 7806 7807 7808 7809 7810 7811 7812 7813 7814 7815 7816 7817 7818 7819 7820 7821 7822 7823 7824 7825 7826 7827 7828 7829 7830 7831 7832 7833 7834 7835 7836 7837 7838 7839 7840 7841 7842 7843 7844 7845 7846 7847 7848 7849 7850 7851 7852 7853 7854 7855 7856 7857 7858 7859 7860 7861 7862 7863 7864 7865 7866 7867 7868 7869 7870 7871 
94 7872 7873 7874 7875 7876 7877 7878 7879 7880 7881 7882 7883 7884 7885 7886 7887 7888 7889 7890 7891 7892 7893 7894 7895 7896 7897 7898 7899 7900 7901 7902 7903 7904 7905 7906 7907 7908 7909 7910 7911 7912 7913 7914 7915 7916 7917 7918 7919 7920 7921 7922 7923 7924 7925 7926 7927 7928 7929 7930 7931 7932 7933 7934 7935 7936 7937 7938 7939 7940 7941 7942 7943 7944 7945 7946 7947 7948 7949 7950 7951 7952 7953 7954 7955 7956 7957 7958 7959 7960 7961 7962 7963 7964 7965 
94 7966 7967 7968 7969 7970 7971 7972 7973 7974 7975 7976 7977 7978 7979 7980 7981 7982 7983 7984 7985 7986 7987 7988 7989 7990 7991 7992 7993 7994 7995 7996 7997 7998 7999 8000 8001 8002 8003 8004 8005 8006 8007 8008 8009 8010 8011 8012 8013 8014 8015 8016 8017 8018 8019 8020 8021 8022 8023 8024 8025 8026 8027 8028 8029 8030 8031 8032 8033 8034 8035 8036 8037 8038 8039 8040 8041 8042 8043 8044 8045 8046 8047 8048 8049 8050 8051 8052 8053 8054 8055 8056 8057 8058 8059 
92 8060 8061 8062 8063 8064 8065 8066 8067 8068 8069 8070 8071 8072 8073 8074 8075 8076 8077 8078 8079 8080 8081 8082 8083 8084 8085 8086 8087 8088 8089 8090 8091 8092 8093 8094 8095 8096 8097 8098 8099 8100 8101 8102 8103 8104 8105 8106 8107 8108 8109 8110 8111 8112 8113 8114 8115 8116 8117 8118 8119 8120 8121 8122 8123 8124 8125 8126 8127 8128 8129 8130 8131 8132 8133 8134 8135 8136 8137 8138 8139 8140 8141 8142 8143 8144 8145 8146 8147 8148 8149 8150 8151 
93 8152 8153 8154 8155 8156 8157 8158 8159 8160 8161 8162 8163 8164 8165 8166 8167 8168 8169 8170 8171 8172 8173 8174 8175 8176 8177 8178 8179 8180 8181 8182 8183 8184 8185 8186 8187 8188 8189 8190 8191 8192 8193 8194 8195 8196 8197 8198 8199 8200 8201 8202 8203 8204 8205 8206 8207 8208 8209 8210 8211 8212 8213 8214 8215 8216 8217 8218 8219 8220 8221 8222 8223 8224 8225 8226 8227 8228 8229 8230 8231 8232 8233 8234 8235 8236 8237 8238 8239 8240 8241 8242 8243 8244 
95 8245 8246 8247 8248 8249 8250 8251 8252 8253 8254 8255 8256 8257 8258 8259 8260 8261 8262 8263 8264 8265 8266 8267 8268 8269 8270 8271 8272 8273 8274 8275 8276 8277 8278 8279 8280 8281 8282 8283 8284 8285 8286 8287 8288 8289 8290 8291 8292 8293 8294 8295 8296 8297 8298 8299 8300 8301 8302 8303 8304 8305 8306 8307 8308 8309 8310 8311 8312 8313 8314 8315 8316 8317 8318 8319 8320 8321 8322 8323 8324 8325 8326 8327 8328 8329 8330 8331 8332 8333 8334 8335 8336 8337 8338 8339 
94 8340 8341 8342 8343 8344 8345 8346 8347 8348 8349 8350 8351 8352 8353 8354 8355 8356 8357 8358 8359 8360 8361 8362 8363 8364 8365 8366 8367 8368 8369 8370 8371 8372 8373 8374 8375 8376 8377 8378 8379 8380 8381 8382 8383 8384 8385 8386 8387 8388 8389 8390 8391 8392 8393 8394 8395 8396 8397 8398 8399 8400 8401 8402 8403 8404 8405 8406 8407 8408 8409 8410 8411 8412 8413 8414 8415 8416 8417 8418 8419 8420 8421 8422 8423 8424 8425 8426 8427 8428 8429 8430 8431 8432 8433 
93 8434 8435 8436 8437 8438 8439 8440 8441 8442 8443 8444 8445 8446 8447 8448 8449 8450 8451 8452 8453 8454 8455 8456 8457 8458 8459 8460 8461 8462 8463 8464 8465 8466 8467 8468 8469 8470 8471 8472 8473 8474 8475 8476 8477 8478 8479 8480 8481 8482 8483 8484 8485 8486 8487 8488 8489 8490 8491 8492 8493 8494 8495 8496 8497 8498 8499 8500 8501 8502 8503 8504 8505 8506 8507 8508 8509 8510 8511 8512 8513 8514 8515 8516 8517 8518 8519 8520 8521 8522 8523 8524 8525 8526 
94 8527 8528 8529 8530 8531 8532 8533 8534 8535 8536 8537 8538 8539 8540 8541 8542 8543 8544 8545 8546 8547 8548 8549 8550 8551 8552 8553 8554 8555 8556 8557 8558 8559 8560 8561 8562 8563 8564 8565 8566 8567 8568 8569 8570 8571 8572 8573 8574 8575 8576 8577 8578 8579 8580 8581 8582 8583 8584 8585 8586 8587 8588 8589 8590 8591 8592 8593 8594 8595 8596 8597 8598 8599 8600 8601 8602 8603 8604 8605 8606 8607 8608 8609 8610 8611 8612 8613 8614 8615 8616 8617 8618 8619 8620 
94 8621 8622 8623 8624 8625 8626 8627 8628 8629 8630 8631 8632 8633 8634 8635 8636 8637 8638 8639 8640 8641 8642 8643 8644 8645 8646 8647 8648 8649 8650 8651 8652 8653 8654 8655 8656 8657 8658 8659 8660 8661 8662 8663 8664 8665 8666 8667 8668 8669 8670 8671 8672 8673 8674 8675 8676 8677 8678 8679 8680 8681 8682 8683 8684 8685 8686 8687 8688 8689 8690 8691 8692 8693 8694 8695 8696 8697 8698 8699 8700 8701 8702 8703 8704 8705 8706 8707 8708 8709 8710 8711 8712 8713 8714 
94 8715 8716 8717 8718 8719 8720 8721 8722 8723 8724 8725 8726 8727 8728 8729 8730 8731 8732 8733 8734 8735 8736 8737 8738 8739 8740 8741 8742 8743 8744 8745 8746 8747 8748 8749 8750 8751 8752 8753 8754 8755 8756 8757 8758 8759 8760 8761 8762 8763 8764 8765 8766 8767 8768 8769 8770 8771 8772 8773 8774 8775 8776 8777 8778 8779 8780 8781 8782 8783 8784 8785 8786 8787 8788 8789 8790 8791 8792 8793 8794 8795 8796 8797 8798 8799 8800 8801 8802 8803 8804 8805 8806 8807 8808 
94 8809 8810 8811 8812 8813 8814 8815 8816 8817 8818 8819 8820 8821 8822 8823 8824 8825 8826 8827 8828 8829 8830 8831 8832 8833 8834 8835 8836 8837 8838 8839 8840 8841 8842 8843 8844 8845 8846 8847 8848 8849 8850 8851 8852 8853 8854 8855 8856 8857 8858 8859 8860 8861 8862 8863 8864 8865 8866 8867 8868 8869 8870 8871 8872 8873 8874 8875 8876 8877 8878 8879 8880 8881 8882 8883 8884 8885 8886 8887 8888 8889 8890 8891 8892 8893 8894 8895 8896 8897 8898 8899 8900 8901 8902 
94 8903 8904 8905 8906 8907 8908 8909 8910 8911 8912 8913 8914 8915 8916 8917 8918 8919 8920 8921 8922 8923 8924 8925 8926 8927 8928 8929 8930 8931 8932 8933 8934 8935 8936 8937 8938 8939 8940 8941 8942 8943 8944 8945 8946 8947 8948 8949 8950 8951 8952 8953 8954 8955 8956 8957 8958 8959 8960 8961 8962 8963 8964 8965 8966 8967 8968 8969 8970 8971 8972 8973 8974 8975 8976 8977 8978 8979 8980 8981 8982 8983 8984 8985 8986 8987 8988 8989 8990 8991 8992 8993 8994 8995 8996 
94 8997 8998 8999 9000 9001 9002 9003 9004 9005 9006 9007 9008 9009 9010 9011 9012 9013 9014 9015 9016 9017 9018 9019 9020 9021 9022 9023 9024 9025 9026 9027 9028 9029 9030 9031 9032 9033 9034 9035 9036 9037 9038 9039 9040 9041 9042 9043 9044 9045 9046 9047 9048 9049 9050 9051 9052 9053 9054 9055 9056 9057 9058 9059 9060 9061 9062 9063 9064 9065 9066 9067 9068 9069 9070 9071 9072 9073 9074 9075 9076 9077 9078 9079 9080 9081 9082 9083 9084 9085 9086 9087 9088 9089 9090 
93 9091 9092 9093 9094 9095 9096 9097 9098 9099 9100 9101 9102 9103 9104 9105 9106 9107 9108 9109 9110 9111 9112 9113 9114 9115 9116 9117 9118 9119 9120 9121 9122 9123 9124 9125 9126 9127 9128 9129 9130 9131 9132 9133 9134 9135 9136 9137 9138 9139 9140 9141 9142 9143 9144 9145 9146 9147 9148 9149 9150 9151 9152 9153 9154 9155 9156 9157 9158 9159 9160 9161 9162 9163 9164 9165 9166 9167 9168 9169 9170 9171 9172 9173 9174 9175 9176 9177 9178 9179 9180 9181 9182 9183 
92 9184 9185 9186 9187 9188 9189 9190 9191 9192 9193 9194 9195 9196 9197 9198 9199 9200 9201 9202 9203 9204 9205 9206 9207 9208 9209 9210 9211 9212 9213 9214 9215 9216 9217 9218 9219 9220 9221 9222 9223 9224 9225 9226 9227 9228 9229 9230 9231 9232 9233 9234 9235 9236 9237 9238 9239 9240 9241 9242 9243 9244 9245 9246 9247 9248 9249 9250 9251 9252 9253 9254 9255 9256 9257 9258 9259 9260 9261 9262 9263 9264 9265 9266 9267 9268 9269 9270 9271 9272 9273 9274 9275 
94 9276 9277 9278 9279 9280 9281 9282 9283 9284 9285 9286 9287 9288 9289 9290 9291 9292 9293 9294 9295 9296 9297 9298 9299 9300 9301 9302 9303 9304 9305 9306 9307 9308 9309 9310 9311 9312 9313 9314 9315 9316 9317 9318 9319 9320 9321 9322 9323 9324 9325 9326 9327 9328 9329 9330 9331 9332 9333 9334 9335 9336 9337 9338 9339 9340 9341 9342 9343 9344 9345 9346 9347 9348 9349 9350 9351 9352 9353 9354 9355 9356 9357 9358 9359 9360 9361 9362 9363 9364 9365 9366 9367 9368 9369 
94 9370 9371 9372 9373 9374 9375 9376 9377 9378 9379 9380 9381 9382 9383 9384 9385 9386 9387 9388 9389 9390 9391 9392 9393 9394 9395 9396 9397 9398 9399 9400 9401 9402 9403 9404 9405 9406 9407 9408 9409 9410 9411 9412 9413 9414 9415 9416 9417 9418 9419 9420 9421 9422 9423 9424 9425 9426 9427 9428 9429 9430 9431 9432 9433 9434 9435 9436 9437 9438 9439 9440 9441 9442 9443 9444 9445 9446 9447 9448 9449 9450 9451 9452 9453 9454 9455 9456 9457 9458 9459 9460 9461 9462 9463 
94 9464 9465 9466 9467 9468 9469 9470 9471 9472 9473 9474 9475 9476 9477 9478 9479 9480 9481 9482 9483 9484 9485 9486 9487 9488 9489 9490 9491 9492 9493 9494 9495 9496 9497 9498 9499 9500 9501 9502 9503 9504 9505 9506 9507 9508 9509 9510 9511 9512 9513 9514 9515 9516 9517 9518 9519 9520 9521 9522 9523 9524 9525 9526 9527 9528 9529 9530 9531 9532 9533 9534 9535 9536 9537 9538 9539 9540 9541 9542 9543 9544 9545 9546 9547 9548 9549 9550 9551 9552 9553 9554 9555 9556 9557 
95 9558 9559 9560 9561 9562 9563 9564 9565 9566 9567 9568 9569 9570 9571 9572 9573 9574 9575 9576 9577 9578 9579 9580 9581 9582 9583 9584 9585 9586 9587 9588 9589 9590 9591 9592 9593 9594 9595 9596 9597 9598 9599 9600 9601 9602 9603 9604 9605 9606 9607 9608 9609 9610 9611 9612 9613 9614 9615 9616 9617 9618 9619 9620 9621 9622 9623 9624 9625 9626 9627 9628 9629 9630 9631 9632 9633 9634 9635 9636 9637 9638 9639 9640 9641 9642 9643 9644 9645 9646 9647 9648 9649 9650 9651 9652 
95 9653 9654 9655 9656 9657 9658 9659 9660 9661 9662 9663 9664 9665 9666 9667 9668 9669 9670 9671 9672 9673 9674 9675 9676 9677 9678 9679 9680 9681 9682 9683 9684 9685 9686 9687 9688 9689 9690 9691 9692 9693 9694 9695 9696 9697 9698 9699 9700 9701 9702 9703 9704 9705 9706 9707 9708 9709 9710 9711 9712 9713 9714 9715 9716 9717 9718 9719 9720 9721 9722 9723 9724 9725 9726 9727 9728 9729 9730 9731 9732 9733 9734 9735 9736 9737 9738 9739 9740 9741 9742 9743 9744 9745 9746 9747 
94 9748 9749 9750 9751 9752 9753 9754 9755 9756 9757 9758 9759 9760 9761 9762 9763 9764 9765 9766 9767 9768 9769 9770 9771 9772 9773 9774 9775 9776 9777 9778 9779 9780 9781 9782 9783 9784 9785 9786 9787 9788 9789 9790 9791 9792 9793 9794 9795 9796 9797 9798 9799 9800 9801 9802 9803 9804 9805 9806 9807 9808 9809 9810 9811 9812 9813 9814 9815 9816 9817 9818 9819 9820 9821 9822 9823 9824 9825 9826 9827 9828 9829 9830 9831 9832 9833 9834 9835 9836 9837 9838 9839 9840 9841 
93 9842 9843 9844 9845 9846 9847 9848 9849 9850 9851 9852 9853 9854 9855 9856 9857 9858 9859 9860 9861 9862 9863 9864 9865 9866 9867 9868 9869 9870 9871 9872 9873 9874 9875 9876 9877 9878 9879 9880 9881 9882 9883 9884 9885 9886 9887 9888 9889 9890 9891 9892 9893 9894 9895 9896 9897 9898 9899 9900 9901 9902 9903 9904 9905 9906 9907 9908 9909 9910 9911 9912 9913 9914 9915 9916 9917 9918 9919 9920 9921 9922 9923 9924 9925 9926 9927 9928 9929 9930 9931 9932 9933 9934 
93 9935 9936 9937 9938 9939 9940 9941 9942 9943 9944 9945 9946 9947 9948 9949 9950 9951 9952 9953 9954 9955 9956 9957 9958 9959 9960 9961 9962 9963 9964 9965 9966 9967 9968 9969 9970 9971 9972 9973 9974 9975 9976 9977 9978 9979 9980 9981 9982 9983 9984 9985 9986 9987 9988 9989 9990 9991 9992 9993 9994 9995 9996 9997 9998 9999 10000 10001 10002 10003 10004 10005 10006 10007 10008 10009 10010 10011 10012 10013 10014 10015 10016 10017 10018 10019 10020 10021 10022 10023 10024 10025 10026 10027 
94 10028 10029 10030 10031 10032 10033 10034 10035 10036 10037 10038 10039 10040 10041 10042 10043 10044 10045 10046 10047 10048 10049 10050 10051 10052 10053 10054 10055 10056 10057 10058 10059 10060 10061 10062 10063 10064 10065 10066 10067 10068 10069 10070 10071 10072 10073 10074 10075 10076 10077 10078 10079 10080 10081 10082 10083 10084 10085 10086 10087 10088 10089 10090 10091 10092 10093 10094 10095 10096 10097 10098 10099 10100 10101 10102 10103 10104 10105 10106 10107 10108 10109 10110 10111 10112 10113 10114 10115 10116 10117 10118 10119 10120 10121 
95 10122 10123 10124 10125 10126 10127 10128 10129 10130 10131 10132 10133 10134 10135 10136 10137 10138 10139 10140 10141 10142 10143 10144 10145 10146 10147 10148 10149 10150 10151 10152 10153 10154 10155 10156 10157 10158 10159 10160 10161 10162 10163 10164 10165 10166 10167 10168 10169 10170 10171 10172 10173 10174 10175 10176 10177 10178 10179 10180 10181 10182 10183 10184 10185 10186 10187 10188 10189 10190 10191 10192 10193 10194 10195 10196 10197 10198 10199 10200 10201 10202 10203 10204 10205 10206 10207 10208 10209 10210 10211 10212 10213 10214 10215 10216 
94 10217 10218 10219 10220 10221 10222 10223 10224 10225 10226 10227 10228 10229 10230 10231 10232 10233 10234 10235 10236 10237 10238 10239 10240 10241 10242 10243 10244 10245 10246 10247 10248 10249 10250 10251 10252 10253 10254 10255 10256 10257 10258 10259 10260 10261 10262 10263 10264 10265 10266 10267 10268 10269 10270 10271 10272 10273 10274 10275 10276 10277 10278 10279 10280 10281 10282 10283 10284 10285 10286 10287 10288 10289 10290 10291 10292 10293 10294 10295 10296 10297 10298 10299 10300 10301 10302 10303 10304 10305 10306 10307 10308 10309 10310 
93 10311 10312 10313 10314 10315 10316 10317 10318 10319 10320 10321 10322 10323 10324 10325 10326 10327 10328 10329 10330 10331 10332 10333 10334 10335 10336 10337 10338 10339 10340 10341 10342 10343 10344 10345 10346 10347 10348 10349 10350 10351 10352 10353 10354 10355 10356 10357 10358 10359 10360 10361 10362 10363 10364 10365 10366 10367 10368 10369 10370 10371 10372 10373 10374 10375 10376 10377 10378 10379 10380 10381 10382 10383 10384 10385 10386 10387 10388 10389 10390 10391 10392 10393 10394 10395 10396 10397 10398 10399 10400 10401 10402 10403 
94 10404 10405 10406 10407 10408 10409 10410 10411 10412 10413 10414 10415 10416 10417 10418 10419 10420 10421 10422 10423 10424 10425 10426 10427 10428 10429 10430 10431 10432 10433 10434 10435 10436 10437 10438 10439 10440 10441 10442 10443 10444 10445 10446 10447 10448 10449 10450 10451 10452 10453 10454 10455 10456 10457 10458 10459 10460 10461 10462 10463 10464 10465 10466 10467 10468 10469 10470 10471 10472 10473 10474 10475 10476 10477 10478 10479 10480 10481 10482 10483 10484 10485 10486 10487 10488 10489 10490 10491 10492 10493 10494 10495 10496 10497 
94 10498 10499 10500 10501 10502 10503 10504 10505 10506 10507 10508 10509 10510 10511 10512 10513 10514 10515 10516 10517 10518 10519 10520 10521 10522 10523 10524 10525 10526 10527 10528 10529 10530 10531 10532 10533 10534 10535 10536 10537 10538 10539 10540 10541 10542 10543 10544 10545 10546 10547 10548 10549 10550 10551 10552 10553 10554 10555 10556 10557 10558 10559 10560 10561 10562 10563 10564 10565 10566 10567 10568 10569 10570 10571 10572 10573 10574 10575 10576 10577 10578 10579 10580 10581 10582 10583 10584 10585 10586 10587 10588 10589 10590 10591 
92 10592 10593 10594 10595 10596 10597 10598 10599 10600 10601 10602 10603 10604 10605 10606 10607 10608 10609 10610 10611 10612 10613 10614 10615 10616 10617 10618 10619 10620 10621 10622 10623 10624 10625 10626 10627 10628 10629 10630 10631 10632 10633 10634 10635 10636 10637 10638 10639 10640 10641 10642 10643 10644 10645 10646 10647 10648 10649 10650 10651 10652 10653 10654 10655 10656 10657 10658 10659 10660 10661 10662 10663 10664 10665 10666 10667 10668 10669 10670 10671 10672 10673 10674 10675 10676 10677 10678 10679 10680 10681 10682 10683 
93 10684 10685 10686 10687 10688 10689 10690 10691 10692 10693 10694 10695 10696 10697 10698 10699 10700 10701 10702 10703 10704 10705 10706 10707 10708 10709 10710 10711 10712 10713 10714 10715 10716 10717 10718 10719 10720 10721 10722 10723 10724 10725 10726 10727 10728 10729 10730 10731 10732 10733 10734 10735 10736 10737 10738 10739 10740 10741 10742 10743 10744 10745 10746 10747 10748 10749 10750 10751 10752 10753 10754 10755 10756 10757 10758 10759 10760 10761 10762 10763 10764 10765 10766 10767 10768 10769 10770 10771 10772 10773 10774 10775 10776 
93 10777 10778 10779 10780 10781 10782 10783 10784 10785 10786 10787 10788 10789 10790 10791 10792 10793 10794 10795 10796 10797 10798 10799 10800 10801 10802 10803 10804 10805 10806 10807 10808 10809 10810 10811 10812 10813 10814 10815 10816 10817 10818 10819 10820 10821 10822 10823 10824 10825 10826 10827 10828 10829 10830 10831 10832 10833 10834 10835 10836 10837 10838 10839 10840 10841 10842 10843 10844 10845 10846 10847 10848 10849 10850 10851 10852 10853 10854 10855 10856 10857 10858 10859 10860 10861 10862 10863 10864 10865 10866 10867 10868 10869 
92 10870 10871 10872 10873 10874 10875 10876 10877 10878 10879 10880 10881 10882 10883 10884 10885 10886 10887 10888 10889 10890 10891 10892 10893 10894 10895 10896 10897 10898 10899 10900 10901 10902 10903 10904 10905 10906 10907 10908 10909 10910 10911 10912 10913 10914 10915 10916 10917 10918 10919 10920 10921 10922 10923 10924 10925 10926 10927 10928 10929 10930 10931 10932 10933 10934 10935 10936 10937 10938 10939 10940 10941 10942 10943 10944 10945 10946 10947 10948 10949 10950 10951 10952 10953 10954 10955 10956 10957 10958 10959 10960 10961 
95 10962 10963 10964 10965 10966 10967 10968 10969 10970 10971 10972 10973 10974 10975 10976 10977 10978 10979 10980 10981 10982 10983 10984 10985 10986 10987 10988 10989 10990 10991 10992 10993 10994 10995 10996 10997 10998 10999 11000 11001 11002 11003 11004 11005 11006 11007 11008 11009 11010 11011 11012 11013 11014 11015 11016 11017 11018 11019 11020 11021 11022 11023 11024 11025 11026 11027 11028 11029 11030 11031 11032 11033 11034 11035 11036 11037 11038 11039 11040 11041 11042 11043 11044 11045 11046 11047 11048 11049 11050 11051 11052 11053 11054 11055 11056 
94 11057 11058 11059 11060 11061 11062 11063 11064 11065 11066 11067 11068 11069 11070 11071 11072 11073 11074 11075 11076 11077 11078 11079 11080 11081 11082 11083 11084 11085 11086 11087 11088 11089 11090 11091 11092 11093 11094 11095 11096 11097 11098 11099 11100 11101 11102 11103 11104 11105 11106 11107 11108 11109 11110 11111 11112 11113 11114 11115 11116 11117 11118 11119 11120 11121 11122 11123 11124 11125 11126 11127 11128 11129 11130 11131 11132 11133 11134 11135 11136 11137 11138 11139 11140 11141 11142 11143 11144 11145 11146 11147 11148 11149 11150 
92 11151 11152 11153 11154 11155 11156 11157 11158 11159 11160 11161 11162 11163 11164 11165 11166 11167 11168 11169 11170 11171 11172 11173 11174 11175 11176 11177 11178 11179 11180 11181 11182 11183 11184 11185 11186 11187 11188 11189 11190 11191 11192 11193 11194 11195 11196 11197 11198 11199 11200 11201 11202 11203 11204 11205 11206 11207 11208 11209 11210 11211 11212 11213 11214 11215 11216 11217 11218 11219 11220 11221 11222 11223 11224 11225 11226 11227 11228 11229 11230 11231 11232 11233 11234 11235 11236 11237 11238 11239 11240 11241 11242 
94 11243 11244 11245 11246 11247 11248 11249 11250 11251 11252 11253 11254 11255 11256 11257 11258 11259 11260 11261 11262 11263 11264 11265 11266 11267 11268 11269 11270 11271 11272 11273 11274 11275 11276 11277 11278 11279 11280 11281 11282 11283 11284 11285 11286 11287 11288 11289 11290 11291 11292 11293 11294 11295 11296 11297 11298 11299 11300 11301 11302 11303 11304 11305 11306 11307 11308 11309 11310 11311 11312 11313 11314 11315 11316 11317 11318 11319 11320 11321 11322 11323 11324 11325 11326 11327 11328 11329 11330 11331 11332 11333 11334 11335 11336 
95 11337 11338 11339 11340 11341 11342 11343 11344 11345 11346 11347 11348 11349 11350 11351 11352 11353 11354 11355 11356 11357 11358 11359 11360 11361 11362 11363 11364 11365 11366 11367 11368 11369 11370 11371 11372 11373 11374 11375 11376 11377 11378 11379 11380 11381 11382 11383 11384 11385 11386 11387 11388 11389 11390 11391 11392 11393 11394 11395 11396 11397 11398 11399 11400 11401 11402 11403 11404 11405 11406 11407 11408 11409 11410 11411 11412 11413 11414 11415 11416 11417 11418 11419 11420 11421 11422 11423 11424 11425 11426 11427 11428 11429 11430 11431 

POINT_DATA 11432
SCALARS FiberLocationIndex int
LOOKUP_TABLE default
1 2 3 4 5 6 7 8 9 
10 11 12 13 14 15 16 17 18 
19 20 21 22 23 24 25 26 27 
28 29 30 31 32 33 34 35 36 
37 38 39 40 41 42 43 44 45 
46 47 48 49 50 51 52 53 54 
55 56 57 58 59 60 61 62 63 
64 65 66 67 68 69 70 71 72 
73 74 75 76 77 78 79 80 81 
82 83 84 85 86 87 88 89 90 
91 92 93 1 2 3 4 5 6 
7 8 9 10 11 12 13 14 15 
16 17 18 19 20 21 22 23 24 
25 26 27 28 29 30 31 32 33 
34 35 36 37 38 39 40 41 42 
43 44 45 46 47 48 49 50 51 
52 53 54 55 56 57 58 59 60 
61 62 63 64 65 66 67 68 69 
70 71 72 73 74 75 76 77 78 
79 80 81 82 83 84 85 86 87 
88 89 90 91 92 93 1 2 3 
4 5 6 7 8 9 10 11 12 
13 14 15 16 17 18 19 20 21 
22 23 24 25 26 27 28 29 30 
31 32 33 34 35 36 37 38 39 
40 41 42 43 44 45 46 47 48 
49 50 51 52 53 54 55 56 57 
58 59 60 61 62 63 64 65 66 
67 68 69 70 71 72 73 74 75 
76 77 78 79 80 81 82 83 84 
85 86 87 88 89 90 91 92 93 
0 1 2 3 4 5 6 7 8 
9 10 11 12 13 14 15 16 17 
18 19 20 21 22 23 24 25 26 
27 28 29 30 31 32 33 34 35 
36 37 38 39 40 41 42 43 44 
45 46 47 48 49 50 51 52 53 
54 55 56 57 58 59 60 61 62 
63 64 65 66 67 68 69 70 71 
72 73 74 75 76 77 78 79 80 
81 82 83 84 85 86 87 88 89 
90 91 92 93 0 1 2 3 4 
5 6 7 8 9 10 11 12 13 
14 15 16 17 18 19 20 21 22 
23 24 25 26 27 28 29 30 31 
32 33 34 35 36 37 38 39 40 
41 42 43 44 45 46 47 48 49 
50 51 52 53 54 55 56 57 58 
59 60 61 62 63 64 65 66 67 
68 69 70 71 72 73 74 75 76 
77 78 79 80 81 82 83 84 85 
86 87 88 89 90 91 92 93 1 
2 3 4 5 6 7 8 9 10 
11 12 13 14 15 16 17 18 19 
20 21 22 23 24 25 26 27 28 
29 30 31 32 33 34 35 36 37 
38 39 40 41 42 43 44 45 46 
47 48 49 50 51 52 53 54 55 
56 57 58 59 60 61 62 63 64 
65 66 67 68 69 70 71 72 73 
74 75 76 77 78 79 80 81 82 
83 84 85 86 87 88 89 90 91 
92 93 0 1 2 3 4 5 6 
7 8 9 10 11 12 13 14 15 
16 17 18 19 20 21 22 23 24 
25 26 27 28 29 30 31 32 33 
34 35 36 37 38 39 40 41 42 
43 44 45 46 47 48 49 50 51 
52 53 54 55 56 57 58 59 60 
61 62 63 64 65 66 67 68 69 
70 71 72 73 74 75 76 77 78 
79 80 81 82 83 84 85 86 87 
88 89 90 91 92 93 0 1 2 
3 4 5 6 7 8 9 10 11 
12 13 14 15 16 17 18 19 20 
21 22 23 24 25 26 27 28 29 
30 31 32 33 34 35 36 37 38 
39 40 41 42 43 44 45 46 47 
48 49 50 51 52 53 54 55 56 
57 58 59 60 61 62 63 64 65 
66 67 68 69 70 71 72 73 74 
75 76 77 78 79 80 81 82 83 
84 85 86 87 88 89 90 91 92 
93 94 1 2 3 4 5 6 7 
8 9 10 11 12 13 14 15 16 
17 18 19 20 21 22 23 24 25 
26 27 28 29 30 31 32 33 34 
35 36 37 38 39 40 41 42 43 
44 45 46 47 48 49 50 51 52 
53 54 55 56 57 58 59 60 61 
62 63 64 65 66 67 68 69 70 
71 72 73 74 75 76 77 78 79 
80 81 82 83 84 85 86 87 88 
89 90 91 92 93 0 1 2 3 
4 5 6 7 8 9 10 11 12 
13 14 15 16 17 18 19 20 21 
22 23 24 25 26 27 28 29 30 
31 32 33 34 35 36 37 38 39 
40 41 42 43 44 45 46 47 48 
49 50 51 52 53 54 55 56 57 
58 59 60 61 62 63 64 65 66 
67 68 69 70 71 72 73 74 75 
76 77 78 79 80 81 82 83 84 
85 86 87 88 89 90 91 92 93 
94 0 1 2 3 4 5 6 7 
8 9 10 11 12 13 14 15 16 
17 18 19 20 21 22 23 24 25 
26 27 28 29 30 31 32 33 34 
35 36 37 38 39 40 41 42 43 
44 45 46 47 48 49 50 51 52 
53 54 55 56 57 58 59 60 61 
62 63 64 65 66 67 68 69 70 
71 72 73 74 75 76 77 78 79 
80 81 82 83 84 85 86 87 88 
89 90 91 92 93 94 0 1 2 
3 4 5 6 7 8 9 10 11 
12 13 14 15 16 17 18 19 20 
21 22 23 24 25 26 27 28 29 
30 31 32 33 34 35 36 37 38 
39 40 41 42 43 44 45 46 47 
48 49 50 51 52 53 54 55 56 
57 58 59 60 61 62 63 64 65 
66 67 68 69 70 71 72 73 74 
75 76 77 78 79 80 81 82 83 
84 85 86 87 88 89 90 91 92 
93 94 0 1 2 3 4 5 6 
7 8 9 10 11 12 13 14 15 
16 17 18 19 20 21 22 23 24 
25 26 27 28 29 30 31 32 33 
34 35 36 37 38 39 40 41 42 
43 44 45 46 47 48 49 50 51 
52 53 54 55 56 57 58 59 60 
61 62 63 64 65 66 67 68 69 
70 71 72 73 74 75 76 77 78 
79 80 81 82 83 84 85 86 87 
88 89 90 91 92 93 94 1 2 
3 4 5 6 7 8 9 10 11 
12 13 14 15 16 17 18 19 20 
21 22 23 24 25 26 27 28 29 
30 31 32 33 34 35 36 37 38 
39 40 41 42 43 44 45 46 47 
48 49 50 51 52 53 54 55 56 
57 58 59 60 61 62 63 64 65 
66 67 68 69 70 71 72 73 74 
75 76 77 78 79 80 81 82 83 
84 85 86 87 88 89 90 91 92 
93 1 2 3 4 5 6 7 8 
9 10 11 12 13 14 15 16 17 
18 19 20 21 22 23 24 25 26 
27 28 29 30 31 32 33 34 35 
36 37 38 39 40 41 42 43 44 
45 46 47 48 49 50 51 52 53 
54 55 56 57 58 59 60 61 62 
63 64 65 66 67 68 69 70 71 
72 73 74 75 76 77 78 79 80 
81 82 83 84 85 86 87 88 89 
90 91 92 93 94 0 1 2 3 
4 5 6 7 8 9 10 11 12 
13 14 15 16 17 18 19 20 21 
22 23 24 25 26 27 28 29 30 
31 32 33 34 35 36 37 38 39 
40 41 42 43 44 45 46 47 48 
49 50 51 52 53 54 55 56 57 
58 59 60 61 62 63 64 65 66 
67 68 69 70 71 72 73 74 75 
76 77 78 79 80 81 82 83 84 
85 86 87 88 89 90 91 92 93 
0 1 2 3 4 5 6 7 8 
9 10 11 12 13 14 15 16 17 
18 19 20 21 22 23 24 25 26 
27 28 29 30 31 32 33 34 35 
36 37 38 39 40 41 42 43 44 
45 46 47 48 49 50 51 52 53 
54 55 56 57 58 59 60 61 62 
63 64 65 66 67 68 69 70 71 
72 73 74 75 76 77 78 79 80 
81 82 83 84 85 86 87 88 89 
90 91 92 93 0 1 2 3 4 
5 6 7 8 9 10 11 12 13 
14 15 16 17 18 19 20 21 22 
23 24 25 26 27 28 29 30 31 
32 33 34 35 36 37 38 39 40 
41 42 43 44 45 46 47 48 49 
50 51 52 53 54 55 56 57 58 
59 60 61 62 63 64 65 66 67 
68 69 70 71 72 73 74 75 76 
77 78 79 80 81 82 83 84 85 
86 87 88 89 90 91 92 93 2 
3 4 5 6 7 8 9 10 11 
12 13 14 15 16 17 18 19 20 
21 22 23 24 25 26 27 28 29 
30 31 32 33 34 35 36 37 38 
39 40 41 42 43 44 45 46 47 
48 49 50 51 52 53 54 55 56 
57 58 59 60 61 62 63 64 65 
66 67 68 69 70 71 72 73 74 
75 76 77 78 79 80 81 82 83 
84 85 86 87 88 89 90 91 92 
93 1 2 3 4 5 6 7 8 
9 10 11 12 13 14 15 16 17 
18 19 20 21 22 23 24 25 26 
27 28 29 30 31 32 33 34 35 
36 37 38 39 40 41 42 43 44 
45 46 47 48 49 50 51 52 53 
54 55 56 57 58 59 60 61 62 
63 64 65 66 67 68 69 70 71 
72 73 74 75 76 77 78 79 80 
81 82 83 84 85 86 87 88 89 
90 91 92 93 2 3 4 5 6 
7 8 9 10 11 12 13 14 15 
16 17 18 19 20 21 22 23 24 
25 26 27 28 29 30 31 32 33 
34 35 36 37 38 39 40 41 42 
43 44 45 46 47 48 49 50 51 
52 53 54 55 56 57 58 59 60 
61 62 63 64 65 66 67 68 69 
70 71 72 73 74 75 76 77 78 
79 80 81 82 83 84 85 86 87 
88 89 90 91 92 93 0 1 2 
3 4 5 6 7 8 9 10 11 
12 13 14 15 16 17 18 19 20 
21 22 23 24 25 26 27 28 29 
30 31 32 33 34 35 36 37 38 
39 40 41 42 43 44 45 46 47 
48 49 50 51 52 53 54 55 56 
57 58 59 60 61 62 63 64 65 
66 67 68 69 70 71 72 73 74 
75 76 77 78 79 80 81 82 83 
84 85 86 87 88 89 90 91 92 
93 94 1 2 3 4 5 6 7 
8 9 10 11 12 13 14 15 16 
17 18 19 20 21 22 23 24 25 
26 27 28 29 30 31 32 33 34 
35 36 37 38 39 40 41 42 43 
44 45 46 47 48 49 50 51 52 
53 54 55 56 57 58 59 60 61 
62 63 64 65 66 67 68 69 70 
71 72 73 74 75 76 77 78 79 
80 81 82 83 84 85 86 87 88 
89 90 91 92 93 94 0 1 2 
3 4 5 6 7 8 9 10 11 
12 13 14 15 16 17 18 19 20 
21 22 23 24 25 26 27 28 29 
30 31 32 33 34 35 36 37 38 
39 40 41 42 43 44 45 46 47 
48 49 50 51 52 53 54 55 56 
57 58 59 60 61 62 63 64 65 
66 67 68 69 70 71 72 73 74 
75 76 77 78 79 80 81 82 83 
84 85 86 87 88 89 90 91 92 
93 94 1 2 3 4 5 6 7 
8 9 10 11 12 13 14 15 16 
17 18 19 20 21 22 23 24 25 
26 27 28 29 30 31 32 33 34 
35 36 37 38 39 40 41 42 43 
44 45 46 47 48 49 50 51 52 
53 54 55 56 57 58 59 60 61 
62 63 64 65 66 67 68 69 70 
71 72 73 74 75 76 77 78 79 
80 81 82 83 84 85 86 87 88 
89 90 91 92 93 1 2 3 4 
5 6 7 8 9 10 11 12 13 
14 15 16 17 18 19 20 21 22 
23 24 25 26 27 28 29 30 31 
32 33 34 35 36 37 38 39 40 
41 42 43 44 45 46 47 48 49 
50 51 52 53 54 55 56 57 58 
59 60 61 62 63 64 65 66 67 
68 69 70 71 72 73 74 75 76 
77 78 79 80 81 82 83 84 85 
86 87 88 89 90 91 92 93 0 
1 2 3 4 5 6 7 8 9 
10 11 12 13 14 15 16 17 18 
19 20 21 22 23 24 25 26 27 
28 29 30 31 32 33 34 35 36 
37 38 39 40 41 42 43 44 45 
46 47 48 49 50 51 52 53 54 
55 56 57 58 59 60 61 62 63 
64 65 66 67 68 69 70 71 72 
73 74 75 76 77 78 79 80 81 
82 83 84 85 86 87 88 89 90 
91 92 93 1 2 3 4 5 6 
7 8 9 10 11 12 13 14 15 
16 17 18 19 20 21 22 23 24 
25 26 27 28 29 30 31 32 33 
34 35 36 37 38 39 40 41 42 
43 44 45 46 47 48 49 50 51 
52 53 54 55 56 57 58 59 60 
61 62 63 64 65 66 67 68 69 
70 71 72 73 74 75 76 77 78 
79 80 81 82 83 84 85 86 87 
88 89 90 91 92 93 0 1 2 
3 4 5 6 7 8 9 10 11 
12 13 14 15 16 17 18 19 20 
21 22 23 24 25 26 27 28 29 
30 31 32 33 34 35 36 37 38 
39 40 41 42 43 44 45 46 47 
48 49 50 51 52 53 54 55 56 
57 58 59 60 61 62 63 64 65 
66 67 68 69 70 71 72 73 74 
75 76 77 78 79 80 81 82 83 
84 85 86 87 88 89 90 91 92 
93 94 0 1 2 3 4 5 6 
7 8 9 10 11 12 13 14 15 
16 17 18 19 20 21 22 23 24 
25 26 27 28 29 30 31 32 33 
34 35 36 37 38 39 40 41 42 
43 44 45 46 47 48 49 50 51 
52 53 54 55 56 57 58 59 60 
61 62 63 64 65 66 67 68 69 
70 71 72 73 74 75 76 77 78 
79 80 81 82 83 84 85 86 87 
88 89 90 91 92 93 94 2 3 
4 5 6 7 8 9 10 11 12 
13 14 15 16 17 18 19 20 21 
22 23 24 25 26 27 28 29 30 
31 32 33 34 35 36 37 38 39 
40 41 42 43 44 45 46 47 48 
49 50 51 52 53 54 55 56 57 
58 59 60 61 62 63 64 65 66 
67 68 69 70 71 72 73 74 75 
76 77 78 79 80 81 82 83 84 
85 86 87 88 89 90 91 92 93 
1 2 3 4 5 6 7 8 9 
10 11 12 13 14 15 16 17 18 
19 20 21 22 23 24 25 26 27 
28 29 30 31 32 33 34 35 36 
37 38 39 40 41 42 43 44 45 
46 47 48 49 50 51 52 53 54 
55 56 57 58 59 60 61 62 63 
64 65 66 67 68 69 70 71 72 
73 74 75 76 77 78 79 80 81 
82 83 84 85 86 87 88 89 90 
91 92 93 2 3 4 5 6 7 
8 9 10 11 12 13 14 15 16 
17 18 19 20 21 22 23 24 25 
26 27 28 29 30 31 32 33 34 
35 36 37 38 39 40 41 42 43 
44 45 46 47 48 49 50 51 52 
53 54 55 56 57 58 59 60 61 
62 63 64 65 66 67 68 69 70 
71 72 73 74 75 76 77 78 79 
80 81 82 83 84 85 86 87 88 
89 90 91 92 93 1 2 3 4 
5 6 7 8 9 10 11 12 13 
14 15 16 17 18 19 20 21 22 
23 24 25 26 27 28 29 30 31 
32 33 34 35 36 37 38 39 40 
41 42 43 44 45 46 47 48 49 
50 51 52 53 54 55 56 57 58 
59 60 61 62 63 64 65 66 67 
68 69 70 71 72 73 74 75 76 
77 78 79 80 81 82 83 84 85 
86 87 88 89 90 91 92 93 1 
2 3 4 5 6 7 8 9 10 
11 12 13 14 15 16 17 18 19 
20 21 22 23 24 25 26 27 28 
29 30 31 32 33 34 35 36 37 
38 39 40 41 42 43 44 45 46 
47 48 49 50 51 52 53 54 55 
56 57 58 59 60 61 62 63 64 
65 66 67 68 69 70 71 72 73 
74 75 76 77 78 79 80 81 82 
83 84 85 86 87 88 89 90 91 
92 93 2 3 4 5 6 7 8 
9 10 11 12 13 14 15 16 17 
18 19 20 21 22 23 24 25 26 
27 28 29 30 31 32 33 34 35 
36 37 38 39 40 41 42 43 44 
45 46 47 48 49 50 51 52 53 
54 55 56 57 58 59 60 61 62 
63 64 65 66 67 68 69 70 71 
72 73 74 75 76 77 78 79 80 
81 82 83 84 85 86 87 88 89 
90 91 92 93 0 1 2 3 4 
5 6 7 8 9 10 11 12 13 
14 15 16 17 18 19 20 21 22 
23 24 25 26 27 28 29 30 31 
32 33 34 35 36 37 38 39 40 
41 42 43 44 45 46 47 48 49 
50 51 52 53 54 55 56 57 58 
59 60 61 62 63 64 65 66 67 
68 69 70 71 72 73 74 75 76 
77 78 79 80 81 82 83 84 85 
86 87 88 89 90 91 92 93 1 
2 3 4 5 6 7 8 9 10 
11 12 13 14 15 16 17 18 19 
20 21 22 23 24 25 26 27 28 
29 30 31 32 33 34 35 36 37 
38 39 40 41 42 43 44 45 46 
47 48 49 50 51 52 53 54 55 
56 57 58 59 60 61 62 63 64 
65 66 67 68 69 70 71 72 73 
74 75 76 77 78 79 80 81 82 
83 84 85 86 87 88 89 90 91 
92 93 94 0 1 2 3 4 5 
6 7 8 9 10 11 12 13 14 
15 16 17 18 19 20 21 22 23 
24 25 26 27 28 29 30 31 32 
33 34 35 36 37 38 39 40 41 
42 43 44 45 46 47 48 49 50 
51 52 53 54 55 56 57 58 59 
60 61 62 63 64 65 66 67 68 
69 70 71 72 73 74 75 76 77 
78 79 80 81 82 83 84 85 86 
87 88 89 90 91 92 93 94 1 
2 3 4 5 6 7 8 9 10 
11 12 13 14 15 16 17 18 19 
20 21 22 23 24 25 26 27 28 
29 30 31 32 33 34 35 36 37 
38 39 40 41 42 43 44 45 46 
47 48 49 50 51 52 53 54 55 
56 57 58 59 60 61 62 63 64 
65 66 67 68 69 70 71 72 73 
74 75 76 77 78 79 80 81 82 
83 84 85 86 87 88 89 90 91 
92 93 0 1 2 3 4 5 6 
7 8 9 10 11 12 13 14 15 
16 17 18 19 20 21 22 23 24 
25 26 27 28 29 30 31 32 33 
34 35 36 37 38 39 40 41 42 
43 44 45 46 47 48 49 50 51 
52 53 54 55 56 57 58 59 60 
61 62 63 64 65 66 67 68 69 
70 71 72 73 74 75 76 77 78 
79 80 81 82 83 84 85 86 87 
88 89 90 91 92 93 0 1 2 
3 4 5 6 7 8 9 10 11 
12 13 14 15 16 17 18 19 20 
21 22 23 24 25 26 27 28 29 
30 31 32 33 34 35 36 37 38 
39 40 41 42 43 44 45 46 47 
48 49 50 51 52 53 54 55 56 
57 58 59 60 61 62 63 64 65 
66 67 68 69 70 71 72 73 74 
75 76 77 78 79 80 81 82 83 
84 85 86 87 88 89 90 91 92 
93 94 0 1 2 3 4 5 6 
7 8 9 10 11 12 13 14 15 
16 17 18 19 20 21 22 23 24 
25 26 27 28 29 30 31 32 33 
34 35 36 37 38 39 40 41 42 
43 44 45 46 47 48 49 50 51 
52 53 54 55 56 57 58 59 60 
61 62 63 64 65 66 67 68 69 
70 71 72 73 74 75 76 77 78 
79 80 81 82 83 84 85 86 87 
88 89 90 91 92 93 1 2 3 
4 5 6 7 8 9 10 11 12 
13 14 15 16 17 18 19 20 21 
22 23 24 25 26 27 28 29 30 
31 32 33 34 35 36 37 38 39 
40 41 42 43 44 45 46 47 48 
49 50 51 52 53 54 55 56 57 
58 59 60 61 62 63 64 65 66 
67 68 69 70 71 72 73 74 75 
76 77 78 79 80 81 82 83 84 
85 86 87 88 89 90 91 92 93 
94 1 2 3 4 5 6 7 8 
9 10 11 12 13 14 15 16 17 
18 19 20 21 22 23 24 25 26 
27 28 29 30 31 32 33 34 35 
36 37 38 39 40 41 42 43 44 
45 46 47 48 49 50 51 52 53 
54 55 56 57 58 59 60 61 62 
63 64 65 66 67 68 69 70 71 
72 73 74 75 76 77 78 79 80 
81 82 83 84 85 86 87 88 89 
90 91 92 93 0 1 2 3 4 
5 6 7 8 9 10 11 12 13 
14 15 16 17 18 19 20 21 22 
23 24 25 26 27 28 29 30 31 
32 33 34 35 36 37 38 39 40 
41 42 43 44 45 46 47 48 49 
50 51 52 53 54 55 56 57 58 
59 60 61 62 63 64 65 66 67 
68 69 70 71 72 73 74 75 76 
77 78 79 80 81 82 83 84 85 
86 87 88 89 90 91 92 93 94 
0 1 2 3 4 5 6 7 8 
9 10 11 12 13 14 15 16 17 
18 19 20 21 22 23 24 25 26 
27 28 29 30 31 32 33 34 35 
36 37 38 39 40 41 42 43 44 
45 46 47 48 49 50 51 52 53 
54 55 56 57 58 59 60 61 62 
63 64 65 66 67 68 69 70 71 
72 73 74 75 76 77 78 79 80 
81 82 83 84 85 86 87 88 89 
90 91 92 93 94 0 1 2 3 
4 5 6 7 8 9 10 11 12 
13 14 15 16 17 18 19 20 21 
22 23 24 25 26 27 28 29 30 
31 32 33 34 35 36 37 38 39 
40 41 42 43 44 45 46 47 48 
49 50 51 52 53 54 55 56 57 
58 59 60 61 62 63 64 65 66 
67 68 69 70 71 72 73 74 75 
76 77 78 79 80 81 82 83 84 
85 86 87 88 89 90 91 92 93 
1 2 3 4 5 6 7 8 9 
10 11 12 13 14 15 16 17 18 
19 20 21 22 23 24 25 26 27 
28 29 30 31 32 33 34 35 36 
37 38 39 40 41 42 43 44 45 
46 47 48 49 50 51 52 53 54 
55 56 57 58 59 60 61 62 63 
64 65 66 67 68 69 70 71 72 
73 74 75 76 77 78 79 80 81 
82 83 84 85 86 87 88 89 90 
91 92 93 0 1 2 3 4 5 
6 7 8 9 10 11 12 13 14 
15 16 17 18 19 20 21 22 23 
24 25 26 27 28 29 30 31 32 
33 34 35 36 37 38 39 40 41 
42 43 44 45 46 47 48 49 50 
51 52 53 54 55 56 57 58 59 
60 61 62 63 64 65 66 67 68 
69 70 71 72 73 74 75 76 77 
78 79 80 81 82 83 84 85 86 
87 88 89 90 91 92 93 1 2 
3 4 5 6 7 8 9 10 11 
12 13 14 15 16 17 18 19 20 
21 22 23 24 25 26 27 28 29 
30 31 32 33 34 35 36 37 38 
39 40 41 42 43 44 45 46 47 
48 49 50 51 52 53 54 55 56 
57 58 59 60 61 62 63 64 65 
66 67 68 69 70 71 72 73 74 
75 76 77 78 79 80 81 82 83 
84 85 86 87 88 89 90 91 92 
93 94 1 2 3 4 5 6 7 
8 9 10 11 12 13 14 15 16 
17 18 19 20 21 22 23 24 25 
26 27 28 29 30 31 32 33 34 
35 36 37 38 39 40 41 42 43 
44 45 46 47 48 49 50 51 52 
53 54 55 56 57 58 59 60 61 
62 63 64 65 66 67 68 69 70 
71 72 73 74 75 76 77 78 79 
80 81 82 83 84 85 86 87 88 
89 90 91 92 93 94 0 1 2 
3 4 5 6 7 8 9 10 11 
12 13 14 15 16 17 18 19 20 
21 22 23 24 25 26 27 28 29 
30 31 32 33 34 35 36 37 38 
39 40 41 42 43 44 45 46 47 
48 49 50 51 52 53 54 55 56 
57 58 59 60 61 62 63 64 65 
66 67 68 69 70 71 72 73 74 
75 76 77 78 79 80 81 82 83 
84 85 86 87 88 89 90 91 92 
93 94 2 3 4 5 6 7 8 
9 10 11 12 13 14 15 16 17 
18 19 20 21 22 23 24 25 26 
27 28 29 30 31 32 33 34 35 
36 37 38 39 40 41 42 43 44 
45 46 47 48 49 50 51 52 53 
54 55 56 57 58 59 60 61 62 
63 64 65 66 67 68 69 70 71 
72 73 74 75 76 77 78 79 80 
81 82 83 84 85 86 87 88 89 
90 91 92 93 1 2 3 4 5 
6 7 8 9 10 11 12 13 14 
15 16 17 18 19 20 21 22 23 
24 25 26 27 28 29 30 31 32 
33 34 35 36 37 38 39 40 41 
42 43 44 45 46 47 48 49 50 
51 52 53 54 55 56 57 58 59 
60 61 62 63 64 65 66 67 68 
69 70 71 72 73 74 75 76 77 
78 79 80 81 82 83 84 85 86 
87 88 89 90 91 92 93 94 0 
1 2 3 4 5 6 7 8 9 
10 11 12 13 14 15 16 17 18 
19 20 21 22 23 24 25 26 27 
28 29 30 31 32 33 34 35 36 
37 38 39 40 41 42 43 44 45 
46 47 48 49 50 51 52 53 54 
55 56 57 58 59 60 61 62 63 
64 65 66 67 68 69 70 71 72 
73 74 75 76 77 78 79 80 81 
82 83 84 85 86 87 88 89 90 
91 92 93 0 1 2 3 4 5 
6 7 8 9 10 11 12 13 14 
15 16 17 18 19 20 21 22 23 
24 25 26 27 28 29 30 31 32 
33 34 35 36 37 38 39 40 41 
42 43 44 45 46 47 48 49 50 
51 52 53 54 55 56 57 58 59 
60 61 62 63 64 65 66 67 68 
69 70 71 72 73 74 75 76 77 
78 79 80 81 82 83 84 85 86 
87 88 89 90 91 92 93 94 0 
1 2 3 4 5 6 7 8 9 
10 11 12 13 14 15 16 17 18 
19 20 21 22 23 24 25 26 27 
28 29 30 31 32 33 34 35 36 
37 38 39 40 41 42 43 44 45 
46 47 48 49 50 51 52 53 54 
55 56 57 58 59 60 61 62 63 
64 65 66 67 68 69 70 71 72 
73 74 75 76 77 78 79 80 81 
82 83 84 85 86 87 88 89 90 
91 92 93 94 1 2 3 4 5 
6 7 8 9 10 11 12 13 14 
15 16 17 18 19 20 21 22 23 
24 25 26 27 28 29 30 31 32 
33 34 35 36 37 38 39 40 41 
42 43 44 45 46 47 48 49 50 
51 52 53 54 55 56 57 58 59 
60 61 62 63 64 65 66 67 68 
69 70 71 72 73 74 75 76 77 
78 79 80 81 82 83 84 85 86 
87 88 89 90 91 92 93 0 1 
2 3 4 5 6 7 8 9 10 
11 12 13 14 15 16 17 18 19 
20 21 22 23 24 25 26 27 28 
29 30 31 32 33 34 35 36 37 
38 39 40 41 42 43 44 45 46 
47 48 49 50 51 52 53 54 55 
56 57 58 59 60 61 62 63 64 
65 66 67 68 69 70 71 72 73 
74 75 76 77 78 79 80 81 82 
83 84 85 86 87 88 89 90 91 
92 93 0 1 2 3 4 5 6 
7 8 9 10 11 12 13 14 15 
16 17 18 19 20 21 22 23 24 
25 26 27 28 29 30 31 32 33 
34 35 36 37 38 39 40 41 42 
43 44 45 46 47 48 49 50 51 
52 53 54 55 56 57 58 59 60 
61 62 63 64 65 66 67 68 69 
70 71 72 73 74 75 76 77 78 
79 80 81 82 83 84 85 86 87 
88 89 90 91 92 93 94 0 1 
2 3 4 5 6 7 8 9 10 
11 12 13 14 15 16 17 18 19 
20 21 22 23 24 25 26 27 28 
29 30 31 32 33 34 35 36 37 
38 39 40 41 42 43 44 45 46 
47 48 49 50 51 52 53 54 55 
56 57 58 59 60 61 62 63 64 
65 66 67 68 69 70 71 72 73 
74 75 76 77 78 79 80 81 82 
83 84 85 86 87 88 89 90 91 
92 93 94 0 1 2 3 4 5 
6 7 8 9 10 11 12 13 14 
15 16 17 18 19 20 21 22 23 
24 25 26 27 28 29 30 31 32 
33 34 35 36 37 38 39 40 41 
42 43 44 45 46 47 48 49 50 
51 52 53 54 55 56 57 58 59 
60 61 62 63 64 65 66 67 68 
69 70 71 72 73 74 75 76 77 
78 79 80 81 82 83 84 85 86 
87 88 89 90 91 92 93 0 1 
2 3 4 5 6 7 8 9 10 
11 12 13 14 15 16 17 18 19 
20 21 22 23 24 25 26 27 28 
29 30 31 32 33 34 35 36 37 
38 39 40 41 42 43 44 45 46 
47 48 49 50 51 52 53 54 55 
56 57 58 59 60 61 62 63 64 
65 66 67 68 69 70 71 72 73 
74 75 76 77 78 79 80 81 82 
83 84 85 86 87 88 89 90 91 
92 93 94 1 2 3 4 5 6 
7 8 9 10 11 12 13 14 15 
16 17 18 19 20 21 22 23 24 
25 26 27 28 29 30 31 32 33 
34 35 36 37 38 39 40 41 42 
43 44 45 46 47 48 49 50 51 
52 53 54 55 56 57 58 59 60 
61 62 63 64 65 66 67 68 69 
70 71 72 73 74 75 76 77 78 
79 80 81 82 83 84 85 86 87 
88 89 90 91 92 93 1 2 3 
4 5 6 7 8 9 10 11 12 
13 14 15 16 17 18 19 20 21 
22 23 24 25 26 27 28 29 30 
31 32 33 34 35 36 37 38 39 
40 41 42 43 44 45 46 47 48 
49 50 51 52 53 54 55 56 57 
58 59 60 61 62 63 64 65 66 
67 68 69 70 71 72 73 74 75 
76 77 78 79 80 81 82 83 84 
85 86 87 88 89 90 91 92 93 
1 2 3 4 5 6 7 8 9 
10 11 12 13 14 15 16 17 18 
19 20 21 22 23 24 25 26 27 
28 29 30 31 32 33 34 35 36 
37 38 39 40 41 42 43 44 45 
46 47 48 49 50 51 52 53 54 
55 56 57 58 59 60 61 62 63 
64 65 66 67 68 69 70 71 72 
73 74 75 76 77 78 79 80 81 
82 83 84 85 86 87 88 89 90 
91 92 93 1 2 3 4 5 6 
7 8 9 10 11 12 13 14 15 
16 17 18 19 20 21 22 23 24 
25 26 27 28 29 30 31 32 33 
34 35 36 37 38 39 40 41 42 
43 44 45 46 47 48 49 50 51 
52 53 54 55 56 57 58 59 60 
61 62 63 64 65 66 67 68 69 
70 71 72 73 74 75 76 77 78 
79 80 81 82 83 84 85 86 87 
88 89 90 91 92 93 94 1 2 
3 4 5 6 7 8 9 10 11 
12 13 14 15 16 17 18 19 20 
21 22 23 24 25 26 27 28 29 
30 31 32 33 34 35 36 37 38 
39 40 41 42 43 44 45 46 47 
48 49 50 51 52 53 54 55 56 
57 58 59 60 61 62 63 64 65 
66 67 68 69 70 71 72 73 74 
75 76 77 78 79 80 81 82 83 
84 85 86 87 88 89 1 2 3 
4 5 6 7 8 9 10 11 12 
13 14 15 16 17 18 19 20 21 
22 23 24 25 26 27 28 29 30 
31 32 33 34 35 36 37 38 39 
40 41 42 43 44 45 46 47 48 
49 50 51 52 53 54 55 56 57 
58 59 60 61 62 63 64 65 66 
67 68 69 70 71 72 73 74 75 
76 77 78 79 80 81 82 83 84 
85 86 87 88 89 90 91 92 93 
1 2 3 4 5 6 7 8 9 
10 11 12 13 14 15 16 17 18 
19 20 21 22 23 24 25 26 27 
28 29 30 31 32 33 34 35 36 
37 38 39 40 41 42 43 44 45 
46 47 48 49 50 51 52 53 54 
55 56 57 58 59 60 61 62 63 
64 65 66 67 68 69 70 71 72 
73 74 75 76 77 78 79 80 81 
82 83 84 85 86 87 88 89 90 
91 92 93 0 1 2 3 4 5 
6 7 8 9 10 11 12 13 14 
15 16 17 18 19 20 21 22 23 
24 25 26 27 28 29 30 31 32 
33 34 35 36 37 38 39 40 41 
42 43 44 45 46 47 48 49 50 
51 52 53 54 55 56 57 58 59 
60 61 62 63 64 65 66 67 68 
69 70 71 72 73 74 75 76 77 
78 79 80 81 82 83 84 85 86 
87 88 89 90 91 92 93 1 2 
3 4 5 6 7 8 9 10 11 
12 13 14 15 16 17 18 19 20 
21 22 23 24 25 26 27 28 29 
30 31 32 33 34 35 36 37 38 
39 40 41 42 43 44 45 46 47 
48 49 50 51 52 53 54 55 56 
57 58 59 60 61 62 63 64 65 
66 67 68 69 70 71 72 73 74 
75 76 77 78 79 80 81 82 83 
84 85 86 87 88 89 90 91 92 
93 1 2 3 4 5 6 7 8 
9 10 11 12 13 14 15 16 17 
18 19 20 21 22 23 24 25 26 
27 28 29 30 31 32 33 34 35 
36 37 38 39 40 41 42 43 44 
45 46 47 48 49 50 51 52 53 
54 55 56 57 58 59 60 61 62 
63 64 65 66 67 68 69 70 71 
72 73 74 75 76 77 78 79 80 
81 82 83 84 85 86 87 88 89 
90 91 92 93 0 1 2 3 4 
5 6 7 8 9 10 11 12 13 
14 15 16 17 18 19 20 21 22 
23 24 25 26 27 28 29 30 31 
32 33 34 35 36 37 38 39 40 
41 42 43 44 45 46 47 48 49 
50 51 52 53 54 55 56 57 58 
59 60 61 62 63 64 65 66 67 
68 69 70 71 72 73 74 75 76 
77 78 79 80 81 82 83 84 85 
86 87 88 89 90 91 92 93 94 
0 1 2 3 4 5 6 7 8 
9 10 11 12 13 14 15 16 17 
18 19 20 21 22 23 24 25 26 
27 28 29 30 31 32 33 34 35 
36 37 38 39 40 41 42 43 44 
45 46 47 48 49 50 51 52 53 
54 55 56 57 58 59 60 61 62 
63 64 65 66 67 68 69 70 71 
72 73 74 75 76 77 78 79 80 
81 82 83 84 85 86 87 88 89 
90 91 92 93 94 1 2 3 4 
5 6 7 8 9 10 11 12 13 
14 15 16 17 18 19 20 21 22 
23 24 25 26 27 28 29 30 31 
32 33 34 35 36 37 38 39 40 
41 42 43 44 45 46 47 48 49 
50 51 52 53 54 55 56 57 58 
59 60 61 62 63 64 65 66 67 
68 69 70 71 72 73 74 75 76 
77 78 79 80 81 82 83 84 85 
86 87 88 89 90 91 92 93 2 
3 4 5 6 7 8 9 10 11 
12 13 14 15 16 17 18 19 20 
21 22 23 24 25 26 27 28 29 
30 31 32 33 34 35 36 37 38 
39 40 41 42 43 44 45 46 47 
48 49 50 51 52 53 54 55 56 
57 58 59 60 61 62 63 64 65 
66 67 68 69 70 71 72 73 74 
75 76 77 78 79 80 81 82 83 
84 85 86 87 88 89 90 91 92 
93 0 1 2 3 4 5 6 7 
8 9 10 11 12 13 14 15 16 
17 18 19 20 21 22 23 24 25 
26 27 28 29 30 31 32 33 34 
35 36 37 38 39 40 41 42 43 
44 45 46 47 49 50 51 52 53 
54 55 56 57 58 59 60 61 62 
63 64 65 66 67 68 69 70 71 
72 73 74 75 76 77 78 79 80 
81 82 83 84 85 86 87 88 89 
90 91 92 93 94 0 1 2 3 
4 5 6 7 8 9 10 11 12 
13 14 15 16 17 18 19 20 21 
22 23 24 25 26 27 28 29 30 
31 32 33 34 35 36 37 38 39 
40 41 42 43 44 45 46 47 48 
49 50 51 52 53 54 55 56 57 
58 59 60 61 62 63 64 65 66 
67 68 69 70 71 72 73 74 75 
76 77 78 79 80 81 82 83 84 
85 86 87 88 89 90 91 92 93 
2 3 4 5 6 7 8 9 10 
11 12 13 14 15 16 17 18 19 
20 21 22 23 24 25 26 27 28 
29 30 31 32 33 34 35 36 37 
38 39 40 41 42 43 44 45 46 
47 48 49 50 51 52 53 54 55 
56 57 58 59 60 61 62 63 64 
65 66 67 68 69 70 71 72 73 
74 75 76 77 78 79 80 81 82 
83 84 85 86 87 88 89 90 91 
92 93 0 1 2 3 4 5 6 
7 8 9 10 11 12 13 14 15 
16 17 18 19 20 21 22 23 24 
25 26 27 28 29 30 31 32 33 
34 35 36 37 38 39 40 41 42 
43 44 45 46 47 49 50 51 52 
53 54 55 56 57 58 59 60 61 
62 63 64 65 66 67 68 69 70 
71 72 73 74 75 76 77 78 79 
80 81 82 83 84 85 86 87 88 
89 90 91 92 93 94 0 1 2 
3 4 5 6 7 8 9 10 11 
12 13 14 15 16 17 18 19 20 
21 22 23 24 25 26 27 28 29 
30 31 32 33 34 35 36 37 38 
39 40 41 42 43 44 45 46 47 
48 49 50 51 52 53 54 55 56 
57 58 59 60 61 62 63 64 65 
66 67 68 69 70 71 72 73 74 
75 76 77 78 79 80 81 82 83 
84 85 86 87 88 89 90 91 92 
93 94 1 2 3 4 5 6 7 
8 9 10 11 12 13 14 15 16 
17 18 19 20 21 22 23 24 25 
26 27 28 29 30 31 32 33 34 
35 36 37 38 39 40 41 42 43 
44 45 46 47 48 49 50 51 52 
53 54 55 56 57 58 59 60 61 
62 63 64 65 66 67 68 69 70 
71 72 73 74 75 76 77 78 79 
80 81 82 83 84 85 86 87 88 
89 90 91 92 93 94 0 1 2 
3 4 5 6 7 8 9 10 11 
12 13 14 15 16 17 18 19 20 
21 22 23 24 25 26 27 28 29 
30 31 32 33 34 35 36 37 38 
39 40 41 42 43 44 45 46 47 
49 50 51 52 53 54 55 56 57 
58 59 60 61 62 63 64 65 66 
67 68 69 70 71 72 73 74 75 
76 77 78 79 80 81 82 83 84 
85 86 87 88 89 90 91 92 93 
94 1 2 3 4 5 6 7 8 
9 10 11 12 13 14 15 16 17 
18 19 20 21 22 23 24 25 26 
27 28 29 30 31 32 33 34 35 
36 37 38 39 40 41 42 43 44 
45 46 47 48 49 50 51 52 53 
54 55 56 57 58 59 60 61 62 
63 64 65 66 67 68 69 70 71 
72 73 74 75 76 77 78 79 80 
81 82 83 84 85 86 87 88 89 
90 91 92 93 94 2 3 4 5 
6 7 8 9 10 11 12 13 14 
15 16 17 18 19 20 21 22 23 
24 25 26 27 28 29 30 31 32 
33 34 35 36 37 38 39 40 41 
42 43 44 45 46 47 48 49 50 
51 52 53 54 55 56 57 58 59 
60 61 62 63 64 65 66 67 68 
69 70 71 72 73 74 75 76 77 
78 79 80 81 82 83 84 85 86 
87 88 89 90 91 92 93 1 2 
3 4 5 6 7 8 9 10 11 
12 13 14 15 16 17 18 19 20 
21 22 23 24 25 26 27 28 29 
30 31 32 33 34 35 36 37 38 
39 40 41 42 43 44 45 46 47 
48 49 50 51 52 53 54 55 56 
57 58 59 60 61 62 63 64 65 
66 67 68 69 70 71 72 73 74 
75 76 77 78 79 80 81 82 83 
84 85 86 87 88 89 90 91 92 
93 0 1 2 3 4 5 6 7 
8 9 10 11 12 13 14 15 16 
17 18 19 20 21 22 23 24 25 
26 27 28 29 30 31 32 33 34 
35 36 37 38 39 40 41 42 43 
44 45 46 47 48 49 50 51 52 
53 54 55 56 57 58 59 60 61 
62 63 64 65 66 67 68 69 70 
71 72 73 74 75 76 77 78 79 
80 81 82 83 84 85 86 87 88 
89 90 91 92 93 94 0 1 2 
3 4 5 6 7 8 9 10 11 
12 13 14 15 16 17 18 19 20 
21 22 23 24 25 26 27 28 29 
30 31 32 33 34 35 36 37 38 
39 40 41 42 43 44 45 46 47 
48 49 50 51 52 53 54 55 56 
57 58 59 60 61 62 63 64 65 
66 67 68 69 70 71 72 73 74 
75 76 77 78 79 80 81 82 83 
84 85 86 87 88 89 90 91 92 
93 1 2 3 4 5 6 7 8 
9 10 11 12 13 14 15 16 17 
18 19 20 21 22 23 24 25 26 
27 28 29 30 31 32 33 34 35 
36 37 38 39 40 41 42 43 44 
45 46 47 48 49 50 51 52 53 
54 55 56 57 58 59 60 61 62 
63 64 65 66 67 68 69 70 71 
72 73 74 75 76 77 78 79 80 
81 82 83 84 85 86 87 88 89 
90 91 92 93 0 1 2 3 4 
5 6 7 8 9 10 11 12 13 
14 15 16 17 18 19 20 21 22 
23 24 25 26 27 28 29 30 31 
32 33 34 35 36 37 38 39 40 
41 42 43 44 45 46 47 48 49 
50 51 52 53 54 55 56 57 58 
59 60 61 62 63 64 65 66 67 
68 69 70 71 72 73 74 75 76 
77 78 79 80 81 82 83 84 85 
86 87 88 89 90 91 92 93 0 
1 2 3 4 5 6 7 8 9 
10 11 12 13 14 15 16 17 18 
19 20 21 22 23 24 25 26 27 
28 29 30 31 32 33 34 35 36 
37 38 39 40 41 42 43 44 45 
46 47 49 50 51 52 53 54 55 
56 57 58 59 60 61 62 63 64 
65 66 67 68 69 70 71 72 73 
74 75 76 77 78 79 80 81 82 
83 84 85 86 87 88 89 90 91 
92 93 94 1 2 3 4 5 6 
7 8 9 10 11 12 13 14 15 
16 17 18 19 20 21 22 23 24 
25 26 27 28 29 30 31 32 33 
34 35 36 37 38 39 40 41 42 
43 44 45 46 47 48 49 50 51 
52 53 54 55 56 57 58 59 60 
61 62 63 64 65 66 67 68 69 
70 71 72 73 74 75 76 77 78 
79 80 81 82 83 84 85 86 87 
88 89 90 91 92 93 94 0 1 
2 3 4 5 6 7 8 9 10 
11 12 13 14 15 16 17 18 19 
20 21 22 23 24 25 26 27 28 
29 30 31 32 33 34 35 36 37 
38 39 40 41 42 43 44 45 46 
47 48 49 50 51 52 53 54 55 
56 57 58 59 60 61 62 63 64 
65 66 67 68 69 70 71 72 73 
74 75 76 77 78 79 80 81 82 
83 84 85 86 87 88 89 90 91 
92 93 1 2 3 4 5 6 7 
8 9 10 11 12 13 14 15 16 
17 18 19 20 21 22 23 24 25 
26 27 28 29 30 31 32 33 34 
35 36 37 38 39 40 41 42 43 
44 45 46 47 48 49 50 51 52 
53 54 55 56 57 58 59 60 61 
62 63 64 65 66 67 68 69 70 
71 72 73 74 75 76 77 78 79 
80 81 82 83 84 85 86 87 88 
89 90 91 92 93 94 0 1 2 
3 4 5 6 7 8 9 10 11 
12 13 14 15 16 17 18 19 20 
21 22 23 24 25 26 27 28 29 
30 31 32 33 34 35 36 37 38 
39 40 41 42 43 44 45 46 47 
48 49 50 51 52 53 54 55 56 
57 58 59 60 61 62 63 64 65 
66 67 68 69 70 71 72 73 74 
75 76 77 78 79 80 81 82 83 
84 85 86 87 88 89 90 91 92 
93 1 2 3 4 5 6 7 8 
9 10 11 12 13 14 15 16 17 
18 19 20 21 22 23 24 25 26 
27 28 29 30 31 32 33 34 35 
36 37 38 39 40 41 42 43 44 
45 46 47 48 49 50 51 52 53 
54 55 56 57 58 59 60 61 62 
63 64 65 66 67 68 69 70 71 
72 73 74 75 76 77 78 79 80 
81 82 83 84 85 86 87 88 89 
90 91 92 93 2 3 4 5 6 
7 8 9 10 11 12 13 14 15 
16 17 18 19 20 21 22 23 24 
25 26 27 28 29 30 31 32 33 
34 35 36 37 38 39 40 41 42 
43 44 45 46 47 48 49 50 51 
52 53 54 55 56 57 58 59 60 
61 62 63 64 65 66 67 68 69 
70 71 72 73 74 75 76 77 78 
79 80 81 82 83 84 85 86 87 
88 89 90 91 92 93 0 1 2 
3 4 5 6 7 8 9 10 11 
12 13 14 15 16 17 18 19 20 
21 22 23 24 25 26 27 28 29 
30 31 32 33 34 35 36 37 38 
39 40 41 42 43 44 45 46 47 
49 50 51 52 53 54 55 56 57 
58 59 60 61 62 63 64 65 66 
67 68 69 70 71 72 73 74 75 
76 77 78 79 80 81 82 83 84 
85 86 87 88 89 90 91 92 93 
94 0 1 2 3 4 5 6 7 
8 9 10 11 12 13 14 15 16 
17 18 19 20 21 22 23 24 25 
26 27 28 29 30 31 32 33 34 
35 36 37 38 39 40 41 42 43 
44 45 46 47 49 50 51 52 53 
54 55 56 57 58 59 60 61 62 
63 64 65 66 67 68 69 70 71 
72 73 74 75 76 77 78 79 80 
81 82 83 84 85 86 87 88 89 
90 91 92 93 94 1 2 3 4 
5 6 7 8 9 10 11 12 13 
14 15 16 17 18 19 20 21 22 
23 24 25 26 27 28 29 30 31 
32 33 34 35 36 37 38 39 40 
41 42 43 44 45 46 47 48 49 
50 51 52 53 54 55 56 57 58 
59 60 61 62 63 64 65 66 67 
68 69 70 71 72 73 74 75 76 
77 78 79 80 81 82 83 84 85 
86 87 88 89 90 91 92 93 94 
0 1 2 3 4 5 6 7 8 
9 10 11 12 13 14 15 16 17 
18 19 20 21 22 23 24 25 26 
27 28 29 30 31 32 33 34 35 
36 37 38 39 40 41 42 43 44 
45 46 47 48 49 50 51 52 53 
54 55 56 57 58 59 60 61 62 
63 64 65 66 67 68 69 70 71 
72 73 74 75 76 77 78 79 80 
81 82 83 84 85 86 87 88 89 
90 91 92 93 94 0 1 2 3 
4 5 6 7 8 9 10 11 12 
13 14 15 16 17 18 19 20 21 
22 23 24 25 26 27 28 29 30 
31 32 33 34 35 36 37 38 39 
40 41 42 43 44 45 46 47 48 
49 50 51 52 53 54 55 56 57 
58 59 60 61 62 63 64 65 66 
67 68 69 70 71 72 73 74 75 
76 77 78 79 80 81 82 83 84 
85 86 87 88 89 90 91 92 93 
94 1 2 3 4 5 6 7 8 
9 10 11 12 13 14 15 16 17 
18 19 20 21 22 23 24 25 26 
27 28 29 30 31 32 33 34 35 
36 37 38 39 40 41 42 43 44 
45 46 47 48 49 50 51 52 53 
54 55 56 57 58 59 60 61 62 
63 64 65 66 67 68 69 70 71 
72 73 74 75 76 77 78 79 80 
81 82 83 84 85 86 87 88 89 
90 91 92 93 94 1 2 3 4 
5 6 7 8 9 10 11 12 13 
14 15 16 17 18 19 20 21 22 
23 24 25 26 27 28 29 30 31 
32 33 34 35 36 37 38 39 40 
41 42 43 44 45 46 47 48 49 
50 51 52 53 54 55 56 57 58 
59 60 61 62 63 64 65 66 67 
68 69 70 71 72 73 74 75 76 
77 78 79 80 81 82 83 84 85 
86 87 88 89 90 91 92 93 1 
2 3 4 5 6 7 8 9 10 
11 12 13 14 15 16 17 18 19 
20 21 22 23 24 25 26 27 28 
29 30 31 32 33 34 35 36 37 
38 39 40 41 42 43 44 45 46 
47 48 49 50 51 52 53 54 55 
56 57 58 59 60 61 62 63 64 
65 66 67 68 69 70 71 72 73 
74 75 76 77 78 79 80 81 82 
83 84 85 86 87 88 89 90 91 
92 93 0 1 2 3 4 5 6 
7 8 9 10 11 12 13 14 15 
16 17 18 19 20 21 22 23 24 
25 26 27 28 29 30 31 32 33 
34 35 36 37 38 39 40 41 42 
43 44 45 46 47 49 50 51 52 
53 54 55 56 57 58 59 60 61 
62 63 64 65 66 67 68 69 70 
71 72 73 74 75 76 77 78 79 
80 81 82 83 84 85 86 87 88 
89 90 91 92 93 94 0 1 2 
3 4 5 6 7 8 9 10 11 
12 13 14 15 16 17 18 19 20 
21 22 23 24 25 26 27 28 29 
30 31 32 33 34 35 36 37 38 
39 40 41 42 43 44 45 46 47 
48 49 50 51 52 53 54 55 56 
57 58 59 60 61 62 63 64 65 
66 67 68 69 70 71 72 73 74 
75 76 77 78 79 80 81 82 83 
84 85 86 87 88 89 90 91 92 
93 94 1 2 3 4 5 6 7 
8 9 10 11 12 13 14 15 16 
17 18 19 20 21 22 23 24 25 
26 27 28 29 30 31 32 33 34 
35 36 37 38 39 40 41 42 43 
44 45 46 47 48 49 50 51 52 
53 54 55 56 57 58 59 60 61 
62 63 64 65 66 67 68 69 70 
71 72 73 74 75 76 77 78 79 
80 81 82 83 84 85 86 87 88 
89 90 91 92 93 94 1 2 3 
4 5 6 7 8 9 10 11 12 
13 14 15 16 17 18 19 20 21 
22 23 24 25 26 27 28 29 30 
31 32 33 34 35 36 37 38 39 
40 41 42 43 44 45 46 47 48 
49 50 51 52 53 54 55 56 57 
58 59 60 61 62 63 64 65 66 
67 68 69 70 71 72 73 74 75 
76 77 78 79 80 81 82 83 84 
85 86 87 88 89 90 91 92 93 
0 1 2 3 4 5 6 7 8 
9 10 11 12 13 14 15 16 17 
18 19 20 21 22 23 24 25 26 
27 28 29 30 31 32 33 34 35 
36 37 38 39 40 41 42 43 44 
45 46 47 48 49 50 51 52 53 
54 55 56 57 58 59 60 61 62 
63 64 65 66 67 68 69 70 71 
72 73 74 75 76 77 78 79 80 
81 82 83 84 85 86 87 88 89 
90 91 92 93 1 2 3 4 5 
6 7 8 9 10 11 12 13 14 
15 16 17 18 19 20 21 22 23 
24 25 26 27 28 29 30 31 32 
33 34 35 36 37 38 39 40 41 
42 43 44 45 46 47 48 49 50 
51 52 53 54 55 56 57 58 59 
60 61 62 63 64 65 66 67 68 
69 70 71 72 73 74 75 76 77 
78 79 80 81 82 83 84 85 86 
87 88 89 90 91 92 93 94 2 
3 4 5 6 7 8 9 10 11 
12 13 14 15 16 17 18 19 20 
21 22 23 24 25 26 27 28 29 
30 31 32 33 34 35 36 37 38 
39 40 41 42 43 44 45 46 47 
48 49 50 51 52 53 54 55 56 
57 58 59 60 61 62 63 64 65 
66 67 68 69 70 71 72 73 74 
75 76 77 78 79 80 81 82 83 
84 85 86 87 88 89 90 91 92 
93 1 2 3 4 5 6 7 8 
9 10 11 12 13 14 15 16 17 
18 19 20 21 22 23 24 25 26 
27 28 29 30 31 32 33 34 35 
36 37 38 39 40 41 42 43 44 
45 46 47 48 49 50 51 52 53 
54 55 56 57 58 59 60 61 62 
63 64 65 66 67 68 69 70 71 
72 73 74 75 76 77 78 79 80 
81 82 83 84 85 86 87 88 89 
90 91 92 93 1 2 3 4 5 
6 7 8 9 10 11 12 13 14 
15 16 17 18 19 20 21 22 23 
24 25 26 27 28 29 30 31 32 
33 34 35 36 37 38 39 40 41 
42 43 44 45 46 47 48 49 50 
51 52 53 54 55 56 57 58 59 
60 61 62 63 64 65 66 67 68 
69 70 71 72 73 74 75 76 77 
78 79 80 81 82 83 84 85 86 
87 88 89 90 91 92 93 2 3 
4 5 6 7 8 9 10 11 12 
13 14 15 16 17 18 19 20 21 
22 23 24 25 26 27 28 29 30 
31 32 33 34 35 36 37 38 39 
40 41 42 43 44 45 46 47 48 
49 50 51 52 53 54 55 56 57 
58 59 60 61 62 63 64 65 66 
67 68 69 70 71 72 73 74 75 
76 77 78 79 80 81 82 83 84 
85 86 87 88 89 90 91 92 93 
0 1 2 3 4 5 6 7 8 
9 10 11 12 13 14 15 16 17 
18 19 20 21 22 23 24 25 26 
27 28 29 30 31 32 33 34 35 
36 37 38 39 40 41 42 43 44 
45 46 47 48 49 50 51 52 53 
54 55 56 57 58 59 60 61 62 
63 64 65 66 67 68 69 70 71 
72 73 74 75 76 77 78 79 80 
81 82 83 84 85 86 87 88 89 
90 91 92 93 94 0 1 2 3 
4 5 6 7 8 9 10 11 12 
13 14 15 16 17 18 19 20 21 
22 23 24 25 26 27 28 29 30 
31 32 33 34 35 36 37 38 39 
40 41 42 43 44 45 46 47 48 
49 50 51 52 53 54 55 56 57 
58 59 60 61 62 63 64 65 66 
67 68 69 70 71 72 73 74 75 
76 77 78 79 80 81 82 83 84 
85 86 87 88 89 90 91 92 93 
2 3 4 5 6 7 8 9 10 
11 12 13 14 15 16 17 18 19 
20 21 22 23 24 25 26 27 28 
29 30 31 32 33 34 35 36 37 
38 39 40 41 42 43 44 45 46 
47 48 49 50 51 52 53 54 55 
56 57 58 59 60 61 62 63 64 
65 66 67 68 69 70 71 72 73 
74 75 76 77 78 79 80 81 82 
83 84 85 86 87 88 89 90 91 
92 93 0 1 2 3 4 5 6 
7 8 9 10 11 12 13 14 15 
16 17 18 19 20 21 22 23 24 
25 26 27 28 29 30 31 32 33 
34 35 36 37 38 39 40 41 42 
43 44 45 46 47 48 49 50 51 
52 53 54 55 56 57 58 59 60 
61 62 63 64 65 66 67 68 69 
70 71 72 73 74 75 76 77 78 
79 80 81 82 83 84 85 86 87 
88 89 90 91 92 93 0 1 2 
3 4 5 6 7 8 9 10 11 
12 13 14 15 16 17 18 19 20 
21 22 23 24 25 26 27 28 29 
30 31 32 33 34 35 36 37 38 
39 40 41 42 43 44 45 46 47 
48 49 50 51 52 53 54 55 56 
57 58 59 60 61 62 63 64 65 
66 67 68 69 70 71 72 73 74 
75 76 77 78 79 80 81 82 83 
84 85 86 87 88 89 90 91 92 
93 94 
FIELD FieldData 1
SamplingDistance2Origin 1 11432 float
-46.7991 -45.7992 -44.7993 -43.7993 -42.7993 -41.7993 -40.7994 -39.7993 -38.7994 
-37.7994 -36.7994 -35.7994 -34.7994 -33.7994 -32.7995 -31.7995 -30.7994 -29.7995 
-28.7995 -27.7996 -26.7995 -25.7995 -24.7996 -23.7995 -22.7997 -21.7999 -20.8001 
-19.8001 -18.8001 -17.8001 -16.8002 -15.8002 -14.8002 -13.8002 -12.8003 -11.8003 
-10.8003 -9.80029 -8.80029 -7.8003 -6.80032 -5.80031 -4.80031 -3.8003 -2.80031 
-1.8003 -0.800323 0.332333 1.08234 2.08231 3.08229 4.08224 5.08214 6.08213 
7.08214 8.08207 9.08199 10.082 11.0819 12.0819 13.0819 14.0818 15.0817 
16.0817 17.0817 18.0815 19.0815 20.0814 21.0813 22.0813 23.0813 24.0812 
25.0812 26.0811 27.0809 28.081 29.0807 30.0807 31.0807 32.0806 33.0804 
34.079 35.0788 36.0788 37.0788 38.0788 39.0788 40.0787 41.0786 42.0785 
43.0785 44.0785 45.0784 -46.623 -45.8731 -44.8734 -43.8735 -42.8736 -41.8736 
-40.8736 -39.8736 -38.8736 -37.8737 -36.8737 -35.8737 -34.8737 -33.8737 -32.8737 
-31.8737 -30.8738 -29.8738 -28.8737 -27.8738 -26.8738 -25.8738 -24.8738 -23.874 
-22.8741 -21.8743 -20.8744 -19.8744 -18.8744 -17.8745 -16.8745 -15.8745 -14.8745 
-13.8745 -12.8745 -11.8746 -10.8746 -9.87459 -8.87459 -7.87459 -6.87459 -5.87459 
-4.8746 -3.87459 -2.87459 -1.87459 -0.874584 0.45861 1.45861 2.4586 3.45856 
4.45842 5.45833 6.45828 7.45822 8.45826 9.45822 10.458 11.4579 12.4579 
13.4578 14.4577 15.4576 16.4575 17.4575 18.4575 19.4574 20.4572 21.4572 
22.4572 23.4572 24.4572 25.457 26.4569 27.4567 28.4566 29.4566 30.4565 
31.456 32.4559 33.4557 34.4556 35.4546 36.4545 37.4545 38.4545 39.4545 
40.4545 41.4545 42.4545 43.4544 44.4544 45.4545 -46.7649 -45.7652 -44.7653 
-43.7653 -42.7653 -41.7653 -40.7653 -39.7653 -38.7653 -37.7654 -36.7653 -35.7654 
-34.7654 -33.7654 -32.7654 -31.7654 -30.7655 -29.7655 -28.7654 -27.7655 -26.7655 
-25.7655 -24.7655 -23.7656 -22.7657 -21.7659 -20.7661 -19.7661 -18.7662 -17.7662 
-16.7662 -15.7662 -14.7663 -13.7663 -12.7663 -11.7663 -10.7663 -9.76633 -8.76634 
-7.76633 -6.76635 -5.76634 -4.76633 -3.76634 -2.76633 -1.76635 -0.766356 0.536892 
1.53688 2.53685 3.5368 4.53673 5.53667 6.53669 7.53664 8.53664 9.53654 
10.5365 11.5365 12.5365 13.5364 14.5364 15.5364 16.5363 17.5362 18.5361 
19.5361 20.536 21.5359 22.5359 23.5358 24.5358 25.5358 26.5356 27.5354 
28.5352 29.5351 30.5349 31.535 32.535 33.5341 34.5332 35.5332 36.5331 
37.5332 38.5331 39.5331 40.5329 41.5329 42.5328 43.5328 44.5327 45.5326 
-47.6643 -46.9142 -45.9142 -44.9144 -43.9143 -42.9144 -41.9143 -40.9144 -39.9144 
-38.9144 -37.9144 -36.9145 -35.9145 -34.9144 -33.9144 -32.9144 -31.9144 -30.9145 
-29.9145 -28.9145 -27.9145 -26.9146 -25.9146 -24.9146 -23.9146 -22.9147 -21.9149 
-20.9149 -19.915 -18.915 -17.915 -16.9151 -15.9151 -14.9151 -13.9152 -12.9152 
-11.9152 -10.9152 -9.91523 -8.91523 -7.91523 -6.91522 -5.91523 -4.91524 -3.91524 
-2.91524 -1.91524 -0.915247 0.395813 1.39581 2.39578 3.39577 4.39568 5.39563 
6.39558 7.39559 8.3956 9.39547 10.3954 11.3954 12.3954 13.3954 14.3953 
15.3953 16.3953 17.3952 18.3951 19.3951 20.395 21.3949 22.3949 23.3949 
24.3948 25.3947 26.3946 27.3944 28.3943 29.3941 30.394 31.3939 32.3939 
33.392 34.3904 35.3904 36.3903 37.3904 38.3903 39.3902 40.3902 41.3901 
42.39 43.39 44.39 45.3899 -47.5555 -46.8055 -45.8055 -44.8056 -43.8056 
-42.8056 -41.8055 -40.8056 -39.8056 -38.8057 -37.8057 -36.8058 -35.8058 -34.8057 
-33.8058 -32.8058 -31.8058 -30.8058 -29.8058 -28.8058 -27.8058 -26.8059 -25.8059 
-24.806 -23.8062 -22.8064 -21.8066 -20.8067 -19.8069 -18.807 -17.8071 -16.8071 
-15.8072 -14.8073 -13.8073 -12.8073 -11.8073 -10.8074 -9.80736 -8.80737 -7.80737 
-6.80736 -5.80738 -4.80737 -3.80738 -2.80738 -1.80738 -0.80738 0.307358 1.42212 
2.42211 3.42208 4.42196 5.42184 6.42177 7.42173 8.42171 9.42162 10.4216 
11.4215 12.4215 13.4215 14.4215 15.4214 16.4214 17.4212 18.4212 19.4211 
20.421 21.421 22.4209 23.4209 24.4209 25.4208 26.4208 27.4207 28.4205 
29.4204 30.4201 31.4201 32.42 33.4199 34.4199 35.4193 36.4192 37.4192 
38.4191 39.4191 40.419 41.419 42.4189 43.4189 44.4189 45.4189 -46.6704 
-45.9204 -44.9207 -43.9208 -42.9208 -41.9208 -40.9209 -39.9209 -38.9209 -37.9209 
-36.9209 -35.921 -34.921 -33.921 -32.921 -31.921 -30.921 -29.921 -28.921 
-27.921 -26.9211 -25.921 -24.9211 -23.9212 -22.9213 -21.9215 -20.9216 -19.9216 
-18.9217 -17.9217 -16.9217 -15.9217 -14.9217 -13.9218 -12.9218 -11.9218 -10.9218 
-9.92184 -8.92185 -7.92185 -6.92187 -5.92188 -4.92187 -3.92187 -2.92186 -1.92187 
-0.921866 0.224846 1.37155 2.37154 3.37152 4.37144 5.37133 6.37121 7.3712 
8.37121 9.3712 10.3711 11.371 12.3709 13.3709 14.3709 15.3708 16.3708 
17.3708 18.3706 19.3706 20.3705 21.3704 22.3704 23.3704 24.3704 25.3704 
26.3703 27.3702 28.3701 29.3699 30.3698 31.3698 32.3698 33.3697 34.3696 
35.3691 36.369 37.3689 38.369 39.3689 40.3689 41.3688 42.3687 43.3687 
44.3687 45.3687 -47.2769 -46.5271 -45.5274 -44.5275 -43.5275 -42.5275 -41.5276 
-40.5275 -39.5276 -38.5276 -37.5277 -36.5276 -35.5276 -34.5276 -33.5277 -32.5277 
-31.5277 -30.5277 -29.5277 -28.5277 -27.5278 -26.5278 -25.5278 -24.5278 -23.5279 
-22.5281 -21.5282 -20.5283 -19.5284 -18.5285 -17.5285 -16.5284 -15.5285 -14.5285 
-13.5285 -12.5285 -11.5286 -10.5286 -9.52859 -8.52858 -7.52858 -6.52859 -5.52859 
-4.52858 -3.52858 -2.52858 -1.52858 -0.778585 0.431091 1.4311 2.43107 3.43106 
4.43089 5.43086 6.43081 7.4308 8.43079 9.43069 10.4305 11.4306 12.4306 
13.4305 14.4304 15.4304 16.4303 17.4303 18.4302 19.4301 20.43 21.43 
22.43 23.4299 24.4299 25.4298 26.4297 27.4296 28.4296 29.4295 30.4294 
31.429 32.429 33.429 34.429 35.4284 36.4285 37.4285 38.4284 39.4285 
40.4284 41.4282 42.4282 43.4282 44.4282 45.4282 -47.3741 -46.6243 -45.6246 
-44.6246 -43.6247 -42.6246 -41.6247 -40.6247 -39.6247 -38.6247 -37.6247 -36.6248 
-35.6248 -34.6248 -33.6248 -32.6248 -31.6248 -30.6248 -29.6248 -28.6248 -27.6248 
-26.6248 -25.6248 -24.6249 -23.625 -22.6252 -21.6253 -20.6254 -19.6254 -18.6255 
-17.6255 -16.6255 -15.6255 -14.6256 -13.6256 -12.6256 -11.6256 -10.6256 -9.62563 
-8.62564 -7.62563 -6.62563 -5.62564 -4.62564 -3.62563 -2.62564 -1.62564 -0.875637 
0.369631 1.11964 2.11962 3.11962 4.11953 5.11945 6.11937 7.11935 8.11936 
9.11932 10.1192 11.1191 12.119 13.1191 14.119 15.1188 16.1188 17.1188 
18.1187 19.1187 20.1187 21.1186 22.1186 23.1185 24.1185 25.1185 26.1184 
27.1183 28.1182 29.118 30.1178 31.1176 32.1176 33.1176 34.1176 35.1173 
36.117 37.117 38.1171 39.117 40.117 41.117 42.1169 43.1169 44.1169 
45.1169 46.1169 -46.2206 -45.4707 -44.471 -43.4711 -42.4712 -41.4712 -40.4712 
-39.4712 -38.4712 -37.4712 -36.4713 -35.4713 -34.4713 -33.4713 -32.4713 -31.4714 
-30.4715 -29.4715 -28.4715 -27.4715 -26.4715 -25.4716 -24.4716 -23.4718 -22.472 
-21.4721 -20.4721 -19.4722 -18.4722 -17.4722 -16.4722 -15.4723 -14.4723 -13.4723 
-12.4723 -11.4724 -10.4724 -9.47238 -8.47239 -7.47238 -6.4724 -5.47239 -4.47239 
-3.4724 -2.4724 -1.47239 -0.472409 0.551535 1.5515 2.55148 3.5514 4.55124 
5.55112 6.55112 7.5511 8.55113 9.55112 10.5511 11.5511 12.551 13.5511 
14.551 15.5509 16.5509 17.5507 18.5506 19.5505 20.5505 21.5504 22.5504 
23.5504 24.5503 25.5504 26.5502 27.5501 28.5498 29.5498 30.5496 31.5495 
32.5495 33.549 34.5483 35.5482 36.5481 37.5481 38.5481 39.5481 40.5481 
41.5479 42.5479 43.5479 44.5479 45.5478 -47.5845 -46.8346 -45.8347 -44.8347 
-43.8347 -42.8347 -41.8347 -40.8347 -39.8347 -38.8348 -37.8348 -36.8348 -35.8348 
-34.8348 -33.8348 -32.8348 -31.8348 -30.8348 -29.8348 -28.8348 -27.8349 -26.8348 
-25.8349 -24.8349 -23.8349 -22.8351 -21.8353 -20.8356 -19.8358 -18.8359 -17.8359 
-16.836 -15.836 -14.8361 -13.8361 -12.8361 -11.8361 -10.8361 -9.83617 -8.83617 
-7.83619 -6.83618 -5.83617 -4.83619 -3.83617 -2.83617 -1.83619 -0.836199 0.333675 
1.33366 2.33365 3.33368 4.33356 5.33342 6.33338 7.33339 8.33334 9.33328 
10.3332 11.3332 12.3332 13.3331 14.3331 15.3331 16.3329 17.3329 18.3327 
19.3327 20.3326 21.3326 22.3326 23.3325 24.3325 25.3324 26.3324 27.3323 
28.3322 29.332 30.3317 31.3314 32.3313 33.3313 34.3307 35.3306 36.3304 
37.3304 38.3303 39.3303 40.3302 41.3302 42.3302 43.3302 44.3301 45.3301 
46.3301 -47.8004 -46.8005 -45.8005 -44.8007 -43.8009 -42.8012 -41.8017 -40.802 
-39.8022 -38.8022 -37.8023 -36.8023 -35.8023 -34.8023 -33.8023 -32.8023 -31.8023 
-30.8024 -29.8024 -28.8024 -27.803 -26.803 -25.8031 -24.8032 -23.8032 -22.8034 
-21.8034 -20.8037 -19.804 -18.8042 -17.8045 -16.8046 -15.8048 -14.8049 -13.8049 
-12.805 -11.805 -10.8051 -9.80514 -8.80515 -7.80516 -6.80514 -5.80516 -4.80515 
-3.80515 -2.80515 -1.80517 -0.805178 0.129349 1.06389 2.06388 3.06387 4.06375 
5.06366 6.06347 7.06348 8.06348 9.0635 10.0634 11.0634 12.0633 13.0633 
14.0633 15.0632 16.0632 17.0631 18.063 19.063 20.0629 21.0627 22.0627 
23.0627 24.0627 25.0626 26.0625 27.0624 28.0623 29.0621 30.062 31.0618 
32.0617 33.0616 34.0608 35.0598 36.0596 37.0595 38.0595 39.0594 40.0594 
41.0593 42.0593 43.0593 44.0593 45.0593 46.0592 -47.6788 -46.6789 -45.6791 
-44.6791 -43.6791 -42.6791 -41.6791 -40.6791 -39.6791 -38.6792 -37.6792 -36.6792 
-35.6792 -34.6792 -33.6792 -32.6792 -31.6793 -30.6792 -29.6793 -28.6793 -27.6793 
-26.6793 -25.6793 -24.6794 -23.6794 -22.6797 -21.6798 -20.6799 -19.6801 -18.6801 
-17.6802 -16.6802 -15.6802 -14.6803 -13.6803 -12.6803 -11.6803 -10.6803 -9.68032 
-8.68033 -7.68032 -6.68031 -5.68032 -4.68031 -3.68033 -2.68033 -1.68033 -0.930325 
0.410387 1.16041 2.16039 3.16039 4.1604 5.16023 6.16021 7.16021 8.1602 
9.16009 10.1601 11.1601 12.1601 13.1601 14.16 15.16 16.16 17.1599 
18.1599 19.1598 20.1597 21.1597 22.1596 23.1596 24.1596 25.1596 26.1594 
27.1594 28.1592 29.1591 30.1589 31.1588 32.1587 33.1587 34.1586 35.1584 
36.1582 37.1582 38.1582 39.1582 40.158 41.158 42.1579 43.1579 44.1579 
45.1579 46.1579 -47.6801 -46.9302 -45.9302 -44.9304 -43.9305 -42.9307 -41.9311 
-40.9315 -39.9316 -38.9317 -37.9317 -36.9318 -35.9318 -34.9319 -33.9318 -32.9319 
-31.9319 -30.9319 -29.9319 -28.9319 -27.9325 -26.9325 -25.9326 -24.9328 -23.9328 
-22.9329 -21.9332 -20.9335 -19.9337 -18.934 -17.9342 -16.9344 -15.9344 -14.9344 
-13.9345 -12.9345 -11.9345 -10.9345 -9.93457 -8.93458 -7.93459 -6.9346 -5.93459 
-4.9346 -3.93459 -2.93459 -1.93461 -0.934602 0.203472 1.3975 2.39751 3.39749 
4.39737 5.39728 6.39729 7.3973 8.39727 9.39717 10.3971 11.3971 12.397 
13.397 14.3969 15.3969 16.3968 17.3968 18.3968 19.3966 20.3965 21.3965 
22.3965 23.3965 24.3964 25.3964 26.3963 27.3963 28.3962 29.396 30.3957 
31.3957 32.3956 33.3956 34.3947 35.3944 36.3942 37.3941 38.394 39.394 
40.394 41.3939 42.3939 43.3939 44.3939 45.3939 46.3937 -46.5994 -45.5996 
-44.5998 -43.5999 -42.5999 -41.6 -40.6 -39.6 -38.6 -37.6 -36.6 
-35.6 -34.6 -33.6 -32.6001 -31.6001 -30.6001 -29.6001 -28.6001 -27.6001 
-26.6001 -25.6001 -24.6002 -23.6003 -22.6003 -21.6004 -20.6005 -19.6005 -18.6006 
-17.6006 -16.6006 -15.6006 -14.6006 -13.6006 -12.6007 -11.6007 -10.6007 -9.60071 
-8.6007 -7.6007 -6.60071 -5.60071 -4.60072 -3.60071 -2.6007 -1.60071 -0.600729 
0.456643 1.20662 2.2066 3.2066 4.2065 5.2064 6.20638 7.20637 8.20636 
9.20634 10.2063 11.2063 12.2063 13.2063 14.2062 15.2061 16.2061 17.2061 
18.206 19.2059 20.2058 21.2058 22.2058 23.2057 24.2057 25.2057 26.2056 
27.2055 28.2054 29.2052 30.205 31.2046 32.2045 33.2044 34.2044 35.2039 
36.2038 37.2038 38.2038 39.2038 40.2038 41.2037 42.2037 43.2037 44.2037 
45.2037 -46.9251 -45.9252 -44.9252 -43.9252 -42.9252 -41.9252 -40.9252 -39.9252 
-38.9253 -37.9253 -36.9254 -35.9254 -34.9254 -33.9254 -32.9254 -31.9254 -30.9254 
-29.9254 -28.9254 -27.9256 -26.9259 -25.9259 -24.9259 -23.9261 -22.9263 -21.9265 
-20.9266 -19.9267 -18.9268 -17.9269 -16.927 -15.9271 -14.9271 -13.9272 -12.9272 
-11.9272 -10.9272 -9.92723 -8.92725 -7.92724 -6.92724 -5.92725 -4.92725 -3.92725 
-2.92725 -1.92725 -0.927262 0.146521 1.22033 2.22032 3.22033 4.22021 5.22003 
6.21995 7.21999 8.21997 9.21986 10.2198 11.2196 12.2195 13.2195 14.2195 
15.2194 16.2194 17.2193 18.2192 19.2191 20.219 21.219 22.219 23.219 
24.219 25.2189 26.2188 27.2186 28.2186 29.2184 30.2185 31.2181 32.218 
33.218 34.2172 35.2168 36.2165 37.2165 38.2165 39.2164 40.2164 41.2163 
42.2163 43.2162 44.2162 45.2162 46.2162 -47.1973 -46.4476 -45.4476 -44.4477 
-43.4477 -42.4477 -41.4477 -40.4477 -39.4477 -38.4477 -37.4477 -36.4478 -35.4477 
-34.4478 -33.4478 -32.4478 -31.4478 -30.4478 -29.4478 -28.4478 -27.4479 -26.4479 
-25.4479 -24.4479 -23.448 -22.4481 -21.4482 -20.4484 -19.4484 -18.4484 -17.4484 
-16.4485 -15.4485 -14.4486 -13.4486 -12.4486 -11.4486 -10.4486 -9.44863 -8.44863 
-7.44861 -6.44861 -5.44862 -4.44862 -3.44862 -2.44861 -1.44862 -0.698625 0.345895 
1.3459 2.3459 3.34582 4.34579 5.34577 6.34575 7.34574 8.34576 9.34564 
10.3457 11.3456 12.3456 13.3456 14.3456 15.3455 16.3454 17.3453 18.3452 
19.3452 20.3451 21.345 22.345 23.345 24.345 25.3449 26.3448 27.3447 
28.3447 29.3445 30.3443 31.3439 32.3438 33.3435 34.3426 35.3426 36.3425 
37.3424 38.3425 39.3424 40.3425 41.3424 42.3424 43.3423 44.3423 45.3423 
-47.45 -46.7 -45.7001 -44.7001 -43.7001 -42.7001 -41.7001 -40.7001 -39.7001 
-38.7001 -37.7002 -36.7002 -35.7002 -34.7002 -33.7002 -32.7003 -31.7002 -30.7003 
-29.7003 -28.7003 -27.7003 -26.7003 -25.7003 -24.7004 -23.7005 -22.7006 -21.7007 
-20.7009 -19.701 -18.7011 -17.7011 -16.7011 -15.7011 -14.7012 -13.7012 -12.7012 
-11.7012 -10.7012 -9.70124 -8.70124 -7.70124 -6.70124 -5.70123 -4.70124 -3.70124 
-2.70125 -1.70125 -0.951267 0.502415 1.50243 2.50242 3.5024 4.5023 5.50221 
6.50216 7.50215 8.50214 9.502 10.502 11.5019 12.5019 13.5019 14.5018 
15.5017 16.5017 17.5016 18.5014 19.5014 20.5013 21.5012 22.5012 23.5012 
24.5011 25.5011 26.501 27.5008 28.5007 29.5003 30.5003 31.5002 32.5001 
33.5001 34.4994 35.4994 36.4993 37.4993 38.4993 39.4993 40.4992 41.4992 
42.4991 43.499 44.499 45.499 -47.5725 -46.8225 -45.8226 -44.8226 -43.8226 
-42.8226 -41.8226 -40.8226 -39.8226 -38.8226 -37.8227 -36.8227 -35.8227 -34.8227 
-33.8227 -32.8227 -31.8227 -30.8227 -29.8227 -28.8228 -27.8228 -26.823 -25.823 
-24.8231 -23.8232 -22.8233 -21.8234 -20.8236 -19.8238 -18.8239 -17.824 -16.8241 
-15.8241 -14.8242 -13.8242 -12.8242 -11.8242 -10.8242 -9.82424 -8.82426 -7.82425 
-6.82426 -5.82425 -4.82426 -3.82426 -2.82426 -1.82427 -0.824276 0.31609 1.45647 
2.45646 3.45644 4.45631 5.45621 6.45612 7.4561 8.4561 9.45605 10.456 
11.456 12.456 13.456 14.4559 15.4559 16.4559 17.4558 18.4558 19.4557 
20.4557 21.4557 22.4556 23.4556 24.4556 25.4554 26.4553 27.4552 28.4552 
29.4549 30.4546 31.4546 32.4545 33.4543 34.4543 35.454 36.454 37.454 
38.4539 39.4539 40.454 41.4539 42.4538 43.4538 44.4538 45.4538 -45.4908 
-44.4911 -43.4912 -42.4912 -41.4912 -40.4912 -39.4912 -38.4912 -37.4912 -36.4913 
-35.4913 -34.4913 -33.4914 -32.4915 -31.4917 -30.4917 -29.4918 -28.4919 -27.4919 
-26.4919 -25.4919 -24.492 -23.492 -22.4922 -21.4922 -20.4923 -19.4924 -18.4924 
-17.4924 -16.4924 -15.4924 -14.4924 -13.4924 -12.4925 -11.4926 -10.4926 -9.49261 
-8.49262 -7.49261 -6.49262 -5.49262 -4.49263 -3.49262 -2.49262 -1.49262 -0.492638 
0.396716 1.39669 2.39664 3.39654 4.39638 5.39633 6.39635 7.39636 8.39632 
9.39623 10.3961 11.3961 12.3961 13.3961 14.3961 15.396 16.396 17.3958 
18.3958 19.3957 20.3956 21.3956 22.3955 23.3955 24.3955 25.3955 26.3955 
27.3953 28.3952 29.3949 30.3948 31.3947 32.3946 33.3928 34.392 35.392 
36.392 37.392 38.3919 39.3919 40.3919 41.3917 42.3917 43.3918 44.3917 
45.3916 -46.5446 -45.7948 -44.795 -43.795 -42.795 -41.795 -40.795 -39.795 
-38.795 -37.7951 -36.7951 -35.7951 -34.7951 -33.7951 -32.7951 -31.7951 -30.7952 
-29.7952 -28.7952 -27.7952 -26.7952 -25.7952 -24.7953 -23.7953 -22.7955 -21.7956 
-20.7957 -19.7958 -18.7958 -17.7959 -16.7959 -15.7959 -14.7959 -13.7959 -12.7959 
-11.7959 -10.7959 -9.79595 -8.79595 -7.79597 -6.79596 -5.79596 -4.79595 -3.79597 
-2.79596 -1.79596 -0.795956 0.28784 1.37165 2.37166 3.3716 4.37158 5.37154 
6.37155 7.37153 8.37151 9.37148 10.3714 11.3713 12.3714 13.3713 14.3713 
15.3712 16.3712 17.3711 18.3711 19.371 20.3709 21.3708 22.3708 23.3708 
24.3708 25.3707 26.3707 27.3707 28.3706 29.3705 30.3702 31.3702 32.3702 
33.3697 34.3692 35.369 36.369 37.369 38.369 39.3689 40.3688 41.3688 
42.3688 43.3688 44.3687 45.3687 -45.7847 -44.785 -43.7851 -42.7851 -41.7851 
-40.7851 -39.7852 -38.7852 -37.7851 -36.7852 -35.7852 -34.7852 -33.7852 -32.7853 
-31.7853 -30.7854 -29.7854 -28.7854 -27.7855 -26.7855 -25.7855 -24.7855 -23.7858 
-22.7858 -21.7859 -20.786 -19.786 -18.786 -17.7861 -16.786 -15.7861 -14.7861 
-13.7861 -12.7861 -11.7862 -10.7862 -9.78619 -8.7862 -7.7862 -6.7862 -5.78621 
-4.7862 -3.7862 -2.78621 -1.78622 -0.786218 0.196931 1.18006 2.18001 3.17996 
4.17995 5.17993 6.17987 7.17987 8.17982 9.17965 10.1796 11.1795 12.1795 
13.1795 14.1795 15.1794 16.1793 17.1792 18.1791 19.1791 20.1791 21.1789 
22.1789 23.1789 24.1789 25.1787 26.1787 27.1785 28.1784 29.1781 30.1778 
31.1778 32.1776 33.1763 34.175 35.1749 36.1749 37.1749 38.1749 39.1748 
40.1746 41.1745 42.1745 43.1745 44.1745 45.1745 -47.5045 -46.7545 -45.7545 
-44.7546 -43.7546 -42.7546 -41.7546 -40.7546 -39.7546 -38.7546 -37.7547 -36.7548 
-35.7548 -34.7547 -33.7548 -32.7548 -31.7547 -30.7547 -29.7548 -28.7548 -27.7548 
-26.7548 -25.7548 -24.7548 -23.7549 -22.7551 -21.7553 -20.7554 -19.7556 -18.7557 
-17.7557 -16.7558 -15.7558 -14.7558 -13.7559 -12.7559 -11.7559 -10.7559 -9.75596 
-8.75595 -7.75596 -6.75596 -5.75596 -4.75596 -3.75596 -2.75597 -1.75597 -0.755973 
0.320709 1.07072 2.07071 3.07071 4.0707 5.07046 6.07038 7.07034 8.07035 
9.07037 10.0703 11.0703 12.0702 13.0702 14.0702 15.0701 16.0701 17.07 
18.0699 19.0698 20.0697 21.0696 22.0696 23.0696 24.0696 25.0695 26.0695 
27.0693 28.0693 29.0692 30.0688 31.0687 32.0687 33.0686 34.0686 35.0683 
36.068 37.0676 38.0675 39.0675 40.0674 41.0673 42.0673 43.0672 44.0673 
45.0673 46.0672 -46.7979 -45.798 -44.798 -43.798 -42.798 -41.798 -40.7981 
-39.7981 -38.7981 -37.7982 -36.7983 -35.7983 -34.7983 -33.7983 -32.7983 -31.7983 
-30.7983 -29.7984 -28.7984 -27.7985 -26.7987 -25.7986 -24.7987 -23.7987 -22.7988 
-21.7991 -20.7992 -19.7995 -18.7997 -17.7998 -16.7999 -15.8 -14.8002 -13.8001 
-12.8002 -11.8002 -10.8002 -9.80025 -8.80025 -7.80025 -6.80026 -5.80026 -4.80026 
-3.80026 -2.80026 -1.80028 -0.800277 0.198124 1.19654 2.19653 3.19654 4.19644 
5.19634 6.1962 7.19618 8.19619 9.19617 10.1961 11.1961 12.196 13.196 
14.196 15.1959 16.1959 17.1958 18.1958 19.1957 20.1956 21.1957 22.1956 
23.1957 24.1956 25.1955 26.1955 27.1954 28.1952 29.1951 30.1951 31.1949 
32.1949 33.1948 34.1942 35.194 36.1936 37.1935 38.1935 39.1934 40.1934 
41.1933 42.1933 43.1933 44.1933 45.1933 46.1933 -47.2162 -46.4664 -45.4666 
-44.4667 -43.4666 -42.4667 -41.4667 -40.4667 -39.4667 -38.4667 -37.4667 -36.4667 
-35.4667 -34.4668 -33.4668 -32.4668 -31.4668 -30.4668 -29.4668 -28.4668 -27.4668 
-26.4668 -25.4668 -24.4669 -23.467 -22.4672 -21.4673 -20.4673 -19.4674 -18.4674 
-17.4675 -16.4675 -15.4675 -14.4676 -13.4676 -12.4676 -11.4676 -10.4676 -9.46762 
-8.46761 -7.46763 -6.46761 -5.46762 -4.4676 -3.46762 -2.46763 -1.46763 -0.717621 
0.60061 1.35061 2.3506 3.3506 4.35051 5.35033 6.35016 7.35018 8.35017 
9.35015 10.35 11.3499 12.3498 13.3498 14.3497 15.3496 16.3495 17.3495 
18.3495 19.3494 20.3494 21.3493 22.3492 23.3493 24.3493 25.3492 26.3491 
27.349 28.3489 29.3488 30.3486 31.3484 32.3484 33.3484 34.3483 35.3481 
36.3477 37.3476 38.3476 39.3476 40.3475 41.3474 42.3473 43.3473 44.3473 
45.3473 46.3472 -46.5229 -45.773 -44.7733 -43.7734 -42.7734 -41.7734 -40.7734 
-39.7734 -38.7734 -37.7734 -36.7734 -35.7735 -34.7735 -33.7735 -32.7735 -31.7736 
-30.7736 -29.7736 -28.7737 -27.7737 -26.7737 -25.7737 -24.7737 -23.7738 -22.774 
-21.7741 -20.7743 -19.7743 -18.7743 -17.7743 -16.7743 -15.7743 -14.7744 -13.7744 
-12.7744 -11.7744 -10.7745 -9.77448 -8.77447 -7.77448 -6.77447 -5.77448 -4.77447 
-3.77448 -2.77447 -1.77448 -0.774476 0.259003 1.25899 2.25895 3.25887 4.25886 
5.25881 6.25877 7.25873 8.25877 9.25868 10.2586 11.2586 12.2586 13.2586 
14.2585 15.2585 16.2582 17.2583 18.2582 19.2582 20.258 21.258 22.258 
23.2579 24.2579 25.2578 26.2578 27.2576 28.2575 29.2573 30.2572 31.2572 
32.2571 33.2571 34.2569 35.2568 36.2566 37.2566 38.2566 39.2566 40.2565 
41.2564 42.2564 43.2564 44.2564 45.2564 -46.4819 -45.4822 -44.4823 -43.4823 
-42.4824 -41.4824 -40.4824 -39.4824 -38.4824 -37.4824 -36.4824 -35.4824 -34.4824 
-33.4825 -32.4825 -31.4825 -30.4825 -29.4825 -28.4826 -27.4826 -26.4825 -25.4826 
-24.4826 -23.4827 -22.4828 -21.4828 -20.4829 -19.4829 -18.483 -17.4831 -16.483 
-15.483 -14.4831 -13.4831 -12.4831 -11.4832 -10.4832 -9.48319 -8.4832 -7.4832 
-6.48319 -5.4832 -4.48322 -3.48319 -2.48319 -1.4832 -0.483199 0.407253 1.15724 
2.15721 3.15715 4.15706 5.15687 6.15689 7.15687 8.15686 9.15683 10.1568 
11.1566 12.1567 13.1566 14.1566 15.1565 16.1564 17.1563 18.1562 19.1561 
20.1561 21.156 22.156 23.1559 24.1559 25.1558 26.1557 27.1556 28.1555 
29.1553 30.1551 31.1551 32.155 33.1544 34.1539 35.1537 36.1537 37.1537 
38.1537 39.1536 40.1536 41.1535 42.1535 43.1534 44.1534 45.1534 -47.5361 
-46.5362 -45.5362 -44.5362 -43.5363 -42.5363 -41.5362 -40.5362 -39.5363 -38.5363 
-37.5363 -36.5364 -35.5364 -34.5364 -33.5364 -32.5364 -31.5364 -30.5364 -29.5364 
-28.5364 -27.5365 -26.5365 -25.5364 -24.5365 -23.5365 -22.5367 -21.5368 -20.537 
-19.5371 -18.5372 -17.5373 -16.5373 -15.5374 -14.5374 -13.5374 -12.5374 -11.5374 
-10.5374 -9.53744 -8.53744 -7.53744 -6.53744 -5.53744 -4.53744 -3.53746 -2.53746 
-1.53747 -0.787467 0.457759 1.45777 2.45776 3.45775 4.45764 5.45751 6.45746 
7.45744 8.45746 9.45737 10.4573 11.4573 12.4573 13.4573 14.4572 15.4572 
16.4571 17.457 18.4569 19.4568 20.4567 21.4566 22.4566 23.4566 24.4566 
25.4565 26.4564 27.4563 28.4561 29.4559 30.4556 31.4552 32.4551 33.4551 
34.4545 35.4545 36.4543 37.4542 38.4542 39.4541 40.454 41.454 42.4539 
43.4539 44.454 45.4539 -46.4926 -45.4927 -44.4927 -43.4927 -42.4927 -41.4928 
-40.4927 -39.4927 -38.4928 -37.4928 -36.4928 -35.4928 -34.4928 -33.4928 -32.4929 
-31.4928 -30.4929 -29.4929 -28.4929 -27.4929 -26.4929 -25.4929 -24.493 -23.493 
-22.4932 -21.4933 -20.4935 -19.4935 -18.4935 -17.4935 -16.4935 -15.4936 -14.4936 
-13.4936 -12.4936 -11.4936 -10.4937 -9.49365 -8.49366 -7.49366 -6.49367 -5.49367 
-4.49365 -3.49366 -2.49366 -1.49366 -0.493664 0.474807 1.22478 2.22479 3.22471 
4.22468 5.22466 6.22465 7.22463 8.22467 9.22457 10.2245 11.2244 12.2244 
13.2244 14.2243 15.2241 16.224 17.2239 18.2238 19.2237 20.2237 21.2236 
22.2236 23.2236 24.2235 25.2235 26.2233 27.2232 28.223 29.223 30.2228 
31.2226 32.2226 33.2219 34.2212 35.2211 36.221 37.221 38.221 39.2209 
40.2208 41.2208 42.2207 43.2206 44.2206 45.2206 -47.5553 -46.5553 -45.5554 
-44.5553 -43.5553 -42.5553 -41.5554 -40.5554 -39.5554 -38.5554 -37.5554 -36.5555 
-35.5554 -34.5555 -33.5555 -32.5555 -31.5555 -30.5555 -29.5555 -28.5556 -27.5556 
-26.5555 -25.5556 -24.5556 -23.5557 -22.5559 -21.5559 -20.5561 -19.5562 -18.5562 
-17.5563 -16.5563 -15.5563 -14.5564 -13.5564 -12.5564 -11.5564 -10.5564 -9.55644 
-8.55644 -7.55644 -6.55643 -5.55643 -4.55643 -3.55644 -2.55644 -1.55644 -0.806444 
0.362674 1.11269 2.11268 3.11263 4.11263 5.11265 6.11262 7.11262 8.11261 
9.11251 10.1124 11.1124 12.1124 13.1124 14.1124 15.1123 16.1122 17.1122 
18.1121 19.112 20.1119 21.1119 22.1118 23.1118 24.1118 25.1117 26.1116 
27.1115 28.1114 29.1114 30.111 31.1108 32.1107 33.1107 34.1104 35.11 
36.1098 37.1098 38.1098 39.1097 40.1097 41.1097 42.1097 43.1096 44.1096 
45.1096 46.1095 -47.3354 -46.5854 -45.5854 -44.5855 -43.5855 -42.5855 -41.5855 
-40.5855 -39.5856 -38.5856 -37.5856 -36.5856 -35.5856 -34.5856 -33.5856 -32.5856 
-31.5856 -30.5856 -29.5856 -28.5856 -27.5857 -26.5859 -25.5859 -24.586 -23.5861 
-22.5862 -21.5864 -20.5866 -19.5868 -18.587 -17.587 -16.5871 -15.5872 -14.5872 
-13.5872 -12.5872 -11.5873 -10.5873 -9.58729 -8.5873 -7.58731 -6.58731 -5.5873 
-4.58731 -3.5873 -2.58731 -1.58732 -0.58734 0.374513 1.1245 2.1245 3.12448 
4.12434 5.12403 6.12391 7.12392 8.1239 9.12389 10.1238 11.1237 12.1237 
13.1237 14.1236 15.1236 16.1235 17.1234 18.1233 19.1233 20.1232 21.1231 
22.123 23.123 24.123 25.1229 26.1229 27.1227 28.1227 29.1227 30.1222 
31.1221 32.1219 33.1219 34.1215 35.121 36.1208 37.1208 38.1208 39.1208 
40.1207 41.1207 42.1206 43.1205 44.1206 45.1206 46.1205 -45.663 -44.6633 
-43.6634 -42.6635 -41.6635 -40.6636 -39.6635 -38.6636 -37.6636 -36.6636 -35.6636 
-34.6636 -33.6637 -32.6637 -31.6638 -30.6638 -29.6639 -28.6639 -27.6639 -26.6639 
-25.664 -24.664 -23.6642 -22.6644 -21.6645 -20.6646 -19.6646 -18.6647 -17.6646 
-16.6647 -15.6647 -14.6647 -13.6647 -12.6648 -11.6648 -10.6648 -9.66485 -8.66486 
-7.66486 -6.66487 -5.66486 -4.66487 -3.66486 -2.66487 -1.66487 -0.664877 0.283966 
1.28395 2.28393 3.28393 4.28365 5.28355 6.28348 7.28347 8.28341 9.28343 
10.2835 11.2834 12.2834 13.2834 14.2833 15.2832 16.2832 17.2831 18.283 
19.2829 20.2829 21.2829 22.2829 23.2829 24.2828 25.2828 26.2826 27.2825 
28.2825 29.2823 30.2822 31.2819 32.2819 33.2816 34.2812 35.2804 36.2803 
37.2802 38.2802 39.2802 40.2802 41.2802 42.2802 43.2802 44.2801 45.2802 
-46.8961 -45.8966 -44.8967 -43.8968 -42.8968 -41.8968 -40.8968 -39.8969 -38.8969 
-37.8969 -36.897 -35.8969 -34.8969 -33.8969 -32.8969 -31.897 -30.897 -29.897 
-28.897 -27.8971 -26.8971 -25.8971 -24.8971 -23.8972 -22.8973 -21.8974 -20.8975 
-19.8976 -18.8977 -17.8977 -16.8977 -15.8977 -14.8977 -13.8977 -12.8977 -11.8977 
-10.8977 -9.89774 -8.89775 -7.89775 -6.89776 -5.89777 -4.89776 -3.89775 -2.89777 
-1.89776 -0.897757 0.34684 1.34684 2.34684 3.34675 4.34675 5.3467 6.34668 
7.34671 8.34665 9.3465 10.3465 11.3466 12.3465 13.3465 14.3465 15.3464 
16.3463 17.3462 18.346 19.346 20.3459 21.3459 22.3459 23.3458 24.3458 
25.3458 26.3457 27.3456 28.3456 29.3454 30.3451 31.3447 32.3447 33.3444 
34.3441 35.3441 36.3439 37.344 38.3439 39.3439 40.3438 41.3438 42.3438 
43.3437 44.3437 45.3437 -45.8337 -44.834 -43.8341 -42.8341 -41.8342 -40.8341 
-39.8342 -38.8342 -37.8342 -36.8342 -35.8342 -34.8343 -33.8343 -32.8343 -31.8343 
-30.8343 -29.8343 -28.8344 -27.8344 -26.8344 -25.8344 -24.8345 -23.8347 -22.8349 
-21.835 -20.835 -19.8351 -18.8351 -17.8351 -16.8351 -15.8351 -14.8351 -13.8351 
-12.8352 -11.8352 -10.8352 -9.83526 -8.83526 -7.83526 -6.83526 -5.83526 -4.83525 
-3.83528 -2.83526 -1.83525 -0.835276 0.127757 1.09074 2.09071 3.09066 4.09061 
5.0906 6.09053 7.09055 8.09054 9.09032 10.0903 11.0903 12.0903 13.0903 
14.0902 15.0901 16.0901 17.0901 18.0899 19.0898 20.0897 21.0897 22.0897 
23.0896 24.0896 25.0896 26.0894 27.0894 28.0892 29.0892 30.0889 31.0889 
32.0889 33.0883 34.0877 35.0875 36.0874 37.0874 38.0874 39.0874 40.0873 
41.0872 42.0872 43.0872 44.0872 45.0871 -46.5731 -45.8233 -44.8233 -43.8234 
-42.8234 -41.8234 -40.8234 -39.8234 -38.8234 -37.8235 -36.8235 -35.8235 -34.8234 
-33.8235 -32.8236 -31.8236 -30.8236 -29.8236 -28.8237 -27.8237 -26.8237 -25.8237 
-24.8237 -23.8238 -22.824 -21.8241 -20.8241 -19.8242 -18.8242 -17.8242 -16.8242 
-15.8243 -14.8242 -13.8243 -12.8243 -11.8243 -10.8243 -9.82435 -8.82435 -7.82435 
-6.82436 -5.82435 -4.82437 -3.82435 -2.82435 -1.82435 -0.82436 0.263511 1.2635 
2.2635 3.26338 4.26336 5.26334 6.26331 7.26333 8.2633 9.26326 10.2632 
11.2631 12.2631 13.2631 14.2631 15.263 16.2628 17.2628 18.2627 19.2626 
20.2626 21.2625 22.2625 23.2624 24.2625 25.2624 26.2622 27.2621 28.262 
29.2619 30.2618 31.2617 32.2617 33.2611 34.2604 35.2603 36.2602 37.2602 
38.2601 39.2601 40.26 41.2599 42.2599 43.2598 44.2599 45.2597 -46.2458 
-45.496 -44.4961 -43.4961 -42.4962 -41.4962 -40.4962 -39.4962 -38.4962 -37.4962 
-36.4963 -35.4962 -34.4962 -33.4962 -32.4963 -31.4963 -30.4964 -29.4964 -28.4964 
-27.4964 -26.4964 -25.4964 -24.4964 -23.4964 -22.4966 -21.4967 -20.4968 -19.4969 
-18.4968 -17.4969 -16.4969 -15.4969 -14.4969 -13.4969 -12.497 -11.497 -10.497 
-9.49699 -8.49701 -7.49701 -6.497 -5.497 -4.497 -3.497 -2.497 -1.497 
-0.497012 0.315171 1.06516 2.06514 3.06509 4.06502 5.06492 6.06494 7.06492 
8.06491 9.06483 10.0647 11.0647 12.0646 13.0646 14.0645 15.0646 16.0645 
17.0645 18.0644 19.0643 20.0642 21.0642 22.0641 23.0641 24.0641 25.064 
26.0639 27.0637 28.0636 29.0635 30.0633 31.0632 32.0631 33.0621 34.0611 
35.0611 36.0611 37.061 38.061 39.061 40.061 41.0609 42.0609 43.0609 
44.0609 45.0607 -45.8878 -44.8881 -43.8883 -42.8883 -41.8883 -40.8883 -39.8884 
-38.8883 -37.8884 -36.8884 -35.8884 -34.8884 -33.8884 -32.8885 -31.8885 -30.8886 
-29.8886 -28.8887 -27.8887 -26.8887 -25.8886 -24.8888 -23.8888 -22.8889 -21.889 
-20.8891 -19.8891 -18.8891 -17.8892 -16.8892 -15.8892 -14.8892 -13.8892 -12.8892 
-11.8893 -10.8893 -9.8893 -8.88932 -7.88932 -6.88932 -5.88933 -4.88933 -3.88932 
-2.88931 -1.88933 -0.889323 0.107742 1.10479 2.10475 3.10471 4.10467 5.1046 
6.10457 7.10457 8.10455 9.10433 10.1043 11.1043 12.1042 13.1043 14.1042 
15.1042 16.104 17.1041 18.1039 19.1038 20.1037 21.1036 22.1036 23.1036 
24.1036 25.1035 26.1034 27.1034 28.1032 29.1032 30.1028 31.1029 32.1028 
33.1019 34.101 35.1009 36.1008 37.1009 38.1009 39.1008 40.1008 41.1007 
42.1007 43.1007 44.1006 45.1007 -47.523 -46.7731 -45.7731 -44.7732 -43.7732 
-42.7732 -41.7732 -40.7732 -39.7732 -38.7732 -37.7733 -36.7733 -35.7733 -34.7734 
-33.7733 -32.7733 -31.7733 -30.7734 -29.7734 -28.7734 -27.7734 -26.7735 -25.7735 
-24.7735 -23.7736 -22.7737 -21.7738 -20.7739 -19.774 -18.7742 -17.7742 -16.7743 
-15.7743 -14.7744 -13.7744 -12.7744 -11.7744 -10.7744 -9.77442 -8.77443 -7.77442 
-6.77442 -5.77442 -4.77442 -3.77443 -2.77443 -1.77443 -0.774449 0.390993 1.55645 
2.55645 3.5564 4.55628 5.55618 6.5562 7.55616 8.55612 9.55609 10.5561 
11.556 12.5561 13.556 14.5559 15.5559 16.5559 17.5557 18.5557 19.5557 
20.5557 21.5556 22.5556 23.5556 24.5555 25.5554 26.5552 27.5553 28.555 
29.5547 30.5546 31.5546 32.5545 33.5544 34.5535 35.5535 36.5534 37.5534 
38.5534 39.5533 40.5532 41.5532 42.5531 43.5531 44.5531 45.5531 -46.7623 
-45.7627 -44.7627 -43.7628 -42.7628 -41.7629 -40.763 -39.763 -38.763 -37.7631 
-36.7632 -35.7631 -34.7631 -33.7632 -32.7631 -31.7631 -30.7631 -29.7632 -28.7632 
-27.7632 -26.7633 -25.7633 -24.7635 -23.7636 -22.7638 -21.764 -20.7643 -19.7646 
-18.7649 -17.765 -16.7651 -15.7652 -14.7653 -13.7654 -12.7654 -11.7654 -10.7655 
-9.76547 -8.76548 -7.76548 -6.76547 -5.76548 -4.76547 -3.76547 -2.76549 -1.76549 
-0.765514 0.203542 1.17258 2.17259 3.17258 4.17256 5.17256 6.17256 7.17255 
8.17253 9.17247 10.1725 11.1724 12.1724 13.1723 14.1723 15.1723 16.1722 
17.1721 18.172 19.172 20.1719 21.1719 22.1719 23.1719 24.1719 25.1718 
26.1718 27.1717 28.1716 29.1714 30.1712 31.1711 32.1711 33.171 34.1704 
35.1702 36.1698 37.1697 38.1697 39.1696 40.1695 41.1695 42.1694 43.1694 
44.1694 45.1694 46.1693 -47.9069 -46.9069 -45.9069 -44.9071 -43.9072 -42.9073 
-41.9077 -40.908 -39.9082 -38.9082 -37.9082 -36.9083 -35.9084 -34.9084 -33.9084 
-32.9084 -31.9084 -30.9084 -29.9084 -28.9085 -27.909 -26.9091 -25.9091 -24.9092 
-23.9092 -22.9092 -21.9097 -20.9099 -19.9102 -18.9105 -17.9107 -16.9109 -15.9109 
-14.911 -13.911 -12.911 -11.911 -10.9111 -9.91116 -8.91118 -7.91119 -6.9112 
-5.91118 -4.91119 -3.9112 -2.91119 -1.91119 -0.9112 0.22838 1.42317 2.42318 
3.42315 4.42305 5.42278 6.42265 7.4226 8.42264 9.42263 10.4226 11.4225 
12.4225 13.4225 14.4224 15.4224 16.4224 17.4223 18.4222 19.4221 20.422 
21.4221 22.422 23.4221 24.422 25.4219 26.4218 27.4218 28.4217 29.4215 
30.4215 31.4212 32.4212 33.4212 34.4204 35.4203 36.4201 37.42 38.42 
39.4199 40.4198 41.4198 42.4198 43.4198 44.4198 45.4198 46.4197 -46.7643 
-45.7645 -44.7646 -43.7646 -42.7646 -41.7646 -40.7646 -39.7646 -38.7647 -37.7647 
-36.7647 -35.7647 -34.7648 -33.7647 -32.7648 -31.7648 -30.7649 -29.7649 -28.765 
-27.765 -26.765 -25.765 -24.7651 -23.7652 -22.7653 -21.7654 -20.7655 -19.7656 
-18.7656 -17.7656 -16.7656 -15.7656 -14.7657 -13.7657 -12.7657 -11.7657 -10.7658 
-9.76578 -8.7658 -7.76581 -6.7658 -5.7658 -4.76581 -3.76581 -2.76581 -1.76581 
-0.765833 0.155715 1.0772 2.07716 3.07708 4.07704 5.07703 6.077 7.077 
8.07699 9.07684 10.0768 11.0768 12.0767 13.0767 14.0767 15.0766 16.0765 
17.0765 18.0764 19.0763 20.0762 21.0762 22.0761 23.0761 24.0761 25.076 
26.0759 27.0757 28.0755 29.0753 30.0751 31.075 32.0747 33.0745 34.0744 
35.0743 36.0744 37.0744 38.0743 39.0743 40.0742 41.074 42.074 43.074 
44.074 45.0739 -47.6498 -46.8998 -45.9 -44.9 -43.9 -42.9 -41.9 
-40.9 -39.9001 -38.9 -37.9001 -36.9001 -35.9002 -34.9002 -33.9002 -32.9002 
-31.9002 -30.9002 -29.9002 -28.9002 -27.9002 -26.9002 -25.9002 -24.9002 -23.9003 
-22.9004 -21.9006 -20.9006 -19.9007 -18.9009 -17.9008 -16.9009 -15.9009 -14.9009 
-13.9009 -12.901 -11.901 -10.901 -9.90099 -8.901 -7.90099 -6.90102 -5.90099 
-4.90101 -3.90101 -2.90101 -1.901 -0.901009 0.20084 1.30266 2.30263 3.30262 
4.30258 5.30243 6.30241 7.30238 8.30236 9.30234 10.3023 11.3023 12.3023 
13.3023 14.3022 15.3022 16.3021 17.3021 18.302 19.302 20.3019 21.3018 
22.3018 23.3018 24.3017 25.3017 26.3015 27.3014 28.3012 29.301 30.3011 
31.3008 32.3008 33.3007 34.3002 35.3001 36.3001 37.3001 38.3001 39.3 
40.2999 41.2998 42.2997 43.2997 44.2997 45.2996 -47.5264 -46.5264 -45.5265 
-44.5265 -43.5266 -42.5267 -41.5268 -40.5271 -39.5271 -38.5271 -37.5272 -36.5273 
-35.5273 -34.5273 -33.5273 -32.5273 -31.5273 -30.5274 -29.5273 -28.5274 -27.5281 
-26.5283 -25.5284 -24.5285 -23.5287 -22.5289 -21.5289 -20.5292 -19.5294 -18.5297 
-17.5298 -16.5299 -15.5299 -14.5301 -13.5301 -12.5301 -11.5301 -10.5301 -9.53022 
-8.53022 -7.53022 -6.53023 -5.53023 -4.53022 -3.53023 -2.53023 -1.53024 -0.530269 
0.329501 1.3295 2.3295 3.3295 4.32938 5.32929 6.3293 7.32929 8.32927 
9.32918 10.3291 11.3291 12.329 13.3291 14.329 15.3289 16.3289 17.3287 
18.3286 19.3285 20.3285 21.3284 22.3284 23.3283 24.3283 25.3283 26.3281 
27.3281 28.328 29.3278 30.3277 31.3275 32.3274 33.3273 34.3261 35.3249 
36.3248 37.3248 38.3247 39.3247 40.3246 41.3246 42.3245 43.3245 44.3245 
45.3245 46.3244 -47.3049 -46.5549 -45.555 -44.555 -43.555 -42.555 -41.555 
-40.5551 -39.5551 -38.5551 -37.5552 -36.5552 -35.5552 -34.5552 -33.5552 -32.5552 
-31.5553 -30.5553 -29.5553 -28.5553 -27.5554 -26.5556 -25.5557 -24.5557 -23.5559 
-22.5561 -21.5561 -20.5564 -19.5566 -18.5568 -17.5568 -16.5569 -15.557 -14.5571 
-13.5571 -12.5571 -11.5572 -10.5572 -9.55719 -8.55721 -7.55721 -6.55721 -5.5572 
-4.55721 -3.55721 -2.55721 -1.55721 -0.557237 0.511851 1.51185 2.51184 3.5118 
4.51168 5.51153 6.51145 7.51146 8.51148 9.51138 10.5112 11.5112 12.5111 
13.5111 14.511 15.5109 16.5109 17.5108 18.5108 19.5107 20.5107 21.5106 
22.5106 23.5107 24.5106 25.5105 26.5104 27.5103 28.5101 29.51 30.5097 
31.5097 32.5097 33.5096 34.5081 35.5076 36.5075 37.5075 38.5075 39.5074 
40.5073 41.5073 42.5072 43.5072 44.5072 45.5072 -46.7654 -45.7656 -44.7657 
-43.7656 -42.7657 -41.7658 -40.7658 -39.7659 -38.7659 -37.7659 -36.7659 -35.766 
-34.766 -33.766 -32.766 -31.766 -30.766 -29.766 -28.7661 -27.766 -26.766 
-25.766 -24.7662 -23.7662 -22.7664 -21.7666 -20.7668 -19.7671 -18.7672 -17.7673 
-16.7675 -15.7676 -14.7677 -13.7677 -12.7677 -11.7678 -10.7678 -9.76781 -8.76781 
-7.76781 -6.76781 -5.76782 -4.76781 -3.76781 -2.76782 -1.76783 -0.767843 0.199778 
1.16741 2.16739 3.16737 4.16726 5.16718 6.16718 7.16717 8.16717 9.16707 
10.167 11.1671 12.167 13.167 14.167 15.1669 16.1668 17.1667 18.1667 
19.1666 20.1665 21.1665 22.1665 23.1664 24.1664 25.1664 26.1664 27.1662 
28.1661 29.1661 30.1658 31.1657 32.1656 33.1655 34.1649 35.1646 36.1643 
37.1641 38.1641 39.1641 40.1641 41.164 42.164 43.164 44.1639 45.164 
46.1639 -46.3502 -45.6005 -44.6007 -43.6008 -42.6009 -41.6009 -40.6009 -39.6009 
-38.6009 -37.6009 -36.6009 -35.601 -34.601 -33.6009 -32.601 -31.601 -30.6011 
-29.6011 -28.6011 -27.6011 -26.6011 -25.6012 -24.6012 -23.6012 -22.6014 -21.6015 
-20.6015 -19.6016 -18.6016 -17.6016 -16.6016 -15.6017 -14.6017 -13.6017 -12.6017 
-11.6017 -10.6018 -9.60178 -8.60178 -7.60178 -6.60179 -5.60178 -4.60178 -3.60178 
-2.60177 -1.60177 -0.601792 0.493672 1.49365 2.49367 3.49358 4.49346 5.49344 
6.4934 7.49344 8.49341 9.49342 10.4934 11.4933 12.4933 13.4933 14.4933 
15.4932 16.4932 17.4931 18.4931 19.493 20.4929 21.4929 22.4929 23.4929 
24.4928 25.4928 26.4927 27.4927 28.4924 29.4924 30.4924 31.4921 32.4921 
33.4916 34.491 35.4908 36.4908 37.4908 38.4907 39.4907 40.4906 41.4905 
42.4905 43.4905 44.4905 45.4905 -47.4691 -46.4692 -45.4693 -44.4693 -43.4693 
-42.4693 -41.4693 -40.4694 -39.4693 -38.4694 -37.4694 -36.4694 -35.4694 -34.4694 
-33.4694 -32.4694 -31.4694 -30.4694 -29.4694 -28.4694 -27.4695 -26.4694 -25.4695 
-24.4695 -23.4697 -22.4698 -21.4699 -20.47 -19.47 -18.4701 -17.4701 -16.4702 
-15.4702 -14.4702 -13.4703 -12.4703 -11.4703 -10.4703 -9.47029 -8.47029 -7.47029 
-6.47029 -5.47029 -4.47028 -3.4703 -2.4703 -1.47032 -0.720303 0.676067 1.42608 
2.42607 3.42606 4.42595 5.42555 6.42542 7.42543 8.42542 9.42538 10.4253 
11.4253 12.4253 13.4252 14.4252 15.4252 16.4251 17.425 18.4249 19.4248 
20.4247 21.4246 22.4246 23.4246 24.4246 25.4245 26.4244 27.4243 28.4242 
29.424 30.4238 31.4235 32.4233 33.4232 34.4226 35.4222 36.4222 37.4221 
38.4221 39.422 40.422 41.422 42.4219 43.422 44.4219 45.4219 46.4219 
-47.7825 -46.7826 -45.7826 -44.7828 -43.7829 -42.783 -41.7832 -40.7835 -39.7836 
-38.7836 -37.7837 -36.7837 -35.7837 -34.7837 -33.7837 -32.7837 -31.7837 -30.7837 
-29.7837 -28.7838 -27.7843 -26.7843 -25.7845 -24.7846 -23.7846 -22.7848 -21.7851 
-20.7854 -19.7857 -18.7859 -17.786 -16.7862 -15.7863 -14.7864 -13.7865 -12.7865 
-11.7866 -10.7867 -9.78667 -8.78669 -7.78671 -6.78669 -5.7867 -4.7867 -3.78671 
-2.7867 -1.78672 -0.786708 0.152118 1.09097 2.09098 3.09096 4.09086 5.09062 
6.0903 7.09031 8.09032 9.09026 10.0902 11.0901 12.0902 13.0901 14.0901 
15.0901 16.0901 17.0899 18.0898 19.0897 20.0897 21.0896 22.0894 23.0895 
24.0894 25.0894 26.0894 27.0893 28.0891 29.089 30.0883 31.0881 32.0881 
33.0879 34.0874 35.0868 36.0867 37.0867 38.0866 39.0865 40.0864 41.0864 
42.0864 43.0863 44.0864 45.0864 46.0863 -47.3912 -46.6412 -45.6413 -44.6413 
-43.6413 -42.6414 -41.6414 -40.6414 -39.6415 -38.6415 -37.6415 -36.6416 -35.6416 
-34.6416 -33.6416 -32.6416 -31.6416 -30.6416 -29.6416 -28.6416 -27.6418 -26.6419 
-25.6419 -24.642 -23.6421 -22.6423 -21.6425 -20.6427 -19.6429 -18.6431 -17.6432 
-16.6432 -15.6434 -14.6435 -13.6434 -12.6435 -11.6435 -10.6435 -9.64353 -8.64354 
-7.64354 -6.64355 -5.64354 -4.64355 -3.64355 -2.64355 -1.64355 -0.643582 0.48696 
1.48697 2.48695 3.48692 4.4868 5.48662 6.48656 7.48654 8.48655 9.48652 
10.4864 11.4864 12.4864 13.4863 14.4863 15.4862 16.4862 17.4862 18.4861 
19.486 20.4859 21.4859 22.4858 23.4858 24.4858 25.4857 26.4857 27.4856 
28.4856 29.4854 30.4852 31.485 32.4849 33.4847 34.4838 35.4836 36.4835 
37.4835 38.4834 39.4834 40.4833 41.4833 42.4832 43.4832 44.4832 45.4831 
-46.9116 -45.9117 -44.9117 -43.9117 -42.9117 -41.9117 -40.9118 -39.9117 -38.9118 
-37.9117 -36.9118 -35.9118 -34.9118 -33.9118 -32.9118 -31.9118 -30.9118 -29.9118 
-28.9118 -27.9119 -26.9119 -25.9119 -24.9119 -23.912 -22.912 -21.9121 -20.9122 
-19.9123 -18.9124 -17.9124 -16.9124 -15.9124 -14.9124 -13.9125 -12.9125 -11.9125 
-10.9125 -9.91254 -8.91255 -7.91255 -6.91256 -5.91254 -4.91256 -3.91255 -2.91255 
-1.91255 -0.91256 0.241015 1.39459 2.39456 3.39453 4.39449 5.39446 6.39443 
7.39442 8.39442 9.39425 10.3942 11.3941 12.3941 13.3941 14.3941 15.394 
16.3939 17.3938 18.3937 19.3937 20.3937 21.3936 22.3935 23.3935 24.3935 
25.3935 26.3933 27.3932 28.3931 29.393 30.393 31.3927 32.3927 33.3924 
34.3915 35.391 36.3909 37.3909 38.391 39.3909 40.3908 41.3908 42.3907 
43.3906 44.3906 45.3906 -47.323 -46.573 -45.573 -44.573 -43.573 -42.5731 
-41.5732 -40.5732 -39.5732 -38.5732 -37.5732 -36.5733 -35.5733 -34.5733 -33.5733 
-32.5733 -31.5733 -30.5733 -29.5733 -28.5734 -27.5735 -26.5737 -25.5737 -24.5737 
-23.5739 -22.5741 -21.5743 -20.5745 -19.5749 -18.575 -17.5752 -16.5752 -15.5753 
-14.5754 -13.5754 -12.5755 -11.5755 -10.5755 -9.57553 -8.57555 -7.57553 -6.57554 
-5.57555 -4.57555 -3.57554 -2.57554 -1.57555 -0.575556 0.437475 1.43748 2.43748 
3.43745 4.43735 5.43715 6.43707 7.43708 8.43711 9.43708 10.437 11.437 
12.4369 13.4369 14.4368 15.4368 16.4368 17.4367 18.4366 19.4365 20.4365 
21.4364 22.4364 23.4364 24.4364 25.4363 26.4362 27.4361 28.4359 29.4359 
30.4355 31.4355 32.4354 33.4353 34.4327 35.4323 36.4322 37.432 38.432 
39.4319 40.4319 41.4319 42.4318 43.4318 44.4318 45.4318 -46.729 -45.729 
-44.729 -43.7291 -42.7291 -41.7291 -40.729 -39.7291 -38.7292 -37.7292 -36.7292 
-35.7292 -34.7292 -33.7292 -32.7292 -31.7292 -30.7292 -29.7292 -28.7292 -27.7294 
-26.7295 -25.7295 -24.7296 -23.7298 -22.73 -21.73 -20.7302 -19.7304 -18.7307 
-17.7308 -16.7309 -15.731 -14.731 -13.7311 -12.7311 -11.7311 -10.7311 -9.73113 
-8.73113 -7.73113 -6.73113 -5.73115 -4.73113 -3.73114 -2.73116 -1.73115 -0.731154 
0.278644 1.27864 2.27863 3.2786 4.27851 5.27842 6.27842 7.27841 8.2784 
9.27838 10.2783 11.2782 12.2781 13.2781 14.2782 15.2781 16.278 17.2779 
18.2779 19.2778 20.2777 21.2776 22.2777 23.2776 24.2776 25.2775 26.2774 
27.2773 28.2772 29.2771 30.2771 31.2768 32.2768 33.2768 34.2762 35.276 
36.2757 37.2755 38.2755 39.2754 40.2754 41.2753 42.2753 43.2753 44.2753 
45.2753 46.2752 -46.9181 -45.9184 -44.9184 -43.9184 -42.9185 -41.9185 -40.9186 
-39.9186 -38.9186 -37.9188 -36.9187 -35.9188 -34.9188 -33.9188 -32.9188 -31.9188 
-30.9188 -29.9188 -28.9188 -27.919 -26.9192 -25.9193 -24.9193 -23.9195 -22.9197 
-21.9199 -20.9201 -19.9203 -18.9206 -17.9207 -16.9208 -15.9209 -14.921 -13.921 
-12.921 -11.9211 -10.9211 -9.92113 -8.92113 -7.92114 -6.92114 -5.92115 -4.92114 
-3.92115 -2.92114 -1.92116 -0.921148 0.0727977 1.06674 2.06676 3.06674 4.06663 
5.06633 6.06619 7.06619 8.06618 9.0662 10.0661 11.0661 12.0661 13.0661 
14.066 15.066 16.0659 17.0659 18.0658 19.0658 20.0656 21.0656 22.0655 
23.0655 24.0655 25.0654 26.0654 27.0653 28.0652 29.0649 30.0645 31.0644 
32.0643 33.0642 34.0631 35.0618 36.0616 37.0614 38.0614 39.0614 40.0613 
41.0613 42.0612 43.0612 44.0612 45.0612 46.0612 -47.4885 -46.7386 -45.7387 
-44.7387 -43.7388 -42.7388 -41.7388 -40.7388 -39.7389 -38.7389 -37.739 -36.739 
-35.739 -34.739 -33.739 -32.739 -31.739 -30.739 -29.739 -28.739 -27.7392 
-26.7394 -25.7395 -24.7394 -23.7396 -22.7397 -21.74 -20.7401 -19.7403 -18.7405 
-17.7406 -16.7407 -15.7408 -14.7408 -13.7409 -12.7409 -11.7409 -10.7409 -9.74095 
-8.74096 -7.74097 -6.74095 -5.74096 -4.74096 -3.74095 -2.74096 -1.74097 -0.740987 
0.324065 1.32407 2.32407 3.32406 4.32394 5.32377 6.32361 7.32359 8.32358 
9.32354 10.3235 11.3235 12.3235 13.3234 14.3233 15.3233 16.3233 17.3232 
18.3231 19.323 20.323 21.323 22.323 23.3229 24.3229 25.3228 26.3227 
27.3226 28.3225 29.3222 30.3218 31.3218 32.3217 33.3216 34.3188 35.3185 
36.3185 37.3184 38.3184 39.3183 40.3182 41.3182 42.3181 43.3182 44.3181 
45.3181 46.3181 -45.8717 -44.872 -43.872 -42.8721 -41.8721 -40.8721 -39.8721 
-38.8721 -37.8721 -36.8722 -35.8722 -34.8723 -33.8723 -32.8724 -31.8726 -30.8726 
-29.8727 -28.8726 -27.8727 -26.8727 -25.8727 -24.8728 -23.8728 -22.8729 -21.8731 
-20.8732 -19.8732 -18.8732 -17.8732 -16.8732 -15.8732 -14.8732 -13.8733 -12.8733 
-11.8733 -10.8734 -9.87337 -8.87339 -7.8734 -6.8734 -5.8734 -4.87341 -3.87341 
-2.87342 -1.87342 -0.873418 0.291177 1.49842 2.49841 3.4983 4.49834 5.49825 
6.49823 7.4982 8.49818 9.49813 10.498 11.498 12.498 13.498 14.4979 
15.4979 16.4979 17.4977 18.4977 19.4976 20.4976 21.4976 22.4976 23.4975 
24.4975 25.4974 26.4974 27.4972 28.4972 29.4968 30.4966 31.4965 32.4965 
33.4944 34.4943 35.4943 36.4943 37.4943 38.4943 39.4942 40.4941 41.494 
42.4941 43.494 44.494 45.4939 -46.8574 -45.8575 -44.8575 -43.8575 -42.8575 
-41.8575 -40.8576 -39.8576 -38.8576 -37.8577 -36.8577 -35.8577 -34.8577 -33.8577 
-32.8577 -31.8577 -30.8577 -29.8577 -28.8578 -27.8579 -26.8581 -25.8581 -24.8582 
-23.8584 -22.8586 -21.8587 -20.8589 -19.8591 -18.8593 -17.8594 -16.8595 -15.8596 
-14.8597 -13.8597 -12.8597 -11.8598 -10.8598 -9.85983 -8.85983 -7.85984 -6.85984 
-5.85983 -4.85983 -3.85982 -2.85984 -1.85984 -0.859859 0.143184 1.14625 2.14623 
3.14623 4.14613 5.14594 6.14583 7.14584 8.14582 9.14572 10.1457 11.1456 
12.1456 13.1456 14.1456 15.1455 16.1454 17.1453 18.1453 19.1452 20.1452 
21.1451 22.1451 23.1451 24.1451 25.145 26.1449 27.1448 28.1448 29.1447 
30.1444 31.1444 32.1444 33.1443 34.1436 35.1429 36.1423 37.142 38.1419 
39.1419 40.1418 41.1417 42.1417 43.1417 44.1417 45.1417 46.1415 -47.652 
-46.902 -45.902 -44.9021 -43.9021 -42.902 -41.9021 -40.9021 -39.9021 -38.9021 
-37.9021 -36.9022 -35.9022 -34.9022 -33.9022 -32.9022 -31.9022 -30.9022 -29.9022 
-28.9022 -27.9023 -26.9023 -25.9023 -24.9023 -23.9024 -22.9025 -21.9027 -20.9029 
-19.903 -18.9031 -17.9032 -16.9032 -15.9032 -14.9033 -13.9033 -12.9033 -11.9033 
-10.9033 -9.90332 -8.90332 -7.90334 -6.90332 -5.90332 -4.90334 -3.90333 -2.90333 
-1.90334 -0.90335 0.495361 1.24537 2.24533 3.24533 4.24528 5.24519 6.24518 
7.24514 8.24512 9.24507 10.2451 11.245 12.245 13.245 14.2449 15.2449 
16.2447 17.2447 18.2446 19.2445 20.2445 21.2444 22.2444 23.2444 24.2444 
25.2443 26.2442 27.2441 28.2439 29.2438 30.2435 31.2434 32.2433 33.2432 
34.2418 35.2418 36.2417 37.2418 38.2417 39.2416 40.2416 41.2416 42.2415 
43.2415 44.2415 45.2414 -47.5471 -46.5472 -45.5473 -44.5473 -43.5473 -42.5472 
-41.5473 -40.5473 -39.5473 -38.5474 -37.5474 -36.5474 -35.5474 -34.5474 -33.5474 
-32.5474 -31.5474 -30.5474 -29.5475 -28.5474 -27.5475 -26.5475 -25.5475 -24.5475 
-23.5477 -22.5478 -21.5479 -20.5481 -19.5482 -18.5483 -17.5483 -16.5484 -15.5484 
-14.5484 -13.5484 -12.5485 -11.5484 -10.5485 -9.54847 -8.54847 -7.54848 -6.54849 
-5.54848 -4.54849 -3.54848 -2.54848 -1.54849 -0.798493 0.581421 1.33143 2.33145 
3.33144 4.33141 5.33121 6.33119 7.33121 8.33117 9.33112 10.331 11.3309 
12.3309 13.3308 14.3308 15.3308 16.3307 17.3307 18.3306 19.3305 20.3304 
21.3304 22.3303 23.3303 24.3303 25.3302 26.3302 27.3301 28.3301 29.33 
30.3295 31.3294 32.3293 33.3293 34.3293 35.3291 36.3288 37.3288 38.3288 
39.3288 40.3286 41.3286 42.3286 43.3285 44.3285 45.3285 46.3285 -47.419 
-46.6691 -45.6692 -44.6692 -43.6692 -42.6693 -41.6692 -40.6693 -39.6693 -38.6694 
-37.6693 -36.6694 -35.6694 -34.6694 -33.6694 -32.6694 -31.6694 -30.6694 -29.6694 
-28.6695 -27.6696 -26.6697 -25.6698 -24.6699 -23.67 -22.6702 -21.6702 -20.6705 
-19.6708 -18.6709 -17.671 -16.671 -15.6711 -14.6712 -13.6712 -12.6712 -11.6713 
-10.6713 -9.67131 -8.67134 -7.67135 -6.67134 -5.67134 -4.67134 -3.67133 -2.67134 
-1.67134 -0.67136 0.356153 1.35613 2.35613 3.35611 4.35601 5.35592 6.3559 
7.35592 8.35589 9.35583 10.3557 11.3556 12.3556 13.3555 14.3555 15.3554 
16.3554 17.3553 18.3552 19.3552 20.3551 21.355 22.3551 23.355 24.355 
25.3549 26.3549 27.3549 28.3547 29.3546 30.3545 31.3543 32.3543 33.3543 
34.3536 35.3534 36.3531 37.3531 38.353 39.353 40.3529 41.3529 42.3529 
43.3529 44.3528 45.3528 46.3527 -46.698 -45.6982 -44.6983 -43.6983 -42.6983 
-41.6983 -40.6983 -39.6983 -38.6983 -37.6984 -36.6985 -35.6985 -34.6984 -33.6984 
-32.6985 -31.6985 -30.6984 -29.6985 -28.6985 -27.6985 -26.6985 -25.6985 -24.6985 
-23.6986 -22.6988 -21.6989 -20.699 -19.6991 -18.6991 -17.6991 -16.6991 -15.6992 
-14.6992 -13.6992 -12.6992 -11.6992 -10.6992 -9.69924 -8.69923 -7.69924 -6.69924 
-5.69925 -4.69925 -3.69926 -2.69925 -1.69925 -0.699274 0.433049 1.18306 2.18305 
3.18301 4.18288 5.1827 6.1827 7.18268 8.18267 9.18259 10.1825 11.1824 
12.1824 13.1824 14.1823 15.1822 16.1821 17.1821 18.182 19.1819 20.1818 
21.1818 22.1818 23.1817 24.1818 25.1817 26.1816 27.1815 28.1813 29.1811 
30.1811 31.1809 32.1808 33.1807 34.1795 35.1794 36.1793 37.1793 38.1792 
39.1792 40.1791 41.179 42.179 43.1789 44.1789 45.1789 -47.4781 -46.7282 
-45.7283 -44.7283 -43.7284 -42.7284 -41.7283 -40.7283 -39.7284 -38.7284 -37.7284 
-36.7284 -35.7284 -34.7284 -33.7284 -32.7284 -31.7284 -30.7284 -29.7284 -28.7285 
-27.7285 -26.7285 -25.7285 -24.7285 -23.7286 -22.7287 -21.7287 -20.7289 -19.729 
-18.729 -17.729 -16.7291 -15.7291 -14.7292 -13.7292 -12.7292 -11.7292 -10.7292 
-9.7292 -8.7292 -7.7292 -6.7292 -5.7292 -4.72919 -3.72921 -2.7292 -1.72921 
-0.729207 0.693712 1.4437 2.44369 3.44367 4.44357 5.44337 6.44331 7.44329 
8.44334 9.44332 10.4433 11.4433 12.4433 13.4432 14.4432 15.4431 16.443 
17.443 18.4428 19.4428 20.4427 21.4426 22.4425 23.4426 24.4425 25.4425 
26.4423 27.4423 28.442 29.4417 30.4415 31.4415 32.4414 33.4414 34.4404 
35.4404 36.4404 37.4404 38.4403 39.4403 40.4402 41.4402 42.4401 43.44 
44.44 45.44 -47.5392 -46.7892 -45.7894 -44.7893 -43.7894 -42.7894 -41.7894 
-40.7894 -39.7894 -38.7894 -37.7895 -36.7895 -35.7895 -34.7894 -33.7895 -32.7895 
-31.7895 -30.7895 -29.7895 -28.7895 -27.7895 -26.7897 -25.7897 -24.7898 -23.7898 
-22.79 -21.7902 -20.7904 -19.7906 -18.7908 -17.7909 -16.7909 -15.791 -14.791 
-13.791 -12.7911 -11.7911 -10.7911 -9.79114 -8.79116 -7.79115 -6.79117 -5.79117 
-4.79116 -3.79116 -2.79117 -1.79117 -0.791193 0.28469 1.36057 2.36057 3.36057 
4.36047 5.36031 6.36025 7.36024 8.36024 9.36024 10.3602 11.3602 12.3602 
13.3601 14.3601 15.36 16.3599 17.3598 18.3597 19.3597 20.3596 21.3595 
22.3595 23.3595 24.3594 25.3594 26.3593 27.3592 28.3592 29.3591 30.3588 
31.3585 32.3584 33.3583 34.3578 35.3576 36.3574 37.3573 38.3573 39.3573 
40.3572 41.3572 42.3572 43.3571 44.3571 45.3571 46.357 -47.6369 -46.887 
-45.887 -44.887 -43.887 -42.887 -41.887 -40.887 -39.8871 -38.8871 -37.8871 
-36.8871 -35.8872 -34.8871 -33.8871 -32.8872 -31.8872 -30.8872 -29.8872 -28.8872 
-27.8872 -26.8872 -25.8872 -24.8872 -23.8873 -22.8875 -21.8875 -20.8877 -19.8878 
-18.8878 -17.8879 -16.8879 -15.888 -14.8881 -13.8881 -12.8881 -11.8881 -10.8881 
-9.88814 -8.88814 -7.88814 -6.88814 -5.88814 -4.88814 -3.88815 -2.88815 -1.88817 
-0.888176 0.598999 1.34899 2.349 3.34898 4.34888 5.34857 6.34851 7.34853 
8.34847 9.34845 10.3484 11.3482 12.3482 13.3482 14.3481 15.3481 16.3481 
17.3481 18.348 19.3479 20.3479 21.3478 22.3477 23.3477 24.3477 25.3477 
26.3475 27.3475 28.3475 29.3473 30.3471 31.3469 32.3468 33.3467 34.346 
35.3455 36.3451 37.3451 38.3451 39.345 40.345 41.3449 42.3449 43.3448 
44.3448 45.3448 46.3448 -47.5088 -46.5089 -45.5089 -44.5089 -43.5089 -42.5089 
-41.5089 -40.5089 -39.509 -38.509 -37.509 -36.509 -35.5091 -34.5091 -33.509 
-32.509 -31.5091 -30.5091 -29.5091 -28.5091 -27.5092 -26.5092 -25.5093 -24.5093 
-23.5094 -22.5095 -21.5096 -20.5099 -19.51 -18.5101 -17.5102 -16.5102 -15.5102 
-14.5103 -13.5103 -12.5103 -11.5103 -10.5103 -9.51035 -8.51034 -7.51033 -6.51035 
-5.51035 -4.51034 -3.51034 -2.51034 -1.51036 -0.760367 0.529447 1.52943 2.52944 
3.52944 4.52934 5.52924 6.52925 7.52926 8.5292 9.52912 10.5291 11.529 
12.529 13.529 14.5289 15.5289 16.5289 17.5287 18.5288 19.5287 20.5286 
21.5285 22.5285 23.5285 24.5285 25.5284 26.5283 27.5281 28.528 29.5278 
30.5274 31.5274 32.5273 33.527 34.5266 35.5263 36.5262 37.5262 38.5262 
39.5261 40.526 41.526 42.5259 43.5259 44.5259 45.5259 -47.2918 -46.5418 
-45.5418 -44.5418 -43.5418 -42.5418 -41.5419 -40.5418 -39.5419 -38.5419 -37.5419 
-36.5419 -35.5419 -34.542 -33.5419 -32.5419 -31.542 -30.5419 -29.542 -28.542 
-27.542 -26.542 -25.542 -24.5421 -23.5422 -22.5424 -21.5426 -20.5428 -19.543 
-18.5431 -17.5431 -16.5432 -15.5431 -14.5432 -13.5432 -12.5432 -11.5432 -10.5433 
-9.54326 -8.54328 -7.54328 -6.54328 -5.54329 -4.54328 -3.54328 -2.54329 -1.54328 
-0.543317 0.367016 1.11702 2.11702 3.117 4.1169 5.11671 6.11649 7.1165 
8.11648 9.11636 10.1163 11.1163 12.1162 13.1162 14.1162 15.1162 16.1161 
17.1159 18.1159 19.1157 20.1157 21.1155 22.1156 23.1156 24.1155 25.1154 
26.1154 27.1154 28.1153 29.1151 30.1148 31.1145 32.1144 33.1143 34.1141 
35.1135 36.113 37.1123 38.1123 39.1123 40.1123 41.1121 42.1121 43.1121 
44.1121 45.1121 46.112 -46.556 -45.5561 -44.5564 -43.5566 -42.5566 -41.5567 
-40.5567 -39.5566 -38.5567 -37.5567 -36.5567 -35.5567 -34.5567 -33.5567 -32.5568 
-31.5568 -30.5569 -29.5569 -28.5569 -27.5568 -26.5569 -25.5568 -24.5569 -23.5571 
-22.5572 -21.5572 -20.5573 -19.5574 -18.5574 -17.5574 -16.5574 -15.5574 -14.5574 
-13.5574 -12.5575 -11.5575 -10.5575 -9.55753 -8.55754 -7.55753 -6.55754 -5.55754 
-4.55753 -3.55755 -2.55753 -1.55754 -0.557547 0.422422 1.17242 2.17241 3.17238 
4.17228 5.17219 6.17218 7.17213 8.1722 9.17211 10.172 11.1719 12.1719 
13.1719 14.1718 15.1716 16.1717 17.1717 18.1715 19.1715 20.1714 21.1713 
22.1713 23.1713 24.1713 25.1713 26.1713 27.1711 28.171 29.171 30.1707 
31.1707 32.1707 33.1706 34.1705 35.17 36.1699 37.1699 38.17 39.1699 
40.1699 41.1697 42.1695 43.1694 44.1694 45.1694 -46.3463 -45.5963 -44.5964 
-43.5966 -42.5966 -41.5967 -40.5967 -39.5967 -38.5967 -37.5967 -36.5967 -35.5967 
-34.5967 -33.5968 -32.5968 -31.5969 -30.5969 -29.597 -28.597 -27.597 -26.597 
-25.597 -24.5971 -23.5971 -22.5972 -21.5973 -20.5974 -19.5975 -18.5975 -17.5975 
-16.5975 -15.5976 -14.5976 -13.5976 -12.5976 -11.5976 -10.5976 -9.59766 -8.59767 
-7.59767 -6.59767 -5.59768 -4.59768 -3.59767 -2.59767 -1.59768 -0.597668 0.512104 
1.51209 2.51209 3.51203 4.51186 5.5117 6.51166 7.51164 8.51168 9.51154 
10.5114 11.5114 12.5113 13.5113 14.5112 15.5111 16.511 17.5109 18.5108 
19.5107 20.5106 21.5106 22.5106 23.5106 24.5106 25.5105 26.5103 27.5102 
28.5101 29.5099 30.5098 31.5098 32.5098 33.5096 34.5095 35.5092 36.5091 
37.5092 38.5092 39.5091 40.5091 41.5091 42.5091 43.5091 44.5091 45.5091 
-46.4596 -45.7098 -44.7099 -43.7099 -42.71 -41.71 -40.71 -39.71 -38.71 
-37.71 -36.7101 -35.7101 -34.7101 -33.7101 -32.7102 -31.7102 -30.7102 -29.7103 
-28.7103 -27.7104 -26.7104 -25.7104 -24.7104 -23.7106 -22.7108 -21.711 -20.711 
-19.7111 -18.7111 -17.7112 -16.7111 -15.7111 -14.7112 -13.7112 -12.7112 -11.7112 
-10.7113 -9.71126 -8.71127 -7.71126 -6.71126 -5.71127 -4.71128 -3.71129 -2.71128 
-1.71128 -0.711274 0.291537 1.29152 2.29152 3.29145 4.29119 5.29109 6.29102 
7.291 8.29097 9.291 10.2908 11.2908 12.2907 13.2907 14.2906 15.2906 
16.2904 17.2904 18.2903 19.2902 20.2902 21.2902 22.2901 23.2902 24.2901 
25.2901 26.2899 27.2898 28.2897 29.2894 30.2893 31.2894 32.2893 33.2891 
34.2886 35.2884 36.2883 37.2883 38.2883 39.2883 40.2883 41.2882 42.2882 
43.2882 44.2883 45.2882 -46.4883 -45.4883 -44.4884 -43.4884 -42.4885 -41.4885 
-40.4886 -39.4886 -38.4886 -37.4887 -36.4887 -35.4888 -34.4887 -33.4887 -32.4887 
-31.4887 -30.4887 -29.4887 -28.4888 -27.489 -26.4892 -25.4892 -24.4892 -23.4893 
-22.4895 -21.4897 -20.4899 -19.4902 -18.4904 -17.4905 -16.4905 -15.4906 -14.4907 
-13.4908 -12.4908 -11.4908 -10.4909 -9.49086 -8.49085 -7.49087 -6.49087 -5.49088 
-4.49086 -3.49088 -2.49088 -1.49087 -0.49087 0.471364 1.47137 2.47137 3.47133 
4.47119 5.471 6.47088 7.4709 8.47087 9.47087 10.4707 11.4707 12.4707 
13.4706 14.4705 15.4704 16.4703 17.4702 18.4702 19.4701 20.4701 21.4701 
22.47 23.47 24.4699 25.4699 26.4699 27.4699 28.4696 29.4695 30.4691 
31.4691 32.469 33.469 34.4684 35.4678 36.4677 37.4677 38.4676 39.4676 
40.4675 41.4675 42.4674 43.4674 44.4674 45.4674 46.4674 -46.5488 -45.7988 
-44.7989 -43.7991 -42.7992 -41.7992 -40.7993 -39.7993 -38.7993 -37.7993 -36.7993 
-35.7993 -34.7994 -33.7993 -32.7994 -31.7994 -30.7994 -29.7994 -28.7994 -27.7994 
-26.7995 -25.7994 -24.7995 -23.7997 -22.7998 -21.7998 -20.7999 -19.8 -18.8 
-17.8 -16.8 -15.8001 -14.8001 -13.8001 -12.8001 -11.8001 -10.8002 -9.80018 
-8.80018 -7.8002 -6.80019 -5.80019 -4.8002 -3.80019 -2.80019 -1.8002 -0.800191 
0.287984 1.37618 2.37617 3.37615 4.37589 5.37574 6.37564 7.37564 8.37564 
9.37562 10.3754 11.3753 12.3752 13.3752 14.3751 15.375 16.375 17.375 
18.3749 19.3748 20.3747 21.3746 22.3746 23.3745 24.3745 25.3744 26.3743 
27.3742 28.3741 29.3739 30.3739 31.3736 32.3735 33.3734 34.3725 35.3717 
36.3716 37.3716 38.3716 39.3716 40.3715 41.3715 -46.6769 -45.6773 -44.6775 
-43.6775 -42.6775 -41.6775 -40.6775 -39.6776 -38.6776 -37.6776 -36.6776 -35.6776 
-34.6776 -33.6776 -32.6777 -31.6776 -30.6776 -29.6777 -28.6777 -27.6777 -26.6777 
-25.6778 -24.6778 -23.6779 -22.678 -21.6781 -20.6781 -19.6783 -18.6783 -17.6783 
-16.6783 -15.6783 -14.6784 -13.6784 -12.6784 -11.6784 -10.6784 -9.67845 -8.67845 
-7.67845 -6.67846 -5.67847 -4.67845 -3.67847 -2.67846 -1.67845 -0.678479 0.458072 
1.45806 2.45802 3.45793 4.45784 5.4578 6.45779 7.45775 8.45779 9.45763 
10.4576 11.4576 12.4576 13.4575 14.4575 15.4574 16.4573 17.4572 18.4572 
19.4572 20.4571 21.457 22.457 23.4569 24.457 25.4569 26.4568 27.4566 
28.4565 29.4563 30.4561 31.456 32.4559 33.4559 34.4558 35.4557 36.4557 
37.4557 38.4556 39.4556 40.4555 41.4554 42.4553 43.4553 44.4553 45.4552 
-46.5806 -45.8308 -44.8311 -43.8312 -42.8312 -41.8312 -40.8312 -39.8312 -38.8312 
-37.8312 -36.8312 -35.8312 -34.8312 -33.8313 -32.8314 -31.8314 -30.8315 -29.8315 
-28.8316 -27.8316 -26.8317 -25.8316 -24.8317 -23.8319 -22.832 -21.8321 -20.8322 
-19.8322 -18.8322 -17.8323 -16.8323 -15.8322 -14.8323 -13.8323 -12.8323 -11.8324 
-10.8324 -9.83244 -8.83244 -7.83244 -6.83244 -5.83245 -4.83245 -3.83245 -2.83246 
-1.83247 -0.832455 0.339015 1.54972 2.54969 3.54959 4.54958 5.54952 6.54951 
7.54952 8.54939 9.5493 10.5493 11.5492 12.5492 13.5492 14.5492 15.5491 
16.549 17.549 18.5488 19.5488 20.5487 21.5486 22.5486 23.5486 24.5485 
25.5485 26.5485 27.5484 28.5482 29.5478 30.5477 31.5476 32.5476 33.5457 
34.5457 35.5457 36.5457 37.5456 38.5456 39.5456 40.5455 41.5454 42.5454 
43.5454 44.5454 45.5451 -47.5944 -46.8444 -45.8444 -44.8444 -43.8444 -42.8445 
-41.8444 -40.8445 -39.8445 -38.8445 -37.8445 -36.8446 -35.8446 -34.8446 -33.8446 
-32.8446 -31.8446 -30.8446 -29.8446 -28.8447 -27.8447 -26.8448 -25.8448 -24.8448 
-23.8449 -22.8451 -21.8453 -20.8455 -19.8457 -18.8458 -17.8458 -16.8459 -15.846 
-14.846 -13.846 -12.8461 -11.8461 -10.8461 -9.84613 -8.84613 -7.84612 -6.84613 
-5.84613 -4.84614 -3.84613 -2.84614 -1.84614 -0.846163 0.434937 1.43494 2.43493 
3.43492 4.43482 5.43467 6.43463 7.43461 8.43458 9.43464 10.4346 11.4345 
12.4345 13.4345 14.4344 15.4344 16.4342 17.4342 18.4341 19.434 20.4339 
21.4338 22.4338 23.4338 24.4338 25.4337 26.4337 27.4336 28.4336 29.4334 
30.433 31.4327 32.4327 33.4327 34.4322 35.4317 36.4317 37.4316 38.4316 
39.4315 40.4315 41.4314 42.4314 43.4314 44.4314 45.4314 -46.5718 -45.822 
-44.822 -43.8221 -42.822 -41.822 -40.8221 -39.8221 -38.8221 -37.8221 -36.8221 
-35.8221 -34.8222 -33.8222 -32.8222 -31.8222 -30.8222 -29.8222 -28.8222 -27.8222 
-26.8222 -25.8223 -24.8223 -23.8223 -22.8225 -21.8226 -20.8227 -19.8228 -18.8228 
-17.8229 -16.8229 -15.8229 -14.8229 -13.8229 -12.823 -11.823 -10.823 -9.82301 
-8.82302 -7.82301 -6.82301 -5.82301 -4.82303 -3.82302 -2.82302 -1.82303 -0.823027 
0.236096 1.29524 2.29521 3.29517 4.29506 5.29498 6.29495 7.29494 8.29492 
9.29491 10.2949 11.2949 12.2948 13.2948 14.2948 15.2947 16.2946 17.2945 
18.2943 19.2943 20.2943 21.2942 22.2942 23.2942 24.2941 25.2941 26.2939 
27.2939 28.2938 29.2935 30.2935 31.2935 32.2934 33.2921 34.2903 35.2902 
36.2902 37.2902 38.2902 39.2901 40.29 41.29 42.2899 43.2898 44.2898 
45.2897 -46.9405 -45.9406 -44.9406 -43.9406 -42.9406 -41.9407 -40.9408 -39.9408 
-38.9408 -37.9409 -36.941 -35.941 -34.941 -33.941 -32.941 -31.941 -30.941 
-29.941 -28.941 -27.9411 -26.9411 -25.9411 -24.9413 -23.9412 -22.9413 -21.9415 
-20.9418 -19.942 -18.9422 -17.9423 -16.9424 -15.9426 -14.9427 -13.9427 -12.9427 
-11.9427 -10.9427 -9.94276 -8.94277 -7.94277 -6.94277 -5.94279 -4.94278 -3.94278 
-2.94278 -1.94279 -0.942782 0.289532 1.53068 2.53066 3.53065 4.53054 5.53034 
6.53024 7.53025 8.53021 9.53022 10.53 11.53 12.53 13.5299 14.5298 
15.5299 16.5298 17.5297 18.5297 19.5296 20.5295 21.5295 22.5295 23.5295 
24.5294 25.5293 26.5292 27.5292 28.529 29.5289 30.5286 31.5284 32.5284 
33.5282 34.5273 35.5268 36.5267 37.5266 38.5266 39.5265 40.5264 41.5264 
42.5264 43.5264 44.5264 45.5264 -47.6819 -46.9319 -45.932 -44.9321 -43.9321 
-42.9321 -41.9321 -40.9321 -39.9321 -38.9321 -37.9321 -36.9322 -35.9322 -34.9322 
-33.9322 -32.9322 -31.9322 -30.9322 -29.9323 -28.9323 -27.9323 -26.9323 -25.9323 
-24.9323 -23.9323 -22.9325 -21.9326 -20.9329 -19.9329 -18.933 -17.933 -16.9331 
-15.9331 -14.9332 -13.9332 -12.9332 -11.9332 -10.9332 -9.93318 -8.93319 -7.93318 
-6.93318 -5.93318 -4.93319 -3.93318 -2.93319 -1.93319 -0.933212 0.411436 1.16144 
2.16145 3.1614 4.16138 5.16124 6.16122 7.1612 8.16117 9.16115 10.1611 
11.161 12.161 13.161 14.161 15.1609 16.1608 17.1607 18.1606 19.1605 
20.1605 21.1604 22.1604 23.1604 24.1604 25.1603 26.1602 27.1601 28.16 
29.1599 30.1599 31.1596 32.1596 33.1596 34.1589 35.1587 36.1585 37.1585 
38.1585 39.1585 40.1584 41.1584 42.1584 43.1583 44.1583 45.1583 46.1582 
-47.5211 -46.5211 -45.5213 -44.5213 -43.5213 -42.5213 -41.5213 -40.5213 -39.5213 
-38.5213 -37.5213 -36.5214 -35.5214 -34.5214 -33.5214 -32.5214 -31.5214 -30.5214 
-29.5215 -28.5215 -27.5215 -26.5215 -25.5215 -24.5216 -23.5217 -22.5219 -21.5222 
-20.5225 -19.5227 -18.5226 -17.5227 -16.5228 -15.5228 -14.5228 -13.5228 -12.5229 
-11.5229 -10.5229 -9.52289 -8.52289 -7.5229 -6.5229 -5.5229 -4.5229 -3.5229 
-2.5229 -1.5229 -0.772918 0.514994 1.26497 2.26497 3.26496 4.26491 5.26476 
6.26477 7.26475 8.26472 9.26475 10.2647 11.2647 12.2646 13.2646 14.2646 
15.2645 16.2644 17.2644 18.2643 19.2643 20.2643 21.2642 22.2641 23.2641 
24.2641 25.264 26.2639 27.2637 28.2637 29.2633 30.2631 31.2629 32.2629 
33.2627 34.2627 35.2627 36.2627 37.2627 38.2627 39.2626 40.2625 41.2624 
42.2623 43.2623 44.2623 45.2622 46.2622 -46.8573 -45.8576 -44.8579 -43.8579 
-42.8579 -41.858 -40.858 -39.858 -38.858 -37.858 -36.858 -35.858 -34.858 
-33.858 -32.8581 -31.8581 -30.8582 -29.8582 -28.8582 -27.8583 -26.8583 -25.8583 
-24.8583 -23.8583 -22.8584 -21.8586 -20.8587 -19.8587 -18.8588 -17.8588 -16.8587 
-15.8588 -14.8589 -13.8588 -12.8588 -11.8589 -10.8589 -9.85892 -8.85894 -7.85893 
-6.85895 -5.85894 -4.85895 -3.85893 -2.85895 -1.85894 -0.858961 0.310074 1.51953 
2.51954 3.51943 4.51942 5.51936 6.51932 7.51933 8.51931 9.51924 10.5192 
11.5191 12.5191 13.5191 14.519 15.5189 16.5189 17.5188 18.5187 19.5186 
20.5186 21.5185 22.5185 23.5185 24.5185 25.5183 26.5183 27.5182 28.5182 
29.5178 30.5176 31.5175 32.5175 33.517 34.5164 35.5164 36.5164 37.5164 
38.5164 39.5162 40.5161 41.5161 42.5161 43.5161 44.5161 45.516 -45.6546 
-44.6549 -43.655 -42.6551 -41.6551 -40.6552 -39.6552 -38.6552 -37.6552 -36.6552 
-35.6553 -34.6552 -33.6553 -32.6554 -31.6554 -30.6555 -29.6556 -28.6556 -27.6556 
-26.6556 -25.6557 -24.6557 -23.6559 -22.6561 -21.6562 -20.6563 -19.6564 -18.6564 
-17.6564 -16.6564 -15.6564 -14.6564 -13.6564 -12.6565 -11.6565 -10.6565 -9.65652 
-8.65654 -7.65653 -6.65654 -5.65653 -4.65653 -3.65653 -2.65654 -1.65653 -0.656536 
0.305305 1.30529 2.30526 3.30516 4.30491 5.30481 6.3048 7.30479 8.30481 
9.30464 10.3045 11.3045 12.3045 13.3045 14.3044 15.3043 16.3042 17.3042 
18.3041 19.304 20.3039 21.3039 22.3039 23.3038 24.3038 25.3037 26.3036 
27.3035 28.3034 29.3032 30.3029 31.3026 32.3025 33.3021 34.3016 35.3011 
36.3009 37.3009 38.3009 39.3009 40.3009 41.3007 42.3007 43.3007 44.3007 
45.3007 -47.679 -46.6791 -45.6791 -44.6792 -43.6792 -42.6792 -41.6792 -40.6792 
-39.6793 -38.6792 -37.6793 -36.6793 -35.6793 -34.6793 -33.6793 -32.6793 -31.6793 
-30.6793 -29.6793 -28.6793 -27.6793 -26.6793 -25.6793 -24.6794 -23.6794 -22.6795 
-21.6797 -20.6799 -19.6799 -18.68 -17.68 -16.68 -15.68 -14.68 -13.6801 
-12.6801 -11.6801 -10.6801 -9.6801 -8.6801 -7.68011 -6.6801 -5.68011 -4.68011 
-3.68012 -2.68011 -1.68012 -0.93012 1.1923 2.19229 3.1923 4.19225 5.19199 
6.1919 7.1919 8.19186 9.19187 10.1918 11.1917 12.1916 13.1916 14.1916 
15.1915 16.1914 17.1914 18.1913 19.1913 20.1912 21.1911 22.1911 23.1911 
24.191 25.191 26.1909 27.1909 28.1908 29.1906 30.1906 31.1905 32.1903 
33.1903 34.19 35.1897 36.1894 37.1893 38.1893 39.1893 40.1893 41.1892 
42.1892 43.1891 44.1891 45.189 46.189 -47.5536 -46.5536 -45.5537 -44.5537 
-43.5537 -42.5537 -41.5537 -40.5538 -39.5537 -38.5537 -37.5538 -36.5537 -35.5537 
-34.5538 -33.5538 -32.5538 -31.5538 -30.5538 -29.5538 -28.5538 -27.5538 -26.5538 
-25.5539 -24.5539 -23.554 -22.5542 -21.5543 -20.5545 -19.5546 -18.5546 -17.5547 
-16.5547 -15.5548 -14.5548 -13.5548 -12.5548 -11.5548 -10.5548 -9.55485 -8.55484 
-7.55484 -6.55485 -5.55486 -4.55486 -3.55485 -2.55485 -1.55487 -0.804855 0.666567 
1.41655 2.41654 3.41651 4.41651 5.41649 6.41651 7.41649 8.41643 9.41645 
10.4164 11.4164 12.4164 13.4163 14.4163 15.4161 16.4161 17.416 18.416 
19.4158 20.4157 21.4157 22.4157 23.4156 24.4156 25.4156 26.4155 27.4153 
28.4153 29.4151 30.4149 31.4148 32.4148 33.4146 34.413 35.4128 36.4129 
37.4128 38.4128 39.4127 40.4127 41.4126 42.4125 43.4125 44.4125 45.4123 
-45.5792 -44.5794 -43.5795 -42.5795 -41.5795 -40.5796 -39.5796 -38.5796 -37.5796 
-36.5796 -35.5797 -34.5797 -33.5798 -32.5798 -31.5799 -30.58 -29.58 -28.58 
-27.58 -26.5801 -25.5801 -24.5801 -23.5803 -22.5805 -21.5806 -20.5806 -19.5807 
-18.5806 -17.5806 -16.5807 -15.5807 -14.5807 -13.5807 -12.5807 -11.5808 -10.5808 
-9.58082 -8.58082 -7.58082 -6.58081 -5.58082 -4.58083 -3.58083 -2.58082 -1.58083 
-0.580823 0.324279 1.32424 2.32422 3.32413 4.32391 5.32381 6.32381 7.32375 
8.32378 9.32362 10.3235 11.3235 12.3235 13.3235 14.3233 15.3233 16.323 
17.323 18.3229 19.3229 20.3229 21.3228 22.3228 23.3228 24.3227 25.3227 
26.3227 27.3225 28.3225 29.3222 30.322 31.3216 32.3216 33.3209 34.3202 
35.3201 36.3201 37.3201 38.32 39.32 40.32 41.3197 42.3198 43.3198 
44.3198 45.3198 -47.7013 -46.7013 -45.7014 -44.7014 -43.7014 -42.7014 -41.7014 
-40.7014 -39.7014 -38.7014 -37.7015 -36.7015 -35.7015 -34.7015 -33.7015 -32.7015 
-31.7015 -30.7015 -29.7015 -28.7016 -27.7016 -26.7016 -25.7016 -24.7016 -23.7017 
-22.7018 -21.702 -20.7022 -19.7023 -18.7023 -17.7023 -16.7023 -15.7024 -14.7024 
-13.7024 -12.7025 -11.7025 -10.7025 -9.70249 -8.70247 -7.70248 -6.70249 -5.70248 
-4.70249 -3.70249 -2.70249 -1.70249 -0.952493 1.21275 2.21275 3.21274 4.2127 
5.21244 6.21237 7.21237 8.21236 9.2123 10.2122 11.2121 12.2121 13.2121 
14.2121 15.212 16.2119 17.2118 18.2118 19.2117 20.2117 21.2116 22.2115 
23.2115 24.2115 25.2115 26.2113 27.2113 28.2111 29.211 30.2109 31.2108 
32.2107 33.2106 34.2104 35.2096 36.2093 37.2092 38.2092 39.2092 40.2091 
41.209 42.209 43.209 44.209 45.209 46.209 -47.5745 -46.5745 -45.5746 
-44.5746 -43.5746 -42.5747 -41.5749 -40.5751 -39.5753 -38.5752 -37.5753 -36.5753 
-35.5754 -34.5753 -33.5753 -32.5754 -31.5754 -30.5754 -29.5754 -28.5754 -27.5754 
-26.5756 -25.5757 -24.5758 -23.5758 -22.5761 -21.5761 -20.5764 -19.5766 -18.5768 
-17.577 -16.5771 -15.5772 -14.5773 -13.5773 -12.5774 -11.5774 -10.5774 -9.57746 
-8.57749 -7.57748 -6.57747 -5.57749 -4.57749 -3.57748 -2.57748 -1.5775 -0.577518 
0.272562 1.27254 2.27254 3.27252 4.27241 5.27233 6.27214 7.27215 8.27214 
9.27203 10.272 11.2719 12.2719 13.2719 14.2718 15.2717 16.2717 17.2716 
18.2715 19.2714 20.2714 21.2713 22.2713 23.2713 24.2712 25.2712 26.271 
27.271 28.2709 29.2707 30.2702 31.2701 32.2701 33.27 34.2694 35.2686 
36.2684 37.2685 38.2684 39.2683 40.2682 41.2682 42.2681 43.2681 44.2681 
45.2681 46.2681 -46.8425 -45.8425 -44.8425 -43.8426 -42.8426 -41.8427 -40.8427 
-39.8427 -38.8428 -37.8428 -36.8428 -35.8429 -34.8428 -33.8428 -32.8429 -31.8428 
-30.8428 -29.8429 -28.8429 -27.8431 -26.8432 -25.8433 -24.8434 -23.8434 -22.8436 
-21.844 -20.8442 -19.8444 -18.8445 -17.8447 -16.8448 -15.8449 -14.845 -13.845 
-12.8451 -11.8451 -10.8452 -9.84519 -8.8452 -7.84519 -6.8452 -5.8452 -4.8452 
-3.84521 -2.84521 -1.84521 -0.845212 0.124094 1.09343 2.09341 3.09341 4.09332 
5.09322 6.09322 7.0932 8.09322 9.09309 10.0931 11.0931 12.093 13.093 
14.093 15.093 16.0928 17.0928 18.0927 19.0927 20.0926 21.0925 22.0925 
23.0925 24.0925 25.0924 26.0923 27.0923 28.0921 29.0921 30.0919 31.0918 
32.0917 33.0916 34.0913 35.091 36.0908 37.0906 38.0905 39.0905 40.0904 
41.0903 42.0903 43.0903 44.0902 45.0902 46.0902 -47.4168 -46.667 -45.6671 
-44.6671 -43.6671 -42.6671 -41.6671 -40.6672 -39.6672 -38.6672 -37.6672 -36.6672 
-35.6672 -34.6672 -33.6672 -32.6673 -31.6672 -30.6673 -29.6673 -28.6673 -27.6673 
-26.6673 -25.6673 -24.6673 -23.6674 -22.6675 -21.6677 -20.6678 -19.6679 -18.6679 
-17.668 -16.668 -15.668 -14.6681 -13.6681 -12.6681 -11.6681 -10.6681 -9.66808 
-8.66808 -7.6681 -6.6681 -5.66809 -4.6681 -3.66809 -2.6681 -1.66809 -0.668119 
1.11811 2.1181 3.11811 4.11806 5.11787 6.11785 7.11784 8.11786 9.11777 
10.1176 11.1175 12.1175 13.1175 14.1175 15.1174 16.1173 17.1173 18.1172 
19.1171 20.117 21.1169 22.1169 23.1169 24.1169 25.1168 26.1167 27.1166 
28.1164 29.1163 30.1162 31.116 32.116 33.1159 34.1159 35.1157 36.1154 
37.1154 38.1154 39.1153 40.1153 41.1152 42.1151 43.1151 44.115 45.1151 
46.115 -46.8831 -45.8832 -44.8832 -43.8832 -42.8832 -41.8833 -40.8832 -39.8833 
-38.8833 -37.8834 -36.8834 -35.8834 -34.8835 -33.8834 -32.8834 -31.8834 -30.8834 
-29.8835 -28.8835 -27.8835 -26.8835 -25.8835 -24.8836 -23.8838 -22.8841 -21.8844 
-20.8845 -19.8848 -18.885 -17.8851 -16.8852 -15.8852 -14.8852 -13.8853 -12.8853 
-11.8854 -10.8854 -9.88543 -8.88543 -7.88544 -6.88545 -5.88545 -4.88544 -3.88544 
-2.88545 -1.88544 -0.885471 0.0941762 1.07384 2.07384 3.07382 4.07373 5.07363 
6.07364 7.07368 8.07365 9.0735 10.0735 11.0735 12.0735 13.0735 14.0735 
15.0734 16.0733 17.0732 18.0732 19.0731 20.073 21.073 22.073 23.0729 
24.0729 25.0729 26.0728 27.0728 28.0727 29.0726 30.0722 31.0721 32.0721 
33.0721 34.0718 35.0714 36.0714 37.0712 38.0711 39.0712 40.0711 41.071 
42.0709 43.071 44.0709 45.071 46.0709 -45.8695 -44.8698 -43.87 -42.8699 
-41.87 -40.87 -39.87 -38.87 -37.87 -36.87 -35.87 -34.8701 -33.8701 
-32.8701 -31.8701 -30.8702 -29.8703 -28.8703 -27.8703 -26.8704 -25.8704 -24.8704 
-23.8705 -22.8707 -21.8709 -20.8709 -19.871 -18.871 -17.871 -16.871 -15.871 
-14.871 -13.871 -12.8711 -11.8711 -10.8712 -9.87115 -8.87117 -7.87117 -6.87116 
-5.87118 -4.87117 -3.87118 -2.87117 -1.87117 -0.871165 0.326731 1.55066 2.5506 
3.55052 4.55038 5.55028 6.55026 7.55025 8.55027 9.55014 10.5502 11.5501 
12.5501 13.55 14.55 15.5499 16.5498 17.5497 18.5496 19.5496 20.5494 
21.5494 22.5494 23.5494 24.5494 25.5493 26.5491 27.549 28.5488 29.5484 
30.5482 31.5481 32.548 33.5471 34.5461 35.546 36.546 37.546 38.5459 
39.5459 40.5459 41.546 42.5459 43.5459 44.5459 45.5459 -46.6033 -45.8535 
-44.8537 -43.8538 -42.8539 -41.8538 -40.8539 -39.8539 -38.8539 -37.8539 -36.8539 
-35.8539 -34.8539 -33.8539 -32.854 -31.854 -30.8541 -29.8541 -28.8542 -27.8542 
-26.8542 -25.8542 -24.8542 -23.8543 -22.8545 -21.8546 -20.8547 -19.8548 -18.8548 
-17.8548 -16.8548 -15.8548 -14.8549 -13.8549 -12.8549 -11.8549 -10.8549 -9.85497 
-8.85497 -7.85499 -6.85498 -5.85498 -4.85499 -3.85497 -2.85497 -1.85499 -0.854998 
0.136984 1.12893 2.1289 3.12887 4.12884 5.12879 6.12873 7.12873 8.12877 
9.12854 10.1285 11.1284 12.1284 13.1284 14.1283 15.1283 16.1281 17.1281 
18.128 19.128 20.1279 21.1279 22.1278 23.1278 24.1278 25.1278 26.1277 
27.1275 28.1274 29.1272 30.1268 31.1268 32.1268 33.1262 34.1256 35.1254 
36.1254 37.1254 38.1254 39.1253 40.1252 41.1252 42.1251 43.1251 44.1251 
45.1251 -47.5731 -46.5732 -45.5733 -44.5732 -43.5733 -42.5732 -41.5732 -40.5733 
-39.5733 -38.5733 -37.5733 -36.5734 -35.5734 -34.5734 -33.5734 -32.5733 -31.5733 
-30.5734 -29.5734 -28.5734 -27.5735 -26.5734 -25.5735 -24.5735 -23.5737 -22.5738 
-21.574 -20.5741 -19.5743 -18.5744 -17.5745 -16.5745 -15.5746 -14.5747 -13.5746 
-12.5747 -11.5747 -10.5747 -9.57469 -8.57469 -7.57469 -6.5747 -5.57471 -4.57472 
-3.57471 -2.57471 -1.57472 -0.824725 0.556744 1.30673 2.30673 3.30672 4.30666 
5.30649 6.30648 7.30645 8.30644 9.3064 10.3064 11.3064 12.3064 13.3064 
14.3063 15.3062 16.3061 17.3061 18.306 19.306 20.3059 21.3058 22.3057 
23.3057 24.3057 25.3056 26.3055 27.3054 28.3053 29.3051 30.3051 31.305 
32.3049 33.3048 34.3045 35.3042 36.3041 37.3041 38.304 39.304 40.304 
41.3039 42.3038 43.3037 44.3038 45.3037 46.3037 -47.5911 -46.5911 -45.5912 
-44.5912 -43.5912 -42.5912 -41.5912 -40.5912 -39.5912 -38.5913 -37.5913 -36.5914 
-35.5914 -34.5914 -33.5914 -32.5914 -31.5914 -30.5914 -29.5914 -28.5915 -27.5915 
-26.5915 -25.5915 -24.5916 -23.5916 -22.5917 -21.5919 -20.5921 -19.5923 -18.5924 
-17.5925 -16.5924 -15.5925 -14.5925 -13.5925 -12.5926 -11.5926 -10.5926 -9.59257 
-8.59257 -7.59258 -6.59257 -5.59257 -4.59258 -3.59258 -2.59257 -1.59259 -0.842602 
0.25819 1.25818 2.25819 3.25816 4.25805 5.25796 6.25789 7.25788 8.25783 
9.25775 10.2577 11.2577 12.2577 13.2577 14.2577 15.2576 16.2576 17.2575 
18.2575 19.2574 20.2574 21.2573 22.2573 23.2573 24.2573 25.2571 26.2571 
27.257 28.2569 29.2566 30.2564 31.2562 32.2561 33.2559 34.2547 35.2543 
36.2543 37.2542 38.2542 39.2542 40.2542 41.2542 42.2541 43.2541 44.254 
45.2541 -46.6913 -45.9415 -44.9415 -43.9415 -42.9415 -41.9415 -40.9416 -39.9415 
-38.9416 -37.9416 -36.9416 -35.9416 -34.9416 -33.9416 -32.9416 -31.9416 -30.9417 
-29.9417 -28.9417 -27.9417 -26.9417 -25.9418 -24.9417 -23.9418 -22.942 -21.9421 
-20.9422 -19.9423 -18.9423 -17.9423 -16.9424 -15.9424 -14.9424 -13.9424 -12.9424 
-11.9424 -10.9425 -9.94248 -8.94247 -7.94248 -6.94248 -5.94248 -4.94249 -3.94249 
-2.94248 -1.94249 -0.942486 0.196661 1.33581 2.33581 3.33579 4.33569 5.33557 
6.33553 7.33552 8.33548 9.33539 10.3353 11.3353 12.3353 13.3353 14.3352 
15.3351 16.3351 17.335 18.3349 19.3349 20.3348 21.3348 22.3348 23.3348 
24.3348 25.3347 26.3346 27.3345 28.3344 29.3343 30.3342 31.334 32.3339 
33.3339 34.3332 35.3327 36.3327 37.3326 38.3327 39.3326 40.3326 41.3326 
42.3325 43.3325 44.3325 45.3325 -47.5064 -46.7565 -45.7565 -44.7565 -43.7565 
-42.7566 -41.7565 -40.7566 -39.7566 -38.7567 -37.7566 -36.7567 -35.7567 -34.7567 
-33.7567 -32.7567 -31.7568 -30.7567 -29.7567 -28.7567 -27.7568 -26.7569 -25.7569 
-24.757 -23.7569 -22.7572 -21.7573 -20.7575 -19.7577 -18.7579 -17.7579 -16.758 
-15.758 -14.7581 -13.7581 -12.7581 -11.7582 -10.7582 -9.75818 -8.75819 -7.75819 
-6.7582 -5.7582 -4.75819 -3.7582 -2.75821 -1.75821 -0.758209 0.34146 1.4411 
2.4411 3.44109 4.44095 5.44085 6.44076 7.44078 8.44074 9.44062 10.4406 
11.4405 12.4405 13.4405 14.4405 15.4404 16.4404 17.4403 18.4403 19.4403 
20.4402 21.4401 22.4401 23.4401 24.44 25.44 26.4399 27.4398 28.4396 
29.4396 30.4394 31.4391 32.439 33.4389 34.4389 35.4385 36.4384 37.4384 
38.4384 39.4384 40.4383 41.4383 42.4382 43.4382 44.4382 45.4381 -47.4586 
-46.7086 -45.7088 -44.7088 -43.7089 -42.7088 -41.7088 -40.7089 -39.7089 -38.7089 
-37.7089 -36.7089 -35.709 -34.709 -33.7089 -32.7089 -31.7089 -30.709 -29.709 
-28.709 -27.709 -26.709 -25.709 -24.709 -23.7091 -22.7093 -21.7094 -20.7096 
-19.7096 -18.7097 -17.7097 -16.7097 -15.7097 -14.7098 -13.7098 -12.7098 -11.7098 
-10.7098 -9.70983 -8.70983 -7.70983 -6.70984 -5.70984 -4.70983 -3.70984 -2.70984 
-1.70983 -0.959856 1.17669 2.1767 3.1767 4.17667 5.1766 6.17649 7.17648 
8.17644 9.17644 10.1763 11.1763 12.1763 13.1762 14.1763 15.1762 16.1761 
17.176 18.1759 19.1758 20.1757 21.1757 22.1756 23.1756 24.1757 25.1756 
26.1755 27.1754 28.1753 29.1751 30.175 31.1749 32.1746 33.1745 34.1745 
35.174 36.1736 37.1735 38.1735 39.1735 40.1734 41.1734 42.1733 43.1734 
44.1733 45.1733 46.1733 -46.8197 -45.8201 -44.8202 -43.8202 -42.8202 -41.8203 
-40.8202 -39.8203 -38.8203 -37.8203 -36.8203 -35.8204 -34.8203 -33.8203 -32.8203 
-31.8203 -30.8204 -29.8204 -28.8203 -27.8204 -26.8204 -25.8204 -24.8205 -23.8206 
-22.8205 -21.8207 -20.8208 -19.8209 -18.8209 -17.821 -16.821 -15.8211 -14.8211 
-13.8211 -12.8211 -11.8211 -10.8211 -9.82113 -8.82115 -7.82115 -6.82115 -5.82115 
-4.82115 -3.82116 -2.82115 -1.82115 -0.82118 0.783589 1.53359 2.53358 3.53356 
4.53348 5.53335 6.53325 7.53326 8.53323 9.53324 10.5331 11.533 12.5329 
13.5329 14.5329 15.5328 16.5327 17.5327 18.5326 19.5326 20.5325 21.5325 
22.5324 23.5324 24.5324 25.5323 26.5322 27.5321 28.5321 29.5319 30.5316 
31.5314 32.5314 33.5313 34.5311 35.5303 36.5299 37.5297 38.5297 39.5297 
40.5297 41.5297 42.5297 43.5296 44.5296 45.5297 46.5296 -47.585 -46.5851 
-45.5851 -44.5851 -43.5852 -42.5852 -41.5852 -40.5852 -39.5853 -38.5853 -37.5853 
-36.5854 -35.5854 -34.5853 -33.5854 -32.5853 -31.5854 -30.5854 -29.5854 -28.5854 
-27.5855 -26.5857 -25.5857 -24.5858 -23.5858 -22.5859 -21.5862 -20.5865 -19.5866 
-18.5868 -17.5869 -16.5869 -15.587 -14.5871 -13.5871 -12.5871 -11.5872 -10.5872 
-9.58724 -8.58724 -7.58725 -6.58724 -5.58724 -4.58724 -3.58725 -2.58724 -1.58724 
-0.587264 0.508951 1.50894 2.50894 3.50894 4.50867 5.50856 6.50858 7.50855 
8.50852 9.50847 10.5083 11.5083 12.5082 13.5082 14.5081 15.5081 16.508 
17.5079 18.5078 19.5077 20.5076 21.5076 22.5076 23.5076 24.5076 25.5075 
26.5074 27.5074 28.5073 29.5071 30.507 31.5068 32.5068 33.5067 34.5061 
35.5052 36.505 37.5048 38.5049 39.5048 40.5047 41.5047 42.5046 43.5046 
44.5046 45.5046 -46.5939 -45.5943 -44.5943 -43.5944 -42.5945 -41.5946 -40.5947 
-39.5947 -38.5947 -37.5948 -36.5948 -35.5948 -34.5948 -33.5948 -32.5948 -31.5948 
-30.5948 -29.5948 -28.5949 -27.5954 -26.5956 -25.5957 -24.5957 -23.596 -22.5963 
-21.5965 -20.5967 -19.5968 -18.5969 -17.597 -16.5971 -15.5971 -14.5971 -13.5971 
-12.5972 -11.5972 -10.5973 -9.5973 -8.59731 -7.59732 -6.59732 -5.59731 -4.59731 
-3.59731 -2.59732 -1.59733 -0.597345 0.295134 1.29512 2.29511 3.29508 4.29499 
5.29479 6.2947 7.29468 8.29468 9.29458 10.2945 11.2945 12.2945 13.2945 
14.2944 15.2944 16.2943 17.2942 18.2942 19.2941 20.294 21.2939 22.2939 
23.2939 24.2939 25.2938 26.2937 27.2937 28.2935 29.2935 30.2932 31.2931 
32.293 33.2929 34.2926 35.2923 36.2921 37.2919 38.2918 39.2918 40.2918 
41.2917 42.2916 43.2917 44.2917 45.2917 46.2917 -47.2045 -46.4545 -45.4546 
-44.4546 -43.4546 -42.4546 -41.4546 -40.4546 -39.4547 -38.4547 -37.4547 -36.4548 
-35.4548 -34.4548 -33.4548 -32.4548 -31.4548 -30.4548 -29.4548 -28.4549 -27.4548 
-26.4549 -25.4549 -24.455 -23.4551 -22.4552 -21.4554 -20.4556 -19.4557 -18.4558 
-17.4559 -16.4559 -15.4559 -14.456 -13.456 -12.456 -11.456 -10.456 -9.45603 
-8.45604 -7.45605 -6.45604 -5.45603 -4.45604 -3.45603 -2.45603 -1.45604 -0.456083 
0.782379 1.53238 2.53238 3.53238 4.53229 5.53216 6.53213 7.53212 8.53213 
9.53197 10.5319 11.5318 12.5318 13.5318 14.5318 15.5317 16.5316 17.5315 
18.5314 19.5313 20.5313 21.5312 22.5312 23.5312 24.5312 25.5311 26.531 
27.5309 28.5308 29.5307 30.5304 31.5301 32.5301 33.5301 34.5295 35.5287 
36.5285 37.5284 38.5284 39.5284 40.5283 41.5283 42.5282 43.5282 44.5282 
45.5282 -46.6796 -45.9297 -44.9298 -43.9299 -42.9298 -41.9299 -40.9299 -39.9299 
-38.9299 -37.9299 -36.93 -35.93 -34.93 -33.9301 -32.9301 -31.9302 -30.9302 
-29.9303 -28.9303 -27.9304 -26.9304 -25.9304 -24.9304 -23.9305 -22.9306 -21.9307 
-20.9308 -19.9308 -18.9308 -17.9309 -16.9308 -15.9309 -14.9309 -13.9309 -12.9309 
-11.931 -10.931 -9.93105 -8.93104 -7.93107 -6.93107 -5.93106 -4.93106 -3.93107 
-2.93107 -1.93107 -0.931072 0.215231 1.41336 2.41327 3.41318 4.41303 5.41305 
6.413 7.41301 8.41298 9.41293 10.4129 11.4129 12.4128 13.4129 14.4127 
15.4127 16.4127 17.4126 18.4125 19.4124 20.4124 21.4123 22.4123 23.4123 
24.4123 25.4122 26.412 27.4119 28.4117 29.4116 30.4114 31.4113 32.4113 
33.4082 34.4074 35.4073 36.4072 37.4073 38.4072 39.4072 40.407 41.407 
42.407 43.407 44.407 45.4067 -45.8378 -44.8381 -43.8382 -42.8382 -41.8382 
-40.8382 -39.8382 -38.8383 -37.8383 -36.8383 -35.8384 -34.8384 -33.8386 -32.8387 
-31.8388 -30.8388 -29.8389 -28.8388 -27.8389 -26.8389 -25.8389 -24.839 -23.8393 
-22.8394 -21.8396 -20.8396 -19.8397 -18.8397 -17.8397 -16.8397 -15.8397 -14.8397 
-13.8398 -12.8398 -11.8398 -10.8399 -9.83989 -8.83991 -7.83992 -6.83993 -5.83992 
-4.83992 -3.83992 -2.83992 -1.83991 -0.839914 0.315956 1.51885 2.51882 3.51873 
4.51874 5.51866 6.51863 7.51862 8.5186 9.51852 10.5184 11.5184 12.5184 
13.5184 14.5183 15.5183 16.5183 17.5183 18.5181 19.5181 20.518 21.5179 
22.5179 23.5179 24.5179 25.5178 26.5176 27.5175 28.5175 29.5171 30.5168 
31.5168 32.5168 33.5144 34.5144 35.5144 36.5143 37.5143 38.5143 39.5143 
40.5141 41.5141 42.5141 43.5141 44.5141 45.5139 -47.6999 -46.6999 -45.7 
-44.7 -43.7 -42.7001 -41.7001 -40.7 -39.7001 -38.7001 -37.7001 -36.7001 
-35.7001 -34.7001 -33.7001 -32.7001 -31.7001 -30.7002 -29.7002 -28.7001 -27.7002 
-26.7002 -25.7002 -24.7003 -23.7003 -22.7003 -21.7005 -20.7007 -19.7007 -18.7007 
-17.7008 -16.7009 -15.7009 -14.7009 -13.7009 -12.701 -11.701 -10.701 -9.70097 
-8.70099 -7.70099 -6.70098 -5.70099 -4.70098 -3.70098 -2.70098 -1.70098 -0.950994 
1.14798 2.148 3.14799 4.14795 5.14765 6.14756 7.14756 8.14755 9.14751 
10.1474 11.1474 12.1474 13.1473 14.1473 15.1472 16.1472 17.1471 18.147 
19.147 20.1469 21.1468 22.1468 23.1468 24.1468 25.1468 26.1467 27.1465 
28.1464 29.1463 30.1462 31.1461 32.146 33.1459 34.1455 35.1452 36.1449 
37.1448 38.1448 39.1448 40.1447 41.1447 42.1446 43.1446 44.1445 45.1446 
46.1444 -47.6211 -46.6216 -45.622 -44.622 -43.6221 -42.622 -41.6221 -40.6221 
-39.6221 -38.6221 -37.6221 -36.6221 -35.6221 -34.6222 -33.6221 -32.6222 -31.6221 
-30.6222 -29.6222 -28.6222 -27.6222 -26.6222 -25.6222 -24.6222 -23.6224 -22.6225 
-21.6226 -20.6228 -19.6228 -18.6229 -17.6229 -16.6229 -15.6229 -14.623 -13.623 
-12.623 -11.6231 -10.6231 -9.62306 -8.62307 -7.62306 -6.62306 -5.62307 -4.62307 
-3.62307 -2.62307 -1.62308 -0.873069 1.16628 2.16628 3.16628 4.16624 5.16625 
6.16614 7.16615 8.16613 9.16614 10.166 11.1659 12.1659 13.1659 14.1659 
15.1658 16.1657 17.1657 18.1655 19.1655 20.1654 21.1653 22.1653 23.1653 
24.1653 25.1653 26.1652 27.1651 28.165 29.1649 30.1649 31.1647 32.1646 
33.1645 34.1642 35.1638 36.1638 37.1637 38.1637 39.1637 40.1637 41.1635 
42.1635 43.1635 44.1635 45.1635 46.1634 -46.9284 -45.9285 -44.9285 -43.9285 
-42.9285 -41.9286 -40.9285 -39.9286 -38.9286 -37.9286 -36.9287 -35.9287 -34.9287 
-33.9287 -32.9287 -31.9287 -30.9287 -29.9287 -28.9287 -27.9288 -26.9293 -25.9293 
-24.9294 -23.9294 -22.9296 -21.9297 -20.9298 -19.93 -18.9302 -17.9303 -16.9304 
-15.9305 -14.9306 -13.9306 -12.9306 -11.9306 -10.9306 -9.93067 -8.93067 -7.93068 
-6.93067 -5.93068 -4.93068 -3.93067 -2.93068 -1.93068 -0.930688 0.116284 1.16325 
2.16326 3.16324 4.16312 5.1628 6.16266 7.16266 8.16266 9.16264 10.1626 
11.1625 12.1625 13.1625 14.1624 15.1623 16.1623 17.1622 18.1622 19.1622 
20.1621 21.162 22.162 23.162 24.1619 25.1619 26.1617 27.1617 28.1616 
29.1615 30.161 31.1609 32.1608 33.1606 34.1603 35.1598 36.1597 37.1597 
38.1596 39.1596 40.1596 41.1595 42.1594 43.1594 44.1594 45.1594 46.1594 
-47.7536 -46.7536 -45.7536 -44.7538 -43.7538 -42.7542 -41.7546 -40.7549 -39.7551 
-38.7551 -37.7551 -36.7552 -35.7552 -34.7552 -33.7552 -32.7552 -31.7553 -30.7553 
-29.7553 -28.7553 -27.7559 -26.7559 -25.756 -24.7561 -23.7561 -22.7563 -21.7564 
-20.7566 -19.757 -18.7572 -17.7573 -16.7575 -15.7576 -14.7577 -13.7578 -12.7578 
-11.7579 -10.7579 -9.75797 -8.75799 -7.75798 -6.75798 -5.75798 -4.75799 -3.75799 
-2.75799 -1.75801 -0.758002 0.175427 1.10886 2.10884 3.10883 4.10872 5.10849 
6.10818 7.10819 8.10817 9.10813 10.1081 11.108 12.108 13.108 14.108 
15.108 16.1079 17.1078 18.1077 19.1076 20.1075 21.1075 22.1075 23.1075 
24.1075 25.1074 26.1074 27.1073 28.1072 29.1072 30.1066 31.1064 32.1064 
33.1063 34.1058 35.1052 36.1051 37.105 38.105 39.105 40.1049 41.1049 
42.1048 43.1048 44.1048 45.1048 46.1048 -47.4781 -46.4781 -45.4782 -44.4782 
-43.4782 -42.4783 -41.4782 -40.4782 -39.4783 -38.4783 -37.4783 -36.4783 -35.4783 
-34.4783 -33.4783 -32.4783 -31.4783 -30.4783 -29.4783 -28.4783 -27.4785 -26.4786 
-25.4786 -24.4787 -23.4788 -22.479 -21.4791 -20.4793 -19.4793 -18.4794 -17.4796 
-16.4795 -15.4797 -14.4796 -13.4796 -12.4797 -11.4797 -10.4797 -9.47971 -8.47971 
-7.47972 -6.47972 -5.47972 -4.47973 -3.47971 -2.47972 -1.47972 -0.479727 0.500849 
1.25083 2.25083 3.25083 4.25069 5.25038 6.25027 7.25029 8.25028 9.25023 
10.2502 11.2501 12.2501 13.2501 14.2501 15.25 16.2499 17.2498 18.2499 
19.2498 20.2497 21.2497 22.2496 23.2496 24.2496 25.2496 26.2495 27.2493 
28.2494 29.2494 30.2489 31.2488 32.2487 33.2486 34.2483 35.2478 36.2478 
37.2478 38.2477 39.2477 40.2476 41.2476 42.2475 43.2475 44.2475 45.2475 
46.2474 -46.4717 -45.4722 -44.4723 -43.4724 -42.4723 -41.4724 -40.4724 -39.4724 
-38.4725 -37.4724 -36.4724 -35.4725 -34.4725 -33.4725 -32.4725 -31.4725 -30.4726 
-29.4726 -28.4726 -27.4726 -26.4726 -25.4726 -24.4726 -23.4727 -22.4729 -21.473 
-20.473 -19.4731 -18.4731 -17.4731 -16.4732 -15.4732 -14.4732 -13.4732 -12.4732 
-11.4732 -10.4733 -9.47327 -8.47326 -7.47325 -6.47326 -5.47328 -4.47326 -3.47326 
-2.47327 -1.47326 -0.473278 0.75324 1.50322 2.50322 3.50319 4.5031 5.50293 
6.50288 7.50286 8.50288 9.50286 10.5027 11.5026 12.5026 13.5026 14.5025 
15.5023 16.5022 17.5022 18.5022 19.5021 20.5021 21.502 22.502 23.5019 
24.5019 25.5018 26.5017 27.5016 28.5015 29.5014 30.5011 31.5008 32.5007 
33.5007 34.5004 35.4997 36.4995 37.4994 38.4994 39.4993 40.4993 41.4993 
42.4993 43.4993 44.4993 45.4993 46.4992 -46.3242 -45.5744 -44.5745 -43.5746 
-42.5747 -41.5747 -40.5747 -39.5748 -38.5748 -37.5748 -36.5748 -35.5749 -34.5748 
-33.5748 -32.5748 -31.5749 -30.575 -29.575 -28.5751 -27.5751 -26.5751 -25.5751 
-24.5751 -23.5753 -22.5755 -21.5756 -20.5757 -19.5757 -18.5757 -17.5757 -16.5758 
-15.5758 -14.5758 -13.5758 -12.5758 -11.5759 -10.5759 -9.57593 -8.57592 -7.57591 
-6.57591 -5.57591 -4.57591 -3.57592 -2.57592 -1.57593 -0.575933 0.457962 1.45794 
2.45791 3.45787 4.45768 5.45766 6.4576 7.45766 8.45766 9.45753 10.4574 
11.4573 12.4573 13.4572 14.4571 15.457 16.457 17.4569 18.4569 19.4568 
20.4566 21.4566 22.4566 23.4566 24.4565 25.4565 26.4564 27.4563 28.4562 
29.4561 30.4559 31.4559 32.4559 33.4558 34.4555 35.4553 36.4553 37.4552 
38.4553 39.4553 40.4552 41.4552 42.4552 43.4552 44.4552 45.4552 -46.2522 
-45.5024 -44.5026 -43.5026 -42.5026 -41.5026 -40.5026 -39.5026 -38.5026 -37.5026 
-36.5026 -35.5027 -34.5027 -33.5027 -32.5028 -31.5029 -30.503 -29.503 -28.503 
-27.5031 -26.5031 -25.5031 -24.5031 -23.5031 -22.5033 -21.5034 -20.5035 -19.5035 
-18.5035 -17.5035 -16.5036 -15.5036 -14.5036 -13.5036 -12.5037 -11.5037 -10.5037 
-9.50374 -8.50375 -7.50374 -6.50375 -5.50376 -4.50375 -3.50376 -2.50375 -1.50377 
-0.503766 0.383337 1.38331 2.38328 3.3832 4.38302 5.38299 6.38298 7.38299 
8.38297 9.38283 10.3828 11.3828 12.3828 13.3828 14.3827 15.3825 16.3824 
17.3824 18.3823 19.3822 20.3822 21.3821 22.3821 23.3821 24.3821 25.382 
26.382 27.3819 28.3816 29.3815 30.3814 31.3813 32.3813 33.3798 34.3789 
35.3787 36.3787 37.3787 38.3787 39.3786 40.3786 41.3786 42.3785 43.3785 
44.3785 45.3785 -47.6933 -46.4434 -45.4434 -44.4434 -43.4434 -42.4434 -41.4434 
-40.4435 -39.4434 -38.4434 -37.4435 -36.4435 -35.4435 -34.4435 -33.4435 -32.4435 
-31.4435 -30.4435 -29.4436 -28.4436 -27.4436 -26.4436 -25.4436 -24.4437 -23.4438 
-22.4439 -21.444 -20.4442 -19.4443 -18.4443 -17.4443 -16.4443 -15.4443 -14.4444 
-13.4444 -12.4444 -11.4444 -10.4444 -9.44444 -8.44444 -7.44444 -6.44444 -5.44444 
-4.44444 -3.44445 -2.44444 -1.44445 -0.694466 1.21647 2.21646 3.21646 4.21644 
5.21627 6.21616 7.21615 8.21613 9.21607 10.2159 11.2159 12.2159 13.2158 
14.2158 15.2157 16.2157 17.2155 18.2155 19.2153 20.2153 21.2153 22.2152 
23.2152 24.2152 25.2152 26.2151 27.2149 28.2148 29.2147 30.2147 31.2146 
32.2142 33.2142 34.2142 35.2142 36.2142 37.2139 38.214 39.2139 40.2139 
41.2138 42.2137 43.2138 44.2137 45.2137 46.2137 -47.4273 -46.6773 -45.6773 
-44.6774 -43.6774 -42.6774 -41.6775 -40.6775 -39.6775 -38.6775 -37.6776 -36.6776 
-35.6777 -34.6777 -33.6777 -32.6777 -31.6777 -30.6777 -29.6778 -28.6777 -27.6779 
-26.6781 -25.6781 -24.6782 -23.6783 -22.6785 -21.6785 -20.6788 -19.6791 -18.6793 
-17.6794 -16.6794 -15.6795 -14.6795 -13.6796 -12.6796 -11.6797 -10.6797 -9.67972 
-8.67973 -7.67974 -6.67973 -5.67973 -4.67974 -3.67973 -2.67973 -1.67975 -0.679766 
0.322972 1.32297 2.32296 3.32296 4.32284 5.32274 6.32274 7.32276 8.32273 
9.32266 10.3226 11.3225 12.3225 13.3225 14.3224 15.3223 16.3223 17.3221 
18.3221 19.3221 20.322 21.3219 22.3219 23.3219 24.3218 25.3218 26.3217 
27.3217 28.3215 29.3213 30.321 31.321 32.3209 33.3209 34.3204 35.3198 
36.3197 37.3197 38.3196 39.3196 40.3195 41.3194 42.3194 43.3194 44.3194 
45.3194 46.3193 -46.8465 -45.8466 -44.8467 -43.8467 -42.8467 -41.8467 -40.8468 
-39.8468 -38.8468 -37.8468 -36.8468 -35.8469 -34.8469 -33.8469 -32.8469 -31.8469 
-30.8469 -29.8469 -28.8469 -27.847 -26.8473 -25.8472 -24.8473 -23.8475 -22.8477 
-21.8479 -20.848 -19.8482 -18.8485 -17.8486 -16.8487 -15.8488 -14.8489 -13.8489 
-12.8489 -11.849 -10.849 -9.84905 -8.84905 -7.84904 -6.84905 -5.84907 -4.84905 
-3.84906 -2.84906 -1.84907 -0.849085 0.142265 1.13365 2.13364 3.13363 4.13362 
5.13353 6.13344 7.13342 8.13343 9.13334 10.1333 11.1332 12.1332 13.1332 
14.1332 15.1332 16.1331 17.133 18.1329 19.1329 20.1328 21.1328 22.1328 
23.1328 24.1327 25.1327 26.1326 27.1325 28.1325 29.1323 30.1319 31.1317 
32.1317 33.1317 34.1312 35.1309 36.1304 37.1301 38.1301 39.1301 40.13 
41.1299 42.13 43.1299 44.1299 45.1299 46.1298 -46.9347 -45.9348 -44.9348 
-43.9349 -42.9349 -41.9349 -40.9349 -39.9349 -38.9349 -37.9349 -36.9349 -35.9349 
-34.9349 -33.9349 -32.9349 -31.935 -30.935 -29.935 -28.935 -27.935 -26.935 
-25.935 -24.935 -23.9351 -22.9351 -21.9352 -20.9353 -19.9354 -18.9355 -17.9355 
-16.9355 -15.9355 -14.9356 -13.9356 -12.9356 -11.9356 -10.9356 -9.93563 -8.93564 
-7.93565 -6.93564 -5.93565 -4.93565 -3.93565 -2.93565 -1.93565 -0.935659 0.21818 
1.37201 2.372 3.37195 4.37193 5.37192 6.37187 7.37185 8.37187 9.37169 
10.3716 11.3715 12.3715 13.3715 14.3714 15.3714 16.3713 17.3713 18.3712 
19.3712 20.3712 21.3711 22.3711 23.3711 24.371 25.371 26.3709 27.3708 
28.3707 29.3706 30.3706 31.3703 32.3703 33.3699 34.3691 35.369 36.3689 
37.3689 38.3689 39.3689 40.3689 41.3688 42.3687 43.3686 44.3687 45.3686 
-47.5765 -46.8266 -45.8266 -44.8267 -43.8266 -42.8267 -41.8267 -40.8266 -39.8267 
-38.8267 -37.8268 -36.8268 -35.8268 -34.8268 -33.8268 -32.8269 -31.8269 -30.8268 
-29.8269 -28.8269 -27.827 -26.8271 -25.8271 -24.8271 -23.8272 -22.8274 -21.8277 
-20.8278 -19.8279 -18.828 -17.8281 -16.8282 -15.8282 -14.8283 -13.8283 -12.8284 
-11.8284 -10.8284 -9.82843 -8.82843 -7.82844 -6.82843 -5.82844 -4.82844 -3.82844 
-2.82844 -1.82845 -0.828451 0.257642 1.25763 2.25763 3.2576 4.25749 5.25736 
6.25726 7.25729 8.25724 9.25715 10.2571 11.2571 12.2571 13.257 14.257 
15.257 16.257 17.2568 18.2567 19.2567 20.2566 21.2566 22.2565 23.2565 
24.2565 25.2564 26.2563 27.2562 28.2562 29.256 30.2557 31.2557 32.2556 
33.2555 34.2555 35.2549 36.2548 37.2547 38.2547 39.2546 40.2546 41.2545 
42.2546 43.2545 44.2545 45.2545 -46.5795 -45.5795 -44.5796 -43.5796 -42.5797 
-41.5798 -40.5798 -39.5798 -38.5799 -37.5799 -36.5799 -35.58 -34.58 -33.58 
-32.5799 -31.58 -30.58 -29.58 -28.58 -27.5802 -26.5804 -25.5805 -24.5806 
-23.5806 -22.5808 -21.5811 -20.5813 -19.5815 -18.5817 -17.5818 -16.5819 -15.5819 
-14.5821 -13.5821 -12.5821 -11.5821 -10.5822 -9.5822 -8.58223 -7.58221 -6.58222 
-5.58223 -4.58221 -3.58223 -2.58222 -1.58223 -0.58225 0.349994 1.35 2.34998 
3.34997 4.34986 5.34974 6.34975 7.34975 8.34974 9.34967 10.3495 11.3495 
12.3494 13.3494 14.3493 15.3492 16.3492 17.3491 18.349 19.3489 20.3488 
21.3488 22.3488 23.3488 24.3488 25.3486 26.3486 27.3485 28.3483 29.3481 
30.3481 31.3478 32.3477 33.3477 34.3468 35.3464 36.3461 37.3459 38.3459 
39.3459 40.3458 41.3457 42.3457 43.3457 44.3457 45.3457 46.3456 -45.6432 
-44.6434 -43.6435 -42.6436 -41.6436 -40.6436 -39.6436 -38.6436 -37.6436 -36.6436 
-35.6437 -34.6436 -33.6437 -32.6438 -31.6438 -30.6438 -29.6439 -28.6439 -27.644 
-26.644 -25.644 -24.6441 -23.6442 -22.6444 -21.6445 -20.6447 -19.6447 -18.6447 
-17.6447 -16.6447 -15.6448 -14.6448 -13.6448 -12.6448 -11.6448 -10.6449 -9.64489 
-8.6449 -7.6449 -6.6449 -5.6449 -4.6449 -3.64491 -2.6449 -1.6449 -0.644899 
0.27764 1.27761 2.2776 3.2776 4.27733 5.2772 6.27711 7.27713 8.27713 
9.27711 10.2769 11.2769 12.2769 13.2769 14.2767 15.2767 16.2767 17.2766 
18.2765 19.2764 20.2764 21.2764 22.2764 23.2764 24.2763 25.2764 26.2761 
27.276 28.2759 29.2756 30.2756 31.2753 32.2752 33.2749 34.2745 35.2737 
36.2737 37.2737 38.2737 39.2737 40.2737 41.2737 42.2737 43.2737 44.2736 
45.2736 -46.518 -45.7682 -44.7682 -43.7683 -42.7683 -41.7683 -40.7683 -39.7683 
-38.7683 -37.7684 -36.7684 -35.7684 -34.7684 -33.7684 -32.7685 -31.7685 -30.7685 
-29.7685 -28.7685 -27.7686 -26.7686 -25.7686 -24.7686 -23.7689 -22.769 -21.7691 
-20.7692 -19.7692 -18.7693 -17.7693 -16.7693 -15.7693 -14.7694 -13.7694 -12.7694 
-11.7694 -10.7694 -9.76942 -8.76942 -7.76941 -6.76944 -5.76943 -4.76942 -3.76942 
-2.76942 -1.76943 -0.769433 0.29261 1.2926 2.29262 3.29249 4.29244 5.29245 
6.29242 7.2924 8.29237 9.29225 10.2922 11.2921 12.2921 13.2921 14.2921 
15.292 16.2919 17.2918 18.2917 19.2916 20.2917 21.2916 22.2916 23.2916 
24.2915 25.2914 26.2914 27.2913 28.2912 29.2911 30.291 31.2909 32.2909 
33.2902 34.2894 35.2894 36.2893 37.2893 38.2893 39.2892 40.2891 41.289 
42.2891 43.289 44.289 45.2888 -46.6 -45.8502 -44.8504 -43.8504 -42.8504 
-41.8505 -40.8504 -39.8504 -38.8504 -37.8505 -36.8505 -35.8505 -34.8505 -33.8505 
-32.8506 -31.8506 -30.8506 -29.8506 -28.8506 -27.8506 -26.8507 -25.8507 -24.8507 
-23.8508 -22.851 -21.851 -20.8512 -19.8513 -18.8513 -17.8513 -16.8513 -15.8513 
-14.8514 -13.8513 -12.8514 -11.8514 -10.8514 -9.85143 -8.85143 -7.85143 -6.85144 
-5.85144 -4.85144 -3.85144 -2.85143 -1.85144 -0.851449 0.196418 1.24429 2.24427 
3.24424 4.24414 5.24405 6.24401 7.24398 8.24401 9.24387 10.2437 11.2437 
12.2437 13.2437 14.2436 15.2435 16.2434 17.2433 18.2433 19.2432 20.2432 
21.2432 22.2432 23.2431 24.2431 25.2431 26.2429 27.2428 28.2427 29.2426 
30.2423 31.2423 32.2423 33.2422 34.2413 35.2413 36.2413 37.2413 38.2413 
39.2413 40.2413 41.2413 42.2412 43.2412 44.2413 45.2412 -45.6459 -44.6461 
-43.6462 -42.6464 -41.6464 -40.6465 -39.6465 -38.6465 -37.6465 -36.6465 -35.6466 
-34.6466 -33.6466 -32.6466 -31.6467 -30.6468 -29.6468 -28.6468 -27.6468 -26.6468 
-25.6469 -24.6469 -23.6471 -22.6471 -21.6472 -20.6473 -19.6473 -18.6473 -17.6473 
-16.6473 -15.6474 -14.6474 -13.6474 -12.6474 -11.6474 -10.6475 -9.64748 -8.6475 
-7.6475 -6.64751 -5.64749 -4.6475 -3.6475 -2.64749 -1.64751 -0.647507 0.362659 
1.36267 2.36264 3.36264 4.36244 5.36238 6.3623 7.36231 8.36226 9.36227 
10.3621 11.3621 12.362 13.362 14.3619 15.3619 16.3618 17.3618 18.3617 
19.3616 20.3615 21.3614 22.3615 23.3614 24.3614 25.3613 26.3612 27.3611 
28.3609 29.3607 30.3605 31.3604 32.3604 33.3601 34.3597 35.3595 36.3594 
37.3593 38.3593 39.3593 40.3593 41.3593 42.3592 43.3592 44.3592 45.3592 
-47.5867 -46.5869 -45.5868 -44.587 -43.5872 -42.5873 -41.5874 -40.5876 -39.5877 
-38.5877 -37.5878 -36.5878 -35.5878 -34.5878 -33.5879 -32.5878 -31.5878 -30.5879 
-29.5879 -28.5879 -27.5885 -26.5885 -25.5886 -24.5888 -23.5888 -22.589 -21.5893 
-20.5895 -19.5899 -18.5901 -17.5902 -16.5903 -15.5904 -14.5904 -13.5904 -12.5905 
-11.5905 -10.5905 -9.59059 -8.59059 -7.59059 -6.5906 -5.59059 -4.59061 -3.59059 
-2.5906 -1.59061 -0.590626 0.278088 1.27807 2.27808 3.27807 4.27805 5.27794 
6.27764 7.27762 8.27763 9.27763 10.2775 11.2775 12.2775 13.2775 14.2775 
15.2774 16.2774 17.2773 18.2771 19.2771 20.277 21.277 22.277 23.277 
24.277 25.2769 26.2767 27.2767 28.2765 29.2765 30.2761 31.2761 32.276 
33.2758 34.2755 35.2751 36.2749 37.2749 38.2749 39.2748 40.2747 41.2747 
42.2746 43.2746 44.2746 45.2746 46.2746 -47.4695 -46.7197 -45.7198 -44.7198 
-43.7198 -42.7198 -41.7198 -40.7198 -39.7198 -38.7199 -37.72 -36.7199 -35.72 
-34.72 -33.7199 -32.72 -31.72 -30.72 -29.72 -28.72 -27.7201 -26.72 
-25.72 -24.7201 -23.7201 -22.7203 -21.7204 -20.7205 -19.7207 -18.7207 -17.7207 
-16.7207 -15.7208 -14.7208 -13.7208 -12.7208 -11.7208 -10.7208 -9.72083 -8.72084 
-7.72085 -6.72084 -5.72083 -4.72084 -3.72084 -2.72085 -1.72085 -0.97086 0.41244 
1.41242 2.41243 3.41241 4.4123 5.41219 6.41214 7.41214 8.41206 9.41205 
10.412 11.412 12.4119 13.4119 14.4118 15.4117 16.4117 17.4116 18.4115 
19.4114 20.4113 21.4113 22.4112 23.4112 24.4112 25.4111 26.4111 27.4109 
28.4109 29.4108 30.4104 31.4101 32.4101 33.4101 34.4095 35.409 36.4089 
37.4088 38.4088 39.4088 40.4088 41.4086 42.4087 43.4086 44.4086 45.4086 
-45.942 -44.9422 -43.9424 -42.9425 -41.9425 -40.9426 -39.9425 -38.9426 -37.9426 
-36.9426 -35.9426 -34.9426 -33.9426 -32.9426 -31.9426 -30.9426 -29.9426 -28.9426 
-27.9427 -26.9427 -25.9427 -24.9427 -23.9428 -22.9429 -21.9431 -20.6932 -19.4432 
-18.4433 -17.4433 -16.4433 -15.4433 -14.4434 -13.4434 -12.4434 -11.4434 -10.4434 
-9.44343 -8.44343 -7.44343 -6.44346 -5.44344 -4.44345 -3.44344 -2.44344 -1.44344 
-0.443444 0.456696 1.20668 2.20667 3.20663 4.20653 5.20645 6.20643 7.20642 
8.20639 9.20637 10.2061 11.206 12.206 13.206 14.2059 15.2059 16.2058 
17.2058 18.2057 19.2057 20.2056 21.2055 22.2054 23.2054 24.2054 25.2054 
26.2053 27.2052 28.205 29.2049 30.2047 31.2047 32.2047 33.2046 34.2045 
35.2045 36.2044 37.2045 38.2045 39.2044 40.2044 41.2044 42.2044 43.2044 
44.2044 45.2044 -47.5951 -46.5953 -45.5954 -44.5954 -43.5954 -42.5954 -41.5954 
-40.5954 -39.5954 -38.5954 -37.5955 -36.5955 -35.5955 -34.5955 -33.5955 -32.5955 
-31.5955 -30.5956 -29.5955 -28.5955 -27.5955 -26.5956 -25.5956 -24.5956 -23.5956 
-22.5957 -21.5959 -20.5961 -19.5961 -18.5961 -17.5962 -16.5963 -15.5963 -14.5964 
-13.5964 -12.5964 -11.5964 -10.5964 -9.5964 -8.5964 -7.59641 -6.59641 -5.5964 
-4.59641 -3.59641 -2.59641 -1.59642 -0.846427 0.770918 1.52091 2.52091 3.52088 
4.52086 5.52068 6.5207 7.52068 8.52066 9.52065 10.5206 11.5205 12.5205 
13.5205 14.5205 15.5203 16.5203 17.5202 18.5202 19.5201 20.52 21.52 
22.5199 23.52 24.5199 25.5199 26.5197 27.5196 28.5195 29.5193 30.519 
31.5189 32.5189 33.5187 34.5174 35.5174 36.5173 37.5173 38.5172 39.5172 
40.5171 41.5171 42.5171 43.517 44.517 45.517 -47.309 -46.559 -45.559 
-44.559 -43.559 -42.559 -41.559 -40.5591 -39.5591 -38.5591 -37.5592 -36.5592 
-35.5592 -34.5592 -33.5592 -32.5592 -31.5592 -30.5592 -29.5592 -28.5592 -27.5593 
-26.5595 -25.5595 -24.5596 -23.5597 -22.5599 -21.5601 -20.5601 -19.5603 -18.5604 
-17.5605 -16.5606 -15.5606 -14.5607 -13.5607 -12.5607 -11.5608 -10.5608 -9.5608 
-8.56081 -7.56082 -6.56082 -5.56083 -4.56083 -3.56083 -2.56083 -1.56083 -0.560839 
0.351829 1.10184 2.10184 3.10184 4.10172 5.1014 6.10139 7.10141 8.10141 
9.10133 10.1012 11.1011 12.1011 13.101 14.101 15.1009 16.1009 17.1009 
18.1008 19.1007 20.1005 21.1005 22.1005 23.1005 24.1005 25.1004 26.1003 
27.1002 28.1002 29.1001 30.0999 31.0998 32.0998 33.0997 34.099 35.0985 
36.0982 37.0982 38.0982 39.0981 40.0981 41.098 42.098 43.098 44.0979 
45.0979 46.098 
