# vtk DataFile Version 4.2
vtk output
ASCII
DATASET POLYDATA
POINTS 15749 float
-26.533 -1.15197 34.9899 -26.7876 -1.16623 34.2318 -27.132 -1.20525 33.2939 
-27.5066 -1.24631 32.3677 -27.9029 -1.27848 31.4502 -28.3263 -1.28162 30.5444 
-28.7745 -1.24162 29.6518 -29.2431 -1.10938 28.7792 -29.7206 -0.902874 27.9258 
-30.1975 -0.644569 27.0857 -30.6638 -0.364414 26.2467 -31.0953 -0.0707472 25.3939 
-31.4795 0.232067 24.5221 -31.7984 0.553172 23.6309 -32.05 0.893981 22.7257 
-32.2564 1.27037 21.8226 -32.459 1.66867 20.9281 -32.6621 2.07311 20.0363 
-32.8354 2.45862 19.1305 -32.9314 2.80045 18.1965 -32.954 3.10372 17.2449 
-32.887 3.3571 16.2803 -32.7694 3.57187 15.3111 -32.6217 3.75699 14.3395 
-32.4586 3.91878 13.3664 -32.2881 4.05482 12.3905 -32.1206 4.15884 11.4103 
-31.9711 4.22733 10.424 -31.856 4.2699 9.43178 -31.7597 4.30854 8.43721 
-31.647 4.35394 7.44472 -31.4876 4.40445 6.45903 -31.2858 4.45638 5.48114 
-31.0447 4.50607 4.51199 -30.7752 4.55658 3.55041 -30.4752 4.61601 2.5984 
-30.1525 4.67384 1.65372 -29.8052 4.72059 0.717176 -29.4366 4.75848 -0.211592 
-29.0544 4.78385 -1.13529 -28.6616 4.79787 -2.05479 -28.2435 4.80134 -2.96304 
-27.7927 4.79279 -3.85538 -27.2579 4.77205 -4.69897 -26.6476 4.72016 -5.48781 
-25.9439 4.61433 -6.18904 -25.1921 4.47151 -6.83178 -24.3984 4.31189 -7.41808 
-23.57 4.14103 -7.95079 -22.7422 3.89542 -8.44683 -22.0613 3.35879 -8.90288 
-21.5774 2.57931 -9.29429 -21.1282 1.80546 -9.73999 -20.6843 1.08184 -10.2623 
-20.213 0.483097 -10.9067 -19.7483 -0.026993 -11.6286 -19.3091 -0.440865 -12.4241 
-18.9493 -0.762454 -13.2982 -18.6866 -1.02316 -14.2255 -18.5404 -1.27302 -15.1819 
-18.4572 -1.56489 -16.1342 -18.4132 -1.90215 -17.0744 -18.3876 -2.26667 -18.0051 
-18.3681 -2.65903 -18.9247 -18.3507 -3.07104 -19.8356 -18.3481 -3.49503 -20.7413 
-18.3687 -3.91544 -21.6483 -18.4128 -4.31461 -22.5639 -18.484 -4.68466 -23.49 
-18.5658 -5.00088 -24.4347 -18.6352 -5.25505 -25.3989 -18.6773 -5.45225 -26.3782 
-18.6859 -5.62924 -27.3622 -18.6356 -5.75601 -28.352 -18.5599 -5.77582 -29.3467 
-18.5463 -5.61933 -30.332 -18.6286 -5.40682 -31.3023 -26.4156 -0.015934 37.1191 
-26.6478 0.0504989 36.3565 -26.9225 0.141861 35.3994 -27.1949 0.232361 34.4415 
-27.4782 0.316905 33.4862 -27.7835 0.3946 32.5372 -28.1166 0.466624 31.5972 
-28.475 0.533706 30.666 -28.8703 0.607236 29.7506 -29.2938 0.71059 28.8509 
-29.7368 0.854139 27.9661 -30.1841 1.03335 27.09 -30.6232 1.25058 26.2184 
-31.0393 1.4906 25.3414 -31.4037 1.75065 24.4479 -31.7036 2.03482 23.5377 
-31.9305 2.34777 22.6158 -32.1256 2.68331 21.6942 -32.3238 3.05552 20.7876 
-32.5335 3.44213 19.8895 -32.7146 3.80947 18.9777 -32.8385 4.13984 18.0427 
-32.8699 4.41245 17.082 -32.8326 4.64166 16.1099 -32.7322 4.82736 15.1328 
-32.594 4.98631 14.1554 -32.4239 5.1196 13.1791 -32.2385 5.22563 12.2023 
-32.0525 5.28975 11.2221 -31.8904 5.30831 10.2358 -31.7594 5.2981 9.24452 
-31.6306 5.28715 8.25296 -31.4745 5.28739 7.26536 -31.2784 5.29888 6.28503 
-31.0474 5.31826 5.31233 -30.7889 5.34186 4.34669 -30.5023 5.37168 3.38918 
-30.1945 5.40211 2.43826 -29.8683 5.4261 1.49329 -29.5243 5.44303 0.554492 
-29.2389 5.44999 -0.1928 -28.9512 5.45 -0.939259 -28.5846 5.44506 -1.86963 
-28.2022 5.43173 -2.79345 -27.7889 5.40441 -3.70335 -27.3159 5.369 -4.58294 
-26.7627 5.30319 -5.41181 -26.1325 5.19687 -6.17991 -25.4357 5.03488 -6.87773 
-24.7036 4.84418 -7.53114 -23.9222 4.63098 -8.11638 -23.1213 4.36409 -8.65068 
-22.4173 3.86666 -9.1317 -21.8962 3.13489 -9.55691 -21.4768 2.33263 -9.98119 
-21.0702 1.54321 -10.4405 -20.6376 0.830811 -10.9896 -20.1804 0.241058 -11.6502 
-19.7321 -0.228371 -12.407 -19.3343 -0.57267 -13.2547 -19.0439 -0.808985 -14.1805 
-18.8486 -1.00723 -15.14 -18.73 -1.21954 -16.1096 -18.651 -1.47241 -17.0735 
-18.5953 -1.76903 -18.0267 -18.5437 -2.0979 -18.9696 -18.489 -2.4609 -19.8997 
-18.4427 -2.83982 -20.8239 -18.4133 -3.2194 -21.7486 -18.4117 -3.58626 -22.6787 
-18.4303 -3.92841 -23.618 -18.4452 -4.23261 -24.5702 -18.4411 -4.47381 -25.5403 
-18.4086 -4.66366 -26.5213 -18.3317 -4.807 -27.5074 -18.1964 -4.88769 -28.4937 
-18.0126 -4.8348 -29.473 -17.9146 -4.62486 -30.4389 -18.0532 -4.38651 -31.1838 
-26.3302 -0.472751 37.1477 -26.5681 -0.423896 36.3855 -26.8463 -0.361315 35.427 
-27.126 -0.308819 34.4685 -27.4248 -0.27019 33.515 -27.7486 -0.241554 32.5694 
-28.098 -0.221319 31.6327 -28.4711 -0.209121 30.705 -28.8798 -0.182904 29.7931 
-29.321 -0.109425 28.8992 -29.7831 0.0294316 28.0238 -30.25 0.227779 27.1622 
-30.7069 0.46211 26.3042 -31.1331 0.719696 25.4373 -31.5069 0.995449 24.5522 
-31.8165 1.29591 23.6506 -32.0611 1.62337 22.7383 -32.2738 1.981 21.8291 
-32.4839 2.36971 20.9321 -32.6887 2.76437 20.0364 -32.8475 3.13307 19.1213 
-32.9398 3.46087 18.1818 -32.9494 3.74033 17.2225 -32.8864 3.97454 16.2529 
-32.7675 4.16632 15.2789 -32.6224 4.33575 14.3041 -32.4544 4.48018 13.3291 
-32.2765 4.60171 12.3526 -32.1044 4.68181 11.3711 -31.9567 4.72242 10.383 
-31.8432 4.73909 9.38974 -31.7372 4.75395 8.39552 -31.5986 4.77879 7.4056 
-31.4191 4.81041 6.42257 -31.1965 4.8462 5.44842 -30.944 4.88141 4.48158 
-30.6592 4.92237 3.52393 -30.351 4.96637 2.57371 -30.0192 5.00365 1.63114 
-29.6651 5.03239 0.696442 -29.2955 5.05275 -0.232507 -28.919 5.06151 -1.15886 
-28.529 5.0629 -2.07965 -28.1178 5.05312 -2.99097 -27.6534 5.03117 -3.87588 
-27.1214 4.99617 -4.72065 -26.4913 4.91922 -5.49224 -25.788 4.79916 -6.19079 
-25.0277 4.64879 -6.82164 -24.2227 4.49593 -7.39393 -23.3789 4.34404 -7.90845 
-22.5504 4.1198 -8.4145 -21.9593 3.47095 -8.84129 -21.4941 2.67503 -9.22803 
-21.051 1.90271 -9.6814 -20.5926 1.21691 -10.2416 -20.1208 0.653577 -10.9179 
-19.6592 0.160618 -11.6541 -19.2236 -0.2507 -12.4532 -18.851 -0.599712 -13.3114 
-18.6034 -0.881553 -14.2369 -18.4499 -1.16253 -15.1835 -18.3737 -1.49439 -16.1232 
-18.3324 -1.86627 -17.0504 -18.3099 -2.26126 -17.9688 -18.2927 -2.67495 -18.879 
-18.2792 -3.10882 -19.7798 -18.2807 -3.55183 -20.6763 -18.3085 -3.99126 -21.574 
-18.3593 -4.41139 -22.4799 -18.4425 -4.79138 -23.4008 -18.5374 -5.11903 -24.3404 
-18.624 -5.3762 -25.3025 -18.6903 -5.58756 -26.2775 -18.713 -5.77062 -27.26 
-18.6881 -5.91932 -28.2479 -18.622 -5.9447 -29.2434 -18.5939 -5.83164 -30.2341 
-18.6562 -5.62354 -31.2083 -26.5552 0.840721 37.1569 -26.7745 0.92862 36.3927 
-27.0346 1.05165 35.435 -27.2881 1.18189 34.4764 -27.5499 1.31435 33.5204 
-27.8344 1.45064 32.5716 -28.1537 1.59135 31.6346 -28.504 1.73567 30.7092 
-28.891 1.89637 29.8015 -29.301 2.07783 28.9077 -29.7153 2.27881 28.0201 
-30.1267 2.5081 27.1381 -30.5299 2.75913 26.2581 -30.9109 3.02705 25.3734 
-31.2401 3.31336 24.4739 -31.5033 3.61705 23.5588 -31.69 3.92942 22.6279 
-31.8465 4.24626 21.6926 -32.0594 4.58474 20.7767 -32.313 4.9394 19.8768 
-32.5415 5.27994 18.9651 -32.711 5.58473 18.0289 -32.7935 5.8371 17.0656 
-32.793 6.04001 16.0872 -32.7248 6.20209 15.1033 -32.5961 6.32927 14.1203 
-32.4135 6.42329 13.1418 -32.1968 6.47966 12.1674 -31.9673 6.47881 11.1945 
-31.7522 6.4342 10.2191 -31.5644 6.36815 9.23908 -31.3826 6.30762 8.25765 
-31.1788 6.26945 7.27948 -30.9534 6.24647 6.30553 -30.7062 6.23743 5.3367 
-30.4375 6.23885 4.37349 -30.1492 6.2427 3.41602 -29.8455 6.24271 2.46328 
-29.525 6.2354 1.51609 -29.1923 6.21819 0.573246 -28.9895 6.20328 0.00875092 
-28.7184 6.18048 -0.743594 -28.3764 6.14951 -1.68278 -28.0232 6.10828 -2.61735 
-27.6479 6.05523 -3.54254 -27.2224 5.994 -4.44503 -26.7368 5.90943 -5.31425 
-26.1623 5.7834 -6.12205 -25.5247 5.60998 -6.87128 -24.8329 5.38807 -7.55773 
-24.1044 5.14303 -8.19654 -23.3378 4.82713 -8.75193 -22.6203 4.35581 -9.25143 
-22.084 3.65065 -9.70664 -21.6537 2.85715 -10.1357 -21.2457 2.07021 -10.598 
-20.8382 1.30056 -11.0891 -20.3957 0.653773 -11.7031 -19.9387 0.115883 -12.4104 
-19.5182 -0.289716 -13.2177 -19.1863 -0.561818 -14.1183 -18.9642 -0.772967 -15.0691 
-18.8171 -0.98086 -16.0357 -18.7197 -1.22262 -17.0008 -18.6484 -1.50507 -17.9572 
-18.5855 -1.82878 -18.9012 -18.5182 -2.17797 -19.8358 -18.461 -2.5496 -20.7623 
-18.4244 -2.92217 -21.6895 -18.4076 -3.27995 -22.623 -18.4191 -3.62034 -23.5631 
-18.4285 -3.92309 -24.5159 -18.4104 -4.17523 -25.483 -18.3586 -4.36368 -26.4633 
-18.2702 -4.50433 -27.4489 -18.1127 -4.56295 -28.4329 -17.8936 -4.50171 -29.4044 
-17.7661 -4.23895 -30.3529 -17.9436 -3.89527 -31.2507 -26.4086 1.7032 37.2383 
-26.6282 1.80309 36.4756 -26.8811 1.93538 35.5172 -27.1189 2.08275 34.5572 
-27.3586 2.24761 33.6004 -27.6167 2.43156 32.6522 -27.911 2.63675 31.719 
-28.2488 2.85734 30.8041 -28.6235 3.09525 29.9083 -29.0184 3.34958 29.0255 
-29.4131 3.61652 28.1464 -29.8006 3.89759 27.2684 -30.1809 4.19536 26.3928 
-30.5471 4.50748 25.5163 -30.8782 4.83205 24.6305 -31.1488 5.1619 23.7267 
-31.349 5.48307 22.8015 -31.53 5.79169 21.868 -31.7934 6.09632 20.9537 
-32.1238 6.41177 20.0644 -32.4371 6.7255 19.1684 -32.6908 7.01808 18.247 
-32.8575 7.26982 17.2944 -32.9497 7.48396 16.3228 -32.9366 7.63856 15.3361 
-32.8394 7.74591 14.3475 -32.6489 7.802 13.3682 -32.3997 7.81598 12.4003 
-32.1037 7.76939 11.4466 -31.7956 7.67103 10.5007 -31.5068 7.54628 9.55147 
-31.2422 7.42966 8.59429 -30.9912 7.34012 7.63053 -30.7357 7.27717 6.66585 
-30.4701 7.23641 5.70266 -30.1954 7.20883 4.74158 -29.9105 7.18413 3.78332 
-29.6156 7.15564 2.82825 -29.3092 7.11632 1.87717 -28.995 7.06759 0.929098 
-28.6764 7.01392 -0.0172907 -28.3595 6.95805 -0.964082 -28.0379 6.89352 -1.90871 
-27.6979 6.81662 -2.84591 -27.3256 6.73067 -3.7699 -26.9149 6.63583 -4.67644 
-26.4389 6.51563 -5.54703 -25.8913 6.34772 -6.36489 -25.2617 6.12205 -7.10664 
-24.5775 5.85052 -7.78273 -23.8293 5.54571 -8.37014 -23.0804 5.15934 -8.90399 
-22.4717 4.52849 -9.37328 -22.0045 3.75988 -9.80384 -21.6047 2.95015 -10.2331 
-21.2022 2.1574 -10.6906 -20.7906 1.41204 -11.2101 -20.3418 0.786556 -11.8449 
-19.8979 0.275134 -12.578 -19.4926 -0.111183 -13.4033 -19.1799 -0.387741 -14.3096 
-18.969 -0.614017 -15.2596 -18.8267 -0.841573 -16.2227 -18.7286 -1.09963 -17.1835 
-18.6542 -1.39776 -18.135 -18.5845 -1.72859 -19.076 -18.5107 -2.08755 -20.0064 
-18.4519 -2.45884 -20.9328 -18.4235 -2.82577 -21.8626 -18.4144 -3.17422 -22.7998 
-18.4283 -3.49923 -23.7453 -18.4353 -3.78938 -24.702 -18.3942 -4.00944 -25.676 
-18.3186 -4.1786 -26.6584 -18.1915 -4.28332 -27.6442 -18.0014 -4.31331 -28.624 
-17.7535 -4.19355 -29.581 -17.5915 -3.88273 -30.5079 -17.6178 -3.46503 -31.1649 
-26.1047 -1.83294 35.0835 -26.4728 -1.87664 34.155 -26.8669 -1.96091 33.24 
-27.2881 -2.05132 32.3377 -27.7333 -2.10268 31.4441 -28.1917 -2.10277 30.5557 
-28.6594 -2.0203 29.6761 -29.1296 -1.86116 28.809 -29.5957 -1.60953 27.9611 
-30.0648 -1.32311 27.1259 -30.5321 -1.01593 26.2969 -30.9816 -0.698082 25.4622 
-31.3873 -0.377467 24.6067 -31.7369 -0.0469551 23.7304 -32.0109 0.304804 22.8359 
-32.2309 0.683228 21.937 -32.4298 1.08806 21.0446 -32.6283 1.49958 20.1551 
-32.8004 1.89163 19.2518 -32.91 2.2484 18.325 -32.936 2.56399 17.3773 
-32.8763 2.8368 16.418 -32.7569 3.06931 15.453 -32.6095 3.27254 14.4851 
-32.447 3.44936 13.5144 -32.2786 3.60183 12.5406 -32.112 3.72008 11.5619 
-31.9581 3.8061 10.5777 -31.8411 3.86752 9.58658 -31.7519 3.92464 8.59223 
-31.6535 3.98836 7.5992 -31.5198 4.05526 6.61065 -31.3303 4.1206 5.63111 
-31.1033 4.18167 4.6593 -30.8403 4.24037 3.69639 -30.5493 4.30791 2.74216 
-30.2287 4.37693 1.79749 -29.8856 4.4363 0.860148 -29.5141 4.48309 -0.0670191 
-29.0465 4.52198 -1.17142 -28.6409 4.53903 -2.08528 -28.2063 4.54437 -2.98571 
-27.7347 4.53672 -3.8672 -27.1731 4.51706 -4.69296 -26.5264 4.4632 -5.45167 
-25.7954 4.36202 -6.12528 -25.0194 4.2309 -6.74151 -24.2067 4.0888 -7.30589 
-23.3673 3.92676 -7.82405 -22.5416 3.66425 -8.31034 -21.8438 3.13402 -8.76538 
-21.3327 2.38166 -9.17829 -20.8663 1.64311 -9.66267 -20.3864 1.00874 -10.2641 
-19.9072 0.481285 -10.9643 -19.4482 0.0353598 -11.7313 -19.0183 -0.348682 -12.5476 
-18.6724 -0.678492 -13.4235 -18.4366 -0.969441 -14.3497 -18.3196 -1.29955 -15.2853 
-18.2604 -1.6806 -16.2074 -18.2394 -2.10252 -17.1138 -18.2317 -2.53598 -18.0149 
-18.2331 -2.98736 -18.9071 -18.2451 -3.45213 -19.7924 -18.2785 -3.9216 -20.6747 
-18.34 -4.3807 -21.5607 -18.4323 -4.81268 -22.4576 -18.5526 -5.20711 -23.3684 
-18.6997 -5.54569 -24.2974 -18.8578 -5.82804 -25.2431 -19.0043 -6.04362 -26.2083 
-19.1063 -6.24181 -27.1828 -19.1419 -6.39834 -28.1688 -19.1245 -6.44403 -29.1656 
-19.1054 -6.34447 -30.1591 -19.0963 -6.16389 -31.1423 -26.453 1.16697 37.417 
-26.6736 1.25904 36.6536 -26.9348 1.38243 35.6963 -27.1818 1.51885 34.7369 
-27.4308 1.66315 33.7793 -27.698 1.81711 32.828 -27.9932 1.98091 31.8869 
-28.33 2.1553 30.9618 -28.7025 2.34338 30.0532 -29.104 2.55471 29.1621 
-29.51 2.77968 28.2765 -29.9108 3.02778 27.3945 -30.305 3.29562 26.5154 
-30.6848 3.58049 25.6354 -31.0271 3.87814 24.7446 -31.2947 4.19251 23.8341 
-31.4987 4.50881 22.9083 -31.6518 4.81955 21.9703 -31.8573 5.13887 21.0464 
-32.1412 5.47831 20.1498 -32.4184 5.81581 19.2504 -32.6333 6.12096 18.3233 
-32.7798 6.38789 17.3716 -32.8342 6.60322 16.3973 -32.8122 6.77417 15.4132 
-32.707 6.89724 14.4269 -32.539 6.98561 13.4456 -32.3223 7.03808 12.4712 
-32.0718 7.04426 11.5034 -31.8147 6.99473 10.5385 -31.5756 6.9089 9.57142 
-31.3577 6.81821 8.5997 -31.1418 6.74629 7.62599 -30.9096 6.70083 6.65446 
-30.66 6.67397 5.68655 -30.392 6.66278 4.72323 -30.1108 6.65539 3.76362 
-29.8155 6.64564 2.80831 -29.5057 6.62893 1.85766 -29.1835 6.60117 0.911442 
-28.8552 6.56524 -0.032446 -28.5261 6.52654 -0.975946 -28.1937 6.48268 -1.91809 
-27.8471 6.4259 -2.85428 -27.4692 6.35902 -3.77747 -27.0457 6.28191 -4.6798 
-26.5614 6.18005 -5.54772 -25.9995 6.03322 -6.3605 -25.3712 5.83545 -7.11178 
-24.6969 5.58962 -7.80737 -23.9799 5.30054 -8.43995 -23.2431 4.92142 -8.99767 
-22.5849 4.37523 -9.50115 -22.0702 3.66119 -9.97065 -21.6371 2.88545 -10.4291 
-21.2189 2.11798 -10.9148 -20.8018 1.37329 -11.4324 -20.3488 0.754857 -12.0717 
-19.8985 0.239998 -12.7985 -19.4964 -0.138059 -13.6281 -19.1773 -0.406017 -14.5354 
-18.9611 -0.627734 -15.4856 -18.8116 -0.853714 -16.4478 -18.7116 -1.11543 -17.4075 
-18.6341 -1.41475 -18.3584 -18.5614 -1.75312 -19.2965 -18.4866 -2.11181 -20.2269 
-18.432 -2.48412 -21.1533 -18.4055 -2.85019 -22.0835 -18.396 -3.1987 -23.0206 
-18.408 -3.52471 -23.9658 -18.4081 -3.80632 -24.9249 -18.3701 -4.03303 -25.8976 
-18.287 -4.19436 -26.8806 -18.1571 -4.297 -27.866 -17.9434 -4.29492 -28.8411 
-17.6967 -4.13968 -29.7929 -17.6038 -3.77291 -30.7048 -26.3863 0.122376 37.0331 
-26.6205 0.191341 36.2712 -26.895 0.288531 35.3146 -27.1655 0.387482 34.3569 
-27.4498 0.481901 33.4029 -27.7579 0.572296 32.456 -28.0985 0.659281 31.5199 
-28.4652 0.743763 30.5934 -28.867 0.842954 29.6834 -29.2962 0.971176 28.7894 
-29.7367 1.13378 27.9067 -30.1771 1.33233 27.0312 -30.6057 1.55922 26.1569 
-31.0055 1.8048 25.2739 -31.3387 2.07301 24.3705 -31.6035 2.36674 23.4527 
-31.7927 2.68581 22.5243 -31.9634 3.02452 21.5992 -32.1623 3.39602 20.6924 
-32.3786 3.77764 19.7938 -32.5697 4.14055 18.8822 -32.7018 4.46247 17.9455 
-32.75 4.73159 16.9846 -32.7235 4.95473 16.0107 -32.6353 5.13821 15.0321 
-32.4995 5.291 14.0534 -32.3252 5.41543 13.0768 -32.1312 5.50981 12.1005 
-31.9351 5.5549 11.1212 -31.76 5.55676 10.1369 -31.6177 5.53292 9.14739 
-31.4785 5.51105 8.15741 -31.3084 5.50354 7.17216 -31.1044 5.50682 6.19331 
-30.8679 5.51824 5.22184 -30.6026 5.53616 4.25794 -30.3109 5.55778 3.30169 
-29.9997 5.5763 2.35158 -29.6694 5.58766 1.40782 -29.3219 5.59083 0.470181 
-29.1083 5.58799 -0.0905037 -28.8934 5.58144 -0.650675 -28.5307 5.56718 -1.58244 
-28.156 5.54535 -2.50927 -27.7525 5.50926 -3.42331 -27.301 5.46733 -4.31411 
-26.7757 5.40183 -5.16136 -26.1621 5.29658 -5.94217 -25.4727 5.14257 -6.64852 
-24.7309 4.96041 -7.29325 -23.9365 4.77606 -7.87078 -23.1079 4.59095 -8.39863 
-22.3733 4.18132 -8.89139 -21.8802 3.4232 -9.28318 -21.4631 2.60222 -9.67221 
-21.0637 1.7903 -10.0977 -20.6343 1.06488 -10.6273 -20.1749 0.452095 -11.2676 
-19.7158 -0.0591225 -11.993 -19.2943 -0.457592 -12.8039 -18.9529 -0.762985 -13.6912 
-18.7262 -1.00415 -14.6331 -18.5949 -1.24522 -15.594 -18.5169 -1.52686 -16.5501 
-18.4696 -1.85162 -17.4945 -18.4343 -2.20425 -18.4295 -18.3991 -2.58776 -19.3523 
-18.3656 -2.98843 -20.268 -18.3488 -3.39747 -21.1802 -18.3573 -3.7994 -22.0957 
-18.3862 -4.17905 -23.0203 -18.4356 -4.52048 -23.9586 -18.4809 -4.80022 -24.9172 
-18.4999 -5.02334 -25.8914 -18.4815 -5.20304 -26.8747 -18.4244 -5.35269 -27.8615 
-18.3044 -5.41178 -28.8508 -18.1798 -5.33766 -29.8377 -18.2124 -5.10546 -30.8044 
-26.4326 1.15536 37.3492 -26.654 1.24713 36.586 -26.9165 1.37059 35.629 
-27.1642 1.50777 34.6699 -27.4142 1.65256 33.7126 -27.683 1.80681 32.7619 
-27.9805 1.97071 31.8216 -28.3205 2.14567 30.8977 -28.6961 2.33461 29.9906 
-29.0993 2.5467 29.1005 -29.5068 2.77278 28.2157 -29.9085 3.02208 27.3346 
-30.3043 3.28931 26.4561 -30.6822 3.57475 25.5754 -31.0201 3.87318 24.6832 
-31.2805 4.18797 23.7708 -31.4748 4.50409 22.8428 -31.6213 4.8149 21.9038 
-31.8248 5.13469 20.9797 -32.1054 5.47354 20.0818 -32.3835 5.8113 19.1828 
-32.5971 6.11452 18.2549 -32.7412 6.37861 17.3019 -32.7907 6.58945 16.3266 
-32.7674 6.75815 15.3419 -32.6557 6.8772 14.356 -32.4827 6.96322 13.3752 
-32.2509 7.00181 12.4036 -31.9941 6.9896 11.4375 -31.7401 6.92306 10.4728 
-31.5093 6.8344 9.50395 -31.3 6.74843 8.52993 -31.0855 6.68466 7.55536 
-30.8511 6.64508 6.58411 -30.5974 6.62315 5.61714 -30.3263 6.6125 4.65469 
-30.0394 6.60349 3.6968 -29.7374 6.59011 2.74359 -29.4212 6.56814 1.79517 
-29.0937 6.53446 0.850986 -28.7607 6.49404 -0.0911103 -28.4939 6.46029 -0.844538 
-28.156 6.41134 -1.78441 -27.8017 6.34974 -2.71742 -27.4133 6.27948 -3.63609 
-26.9913 6.20182 -4.53916 -26.4999 6.09782 -5.40252 -25.9303 5.95487 -6.2109 
-25.2732 5.7573 -6.93681 -24.5618 5.52758 -7.59996 -23.7826 5.29884 -8.18188 
-22.9798 5.04371 -8.72038 -22.3323 4.52156 -9.18662 -21.917 3.69502 -9.56558 
-21.5281 2.86021 -9.95502 -21.1451 2.03759 -10.3745 -20.7396 1.26948 -10.8653 
-20.2943 0.626316 -11.4825 -19.8401 0.0887707 -12.1918 -19.4155 -0.330337 -12.99 
-19.0853 -0.620867 -13.8854 -18.8563 -0.850956 -14.83 -18.7158 -1.0724 -15.7946 
-18.6229 -1.32931 -16.7561 -18.5606 -1.62856 -17.7081 -18.5075 -1.9613 -18.6496 
-18.4512 -2.3243 -19.5795 -18.3978 -2.70858 -20.5012 -18.3613 -3.09821 -21.4213 
-18.3474 -3.4789 -22.3459 -18.3625 -3.83659 -23.2794 -18.3785 -4.16026 -24.2253 
-18.3811 -4.4235 -25.1896 -18.3573 -4.63286 -26.1668 -18.2948 -4.79596 -27.1511 
-18.1769 -4.90901 -28.1369 -17.9902 -4.91174 -29.117 -17.8284 -4.7479 -30.0856 
-17.9139 -4.4352 -31.0201 -26.144 -0.216354 37.2771 -26.3908 -0.160044 36.5183 
-26.6798 -0.0792542 35.5644 -26.9591 0.00511931 34.6079 -27.2489 0.0831108 33.654 
-27.5616 0.154111 32.7069 -27.8997 0.218857 31.7681 -28.268 0.282399 30.8407 
-28.6653 0.352474 29.9258 -29.0979 0.459402 29.0309 -29.5475 0.605728 28.1499 
-30.0011 0.795642 27.2793 -30.4473 1.01394 26.4115 -30.8657 1.25812 25.5369 
-31.2369 1.5171 24.6455 -31.5335 1.80294 23.7352 -31.746 2.1177 22.8109 
-31.9181 2.45558 21.8856 -32.0999 2.82354 20.974 -32.3055 3.21293 20.0762 
-32.4976 3.58909 19.17 -32.6303 3.92402 18.2381 -32.6882 4.21169 17.2829 
-32.6593 4.44695 16.312 -32.5758 4.64706 15.3362 -32.442 4.8135 14.3594 
-32.2789 4.95782 13.3836 -32.0901 5.06956 12.4081 -31.8926 5.14052 11.4306 
-31.7166 5.16252 10.4467 -31.5765 5.15847 9.45669 -31.4538 5.15296 8.46428 
-31.3143 5.15699 7.4742 -31.1308 5.17023 6.49145 -30.9102 5.18851 5.51635 
-30.6531 5.21078 4.55036 -30.3673 5.2365 3.59247 -30.0547 5.2596 2.6429 
-29.7243 5.27677 1.6993 -29.3689 5.28516 0.764653 -29.0005 5.28224 -0.165012 
-28.7008 5.27428 -0.906711 -28.316 5.259 -1.82952 -27.916 5.23249 -2.74558 
-27.477 5.19534 -3.64281 -26.9804 5.15296 -4.50931 -26.389 5.07913 -5.30993 
-25.7087 4.96761 -6.03298 -24.9494 4.82236 -6.66598 -24.1431 4.68104 -7.23958 
-23.2951 4.56337 -7.75604 -22.4419 4.47371 -8.2677 -21.7864 4.03972 -8.74779 
-21.3817 3.19753 -9.10312 -20.964 2.37714 -9.49017 -20.5146 1.64436 -9.9943 
-20.0302 1.08033 -10.6597 -19.5586 0.589386 -11.391 -19.1089 0.179952 -12.1844 
-18.698 -0.191151 -13.0163 -18.4091 -0.511803 -13.9164 -18.2357 -0.855354 -14.8377 
-18.1652 -1.26821 -15.7448 -18.136 -1.7241 -16.6343 -18.1254 -2.19439 -17.5167 
-18.1217 -2.66872 -18.397 -18.1269 -3.15871 -19.2687 -18.1468 -3.65683 -20.1355 
-18.1968 -4.15279 -21.0023 -18.2782 -4.62983 -21.8772 -18.393 -5.06941 -22.7678 
-18.5372 -5.4607 -23.6762 -18.7073 -5.78765 -24.6052 -18.8867 -6.05066 -25.5527 
-19.0458 -6.26384 -26.5165 -19.1516 -6.45924 -27.4909 -19.1755 -6.5877 -28.4805 
-19.1418 -6.59625 -29.4781 -19.1026 -6.47512 -30.4694 -19.0506 -6.31588 -31.4548 
-26.4191 0.735371 37.3002 -26.6999 0.841772 36.3465 -26.9656 0.961277 35.3899 
-27.2212 1.09209 34.432 -27.4849 1.22355 33.4764 -27.7735 1.35738 32.5285 
-28.0928 1.49503 31.591 -28.4478 1.63757 30.6672 -28.8381 1.79422 29.7602 
-29.2519 1.97508 28.868 -29.6707 2.17459 27.9821 -30.0857 2.40272 27.1015 
-30.4923 2.65142 26.2224 -30.8794 2.91618 25.3393 -31.2197 3.19658 24.4423 
-31.4855 3.49764 23.5273 -31.6793 3.80985 22.5976 -31.8285 4.12648 21.661 
-32.0157 4.46037 20.7376 -32.2638 4.8177 19.8374 -32.5035 5.16855 18.9323 
-32.6724 5.47551 17.9967 -32.7655 5.73656 17.0367 -32.774 5.94734 16.06 
-32.7169 6.11867 15.077 -32.5912 6.25005 14.094 -32.4188 6.35359 13.1147 
-32.2074 6.41651 12.1396 -31.9828 6.4332 11.1655 -31.7714 6.39488 10.1891 
-31.5834 6.33282 9.20901 -31.4053 6.27237 8.22688 -31.2076 6.23175 7.2476 
-30.9844 6.20902 6.27313 -30.7376 6.20159 5.30417 -30.469 6.2049 4.34097 
-30.1813 6.21082 3.38331 -29.8773 6.21305 2.43068 -29.5583 6.20881 1.48294 
-29.2929 6.19817 0.728344 -29.0227 6.18052 -0.0244445 -28.6843 6.15484 -0.96509 
-28.3418 6.12576 -1.90415 -27.9853 6.08476 -2.8375 -27.5988 6.03293 -3.75804 
-27.1601 5.97049 -4.65406 -26.6548 5.88016 -5.51114 -26.0689 5.7456 -6.30895 
-25.4205 5.56171 -7.04671 -24.7296 5.3282 -7.73017 -23.9995 5.07086 -8.36215 
-23.2454 4.72348 -8.91646 -22.5716 4.19443 -9.41677 -22.0496 3.4837 -9.88209 
-21.6178 2.70356 -10.334 -21.1978 1.93827 -10.8216 -20.7812 1.19468 -11.3406 
-20.3261 0.589404 -11.9909 -19.8723 0.078266 -12.7192 -19.4727 -0.285695 -13.5556 
-19.1629 -0.53577 -14.4712 -18.9565 -0.742511 -15.427 -18.8142 -0.955381 -16.3934 
-18.721 -1.20848 -17.3561 -18.6483 -1.5004 -18.3095 -18.5799 -1.83403 -19.2497 
-18.5062 -2.18918 -20.1815 -18.4524 -2.56048 -21.1084 -18.4239 -2.92666 -22.0384 
-18.4139 -3.27571 -22.9753 -18.4279 -3.60387 -23.9198 -18.4285 -3.88599 -24.8787 
-18.3963 -4.11872 -25.8503 -18.323 -4.28439 -26.8334 -18.2059 -4.39552 -27.8196 
-18.0051 -4.39894 -28.7971 -17.7763 -4.25595 -29.756 -17.6793 -3.9246 -30.6865 
-25.7746 5.04745 34.9645 -26.1066 5.07135 34.0242 -26.363 5.20119 33.0673 
-26.5991 5.4083 32.1183 -26.8611 5.66388 31.1881 -27.1772 5.93832 30.2803 
-27.5482 6.22304 29.3967 -27.9581 6.50998 28.5311 -28.3823 6.79835 27.6726 
-28.7957 7.09394 26.8114 -29.1799 7.39461 25.9386 -29.529 7.69931 25.0527 
-29.8227 8.00373 24.1469 -30.068 8.30256 23.2248 -30.3146 8.57678 22.2963 
-30.6959 8.80012 21.4055 -31.2857 8.98224 20.6207 -31.8602 9.18209 19.8274 
-32.3451 9.41097 18.9845 -32.7546 9.64981 18.1049 -33.0657 9.88687 17.1857 
-33.2703 10.0878 16.2289 -33.327 10.2198 15.2421 -33.2461 10.2852 14.2498 
-33.0156 10.2786 13.2785 -32.6889 10.2101 12.3373 -32.2719 10.0591 11.4421 
-31.8119 9.85571 10.5781 -31.3532 9.63044 9.71862 -30.9246 9.41679 8.84114 
-30.5508 9.23945 7.93115 -30.219 9.09352 6.99944 -29.9176 8.97699 6.05318 
-29.6237 8.87792 5.1025 -29.3314 8.78408 4.15078 -29.0385 8.68378 3.19991 
-28.7404 8.57542 2.25157 -28.4386 8.46502 1.30461 -28.1398 8.35748 0.356375 
-27.7869 8.22826 -0.783248 -27.4859 8.10819 -1.72922 -27.1609 7.96761 -2.66434 
-26.8153 7.82358 -3.59159 -26.4496 7.68036 -4.51117 -26.0522 7.5245 -5.41521 
-25.5894 7.33084 -6.27873 -25.0428 7.07666 -7.07399 -24.3982 6.74963 -7.76332 
-23.6929 6.37346 -8.36209 -22.984 5.91019 -8.88341 -22.4525 5.1999 -9.31473 
-22.0734 4.35835 -9.69908 -21.701 3.51599 -10.0885 -21.3205 2.6926 -10.5091 
-20.9332 1.89082 -10.963 -20.5072 1.18982 -11.5286 -20.0614 0.598831 -12.199 
-19.634 0.127632 -12.9663 -19.2682 -0.214573 -13.8288 -19.0099 -0.475222 -14.7578 
-18.8325 -0.709671 -15.7131 -18.7171 -0.965224 -16.6727 -18.6322 -1.2523 -17.6267 
-18.5622 -1.57964 -18.5689 -18.4893 -1.93451 -19.5009 -18.418 -2.30975 -20.425 
-18.3728 -2.68908 -21.3491 -18.3487 -3.05483 -22.2793 -18.3496 -3.40147 -23.2172 
-18.3582 -3.71612 -24.1662 -18.3409 -3.98171 -25.1295 -18.2809 -4.18142 -26.1072 
-18.1908 -4.33668 -27.0907 -18.0418 -4.42801 -28.0743 -17.8115 -4.41798 -29.0449 
-17.5754 -4.21729 -29.9906 -17.5068 -3.84035 -30.9034 -26.5834 0.38385 37.0467 
-26.8592 0.482284 36.0906 -27.1222 0.590683 35.1319 -27.3864 0.699887 34.1737 
-27.6663 0.805812 33.2196 -27.974 0.90963 32.2738 -28.3138 1.00634 31.3384 
-28.6783 1.09994 30.4121 -29.0811 1.21654 29.5044 -29.5029 1.35585 28.6086 
-29.9327 1.53013 27.7228 -30.3617 1.73687 26.8435 -30.7756 1.96875 25.9634 
-31.1536 2.22077 25.0728 -31.4746 2.49712 24.1675 -31.7274 2.79646 23.2479 
-31.918 3.11578 22.3198 -32.103 3.45554 21.3978 -32.3156 3.823 20.4925 
-32.5323 4.19393 19.5896 -32.7051 4.53547 18.6665 -32.8059 4.8302 17.717 
-32.8247 5.07427 16.7484 -32.7731 5.27392 15.7703 -32.6653 5.43715 14.79 
-32.5154 5.5735 13.811 -32.3308 5.68046 12.8341 -32.1321 5.75208 11.8568 
-31.9414 5.76882 10.8756 -31.7752 5.74936 9.88989 -31.6311 5.71521 8.90093 
-31.4755 5.68933 7.91353 -31.2833 5.68002 6.93236 -31.0613 5.68176 5.95741 
-30.8077 5.69314 4.9902 -30.533 5.71001 4.02889 -30.234 5.72825 3.07484 
-29.9165 5.74035 2.12672 -29.5821 5.74559 1.18433 -29.3052 5.74345 0.433807 
-29.1648 5.73982 0.0592651 -28.9537 5.731 -0.502308 -28.598 5.71473 -1.43676 
-28.2304 5.69104 -2.36638 -27.8364 5.65323 -3.28451 -27.3937 5.60815 -4.17962 
-26.8779 5.53886 -5.03231 -26.2838 5.43411 -5.82832 -25.6025 5.27396 -6.54132 
-24.8669 5.08557 -7.19077 -24.0729 4.90266 -7.76904 -23.242 4.73106 -8.29784 
-22.4836 4.37238 -8.80128 -21.9911 3.62538 -9.19271 -21.573 2.80347 -9.57878 
-21.1691 1.99374 -10.004 -20.7433 1.25655 -10.5229 -20.2878 0.63805 -11.1599 
-19.832 0.121267 -11.8818 -19.4028 -0.289986 -12.6841 -19.0662 -0.596815 -13.5719 
-18.8383 -0.836769 -14.5141 -18.7016 -1.06657 -15.4772 -18.6112 -1.32684 -16.4382 
-18.5529 -1.62796 -17.3899 -18.5051 -1.96184 -18.3311 -18.4566 -2.32716 -19.2607 
-18.4105 -2.71286 -20.182 -18.3787 -3.10645 -21.1008 -18.3695 -3.49353 -22.0227 
-18.3861 -3.8587 -22.9534 -18.4101 -4.18897 -23.8967 -18.4294 -4.46485 -24.8573 
-18.422 -4.68316 -25.8327 -18.3757 -4.85373 -26.8167 -18.2791 -4.98256 -27.8029 
-18.1175 -5.03499 -28.787 -17.9356 -4.95655 -29.7636 -17.9252 -4.68958 -30.7188 
-26.3507 -1.77099 34.784 -26.7174 -1.84521 33.8569 -27.1189 -1.95422 32.9477 
-27.5486 -2.04835 32.0499 -28.0022 -2.08668 31.16 -28.4666 -2.05981 30.2752 
-28.9393 -1.947 29.4017 -29.4062 -1.74998 28.5409 -29.8689 -1.46645 27.7012 
-30.337 -1.15912 26.8727 -30.7994 -0.834526 26.0476 -31.2379 -0.505333 25.2116 
-31.625 -0.173099 24.3519 -31.959 0.169522 23.4741 -32.2257 0.537699 22.5839 
-32.4515 0.936162 21.695 -32.6659 1.35143 20.811 -32.8703 1.76061 19.9218 
-33.0259 2.14017 19.0104 -33.1095 2.48628 18.0768 -33.0958 2.78777 17.1244 
-33.0141 3.04983 16.1633 -32.877 3.2612 15.1957 -32.7214 3.44778 14.2257 
-32.5567 3.61331 13.2535 -32.3926 3.75629 12.2775 -32.2366 3.87072 11.2965 
-32.1047 3.9555 10.3091 -32.0053 4.01515 9.31587 -31.9165 4.06777 8.32123 
-31.8064 4.12674 7.32918 -31.653 4.19056 6.34332 -31.4536 4.25634 5.36577 
-31.2166 4.32137 4.39657 -30.9497 4.38743 3.43518 -30.6585 4.46272 2.48154 
-30.3405 4.5411 1.5368 -29.9992 4.61058 0.599453 -29.633 4.66438 -0.329475 
-29.2539 4.71023 -1.25367 -28.861 4.73867 -2.17275 -28.4466 4.75955 -3.08254 
-27.9883 4.76939 -3.97095 -27.461 4.76184 -4.81917 -26.8481 4.71867 -5.60663 
-26.1628 4.62187 -6.32711 -25.4314 4.47327 -6.99208 -24.6727 4.29852 -7.61925 
-23.875 4.09063 -8.18417 -23.0732 3.80245 -8.70454 -22.3815 3.27118 -9.1731 
-21.8493 2.55332 -9.6132 -21.4104 1.7853 -10.079 -20.9734 1.04593 -10.5904 
-20.5198 0.3958 -11.1952 -20.0529 -0.135205 -11.8997 -19.6238 -0.527239 -12.7093 
-19.2694 -0.796929 -13.6016 -19.0234 -0.983921 -14.5514 -18.8619 -1.15429 -15.523 
-18.7621 -1.35913 -16.4963 -18.6948 -1.60651 -17.4626 -18.6437 -1.8998 -18.4171 
-18.5913 -2.22751 -19.3603 -18.5391 -2.58751 -20.2918 -18.499 -2.95807 -21.2197 
-18.48 -3.32273 -22.1505 -18.4898 -3.67312 -23.0869 -18.5095 -3.99408 -24.0337 
-18.5176 -4.2704 -24.9944 -18.5009 -4.48272 -25.9711 -18.4544 -4.65095 -26.9555 
-18.3546 -4.76301 -27.9434 -18.1982 -4.78821 -28.9292 -18.0547 -4.64257 -29.904 
-18.0935 -4.3752 -30.8591 -25.6509 4.07364 36.0276 -25.9493 4.08691 35.2863 
-26.2529 4.16224 34.3376 -26.4941 4.32301 33.3811 -26.7234 4.53701 32.4318 
-26.9794 4.79669 31.501 -27.2836 5.0836 30.5929 -27.6397 5.38161 29.7077 
-28.0328 5.68319 28.8391 -28.4413 5.98719 27.9785 -28.8459 6.29545 27.1175 
-29.2314 6.61051 26.2503 -29.5896 6.93235 25.3741 -29.8937 7.25143 24.4769 
-30.1343 7.56416 23.5585 -30.3173 7.86976 22.6244 -30.5142 8.1448 21.6849 
-30.9378 8.35352 20.8102 -31.4831 8.54863 19.9955 -31.9798 8.77496 19.1588 
-32.4018 9.01964 18.2866 -32.7381 9.25771 17.3765 -32.9928 9.47826 16.4356 
-33.1157 9.64327 15.4603 -33.0895 9.73478 14.4671 -32.9179 9.76172 13.484 
-32.6334 9.72372 12.5278 -32.2576 9.60892 11.6091 -31.8333 9.43971 10.7199 
-31.3982 9.23185 9.84388 -30.9892 9.0291 8.95442 -30.6299 8.85939 8.03719 
-30.3088 8.72133 7.10048 -30.0132 8.61166 6.15156 -29.7238 8.52021 5.19878 
-29.4324 8.43832 4.24567 -29.1392 8.35151 3.29356 -28.8424 8.25537 2.34349 
-28.5399 8.15447 1.39574 -28.2353 8.05345 0.448611 -27.8752 7.93256 -0.689687 
-27.5709 7.82399 -1.63601 -27.2476 7.69862 -2.57388 -26.9008 7.5641 -3.50207 
-26.5275 7.42927 -4.41979 -26.1202 7.28423 -5.32121 -25.6524 7.10498 -6.18532 
-25.0956 6.87605 -6.98214 -24.4479 6.57861 -7.6812 -23.7327 6.25251 -8.29769 
-22.9802 5.8759 -8.83725 -22.4508 5.20747 -9.25904 -22.0912 4.35018 -9.62683 
-21.7136 3.50644 -10.0084 -21.3382 2.67434 -10.416 -20.9566 1.8607 -10.8545 
-20.5442 1.12667 -11.3848 -20.094 0.520314 -12.0383 -19.6552 0.0192567 -12.7795 
-19.2719 -0.336083 -13.6284 -18.9897 -0.598735 -14.5495 -18.8039 -0.825844 -15.5048 
-18.6848 -1.06897 -16.4671 -18.6018 -1.34965 -17.4231 -18.5385 -1.67285 -18.3672 
-18.4743 -2.02251 -19.3018 -18.4078 -2.39759 -20.2263 -18.3581 -2.784 -21.1473 
-18.3267 -3.16367 -22.0718 -18.3236 -3.52671 -23.0034 -18.3356 -3.85855 -23.9465 
-18.3338 -4.15096 -24.9025 -18.3007 -4.37444 -25.8763 -18.2379 -4.55101 -26.8583 
-18.1189 -4.6697 -27.8432 -17.937 -4.71746 -28.8243 -17.7211 -4.58422 -29.7875 
-17.7266 -4.18839 -30.8974 -26.0467 -2.02363 35.0075 -26.4319 -2.07896 34.0864 
-26.845 -2.16723 33.1802 -27.2844 -2.25117 32.2861 -27.7427 -2.28815 31.3984 
-28.2068 -2.26836 30.5134 -28.6726 -2.16168 29.6357 -29.1393 -1.97972 28.7707 
-29.6031 -1.71902 27.9243 -30.0699 -1.42511 27.0903 -30.5347 -1.11351 26.2615 
-30.9827 -0.792168 25.4273 -31.3871 -0.468216 24.5726 -31.7318 -0.133697 23.696 
-32.006 0.220423 22.8023 -32.2238 0.601212 21.904 -32.4208 1.00775 21.0118 
-32.6174 1.42021 20.1224 -32.7878 1.81278 19.219 -32.9024 2.17332 18.294 
-32.9261 2.48953 17.3466 -32.864 2.76357 16.3877 -32.7427 2.99788 15.4233 
-32.594 3.20266 14.456 -32.4312 3.38084 13.4856 -32.2627 3.53422 12.512 
-32.0962 3.65294 11.5333 -31.9423 3.73964 10.5491 -31.8259 3.80356 9.55813 
-31.7379 3.86404 8.56388 -31.6391 3.9314 7.57117 -31.5056 4.00155 6.58274 
-31.32 4.06903 5.6027 -31.0916 4.13128 4.63126 -30.828 4.19113 3.66858 
-30.5363 4.26014 2.71465 -30.2148 4.33012 1.7704 -29.8702 4.39011 0.833636 
-29.4968 4.43751 -0.0927724 -29.0265 4.47608 -1.19603 -28.6179 4.49272 -2.10851 
-28.1806 4.49874 -3.00771 -27.6988 4.49163 -3.88337 -27.1298 4.47099 -4.704 
-26.4753 4.41617 -5.456 -25.7377 4.31483 -6.12231 -24.9557 4.18545 -6.73132 
-24.1381 4.04602 -7.28918 -23.2964 3.87919 -7.802 -22.473 3.60664 -8.28533 
-21.7797 3.06483 -8.7366 -21.2654 2.32055 -9.16013 -20.793 1.59608 -9.65827 
-20.305 0.992189 -10.285 -19.8237 0.48048 -10.9958 -19.3663 0.0497079 -11.7726 
-18.9397 -0.328121 -12.5936 -18.6007 -0.655368 -13.4732 -18.3736 -0.955586 -14.3987 
-18.2667 -1.30881 -15.3269 -18.2155 -1.71382 -16.2393 -18.2 -2.15552 -17.1363 
-18.1965 -2.60547 -18.0293 -18.2025 -3.07065 -18.9145 -18.2213 -3.54813 -19.7929 
-18.2624 -4.02973 -20.6682 -18.3339 -4.49923 -21.5481 -18.4372 -4.94039 -22.4393 
-18.5687 -5.34581 -23.3437 -18.7343 -5.69436 -24.2658 -18.9184 -5.98827 -25.2034 
-19.1003 -6.22139 -26.1583 -19.2348 -6.4308 -27.1265 -19.2898 -6.59545 -28.11 
-19.2649 -6.65775 -29.1058 -19.2167 -6.5777 -30.0999 -19.1768 -6.40779 -31.0841 
-25.9104 2.94596 36.952 -26.1711 3.03804 36.2013 -26.4519 3.16815 35.2507 
-26.6962 3.32077 34.2933 -26.9263 3.51478 33.3398 -27.1648 3.74326 32.396 
-27.4399 4.01017 31.4728 -27.7648 4.29737 30.5721 -28.1357 4.59747 29.6934 
-28.5256 4.90598 28.8258 -28.9198 5.21939 27.9619 -29.3103 5.53792 27.0981 
-29.6881 5.8684 26.2332 -30.0445 6.20581 25.3621 -30.3537 6.54366 24.4734 
-30.6083 6.87664 23.5659 -30.8182 7.19114 22.6404 -31.0982 7.47301 21.7243 
-31.5158 7.72597 20.8536 -31.9754 7.98108 20.003 -32.3839 8.2492 19.1311 
-32.7233 8.51327 18.2289 -32.9708 8.7587 17.2925 -33.1321 8.96708 16.3293 
-33.1597 9.10358 15.3405 -33.0781 9.18595 14.3488 -32.8707 9.20901 13.3722 
-32.5793 9.1745 12.4172 -32.2162 9.071 11.4918 -31.8196 8.91627 10.5873 
-31.4275 8.73417 9.68572 -31.0687 8.56358 8.76826 -30.7485 8.42636 7.83118 
-30.4519 8.31829 6.88243 -30.1668 8.23559 5.92753 -29.8825 8.1688 4.97117 
-29.5943 8.10729 4.01555 -29.303 8.03967 3.06135 -29.0068 7.96054 2.10951 
-28.7043 7.87788 1.15995 -28.3988 7.79516 0.21136 -28.0364 7.69308 -0.928034 
-27.7285 7.59812 -1.87469 -27.3986 7.48783 -2.81213 -27.0434 7.37105 -3.73953 
-26.6568 7.25063 -4.6537 -26.2325 7.11411 -5.54854 -25.7297 6.92587 -6.39076 
-25.1488 6.68212 -7.16561 -24.4993 6.37357 -7.85862 -23.7857 6.00809 -8.45354 
-23.0756 5.5498 -8.98128 -22.4879 4.90115 -9.44974 -22.0465 4.11323 -9.87751 
-21.6483 3.29884 -10.2993 -21.2509 2.4997 -10.7503 -20.8558 1.71253 -11.2215 
-20.4165 1.04629 -11.8198 -19.9686 0.466129 -12.4986 -19.5445 0.0177869 -13.2819 
-19.1893 -0.308284 -14.1548 -18.9484 -0.557943 -15.0914 -18.7852 -0.793247 -16.0492 
-18.676 -1.05517 -17.0077 -18.5953 -1.35399 -17.9584 -18.5243 -1.69068 -18.8973 
-18.4495 -2.05103 -19.827 -18.3834 -2.42896 -20.7504 -18.3428 -2.808 -21.6748 
-18.3227 -3.17112 -22.6062 -18.3263 -3.5154 -23.545 -18.3297 -3.82177 -24.4965 
-18.3024 -4.07598 -25.4628 -18.2368 -4.26741 -26.4417 -18.1334 -4.40825 -27.4258 
-17.9577 -4.47191 -28.4066 -17.7079 -4.41456 -29.3704 -17.5233 -4.14257 -30.3062 
-17.5762 -3.67969 -31.1735 -26.4852 1.25805 37.2016 -26.6497 1.32841 36.6289 
-26.9101 1.4536 35.6716 -27.1558 1.59162 34.7121 -27.404 1.73893 33.7547 
-27.6679 1.89684 32.8032 -27.9647 2.06687 31.8637 -28.3004 2.24814 30.9396 
-28.6759 2.44519 30.0341 -29.0756 2.66224 29.1437 -29.4806 2.89459 28.2593 
-29.8801 3.14617 27.3778 -30.2725 3.41853 26.4993 -30.6496 3.70659 25.6192 
-30.9864 4.0088 24.7279 -31.2607 4.32421 23.8199 -31.4529 4.64101 22.8916 
-31.605 4.95156 21.9534 -31.808 5.26776 21.0278 -32.094 5.60356 20.1308 
-32.3775 5.93781 19.2322 -32.6092 6.24614 18.3102 -32.7533 6.50617 17.3563 
-32.8228 6.7249 16.3838 -32.7999 6.89059 15.3987 -32.6982 7.01208 14.4122 
-32.5195 7.09136 13.4318 -32.2924 7.13311 12.4592 -32.0294 7.11772 11.4949 
-31.7663 7.05122 10.5327 -31.5284 6.95542 9.56621 -31.3089 6.86281 8.59505 
-31.0887 6.79429 7.62211 -30.8521 6.75021 6.65158 -30.597 6.72503 5.68504 
-30.3265 6.71167 4.72244 -30.041 6.70042 3.76416 -29.7418 6.68552 2.81011 
-29.4277 6.66143 1.86106 -29.1035 6.62686 0.915721 -28.7729 6.58454 -0.0271277 
-28.4421 6.54041 -0.969765 -28.1058 6.4881 -1.91004 -27.7523 6.42347 -2.84316 
-27.3634 6.34982 -3.76123 -26.9269 6.26355 -4.65632 -26.4118 6.14688 -5.50472 
-25.8151 5.9813 -6.28736 -25.137 5.77255 -6.99076 -24.4033 5.5442 -7.62951 
-23.607 5.33697 -8.19652 -22.7867 5.13116 -8.72965 -22.2321 4.61643 -9.13845 
-21.9173 3.73678 -9.44976 -21.5285 2.89769 -9.82982 -21.152 2.06388 -10.2331 
-20.7467 1.29494 -10.7204 -20.3014 0.643479 -11.3307 -19.8448 0.104017 -12.0373 
-19.4173 -0.322094 -12.8297 -19.069 -0.632752 -13.7117 -18.8334 -0.872185 -14.6519 
-18.6895 -1.09652 -15.6153 -18.5975 -1.35668 -16.576 -18.5372 -1.65944 -17.527 
-18.4897 -1.9932 -18.4684 -18.4399 -2.35787 -19.3981 -18.3919 -2.74509 -20.3188 
-18.3575 -3.13987 -21.2369 -18.3468 -3.52828 -22.1582 -18.3623 -3.89705 -23.0876 
-18.3867 -4.23252 -24.0291 -18.4042 -4.50837 -24.9897 -18.3979 -4.72993 -25.9645 
-18.3519 -4.90332 -26.948 -18.2659 -5.04281 -27.9341 -18.1015 -5.07738 -28.9179 
-17.9207 -4.98794 -29.8951 -17.9655 -4.71454 -30.8455 -25.8491 -2.24652 35.4113 
-26.0893 -2.28462 34.8628 -26.5044 -2.36894 33.9572 -26.9468 -2.47404 33.0667 
-27.4179 -2.55287 32.1886 -27.8966 -2.56918 31.3112 -28.365 -2.49485 30.4315 
-28.8256 -2.34196 29.5579 -29.2802 -2.09641 28.7025 -29.7356 -1.79733 27.8641 
-30.1978 -1.47675 27.0373 -30.6568 -1.1457 26.2129 -31.0911 -0.811127 25.3767 
-31.4824 -0.475334 24.5203 -31.8092 -0.130173 23.641 -32.0696 0.232341 22.7466 
-32.2854 0.62502 21.8528 -32.4869 1.03684 20.9641 -32.683 1.44745 20.0737 
-32.8444 1.83425 19.1664 -32.9243 2.17755 18.2311 -32.9319 2.48718 17.2812 
-32.8484 2.74969 16.3204 -32.7189 2.97771 15.3556 -32.5642 3.17502 14.3876 
-32.4002 3.35445 13.4177 -32.2314 3.50434 12.4436 -32.063 3.62288 11.4651 
-31.9124 3.70636 10.4803 -31.7962 3.77072 9.48925 -31.7081 3.83397 8.49517 
-31.6115 3.90359 7.50237 -31.4714 3.97512 6.51501 -31.2866 4.04347 5.53483 
-31.0541 4.1052 4.56431 -30.7901 4.16541 3.60178 -30.4923 4.23584 2.64981 
-30.1711 4.30525 1.70546 -29.8211 4.36267 0.770532 -29.4452 4.40889 -0.154926 
-29.0515 4.44019 -1.07356 -28.6426 4.45733 -1.98591 -28.2042 4.46256 -2.88456 
-27.7274 4.4542 -3.76303 -27.1694 4.43736 -4.59143 -26.528 4.39039 -5.35549 
-25.7944 4.2953 -6.02699 -25.0134 4.17029 -6.63804 -24.1952 4.03653 -7.19674 
-23.355 3.87546 -7.71375 -22.5257 3.61924 -8.20037 -21.8053 3.11988 -8.65895 
-21.2734 2.38992 -9.08492 -20.7933 1.67133 -9.58403 -20.3007 1.08167 -10.2211 
-19.8157 0.572086 -10.9308 -19.3567 0.143127 -11.7077 -18.9253 -0.236008 -12.5259 
-18.5772 -0.566828 -13.4006 -18.3442 -0.876862 -14.3209 -18.2297 -1.23823 -15.2451 
-18.1821 -1.66174 -16.1492 -18.1667 -2.11654 -17.0396 -18.1642 -2.57872 -17.9264 
-18.1717 -3.05411 -18.8061 -18.1922 -3.54153 -19.679 -18.2359 -4.03302 -20.5486 
-18.3093 -4.51482 -21.4217 -18.4172 -4.96754 -22.3066 -18.5523 -5.38692 -23.204 
-18.7255 -5.75065 -24.1189 -18.9228 -6.06162 -25.0482 -19.1278 -6.30999 -25.9947 
-19.2953 -6.53014 -26.9553 -19.373 -6.70967 -27.9346 -19.3568 -6.80412 -28.928 
-19.2895 -6.74981 -29.9223 -19.2294 -6.59781 -30.9084 -26.5929 -0.711037 35.8758 
-26.7622 -0.689697 35.3006 -27.0536 -0.676783 34.3441 -27.3658 -0.679744 33.3942 
-27.708 -0.693896 32.4547 -28.0756 -0.709709 31.525 -28.4704 -0.723938 30.6064 
-28.8967 -0.713631 29.7023 -29.355 -0.617795 28.8194 -29.8257 -0.451962 27.9535 
-30.299 -0.221738 27.1034 -30.7624 0.0355225 26.2555 -31.1914 0.316177 25.3971 
-31.5732 0.610417 24.5214 -31.8876 0.925106 23.6263 -32.1368 1.26463 22.7197 
-32.3557 1.63821 21.8185 -32.5701 2.03457 20.9258 -32.7732 2.43242 20.0313 
-32.931 2.80477 19.1174 -33 3.1274 18.174 -32.9981 3.41132 17.2159 
-32.9167 3.64524 16.2474 -32.7961 3.84737 15.2757 -32.6441 4.01783 14.3023 
-32.478 4.16957 13.3279 -32.3052 4.29379 12.3509 -32.1366 4.38816 11.3699 
-31.9982 4.43898 10.3811 -31.8894 4.46895 9.3875 -31.7874 4.49873 8.39319 
-31.6619 4.53578 7.40191 -31.4871 4.57912 6.41843 -31.2731 4.62479 5.44285 
-31.0212 4.66896 4.47619 -30.7409 4.71772 3.51762 -30.4341 4.77169 2.56739 
-30.1061 4.82071 1.62408 -29.7519 4.85861 0.68976 -29.3803 4.88816 -0.238155 
-28.9994 4.90539 -1.16255 -28.6057 4.91313 -2.08174 -28.1864 4.91017 -2.98939 
-27.7174 4.89485 -3.87195 -27.1754 4.86557 -4.71052 -26.5507 4.79924 -5.48701 
-25.841 4.68355 -6.18012 -25.0798 4.53687 -6.81091 -24.269 4.38318 -7.37493 
-23.4274 4.22479 -7.89089 -22.6072 3.96812 -8.38649 -21.9657 3.38017 -8.83224 
-21.495 2.59042 -9.22485 -21.0485 1.82266 -9.68291 -20.5897 1.14583 -10.2505 
-20.1162 0.583973 -10.9278 -19.6576 0.108263 -11.6771 -19.2292 -0.287285 -12.4883 
-18.8693 -0.629667 -13.3545 -18.6119 -0.912819 -14.2762 -18.4672 -1.19026 -15.2253 
-18.3899 -1.51515 -16.1674 -18.3491 -1.88113 -17.0969 -18.3251 -2.26925 -18.0182 
-18.3069 -2.68096 -18.9292 -18.2915 -3.10947 -19.8326 -18.2933 -3.54904 -20.7307 
-18.3188 -3.98455 -21.6305 -18.3708 -4.3972 -22.5397 -18.4509 -4.7759 -23.4614 
-18.5421 -5.09748 -24.4035 -18.6244 -5.35736 -25.3652 -18.6803 -5.55933 -26.3428 
-18.701 -5.74162 -27.3256 -18.6607 -5.8773 -28.3147 -18.5924 -5.90851 -29.3098 
-18.5765 -5.76373 -30.297 -18.6395 -5.55729 -31.2715 -26.5107 0.322904 37.0274 
-26.7916 0.418637 36.0725 -27.0579 0.524648 35.1145 -27.3242 0.632038 34.1566 
-27.6064 0.736071 33.203 -27.9146 0.837944 32.2572 -28.255 0.935237 31.322 
-28.6247 1.0304 30.3979 -29.0302 1.14725 29.4915 -29.4552 1.28832 28.5975 
-29.8878 1.46389 27.7133 -30.319 1.67232 26.8355 -30.7343 1.90557 25.9564 
-31.1133 2.15703 25.066 -31.4338 2.4326 24.1604 -31.6833 2.73227 23.2402 
-31.8659 3.05281 22.3109 -32.0436 3.393 21.3876 -32.2534 3.76121 20.4819 
-32.4703 4.13385 19.5798 -32.6456 4.47756 18.6579 -32.7497 4.77417 17.7094 
-32.7714 5.02002 16.7413 -32.722 5.22151 15.7635 -32.6153 5.38645 14.7834 
-32.4673 5.5261 13.8045 -32.2859 5.63896 12.8277 -32.0855 5.7158 11.8512 
-31.8876 5.74449 10.8716 -31.717 5.72722 9.88664 -31.5708 5.69388 8.898 
-31.4192 5.6676 7.90996 -31.2351 5.65646 6.92728 -31.0177 5.65714 5.95129 
-30.7705 5.66677 4.98244 -30.498 5.68297 4.0205 -30.2005 5.70053 3.066 
-29.8872 5.71394 2.11645 -29.5533 5.71929 1.1739 -29.2764 5.71741 0.42337 
-28.994 5.70776 -0.325067 -28.639 5.69207 -1.25977 -28.2733 5.67018 -2.19022 
-27.8923 5.63621 -3.11411 -27.4653 5.59276 -4.0169 -26.976 5.53454 -4.88633 
-26.3984 5.43918 -5.69541 -25.7472 5.30174 -6.44041 -25.0299 5.11875 -7.11196 
-24.2743 4.92024 -7.73507 -23.4611 4.71896 -8.28037 -22.6636 4.43036 -8.79554 
-22.0745 3.78059 -9.23548 -21.6494 2.95966 -9.61597 -21.2498 2.14168 -10.0294 
-20.8482 1.35371 -10.4921 -20.4004 0.689346 -11.0864 -19.8495 0.0367026 -11.9266 
-19.4193 -0.383927 -12.721 -19.0675 -0.691109 -13.6029 -18.82 -0.930809 -14.5401 
-18.6765 -1.1542 -15.5037 -18.5856 -1.41091 -16.4656 -18.5284 -1.71324 -17.4169 
-18.4853 -2.04659 -18.3587 -18.4415 -2.41263 -19.2881 -18.399 -2.80019 -20.2089 
-18.3679 -3.19766 -21.126 -18.3617 -3.59062 -22.0454 -18.3807 -3.96233 -22.9734 
-18.4121 -4.30279 -23.913 -18.4415 -4.58556 -24.8713 -18.4482 -4.81307 -25.8447 
-18.4151 -4.99108 -26.828 -18.3408 -5.13486 -27.8144 -18.1996 -5.18961 -28.8011 
-18.0505 -5.10339 -29.7822 -18.0587 -4.85639 -30.7445 -26.542 1.24084 37.1207 
-26.7042 1.31183 36.5474 -26.9622 1.43749 35.5895 -27.2081 1.57518 34.6301 
-27.4581 1.7219 33.673 -27.7261 1.87896 32.7225 -28.0264 2.04714 31.7838 
-28.3637 2.22545 30.8596 -28.7434 2.42158 29.9558 -29.1449 2.63756 29.0658 
-29.5493 2.86825 28.1808 -29.9483 3.12023 27.2993 -30.34 3.39304 26.4205 
-30.7152 3.68073 25.5394 -31.0484 3.98255 24.6467 -31.3145 4.29862 23.7365 
-31.5081 4.61449 22.8082 -31.6667 4.92535 21.8712 -31.8995 5.24818 20.9546 
-32.1866 5.58626 20.0585 -32.4588 5.91892 19.1559 -32.6764 6.22375 18.2292 
-32.8054 6.47971 17.2721 -32.8606 6.69438 16.2977 -32.824 6.85553 15.3123 
-32.7185 6.97709 14.3259 -32.538 7.05656 13.3461 -32.3109 7.09987 12.3734 
-32.0531 7.08442 11.4077 -31.7985 7.01764 10.4433 -31.5631 6.9263 9.4757 
-31.3455 6.83376 8.50409 -31.126 6.76515 7.53097 -30.8927 6.71923 6.55974 
-30.6393 6.69537 5.59272 -30.371 6.68396 4.62944 -30.0872 6.67664 3.67062 
-29.7921 6.66677 2.71519 -29.4807 6.64855 1.76514 -29.1584 6.61998 0.818979 
-28.8962 6.5912 0.0637015 -28.568 6.55286 -0.880121 -28.2374 6.51013 -1.8229 
-27.8936 6.45413 -2.76024 -27.5215 6.38833 -3.6859 -27.1049 6.31325 -4.5916 
-26.6369 6.2177 -5.4694 -26.0836 6.07738 -6.28955 -25.4743 5.89097 -7.05932 
-24.8131 5.64392 -7.76703 -24.1157 5.35641 -8.42213 -23.3908 4.97527 -8.99375 
-22.7117 4.4666 -9.51448 -22.1771 3.77735 -10.0002 -21.7236 3.02489 -10.4764 
-21.2966 2.2699 -10.974 -20.8708 1.53526 -11.5 -20.4161 0.916631 -12.1378 
-19.9644 0.394199 -12.8591 -19.552 -0.000134637 -13.6768 -19.2218 -0.284508 -14.574 
-18.9921 -0.515516 -15.5188 -18.8308 -0.747452 -16.4777 -18.7203 -1.00912 -17.4363 
-18.6359 -1.30915 -18.3862 -18.5589 -1.64899 -19.3235 -18.4813 -2.00795 -20.2536 
-18.4229 -2.37864 -21.1804 -18.3995 -2.74357 -22.111 -18.3956 -3.08866 -23.0495 
-18.4076 -3.41282 -23.9953 -18.411 -3.69491 -24.9543 -18.3779 -3.92267 -25.927 
-18.2943 -4.0847 -26.9096 -18.1553 -4.17763 -27.8946 -17.9287 -4.16055 -28.8665 
-17.6568 -3.99901 -29.812 -17.5289 -3.61879 -30.7119 -25.8875 3.03349 36.9425 
-26.2162 3.14448 36.0048 -26.4932 3.27455 35.0531 -26.7333 3.43479 34.0959 
-26.9636 3.63654 33.1441 -27.2052 3.8748 32.2036 -27.4883 4.14883 31.2849 
-27.8204 4.44088 30.3883 -28.1983 4.74563 29.5141 -28.5887 5.05783 28.6481 
-28.9833 5.37294 27.7849 -29.3722 5.6945 26.9216 -29.7451 6.02867 26.0561 
-30.0924 6.36615 25.1813 -30.3891 6.70305 24.2881 -30.6323 7.03325 23.3764 
-30.8496 7.34235 22.4508 -31.1684 7.6159 21.5462 -31.6151 7.86409 20.6875 
-32.0745 8.12179 19.8377 -32.4721 8.3875 18.9601 -32.7986 8.64845 18.0525 
-33.0315 8.88789 17.1109 -33.1628 9.07843 16.1393 -33.1774 9.20743 15.1497 
-33.0676 9.27691 14.16 -32.8358 9.28469 13.1882 -32.5288 9.23559 12.2388 
-32.1524 9.11666 11.3206 -31.7473 8.94816 10.4222 -31.355 8.76159 9.52156 
-30.9993 8.59503 8.60232 -30.6826 8.46304 7.66323 -30.387 8.35846 6.71372 
-30.1013 8.27672 5.75896 -29.8157 8.21074 4.80288 -29.5267 8.14665 3.84769 
-29.2347 8.07566 2.89391 -28.9381 7.99367 1.94249 -28.6355 7.909 0.993111 
-28.3316 7.82468 0.0441767 -27.9709 7.71994 -1.09555 -27.6618 7.62157 -2.04141 
-27.328 7.50756 -2.97704 -26.9697 7.3893 -3.90304 -26.5815 7.2668 -4.81622 
-26.1523 7.12437 -5.70776 -25.6393 6.92716 -6.5416 -25.0504 6.66605 -7.3044 
-24.4025 6.34597 -7.9942 -23.7008 5.95862 -8.58867 -23.01 5.45697 -9.1028 
-22.4444 4.78333 -9.5678 -22 4 -10 -21.5946 3.19421 -10.4314 
-21.194 2.39986 -10.888 -20.7939 1.62344 -11.3714 -20.3489 0.973571 -11.9852 
-19.9023 0.406955 -12.6746 -19.4875 -0.0182875 -13.4755 -19.1502 -0.324962 -14.3629 
-18.9215 -0.570005 -15.3044 -18.765 -0.809223 -16.2622 -18.6628 -1.08059 -17.2191 
-18.5839 -1.3871 -18.1674 -18.5115 -1.72903 -19.1043 -18.4351 -2.09219 -20.0328 
-18.3725 -2.47097 -20.9561 -18.3361 -2.84788 -21.8815 -18.319 -3.20712 -22.8146 
-18.3241 -3.54381 -23.7561 -18.3242 -3.84133 -24.7104 -18.2901 -4.08572 -25.6789 
-18.2152 -4.26568 -26.6595 -18.094 -4.38854 -27.6436 -17.893 -4.42327 -28.6209 
-17.6318 -4.31735 -29.5766 -17.4768 -4.00697 -30.504 -26.0861 -1.83311 35.4232 
-26.2994 -1.8633 34.8633 -26.6724 -1.95257 33.9401 -27.0784 -2.07383 33.0345 
-27.5177 -2.16738 32.1414 -27.9756 -2.20881 31.2537 -28.4415 -2.16826 30.3704 
-28.911 -2.04439 29.4972 -29.3733 -1.81283 28.6418 -29.8345 -1.52527 27.8027 
-30.3017 -1.20961 26.9769 -30.7619 -0.879986 26.1526 -31.1918 -0.54966 25.3125 
-31.5813 -0.217007 24.454 -31.8984 0.129211 23.5716 -32.1539 0.494996 22.6769 
-32.3734 0.891041 21.7855 -32.5827 1.30386 20.899 -32.7817 1.71061 20.0076 
-32.9298 2.08619 19.0934 -33.0008 2.42202 18.155 -32.9907 2.71925 17.201 
-32.8965 2.96832 16.2375 -32.7652 3.18658 15.2706 -32.61 3.37554 14.3011 
-32.445 3.544 13.3293 -32.2769 3.68207 12.3534 -32.113 3.79118 11.3731 
-31.9776 3.86275 10.3851 -31.8745 3.91851 9.39204 -31.7871 3.97572 8.39753 
-31.6846 4.03854 7.40489 -31.5348 4.10439 6.4186 -31.3405 4.16939 5.43999 
-31.1032 4.23045 4.47059 -30.8358 4.29037 3.50896 -30.5392 4.36136 2.5567 
-30.2184 4.43239 1.61226 -29.8687 4.48989 0.677239 -29.4978 4.5378 -0.250109 
-29.1096 4.57229 -1.17103 -28.7088 4.59271 -2.08689 -28.2801 4.60212 -2.99016 
-27.8157 4.59947 -3.87551 -27.2637 4.58273 -4.70791 -26.6349 4.53448 -5.4823 
-25.9152 4.43324 -6.16791 -25.1518 4.29796 -6.79877 -24.3498 4.14692 -7.37581 
-23.5153 3.97887 -7.89996 -22.6851 3.72399 -8.38675 -22.0005 3.18222 -8.83531 
-21.4944 2.42251 -9.23912 -21.0343 1.66447 -9.70063 -20.5744 0.970386 -10.2485 
-20.0979 0.406051 -10.92 -19.6342 -0.0809528 -11.6584 -19.1998 -0.478241 -12.4653 
-18.8424 -0.801888 -13.3395 -18.5962 -1.06918 -14.2693 -18.4654 -1.34141 -15.2219 
-18.3927 -1.66091 -16.1662 -18.3586 -2.02453 -17.0969 -18.3417 -2.41103 -18.019 
-18.332 -2.82156 -18.9307 -18.3265 -3.24848 -19.8349 -18.3405 -3.68558 -20.7342 
-18.3759 -4.11809 -21.635 -18.4401 -4.52683 -22.5452 -18.5312 -4.90295 -23.467 
-18.6352 -5.22037 -24.4092 -18.7374 -5.47991 -25.3692 -18.8161 -5.6817 -26.3452 
-18.8579 -5.86544 -27.327 -18.8395 -6.00429 -28.3163 -18.8018 -6.03327 -29.3129 
-18.8048 -5.90315 -30.3029 -18.8518 -5.70632 -31.2816 -25.6157 -2.90905 35.3711 
-25.9932 -2.97199 34.6694 -26.4787 -3.0883 33.8031 -26.988 -3.18138 32.9478 
-27.5011 -3.20862 32.0908 -27.9923 -3.14211 31.2232 -28.4518 -2.98993 30.349 
-28.8888 -2.75872 29.48 -29.3222 -2.48038 28.6231 -29.7615 -2.16045 27.7839 
-30.2129 -1.82049 26.959 -30.6626 -1.47503 26.1353 -31.0946 -1.13057 25.3018 
-31.4813 -0.783162 24.4479 -31.8096 -0.42778 23.5733 -32.0772 -0.060384 22.6828 
-32.3019 0.334042 21.7922 -32.5033 0.753286 20.9069 -32.702 1.17125 20.0204 
-32.865 1.56404 19.1158 -32.9616 1.92139 18.1879 -32.9717 2.238 17.2403 
-32.8957 2.51385 16.2829 -32.7631 2.75074 15.3206 -32.6084 2.95847 14.3548 
-32.4444 3.14098 13.3854 -32.2785 3.29709 12.4118 -32.1165 3.42066 11.4329 
-31.9681 3.51436 10.4486 -31.8579 3.58781 9.45752 -31.7757 3.65983 8.46354 
-31.6806 3.73973 7.47142 -31.5483 3.82205 6.48382 -31.3631 3.89994 5.50444 
-31.1363 3.97095 4.53323 -30.8726 4.03997 3.57122 -30.5817 4.11826 2.61772 
-30.2612 4.19809 1.67393 -29.9152 4.26741 0.738377 -29.5393 4.32147 -0.186635 
-29.0654 4.36821 -1.28801 -28.6524 4.39031 -2.1984 -28.2049 4.40067 -3.09244 
-27.7142 4.39692 -3.96332 -27.1314 4.37854 -4.77418 -26.4641 4.32413 -5.51482 
-25.7175 4.22313 -6.17126 -24.931 4.09507 -6.77475 -24.113 3.95652 -7.33267 
-23.2721 3.7807 -7.84334 -22.4535 3.48382 -8.31851 -21.7708 2.91713 -8.75813 
-21.2491 2.18174 -9.18796 -20.771 1.4695 -9.69837 -20.2817 0.878241 -10.3364 
-19.8019 0.371471 -11.0519 -19.3456 -0.0561572 -11.8313 -18.9225 -0.429336 -12.6559 
-18.5986 -0.746788 -13.5449 -18.3842 -1.04141 -14.4752 -18.2782 -1.38777 -15.4061 
-18.2309 -1.78998 -16.3201 -18.2149 -2.22428 -17.2207 -18.2131 -2.67029 -18.1157 
-18.2213 -3.13274 -19.0022 -18.2423 -3.60634 -19.8827 -18.2881 -4.08179 -20.7612 
-18.3621 -4.54446 -21.6444 -18.4676 -4.97831 -22.539 -18.6011 -5.37659 -23.4461 
-18.7689 -5.71756 -24.3707 -18.9537 -6.00326 -25.3107 -19.1313 -6.23112 -26.2678 
-19.2597 -6.43771 -27.2372 -19.2999 -6.59194 -28.2233 -19.2733 -6.6447 -29.2194 
-19.2287 -6.54286 -30.2121 -19.1952 -6.36001 -31.1943 -26.3873 0.632092 37.1452 
-26.6174 0.712662 36.3833 -26.8867 0.828051 35.4272 -27.1468 0.953835 34.4698 
-27.4129 1.0828 33.5146 -27.7011 1.21175 32.5658 -28.023 1.34303 31.6283 
-28.3786 1.47783 30.7036 -28.7699 1.62706 29.7957 -29.186 1.79982 28.903 
-29.6094 1.99397 28.0183 -30.0304 2.21347 27.1383 -30.4414 2.45812 26.2601 
-30.8298 2.72018 25.3768 -31.1605 3.00039 24.4762 -31.4152 3.30157 23.5579 
-31.5901 3.61533 22.6252 -31.723 3.93504 21.6872 -31.8876 4.27012 20.7601 
-32.1231 4.6293 19.8575 -32.3645 4.9847 18.9547 -32.5527 5.30503 18.0271 
-32.6509 5.56956 17.0688 -32.674 5.78984 16.0944 -32.6156 5.96226 15.1117 
-32.4988 6.10138 14.1287 -32.3235 6.20654 13.1501 -32.1142 6.2776 12.1751 
-31.8881 6.29556 11.2015 -31.6764 6.26178 10.225 -31.4953 6.20231 9.24338 
-31.3236 6.14769 8.25976 -31.1349 6.11114 7.27852 -30.9189 6.09004 6.30243 
-30.6727 6.08438 5.33332 -30.404 6.08725 4.37012 -30.1143 6.09182 3.41308 
-29.8081 6.09213 2.46114 -29.4828 6.08459 1.51561 -29.1446 6.06655 0.574719 
-28.9384 6.0508 0.0114746 -28.7313 6.03326 -0.551367 -28.3831 6.0021 -1.48827 
-28.027 5.96393 -2.42192 -27.6451 5.91181 -3.34446 -27.2198 5.85279 -4.24716 
-26.7273 5.77193 -5.11279 -26.1492 5.65471 -5.91874 -25.4895 5.48723 -6.64958 
-24.7689 5.28783 -7.31276 -23.9901 5.08669 -7.90539 -23.1681 4.89943 -8.44265 
-22.4432 4.52387 -8.92463 -21.9817 3.74981 -9.3061 -21.5794 2.91537 -9.68201 
-21.1888 2.08934 -10.0882 -20.7837 1.31604 -10.5683 -20.3352 0.662464 -11.1739 
-19.876 0.121577 -11.8775 -19.4418 -0.312809 -12.6623 -19.0806 -0.633092 -13.5359 
-18.7878 -0.928401 -14.6591 -18.6493 -1.16035 -15.6213 -18.5653 -1.43084 -16.58 
-18.5102 -1.73998 -17.5292 -18.4671 -2.08226 -18.4677 -18.4228 -2.45231 -19.3956 
-18.3803 -2.84658 -20.3136 -18.3491 -3.2463 -21.2297 -18.3486 -3.63931 -22.1491 
-18.3689 -4.01173 -23.0769 -18.4018 -4.34529 -24.0187 -18.4309 -4.62597 -24.9777 
-18.4303 -4.84253 -25.9536 -18.3958 -5.02001 -26.9369 -18.3083 -5.1535 -27.9234 
-18.1641 -5.20831 -28.91 -18.022 -5.09433 -29.8893 -18.0164 -4.8499 -30.8542 
-26.5588 -0.0574607 37.2163 -26.7836 0.00866316 36.4515 -27.0519 0.0983123 35.4923 
-27.3214 0.184265 34.5331 -27.6045 0.25883 33.5769 -27.9123 0.324501 32.6279 
-28.2463 0.37721 31.6868 -28.6022 0.416458 30.7533 -28.995 0.466034 29.8353 
-29.4189 0.548111 28.9335 -29.8621 0.676437 28.0467 -30.3115 0.852783 27.1711 
-30.7534 1.06745 26.3003 -31.167 1.30933 25.4227 -31.5296 1.57591 24.5301 
-31.8305 1.86647 23.6224 -32.0631 2.187 22.7044 -32.2711 2.53513 21.7905 
-32.4806 2.91325 20.8888 -32.6884 3.30057 19.9907 -32.8558 3.66372 19.0747 
-32.9542 3.9841 18.1334 -32.9689 4.25307 17.1712 -32.9157 4.47847 16.1989 
-32.8044 4.6614 15.2224 -32.6609 4.82001 14.2456 -32.4902 4.9542 13.2696 
-32.3081 5.06522 12.2927 -32.1327 5.13193 11.3106 -31.9809 5.1574 10.3229 
-31.8604 5.15299 9.33014 -31.74 5.14795 8.33749 -31.5833 5.15528 7.35003 
-31.39 5.17219 6.36917 -31.1584 5.19744 5.39677 -30.9008 5.22543 4.43101 
-30.6142 5.26023 3.47363 -30.3067 5.29681 2.52285 -29.978 5.3259 1.57891 
-29.6319 5.34801 0.641007 -29.3453 5.35985 -0.105783 -28.9828 5.36513 -1.03774 
-28.6124 5.36404 -1.9666 -28.2207 5.35298 -2.88651 -27.79 5.32873 -3.78839 
-27.2921 5.2927 -4.6541 -26.7174 5.22217 -5.46791 -26.057 5.09953 -6.20663 
-25.3358 4.93239 -6.87806 -24.5736 4.74223 -7.49646 -23.7626 4.54995 -8.04696 
-22.9504 4.2809 -8.55892 -22.2924 3.71772 -9.01488 -21.8205 2.92875 -9.40659 
-21.3852 2.13577 -9.83195 -20.9673 1.36088 -10.3039 -20.5207 0.676746 -10.8754 
-20.0567 0.124479 -11.5661 -19.6061 -0.341725 -12.3246 -19.2218 -0.668597 -13.1859 
-18.9264 -0.920437 -14.1058 -18.7432 -1.12819 -15.0659 -18.6338 -1.3582 -16.0324 
-18.5684 -1.63538 -16.9907 -18.5238 -1.9483 -17.9393 -18.484 -2.29697 -18.8756 
-18.4436 -2.67243 -19.8014 -18.4073 -3.06447 -20.7207 -18.3923 -3.45791 -21.6399 
-18.4042 -3.83757 -22.5648 -18.4324 -4.19197 -23.4993 -18.4695 -4.49956 -24.4497 
-18.4931 -4.75121 -25.4169 -18.4826 -4.94605 -26.3974 -18.4363 -5.1083 -27.3828 
-18.3283 -5.20926 -28.3708 -18.1803 -5.20362 -29.3575 -18.1073 -5.01243 -30.3329 
-18.2496 -4.7784 -31.2784 -26.177 -2.0451 34.9089 -26.5611 -2.1228 33.989 
-26.9776 -2.23139 33.0866 -27.4239 -2.32369 32.1969 -27.8888 -2.36111 31.3127 
-28.3559 -2.32566 30.43 -28.8209 -2.20287 29.5539 -29.2836 -2.00296 28.6908 
-29.7417 -1.71815 27.8492 -30.2043 -1.40756 27.0188 -30.6652 -1.08095 26.1937 
-31.1103 -0.747993 25.3626 -31.5074 -0.413976 24.5082 -31.8488 -0.0704726 23.6336 
-32.1245 0.291735 22.7437 -32.3498 0.684574 21.8524 -32.5581 1.09841 20.9661 
-32.7616 1.51165 20.0786 -32.9265 1.89934 19.1722 -33.0293 2.25366 18.2435 
-33.0403 2.56603 17.2946 -32.9717 2.83779 16.3353 -32.8429 3.06414 15.3699 
-32.6907 3.26166 14.4016 -32.5274 3.4354 13.4305 -32.3614 3.58699 12.4562 
-32.2014 3.70741 11.4766 -32.0576 3.79842 10.4913 -31.9494 3.86255 9.49936 
-31.864 3.92042 8.50471 -31.764 3.98525 7.51195 -31.6274 4.05389 6.5239 
-31.4379 4.12291 5.54466 -31.2092 4.18932 4.57354 -30.9473 4.25459 3.61072 
-30.6596 4.32873 2.65598 -30.3433 4.40733 1.71064 -30.0043 4.47794 0.772575 
-29.6375 4.53265 -0.156061 -29.1761 4.5836 -1.26256 -28.7782 4.60898 -2.1796 
-28.3513 4.62531 -3.08355 -27.8847 4.62996 -3.9677 -27.3329 4.61648 -4.80029 
-26.7055 4.57011 -5.57601 -25.9962 4.4705 -6.27274 -25.2426 4.32986 -6.9142 
-24.4539 4.16786 -7.50645 -23.6316 3.98451 -8.04452 -22.8157 3.69902 -8.53809 
-22.1357 3.14648 -8.98912 -21.6367 2.38465 -9.39672 -21.1847 1.62164 -9.85808 
-20.7401 0.897408 -10.3809 -20.2709 0.295353 -11.0232 -19.8075 -0.206184 -11.7516 
-19.3802 -0.596825 -12.5639 -19.0323 -0.886658 -13.4535 -18.7878 -1.11276 -14.3949 
-18.6517 -1.3253 -15.362 -18.5652 -1.57534 -16.326 -18.5183 -1.87647 -17.2782 
-18.4851 -2.20697 -18.2213 -18.4552 -2.5736 -19.1511 -18.4258 -2.96216 -20.0721 
-18.4096 -3.36255 -20.9882 -18.4157 -3.76015 -21.9057 -18.4432 -4.13702 -22.8314 
-18.4918 -4.48277 -23.7682 -18.5461 -4.77573 -24.7224 -18.5774 -5.00834 -25.694 
-18.5757 -5.19393 -26.6765 -18.5349 -5.34857 -27.6632 -18.441 -5.43539 -28.6539 
-18.3349 -5.38569 -29.6438 -18.3333 -5.18104 -30.6195 -26.4553 0.912995 37.2374 
-26.6777 1.00217 36.4741 -26.9407 1.12545 35.5172 -27.1935 1.2583 34.5588 
-27.4513 1.39556 33.6025 -27.7295 1.53775 32.6526 -28.0408 1.68668 31.7142 
-28.3872 1.84131 30.7891 -28.7709 2.01069 29.8815 -29.1792 2.20178 28.989 
-29.593 2.41205 28.1033 -30.0035 2.64558 27.2219 -30.4042 2.90333 26.3428 
-30.7878 3.17571 25.4604 -31.1192 3.46568 24.563 -31.3827 3.77227 23.649 
-31.5647 4.08562 22.7176 -31.7037 4.39928 21.7784 -31.9011 4.72982 20.8566 
-32.1638 5.08048 19.9579 -32.414 5.42231 19.0524 -32.6056 5.72916 18.121 
-32.7131 5.98603 17.1614 -32.7407 6.19648 16.1851 -32.6887 6.36035 15.2005 
-32.5714 6.48754 14.2161 -32.388 6.57671 13.2375 -32.166 6.63069 12.2642 
-31.9246 6.62151 11.2942 -31.6931 6.56981 10.3228 -31.4926 6.49557 9.346 
-31.3047 6.4265 8.36626 -31.1003 6.38117 7.38853 -30.8716 6.35424 6.41549 
-30.6183 6.34319 5.44823 -30.3469 6.34005 4.48582 -30.0556 6.33722 3.52921 
-29.7482 6.32965 2.57769 -29.4252 6.31326 1.63149 -29.0901 6.28504 0.689716 
-28.8182 6.25713 -0.0621145 -28.5453 6.22828 -0.813602 -28.2003 6.18692 -1.75125 
-27.8444 6.1358 -2.68429 -27.4557 6.07358 -3.60331 -27.0236 6.00284 -4.50218 
-26.5175 5.90407 -5.35746 -25.9298 5.76756 -6.15376 -25.2543 5.57927 -6.86528 
-24.5235 5.36674 -7.5128 -23.7231 5.17101 -8.07781 -22.7806 4.90028 -8.68839 
-22.203 4.34406 -9.11579 -21.8315 3.48271 -9.45835 -21.4345 2.64997 -9.84376 
-21.0514 1.82707 -10.2628 -20.6325 1.08275 -10.7757 -20.1777 0.469035 -11.4178 
-19.7211 -0.0467494 -12.1413 -19.3088 -0.431521 -12.9639 -18.9795 -0.727356 -13.8582 
-18.7734 -0.957018 -14.8082 -18.644 -1.19045 -15.7714 -18.5643 -1.46336 -16.7299 
-18.5106 -1.7764 -17.6778 -18.4671 -2.12117 -18.6155 -18.4213 -2.49396 -19.5422 
-18.3796 -2.88764 -20.4604 -18.351 -3.286 -21.3771 -18.3529 -3.67476 -22.2984 
-18.3734 -4.0441 -23.2274 -18.4052 -4.36953 -24.1721 -18.429 -4.63986 -25.1342 
-18.4223 -4.84987 -26.1115 -18.3788 -5.02186 -27.0954 -18.2824 -5.14528 -28.0823 
-18.1233 -5.17382 -29.0674 -17.9843 -5.03986 -30.045 -18.0465 -4.77889 -30.9986 
-26.6721 0.253849 37.2055 -26.9419 0.349073 36.2474 -27.2036 0.450558 35.2876 
-27.468 0.550339 34.3283 -27.7454 0.64402 33.3722 -28.0546 0.731893 32.4253 
-28.3844 0.810273 31.4846 -28.7436 0.877508 30.5539 -29.1355 0.958275 29.6376 
-29.5559 1.06562 28.7368 -29.9881 1.20887 27.8468 -30.4241 1.39895 26.9673 
-30.8508 1.61827 26.09 -31.2399 1.86384 25.2024 -31.5762 2.13272 24.3002 
-31.8462 2.42879 23.3844 -32.0694 2.74662 22.4632 -32.2704 3.09484 21.5477 
-32.4833 3.46823 20.6448 -32.6915 3.84433 19.7421 -32.8523 4.19212 18.8191 
-32.9378 4.49171 17.8697 -32.9506 4.74602 16.9035 -32.8856 4.949 15.9269 
-32.7726 5.1186 14.9481 -32.6206 5.26103 13.9702 -32.4451 5.38255 12.9934 
-32.2568 5.47018 12.0153 -32.0762 5.51431 11.0329 -31.9242 5.50968 10.0447 
-31.7899 5.48911 9.05402 -31.6462 5.47222 8.06465 -31.4687 5.46891 7.0807 
-31.2534 5.47869 6.1043 -31.011 5.49574 5.13434 -30.7424 5.51871 4.17143 
-30.451 5.54718 3.21532 -30.1376 5.57294 2.26606 -29.8079 5.59151 1.32219 
-29.5321 5.6008 0.571316 -29.2506 5.60448 -0.177526 -28.9677 5.60246 -0.925787 
-28.6073 5.59517 -1.85855 -28.2314 5.57976 -2.78504 -27.8171 5.54829 -3.6943 
-27.3503 5.50968 -4.57726 -26.8178 5.44477 -5.42012 -26.2072 5.3361 -6.20307 
-25.5311 5.17141 -6.92045 -24.8224 4.97229 -7.59698 -24.0723 4.73977 -8.21473 
-23.2991 4.43474 -8.76731 -22.5854 3.95647 -9.26483 -22.0409 3.26181 -9.72364 
-21.6049 2.48082 -10.1696 -21.1848 1.71273 -10.6523 -20.7603 0.984426 -11.1865 
-20.3046 0.391205 -11.844 -19.8522 -0.0954947 -12.5884 -19.4502 -0.448078 -13.4295 
-19.1564 -0.675077 -14.3564 -18.9524 -0.867764 -15.3153 -18.8258 -1.07115 -16.2859 
-18.7352 -1.30909 -17.2527 -18.6703 -1.5959 -18.2083 -18.6077 -1.91885 -19.1525 
-18.5415 -2.26955 -20.0866 -18.4904 -2.6381 -21.0147 -18.4603 -3.00344 -21.9451 
-18.451 -3.35483 -22.8811 -18.4678 -3.68192 -23.8259 -18.4748 -3.97161 -24.7826 
-18.4485 -4.20245 -25.7548 -18.3909 -4.37687 -26.7374 -18.2882 -4.49573 -27.7243 
-18.1183 -4.52407 -28.7073 -17.9081 -4.40483 -29.6748 -17.8568 -4.11841 -30.6192 
-18.3043 -4.08576 -31.3367 -26.7127 -0.452504 36.3895 -26.9837 -0.394318 35.4287 
-27.2599 -0.351354 34.4687 -27.5554 -0.322956 33.5138 -27.8805 -0.312655 32.5683 
-28.2277 -0.313427 31.6306 -28.5994 -0.325826 30.7024 -29.0075 -0.327397 29.7898 
-29.4509 -0.26668 28.8961 -29.9132 -0.137467 28.0196 -30.3831 0.0644558 27.1605 
-30.844 0.304226 26.3062 -31.2707 0.574158 25.4432 -31.6512 0.861457 24.5646 
-31.9645 1.17321 23.6681 -32.2183 1.51449 22.7634 -32.448 1.88858 21.865 
-32.6726 2.28431 20.9745 -32.88 2.67964 20.0799 -33.032 3.0465 19.1628 
-33.1127 3.37586 18.2228 -33.1177 3.66341 17.2659 -33.0402 3.89596 16.297 
-32.9168 4.08751 15.3235 -32.7656 4.25213 14.3489 -32.6001 4.39968 13.3738 
-32.4287 4.52405 12.3966 -32.2654 4.61922 11.4148 -32.1291 4.67525 10.4259 
-32.0199 4.70233 9.43233 -31.9145 4.71888 8.43806 -31.7806 4.74409 7.44756 
-31.6078 4.77757 6.46336 -31.3965 4.81818 5.48688 -31.1504 4.86229 4.51876 
-30.8786 4.90858 3.55757 -30.5809 4.96339 2.60454 -30.2629 5.01903 1.65814 
-29.9221 5.0646 0.71916 -29.5648 5.10239 -0.214045 -29.1975 5.13229 -1.14366 
-28.8249 5.15166 -2.07146 -28.4314 5.16227 -2.99061 -28.0049 5.16288 -3.89485 
-27.5095 5.14826 -4.76256 -26.9428 5.10291 -5.58401 -26.2997 5.00306 -6.34185 
-25.6129 4.85259 -7.05257 -24.8982 4.65486 -7.72299 -24.1582 4.4187 -8.35151 
-23.397 4.09016 -8.90811 -22.6905 3.61717 -9.4253 -22.1379 2.95141 -9.92244 
-21.6717 2.22261 -10.4226 -21.225 1.50485 -10.9565 -20.7787 0.826939 -11.5372 
-20.3105 0.298307 -12.2426 -19.8606 -0.132732 -13.023 -19.4904 -0.4154 -13.9043 
-19.2107 -0.617707 -14.8415 -19.0287 -0.799281 -15.8073 -18.9007 -0.99939 -16.7784 
-18.8122 -1.23974 -17.7448 -18.7418 -1.52645 -18.7 -18.6733 -1.85219 -19.6429 
-18.6046 -2.20027 -20.5777 -18.5694 -2.55859 -21.5105 -18.5629 -2.90635 -22.448 
-18.5761 -3.23384 -23.3926 -18.6079 -3.54071 -24.3438 -18.6202 -3.79692 -25.3098 
-18.5933 -3.99848 -26.2885 -18.5137 -4.127 -27.2763 -18.3846 -4.17949 -28.2652 
-18.1888 -4.08494 -29.239 -18.1404 -3.85445 -30.3197 -17.821 -3.52312 -30.707 
-26.3766 1.88799 37.1242 -26.5417 1.96432 36.5525 -26.7982 2.09681 35.5951 
-27.0369 2.24528 34.6355 -27.2738 2.41353 33.6787 -27.5261 2.60462 32.7302 
-27.8105 2.8191 31.796 -28.1403 3.05112 30.8813 -28.5128 3.30072 29.9876 
-28.9051 3.56556 29.1068 -29.2979 3.84285 28.2299 -29.6831 4.13292 27.3538 
-30.0628 4.43808 26.4806 -30.4305 4.75605 25.6067 -30.7625 5.08602 24.7234 
-31.0408 5.41959 23.8232 -31.2466 5.74294 22.8999 -31.4324 6.05174 21.9673 
-31.6975 6.34933 21.0515 -32.0434 6.65359 20.1643 -32.3796 6.96175 19.2747 
-32.6594 7.25467 18.361 -32.8557 7.51246 17.4156 -32.9693 7.73066 16.4474 
-32.9801 7.89211 15.4617 -32.8923 7.99923 14.4729 -32.7055 8.05266 13.4924 
-32.4557 8.06096 12.5248 -32.1492 8.00965 11.5748 -31.8223 7.90447 10.6359 
-31.5094 7.7708 9.6957 -31.2262 7.6416 8.7455 -30.9633 7.54017 7.78615 
-30.7023 7.46548 6.82378 -30.4338 7.41602 5.8618 -30.1587 7.37973 4.90108 
-29.8733 7.3487 3.9432 -29.5794 7.31396 2.98799 -29.2757 7.26888 2.03631 
-28.9637 7.21398 1.08781 -28.6468 7.15491 0.14121 -28.2685 7.0802 -0.995137 
-27.9492 7.00832 -1.94001 -27.609 6.9239 -2.87649 -27.2404 6.83191 -3.8014 
-26.8254 6.72828 -4.70492 -26.3587 6.60503 -5.5802 -25.8047 6.42577 -6.39162 
-25.1815 6.19931 -7.13834 -24.481 5.92477 -7.79559 -23.7198 5.62975 -8.37184 
-22.9744 5.23022 -8.89439 -22.396 4.56857 -9.35111 -21.9581 3.77092 -9.76297 
-21.566 2.94914 -10.1761 -21.172 2.14674 -10.6241 -20.7663 1.38756 -11.1298 
-20.3179 0.763855 -11.7664 -19.8676 0.212593 -12.4662 -19.4509 -0.197823 -13.2742 
-19.1216 -0.489563 -14.1695 -18.895 -0.723559 -15.1139 -18.7506 -0.95171 -16.0764 
-18.6526 -1.21048 -17.037 -18.5816 -1.51162 -17.9878 -18.5174 -1.85011 -18.9265 
-18.4485 -2.21099 -19.8564 -18.3907 -2.59223 -20.7791 -18.3521 -2.97372 -21.7026 
-18.3344 -3.34085 -22.6325 -18.3433 -3.68634 -23.5707 -18.3475 -3.99201 -24.5225 
-18.326 -4.24614 -25.489 -18.272 -4.43745 -26.4687 -18.18 -4.58264 -27.4534 
-18.018 -4.65243 -28.4364 -17.7936 -4.60776 -29.4072 -17.6532 -4.34495 -30.3533 
-17.7899 -3.95387 -31.2489 -25.5642 3.38727 36.8807 -25.7953 3.42551 36.3284 
-26.1288 3.51069 35.39 -26.4004 3.63462 34.4362 -26.6321 3.81166 33.48 
-26.8623 4.03339 32.5326 -27.1164 4.29138 31.6007 -27.4198 4.57265 30.6908 
-27.777 4.87104 29.806 -28.1672 5.17653 28.9375 -28.5686 5.48449 28.0749 
-28.9681 5.796 27.2127 -29.3506 6.11872 26.3471 -29.7163 6.44815 25.4767 
-30.0405 6.77685 24.59 -30.3027 7.10052 23.6814 -30.491 7.41551 22.7515 
-30.682 7.70139 21.8133 -31.0478 7.93767 20.918 -31.5416 8.15634 20.0772 
-32.0129 8.39722 19.2294 -32.4118 8.65248 18.3496 -32.7244 8.89625 17.4325 
-32.9543 9.11574 16.4854 -33.0617 9.281 15.5074 -33.0356 9.37965 14.5147 
-32.866 9.41325 13.5316 -32.5908 9.38426 12.5719 -32.2278 9.28277 11.6463 
-31.8231 9.13037 10.7451 -31.4081 8.93582 9.8564 -31.021 8.74572 8.95441 
-30.6815 8.58805 8.02751 -30.374 8.4613 7.08459 -30.0851 8.36217 6.13242 
-29.7999 8.28017 5.1775 -29.5105 8.20771 4.22305 -29.2177 8.13076 3.26998 
-28.9217 8.04414 2.31875 -28.6198 7.95134 1.36995 -28.3128 7.85821 0.422796 
-27.948 7.746 -0.714896 -27.6406 7.64513 -1.66107 -27.3142 7.52872 -2.59902 
-26.9647 7.4025 -3.52737 -26.5862 7.27472 -4.44389 -26.1684 7.1349 -5.34122 
-25.6854 6.95794 -6.19747 -25.1081 6.72759 -6.97867 -24.446 6.4405 -7.66868 
-23.7134 6.13696 -8.27624 -22.9433 5.80134 -8.81827 -22.3751 4.96783 -9.28826 
-22.008 4.11393 -9.65638 -21.6323 3.27071 -10.0407 -21.255 2.44201 -10.4533 
-20.8676 1.63939 -10.906 -20.4427 0.936319 -11.4676 -19.9908 0.36321 -12.149 
-19.5532 -0.105915 -12.913 -19.1945 -0.428762 -13.7858 -18.9303 -0.681507 -14.715 
-18.7681 -0.905604 -15.6756 -18.6581 -1.15322 -16.6378 -18.5841 -1.44586 -17.591 
-18.5236 -1.77278 -18.534 -18.4598 -2.12999 -19.4658 -18.3965 -2.50807 -20.3894 
-18.353 -2.89592 -21.31 -18.3256 -3.27481 -22.235 -18.3314 -3.63345 -23.1683 
-18.3437 -3.96108 -24.1129 -18.3362 -4.23452 -25.0743 -18.3032 -4.45155 -26.0495 
-18.2333 -4.61731 -27.0329 -18.1101 -4.73078 -28.018 -17.9019 -4.73481 -28.9936 
-17.6882 -4.58755 -29.9553 -17.7238 -4.24061 -30.877 -26.5495 -0.283596 37.036 
-26.7765 -0.225853 36.2711 -27.0472 -0.150055 35.3115 -27.3208 -0.0814286 34.3521 
-27.6117 -0.0259094 33.397 -27.9269 0.0172425 32.4491 -28.2669 0.0469666 31.5092 
-28.6271 0.0615158 30.5765 -29.0266 0.0822245 29.6603 -29.4577 0.145958 28.7607 
-29.9134 0.276581 27.8806 -30.3745 0.460747 27.0128 -30.8253 0.688815 26.15 
-31.2481 0.939606 25.2794 -31.6195 1.2112 24.3922 -31.9317 1.50907 23.4905 
-32.1788 1.8379 22.5794 -32.3988 2.19905 21.6733 -32.6154 2.58856 20.7781 
-32.8226 2.98187 19.8824 -32.9826 3.34901 18.9666 -33.0743 3.67633 18.027 
-33.0736 3.95139 17.0665 -33.0062 4.18182 16.0963 -32.8852 4.3678 15.1215 
-32.7373 4.52981 14.146 -32.5698 4.67044 13.1702 -32.396 4.79093 12.1929 
-32.2312 4.87486 11.2103 -32.0924 4.92095 10.2213 -31.9819 4.93418 9.22762 
-31.8683 4.94014 8.23415 -31.7246 4.95505 7.24481 -31.5377 4.9805 6.26297 
-31.3126 5.01468 5.28932 -31.0587 5.05256 4.32291 -30.7791 5.09525 3.36381 
-30.4769 5.1453 2.41195 -30.1541 5.19313 1.46671 -29.8136 5.23156 0.527301 
-29.5289 5.25704 -0.219864 -29.1668 5.28176 -1.1517 -28.8004 5.29667 -2.08201 
-28.4134 5.30421 -3.00397 -27.9925 5.30042 -3.91081 -27.5065 5.28171 -4.7838 
-26.9515 5.23289 -5.61312 -26.3208 5.12831 -6.38052 -25.6452 4.9712 -7.10053 
-24.9473 4.76816 -7.78698 -24.2271 4.51866 -8.43279 -23.4863 4.17964 -9.00986 
-22.7957 3.7023 -9.54645 -22.2367 3.05851 -10.0661 -21.755 2.35577 -10.5885 
-21.2965 1.66147 -11.1428 -20.8358 1.01124 -11.7458 -20.367 0.484037 -12.4499 
-19.9156 0.0645713 -13.2366 -19.5368 -0.230074 -14.1106 -19.2519 -0.443596 -15.0436 
-19.0561 -0.637787 -16.0044 -18.9157 -0.84998 -16.9711 -18.8201 -1.10292 -17.9336 
-18.7426 -1.39637 -18.8863 -18.6721 -1.72931 -19.8265 -18.6086 -2.08051 -20.7606 
-18.5815 -2.43818 -21.6938 -18.5977 -2.78221 -22.6325 -18.6341 -3.10631 -23.5777 
-18.6826 -3.40902 -24.5294 -18.7172 -3.66145 -25.4958 -18.7093 -3.85044 -26.4771 
-18.6424 -3.95636 -27.468 -18.5178 -3.96377 -28.4586 -18.3516 -3.81009 -29.4292 
-18.0226 -3.49785 -30.1547 -26.5904 -1.14138 34.9062 -26.8453 -1.15935 34.1482 
-27.1911 -1.20117 33.211 -27.5668 -1.24399 32.2854 -27.9657 -1.27612 31.369 
-28.3919 -1.27811 30.4646 -28.8422 -1.23474 29.5732 -29.3088 -1.11858 28.6973 
-29.7854 -0.921814 27.841 -30.2635 -0.664324 27.0015 -30.7311 -0.379673 26.1647 
-31.1711 -0.081136 25.318 -31.5624 0.226005 24.451 -31.8895 0.551376 23.5642 
-32.1567 0.896084 22.6647 -32.3772 1.27615 21.7666 -32.5897 1.68011 20.8769 
-32.7934 2.08391 19.9851 -32.9566 2.46338 19.0749 -33.0469 2.80412 18.14 
-33.0597 3.10708 17.1877 -32.9821 3.35709 16.2231 -32.8576 3.56724 15.2537 
-32.7053 3.74774 14.282 -32.5417 3.90722 13.3085 -32.374 4.04501 12.3325 
-32.2132 4.15292 11.3515 -32.0745 4.22644 10.3641 -31.9659 4.2733 9.37123 
-31.8716 4.31166 8.37643 -31.7546 4.35736 7.38453 -31.5929 4.40932 6.39926 
-31.3897 4.46427 5.42179 -31.1478 4.51913 4.45317 -30.8781 4.57466 3.49188 
-30.5815 4.64011 2.53922 -30.2626 4.70639 1.5938 -29.9174 4.76079 0.656908 
-29.5532 4.80575 -0.273285 -29.1754 4.84047 -1.19853 -28.7896 4.86223 -2.12076 
-28.3785 4.87566 -3.03214 -27.9281 4.87673 -3.92467 -27.4034 4.86266 -4.7748 
-26.8056 4.81795 -5.57364 -26.1238 4.71465 -6.29668 -25.3976 4.56655 -6.96733 
-24.6375 4.38793 -7.59148 -23.8418 4.18585 -8.16132 -23.0362 3.89892 -8.67668 
-22.3238 3.40585 -9.15128 -21.8169 2.66124 -9.58096 -21.3842 1.88117 -10.0323 
-20.9545 1.13079 -10.5336 -20.5052 0.462189 -11.122 -20.0405 -0.0713474 -11.8261 
-19.6045 -0.488762 -12.6185 -19.2458 -0.770866 -13.5056 -18.9849 -0.974385 -14.448 
-18.8244 -1.15773 -15.4173 -18.7216 -1.36735 -16.3894 -18.6576 -1.6266 -17.3528 
-18.608 -1.92299 -18.3064 -18.5585 -2.25765 -19.2474 -18.508 -2.62107 -20.1776 
-18.4688 -2.99763 -21.1031 -18.448 -3.3709 -22.0305 -18.4588 -3.7279 -22.9644 
-18.4789 -4.05811 -23.908 -18.492 -4.33674 -24.8679 -18.4865 -4.56283 -25.8417 
-18.445 -4.73558 -26.8255 -18.3623 -4.8677 -27.8128 -18.2113 -4.90531 -28.7989 
-18.0553 -4.80077 -29.7771 -18.0687 -4.54117 -30.7351 -26.13 -0.178169 37.2685 
-26.3782 -0.120941 36.5101 -26.6659 -0.0367915 35.5561 -26.9456 0.050869 34.6001 
-27.235 0.132431 33.6464 -27.5462 0.207603 32.6992 -27.8851 0.278546 31.761 
-28.2516 0.349293 30.8335 -28.6524 0.427333 29.9208 -29.0814 0.534748 29.0242 
-29.5298 0.684535 28.1432 -29.9819 0.87114 27.271 -30.4264 1.08941 26.4023 
-30.8537 1.32759 25.5303 -31.2355 1.58234 24.6423 -31.5497 1.86121 23.7356 
-31.7803 2.17019 22.8134 -31.9606 2.50227 21.8877 -32.1415 2.86068 20.972 
-32.3437 3.2465 20.0719 -32.5376 3.62377 19.1666 -32.6823 3.9668 18.2392 
-32.7476 4.25908 17.2861 -32.7307 4.50161 16.3169 -32.6486 4.70164 15.3409 
-32.5203 4.86997 14.3638 -32.3577 5.01338 13.3877 -32.1725 5.12734 12.4117 
-31.9802 5.2 11.4333 -31.8041 5.22676 10.4496 -31.6655 5.22186 9.45936 
-31.5436 5.21231 8.46689 -31.3975 5.21385 7.47777 -31.2143 5.22483 6.4949 
-30.9925 5.2429 5.52007 -30.7402 5.26427 4.55277 -30.4557 5.29139 3.59454 
-30.1484 5.31845 2.64337 -29.8208 5.33869 1.69879 -29.4739 5.3523 0.761055 
-29.1839 5.35515 0.0154895 -28.8905 5.35213 -0.728788 -28.5176 5.343 -1.65656 
-28.1289 5.3244 -2.57769 -27.7097 5.29203 -3.48465 -27.2375 5.25504 -4.36481 
-26.685 5.19222 -5.19461 -26.0414 5.08854 -5.95095 -25.3216 4.94023 -6.62793 
-24.5528 4.77296 -7.24414 -23.7282 4.61874 -7.78745 -22.879 4.48653 -8.2984 
-22.169 4.07523 -8.78026 -21.6377 3.11105 -9.21496 -21.2129 2.29844 -9.61272 
-20.7956 1.51878 -10.0747 -20.3355 0.865906 -10.669 -19.8682 0.324666 -11.3667 
-19.4134 -0.134598 -12.1284 -19.0147 -0.502935 -12.9668 -18.7071 -0.808975 -13.8653 
-18.522 -1.07686 -14.8099 -18.418 -1.37841 -15.7568 -18.365 -1.72869 -16.6916 
-18.3356 -2.10766 -17.6165 -18.3164 -2.50877 -18.5323 -18.3001 -2.93053 -19.4388 
-18.2928 -3.36732 -20.3383 -18.3074 -3.80669 -21.2364 -18.3482 -4.23131 -22.1407 
-18.418 -4.62726 -23.0561 -18.5086 -4.97116 -23.9903 -18.5975 -5.25768 -24.9439 
-18.6672 -5.47953 -25.9161 -18.7075 -5.66998 -26.8969 -18.6935 -5.83219 -27.883 
-18.6348 -5.92105 -28.876 -18.5884 -5.84468 -29.869 -18.6114 -5.65125 -30.8488 
-26.544 -0.20689 37.1537 -26.7707 -0.146228 36.389 -27.0405 -0.0653737 35.4294 
-27.3139 0.00996018 34.4705 -27.6035 0.0714162 33.5154 -27.9173 0.121842 32.5674 
-28.2552 0.155963 31.6268 -28.6152 0.175496 30.6942 -29.0118 0.204892 29.777 
-29.4407 0.273117 28.8766 -29.8922 0.406019 27.9948 -30.349 0.591263 27.1249 
-30.7969 0.813072 26.2589 -31.2145 1.05838 25.3842 -31.5798 1.32992 24.4942 
-31.8845 1.62652 23.5896 -32.1209 1.95547 22.6757 -32.3341 2.31453 21.7672 
-32.5476 2.69897 20.8691 -32.7515 3.08885 19.9712 -32.9107 3.4523 19.054 
-32.9994 3.77272 18.1117 -32.9992 4.04007 17.149 -32.9319 4.26343 16.177 
-32.8151 4.44906 15.2016 -32.6686 4.61046 14.2257 -32.4996 4.74943 13.25 
-32.3218 4.86732 12.2731 -32.1472 4.94921 11.2921 -31.9958 4.98953 10.3046 
-31.8756 4.99709 9.31201 -31.761 4.99924 8.31863 -31.6189 5.01063 7.32901 
-31.4341 5.03206 6.34666 -31.2105 5.0614 5.37251 -30.9588 5.09283 4.40529 
-30.6786 5.13015 3.44617 -30.3746 5.17288 2.49448 -30.0503 5.21163 1.54938 
-29.7085 5.24224 0.610165 -29.4209 5.26052 -0.136147 -29.0569 5.27567 -1.06739 
-28.6868 5.28234 -1.99634 -28.2966 5.28003 -2.91697 -27.8794 5.26632 -3.82553 
-27.3901 5.24019 -4.69645 -26.8325 5.18748 -5.52361 -26.1836 5.07888 -6.27569 
-25.4944 4.92634 -6.98344 -24.7681 4.72803 -7.64103 -24.0084 4.50521 -8.25088 
-23.23 4.18983 -8.79076 -22.5165 3.70642 -9.28283 -21.9917 2.99265 -9.74068 
-21.5531 2.2193 -10.1971 -21.1257 1.467 -10.6981 -20.6933 0.75822 -11.2513 
-20.2291 0.207924 -11.9429 -19.78 -0.252281 -12.7054 -19.4035 -0.555387 -13.5773 
-19.1221 -0.765716 -14.5121 -18.9389 -0.945223 -15.4783 -18.8142 -1.14301 -16.4502 
-18.7334 -1.38864 -17.4159 -18.6711 -1.67534 -18.3717 -18.6088 -2.00429 -19.3139 
-18.5449 -2.35713 -20.2473 -18.5008 -2.72557 -21.1759 -18.4724 -3.08828 -22.1073 
-18.472 -3.43417 -23.0455 -18.4906 -3.75705 -23.9916 -18.4921 -4.0341 -24.9521 
-18.4647 -4.25639 -25.9263 -18.4019 -4.41916 -26.9106 -18.2957 -4.52994 -27.8981 
-18.1143 -4.53077 -28.8794 -17.9107 -4.40742 -29.8486 -17.9492 -4.10798 -30.7871 
-18.4995 -4.22363 -31.4339 -26.3469 -0.466312 36.4471 -26.637 -0.404378 35.4922 
-26.9228 -0.34806 34.5355 -27.2243 -0.304064 33.5832 -27.5499 -0.265739 32.6385 
-27.9022 -0.231224 31.7034 -28.2798 -0.197803 30.778 -28.6892 -0.153649 29.867 
-29.1311 -0.0661354 28.9746 -29.5934 0.0772757 28.0999 -30.0595 0.268432 27.2364 
-30.5158 0.499786 26.3772 -30.9445 0.750702 25.5095 -31.3186 1.01763 24.6217 
-31.6287 1.30915 23.7174 -31.8599 1.63016 22.7997 -32.0507 1.97725 21.8815 
-32.2439 2.3569 20.977 -32.4448 2.75135 20.0802 -32.6185 3.12776 19.1708 
-32.7358 3.46655 18.2378 -32.764 3.75248 17.2809 -32.7209 3.99568 16.3125 
-32.6152 4.19571 15.3387 -32.4772 4.37115 14.364 -32.3089 4.51768 13.3894 
-32.1247 4.6374 12.4139 -31.9405 4.70928 11.4338 -31.7789 4.74545 10.4479 
-31.651 4.76173 9.45631 -31.5433 4.77485 8.46224 -31.4128 4.79708 7.47119 
-31.243 4.8252 6.48627 -31.0288 4.85588 5.5101 -30.7815 4.88616 4.54176 
-30.4973 4.92134 3.58373 -30.1876 4.95712 2.6336 -29.8549 4.98561 1.69108 
-29.4996 5.00742 0.756615 -29.2 5.01704 0.014921 -28.8185 5.01965 -0.909402 
-28.4266 5.01577 -1.82939 -28.0135 4.9977 -2.73979 -27.5648 4.97047 -3.63265 
-27.0482 4.93621 -4.48721 -26.4508 4.87519 -5.2852 -25.7513 4.76755 -5.99017 
-24.9907 4.63082 -6.62358 -24.1778 4.49453 -7.18898 -23.3343 4.3631 -7.70924 
-22.4933 4.20171 -8.21961 -21.6825 3.62157 -8.79886 -21.2346 2.81359 -9.17941 
-20.7935 2.03789 -9.62562 -20.3187 1.38248 -10.2056 -19.8356 0.864389 -10.9106 
-19.3718 0.413612 -11.6718 -18.9323 0.0233255 -12.4804 -18.5576 -0.322926 -13.3387 
-18.3184 -0.643634 -14.2535 -18.1964 -1.01897 -15.1703 -18.1493 -1.4558 -16.0683 
-18.1292 -1.92074 -16.9533 -18.1232 -2.3934 -17.8345 -18.1236 -2.87431 -18.7112 
-18.1356 -3.3694 -19.58 -18.1669 -3.86952 -20.4452 -18.2301 -4.36209 -21.3131 
-18.3252 -4.82981 -22.1916 -18.4542 -5.25456 -23.0873 -18.6132 -5.62737 -24.0011 
-18.7959 -5.93134 -24.9355 -18.981 -6.17737 -25.8867 -19.1294 -6.38623 -26.8529 
-19.2157 -6.57133 -27.8312 -19.2109 -6.66059 -28.8251 -19.1651 -6.62551 -29.8218 
-19.1175 -6.47884 -30.8094 -26.5745 -0.818238 35.3656 -26.8717 -0.805735 34.4109 
-27.1909 -0.811329 33.4633 -27.5392 -0.826503 32.5262 -27.9109 -0.840946 31.598 
-28.3118 -0.844518 30.682 -28.7418 -0.825195 29.7796 -29.2013 -0.725555 28.8979 
-29.6734 -0.558769 28.0327 -30.1483 -0.329923 27.1832 -30.6154 -0.0744326 26.3368 
-31.0493 0.202184 25.4795 -31.4375 0.490864 24.6047 -31.7579 0.800974 23.7103 
-32.0043 1.13366 22.8006 -32.2107 1.49802 21.8926 -32.4127 1.88882 20.9946 
-32.6138 2.28837 20.1003 -32.7845 2.66938 19.192 -32.8721 3.0025 18.2541 
-32.889 3.29684 17.2992 -32.8224 3.54209 16.3326 -32.7096 3.75331 15.3619 
-32.5629 3.93283 14.3893 -32.3999 4.0929 13.4158 -32.2257 4.22486 12.44 
-32.0496 4.32429 11.4608 -31.8937 4.38296 10.475 -31.7723 4.41748 9.48316 
-31.6711 4.44851 8.48881 -31.5551 4.48638 7.49638 -31.3932 4.52959 6.51074 
-31.1893 4.57419 5.53292 -30.947 4.61621 4.56372 -30.6735 4.66073 3.60297 
-30.3688 4.71129 2.65193 -30.0441 4.75838 1.70731 -29.6928 4.79493 0.771858 
-29.3208 4.82279 -0.155884 -28.937 4.83774 -1.07917 -28.5414 4.84373 -1.99754 
-28.1219 4.83753 -2.90513 -27.6623 4.82022 -3.7926 -27.1309 4.79394 -4.63822 
-26.5179 4.73666 -5.42457 -25.8082 4.6285 -6.11933 -25.0467 4.48855 -6.75132 
-24.2421 4.34033 -7.32548 -23.4037 4.18546 -7.84752 -22.5727 3.9644 -8.34634 
-21.8825 3.4541 -8.81595 -21.4111 2.66266 -9.20383 -20.9683 1.8839 -9.64717 
-20.5063 1.19766 -10.2027 -20.0283 0.63319 -10.8727 -19.5657 0.16026 -11.6211 
-19.125 -0.246406 -12.4205 -18.7558 -0.592613 -13.2812 -18.497 -0.889652 -14.1983 
-18.357 -1.20073 -15.1375 -18.2889 -1.56749 -16.0647 -18.2602 -1.97602 -16.9768 
-18.2478 -2.39967 -17.8825 -18.2431 -2.84012 -18.7802 -18.2463 -3.29607 -19.6702 
-18.2685 -3.7594 -20.556 -18.3162 -4.21756 -21.4435 -18.3955 -4.65081 -22.3411 
-18.5008 -5.05202 -23.2508 -18.631 -5.39538 -24.1805 -18.771 -5.67791 -25.1291 
-18.898 -5.89932 -26.0956 -18.9912 -6.09505 -27.0717 -19.023 -6.25611 -28.0573 
-19.0126 -6.31374 -29.0537 -19.0073 -6.22132 -30.0478 -19.0163 -6.04467 -31.0317 
-26.5695 -0.644001 36.2492 -26.8483 -0.602605 35.2897 -27.1339 -0.581005 34.3317 
-27.444 -0.576241 33.3811 -27.7801 -0.583084 32.4394 -28.1448 -0.595899 31.5084 
-28.5333 -0.609253 30.5872 -28.9577 -0.594648 29.6825 -29.413 -0.507129 28.797 
-29.8823 -0.342049 27.9303 -30.3551 -0.121189 27.0774 -30.8145 0.13515 26.2271 
-31.2416 0.412189 25.3665 -31.617 0.706721 24.4881 -31.9309 1.02071 23.5927 
-32.1738 1.3658 22.6863 -32.3943 1.74053 21.7859 -32.6114 2.1376 20.8942 
-32.8162 2.53486 19.9998 -32.9683 2.90333 19.0834 -33.0468 3.23109 18.1427 
-33.0408 3.51227 17.1839 -32.9611 3.74503 16.2152 -32.8346 3.93862 15.2425 
-32.6844 4.10881 14.2687 -32.5177 4.25594 13.2938 -32.3454 4.38221 12.3169 
-32.1822 4.4714 11.3345 -32.0411 4.52731 10.3463 -31.9339 4.55416 9.35251 
-31.8325 4.57859 8.35799 -31.6969 4.61264 7.36798 -31.5224 4.65272 6.38431 
-31.3028 4.69715 5.40983 -31.0527 4.74124 4.44273 -30.7767 4.78819 3.48282 
-30.4762 4.84264 2.53062 -30.1518 4.89467 1.58621 -29.8066 4.93648 0.64867 
-29.4397 4.96944 -0.280986 -29.0657 4.99486 -1.20806 -28.6822 5.0077 -2.13147 
-28.2768 5.01278 -3.04553 -27.8309 5.00422 -3.94025 -27.3172 4.98411 -4.79665 
-26.7141 4.92593 -5.5904 -26.0386 4.82112 -6.31928 -25.3104 4.66505 -6.98585 
-24.5519 4.48349 -7.61131 -23.7455 4.27746 -8.16415 -22.9377 3.99302 -8.67748 
-22.2651 3.43937 -9.13905 -21.7658 2.68421 -9.55499 -21.3353 1.90164 -10.0043 
-20.9111 1.13903 -10.4921 -20.4587 0.487546 -11.0956 -19.9945 -0.0481986 -11.7985 
-19.5592 -0.470482 -12.5889 -19.1919 -0.768886 -13.4676 -18.9346 -0.9825 -14.4089 
-18.7686 -1.17505 -15.3753 -18.6732 -1.40178 -16.3443 -18.6086 -1.66871 -17.3055 
-18.5639 -1.98001 -18.2548 -18.519 -2.32031 -19.1938 -18.4741 -2.69292 -20.1207 
-18.4371 -3.07598 -21.0437 -18.4239 -3.45622 -21.9684 -18.4353 -3.82241 -22.8988 
-18.4605 -4.15844 -23.8401 -18.4838 -4.44572 -24.7973 -18.4861 -4.67271 -25.7708 
-18.455 -4.85258 -26.7537 -18.3781 -4.99201 -27.7405 -18.2421 -5.052 -28.7276 
-18.0736 -4.97772 -29.7085 -18.0628 -4.74984 -30.6729 -25.512 -3.72244 35.3344 
-25.9493 -3.7016 34.6666 -26.489 -3.71721 33.825 -27.0221 -3.70578 32.9792 
-27.5308 -3.63835 32.1218 -28 -3.5 31.25 -28.4414 -3.31438 30.3726 
-28.8637 -3.07443 29.4987 -29.2843 -2.79218 28.6367 -29.7111 -2.47216 27.7909 
-30.1507 -2.13788 26.9572 -30.5975 -1.79261 26.1319 -31.0332 -1.44494 25.3018 
-31.4328 -1.09586 24.4545 -31.7776 -0.737816 23.5873 -32.0467 -0.364733 22.6997 
-32.2692 0.0335466 21.8102 -32.4676 0.456205 20.9259 -32.6637 0.876896 20.0401 
-32.8333 1.27805 19.1404 -32.9348 1.64329 18.216 -32.95 1.9683 17.2713 
-32.8762 2.25364 16.3166 -32.7431 2.50099 15.357 -32.5863 2.71873 14.3938 
-32.4204 2.90916 13.4263 -32.2538 3.07289 12.4541 -32.0911 3.20233 11.476 
-31.9399 3.30244 10.4927 -31.8267 3.3849 9.50274 -31.7453 3.46669 8.50946 
-31.6566 3.55671 7.51759 -31.5328 3.64918 6.52978 -31.3553 3.73563 5.5497 
-31.1348 3.81336 4.57755 -30.8758 3.88708 3.61463 -30.5881 3.96922 2.66056 
-30.2707 4.05404 1.71614 -29.9244 4.12782 0.781048 -29.5463 4.18551 -0.142874 
-29.0668 4.23504 -1.24167 -28.6469 4.25782 -2.14889 -28.1929 4.2689 -3.03954 
-27.6933 4.26501 -3.90538 -27.1007 4.24844 -4.70904 -26.4229 4.19808 -5.44041 
-25.6723 4.10679 -6.0938 -24.8775 3.98511 -6.68769 -24.0522 3.84758 -7.23474 
-23.209 3.66619 -7.73964 -22.3904 3.35813 -8.20979 -21.6971 2.79925 -8.64557 
-21.1588 2.09184 -9.10146 -20.659 1.43351 -9.65849 -20.1605 0.887966 -10.3306 
-19.681 0.413128 -11.0678 -19.2279 0.00849162 -11.8613 -18.8082 -0.353375 -12.6927 
-18.4905 -0.669479 -13.5848 -18.2841 -0.984684 -14.51 -18.1909 -1.37037 -15.4266 
-18.1546 -1.81245 -16.3225 -18.146 -2.28008 -17.2064 -18.15 -2.75429 -18.0868 
-18.1656 -3.2418 -18.9597 -18.198 -3.73919 -19.8265 -18.2578 -4.2363 -20.6921 
-18.3486 -4.71696 -21.564 -18.4707 -5.16866 -22.4476 -18.6244 -5.58606 -23.3429 
-18.8196 -5.95136 -24.2529 -19.0462 -6.26451 -25.1745 -19.2749 -6.53054 -26.1109 
-19.4609 -6.76916 -27.0635 -19.5451 -6.95318 -28.0411 -19.4993 -7.04632 -29.0326 
-19.3945 -6.99694 -30.0243 -19.3024 -6.847 -31.0082 -26.0382 2.49788 37.2094 
-26.2854 2.59561 36.455 -26.5599 2.72868 35.5028 -26.8027 2.88081 34.5448 
-27.0319 3.06367 33.5889 -27.2722 3.27736 32.6422 -27.5432 3.52207 31.7115 
-27.8637 3.79006 30.8033 -28.2345 4.07718 29.9203 -28.6229 4.37337 29.0477 
-29.0154 4.67714 28.1796 -29.4025 4.98977 27.3123 -29.781 5.31436 26.4454 
-30.1454 5.6471 25.5757 -30.4699 5.98671 24.6933 -30.7362 6.32278 23.7901 
-30.9536 6.64568 22.8693 -31.1829 6.94394 21.9434 -31.5262 7.21714 21.0465 
-31.9434 7.48974 20.1798 -32.33 7.77223 19.3022 -32.6552 8.04759 18.3983 
-32.8947 8.30106 17.4615 -33.0539 8.52029 16.5001 -33.0986 8.67725 15.5149 
-33.0318 8.7765 14.5238 -32.8473 8.81861 13.5429 -32.5802 8.80494 12.5805 
-32.246 8.72901 11.6418 -31.8745 8.59703 10.7232 -31.506 8.43272 9.80821 
-31.1657 8.27296 8.8818 -30.866 8.14829 7.93607 -30.5807 8.04838 6.98295 
-30.3012 7.97394 6.02573 -30.0209 7.91599 5.06757 -29.7353 7.86564 4.11057 
-29.4439 7.81128 3.1555 -29.1467 7.74667 2.20289 -28.8421 7.67444 1.25315 
-28.5333 7.60091 0.304901 -28.1655 7.50966 -0.833705 -27.8559 7.42448 -1.78074 
-27.5253 7.32485 -2.71911 -27.1708 7.21716 -3.64788 -26.785 7.10516 -4.56349 
-26.3531 6.97417 -5.45525 -25.8517 6.79963 -6.30139 -25.2757 6.57306 -7.08496 
-24.6275 6.27415 -7.78416 -23.9231 5.93394 -8.40432 -23.2084 5.49287 -8.94275 
-22.5852 4.88575 -9.42336 -22.1123 4.12707 -9.8686 -21.7006 3.3251 -10.301 
-21.2963 2.53456 -10.7608 -20.8947 1.75858 -11.2458 -20.4556 1.09361 -11.8444 
-20.0085 0.532597 -12.5387 -19.585 0.0868836 -13.3254 -19.2209 -0.247624 -14.1915 
-18.9778 -0.497373 -15.1278 -18.8081 -0.733952 -16.084 -18.6925 -0.993829 -17.0425 
-18.6066 -1.28927 -17.9937 -18.5322 -1.62527 -18.9325 -18.4557 -1.98501 -19.8624 
-18.3876 -2.36079 -20.7865 -18.3475 -2.73732 -21.7119 -18.3268 -3.09885 -22.6441 
-18.327 -3.43948 -23.5841 -18.3304 -3.74411 -24.5362 -18.3042 -3.99955 -25.5023 
-18.2341 -4.1901 -26.481 -18.1232 -4.32504 -27.465 -17.9373 -4.37825 -28.4444 
-17.6746 -4.30764 -29.4039 -17.4655 -4.02515 -30.3349 -26.3081 -1.5412 34.9422 
-26.5865 -1.56805 34.1926 -26.9618 -1.63179 33.2682 -27.3632 -1.69765 32.3548 
-27.7898 -1.73662 31.4512 -28.2341 -1.73396 30.5558 -28.6957 -1.66283 29.6722 
-29.1648 -1.5053 28.8041 -29.6373 -1.27339 27.9543 -30.1143 -0.998872 27.1194 
-30.5825 -0.701828 26.2873 -31.0239 -0.395301 25.4443 -31.4131 -0.0844956 24.5775 
-31.7401 0.241875 23.6911 -31.9959 0.58872 22.7893 -32.2048 0.961611 21.8854 
-32.4011 1.36374 20.9912 -32.5983 1.7704 20.0991 -32.7585 2.15142 19.1891 
-32.8592 2.49938 18.2577 -32.8647 2.79973 17.3048 -32.7929 3.058 16.3419 
-32.6698 3.27841 15.3746 -32.5217 3.47378 14.4052 -32.3565 3.64109 13.4333 
-32.1842 3.78059 12.4583 -32.0128 3.8805 11.4783 -31.8616 3.94897 10.4923 
-31.7508 4.00002 9.49992 -31.6587 4.05085 8.5055 -31.5523 4.10886 7.51301 
-31.4072 4.16945 6.52563 -31.2108 4.2276 5.54705 -30.9765 4.28028 4.57639 
-30.7058 4.33421 3.61537 -30.4062 4.39513 2.66331 -30.079 4.45238 1.72017 
-29.7291 4.50014 0.784672 -29.3506 4.53642 -0.140151 -28.8779 4.56009 -1.24281 
-28.4661 4.56822 -2.15399 -28.0264 4.56314 -3.05197 -27.5401 4.54846 -3.92507 
-26.9693 4.52122 -4.74452 -26.3098 4.45895 -5.49109 -25.5699 4.3551 -6.15441 
-24.7815 4.22503 -6.75494 -23.9558 4.08878 -7.30189 -23.1119 3.92818 -7.81346 
-22.2892 3.6616 -8.30365 -21.6315 3.08466 -8.75283 -21.1288 2.33883 -9.18773 
-20.655 1.62904 -9.70326 -20.161 1.06663 -10.3636 -19.6819 0.582328 -11.0949 
-19.2268 0.16877 -11.8827 -18.8032 -0.20092 -12.7087 -18.4789 -0.523618 -13.5959 
-18.2715 -0.84866 -14.5169 -18.1816 -1.24347 -15.4301 -18.1447 -1.68955 -16.3242 
-18.1353 -2.1605 -17.2062 -18.1351 -2.63484 -18.0866 -18.144 -3.12176 -18.9599 
-18.1662 -3.61879 -19.8273 -18.2159 -4.11784 -20.6924 -18.2968 -4.60252 -21.5631 
-18.4107 -5.05686 -22.4464 -18.5556 -5.47177 -23.3442 -18.7376 -5.82807 -24.2603 
-18.9417 -6.12805 -25.1917 -19.147 -6.37223 -26.1393 -19.3061 -6.59142 -27.1015 
-19.375 -6.76166 -28.0828 -19.3412 -6.83356 -29.0774 -19.2689 -6.7668 -30.071 
-19.2007 -6.60987 -31.0559 -26.5271 0.997763 37.2423 -26.7448 1.08917 36.478 
-27.0037 1.21348 35.5201 -27.2541 1.34677 34.5611 -27.5103 1.48554 33.6046 
-27.7872 1.63076 32.6548 -28.0967 1.7834 31.7164 -28.4411 1.94174 30.7911 
-28.8261 2.1176 29.8853 -29.2315 2.31296 28.9924 -29.6414 2.52644 28.1056 
-30.0478 2.76303 27.2232 -30.4446 3.02438 26.3433 -30.8258 3.30034 25.4611 
-31.1613 3.59185 24.5656 -31.4298 3.89938 23.6534 -31.6122 4.21266 22.7219 
-31.7659 4.52577 21.7848 -31.9811 4.85656 20.867 -32.2511 5.20582 19.9698 
-32.4994 5.54413 19.0625 -32.6879 5.84822 18.1296 -32.7858 6.09934 17.1672 
-32.8121 6.30873 16.1905 -32.7592 6.47126 15.2058 -32.6418 6.59672 14.2212 
-32.4595 6.68407 13.2422 -32.2386 6.73671 12.2685 -31.9974 6.72762 11.2985 
-31.7638 6.67524 10.3277 -31.5578 6.59793 9.35226 -31.3632 6.52468 8.37416 
-31.1538 6.47543 7.39764 -30.9235 6.44517 6.42508 -30.6697 6.43292 5.45795 
-30.399 6.42968 4.49535 -30.1097 6.42781 3.53813 -29.8058 6.42167 2.58547 
-29.4869 6.40742 1.63783 -29.1562 6.38204 0.694427 -28.8882 6.3559 -0.058874 
-28.5524 6.32141 -1.00016 -28.2112 6.28078 -1.93924 -27.8555 6.22698 -2.87227 
-27.4692 6.16566 -3.7923 -27.0321 6.09231 -4.68834 -26.5313 5.99321 -5.54733 
-25.9502 5.85112 -6.34714 -25.2967 5.65706 -7.07749 -24.5976 5.42241 -7.75231 
-23.8465 5.15821 -8.35496 -23.0789 4.81633 -8.89361 -22.4233 4.25835 -9.37641 
-21.9367 3.50457 -9.81364 -21.5299 2.69616 -10.2382 -21.1253 1.90859 -10.7028 
-20.7157 1.15402 -11.2108 -20.2635 0.543556 -11.8581 -19.8109 0.02232 -12.58 
-19.4107 -0.34596 -13.4147 -19.1017 -0.60479 -14.3279 -18.8991 -0.816437 -15.2835 
-18.7628 -1.03293 -16.2499 -18.6746 -1.29123 -17.2116 -18.608 -1.58931 -18.1637 
-18.5451 -1.92399 -19.1038 -18.4776 -2.28384 -20.0343 -18.4251 -2.66139 -20.9587 
-18.3902 -3.036 -21.8853 -18.3823 -3.3943 -22.8187 -18.395 -3.73012 -23.7603 
-18.4 -4.02667 -24.7151 -18.3745 -4.26419 -25.6856 -18.3172 -4.44433 -26.6673 
-18.2157 -4.57316 -27.653 -18.0424 -4.61838 -28.6353 -17.8255 -4.52258 -29.6032 
-17.7482 -4.23654 -30.5453 -26.3372 -1.80174 34.853 -26.7029 -1.88069 33.926 
-27.1049 -1.99802 33.0181 -27.538 -2.09602 32.1224 -27.9931 -2.14065 31.2335 
-28.4576 -2.11673 30.3489 -28.9283 -1.98741 29.4772 -29.3917 -1.76242 28.6208 
-29.8545 -1.47706 27.7818 -30.3222 -1.16454 26.955 -30.7806 -0.835065 26.1297 
-31.2112 -0.506164 25.2892 -31.5921 -0.173159 24.4271 -31.9161 0.171295 23.5465 
-32.1685 0.539624 22.6521 -32.3868 0.936616 21.7607 -32.5968 1.3494 20.8745 
-32.7968 1.75637 19.9833 -32.9427 2.13037 19.0683 -33.0102 2.46412 18.1287 
-32.9971 2.75899 17.1741 -32.9084 3.01047 16.2109 -32.7711 3.2217 15.2433 
-32.617 3.41159 14.2737 -32.4516 3.57556 13.3013 -32.2833 3.71601 12.3257 
-32.1228 3.82011 11.3443 -31.9837 3.89394 10.357 -31.8854 3.94794 9.36332 
-31.7983 4.0034 8.3687 -31.6822 4.0664 7.3776 -31.5272 4.1312 6.39198 
-31.321 4.1943 5.41568 -31.079 4.25343 4.44734 -30.8033 4.31485 3.48817 
-30.5021 4.38418 2.53717 -30.1736 4.44946 1.59503 -29.82 4.50319 0.661263 
-29.4429 4.54541 -0.263894 -29.0515 4.57213 -1.18367 -28.6425 4.58563 -2.09606 
-28.2074 4.58994 -2.99621 -27.7124 4.5785 -3.86448 -27.149 4.55626 -4.68921 
-26.4863 4.49228 -5.43364 -25.749 4.38645 -6.09869 -24.9602 4.25272 -6.69807 
-24.1346 4.11401 -7.24403 -23.2872 3.9462 -7.74744 -22.4614 3.67327 -8.23419 
-21.8054 3.08989 -8.67666 -21.2948 2.34809 -9.10988 -20.8206 1.64378 -9.63438 
-20.334 1.05664 -10.2769 -19.8591 0.558169 -11.0013 -19.4021 0.121983 -11.7758 
-18.9899 -0.251747 -12.6059 -18.6608 -0.577458 -13.4903 -18.4605 -0.877834 -14.4214 
-18.3548 -1.21038 -15.3579 -18.3 -1.58782 -16.2819 -18.2751 -1.99478 -17.1949 
-18.2614 -2.41574 -18.1018 -18.2528 -2.85346 -19.0008 -18.2545 -3.30709 -19.892 
-18.2758 -3.76382 -20.7812 -18.3263 -4.20573 -21.6768 -18.4024 -4.62372 -22.5819 
-18.5071 -4.99095 -23.5057 -18.6208 -5.3012 -24.4492 -18.7274 -5.5455 -25.4126 
-18.8081 -5.74726 -26.3885 -18.8392 -5.92797 -27.3711 -18.8157 -6.05632 -28.3617 
-18.7825 -6.03967 -29.3576 -18.8039 -5.87299 -30.3423 -18.8657 -5.68794 -31.3217 
-25.7178 4.23924 35.8442 -26.0781 4.25898 34.9134 -26.36 4.35816 33.9602 
-26.597 4.53933 33.0061 -26.8347 4.77419 32.0639 -27.11 5.04931 31.1431 
-27.4333 5.34283 30.2437 -27.8092 5.64389 29.3676 -28.2123 5.94725 28.5042 
-28.6225 6.25272 27.6449 -29.0234 6.56263 26.7828 -29.3981 6.88151 25.9124 
-29.738 7.20385 25.029 -30.023 7.52057 24.1248 -30.2542 7.83282 23.2037 
-30.4748 8.1208 22.2725 -30.8196 8.36183 21.3707 -31.3632 8.564 20.5576 
-31.8956 8.78236 19.7403 -32.3416 9.02538 18.8798 -32.7154 9.27103 17.9862 
-32.9947 9.50567 17.0561 -33.1752 9.70217 16.094 -33.2115 9.82699 15.1052 
-33.1028 9.88244 14.115 -32.8537 9.86791 13.1479 -32.5182 9.78948 12.2105 
-32.1055 9.63719 11.3131 -31.6633 9.44049 10.4382 -31.2325 9.22589 9.56176 
-30.8419 9.03331 8.66208 -30.501 8.87794 7.73524 -30.1926 8.75169 6.79253 
-29.8999 8.64875 5.84194 -29.6093 8.56072 4.88916 -29.317 8.47484 3.93669 
-29.0226 8.38132 2.98563 -28.7228 8.27971 2.03705 -28.4184 8.1762 1.09012 
-28.1162 8.07369 0.142444 -27.757 7.94785 -0.995612 -27.4463 7.82933 -1.93862 
-27.1133 7.69513 -2.87189 -26.7591 7.55842 -3.79694 -26.3781 7.42008 -4.71097 
-25.9582 7.26526 -5.60489 -25.4636 7.06978 -6.44978 -24.8825 6.81751 -7.222 
-24.2132 6.50662 -7.89482 -23.4856 6.15702 -8.48325 -22.7774 5.71469 -8.99213 
-22.3415 4.93839 -9.38054 -21.9702 4.08972 -9.75711 -21.5956 3.2473 -10.1443 
-21.2166 2.42307 -10.5645 -20.8321 1.61794 -11.0157 -20.3997 0.937344 -11.6001 
-19.9489 0.35252 -12.2734 -19.5232 -0.0918784 -13.057 -19.1679 -0.413132 -13.9319 
-18.9198 -0.661532 -14.8668 -18.7587 -0.89027 -15.8264 -18.653 -1.14604 -16.787 
-18.5781 -1.44284 -17.7388 -18.5152 -1.77589 -18.6795 -18.4485 -2.13499 -19.6103 
-18.3858 -2.51565 -20.5329 -18.3421 -2.90195 -21.4542 -18.3192 -3.27486 -22.3816 
-18.3238 -3.63076 -23.316 -18.3336 -3.94973 -24.2636 -18.3221 -4.22211 -25.2252 
-18.2776 -4.42642 -26.2028 -18.1992 -4.58691 -27.1864 -18.0592 -4.68546 -28.1708 
-17.8417 -4.68084 -29.1442 -17.6518 -4.4874 -30.1001 -17.7141 -4.11802 -31.0121 
-25.6453 -3.66472 35.2297 -26.0808 -3.64721 34.5599 -26.6189 -3.67496 33.7177 
-27.1519 -3.67167 32.8719 -27.6574 -3.59944 32.0131 -28.1266 -3.459 31.1416 
-28.5633 -3.26163 30.2645 -28.9817 -3.00651 29.3931 -29.3983 -2.70993 28.5339 
-29.8242 -2.37714 27.6926 -30.2649 -2.03244 26.8638 -30.7101 -1.67795 26.0415 
-31.1438 -1.32469 25.2127 -31.538 -0.970137 24.3652 -31.8764 -0.607418 23.4973 
-32.1456 -0.226079 22.6134 -32.3696 0.184471 21.7297 -32.5758 0.611559 20.8494 
-32.7758 1.03119 19.9641 -32.9346 1.42394 19.0587 -33.0334 1.78627 18.1325 
-33.0334 2.10604 17.1859 -32.9556 2.3879 16.2304 -32.8154 2.62493 15.2692 
-32.6564 2.83371 14.3043 -32.4912 3.01944 13.3357 -32.3279 3.17868 12.3622 
-32.1703 3.30759 11.3832 -32.0306 3.40779 10.3983 -31.926 3.48689 9.40704 
-31.8479 3.56444 8.41315 -31.7551 3.65063 7.42133 -31.6252 3.73983 6.43401 
-31.4426 3.82497 5.45474 -31.2187 3.90369 4.48345 -30.9605 3.97939 3.52037 
-30.6761 4.06407 2.56554 -30.3601 4.15446 1.62116 -30.0179 4.23613 0.685177 
-29.6462 4.29911 -0.240965 -29.175 4.35715 -1.34295 -28.764 4.38615 -2.25399 
-28.3196 4.40542 -3.14943 -27.8316 4.41209 -4.02185 -27.2525 4.39915 -4.83552 
-26.597 4.35086 -5.58741 -25.8627 4.25349 -6.25826 -25.0873 4.12125 -6.8752 
-24.2812 3.97479 -7.44815 -23.4475 3.79413 -7.96905 -22.6324 3.49373 -8.44913 
-21.9704 2.9036 -8.88148 -21.4616 2.151 -9.29647 -20.9932 1.41232 -9.78036 
-20.5235 0.752518 -10.3605 -20.0469 0.206593 -11.0481 -19.5877 -0.258756 -11.8029 
-19.1703 -0.629436 -12.6307 -18.8394 -0.925457 -13.5247 -18.6147 -1.17059 -14.4664 
-18.4939 -1.43094 -15.4237 -18.4269 -1.73881 -16.3723 -18.3971 -2.09222 -17.3072 
-18.3796 -2.46656 -18.2343 -18.3675 -2.86837 -19.1499 -18.3601 -3.28654 -20.0582 
-18.3732 -3.71313 -20.9625 -18.4058 -4.13332 -21.8693 -18.4687 -4.5274 -22.786 
-18.555 -4.88476 -23.7156 -18.6476 -5.18422 -24.6648 -18.7294 -5.4231 -25.632 
-18.7845 -5.61671 -26.6115 -18.7965 -5.78888 -27.5961 -18.7582 -5.89637 -28.588 
-18.7075 -5.87397 -29.5842 -18.7252 -5.70245 -30.5679 -26.09 -0.417839 37.1251 
-26.341 -0.369587 36.3671 -26.6312 -0.300639 35.4125 -26.9169 -0.234173 34.4566 
-27.218 -0.176801 33.5048 -27.5423 -0.124428 32.5603 -27.8929 -0.0775884 31.6251 
-28.2696 -0.0300102 30.7 -28.6819 0.0279795 29.791 -29.1236 0.128498 28.9 
-29.5824 0.278267 28.0244 -30.0443 0.472908 27.1593 -30.4959 0.701996 26.2971 
-30.9206 0.949887 25.4265 -31.2979 1.20917 24.5381 -31.6101 1.49525 23.6329 
-31.8334 1.81398 22.7121 -32.0197 2.15263 21.79 -32.2077 2.52518 20.8813 
-32.4097 2.9181 19.9842 -32.5947 3.29942 19.0789 -32.7225 3.64098 18.1484 
-32.7614 3.9287 17.1925 -32.7259 4.17157 16.2239 -32.63 4.37361 15.2495 
-32.4941 4.54587 14.274 -32.328 4.69212 13.2989 -32.1446 4.80921 12.323 
-31.9573 4.88765 11.344 -31.7931 4.92226 10.3585 -31.6666 4.92949 9.36665 
-31.5526 4.93533 8.37322 -31.4154 4.95023 7.38292 -31.2359 4.97243 6.39963 
-31.0153 4.99845 5.42472 -30.7635 5.02513 4.4574 -30.4768 5.05781 3.50005 
-30.166 5.09071 2.55017 -29.8325 5.11646 1.60783 -29.4786 5.13555 0.672791 
-29.1824 5.14287 -0.0702665 -28.8064 5.14333 -0.996928 -28.4209 5.13763 -1.91957 
-28.0141 5.11781 -2.83278 -27.5707 5.08895 -3.72816 -27.059 5.05197 -4.5856 
-26.4708 4.98875 -5.39081 -25.7815 4.87566 -6.10444 -25.0305 4.72826 -6.74689 
-24.2301 4.57666 -7.32593 -23.3906 4.43595 -7.85019 -22.5534 4.26336 -8.35906 
-21.8694 3.78256 -8.84135 -21.4485 2.94793 -9.1959 -21.0224 2.14181 -9.60539 
-20.5754 1.42026 -10.1259 -20.0993 0.831581 -10.7752 -19.6343 0.333308 -11.5052 
-19.1884 -0.0861205 -12.295 -18.8006 -0.447408 -13.1415 -18.5226 -0.754718 -14.0496 
-18.3658 -1.0671 -14.9854 -18.2852 -1.42788 -15.9137 -18.2496 -1.83614 -16.8258 
-18.2327 -2.26227 -17.7303 -18.224 -2.7024 -18.628 -18.2215 -3.15975 -19.5173 
-18.2349 -3.62584 -20.4019 -18.2728 -4.09087 -21.2863 -18.3421 -4.5338 -22.18 
-18.4418 -4.94193 -23.0871 -18.5641 -5.2953 -24.0142 -18.6959 -5.58897 -24.9606 
-18.8162 -5.81678 -25.9264 -18.9042 -6.01396 -26.9026 -18.9325 -6.18524 -27.8869 
-18.9178 -6.27506 -28.8813 -18.9024 -6.2021 -29.8762 -18.9143 -6.0323 -30.8612 
-26.6553 -1.2326 34.8795 -26.9107 -1.26594 34.1223 -27.2631 -1.32951 33.1888 
-27.6425 -1.39321 32.2657 -28.0531 -1.43739 31.3552 -28.4847 -1.45276 30.4535 
-28.9426 -1.40032 29.5669 -29.4109 -1.24824 28.6976 -29.8859 -1.0137 27.85 
-30.3615 -0.732975 27.0165 -30.8227 -0.429204 26.1829 -31.2567 -0.118424 25.3375 
-31.6378 0.201594 24.4704 -31.959 0.53624 23.5851 -32.2147 0.897033 22.6886 
-32.4372 1.28912 21.7961 -32.655 1.69673 20.9093 -32.8573 2.09845 20.0163 
-33.0039 2.46905 19.1 -33.0775 2.80343 18.161 -33.0605 3.09129 17.2045 
-32.9704 3.33213 16.2385 -32.8381 3.53562 15.2686 -32.6852 3.716 14.297 
-32.5199 3.87204 13.3233 -32.3517 4.00535 12.3466 -32.193 4.10426 11.3644 
-32.055 4.17475 10.3766 -31.9533 4.21815 9.38284 -31.8613 4.25933 8.38796 
-31.7393 4.30909 7.3968 -31.5755 4.36341 6.41203 -31.3648 4.41954 5.43623 
-31.1206 4.47413 4.46815 -30.8448 4.53097 3.50871 -30.5448 4.59587 2.55705 
-30.219 4.65814 1.61371 -29.8703 4.70905 0.67799 -29.4998 4.74972 -0.249922 
-29.1193 4.781 -1.17416 -28.7281 4.7993 -2.09422 -28.3135 4.80915 -3.00412 
-27.8567 4.80516 -3.89335 -27.3305 4.78871 -4.74209 -26.7129 4.735 -5.52486 
-26.0223 4.63602 -6.24028 -25.2774 4.48947 -6.89047 -24.4989 4.32172 -7.49464 
-23.6767 4.13373 -8.03077 -22.8488 3.89149 -8.53465 -22.163 3.35409 -8.99192 
-21.6628 2.59106 -9.39041 -21.2217 1.81448 -9.83966 -20.7906 1.05847 -10.3303 
-20.325 0.443454 -10.9629 -19.8587 -0.0871315 -11.6695 -19.4241 -0.499206 -12.4669 
-19.0518 -0.813816 -13.3389 -18.8034 -1.04844 -14.2768 -18.6463 -1.26517 -15.2395 
-18.5597 -1.52242 -16.2016 -18.5075 -1.82215 -17.1539 -18.4735 -2.15567 -18.096 
-18.4432 -2.52056 -19.0264 -18.4137 -2.91166 -19.9462 -18.3929 -3.3141 -20.8615 
-18.3987 -3.71489 -21.7775 -18.4235 -4.0999 -22.7 -18.4722 -4.45234 -23.6344 
-18.5279 -4.75501 -24.5854 -18.5624 -4.99348 -25.5555 -18.5672 -5.18579 -26.5366 
-18.5315 -5.34514 -27.5228 -18.4458 -5.45161 -28.5124 -18.3355 -5.42 -29.5028 
-18.304 -5.23703 -30.482 -18.4024 -5.03193 -31.2475 -26.3391 0.404278 37.0564 
-26.6317 0.498629 36.1049 -26.9053 0.605893 35.149 -27.1707 0.720945 34.1918 
-27.4463 0.836956 33.2376 -27.746 0.951907 32.2906 -28.0749 1.06694 31.3534 
-28.4413 1.18569 30.4307 -28.8404 1.31735 29.5235 -29.2651 1.47863 28.6327 
-29.6978 1.66367 27.7505 -30.1273 1.87965 26.8736 -30.5469 2.11377 25.9967 
-30.9329 2.36945 25.1106 -31.2644 2.64353 24.2085 -31.514 2.94209 23.2881 
-31.6882 3.25787 22.3558 -31.8339 3.58793 21.4233 -32.0155 3.94063 20.5057 
-32.2429 4.3106 19.605 -32.4549 4.66537 18.6948 -32.5961 4.97181 17.754 
-32.666 5.23464 16.7928 -32.6437 5.44224 15.8153 -32.5601 5.61276 14.834 
-32.4196 5.74994 13.8538 -32.2379 5.85976 12.8768 -32.0304 5.92932 11.9012 
-31.8212 5.94838 10.9239 -31.6377 5.91978 9.94144 -31.4814 5.8759 8.95476 
-31.3229 5.8405 7.96811 -31.1368 5.82062 6.9859 -30.9175 5.81418 6.01035 
-30.6707 5.81769 5.04138 -30.3956 5.82844 4.0801 -30.1 5.83926 3.12489 
-29.7851 5.84443 2.17583 -29.452 5.84206 1.23296 -29.1752 5.83216 0.482464 
-28.8236 5.81147 -0.453481 -28.4685 5.78749 -1.38798 -28.1027 5.75528 -2.31807 
-27.7178 5.71157 -3.23987 -27.2802 5.65946 -4.13712 -26.7864 5.59032 -5.0033 
-26.1932 5.4806 -5.79894 -25.5212 5.32635 -6.52149 -24.781 5.14047 -7.16671 
-23.9964 4.95907 -7.75873 -23.1604 4.80953 -8.28621 -22.4134 4.52401 -8.77649 
-21.9675 3.7586 -9.14344 -21.5732 2.91281 -9.4968 -21.1696 2.09593 -9.90844 
-20.7659 1.31106 -10.3723 -20.3076 0.673943 -10.9889 -19.8457 0.128891 -11.6867 
-19.4075 -0.301468 -12.473 -19.0257 -0.64357 -13.3305 -18.764 -0.905548 -14.2576 
-18.5964 -1.14691 -15.2125 -18.5082 -1.42787 -16.1679 -18.4538 -1.74886 -17.1131 
-18.4187 -2.10223 -18.0479 -18.3868 -2.48101 -18.9727 -18.3562 -2.88449 -19.8872 
-18.3356 -3.29874 -20.7971 -18.3398 -3.71239 -21.7074 -18.3654 -4.10888 -22.625 
-18.4164 -4.46939 -23.556 -18.4769 -4.78228 -24.5036 -18.5167 -5.02944 -25.4713 
-18.5265 -5.22699 -26.4513 -18.4963 -5.39257 -27.4366 -18.4157 -5.51003 -28.4256 
-18.2989 -5.49729 -29.4159 -18.2465 -5.33302 -30.3975 -18.3438 -5.12284 -31.1613 
-26.5356 0.151066 37.2854 -26.8151 0.240832 36.3295 -27.0817 0.338886 35.3708 
-27.3484 0.43618 34.4119 -27.6283 0.527275 33.4562 -27.9365 0.611725 32.5088 
-28.2689 0.68861 31.5688 -28.6284 0.75738 30.6384 -29.0233 0.837997 29.7234 
-29.4455 0.945844 28.8234 -29.8818 1.09058 27.9356 -30.3209 1.28051 27.0576 
-30.7522 1.49808 26.1821 -31.1477 1.74257 25.297 -31.4948 2.00762 24.3979 
-31.7671 2.30166 23.4821 -31.9873 2.61827 22.5597 -32.1839 2.96199 21.6416 
-32.3916 3.33602 20.7379 -32.6016 3.71535 19.8368 -32.7715 4.07022 18.918 
-32.8695 4.37819 17.9725 -32.8943 4.64054 17.0088 -32.8417 4.85314 16.0335 
-32.7365 5.02981 15.0552 -32.5894 5.17751 14.0773 -32.4154 5.3027 13.1007 
-32.2254 5.39481 12.1234 -32.0406 5.44312 11.142 -31.8843 5.44264 10.1545 
-31.7509 5.42513 9.16359 -31.6138 5.40984 8.17326 -31.4436 5.40753 7.188 
-31.2341 5.41734 6.21036 -30.9954 5.43402 5.2395 -30.7263 5.45699 4.27671 
-30.4356 5.48427 3.32031 -30.1229 5.50933 2.37084 -29.7957 5.52835 1.42616 
-29.5209 5.53843 0.674888 -29.2374 5.54187 -0.0731775 -28.8801 5.53794 -1.00716 
-28.5161 5.52938 -1.93851 -28.1343 5.51002 -2.86244 -27.7199 5.47881 -3.77169 
-27.2435 5.43734 -4.64907 -26.6951 5.36623 -5.48111 -26.0552 5.24648 -6.23906 
-25.3636 5.08316 -6.94162 -24.6275 4.88615 -7.58849 -23.8468 4.67443 -8.17512 
-23.047 4.38684 -8.69888 -22.3297 3.90741 -9.18357 -21.8499 3.13622 -9.59422 
-21.4337 2.32899 -10.0123 -21.0295 1.53956 -10.4733 -20.6016 0.815102 -11.0103 
-20.142 0.241783 -11.6852 -19.6908 -0.24371 -12.431 -19.3036 -0.574949 -13.2891 
-19.004 -0.82291 -14.2085 -18.8221 -1.02426 -15.1702 -18.7053 -1.2419 -16.1389 
-18.6301 -1.50312 -17.1009 -18.5761 -1.80444 -18.0527 -18.5249 -2.14314 -18.9921 
-18.472 -2.50852 -19.9214 -18.429 -2.89119 -20.8442 -18.4029 -3.27286 -21.7681 
-18.4043 -3.64177 -22.6974 -18.4234 -3.98657 -23.6358 -18.4391 -4.2859 -24.5895 
-18.4394 -4.52948 -25.5589 -18.4063 -4.71688 -26.5404 -18.3347 -4.86593 -27.5262 
-18.1974 -4.9396 -28.5123 -18.0051 -4.90027 -29.4915 -17.9347 -4.6844 -30.4553 
-18.1798 -4.45194 -31.3661 -26.358 1.73016 37.1718 -26.5252 1.80449 36.6003 
-26.7847 1.93529 35.6436 -27.024 2.08201 34.6839 -27.262 2.24523 33.7264 
-27.5149 2.42777 32.7765 -27.8 2.63134 31.8401 -28.1301 2.85192 30.9225 
-28.5029 3.09 30.0259 -28.8981 3.34464 29.1433 -29.295 3.61244 28.2654 
-29.6849 3.89223 27.3881 -30.0669 4.18955 26.5131 -30.4366 4.50024 25.6375 
-30.7708 4.82398 24.7527 -31.042 5.15414 23.8491 -31.2364 5.47633 22.9232 
-31.3986 5.78522 21.986 -31.6358 6.08564 21.0639 -31.9644 6.39437 20.1717 
-32.2952 6.70985 19.2826 -32.5693 7.00632 18.3684 -32.7602 7.26385 17.4217 
-32.8709 7.48139 16.4531 -32.8798 7.64266 15.4672 -32.7956 7.75293 14.4782 
-32.6138 7.81155 13.4973 -32.3666 7.82516 12.5291 -32.0664 7.77983 11.5768 
-31.7515 7.68092 10.633 -31.4551 7.55479 9.68651 -31.1894 7.43301 8.7303 
-30.9401 7.33837 7.76659 -30.6871 7.27069 6.80155 -30.4233 7.22533 5.83811 
-30.1498 7.19297 4.87678 -29.8634 7.16446 3.91912 -29.5671 7.13179 2.9646 
-29.2595 7.08846 2.0141 -28.9431 7.03477 1.067 -28.6211 6.97649 0.122079 
-28.2357 6.90324 -1.01198 -27.9121 6.83482 -1.95569 -27.5669 6.75354 -2.89061 
-27.1919 6.66425 -3.81315 -26.7754 6.56566 -4.7166 -26.2967 6.44368 -5.58502 
-25.7348 6.27384 -6.39271 -25.0906 6.0547 -7.124 -24.3864 5.79862 -7.78501 
-23.6204 5.53765 -8.37094 -22.8413 5.20657 -8.9012 -22.2702 4.5663 -9.34284 
-21.878 3.7277 -9.72079 -21.4994 2.88779 -10.1094 -21.117 2.06998 -10.5387 
-20.7152 1.29806 -11.0282 -20.2722 0.654983 -11.6475 -19.821 0.11541 -12.356 
-19.4042 -0.286639 -13.1682 -19.0775 -0.576313 -14.0652 -18.8557 -0.808456 -15.0112 
-18.7177 -1.03619 -15.9747 -18.6291 -1.30114 -16.9346 -18.5637 -1.60237 -17.8857 
-18.5056 -1.94148 -18.8245 -18.444 -2.3068 -19.7533 -18.389 -2.69142 -20.6747 
-18.351 -3.07839 -21.5959 -18.3392 -3.45166 -22.5235 -18.3523 -3.80494 -23.4588 
-18.362 -4.11495 -24.4091 -18.3539 -4.37267 -25.375 -18.3136 -4.5684 -26.3545 
-18.239 -4.72483 -27.339 -18.0934 -4.81073 -28.3234 -17.889 -4.79073 -29.2996 
-17.7506 -4.56814 -30.2578 -17.8899 -4.25723 -31.1684 -26.3204 0.198876 37.0701 
-26.6142 0.287684 36.1185 -26.8909 0.38731 35.1628 -27.1608 0.491491 34.2056 
-27.4426 0.593735 33.2515 -27.7486 0.692876 32.3048 -28.0821 0.790783 31.3672 
-28.4509 0.890556 30.4433 -28.8507 0.999647 29.5332 -29.2782 1.14062 28.6405 
-29.7173 1.3109 27.7585 -30.1549 1.51832 26.8836 -30.5814 1.74907 26.0091 
-30.9747 1.99752 25.1242 -31.3132 2.26395 24.2225 -31.5719 2.55893 23.3034 
-31.7572 2.87636 22.3737 -31.9148 3.21264 21.4455 -32.1024 3.57582 20.5331 
-32.3214 3.95442 19.6338 -32.5198 4.31627 18.7234 -32.6438 4.62611 17.7815 
-32.6917 4.88888 16.8187 -32.6656 5.10655 15.8437 -32.5735 5.28307 14.8641 
-32.4306 5.42793 13.8853 -32.2519 5.54665 12.9088 -32.051 5.62743 11.9326 
-31.8503 5.66045 10.9538 -31.677 5.64678 9.96926 -31.5318 5.61692 8.98037 
-31.3845 5.59363 7.99163 -31.208 5.58385 7.00752 -30.9951 5.58564 6.03053 
-30.7532 5.59511 5.06039 -30.4799 5.61156 4.09866 -30.1845 5.62921 3.14351 
-29.8685 5.64156 2.19485 -29.5336 5.64688 1.25266 -29.2538 5.64394 0.503193 
-28.8971 5.63094 -0.430911 -28.5363 5.6134 -1.36335 -28.1631 5.58756 -2.29074 
-27.7705 5.54874 -3.2095 -27.3259 5.5033 -4.10362 -26.823 5.4418 -4.96511 
-26.2196 5.33942 -5.75401 -25.5375 5.19319 -6.46869 -24.7905 5.01636 -7.1088 
-23.9958 4.84577 -7.68991 -23.1552 4.70465 -8.21251 -22.2931 4.29243 -8.78538 
-21.8678 3.48612 -9.13436 -21.4492 2.65999 -9.50987 -21.0406 1.85325 -9.93629 
-20.605 1.13288 -10.4669 -20.1404 0.531048 -11.1142 -19.6806 0.0224712 -11.84 
-19.2523 -0.381828 -12.6458 -18.9005 -0.707507 -13.5214 -18.6573 -0.969072 -14.4538 
-18.5211 -1.23209 -15.4081 -18.4439 -1.53713 -16.357 -18.4024 -1.88561 -17.2933 
-18.3732 -2.25569 -18.2218 -18.3479 -2.65427 -19.1385 -18.3243 -3.07071 -20.0473 
-18.3185 -3.4966 -20.952 -18.3363 -3.91702 -21.8591 -18.3775 -4.31402 -22.7758 
-18.4449 -4.67325 -23.7062 -18.5157 -4.97402 -24.6569 -18.5653 -5.21171 -25.6265 
-18.5861 -5.4043 -26.6075 -18.5666 -5.57148 -27.5928 -18.491 -5.67321 -28.5832 
-18.3864 -5.65088 -29.5751 -18.3772 -5.46879 -30.5552 -26.1768 1.94188 37.2499 
-26.4147 2.04114 36.4927 -26.6815 2.17294 35.5381 -26.9243 2.31931 34.5791 
-27.1589 2.48475 33.6213 -27.4039 2.6728 32.6703 -27.6798 2.88827 31.7338 
-27.9947 3.11937 30.8134 -28.3628 3.36848 29.9179 -28.7564 3.63311 29.0376 
-29.1548 3.90933 28.163 -29.5465 4.19754 27.2892 -29.9307 4.50041 26.4171 
-30.304 4.814 25.5441 -30.64 5.1412 24.6612 -30.9162 5.47379 23.7601 
-31.1186 5.79816 22.8365 -31.2765 6.10701 21.8986 -31.5081 6.39893 20.9724 
-31.8484 6.69076 20.0795 -32.2055 6.99408 19.1963 -32.5057 7.28621 18.289 
-32.7297 7.54642 17.3506 -32.8642 7.76514 16.3854 -32.8938 7.92827 15.4008 
-32.8223 8.03639 14.4103 -32.6463 8.09172 13.4285 -32.3959 8.09991 12.461 
-32.0895 8.05107 11.5108 -31.7579 7.95066 10.573 -31.4376 7.81009 9.63624 
-31.1451 7.67477 8.68975 -30.8798 7.5669 7.73177 -30.6185 7.48705 6.76987 
-30.3504 7.43323 5.80801 -30.0754 7.39319 4.84744 -29.7916 7.35837 3.88919 
-29.497 7.3199 2.93437 -29.1927 7.27111 1.98306 -28.8808 7.2129 1.03474 
-28.5628 7.15034 0.0887273 -28.1827 7.07112 -1.04674 -27.864 6.99704 -1.99168 
-27.5229 6.90963 -2.92753 -27.1543 6.8147 -3.85216 -26.7471 6.7119 -4.75938 
-26.2803 6.58636 -5.63382 -25.7343 6.41332 -6.4518 -25.1141 6.1933 -7.20375 
-24.433 5.9202 -7.8821 -23.6994 5.61697 -8.4881 -22.9669 5.19902 -9.01797 
-22.3768 4.55886 -9.4859 -21.9326 3.77002 -9.9086 -21.5333 2.95508 -10.3283 
-21.1374 2.15575 -10.7801 -20.7393 1.38125 -11.2668 -20.2921 0.747035 -11.8946 
-19.8437 0.205906 -12.6031 -19.438 -0.184631 -13.4256 -19.1157 -0.468002 -14.3268 
-18.9006 -0.697927 -15.2752 -18.7559 -0.927864 -16.2373 -18.6598 -1.19175 -17.1968 
-18.5876 -1.4957 -18.1465 -18.5203 -1.83552 -19.0845 -18.4476 -2.19758 -20.0138 
-18.3903 -2.57738 -20.937 -18.3541 -2.9549 -21.8622 -18.3414 -3.31484 -22.795 
-18.3503 -3.65295 -23.736 -18.3514 -3.94977 -24.6905 -18.3193 -4.18892 -25.6604 
-18.2542 -4.37091 -26.6413 -18.1445 -4.49951 -27.6261 -17.9607 -4.54674 -28.6061 
-17.7112 -4.45998 -29.5672 -17.5951 -4.16323 -30.5014 -26.2505 2.25891 37.0103 
-26.4809 2.36037 36.2509 -26.7371 2.49914 35.2945 -26.9733 2.6559 34.3356 
-27.2068 2.84127 33.3811 -27.457 3.0548 32.4369 -27.7446 3.29584 31.5103 
-28.0817 3.55413 30.6054 -28.4587 3.83055 29.7215 -28.8499 4.11869 28.8475 
-29.2403 4.4159 27.9761 -29.625 4.72353 27.1059 -30.0018 5.04396 26.2368 
-30.3627 5.37478 25.3649 -30.6784 5.71394 24.479 -30.937 6.0475 23.573 
-31.1341 6.36516 22.6456 -31.36 6.66203 21.7183 -31.6978 6.94516 20.8225 
-32.0899 7.23597 19.9498 -32.442 7.52692 19.0607 -32.7279 7.8034 18.1439 
-32.9261 8.04964 17.1961 -33.0344 8.25212 16.2236 -33.0332 8.39332 15.2352 
-32.9262 8.48004 14.2459 -32.7169 8.51035 13.2696 -32.4383 8.49053 12.31 
-32.1101 8.41883 11.3686 -31.7557 8.29348 10.4423 -31.4108 8.13889 9.51649 
-31.095 7.99136 8.57936 -30.8099 7.87431 7.62818 -30.5355 7.78657 6.67062 
-30.2606 7.72454 5.71119 -29.9823 7.67564 4.75194 -29.6958 7.63237 3.79485 
-29.4021 7.58432 2.84018 -29.101 7.5256 1.88843 -28.7925 7.45949 0.939498 
-28.4797 7.39102 -0.00782643 -28.1693 7.31989 -0.955778 -27.8565 7.24085 -1.90228 
-27.5261 7.14903 -2.84156 -27.1656 7.04733 -3.76868 -26.7782 6.94085 -4.68427 
-26.3367 6.81467 -5.57188 -25.8326 6.65002 -6.41865 -25.2446 6.42718 -7.19509 
-24.6098 6.1453 -7.91329 -23.9237 5.80687 -8.55456 -23.224 5.36415 -9.11203 
-22.5931 4.77479 -9.60893 -22.0947 4.04733 -10.0758 -21.6654 3.26986 -10.535 
-21.251 2.4954 -11.0129 -20.8364 1.7412 -11.5197 -20.3925 1.08306 -12.1237 
-19.9448 0.52818 -12.8231 -19.5311 0.0992166 -13.6203 -19.1978 -0.202415 -14.5114 
-18.9594 -0.452851 -15.4489 -18.798 -0.698766 -16.4043 -18.6818 -0.967196 -17.3604 
-18.596 -1.27702 -18.3072 -18.5172 -1.61823 -19.2437 -18.4375 -1.98383 -20.1711 
-18.3708 -2.35838 -21.0957 -18.3417 -2.72866 -22.0241 -18.3296 -3.08235 -22.9594 
-18.3347 -3.40996 -23.904 -18.3356 -3.70353 -24.8597 -18.2933 -3.93245 -25.8316 
-18.2073 -4.10384 -26.8125 -18.0596 -4.20098 -27.7957 -17.8274 -4.20182 -28.7656 
-17.5238 -4.0522 -29.7035 -17.3605 -3.6923 -30.6052 -26.5886 0.161583 37.2665 
-26.8646 0.252459 36.3096 -27.1294 0.350735 35.3503 -27.3954 0.447454 34.3913 
-27.6753 0.537461 33.4355 -27.9838 0.620458 32.488 -28.3153 0.69447 31.5475 
-28.6742 0.756782 30.6163 -29.0677 0.833771 29.7005 -29.4893 0.937726 28.7998 
-29.9252 1.08039 27.9114 -30.3643 1.26612 27.0326 -30.7948 1.48431 26.1569 
-31.1908 1.72942 25.2722 -31.5379 1.99502 24.3734 -31.8109 2.28964 23.4578 
-32.0349 2.60719 22.5367 -32.2317 2.95364 21.6197 -32.4416 3.32828 20.7167 
-32.6502 3.70739 19.8152 -32.82 4.06326 18.8969 -32.9117 4.36898 17.95 
-32.9303 4.62924 16.9855 -32.8726 4.83988 16.0101 -32.7641 5.01506 15.0318 
-32.6153 5.16198 14.0541 -32.4414 5.28703 13.0774 -32.2534 5.37975 12.0998 
-32.0718 5.42965 11.1179 -31.9187 5.43042 10.1298 -31.7868 5.41374 9.13875 
-31.6492 5.3992 8.14847 -31.4781 5.39767 7.16338 -31.2677 5.40859 6.18593 
-31.0285 5.42653 5.21521 -30.7599 5.45054 4.25233 -30.4697 5.4795 3.29585 
-30.1567 5.50635 2.3465 -29.8269 5.52605 1.40271 -29.5503 5.5363 0.652157 
-29.2672 5.54092 -0.0960676 -28.9102 5.53831 -1.03018 -28.5457 5.53074 -1.96133 
-28.161 5.51191 -2.88405 -27.7473 5.48006 -3.7937 -27.2734 5.44155 -4.67278 
-26.7301 5.37494 -5.50848 -26.093 5.2562 -6.26899 -25.4064 5.09268 -6.97645 
-24.6793 4.89163 -7.63215 -23.9115 4.66928 -8.23184 -23.1256 4.36006 -8.7641 
-22.4103 3.87484 -9.25253 -21.9075 3.13188 -9.68609 -21.4827 2.33664 -10.1179 
-21.0711 1.55984 -10.594 -20.6442 0.838596 -11.135 -20.1838 0.271459 -11.8152 
-19.7343 -0.212559 -12.5628 -19.3502 -0.53815 -13.4235 -19.0611 -0.770893 -14.3503 
-18.8748 -0.964312 -15.3131 -18.7503 -1.17314 -16.2827 -18.6726 -1.43026 -17.2458 
-18.6127 -1.72452 -18.1994 -18.5551 -2.05975 -19.1397 -18.4947 -2.42077 -20.0702 
-18.4484 -2.79779 -20.9952 -18.4159 -3.1727 -21.9216 -18.4157 -3.53134 -22.855 
-18.4321 -3.86526 -23.7973 -18.4381 -4.15458 -24.7542 -18.4208 -4.38697 -25.7262 
-18.372 -4.56534 -26.7087 -18.2792 -4.69576 -27.6951 -18.1178 -4.74369 -28.6794 
-17.9174 -4.66294 -29.6525 -17.8827 -4.39471 -30.6024 -26.6327 -0.522575 35.2241 
-26.8638 -0.485325 34.4591 -27.1697 -0.450572 33.5078 -27.4996 -0.42173 32.5642 
-27.8551 -0.395864 31.63 -28.2338 -0.363831 30.7052 -28.6486 -0.316828 29.7967 
-29.0921 -0.228027 28.9053 -29.5568 -0.0805055 28.0325 -30.0278 0.107098 27.1707 
-30.4893 0.338768 26.3145 -30.9274 0.593228 25.4525 -31.3165 0.860746 24.5716 
-31.6394 1.1507 23.6713 -31.8751 1.47266 22.7548 -32.0705 1.8157 21.8362 
-32.2609 2.19114 20.9292 -32.4618 2.58741 20.0333 -32.6389 2.96873 19.1264 
-32.7574 3.31253 18.1958 -32.7955 3.60843 17.2422 -32.7536 3.85803 16.2756 
-32.654 4.06783 15.3031 -32.517 4.24701 14.3291 -32.3529 4.39985 13.3546 
-32.174 4.52483 12.3788 -31.9924 4.61254 11.3995 -31.8284 4.66002 10.4144 
-31.7047 4.68057 9.42245 -31.5999 4.69783 8.42813 -31.4706 4.72409 7.43704 
-31.3015 4.75601 6.45213 -31.0877 4.79059 5.47599 -30.8414 4.82376 4.50746 
-30.5589 4.86226 3.54906 -30.2512 4.90294 2.59854 -29.9185 4.93614 1.65613 
-29.5652 4.96286 0.721061 -29.1907 4.97879 -0.206011 -28.8097 4.9845 -1.13058 
-28.4147 4.98262 -2.0492 -27.9991 4.96782 -2.95849 -27.5371 4.94414 -3.84457 
-27.0088 4.91044 -4.69196 -26.3874 4.84076 -5.46996 -25.682 4.72857 -6.16834 
-24.9128 4.58279 -6.78993 -24.1028 4.43852 -7.3575 -23.2577 4.29492 -7.87205 
-22.4256 4.09278 -8.37967 -21.7841 3.53339 -8.84013 -21.3334 2.72424 -9.21566 
-20.8953 1.94561 -9.66182 -20.4309 1.26594 -10.2218 -19.9502 0.720769 -10.9077 
-19.487 0.250862 -11.6574 -19.0475 -0.148209 -12.4616 -18.6726 -0.499614 -13.3175 
-18.4322 -0.805087 -14.2375 -18.2928 -1.13759 -15.1691 -18.2342 -1.53334 -16.0851 
-18.2075 -1.96357 -16.9873 -18.1978 -2.40764 -17.8832 -18.195 -2.86423 -18.7728 
-18.202 -3.33668 -19.6541 -18.2285 -3.81445 -20.5321 -18.285 -4.28407 -21.413 
-18.3699 -4.73102 -22.3034 -18.4884 -5.13331 -23.2109 -18.6299 -5.48728 -24.135 
-18.7851 -5.77584 -25.0793 -18.933 -6.00377 -26.0413 -19.0456 -6.1999 -27.0151 
-19.0941 -6.37023 -27.9987 -19.0827 -6.43017 -28.9946 -19.0619 -6.35781 -29.9902 
-19.0511 -6.18741 -30.9753 -26.5486 0.110905 37.2892 -26.7736 0.180496 36.5247 
-27.0413 0.276377 35.566 -27.3071 0.372265 34.6068 -27.5847 0.461144 33.6502 
-27.8866 0.543041 32.7004 -28.2161 0.615878 31.7592 -28.5674 0.679356 30.8253 
-28.9569 0.749794 29.907 -29.3744 0.845302 29.0035 -29.8099 0.97581 28.1131 
-30.2514 1.15127 27.2333 -30.6864 1.36369 26.3585 -31.0976 1.60076 25.4785 
-31.4581 1.86222 24.5835 -31.7554 2.14769 23.673 -31.9884 2.46112 22.7528 
-32.1908 2.79978 21.8341 -32.3983 3.17361 20.9301 -32.6103 3.55606 20.0308 
-32.7891 3.91917 19.117 -32.902 4.24049 18.1776 -32.9326 4.50987 17.2159 
-32.8934 4.73508 16.2429 -32.7909 4.9163 15.2651 -32.6496 5.07018 14.2873 
-32.479 5.20028 13.3108 -32.2932 5.30609 12.334 -32.1101 5.36527 11.3529 
-31.9489 5.37977 10.3663 -31.8169 5.36693 9.37522 -31.6882 5.35177 8.38369 
-31.5264 5.34992 7.39699 -31.3279 5.35949 6.41708 -31.0937 5.37799 5.44516 
-30.8339 5.40079 4.47985 -30.5471 5.43003 3.52237 -30.24 5.45955 2.57121 
-29.914 5.48243 1.62614 -29.5702 5.49766 0.687275 -29.2866 5.50417 -0.0607415 
-29.0006 5.50488 -0.807894 -28.6392 5.50005 -1.74027 -28.2624 5.48788 -2.66641 
-27.859 5.46175 -3.58081 -27.404 5.42824 -4.4701 -26.866 5.3667 -5.30978 
-26.2497 5.26386 -6.08883 -25.57 5.11001 -6.80502 -24.8512 4.9199 -7.47324 
-24.0893 4.70184 -8.08206 -23.2994 4.42999 -8.62916 -22.5587 3.99415 -9.12715 
-22.0042 3.30237 -9.57059 -21.5739 2.50678 -9.9962 -21.1657 1.71809 -10.4552 
-20.743 0.978237 -10.9766 -20.2908 0.364715 -11.6173 -19.8356 -0.133011 -12.353 
-19.4258 -0.501709 -13.183 -19.1206 -0.743658 -14.1022 -18.9077 -0.940758 -15.0583 
-18.7742 -1.14155 -16.0284 -18.6873 -1.38363 -16.9944 -18.6269 -1.67145 -17.95 
-18.5721 -1.99383 -18.8949 -18.5132 -2.34989 -19.8275 -18.4631 -2.72369 -20.7535 
-18.4286 -3.10028 -21.6793 -18.4193 -3.46441 -22.6104 -18.4351 -3.80538 -23.5502 
-18.4473 -4.10983 -24.5024 -18.4377 -4.35499 -25.4714 -18.4015 -4.54781 -26.4517 
-18.3227 -4.69085 -27.4377 -18.1865 -4.77096 -28.424 -17.9925 -4.72377 -29.4012 
-17.8761 -4.50994 -30.3643 -18.0319 -4.26554 -31.1017 -25.8306 3.06379 37.027 
-26.1646 3.17129 36.0908 -26.4497 3.29639 35.1408 -26.6932 3.45206 34.1838 
-26.9228 3.65001 33.231 -27.1619 3.88506 32.289 -27.4378 4.15634 31.3672 
-27.7655 4.44723 30.4688 -28.1417 4.75206 29.5939 -28.5317 5.06417 28.7276 
-28.9267 5.37888 27.8646 -29.3172 5.69909 27.0015 -29.6921 6.03213 26.1363 
-30.0438 6.36964 25.2633 -30.3459 6.7063 24.3717 -30.5925 7.0369 23.4613 
-30.8048 7.34858 22.5353 -31.111 7.62457 21.6268 -31.5534 7.87167 20.7661 
-32.0193 8.1257 19.9186 -32.4289 8.39002 19.0462 -32.7635 8.65071 18.1414 
-33.0075 8.89337 17.2034 -33.1567 9.09248 16.2358 -33.1792 9.22483 15.247 
-33.0866 9.30088 14.2556 -32.869 9.3165 13.2812 -32.5684 9.27328 12.3294 
-32.1966 9.16066 11.4085 -31.7933 8.99708 10.5086 -31.3965 8.80771 9.61052 
-31.0347 8.63717 8.69437 -30.7129 8.50099 7.75762 -30.4138 8.39202 6.80973 
-30.1274 8.30816 5.85533 -29.8419 8.23979 4.89943 -29.5531 8.17564 3.9442 
-29.2614 8.10514 2.99027 -28.9653 8.02342 2.03865 -28.6633 7.93828 1.08915 
-28.3595 7.85357 0.140191 -28.0001 7.74989 -1.00002 -27.6962 7.65514 -1.94793 
-27.3689 7.54348 -2.88618 -27.0187 7.42529 -3.8153 -26.6406 7.30559 -4.73318 
-26.226 7.17075 -5.63274 -25.7514 6.99447 -6.49369 -25.203 6.76252 -7.29564 
-24.5992 6.45133 -8.02834 -23.9473 6.06359 -8.67685 -23.2823 5.57108 -9.23532 
-22.667 4.97102 -9.74304 -22.1608 4.26126 -10.2303 -21.7213 3.50704 -10.7177 
-21.2976 2.75235 -11.2185 -20.866 2.01751 -11.7414 -20.4186 1.361 -12.3442 
-19.9673 0.790661 -13.0299 -19.5538 0.351835 -13.8222 -19.205 0.0235024 -14.6981 
-18.9489 -0.254082 -15.6232 -18.767 -0.521133 -16.5691 -18.6403 -0.812536 -17.517 
-18.5425 -1.13579 -18.4581 -18.4552 -1.49095 -19.3888 -18.3731 -1.86278 -20.3134 
-18.3071 -2.23865 -21.2376 -18.2817 -2.60719 -22.1667 -18.2812 -2.95663 -23.1036 
-18.2841 -3.28352 -24.0486 -18.2777 -3.56929 -25.0065 -18.2341 -3.79789 -25.9785 
-18.1327 -3.9542 -26.9601 -17.9639 -4.03816 -27.9409 -17.6807 -4.00259 -28.8964 
-17.3358 -3.81999 -29.8126 -17.1244 -3.40904 -30.6798 -26.437 0.748612 37.2229 
-26.6624 0.833164 36.4601 -26.9288 0.952315 35.5036 -27.1851 1.08215 34.5457 
-27.447 1.21393 33.5898 -27.7302 1.34769 32.6401 -28.0464 1.48547 31.7016 
-28.3963 1.62683 30.7757 -28.7827 1.78251 29.8668 -29.1942 1.96004 28.9729 
-29.613 2.15967 28.0871 -30.0293 2.38304 27.2058 -30.4356 2.63265 26.3269 
-30.8233 2.89769 25.4442 -31.1602 3.1795 24.5463 -31.4268 3.48072 23.6315 
-31.6115 3.79348 22.7004 -31.7509 4.1097 21.7621 -31.9433 4.44669 20.8415 
-32.1951 4.80402 19.9422 -32.4287 5.14868 19.0333 -32.6067 5.4584 18.1002 
-32.7012 5.71719 17.1397 -32.7169 5.92949 16.1635 -32.651 6.09346 15.1796 
-32.5302 6.2265 14.1963 -32.3575 6.33058 13.2171 -32.1462 6.39769 12.2423 
-31.9142 6.41572 11.2699 -31.6938 6.38118 10.2955 -31.5024 6.31713 9.31611 
-31.3237 6.25632 8.3341 -31.1315 6.21415 7.35375 -30.9144 6.18854 6.37803 
-30.6675 6.17994 5.40911 -30.4002 6.18033 4.44552 -30.1121 6.18294 3.48796 
-29.8082 6.18163 2.53532 -29.4854 6.1724 1.58893 -29.1498 6.15277 0.647129 
-28.9451 6.136 0.0833969 -28.6707 6.11125 -0.667658 -28.3242 6.0773 -1.60512 
-27.9673 6.03399 -2.53818 -27.5868 5.97941 -3.46116 -27.155 5.9156 -4.36049 
-26.6638 5.83036 -5.22643 -26.0767 5.7031 -6.02476 -25.4173 5.52993 -6.75445 
-24.6943 5.3222 -7.41234 -23.9137 5.11575 -8.00035 -23.0937 4.91193 -8.53497 
-22.2861 4.32696 -9.10392 -21.8567 3.51208 -9.47703 -21.4595 2.68092 -9.86599 
-21.0741 1.85992 -10.2866 -20.6538 1.12209 -10.8079 -20.2008 0.504077 -11.4465 
-19.7464 -0.0123775 -12.1699 -19.3292 -0.40615 -12.9858 -19.003 -0.697456 -13.883 
-18.7829 -0.931549 -14.8285 -18.6512 -1.16271 -15.7919 -18.5686 -1.43541 -16.7501 
-18.5143 -1.74846 -17.6982 -18.4685 -2.09087 -18.6365 -18.4203 -2.46497 -19.5626 
-18.3751 -2.85791 -20.481 -18.3475 -3.25503 -21.3983 -18.3449 -3.64405 -22.3195 
-18.3666 -4.00725 -23.2508 -18.3945 -4.33503 -24.1949 -18.4128 -4.59998 -25.1586 
-18.403 -4.81051 -26.1357 -18.3547 -4.97992 -27.1199 -18.2565 -5.10705 -28.1061 
-18.0933 -5.12567 -29.0905 -17.9399 -5.00251 -30.0681 -18.0364 -4.74356 -31.014 
-26.1891 -1.74271 35.3257 -26.3976 -1.77365 34.764 -26.7643 -1.85941 33.838 
-27.1656 -1.97693 32.9298 -27.598 -2.07563 32.0337 -28.0495 -2.13129 31.1436 
-28.5144 -2.10435 30.2595 -28.9851 -1.99548 29.3848 -29.4498 -1.77896 28.5274 
-29.9097 -1.49104 27.6876 -30.3755 -1.175 26.8611 -30.8373 -0.844425 26.0381 
-31.2721 -0.510315 25.2021 -31.6585 -0.173259 24.344 -31.9861 0.174652 23.4659 
-32.2574 0.543144 22.5772 -32.4836 0.947619 21.6911 -32.7018 1.36367 20.8083 
-32.9044 1.77121 19.9181 -33.0651 2.1538 19.0087 -33.1371 2.4968 18.073 
-33.1301 2.80326 17.122 -33.0393 3.05996 16.1603 -32.9051 3.27506 15.1933 
-32.7479 3.45914 14.2231 -32.5843 3.62435 13.2505 -32.4206 3.76729 12.2745 
-32.2669 3.88323 11.2933 -32.1374 3.96955 10.3056 -32.0387 4.03277 9.31264 
-31.9525 4.08493 8.31775 -31.8414 4.14287 7.32578 -31.687 4.20648 6.34 
-31.4883 4.27272 5.36238 -31.2502 4.33887 4.39352 -30.985 4.40536 3.43165 
-30.694 4.48237 2.47812 -30.3793 4.56347 1.53246 -30.0377 4.63454 0.595383 
-29.6754 4.69176 -0.334881 -29.2972 4.73947 -1.25932 -28.9094 4.77399 -2.18037 
-28.4966 4.79751 -3.09075 -28.0427 4.81223 -3.98136 -27.5147 4.807 -4.82948 
-26.911 4.766 -5.62431 -26.2329 4.66811 -6.35133 -25.5114 4.52134 -7.02749 
-24.7635 4.33723 -7.66478 -23.9872 4.12502 -8.2574 -23.2004 3.81823 -8.78873 
-22.4874 3.32651 -9.27419 -21.9469 2.62835 -9.73827 -21.5022 1.86621 -10.2079 
-21.0625 1.13683 -10.7313 -20.6175 0.462029 -11.3153 -20.149 -0.0530241 -12.0315 
-19.7146 -0.454796 -12.8325 -19.3661 -0.705554 -13.7333 -19.1133 -0.88726 -14.6819 
-18.9487 -1.04965 -15.6546 -18.8387 -1.2426 -16.6292 -18.7655 -1.48242 -17.5969 
-18.708 -1.76499 -18.5543 -18.6477 -2.08803 -19.4986 -18.5876 -2.43758 -20.4335 
-18.5495 -2.80019 -21.3647 -18.5275 -3.15391 -22.2997 -18.5379 -3.49056 -23.2412 
-18.5605 -3.80271 -24.1908 -18.5594 -4.06395 -25.1556 -18.5288 -4.26855 -26.1336 
-18.4639 -4.41857 -27.1197 -18.3489 -4.50729 -28.1083 -18.1749 -4.47792 -29.0904 
-18.0318 -4.29263 -30.0588 -18.2051 -4.12152 -30.886 -26.4131 1.5431 37.1857 
-26.5791 1.61584 36.6138 -26.8389 1.74421 35.6567 -27.0807 1.88707 34.697 
-27.3215 2.04413 33.7392 -27.5778 2.21709 32.7883 -27.8675 2.40779 31.8506 
-28.2007 2.61378 30.9308 -28.5735 2.8361 30.0301 -28.9707 3.07778 29.1448 
-29.3707 3.33202 28.2643 -29.7645 3.60093 27.3854 -30.149 3.88973 26.5086 
-30.5196 4.19273 25.6307 -30.8554 4.50859 24.7436 -31.1268 4.83378 23.8384 
-31.3081 5.15272 22.9086 -31.4601 5.46171 21.9697 -31.6733 5.76771 21.0433 
-31.9833 6.08774 20.1487 -32.2975 6.41125 19.2564 -32.5592 6.71346 18.3404 
-32.7348 6.97196 17.3914 -32.8262 7.18639 16.4198 -32.8237 7.34827 15.4339 
-32.7337 7.46205 14.4457 -32.5529 7.52765 13.4649 -32.3115 7.55058 12.4953 
-32.0236 7.51509 11.5388 -31.7276 7.42709 10.5879 -31.4533 7.31261 9.63317 
-31.2072 7.20189 8.67034 -30.9717 7.11692 7.70231 -30.7267 7.05804 6.73464 
-30.4669 7.02058 5.76976 -30.195 6.99545 4.80778 -29.912 6.97307 3.84894 
-29.6164 6.94757 2.89398 -29.3079 6.91272 1.94344 -28.9892 6.86673 0.996695 
-28.664 6.81466 0.0524903 -28.3385 6.76043 -0.891486 -28.0098 6.69821 -1.83387 
-27.6655 6.62519 -2.76977 -27.2908 6.54274 -3.69309 -26.8782 6.45237 -4.5992 
-26.3973 6.33745 -5.46731 -25.8409 6.18155 -6.28209 -25.1953 5.97199 -7.01536 
-24.4931 5.72854 -7.68298 -23.726 5.47849 -8.27228 -22.9342 5.18669 -8.80804 
-22.3165 4.61445 -9.26498 -21.9174 3.77904 -9.64283 -21.5351 2.94178 -10.0335 
-21.1525 2.12072 -10.4565 -20.7521 1.34528 -10.9407 -20.313 0.682434 -11.5419 
-19.86 0.138163 -12.2468 -19.4354 -0.285999 -13.0424 -19.1047 -0.577805 -13.937 
-18.8745 -0.809082 -14.881 -18.7314 -1.03097 -15.8452 -18.6362 -1.28691 -16.8068 
-18.5713 -1.58472 -17.759 -18.5145 -1.91769 -18.7001 -18.4539 -2.28027 -19.63 
-18.3993 -2.6627 -20.5523 -18.3615 -3.05 -21.4735 -18.3449 -3.42711 -22.3994 
-18.3585 -3.78158 -23.3342 -18.3719 -4.10222 -24.2811 -18.3669 -4.36198 -25.2464 
-18.3375 -4.57123 -26.2234 -18.2661 -4.72878 -27.208 -18.1378 -4.83378 -28.1933 
-17.9392 -4.82312 -29.1709 -17.7733 -4.64042 -30.1351 -17.8925 -4.33856 -31.051 
-25.8428 4.89779 34.938 -26.1635 4.93614 33.9938 -26.4117 5.08543 33.0374 
-26.6482 5.30036 32.0902 -26.9134 5.56049 31.1621 -27.2281 5.83764 30.2546 
-27.6003 6.12674 29.3729 -28.0096 6.41712 28.508 -28.4319 6.70868 27.6498 
-28.8419 7.00725 26.788 -29.2221 7.31186 25.9148 -29.5689 7.62008 25.0292 
-29.8625 7.92726 24.1243 -30.1042 8.22867 23.2022 -30.3472 8.50478 22.2733 
-30.7274 8.73002 21.3825 -31.3115 8.91502 20.5939 -31.8793 9.11771 19.7967 
-32.3555 9.34946 18.9495 -32.757 9.58972 18.0667 -33.0604 9.82606 17.1447 
-33.2624 10.0272 16.1877 -33.3183 10.1598 15.201 -33.2296 10.2224 14.209 
-32.9888 10.2113 13.2405 -32.6559 10.1383 12.3013 -32.2366 9.98383 11.4077 
-31.7802 9.78149 10.5415 -31.3264 9.5581 9.67897 -30.9059 9.34882 8.79643 
-30.5367 9.1744 7.88418 -30.2097 9.03243 6.95009 -29.9118 8.92082 6.00208 
-29.6187 8.8241 5.05094 -29.3265 8.7318 4.09903 -29.0333 8.63265 3.14813 
-28.7354 8.52584 2.19955 -28.4333 8.41688 1.25252 -28.1342 8.31047 0.304249 
-27.7805 8.18189 -0.835175 -27.4781 8.06199 -1.78074 -27.1526 7.92287 -2.71592 
-26.8056 7.78075 -3.64293 -26.4367 7.6385 -4.56137 -26.0338 7.48176 -5.46273 
-25.5612 7.28507 -6.32012 -25.0035 7.02753 -7.10659 -24.3568 6.70326 -7.79479 
-23.6448 6.32955 -8.38729 -22.9135 5.90475 -8.91948 -22.4079 5.20079 -9.3369 
-22.057 4.33989 -9.70474 -21.6843 3.49522 -10.0888 -21.3081 2.66658 -10.5029 
-20.9284 1.85233 -10.9418 -20.5083 1.13883 -11.4931 -20.0585 0.528347 -12.1439 
-19.6248 0.0485077 -12.9019 -19.2484 -0.303699 -13.7552 -18.972 -0.568034 -14.678 
-18.7916 -0.802925 -15.6323 -18.6742 -1.05296 -16.5931 -18.5917 -1.34002 -17.5472 
-18.5254 -1.66781 -18.4896 -18.4581 -2.02294 -19.4219 -18.3889 -2.40052 -20.3452 
-18.3391 -2.78698 -21.2661 -18.3096 -3.16424 -22.1917 -18.3076 -3.52431 -23.1245 
-18.3174 -3.85242 -24.0688 -18.3084 -4.13653 -25.0273 -18.2677 -4.35497 -26.0019 
-18.1944 -4.52431 -26.9844 -18.0599 -4.63203 -27.9684 -17.8512 -4.65037 -28.9444 
-17.6309 -4.48724 -29.9014 -17.5961 -4.14157 -30.8265 -26.0647 2.50121 37.0021 
-26.3105 2.59905 36.2472 -26.577 2.73617 35.2934 -26.8155 2.89206 34.3349 
-27.0456 3.08059 33.3803 -27.2897 3.29931 32.4356 -27.5692 3.54833 31.5086 
-27.8995 3.81732 30.6044 -28.2771 4.10488 29.7243 -28.6686 4.40029 28.8529 
-29.0622 4.70327 27.985 -29.4497 5.01548 27.1176 -29.8274 5.33948 26.2502 
-30.1848 5.67235 25.3777 -30.4935 6.0102 24.4889 -30.7437 6.34317 23.5802 
-30.9421 6.66028 22.6531 -31.1776 6.94832 21.7258 -31.5402 7.21713 20.8349 
-31.9567 7.48979 19.9678 -32.3355 7.77288 19.0872 -32.6464 8.04459 18.1771 
-32.8738 8.29136 17.236 -33.0168 8.50089 16.2696 -33.0339 8.64241 15.2816 
-32.9359 8.72569 14.2913 -32.7251 8.74896 13.3154 -32.4377 8.71889 12.3588 
-32.0867 8.62324 11.4279 -31.7125 8.47643 10.5125 -31.3543 8.30802 9.59427 
-31.0321 8.15684 8.6601 -30.7428 8.03928 7.71024 -30.4647 7.94887 6.75398 
-30.1875 7.87915 5.79574 -29.906 7.82406 4.83776 -29.6171 7.77187 3.88187 
-29.3228 7.71434 2.92791 -29.0223 7.64635 1.97654 -28.7146 7.57203 1.02796 
-28.4025 7.49605 0.0809682 -28.0313 7.40122 -1.05622 -27.7173 7.3135 -2.00156 
-27.38 7.21094 -2.93723 -27.0177 7.1013 -3.86276 -26.6218 6.98619 -4.77369 
-26.1744 6.84947 -5.65659 -25.6493 6.66608 -6.48584 -25.0464 6.43391 -7.248 
-24.3749 6.14368 -7.92838 -23.6483 5.81602 -8.52995 -22.929 5.3699 -9.05404 
-22.347 4.71727 -9.51834 -21.9276 3.9087 -9.93 -21.5368 3.08641 -10.3434 
-21.1453 2.28062 -10.7876 -20.7531 1.49552 -11.2621 -20.3076 0.852955 -11.8829 
-19.8604 0.293903 -12.578 -19.4461 -0.121114 -13.3849 -19.114 -0.422215 -14.276 
-18.8927 -0.661484 -15.2207 -18.7467 -0.896793 -16.1812 -18.6463 -1.16203 -17.1399 
-18.5724 -1.46858 -18.0886 -18.5047 -1.81044 -19.0258 -18.4319 -2.17434 -19.9544 
-18.3724 -2.55602 -20.8767 -18.3345 -2.93644 -21.8007 -18.3157 -3.30054 -22.7317 
-18.3228 -3.64251 -23.6712 -18.3237 -3.94395 -24.6244 -18.2924 -4.18807 -25.5931 
-18.2273 -4.37347 -26.5732 -18.122 -4.51047 -27.5576 -17.9417 -4.56703 -28.5379 
-17.6928 -4.4945 -29.5005 -17.5565 -4.21183 -30.4371 -26.3637 0.396205 37.0432 
-26.6519 0.492638 36.0906 -26.9222 0.601704 35.1341 -27.1886 0.717201 34.1772 
-27.4662 0.832126 33.2234 -27.7736 0.945925 32.2787 -28.1124 1.05999 31.3449 
-28.4839 1.17603 30.4239 -28.887 1.30938 29.5187 -29.3135 1.47095 28.6288 
-29.7453 1.65826 27.7467 -30.1729 1.87733 26.8697 -30.5865 2.11655 25.9913 
-30.9658 2.37451 25.103 -31.289 2.65121 24.1986 -31.5192 2.95463 23.2748 
-31.6837 3.27207 22.3412 -31.8297 3.60522 21.4098 -32.0273 3.96373 20.4981 
-32.2624 4.33633 19.6005 -32.4648 4.68411 18.6855 -32.6049 4.98961 17.7443 
-32.6737 5.25156 16.7826 -32.6504 5.45833 15.8051 -32.5661 5.62807 14.8237 
-32.4251 5.76457 13.8434 -32.243 5.87383 12.8664 -32.0356 5.94277 11.8908 
-31.8267 5.96121 10.9134 -31.6435 5.93203 9.93091 -31.4871 5.88762 8.94425 
-31.3279 5.8518 7.95773 -31.1409 5.83161 6.9757 -30.9203 5.82529 6.00046 
-30.6718 5.82923 5.03192 -30.3965 5.83988 4.07068 -30.101 5.85061 3.11547 
-29.7862 5.85574 2.16635 -29.4534 5.8533 1.22339 -29.1769 5.84336 0.472775 
-28.8259 5.8227 -0.463383 -28.4715 5.79879 -1.39814 -28.1063 5.76669 -2.32849 
-27.722 5.72301 -3.25055 -27.285 5.67092 -4.14806 -26.7919 5.60172 -5.01467 
-26.1998 5.49167 -5.81115 -25.5298 5.33673 -6.53535 -24.792 5.14931 -7.18303 
-24.0109 4.96426 -7.77837 -23.1775 4.80597 -8.30768 -22.427 4.50175 -8.80229 
-21.9686 3.73304 -9.17769 -21.568 2.89221 -9.53851 -21.1678 2.07403 -9.95083 
-20.7647 1.28994 -10.4165 -20.3075 0.651314 -11.0323 -19.846 0.110435 -11.7334 
-19.4093 -0.318029 -12.5215 -19.0312 -0.655429 -13.3825 -18.7747 -0.911848 -14.3126 
-18.6101 -1.14932 -15.2691 -18.5224 -1.42668 -16.2256 -18.4678 -1.7437 -17.1721 
-18.4313 -2.09342 -18.1082 -18.3972 -2.46942 -19.0341 -18.3641 -2.87019 -19.9496 
-18.34 -3.28122 -20.8609 -18.3436 -3.69 -21.7734 -18.3671 -4.08231 -22.6929 
-18.4144 -4.43973 -23.6254 -18.4681 -4.74568 -24.5755 -18.4997 -4.9869 -25.545 
-18.501 -5.18174 -26.5257 -18.4607 -5.34294 -27.5113 -18.3681 -5.45175 -28.5 
-18.2431 -5.42436 -29.4888 -18.1954 -5.243 -30.4673 -18.296 -5.03516 -31.2313 
-26.7088 -0.978757 35.0974 -27.0112 -0.998296 34.1446 -27.3438 -1.04076 33.2025 
-27.7036 -1.0892 32.2709 -28.0952 -1.1291 31.3517 -28.5102 -1.15295 30.4424 
-28.9592 -1.12319 29.5501 -29.4283 -0.996224 28.6773 -29.9052 -0.781662 27.8255 
-30.3802 -0.519131 26.9857 -30.8405 -0.231099 26.146 -31.2683 0.0671537 25.293 
-31.6439 0.379092 24.4207 -31.9582 0.707538 23.5306 -32.2017 1.0644 22.629 
-32.4225 1.4502 21.7332 -32.6382 1.85399 20.8442 -32.8396 2.2534 19.9501 
-32.9862 2.62228 19.033 -33.0573 2.95212 18.0924 -33.0409 3.236 17.1346 
-32.9503 3.47092 16.1674 -32.8184 3.67067 15.1966 -32.6656 3.84666 14.2242 
-32.4998 3.9994 13.2499 -32.3308 4.13179 12.2733 -32.1671 4.23294 11.2921 
-32.025 4.30057 10.3048 -31.9155 4.34023 9.31169 -31.8177 4.37599 8.31715 
-31.6965 4.41922 7.3256 -31.5317 4.46803 6.34073 -31.3224 4.51966 5.36435 
-31.0781 4.57043 4.39608 -30.8033 4.6236 3.43616 -30.504 4.68486 2.48401 
-30.1798 4.74433 1.53999 -29.8335 4.79307 0.603222 -29.4643 4.83148 -0.325322 
-29.0861 4.86103 -1.25056 -28.6966 4.87644 -2.1714 -28.2841 4.88459 -3.08226 
-27.8283 4.87889 -3.97196 -27.3021 4.86039 -4.82069 -26.6851 4.80258 -5.60362 
-25.9965 4.69827 -6.32022 -25.2563 4.54604 -6.97455 -24.4836 4.37076 -7.58385 
-23.6651 4.17303 -8.12192 -22.8458 3.90988 -8.62912 -22.1769 3.34684 -9.08369 
-21.6806 2.58402 -9.49011 -21.2474 1.80338 -9.94018 -20.8196 1.04585 -10.4317 
-20.3581 0.420634 -11.0568 -19.8939 -0.103642 -11.7685 -19.4629 -0.50976 -12.5708 
-19.1014 -0.810147 -13.4514 -18.8547 -1.03243 -14.3933 -18.7004 -1.23689 -15.3594 
-18.6122 -1.48051 -16.3249 -18.5543 -1.76433 -17.2817 -18.5159 -2.09014 -18.2263 
-18.4781 -2.44585 -19.16 -18.441 -2.82758 -20.0835 -18.4108 -3.21969 -21.0028 
-18.4085 -3.6099 -21.9235 -18.427 -3.98375 -22.8507 -18.4636 -4.32308 -23.7905 
-18.5023 -4.61478 -24.7458 -18.5187 -4.84417 -25.7186 -18.5015 -5.0282 -26.7011 
-18.4424 -5.17747 -27.6878 -18.3283 -5.25297 -28.6768 -18.1906 -5.18879 -29.6626 
-18.1694 -4.97544 -30.6348 -18.3405 -4.80101 -31.382 -26.3224 -1.823 34.9447 
-26.6854 -1.90585 34.0171 -27.0856 -2.03038 33.1093 -27.5187 -2.13629 32.2144 
-27.9755 -2.18336 31.3266 -28.4405 -2.16451 30.4421 -28.9101 -2.04489 29.5684 
-29.3723 -1.82311 28.7108 -29.8325 -1.53433 27.8717 -30.2982 -1.21736 27.0454 
-30.7578 -0.884141 26.2223 -31.1915 -0.550587 25.3853 -31.5791 -0.215146 24.527 
-31.9119 0.130234 23.65 -32.1732 0.498942 22.7584 -32.3999 0.89439 21.8685 
-32.6137 1.30956 20.9842 -32.818 1.71902 20.0951 -32.9712 2.09708 19.1829 
-33.0557 2.44082 18.2482 -33.0462 2.74038 17.2951 -32.9581 2.99281 16.3322 
-32.8226 3.20593 15.3647 -32.6693 3.39717 14.3953 -32.5047 3.5642 13.4232 
-32.3381 3.70771 12.4478 -32.1773 3.81841 11.4672 -32.0373 3.89894 10.4804 
-31.9344 3.95462 9.48742 -31.8451 4.00939 8.49294 -31.7352 4.07118 7.50101 
-31.5845 4.13572 6.51477 -31.3839 4.19983 5.53736 -31.1468 4.26076 4.56793 
-30.8757 4.32112 3.60737 -30.5794 4.39122 2.65493 -30.2564 4.46057 1.71116 
-29.9074 4.51736 0.775833 -29.5348 4.56311 -0.150948 -29.0678 4.60042 -1.25566 
-28.6612 4.61627 -2.16906 -28.2239 4.62143 -3.06817 -27.7332 4.61388 -3.9388 
-27.1626 4.58956 -4.75807 -26.5084 4.52699 -5.51024 -25.7747 4.41735 -6.17909 
-24.9951 4.28078 -6.7897 -24.1732 4.13477 -7.33971 -23.3302 3.96312 -7.84905 
-22.5063 3.70081 -8.33617 -21.8244 3.15281 -8.78973 -21.3249 2.39057 -9.19932 
-20.8618 1.64857 -9.68149 -20.3828 1.018 -10.2868 -19.9021 0.485889 -10.983 
-19.4433 0.039571 -11.7499 -19.0141 -0.344681 -12.5665 -18.6696 -0.67451 -13.4429 
-18.4357 -0.965709 -14.3694 -18.3201 -1.2966 -15.3049 -18.2614 -1.67796 -16.2271 
-18.2403 -2.09951 -17.1335 -18.2323 -2.53257 -18.0348 -18.2331 -2.98364 -18.9272 
-18.2443 -3.44807 -19.8127 -18.277 -3.91723 -20.6951 -18.3378 -4.37568 -21.5816 
-18.4296 -4.80676 -22.479 -18.5491 -5.19987 -23.3904 -18.6947 -5.5363 -24.3205 
-18.8502 -5.81633 -25.2673 -18.9938 -6.03005 -26.2334 -19.0984 -6.22483 -27.2083 
-19.1281 -6.37711 -28.1953 -19.1103 -6.41795 -29.1922 -19.0949 -6.31338 -30.1852 
-19.0901 -6.12969 -31.1679 -25.7976 2.92058 37.1285 -26.0653 3.01028 36.3801 
-26.3586 3.13489 35.4324 -26.6102 3.28165 34.4761 -26.8397 3.46564 33.5204 
-27.0751 3.68549 32.5739 -27.3388 3.94216 31.6445 -27.6546 4.22514 30.739 
-28.0185 4.52124 29.8562 -28.4071 4.82607 28.9867 -28.8016 5.13815 28.1225 
-29.1943 5.45367 27.2586 -29.5752 5.78053 26.3937 -29.9351 6.11527 25.5229 
-30.255 6.45022 24.637 -30.5156 6.78202 23.7309 -30.7195 7.10102 22.8056 
-30.9496 7.39162 21.8786 -31.3431 7.64393 20.9967 -31.8037 7.89269 20.1448 
-32.2234 8.16048 19.2779 -32.5821 8.42619 18.3836 -32.8529 8.67508 17.4545 
-33.0397 8.89288 16.4977 -33.1054 9.04732 15.5136 -33.0474 9.14 14.5217 
-32.8592 9.17129 13.5413 -32.5788 9.14182 12.5834 -32.2229 9.04502 11.6548 
-31.8246 8.89005 10.751 -31.4306 8.70742 9.85028 -31.0669 8.53139 8.93583 
-30.7427 8.38413 8.00159 -30.4453 8.2669 7.0542 -30.1611 8.1768 6.09973 
-29.8794 8.10217 5.14316 -29.5918 8.03829 4.18753 -29.3002 7.97116 3.23336 
-29.0038 7.89324 2.28147 -28.7004 7.80867 1.33239 -28.3916 7.72338 0.385089 
-28.0243 7.61923 -0.752541 -27.7156 7.52512 -1.69901 -27.389 7.41685 -2.63785 
-27.0375 7.29891 -3.56652 -26.6564 7.17773 -4.48288 -26.2344 7.04373 -5.37914 
-25.7478 6.87132 -6.23437 -25.1721 6.64647 -7.01859 -24.5245 6.36174 -7.72334 
-23.8095 6.0465 -8.34558 -23.0677 5.64668 -8.88188 -22.455 5.03706 -9.3475 
-22.0403 4.22231 -9.749 -21.6574 3.38662 -10.1427 -21.2754 2.56539 -10.5661 
-20.8902 1.75866 -11.014 -20.4632 1.06308 -11.5832 -20.0127 0.46439 -12.2445 
-19.5827 0.000541812 -13.0145 -19.2156 -0.335831 -13.8787 -18.9571 -0.590879 -14.8091 
-18.7849 -0.82394 -15.7655 -18.6716 -1.07515 -16.7266 -18.5909 -1.36685 -17.6794 
-18.5245 -1.69741 -18.6207 -18.4552 -2.05473 -19.5521 -18.3884 -2.43198 -20.4757 
-18.3421 -2.81723 -21.3973 -18.315 -3.1906 -22.3245 -18.314 -3.54686 -23.2588 
-18.3227 -3.86713 -24.2058 -18.3085 -4.14258 -25.1666 -18.2617 -4.35259 -26.1429 
-18.1808 -4.51445 -27.126 -18.0394 -4.61418 -28.1101 -17.8193 -4.61361 -29.0831 
-17.6105 -4.42761 -30.0369 -17.6366 -4.05254 -30.9487 -26.5084 -0.898117 34.9087 
-26.6948 -0.888397 34.3384 -27.0279 -0.88929 33.3956 -27.3843 -0.893257 32.4613 
-27.7644 -0.893099 31.5365 -28.1688 -0.87759 30.6222 -28.6042 -0.830429 29.7235 
-29.0637 -0.725964 28.8422 -29.5381 -0.547493 27.9805 -30.0145 -0.325904 27.1298 
-30.4804 -0.0737254 26.2818 -30.918 0.195717 25.4242 -31.3087 0.473869 24.5472 
-31.6361 0.773362 23.6516 -31.8748 1.10166 22.7382 -32.0692 1.45106 21.8218 
-32.2563 1.83504 20.9177 -32.4538 2.23539 20.0229 -32.6285 2.61954 19.1167 
-32.7463 2.96897 18.1879 -32.7735 3.26835 17.2352 -32.7253 3.52517 16.2706 
-32.6187 3.74195 15.3005 -32.4782 3.92859 14.3284 -32.3144 4.08801 13.3549 
-32.1378 4.21844 12.3794 -31.9583 4.31198 11.4002 -31.7951 4.3687 10.4155 
-31.6739 4.40196 9.42355 -31.575 4.43338 8.42898 -31.4539 4.47292 7.43728 
-31.2929 4.5161 6.45146 -31.0845 4.55888 5.47451 -30.8411 4.59841 4.50551 
-30.5598 4.64243 3.54699 -30.2521 4.68894 2.59668 -29.9181 4.7276 1.655 
-29.5618 4.75956 0.72121 -29.1824 4.7796 -0.203734 -28.7942 4.78759 -1.12526 
-28.3892 4.78721 -2.03951 -27.9614 4.77275 -2.94319 -27.4845 4.75033 -3.82127 
-26.9383 4.71739 -4.6572 -26.2967 4.65039 -5.41875 -25.5736 4.54412 -6.09995 
-24.7865 4.41042 -6.70131 -23.9627 4.27999 -7.25244 -23.1148 4.13456 -7.76203 
-22.2715 3.95202 -8.26555 -21.606 3.42323 -8.74185 -21.1229 2.64997 -9.14969 
-20.6628 1.91338 -9.63695 -20.1693 1.32523 -10.2724 -19.6843 0.838136 -10.9981 
-19.2232 0.416501 -11.7778 -18.7945 0.048055 -12.6019 -18.4373 -0.279553 -13.4751 
-18.216 -0.611369 -14.3896 -18.1118 -1.01489 -15.2972 -18.0809 -1.48882 -16.1769 
-18.0704 -1.98228 -17.0466 -18.0699 -2.47692 -17.9157 -18.0752 -2.97784 -18.7811 
-18.0945 -3.49115 -19.639 -18.1355 -4.00896 -20.4935 -18.2125 -4.51407 -21.3529 
-18.322 -4.99265 -22.2239 -18.4681 -5.42429 -23.1136 -18.6469 -5.80479 -24.0205 
-18.8548 -6.12325 -24.9448 -19.0747 -6.3886 -25.8834 -19.2585 -6.61354 -26.8399 
-19.3703 -6.80731 -27.8135 -19.3569 -6.90598 -28.806 -19.2798 -6.88167 -29.8007 
-19.199 -6.74529 -30.7877 -26.6304 -1.1399 34.9063 -26.8833 -1.1622 34.1478 
-27.2303 -1.21078 33.2114 -27.6026 -1.26021 32.2846 -28.0047 -1.29516 31.3698 
-28.43 -1.30389 30.465 -28.883 -1.25812 29.5754 -29.3518 -1.1221 28.7035 
-29.8294 -0.899147 27.8543 -30.3056 -0.63377 27.016 -30.7678 -0.343481 26.1782 
-31.197 -0.0439491 25.3263 -31.5748 0.266668 24.4544 -31.8939 0.593605 23.5654 
-32.1385 0.946815 22.6628 -32.3512 1.33065 21.7644 -32.5613 1.73369 20.8736 
-32.7608 2.13444 19.9795 -32.9127 2.50718 19.0648 -32.9909 2.83978 18.1259 
-32.9729 3.1222 17.1674 -32.8934 3.36732 16.2016 -32.7641 3.57205 15.2316 
-32.6127 3.75318 14.26 -32.4465 3.90815 13.2862 -32.2759 4.0372 12.3094 
-32.1127 4.13125 11.3274 -31.9733 4.19139 10.3392 -31.8693 4.23254 9.34556 
-31.7756 4.27358 8.35084 -31.6501 4.3229 7.36012 -31.4851 4.37564 6.37542 
-31.2715 4.42868 5.40008 -31.0232 4.47886 4.43285 -30.7418 4.53301 3.47483 
-30.437 4.59298 2.52436 -30.1056 4.64681 1.5825 -29.75 4.69019 0.648922 
-29.3747 4.72386 -0.277316 -28.988 4.74333 -1.19927 -28.5873 4.75324 -2.1154 
-28.1646 4.75427 -3.02157 -27.6984 4.74252 -3.90559 -27.1554 4.71868 -4.7436 
-26.5203 4.65585 -5.51143 -25.8095 4.55096 -6.20556 -25.0408 4.40763 -6.82834 
-24.2358 4.25595 -7.40108 -23.3962 4.09199 -7.91854 -22.5621 3.86514 -8.41296 
-21.9139 3.27648 -8.85977 -21.4226 2.50609 -9.26031 -20.9747 1.74299 -9.72456 
-20.5146 1.04953 -10.2745 -20.0391 0.495471 -10.956 -19.5765 0.0150451 -11.6996 
-19.1446 -0.380523 -12.5088 -18.7817 -0.717251 -13.3757 -18.5493 -0.991365 -14.3079 
-18.4069 -1.28035 -15.2535 -18.3425 -1.62906 -16.1882 -18.3107 -2.01427 -17.1103 
-18.296 -2.41977 -18.0242 -18.2873 -2.84404 -18.9296 -18.2859 -3.28595 -19.8267 
-18.3028 -3.73513 -20.7199 -18.3467 -4.17685 -21.6158 -18.4158 -4.59733 -22.5203 
-18.5148 -4.9776 -23.4396 -18.6281 -5.30839 -24.3762 -18.7433 -5.56708 -25.3348 
-18.8403 -5.77904 -26.307 -18.8909 -5.96727 -27.2877 -18.8956 -6.12152 -28.2748 
-18.8652 -6.13836 -29.2722 -18.8643 -6.02476 -30.264 -18.9012 -5.83274 -31.2441 
-26.6485 -1.16626 34.2417 -26.9958 -1.18879 33.3044 -27.3726 -1.21358 32.3785 
-27.7691 -1.22714 31.4606 -28.1907 -1.2152 30.5541 -28.6367 -1.16523 29.6608 
-29.1043 -1.04168 28.7864 -29.5826 -0.848893 27.93 -30.0607 -0.604767 27.0864 
-30.5283 -0.336883 26.2441 -30.972 -0.0551072 25.3936 -31.3748 0.23281 24.5252 
-31.7004 0.544843 23.6333 -31.9564 0.877995 22.7263 -32.1609 1.23669 21.8157 
-32.3542 1.62864 20.9163 -32.553 2.03244 20.0234 -32.7286 2.42006 19.1189 
-32.8311 2.76498 18.1866 -32.8608 3.0714 17.2362 -32.7997 3.32843 16.2722 
-32.6864 3.54728 15.3034 -32.5408 3.73586 14.3322 -32.3777 3.8994 13.3594 
-32.2047 4.03647 12.3841 -32.0317 4.13927 11.4046 -31.8781 4.20352 10.4189 
-31.761 4.24489 9.42677 -31.664 4.28487 8.43229 -31.5518 4.33167 7.43982 
-31.3925 4.38222 6.45412 -31.19 4.43253 5.47629 -30.9481 4.47906 4.50721 
-30.6744 4.5277 3.54672 -30.3702 4.5829 2.59579 -30.0439 4.63443 1.65197 
-29.6904 4.67489 0.71751 -29.3163 4.70681 -0.209297 -28.9281 4.72347 -1.13068 
-28.5267 4.73096 -2.04653 -28.0995 4.72553 -2.95053 -27.6322 4.70947 -3.83408 
-27.0825 4.68171 -4.66762 -26.4541 4.62425 -5.44167 -25.731 4.51649 -6.12253 
-24.9579 4.38039 -6.74121 -24.1438 4.23851 -7.3036 -23.3013 4.08372 -7.81925 
-22.4742 3.84642 -8.3139 -21.792 3.31317 -8.77839 -21.3031 2.54108 -9.18275 
-20.8462 1.78691 -9.65143 -20.3659 1.15513 -10.2556 -19.8838 0.619102 -10.9471 
-19.4238 0.171977 -11.7129 -18.985 -0.220547 -12.5208 -18.6323 -0.557241 -13.3914 
-18.3936 -0.862725 -14.3117 -18.272 -1.20819 -15.2412 -18.2184 -1.61352 -16.1532 
-18.1976 -2.052 -17.0517 -18.1905 -2.50056 -17.9454 -18.1926 -2.96431 -18.8313 
-18.2057 -3.44095 -19.7103 -18.2403 -3.92226 -20.586 -18.3021 -4.39585 -21.4645 
-18.3985 -4.84155 -22.3543 -18.5215 -5.25181 -23.2576 -18.677 -5.60321 -24.1804 
-18.8498 -5.89446 -25.1208 -19.0187 -6.12718 -26.0784 -19.1459 -6.33142 -27.0486 
-19.2015 -6.49887 -28.0319 -19.1879 -6.56808 -29.0275 -19.1522 -6.49335 -30.0226 
-19.1229 -6.32847 -31.008 -26.3966 0.143105 37.1641 -26.5718 0.194779 36.5926 
-26.8495 0.289848 35.6366 -27.1182 0.389926 34.6786 -27.3953 0.486827 33.7227 
-27.6938 0.578754 32.7729 -28.0216 0.667287 31.8323 -28.3759 0.751789 30.9011 
-28.7656 0.841173 29.9847 -29.1852 0.956578 29.0845 -29.6221 1.10446 28.1974 
-30.0622 1.2883 27.3186 -30.4954 1.50756 26.4445 -30.9067 1.74671 25.5652 
-31.2654 2.00581 24.6688 -31.5584 2.28961 23.7563 -31.7753 2.60052 22.8316 
-31.9531 2.92983 21.9044 -32.145 3.29275 20.9926 -32.3569 3.67168 20.0919 
-32.5531 4.0385 19.1829 -32.6964 4.36901 18.2505 -32.7525 4.6437 17.2916 
-32.7396 4.87585 16.3196 -32.6525 5.06054 15.3411 -32.5228 5.21796 14.3623 
-32.3525 5.34692 13.3856 -32.1591 5.44824 12.4098 -31.9613 5.49616 11.431 
-31.7828 5.502 10.4473 -31.6333 5.48425 9.45875 -31.5003 5.46206 8.46793 
-31.3442 5.45254 7.48038 -31.1532 5.45426 6.49891 -30.9267 5.46484 5.52504 
-30.6714 5.4811 4.55839 -30.3862 5.50266 3.60024 -30.0795 5.52283 2.64867 
-29.7537 5.53601 1.70336 -29.4097 5.54238 0.764488 -29.1956 5.54035 0.203987 
-28.9074 5.5326 -0.542266 -28.5434 5.51889 -1.4735 -28.1651 5.49643 -2.39887 
-27.7652 5.46001 -3.31453 -27.3096 5.41797 -4.20328 -26.7929 5.35776 -5.05657 
-26.1745 5.2542 -5.83354 -25.4813 5.10723 -6.53755 -24.7259 4.93195 -7.16818 
-23.9217 4.76415 -7.73689 -23.0793 4.61801 -8.25524 -22.2159 4.16602 -8.83305 
-21.8001 3.34737 -9.17614 -21.3771 2.52811 -9.56201 -20.9685 1.72354 -9.99268 
-20.5242 1.02847 -10.5483 -20.0574 0.440609 -11.2076 -19.5997 -0.0468673 -11.9495 
-19.1792 -0.439942 -12.7647 -18.8469 -0.753303 -13.6521 -18.6268 -1.01024 -14.5918 
-18.5021 -1.27944 -15.5459 -18.4322 -1.59319 -16.4926 -18.3929 -1.94628 -17.4272 
-18.3658 -2.32188 -18.3535 -18.3413 -2.72551 -19.2681 -18.3193 -3.14442 -20.1758 
-18.3175 -3.57147 -21.08 -18.3402 -3.98954 -21.988 -18.3897 -4.38094 -22.9067 
-18.4606 -4.73584 -23.8386 -18.5309 -5.02803 -24.792 -18.5799 -5.2599 -25.7631 
-18.5985 -5.44811 -26.7449 -18.574 -5.61075 -27.7308 -18.4936 -5.70433 -28.7219 
-18.4077 -5.65707 -29.7138 -18.4154 -5.45793 -30.6917 -25.9299 4.86965 34.7656 
-26.2325 4.9291 33.8158 -26.4727 5.1008 32.8609 -26.7112 5.32667 31.9167 
-26.9894 5.59403 30.9945 -27.3185 5.87631 30.0937 -27.7028 6.16843 29.218 
-28.1179 6.45996 28.3563 -28.5376 6.75499 27.498 -28.9429 7.05622 26.6349 
-29.3184 7.3634 25.7606 -29.6569 7.67392 24.8727 -29.9401 7.98138 23.9645 
-30.1814 8.28187 23.0419 -30.4468 8.55292 22.119 -30.8955 8.76776 21.2592 
-31.49 8.95782 20.478 -32.0361 9.17192 19.669 -32.4981 9.40626 18.8146 
-32.8813 9.64845 17.9241 -33.159 9.88098 16.9928 -33.328 10.0692 16.0275 
-33.3519 10.1886 15.0376 -33.232 10.2386 14.0485 -32.9765 10.2208 13.0833 
-32.6282 10.1364 12.1511 -32.2022 9.9765 11.2614 -31.7419 9.76818 10.3986 
-31.291 9.54556 9.53425 -30.8755 9.34175 8.64816 -30.5118 9.17376 7.73247 
-30.1898 9.0378 6.79572 -29.8917 8.92863 5.84751 -29.5986 8.8339 4.89613 
-29.3072 8.74255 3.94393 -29.0144 8.64425 2.99284 -28.7166 8.53861 2.04408 
-28.4156 8.4319 1.09641 -28.1183 8.32766 0.147352 -27.7663 8.19996 -0.992693 
-27.4624 8.07805 -1.93749 -27.1345 7.93821 -2.87175 -26.7885 7.79788 -3.7994 
-26.419 7.65715 -4.7178 -26.0186 7.50237 -5.62068 -25.5467 7.3026 -6.47839 
-24.9943 7.03173 -7.26355 -24.3661 6.68841 -7.95962 -23.6843 6.26885 -8.55649 
-23.0046 5.74435 -9.06303 -22.439 5.06545 -9.52041 -22.0191 4.26095 -9.93723 
-21.6311 3.43786 -10.3517 -21.241 2.62928 -10.792 -20.8507 1.83417 -11.254 
-20.4148 1.15613 -11.8416 -19.9697 0.560619 -12.5088 -19.5453 0.0968806 -13.2828 
-19.1859 -0.24297 -14.1488 -18.9397 -0.504303 -15.0808 -18.7724 -0.747406 -16.0358 
-18.6593 -1.01397 -16.9927 -18.5751 -1.31544 -17.9422 -18.5022 -1.65614 -18.8795 
-18.4262 -2.01971 -19.8078 -18.3544 -2.39886 -20.7303 -18.3116 -2.78056 -21.6535 
-18.2898 -3.1463 -22.5839 -18.2903 -3.49287 -23.5218 -18.2919 -3.80187 -24.4725 
-18.263 -4.05898 -25.438 -18.1943 -4.25274 -26.4162 -18.0879 -4.39559 -27.3997 
-17.9082 -4.46216 -28.3796 -17.6507 -4.40979 -29.3418 -17.4485 -4.14268 -30.2751 
-17.5312 -3.67796 -31.1375 -26.3218 -0.0645332 37.266 -26.6154 0.0166753 36.3136 
-26.8923 0.107159 35.3569 -27.1664 0.196294 34.3994 -27.4538 0.278698 33.4452 
-27.7676 0.353309 32.4987 -28.107 0.42371 31.5607 -28.4746 0.489026 30.6332 
-28.8759 0.564762 29.7206 -29.3082 0.679242 28.8264 -29.753 0.826859 27.9431 
-30.1999 1.02165 27.0702 -30.6383 1.24182 26.1988 -31.0407 1.48792 25.3174 
-31.397 1.75153 24.4213 -31.6675 2.04589 23.5054 -31.8752 2.36469 22.581 
-32.0597 2.70723 21.6599 -32.2558 3.08143 20.7536 -32.4628 3.46613 19.8542 
-32.6421 3.83074 18.9409 -32.7413 4.1423 17.9965 -32.7734 4.41237 17.0351 
-32.7265 4.63333 16.0614 -32.6255 4.8182 15.0842 -32.48 4.97286 14.1071 
-32.3055 5.10325 13.1313 -32.1125 5.19815 12.1549 -31.9251 5.24394 11.174 
-31.7642 5.25089 10.1872 -31.635 5.24074 9.19569 -31.507 5.23398 8.20404 
-31.3479 5.23832 7.21693 -31.1436 5.25254 6.23826 -30.9064 5.27106 5.26706 
-30.6368 5.2947 4.30447 -30.3428 5.32105 3.34907 -30.0241 5.34251 2.40153 
-29.6856 5.35744 1.46069 -29.4007 5.36273 0.71318 -29.1091 5.36106 -0.0317425 
-28.7384 5.35114 -0.960458 -28.3578 5.33616 -1.88504 -27.9553 5.3064 -2.79983 
-27.5168 5.26972 -3.69752 -27.0004 5.2185 -4.55119 -26.3954 5.1372 -5.34164 
-25.6889 5.00928 -6.03525 -24.9194 4.86137 -6.65561 -24.0964 4.73172 -7.2073 
-23.245 4.62531 -7.72055 -22.395 4.58648 -8.24353 -21.7937 4.09891 -8.70153 
-21.3801 3.26331 -9.06298 -20.9619 2.44729 -9.45921 -20.5 1.75 -10 
-20.014 1.17406 -10.6544 -19.5426 0.689105 -11.3895 -19.0912 0.273991 -12.1788 
-18.6872 -0.094495 -13.0146 -18.3852 -0.416866 -13.9101 -18.2201 -0.771507 -14.8283 
-18.1455 -1.18752 -15.7336 -18.119 -1.65231 -16.6185 -18.1077 -2.12836 -17.4979 
-18.1019 -2.60652 -18.3761 -18.1024 -3.0972 -19.2474 -18.1193 -3.59833 -20.1125 
-18.1613 -4.09994 -20.9765 -18.2413 -4.58048 -21.8496 -18.3518 -5.02645 -22.7375 
-18.4932 -5.42063 -23.6452 -18.6577 -5.75176 -24.5737 -18.8289 -6.01628 -25.5224 
-18.9846 -6.23098 -26.4864 -19.0849 -6.42136 -27.4623 -19.114 -6.56131 -28.4507 
-19.0869 -6.56323 -29.4483 -19.0532 -6.44695 -30.4403 -19.0136 -6.32306 -31.2295 
-26.7262 0.36468 37.0897 -26.9934 0.463894 36.1312 -27.2528 0.569796 35.1713 
-27.5149 0.675011 34.212 -27.7963 0.774513 33.2577 -28.1046 0.870385 32.3113 
-28.437 0.954605 31.372 -28.799 1.03248 30.4432 -29.1955 1.12761 29.5302 
-29.6131 1.24559 28.6294 -30.0424 1.40437 27.7406 -30.4733 1.59894 26.8596 
-30.8901 1.82526 25.9793 -31.2708 2.07318 25.0886 -31.5975 2.34714 24.1847 
-31.8629 2.6445 23.2679 -32.0744 2.96565 22.345 -32.2715 3.30921 21.4269 
-32.488 3.68172 20.5245 -32.6953 4.05291 19.6195 -32.8514 4.39233 18.6926 
-32.9367 4.68637 17.7414 -32.9388 4.92864 16.7722 -32.8712 5.12495 15.7943 
-32.7561 5.28877 14.8148 -32.6047 5.42758 13.8363 -32.4265 5.54315 12.8592 
-32.2359 5.62926 11.8814 -32.051 5.66865 10.8997 -31.8889 5.66457 9.91322 
-31.748 5.63651 8.92359 -31.5988 5.61255 7.93513 -31.4155 5.60374 6.95227 
-31.1987 5.60843 5.97619 -30.9549 5.62196 5.00649 -30.6886 5.64199 4.0429 
-30.3958 5.66799 3.08712 -30.0859 5.69209 2.13667 -29.7599 5.70892 1.19149 
-29.488 5.71726 0.439178 -29.279 5.71902 -0.123259 -28.9301 5.71599 -1.06038 
-28.5759 5.70837 -1.99551 -28.2046 5.69117 -2.9238 -27.8084 5.66195 -3.84135 
-27.3457 5.62164 -4.72631 -26.8213 5.5556 -5.57415 -26.2132 5.43756 -6.35801 
-25.553 5.26838 -7.0891 -24.8647 5.05149 -7.78099 -24.1482 4.78961 -8.42559 
-23.4082 4.42518 -8.98854 -22.7117 3.9409 -9.5126 -22.1612 3.27557 -10.0119 
-21.6978 2.5439 -10.5106 -21.2557 1.81944 -11.0392 -20.8128 1.12602 -11.6063 
-20.3494 0.560791 -12.2853 -19.8969 0.0980605 -13.046 -19.5053 -0.233856 -13.9002 
-19.2081 -0.46518 -14.8251 -19.0115 -0.667593 -15.7838 -18.873 -0.884911 -16.7496 
-18.7777 -1.13803 -17.7122 -18.7015 -1.43355 -18.6642 -18.6292 -1.76649 -19.6044 
-18.557 -2.12073 -20.5366 -18.5167 -2.48329 -21.4676 -18.5093 -2.83611 -22.4031 
-18.5198 -3.16874 -23.346 -18.5457 -3.47992 -24.296 -18.5561 -3.74209 -25.2605 
-18.5261 -3.94753 -26.238 -18.4418 -4.08263 -27.2246 -18.3017 -4.13939 -28.2117 
-18.0802 -4.05761 -29.1817 -17.8812 -3.82312 -30.1287 -17.4815 -3.37498 -30.7059 
-26.6974 -0.815084 35.2527 -26.9918 -0.811234 34.2972 -27.3154 -0.829509 33.3512 
-27.6625 -0.856491 32.4139 -28.0394 -0.882968 31.4881 -28.4408 -0.900925 30.5724 
-28.8762 -0.88284 29.6731 -29.3389 -0.780723 28.7931 -29.8124 -0.596313 27.9327 
-30.2872 -0.357227 27.0858 -30.7505 -0.0889764 26.2413 -31.182 0.195595 25.3855 
-31.5622 0.494982 24.5108 -31.8823 0.812458 23.6186 -32.1283 1.15664 22.713 
-32.344 1.5317 21.8116 -32.556 1.93016 20.9193 -32.7593 2.32976 20.0255 
-32.9151 2.70236 19.1114 -32.9977 3.03398 18.1725 -32.9898 3.31632 17.2142 
-32.9142 3.55774 16.247 -32.7887 3.75856 15.2756 -32.6393 3.93522 14.3029 
-32.4731 4.08654 13.3285 -32.3007 4.21595 12.3521 -32.1355 4.30778 11.3703 
-31.9923 4.3655 10.3825 -31.8871 4.39804 9.38862 -31.7901 4.43022 8.39389 
-31.6623 4.47128 7.40306 -31.4928 4.51725 6.41883 -31.2775 4.56525 5.44361 
-31.0285 4.61149 4.47632 -30.7472 4.66161 3.51808 -30.4427 4.7174 2.56724 
-30.1172 4.76989 1.62323 -29.7715 4.81301 0.685928 -29.4011 4.84593 -0.242306 
-29.0217 4.86814 -1.16729 -28.6298 4.87894 -2.08717 -28.2162 4.88112 -2.99752 
-27.762 4.87064 -3.88791 -27.2347 4.84815 -4.736 -26.6172 4.78791 -5.51827 
-25.9251 4.68421 -6.2316 -25.1757 4.5358 -6.87606 -24.3892 4.37129 -7.47059 
-23.5638 4.19345 -8.00569 -22.7305 3.96565 -8.50751 -22.0849 3.38665 -8.94953 
-21.6054 2.60083 -9.33479 -21.1628 1.82421 -9.78255 -20.7291 1.07238 -10.2766 
-20.2598 0.471934 -10.9206 -19.7934 -0.0509796 -11.6329 -19.3583 -0.461149 -12.4317 
-18.9845 -0.78648 -13.2992 -18.7344 -1.03643 -14.2327 -18.5833 -1.27177 -15.1919 
-18.4985 -1.54822 -16.1487 -18.4505 -1.86949 -17.0942 -18.4216 -2.22139 -18.0297 
-18.3978 -2.6011 -18.9544 -18.3757 -3.00432 -19.8692 -18.3649 -3.41876 -20.7792 
-18.3789 -3.83239 -21.6894 -18.4123 -4.22804 -22.6072 -18.475 -4.58906 -23.5373 
-18.5471 -4.90184 -24.484 -18.5994 -5.14599 -25.4519 -18.6268 -5.34333 -26.4317 
-18.6147 -5.51215 -27.4169 -18.5542 -5.63548 -28.4066 -18.4652 -5.62881 -29.3999 
-18.4346 -5.47447 -30.3848 -18.5088 -5.27332 -31.1547 -25.6616 5.4628 34.7767 
-25.9359 5.48067 34.027 -26.191 5.59927 33.0681 -26.424 5.78603 32.1142 
-26.6793 6.02854 31.1786 -26.9868 6.28901 30.2639 -27.3606 6.55615 29.3758 
-27.7723 6.82996 28.5068 -28.2038 7.10395 27.6474 -28.6245 7.38536 26.7849 
-29.0162 7.6708 25.9104 -29.3679 7.95869 25.02 -29.6638 8.25142 24.111 
-29.9118 8.543 23.1874 -30.1535 8.80508 22.254 -30.5457 9.01085 21.3675 
-31.1677 9.17555 20.6025 -31.7653 9.3611 19.8231 -32.27 9.58193 18.9897 
-32.6992 9.81543 18.1181 -33.0293 10.0513 17.2053 -33.2625 10.2596 16.2567 
-33.3344 10.3954 15.2715 -33.2642 10.4627 14.2787 -33.0364 10.4537 13.307 
-32.7079 10.3818 12.3666 -32.2864 10.2274 11.4741 -31.8203 10.0197 10.6146 
-31.3501 9.78561 9.76378 -30.9125 9.56526 8.89241 -30.5273 9.37798 7.98927 
-30.1845 9.2208 7.06329 -29.8735 9.0902 6.12205 -29.5767 8.98109 5.17337 
-29.2837 8.88055 4.22257 -28.9909 8.77554 3.2722 -28.6936 8.66288 2.32408 
-28.3915 8.5467 1.37792 -28.0909 8.43277 0.430987 -27.737 8.2988 -0.707774 
-27.4366 8.17555 -1.65353 -27.1182 8.03295 -2.59061 -26.7796 7.88311 -3.5195 
-26.4195 7.73498 -4.4405 -26.0356 7.5821 -5.35106 -25.5945 7.39761 -6.22825 
-25.0716 7.15593 -7.04368 -24.4711 6.84012 -7.7762 -23.8097 6.46215 -8.42136 
-23.1223 5.98319 -8.96587 -22.5314 5.34443 -9.43676 -22.1066 4.54364 -9.85569 
-21.7264 3.7118 -10.2598 -21.3392 2.89823 -10.6935 -20.9527 2.09068 -11.1389 
-20.5322 1.37181 -11.6845 -20.0872 0.74464 -12.3227 -19.6561 0.240013 -13.0661 
-19.2676 -0.135643 -13.9049 -18.9895 -0.415799 -14.8221 -18.8003 -0.665283 -15.771 
-18.6749 -0.926385 -16.7279 -18.5851 -1.22325 -17.6783 -18.511 -1.55684 -18.618 
-18.4357 -1.91721 -19.5477 -18.3608 -2.29472 -20.4706 -18.3092 -2.67977 -21.392 
-18.2815 -3.05134 -22.3199 -18.2736 -3.40605 -23.2547 -18.2789 -3.72763 -24.2014 
-18.2588 -4.00094 -25.1627 -18.1997 -4.2119 -26.1379 -18.1056 -4.3712 -27.1203 
-17.9458 -4.46041 -28.102 -17.6978 -4.44473 -29.0683 -17.4493 -4.24972 -30.0107 
-17.394 -3.85849 -30.9166 -26.1729 2.30482 37.0337 -26.4091 2.40496 36.276 
-26.6696 2.54273 35.3205 -26.9072 2.69782 34.3617 -27.1396 2.88126 33.4066 
-27.3869 3.09418 32.4615 -27.6704 3.33564 31.5337 -28.006 3.59578 30.6288 
-28.3838 3.87401 29.7458 -28.7756 4.16315 28.8724 -29.1679 4.46085 28.0021 
-29.5539 4.76925 27.1327 -29.9316 5.0898 26.264 -30.2936 5.41972 25.3923 
-30.6096 5.75797 24.5062 -30.8683 6.09146 23.6001 -31.0711 6.41084 22.6747 
-31.2888 6.70674 21.7451 -31.624 6.98642 20.8475 -32.0219 7.27077 19.9753 
-32.3832 7.56054 19.0896 -32.6786 7.83666 18.1756 -32.8863 8.0832 17.23 
-33.0084 8.28958 16.2602 -33.0121 8.43056 15.2714 -32.9191 8.52131 14.281 
-32.7111 8.55066 13.3045 -32.4314 8.52931 12.3454 -32.092 8.44356 11.4092 
-31.7317 8.3066 10.4867 -31.3883 8.14782 9.56111 -31.0788 8.00533 8.6212 
-30.7998 7.89726 7.66709 -30.5253 7.81279 6.70927 -30.2499 7.75037 5.75001 
-29.9715 7.70035 4.79088 -29.6848 7.65542 3.83389 -29.3911 7.60573 2.87931 
-29.0901 7.54537 1.92761 -28.7818 7.47769 0.978744 -28.4689 7.40768 0.0315361 
-28.0964 7.31989 -1.10581 -27.7819 7.2377 -2.05148 -27.4444 7.14099 -2.98769 
-27.0814 7.03712 -3.91361 -26.6849 6.92704 -4.82477 -26.2343 6.79505 -5.70691 
-25.7097 6.61627 -6.53768 -25.1128 6.38811 -7.30581 -24.46 6.0946 -8.00321 
-23.7594 5.75021 -8.62528 -23.0553 5.28503 -9.15934 -22.4421 4.67217 -9.64583 
-21.9832 3.90631 -10.0943 -21.5687 3.11542 -10.5442 -21.1622 2.33183 -11.014 
-20.7551 1.56958 -11.5133 -20.3065 0.938441 -12.1438 -19.8615 0.394337 -12.8523 
-19.4563 -0.00202208 -13.6733 -19.1347 -0.298702 -14.5697 -18.918 -0.542686 -15.5142 
-18.7661 -0.785839 -16.472 -18.6611 -1.06004 -17.4277 -18.5793 -1.37116 -18.3743 
-18.5029 -1.71954 -19.3085 -18.4249 -2.0857 -20.2358 -18.3665 -2.46328 -21.1598 
-18.3372 -2.83429 -22.0878 -18.3241 -3.18715 -23.0233 -18.3305 -3.51641 -23.9674 
-18.3239 -3.80034 -24.9259 -18.2789 -4.0293 -25.8978 -18.1878 -4.19281 -26.8796 
-18.0478 -4.29762 -27.8633 -17.8181 -4.30127 -28.8341 -17.5434 -4.14672 -29.7788 
-17.4222 -3.7735 -30.6828 -26.7052 0.277394 37.1059 -26.9216 0.353393 36.3395 
-27.1829 0.45534 35.3797 -27.445 0.557114 34.42 -27.7223 0.65183 33.464 
-28.0262 0.741879 32.5156 -28.3548 0.820849 31.5745 -28.7089 0.890797 30.642 
-29.0991 0.972108 29.7251 -29.5156 1.07589 28.8221 -29.9473 1.22145 27.9322 
-30.3827 1.40704 27.0513 -30.8089 1.62544 26.1736 -31.2047 1.86666 25.2877 
-31.5461 2.13315 24.3867 -31.8266 2.42511 23.4729 -32.0474 2.74313 22.5511 
-32.2486 3.08502 21.6333 -32.46 3.45554 20.7289 -32.6726 3.8333 19.8279 
-32.8344 4.18116 18.9048 -32.9357 4.49006 17.96 -32.9491 4.74414 16.9937 
-32.8978 4.95582 16.0182 -32.7852 5.12504 15.0393 -32.6391 5.27102 14.0611 
-32.4644 5.39275 13.0841 -32.2765 5.48487 12.1063 -32.0937 5.53123 11.1245 
-31.9382 5.53071 10.1369 -31.8037 5.50904 9.14628 -31.6641 5.48914 8.15631 
-31.4928 5.48259 7.17125 -31.2877 5.48851 6.19265 -31.0498 5.50471 5.22156 
-30.7885 5.52645 4.25664 -30.5017 5.55477 3.29911 -30.1948 5.58354 2.34785 
-29.8713 5.6059 1.40189 -29.5318 5.62102 0.461445 -29.3221 5.6263 -0.100658 
-29.0407 5.62701 -0.849556 -28.6854 5.62325 -1.7843 -28.3163 5.61281 -2.71356 
-27.9212 5.58886 -3.6317 -27.4715 5.55432 -4.52349 -26.9571 5.50015 -5.37875 
-26.3575 5.39534 -6.17069 -25.7042 5.24145 -6.91128 -25.0141 5.03504 -7.60449 
-24.3032 4.79181 -8.26327 -23.5565 4.47282 -8.84474 -22.8375 4.03111 -9.37632 
-22.2632 3.38629 -9.87371 -21.7883 2.65725 -10.3649 -21.3451 1.92682 -10.8844 
-20.9049 1.22022 -11.4365 -20.4444 0.626185 -12.0925 -19.9884 0.151734 -12.8433 
-19.5813 -0.206795 -13.6792 -19.267 -0.447906 -14.5953 -19.0518 -0.646802 -15.5507 
-18.8989 -0.852859 -16.517 -18.7964 -1.09428 -17.4817 -18.7181 -1.37727 -18.4374 
-18.6466 -1.70237 -19.3803 -18.5737 -2.05154 -20.3144 -18.5233 -2.41419 -21.2449 
-18.5082 -2.7704 -22.179 -18.5131 -3.10697 -23.1206 -18.5371 -3.42414 -24.0686 
-18.5544 -3.70092 -25.0289 -18.5326 -3.91898 -26.004 -18.461 -4.07196 -26.989 
-18.3354 -4.15205 -27.9769 -18.1286 -4.10353 -28.9514 -17.8941 -3.92529 -29.9051 
-17.6576 -3.52333 -30.6482 -25.7304 3.191 37.0256 -26.0144 3.26546 36.2815 
-26.3176 3.377 35.3355 -26.5742 3.51702 34.3794 -26.8047 3.70513 33.4249 
-27.04 3.93432 32.4806 -27.3027 4.2009 31.5535 -27.6157 4.48839 30.6488 
-27.9803 4.79113 29.7685 -28.3706 5.10202 28.9019 -28.7678 5.41512 28.0393 
-29.1625 5.73184 27.1768 -29.5413 6.0616 26.3121 -29.901 6.39736 25.4416 
-30.2159 6.73093 24.5533 -30.4707 7.06034 23.6447 -30.6803 7.37575 22.7193 
-30.9549 7.65513 21.8018 -31.3921 7.89831 20.9375 -31.873 8.14294 20.0956 
-32.3016 8.40407 19.2312 -32.6647 8.66457 18.3372 -32.9359 8.91144 17.4077 
-33.1187 9.12445 16.4491 -33.1799 9.27424 15.464 -33.1147 9.36133 14.4721 
-32.9155 9.38543 13.4938 -32.6263 9.34921 12.5385 -32.26 9.24472 11.6145 
-31.8548 9.0871 10.7145 -31.449 8.89587 9.8208 -31.0714 8.71369 8.91323 
-30.7432 8.56956 7.97989 -30.4389 8.45164 7.03477 -30.1504 8.35968 6.08177 
-29.8647 8.28598 5.12631 -29.5758 8.21877 4.17131 -29.2842 8.1466 3.21749 
-28.9882 8.06261 2.26603 -28.6863 7.97412 1.31679 -28.3819 7.88609 0.368343 
-28.0206 7.77896 -0.770943 -27.716 7.68182 -1.71842 -27.3884 7.56716 -2.65617 
-27.0371 7.44522 -3.58438 -26.6573 7.32187 -4.5011 -26.2397 7.18336 -5.39878 
-25.7476 6.99848 -6.24797 -25.182 6.76883 -7.03887 -24.5533 6.47674 -7.75809 
-23.8608 6.12956 -8.3873 -23.1412 5.70161 -8.93182 -22.516 5.10056 -9.41066 
-22.0757 4.31111 -9.83254 -21.6833 3.48616 -10.2391 -21.2944 2.6739 -10.6737 
-20.9076 1.86906 -11.1237 -20.4814 1.16923 -11.6884 -20.0329 0.56163 -12.3428 
-19.6018 0.0865378 -13.1064 -19.2295 -0.262154 -13.9632 -18.9687 -0.522741 -14.8914 
-18.7906 -0.760063 -15.8457 -18.6745 -1.01799 -16.8047 -18.5903 -1.31272 -17.7562 
-18.5205 -1.64501 -18.6968 -18.4481 -2.00383 -19.6273 -18.3781 -2.38079 -20.5508 
-18.3311 -2.76472 -21.4729 -18.3043 -3.13523 -22.4013 -18.3013 -3.48777 -23.3369 
-18.3079 -3.80465 -24.2851 -18.2887 -4.07413 -25.2474 -18.2308 -4.27702 -26.2246 
-18.1403 -4.43367 -27.2076 -17.9781 -4.51493 -28.1898 -17.7316 -4.48904 -29.1561 
-17.5079 -4.27803 -30.1003 -17.502 -3.87914 -31.0043 -25.5373 -3.51982 35.338 
-25.9627 -3.50279 34.6615 -26.4903 -3.54273 33.8134 -27.0192 -3.56464 32.9652 
-27.5329 -3.53044 32.1087 -28.0134 -3.41909 31.2393 -28.4607 -3.24358 30.363 
-28.886 -3.00432 29.4905 -29.3084 -2.72189 28.6293 -29.7367 -2.40022 27.785 
-30.1779 -2.06319 26.9534 -30.625 -1.71503 26.1294 -31.061 -1.3667 25.2997 
-31.4602 -1.01652 24.4527 -31.8047 -0.657768 23.5857 -32.0749 -0.284396 22.6985 
-32.2995 0.116451 21.8106 -32.501 0.540255 20.9276 -32.699 0.960447 20.042 
-32.8636 1.35738 19.1395 -32.9631 1.72016 18.2139 -32.981 2.0447 17.2689 
-32.9079 2.32785 16.3136 -32.774 2.57141 15.3532 -32.6171 2.78556 14.3892 
-32.4521 2.97398 13.4211 -32.2866 3.13758 12.4487 -32.1256 3.26665 11.4703 
-31.9754 3.36732 10.4868 -31.8622 3.44799 9.49674 -31.7809 3.52676 8.5032 
-31.6907 3.61368 7.51119 -31.565 3.70338 6.52338 -31.3861 3.78807 5.5434 
-31.1646 3.86507 4.5714 -30.9068 3.93743 3.60803 -30.6202 4.019 2.65357 
-30.302 4.10432 1.70945 -29.9588 4.1801 0.773354 -29.5845 4.23919 -0.151988 
-29.109 4.29153 -1.25244 -28.6937 4.31639 -2.16169 -28.2454 4.33005 -3.05524 
-27.7527 4.32973 -3.92499 -27.1682 4.31453 -4.73474 -26.4991 4.26423 -5.47404 
-25.751 4.16767 -6.12949 -24.9632 4.04296 -6.73211 -24.1436 3.90393 -7.28713 
-23.3023 3.72588 -7.79665 -22.4813 3.42979 -8.27072 -21.7832 2.88024 -8.70961 
-21.2532 2.15386 -9.14462 -20.7666 1.45106 -9.65959 -20.2742 0.868725 -10.3038 
-19.7934 0.367718 -11.0226 -19.3369 -0.0563661 -11.8039 -18.9132 -0.427799 -12.6289 
-18.5876 -0.744924 -13.5176 -18.3712 -1.04163 -14.4468 -18.2649 -1.39205 -15.376 
-18.2183 -1.79943 -16.2877 -18.2034 -2.23917 -17.1857 -18.203 -2.6899 -18.0783 
-18.2131 -3.15659 -18.9626 -18.2361 -3.63416 -19.8409 -18.2851 -4.11377 -20.7169 
-18.3629 -4.58051 -21.5977 -18.4713 -5.02009 -22.4891 -18.6101 -5.42352 -23.3932 
-18.7849 -5.77193 -24.3138 -18.981 -6.06571 -25.2489 -19.1719 -6.30105 -26.2016 
-19.3142 -6.516 -27.1674 -19.3692 -6.68008 -28.1507 -19.3331 -6.74116 -29.1461 
-19.2726 -6.66006 -30.1394 -19.2239 -6.48645 -31.1226 -26.504 -0.405571 37.1394 
-26.7288 -0.351512 36.3735 -26.9995 -0.284683 35.4132 -27.275 -0.230141 34.4535 
-27.5686 -0.188579 33.4986 -27.891 -0.16345 32.5523 -28.2346 -0.15062 31.6134 
-28.6021 -0.15185 30.6835 -29.006 -0.144211 29.7691 -29.4455 -0.0830639 28.8733 
-29.9057 0.0457039 27.9956 -30.3715 0.242478 27.133 -30.8281 0.474335 26.2743 
-31.2511 0.735321 25.4067 -31.6243 1.01561 24.5229 -31.9316 1.32213 23.6223 
-32.1804 1.65729 22.7141 -32.4043 2.02536 21.8117 -32.6241 2.41614 20.9179 
-32.8291 2.80931 20.0217 -32.9804 3.17322 19.1034 -33.0608 3.49702 18.1614 
-33.0655 3.77861 17.2027 -32.986 4.00287 16.232 -32.8656 4.19336 15.2578 
-32.7148 4.35636 14.2829 -32.5484 4.50164 13.3076 -32.3746 4.62049 12.3301 
-32.2066 4.70969 11.3485 -32.0689 4.75512 10.3593 -31.9585 4.77257 9.36569 
-31.8483 4.78677 8.37192 -31.7119 4.80916 7.38166 -31.5272 4.84116 6.39955 
-31.3063 4.87883 5.42513 -31.051 4.91794 4.45911 -30.7694 4.96204 3.50068 
-30.4619 5.01133 2.55046 -30.1356 5.05674 1.60634 -29.7866 5.0916 0.66992 
-29.4226 5.11934 -0.26105 -29.0519 5.13696 -1.18963 -28.6712 5.14525 -2.11428 
-28.2668 5.14396 -3.02868 -27.818 5.13002 -3.92176 -27.2987 5.10142 -4.77475 
-26.694 5.03141 -5.56665 -26.0075 4.909 -6.28209 -25.278 4.74813 -6.94588 
-24.5064 4.56211 -7.55381 -23.6912 4.36544 -8.09688 -22.8933 4.05388 -8.60153 
-22.2403 3.47047 -9.05577 -21.7705 2.68622 -9.46008 -21.3335 1.90547 -9.90596 
-20.9091 1.14418 -10.3947 -20.4548 0.484524 -10.9882 -19.99 -0.0472339 -11.6937 
-19.5473 -0.481197 -12.4753 -19.1821 -0.779805 -13.3551 -18.9115 -1.00614 -14.2891 
-18.7523 -1.20183 -15.2561 -18.6498 -1.42525 -16.225 -18.5898 -1.70005 -17.1844 
-18.5472 -2.01091 -18.1338 -18.507 -2.35687 -19.071 -18.4662 -2.72972 -19.9979 
-18.4326 -3.11647 -20.9195 -18.4198 -3.50328 -21.8414 -18.4349 -3.8733 -22.7703 
-18.4641 -4.21504 -23.7094 -18.4979 -4.51045 -24.6639 -18.512 -4.74648 -25.635 
-18.4918 -4.93088 -26.6175 -18.4335 -5.08366 -27.6036 -18.3142 -5.15967 -28.5919 
-18.1582 -5.10986 -29.5758 -18.1217 -4.89714 -30.5466 -26.6273 -0.748405 35.2331 
-26.8638 -0.733094 34.469 -27.1804 -0.731951 33.5205 -27.5226 -0.736874 32.5811 
-27.8916 -0.742027 31.6517 -28.2866 -0.739838 30.7331 -28.7122 -0.714012 29.8288 
-29.167 -0.623734 28.9437 -29.6376 -0.461736 28.0768 -30.1117 -0.244682 27.2238 
-30.5762 0.00543727 26.3743 -31.0126 0.27541 25.5163 -31.3999 0.559242 24.6393 
-31.7253 0.86335 23.7446 -31.9665 1.1948 22.8331 -32.1712 1.55294 21.9223 
-32.3713 1.9419 21.0231 -32.5734 2.34116 20.1288 -32.744 2.7216 19.2205 
-32.8479 3.06228 18.2869 -32.8601 3.35181 17.3305 -32.8064 3.60318 16.3647 
-32.6941 3.81185 15.3933 -32.5505 3.99215 14.4204 -32.3843 4.14589 13.4464 
-32.2085 4.2746 12.4706 -32.0326 4.36297 11.4903 -31.878 4.41526 10.5039 
-31.7624 4.44577 9.5112 -31.6603 4.47575 8.51689 -31.5363 4.51363 7.52544 
-31.3706 4.55554 6.54039 -31.1575 4.598 5.56441 -30.9105 4.63788 4.59636 
-30.6294 4.68202 3.6378 -30.321 4.72906 2.68777 -29.9885 4.76884 1.7456 
-29.6315 4.80016 0.812046 -29.2547 4.82125 -0.113939 -28.867 4.82936 -1.03563 
-28.4642 4.82963 -1.95088 -28.0383 4.81635 -2.85542 -27.5653 4.79237 -3.73549 
-27.0168 4.75815 -4.56954 -26.3651 4.68789 -5.32358 -25.6347 4.57909 -5.99516 
-24.8421 4.44555 -6.58939 -24.0085 4.32062 -7.12658 -23.1596 4.1796 -7.63563 
-22.3345 3.95469 -8.1467 -21.685 3.37074 -8.6137 -21.1724 2.63444 -9.04981 
-20.6945 1.94476 -9.58872 -20.1986 1.37735 -10.2428 -19.7209 0.900435 -10.9795 
-19.2617 0.480133 -11.7617 -18.8326 0.102425 -12.5819 -18.4671 -0.235031 -13.4475 
-18.2426 -0.56513 -14.3625 -18.1265 -0.957643 -15.2731 -18.0918 -1.42431 -16.1566 
-18.0776 -1.91156 -17.0297 -18.0739 -2.40121 -17.9016 -18.0755 -2.89739 -18.7698 
-18.0898 -3.40666 -19.6303 -18.1234 -3.92043 -20.4874 -18.1928 -4.42358 -21.3486 
-18.2958 -4.89895 -22.2221 -18.4326 -5.32893 -23.1141 -18.6006 -5.70463 -24.0251 
-18.7925 -6.01407 -24.956 -18.9888 -6.26565 -25.9034 -19.1495 -6.47825 -26.8669 
-19.2445 -6.66465 -27.8439 -19.2375 -6.75419 -28.8376 -19.1814 -6.7219 -29.834 
-19.117 -6.58291 -30.8218 -26.5127 0.687881 37.1944 -26.6796 0.750702 36.6216 
-26.9465 0.865341 35.6647 -27.2032 0.991224 34.7065 -27.4652 1.11899 33.7499 
-27.7468 1.24692 32.799 -28.0598 1.37695 31.8583 -28.403 1.50863 30.9285 
-28.7841 1.65122 30.0152 -29.1931 1.81661 29.1179 -29.612 2.00238 28.2291 
-30.0305 2.21401 27.346 -30.4417 2.45323 26.4664 -30.8341 2.71058 25.5835 
-31.1767 2.98726 24.6862 -31.4524 3.28466 23.7724 -31.6548 3.59547 22.8445 
-31.8128 3.91285 21.9095 -32.0084 4.25246 20.9899 -32.247 4.61029 20.0872 
-32.4797 4.96279 19.1812 -32.6593 5.28215 18.2514 -32.7505 5.54688 17.2923 
-32.7707 5.76871 16.3181 -32.7106 5.94208 15.3356 -32.5961 6.08301 14.3526 
-32.4243 6.19035 13.3736 -32.2191 6.26719 12.3981 -31.9983 6.28603 11.4232 
-31.7895 6.2589 10.4459 -31.605 6.20595 9.46454 -31.4367 6.14859 8.48049 
-31.2518 6.10884 7.49865 -31.0412 6.08531 6.52142 -30.8026 6.07727 5.55045 
-30.5409 6.08008 4.58535 -30.2559 6.08756 3.62688 -29.9554 6.09276 2.67314 
-29.6365 6.09108 1.72537 -29.304 6.08096 0.782372 -29.0994 6.06895 0.218452 
-28.8254 6.04952 -0.532932 -28.4813 6.02305 -1.47144 -28.1279 5.9898 -2.40631 
-27.7551 5.94378 -3.33295 -27.331 5.88845 -4.23652 -26.8548 5.81602 -5.11235 
-26.2866 5.70182 -5.92568 -25.6516 5.54239 -6.68036 -24.9569 5.33861 -7.36943 
-24.2208 5.10853 -8.00527 -23.4395 4.84013 -8.56635 -22.6784 4.45416 -9.08125 
-22.1186 3.76806 -9.52841 -21.6835 2.97095 -9.94446 -21.2844 2.16694 -10.3846 
-20.8784 1.39139 -10.8664 -20.4413 0.722532 -11.4607 -19.9824 0.167484 -12.1536 
-19.5519 -0.26709 -12.9401 -19.195 -0.568989 -13.8214 -18.9528 -0.791471 -14.7645 
-18.7929 -0.99994 -15.7288 -18.6903 -1.23729 -16.6944 -18.6194 -1.51839 -17.6512 
-18.5613 -1.83936 -18.5964 -18.4995 -2.1903 -19.5306 -18.4421 -2.56468 -20.4561 
-18.4004 -2.94692 -21.3792 -18.3801 -3.31802 -22.3075 -18.3868 -3.67314 -23.2421 
-18.4006 -3.99236 -24.1896 -18.3967 -4.26384 -25.1516 -18.3647 -4.47276 -26.1287 
-18.299 -4.63626 -27.1128 -18.1756 -4.73896 -28.0987 -17.9795 -4.74002 -29.0772 
-17.8077 -4.5684 -30.0416 -17.87 -4.24264 -30.9725 -26.3535 -0.118126 37.2419 
-26.6461 -0.0391922 36.2889 -26.922 0.0487747 35.3318 -27.1975 0.133476 34.3743 
-27.4853 0.210083 33.4197 -27.8015 0.27787 32.4735 -28.1422 0.340042 31.5354 
-28.5103 0.393282 30.6073 -28.9118 0.459819 29.6941 -29.346 0.568296 28.8001 
-29.7929 0.713882 27.9177 -30.2425 0.907501 27.0458 -30.6818 1.12889 26.1752 
-31.0855 1.3755 25.2945 -31.4426 1.64106 24.3994 -31.7182 1.93639 23.4853 
-31.9295 2.25728 22.5624 -32.1184 2.60514 21.6442 -32.3183 2.9831 20.7403 
-32.5235 3.36944 19.8411 -32.6964 3.73336 18.9265 -32.7935 4.04793 17.983 
-32.8167 4.31712 17.0211 -32.7624 4.53744 16.0477 -32.6565 4.72226 15.0709 
-32.5092 4.87772 14.0943 -32.3352 5.00977 13.1185 -32.1454 5.10775 12.1417 
-31.9629 5.15791 11.1601 -31.8075 5.16938 10.1725 -31.6827 5.16333 9.1804 
-31.5574 5.16016 8.18839 -31.4002 5.16768 7.20099 -31.197 5.18499 6.22215 
-30.962 5.20609 5.25048 -30.6923 5.232 4.28795 -30.3993 5.26149 3.33236 
-30.0813 5.28717 2.38466 -29.7439 5.30595 1.44353 -29.4595 5.31497 0.695862 
-29.1679 5.3174 -0.049057 -28.7975 5.31122 -0.977936 -28.4171 5.30033 -1.90266 
-28.016 5.2761 -2.81823 -27.5785 5.24321 -3.71657 -27.0627 5.1962 -4.57083 
-26.4599 5.11761 -5.36325 -25.7681 4.99568 -6.07257 -25.0117 4.84503 -6.70794 
-24.1942 4.7058 -7.26596 -23.3466 4.5844 -7.78197 -22.5002 4.48276 -8.2998 
-21.8973 3.93135 -8.7458 -21.4673 3.1058 -9.11098 -21.041 2.29967 -9.52031 
-20.5854 1.59958 -10.0635 -20.1081 1.01614 -10.7179 -19.6447 0.525243 -11.4547 
-19.1995 0.103508 -12.2436 -18.8235 -0.262067 -13.0936 -18.5435 -0.581295 -13.9969 
-18.3889 -0.901789 -14.9304 -18.3102 -1.26574 -15.858 -18.2696 -1.66672 -16.773 
-18.246 -2.08435 -17.6813 -18.2274 -2.51362 -18.5842 -18.2118 -2.96049 -19.4787 
-18.2081 -3.41888 -20.3673 -18.2292 -3.87874 -21.255 -18.2783 -4.32086 -22.1504 
-18.3589 -4.72925 -23.0594 -18.4597 -5.08306 -23.9889 -18.5617 -5.37651 -24.9389 
-18.6452 -5.60278 -25.9091 -18.6977 -5.79807 -26.8882 -18.692 -5.96751 -27.8733 
-18.6386 -6.06411 -28.8659 -18.5909 -5.99565 -29.8594 -18.6063 -5.81041 -30.841 
-26.0563 -1.91317 35.3613 -26.2746 -1.94861 34.8036 -26.6548 -2.04119 33.8835 
-27.0635 -2.15699 32.9785 -27.507 -2.2464 32.087 -27.9677 -2.28633 31.2006 
-28.4334 -2.25225 30.3172 -28.8998 -2.1267 29.4426 -29.3631 -1.9097 28.5841 
-29.8222 -1.62442 27.743 -30.2862 -1.31063 26.9147 -30.747 -0.982597 26.09 
-31.1859 -0.649684 25.2557 -31.5771 -0.314507 24.399 -31.9115 0.030571 23.5223 
-32.1868 0.394653 22.6331 -32.409 0.795286 21.7443 -32.621 1.21079 20.8598 
-32.8228 1.62126 19.9706 -32.9833 2.0053 19.062 -33.0636 2.34968 18.1274 
-33.0655 2.65894 17.1773 -32.981 2.9198 16.2162 -32.8492 3.14004 15.25 
-32.6934 3.33119 14.2809 -32.5299 3.50155 13.3092 -32.3648 3.64791 12.334 
-32.207 3.76557 11.3537 -32.0703 3.85214 10.3669 -31.9648 3.91505 9.37464 
-31.8789 3.97141 8.37994 -31.7774 4.03415 7.38721 -31.6279 4.10157 6.40098 
-31.4345 4.16954 5.42237 -31.199 4.23547 4.45287 -30.934 4.30101 3.49092 
-30.6414 4.37715 2.53781 -30.3251 4.45604 1.59247 -29.9799 4.52329 0.656458 
-29.6136 4.57805 -0.272371 -29.2299 4.6212 -1.19478 -28.8355 4.64989 -2.11323 
-28.4143 4.66833 -3.01989 -27.9513 4.67464 -3.90582 -27.4113 4.66432 -4.74625 
-26.7963 4.62333 -5.53217 -26.0931 4.52425 -6.23513 -25.3503 4.3859 -6.88958 
-24.5712 4.22131 -7.49382 -23.7593 4.03469 -8.04594 -22.9438 3.75764 -8.54729 
-22.2433 3.23607 -9.00868 -21.7268 2.49234 -9.4262 -21.2768 1.72395 -9.88067 
-20.8395 0.983527 -10.3879 -20.3759 0.355976 -11.0088 -19.9105 -0.160301 -11.726 
-19.4772 -0.56646 -12.5266 -19.1201 -0.85596 -13.4126 -18.8645 -1.0766 -14.3522 
-18.7193 -1.27354 -15.3214 -18.6245 -1.50332 -16.2896 -18.5707 -1.78551 -17.2472 
-18.5319 -2.10116 -18.1952 -18.4958 -2.45401 -19.13 -18.4595 -2.83116 -20.0554 
-18.4319 -3.22111 -20.9758 -18.4273 -3.61035 -21.8969 -18.4474 -3.98019 -22.8256 
-18.483 -4.32071 -23.765 -18.5243 -4.61286 -24.7201 -18.5434 -4.84453 -25.6922 
-18.5289 -5.02759 -26.675 -18.4733 -5.17656 -27.6618 -18.3625 -5.25508 -28.6514 
-18.2355 -5.19668 -29.6384 -18.2213 -4.98189 -30.6102 -26.6028 -1.05464 35.0704 
-26.851 -1.06972 34.3102 -27.1854 -1.10685 33.3685 -27.5498 -1.14964 32.4383 
-27.9396 -1.18448 31.5182 -28.3565 -1.19843 30.6095 -28.7998 -1.17489 29.7139 
-29.2674 -1.05484 28.8392 -29.7444 -0.859092 27.9829 -30.2207 -0.602778 27.1419 
-30.6875 -0.323528 26.3029 -31.1205 -0.0292003 25.4511 -31.5076 0.274669 24.5808 
-31.8321 0.596527 23.6921 -32.0865 0.940089 22.7885 -32.3007 1.31641 21.8873 
-32.509 1.71519 20.9943 -32.7104 2.11678 20.1009 -32.8764 2.49701 19.1914 
-32.9605 2.83211 18.2539 -32.9626 3.12423 17.2984 -32.8868 3.37025 16.3326 
-32.767 3.58266 15.3631 -32.6172 3.76453 14.3913 -32.4533 3.92432 13.4179 
-32.2817 4.05593 12.4416 -32.1141 4.15631 11.4611 -31.9707 4.21667 10.4734 
-31.8598 4.25791 9.48051 -31.765 4.29729 8.48582 -31.647 4.34365 7.49402 
-31.4828 4.39474 6.5091 -31.2767 4.44638 5.53211 -31.0298 4.49448 4.5644 
-30.7528 4.54608 3.605 -30.4492 4.60365 2.65403 -30.1214 4.65686 1.71083 
-29.7664 4.69861 0.776963 -29.3931 4.73195 -0.150087 -29.0063 4.75034 -1.07205 
-28.6061 4.75877 -1.98836 -28.1795 4.75595 -2.89266 -27.7171 4.73922 -3.77885 
-27.1828 4.7169 -4.62274 -26.5672 4.66359 -5.40725 -25.8557 4.55968 -6.10084 
-25.0937 4.4228 -6.73298 -24.2903 4.27502 -7.30907 -23.4536 4.11624 -7.83257 
-22.6163 3.90303 -8.32735 -21.9366 3.37372 -8.78302 -21.439 2.60531 -9.18198 
-20.9853 1.83496 -9.62909 -20.5205 1.15296 -10.1881 -20.0419 0.589836 -10.8589 
-19.579 0.117554 -11.6075 -19.1388 -0.287544 -12.4079 -18.7701 -0.630437 -13.2701 
-18.5116 -0.923515 -14.1887 -18.371 -1.22828 -15.1298 -18.3014 -1.58828 -16.0595 
-18.2724 -1.99134 -16.9741 -18.2601 -2.41043 -17.8819 -18.2556 -2.84715 -18.7814 
-18.2591 -3.29965 -19.6732 -18.2812 -3.75967 -20.5607 -18.3286 -4.21463 -21.4498 
-18.407 -4.64522 -22.3488 -18.5112 -5.04438 -23.2596 -18.6401 -5.3862 -24.19 
-18.7787 -5.6674 -25.1392 -18.9041 -5.88772 -26.1062 -18.9955 -6.08282 -27.0825 
-19.0254 -6.24304 -28.0684 -19.0145 -6.29878 -29.0648 -19.011 -6.20408 -30.0588 
-19.0233 -6.0247 -31.0422 -26.5145 1.3394 37.2191 -26.6773 1.41087 36.646 
-26.9351 1.53721 35.6882 -27.1786 1.67635 34.7284 -27.4247 1.82579 33.7708 
-27.6861 1.98652 32.8191 -27.9827 2.16225 31.8806 -28.3169 2.34945 30.9571 
-28.6905 2.5528 30.0522 -29.0891 2.77738 29.163 -29.4906 3.01537 28.2787 
-29.8874 3.27006 27.3969 -30.277 3.5465 26.5184 -30.6524 3.83819 25.6387 
-30.9875 4.14436 24.748 -31.2653 4.46239 23.842 -31.4638 4.77993 22.9153 
-31.6235 5.08935 21.978 -31.8379 5.40435 21.0544 -32.1303 5.73718 20.1584 
-32.4152 6.06747 19.2588 -32.6493 6.37385 18.3365 -32.7977 6.63415 17.3835 
-32.8717 6.85384 16.4114 -32.8483 7.01747 15.4261 -32.75 7.13847 14.4389 
-32.5751 7.21736 13.458 -32.348 7.25689 12.4854 -32.0822 7.24003 11.5219 
-31.8127 7.17148 10.5616 -31.566 7.07183 9.59768 -31.3385 6.97396 8.6289 
-31.113 6.89975 7.65757 -30.8743 6.8505 6.6878 -30.6182 6.82256 5.7216 
-30.3479 6.80751 4.75898 -30.0637 6.79536 3.80031 -29.767 6.78006 2.84548 
-29.4561 6.75589 1.89536 -29.1353 6.72153 0.948855 -28.8086 6.67933 0.00469586 
-28.4819 6.63563 -0.939438 -28.1506 6.58419 -1.88151 -27.8008 6.5188 -2.81597 
-27.4193 6.44508 -3.73718 -26.9933 6.36048 -4.6376 -26.4956 6.24744 -5.49683 
-25.9412 6.10116 -6.31524 -25.3128 5.90005 -7.06539 -24.6329 5.65038 -7.75395 
-23.901 5.37114 -8.37383 -23.1494 5.01245 -8.92557 -22.507 4.43703 -9.41089 
-22.0033 3.7024 -9.86079 -21.5895 2.90069 -10.2915 -21.1835 2.11266 -10.754 
-20.773 1.36035 -11.2637 -20.3258 0.721767 -11.8864 -19.8776 0.196366 -12.6068 
-19.464 -0.205605 -13.4197 -19.1502 -0.474459 -14.3286 -18.9286 -0.699688 -15.2763 
-18.788 -0.923373 -16.2405 -18.6863 -1.17653 -17.2022 -18.6141 -1.47746 -18.153 
-18.5462 -1.81166 -19.093 -18.4748 -2.17077 -20.0235 -18.4161 -2.54635 -20.9483 
-18.3829 -2.91878 -21.8757 -18.3692 -3.27575 -22.8096 -18.3806 -3.6107 -23.7517 
-18.3829 -3.90584 -24.7067 -18.3498 -4.14226 -25.6774 -18.284 -4.3228 -26.6583 
-18.1728 -4.44702 -27.6437 -17.992 -4.49084 -28.6248 -17.7594 -4.38587 -29.5873 
-17.6251 -4.09018 -30.5236 -17.6884 -3.70286 -31.1885 -26.4075 -0.465546 37.149 
-26.6382 -0.414899 36.3847 -26.9137 -0.352401 35.4254 -27.1916 -0.302093 34.4662 
-27.4879 -0.26445 33.5119 -27.8123 -0.241503 32.5663 -28.1591 -0.227055 31.6285 
-28.5312 -0.222616 30.7005 -28.9387 -0.208473 29.7877 -29.3805 -0.139593 28.8937 
-29.8413 -0.0116195 28.016 -30.3086 0.187017 27.1547 -30.7669 0.41996 26.2971 
-31.1926 0.681366 25.4311 -31.5681 0.960673 24.5479 -31.8781 1.26465 23.6475 
-32.1266 1.59557 22.7375 -32.346 1.96114 21.8331 -32.5617 2.35197 20.9384 
-32.7664 2.74613 20.0425 -32.9215 3.11286 19.1258 -33.0028 3.43601 18.1839 
-33.0104 3.71734 17.2249 -32.9377 3.94672 16.2548 -32.8216 4.14184 15.2811 
-32.6722 4.30752 14.3064 -32.506 4.45456 13.3314 -32.3307 4.5739 12.3543 
-32.1597 4.6626 11.3731 -32.0178 4.70662 10.3845 -31.9048 4.7256 9.39115 
-31.7968 4.74192 8.39716 -31.6686 4.76528 7.40581 -31.4935 4.79737 6.42199 
-31.2796 4.83504 5.44596 -31.0316 4.87404 4.47806 -30.7577 4.91577 3.51731 
-30.4551 4.96529 2.56552 -30.1322 5.01255 1.62034 -29.7879 5.04992 0.682265 
-29.4256 5.0801 -0.249298 -29.0547 5.10044 -1.17772 -28.6762 5.11127 -2.10323 
-28.2749 5.11336 -3.01909 -27.8414 5.10345 -3.9199 -27.3312 5.0803 -4.77876 
-26.7498 5.02668 -5.58912 -26.083 4.91678 -6.32503 -25.3699 4.76053 -7.00786 
-24.6215 4.5716 -7.64288 -23.8351 4.35653 -8.2206 -23.0416 4.0427 -8.73817 
-22.3386 3.53458 -9.21393 -21.8465 2.77914 -9.6419 -21.4187 1.99353 -10.0883 
-20.9941 1.23637 -10.5838 -20.5527 0.550137 -11.1567 -20.0882 0.0171152 -11.8619 
-19.6499 -0.409294 -12.6486 -19.2861 -0.698567 -13.531 -19.0183 -0.90588 -14.4708 
-18.8522 -1.09062 -15.4388 -18.7446 -1.2985 -16.4106 -18.6762 -1.5548 -17.3746 
-18.6225 -1.84873 -18.3288 -18.5688 -2.18142 -19.2702 -18.5145 -2.54123 -20.2015 
-18.474 -2.91612 -21.1277 -18.4496 -3.2862 -22.0564 -18.4573 -3.64013 -22.9914 
-18.4767 -3.96858 -23.9356 -18.4833 -4.24537 -24.8962 -18.47 -4.46996 -25.8702 
-18.4215 -4.64015 -26.8541 -18.3311 -4.76636 -27.8414 -18.1701 -4.79328 -28.8263 
-17.9972 -4.68513 -29.8026 -18.0073 -4.42156 -30.7563 -25.9063 -3.19892 35.2699 
-26.4087 -3.34275 34.4175 -26.9328 -3.44658 33.5725 -27.4581 -3.46371 32.7234 
-27.9576 -3.38831 31.8611 -28.4163 -3.22853 30.9877 -28.8452 -2.99974 30.1144 
-29.258 -2.70736 29.252 -29.6685 -2.37277 28.4039 -30.0978 -1.99884 27.582 
-30.5399 -1.61888 26.7696 -30.9806 -1.24306 25.9543 -31.3967 -0.873459 25.1237 
-31.7699 -0.505447 24.2724 -32.0881 -0.131458 23.4016 -32.3507 0.270419 22.5246 
-32.5864 0.695015 21.6506 -32.8095 1.12176 20.7742 -33.0106 1.53214 19.885 
-33.1426 1.91056 18.9697 -33.1971 2.25556 18.0334 -33.1632 2.55836 17.0818 
-33.0575 2.81492 16.1217 -32.9071 3.02176 15.155 -32.7462 3.20864 14.186 
-32.582 3.37573 13.2138 -32.4212 3.52189 12.2378 -32.2745 3.63833 11.2556 
-32.1512 3.73129 10.2677 -32.0636 3.80291 9.2742 -31.9802 3.86904 8.27989 
-31.8672 3.94057 7.28904 -31.7168 4.01499 6.30334 -31.5243 4.09005 5.32511 
-31.2913 4.16444 4.35563 -31.0273 4.24053 3.39418 -30.7407 4.32535 2.43993 
-30.426 4.41572 1.49518 -30.0857 4.49761 0.558537 -29.7207 4.56086 -0.370307 
-29.3405 4.61623 -1.29356 -28.9449 4.65474 -2.21108 -28.528 4.6834 -3.11947 
-28.0658 4.70271 -4.0057 -27.5376 4.7037 -4.85374 -26.9175 4.66211 -5.63548 
-26.2298 4.5684 -6.35398 -25.5006 4.42196 -7.02193 -24.7467 4.24564 -7.65455 
-23.9628 4.03469 -8.23731 -23.1731 3.72675 -8.76219 -22.4699 3.21147 -9.23794 
-21.9286 2.5113 -9.69475 -21.4841 1.75263 -10.1702 -21.0392 1.0276 -10.695 
-20.5871 0.37619 -11.2976 -20.1177 -0.142346 -12.0102 -19.6857 -0.536176 -12.8171 
-19.3358 -0.788079 -13.7162 -19.0919 -0.959153 -14.6696 -18.93 -1.11778 -15.6432 
-18.827 -1.30934 -16.6189 -18.7566 -1.54684 -17.5874 -18.7015 -1.83199 -18.5441 
-18.6436 -2.15477 -19.4887 -18.589 -2.50619 -20.4232 -18.5507 -2.86837 -21.3545 
-18.5302 -3.22233 -22.2895 -18.5386 -3.56248 -23.2297 -18.5595 -3.87172 -24.1803 
-18.561 -4.13936 -25.1435 -18.5342 -4.34309 -26.1218 -18.4761 -4.49896 -27.1075 
-18.3663 -4.58973 -28.0963 -18.1972 -4.57358 -29.0798 -18.0668 -4.39497 -30.0501 
-18.1779 -4.11718 -30.9929 -18.6279 -4.32646 -31.3891 -26.2481 -0.481117 37.0653 
-26.4292 -0.44506 36.4944 -26.7146 -0.382174 35.5381 -26.9973 -0.327069 34.5805 
-27.2961 -0.283882 33.6272 -27.6193 -0.249157 32.6816 -27.9686 -0.220317 31.7451 
-28.3419 -0.194881 30.8178 -28.7488 -0.162234 29.9051 -29.1881 -0.0858728 29.0105 
-29.6489 0.049769 28.1339 -30.1149 0.241581 27.2704 -30.5722 0.470446 26.4111 
-31.0025 0.72224 25.5445 -31.3812 0.990933 24.6594 -31.6938 1.28518 23.7566 
-31.9353 1.60672 22.8417 -32.1379 1.95505 21.9265 -32.3382 2.33571 21.0239 
-32.542 2.73018 20.1278 -32.7135 3.106 19.2178 -32.8265 3.44408 18.284 
-32.8503 3.72968 17.3269 -32.8029 3.97212 16.3585 -32.6942 4.17065 15.3847 
-32.5547 4.34511 14.41 -32.3884 4.49318 13.4352 -32.2087 4.61489 12.4592 
-32.0284 4.69415 11.479 -31.8708 4.73408 10.4924 -31.751 4.74991 9.49989 
-31.6441 4.76336 8.50573 -31.5154 4.78544 7.51446 -31.3476 4.81431 6.52922 
-31.1347 4.84727 5.55284 -30.889 4.87959 4.58414 -30.6082 4.91666 3.62515 
-30.304 4.95704 2.67349 -29.9751 4.99162 1.72979 -29.6271 5.01927 0.792763 
-29.2566 5.03717 -0.135867 -28.8796 5.04529 -1.06202 -28.4905 5.04466 -1.98319 
-28.0829 5.03393 -2.89621 -27.632 5.01138 -3.7881 -27.1217 4.9821 -4.6466 
-26.5138 4.91437 -5.43577 -25.8251 4.80575 -6.15104 -25.0693 4.65563 -6.78772 
-24.2716 4.50049 -7.36951 -23.4335 4.34878 -7.89303 -22.5927 4.16705 -8.39745 
-21.9149 3.65849 -8.86936 -21.4641 2.84993 -9.23902 -21.0361 2.05071 -9.65999 
-20.5982 1.31224 -10.1648 -20.1224 0.730176 -10.822 -19.6575 0.231148 -11.5516 
-19.2177 -0.182586 -12.3474 -18.8349 -0.539276 -13.1982 -18.5741 -0.832545 -14.1163 
-18.4116 -1.12483 -15.0578 -18.3362 -1.47244 -15.9918 -18.296 -1.85805 -16.9134 
-18.2765 -2.2664 -17.826 -18.2639 -2.69146 -18.731 -18.2567 -3.13569 -19.6269 
-18.2626 -3.58962 -20.5178 -18.2964 -4.04121 -21.4093 -18.356 -4.47348 -22.3089 
-18.4492 -4.86753 -23.2231 -18.5586 -5.2127 -24.1548 -18.6706 -5.48963 -25.1087 
-18.7668 -5.70989 -26.0791 -18.8236 -5.90042 -27.0588 -18.832 -6.07065 -28.0438 
-18.7951 -6.13155 -29.0392 -18.7769 -6.04263 -30.0327 -18.8076 -5.8566 -31.0143 
-26.3323 -0.37841 37.0513 -26.5714 -0.326324 36.2897 -26.8522 -0.256816 35.3324 
-27.1299 -0.192589 34.3739 -27.4257 -0.139488 33.4203 -27.7451 -0.0955582 32.4737 
-28.0895 -0.0593389 31.5357 -28.4571 -0.0292663 30.6063 -28.8613 0.00509389 29.6924 
-29.2948 0.0791549 28.7948 -29.7538 0.219648 27.9179 -30.2167 0.407234 27.0518 
-30.6696 0.63661 26.1903 -31.0993 0.886559 25.3228 -31.4737 1.15369 24.4354 
-31.7843 1.44738 23.532 -32.0225 1.76943 22.616 -32.2287 2.11954 21.7024 
-32.4331 2.50418 20.8023 -32.6382 2.89848 19.9065 -32.8099 3.27359 18.9962 
-32.9113 3.604 18.0586 -32.9245 3.88267 17.0993 -32.8736 4.12152 16.13 
-32.761 4.31426 15.1555 -32.6175 4.4818 14.1803 -32.4499 4.62489 13.2049 
-32.2719 4.74318 12.2281 -32.0967 4.82431 11.2471 -31.9436 4.86635 10.26 
-31.8269 4.87677 9.26697 -31.7144 4.88552 8.27337 -31.5747 4.90333 7.2835 
-31.3917 4.92952 6.30096 -31.1687 4.96134 5.32675 -30.9184 4.99347 4.35919 
-30.6358 5.03173 3.4008 -30.3289 5.07446 2.45007 -30.0009 5.11204 1.50617 
-29.6544 5.14162 0.568622 -29.3628 5.15903 -0.176103 -28.993 5.17203 -1.10512 
-28.6152 5.17675 -2.03098 -28.2166 5.17156 -2.94798 -27.7891 5.15454 -3.85166 
-27.2845 5.12664 -4.71362 -26.7086 5.06922 -5.52767 -26.0391 4.95752 -6.26094 
-25.3246 4.80327 -6.9425 -24.5685 4.61876 -7.56964 -23.7714 4.41647 -8.13751 
-22.9674 4.13184 -8.65329 -22.2699 3.62146 -9.12703 -21.7841 2.85084 -9.53612 
-21.3582 2.05657 -9.96885 -20.9403 1.28674 -10.4501 -20.4952 0.607319 -11.0282 
-20.0325 0.0607555 -11.7237 -19.5911 -0.379665 -12.5014 -19.2194 -0.6903 -13.3734 
-18.9479 -0.920341 -14.3063 -18.7793 -1.11739 -15.2716 -18.6712 -1.3397 -16.2402 
-18.6057 -1.61162 -17.2001 -18.5579 -1.92011 -18.1499 -18.5121 -2.26104 -19.0888 
-18.4648 -2.63174 -20.0163 -18.4261 -3.01676 -20.9383 -18.4059 -3.40076 -21.8614 
-18.4161 -3.76896 -22.791 -18.4394 -4.11255 -23.7296 -18.4631 -4.40687 -24.6847 
-18.4675 -4.64287 -25.656 -18.4386 -4.82667 -26.6383 -18.3666 -4.97125 -27.6246 
-18.2331 -5.04442 -28.6118 -18.0634 -4.99027 -29.5936 -18.0292 -4.77271 -30.5594 
-26.535 0.535217 37.0306 -26.8123 0.63797 36.0753 -27.0752 0.752805 35.1174 
-27.3365 0.872108 34.1595 -27.6122 0.990711 33.2057 -27.9143 1.10894 32.2598 
-28.2506 1.22554 31.3254 -28.6152 1.34287 30.4018 -29.0183 1.48343 29.4977 
-29.4382 1.6448 28.6046 -29.8632 1.83417 27.7196 -30.2855 2.05301 26.84 
-30.694 2.29428 25.9598 -31.0737 2.55231 25.0716 -31.3971 2.83066 24.1678 
-31.656 3.12849 23.2495 -31.8432 3.44313 22.3191 -32.0164 3.7705 21.3903 
-32.2224 4.12363 20.4779 -32.4534 4.49119 19.5771 -32.6486 4.83462 18.659 
-32.7799 5.1372 17.716 -32.8202 5.38372 16.7484 -32.7942 5.58939 15.7708 
-32.6984 5.75082 14.7888 -32.5558 5.88425 13.8083 -32.3756 5.99073 12.8306 
-32.1746 6.0627 11.8539 -31.9734 6.07915 10.8748 -31.7938 6.05089 9.89168 
-31.6356 6.00285 8.90544 -31.472 5.96105 7.91988 -31.2763 5.93818 6.9396 
-31.0514 5.93044 5.96533 -30.8039 5.93345 4.99653 -30.5326 5.94567 4.03415 
-30.2387 5.96039 3.07849 -29.9306 5.97174 2.12722 -29.6046 5.97502 1.1819 
-29.3352 5.97189 0.428619 -29.1984 5.96744 0.0527802 -28.9245 5.95575 -0.698792 
-28.5798 5.93814 -1.63733 -28.2232 5.91328 -2.57116 -27.8452 5.87494 -3.49606 
-27.4156 5.82766 -4.39731 -26.9295 5.76235 -5.26835 -26.3598 5.65255 -6.08134 
-25.7274 5.49347 -6.83834 -25.0489 5.28322 -7.54171 -24.3499 5.03645 -8.21256 
-23.613 4.72051 -8.80741 -22.9014 4.2665 -9.33741 -22.307 3.64015 -9.83401 
-21.8282 2.90793 -10.3162 -21.3912 2.16385 -10.8213 -20.9594 1.43606 -11.3538 
-20.505 0.809215 -11.9828 -20.0464 0.294567 -12.7043 -19.6255 -0.104798 -13.5151 
-19.2849 -0.376373 -14.4127 -19.0563 -0.585602 -15.3628 -18.8899 -0.796864 -16.3256 
-18.7828 -1.04152 -17.289 -18.7006 -1.32287 -18.2449 -18.6281 -1.64788 -19.1877 
-18.5531 -1.99778 -20.1215 -18.4947 -2.36248 -21.0506 -18.4706 -2.72469 -21.9823 
-18.4677 -3.0689 -22.9211 -18.4827 -3.39423 -23.8665 -18.497 -3.68079 -24.8241 
-18.4761 -3.91212 -25.7961 -18.4051 -4.07749 -26.7792 -18.2829 -4.17513 -27.7659 
-18.0816 -4.16911 -28.7434 -17.8339 -4.02248 -29.6987 -17.6532 -3.67146 -30.5677 
-26.4268 1.29544 37.2001 -26.5936 1.36562 36.628 -26.8565 1.49052 35.6714 
-27.1034 1.62873 34.7122 -27.3503 1.77787 33.7548 -27.6118 1.93816 32.8031 
-27.9093 2.11252 31.8646 -28.2446 2.29842 30.9412 -28.62 2.49998 30.0367 
-29.02 2.72109 29.1474 -29.4254 2.95773 28.2644 -29.8257 3.21067 27.3836 
-30.2178 3.48563 26.5058 -30.5943 3.77584 25.6261 -30.9302 4.08031 24.7352 
-31.2029 4.39734 23.8274 -31.39 4.71476 22.8984 -31.533 5.02452 21.9585 
-31.7268 5.33761 21.03 -32.0095 5.66749 20.1299 -32.3003 6.00001 19.233 
-32.5414 6.30777 18.3131 -32.7136 6.57767 17.3665 -32.8005 6.80163 16.3969 
-32.7993 6.97618 15.4131 -32.7199 7.10656 14.4256 -32.5554 7.19149 13.4435 
-32.3337 7.23857 12.4699 -32.0731 7.23285 11.5047 -31.802 7.17683 10.5441 
-31.5494 7.08005 9.58144 -31.319 6.97908 8.61362 -31.0951 6.90194 7.64214 
-30.8603 6.8476 6.67172 -30.6053 6.81819 5.70524 -30.3377 6.80112 4.74191 
-30.0551 6.78931 3.78277 -29.7611 6.77502 2.8271 -29.4523 6.75271 1.87624 
-29.1324 6.71968 0.929392 -28.8065 6.67884 -0.0151301 -28.4802 6.63592 -0.959386 
-28.1499 6.58602 -1.90197 -27.8086 6.52525 -2.83991 -27.4319 6.45357 -3.76328 
-27.0162 6.37319 -4.66898 -26.539 6.2681 -5.54033 -25.9902 6.12469 -6.36305 
-25.3659 5.92127 -7.11607 -24.6994 5.66973 -7.81695 -23.9884 5.37498 -8.45344 
-23.2582 4.9882 -9.01433 -22.6017 4.43976 -9.51847 -22.0772 3.73483 -9.99239 
-21.6452 2.96028 -10.4539 -21.2259 2.19278 -10.9386 -20.8058 1.45624 -11.4639 
-20.3547 0.823738 -12.091 -19.9059 0.302839 -12.815 -19.493 -0.1012 -13.627 
-19.178 -0.372401 -14.5345 -18.958 -0.599232 -15.4825 -18.811 -0.830678 -16.4438 
-18.7073 -1.09118 -17.4035 -18.6301 -1.39529 -18.3528 -18.5569 -1.73043 -19.292 
-18.4809 -2.09184 -20.2213 -18.4228 -2.46442 -21.1474 -18.3965 -2.83086 -22.0774 
-18.3847 -3.18056 -23.0141 -18.3961 -3.50497 -23.9598 -18.3994 -3.79287 -24.9172 
-18.36 -4.01822 -25.8902 -18.2812 -4.18699 -26.8722 -18.1428 -4.28201 -27.8569 
-17.9371 -4.29621 -28.8342 -17.6828 -4.1295 -29.7831 -17.5536 -3.78417 -30.6993 
-26.3718 1.32123 37.2873 -26.5955 1.41483 36.5249 -26.8578 1.54076 35.5683 
-27.1028 1.68194 34.6091 -27.3491 1.83319 33.6518 -27.6135 1.99726 32.7016 
-27.9105 2.17501 31.7635 -28.2529 2.3665 30.8439 -28.6294 2.57254 29.9408 
-29.0319 2.80036 29.0543 -29.4368 3.04145 28.1723 -29.8358 3.3007 27.2928 
-30.2261 3.57942 26.4154 -30.5984 3.87394 25.5353 -30.933 4.18061 24.6446 
-31.1905 4.50035 23.7334 -31.3668 4.81754 22.8023 -31.5017 5.12466 21.8604 
-31.6957 5.4359 20.9315 -31.9898 5.76448 20.0343 -32.2958 6.09924 19.1431 
-32.5403 6.40453 18.2236 -32.7108 6.67014 17.2757 -32.7938 6.8886 16.3043 
-32.7963 7.06229 15.3204 -32.7026 7.18268 14.3328 -32.5336 7.26284 13.3512 
-32.3033 7.30019 12.3791 -32.0372 7.28852 11.4156 -31.7628 7.22073 10.4566 
-31.5065 7.11889 9.49549 -31.2739 7.01746 8.52826 -31.0476 6.93654 7.55764 
-30.8084 6.88494 6.58813 -30.5527 6.85382 5.62191 -30.2817 6.83703 4.6595 
-29.9995 6.82318 3.70028 -29.7028 6.80585 2.74549 -29.3937 6.781 1.79477 
-29.0726 6.74383 0.848487 -28.7467 6.70068 -0.0958997 -28.4202 6.65503 -1.04 
-28.09 6.60241 -1.98242 -27.7441 6.53715 -2.91838 -27.3675 6.46333 -3.8416 
-26.9455 6.37874 -4.74401 -26.4627 6.26993 -5.61184 -25.902 6.11649 -6.42421 
-25.2736 5.91102 -7.17315 -24.5945 5.65366 -7.86004 -23.8681 5.35373 -8.47589 
-23.1284 4.96306 -9.02163 -22.4867 4.39147 -9.51475 -21.991 3.65456 -9.97077 
-21.5705 2.86391 -10.4152 -21.1616 2.08377 -10.8885 -20.7532 1.32732 -11.3947 
-20.3015 0.709076 -12.0353 -19.8533 0.191182 -12.7611 -19.4538 -0.183271 -13.5938 
-19.1401 -0.451283 -14.5029 -18.9299 -0.673744 -15.4544 -18.7859 -0.90121 -16.4171 
-18.689 -1.16332 -17.377 -18.6136 -1.46445 -18.3274 -18.5426 -1.80517 -19.2648 
-18.4683 -2.16611 -20.1944 -18.414 -2.54147 -21.1196 -18.3843 -2.91069 -22.0484 
-18.3728 -3.26224 -22.9844 -18.384 -3.59215 -23.9282 -18.3812 -3.8755 -24.8868 
-18.3451 -4.10928 -25.8581 -18.2666 -4.27559 -26.8406 -18.1428 -4.38685 -27.826 
-17.9365 -4.39859 -28.8027 -17.6969 -4.25945 -29.7589 -17.5846 -3.92062 -30.6844 
-26.6165 -1.03442 34.9894 -26.863 -1.04469 34.2284 -27.191 -1.07482 33.2844 
-27.5517 -1.11116 32.3524 -27.9366 -1.14163 31.4301 -28.3491 -1.15075 30.5194 
-28.7892 -1.12514 29.6222 -29.2535 -1.02483 28.7429 -29.7298 -0.839576 27.8841 
-30.208 -0.593725 27.0411 -30.6755 -0.318116 26.2014 -31.1185 -0.0266446 25.3536 
-31.519 0.271633 24.4877 -31.8452 0.592532 23.5991 -32.1088 0.931556 22.6964 
-32.3251 1.30618 21.795 -32.5338 1.70631 20.9026 -32.7387 2.11059 20.0112 
-32.9086 2.49372 19.1039 -33.0018 2.83436 18.169 -33.019 3.13594 17.2168 
-32.9455 3.38579 16.2518 -32.8234 3.59649 15.2821 -32.6734 3.77825 14.3104 
-32.5101 3.938 13.3369 -32.3411 4.07366 12.3607 -32.1773 4.17912 11.38 
-32.0343 4.2494 10.393 -31.9233 4.29261 9.40021 -31.8274 4.3302 8.40555 
-31.7133 4.37473 7.41319 -31.5521 4.4252 6.42779 -31.3491 4.47823 5.45018 
-31.1071 4.53045 4.48143 -30.837 4.58301 3.52012 -30.5389 4.64548 2.56768 
-30.2186 4.70782 1.62247 -29.8721 4.75776 0.685807 -29.5065 4.79935 -0.243986 
-29.1276 4.83036 -1.16889 -28.7392 4.849 -2.09017 -28.3262 4.85857 -3.00069 
-27.8788 4.85634 -3.89476 -27.3517 4.83938 -4.7433 -26.7505 4.79198 -5.53951 
-26.0591 4.68734 -6.25329 -25.3262 4.5423 -6.91728 -24.5547 4.37004 -7.529 
-23.7462 4.17968 -8.08478 -22.9342 3.90237 -8.59123 -22.2451 3.37031 -9.05379 
-21.7396 2.61724 -9.46902 -21.2983 1.8384 -9.9143 -20.8687 1.08655 -10.4127 
-20.4118 0.437698 -11.0161 -19.9467 -0.0891925 -11.7257 -19.5105 -0.506638 -12.5187 
-19.1511 -0.801443 -13.4014 -18.8914 -1.02258 -14.3403 -18.7373 -1.22003 -15.3078 
-18.6383 -1.44773 -16.2761 -18.5807 -1.72697 -17.2343 -18.5396 -2.04136 -18.1826 
-18.5002 -2.39039 -19.1187 -18.4603 -2.7656 -20.0448 -18.4279 -3.15366 -20.9658 
-18.4174 -3.5413 -21.8875 -18.4344 -3.91098 -22.8164 -18.4655 -4.2515 -23.7559 
-18.5008 -4.54438 -24.711 -18.5149 -4.77747 -25.6829 -18.4939 -4.95991 -26.6657 
-18.4307 -5.10681 -27.6524 -18.3113 -5.18331 -28.641 -18.1709 -5.12322 -29.626 
-18.1471 -4.90453 -30.596 -26.3539 0.904793 37.3033 -26.5853 0.989298 36.5422 
-26.8584 1.10682 35.5874 -27.1141 1.2379 34.6296 -27.3689 1.37533 33.6725 
-27.6421 1.51753 32.7211 -27.9401 1.66495 31.7781 -28.2797 1.8214 30.8508 
-28.6563 1.98888 29.9399 -29.0627 2.17758 29.046 -29.479 2.38526 28.1609 
-29.8928 2.6169 27.2805 -30.2984 2.86948 26.4021 -30.6847 3.14045 25.5206 
-31.0387 3.4249 24.6298 -31.317 3.72811 23.7192 -31.5181 4.04131 22.7917 
-31.6563 4.35528 21.8525 -31.8257 4.67955 20.9223 -32.0768 5.02658 20.0192 
-32.3414 5.37611 19.1206 -32.5497 5.69161 18.1956 -32.686 5.96417 17.244 
-32.7364 6.18693 16.2714 -32.7052 6.36267 15.2882 -32.6 6.49597 14.3032 
-32.4338 6.59571 13.3226 -32.2194 6.65795 12.3482 -31.9808 6.67213 11.3774 
-31.7457 6.63122 10.4066 -31.5347 6.55764 9.43197 -31.3411 6.48467 8.45366 
-31.1411 6.43005 7.47543 -30.9181 6.39663 6.50128 -30.6719 6.38021 5.53226 
-30.4042 6.37626 4.56882 -30.1197 6.37529 3.61017 -29.819 6.37076 2.65649 
-29.503 6.35962 1.70782 -29.1723 6.33634 0.764385 -28.9039 6.31175 0.0111847 
-28.6339 6.2847 -0.741395 -28.2935 6.24738 -1.68093 -27.9421 6.19966 -2.61589 
-27.5663 6.14054 -3.54054 -27.1407 6.07224 -4.44251 -26.6622 5.98377 -5.31561 
-26.0924 5.85238 -6.12553 -25.4534 5.67325 -6.8722 -24.7566 5.4464 -7.55173 
-24.0162 5.20414 -8.17768 -23.2382 4.90868 -8.73099 -22.521 4.4493 -9.23188 
-22.0231 3.70102 -9.66397 -21.611 2.88886 -10.0756 -21.2137 2.08763 -10.5222 
-20.811 1.30995 -11.0042 -20.3698 0.658175 -11.614 -19.9134 0.11356 -12.3169 
-19.4909 -0.300898 -13.1184 -19.1553 -0.582718 -14.0146 -18.9265 -0.80128 -14.962 
-18.7797 -1.01218 -15.928 -18.6855 -1.26018 -16.8919 -18.6163 -1.54593 -17.8475 
-18.5567 -1.87294 -18.7905 -18.493 -2.22814 -19.723 -18.4354 -2.60409 -20.6478 
-18.3967 -2.9835 -21.5722 -18.3798 -3.35025 -22.5022 -18.3906 -3.69864 -23.4394 
-18.4022 -4.01025 -24.3893 -18.3911 -4.26919 -25.3547 -18.3483 -4.46421 -26.3342 
-18.2721 -4.61757 -27.319 -18.1264 -4.69751 -28.3039 -17.9223 -4.67134 -29.2802 
-17.7799 -4.44688 -30.2376 -17.9311 -4.10806 -31.1483 -26.5657 0.107517 37.2646 
-26.8437 0.196315 36.3082 -27.1098 0.292477 35.3491 -27.3771 0.386467 34.3901 
-27.6586 0.473129 33.4344 -27.9685 0.551971 32.4871 -28.3014 0.621727 31.5467 
-28.6613 0.679527 30.6157 -29.056 0.752228 29.7001 -29.4795 0.854373 28.8 
-29.9168 0.991529 27.9115 -30.3583 1.1755 27.0334 -30.7911 1.39322 26.1588 
-31.1894 1.63879 25.2752 -31.5413 1.90401 24.378 -31.8189 2.19743 23.4637 
-32.0454 2.51471 22.543 -32.2448 2.86215 21.627 -32.4544 3.23887 20.7248 
-32.6616 3.6195 19.8237 -32.8296 3.97646 18.9054 -32.9187 4.28337 17.9586 
-32.935 4.54489 16.9944 -32.8752 4.75692 16.0195 -32.7654 4.93359 15.0416 
-32.6138 5.08043 14.0643 -32.4401 5.20745 13.0877 -32.2531 5.30261 12.1102 
-32.0729 5.35549 11.1282 -31.9219 5.35955 10.1398 -31.7928 5.34611 9.14834 
-31.6584 5.33451 8.15757 -31.4902 5.33547 7.17198 -31.2819 5.34841 6.19412 
-31.0439 5.36795 5.22312 -30.7759 5.39301 4.26011 -30.486 5.42331 3.3036 
-30.1728 5.45189 2.35438 -29.8423 5.47325 1.41082 -29.5649 5.48489 0.66058 
-29.2807 5.49093 -0.0871943 -28.9219 5.4898 -1.02061 -28.5555 5.48344 -1.95103 
-28.1687 5.46596 -2.87291 -27.7435 5.43591 -3.77725 -27.2525 5.39405 -4.64669 
-26.6857 5.31866 -5.46557 -26.032 5.19154 -6.20942 -25.3196 5.02222 -6.88965 
-24.5612 4.82819 -7.51138 -23.7633 4.63535 -8.08117 -22.9496 4.38523 -8.60041 
-22.2687 3.86255 -9.06986 -21.7913 3.08166 -9.4663 -21.3722 2.27348 -9.87945 
-20.9686 1.48288 -10.3374 -20.5293 0.781075 -10.8937 -20.0678 0.214712 -11.574 
-19.6162 -0.263305 -12.3246 -19.2275 -0.601285 -13.1796 -18.9265 -0.863766 -14.0946 
-18.7461 -1.07801 -15.0537 -18.6336 -1.31094 -16.0192 -18.5655 -1.58991 -16.9768 
-18.5185 -1.90437 -17.9247 -18.4768 -2.25146 -18.8616 -18.4338 -2.62761 -19.7871 
-18.3948 -3.02054 -20.7058 -18.3764 -3.41476 -21.6245 -18.3859 -3.79572 -22.5489 
-18.4123 -4.15166 -23.483 -18.446 -4.46077 -24.433 -18.4665 -4.71435 -25.3997 
-18.451 -4.90732 -26.3805 -18.4 -5.06931 -27.3657 -18.287 -5.17034 -28.3531 
-18.1303 -5.16612 -29.3386 -18.0531 -4.97435 -30.3118 -18.2082 -4.73455 -31.2541 
-26.1343 -0.435932 37.0948 -26.3841 -0.388095 36.3364 -26.6752 -0.321688 35.3821 
-26.9589 -0.257496 34.4254 -27.2572 -0.202703 33.4725 -27.5789 -0.154251 32.527 
-27.9264 -0.109978 31.5904 -28.2978 -0.065033 30.6632 -28.705 -0.0144399 29.7512 
-29.1394 0.0676308 28.8547 -29.5987 0.211878 27.9785 -30.0625 0.403022 27.1136 
-30.5165 0.63103 26.2524 -30.9468 0.879017 25.3847 -31.3266 1.14098 24.4981 
-31.6376 1.4293 23.5931 -31.8603 1.75018 22.673 -32.0494 2.09286 21.7528 
-32.2404 2.47026 20.8469 -32.4426 2.86435 19.9503 -32.6241 3.24463 19.0438 
-32.746 3.58455 18.1121 -32.7785 3.87086 17.1555 -32.7446 4.11761 16.1875 
-32.6429 4.31747 15.2132 -32.5044 4.48928 14.2381 -32.3374 4.63554 13.2631 
-32.155 4.75291 12.2871 -31.9698 4.83206 11.3077 -31.8086 4.86818 10.3218 
-31.685 4.87768 9.32951 -31.572 4.88637 8.33598 -31.435 4.904 7.3457 
-31.2551 4.92861 6.36255 -31.034 4.95673 5.38779 -30.7794 4.98579 4.42132 
-30.4923 5.01996 3.46413 -30.1812 5.05464 2.51446 -29.8472 5.08226 1.57233 
-29.4927 5.10311 0.637547 -29.1958 5.11201 -0.105259 -28.8192 5.11428 -1.0316 
-28.4319 5.10991 -1.95356 -28.0236 5.09171 -2.86613 -27.5779 5.06444 -3.76038 
-27.0629 5.02875 -4.6159 -26.4676 4.96399 -5.41508 -25.7717 4.84847 -6.12242 
-25.0189 4.70111 -6.76281 -24.2174 4.5497 -7.34046 -23.3778 4.40718 -7.86392 
-22.5425 4.22585 -8.37131 -21.8642 3.72876 -8.85006 -21.4377 2.89857 -9.20826 
-21.0101 2.09575 -9.62256 -20.5608 1.38043 -10.1496 -20.0838 0.795196 -10.8019 
-19.6187 0.298958 -11.533 -19.1742 -0.117142 -12.3254 -18.7903 -0.475426 -13.1749 
-18.5178 -0.780185 -14.0855 -18.3668 -1.09401 -15.0216 -18.2907 -1.45689 -15.9497 
-18.256 -1.8632 -16.8626 -18.2396 -2.28724 -17.7681 -18.2312 -2.72539 -18.6669 
-18.2285 -3.18016 -19.5574 -18.2429 -3.64457 -20.4429 -18.2828 -4.10639 -21.3288 
-18.3538 -4.5451 -22.2245 -18.4538 -4.94969 -23.1332 -18.5755 -5.29931 -24.0618 
-18.7057 -5.58892 -25.0096 -18.8233 -5.81336 -25.9766 -18.9072 -6.00895 -26.9534 
-18.9308 -6.17758 -27.9383 -18.9128 -6.26078 -28.933 -18.9002 -6.17943 -29.9274 
-18.9163 -6.00373 -30.9114 -26.5378 -1.29654 35.5541 -26.7779 -1.32392 34.7917 
-27.1025 -1.39656 33.8489 -27.4664 -1.48763 32.9221 -27.8612 -1.57641 32.0078 
-28.2887 -1.63182 31.1057 -28.7375 -1.64355 30.2125 -29.2037 -1.55088 29.3344 
-29.6686 -1.34737 28.4739 -30.1384 -1.05782 27.6403 -30.6087 -0.738662 26.8176 
-31.0613 -0.408178 25.9895 -31.4827 -0.0762403 25.1458 -31.8481 0.263117 24.2792 
-32.1605 0.616661 23.3979 -32.4183 1.00347 22.5128 -32.6593 1.41278 21.6329 
-32.89 1.82694 20.7524 -33.088 2.22738 19.858 -33.2167 2.59932 18.9395 
-33.2693 2.93472 17.9999 -33.2245 3.21718 17.0422 -33.1224 3.45716 16.0774 
-32.9785 3.65029 15.1069 -32.8191 3.81839 14.1342 -32.6544 3.96846 13.1594 
-32.4928 4.0994 12.1812 -32.3462 4.2033 11.1977 -32.2281 4.28066 10.2079 
-32.1395 4.33377 9.21328 -32.0475 4.37939 8.21861 -31.9138 4.42617 7.22888 
-31.7407 4.479 6.24555 -31.5225 4.53822 5.27158 -31.2753 4.59957 4.30464 
-30.9992 4.66596 3.34587 -30.7029 4.73987 2.39366 -30.3817 4.81457 1.44967 
-30.0377 4.87728 0.512917 -29.6733 4.92744 -0.41698 -29.302 4.9726 -1.34437 
-28.9191 5.00448 -2.26756 -28.5142 5.02767 -3.18155 -28.0599 5.03923 -4.07162 
-27.5372 5.02982 -4.92323 -26.9274 4.97215 -5.7119 -26.2548 4.86124 -6.4429 
-25.5445 4.69484 -7.12635 -24.8171 4.49199 -7.78152 -24.0546 4.24157 -8.37631 
-23.2966 3.87984 -8.91462 -22.6305 3.32703 -9.40954 -22.0945 2.64669 -9.90247 
-21.6396 1.91012 -10.4021 -21.1827 1.20897 -10.9489 -20.7268 0.56856 -11.5611 
-20.2543 0.0585136 -12.2777 -19.8162 -0.328361 -13.0857 -19.4599 -0.577812 -13.9831 
-19.2108 -0.750099 -14.9348 -19.0393 -0.913002 -15.9061 -18.9236 -1.10251 -16.8807 
-18.8425 -1.33539 -17.8496 -18.7775 -1.61917 -18.806 -18.7124 -1.93864 -19.7513 
-18.6504 -2.2839 -20.6876 -18.621 -2.63699 -21.6227 -18.6188 -2.97729 -22.5629 
-18.6358 -3.30132 -23.5086 -18.6717 -3.59855 -24.4626 -18.688 -3.85049 -25.4297 
-18.6572 -4.03628 -26.4113 -18.5852 -4.16063 -27.4003 -18.4529 -4.18589 -28.3898 
-18.2826 -4.08805 -29.3679 -18.1083 -3.81555 -30.2571 -18.5081 -3.89816 -30.57 
-26.2842 1.73686 37.3039 -26.5113 1.8357 36.5433 -26.7697 1.96727 35.5863 
-27.0084 2.11575 34.6267 -27.2463 2.28066 33.6695 -27.4998 2.46547 32.7201 
-27.7859 2.6716 31.7846 -28.1179 2.89479 30.8685 -28.4953 3.13684 29.9746 
-28.8903 3.39294 29.0924 -29.2871 3.66297 28.2152 -29.6767 3.94554 27.3386 
-30.0581 4.24526 26.4642 -30.4265 4.55751 25.5886 -30.755 4.88271 24.7023 
-31.0158 5.21352 23.7958 -31.2038 5.53486 22.8682 -31.3616 5.84233 21.93 
-31.6074 6.14061 21.0089 -31.9374 6.44695 20.1166 -32.2706 6.76061 19.2278 
-32.5517 7.05731 18.3155 -32.7637 7.32242 17.3758 -32.8849 7.54403 16.4095 
-32.9059 7.71159 15.4252 -32.8323 7.82658 14.4356 -32.6616 7.8913 13.4532 
-32.4219 7.91148 12.4831 -32.1293 7.87454 11.5281 -31.8134 7.78509 10.5837 
-31.5093 7.65642 9.63995 -31.2297 7.52992 8.68829 -30.9733 7.43096 7.72687 
-30.7171 7.35691 6.76316 -30.4517 7.30947 5.80023 -30.1785 7.27623 4.83889 
-29.8957 7.24856 3.88012 -29.6028 7.21825 2.92446 -29.2993 7.17853 1.97247 
-28.9871 7.12824 1.02379 -28.6694 7.07263 0.0772567 -28.2897 7.00289 -1.05894 
-27.9708 6.93655 -2.00442 -27.6315 6.85654 -2.94158 -27.2645 6.76905 -3.86758 
-26.8591 6.673 -4.77644 -26.3987 6.55595 -5.65547 -25.8663 6.39536 -6.48544 
-25.2654 6.18137 -7.25415 -24.6153 5.90534 -7.96151 -23.9207 5.57182 -8.59608 
-23.2139 5.13469 -9.1505 -22.5857 4.55332 -9.65665 -22.0847 3.83302 -10.1341 
-21.6442 3.07212 -10.61 -21.2217 2.31329 -11.1055 -20.7966 1.57982 -11.6334 
-20.3433 0.961237 -12.2728 -19.894 0.426453 -12.9871 -19.4935 0.0412138 -13.8139 
-19.1744 -0.243721 -14.7155 -18.9496 -0.484202 -15.6593 -18.7925 -0.73016 -16.6153 
-18.6831 -1.0044 -17.5706 -18.5979 -1.31572 -18.5169 -18.5192 -1.66266 -19.4513 
-18.4399 -2.02764 -20.379 -18.3836 -2.4009 -21.3048 -18.3613 -2.76679 -22.2351 
-18.3578 -3.10999 -23.1743 -18.3675 -3.43181 -24.121 -18.3644 -3.70985 -25.0811 
-18.3199 -3.92863 -26.0553 -18.2259 -4.08447 -27.0379 -18.0665 -4.16369 -28.0208 
-17.8146 -4.1324 -28.9849 -17.5179 -3.94384 -29.9178 -17.4248 -3.51096 -30.7968 
-26.3857 -1.60161 35.3588 -26.58 -1.63671 34.7922 -26.9286 -1.73195 33.8603 
-27.3154 -1.8551 32.9466 -27.7392 -1.96606 32.0478 -28.1904 -2.03011 31.1581 
-28.6583 -2.01671 30.2753 -29.1307 -1.89692 29.4035 -29.589 -1.65203 28.5501 
-30.0487 -1.34686 27.7164 -30.5138 -1.01401 26.8962 -30.9688 -0.669777 26.075 
-31.3925 -0.328333 25.2363 -31.7716 0.0155945 24.3776 -32.0861 0.372035 23.4981 
-32.3511 0.754391 22.6132 -32.589 1.16388 21.7325 -32.8177 1.58162 20.8532 
-33.0181 1.98413 19.9604 -33.1604 2.36123 19.0458 -33.2194 2.70074 18.1079 
-33.1949 2.99759 17.1544 -33.0948 3.24426 16.1908 -32.9546 3.44661 15.2218 
-32.7963 3.62206 14.2502 -32.632 3.78092 13.2766 -32.4705 3.91604 12.2992 
-32.3213 4.02574 11.3166 -32.202 4.1063 10.3272 -32.1108 4.16648 9.33323 
-32.0207 4.21707 8.33864 -31.9032 4.26958 7.34707 -31.7357 4.32881 6.3632 
-31.5301 4.39167 5.38673 -31.2859 4.45597 4.4192 -31.0153 4.52382 3.459 
-30.7189 4.60072 2.50706 -30.4013 4.6785 1.56211 -30.0567 4.74426 0.62575 
-29.6921 4.79741 -0.303839 -29.3165 4.84283 -1.2295 -28.9302 4.87508 -2.15127 
-28.5187 4.8974 -3.06226 -28.0667 4.90955 -3.95372 -27.5401 4.8996 -4.80262 
-26.9324 4.85046 -5.59361 -26.2428 4.73856 -6.30825 -25.5209 4.58406 -6.98217 
-24.7685 4.39592 -7.613 -23.9785 4.17367 -8.18266 -23.1873 3.8575 -8.70416 
-22.4643 3.38086 -9.18757 -21.9232 2.67479 -9.63856 -21.4785 1.90535 -10.0962 
-21.0442 1.16408 -10.607 -20.599 0.483982 -11.1851 -20.1315 -0.0435028 -11.8925 
-19.6936 -0.459343 -12.6847 -19.3327 -0.733625 -13.573 -19.0708 -0.924538 -14.5177 
-18.9081 -1.09488 -15.489 -18.799 -1.28871 -16.4637 -18.7274 -1.531 -17.431 
-18.6726 -1.81534 -18.388 -18.6166 -2.13962 -19.3321 -18.5602 -2.49176 -20.2663 
-18.5201 -2.85934 -21.1954 -18.4949 -3.221 -22.1273 -18.5011 -3.56727 -23.0653 
-18.5211 -3.88822 -24.0121 -18.5259 -4.16322 -24.9731 -18.507 -4.38157 -25.9485 
-18.4534 -4.54499 -26.9333 -18.3572 -4.65994 -27.9214 -18.1919 -4.66631 -28.9055 
-18.0264 -4.53335 -29.8798 -18.0493 -4.26503 -30.8332 -25.7659 -3.86459 35.1807 
-26.2228 -3.87486 34.5249 -26.7737 -3.86866 33.6907 -27.3106 -3.82508 32.8485 
-27.7988 -3.6945 31.9862 -28.2562 -3.52233 31.1141 -28.6776 -3.29639 30.2361 
-29.0869 -3.02993 29.3636 -29.4944 -2.71401 28.507 -29.9122 -2.36904 27.6666 
-30.3488 -2.01028 26.8416 -30.7906 -1.64428 26.0226 -31.2197 -1.28232 25.1952 
-31.6133 -0.91917 24.351 -31.9462 -0.548492 23.4842 -32.2253 -0.163765 22.6049 
-32.4559 0.255923 21.7271 -32.6709 0.687328 20.8508 -32.8732 1.10648 19.966 
-33.0401 1.50208 19.0632 -33.1196 1.85941 18.1334 -33.1261 2.18619 17.189 
-33.0327 2.46147 16.2329 -32.8922 2.69523 15.2712 -32.7311 2.89831 14.3053 
-32.5667 3.0816 13.3361 -32.4056 3.23944 12.362 -32.2525 3.3707 11.3827 
-32.1206 3.47432 10.397 -32.0209 3.55686 9.40551 -31.9414 3.63246 8.41156 
-31.8508 3.71496 7.41918 -31.7159 3.80171 6.43237 -31.5359 3.8869 5.45256 
-31.3107 3.96779 4.48179 -31.0536 4.04701 3.51873 -30.7687 4.13617 2.56441 
-30.4592 4.23189 1.6184 -30.1189 4.31953 0.682248 -29.7561 4.39033 -0.2468 
-29.3704 4.44754 -1.16764 -28.9708 4.48841 -2.0833 -28.5457 4.51641 -2.98792 
-28.0807 4.5359 -3.87262 -27.5369 4.5349 -4.71068 -26.9147 4.50057 -5.49128 
-26.2115 4.41174 -6.19533 -25.465 4.27993 -6.84684 -24.6865 4.12113 -7.45362 
-23.8808 3.93633 -8.01534 -23.0633 3.65946 -8.51622 -22.2168 3.03995 -9.06662 
-21.699 2.30378 -9.49397 -21.2481 1.54489 -9.96343 -20.8027 0.819031 -10.4846 
-20.3339 0.216479 -11.1282 -19.868 -0.295727 -11.8479 -19.4485 -0.666489 -12.6731 
-19.1094 -0.932762 -13.5725 -18.8851 -1.12715 -14.5262 -18.7437 -1.31183 -15.4984 
-18.6581 -1.53923 -16.4679 -18.604 -1.8104 -17.4287 -18.5651 -2.12195 -18.3781 
-18.5261 -2.46676 -19.3158 -18.4875 -2.84034 -20.2426 -18.4567 -3.22269 -21.166 
-18.4538 -3.60174 -22.0913 -18.4729 -3.96316 -23.0234 -18.5055 -4.2898 -23.9678 
-18.5376 -4.57097 -24.9266 -18.543 -4.78681 -25.9026 -18.5161 -4.96206 -26.8866 
-18.443 -5.09812 -27.874 -18.3172 -5.15284 -28.8633 -18.1984 -5.04238 -29.8464 
-18.2207 -4.80183 -30.812 -26.5595 -0.535126 35.3084 -26.7936 -0.497196 34.5443 
-27.1036 -0.463096 33.5943 -27.4368 -0.432999 32.652 -27.7945 -0.403768 31.7187 
-28.1774 -0.369976 30.7956 -28.5927 -0.32059 29.8875 -29.0368 -0.231789 28.9964 
-29.5016 -0.0840353 28.1237 -29.9715 0.112869 27.2634 -30.4317 0.346578 26.407 
-30.8734 0.598869 25.5462 -31.2705 0.862445 24.6675 -31.6028 1.14776 23.7692 
-31.8461 1.4663 22.8536 -32.0442 1.80612 21.9343 -32.2337 2.17875 21.0261 
-32.4334 2.57412 20.1296 -32.6158 2.95848 19.2249 -32.7426 3.30691 18.2971 
-32.7902 3.60765 17.3454 -32.7572 3.86175 16.3796 -32.6628 4.07431 15.4073 
-32.5294 4.2564 14.4333 -32.3673 4.41076 13.4588 -32.1885 4.53983 12.4835 
-32.0062 4.6299 11.5045 -31.8382 4.68161 10.5203 -31.7102 4.7026 9.52891 
-31.6034 4.7184 8.53476 -31.477 4.7426 7.54323 -31.312 4.77304 6.55756 
-31.1011 4.80652 5.58081 -30.8563 4.83873 4.61187 -30.5753 4.87576 3.65295 
-30.2703 4.91533 2.70149 -29.9395 4.9483 1.75842 -29.5871 4.97425 0.823015 
-29.2144 4.99045 -0.104805 -28.834 4.99613 -1.02955 -28.4403 4.99378 -1.94876 
-28.028 4.98007 -2.85964 -27.5722 4.9558 -3.74896 -27.0525 4.92371 -4.60179 
-26.4405 4.85733 -5.38749 -25.7445 4.75085 -6.09641 -24.9803 4.60855 -6.72449 
-24.1722 4.46589 -7.29486 -23.325 4.32817 -7.80782 -22.4853 4.15205 -8.31592 
-21.8069 3.65348 -8.79457 -21.3489 2.85021 -9.17002 -20.9142 2.05765 -9.59589 
-20.4546 1.36036 -10.1368 -19.9725 0.818972 -10.8244 -19.507 0.345936 -11.5707 
-19.0632 -0.0573195 -12.3706 -18.6778 -0.414173 -13.2197 -18.4224 -0.724663 -14.1339 
-18.2808 -1.06668 -15.0612 -18.2207 -1.46848 -15.9744 -18.1924 -1.90361 -16.8742 
-18.1827 -2.35352 -17.7672 -18.1796 -2.81339 -18.6551 -18.1865 -3.28922 -19.5346 
-18.2101 -3.77184 -20.41 -18.2636 -4.24938 -21.2869 -18.3479 -4.70487 -22.173 
-18.4649 -5.11885 -23.0753 -18.6077 -5.48403 -23.9949 -18.7692 -5.78215 -24.9352 
-18.9284 -6.02137 -25.8926 -19.0547 -6.22226 -26.8638 -19.1216 -6.40254 -27.8446 
-19.1175 -6.48581 -28.8391 -19.0904 -6.43968 -29.8361 -19.071 -6.28148 -30.8229 
-25.776 2.77455 37.2092 -26.0431 2.86556 36.4606 -26.3354 2.99295 35.5131 
-26.5843 3.14093 34.5561 -26.8128 3.32046 33.5994 -27.048 3.53471 32.6515 
-27.3088 3.78385 31.7191 -27.6175 4.05844 30.8088 -27.9799 4.34882 29.9235 
-28.3702 4.64834 29.0529 -28.7658 4.95521 28.1873 -29.1588 5.26774 27.3225 
-29.5411 5.59081 26.4569 -29.9052 5.92294 25.5868 -30.2251 6.25688 24.7005 
-30.4827 6.58743 23.793 -30.6715 6.90602 22.8647 -30.8567 7.19849 21.9272 
-31.2129 7.45279 21.0306 -31.6588 7.69942 20.1707 -32.0973 7.9617 19.3114 
-32.4669 8.23113 18.423 -32.7536 8.4837 17.4998 -32.959 8.70902 16.5483 
-33.049 8.87925 15.5691 -33.0232 8.98835 14.5766 -32.8669 9.038 13.592 
-32.6094 9.02876 12.6268 -32.2761 8.95558 11.6875 -31.8976 8.82702 10.7712 
-31.5083 8.65312 9.86679 -31.1443 8.47978 8.95182 -30.8189 8.33319 8.01799 
-30.5222 8.21906 7.06997 -30.2382 8.13255 6.11513 -29.9567 8.06314 5.15807 
-29.6708 8.00425 4.20164 -29.3803 7.94261 3.24678 -29.0851 7.87147 2.294 
-28.7832 7.79259 1.34395 -28.4144 7.69639 0.206092 -28.0486 7.59799 -0.932554 
-27.7396 7.50644 -1.87919 -27.4128 7.40182 -2.81838 -27.0574 7.28804 -3.74605 
-26.6751 7.17124 -4.66255 -26.2499 7.03826 -5.5574 -25.7695 6.86902 -6.41684 
-25.1982 6.63825 -7.20338 -24.5772 6.34473 -7.92875 -23.8987 5.97935 -8.56305 
-23.2075 5.52017 -9.11779 -22.5863 4.91682 -9.61036 -22.098 4.17919 -10.072 
-21.6739 3.39589 -10.5261 -21.2633 2.6155 -10.9976 -20.8514 1.85392 -11.496 
-20.4109 1.18268 -12.0881 -19.963 0.604541 -12.7685 -19.5459 0.156376 -13.5532 
-19.2048 -0.15815 -14.4367 -18.9585 -0.417671 -15.3695 -18.794 -0.666125 -16.3239 
-18.6736 -0.936931 -17.2786 -18.5856 -1.24582 -18.2255 -18.5054 -1.58908 -19.1612 
-18.4249 -1.95499 -20.0884 -18.3552 -2.33082 -21.0123 -18.323 -2.7033 -21.9397 
-18.3079 -3.05883 -22.8741 -18.3102 -3.39001 -23.8176 -18.3088 -3.68603 -24.7724 
-18.2701 -3.92384 -25.7424 -18.1842 -4.09925 -26.7225 -18.044 -4.20846 -27.7058 
-17.8181 -4.22259 -28.6772 -17.5193 -4.08553 -29.6176 -17.3079 -3.75131 -30.5236 
-25.6718 3.32821 36.8685 -25.9704 3.38912 36.1289 -26.2879 3.48794 35.1864 
-26.5492 3.62411 34.2312 -26.7798 3.80835 33.2761 -27.0118 4.03455 32.3302 
-27.2714 4.29549 31.4008 -27.5815 4.58123 30.4944 -27.9445 4.8819 29.6126 
-28.3333 5.18925 28.7442 -28.7334 5.49929 27.8817 -29.1314 5.81229 27.0194 
-29.5147 6.13626 26.1545 -29.8711 6.46869 25.2815 -30.1817 6.79828 24.3904 
-30.4303 7.1238 23.4785 -30.6266 7.43655 22.5494 -30.8571 7.71744 21.6198 
-31.2714 7.95358 20.7435 -31.7635 8.18326 19.9039 -32.2115 8.43587 19.0471 
-32.584 8.69411 18.1563 -32.866 8.93661 17.229 -33.0687 9.15258 16.2751 
-33.1403 9.30437 15.2914 -33.0728 9.38864 14.2996 -32.8796 9.41519 13.32 
-32.5894 9.37823 12.3652 -32.2238 9.27301 11.4411 -31.8171 9.115 10.5417 
-31.4075 8.92236 9.65006 -31.0243 8.73775 8.74522 -30.6886 8.5887 7.81544 
-30.3829 8.47036 6.87085 -30.0933 8.37692 5.9183 -29.8073 8.30039 4.96318 
-29.5182 8.23198 4.00831 -29.2266 8.15865 3.05462 -28.9311 8.07468 2.10294 
-28.6303 7.986 1.1534 -28.3265 7.8974 0.204783 -27.9665 7.78984 -0.934853 
-27.6623 7.69191 -1.88239 -27.3357 7.57681 -2.82041 -26.9862 7.45492 -3.74932 
-26.611 7.33218 -4.66799 -26.1972 7.19467 -5.5675 -25.7244 7.01827 -6.42972 
-25.1777 6.78845 -7.23322 -24.566 6.47803 -7.95976 -23.9047 6.09702 -8.60237 
-23.2233 5.62214 -9.15778 -22.6101 5.0176 -9.65853 -22.1221 4.28278 -10.1265 
-21.6936 3.50814 -10.5912 -21.2809 2.73388 -11.0708 -20.8647 1.97317 -11.5688 
-20.4236 1.30134 -12.1599 -19.9753 0.715031 -12.8334 -19.5592 0.252553 -13.6098 
-19.2072 -0.0766832 -14.4841 -18.9561 -0.34565 -15.4131 -18.7785 -0.602505 -16.3627 
-18.6581 -0.883072 -17.3148 -18.5636 -1.19426 -18.2603 -18.481 -1.54413 -19.1934 
-18.3983 -1.91275 -20.1192 -18.3259 -2.28938 -21.0426 -18.292 -2.66334 -21.9693 
-18.2797 -3.0188 -22.9038 -18.2785 -3.35285 -23.8464 -18.2732 -3.64629 -24.802 
-18.2322 -3.88475 -25.7715 -18.1424 -4.06085 -26.7514 -17.9991 -4.17201 -27.7339 
-17.7625 -4.18431 -28.7031 -17.4542 -4.04978 -29.6409 -17.2639 -3.69327 -30.5369 
-26.1979 1.47436 37.3865 -26.4316 1.56765 36.6272 -26.7003 1.69355 35.6723 
-26.9465 1.83608 34.7137 -27.1866 1.99365 33.7559 -27.4413 2.16552 32.8043 
-27.7246 2.35278 31.864 -28.0568 2.55725 30.9434 -28.4281 2.77625 30.0413 
-28.8287 3.01538 29.1568 -29.2339 3.26863 28.2785 -29.6324 3.53749 27.4016 
-30.0215 3.82267 26.5257 -30.3982 4.1209 25.6487 -30.7446 4.43164 24.7639 
-31.0214 4.75514 23.8596 -31.2263 5.07798 22.9363 -31.3612 5.38736 21.9951 
-31.5303 5.69042 21.058 -31.8155 6.00116 20.1525 -32.1408 6.3231 19.2635 
-32.4213 6.63118 18.3551 -32.6268 6.90061 17.4153 -32.7409 7.12269 16.4481 
-32.7675 7.29737 15.4648 -32.69 7.41626 14.476 -32.5286 7.49246 13.4928 
-32.2936 7.52112 12.5218 -32.0139 7.50373 11.5622 -31.7177 7.42658 10.6104 
-31.436 7.31339 9.65771 -31.1877 7.19971 8.69583 -30.9525 7.1075 7.72833 
-30.7102 7.04577 6.76018 -30.4546 7.00324 5.79437 -30.1842 6.97646 4.83202 
-29.9027 6.9538 3.87274 -29.606 6.92753 2.91816 -29.2971 6.8925 1.96772 
-28.9775 6.84572 1.02136 -28.6516 6.79326 0.077423 -28.3249 6.73787 -0.866093 
-27.9958 6.67596 -1.80836 -27.6512 6.60292 -2.74417 -27.2753 6.52049 -3.66694 
-26.8579 6.42849 -4.57066 -26.3806 6.31636 -5.4413 -25.8114 6.15385 -6.24579 
-25.1687 5.95117 -6.9832 -24.4541 5.71131 -7.6386 -23.6736 5.48123 -8.21852 
-22.8973 5.19379 -8.73899 -22.2891 4.63358 -9.18933 -21.9204 3.77509 -9.54216 
-21.5366 2.93421 -9.92353 -21.1576 2.10814 -10.3398 -20.7612 1.32282 -10.8111 
-20.3172 0.673968 -11.424 -19.8607 0.122296 -12.1213 -19.4337 -0.304054 -12.9146 
-19.09 -0.609447 -13.7995 -18.86 -0.842354 -14.7433 -18.7096 -1.06288 -15.7065 
-18.6175 -1.3206 -16.6681 -18.5536 -1.61935 -17.62 -18.5016 -1.95358 -18.561 
-18.4468 -2.31474 -19.4918 -18.3959 -2.70007 -20.4131 -18.3586 -3.09157 -21.3325 
-18.3469 -3.47357 -22.2565 -18.3603 -3.83563 -23.1884 -18.3786 -4.16272 -24.133 
-18.3869 -4.43601 -25.0945 -18.3677 -4.64914 -26.071 -18.3138 -4.81962 -27.0546 
-18.204 -4.93724 -28.0407 -18.0246 -4.96089 -29.0224 -17.8633 -4.80546 -29.9917 
-17.9028 -4.50525 -30.9347 -26.2812 1.49313 37.3265 -26.5091 1.58778 36.5655 
-26.7736 1.71497 35.6096 -27.0174 1.85823 34.6505 -27.2585 2.01585 33.6929 
-27.5162 2.18899 32.7424 -27.8042 2.37838 31.8039 -28.1379 2.58339 30.8839 
-28.507 2.80148 29.9807 -28.9043 3.03814 29.0942 -29.3078 3.28876 28.2142 
-29.7062 3.55491 27.3365 -30.0971 3.8373 26.4605 -30.4705 4.13605 25.5823 
-30.8131 4.44806 24.6964 -31.0868 4.77174 23.7912 -31.2893 5.09375 22.8671 
-31.4318 5.40277 21.9269 -31.6202 5.70779 20.9942 -31.9127 6.02249 20.092 
-32.2291 6.34601 19.2003 -32.4987 6.6519 18.2879 -32.6915 6.91822 17.3446 
-32.7956 7.13864 16.3756 -32.8076 7.30892 15.3916 -32.7215 7.4255 14.4032 
-32.5544 7.50035 13.4207 -32.3178 7.52791 12.4501 -32.0391 7.50935 11.4901 
-31.7461 7.43182 10.5374 -31.4681 7.31933 9.58354 -31.2211 7.20736 8.6211 
-30.9851 7.11638 7.65365 -30.7412 7.05559 6.68585 -30.4839 7.01577 5.72043 
-30.2134 6.9909 4.75804 -29.9312 6.97006 3.79891 -29.6349 6.9457 2.84416 
-29.3271 6.91285 1.8933 -29.0087 6.86852 0.946383 -28.6847 6.81853 0.001646 
-28.3606 6.76603 -0.942914 -28.0338 6.70698 -1.88616 -27.6889 6.63488 -2.82194 
-27.3146 6.55445 -3.74556 -26.9013 6.46533 -4.65157 -26.4264 6.35346 -5.5234 
-25.8729 6.19817 -6.34032 -25.2411 5.99072 -7.08562 -24.5546 5.73771 -7.76634 
-23.8169 5.45984 -8.37988 -23.0609 5.08657 -8.91509 -22.4221 4.5083 -9.3931 
-21.962 3.73106 -9.81882 -21.5624 2.91353 -10.2329 -21.1649 2.11493 -10.6844 
-20.7649 1.34118 -11.1715 -20.3183 0.70504 -11.797 -19.867 0.165215 -12.5049 
-19.4527 -0.234655 -13.3194 -19.1238 -0.520027 -14.2169 -18.9063 -0.744772 -15.166 
-18.7645 -0.968445 -16.1299 -18.6703 -1.22688 -17.091 -18.6 -1.52448 -18.0429 
-18.5356 -1.86032 -18.9825 -18.4664 -2.22076 -19.9127 -18.4101 -2.59944 -20.8365 
-18.3732 -2.97755 -21.7614 -18.357 -3.34085 -22.6928 -18.367 -3.68238 -23.6325 
-18.3711 -3.98373 -24.5857 -18.348 -4.2331 -25.5534 -18.2917 -4.41996 -26.5338 
-18.1968 -4.56009 -27.5188 -18.0306 -4.62056 -28.5017 -17.8048 -4.56206 -29.4714 
-17.6851 -4.29782 -30.417 -17.9051 -3.99183 -31.2747 -26.3599 1.87529 37.1314 
-26.5259 1.95132 36.5599 -26.7833 2.0835 35.6027 -27.0224 2.2317 34.6432 
-27.2592 2.39939 33.6862 -27.5112 2.58957 32.7374 -27.795 2.80298 31.8029 
-28.1245 3.03402 30.8877 -28.4969 3.2825 29.9937 -28.8896 3.54627 29.1128 
-29.2831 3.8227 28.236 -29.6689 4.11188 27.36 -30.0492 4.4162 26.4866 
-30.4173 4.73325 25.6125 -30.7494 5.06249 24.729 -31.0267 5.39567 23.8284 
-31.2298 5.71881 22.9045 -31.4101 6.02742 21.9707 -31.6688 6.32467 21.053 
-32.0125 6.62844 20.1648 -32.3501 6.93731 19.2761 -32.6317 7.23074 18.363 
-32.8297 7.4885 17.418 -32.9449 7.70638 16.45 -32.9568 7.86739 15.4642 
-32.8733 7.97598 14.4749 -32.6904 8.03108 13.4941 -32.4401 8.03927 12.5267 
-32.1328 7.98644 11.577 -31.8069 7.88291 10.6376 -31.4952 7.74946 9.6969 
-31.2137 7.62066 8.74615 -30.9523 7.51968 7.78632 -30.6924 7.44542 6.82366 
-30.4244 7.39616 5.86151 -30.1494 7.35991 4.90076 -29.8637 7.32867 3.94297 
-29.5693 7.29358 2.98793 -29.265 7.24803 2.03648 -28.9523 7.19264 1.08824 
-28.6346 7.13309 0.141937 -28.2553 7.05762 -0.994029 -27.9356 6.98481 -1.93875 
-27.5975 6.90136 -2.87605 -27.2309 6.80997 -3.80179 -26.8269 6.71085 -4.71091 
-26.3677 6.59105 -5.59031 -25.8372 6.42857 -6.42104 -25.2336 6.21368 -7.18727 
-24.575 5.93914 -7.88723 -23.8644 5.61474 -8.50848 -23.1403 5.19521 -9.05395 
-22.4966 4.62225 -9.54768 -22.0198 3.86905 -9.99802 -21.601 3.07671 -10.441 
-21.1942 2.29218 -10.9089 -20.7887 1.52626 -11.4042 -20.34 0.894052 -12.0331 
-19.8923 0.350605 -12.7404 -19.4811 -0.0588989 -13.5513 -19.1512 -0.352638 -14.446 
-18.9289 -0.589803 -15.391 -18.7759 -0.825653 -16.3503 -18.6757 -1.09538 -17.3078 
-18.5964 -1.39939 -18.257 -18.5235 -1.7422 -19.1935 -18.4465 -2.10443 -20.1224 
-18.3858 -2.48103 -21.0467 -18.3536 -2.85384 -21.9739 -18.3397 -3.20898 -22.9085 
-18.3471 -3.54267 -23.8511 -18.3445 -3.83196 -24.8079 -18.3082 -4.06995 -25.778 
-18.2289 -4.24287 -26.7594 -18.1007 -4.35608 -27.7436 -17.8885 -4.37519 -28.7188 
-17.6279 -4.24736 -29.6719 -17.4821 -3.91611 -30.5912 -26.6296 -0.620916 35.3532 
-26.92 -0.587666 34.3969 -27.2336 -0.570641 33.4476 -27.5719 -0.55925 32.5068 
-27.9373 -0.550153 31.576 -28.328 -0.534855 30.6557 -28.7508 -0.497866 29.7506 
-29.1981 -0.418278 28.86 -29.6652 -0.267527 27.9892 -30.1377 -0.068096 27.131 
-30.6039 0.169728 26.2789 -31.0434 0.432507 25.4202 -31.4332 0.710279 24.5428 
-31.7628 1.00863 23.6474 -32.0131 1.33488 22.7364 -32.2216 1.69052 21.8255 
-32.4246 2.07787 20.9262 -32.6292 2.47647 20.0322 -32.7988 2.85497 19.1228 
-32.9098 3.19868 18.1911 -32.9322 3.49171 17.2361 -32.876 3.73844 16.2693 
-32.7638 3.9438 15.2974 -32.6205 4.12046 14.3237 -32.4563 4.27377 13.3493 
-32.2824 4.40261 12.3731 -32.1099 4.49727 11.3928 -31.9548 4.55555 10.4069 
-31.8373 4.58251 9.41425 -31.7362 4.60454 8.41963 -31.6095 4.63529 7.42835 
-31.4428 4.67227 6.4432 -31.2306 4.71315 5.46699 -30.9866 4.75291 4.49808 
-30.7107 4.79661 3.538 -30.4086 4.84657 2.5861 -30.0823 4.89267 1.642 
-29.7367 4.93022 0.704419 -29.3675 4.95812 -0.224502 -28.991 4.97575 -1.15072 
-28.6028 4.98348 -2.07223 -28.194 4.98245 -2.98477 -27.7463 4.96898 -3.87838 
-27.2268 4.94429 -4.73128 -26.6179 4.8821 -5.52019 -25.9339 4.77635 -6.24088 
-25.1913 4.62429 -6.89235 -24.4108 4.4549 -7.49337 -23.5891 4.27414 -8.03307 
-22.7582 4.04542 -8.53851 -22.0964 3.48638 -8.99176 -21.6227 2.69936 -9.37662 
-21.1889 1.91287 -9.81571 -20.7643 1.15368 -10.304 -20.2989 0.535772 -10.9349 
-19.8332 0.0017395 -11.6394 -19.3961 -0.417946 -12.4318 -19.0182 -0.747086 -13.2961 
-18.761 -0.997793 -14.2276 -18.601 -1.23024 -15.1861 -18.5129 -1.50259 -16.1437 
-18.4616 -1.81932 -17.0905 -18.4296 -2.16746 -18.0274 -18.4023 -2.5439 -18.9534 
-18.3763 -2.94525 -19.8688 -18.3607 -3.35779 -20.7796 -18.3699 -3.76978 -21.6907 
-18.3992 -4.16453 -22.6089 -18.4558 -4.52455 -23.5398 -18.5221 -4.83727 -24.487 
-18.5687 -5.084 -25.4546 -18.588 -5.28182 -26.4344 -18.5678 -5.44888 -27.4198 
-18.4988 -5.56946 -28.4092 -18.3983 -5.56038 -29.4014 -18.3584 -5.40221 -30.3851 
-18.4417 -5.19688 -31.1525 -26.5515 -1.12628 34.9736 -26.8052 -1.13989 34.2151 
-27.1485 -1.1772 33.2767 -27.5216 -1.21665 32.3499 -27.9175 -1.24679 31.4322 
-28.3373 -1.25278 30.5248 -28.781 -1.22176 29.6295 -29.2465 -1.11227 28.7521 
-29.723 -0.923801 27.8938 -30.2017 -0.67292 27.0526 -30.6697 -0.39265 26.2146 
-31.1135 -0.0972214 25.3687 -31.5155 0.204048 24.5046 -31.8441 0.52695 23.6176 
-32.1091 0.869347 22.7166 -32.3275 1.24411 21.8157 -32.5365 1.64522 20.9239 
-32.7416 2.05038 20.0329 -32.9125 2.43457 19.1262 -33.0069 2.77675 18.192 
-33.0256 3.08052 17.2404 -32.9525 3.33247 16.276 -32.8303 3.5449 15.3068 
-32.6803 3.72834 14.3353 -32.5172 3.88979 13.3621 -32.3486 4.02883 12.3863 
-32.1851 4.13707 11.4059 -32.042 4.20993 10.419 -31.9293 4.25588 9.42655 
-31.8342 4.29519 8.43188 -31.722 4.34123 7.43938 -31.5632 4.39316 6.45366 
-31.3623 4.44753 5.47569 -31.1217 4.50103 4.50665 -30.8528 4.5547 3.54506 
-30.5559 4.61818 2.59233 -30.2365 4.68211 1.64691 -29.8908 4.73396 0.710089 
-29.5256 4.77697 -0.21979 -29.1464 4.80939 -1.14453 -28.7577 4.82906 -2.06568 
-28.3448 4.83897 -2.97625 -27.9 4.83801 -3.87163 -27.3739 4.8222 -4.72087 
-26.7738 4.77694 -5.51796 -26.0832 4.67432 -6.23283 -25.3506 4.53095 -6.89745 
-24.5793 4.36009 -7.50985 -23.7719 4.17043 -8.06752 -22.9584 3.89714 -8.57441 
-22.2616 3.3759 -9.03931 -21.7511 2.62732 -9.45559 -21.3116 1.84909 -9.90347 
-20.8832 1.09217 -10.3953 -20.4262 0.441216 -10.9963 -19.9607 -0.087303 -11.7044 
-19.5233 -0.507053 -12.4956 -19.1617 -0.802892 -13.3771 -18.8993 -1.02406 -14.3151 
-18.7433 -1.21997 -15.2826 -18.6432 -1.44528 -16.2513 -18.5849 -1.72227 -17.2102 
-18.5435 -2.03484 -18.159 -18.5042 -2.38234 -19.0958 -18.4643 -2.75637 -20.0223 
-18.4318 -3.1437 -20.9436 -18.4209 -3.53094 -21.8654 -18.4373 -3.9007 -22.7943 
-18.4681 -4.24177 -23.7337 -18.5034 -4.53579 -24.6885 -18.5182 -4.77014 -25.66 
-18.4982 -4.95343 -26.6427 -18.4364 -5.1012 -27.6293 -18.3188 -5.17978 -28.6181 
-18.1779 -5.12319 -29.6033 -18.15 -4.9078 -30.574 -26.472 1.58201 37.2588 
-26.6889 1.68081 36.4952 -26.9408 1.81193 35.5364 -27.1791 1.95774 34.5762 
-27.4215 2.11905 33.6197 -27.6828 2.29674 32.671 -27.9801 2.4931 31.7369 
-28.3159 2.70272 30.8187 -28.6917 2.93138 29.9209 -29.0885 3.17879 29.0369 
-29.4842 3.43715 28.1557 -29.8733 3.71116 27.2762 -30.2539 4.00415 26.3992 
-30.6208 4.3112 25.5211 -30.9521 4.63088 24.6338 -31.2173 4.95782 23.7272 
-31.4134 5.2772 22.8005 -31.5918 5.58646 21.8666 -31.849 5.89673 20.9525 
-32.1702 6.2196 20.0624 -32.4708 6.53791 19.1636 -32.715 6.8343 18.2408 
-32.8677 7.08564 17.286 -32.9464 7.29857 16.3127 -32.926 7.45476 15.3263 
-32.826 7.56565 14.3383 -32.6381 7.6277 13.3587 -32.3953 7.64937 12.3893 
-32.11 7.61138 11.432 -31.8155 7.52202 10.4808 -31.5407 7.40563 9.52639 
-31.2872 7.2959 8.56537 -31.0437 7.21354 7.59905 -30.7919 7.15642 6.63303 
-30.5287 7.12078 5.669 -30.2551 7.09813 4.70743 -29.971 7.07827 3.74887 
-29.6761 7.05476 2.79363 -29.3697 7.02155 1.84233 -29.054 6.97733 0.894542 
-28.7342 6.92843 -0.0517004 -28.4154 6.87793 -0.998172 -28.0919 6.81876 -1.94251 
-27.7506 6.74662 -2.87961 -27.3765 6.66566 -3.80326 -26.9626 6.57518 -4.7088 
-26.4833 6.45836 -5.57805 -25.9333 6.29395 -6.39502 -25.306 6.07106 -7.13973 
-24.6299 5.79896 -7.82395 -23.8959 5.48116 -8.42175 -23.1589 5.0773 -8.95979 
-22.5246 4.47957 -9.43793 -22.0189 3.74871 -9.89205 -21.6028 2.95024 -10.3265 
-21.1964 2.16358 -10.791 -20.787 1.41003 -11.2997 -20.34 0.768585 -11.9198 
-19.8918 0.24102 -12.6387 -19.4776 -0.165055 -13.4493 -19.1614 -0.437108 -14.3564 
-18.937 -0.665161 -15.3028 -18.7947 -0.891904 -16.266 -18.6931 -1.14781 -17.227 
-18.6191 -1.44866 -18.1777 -18.5496 -1.78283 -19.1175 -18.4758 -2.14297 -20.0474 
-18.4163 -2.5178 -20.9725 -18.3839 -2.8892 -21.9004 -18.3691 -3.24545 -22.8346 
-18.3794 -3.57783 -23.7776 -18.3815 -3.87197 -24.7329 -18.3469 -4.10716 -25.7038 
-18.2775 -4.28561 -26.6848 -18.1617 -4.40607 -27.6701 -17.9748 -4.44366 -28.6502 
-17.7355 -4.33041 -29.6101 -17.5786 -4.03124 -30.5464 -17.6366 -3.63635 -31.2183 
-26.1894 1.81797 37.2837 -26.4216 1.91675 36.5247 -26.6823 2.04954 35.5685 
-26.9226 2.19798 34.6093 -27.1592 2.3659 33.6523 -27.4096 2.55414 32.7028 
-27.6919 2.76499 31.7671 -28.0178 2.9926 30.8498 -28.3925 3.23835 29.9561 
-28.7882 3.49888 29.0755 -29.1865 3.77314 28.2002 -29.5775 4.05803 27.325 
-29.9622 4.35627 26.4515 -30.3363 4.66655 25.5776 -30.6742 4.99167 24.6945 
-30.9605 5.32324 23.7961 -31.1619 5.64738 22.8723 -31.3181 5.95604 21.9342 
-31.5424 6.25137 21.007 -31.8673 6.54826 20.11 -32.2164 6.85661 19.2253 
-32.5165 7.15511 18.3199 -32.7348 7.41782 17.3808 -32.8646 7.63882 16.4155 
-32.892 7.80513 15.4312 -32.8214 7.91772 14.4411 -32.6498 7.97857 13.4588 
-32.4059 7.99367 12.4897 -32.1073 7.95262 11.5366 -31.7844 7.86025 10.5949 
-31.4722 7.72607 9.65456 -31.1863 7.59513 8.70542 -30.9267 7.49268 7.74524 
-30.6684 7.41551 6.78232 -30.402 7.36471 5.81986 -30.128 7.32796 4.85884 
-29.8452 7.29667 3.90018 -29.5514 7.26235 2.94494 -29.2475 7.21821 1.9933 
-28.9356 7.16423 1.0447 -28.6175 7.10501 0.0984995 -28.2372 7.03026 -1.03716 
-27.9185 6.96013 -1.98242 -27.5783 6.87653 -2.91896 -27.2106 6.78539 -3.84428 
-26.8044 6.6862 -4.75237 -26.3398 6.56491 -5.6287 -25.8029 6.39934 -6.45466 
-25.1928 6.18155 -7.21488 -24.5283 5.90545 -7.90861 -23.8155 5.59013 -8.53265 
-23.0917 5.16363 -9.07302 -22.4699 4.56509 -9.56103 -21.9976 3.80852 -10.0104 
-21.5814 3.01618 -10.456 -21.1746 2.23246 -10.9253 -20.7682 1.4697 -11.4242 
-20.3182 0.844998 -12.0598 -19.871 0.309666 -12.7736 -19.4629 -0.0903398 -13.5907 
-19.139 -0.377571 -14.4899 -18.9254 -0.611651 -15.4375 -18.7775 -0.846047 -16.3981 
-18.6795 -1.11532 -17.3559 -18.6014 -1.41921 -18.3053 -18.5286 -1.76201 -19.2417 
-18.4515 -2.124 -20.1707 -18.3926 -2.50008 -21.0953 -18.3619 -2.87126 -22.0233 
-18.3495 -3.22458 -22.9586 -18.3583 -3.55614 -23.9019 -18.355 -3.84222 -24.8597 
-18.3185 -4.07899 -25.8302 -18.2371 -4.24693 -26.8122 -18.1061 -4.35573 -27.7964 
-17.8894 -4.36763 -28.7708 -17.6316 -4.22912 -29.7229 -17.4912 -3.89097 -30.6445 
-26.639 -1.39377 34.9681 -26.9617 -1.45626 34.024 -27.324 -1.54798 33.0967 
-27.7191 -1.6371 32.1824 -28.1469 -1.69552 31.2808 -28.595 -1.71034 30.3872 
-29.0616 -1.63035 29.5075 -29.5274 -1.44201 28.6441 -29.9955 -1.1705 27.8038 
-30.4669 -0.858574 26.979 -30.9246 -0.531431 26.1523 -31.3547 -0.202572 25.3117 
-31.7311 0.132558 24.4483 -32.0561 0.478031 23.5683 -32.3222 0.853021 22.6807 
-32.5574 1.25751 21.797 -32.7854 1.67161 20.9158 -32.9933 2.07617 20.0255 
-33.1405 2.45298 19.1117 -33.21 2.7944 18.1753 -33.1863 3.08716 17.2204 
-33.0952 3.3367 16.2566 -32.9566 3.5363 15.2868 -32.8003 3.71233 14.315 
-32.6359 3.86765 13.3409 -32.4718 4.00362 12.364 -32.3207 4.10982 11.3812 
-32.1923 4.191 10.393 -32.0987 4.2454 9.39897 -32.0059 4.29068 8.40434 
-31.8827 4.33922 7.41325 -31.7193 4.39383 6.4284 -31.5103 4.45323 5.45243 
-31.2687 4.5139 4.48407 -30.9959 4.57731 3.52417 -30.7013 4.649 2.57129 
-30.3828 4.72212 1.62628 -30.045 4.78833 0.687416 -29.6843 4.83979 -0.24379 
-29.2363 4.89152 -1.35579 -28.8519 4.92122 -2.27847 -28.4422 4.94189 -3.19029 
-27.9921 4.95255 -4.08289 -27.4673 4.94361 -4.933 -26.8652 4.89437 -5.72812 
-26.191 4.78712 -6.45776 -25.4823 4.63252 -7.14575 -24.7494 4.43527 -7.79663 
-23.9878 4.20142 -8.39952 -23.2203 3.8672 -8.94349 -22.5389 3.34881 -9.44559 
-22.0013 2.66352 -9.93229 -21.5489 1.92217 -10.427 -21.1039 1.20728 -10.9661 
-20.6521 0.563381 -11.5772 -20.1849 0.0682248 -12.3075 -19.7458 -0.336219 -13.1077 
-19.3987 -0.585322 -14.0091 -19.1508 -0.766113 -14.9595 -18.9878 -0.937743 -15.9307 
-18.8744 -1.13613 -16.9039 -18.7978 -1.38362 -17.8695 -18.7335 -1.67201 -18.8246 
-18.6662 -2.00101 -19.7665 -18.6056 -2.35179 -20.7009 -18.5743 -2.70963 -21.634 
-18.5629 -3.05429 -22.5727 -18.5766 -3.38071 -23.5176 -18.6049 -3.68224 -24.4705 
-18.6054 -3.93033 -25.4388 -18.5656 -4.1208 -26.4192 -18.4824 -4.24388 -27.4073 
-18.3466 -4.28975 -28.3958 -18.1501 -4.18518 -29.3682 -18.0198 -3.94388 -30.326 
-17.9782 -3.69323 -30.8677 -26.5416 -0.696541 35.0643 -26.7205 -0.674878 34.4921 
-27.0331 -0.65112 33.5425 -27.3706 -0.634014 32.6014 -27.7346 -0.615786 31.6703 
-28.1213 -0.588844 30.7486 -28.5419 -0.540034 29.8428 -28.9898 -0.449566 28.9538 
-29.4576 -0.296186 28.0837 -29.9314 -0.0992086 27.2256 -30.3987 0.133652 26.3729 
-30.8437 0.391525 25.5154 -31.2382 0.661807 24.6377 -31.5723 0.950361 23.7408 
-31.8168 1.27036 22.8263 -32.0072 1.61541 21.9073 -32.1913 1.99175 20.9995 
-32.3876 2.38857 20.1029 -32.5692 2.77476 19.1988 -32.7018 3.12933 18.274 
-32.7476 3.43297 17.3231 -32.7124 3.69106 16.3584 -32.6153 3.90768 15.3873 
-32.4818 4.09501 14.4143 -32.3193 4.25264 13.4404 -32.1406 4.38367 12.4654 
-31.9576 4.47617 11.4867 -31.7896 4.52971 10.5027 -31.6621 4.55649 9.51129 
-31.558 4.57973 8.51701 -31.4353 4.61119 7.52522 -31.2738 4.6475 6.53919 
-31.0657 4.68485 5.56194 -30.8229 4.72023 4.59261 -30.541 4.75954 3.63409 
-30.2345 4.80072 2.68318 -29.9012 4.83435 1.74098 -29.5465 4.86174 0.806496 
-29.1689 4.87754 -0.119319 -28.7832 4.88203 -1.04192 -28.3821 4.87872 -1.95789 
-27.9611 4.86238 -2.86473 -27.4937 4.8374 -3.74792 -26.9598 4.80342 -4.59175 
-26.3309 4.73675 -5.36385 -25.6182 4.63119 -6.05601 -24.8369 4.49621 -6.66454 
-24.0168 4.36444 -7.22075 -23.1689 4.22682 -7.73242 -22.3288 4.05009 -8.23916 
-21.6563 3.54065 -8.72343 -21.1761 2.76381 -9.12695 -20.7223 2.00847 -9.59222 
-20.2335 1.39625 -10.2071 -19.7462 0.896751 -10.9227 -19.2826 0.46518 -11.6953 
-18.8446 0.0863928 -12.5102 -18.4746 -0.247841 -13.3752 -18.2423 -0.57383 -14.2898 
-18.1209 -0.963701 -15.2007 -18.0857 -1.4317 -16.0834 -18.0724 -1.92235 -16.9546 
-18.0707 -2.41584 -17.8243 -18.0743 -2.91445 -18.6911 -18.0909 -3.42592 -19.5502 
-18.1275 -3.94279 -20.4055 -18.2008 -4.4499 -21.264 -18.3074 -4.92985 -22.1346 
-18.4487 -5.36528 -23.0233 -18.6217 -5.7508 -23.9291 -18.8244 -6.07259 -24.8536 
-19.0387 -6.33855 -25.7931 -19.2281 -6.56241 -26.7488 -19.341 -6.75676 -27.7218 
-19.3437 -6.87163 -28.7131 -19.2738 -6.85822 -29.7085 -19.1971 -6.72906 -30.6967 
-25.4836 6.48036 34.4517 -25.6748 6.53763 33.8863 -25.9303 6.66027 32.9277 
-26.1554 6.80871 31.9648 -26.4046 7.00253 31.0164 -26.7121 7.22219 30.0912 
-27.0937 7.45413 29.1968 -27.5177 7.69452 28.3238 -27.9612 7.93707 27.461 
-28.3932 8.18145 26.5928 -28.792 8.42906 25.7101 -29.1502 8.67771 24.8103 
-29.4554 8.94013 23.8953 -29.7115 9.20732 22.9665 -29.9823 9.44065 22.0357 
-30.4637 9.60001 21.1852 -31.1269 9.73835 20.4504 -31.7571 9.90339 19.6927 
-32.2924 10.1077 18.8743 -32.7518 10.3284 18.015 -33.1038 10.5559 17.1085 
-33.343 10.7564 16.1603 -33.4252 10.8933 15.1763 -33.3428 10.9513 14.1848 
-33.1034 10.9298 13.2159 -32.7574 10.8442 12.2832 -32.3142 10.6728 11.4045 
-31.8297 10.4568 10.5571 -31.3331 10.2069 9.72596 -30.8559 9.96259 8.88195 
-30.4362 9.74919 8.00041 -30.0697 9.56866 7.08813 -29.7469 9.42089 6.15349 
-29.4447 9.29674 5.20837 -29.15 9.18099 4.25983 -28.8565 9.0612 3.31142 
-28.5573 8.9332 2.36586 -28.2543 8.80193 1.42196 -27.9545 8.67499 0.47643 
-27.6018 8.52751 -0.661018 -27.3015 8.39033 -1.60489 -26.9828 8.23315 -2.53955 
-26.6442 8.06917 -3.46602 -26.2894 7.90628 -4.38662 -25.9118 7.73945 -5.29725 
-25.4702 7.54249 -6.17149 -24.9465 7.28592 -6.98175 -24.3275 6.96485 -7.69565 
-23.6371 6.59426 -8.31463 -22.9201 6.15108 -8.85129 -22.4299 5.27676 -9.28792 
-22.0881 4.40954 -9.64854 -21.7195 3.56109 -10.0283 -21.3454 2.72738 -10.434 
-20.9617 1.91651 -10.8758 -20.5493 1.18225 -11.4052 -20.0992 0.572899 -12.0569 
-19.6587 0.0671919 -12.7944 -19.2742 -0.297409 -13.6384 -18.9851 -0.568485 -14.5553 
-18.8005 -0.8022 -15.5092 -18.6782 -1.04631 -16.471 -18.5949 -1.33178 -17.4254 
-18.5294 -1.65404 -18.3697 -18.4634 -2.00991 -19.3018 -18.3956 -2.38482 -20.2263 
-18.3469 -2.77242 -21.1469 -18.3134 -3.15318 -22.0709 -18.3098 -3.51595 -23.0026 
-18.3214 -3.85138 -23.9445 -18.3167 -4.13886 -24.9018 -18.2847 -4.36822 -25.8742 
-18.2165 -4.54106 -26.8565 -18.1026 -4.66635 -27.8414 -17.9028 -4.69107 -28.8189 
-17.6796 -4.56617 -29.781 -17.625 -4.23765 -30.7113 -26.637 -0.760689 35.0417 
-26.8768 -0.746784 34.2786 -27.2015 -0.745303 33.3329 -27.5498 -0.748806 32.3956 
-27.9253 -0.749685 31.4689 -28.3267 -0.73904 30.5532 -28.7592 -0.698771 29.6529 
-29.2179 -0.592857 28.7713 -29.6897 -0.424713 27.906 -30.1644 -0.211281 27.0523 
-30.6303 0.0371017 26.2032 -31.0699 0.305408 25.3461 -31.4574 0.589183 24.4697 
-31.7804 0.894459 23.5744 -32.029 1.22474 22.6643 -32.2374 1.58432 21.7549 
-32.4401 1.9772 20.858 -32.6433 2.37745 19.9644 -32.8083 2.75461 19.0536 
-32.9157 3.09829 18.1212 -32.9247 3.38773 17.165 -32.8613 3.63381 16.1985 
-32.7441 3.83967 15.2272 -32.599 4.01832 14.2542 -32.4345 4.17303 13.2801 
-32.2612 4.30173 12.3038 -32.0901 4.39584 11.3231 -31.9376 4.45459 10.3368 
-31.8232 4.485 9.34387 -31.7211 4.51334 8.34953 -31.5962 4.54932 7.35815 
-31.428 4.59087 6.3735 -31.215 4.63473 5.39759 -30.9699 4.67647 4.42906 
-30.6926 4.72261 3.46949 -30.389 4.77485 2.51818 -30.0614 4.82277 1.57462 
-29.7129 4.8614 0.638187 -29.3412 4.89017 -0.289699 -28.9622 4.90916 -1.21486 
-28.5698 4.91683 -2.13457 -28.1554 4.91502 -3.0446 -27.6991 4.90099 -3.93382 
-27.1681 4.87493 -4.77945 -26.5463 4.80924 -5.55794 -25.8487 4.69946 -6.26463 
-25.0934 4.54782 -6.90158 -24.3011 4.38457 -7.48852 -23.4698 4.21077 -8.01599 
-22.6354 3.98493 -8.51649 -21.9973 3.39519 -8.95958 -21.5293 2.60162 -9.34087 
-21.0923 1.82066 -9.78663 -20.6546 1.07915 -10.2914 -20.1838 0.492589 -10.9476 
-19.7199 -0.0134201 -11.6732 -19.2868 -0.419756 -12.4754 -18.922 -0.747468 -13.345 
-18.6823 -1.00341 -14.2802 -18.5321 -1.2553 -15.2354 -18.4544 -1.5546 -16.186 
-18.4103 -1.89409 -17.1254 -18.3842 -2.26086 -18.0553 -18.3629 -2.65303 -18.9748 
-18.3441 -3.06686 -19.885 -18.3389 -3.49077 -20.7906 -18.3589 -3.91207 -21.6972 
-18.4025 -4.31218 -22.6124 -18.4732 -4.67671 -23.5407 -18.5536 -4.99343 -24.4855 
-18.617 -5.24183 -25.4516 -18.6565 -5.44125 -26.4305 -18.6548 -5.61357 -27.4152 
-18.604 -5.7418 -28.4049 -18.5263 -5.73956 -29.3991 -18.5029 -5.59058 -30.3853 
-18.5662 -5.39565 -31.1581 -26.5742 -1.30691 35.0042 -26.8978 -1.35101 34.0593 
-27.254 -1.41977 33.1275 -27.6436 -1.48763 32.2092 -28.0583 -1.53569 31.3007 
-28.4991 -1.53892 30.4033 -28.9592 -1.47574 29.5187 -29.4278 -1.30297 28.6529 
-29.9015 -1.05946 27.8071 -30.3764 -0.770421 26.976 -30.8386 -0.463116 26.1442 
-31.2649 -0.14918 25.2961 -31.6441 0.172508 24.4289 -31.9599 0.50931 23.5424 
-32.2141 0.870502 22.6455 -32.4356 1.26445 21.7536 -32.6522 1.67246 20.8668 
-32.853 2.0739 19.9733 -33.0053 2.44792 19.0593 -33.0738 2.78039 18.1195 
-33.0522 3.0671 17.1627 -32.9586 3.30652 16.1968 -32.8265 3.51206 15.2272 
-32.6714 3.68994 14.2555 -32.5064 3.84861 13.2821 -32.339 3.97915 12.3049 
-32.1782 4.08218 11.3235 -32.0461 4.14828 10.3346 -31.9449 4.19265 9.34087 
-31.8498 4.23665 8.34639 -31.7314 4.28741 7.35486 -31.5621 4.34314 6.37107 
-31.3539 4.39995 5.39478 -31.1055 4.45452 4.42776 -30.829 4.51227 3.46856 
-30.5261 4.5781 2.51787 -30.2005 4.64075 1.57452 -29.8473 4.68952 0.640318 
-29.4753 4.72978 -0.28698 -29.0913 4.7573 -1.20987 -28.6938 4.7722 -2.12727 
-28.2685 4.7774 -3.03219 -27.7939 4.76959 -3.91178 -27.2476 4.74895 -4.74826 
-26.6315 4.69572 -5.53252 -25.9233 4.58829 -6.22913 -25.1693 4.44477 -6.86913 
-24.3741 4.28451 -7.45326 -23.5446 4.11117 -7.98342 -22.7187 3.86438 -8.48018 
-22.0499 3.30863 -8.93051 -21.5683 2.52787 -9.32358 -21.1199 1.7558 -9.77327 
-20.6758 1.03529 -10.2992 -20.2046 0.439529 -10.9468 -19.7405 -0.0670953 -11.6716 
-19.3036 -0.476696 -12.4703 -18.9492 -0.792264 -13.3488 -18.6969 -1.04709 -14.2803 
-18.5579 -1.29144 -15.2394 -18.4732 -1.57474 -16.1942 -18.4305 -1.90809 -17.1359 
-18.404 -2.2672 -18.0687 -18.3828 -2.65551 -18.99 -18.3632 -3.06366 -19.9026 
-18.3587 -3.48335 -20.8102 -18.3773 -3.89902 -21.7195 -18.4183 -4.29409 -22.6371 
-18.4859 -4.65691 -23.5662 -18.5616 -4.96538 -24.514 -18.6224 -5.21494 -25.4801 
-18.6551 -5.41129 -26.4598 -18.6522 -5.58459 -27.4445 -18.5958 -5.70023 -28.4349 
-18.5112 -5.70145 -29.4293 -18.4968 -5.54156 -30.4136 -18.6033 -5.32614 -31.3787 
-26.1299 -0.391808 37.1908 -26.3765 -0.341222 36.4314 -26.6663 -0.271335 35.477 
-26.9494 -0.204109 34.5203 -27.2471 -0.144936 33.5675 -27.5699 -0.0933124 32.6225 
-27.9155 -0.0463562 31.6854 -28.2911 -0.00194294 30.7598 -28.6968 0.0493202 29.8473 
-29.136 0.143794 28.9543 -29.5921 0.280987 28.0752 -30.0536 0.466026 27.2078 
-30.5081 0.686096 26.3447 -30.9391 0.931061 25.4764 -31.3293 1.18807 24.5928 
-31.6412 1.47611 23.6879 -31.8841 1.79006 22.7707 -32.08 2.13047 21.8512 
-32.2741 2.50313 20.9439 -32.4773 2.89626 20.0472 -32.6628 3.27827 19.1421 
-32.7821 3.61608 18.2093 -32.825 3.90767 17.2548 -32.7869 4.15063 16.2861 
-32.6917 4.3536 15.312 -32.5551 4.52543 14.3364 -32.3914 4.67314 13.3611 
-32.2102 4.7934 12.3852 -32.0268 4.87728 11.4059 -31.8651 4.91586 10.4202 
-31.7388 4.92508 9.42831 -31.6259 4.93073 8.43476 -31.4934 4.94468 7.4438 
-31.3145 4.96726 6.46038 -31.0989 4.99484 5.48439 -30.8479 5.02366 4.51695 
-30.5667 5.05733 3.55795 -30.2586 5.09375 2.60736 -29.9307 5.12466 1.66319 
-29.5798 5.14727 0.727116 -29.214 5.16196 -0.203418 -28.9161 5.16563 -0.94589 
-28.5345 5.16337 -1.87018 -28.135 5.15133 -2.78678 -27.702 5.12568 -3.68743 
-27.2036 5.09361 -4.55273 -26.6195 5.031 -5.36059 -25.9511 4.92591 -6.09515 
-25.2145 4.77535 -6.75347 -24.4335 4.61142 -7.3552 -23.608 4.45003 -7.89523 
-22.7684 4.26856 -8.40452 -22.08 3.77025 -8.87905 -21.6201 2.97447 -9.25004 
-21.1909 2.17204 -9.66363 -20.7701 1.3983 -10.1323 -20.3041 0.768544 -10.7496 
-19.8373 0.228687 -11.4486 -19.3889 -0.212743 -12.2243 -18.9946 -0.573658 -13.068 
-18.7133 -0.859856 -13.9815 -18.5279 -1.11808 -14.9289 -18.435 -1.41941 -15.8773 
-18.3815 -1.76232 -16.8148 -18.3533 -2.13719 -17.7414 -18.3323 -2.53296 -18.6595 
-18.3141 -2.9519 -19.5673 -18.3035 -3.38307 -20.4694 -18.3199 -3.81583 -21.3707 
-18.3582 -4.23285 -22.2786 -18.4281 -4.61704 -23.199 -18.5135 -4.95455 -24.1361 
-18.5911 -5.22561 -25.0951 -18.6487 -5.4416 -26.0695 -18.6707 -5.62569 -27.0519 
-18.6437 -5.78099 -28.0389 -18.5716 -5.83781 -29.0328 -18.5226 -5.74419 -30.0244 
-18.5703 -5.53745 -30.9996 -26.6518 -0.560247 35.4073 -26.9416 -0.522396 34.451 
-27.2515 -0.500328 33.5005 -27.5815 -0.482857 32.5567 -27.9378 -0.468325 31.6225 
-28.3177 -0.450096 30.6978 -28.733 -0.417002 29.789 -29.1756 -0.342228 28.8958 
-29.6414 -0.194242 28.0238 -30.1133 -0.0013542 27.1637 -30.5769 0.234413 26.3097 
-31.0165 0.493888 25.4499 -31.407 0.768117 24.5718 -31.734 1.06422 23.6749 
-31.981 1.38817 22.7619 -32.189 1.73804 21.8488 -32.3902 2.12252 20.9479 
-32.5944 2.52026 20.0534 -32.7667 2.89972 19.1449 -32.8759 3.24107 18.2122 
-32.9037 3.53531 17.2578 -32.8525 3.78311 16.291 -32.744 3.98923 15.3188 
-32.6025 4.16628 14.3449 -32.4387 4.31957 13.3705 -32.2636 4.44781 12.3945 
-32.0894 4.5398 11.4142 -31.9324 4.59353 10.4282 -31.8129 4.61877 9.43587 
-31.7104 4.63895 8.44136 -31.5833 4.66779 7.45006 -31.4165 4.70293 6.46486 
-31.2042 4.74189 5.4886 -30.9601 4.77958 4.51962 -30.6837 4.82148 3.55963 
-30.3808 4.86909 2.60786 -30.0537 4.91223 1.66388 -29.7074 4.94722 0.726467 
-29.3377 4.97259 -0.202291 -28.9608 4.9873 -1.12839 -28.572 4.9929 -2.04968 
-28.1628 4.98928 -2.96204 -27.7151 4.97321 -3.85562 -27.1955 4.94669 -4.70838 
-26.586 4.88294 -5.49672 -25.9004 4.77666 -6.21579 -25.1541 4.62552 -6.86319 
-24.3682 4.46018 -7.45827 -23.5404 4.28983 -7.99206 -22.7095 4.06812 -8.49626 
-22.0752 3.47699 -8.93919 -21.6053 2.68271 -9.31843 -21.1654 1.90044 -9.75896 
-20.7339 1.14862 -10.2522 -20.2651 0.541173 -10.8908 -19.7985 0.0133246 -11.5995 
-19.3607 -0.403971 -12.3932 -18.9811 -0.738446 -13.2548 -18.7216 -0.997397 -14.1833 
-18.5615 -1.24035 -15.139 -18.4755 -1.52548 -16.0932 -18.4272 -1.85515 -17.0358 
-18.3997 -2.21523 -17.9682 -18.3776 -2.59979 -18.891 -18.3573 -3.00823 -19.8035 
-18.3484 -3.42791 -20.7111 -18.3642 -3.84696 -21.6188 -18.3999 -4.24857 -22.5338 
-18.4657 -4.61546 -23.4614 -18.5424 -4.93416 -24.4058 -18.6031 -5.18658 -25.3712 
-18.6409 -5.38996 -26.3493 -18.6377 -5.56443 -27.3337 -18.5893 -5.6981 -28.3228 
-18.5003 -5.70257 -29.3168 -18.4625 -5.56899 -30.3041 -18.5213 -5.37613 -31.0777 
-26.6976 -0.80322 35.2273 -26.9928 -0.798011 34.272 -27.317 -0.813998 33.3262 
-27.6646 -0.837975 32.389 -28.0417 -0.861031 31.4632 -28.4435 -0.875313 30.5476 
-28.8791 -0.853287 29.6485 -29.3417 -0.748612 28.7687 -29.8151 -0.56428 27.9082 
-30.2896 -0.326767 27.0606 -30.7522 -0.0603407 26.2152 -31.1823 0.222611 25.3581 
-31.5601 0.520894 24.4819 -31.8769 0.837711 23.5885 -32.1197 1.18122 22.6817 
-32.3335 1.55568 21.7796 -32.5441 1.95361 20.8867 -32.7463 2.35257 19.9924 
-32.9004 2.72406 19.0775 -32.9813 3.05443 18.1381 -32.976 3.33751 17.1798 
-32.9016 3.5787 16.2127 -32.7756 3.77849 15.2411 -32.6258 3.95426 14.2683 
-32.4592 4.10461 13.2939 -32.2865 4.23258 12.3173 -32.1212 4.32231 11.3353 
-31.9786 4.37783 10.3473 -31.8736 4.40958 9.35336 -31.7755 4.44157 8.35873 
-31.6446 4.48245 7.36833 -31.4745 4.52785 6.38414 -31.2575 4.57517 5.40925 
-31.007 4.62068 4.4423 -30.7242 4.67071 3.48449 -30.4184 4.72569 2.53404 
-30.0871 4.77434 1.59188 -29.7325 4.8133 0.657704 -29.3595 4.84309 -0.269608 
-28.9769 4.8598 -1.19332 -28.5792 4.86698 -2.11075 -28.158 4.86388 -3.01757 
-27.6807 4.84706 -3.89564 -27.1372 4.81872 -4.73353 -26.4955 4.74741 -5.4955 
-25.7906 4.64001 -6.19523 -25.0247 4.49408 -6.8207 -24.2201 4.34202 -7.39392 
-23.3791 4.1841 -7.91102 -22.5352 3.98971 -8.40891 -21.8906 3.41397 -8.85813 
-21.4136 2.62694 -9.24331 -20.9706 1.85409 -9.69587 -20.5128 1.1585 -10.2428 
-20.036 0.60053 -10.9208 -19.5736 0.119316 -11.6635 -19.1388 -0.27994 -12.4698 
-18.7682 -0.626446 -13.3297 -18.5268 -0.911932 -14.2561 -18.3797 -1.21264 -15.1971 
-18.3149 -1.57303 -16.1274 -18.2823 -1.9693 -17.0447 -18.2681 -2.38514 -17.954 
-18.2599 -2.81655 -18.8561 -18.2589 -3.26593 -19.7494 -18.2759 -3.72267 -20.6388 
-18.3193 -4.17378 -21.5301 -18.3895 -4.60345 -22.4301 -18.493 -4.9917 -23.3456 
-18.6109 -5.3329 -24.2778 -18.7346 -5.60086 -25.2329 -18.8428 -5.81926 -26.2024 
-18.905 -6.00882 -27.1821 -18.9134 -6.16873 -28.1686 -18.887 -6.2092 -29.1652 
-18.8835 -6.10106 -30.157 -18.911 -5.91812 -31.1395 -25.5557 4.35371 35.9269 
-25.878 4.33613 35.1967 -26.1929 4.39052 34.2506 -26.4387 4.5417 33.2939 
-26.669 4.75302 32.3443 -26.9292 5.0157 31.4155 -27.2374 5.30032 30.508 
-27.5981 5.59504 29.6234 -27.9954 5.89382 28.756 -28.408 6.19456 27.8961 
-28.8155 6.49932 27.0352 -29.2005 6.81086 26.1666 -29.5521 7.12855 25.2861 
-29.8526 7.444 24.3864 -30.0934 7.75364 23.467 -30.2745 8.04856 22.5291 
-30.5191 8.30206 21.5959 -30.9997 8.50044 20.7499 -31.5655 8.69466 19.9487 
-32.0676 8.92007 19.1147 -32.4871 9.16264 18.2411 -32.8207 9.40192 17.33 
-33.0718 9.62271 16.3888 -33.1813 9.78156 15.4107 -33.1447 9.86804 14.4174 
-32.9645 9.89059 13.4356 -32.6743 9.85104 12.4811 -32.294 9.73334 11.5647 
-31.8645 9.56073 10.6786 -31.4231 9.35028 9.80641 -31.0069 9.14515 8.92083 
-30.6374 8.97106 8.00841 -30.309 8.82955 7.07481 -30.0102 8.71753 6.12719 
-29.7192 8.62374 5.1751 -29.428 8.53984 4.22214 -29.1354 8.45146 3.27 
-28.8393 8.35397 2.31984 -28.5378 8.2522 1.37183 -28.2352 8.15087 0.424123 
-27.8781 8.02995 -0.71514 -27.577 7.92043 -1.66235 -27.2568 7.79348 -2.60106 
-26.9133 7.65763 -3.53031 -26.5457 7.52272 -4.45032 -26.148 7.3794 -5.35639 
-25.6979 7.20415 -6.23094 -25.1604 6.97286 -7.03988 -24.5509 6.66929 -7.77054 
-23.8805 6.29995 -8.41086 -23.181 5.84542 -8.96088 -22.5683 5.23371 -9.44258 
-22.1161 4.45607 -9.87549 -21.7208 3.6367 -10.2905 -21.3286 2.82941 -10.7313 
-20.9389 2.02686 -11.183 -20.5143 1.31835 -11.7391 -20.0686 0.698368 -12.3836 
-19.6389 0.207072 -13.1369 -19.2559 -0.157272 -13.9832 -18.985 -0.430618 -14.9047 
-18.798 -0.676659 -15.8552 -18.6766 -0.940789 -16.8117 -18.588 -1.2386 -17.7619 
-18.5142 -1.57236 -18.7016 -18.4393 -1.93242 -19.6315 -18.3653 -2.30892 -20.5548 
-18.316 -2.69237 -21.477 -18.2901 -3.06261 -22.4055 -18.2843 -3.41395 -23.3416 
-18.2892 -3.73109 -24.2897 -18.2705 -4.0041 -25.2513 -18.2082 -4.2092 -26.2275 
-18.1115 -4.36401 -27.2103 -17.9411 -4.44076 -28.1913 -17.6831 -4.41005 -29.1544 
-17.4419 -4.19391 -30.093 -17.4181 -3.78186 -30.99 -26.5321 1.4424 37.1685 
-26.6935 1.51523 36.5952 -26.9487 1.64349 35.6369 -27.1898 1.78515 34.6768 
-27.4345 1.93877 33.7195 -27.6964 2.10688 32.7692 -27.9925 2.29018 31.8321 
-28.3277 2.48629 30.9108 -28.7021 2.69939 30.0084 -29.0993 2.93263 29.1209 
-29.4979 3.17895 28.2376 -29.8913 3.44105 27.3564 -30.2774 3.72384 26.4784 
-30.6476 4.02164 25.5985 -30.9806 4.33334 24.709 -31.2535 4.65609 23.8031 
-31.4547 4.97416 22.8772 -31.6228 5.28343 21.9413 -31.8528 5.59688 21.021 
-32.1552 5.92605 20.1268 -32.4434 6.25094 19.2263 -32.6817 6.55369 18.304 
-32.8332 6.81147 17.3507 -32.9063 7.02722 16.3779 -32.8823 7.18696 15.3918 
-32.7856 7.30501 14.4042 -32.607 7.37817 13.4235 -32.3747 7.41063 12.4519 
-32.1023 7.38633 11.4904 -31.8238 7.3104 10.5331 -31.5663 7.20451 9.57278 
-31.3284 7.10202 8.60697 -31.0952 7.02424 7.63774 -30.8541 6.96856 6.66889 
-30.5968 6.93611 5.70314 -30.3281 6.91652 4.74012 -30.046 6.90252 3.78088 
-29.7534 6.88626 2.82478 -29.447 6.86188 1.87322 -29.1301 6.82693 0.925447 
-28.8075 6.78465 -0.0201566 -28.485 6.74057 -0.96569 -28.1591 6.6895 -1.90969 
-27.822 6.62733 -2.84907 -27.4504 6.55401 -3.77438 -27.0417 6.47293 -4.68326 
-26.5758 6.36857 -5.56092 -26.0417 6.22778 -6.39383 -25.4363 6.02738 -7.16303 
-24.7934 5.77693 -7.8861 -24.1081 5.45773 -8.53865 -23.4023 5.0563 -9.12055 
-22.754 4.51461 -9.64708 -22.2136 3.8409 -10.1482 -21.7554 3.10649 -10.6484 
-21.3176 2.37077 -11.165 -20.875 1.66735 -11.7199 -20.4174 1.04272 -12.3499 
-19.9657 0.535474 -13.0816 -19.5549 0.145527 -13.902 -19.2236 -0.142553 -14.7986 
-18.9869 -0.38913 -15.7376 -18.82 -0.636787 -16.6916 -18.7024 -0.912784 -17.6452 
-18.613 -1.22753 -18.5901 -18.5303 -1.57312 -19.5247 -18.4548 -1.93785 -20.4527 
-18.3979 -2.3077 -21.3799 -18.389 -2.66751 -22.3128 -18.399 -3.01052 -23.252 
-18.415 -3.32658 -24.2005 -18.4216 -3.60419 -25.1609 -18.3855 -3.81753 -26.1365 
-18.2959 -3.96408 -27.1209 -18.1359 -4.02803 -28.1041 -17.8866 -3.97888 -29.0693 
-17.5875 -3.73603 -29.9877 -17.3442 -3.25798 -30.812 -26.4443 0.994095 37.1973 
-26.6116 1.06134 36.625 -26.8782 1.18249 35.6689 -27.1307 1.31543 34.7105 
-27.3852 1.45497 33.7536 -27.6567 1.60052 32.8023 -27.9608 1.75407 31.8623 
-28.3007 1.91525 30.9359 -28.6818 2.09067 30.0283 -29.0874 2.28783 29.1358 
-29.4999 2.50055 28.2501 -29.9095 2.73211 27.3678 -30.312 2.98641 26.4884 
-30.7012 3.25687 25.608 -31.052 3.54478 24.7172 -31.3449 3.84754 23.8109 
-31.5567 4.16112 22.8857 -31.7118 4.47365 21.9487 -31.899 4.79692 21.0218 
-32.1513 5.13862 20.1168 -32.4142 5.48364 19.216 -32.629 5.80147 18.2933 
-32.7702 6.07635 17.3429 -32.8259 6.30235 16.3715 -32.7994 6.48035 15.3884 
-32.7017 6.6165 14.4032 -32.5391 6.71607 13.4219 -32.3308 6.78265 12.4464 
-32.0944 6.79901 11.4752 -31.855 6.76602 10.505 -31.6365 6.6917 9.53213 
-31.4347 6.61151 8.55602 -31.2266 6.55161 7.57982 -31.0017 6.51204 6.6063 
-30.7541 6.4934 5.63768 -30.4901 6.48738 4.67324 -30.2073 6.48713 3.71409 
-29.9116 6.4848 2.75882 -29.5998 6.47555 1.80874 -29.2759 6.45686 0.862871 
-29.0113 6.43481 0.108191 -28.68 6.40383 -0.834799 -28.3458 6.36911 -1.77666 
-27.9999 6.32266 -2.71372 -27.6267 6.26435 -3.63945 -27.2065 6.19698 -4.54398 
-26.7327 6.1075 -5.41934 -26.1765 5.97624 -6.23909 -25.5609 5.79557 -7.00494 
-24.8975 5.55967 -7.71442 -24.2033 5.28088 -8.37643 -23.4749 4.91739 -8.95566 
-22.7872 4.42972 -9.48569 -22.2362 3.75917 -9.97908 -21.7695 3.01903 -10.4616 
-21.3372 2.27156 -10.9659 -20.9065 1.54401 -11.4983 -20.4506 0.92682 -12.1363 
-19.9963 0.41011 -12.8599 -19.5855 0.0230815 -13.6814 -19.2529 -0.257461 -14.5793 
-19.0202 -0.487132 -15.5237 -18.8531 -0.716782 -16.4822 -18.7402 -0.976681 -17.441 
-18.6537 -1.27264 -18.392 -18.5759 -1.61013 -19.3301 -18.4991 -1.96725 -20.261 
-18.4413 -2.33589 -21.1886 -18.4208 -2.69884 -22.12 -18.4227 -3.04224 -23.0591 
-18.438 -3.36477 -24.0055 -18.4465 -3.64664 -24.9645 -18.42 -3.8745 -25.9374 
-18.3389 -4.03298 -26.9208 -18.202 -4.12218 -27.9063 -17.9773 -4.0962 -28.8784 
-17.7016 -3.94029 -29.8246 -17.5739 -3.52981 -30.715 -26.4364 0.393155 36.9556 
-26.7216 0.490162 36.0022 -26.9894 0.59968 35.045 -27.256 0.712967 34.0879 
-27.5378 0.82506 33.135 -27.8451 0.935917 32.1899 -28.1881 1.04588 31.2571 
-28.5589 1.15663 30.3352 -28.9669 1.28975 29.4321 -29.3935 1.44826 28.5418 
-29.8251 1.63599 27.6596 -30.2536 1.85284 26.7826 -30.666 2.09114 25.9034 
-31.0449 2.34724 25.0144 -31.3565 2.62717 24.1071 -31.5884 2.93037 23.1836 
-31.749 3.25024 22.2499 -31.9051 3.58327 21.3201 -32.1032 3.94287 20.4087 
-32.3317 4.31563 19.5094 -32.5275 4.6626 18.5929 -32.6617 4.9681 17.6508 
-32.7053 5.21811 16.6844 -32.6785 5.42566 15.7072 -32.5806 5.58944 14.7259 
-32.4378 5.72645 13.7459 -32.2515 5.83137 12.7692 -32.0473 5.90049 11.793 
-31.844 5.91531 10.8142 -31.6679 5.88716 9.83047 -31.5153 5.84526 8.84307 
-31.3564 5.81251 7.85637 -31.1657 5.79608 6.87501 -30.946 5.7913 5.89952 
-30.6951 5.79767 4.93162 -30.42 5.81038 3.97035 -30.1213 5.82295 3.01615 
-29.806 5.83044 2.06721 -29.4718 5.82986 1.12475 -29.1957 5.82259 0.373947 
-28.9155 5.80885 -0.375251 -28.5626 5.78831 -1.31071 -28.1993 5.76072 -2.2419 
-27.8202 5.72066 -3.16634 -27.3933 5.67246 -4.06892 -26.9044 5.60679 -4.93805 
-26.3261 5.5042 -5.74568 -25.6748 5.35897 -6.489 -24.954 5.1712 -7.15549 
-24.1901 4.97289 -7.76869 -23.3726 4.77855 -8.30997 -22.5802 4.48835 -8.81951 
-22.036 3.7888 -9.24049 -21.6252 2.95659 -9.61225 -21.228 2.13614 -10.0231 
-20.8275 1.34728 -10.4846 -20.3781 0.687686 -11.0831 -19.9183 0.134704 -11.7762 
-19.4805 -0.308438 -12.5542 -19.1058 -0.638992 -13.4184 -18.844 -0.889193 -14.349 
-18.6798 -1.11267 -15.309 -18.586 -1.36994 -16.2705 -18.5229 -1.66541 -17.2235 
-18.4804 -1.99995 -18.1649 -18.4387 -2.36096 -19.0964 -18.3973 -2.74928 -20.0169 
-18.363 -3.14838 -20.9332 -18.3555 -3.54553 -21.8508 -18.3708 -3.92705 -22.775 
-18.4023 -4.27664 -23.7111 -18.4384 -4.57584 -24.6642 -18.453 -4.81269 -25.6352 
-18.4343 -5.00183 -26.6168 -18.3715 -5.15367 -27.6026 -18.2509 -5.24508 -28.5899 
-18.0993 -5.19188 -29.5735 -18.0371 -4.98085 -30.5457 -18.1916 -4.79634 -31.2955 
-26.5334 -1.21186 34.7392 -26.7283 -1.22078 34.1718 -27.0742 -1.25468 33.2342 
-27.4483 -1.29066 32.3077 -27.8476 -1.31443 31.3912 -28.2681 -1.3152 30.4841 
-28.7165 -1.26423 29.5923 -29.1831 -1.14533 28.7165 -29.661 -0.944294 27.8618 
-30.1407 -0.699589 27.0194 -30.6079 -0.422241 26.18 -31.0503 -0.132122 25.3315 
-31.4436 0.166288 24.4625 -31.7729 0.483478 23.5736 -32.021 0.825165 22.6675 
-32.229 1.19249 21.7612 -32.427 1.59124 20.8659 -32.627 1.99572 19.9734 
-32.7912 2.37692 19.0641 -32.8925 2.7226 18.132 -32.9042 3.02222 17.1789 
-32.8383 3.27804 16.2153 -32.7168 3.49365 15.2465 -32.569 3.68143 14.2756 
-32.4043 3.84423 13.3028 -32.2332 3.98141 12.3272 -32.0642 4.08392 11.3472 
-31.9153 4.15003 10.3607 -31.8031 4.19405 9.3681 -31.7078 4.23685 8.3736 
-31.5928 4.28663 7.38161 -31.4346 4.33999 6.39591 -31.2287 4.393 5.41894 
-30.988 4.44215 4.44965 -30.7137 4.49435 3.48956 -30.412 4.5536 2.53804 
-30.0847 4.60908 1.59482 -29.7348 4.65444 0.659199 -29.3595 4.68894 -0.266981 
-28.974 4.71212 -1.18941 -28.5728 4.72223 -2.10531 -28.1479 4.72247 -3.01044 
-27.6791 4.70983 -3.89306 -27.133 4.68549 -4.72896 -26.4941 4.62233 -5.49368 
-25.7793 4.51829 -6.18379 -25.006 4.37734 -6.8013 -24.1962 4.22977 -7.36831 
-23.3536 4.06922 -7.88195 -22.5174 3.84709 -8.3749 -21.8683 3.25922 -8.82209 
-21.3697 2.49144 -9.21912 -20.9173 1.73615 -9.69103 -20.4482 1.06486 -10.26 
-19.9698 0.524099 -10.9507 -19.5073 0.05505 -11.7015 -19.076 -0.336146 -12.5134 
-18.7144 -0.67424 -13.3804 -18.4845 -0.960415 -14.3096 -18.3471 -1.27071 -15.249 
-18.2888 -1.64468 -16.1743 -18.2623 -2.0529 -17.0866 -18.2529 -2.47799 -17.9917 
-18.2501 -2.91817 -18.8895 -18.2571 -3.37507 -19.779 -18.2835 -3.83703 -20.6654 
-18.3382 -4.29005 -21.5551 -18.4198 -4.72087 -22.4537 -18.5341 -5.10809 -23.3683 
-18.6662 -5.44878 -24.2987 -18.8084 -5.71875 -25.2506 -18.9375 -5.93803 -26.2174 
-19.0239 -6.12846 -27.195 -19.0491 -6.28755 -28.1814 -19.035 -6.32431 -29.1783 
-19.0338 -6.21721 -30.1706 -19.0451 -6.03257 -31.1533 -26.4337 -0.257011 37.2629 
-26.6646 -0.198527 36.4992 -26.9396 -0.120499 35.5409 -27.213 -0.046285 34.5819 
-27.5005 0.017807 33.6264 -27.8138 0.0692749 32.6782 -28.1505 0.108711 31.7374 
-28.5111 0.135205 30.8052 -28.9035 0.16468 29.8862 -29.3368 0.241333 28.9884 
-29.7868 0.363479 28.1042 -30.2442 0.550255 27.2349 -30.6957 0.767063 26.3695 
-31.1164 1.01208 25.4962 -31.4914 1.27747 24.6084 -31.8001 1.57117 23.7043 
-32.0419 1.89151 22.7888 -32.2507 2.24645 21.8777 -32.4591 2.62564 20.9762 
-32.6641 3.01648 20.0789 -32.8346 3.38718 19.1664 -32.9349 3.71386 18.2275 
-32.9558 3.99325 17.2686 -32.8941 4.21999 16.2969 -32.7884 4.41424 15.3219 
-32.6434 4.57731 14.3461 -32.4768 4.72073 13.3706 -32.2967 4.836 12.3939 
-32.1205 4.91589 11.413 -31.9722 4.94758 10.4248 -31.8527 4.95514 9.43204 
-31.7394 4.9595 8.43852 -31.5979 4.97291 7.44884 -31.4101 4.9962 6.46709 
-31.1856 5.02532 5.49317 -30.9283 5.05576 4.52739 -30.645 5.09222 3.56914 
-30.336 5.1313 2.61891 -30.0077 5.16432 1.67499 -29.658 5.18913 0.738479 
-29.2934 5.20545 -0.192543 -28.9232 5.21179 -1.12144 -28.5429 5.21119 -2.04623 
-28.1388 5.19881 -2.96077 -27.6939 5.17472 -3.85555 -27.1755 5.13762 -4.7087 
-26.5767 5.06503 -5.50497 -25.8906 4.94209 -6.22013 -25.1528 4.78381 -6.87548 
-24.3689 4.61249 -7.47134 -23.542 4.44417 -8.00709 -22.7145 4.22016 -8.51242 
-22.0325 3.70756 -8.98223 -21.5988 2.88517 -9.3488 -21.1744 2.08171 -9.76557 
-20.7509 1.32401 -10.2541 -20.2878 0.690536 -10.8703 -19.824 0.156288 -11.5758 
-19.3772 -0.288624 -12.3496 -19.0013 -0.628917 -13.2098 -18.7287 -0.902676 -14.1299 
-18.5599 -1.15329 -15.0823 -18.4672 -1.44212 -16.0347 -18.4171 -1.77775 -16.9751 
-18.3856 -2.13886 -17.9071 -18.3604 -2.52795 -18.8278 -18.3368 -2.93796 -19.7395 
-18.3223 -3.36077 -20.6456 -18.3333 -3.7838 -21.5515 -18.3691 -4.18752 -22.4656 
-18.4294 -4.56244 -23.3904 -18.5044 -4.88318 -24.3344 -18.5654 -5.14771 -25.2963 
-18.5971 -5.34924 -26.2751 -18.5975 -5.52742 -27.2589 -18.5403 -5.6587 -28.2478 
-18.4471 -5.69235 -29.2409 -18.4036 -5.55008 -30.2271 -18.4804 -5.33155 -31.1956 
-26.4463 0.649067 37.1185 -26.6731 0.731094 36.3558 -26.9397 0.847763 35.3992 
-27.1982 0.974259 34.4415 -27.4629 1.1028 33.4857 -27.7471 1.23087 32.5357 
-28.0635 1.36081 31.5961 -28.4123 1.49432 30.6686 -28.8013 1.64143 29.7593 
-29.2134 1.80928 28.8639 -29.6366 1.99974 27.9782 -30.0584 2.21439 27.0974 
-30.4702 2.4563 26.2188 -30.8597 2.71628 25.3354 -31.202 2.99272 24.4379 
-31.477 3.2885 23.5238 -31.6664 3.60106 22.5934 -31.8155 3.9201 21.6575 
-31.995 4.25804 20.734 -32.2331 4.61954 19.8329 -32.4651 4.97299 18.9269 
-32.6409 5.29014 17.9958 -32.7265 5.55168 17.0354 -32.7385 5.76927 16.0601 
-32.6723 5.93981 15.0776 -32.5511 6.07817 14.0949 -32.376 6.18403 13.1164 
-32.17 6.25683 12.1407 -31.9504 6.27649 11.1656 -31.7436 6.24878 10.1879 
-31.5661 6.19216 9.20542 -31.3947 6.13898 8.22168 -31.2042 6.10366 7.24075 
-30.9856 6.0847 6.2652 -30.7407 6.07976 5.29574 -30.4729 6.08461 4.33236 
-30.1839 6.09221 3.37508 -29.8788 6.09619 2.42278 -29.5558 6.09267 1.47642 
-29.22 6.07952 0.534615 -29.0152 6.06699 -0.0291939 -28.8099 6.05187 -0.592781 
-28.4648 6.02507 -1.53099 -28.1107 5.99103 -2.46553 -27.7314 5.94301 -3.38933 
-27.3092 5.88807 -4.29383 -26.8175 5.80865 -5.16017 -26.2495 5.69506 -5.97388 
-25.6067 5.5309 -6.72082 -24.9116 5.32295 -7.40825 -24.1713 5.09128 -8.0383 
-23.392 4.82061 -8.60139 -22.6513 4.40331 -9.11024 -22.0854 3.7246 -9.56087 
-21.6624 2.9193 -9.97493 -21.2628 2.11469 -10.4135 -20.8576 1.34051 -10.8987 
-20.4225 0.66288 -11.4844 -19.9643 0.124998 -12.1912 -19.5346 -0.301868 -12.9823 
-19.1938 -0.585777 -13.8758 -18.9443 -0.807503 -14.8174 -18.7936 -1.01427 -15.7837 
-18.6924 -1.25268 -16.7491 -18.6237 -1.53424 -17.7061 -18.5653 -1.85407 -18.6516 
-18.5037 -2.20678 -19.5852 -18.4445 -2.58046 -20.5108 -18.4049 -2.96053 -21.4349 
-18.383 -3.33133 -22.3633 -18.3942 -3.68165 -23.2997 -18.4089 -4.00346 -24.2463 
-18.4019 -4.26622 -25.2107 -18.3689 -4.47311 -26.1882 -18.2982 -4.63028 -27.1728 
-18.1712 -4.73155 -28.1586 -17.9747 -4.71779 -29.1366 -17.8053 -4.53681 -30.1009 
-17.8979 -4.20858 -31.0269 -26.4663 1.05312 37.3286 -26.6865 1.14403 36.5649 
-26.9489 1.26662 35.6078 -27.1983 1.40169 34.6488 -27.4513 1.5427 33.6917 
-27.7245 1.69141 32.7414 -28.0292 1.84869 31.8022 -28.3713 2.01409 30.8774 
-28.7482 2.19265 29.9687 -29.1528 2.39491 29.0769 -29.5622 2.61208 28.1908 
-29.9669 2.85347 27.3088 -30.3642 3.11501 26.4292 -30.7435 3.39479 25.5474 
-31.0852 3.68756 24.6547 -31.3526 3.9967 23.7429 -31.5351 4.31127 22.8118 
-31.6868 4.6241 21.8743 -31.8762 4.94545 20.9471 -32.1389 5.28651 20.0448 
-32.4107 5.63019 19.146 -32.6238 5.94148 18.2207 -32.762 6.20982 17.2685 
-32.8154 6.42983 16.2952 -32.7894 6.6039 15.3117 -32.6872 6.73379 14.3259 
-32.5222 6.82867 13.3447 -32.3069 6.88541 12.3701 -32.0644 6.89271 11.4004 
-31.821 6.84492 10.4318 -31.5971 6.76415 9.46061 -31.3897 6.6821 8.48585 
-31.1787 6.61898 7.51046 -30.949 6.57929 6.53807 -30.7001 6.55845 5.56986 
-30.4323 6.55183 4.60644 -30.1495 6.5492 3.64726 -29.8525 6.54381 2.69242 
-29.5417 6.53208 1.74206 -29.2169 6.5088 0.796561 -28.8871 6.47779 -0.146944 
-28.6227 6.4509 -0.901526 -28.2887 6.41246 -1.8433 -27.9431 6.36238 -2.78029 
-27.5694 6.30088 -3.70561 -27.149 6.23056 -4.60983 -26.6668 6.13457 -5.47958 
-26.1152 6.00319 -6.30248 -25.4922 5.811 -7.05964 -24.8293 5.57318 -7.76877 
-24.1282 5.2836 -8.41877 -23.4018 4.9132 -8.99562 -22.7329 4.39345 -9.51604 
-22.1804 3.72293 -10.0078 -21.7256 2.97336 -10.488 -21.2949 2.22307 -10.9894 
-20.8658 1.49648 -11.5235 -20.4122 0.871399 -12.1546 -19.96 0.365084 -12.8875 
-19.5466 -0.0301933 -13.7036 -19.2217 -0.305244 -14.6059 -18.9923 -0.531708 -15.552 
-18.836 -0.764013 -16.5116 -18.726 -1.02238 -17.4712 -18.6428 -1.32376 -18.4208 
-18.5666 -1.66009 -19.3594 -18.4902 -2.0209 -20.2889 -18.4315 -2.39039 -21.2161 
-18.4127 -2.75313 -22.1477 -18.409 -3.09916 -23.0858 -18.422 -3.41999 -24.0328 
-18.428 -3.70342 -24.9915 -18.3901 -3.92214 -25.9659 -18.3098 -4.08681 -26.9486 
-18.1611 -4.16678 -27.9329 -17.9427 -4.15946 -28.9073 -17.6729 -3.97849 -29.8503 
-17.5511 -3.58565 -30.7446 -26.4123 -0.148968 37.1442 -26.6467 -0.0879174 36.3818 
-26.9223 -0.00260417 35.4243 -27.1969 0.0801964 34.4663 -27.4859 0.152682 33.5118 
-27.7988 0.216503 32.5642 -28.1379 0.271022 31.6251 -28.4963 0.31953 30.6929 
-28.8914 0.372035 29.7759 -29.3166 0.457901 28.8752 -29.7638 0.593119 27.9914 
-30.2167 0.771328 27.118 -30.6623 0.987673 26.2494 -31.0874 1.22663 25.3766 
-31.4578 1.4886 24.486 -31.7652 1.77648 23.5795 -31.9966 2.09282 22.6598 
-32.2023 2.43271 21.7423 -32.4055 2.80988 20.8387 -32.6135 3.20013 19.9419 
-32.7876 3.56937 19.0295 -32.9012 3.90004 18.0933 -32.9317 4.18012 17.1348 
-32.8864 4.41262 16.1638 -32.7807 4.60174 15.1879 -32.6397 4.76382 14.2114 
-32.4715 4.90293 13.2356 -32.2907 5.01947 12.2591 -32.1116 5.09499 11.2783 
-31.9534 5.12907 10.2918 -31.8291 5.12845 9.29961 -31.7085 5.12486 8.30696 
-31.5607 5.13121 7.3181 -31.3715 5.14818 6.33651 -31.1451 5.17318 5.36288 
-30.8924 5.20051 4.39579 -30.6092 5.23489 3.43743 -30.3038 5.27251 2.48598 
-29.9792 5.30528 1.54074 -29.6364 5.33012 0.601696 -29.3496 5.3435 -0.145001 
-28.987 5.35198 -1.0769 -28.6177 5.35325 -2.00618 -28.2289 5.34499 -2.9274 
-27.8131 5.32487 -3.83644 -27.3244 5.29355 -4.70755 -26.7677 5.23443 -5.53484 
-26.1184 5.1208 -6.28583 -25.4277 4.96455 -6.99121 -24.6967 4.76751 -7.64384 
-23.9275 4.54615 -8.24226 -23.143 4.23292 -8.77413 -22.4352 3.73868 -9.26037 
-21.9277 3.00194 -9.70192 -21.4944 2.21778 -10.1454 -21.075 1.45377 -10.635 
-20.643 0.744629 -11.1878 -20.1801 0.191307 -11.8779 -19.736 -0.259872 -12.6479 
-19.3591 -0.569466 -13.5175 -19.0784 -0.788154 -14.4505 -18.9005 -0.974915 -15.4162 
-18.7799 -1.17842 -16.3875 -18.703 -1.43002 -17.352 -18.6425 -1.71971 -18.307 
-18.5829 -2.05182 -19.2483 -18.5204 -2.40954 -20.18 -18.4748 -2.7817 -21.1069 
-18.4447 -3.14962 -22.0363 -18.446 -3.50123 -22.9723 -18.4641 -3.82995 -23.9165 
-18.4678 -4.11309 -24.8751 -18.4456 -4.3393 -25.8486 -18.3893 -4.50859 -26.8322 
-18.2913 -4.63042 -27.8193 -18.1189 -4.65097 -28.8023 -17.9239 -4.54183 -29.7733 
-17.915 -4.25009 -30.7195 -26.6047 0.840752 37.2837 -26.8726 0.953264 36.3269 
-27.1294 1.0763 35.3683 -27.3819 1.20579 34.4094 -27.6446 1.3369 33.4536 
-27.9347 1.47266 32.5063 -28.2532 1.61109 31.5686 -28.6055 1.75363 30.6439 
-28.9938 1.91262 29.7364 -29.4028 2.09128 28.8415 -29.8149 2.28874 27.9521 
-30.2242 2.51821 27.0691 -30.6266 2.76683 26.188 -30.9993 3.03631 25.3003 
-31.3312 3.32129 24.4014 -31.5878 3.62644 23.4848 -31.7818 3.93812 22.555 
-31.9546 4.25714 21.6235 -32.182 4.60006 20.7125 -32.4299 4.95382 19.8107 
-32.6478 5.2915 18.8953 -32.7946 5.58651 17.952 -32.8675 5.83712 16.9875 
-32.8531 6.03506 16.0081 -32.776 6.19427 15.0243 -32.6395 6.31823 14.0418 
-32.458 6.41321 13.0632 -32.2435 6.46777 12.0883 -32.0211 6.47253 11.1136 
-31.8138 6.42797 10.1365 -31.6286 6.36365 9.156 -31.4451 6.30593 8.17475 
-31.2407 6.26758 7.1967 -31.0084 6.24974 6.22429 -30.757 6.24468 5.25645 
-30.4837 6.24973 4.2946 -30.1939 6.2562 3.33754 -29.8866 6.25741 2.38596 
-29.5654 6.25191 1.43897 -29.3011 6.24159 0.684009 -29.0322 6.22451 -0.069271 
-28.6957 6.19966 -1.01062 -28.3548 6.17114 -1.95028 -27.999 6.12944 -2.88383 
-27.6133 6.0772 -3.80474 -27.1765 6.01507 -4.70171 -26.6747 5.92456 -5.56083 
-26.0944 5.78972 -6.36277 -25.454 5.60452 -7.1072 -24.7767 5.36731 -7.80313 
-24.0646 5.092 -8.44759 -23.3306 4.72312 -9.01386 -22.6561 4.19929 -9.52542 
-22.1161 3.51612 -10.0133 -21.6653 2.76297 -10.4913 -21.2371 2.01371 -10.9964 
-20.8083 1.29202 -11.5366 -20.35 0.695178 -12.1925 -19.8976 0.198582 -12.9316 
-19.4976 -0.165169 -13.7686 -19.1919 -0.417439 -14.6845 -18.9806 -0.630361 -15.638 
-18.8349 -0.855538 -16.601 -18.7363 -1.11579 -17.5612 -18.6591 -1.4144 -18.5122 
-18.5859 -1.75061 -19.4511 -18.5119 -2.10823 -20.382 -18.4629 -2.47693 -21.3102 
-18.4435 -2.83765 -22.2425 -18.4423 -3.17833 -23.1826 -18.4597 -3.49683 -24.1303 
-18.4634 -3.77084 -25.0916 -18.4249 -3.98503 -26.067 -18.3378 -4.13363 -27.0515 
-18.1945 -4.21218 -28.0369 -17.9702 -4.17125 -29.0081 -17.7245 -3.97265 -29.9536 
-17.6328 -3.53509 -30.8332 -26.3059 2.06458 37.1554 -26.475 2.1411 36.5848 
-26.7367 2.27451 35.629 -26.9759 2.4242 34.6698 -27.2103 2.59586 33.713 
-27.4576 2.79401 32.7646 -27.7352 3.01848 31.8307 -28.0564 3.26098 30.9156 
-28.4251 3.52136 30.0235 -28.8148 3.79703 29.1449 -29.2056 4.08391 28.2702 
-29.591 4.38073 27.3965 -29.9709 4.69227 26.5255 -30.3374 5.01634 25.6535 
-30.6692 5.3515 24.7719 -30.952 5.68779 23.874 -31.1661 6.01246 22.9532 
-31.3635 6.3207 22.0228 -31.6456 6.61225 21.1103 -32.0105 6.90698 20.2275 
-32.3609 7.20722 19.3406 -32.659 7.49663 18.4314 -32.8735 7.75588 17.4905 
-33.0017 7.97567 16.5247 -33.0247 8.13704 15.5389 -32.9525 8.24683 14.549 
-32.774 8.30098 13.5674 -32.523 8.30569 12.6003 -32.2134 8.25264 11.6515 
-31.8734 8.14363 10.7178 -31.5411 8.0013 9.78549 -31.237 7.86188 8.84323 
-30.9608 7.75136 7.88863 -30.6916 7.66727 6.92927 -30.4194 7.60922 5.96881 
-30.1428 7.56582 5.00881 -29.8584 7.52957 4.05084 -29.5661 7.48987 3.09534 
-29.2655 7.44028 2.14288 -28.9572 7.38117 1.19347 -28.6432 7.31842 0.246108 
-28.2688 7.23979 -0.891269 -27.9543 7.16537 -1.83757 -27.6207 7.07775 -2.77611 
-27.2596 6.9813 -3.70351 -26.8592 6.87651 -4.6137 -26.4109 6.75344 -5.49856 
-25.8831 6.5798 -6.3286 -25.2866 6.35789 -7.09812 -24.6211 6.07087 -7.78605 
-23.9006 5.74904 -8.39775 -23.1753 5.32528 -8.93545 -22.5566 4.71395 -9.41727 
-22.0797 3.9585 -9.86129 -21.6693 3.15677 -10.2955 -21.2635 2.36874 -10.7584 
-20.8555 1.60637 -11.2587 -20.4115 0.964377 -11.8786 -19.9642 0.424774 -12.5897 
-19.5576 0.0293834 -13.4106 -19.2308 -0.260967 -14.3078 -19 -0.5 -15.25 
-18.8302 -0.731277 -16.2076 -18.7172 -0.989701 -17.1669 -18.6311 -1.28294 -18.1189 
-18.556 -1.61617 -19.0585 -18.4788 -1.97415 -19.989 -18.4136 -2.34671 -20.9147 
-18.3783 -2.71887 -21.842 -18.3641 -3.07319 -22.777 -18.3682 -3.40686 -23.7196 
-18.3746 -3.7057 -24.6736 -18.3453 -3.94825 -25.6426 -18.2691 -4.12718 -26.6231 
-18.1461 -4.24471 -27.6076 -17.9449 -4.27372 -28.5847 -17.6678 -4.16934 -29.5365 
-17.4748 -3.86249 -30.4571 -25.9424 2.72278 37.1154 -26.2611 2.84199 36.1752 
-26.5335 2.97757 35.2229 -26.7719 3.13499 34.2648 -27.0028 3.33045 33.3117 
-27.2448 3.55729 32.3685 -27.5232 3.81751 31.4443 -27.8525 4.09877 30.5433 
-28.2298 4.39522 29.6661 -28.6208 4.69905 28.7973 -29.0136 5.00935 27.9316 
-29.4015 5.32697 27.0664 -29.778 5.65607 26.2004 -30.131 5.99288 25.3277 
-30.4384 6.33202 24.4388 -30.6902 6.66563 23.5308 -30.8936 6.98077 22.6041 
-31.1619 7.26412 21.6847 -31.5585 7.52438 20.8061 -31.9988 7.78822 19.948 
-32.3863 8.06263 19.0685 -32.7055 8.32911 18.1597 -32.9421 8.57486 17.2205 
-33.0929 8.78291 16.2552 -33.1116 8.91902 15.2666 -33.016 8.9988 14.276 
-32.7974 9.01677 13.3014 -32.4983 8.97493 12.3489 -32.1367 8.87038 11.4232 
-31.7476 8.71478 10.5154 -31.3714 8.53698 9.60621 -31.0309 8.37666 8.68007 
-30.7268 8.25004 7.73608 -30.4395 8.15063 6.78346 -30.1583 8.07369 5.82694 
-29.8754 8.01215 4.8698 -29.5864 7.9539 3.91423 -29.2935 7.88956 2.96027 
-28.9942 7.81382 2.00912 -28.6884 7.73409 1.0604 -28.3798 7.65405 0.11257 
-28.0133 7.55512 -1.02581 -27.7036 7.46404 -1.97221 -27.3705 7.3572 -2.90896 
-27.0135 7.2435 -3.83602 -26.6238 7.12554 -4.74922 -26.1919 6.99026 -5.64055 
-25.6908 6.8106 -6.48523 -25.1115 6.57928 -7.26581 -24.4688 6.27624 -7.96805 
-23.777 5.92366 -8.59575 -23.0762 5.45571 -9.13186 -22.4649 4.84013 -9.61683 
-22.0114 4.06785 -10.0598 -21.6003 3.27044 -10.5013 -21.1982 2.4794 -10.9623 
-20.7945 1.70706 -11.4497 -20.35 1.0536 -12.0602 -19.9045 0.482265 -12.7465 
-19.4917 0.0546468 -13.5468 -19.1497 -0.259945 -14.4301 -18.9187 -0.51239 -15.369 
-18.7589 -0.758274 -16.3246 -18.6535 -1.03512 -17.2796 -18.5705 -1.3449 -18.2266 
-18.4952 -1.6921 -19.1612 -18.4149 -2.05879 -20.0881 -18.3504 -2.43793 -21.0111 
-18.3157 -2.814 -21.9369 -18.2993 -3.17226 -22.8703 -18.3027 -3.50885 -23.8118 
-18.2983 -3.80198 -24.7675 -18.2603 -4.04418 -25.7365 -18.1775 -4.22048 -26.717 
-18.0458 -4.33712 -27.7004 -17.8289 -4.36177 -28.6744 -17.5535 -4.24296 -29.6245 
-17.3812 -3.91913 -30.5415 -26.5406 -0.866241 35.2523 -26.7812 -0.857981 34.4895 
-27.1017 -0.864002 33.5424 -27.4514 -0.879814 32.6057 -27.8237 -0.894192 31.6777 
-28.225 -0.895429 30.7619 -28.6529 -0.873604 29.8587 -29.1113 -0.781667 28.9754 
-29.5834 -0.617848 28.1098 -30.0593 -0.391202 27.2602 -30.5287 -0.137417 26.4145 
-30.9686 0.138059 25.56 -31.3624 0.42397 24.6867 -31.689 0.73084 23.7935 
-31.9454 1.05922 22.885 -32.1457 1.42053 21.9744 -32.3421 1.8075 21.0736 
-32.5429 2.20818 20.1797 -32.72 2.59367 19.2744 -32.8225 2.93519 18.341 
-32.853 3.23684 17.3888 -32.796 3.48917 16.4234 -32.6887 3.70528 15.4533 
-32.5449 3.88914 14.481 -32.3822 4.04916 13.5076 -32.206 4.17943 12.5319 
-32.0305 4.27378 11.5522 -31.8744 4.32823 10.5661 -31.7537 4.36454 9.57419 
-31.6565 4.39792 8.57953 -31.5384 4.43851 7.58745 -31.3751 4.48359 6.6021 
-31.1693 4.52862 5.62474 -30.9237 4.57058 4.65641 -30.6451 4.61569 3.69719 
-30.338 4.66416 2.74681 -30.0057 4.70559 1.80458 -29.6481 4.73845 0.871395 
-29.1949 4.76597 -0.23935 -28.8069 4.77551 -1.16092 -28.4018 4.77626 -2.07514 
-27.9735 4.76319 -2.97861 -27.495 4.74189 -3.85585 -26.9467 4.70957 -4.69036 
-26.3032 4.64219 -5.45029 -25.5774 4.53401 -6.12807 -24.789 4.39847 -6.72756 
-23.9657 4.26727 -7.27913 -23.1181 4.1193 -7.7884 -22.284 3.91271 -8.28927 
-21.6311 3.35093 -8.75756 -21.145 2.57882 -9.16428 -20.6835 1.84457 -9.65515 
-20.1923 1.25148 -10.2878 -19.7096 0.762484 -11.0135 -19.2504 0.340786 -11.7943 
-18.8211 -0.0330278 -12.6157 -18.4694 -0.363205 -13.4899 -18.2511 -0.69324 -14.4059 
-18.1479 -1.08955 -15.3168 -18.1145 -1.55098 -16.2031 -18.1026 -2.03221 -17.0796 
-18.1016 -2.51663 -17.9544 -18.1073 -3.00911 -18.8246 -18.1262 -3.51404 -19.6876 
-18.1685 -4.02215 -20.5478 -18.2449 -4.51781 -21.4127 -18.3527 -4.98723 -22.2889 
-18.4967 -5.41044 -23.183 -18.6726 -5.78313 -24.0937 -18.8756 -6.08992 -25.0231 
-19.0857 -6.34508 -25.9667 -19.2539 -6.56454 -26.9273 -19.3495 -6.75172 -27.9039 
-19.329 -6.83748 -28.8976 -19.2576 -6.8023 -29.8928 -19.1848 -6.65746 -30.8792 
-25.715 2.87165 37.2111 -25.9946 2.95874 36.4666 -26.3051 3.07881 35.524 
-26.5657 3.21865 34.569 -26.7977 3.39189 33.6119 -27.0282 3.5987 32.6612 
-27.2802 3.84341 31.7252 -27.5752 4.11385 30.8092 -27.9306 4.40329 29.9206 
-28.316 4.70099 29.0473 -28.7119 5.00696 28.1815 -29.1076 5.3174 27.3172 
-29.4934 5.63737 26.4519 -29.8639 5.96811 25.584 -30.1982 6.3016 24.7028 
-30.4713 6.63324 23.8004 -30.6681 6.95583 22.8749 -30.8467 7.25617 21.9381 
-31.1691 7.51435 21.0321 -31.6139 7.75685 20.1706 -32.0596 8.0142 19.3134 
-32.4357 8.28149 18.4272 -32.7291 8.5328 17.5057 -32.9407 8.7572 16.5554 
-33.0363 8.92712 15.5767 -33.0147 9.03604 14.5841 -32.8593 9.08415 13.5994 
-32.6002 9.07219 12.6346 -32.2582 8.99104 11.6991 -31.8756 8.85892 10.7852 
-31.4825 8.6817 9.88296 -31.1155 8.50545 8.96979 -30.7883 8.3563 8.03701 
-30.4909 8.23994 7.08947 -30.2069 8.15117 6.13484 -29.9255 8.0782 5.17803 
-29.639 8.01683 4.22194 -29.3478 7.95237 3.26745 -29.052 7.8782 2.31508 
-28.7494 7.79663 1.36548 -28.3797 7.69732 0.228192 -28.0131 7.59581 -0.909908 
-27.7028 7.50181 -1.85588 -27.3736 7.39433 -2.79387 -27.0176 7.27763 -3.72102 
-26.6332 7.15822 -4.63622 -26.2036 7.02175 -5.52842 -25.7159 6.84826 -6.38279 
-25.132 6.61391 -7.15883 -24.4934 6.32332 -7.87 -23.7886 5.972 -8.4834 
-23.0701 5.53627 -9.02347 -22.4708 4.90346 -9.49692 -22.0195 4.12495 -9.92739 
-21.622 3.31058 -10.35 -21.2271 2.50726 -10.7957 -20.8329 1.7204 -11.2673 
-20.3979 1.04363 -11.8544 -19.9512 0.465004 -12.5338 -19.5243 0.00907135 -13.3117 
-19.1809 -0.305191 -14.1941 -18.9324 -0.558285 -15.128 -18.774 -0.796621 -16.0857 
-18.6619 -1.05796 -17.0442 -18.583 -1.36304 -17.993 -18.5121 -1.69992 -18.9319 
-18.437 -2.06337 -19.8604 -18.3702 -2.44155 -20.7836 -18.3298 -2.82205 -21.7074 
-18.3064 -3.18763 -22.6378 -18.3098 -3.53013 -23.5772 -18.3141 -3.83929 -24.528 
-18.2823 -4.08808 -25.4954 -18.2168 -4.2814 -26.474 -18.1059 -4.41609 -27.4579 
-17.9264 -4.47901 -28.4382 -17.6728 -4.40224 -29.3991 -17.4734 -4.14511 -30.3367 
-17.5154 -3.79162 -31.0469 -26.5416 -0.503502 36.2133 -26.7656 -0.45845 35.4466 
-27.0492 -0.414261 34.4887 -27.3522 -0.384888 33.5362 -27.6796 -0.363815 32.5917 
-28.0333 -0.348643 31.6565 -28.4114 -0.33733 30.7309 -28.8231 -0.311839 29.8203 
-29.2679 -0.233348 28.9286 -29.7318 -0.0929412 28.0544 -30.2014 0.10392 27.1939 
-30.6598 0.341471 26.3377 -31.09 0.60236 25.4737 -31.4703 0.879112 24.5916 
-31.7879 1.1786 23.6926 -32.0347 1.50574 22.7809 -32.2465 1.86264 21.8712 
-32.4552 2.25392 20.975 -32.66 2.65018 20.08 -32.822 3.02215 19.1667 
-32.921 3.35567 18.2297 -32.9302 3.63755 17.2712 -32.8723 3.87822 16.3028 
-32.7571 4.07529 15.3295 -32.6128 4.24786 14.3552 -32.4457 4.39505 13.3804 
-32.2681 4.51939 12.4043 -32.0943 4.60387 11.4232 -31.9431 4.65057 10.4361 
-31.8284 4.67081 9.44302 -31.7212 4.68983 8.44897 -31.5872 4.71743 7.4585 
-31.4119 4.75121 6.47478 -31.1924 4.78843 5.49999 -30.9419 4.8245 4.53265 
-30.6584 4.86579 3.57466 -30.3508 4.91035 2.62426 -30.0193 4.94828 1.68166 
-29.6644 4.97752 0.747246 -29.2928 4.99774 -0.180896 -28.9132 5.00582 -1.10599 
-28.5205 5.00698 -2.02559 -28.1067 4.99664 -2.93576 -27.6405 4.97445 -3.81969 
-27.1064 4.94002 -4.66319 -26.473 4.86527 -5.43227 -25.7617 4.74815 -6.12276 
-24.9895 4.60163 -6.74018 -24.1729 4.45895 -7.29858 -23.3253 4.31911 -7.81008 
-22.4823 4.15176 -8.31417 -21.8741 3.53005 -8.75595 -21.4001 2.74161 -9.14704 
-20.9531 1.97314 -9.60242 -20.4855 1.30887 -10.1784 -20.0095 0.76976 -10.8716 
-19.5473 0.296654 -11.6206 -19.1207 -0.0972238 -12.4337 -18.7667 -0.443309 -13.3013 
-18.5267 -0.745827 -14.2218 -18.3909 -1.06173 -15.1598 -18.3258 -1.42593 -16.0886 
-18.2889 -1.82023 -17.0067 -18.2692 -2.23362 -17.917 -18.2528 -2.66215 -18.8204 
-18.241 -3.10721 -19.7158 -18.2443 -3.56082 -20.6069 -18.2745 -4.01179 -21.4988 
-18.3305 -4.44205 -22.3996 -18.4203 -4.83049 -23.3164 -18.5218 -5.168 -24.2518 
-18.62 -5.43396 -25.2104 -18.6983 -5.64806 -26.1838 -18.7358 -5.83548 -27.165 
-18.7181 -5.99416 -28.1516 -18.6605 -6.04229 -29.1466 -18.6268 -5.94975 -30.1396 
-18.6696 -5.75104 -31.1178 -26.289 -1.74857 34.901 -26.6528 -1.81172 33.972 
-27.05 -1.91241 33.0599 -27.4758 -2.00499 32.16 -27.9247 -2.05431 31.2681 
-28.3865 -2.04145 30.3819 -28.8578 -1.93167 29.5077 -29.3241 -1.7249 28.6485 
-29.7896 -1.453 27.8066 -30.2597 -1.14974 26.9777 -30.7202 -0.828875 26.1502 
-31.1529 -0.506656 25.3083 -31.5356 -0.179751 24.4446 -31.8592 0.160053 23.562 
-32.1084 0.521639 22.6641 -32.3203 0.911816 21.7682 -32.5244 1.32211 20.8794 
-32.7223 1.72909 19.9878 -32.8715 2.10527 19.0741 -32.9506 2.44423 18.1372 
-32.9424 2.74058 17.1831 -32.8581 2.99479 16.2203 -32.7234 3.20882 15.2529 
-32.5705 3.40092 14.2836 -32.4047 3.5658 13.3114 -32.2346 3.70586 12.336 
-32.0704 3.80763 11.3549 -31.9287 3.87825 10.3678 -31.8264 3.93329 9.37463 
-31.7391 3.9895 8.38007 -31.6237 4.05294 7.38891 -31.4691 4.11746 6.40322 
-31.2626 4.17903 5.42688 -31.0185 4.2356 4.45896 -30.7392 4.29511 3.50064 
-30.4354 4.3612 2.55028 -30.1031 4.42094 1.60912 -29.7444 4.46978 0.676991 
-29.3636 4.50754 -0.246812 -28.9687 4.5305 -1.16518 -28.5541 4.54036 -2.0751 
-28.1129 4.53842 -2.97228 -27.6103 4.52353 -3.83605 -27.0339 4.49601 -4.65118 
-26.3561 4.42991 -5.38228 -25.6074 4.32635 -6.03477 -24.8072 4.19724 -6.61984 
-23.9734 4.06493 -7.15506 -23.1293 3.88837 -7.66082 -22.3101 3.60014 -8.14956 
-21.6558 3.0033 -8.59266 -21.1223 2.29634 -9.0534 -20.6292 1.65296 -9.63518 
-20.1319 1.12019 -10.317 -19.658 0.661751 -11.0682 -19.2034 0.255104 -11.8601 
-18.8027 -0.0993297 -12.7039 -18.4813 -0.420151 -13.5937 -18.295 -0.755277 -14.5157 
-18.2063 -1.1483 -15.4296 -18.1696 -1.58853 -16.3265 -18.156 -2.04749 -17.2148 
-18.1507 -2.5116 -18.1006 -18.1523 -2.98838 -18.9795 -18.1682 -3.47667 -19.852 
-18.2091 -3.96494 -20.7236 -18.2832 -4.43471 -21.6032 -18.3807 -4.88074 -22.4926 
-18.5107 -5.27837 -23.4005 -18.6641 -5.62521 -24.3255 -18.8321 -5.90124 -25.2715 
-18.9921 -6.12748 -26.2321 -19.1015 -6.32348 -27.2061 -19.1425 -6.48481 -28.1913 
-19.1227 -6.52599 -29.1881 -19.0966 -6.42959 -30.1814 -19.069 -6.26353 -31.1669 
-26.3013 0.0631523 37.1921 -26.5961 0.147914 36.2404 -26.8731 0.243137 35.2843 
-27.1463 0.339734 34.3272 -27.4306 0.432163 33.373 -27.7427 0.519597 32.427 
-28.0823 0.605263 31.4904 -28.4521 0.687403 30.5651 -28.8542 0.783318 29.6548 
-29.2858 0.913447 28.7623 -29.7281 1.07496 27.8802 -30.1697 1.27538 27.0059 
-30.6003 1.50311 26.1326 -31 1.75 25.25 -31.3541 2.01055 24.3523 
-31.632 2.29943 23.4371 -31.8368 2.61474 22.5108 -32.0105 2.94858 21.5844 
-32.1988 3.31082 20.6717 -32.4122 3.69357 19.7729 -32.6021 4.05911 18.8619 
-32.7245 4.37881 17.9233 -32.7687 4.64931 16.9625 -32.7339 4.87062 15.9886 
-32.645 5.05663 15.0104 -32.5032 5.20791 14.0323 -32.3309 5.33618 13.0558 
-32.1374 5.42823 12.0791 -31.9422 5.48199 11.1 -31.7749 5.48216 10.1144 
-31.6348 5.46231 9.12451 -31.4964 5.44516 8.13432 -31.3314 5.4396 7.14817 
-31.125 5.44643 6.16986 -30.8907 5.45959 5.19788 -30.625 5.47895 4.23407 
-30.3337 5.50254 3.27778 -30.0209 5.5229 2.32824 -29.69 5.53656 1.38473 
-29.4123 5.54197 0.634525 -29.1266 5.53995 -0.11273 -28.8392 5.53302 -0.859299 
-28.4727 5.51978 -1.78959 -28.0912 5.49656 -2.71359 -27.6779 5.4595 -3.62306 
-27.2104 5.41729 -4.50545 -26.6589 5.34433 -5.33489 -26.0201 5.22885 -6.09395 
-25.3115 5.06722 -6.77966 -24.5589 4.88447 -7.41153 -23.7474 4.7074 -7.96711 
-22.9131 4.52155 -8.48574 -22.2418 4.01905 -8.95046 -21.7933 3.21262 -9.31818 
-21.3711 2.3994 -9.71803 -20.9699 1.59488 -10.1557 -20.5277 0.899817 -10.7147 
-20.0648 0.311859 -11.3762 -19.6115 -0.16496 -12.1269 -19.2023 -0.536144 -12.9581 
-18.8871 -0.8246 -13.8597 -18.6777 -1.05882 -14.8082 -18.5644 -1.312 -15.7684 
-18.4949 -1.60719 -16.721 -18.4533 -1.94098 -17.6626 -18.4199 -2.30254 -18.5942 
-18.3871 -2.69186 -19.5147 -18.3575 -3.09785 -20.4281 -18.3493 -3.50938 -21.3394 
-18.3638 -3.91048 -22.2551 -18.3998 -4.28474 -23.1816 -18.4554 -4.61819 -24.1225 
-18.5015 -4.88865 -25.0836 -18.5203 -5.10483 -26.0595 -18.5025 -5.28081 -27.0435 
-18.4393 -5.42217 -28.031 -18.3227 -5.4658 -29.0213 -18.2239 -5.35883 -30.0075 
-18.2931 -5.11579 -30.9699 -26.4235 -0.202709 37.1797 -26.6572 -0.143409 36.417 
-26.932 -0.0615616 35.459 -27.2068 0.0175285 34.5007 -27.4961 0.0852406 33.546 
-27.8094 0.143009 32.5982 -28.1503 0.189448 31.6593 -28.5127 0.224968 30.7281 
-28.9116 0.271576 29.8125 -29.3424 0.356255 28.9143 -29.7922 0.491226 28.0318 
-30.2469 0.678509 27.1613 -30.6939 0.898326 26.2943 -31.1121 1.1412 25.4193 
-31.4779 1.40819 24.5281 -31.7794 1.70063 23.6212 -32.0141 2.02042 22.7036 
-32.2178 2.36873 21.7887 -32.4233 2.7482 20.8868 -32.628 3.13791 19.989 
-32.7958 3.50441 19.0744 -32.8963 3.82841 18.1346 -32.9083 4.09869 17.1727 
-32.8541 4.32706 16.201 -32.7435 4.51455 15.2253 -32.6006 4.67742 14.2491 
-32.4302 4.81458 13.2735 -32.2474 4.92735 12.2969 -32.0706 4.99486 11.3152 
-31.92 5.02055 10.3272 -31.8014 5.02258 9.33429 -31.6863 5.02363 8.34097 
-31.5353 5.03617 7.35268 -31.3465 5.05677 6.37103 -31.1172 5.08357 5.39817 
-30.8594 5.11242 4.43248 -30.5711 5.14755 3.47566 -30.2609 5.1835 2.52571 
-29.9283 5.21142 1.5831 -29.5771 5.23264 0.647083 -29.2859 5.24314 -0.097948 
-28.9166 5.24648 -1.02725 -28.5382 5.24366 -1.95281 -28.1374 5.22906 -2.86875 
-27.7007 5.20278 -3.76768 -27.186 5.16357 -4.62305 -26.5872 5.08953 -5.41912 
-25.9049 4.96938 -6.13808 -25.1665 4.81394 -6.79357 -24.3746 4.64954 -7.38079 
-23.541 4.49562 -7.91018 -22.7099 4.29131 -8.41881 -22.0842 3.70938 -8.86184 
-21.6402 2.89415 -9.23277 -21.2032 2.10211 -9.65807 -20.7668 1.36802 -10.173 
-20.3004 0.755527 -10.8077 -19.8385 0.239728 -11.5277 -19.3969 -0.187672 -12.3151 
-19.0275 -0.531713 -13.1757 -18.7642 -0.806957 -14.0986 -18.6094 -1.05822 -15.0535 
-18.5145 -1.33839 -16.0084 -18.4592 -1.66218 -16.9526 -18.4221 -2.01489 -17.8876 
-18.3897 -2.39404 -18.8122 -18.3578 -2.79578 -19.7274 -18.3363 -3.20994 -20.6373 
-18.3372 -3.62398 -21.5475 -18.3638 -4.01482 -22.4674 -18.4109 -4.37617 -23.3985 
-18.4663 -4.68586 -24.3472 -18.5013 -4.93201 -25.3154 -18.4987 -5.12308 -26.2967 
-18.462 -5.28924 -27.2819 -18.3693 -5.39721 -28.2706 -18.2254 -5.38521 -29.258 
-18.1682 -5.20971 -30.2353 -18.2948 -4.94403 -31.1867 -26.1963 -0.142136 37.0913 
-26.4433 -0.0837021 36.3327 -26.7312 0.00114186 35.3789 -27.0097 0.0901261 34.4226 
-27.2984 0.17316 33.4688 -27.6089 0.249821 32.5214 -27.947 0.322673 31.5832 
-28.3117 0.3965 30.6551 -28.7143 0.479426 29.7437 -29.1437 0.590943 28.8476 
-29.5923 0.745023 27.9675 -30.044 0.934273 27.0958 -30.4878 1.15368 26.227 
-30.9047 1.39647 25.3513 -31.2693 1.65625 24.4578 -31.5635 1.94108 23.5462 
-31.7715 2.25692 22.6209 -31.9409 2.59383 21.6948 -32.1212 2.95955 20.7819 
-32.3265 3.34762 19.8834 -32.517 3.72078 18.9759 -32.6497 4.05374 18.0431 
-32.6965 4.33296 17.085 -32.6726 4.56919 16.1142 -32.5814 4.76179 15.1376 
-32.4479 4.92608 14.1604 -32.2786 5.06355 13.1846 -32.0878 5.16764 12.2087 
-31.8928 5.2258 11.2299 -31.7225 5.24019 10.2449 -31.5886 5.23055 9.25399 
-31.4619 5.22289 8.2621 -31.3102 5.22624 7.27383 -31.1176 5.23842 6.29281 
-30.8875 5.25622 5.31991 -30.6257 5.2783 4.35516 -30.3339 5.30385 3.39906 
-30.021 5.32672 2.44959 -29.6868 5.34226 1.50731 -29.3327 5.35015 0.572143 
-29.0396 5.34733 -0.172211 -28.7435 5.33992 -0.915362 -28.3639 5.32575 -1.84035 
-27.9687 5.29979 -2.75849 -27.5392 5.26355 -3.66048 -27.0474 5.22028 -4.52944 
-26.467 5.14608 -5.33815 -25.7991 5.03335 -6.07254 -25.0571 4.8823 -6.72443 
-24.2643 4.72708 -7.31266 -23.4231 4.59448 -7.83666 -22.5723 4.48187 -8.34761 
-21.9349 3.96594 -8.81652 -21.5229 3.13452 -9.16225 -21.1036 2.31791 -9.5578 
-20.6727 1.55558 -10.0354 -20.1999 0.946448 -10.6671 -19.7313 0.420491 -11.3755 
-19.2827 -0.00855257 -12.1586 -18.8735 -0.386391 -12.9883 -18.581 -0.699526 -13.8895 
-18.3981 -1.00188 -14.8237 -18.3121 -1.35382 -15.7551 -18.2675 -1.74787 -16.6728 
-18.2471 -2.16677 -17.5806 -18.2355 -2.59782 -18.4828 -18.2289 -3.04764 -19.3759 
-18.2336 -3.50868 -20.2632 -18.2659 -3.97098 -21.1493 -18.3232 -4.41784 -22.0419 
-18.4153 -4.82811 -22.9489 -18.5272 -5.19705 -23.8713 -18.6514 -5.49454 -24.8175 
-18.7666 -5.73291 -25.7814 -18.8498 -5.92948 -26.7581 -18.881 -6.1078 -27.7411 
-18.8589 -6.21277 -28.7338 -18.8323 -6.17157 -29.7299 -18.848 -6.00063 -30.7146 
-26.6705 -1.44043 34.1703 -27.0369 -1.49949 33.2419 -27.4305 -1.55744 32.3245 
-27.8496 -1.59134 31.4174 -28.2887 -1.58697 30.5192 -28.7479 -1.52246 29.6337 
-29.2164 -1.37398 28.7638 -29.6903 -1.15402 27.9116 -30.1682 -0.892258 27.0732 
-30.6365 -0.599833 26.2395 -31.0812 -0.296337 25.3969 -31.4833 0.0123723 24.5354 
-31.8237 0.33746 23.6537 -32.0872 0.685018 22.7542 -32.3058 1.06194 21.8544 
-32.5117 1.46486 20.9626 -32.7156 1.87208 20.0723 -32.8871 2.25867 19.1668 
-32.989 2.60683 18.2356 -33.0054 2.9118 17.2845 -32.9362 3.16976 16.3216 
-32.8128 3.3873 15.3535 -32.6639 3.57697 14.3832 -32.5006 3.74269 13.4106 
-32.3317 3.88579 12.4355 -32.1671 3.99779 11.4557 -32.0178 4.07797 10.4703 
-31.9048 4.12895 9.47811 -31.8141 4.17356 8.48324 -31.7038 4.22556 7.49086 
-31.5546 4.28222 6.50385 -31.3562 4.34028 5.52563 -31.121 4.39619 4.5554 
-30.8524 4.45286 3.59391 -30.5584 4.51779 2.6404 -30.2374 4.58317 1.69563 
-29.8942 4.63892 0.758102 -29.5251 4.68242 -0.170241 -29.0661 4.7205 -1.27828 
-28.6706 4.73843 -2.19649 -28.2456 4.74609 -3.10151 -27.7827 4.74123 -3.9876 
-27.2341 4.72098 -4.8222 -26.6033 4.66261 -5.59383 -25.8953 4.55683 -6.29098 
-25.1407 4.41212 -6.93034 -24.3462 4.24744 -7.51395 -23.5159 4.06925 -8.04118 
-22.696 3.80252 -8.53588 -22.0431 3.22083 -8.97828 -21.5617 2.442 -9.37687 
-21.1148 1.67274 -9.83298 -20.6721 0.949832 -10.3575 -20.2017 0.358604 -11.0093 
-19.7376 -0.145121 -11.7364 -19.3087 -0.541008 -12.5455 -18.9559 -0.847465 -13.4277 
-18.7139 -1.08961 -14.3654 -18.5804 -1.32503 -15.3276 -18.498 -1.60014 -16.285 
-18.4558 -1.92513 -17.2296 -18.4286 -2.27678 -18.1652 -18.4054 -2.65811 -19.0893 
-18.3832 -3.06047 -20.0045 -18.3766 -3.47402 -20.9149 -18.3924 -3.88372 -21.8269 
-18.4302 -4.27253 -22.7473 -18.4938 -4.62743 -23.6798 -18.5629 -4.92747 -24.6307 
-18.6115 -5.16446 -25.6005 -18.6305 -5.35491 -26.5819 -18.6133 -5.52291 -27.5673 
-18.5424 -5.62346 -28.5582 -18.4463 -5.60087 -29.5511 -18.4418 -5.41993 -30.5316 
-26.615 -0.476166 36.1176 -26.8386 -0.430051 35.3509 -27.1174 -0.382511 34.3918 
-27.4171 -0.349795 33.4384 -27.7416 -0.327416 32.4929 -28.0917 -0.311829 31.5563 
-28.4655 -0.299172 30.629 -28.8753 -0.277545 29.7172 -29.314 -0.210396 28.8218 
-29.7781 -0.0692597 27.9476 -30.2477 0.120636 27.0857 -30.7073 0.357012 26.2297 
-31.1431 0.617096 25.3682 -31.5263 0.893318 24.4873 -31.8514 1.19147 23.5904 
-32.1044 1.51826 22.6801 -32.3218 1.87729 21.7727 -32.5338 2.26612 20.8761 
-32.741 2.66306 19.9819 -32.9077 3.03816 19.0705 -33.0139 3.37745 18.1365 
-33.0217 3.66147 17.1787 -32.9623 3.90364 16.2108 -32.8445 4.09975 15.2376 
-32.6981 4.26933 14.2631 -32.5326 4.4176 13.2881 -32.3599 4.5435 12.3113 
-32.1916 4.63687 11.3302 -32.0469 4.69159 10.3425 -31.9333 4.71397 9.34927 
-31.8266 4.73044 8.35515 -31.6946 4.75502 7.36435 -31.5197 4.78798 6.38053 
-31.3027 4.82716 5.40529 -31.0548 4.86735 4.4374 -30.7777 4.91151 3.47768 
-30.4767 4.96279 2.52548 -30.1538 5.01226 1.58038 -29.8108 5.05194 0.641937 
-29.4472 5.08308 -0.289082 -29.0773 5.10666 -1.21785 -28.6991 5.11812 -2.14344 
-28.3001 5.12276 -3.06034 -27.8615 5.11414 -3.95869 -27.3573 5.09319 -4.8208 
-26.7707 5.03717 -5.62735 -26.1104 4.93306 -6.36992 -25.4006 4.77222 -7.0551 
-24.6633 4.57893 -7.70193 -23.8884 4.35262 -8.29063 -23.1047 4.03805 -8.8236 
-22.4206 3.50861 -9.30335 -21.901 2.78759 -9.75576 -21.4699 2.01274 -10.2176 
-21.0403 1.26522 -10.7237 -20.5988 0.590965 -11.3084 -20.1336 0.05497 -12.0105 
-19.6953 -0.370532 -12.7978 -19.333 -0.652759 -13.6826 -19.0763 -0.847938 -14.628 
-18.9079 -1.02483 -15.5972 -18.798 -1.22894 -16.5695 -18.7232 -1.47513 -17.5356 
-18.6646 -1.76853 -18.4896 -18.6044 -2.09758 -19.4319 -18.544 -2.45575 -20.3636 
-18.5013 -2.82366 -21.2924 -18.4778 -3.18396 -22.2249 -18.4836 -3.5292 -23.1632 
-18.5021 -3.84541 -24.1115 -18.5024 -4.11965 -25.0729 -18.4727 -4.32937 -26.0498 
-18.412 -4.49032 -27.0346 -18.2987 -4.58858 -28.0223 -18.1205 -4.5858 -29.0044 
-17.953 -4.42483 -29.9721 -18.0144 -4.13251 -30.9143 -18.4946 -4.3061 -31.4037 
-26.6151 -0.477099 35.3676 -26.904 -0.425934 34.4117 -27.209 -0.387075 33.4602 
-27.5377 -0.35379 32.5164 -27.892 -0.322431 31.5818 -28.2705 -0.286888 30.657 
-28.6848 -0.238154 29.7484 -29.126 -0.152809 28.8554 -29.5898 -0.00814057 27.9815 
-30.0589 0.18269 27.1195 -30.5179 0.414922 26.2622 -30.9527 0.668541 25.3982 
-31.3389 0.934692 24.5156 -31.6598 1.22398 23.6144 -31.8903 1.54691 22.6969 
-32.0851 1.89241 21.779 -32.2774 2.27073 20.8737 -32.479 2.66676 19.9779 
-32.6567 3.0477 19.0708 -32.7757 3.39085 18.1399 -32.804 3.68062 17.1842 
-32.7584 3.92606 16.2167 -32.6542 4.13054 15.2436 -32.5145 4.30615 14.2692 
-32.3487 4.45642 13.2947 -32.1691 4.57853 12.3187 -31.9868 4.66384 11.3393 
-31.827 4.70758 10.3533 -31.7047 4.72518 9.36113 -31.5957 4.74138 8.36724 
-31.4642 4.76591 7.37637 -31.2898 4.7965 6.39239 -31.0728 4.82972 5.41691 
-30.8239 4.86185 4.44901 -30.5394 4.89973 3.49118 -30.23 4.93922 2.54114 
-29.8979 4.97194 1.59852 -29.5444 4.99773 0.663483 -29.2465 5.01108 -0.0788515 
-28.8666 5.01679 -1.00388 -28.4763 5.01613 -1.92453 -28.0645 5.00252 -2.83556 
-27.6156 4.97906 -3.72838 -27.0976 4.94754 -4.58224 -26.4995 4.88674 -5.37963 
-25.8011 4.77581 -6.08525 -25.0459 4.63255 -6.72384 -24.2436 4.48343 -7.30089 
-23.4043 4.33832 -7.82438 -22.5683 4.1494 -8.33011 -21.8729 3.67124 -8.81181 
-21.426 2.857 -9.18148 -20.9923 2.06088 -9.60228 -20.537 1.35786 -10.1404 
-20.0579 0.782181 -10.8 -19.5927 0.293073 -11.536 -19.1488 -0.118751 -12.331 
-18.7664 -0.475377 -13.1818 -18.4963 -0.780804 -14.093 -18.348 -1.10029 -15.0276 
-18.2746 -1.47058 -15.9529 -18.2421 -1.88378 -16.8628 -18.2276 -2.31357 -17.7656 
-18.2212 -2.75676 -18.662 -18.2212 -3.21614 -19.5502 -18.2391 -3.6845 -20.4334 
-18.2829 -4.14968 -21.3175 -18.3585 -4.59126 -22.2113 -18.4629 -4.99805 -23.1186 
-18.5907 -5.35077 -24.0451 -18.7295 -5.64375 -24.9907 -18.8582 -5.87051 -25.9557 
-18.9585 -6.06722 -26.9309 -18.9982 -6.23997 -27.9147 -18.9958 -6.33908 -28.9085 
-18.9864 -6.26152 -29.9034 -18.9917 -6.09537 -30.8892 -26.655 -0.270393 37.1363 
-26.8722 -0.209752 36.3687 -27.1373 -0.133713 35.4076 -27.409 -0.0672709 34.4475 
-27.6979 -0.0150833 33.4917 -28.0157 0.0191727 32.5442 -28.3499 0.0357056 31.6019 
-28.7081 0.0302912 30.6684 -29.1026 0.0284234 29.7497 -29.5345 0.0763422 28.8497 
-29.9888 0.191341 27.967 -30.4508 0.379067 27.1005 -30.9037 0.606281 26.2386 
-31.3222 0.863185 25.3677 -31.6936 1.14182 24.4824 -31.9991 1.44869 23.5815 
-32.2514 1.7865 22.6751 -32.48 2.15955 21.7759 -32.7047 2.55098 20.8836 
-32.9074 2.94131 19.9858 -33.0533 3.30206 19.0652 -33.1282 3.62426 18.1223 
-33.1243 3.90095 17.1623 -33.0413 4.12265 16.191 -32.9196 4.30964 15.2164 
-32.7673 4.46836 14.241 -32.6004 4.61048 13.2654 -32.428 4.72748 12.2874 
-32.2635 4.81559 11.3051 -32.1309 4.86088 10.3152 -32.0228 4.87872 9.32132 
-31.9091 4.88791 8.32791 -31.7668 4.90538 7.33838 -31.5759 4.93436 6.35736 
-31.3521 4.97046 5.38351 -31.0937 5.00993 4.41834 -30.8116 5.05451 3.46006 
-30.5068 5.1055 2.50904 -30.1835 5.15364 1.564 -29.8384 5.19057 0.626216 
-29.4793 5.22097 -0.306566 -29.1143 5.24235 -1.23731 -28.7406 5.25363 -2.16476 
-28.343 5.25707 -3.08221 -27.9025 5.2462 -3.97941 -27.394 5.22005 -4.83908 
-26.8043 5.15113 -5.64253 -26.138 5.02776 -6.37661 -25.4334 4.86013 -7.06553 
-24.6982 4.65127 -7.71001 -23.9207 4.40961 -8.28831 -23.1488 4.06145 -8.8129 
-22.4725 3.512 -9.2912 -21.9646 2.78606 -9.74827 -21.5284 2.02295 -10.2245 
-21.092 1.29178 -10.7483 -20.6435 0.640267 -11.3558 -20.1814 0.121646 -12.072 
-19.7551 -0.269619 -12.8844 -19.4035 -0.535609 -13.7795 -19.1479 -0.729424 -14.7255 
-18.9899 -0.908938 -15.6959 -18.8812 -1.11137 -16.669 -18.8051 -1.35683 -17.6351 
-18.7426 -1.64141 -18.5916 -18.6773 -1.96884 -19.5341 -18.6171 -2.3195 -20.4686 
-18.5836 -2.67785 -21.4015 -18.5701 -3.02286 -22.34 -18.5853 -3.35031 -23.2846 
-18.614 -3.65299 -24.2371 -18.6162 -3.90427 -25.2044 -18.5751 -4.09191 -26.1852 
-18.4946 -4.2202 -27.1732 -18.3618 -4.27457 -28.1614 -18.1683 -4.20355 -29.1382 
-18.0128 -3.98541 -30.0977 -18.3005 -3.9981 -30.6399 -26.0741 -0.226929 37.1213 
-26.3258 -0.17215 36.364 -26.6154 -0.0897903 35.4105 -26.8986 -0.0038376 34.4552 
-27.1936 0.0759634 33.5031 -27.5104 0.150696 32.5576 -27.8552 0.220746 31.6217 
-28.2248 0.295108 30.6955 -28.6288 0.378087 29.7847 -29.0617 0.492279 28.8909 
-29.5134 0.648687 28.0127 -29.9685 0.837894 27.1427 -30.4146 1.05783 26.2753 
-30.8359 1.29967 25.4014 -31.2052 1.55905 24.5097 -31.5041 1.84227 23.5991 
-31.7148 2.15636 22.6739 -31.8788 2.49271 21.7467 -32.0524 2.85982 20.833 
-32.2542 3.24836 19.9341 -32.4481 3.62518 19.0286 -32.5914 3.9655 18.1 
-32.6463 4.25019 17.144 -32.6293 4.49185 16.1744 -32.5431 4.68944 15.1983 
-32.4115 4.8569 14.2215 -32.2426 4.99671 13.2459 -32.0517 5.10371 12.2704 
-31.8548 5.16453 11.2921 -31.6811 5.18159 10.3077 -31.5452 5.17469 9.31711 
-31.4211 5.16926 8.32488 -31.2739 5.17444 7.33592 -31.0858 5.18768 6.35404 
-30.8584 5.20606 5.38055 -30.5974 5.22833 4.41559 -30.3056 5.25337 3.45948 
-29.992 5.27513 2.51025 -29.6557 5.28963 1.56864 -29.299 5.29621 0.634491 
-29.0032 5.29179 -0.108766 -28.7035 5.2832 -0.850471 -28.319 5.26729 -1.77344 
-27.9191 5.23868 -2.68946 -27.4831 5.20113 -3.58815 -26.9898 5.15857 -4.45653 
-26.3996 5.08621 -5.25861 -25.7253 4.97781 -5.98741 -24.9667 4.83421 -6.62158 
-24.1607 4.69362 -7.1956 -23.3121 4.57904 -7.7118 -22.4583 4.49358 -8.22376 
-21.7859 4.09907 -8.7137 -21.3769 3.26698 -9.07594 -20.9629 2.44245 -9.45801 
-20.5131 1.7077 -9.95846 -20.0269 1.14399 -10.6227 -19.5536 0.654945 -11.3541 
-19.1025 0.246096 -12.147 -18.6882 -0.12484 -12.9774 -18.3927 -0.445778 -13.8753 
-18.2188 -0.7957 -14.7934 -18.1514 -1.21616 -15.6975 -18.1223 -1.67714 -16.5843 
-18.1115 -2.15259 -17.4639 -18.1075 -2.63082 -18.3421 -18.1119 -3.12355 -19.2123 
-18.1305 -3.62477 -20.0774 -18.178 -4.12565 -20.9414 -18.2579 -4.60837 -21.8133 
-18.3709 -5.05659 -22.6998 -18.5154 -5.45411 -23.6054 -18.6865 -5.78741 -24.532 
-18.8686 -6.05723 -25.4772 -19.034 -6.27452 -26.4389 -19.1493 -6.47203 -27.4119 
-19.181 -6.6087 -28.4002 -19.1494 -6.63008 -29.3977 -19.1094 -6.50924 -30.3888 
-19.0564 -6.35215 -31.3747 -26.0933 2.32231 37.0775 -26.3355 2.42088 36.3215 
-26.6025 2.55604 35.3674 -26.8449 2.70764 34.4094 -27.0758 2.88303 33.4523 
-27.3159 3.08778 32.5036 -27.5891 3.32278 31.5711 -27.9099 3.57719 30.6591 
-28.2801 3.849 29.771 -28.6715 4.13324 28.8957 -29.0674 4.426 28.0254 
-29.4583 4.72863 27.1562 -29.8393 5.04471 26.2873 -30.2079 5.36881 25.4161 
-30.5305 5.7034 24.5311 -30.7965 6.03747 23.6272 -30.9887 6.35949 22.7006 
-31.1735 6.66212 21.766 -31.4733 6.93859 20.8546 -31.8618 7.21341 19.9756 
-32.2443 7.50152 19.0981 -32.5611 7.78113 18.1925 -32.8031 8.03647 17.257 
-32.9513 8.25129 16.2932 -32.9972 8.41355 15.3085 -32.9245 8.51489 14.3183 
-32.7396 8.55902 13.3375 -32.4732 8.54776 12.3747 -32.1457 8.47667 11.4331 
-31.7879 8.35329 10.5077 -31.4377 8.19747 9.5842 -31.1165 8.04798 8.64926 
-30.8276 7.92831 7.6995 -30.5511 7.83712 6.74292 -30.2754 7.77226 5.78389 
-29.9966 7.72202 4.82487 -29.7107 7.67764 3.86765 -29.4178 7.62903 2.91275 
-29.1179 7.56999 1.96063 -28.8108 7.50325 1.0113 -28.4989 7.43416 0.0637081 
-28.1272 7.34746 -1.07399 -27.8153 7.26689 -2.02065 -27.4802 7.17143 -2.95789 
-27.12 7.06856 -3.885 -26.7305 6.96084 -4.79955 -26.2891 6.83265 -5.68692 
-25.7762 6.6589 -6.52612 -25.1922 6.43182 -7.3041 -24.5569 6.13498 -8.01596 
-23.8728 5.78376 -8.65268 -23.1803 5.31567 -9.20009 -22.5577 4.7228 -9.70238 
-22.0711 3.98872 -10.1741 -21.637 3.22205 -10.6467 -21.2184 2.45679 -11.1357 
-20.7953 1.71648 -11.6561 -20.3453 1.08065 -12.2804 -19.8966 0.525253 -12.9797 
-19.4932 0.121859 -13.7959 -19.1677 -0.177806 -14.6905 -18.9363 -0.430165 -15.6296 
-18.7743 -0.683807 -16.5828 -18.662 -0.964834 -17.5356 -18.5738 -1.27947 -18.4805 
-18.4931 -1.62974 -19.4137 -18.4125 -1.99751 -20.3401 -18.3529 -2.37284 -21.2649 
-18.3275 -2.7414 -22.194 -18.322 -3.08756 -23.1321 -18.3281 -3.41201 -24.0779 
-18.3224 -3.69346 -25.0371 -18.2763 -3.91626 -26.0103 -18.1795 -4.07496 -26.9922 
-18.0206 -4.16198 -27.9745 -17.7575 -4.12906 -28.9358 -17.4468 -3.95316 -29.8668 
-17.3335 -3.53183 -30.7478 -26.5 -1.25 35 -26.7551 -1.2659 34.2421 
-27.0962 -1.3085 33.3032 -27.4724 -1.35696 32.3779 -27.8722 -1.39424 31.4622 
-28.2978 -1.40017 30.5575 -28.7456 -1.36213 29.6646 -29.2122 -1.24493 28.7888 
-29.6875 -1.04277 27.9332 -30.1665 -0.786468 27.0937 -30.6358 -0.502723 26.2577 
-31.0806 -0.203033 25.4138 -31.4837 0.10146 24.5512 -31.8165 0.42481 23.6658 
-32.0878 0.7673 22.7668 -32.3047 1.14411 21.8664 -32.5121 1.54502 20.9741 
-32.7158 1.95074 20.0832 -32.889 2.33724 19.1777 -32.9846 2.68089 18.2444 
-33.0027 2.98527 17.2929 -32.9368 3.24307 16.3296 -32.8166 3.45998 15.3611 
-32.6674 3.64682 14.3902 -32.5039 3.81217 13.4177 -32.3355 3.95262 12.4421 
-32.1694 4.06521 11.4625 -32.0236 4.14034 10.4762 -31.9081 4.18933 9.48429 
-31.814 4.23169 8.48964 -31.7053 4.2804 7.49685 -31.5511 4.3346 6.51053 
-31.3541 4.39055 5.53188 -31.1161 4.44483 4.56225 -30.8489 4.4987 3.6002 
-30.552 4.56252 2.64748 -30.2337 4.62665 1.70174 -29.8879 4.67884 0.764945 
-29.5209 4.72147 -0.164248 -29.1401 4.75367 -1.08834 -28.7491 4.77269 -2.00846 
-28.3333 4.78169 -2.9178 -27.8836 4.77949 -3.81059 -27.3578 4.76327 -4.65973 
-26.7501 4.71622 -5.45108 -26.0548 4.6163 -6.16177 -25.3129 4.47681 -6.81641 
-24.5292 4.31408 -7.41542 -23.7121 4.13632 -7.96289 -22.8873 3.88679 -8.46409 
-22.1812 3.38202 -8.92974 -21.6803 2.61938 -9.32974 -21.2305 1.84426 -9.77273 
-20.7919 1.1058 -10.2809 -20.2328 0.371633 -11.042 -19.7697 -0.1362 -11.7665 
-19.3429 -0.529556 -12.5781 -18.9836 -0.838292 -13.4576 -18.7418 -1.07646 -14.3966 
-18.5976 -1.30477 -15.3588 -18.5199 -1.58021 -16.3166 -18.4722 -1.89451 -17.2645 
-18.4426 -2.24275 -18.2014 -18.4157 -2.61957 -19.1272 -18.3909 -3.01919 -20.0435 
-18.3788 -3.4287 -20.9557 -18.3927 -3.83315 -21.87 -18.4245 -4.21943 -22.7917 
-18.4834 -4.57095 -23.7259 -18.5452 -4.86827 -24.6781 -18.5842 -5.10068 -25.6496 
-18.5936 -5.28984 -26.6313 -18.5639 -5.45107 -27.6175 -18.4831 -5.54739 -28.6082 
-18.3857 -5.50376 -29.5992 -18.375 -5.30974 -30.5771 -18.4986 -5.13466 -31.3403 
-26.6031 0.841141 37.3558 -26.8185 0.929516 36.5904 -27.0774 1.0498 35.632 
-27.3293 1.17793 34.6728 -27.5881 1.30847 33.7157 -27.8682 1.44265 32.7653 
-28.1804 1.58055 31.8254 -28.5203 1.72049 30.8955 -28.9009 1.87415 29.9839 
-29.3056 2.04679 29.0859 -29.7171 2.23797 28.1949 -30.1272 2.45774 27.3098 
-30.5314 2.70225 26.4285 -30.916 2.96534 25.5438 -31.2547 3.24794 24.6467 
-31.5342 3.54856 23.7352 -31.7437 3.85922 22.8086 -31.9178 4.17476 21.8759 
-32.1387 4.51383 20.9617 -32.3874 4.86741 20.0599 -32.6135 5.2101 19.1485 
-32.7871 5.52192 18.2149 -32.8717 5.78028 17.2535 -32.8831 5.99438 16.2776 
-32.8166 6.16049 15.2941 -32.6991 6.29555 14.3106 -32.5258 6.39666 13.3312 
-32.32 6.46732 12.3554 -32.0981 6.48329 11.3807 -31.8859 6.44994 10.4043 
-31.6971 6.38758 9.42425 -31.5143 6.3261 8.44305 -31.3141 6.28383 7.4643 
-31.09 6.25978 6.49012 -30.8423 6.25241 5.52137 -30.5763 6.25534 4.55745 
-30.29 6.26248 3.59937 -29.9884 6.26639 2.64596 -29.6713 6.26361 1.69761 
-29.3415 6.25141 0.753654 -29.0734 6.23511 9.15006e-05 -28.8051 6.21576 -0.753332 
-28.4653 6.1883 -1.6934 -28.1145 6.15147 -2.6291 -27.7332 6.10045 -3.55197 
-27.3055 6.04099 -4.45355 -26.8057 5.9503 -5.31403 -26.2364 5.82302 -6.12461 
-25.5885 5.63505 -6.86204 -24.9012 5.4092 -7.5517 -24.1649 5.14752 -8.17363 
-23.3998 4.82199 -8.72787 -22.7031 4.31065 -9.21917 -22.1574 3.6187 -9.68058 
-21.7277 2.83514 -10.1283 -21.3093 2.06266 -10.6056 -20.8882 1.32681 -11.1332 
-20.4369 0.706341 -11.7696 -19.9869 0.206642 -12.5076 -19.5771 -0.17331 -13.3333 
-19.2579 -0.434395 -14.2417 -19.0337 -0.645599 -15.1923 -18.8881 -0.856786 -16.1585 
-18.7879 -1.09807 -17.1235 -18.7138 -1.38106 -18.0796 -18.6459 -1.69944 -19.025 
-18.5749 -2.04982 -19.9588 -18.5189 -2.41447 -20.8881 -18.4932 -2.77608 -21.8201 
-18.4866 -3.11939 -22.7592 -18.5054 -3.44137 -23.7056 -18.522 -3.73163 -24.6622 
-18.4952 -3.95617 -25.6357 -18.4292 -4.12594 -26.6185 -18.3107 -4.22563 -27.6057 
-18.131 -4.25013 -28.5874 -17.899 -4.12153 -29.5482 -17.7542 -3.81958 -30.4819 
-17.7057 -3.43692 -31.0812 -26.3413 1.17986 37.333 -26.5676 1.27075 36.5711 
-26.8339 1.39411 35.6152 -27.0834 1.53147 34.6566 -27.3325 1.67849 33.6994 
-27.599 1.83526 32.7485 -27.8969 2.00306 31.809 -28.2406 2.1837 30.8876 
-28.6169 2.37743 29.9818 -29.0214 2.59412 29.0933 -29.4305 2.82511 28.2105 
-29.8331 3.07783 27.3308 -30.2276 3.3494 26.453 -30.6049 3.63719 25.5729 
-30.9407 3.93807 24.6807 -31.2186 4.2508 23.7729 -31.4146 4.56795 22.8458 
-31.5523 4.87855 21.9054 -31.7224 5.19156 20.9718 -31.9938 5.52432 20.0694 
-32.2859 5.86327 19.1753 -32.5297 6.17737 18.2585 -32.6927 6.4465 17.3104 
-32.7691 6.66775 16.339 -32.7605 6.84121 15.3552 -32.6676 6.96739 14.3682 
-32.503 7.05525 13.3864 -32.279 7.10077 12.4133 -32.0206 7.10092 11.4474 
-31.7582 7.04298 10.4845 -31.5154 6.95014 9.51897 -31.2949 6.85685 8.5481 
-31.0774 6.78393 7.57484 -30.8436 6.73734 6.60376 -30.5913 6.71023 5.63655 
-30.3216 6.69713 4.67372 -30.0394 6.68703 3.71443 -29.7417 6.6735 2.75989 
-29.4309 6.6529 1.8097 -29.1068 6.61994 0.864221 -28.7776 6.58011 -0.0791835 
-28.4473 6.53754 -1.0221 -28.113 6.4884 -1.96328 -27.7636 6.42685 -2.89814 
-27.383 6.35655 -3.82004 -26.955 6.27477 -4.71979 -26.4634 6.16768 -5.58273 
-25.8928 6.01651 -6.38893 -25.252 5.81522 -7.12836 -24.5606 5.56851 -7.80667 
-23.8228 5.2926 -8.42079 -23.0683 4.92312 -8.96126 -22.4257 4.35089 -9.4458 
-21.9436 3.59564 -9.88634 -21.5341 2.79036 -10.3144 -21.1314 2.00181 -10.779 
-20.7264 1.24085 -11.2809 -20.2751 0.624626 -11.9236 -19.8256 0.103172 -12.646 
-19.4258 -0.267131 -13.4805 -19.1139 -0.53267 -14.391 -18.9077 -0.750771 -15.3442 
-18.7672 -0.97249 -16.3088 -18.6756 -1.23434 -17.2694 -18.6045 -1.53383 -18.2206 
-18.5382 -1.87259 -19.1591 -18.4667 -2.23364 -20.0889 -18.4119 -2.61081 -21.0133 
-18.3786 -2.98397 -21.9404 -18.3694 -3.34011 -22.8746 -18.3811 -3.6755 -23.8166 
-18.3795 -3.964 -24.7736 -18.3461 -4.19707 -25.745 -18.2796 -4.3734 -26.7268 
-18.1667 -4.49509 -27.712 -17.9815 -4.53561 -28.6927 -17.7542 -4.42743 -29.6563 
-17.6594 -4.11901 -30.5925 -25.6473 3.88567 36.2014 -26.0101 3.92205 35.2718 
-26.2954 4.02012 34.3193 -26.5293 4.19282 33.3627 -26.7579 4.41059 32.4141 
-27.0176 4.6711 31.4845 -27.3258 4.95761 30.5778 -27.6857 5.25812 29.6947 
-28.0808 5.56038 28.8273 -28.4873 5.86491 27.9659 -28.8915 6.17404 27.105 
-29.282 6.48903 26.2401 -29.6423 6.81316 25.3656 -29.9578 7.13627 24.4737 
-30.2159 7.45378 23.5617 -30.4041 7.76261 22.6296 -30.6026 8.0435 21.6911 
-31.0182 8.26218 20.8156 -31.5524 8.46654 19.9958 -32.0418 8.6983 19.1558 
-32.4519 8.94593 18.2792 -32.7761 9.18656 17.365 -33.0157 9.40576 16.4202 
-33.129 9.56946 15.4435 -33.0961 9.66047 14.4503 -32.9224 9.68913 13.4675 
-32.6394 9.65446 12.5105 -32.2678 9.54395 11.5897 -31.8484 9.37907 10.6973 
-31.4186 9.17546 9.81777 -31.0145 8.97708 8.92498 -30.6593 8.81175 8.00542 
-30.3403 8.67756 7.0674 -30.0454 8.57144 6.11785 -29.7568 8.48306 5.16454 
-29.4662 8.40443 4.21091 -29.1736 8.32131 3.25829 -28.8776 8.22862 2.30764 
-28.5758 8.13105 1.35926 -28.2718 8.03336 0.411624 -27.9122 7.91627 -0.727211 
-27.6088 7.81079 -1.6742 -27.2864 7.6886 -2.61276 -26.9411 7.55703 -3.54195 
-26.5698 7.42562 -4.461 -26.1647 7.28448 -5.36404 -25.7029 7.10917 -6.23239 
-25.1581 6.88394 -7.0386 -24.538 6.58474 -7.76216 -23.8547 6.22326 -8.39295 
-23.1436 5.78047 -8.93707 -22.5323 5.16505 -9.41151 -22.092 4.37513 -9.8349 
-21.7004 3.55011 -10.2421 -21.311 2.73826 -10.677 -20.9244 1.93215 -11.125 
-20.5003 1.22555 -11.6828 -20.0526 0.611565 -12.3317 -19.6205 0.127157 -13.0889 
-19.2442 -0.228931 -13.9408 -18.9779 -0.494243 -14.866 -18.7957 -0.733905 -15.819 
-18.6788 -0.993897 -16.7772 -18.5938 -1.28857 -17.7288 -18.5231 -1.61982 -18.6695 
-18.4504 -1.97798 -19.6003 -18.3794 -2.3542 -20.524 -18.3313 -2.73786 -21.4462 
-18.3044 -3.1087 -22.3744 -18.3003 -3.46146 -23.3099 -18.307 -3.77957 -24.2578 
-18.2888 -4.05095 -25.2196 -18.2306 -4.25538 -26.1964 -18.1388 -4.41186 -27.1795 
-17.9803 -4.49737 -28.1617 -17.7351 -4.47446 -29.1284 -17.5059 -4.26851 -30.0729 
-17.4862 -3.87311 -30.9784 -26.5732 -0.65678 35.3309 -26.8693 -0.626229 34.3763 
-27.1857 -0.610386 33.4279 -27.5289 -0.599752 32.4888 -27.8949 -0.588387 31.5583 
-28.2903 -0.568634 30.6401 -28.715 -0.529396 29.7358 -29.1682 -0.430829 28.8506 
-29.6368 -0.272197 27.9819 -30.1093 -0.0593591 27.1269 -30.5728 0.181835 26.2743 
-31.0004 0.446678 25.4102 -31.3799 0.724296 24.5281 -31.6815 1.02778 23.6249 
-31.9115 1.35562 22.7091 -32.1035 1.71358 21.7955 -32.2981 2.10093 20.8944 
-32.4998 2.49995 19.9999 -32.6789 2.88415 19.0946 -32.7932 3.22776 18.1633 
-32.8234 3.52305 17.2095 -32.7731 3.77145 16.2427 -32.6697 3.98152 15.2708 
-32.5293 4.16062 14.2971 -32.3654 4.31435 13.3228 -32.1873 4.4402 12.347 
-32.0085 4.53053 11.3674 -31.8497 4.58026 10.3816 -31.7276 4.60508 9.38949 
-31.6227 4.62693 8.39526 -31.4958 4.65668 7.40395 -31.3242 4.69228 6.41964 
-31.112 4.7298 5.44326 -30.8619 4.76606 4.47584 -30.5816 4.80627 3.51688 
-30.2727 4.84972 2.56683 -29.9433 4.88734 1.62342 -29.5883 4.916 0.689042 
-29.2155 4.93633 -0.238607 -28.8329 4.94424 -1.16246 -28.438 4.94459 -2.08113 
-28.0193 4.93054 -2.98904 -27.5613 4.908 -3.87731 -27.0215 4.87281 -4.71705 
-26.3962 4.804 -5.49228 -25.6873 4.69171 -6.18722 -24.9207 4.5471 -6.81196 
-24.1089 4.40127 -7.37635 -23.2649 4.25463 -7.892 -22.4289 4.05568 -8.3946 
-21.7656 3.52208 -8.86273 -21.3199 2.70932 -9.23715 -20.885 1.91913 -9.66784 
-20.4187 1.25216 -10.2406 -19.9389 0.702667 -10.9226 -19.4781 0.242427 -11.6798 
-19.0369 -0.158047 -12.4825 -18.6766 -0.502894 -13.3474 -18.424 -0.810894 -14.2628 
-18.2934 -1.14811 -15.1941 -18.2342 -1.54398 -16.1099 -18.2089 -1.97494 -17.0118 
-18.1985 -2.41792 -17.9082 -18.196 -2.87546 -18.7973 -18.2029 -3.34691 -19.6792 
-18.2297 -3.82457 -20.5573 -18.2832 -4.29614 -21.4374 -18.3717 -4.73986 -22.3289 
-18.4874 -5.14686 -23.2346 -18.6306 -5.49517 -24.1607 -18.7863 -5.78367 -25.1049 
-18.932 -6.00937 -26.0678 -19.0454 -6.20778 -27.0412 -19.0906 -6.37265 -28.0256 
-19.0812 -6.43832 -29.0216 -19.0617 -6.3571 -30.0166 -19.0499 -6.18989 -31.0021 
-25.7192 4.96581 34.9525 -26.0113 4.95864 34.2094 -26.2928 5.04109 33.2547 
-26.529 5.22272 32.3009 -26.7739 5.4654 31.3626 -27.0662 5.73463 30.4454 
-27.4145 6.0143 29.551 -27.8072 6.30112 28.6773 -28.2272 6.58773 27.8163 
-28.6447 6.87932 26.9557 -29.0438 7.17696 26.0885 -29.4052 7.47905 25.2067 
-29.715 7.7833 24.3063 -29.9691 8.08669 23.3882 -30.17 8.3755 22.4523 
-30.4079 8.62486 21.5175 -30.9078 8.80417 20.6774 -31.5046 8.97954 19.8946 
-32.029 9.192 19.0712 -32.4683 9.42678 18.2053 -32.8208 9.66258 17.3005 
-33.088 9.8824 16.3636 -33.2213 10.047 15.3882 -33.1882 10.1326 14.3962 
-33.0025 10.1486 13.4153 -32.7099 10.1057 12.4617 -32.3213 9.98208 11.5496 
-31.8791 9.80058 10.6717 -31.4218 9.58045 9.81009 -30.9888 9.36545 8.93492 
-30.6063 9.18243 8.02981 -30.2677 9.03176 7.10132 -29.961 8.90815 6.15765 
-29.6667 8.80639 5.20743 -29.3742 8.71504 4.25552 -29.0816 8.61913 3.30413 
-28.7853 8.5147 2.35475 -28.4839 8.4065 1.40745 -28.1825 8.29948 0.459969 
-27.8275 8.17294 -0.67931 -27.5278 8.05795 -1.62631 -27.2099 7.9243 -2.5649 
-26.8697 7.78197 -3.49438 -26.5073 7.64132 -4.41566 -26.1185 7.49415 -5.32494 
-25.6809 7.31804 -6.20577 -25.1586 7.08636 -7.02463 -24.562 6.77883 -7.76402 
-23.9045 6.40061 -8.41255 -23.2184 5.93213 -8.96758 -22.6055 5.32056 -9.45282 
-22.145 4.55164 -9.89188 -21.7481 3.73532 -10.3112 -21.3543 2.93048 -10.7552 
-20.9623 2.13032 -11.2091 -20.5386 1.41369 -11.7569 -20.0947 0.784828 -12.3934 
-19.664 0.267146 -13.1283 -19.2767 -0.106239 -13.9685 -18.9987 -0.386131 -14.8859 
-18.806 -0.636051 -15.8342 -18.6801 -0.900981 -16.7899 -18.5886 -1.19883 -17.7398 
-18.5128 -1.53249 -18.6794 -18.4361 -1.89307 -19.6089 -18.3605 -2.27 -20.532 
-18.3095 -2.65336 -21.4541 -18.2832 -3.02404 -22.3824 -18.2754 -3.37554 -23.3185 
-18.2798 -3.69392 -24.2662 -18.262 -3.96911 -25.2271 -18.1985 -4.17582 -26.203 
-18.0987 -4.32995 -27.1856 -17.9297 -4.41014 -28.1664 -17.6697 -4.38134 -29.129 
-17.4184 -4.16902 -30.0662 -17.3771 -3.75781 -30.963 -26.2715 1.65327 37.2605 
-26.4435 1.72561 36.6903 -26.7126 1.85219 35.7356 -26.9598 1.99156 34.7768 
-27.1967 2.14881 33.8181 -27.4437 2.32223 32.8648 -27.7195 2.51594 31.9235 
-28.0364 2.72642 30.999 -28.4012 2.95366 30.0962 -28.7941 3.19746 29.2097 
-29.1966 3.45561 28.3314 -29.5934 3.72755 27.4548 -29.9821 4.01512 26.5795 
-30.3596 4.31554 25.7036 -30.703 4.6327 24.8198 -30.9902 4.95955 23.92 
-31.1959 5.28366 22.9973 -31.343 5.59469 22.0586 -31.5303 5.89561 21.1245 
-31.8201 6.20059 20.2186 -32.1566 6.5179 19.3321 -32.4472 6.82292 18.4258 
-32.6664 7.09395 17.4894 -32.8017 7.32376 16.5267 -32.8324 7.49803 15.5438 
-32.7702 7.62113 14.5543 -32.6104 7.69387 13.5707 -32.3804 7.72382 12.5984 
-32.0941 7.69867 11.641 -31.7884 7.62473 10.692 -31.4933 7.50389 9.74436 
-31.2237 7.38165 8.78925 -30.9775 7.28432 7.82503 -30.7291 7.21282 6.85908 
-30.4689 7.16594 5.8947 -30.1984 7.13424 4.93255 -29.9165 7.10831 3.97346 
-29.623 7.07992 3.01795 -29.3174 7.04205 2.06655 -29.003 6.99371 1.11854 
-28.6815 6.93883 0.173233 -28.2956 6.86979 -0.960949 -27.9716 6.80484 -1.90476 
-27.6281 6.72726 -2.84061 -27.2552 6.64145 -3.76434 -26.8447 6.54729 -4.67111 
-26.3729 6.43083 -5.54404 -25.8232 6.27021 -6.36245 -25.1931 6.0579 -7.10769 
-24.5055 5.79954 -7.7853 -23.764 5.51942 -8.39313 -23.0075 5.14141 -8.92385 
-22.3841 4.54309 -9.3924 -21.9401 3.75059 -9.80808 -21.5469 2.92673 -10.2159 
-21.1532 2.12306 -10.6617 -20.7551 1.34624 -11.1454 -20.3094 0.707789 -11.769 
-19.8584 0.164665 -12.4746 -19.4434 -0.237259 -13.2877 -19.1229 -0.519855 -14.1887 
-18.9039 -0.745883 -15.1371 -18.7614 -0.969858 -16.1008 -18.667 -1.22837 -17.0619 
-18.5969 -1.52596 -18.0138 -18.533 -1.86172 -18.9535 -18.4646 -2.22224 -19.8837 
-18.408 -2.60139 -20.8072 -18.3706 -2.98043 -21.7318 -18.3541 -3.34505 -22.6627 
-18.3639 -3.68804 -23.6019 -18.3686 -3.9911 -24.5544 -18.347 -4.24249 -25.5217 
-18.2927 -4.43132 -26.5018 -18.2003 -4.57384 -27.4868 -18.0377 -4.63886 -28.47 
-17.8149 -4.58714 -29.4408 -17.6899 -4.33064 -30.3883 -26.5963 -0.602619 35.2048 
-26.8322 -0.572396 34.4409 -27.1459 -0.548582 33.4918 -27.4838 -0.528553 32.5509 
-27.8482 -0.509664 31.6199 -28.2344 -0.482895 30.698 -28.6525 -0.439977 29.7908 
-29.0967 -0.357872 28.899 -29.5634 -0.205877 28.0282 -30.0359 -0.009285 27.1692 
-30.4999 0.225367 26.3152 -30.9401 0.483234 25.4552 -31.3313 0.754435 24.5764 
-31.6604 1.0461 23.6786 -31.9043 1.36825 22.7646 -32.1045 1.71326 21.8477 
-32.2981 2.09429 20.9437 -32.4994 2.49176 20.0485 -32.6751 2.87341 19.1414 
-32.7906 3.21771 18.2106 -32.8252 3.51473 17.2572 -32.7799 3.76573 16.2911 
-32.6757 3.97534 15.3191 -32.5364 4.1551 14.3455 -32.3727 4.3097 13.3712 
-32.1956 4.43719 12.3954 -32.0167 4.52731 11.4159 -31.854 4.58024 10.4309 
-31.7315 4.60498 9.43876 -31.6285 4.62598 8.44433 -31.502 4.65563 7.45298 
-31.3358 4.69077 6.46769 -31.1233 4.72817 5.49139 -30.8771 4.76369 4.52291 
-30.5966 4.80427 3.56403 -30.2905 4.84807 2.61311 -29.9592 4.88515 1.67036 
-29.6072 4.9151 0.734901 -29.2331 4.93461 -0.19228 -28.8519 4.94365 -1.11672 
-28.4568 4.9441 -2.03531 -28.0408 4.93266 -2.94449 -27.5791 4.91092 -3.8308 
-27.0514 4.88004 -4.67871 -26.4313 4.8128 -5.45793 -25.7276 4.70323 -6.15833 
-24.9607 4.55809 -6.78306 -24.154 4.41166 -7.35479 -23.3105 4.2632 -7.87065 
-22.4776 4.05629 -8.37563 -21.8468 3.46499 -8.82671 -21.3739 2.67505 -9.21171 
-20.9309 1.90178 -9.6629 -20.468 1.21686 -10.2185 -19.9882 0.666061 -10.9004 
-19.5249 0.191177 -11.6468 -19.0892 -0.206528 -12.4535 -18.7164 -0.55595 -13.3113 
-18.4754 -0.853938 -14.2335 -18.3331 -1.17182 -15.1699 -18.27 -1.55012 -16.093 
-18.2404 -1.96516 -17.0021 -18.2287 -2.39672 -17.9041 -18.2238 -2.8425 -18.7991 
-18.2277 -3.30514 -19.6857 -18.2501 -3.77356 -20.5688 -18.3016 -4.23446 -21.4546 
-18.3804 -4.67355 -22.3494 -18.4923 -5.06924 -23.2607 -18.623 -5.41798 -24.1884 
-18.7649 -5.69657 -25.1378 -18.8951 -5.91873 -26.1038 -18.9893 -6.1133 -27.0799 
-19.0256 -6.28147 -28.0644 -19.0153 -6.33488 -29.0608 -19.0093 -6.24512 -30.0549 
-19.0148 -6.06901 -31.0391 -26.5227 -1.21245 34.9784 -26.7782 -1.22929 34.2206 
-27.1178 -1.26984 33.281 -27.4914 -1.31593 32.3546 -27.8899 -1.34944 31.4382 
-28.3138 -1.35462 30.5327 -28.7608 -1.31741 29.6394 -29.2273 -1.20088 28.7634 
-29.7034 -0.999855 27.9079 -30.1823 -0.744807 27.0681 -30.6511 -0.46241 26.2312 
-31.0947 -0.164103 25.3863 -31.4962 0.139309 24.5225 -31.8268 0.462929 23.6366 
-32.0933 0.805965 22.7363 -32.3115 1.18031 21.8352 -32.519 1.58142 20.9431 
-32.7224 1.9866 20.0517 -32.8939 2.37183 19.1455 -32.9867 2.71372 18.2112 
-33.0017 3.01605 17.259 -32.9336 3.27185 16.2953 -32.8124 3.48709 15.3265 
-32.663 3.67313 14.3555 -32.5001 3.83672 13.3826 -32.3315 3.97571 12.4068 
-32.1656 4.08669 11.427 -32.0206 4.16009 10.4405 -31.9064 4.2076 9.44833 
-31.8121 4.24923 8.45368 -31.702 4.29743 7.46104 -31.5455 4.35104 6.47503 
-31.3465 4.40644 5.49675 -31.107 4.46021 4.52746 -30.8386 4.51376 3.56571 
-30.5416 4.57718 2.61301 -30.2218 4.64084 1.66772 -29.8753 4.69214 0.731147 
-29.5089 4.73479 -0.198277 -29.1279 4.76613 -1.12228 -28.7368 4.78477 -2.04241 
-28.3208 4.79335 -2.95166 -27.8729 4.7906 -3.84548 -27.343 4.77388 -4.69229 
-26.7383 4.72779 -5.48578 -26.0422 4.6259 -6.19539 -25.3006 4.4845 -6.85026 
-24.5179 4.31977 -7.44976 -23.7013 4.13927 -7.9972 -22.8798 3.88117 -8.49883 
-22.1821 3.36317 -8.96191 -21.6827 2.60013 -9.36459 -21.2352 1.82466 -9.80927 
-20.7981 1.0853 -10.3175 -20.3337 0.457927 -10.9385 -19.8693 -0.0604861 -11.6546 
-19.4289 -0.483181 -12.444 -19.0639 -0.793432 -13.3206 -18.7922 -1.04014 -14.249 
-18.6405 -1.26066 -15.2118 -18.5497 -1.5173 -16.1735 -18.498 -1.82116 -17.1246 
-18.4641 -2.15614 -18.0662 -18.435 -2.52511 -18.995 -18.4065 -2.91679 -19.9146 
-18.3865 -3.32119 -20.8289 -18.3918 -3.72486 -21.7438 -18.4176 -4.11161 -22.6655 
-18.4667 -4.46746 -23.5984 -18.5245 -4.77057 -24.5492 -18.5647 -5.01536 -25.5177 
-18.5714 -5.20838 -26.4986 -18.5434 -5.37393 -27.4841 -18.4614 -5.47643 -28.4741 
-18.3461 -5.46273 -29.4653 -18.32 -5.28507 -30.4449 -18.4758 -5.06598 -31.3958 
-26.6014 0.841244 37.4467 -26.8688 0.952548 36.4896 -27.1259 1.07366 35.5308 
-27.377 1.20242 34.5715 -27.6364 1.33281 33.6146 -27.9213 1.46762 32.6657 
-28.2347 1.60535 31.7262 -28.5801 1.74595 30.7985 -28.9599 1.89921 29.8864 
-29.3661 2.07358 28.9894 -29.777 2.26546 28.0983 -30.186 2.49016 27.2138 
-30.5898 2.73481 26.3324 -30.9682 3.00147 25.4461 -31.3041 3.28516 24.5482 
-31.5752 3.58727 23.635 -31.7789 3.89831 22.707 -31.9601 4.21671 21.7767 
-32.1812 4.55546 20.8624 -32.4308 4.91005 19.9614 -32.655 5.25198 19.0492 
-32.8133 5.55528 18.1103 -32.8941 5.81184 17.1481 -32.8896 6.01655 16.17 
-32.821 6.18173 15.1866 -32.6926 6.31041 14.2035 -32.5198 6.41207 13.2241 
-32.3102 6.47289 12.2484 -32.0888 6.49032 11.2736 -31.8805 6.45187 10.2965 
-31.6923 6.38912 9.31646 -31.5077 6.32976 8.33548 -31.3065 6.28757 7.3569 
-31.0771 6.26702 6.38389 -30.8289 6.25986 5.41525 -30.5598 6.26452 4.4522 
-30.2732 6.27217 3.4942 -29.9693 6.27576 2.54154 -29.652 6.27327 1.59325 
-29.3221 6.261 0.649334 -29.0542 6.24469 -0.104317 -28.7864 6.22584 -0.857903 
-28.4478 6.19962 -1.79847 -28.0932 6.16043 -2.73259 -27.7128 6.10983 -3.65589 
-27.2774 6.04885 -4.55365 -26.7812 5.96056 -5.41646 -26.2029 5.82457 -6.21888 
-25.561 5.63651 -6.96141 -24.8763 5.40202 -7.65102 -24.1508 5.13239 -8.28253 
-23.4044 4.77039 -8.8374 -22.7254 4.24201 -9.33829 -22.1895 3.54902 -9.81468 
-21.7413 2.78503 -10.2771 -21.3122 2.03105 -10.7743 -20.8875 1.29467 -11.2989 
-20.4338 0.675402 -11.9358 -19.9776 0.1674 -12.6644 -19.5673 -0.211001 -13.4892 
-19.2401 -0.468419 -14.3965 -19.0228 -0.67171 -15.3506 -18.8662 -0.879418 -16.3158 
-18.7633 -1.12116 -17.2805 -18.6857 -1.40379 -18.2363 -18.6159 -1.72994 -19.1789 
-18.5425 -2.0793 -20.113 -18.4852 -2.44572 -21.0415 -18.4586 -2.80949 -21.9726 
-18.4513 -3.15616 -22.9104 -18.4657 -3.48296 -23.8554 -18.475 -3.76897 -24.8132 
-18.4491 -4.00169 -25.7849 -18.3796 -4.17183 -26.7674 -18.2617 -4.27688 -27.7537 
-18.0665 -4.28294 -28.7327 -17.8339 -4.14074 -29.6912 -17.6759 -3.79764 -30.5624 
-25.9585 2.44041 37.2384 -26.218 2.53538 36.4877 -26.5031 2.665 35.5382 
-26.7519 2.81188 34.581 -26.9808 2.98522 33.6232 -27.2151 3.18488 32.6719 
-27.478 3.42084 31.7365 -27.7864 3.67817 30.8211 -28.1481 3.95398 29.9308 
-28.5361 4.24176 29.0554 -28.9321 4.53815 28.1862 -29.3242 4.84316 27.3183 
-29.7067 5.16049 26.4506 -30.0773 5.48662 25.581 -30.4098 5.82111 24.6995 
-30.6871 6.15582 23.7994 -30.8897 6.47987 22.8757 -31.0709 6.78576 21.9411 
-31.3541 7.0612 21.0245 -31.7477 7.3269 20.1454 -32.1518 7.60579 19.2746 
-32.493 7.88477 18.3778 -32.7541 8.14073 17.4479 -32.9333 8.36497 16.491 
-33.0067 8.53671 15.5099 -32.9643 8.64792 14.5189 -32.7974 8.69831 13.5355 
-32.5425 8.69483 12.5694 -32.2177 8.6285 11.6266 -31.8554 8.50927 10.7025 
-31.4907 8.34802 9.78553 -31.1535 8.189 8.85777 -30.8502 8.05593 7.91444 
-30.5678 7.95345 6.9607 -30.2905 7.87902 6.00286 -30.0117 7.82094 5.04424 
-29.7266 7.77191 4.08705 -29.435 7.72028 3.1319 -29.1366 7.65805 2.17948 
-28.832 7.58775 1.22962 -28.5208 7.51522 0.282045 -28.15 7.42518 -0.855672 
-27.8405 7.34343 -1.80302 -27.5126 7.24755 -2.74274 -27.1577 7.14211 -3.67162 
-26.7731 7.03198 -4.58793 -26.3485 6.90838 -5.48442 -25.8572 6.74517 -6.33894 
-25.2866 6.52843 -7.12942 -24.6581 6.24697 -7.8532 -23.982 5.91534 -8.50952 
-23.2856 5.46649 -9.06615 -22.6409 4.89359 -9.56652 -22.1374 4.17029 -10.0351 
-21.7047 3.39488 -10.4942 -21.2922 2.61756 -10.9692 -20.8813 1.84954 -11.4602 
-20.4399 1.17919 -12.0527 -19.9914 0.602428 -12.7333 -19.5732 0.153595 -13.5174 
-19.2211 -0.16576 -14.3952 -18.9805 -0.418989 -15.3314 -18.8061 -0.663654 -16.2847 
-18.6892 -0.933196 -17.2405 -18.5983 -1.2347 -18.1894 -18.5195 -1.57717 -19.1255 
-18.4396 -1.94063 -20.0536 -18.3724 -2.31592 -20.978 -18.3369 -2.68946 -21.9049 
-18.3239 -3.04442 -22.8396 -18.3256 -3.3776 -23.7823 -18.3278 -3.67504 -24.7368 
-18.2932 -3.91564 -25.7061 -18.2095 -4.09166 -26.6864 -18.0739 -4.20319 -27.6698 
-17.852 -4.21999 -28.6428 -17.5609 -4.09595 -29.5877 -17.375 -3.75736 -30.4938 
-26.3419 0.50663 37.2055 -26.5734 0.584712 36.4438 -26.8473 0.693974 35.4883 
-27.1095 0.814359 34.5308 -27.3777 0.937145 33.5754 -27.6705 1.05964 32.6271 
-27.9942 1.18253 31.6891 -28.3516 1.3079 30.7638 -28.7407 1.44386 29.8528 
-29.1587 1.60646 28.9592 -29.5857 1.78804 28.0733 -30.0121 1.99531 27.1929 
-30.4306 2.22658 26.3148 -30.8269 2.48003 25.4325 -31.1828 2.74877 24.5379 
-31.4636 3.04063 23.6242 -31.668 3.35042 22.6961 -31.8194 3.67183 21.7614 
-31.9942 4.01257 20.8381 -32.2222 4.37692 19.9353 -32.4495 4.73626 19.0303 
-32.6211 5.05839 18.1 -32.718 5.33371 17.1446 -32.7246 5.55451 16.1701 
-32.6668 5.73621 15.1889 -32.5443 5.87917 14.2072 -32.3792 5.9964 13.2281 
-32.1797 6.07992 12.252 -31.9678 6.11501 11.2755 -31.7685 6.09758 10.296 
-31.5974 6.05068 9.31199 -31.4377 6.00241 8.32604 -31.2563 5.97044 7.34328 
-31.0432 5.95505 6.36647 -30.803 5.95238 5.39584 -30.5377 5.9594 4.43175 
-30.2515 5.96989 3.47368 -29.946 5.9773 2.52154 -29.6246 5.97848 1.57462 
-29.2866 5.96897 0.633546 -28.8734 5.94632 -0.492841 -28.5262 5.92309 -1.43033 
-28.1682 5.8924 -2.36353 -27.7913 5.84908 -3.28861 -27.3645 5.79758 -4.1911 
-26.8846 5.72977 -5.06527 -26.3119 5.62026 -5.87608 -25.6711 5.46637 -6.62692 
-24.97 5.26886 -7.3114 -24.2273 5.04747 -7.94261 -23.4367 4.79828 -8.49993 
-22.6628 4.43971 -9.01616 -22.1032 3.75318 -9.45715 -21.6695 2.95103 -9.86527 
-21.2735 2.13919 -10.2938 -20.8681 1.36176 -10.7726 -20.4279 0.696604 -11.3694 
-19.97 0.145382 -12.0657 -19.5375 -0.291257 -12.85 -19.1822 -0.594754 -13.7309 
-18.9328 -0.820809 -14.6716 -18.7726 -1.03047 -15.6355 -18.6718 -1.27053 -16.6006 
-18.6033 -1.55162 -17.5576 -18.5485 -1.87268 -18.503 -18.4911 -2.22258 -19.438 
-18.4348 -2.6 -20.3623 -18.3926 -2.98501 -21.2842 -18.3735 -3.36132 -22.2104 
-18.3829 -3.72104 -23.1433 -18.3986 -4.04551 -24.0888 -18.4013 -4.32047 -25.0499 
-18.3781 -4.53538 -26.0259 -18.3216 -4.70498 -27.0095 -18.207 -4.81868 -27.9955 
-18.0266 -4.84454 -28.9771 -17.8551 -4.69099 -29.9454 -17.8769 -4.38774 -30.888 
-26.2345 -1.64984 35.1043 -26.5884 -1.69606 34.1704 -26.9703 -1.77952 33.2501 
-27.3814 -1.86374 32.3425 -27.8186 -1.9163 31.4449 -28.2725 -1.91875 30.5544 
-28.7397 -1.84007 29.6746 -29.2081 -1.6656 28.8095 -29.6764 -1.4152 27.9626 
-30.1493 -1.12573 27.1305 -30.615 -0.814977 26.3019 -31.0569 -0.498375 25.4628 
-31.4496 -0.179362 24.6005 -31.7847 0.152824 23.7193 -32.0482 0.505671 22.8221 
-32.2652 0.885734 21.9231 -32.4679 1.29284 21.0326 -32.6683 1.70087 20.1419 
-32.83 2.08368 19.233 -32.9274 2.43112 18.3009 -32.9313 2.73273 17.3484 
-32.86 2.99394 16.3864 -32.7326 3.21361 15.4194 -32.5837 3.40902 14.4501 
-32.4191 3.57816 13.4784 -32.2492 3.72137 12.5035 -32.0808 3.82823 11.5237 
-31.9311 3.90352 10.538 -31.8221 3.95746 9.54559 -31.7328 4.01091 8.55103 
-31.6302 4.07014 7.55822 -31.4891 4.13312 6.57043 -31.2968 4.19483 5.59124 
-31.0652 4.25212 4.62024 -30.7992 4.30784 3.65796 -30.5053 4.37252 2.70439 
-30.1824 4.43695 1.76022 -29.8373 4.49133 0.823309 -29.4645 4.53437 -0.103538 
-28.9965 4.56799 -1.20793 -28.5901 4.58166 -2.12148 -28.157 4.58486 -3.02269 
-27.68 4.57564 -3.90099 -27.1164 4.55252 -4.72535 -26.4677 4.49467 -5.48201 
-25.7347 4.38963 -6.15286 -24.9566 4.25655 -6.76595 -24.1409 4.1147 -7.32613 
-23.2995 3.95361 -7.84157 -22.4765 3.68877 -8.328 -21.7932 3.13933 -8.78185 
-21.2886 2.38303 -9.19567 -20.8249 1.64492 -9.6827 -20.3425 1.02683 -10.2986 
-19.8615 0.502918 -11.0007 -19.4034 0.0629375 -11.7719 -18.9754 -0.319335 -12.59 
-18.6336 -0.649083 -13.4676 -18.4031 -0.945825 -14.3933 -18.2923 -1.28913 -15.3248 
-18.2374 -1.68313 -16.2418 -18.2188 -2.115 -17.1435 -18.2125 -2.55667 -18.0406 
-18.2147 -3.01428 -18.9298 -18.2285 -3.48518 -19.8118 -18.2649 -3.96056 -20.6907 
-18.3302 -4.42441 -21.5741 -18.4263 -4.86099 -22.4684 -18.5499 -5.26069 -23.3764 
-18.7039 -5.60176 -24.3033 -18.8703 -5.88602 -25.2471 -19.0286 -6.10812 -26.2089 
-19.1402 -6.30893 -27.1818 -19.181 -6.46672 -28.1673 -19.161 -6.5151 -29.1639 
-19.1326 -6.41987 -30.1576 -19.1116 -6.24359 -31.1414 -26.651 -0.619541 35.4641 
-26.9397 -0.588928 34.5072 -27.2485 -0.573738 33.5563 -27.5846 -0.56838 32.6146 
-27.9454 -0.564739 31.682 -28.3335 -0.556697 30.7605 -28.75 -0.534065 29.8519 
-29.2023 -0.443555 28.9651 -29.6688 -0.296482 28.0934 -30.1414 -0.0875193 27.2374 
-30.6075 0.151436 26.3856 -31.0399 0.418335 25.5245 -31.4275 0.698215 24.6466 
-31.75 0.999998 23.75 -32.0106 1.32171 22.8401 -32.224 1.67589 21.9298 
-32.43 2.06084 21.0303 -32.6358 2.45934 20.1365 -32.8132 2.84227 19.2304 
-32.9246 3.18593 18.2988 -32.9548 3.48369 17.3457 -32.9038 3.73386 16.3794 
-32.7973 3.94289 15.4076 -32.6553 4.12022 14.4339 -32.4929 4.27607 13.4596 
-32.3198 4.40692 12.4835 -32.1461 4.5077 11.504 -31.991 4.5686 10.5182 
-31.8683 4.59842 9.52637 -31.7641 4.62016 8.53208 -31.6439 4.64849 7.53984 
-31.4787 4.68461 6.55446 -31.2729 4.72502 5.57682 -31.0302 4.7655 4.60764 
-30.76 4.80774 3.64583 -30.4589 4.8579 2.69364 -30.1377 4.90619 1.74791 
-29.7935 4.94449 0.809865 -29.3534 4.97911 -0.30592 -28.9776 4.99803 -1.23242 
-28.5897 5.00593 -2.15405 -28.1807 5.00483 -3.06651 -27.7308 4.99184 -3.95898 
-27.2076 4.96641 -4.80962 -26.5952 4.90121 -5.59556 -25.9095 4.79126 -6.31397 
-25.1684 4.63538 -6.96633 -24.3905 4.4608 -7.56929 -23.5714 4.27147 -8.10974 
-22.7482 4.02022 -8.6165 -22.1029 3.43363 -9.06426 -21.6276 2.64976 -9.45746 
-21.1987 1.86223 -9.89952 -20.7754 1.09849 -10.3846 -20.3123 0.47906 -11.0146 
-19.8475 -0.0507812 -11.7226 -19.4138 -0.465078 -12.5192 -19.0435 -0.781643 -13.3913 
-18.7979 -1.01826 -14.3295 -18.6429 -1.23873 -15.2918 -18.557 -1.50008 -16.2529 
-18.5023 -1.80114 -17.2047 -18.4681 -2.14096 -18.1444 -18.4357 -2.50815 -19.0739 
-18.4041 -2.901 -19.9929 -18.3816 -3.30456 -20.9076 -18.3865 -3.70553 -21.8236 
-18.4104 -4.09023 -22.7462 -18.4576 -4.44126 -23.6812 -18.5102 -4.74146 -24.6331 
-18.5404 -4.97752 -25.604 -18.5401 -5.16804 -26.5854 -18.4979 -5.32519 -27.5717 
-18.4039 -5.42674 -28.5611 -18.2867 -5.38636 -29.5502 -18.2569 -5.19273 -30.527 
-18.3717 -4.9888 -31.29 -26.2389 0.0472565 37.2055 -26.4796 0.112854 36.4455 
-26.7624 0.205696 35.4909 -27.0358 0.303246 34.5339 -27.3183 0.397625 33.5793 
-27.624 0.487485 32.6315 -27.9592 0.574661 31.6936 -28.3247 0.661649 30.7669 
-28.7202 0.756073 29.8535 -29.1479 0.881765 28.9585 -29.5888 1.03219 28.0737 
-30.0329 1.2177 27.1973 -30.4697 1.43507 26.3246 -30.8839 1.67678 25.4472 
-31.2566 1.93184 24.5555 -31.5529 2.21344 23.6434 -31.7739 2.52268 22.7191 
-31.9447 2.85365 21.7911 -32.1231 3.20803 20.8733 -32.3325 3.58952 19.973 
-32.5325 3.96193 19.0669 -32.6718 4.29225 18.1343 -32.7393 4.57636 17.1787 
-32.7203 4.80753 16.2067 -32.6425 5.00101 15.229 -32.5137 5.16129 14.2507 
-32.3474 5.29472 13.2738 -32.1558 5.39718 12.2979 -31.9585 5.45927 11.3197 
-31.7809 5.46856 10.3359 -31.6352 5.45174 9.34684 -31.5016 5.43241 8.35601 
-31.3439 5.42511 7.3687 -31.1478 5.42959 6.38825 -30.9203 5.44146 5.41464 
-30.6598 5.45971 4.44945 -30.3736 5.48231 3.49161 -30.0641 5.50307 2.54095 
-29.7376 5.51757 1.5959 -29.3897 5.52313 0.658438 -29.1039 5.52136 -0.0887794 
-28.8873 5.51536 -0.648285 -28.5212 5.50187 -1.57875 -28.1428 5.48048 -2.50408 
-27.7352 5.44485 -3.41627 -27.2785 5.40384 -4.30447 -26.7463 5.3391 -5.14742 
-26.1244 5.23476 -5.92173 -25.4209 5.08086 -6.61404 -24.6679 4.90504 -7.24724 
-23.8603 4.73488 -7.81091 -23.0212 4.5783 -8.33152 -22.2886 4.18816 -8.82417 
-21.8365 3.40144 -9.18811 -21.4159 2.57987 -9.57181 -21.0088 1.7728 -9.99924 
-20.5699 1.06409 -10.5423 -20.1053 0.467915 -11.195 -19.6462 -0.0358735 -11.9253 
-19.2232 -0.433361 -12.7369 -18.8826 -0.750107 -13.62 -18.6523 -1.00386 -14.5581 
-18.5235 -1.26581 -15.5137 -18.4502 -1.57109 -16.4628 -18.4087 -1.91718 -17.4 
-18.3798 -2.28704 -18.3286 -18.3535 -2.68564 -19.2453 -18.3291 -3.10031 -20.1549 
-18.3234 -3.52376 -21.0607 -18.3427 -3.93954 -21.9699 -18.3876 -4.3293 -22.8895 
-18.4539 -4.68388 -23.8219 -18.519 -4.97321 -24.7764 -18.5615 -5.20341 -25.7482 
-18.5738 -5.39107 -26.7303 -18.5442 -5.55225 -27.7162 -18.4584 -5.64477 -28.707 
-18.3639 -5.59777 -29.6982 -18.3673 -5.39711 -30.6754 -26.507 -0.576271 36.1257 
-26.7332 -0.53687 35.3594 -27.0191 -0.50069 34.4018 -27.3284 -0.479815 33.4512 
-27.6619 -0.466133 32.5086 -28.0238 -0.456891 31.5765 -28.409 -0.446549 30.6539 
-28.8285 -0.414866 29.747 -29.2777 -0.327931 28.8583 -29.7449 -0.172996 27.9883 
-30.2164 0.0332489 27.1311 -30.6768 0.275063 26.2771 -31.1054 0.539448 25.4133 
-31.482 0.82012 24.5309 -31.7953 1.12296 23.6315 -32.0381 1.45296 22.7197 
-32.2453 1.81371 21.8105 -32.4521 2.20552 20.9141 -32.655 2.60199 20.0187 
-32.8164 2.97442 19.1055 -32.909 3.30537 18.1672 -32.917 3.58768 17.2088 
-32.8545 3.82719 16.2404 -32.7345 4.02256 15.2673 -32.5877 4.19448 14.2933 
-32.42 4.34146 13.3185 -32.2427 4.46475 12.3422 -32.0704 4.54628 11.3607 
-31.9224 4.59013 10.3729 -31.8101 4.61258 9.37958 -31.7068 4.63414 8.38519 
-31.5719 4.66509 7.39495 -31.3955 4.70153 6.41153 -31.1747 4.7404 5.43708 
-30.9227 4.77804 4.47021 -30.6376 4.82105 3.51275 -30.3286 4.86674 2.56289 
-29.9941 4.90409 1.62127 -29.6383 4.93404 0.68721 -29.265 4.95464 -0.240201 
-28.8833 4.96337 -1.16442 -28.4869 4.96429 -2.08244 -28.0682 4.95306 -2.99038 
-27.5996 4.93026 -3.87283 -27.0559 4.89449 -4.71 -26.4121 4.81776 -5.47019 
-25.694 4.70068 -6.15406 -24.9175 4.55688 -6.7664 -24.0972 4.41679 -7.31996 
-23.2472 4.27606 -7.82743 -22.4111 4.08556 -8.33334 -21.8181 3.4396 -8.76697 
-21.3418 2.65666 -9.16622 -20.8923 1.89244 -9.62573 -20.4215 1.22645 -10.1973 
-19.9393 0.689532 -10.8887 -19.4759 0.225509 -11.642 -19.0405 -0.16792 -12.451 
-18.6679 -0.516182 -13.3095 -18.4281 -0.821065 -14.2297 -18.2892 -1.154 -15.1612 
-18.231 -1.55081 -16.0768 -18.2052 -1.98256 -16.9782 -18.1966 -2.42795 -17.8735 
-18.1953 -2.88588 -18.7625 -18.2048 -3.35975 -19.643 -18.2323 -3.83925 -20.5201 
-18.2912 -4.30973 -21.4003 -18.3785 -4.75757 -22.29 -18.4972 -5.16515 -23.1951 
-18.6429 -5.52183 -24.1175 -18.8045 -5.81336 -25.0599 -18.9633 -6.04807 -26.0186 
-19.0836 -6.24719 -26.9907 -19.1404 -6.42266 -27.973 -19.1289 -6.48829 -28.9687 
-19.1012 -6.4234 -29.9646 -19.0821 -6.25623 -30.95 -26.5476 0.809628 37.1558 
-26.7677 0.896686 36.3917 -27.0284 1.01896 35.4341 -27.2826 1.14868 34.4757 
-27.5451 1.28009 33.5197 -27.8304 1.41476 32.5709 -28.1506 1.55336 31.6338 
-28.5014 1.6952 30.7083 -28.8888 1.85338 29.8003 -29.2986 2.03162 28.9058 
-29.714 2.23032 28.0182 -30.1266 2.45775 27.1362 -30.5309 2.70724 26.2563 
-30.9128 2.97382 25.3715 -31.2422 3.25881 24.4717 -31.5053 3.56172 23.5564 
-31.6861 3.87451 22.6244 -31.8422 4.19017 21.6885 -32.0448 4.52677 20.7694 
-32.2956 4.88307 19.8695 -32.5345 5.23146 18.9636 -32.7117 5.54235 18.0305 
-32.803 5.80157 17.07 -32.8204 6.0168 16.0943 -32.7587 6.18441 15.1109 
-32.6404 6.31834 14.1274 -32.4657 6.41852 13.1482 -32.258 6.48601 12.1725 
-32.0337 6.49897 11.1984 -31.8192 6.46397 10.2226 -31.6286 6.39893 9.24308 
-31.4441 6.33659 8.26226 -31.2437 6.29328 7.28359 -31.0192 6.26871 6.3095 
-30.7722 6.26013 5.34059 -30.5048 6.26283 4.37708 -30.2179 6.26915 3.41917 
-29.916 6.27239 2.46587 -29.5984 6.26865 1.51766 -29.2687 6.25584 0.573712 
-29 6.23816 -0.179653 -28.7317 6.2185 -0.933021 -28.3917 6.19032 -1.87305 
-28.0401 6.15206 -2.80834 -27.6607 6.10064 -3.73191 -27.2305 6.04028 -4.63216 
-26.7344 5.9521 -5.49485 -26.1663 5.82473 -6.30677 -25.5351 5.64083 -7.05956 
-24.8675 5.40635 -7.7654 -24.1669 5.12718 -8.42064 -23.4376 4.7741 -9.00478 
-22.7665 4.25329 -9.52424 -22.2019 3.59931 -10.0233 -21.7401 2.86122 -10.5144 
-21.3032 2.12216 -11.027 -20.8655 1.41614 -11.5815 -20.4074 0.808693 -12.2265 
-19.955 0.321744 -12.9725 -19.5435 -0.0633353 -13.7945 -19.2269 -0.323001 -14.7052 
-19.0038 -0.545289 -15.6536 -18.8506 -0.774595 -16.6144 -18.7427 -1.03141 -17.5746 
-18.6602 -1.33226 -18.5245 -18.5837 -1.66818 -19.4632 -18.5097 -2.02654 -20.3938 
-18.4557 -2.39385 -21.3222 -18.4436 -2.75219 -22.2556 -18.4481 -3.09295 -23.1957 
-18.4675 -3.4082 -24.1444 -18.4771 -3.68547 -25.1049 -18.4435 -3.89871 -26.0805 
-18.3632 -4.05299 -27.0648 -18.2141 -4.11929 -28.0499 -17.9835 -4.07167 -29.0194 
-17.7243 -3.86073 -29.9575 -17.5841 -3.42887 -30.8381 -26.0221 -0.452522 37.2492 
-26.2781 -0.406614 36.4927 -26.5765 -0.341816 35.5406 -26.8624 -0.275988 34.5846 
-27.1573 -0.218403 33.6309 -27.4782 -0.167269 32.6851 -27.8203 -0.119667 31.7468 
-28.1899 -0.0705897 30.8189 -28.5908 -0.0169105 29.9046 -29.0228 0.0638174 29.0066 
-29.4788 0.198094 28.1272 -29.9428 0.385442 27.2616 -30.3998 0.606857 26.4002 
-30.834 0.852496 25.5337 -31.2289 1.10869 24.6518 -31.5444 1.3934 23.7473 
-31.7804 1.70676 22.8283 -31.9628 2.04579 21.9055 -32.1445 2.41214 20.9931 
-32.3442 2.80502 20.0955 -32.5366 3.19283 19.1943 -32.6726 3.54016 18.2672 
-32.7288 3.83875 17.3156 -32.706 4.09111 16.3487 -32.6205 4.30159 15.3753 
-32.4879 4.47789 14.4001 -32.3254 4.62966 13.4253 -32.1429 4.75041 12.4497 
-31.9539 4.83397 11.4714 -31.7861 4.8714 10.4866 -31.6542 4.88241 9.49553 
-31.5412 4.89006 8.50199 -31.4121 4.90577 7.51058 -31.2378 4.92912 6.52638 
-31.0255 4.95613 5.54963 -30.7754 4.98391 4.58195 -30.4933 5.016 3.62319 
-30.1821 5.04846 2.67345 -29.8518 5.07477 1.73001 -29.4963 5.09349 0.795554 
-29.1249 5.10231 -0.132839 -28.7456 5.101 -1.05809 -28.3546 5.09356 -1.97843 
-27.9434 5.07217 -2.88964 -27.4922 5.04318 -3.78106 -26.974 5.00612 -4.63477 
-26.3712 4.93907 -5.42788 -25.6718 4.82523 -6.13194 -24.9084 4.67899 -6.75995 
-24.0958 4.53635 -7.32388 -23.2493 4.40545 -7.83967 -22.4159 4.23391 -8.34796 
-21.7551 3.71389 -8.82882 -21.3258 2.88832 -9.19441 -20.8995 2.08301 -9.60546 
-20.4361 1.40269 -10.1637 -19.9536 0.847225 -10.8386 -19.4892 0.375188 -11.5863 
-19.0441 -0.0288926 -12.385 -18.671 -0.379857 -13.2422 -18.4079 -0.694256 -14.1525 
-18.27 -1.04157 -15.0785 -18.2073 -1.4457 -15.9904 -18.1816 -1.88746 -16.887 
-18.1712 -2.34063 -17.7784 -18.1684 -2.8038 -18.6646 -18.1733 -3.28146 -19.543 
-18.1983 -3.76639 -20.4172 -18.251 -4.24662 -21.2926 -18.3378 -4.70076 -22.1791 
-18.4516 -5.12134 -23.0789 -18.5968 -5.48283 -23.9995 -18.7578 -5.78732 -24.9379 
-18.9157 -6.02463 -25.8961 -19.0485 -6.22773 -26.8661 -19.1086 -6.40303 -27.848 
-19.1096 -6.49888 -28.8419 -19.0834 -6.43943 -29.8378 -19.0634 -6.28736 -30.8256 
-26.311 0.690117 37.2834 -26.5427 0.771563 36.5221 -26.8163 0.886169 35.5672 
-27.0748 1.016 34.6099 -27.3366 1.14909 33.654 -27.6191 1.28294 32.7042 
-27.9322 1.4197 31.7645 -28.2847 1.56265 30.8399 -28.6688 1.71653 29.9297 
-29.0808 1.89192 29.0356 -29.5019 2.08337 28.1491 -29.9223 2.30284 27.2687 
-30.3347 2.5452 26.3906 -30.7268 2.8074 25.5091 -31.0811 3.08397 24.6161 
-31.3572 3.38189 23.7029 -31.5591 3.69301 22.7749 -31.6961 4.00962 21.8364 
-31.8568 4.33962 20.9067 -32.0938 4.69484 20.0029 -32.3442 5.05139 19.1029 
-32.5383 5.37127 18.1764 -32.6576 5.64491 17.2231 -32.6924 5.86853 16.2498 
-32.657 6.0512 15.2678 -32.547 6.19084 14.2841 -32.3815 6.29921 13.3043 
-32.1729 6.3715 12.3292 -31.9447 6.39813 11.3563 -31.7242 6.36622 10.3816 
-31.5308 6.30581 9.40242 -31.3538 6.245 8.42013 -31.1659 6.20096 7.43901 
-30.9497 6.1757 6.46307 -30.7076 6.16523 5.49298 -30.4411 6.16599 4.52919 
-30.1556 6.16955 3.57085 -29.8511 6.16912 2.61836 -29.531 6.16236 1.67106 
-29.1954 6.14377 0.729219 -28.9228 6.12261 -0.0225754 -28.7169 6.10458 -0.58586 
-28.371 6.07198 -1.52355 -28.0168 6.03164 -2.45784 -27.6395 5.97859 -3.38223 
-27.2169 5.91786 -4.28609 -26.7281 5.83488 -5.15366 -26.1551 5.71517 -5.96289 
-25.5026 5.54441 -6.69947 -24.7904 5.33913 -7.36993 -24.0167 5.12719 -7.96475 
-23.2024 4.91512 -8.50431 -22.4533 4.54598 -9.00233 -21.9886 3.77362 -9.39046 
-21.5877 2.94121 -9.77275 -21.2029 2.11303 -10.1798 -20.7987 1.33897 -10.6611 
-20.3549 0.677261 -11.261 -19.8966 0.133357 -11.963 -19.4644 -0.301914 -12.7479 
-19.1069 -0.616854 -13.6248 -18.8531 -0.861496 -14.559 -18.701 -1.08211 -15.522 
-18.6038 -1.33513 -16.4842 -18.5416 -1.63434 -17.4362 -18.4937 -1.96528 -18.3785 
-18.4442 -2.32879 -19.3087 -18.396 -2.71397 -20.2302 -18.3608 -3.10912 -21.1481 
-18.3482 -3.49892 -22.0689 -18.3631 -3.86864 -22.9978 -18.3876 -4.20723 -23.9382 
-18.4072 -4.48885 -24.8971 -18.4046 -4.71597 -25.8706 -18.3631 -4.89264 -26.8538 
-18.2832 -5.03687 -27.8398 -18.1268 -5.08375 -28.8245 -17.9446 -5.01155 -29.8032 
-17.9398 -4.75226 -30.7592 -26.4678 -1.50861 34.6335 -26.6777 -1.53628 34.0722 
-27.0536 -1.60427 33.1482 -27.4562 -1.66862 32.2351 -27.8839 -1.70409 31.332 
-28.3288 -1.69992 30.4368 -28.7922 -1.62107 29.5548 -29.2612 -1.4561 28.6882 
-29.7342 -1.21606 27.8409 -30.2108 -0.935874 27.0076 -30.6748 -0.634763 26.1747 
-31.1086 -0.327465 25.3279 -31.4901 -0.0128175 24.4592 -31.8076 0.317829 23.5709 
-32.0616 0.665916 22.6689 -32.2749 1.04006 21.7666 -32.4755 1.44275 20.8736 
-32.6759 1.84951 19.9823 -32.8432 2.23447 19.0752 -32.9412 2.58091 18.143 
-32.9448 2.88016 17.1899 -32.8768 3.14033 16.2273 -32.7512 3.3578 15.2595 
-32.6015 3.54804 14.2894 -32.437 3.71411 13.3171 -32.2678 3.85405 12.3416 
-32.1018 3.96082 11.3614 -31.9528 4.03567 10.3756 -31.8429 4.08528 9.383 
-31.7506 4.13334 8.38844 -31.6385 4.18828 7.39643 -31.4861 4.24662 6.41001 
-31.284 4.30456 5.43255 -31.0462 4.35885 4.46283 -30.775 4.41476 3.50206 
-30.4766 4.47909 2.54987 -30.1513 4.54108 1.60636 -29.8023 4.59173 0.670666 
-29.4282 4.63183 -0.255796 -29.0424 4.65971 -1.17789 -28.6413 4.674 -2.09378 
-28.2164 4.67939 -2.9989 -27.7479 4.6716 -3.88179 -27.2029 4.65129 -4.7186 
-26.5658 4.59311 -5.48515 -25.855 4.49343 -6.18034 -25.0876 4.35402 -6.80539 
-24.2838 4.20341 -7.38029 -23.4469 4.03639 -7.901 -22.6128 3.80525 -8.39438 
-21.948 3.23444 -8.84373 -21.4473 2.47264 -9.24746 -20.9955 1.71375 -9.71497 
-20.535 1.01934 -10.2637 -20.0592 0.464005 -10.9439 -19.5962 -0.0171281 -11.6868 
-19.1668 -0.41112 -12.4977 -18.8084 -0.743408 -13.3684 -18.5778 -1.01288 -14.3021 
-18.4381 -1.29323 -15.2508 -18.3709 -1.62859 -16.1902 -18.3368 -2.00175 -17.1171 
-18.3201 -2.3974 -18.0353 -18.3092 -2.81317 -18.9447 -18.3044 -3.24742 -19.8454 
-18.3171 -3.68975 -20.7421 -18.3541 -4.1272 -21.6405 -18.4184 -4.54187 -22.548 
-18.5116 -4.91821 -23.4695 -18.6173 -5.24463 -24.4084 -18.7209 -5.49869 -25.3697 
-18.8049 -5.70746 -26.3438 -18.8416 -5.89167 -27.3257 -18.831 -6.03892 -28.3139 
-18.7901 -6.05044 -29.311 -18.7885 -5.92755 -30.3013 -18.8381 -5.72751 -31.2787 
-26.4907 -0.495026 36.1173 -26.6611 -0.459969 35.5431 -26.9454 -0.411662 34.5856 
-27.2466 -0.375503 33.6328 -27.5733 -0.346952 32.6882 -27.9247 -0.324154 31.7523 
-28.3039 -0.301277 30.8273 -28.711 -0.269428 29.9146 -29.154 -0.188171 29.0224 
-29.6164 -0.0520706 28.1465 -30.085 0.145976 27.2858 -30.5467 0.375297 26.4291 
-30.9789 0.632223 25.5648 -31.3646 0.901729 24.6828 -31.6768 1.19776 23.7807 
-31.9242 1.51768 22.8666 -32.1236 1.87082 21.9527 -32.3225 2.25162 21.0499 
-32.525 2.64697 20.1539 -32.7016 3.02683 19.2463 -32.8063 3.36127 18.3103 
-32.8429 3.6555 17.3561 -32.7917 3.89741 16.3877 -32.6875 4.10145 15.4146 
-32.5465 4.27599 14.4403 -32.3826 4.42778 13.4656 -32.2021 4.54961 12.4897 
-32.0223 4.63326 11.5098 -31.8644 4.67362 10.5233 -31.7406 4.69409 9.53139 
-31.6347 4.7113 8.53719 -31.5053 4.73658 7.54604 -31.3305 4.76842 6.56213 
-31.1162 4.80244 5.58611 -30.8621 4.8355 4.61961 -30.5788 4.87339 3.66141 
-30.2686 4.91232 2.71164 -29.9347 4.94346 1.76959 -29.5768 4.96733 0.836184 
-29.2025 4.98178 -0.090946 -28.8181 4.9834 -1.01414 -28.4221 4.97976 -1.93229 
-28.0016 4.96185 -2.83928 -27.5415 4.93637 -3.72641 -26.9963 4.89608 -4.56236 
-26.3605 4.82414 -5.32915 -25.6304 4.7076 -6.00028 -24.8457 4.57219 -6.60437 
-24.0121 4.44758 -7.14135 -23.1603 4.32211 -7.64986 -22.33 4.1384 -8.16696 
-21.673 3.60795 -8.65131 -21.1881 2.84045 -9.06662 -20.7228 2.11249 -9.56227 
-20.229 1.52926 -10.2039 -19.7464 1.03675 -10.927 -19.2861 0.611336 -11.7055 
-18.8566 0.23172 -12.5243 -18.5148 -0.0987854 -13.4026 -18.2848 -0.429901 -14.316 
-18.1677 -0.817368 -15.2289 -18.1178 -1.26242 -16.1225 -18.0951 -1.73548 -17.0032 
-18.0814 -2.21256 -17.882 -18.0717 -2.69619 -18.7572 -18.0687 -3.19211 -19.6255 
-18.0868 -3.6955 -20.4892 -18.1353 -4.19444 -21.3544 -18.2208 -4.66333 -22.2333 
-18.3347 -5.09325 -23.1286 -18.4755 -5.45614 -24.0492 -18.6258 -5.75398 -24.9915 
-18.7627 -5.98564 -25.9542 -18.8661 -6.18806 -26.9278 -18.9074 -6.3614 -27.9112 
-18.8958 -6.45126 -28.9054 -18.8647 -6.38478 -29.9008 -18.8442 -6.2315 -30.8885 
-26.5117 -0.587814 36.1306 -26.7377 -0.549324 35.3642 -27.0235 -0.514771 34.4066 
-27.3329 -0.495946 33.4559 -27.6666 -0.484585 32.5134 -28.0287 -0.477852 31.5813 
-28.4142 -0.470017 30.6587 -28.8339 -0.440448 29.752 -29.2835 -0.354553 28.8633 
-29.751 -0.198931 27.9936 -30.2228 0.0085144 27.1368 -30.6839 0.251098 26.2834 
-31.1129 0.516693 25.4203 -31.4906 0.798538 24.5387 -31.8053 1.10209 23.64 
-32.05 1.4328 22.729 -32.2604 1.79238 21.82 -32.4685 2.18492 20.9242 
-32.6719 2.58173 20.0292 -32.833 2.95429 19.116 -32.9248 3.2854 18.1777 
-32.9321 3.56804 17.2193 -32.8688 3.80784 16.251 -32.7483 4.00336 15.2781 
-32.6012 4.17542 14.3041 -32.4337 4.32286 13.3294 -32.257 4.44706 12.3531 
-32.0856 4.53022 11.3715 -31.9383 4.5756 10.3837 -31.8264 4.59892 9.39034 
-31.7238 4.62103 8.3959 -31.5897 4.65252 7.40555 -31.4142 4.68961 6.422 
-31.1943 4.72935 5.44741 -30.9431 4.76758 4.48033 -30.659 4.81123 3.52261 
-30.3508 4.85816 2.57249 -30.0184 4.89814 1.63029 -29.6624 4.92923 0.696384 
-29.2897 4.9514 -0.231275 -28.9087 4.96132 -1.15579 -28.5134 4.96347 -2.07425 
-28.0959 4.95383 -2.98275 -27.6238 4.93247 -3.86352 -27.0824 4.89784 -4.70226 
-26.4414 4.82205 -5.46489 -25.7261 4.70541 -6.15174 -24.9523 4.56076 -6.76734 
-24.1344 4.41864 -7.32373 -23.2844 4.27694 -7.83103 -22.4466 4.08814 -8.33519 
-21.848 3.44876 -8.77018 -21.3717 2.66474 -9.1673 -20.9209 1.90554 -9.63402 
-20.4492 1.2557 -10.2234 -19.975 0.724457 -10.924 -19.5147 0.258781 -11.6789 
-19.0925 -0.130676 -12.4964 -18.7467 -0.471023 -13.3696 -18.5159 -0.771884 -14.293 
-18.3919 -1.09017 -15.232 -18.3271 -1.45332 -16.1611 -18.2913 -1.8474 -17.0794 
-18.2715 -2.2603 -17.9899 -18.2553 -2.68988 -18.8927 -18.2465 -3.13738 -19.7869 
-18.2542 -3.59058 -20.6782 -18.2858 -4.03843 -21.5717 -18.3431 -4.46464 -22.4743 
-18.4319 -4.84859 -23.393 -18.5326 -5.17864 -24.3312 -18.6278 -5.43851 -25.2918 
-18.7029 -5.65201 -26.2656 -18.7332 -5.83763 -27.2475 -18.7155 -5.9958 -28.2343 
-18.6562 -6.03115 -29.2296 -18.6306 -5.92292 -30.2209 -18.6823 -5.71992 -31.1975 
-26.0745 -0.402557 37.2433 -26.3245 -0.353261 36.485 -26.6173 -0.28402 35.5314 
-26.9009 -0.216021 34.5749 -27.1981 -0.155944 33.622 -27.5192 -0.101636 32.6766 
-27.8642 -0.0531083 31.7393 -28.2391 -0.00513968 30.8136 -28.6436 0.048832 29.9008 
-29.0822 0.144302 29.0077 -29.5391 0.287616 28.1299 -30.0002 0.481306 27.2643 
-30.4542 0.704723 26.4017 -30.8794 0.951529 25.5311 -31.2566 1.21192 24.6428 
-31.5604 1.50031 23.7356 -31.7894 1.81489 22.815 -31.9739 2.15113 21.8915 
-32.1569 2.51656 20.979 -32.3577 2.90859 20.0813 -32.5491 3.29341 19.1786 
-32.6805 3.63601 18.2491 -32.7365 3.93209 17.2967 -32.7103 4.17953 16.3288 
-32.6237 4.38661 15.3547 -32.4921 4.56133 14.3791 -32.3296 4.71032 13.4039 
-32.1459 4.82886 12.4282 -31.9561 4.90984 11.4499 -31.7886 4.9439 10.4649 
-31.6569 4.95129 9.47372 -31.5425 4.95556 8.48032 -31.4109 4.96818 7.48922 
-31.2338 4.98896 6.50545 -31.0194 5.01397 5.52912 -30.768 5.04047 4.56173 
-30.4853 5.07162 3.60309 -30.1742 5.10297 2.65328 -29.8444 5.12815 1.70963 
-29.49 5.14571 0.774739 -29.1204 5.15336 -0.154377 -28.8199 5.15218 -0.895785 
-28.4335 5.14497 -1.81808 -28.0306 5.1269 -2.73305 -27.5917 5.09685 -3.63061 
-26.9805 5.05194 -4.66084 -26.3793 4.9841 -5.45578 -25.6871 4.87011 -6.16659 
-24.9286 4.72042 -6.79971 -24.1202 4.57297 -7.36858 -23.2758 4.43937 -7.88672 
-22.4439 4.26628 -8.39417 -21.7959 3.72763 -8.86691 -21.3784 2.89199 -9.22288 
-20.9563 2.08511 -9.6351 -20.5025 1.38275 -10.1743 -20.0237 0.809784 -10.8365 
-19.5595 0.323448 -11.5749 -19.1165 -0.087185 -12.3711 -18.7366 -0.445155 -13.2224 
-18.4706 -0.753548 -14.1339 -18.3269 -1.08151 -15.0662 -18.2571 -1.46165 -15.9879 
-18.2265 -1.8825 -16.8944 -18.2127 -2.31823 -17.7943 -18.2068 -2.76653 -18.6881 
-18.2071 -3.23037 -19.574 -18.2262 -3.7027 -20.4551 -18.2717 -4.17128 -21.3373 
-18.3496 -4.6152 -22.2298 -18.4564 -5.02304 -23.1362 -18.5868 -5.37603 -24.0623 
-18.7283 -5.66864 -25.0075 -18.8592 -5.89504 -25.9724 -18.9613 -6.09198 -26.9473 
-19.0024 -6.2642 -27.9311 -18.9982 -6.34797 -28.9257 -18.9889 -6.26828 -29.9205 
-18.9929 -6.10166 -30.9062 -26.5285 0.205002 37.2336 -26.7531 0.277682 36.4693 
-27.022 0.37645 35.5112 -27.2869 0.477608 34.5523 -27.5626 0.573902 33.5959 
-27.864 0.66512 32.6469 -28.1919 0.750381 31.7061 -28.5471 0.827878 30.7747 
-28.9345 0.912289 29.8568 -29.3535 1.02407 28.9558 -29.7866 1.16519 28.0658 
-30.2237 1.35475 27.1867 -30.6548 1.57056 26.3106 -31.0554 1.81211 25.4271 
-31.4088 2.07289 24.529 -31.6915 2.36212 23.615 -31.9124 2.67446 22.6915 
-32.1025 3.01074 21.7692 -32.3025 3.37422 20.8595 -32.5173 3.75383 19.9597 
-32.7008 4.11394 19.0455 -32.8184 4.43057 18.1051 -32.8585 4.69843 17.1434 
-32.8207 4.91698 16.1689 -32.7224 5.09519 15.1902 -32.5817 5.24515 14.2117 
-32.4113 5.37301 13.2348 -32.2199 5.46543 12.2578 -32.0285 5.51582 11.2778 
-31.8633 5.51531 10.2917 -31.7236 5.49521 9.3018 -31.5886 5.47409 8.31123 
-31.4268 5.46542 7.32462 -31.2267 5.46965 6.34495 -30.9962 5.48255 5.37206 
-30.7374 5.5014 4.4064 -30.4527 5.5261 3.44816 -30.145 5.55053 2.49702 
-29.8209 5.56849 1.55118 -29.4781 5.57893 0.611872 -29.1956 5.58121 -0.136581 
-28.9822 5.57802 -0.697321 -28.623 5.56937 -1.63051 -28.25 5.55358 -2.55816 
-27.8524 5.52374 -3.47504 -27.4061 5.48678 -4.36862 -26.8793 5.42454 -5.21536 
-26.274 5.32322 -6.00328 -25.5999 5.17141 -6.72505 -24.882 4.97962 -7.39369 
-24.1214 4.76715 -8.00592 -23.326 4.51332 -8.5541 -22.5722 4.10675 -9.05642 
-22.0141 3.41782 -9.49434 -21.5845 2.61629 -9.90943 -21.1809 1.81746 -10.3548 
-20.7597 1.07444 -10.8717 -20.3085 0.450321 -11.504 -19.8534 -0.0590493 -12.2321 
-19.4368 -0.444275 -13.0517 -19.117 -0.70785 -13.9591 -18.8898 -0.917774 -14.9092 
-18.7521 -1.12458 -15.8774 -18.6617 -1.3687 -16.8426 -18.6009 -1.65956 -17.7972 
-18.5477 -1.98412 -18.7415 -18.4911 -2.3403 -19.6741 -18.4405 -2.71774 -20.5987 
-18.4055 -3.09969 -21.5222 -18.393 -3.47184 -22.4502 -18.4077 -3.82138 -23.3868 
-18.4225 -4.13568 -24.3358 -18.4202 -4.39015 -25.3026 -18.3936 -4.59473 -26.2807 
-18.3246 -4.74888 -27.266 -18.2047 -4.85051 -28.2525 -18.0102 -4.83035 -29.2318 
-17.8589 -4.66428 -30.2001 -18.0171 -4.36634 -31.1261 -26.0646 -1.98561 35.4288 
-26.3588 -2.04833 34.6876 -26.748 -2.16138 33.7737 -27.1796 -2.28583 32.8806 
-27.6377 -2.37044 31.9961 -28.1078 -2.38044 31.1142 -28.5749 -2.31174 30.2332 
-29.0382 -2.14156 29.3645 -29.4939 -1.88449 28.5131 -29.9504 -1.57251 27.68 
-30.413 -1.24234 26.8572 -30.8666 -0.90051 26.0343 -31.2948 -0.560669 25.1971 
-31.6684 -0.217753 24.3356 -31.9826 0.135505 23.4549 -32.2335 0.513148 22.5638 
-32.4567 0.917274 21.6769 -32.6713 1.33326 20.7932 -32.8753 1.74253 19.9039 
-33.0272 2.12091 18.9916 -33.1049 2.46488 18.0566 -33.0895 2.76591 17.1041 
-33.0017 3.02333 16.1424 -32.8639 3.23502 15.175 -32.708 3.42219 14.2052 
-32.5431 3.58815 13.233 -32.3789 3.73114 12.2571 -32.2226 3.84515 11.2761 
-32.0906 3.92942 10.2886 -31.9911 3.98884 9.29542 -31.9025 4.04265 8.30083 
-31.7927 4.1031 7.30885 -31.6391 4.168 6.32308 -31.4393 4.23437 5.34565 
-31.2019 4.29961 4.37657 -30.9344 4.36575 3.41535 -30.6425 4.44135 2.46196 
-30.3235 4.51956 1.51752 -29.9812 4.58834 0.580536 -29.6137 4.64165 -0.347946 
-29.2333 4.6867 -1.27164 -28.8397 4.71575 -2.19039 -28.4231 4.73561 -3.09916 
-27.9614 4.74409 -3.98583 -27.4296 4.73541 -4.83118 -26.8116 4.69009 -5.61458 
-26.1224 4.59421 -6.33157 -25.3843 4.44608 -6.98913 -24.6201 4.27301 -7.61006 
-23.8154 4.06861 -8.16636 -23.0093 3.78188 -8.6803 -22.3183 3.24547 -9.14541 
-21.7889 2.52075 -9.57743 -21.3511 1.75065 -10.0409 -20.9173 1.0071 -10.5489 
-20.4613 0.365923 -11.161 -19.9949 -0.161453 -11.8689 -19.5673 -0.551725 -12.6804 
-19.2153 -0.824894 -13.5725 -18.9705 -1.01878 -14.5214 -18.8148 -1.19674 -15.4925 
-18.719 -1.41073 -16.4642 -18.6556 -1.66761 -17.4284 -18.6081 -1.96859 -18.3807 
-18.5599 -2.30264 -19.3218 -18.5121 -2.66828 -20.2513 -18.4742 -3.04398 -21.1773 
-18.4592 -3.41508 -22.1057 -18.4715 -3.77112 -23.04 -18.4924 -4.09617 -23.9853 
-18.5082 -4.37665 -24.9447 -18.4995 -4.59239 -25.9207 -18.4604 -4.7651 -26.9046 
-18.369 -4.88704 -27.8923 -18.2222 -4.92785 -28.8792 -18.0798 -4.80097 -29.857 
-18.101 -4.54498 -30.817 -26.6063 0.835263 37.2544 -26.8219 0.92398 36.4892 
-27.0805 1.04585 35.5309 -27.333 1.17446 34.5718 -27.593 1.30493 33.6152 
-27.8759 1.43922 32.6656 -28.1915 1.57703 31.7268 -28.537 1.71639 30.799 
-28.9199 1.87133 29.8885 -29.3269 2.04603 28.9919 -29.7395 2.24015 28.102 
-30.1504 2.4627 27.218 -30.5537 2.70994 26.337 -30.9385 2.97454 25.4529 
-31.2747 3.25768 24.555 -31.5482 3.55897 23.6422 -31.7505 3.87022 22.7141 
-31.9195 4.18585 21.7804 -32.1403 4.52632 20.8669 -32.3893 4.88095 19.9657 
-32.6111 5.22136 19.0523 -32.7752 5.5273 18.1153 -32.8564 5.78324 17.1529 
-32.861 5.9931 16.176 -32.7934 6.15867 15.1926 -32.6703 6.29085 14.2093 
-32.4928 6.389 13.2304 -32.2843 6.45534 12.2548 -32.0625 6.46576 11.2801 
-31.8507 6.43116 10.3036 -31.6642 6.36809 9.32318 -31.4837 6.30698 8.34155 
-31.2808 6.26778 7.36323 -31.0553 6.24517 6.38934 -30.8057 6.23928 5.42106 
-30.5375 6.24294 4.45773 -30.2492 6.2498 3.50026 -29.9491 6.25425 2.54639 
-29.6332 6.25195 1.59761 -29.3041 6.24076 0.653404 -29.0354 6.22421 -0.0999376 
-28.7666 6.20512 -0.853215 -28.4271 6.17806 -1.79339 -28.0756 6.14094 -2.72877 
-27.6977 6.09003 -3.65305 -27.2715 6.03147 -4.55534 -26.7804 5.94673 -5.42124 
-26.2176 5.82402 -6.23753 -25.5863 5.64479 -6.99116 -24.9175 5.41803 -7.69864 
-24.2176 5.14571 -8.35764 -23.4857 4.80385 -8.94507 -22.8042 4.2995 -9.46749 
-22.2299 3.6542 -9.96614 -21.7656 2.91477 -10.4525 -21.3296 2.17194 -10.9604 
-20.8962 1.45277 -11.5012 -20.4403 0.827526 -12.1318 -19.9859 0.325124 -12.8654 
-19.5695 -0.0713462 -13.6796 -19.2482 -0.334058 -14.5873 -19.0182 -0.552327 -15.5352 
-18.8618 -0.777438 -16.4964 -18.7519 -1.02894 -17.4578 -18.6695 -1.32439 -18.4094 
-18.5944 -1.65598 -19.3498 -18.5195 -2.01348 -20.2806 -18.4621 -2.38037 -21.209 
-18.4454 -2.74098 -22.1414 -18.4447 -3.08503 -23.0803 -18.461 -3.40445 -24.0277 
-18.472 -3.68749 -24.9865 -18.44 -3.90601 -25.9611 -18.3653 -4.06994 -26.9444 
-18.2224 -4.14767 -27.9297 -18.0053 -4.12493 -28.9037 -17.7445 -3.93951 -29.8483 
-17.5704 -3.54001 -30.714 -26.6102 0.435837 36.8678 -26.8848 0.536919 35.9116 
-27.1467 0.648104 34.9529 -27.4117 0.759842 33.9951 -27.6955 0.868993 33.0426 
-28.0076 0.976383 32.0988 -28.3514 1.07859 31.1653 -28.7227 1.18207 30.2428 
-29.1312 1.31143 29.3394 -29.5554 1.46111 28.4463 -29.9848 1.64773 27.5628 
-30.4109 1.86226 26.6841 -30.8185 2.10031 25.8026 -31.1884 2.35789 24.9102 
-31.4936 2.64045 24.0015 -31.7268 2.94473 23.0785 -31.9078 3.26539 22.1488 
-32.0946 3.60841 21.2283 -32.3122 3.9766 20.3245 -32.5322 4.34586 19.4217 
-32.6978 4.67861 18.494 -32.7876 4.96299 17.5407 -32.7927 5.19481 16.5684 
-32.7369 5.38828 15.5894 -32.6227 5.54481 14.6087 -32.4647 5.67395 13.6299 
-32.2756 5.77338 12.6532 -32.0728 5.83096 11.676 -31.8833 5.83257 10.6943 
-31.7214 5.80324 9.70806 -31.5734 5.76701 8.71975 -31.4097 5.74208 7.73366 
-31.211 5.73249 6.7538 -30.9802 5.73467 5.78086 -30.723 5.74552 4.81464 
-30.4431 5.76147 3.85479 -30.1397 5.77634 2.90209 -29.8188 5.78492 1.95503 
-29.4813 5.78572 1.01376 -29.2032 5.77948 0.26368 -28.9221 5.76614 -0.485177 
-28.5669 5.74762 -1.4198 -28.1992 5.72053 -2.34928 -27.8078 5.67988 -3.26846 
-27.3645 5.63159 -4.16294 -26.8478 5.55863 -5.01484 -26.2484 5.45028 -5.80674 
-25.5799 5.29848 -6.53312 -24.8463 5.11225 -7.18596 -24.0726 4.92213 -7.78955 
-23.2455 4.74448 -8.32222 -22.4781 4.42081 -8.82688 -21.975 3.67642 -9.22675 
-21.5638 2.84481 -9.59908 -21.1649 2.02692 -10.0134 -20.7607 1.24611 -10.4835 
-20.3046 0.609067 -11.1018 -19.8431 0.0665243 -11.8024 -19.4088 -0.360692 -12.5916 
-19.0375 -0.68843 -13.4591 -18.7853 -0.93947 -14.3918 -18.6287 -1.1696 -15.3516 
-18.5426 -1.44129 -16.3098 -18.4862 -1.75076 -17.2588 -18.4489 -2.09714 -18.1961 
-18.4127 -2.46982 -19.1232 -18.3773 -2.86633 -20.0406 -18.3514 -3.27282 -20.9538 
-18.3536 -3.67612 -21.8688 -18.3757 -4.06131 -22.7913 -18.4183 -4.41345 -23.726 
-18.4656 -4.71228 -24.6787 -18.4895 -4.94703 -25.65 -18.4792 -5.13544 -26.6319 
-18.4291 -5.29231 -27.6178 -18.3235 -5.38272 -28.6067 -18.1913 -5.33356 -29.5933 
-18.1576 -5.12755 -30.5667 -18.3109 -4.94731 -31.3206 -25.6385 3.40387 37.0011 
-25.9398 3.45957 36.2623 -26.2579 3.55464 35.3194 -26.5223 3.68602 34.3644 
-26.7536 3.87346 33.41 -26.9878 4.1042 32.4659 -27.25 4.37156 31.5388 
-27.561 4.66175 30.6343 -27.9233 4.96757 29.7541 -28.314 5.27862 28.8877 
-28.7138 5.59137 28.0262 -29.1101 5.90808 27.1644 -29.49 6.23655 26.2997 
-29.8493 6.5707 25.4284 -30.1612 6.90162 24.5382 -30.4148 7.22881 23.6283 
-30.6314 7.54258 22.704 -30.9095 7.81971 21.7864 -31.3694 8.05528 20.933 
-31.8683 8.29151 20.0992 -32.3082 8.54751 19.239 -32.68 8.80484 18.3479 
-32.9548 9.05008 17.419 -33.1434 9.26305 16.4612 -33.2106 9.41363 15.4768 
-33.148 9.49989 14.4848 -32.9487 9.5221 13.5064 -32.658 9.48437 12.5517 
-32.2874 9.3764 11.6299 -31.8759 9.21501 10.7334 -31.461 9.0212 9.84451 
-31.0749 8.83442 8.94144 -30.7363 8.6836 8.01289 -30.4263 8.56128 7.0702 
-30.1346 8.46369 6.11873 -29.8479 8.38062 5.16435 -29.5591 8.30973 4.2096 
-29.2678 8.23531 3.25586 -28.9736 8.1515 2.30381 -28.6739 8.06144 1.35404 
-28.3706 7.97086 0.405469 -28.0112 7.86181 -0.734234 -27.7096 7.76371 -1.68259 
-27.3895 7.64972 -2.62299 -27.0465 7.52536 -3.554 -26.6779 7.40125 -4.47515 
-26.2776 7.26874 -5.3817 -25.8225 7.09947 -6.25502 -25.2972 6.88503 -7.07719 
-24.7025 6.59202 -7.8243 -24.0578 6.22877 -8.49476 -23.3854 5.76273 -9.06697 
-22.7519 5.18832 -9.57995 -22.2359 4.4795 -10.058 -21.7966 3.71336 -10.5262 
-21.3809 2.94279 -11.0093 -20.9621 2.18418 -11.5083 -20.5267 1.48347 -12.0697 
-20.0757 0.882339 -12.7278 -19.6511 0.384979 -13.4775 -19.2751 0.0303497 -14.3319 
-19.0049 -0.250654 -15.2515 -18.8102 -0.51152 -16.1965 -18.6784 -0.789154 -17.1479 
-18.5774 -1.09561 -18.0943 -18.4922 -1.4395 -19.0293 -18.4097 -1.8059 -19.9561 
-18.3344 -2.18206 -20.8795 -18.2934 -2.5568 -21.8055 -18.2814 -2.91492 -22.739 
-18.2798 -3.25094 -23.6808 -18.2801 -3.55501 -24.6332 -18.2491 -3.8054 -25.6003 
-18.1677 -3.98996 -26.5791 -18.0345 -4.11298 -27.5616 -17.8056 -4.13358 -28.5322 
-17.4863 -4.03086 -29.4715 -17.24 -3.71581 -30.3731 -26.3926 0.0483551 37.0837 
-26.6292 0.114105 36.3224 -26.9066 0.206795 35.3661 -27.1781 0.301483 34.4084 
-27.4606 0.390984 33.4533 -27.7649 0.474842 32.5045 -28.0978 0.554357 31.565 
-28.4571 0.630543 30.6351 -28.8535 0.714592 29.7209 -29.2759 0.826397 28.8217 
-29.7182 0.975686 27.9374 -30.1635 1.15668 27.0606 -30.5993 1.37755 26.1882 
-31.0115 1.61913 25.3099 -31.3711 1.87928 24.4145 -31.661 2.1646 23.5016 
-31.875 2.47985 22.5773 -32.0589 2.81478 21.6533 -32.2518 3.18155 20.7433 
-32.4632 3.5666 19.845 -32.6508 3.93433 18.9345 -32.7781 4.26184 17.9992 
-32.8151 4.53262 17.0382 -32.7829 4.76006 16.0655 -32.6855 4.94399 15.0878 
-32.5481 5.10079 14.11 -32.3764 5.2308 13.1335 -32.1877 5.33324 12.157 
-31.9981 5.38982 11.1769 -31.8293 5.40292 10.1917 -31.6936 5.38759 9.20106 
-31.5602 5.37279 8.21016 -31.3998 5.36999 7.22327 -31.1999 5.37846 6.24366 
-30.9676 5.39435 5.2712 -30.7069 5.41544 4.3061 -30.4182 5.44207 3.3491 
-30.1082 5.46731 2.39877 -29.7791 5.48536 1.45469 -29.4327 5.49646 0.516697 
-29.2188 5.49879 -0.0438614 -28.9312 5.49514 -0.790363 -28.5664 5.48662 -1.72141 
-28.1868 5.46956 -2.64636 -27.783 5.43898 -3.56045 -27.3167 5.40033 -4.44346 
-26.78 5.33758 -5.28383 -26.1503 5.22924 -6.0519 -25.4589 5.07547 -6.75636 
-24.7188 4.88874 -7.40189 -23.9304 4.69306 -7.98337 -23.1123 4.46231 -8.50901 
-22.3747 4.0323 -9.00119 -21.8825 3.26905 -9.40043 -21.4594 2.45833 -9.8045 
-21.0568 1.65918 -10.2502 -20.6269 0.934709 -10.7831 -20.1681 0.33577 -11.4362 
-19.712 -0.166313 -12.1687 -19.3069 -0.52759 -13.0061 -18.9911 -0.801403 -13.9123 
-18.7882 -1.017 -14.8664 -18.6591 -1.23988 -15.8321 -18.5827 -1.5089 -16.792 
-18.5308 -1.81642 -17.7419 -18.4882 -2.15764 -18.6808 -18.4435 -2.52783 -19.6086 
-18.4029 -2.91772 -20.5285 -18.376 -3.31194 -21.4471 -18.381 -3.69452 -22.3709 
-18.403 -4.05767 -23.3023 -18.4344 -4.37717 -24.2491 -18.4576 -4.64458 -25.212 
-18.4475 -4.84724 -26.1909 -18.4017 -5.01566 -27.1753 -18.3015 -5.13228 -28.1625 
-18.1399 -5.14738 -29.1473 -18.0151 -4.99736 -30.1243 -18.0751 -4.7365 -31.0806 
-26.0879 -0.417473 37.1236 -26.2759 -0.381012 36.555 -26.5696 -0.313034 35.6015 
-26.8545 -0.245041 34.6454 -27.1527 -0.186409 33.6927 -27.4729 -0.133148 32.7469 
-27.8177 -0.0842742 31.8096 -28.189 -0.0363693 30.8825 -28.5931 0.0172729 29.9695 
-29.0273 0.102718 29.0732 -29.4842 0.24393 28.1952 -29.9464 0.430786 27.3286 
-30.4005 0.655861 26.4666 -30.8316 0.900528 25.5982 -31.2101 1.16059 24.7104 
-31.5228 1.4453 23.8048 -31.7498 1.76113 22.8844 -31.9266 2.10238 21.9613 
-32.1106 2.47496 21.0519 -32.3106 2.8669 20.1539 -32.4988 3.24904 19.2494 
-32.6415 3.59873 18.3242 -32.7063 3.89923 17.3736 -32.6898 4.15217 16.4071 
-32.6067 4.36184 15.4332 -32.48 4.5408 14.4578 -32.3187 4.69133 13.4825 
-32.1357 4.81504 12.5074 -31.9453 4.89826 11.5294 -31.7701 4.93794 10.5459 
-31.635 4.94643 9.55525 -31.5218 4.94984 8.5617 -31.3896 4.96248 7.5707 
-31.2193 4.98248 6.58566 -31.0073 5.00692 5.60881 -30.7616 5.03252 4.63994 
-30.4775 5.06304 3.68169 -30.1702 5.0939 2.73064 -29.8399 5.11796 1.78712 
-29.4872 5.13511 0.851616 -29.1166 5.14174 -0.0771547 -28.7388 5.13903 -1.00302 
-28.3486 5.1292 -1.92365 -27.9409 5.10639 -2.8364 -27.4901 5.0754 -3.72805 
-26.9762 5.03584 -4.58413 -26.374 4.96704 -5.3776 -25.6838 4.85723 -6.09111 
-24.9186 4.713 -6.71753 -24.1094 4.57296 -7.28723 -23.2622 4.44505 -7.80275 
-22.42 4.30038 -8.31742 -21.7581 3.80985 -8.80001 -21.3302 2.9836 -9.16331 
-20.9064 2.17686 -9.57328 -20.4471 1.47737 -10.1108 -19.9637 0.926619 -10.789 
-19.4968 0.453216 -11.5343 -19.0536 0.0500898 -12.3344 -18.6635 -0.309707 -13.1805 
-18.3994 -0.625577 -14.0902 -18.2516 -0.975109 -15.0136 -18.1917 -1.38855 -15.9216 
-18.1646 -1.83562 -16.8155 -18.1557 -2.29591 -17.7032 -18.1519 -2.76283 -18.5875 
-18.1575 -3.24502 -19.4635 -18.1794 -3.7345 -20.3352 -18.2314 -4.22011 -21.2077 
-18.3152 -4.68389 -22.0895 -18.4318 -5.10769 -22.9874 -18.5746 -5.48406 -23.9023 
-18.7393 -5.79078 -24.8393 -18.9043 -6.03791 -25.7938 -19.0443 -6.2416 -26.7626 
-19.1214 -6.42365 -27.7421 -19.1247 -6.52901 -28.7347 -19.0954 -6.49453 -29.7316 
-19.0709 -6.34572 -30.7198 -26.5597 0.519753 37.0448 -26.7835 0.599472 36.281 
-27.0503 0.709269 35.3235 -27.3111 0.82566 34.3652 -27.5808 0.942482 33.4094 
-27.8728 1.05853 32.4602 -28.1979 1.17312 31.5215 -28.5505 1.28583 30.5927 
-28.9415 1.41171 29.681 -29.3545 1.55941 28.7825 -29.7804 1.73636 27.8953 
-30.2062 1.93945 27.0136 -30.6242 2.16843 26.1346 -31.018 2.41823 25.2502 
-31.3623 2.68821 24.3515 -31.6355 2.98183 23.436 -31.84 3.29351 22.5084 
-32.0137 3.61658 21.5781 -32.215 3.9688 20.6644 -32.4399 4.33657 19.7621 
-32.6409 4.68753 18.848 -32.7799 4.99837 17.9085 -32.8346 5.25715 16.9451 
-32.8154 5.47024 15.9689 -32.7304 5.64141 14.9877 -32.5965 5.78192 14.007 
-32.4216 5.89455 13.0291 -32.2253 5.97711 12.0521 -32.0255 6.0108 11.0732 
-31.8437 5.99508 10.0902 -31.6872 5.95188 9.10351 -31.5294 5.91047 8.11695 
-31.3413 5.88695 7.13523 -31.124 5.87813 6.15927 -30.8808 5.88125 5.18935 
-30.6144 5.89341 4.22562 -30.3253 5.91009 3.2685 -30.0191 5.92434 2.31668 
-29.6973 5.93185 1.36994 -29.361 5.93086 0.428227 -29.0182 5.92053 -0.51112 
-28.6744 5.90547 -1.45003 -28.3196 5.88496 -2.38474 -27.9482 5.85228 -3.31257 
-27.53 5.809 -4.2195 -27.0522 5.75009 -5.09534 -26.4937 5.65043 -5.91744 
-25.8686 5.50091 -6.68221 -25.1957 5.30184 -7.39415 -24.4977 5.06345 -8.0689 
-23.7631 4.77151 -8.67861 -23.0309 4.36844 -9.22486 -22.4157 3.7667 -9.72523 
-21.9188 3.04849 -10.2084 -21.4806 2.30096 -10.7073 -21.0496 1.56463 -11.2287 
-20.6001 0.913751 -11.8366 -20.1403 0.382366 -12.5444 -19.7098 -0.0387802 -13.3397 
-19.3495 -0.330787 -14.2226 -19.1027 -0.545301 -15.1668 -18.9244 -0.752197 -16.1284 
-18.8059 -0.985589 -17.0933 -18.7189 -1.2571 -18.0515 -18.6453 -1.57411 -18.9969 
-18.5716 -1.91897 -19.9326 -18.5051 -2.28097 -20.8623 -18.4741 -2.64494 -21.793 
-18.4682 -2.99253 -22.7306 -18.4796 -3.32035 -23.6751 -18.4995 -3.61853 -24.6292 
-18.4888 -3.86294 -25.5982 -18.4298 -4.04308 -26.5795 -18.3237 -4.16068 -27.5661 
-18.1415 -4.17495 -28.547 -17.8923 -4.05616 -29.5055 -17.7103 -3.73391 -30.423 
-17.4334 -3.14328 -31.1416 -26.4069 0.835876 37.238 -26.5768 0.89999 36.6662 
-26.8474 1.01787 35.7108 -27.1035 1.14819 34.753 -27.3611 1.28334 33.7963 
-27.6351 1.42137 32.8446 -27.9432 1.56529 31.9043 -28.2847 1.71498 30.9765 
-28.6631 1.87582 30.0652 -29.0706 2.05926 29.1707 -29.4874 2.26115 28.2844 
-29.9022 2.48486 27.4025 -30.3089 2.73431 26.5237 -30.6963 3.00149 25.6415 
-31.0419 3.28493 24.7473 -31.3248 3.58515 23.8371 -31.5137 3.89817 22.907 
-31.6502 4.2126 21.9676 -31.8194 4.53952 21.0388 -32.0709 4.89081 20.1375 
-32.3256 5.23919 19.2357 -32.5347 5.55966 18.3123 -32.6728 5.83681 17.3623 
-32.7337 6.06891 16.3924 -32.7053 6.24939 15.41 -32.6096 6.39051 14.4251 
-32.4483 6.49577 13.4442 -32.2416 6.56857 12.4688 -32.0077 6.59044 11.497 
-31.7734 6.56245 10.5255 -31.5648 6.49514 9.54992 -31.3759 6.42301 8.57062 
-31.1795 6.3701 7.59161 -30.9632 6.3357 6.61595 -30.7194 6.32029 5.64633 
-30.4563 6.31615 4.6816 -30.1722 6.31671 3.72283 -29.8736 6.31453 2.7685 
-29.5568 6.30513 1.82008 -29.2271 6.28576 0.876229 -28.9576 6.26256 0.123346 
-28.6188 6.23018 -0.816961 -28.2762 6.19369 -1.75573 -27.9227 6.14671 -2.68993 
-27.5397 6.0889 -3.61165 -27.1072 6.02056 -4.51026 -26.6155 5.92916 -5.37532 
-26.0303 5.79251 -6.17352 -25.38 5.61079 -6.90975 -24.6721 5.38985 -7.57963 
-23.9155 5.155 -8.1886 -23.1271 4.8652 -8.72961 -22.4193 4.39074 -9.22221 
-21.9441 3.61824 -9.63878 -21.5416 2.79612 -10.0409 -21.1502 1.9869 -10.4784 
-20.7429 1.22175 -10.9743 -20.2981 0.583277 -11.5965 -19.8426 0.0465848 -12.3059 
-19.4289 -0.3452 -13.1237 -19.1011 -0.625492 -14.0233 -18.8811 -0.845998 -14.9724 
-18.7369 -1.05955 -15.9384 -18.6481 -1.31689 -16.9003 -18.583 -1.61147 -17.8535 
-18.5262 -1.94529 -18.7943 -18.4659 -2.30652 -19.7247 -18.4118 -2.68792 -20.6475 
-18.3736 -3.0716 -21.5702 -18.3604 -3.44357 -22.4981 -18.3736 -3.7959 -23.4338 
-18.3855 -4.109 -24.3832 -18.3799 -4.36901 -25.3484 -18.3426 -4.56544 -26.3279 
-18.2714 -4.72252 -27.3125 -18.1315 -4.81019 -28.2977 -17.9338 -4.79352 -29.2754 
-17.7984 -4.5788 -30.2362 -17.9467 -4.25011 -31.1529 -26.3536 -0.212391 37.1227 
-26.5909 -0.15392 36.3609 -26.8689 -0.0723064 35.4038 -27.1464 0.00691605 34.4464 
-27.4388 0.0760167 33.4927 -27.7544 0.136643 32.5458 -28.0984 0.188126 31.6083 
-28.4655 0.232567 30.6792 -28.8683 0.289866 29.7662 -29.302 0.385891 28.8704 
-29.7535 0.531334 27.9904 -30.2082 0.722248 27.1206 -30.6533 0.943985 26.2531 
-31.0709 1.18772 25.378 -31.4304 1.4551 24.4843 -31.7245 1.74753 23.5751 
-31.9479 2.06816 22.6551 -32.1419 2.41547 21.7376 -32.342 2.79331 20.8338 
-32.546 3.18273 19.9356 -32.716 3.54889 19.0214 -32.8197 3.8724 18.0817 
-32.8323 4.1406 17.119 -32.7813 4.36849 16.1473 -32.6742 4.55718 15.1713 
-32.5317 4.71984 14.1952 -32.3628 4.86042 13.2197 -32.1784 4.9724 12.2434 
-31.9919 5.04538 11.2638 -31.8307 5.07308 10.2776 -31.705 5.07292 9.28557 
-31.5859 5.07223 8.29272 -31.4407 5.08144 7.30352 -31.2533 5.09948 6.3216 
-31.0274 5.12297 5.34782 -30.7705 5.14907 4.38186 -30.483 5.18085 3.42467 
-30.1729 5.2129 2.47457 -29.8414 5.23797 1.53148 -29.4908 5.25618 0.595169 
-29.1985 5.26305 -0.14947 -28.8288 5.26343 -1.07863 -28.4497 5.25756 -2.00393 
-28.0502 5.23858 -2.92035 -27.6136 5.20979 -3.81911 -27.1099 5.17167 -4.68127 
-26.521 5.10018 -5.48448 -25.8395 4.97989 -6.20481 -25.1036 4.82402 -6.86281 
-24.3197 4.65579 -7.45961 -23.4912 4.49434 -7.99496 -22.6666 4.27701 -8.50483 
-22.0002 3.74894 -8.97238 -21.5795 2.91603 -9.33036 -21.157 2.10969 -9.74335 
-20.7337 1.35154 -10.2308 -20.2696 0.723625 -10.8514 -19.8067 0.195872 -11.5616 
-19.3605 -0.242023 -12.3404 -18.9824 -0.588498 -13.1973 -18.7071 -0.86961 -14.1143 
-18.5372 -1.1286 -15.0643 -18.4451 -1.42651 -16.0138 -18.3958 -1.77072 -16.9512 
-18.365 -2.13941 -17.8802 -18.3409 -2.53442 -18.7985 -18.3188 -2.94976 -19.7078 
-18.307 -3.37766 -20.6116 -18.3193 -3.80689 -21.5146 -18.3577 -4.21553 -22.4263 
-18.4214 -4.59489 -23.3491 -18.5005 -4.91934 -24.2915 -18.5676 -5.18773 -25.2519 
-18.6069 -5.39238 -26.2298 -18.6147 -5.57337 -27.213 -18.5651 -5.71041 -28.2016 
-18.4708 -5.74543 -29.1946 -18.4209 -5.61951 -30.1823 -18.4858 -5.38663 -31.1504 
-26.5429 -0.529984 36.2568 -26.7666 -0.486379 35.4899 -27.0494 -0.444836 34.5317 
-27.3516 -0.419459 33.5788 -27.6784 -0.403031 32.6339 -28.0319 -0.392817 31.6986 
-28.4091 -0.387223 30.7727 -28.8202 -0.367816 29.8616 -29.2647 -0.294056 28.9694 
-29.7288 -0.155007 28.0951 -30.1992 0.0431976 27.2355 -30.6603 0.281799 26.381 
-31.0943 0.542751 25.5189 -31.479 0.821373 24.6393 -31.8026 1.12155 23.7425 
-32.0555 1.44934 22.8328 -32.2716 1.80773 21.9248 -32.4829 2.19874 21.029 
-32.6894 2.59542 20.1346 -32.8569 2.97128 19.2239 -32.9586 3.30769 18.2883 
-32.969 3.59177 17.3305 -32.9115 3.83455 16.3626 -32.7942 4.03132 15.3895 
-32.6491 4.20411 14.4153 -32.4835 4.35361 13.4406 -32.3088 4.47981 12.4642 
-32.1364 4.56923 11.4834 -31.9873 4.61973 10.4962 -31.8747 4.64122 9.50278 
-31.7692 4.6613 8.50858 -31.6387 4.68973 7.51767 -31.4669 4.72466 6.53336 
-31.2504 4.76379 5.55799 -31.0014 4.80231 4.59036 -30.7211 4.84515 3.63151 
-30.4159 4.8927 2.68046 -30.0874 4.93477 1.73699 -29.7358 4.96734 0.801445 
-29.3665 4.99186 -0.127533 -28.9888 5.00486 -1.05336 -28.5995 5.00936 -1.97441 
-28.1887 5.00372 -2.88598 -27.7296 4.98413 -3.77372 -27.2083 4.9566 -4.62579 
-26.5901 4.88845 -5.40725 -25.8975 4.7783 -6.118 -25.1435 4.62908 -6.75716 
-24.3505 4.47305 -7.34511 -23.5175 4.31558 -7.87497 -22.6772 4.12738 -8.37928 
-21.978 3.64554 -8.85467 -21.5142 2.84914 -9.2283 -21.0815 2.0537 -9.65142 
-20.6455 1.30866 -10.1496 -20.1713 0.716624 -10.7986 -19.7057 0.210102 -11.5226 
-19.2612 -0.212339 -12.3114 -18.8694 -0.57338 -13.1566 -18.5998 -0.866839 -14.0716 
-18.4333 -1.15044 -15.015 -18.3544 -1.48764 -15.9526 -18.3124 -1.86469 -16.8776 
-18.2927 -2.26676 -17.793 -18.2801 -2.68644 -18.7005 -18.2731 -3.12588 -19.5987 
-18.2785 -3.57552 -20.4918 -18.311 -4.02364 -21.3851 -18.3687 -4.45335 -22.286 
-18.46 -4.84479 -23.2015 -18.5663 -5.19117 -24.1333 -18.6767 -5.46883 -25.0872 
-18.772 -5.68962 -26.0574 -18.8288 -5.87979 -27.0373 -18.8378 -6.05015 -28.0224 
-18.8016 -6.11356 -29.0176 -18.7841 -6.02697 -30.0112 -18.8162 -5.82941 -30.9906 
-26.3449 -0.426079 37.1654 -26.5796 -0.374471 36.4023 -26.8586 -0.308342 35.4444 
-27.1371 -0.251658 34.4856 -27.4328 -0.205681 33.5315 -27.756 -0.172483 32.5858 
-28.1021 -0.146599 31.6481 -28.4734 -0.1296 30.7198 -28.8777 -0.10815 29.8056 
-29.3192 -0.0312653 28.9122 -29.7789 0.0993235 28.0342 -30.2432 0.296214 27.1709 
-30.6995 0.524608 26.311 -31.1219 0.780088 25.4415 -31.495 1.0528 24.5552 
-31.8004 1.35256 23.652 -32.0407 1.67819 22.7379 -32.2501 2.0364 21.8282 
-32.4579 2.42076 20.9287 -32.6644 2.81607 20.0337 -32.8458 3.19799 19.1278 
-32.9484 3.5306 18.1912 -32.9733 3.81775 17.2347 -32.922 4.05848 16.2659 
-32.8161 4.25785 15.2921 -32.6731 4.4267 14.317 -32.5091 4.57411 13.3417 
-32.3331 4.69777 12.3651 -32.1601 4.78759 11.3846 -32.0089 4.83524 10.3974 
-31.8878 4.8519 9.40499 -31.7779 4.86107 8.41112 -31.6463 4.87816 7.4201 
-31.468 4.90482 6.43668 -31.2519 4.93789 5.46097 -31.0025 4.9727 4.49326 
-30.7274 5.01087 3.5327 -30.424 5.05645 2.58097 -30.1012 5.09955 1.63554 
-29.758 5.13314 0.696915 -29.3976 5.15981 -0.235449 -29.0292 5.17636 -1.16498 
-28.6535 5.18423 -2.09169 -28.2557 5.18329 -3.00903 -27.8262 5.17009 -3.91177 
-27.3213 5.14423 -4.77363 -26.7459 5.08815 -5.58819 -26.0865 4.98003 -6.33124 
-25.3797 4.82346 -7.02034 -24.6371 4.63088 -7.66106 -23.8552 4.41468 -8.24454 
-23.0651 4.09921 -8.76603 -22.3637 3.59017 -9.24445 -21.8689 2.83975 -9.67801 
-21.439 2.05439 -10.1229 -21.0163 1.29672 -10.6194 -20.5789 0.604206 -11.1878 
-20.1148 0.0667369 -11.8899 -19.6753 -0.364948 -12.6731 -19.309 -0.657824 -13.5532 
-19.0378 -0.866832 -14.4916 -18.8656 -1.05074 -15.4588 -18.7541 -1.25808 -16.4304 
-18.6815 -1.51354 -17.3942 -18.6259 -1.809 -18.3478 -18.5698 -2.14182 -19.289 
-18.5128 -2.50135 -20.2203 -18.4712 -2.87592 -21.1465 -18.4451 -3.24493 -22.0756 
-18.4499 -3.5981 -23.011 -18.4681 -3.92484 -23.9558 -18.4725 -4.2052 -24.9153 
-18.455 -4.42892 -25.8895 -18.4023 -4.59777 -26.8734 -18.3071 -4.72094 -27.8606 
-18.1393 -4.74231 -28.8443 -17.9489 -4.64208 -29.819 -17.9786 -4.36234 -30.7674 
-26.4419 0.190552 37.2038 -26.7269 0.280955 36.2496 -26.9972 0.380718 35.292 
-27.2656 0.481855 34.334 -27.5453 0.578789 33.3789 -27.854 0.671371 32.4323 
-28.189 0.760132 31.4944 -28.5541 0.842646 30.5671 -28.9528 0.940888 29.6556 
-29.3799 1.06901 28.7606 -29.816 1.22582 27.8747 -30.2532 1.42806 26.9985 
-30.6806 1.65317 26.123 -31.0732 1.90028 25.2374 -31.4147 2.1657 24.3362 
-31.6766 2.4617 23.4182 -31.8796 2.77849 22.492 -32.061 3.11872 21.5694 
-32.2632 3.48695 20.6621 -32.475 3.86334 19.7603 -32.6542 4.21785 18.8429 
-32.7607 4.52357 17.8977 -32.7937 4.78358 16.9335 -32.7448 4.9921 15.9573 
-32.6427 5.16604 14.9781 -32.4942 5.31024 13.9999 -32.3165 5.43071 13.0233 
-32.1196 5.51301 12.0466 -31.9284 5.54397 11.0658 -31.7631 5.53605 10.0797 
-31.6241 5.51253 9.08977 -31.4812 5.49443 8.10029 -31.306 5.4895 7.11594 
-31.0928 5.49578 6.13905 -30.855 5.50754 5.16785 -30.5867 5.52636 4.20479 
-30.2942 5.54811 3.24882 -29.9814 5.5664 2.29919 -29.6502 5.57784 1.35574 
-29.3723 5.58095 0.605613 -29.1587 5.57822 0.0449448 -28.872 5.56986 -0.701888 
-28.5084 5.5557 -1.63333 -28.131 5.53268 -2.55901 -27.7304 5.49642 -3.47435 
-27.2697 5.4527 -4.3601 -26.7396 5.38584 -5.20436 -26.1095 5.273 -5.9709 
-25.413 5.11806 -6.67024 -24.6635 4.9368 -7.30624 -23.8603 4.7594 -7.87296 
-23.0218 4.58995 -8.3907 -22.2983 4.18876 -8.87325 -21.8565 3.37814 -9.23469 
-21.4363 2.55555 -9.61612 -21.0327 1.7502 -10.0501 -20.6021 1.02127 -10.5735 
-20.1387 0.426943 -11.2288 -19.6796 -0.0777548 -11.9579 -19.2618 -0.462804 -12.7784 
-18.9178 -0.773663 -13.6622 -18.6979 -1.01542 -14.6062 -18.5665 -1.26065 -15.566 
-18.4923 -1.55362 -16.5189 -18.4472 -1.88444 -17.4615 -18.4147 -2.24554 -18.3933 
-18.3834 -2.63172 -19.3151 -18.3549 -3.03935 -20.2278 -18.3421 -3.45388 -21.1377 
-18.3556 -3.86072 -22.051 -18.3897 -4.24555 -22.9732 -18.4471 -4.5877 -23.9108 
-18.5027 -4.87701 -24.8661 -18.531 -5.10214 -25.8396 -18.5284 -5.28707 -26.8221 
-18.4786 -5.43794 -27.809 -18.3765 -5.51284 -28.7992 -18.2601 -5.44074 -29.7868 
-18.2736 -5.22774 -30.7589 -26.612 -1.41407 34.2158 -26.9703 -1.45869 33.2833 
-27.3575 -1.50665 32.3626 -27.7692 -1.53609 31.452 -28.2005 -1.53663 30.5499 
-28.6545 -1.47936 29.6612 -29.1216 -1.35392 28.7868 -29.5969 -1.14386 27.9327 
-30.0762 -0.892223 27.092 -30.5461 -0.60909 26.2561 -30.9926 -0.312469 25.4121 
-31.3944 -0.0102717 24.548 -31.7358 0.307808 23.6642 -31.9943 0.650047 22.7611 
-32.206 1.01669 21.8554 -32.4019 1.41438 20.9592 -32.6008 1.82083 20.0674 
-32.7747 2.20986 19.1632 -32.8806 2.55991 18.2334 -32.902 2.8667 17.2829 
-32.8447 3.13245 16.3211 -32.726 3.35473 15.3536 -32.5796 3.54843 14.3836 
-32.4162 3.71634 13.4116 -32.2451 3.85924 12.4368 -32.076 3.96719 11.4572 
-31.9213 4.04226 10.4723 -31.8064 4.09206 9.48031 -31.7151 4.13854 8.4856 
-31.6056 4.19231 7.49321 -31.4571 4.24959 6.50614 -31.2585 4.30617 5.52791 
-31.0232 4.35872 4.55747 -30.7532 4.41229 3.59624 -30.4552 4.47365 2.64373 
-30.1302 4.53273 1.69991 -29.7834 4.58178 0.763324 -29.4088 4.61976 -0.163057 
-28.9423 4.64769 -1.26825 -28.5378 4.65887 -2.18264 -28.1049 4.65795 -3.08397 
-27.628 4.64633 -3.96237 -27.0638 4.61902 -4.7861 -26.4146 4.55577 -5.54186 
-25.6871 4.44905 -6.21845 -24.9098 4.31151 -6.83158 -24.0934 4.16747 -7.3901 
-23.2514 4.00403 -7.90388 -22.4337 3.73582 -8.39184 -21.7793 3.15147 -8.83953 
-21.2931 2.37925 -9.24662 -20.8358 1.63348 -9.72824 -20.3576 1.00068 -10.3327 
-19.8788 0.470311 -11.0312 -19.4213 0.0265755 -11.8003 -18.9949 -0.355964 -12.6192 
-18.6561 -0.683843 -13.4985 -18.4291 -0.975076 -14.4269 -18.3183 -1.30858 -15.362 
-18.2621 -1.69178 -16.2835 -18.2418 -2.11338 -17.19 -18.2339 -2.54628 -18.0914 
-18.2344 -2.99745 -18.9837 -18.2445 -3.46125 -19.8696 -18.2789 -3.92871 -20.7529 
-18.3399 -4.38515 -21.6404 -18.4318 -4.81353 -22.539 -18.5513 -5.203 -23.452 
-18.6938 -5.53583 -24.3837 -18.8458 -5.80874 -25.3333 -18.9824 -6.01873 -26.3012 
-19.0788 -6.21148 -27.2773 -19.1018 -6.35803 -28.2652 -19.087 -6.39559 -29.2623 
-19.078 -6.27536 -30.254 -19.078 -6.09865 -31.238 -26.5445 0.59758 37.0732 
-26.7668 0.679962 36.3091 -27.0298 0.795599 35.3513 -27.288 0.917744 34.393 
-27.5586 1.04006 33.4381 -27.8532 1.16215 32.4904 -28.1797 1.28381 31.5531 
-28.536 1.40623 30.627 -28.9289 1.54536 29.7182 -29.3442 1.70662 28.823 
-29.7669 1.89246 27.936 -30.188 2.10642 27.0547 -30.5988 2.34485 26.1748 
-30.9841 2.60255 25.2888 -31.3109 2.88151 24.3863 -31.5693 3.18027 23.4683 
-31.7528 3.49429 22.5371 -31.9171 3.81849 21.6055 -32.1267 4.17019 20.6936 
-32.3648 4.53602 19.7939 -32.5811 4.88692 18.8831 -32.7392 5.2008 17.9478 
-32.8092 5.46038 16.9855 -32.8034 5.67389 16.0093 -32.7261 5.84287 15.0272 
-32.5986 5.98135 14.0454 -32.4241 6.08978 13.0669 -32.2232 6.16661 12.0905 
-32.0142 6.18885 11.1131 -31.8194 6.1657 10.1328 -31.6507 6.11449 9.14847 
-31.4844 6.06514 8.16366 -31.292 6.03463 7.18294 -31.0716 6.02008 6.20776 
-30.8262 6.01866 5.23838 -30.5593 6.02681 4.27475 -30.2708 6.03894 3.31738 
-29.9659 6.04807 2.36508 -29.645 6.05036 1.41799 -29.3105 6.04392 0.475647 
-29.1063 6.0357 -0.0884781 -28.9018 6.02463 -0.652471 -28.5593 6.00413 -1.59174 
-28.2076 5.97787 -2.52741 -27.8297 5.93688 -3.45216 -27.4094 5.88793 -4.35787 
-26.9202 5.81604 -5.22634 -26.3587 5.70786 -6.04548 -25.7287 5.54769 -6.80423 
-25.0547 5.33971 -7.51251 -24.3499 5.0901 -8.17589 -23.6105 4.78254 -8.77196 
-22.8964 4.33588 -9.30386 -22.2985 3.71248 -9.79869 -21.8287 2.96961 -10.2741 
-21.3951 2.21755 -10.7701 -20.9669 1.48398 -11.2963 -20.5178 0.834946 -11.9065 
-20.061 0.320839 -12.6301 -19.6349 -0.0940855 -13.4305 -19.299 -0.3616 -14.3318 
-19.0539 -0.579803 -15.2753 -18.8905 -0.792348 -16.2384 -18.7752 -1.02982 -17.2027 
-18.6936 -1.31333 -18.1579 -18.6204 -1.63489 -19.1018 -18.546 -1.9851 -20.0355 
-18.4818 -2.34988 -20.9642 -18.4552 -2.71382 -21.8952 -18.4464 -3.06176 -22.8326 
-18.4595 -3.38757 -23.7778 -18.4733 -3.68105 -24.7334 -18.4524 -3.91762 -25.7042 
-18.3871 -4.09544 -26.6856 -18.27 -4.20291 -27.6721 -18.0797 -4.21367 -28.6514 
-17.829 -4.07728 -29.6073 -17.6657 -3.76609 -30.5333 -17.6192 -3.3388 -31.1451 
-26.0534 2.33582 37.0684 -26.2983 2.43361 36.3132 -26.5656 2.56945 35.3594 
-26.8056 2.72306 34.401 -27.0368 2.90598 33.4455 -27.2804 3.11712 32.499 
-27.5578 3.35708 31.5689 -27.8862 3.61579 30.661 -28.2644 3.89407 29.7782 
-28.6576 4.18262 28.9053 -29.0525 4.47914 28.0357 -29.4415 4.78597 27.167 
-29.8208 5.10511 26.2986 -30.1808 5.4335 25.4254 -30.5037 5.76837 24.5407 
-30.7672 6.10207 23.636 -30.9565 6.42395 22.7087 -31.142 6.72606 21.7741 
-31.4475 7.00041 20.8642 -31.8449 7.27233 19.9883 -32.2326 7.55779 19.1122 
-32.5543 7.83629 18.208 -32.8011 8.0915 17.2738 -32.9545 8.30701 16.3109 
-32.9986 8.46651 15.3261 -32.9259 8.56592 14.3355 -32.7421 8.60911 13.3545 
-32.4746 8.5962 12.392 -32.1446 8.52305 11.4515 -31.7833 8.39759 10.5278 
-31.4289 8.23925 9.60626 -31.1038 8.0871 8.6731 -30.8123 7.96492 7.72448 
-30.5345 7.87146 6.76846 -30.2586 7.80433 5.80969 -29.9795 7.75196 4.85085 
-29.6934 7.70563 3.89378 -29.4004 7.655 2.93901 -29.1006 7.5939 1.98699 
-28.7937 7.52528 1.03777 -28.4817 7.45447 0.090291 -28.1104 7.36609 -1.04738 
-27.7978 7.28381 -1.99365 -27.4628 7.18681 -2.93078 -27.1028 7.08229 -3.85779 
-26.7136 6.97315 -4.77231 -26.2725 6.84362 -5.65961 -25.759 6.66879 -6.4982 
-25.1726 6.44091 -7.27405 -24.5305 6.14536 -7.98039 -23.8404 5.79897 -8.61298 
-23.141 5.33513 -9.1552 -22.5177 4.73879 -9.65103 -22.0415 3.99062 -10.111 
-21.6162 3.21046 -10.5693 -21.2046 2.43346 -11.0455 -20.7909 1.67828 -11.5513 
-20.3426 1.03701 -12.1721 -19.8949 0.472901 -12.8644 -19.4895 0.0651778 -13.6777 
-19.1625 -0.234982 -14.5714 -18.9339 -0.483976 -15.5118 -18.7736 -0.73029 -16.4673 
-18.6633 -1.00556 -17.4221 -18.5783 -1.31723 -18.3684 -18.4998 -1.66601 -19.3022 
-18.4194 -2.03199 -20.2294 -18.3574 -2.40866 -21.1534 -18.3283 -2.77961 -22.0815 
-18.316 -3.1303 -23.0178 -18.3208 -3.45933 -23.9621 -18.3147 -3.74459 -24.9201 
-18.2713 -3.97536 -25.8916 -18.1774 -4.13833 -26.8733 -18.0329 -4.24065 -27.8566 
-17.7898 -4.23124 -28.824 -17.4996 -4.07454 -29.7638 -17.3549 -3.69715 -30.6621 
-26.3385 0.302208 37.1036 -26.6301 0.394478 36.1516 -26.9024 0.499868 35.1952 
-27.17 0.609818 34.2379 -27.4519 0.718414 33.2847 -27.7564 0.825222 32.3382 
-28.097 0.931348 31.4042 -28.4661 1.03769 30.4811 -28.8711 1.16119 29.5753 
-29.2981 1.31239 28.6839 -29.7326 1.49245 27.8015 -30.1647 1.70464 26.9251 
-30.5852 1.93829 26.0485 -30.9808 2.18642 25.1643 -31.3158 2.45681 24.2624 
-31.577 2.7519 23.3442 -31.7636 3.06735 22.414 -31.9206 3.39651 21.483 
-32.1136 3.75544 20.5702 -32.3367 4.13035 19.6704 -32.5347 4.48508 18.7571 
-32.6714 4.79752 17.8179 -32.7223 5.05702 16.8544 -32.6988 5.27122 15.8785 
-32.6096 5.44447 14.8982 -32.4709 5.58766 13.9185 -32.2928 5.70203 12.9413 
-32.0921 5.78127 11.9651 -31.8898 5.81236 10.9865 -31.7115 5.79523 10.0029 
-31.562 5.75856 9.01489 -31.412 5.7269 8.02678 -31.2291 5.71201 7.0439 
-31.0152 5.7089 6.06716 -30.7694 5.71622 5.09793 -30.4999 5.73007 4.13511 
-30.2046 5.74584 3.17986 -29.8926 5.75746 2.22989 -29.5614 5.76162 1.28639 
-29.2859 5.75853 0.535347 -29.1454 5.75375 0.160866 -28.8634 5.7409 -0.587668 
-28.5076 5.72198 -1.52205 -28.1391 5.69496 -2.45124 -27.7498 5.65492 -3.37129 
-27.3048 5.6073 -4.26509 -26.8014 5.54086 -5.12597 -26.1995 5.43034 -5.91492 
-25.5251 5.27393 -6.63504 -24.7948 5.08537 -7.29098 -24.0219 4.88935 -7.89361 
-23.2015 4.68574 -8.42721 -22.4321 4.32771 -8.93709 -21.9406 3.5715 -9.33307 
-21.5274 2.7461 -9.71729 -21.136 1.92826 -10.1389 -20.7207 1.17299 -10.6385 
-20.2673 0.541898 -11.2652 -19.808 0.0058517 -11.972 -19.3845 -0.395678 -12.7807 
-19.0347 -0.702892 -13.6636 -18.8003 -0.940408 -14.6047 -18.6546 -1.16471 -15.5677 
-18.5693 -1.43201 -16.5272 -18.5136 -1.73856 -17.4773 -18.4713 -2.07883 -18.4166 
-18.4282 -2.44707 -19.3452 -18.3869 -2.84024 -20.2637 -18.3549 -3.23985 -21.1798 
-18.3526 -3.63408 -22.0987 -18.3727 -4.00797 -23.0259 -18.4073 -4.34278 -23.9673 
-18.4396 -4.62848 -24.9247 -18.4425 -4.84778 -25.8999 -18.4118 -5.02713 -26.883 
-18.3299 -5.1641 -27.8696 -18.1927 -5.22581 -28.8569 -18.0499 -5.12279 -29.8376 
-18.0489 -4.88733 -30.8018 -26.2812 0.20678 37.0967 -26.5766 0.295644 36.1455 
-26.8521 0.397156 35.1897 -27.1231 0.502998 34.2329 -27.4055 0.606979 33.2793 
-27.7164 0.708094 32.3343 -28.0556 0.808273 31.3991 -28.4293 0.909579 30.4772 
-28.8326 1.02408 29.5695 -29.2585 1.16423 28.6757 -29.6966 1.33407 27.7931 
-30.1337 1.54101 26.918 -30.5602 1.77127 26.0433 -30.9567 2.01917 25.1596 
-31.2985 2.28508 24.2589 -31.5597 2.57934 23.3403 -31.7465 2.89589 22.4108 
-31.9036 3.23078 21.4819 -32.0891 3.59195 20.5683 -32.3119 3.97212 19.6706 
-32.5139 4.33539 18.7616 -32.642 4.64692 17.8208 -32.6942 4.91124 16.8587 
-32.6717 5.13018 15.8839 -32.5826 5.3076 14.9042 -32.4419 5.45293 13.9251 
-32.2646 5.57211 12.9483 -32.0641 5.65404 11.9723 -31.8624 5.68842 10.9937 
-31.689 5.67365 10.0092 -31.5424 5.64237 9.02055 -31.3947 5.61786 8.03188 
-31.2202 5.60622 7.04742 -31.0065 5.60732 6.07065 -30.7646 5.61618 5.10046 
-30.4925 5.63209 4.13839 -30.1982 5.64953 3.18289 -29.8833 5.6615 2.23389 
-29.5502 5.667 1.29106 -29.2715 5.66434 0.541202 -28.9158 5.65156 -0.393294 
-28.5562 5.63402 -1.32623 -28.1848 5.6087 -2.25432 -27.7969 5.57049 -3.17519 
-27.3589 5.52522 -4.07248 -26.8614 5.46507 -4.93727 -26.2649 5.36445 -5.7317 
-25.5945 5.22143 -6.45828 -24.8552 5.04271 -7.10684 -24.0704 4.86411 -7.69899 
-23.2358 4.70713 -8.22658 -22.4497 4.43441 -8.73492 -21.9509 3.70285 -9.1293 
-21.5509 2.86032 -9.48464 -21.1448 2.04648 -9.89964 -20.7281 1.28445 -10.3875 
-20.2677 0.655452 -11.011 -19.806 0.11924 -11.7157 -19.3695 -0.305814 -12.5061 
-18.9916 -0.647388 -13.3656 -18.7356 -0.910439 -14.294 -18.5728 -1.15738 -15.2484 
-18.4881 -1.44691 -16.2014 -18.4365 -1.77574 -17.1441 -18.4032 -2.13521 -18.0767 
-18.373 -2.51934 -18.9994 -18.3443 -2.92718 -19.9119 -18.3256 -3.3451 -20.8202 
-18.3348 -3.76054 -21.7297 -18.3637 -4.15869 -22.6464 -18.4194 -4.51987 -23.5769 
-18.4834 -4.83185 -24.5245 -18.5259 -5.07748 -25.4925 -18.5399 -5.27483 -26.4725 
-18.5132 -5.44126 -27.4578 -18.4356 -5.55923 -28.4469 -18.3246 -5.5453 -29.4378 
-18.2792 -5.3802 -30.4199 -18.3745 -5.17105 -31.1845 -26.4027 0.120449 37.1453 
-26.692 0.207664 36.1922 -26.9645 0.304909 35.235 -27.2356 0.402529 34.2774 
-27.5192 0.495537 33.323 -27.8315 0.583491 32.3772 -28.1702 0.668038 31.4402 
-28.5394 0.747994 30.5144 -28.9421 0.84502 29.6045 -29.3715 0.973248 28.7107 
-29.8115 1.13244 27.827 -30.2512 1.33551 26.9522 -30.68 1.56187 26.0778 
-31.0721 1.81029 25.1923 -31.4049 2.07896 24.2888 -31.6619 2.3761 23.3699 
-31.863 2.69249 22.4431 -32.0393 3.0283 21.5179 -32.2329 3.39403 20.6077 
-32.4475 3.77576 19.7088 -32.635 4.13839 18.7964 -32.7487 4.45101 17.8541 
-32.7868 4.71671 16.8918 -32.7483 4.93442 15.917 -32.654 5.11559 14.9384 
-32.511 5.26444 13.9602 -32.3365 5.38914 12.9836 -32.1423 5.47754 12.0068 
-31.9478 5.52711 11.0273 -31.7828 5.5236 10.0413 -31.6436 5.50119 9.0513 
-31.5021 5.48296 8.06158 -31.333 5.4767 7.07617 -31.1227 5.48319 6.09866 
-30.8869 5.49589 5.127 -30.6185 5.51593 4.16398 -30.3261 5.53946 3.20803 
-30.0128 5.55945 2.25864 -29.6819 5.57279 1.31511 -29.4046 5.57783 0.564762 
-29.1914 5.57674 0.00389099 -28.9055 5.57057 -0.743257 -28.5433 5.55876 -1.67524 
-28.1663 5.53782 -2.60116 -27.7654 5.50255 -3.51643 -27.305 5.46083 -4.40241 
-26.7756 5.39585 -5.24723 -26.1527 5.28665 -6.02071 -25.4655 5.13193 -6.72889 
-24.7272 4.9444 -7.37622 -23.9397 4.74998 -7.95942 -23.1195 4.52934 -8.48633 
-22.3755 4.11533 -8.98264 -21.8898 3.34782 -9.37796 -21.4684 2.53228 -9.77418 
-21.0703 1.72493 -10.2093 -20.6442 0.991116 -10.7319 -20.1863 0.387426 -11.3808 
-19.7282 -0.126549 -12.1052 -19.3172 -0.501737 -12.9329 -18.9895 -0.787457 -13.8311 
-18.78 -1.00845 -14.7826 -18.6495 -1.23578 -15.747 -18.5712 -1.50399 -16.7068 
-18.5194 -1.81327 -17.6562 -18.478 -2.15672 -18.5944 -18.4351 -2.52817 -19.5218 
-18.3959 -2.92007 -20.4409 -18.3698 -3.3173 -21.3582 -18.3738 -3.7053 -22.2797 
-18.3965 -4.07234 -23.2095 -18.432 -4.39616 -24.1548 -18.4597 -4.66671 -25.1167 
-18.4573 -4.8767 -26.094 -18.4219 -5.05091 -27.0779 -18.3323 -5.17622 -28.0652 
-18.1837 -5.20786 -29.0518 -18.0554 -5.07865 -30.0318 -18.1147 -4.82504 -30.9891 
-26.6303 -0.564487 35.5022 -26.918 -0.526299 34.5453 -27.2243 -0.502293 33.5938 
-27.5567 -0.485634 32.6508 -27.9137 -0.473072 31.7169 -28.299 -0.457125 30.7943 
-28.712 -0.428295 29.8843 -29.1592 -0.344655 28.9943 -29.624 -0.202298 28.1209 
-30.0955 -0.000233959 27.2626 -30.5604 0.234062 26.4089 -30.9939 0.496473 25.5471 
-31.3807 0.771484 24.6672 -31.7001 1.06963 23.7684 -31.9501 1.39222 22.8561 
-32.1513 1.74852 21.9437 -32.3516 2.13327 21.0428 -32.5539 2.53013 20.1475 
-32.7306 2.91174 19.2406 -32.833 3.24787 18.3051 -32.8646 3.54287 17.3509 
-32.8089 3.78607 16.3832 -32.7026 3.99275 15.4109 -32.5583 4.16751 14.437 
-32.3946 4.32098 13.4626 -32.2158 4.44503 12.4866 -32.0376 4.53368 11.5068 
-31.8809 4.57984 10.5204 -31.7589 4.60475 9.52835 -31.6554 4.62647 8.534 
-31.5285 4.65598 7.54264 -31.356 4.69156 6.55845 -31.1435 4.7289 5.58218 
-30.8972 4.7638 4.6137 -30.6222 4.80289 3.65318 -30.3159 4.8464 2.70229 
-29.9902 4.88546 1.75767 -29.6385 4.91522 0.822079 -29.267 4.93639 -0.106081 
-28.8853 4.94507 -1.0303 -28.4925 4.94662 -1.94987 -28.0772 4.93526 -2.85938 
-27.6237 4.91369 -3.74991 -27.0999 4.88374 -4.60022 -26.4952 4.82399 -5.39272 
-25.7914 4.71401 -6.09306 -25.0323 4.57244 -6.72745 -24.2275 4.425 -7.30153 
-23.3877 4.27756 -7.82351 -22.547 4.09089 -8.32785 -21.8433 3.62622 -8.80877 
-21.3911 2.81698 -9.18294 -20.9567 2.02345 -9.6079 -20.4967 1.33337 -10.1581 
-20.0163 0.768276 -10.8263 -19.5519 0.287117 -11.568 -19.1095 -0.119778 -12.3664 
-18.7312 -0.474688 -13.2197 -18.467 -0.78112 -14.1323 -18.325 -1.10882 -15.0651 
-18.256 -1.48913 -15.9867 -18.2266 -1.91063 -16.8929 -18.2141 -2.34695 -17.7925 
-18.2098 -2.79603 -18.686 -18.2123 -3.26052 -19.5715 -18.2339 -3.73314 -20.4525 
-18.2821 -4.20157 -21.3346 -18.3625 -4.64534 -22.2269 -18.472 -5.05306 -23.1332 
-18.6057 -5.40708 -24.0583 -18.7525 -5.70118 -25.0023 -18.8905 -5.9284 -25.966 
-18.9957 -6.12554 -26.9405 -19.0378 -6.29505 -27.9245 -19.0325 -6.37885 -28.9193 
-19.0207 -6.30169 -29.9142 -19.0207 -6.13657 -30.9002 -26.0328 -2.14977 34.9571 
-26.431 -2.20961 34.0419 -26.8566 -2.29914 33.1416 -27.3076 -2.38115 32.2531 
-27.7742 -2.41082 31.3695 -28.2416 -2.37862 30.4867 -28.7057 -2.25631 29.6101 
-29.1685 -2.05832 28.7467 -29.6293 -1.78892 27.9012 -30.0939 -1.48752 27.0687 
-30.5566 -1.17054 26.2408 -31.0063 -0.844868 25.4092 -31.4099 -0.516462 24.5557 
-31.754 -0.178208 23.6802 -32.0288 0.178963 22.788 -32.2483 0.563652 21.8918 
-32.447 0.973456 21.0015 -32.6444 1.38726 20.1129 -32.8137 1.77971 19.2092 
-32.9261 2.13994 18.2839 -32.9472 2.45588 17.3363 -32.8824 2.7298 16.3775 
-32.7585 2.96319 15.4133 -32.6093 3.16866 14.4461 -32.4463 3.34718 13.4759 
-32.2784 3.50128 12.5023 -32.1132 3.62138 11.5235 -31.9611 3.70996 10.5392 
-31.8461 3.77534 9.54815 -31.7589 3.83733 8.55391 -31.6608 3.90629 7.56125 
-31.5259 3.97806 6.57317 -31.3389 4.04701 5.59347 -31.111 4.11088 4.622 
-30.8481 4.17225 3.65924 -30.5573 4.24288 2.70515 -30.2366 4.31519 1.76078 
-29.8929 4.37764 0.823887 -29.5201 4.42681 -0.102683 -29.0503 4.46807 -1.20604 
-28.6421 4.48645 -2.11868 -28.2035 4.49388 -3.01711 -27.7239 4.48703 -3.89419 
-27.155 4.46767 -4.71501 -26.5011 4.41366 -5.46756 -25.7645 4.31265 -6.13503 
-24.9843 4.18284 -6.74627 -24.1686 4.04205 -7.30671 -23.3281 3.8735 -7.82076 
-22.5046 3.59979 -8.30351 -21.8108 3.0582 -8.75377 -21.2991 2.31014 -9.17389 
-20.8279 1.58144 -9.66759 -20.3431 0.965543 -10.2847 -19.8621 0.445938 -10.9899 
-19.4044 0.00949088 -11.7632 -18.9776 -0.369416 -12.5835 -18.6378 -0.695577 -13.4633 
-18.4094 -0.988863 -14.3906 -18.2986 -1.32794 -15.3237 -18.2437 -1.71856 -16.2421 
-18.226 -2.14812 -17.1449 -18.2207 -2.58784 -18.0429 -18.2246 -3.044 -18.9328 
-18.2404 -3.51326 -19.8157 -18.279 -3.98669 -20.6956 -18.3462 -4.44835 -21.58 
-18.4438 -4.8831 -22.475 -18.569 -5.28189 -23.3831 -18.7255 -5.62319 -24.3096 
-18.8959 -5.90782 -25.2526 -19.059 -6.13034 -26.2135 -19.174 -6.33274 -27.1856 
-19.2161 -6.49094 -28.1709 -19.1938 -6.54034 -29.1675 -19.1619 -6.44588 -30.1611 
-19.1395 -6.26738 -31.1444 -26.4251 0.120976 37.267 -26.712 0.208484 36.3131 
-26.9837 0.305351 35.3555 -27.2525 0.403061 34.3973 -27.534 0.495602 33.4423 
-27.8427 0.582431 32.4952 -28.1771 0.664768 31.5564 -28.5401 0.738864 30.6277 
-28.9374 0.827752 29.7146 -29.3631 0.946343 28.8176 -29.8016 1.09859 27.9321 
-30.2412 1.29398 27.0556 -30.6726 1.51505 26.181 -31.0679 1.76075 25.2961 
-31.4139 2.02523 24.3965 -31.6807 2.31972 23.4792 -31.8897 2.63607 22.5543 
-32.0735 2.97737 21.6326 -32.2751 3.34905 20.7265 -32.4864 3.7287 19.8259 
-32.6638 4.08586 18.9094 -32.7713 4.39618 17.9657 -32.8054 4.66068 17.0028 
-32.7604 4.87556 16.0276 -32.6564 5.05161 15.0492 -32.5112 5.20024 14.0711 
-32.3355 5.32457 13.0947 -32.141 5.41309 12.118 -31.9515 5.45146 11.1371 
-31.7871 5.4499 10.1509 -31.6512 5.43083 9.16045 -31.5139 5.41556 8.17012 
-31.3444 5.41303 7.18476 -31.1354 5.42144 6.20698 -30.895 5.43621 5.23652 
-30.6244 5.45716 4.27414 -30.3308 5.48076 3.31853 -30.014 5.49942 2.37028 
-29.6804 5.51198 1.42767 -29.3993 5.51502 0.678719 -29.1124 5.51144 -0.068033 
-28.7499 5.49995 -0.999947 -28.3802 5.48518 -1.92898 -27.9929 5.45781 -2.85045 
-27.5705 5.42046 -3.75568 -27.0845 5.3731 -4.62764 -26.5243 5.29754 -5.45109 
-25.8624 5.17134 -6.18841 -25.1409 5.00865 -6.86036 -24.366 4.83211 -7.46607 
-23.5402 4.66976 -8.00518 -22.7071 4.48419 -8.51748 -22.0912 3.92505 -8.9596 
-21.6717 3.09227 -9.31526 -21.2524 2.27822 -9.71627 -20.8455 1.48836 -10.1706 
-20.3937 0.818802 -10.7522 -19.9288 0.265811 -11.442 -19.4772 -0.1959 -12.2034 
-19.0805 -0.553696 -13.0476 -18.7771 -0.845802 -13.9519 -18.5952 -1.09406 -14.9025 
-18.487 -1.36885 -15.8574 -18.4296 -1.69497 -16.8006 -18.3943 -2.05119 -17.7342 
-18.3676 -2.432 -18.6584 -18.3422 -2.83757 -19.5721 -18.3242 -3.25812 -20.4791 
-18.3276 -3.68189 -21.3848 -18.3569 -4.08883 -22.2977 -18.409 -4.47056 -23.2203 
-18.4805 -4.80044 -24.1613 -18.5423 -5.07551 -25.1203 -18.5759 -5.28664 -26.0969 
-18.5782 -5.46883 -27.08 -18.5303 -5.61224 -28.0678 -18.4324 -5.6635 -29.0602 
-18.3627 -5.55643 -30.0487 -18.4133 -5.32901 -31.0184 -26.6776 -1.19967 34.243 
-27.0256 -1.22957 33.3061 -27.404 -1.26153 32.381 -27.7992 -1.28488 31.4627 
-28.2195 -1.28133 30.5557 -28.6634 -1.23948 29.6609 -29.1299 -1.12089 28.785 
-29.6066 -0.938686 27.9254 -30.0864 -0.695926 27.0825 -30.5562 -0.424942 26.2425 
-31.0012 -0.136302 25.3949 -31.4037 0.15757 24.5284 -31.7318 0.473745 23.6389 
-31.9922 0.809834 22.7341 -32.2014 1.17288 21.8264 -32.3982 1.5679 20.9291 
-32.5974 1.9723 20.0365 -32.7717 2.35967 19.1315 -32.8718 2.70462 18.1991 
-32.8947 3.00957 17.2479 -32.8339 3.26879 16.2847 -32.718 3.48796 15.3162 
-32.5713 3.67719 14.3454 -32.4082 3.84204 13.3727 -32.2367 3.97945 12.3972 
-32.0653 4.08579 11.4179 -31.9147 4.15225 10.4318 -31.7989 4.19655 9.43962 
-31.7035 4.23883 8.44509 -31.5933 4.28779 7.45251 -31.4362 4.34073 6.46658 
-31.2357 4.3937 5.48845 -30.9957 4.44309 4.51905 -30.7244 4.49366 3.558 
-30.4225 4.55213 2.6065 -30.0975 4.60767 1.66249 -29.7473 4.65193 0.726938 
-29.375 4.68779 -0.200466 -28.988 4.70904 -1.12224 -28.5884 4.71959 -2.03883 
-28.1631 4.71861 -2.94375 -27.6985 4.70564 -3.82877 -27.1526 4.68137 -4.665 
-26.529 4.62687 -5.44314 -25.811 4.52135 -6.12985 -25.0443 4.38457 -6.75633 
-24.2372 4.23817 -7.32747 -23.3988 4.07816 -7.84797 -22.5704 3.83902 -8.34188 
-21.8799 3.3163 -8.80461 -21.3936 2.53905 -9.2022 -20.9405 1.77221 -9.65611 
-20.472 1.10485 -10.2288 -19.993 0.552128 -10.9086 -19.5317 0.0890223 -11.6638 
-19.0943 -0.310203 -12.4687 -18.733 -0.650525 -13.335 -18.4842 -0.943636 -14.2563 
-18.3592 -1.25935 -15.1961 -18.2943 -1.62524 -16.1238 -18.2664 -2.03077 -17.0374 
-18.2547 -2.45239 -17.944 -18.2516 -2.89261 -18.8419 -18.2572 -3.34787 -19.7322 
-18.2826 -3.80971 -20.6187 -18.3335 -4.26515 -21.5075 -18.4155 -4.6948 -22.4064 
-18.5251 -5.08864 -23.3188 -18.6583 -5.42539 -24.2506 -18.7994 -5.70683 -25.1992 
-18.9281 -5.92227 -26.1671 -19.0229 -6.11718 -27.1431 -19.0513 -6.27405 -28.1294 
-19.0386 -6.32121 -29.1262 -19.0338 -6.21974 -30.1196 -19.0434 -6.03706 -31.1024 
-25.8605 7.10208 32.774 -26.0813 7.23895 31.8084 -26.3293 7.40889 30.8551 
-26.6383 7.60763 29.9258 -27.0276 7.82559 29.0313 -27.4616 8.05347 28.1598 
-27.9081 8.28181 27.2946 -28.3428 8.50737 26.4228 -28.7399 8.73709 25.5345 
-29.0938 8.97223 24.6295 -29.3942 9.22413 23.7099 -29.6418 9.48163 22.7761 
-29.9365 9.694 21.851 -30.4934 9.82509 21.0428 -31.1767 9.95406 20.3245 
-31.8076 10.1164 19.5668 -32.346 10.3162 18.7493 -32.8079 10.5333 17.8905 
-33.153 10.7587 16.9804 -33.3895 10.9551 16.0314 -33.4423 11.0767 15.0427 
-33.3442 11.1259 14.052 -33.0899 11.0951 13.0874 -32.7229 10.9923 12.1651 
-32.2632 10.8079 11.2972 -31.7617 10.5712 10.4654 -31.261 10.3138 9.63901 
-30.7897 10.0695 8.79189 -30.3799 9.8604 7.90466 -30.0199 9.6832 6.98914 
-29.7019 9.54007 6.05203 -29.4011 9.4159 5.10648 -29.1075 9.29694 4.15803 
-28.8135 9.17294 3.21029 -28.5133 9.04095 2.26559 -28.2114 8.90717 1.3217 
-27.9169 8.78161 0.37435 -27.5676 8.63097 -0.763743 -27.2672 8.48721 -1.70658 
-26.9411 8.32304 -2.63747 -26.5995 8.15558 -3.56226 -26.2447 7.9902 -4.48246 
-25.8656 7.81856 -5.39155 -25.4182 7.61002 -6.25944 -24.8862 7.3373 -7.05859 
-24.25 7 -7.75 -23.5553 6.61425 -8.35543 -22.8413 6.15751 -8.8841 
-22.4059 5.26361 -9.2912 -22.0817 4.38775 -9.64137 -21.7137 3.53859 -10.0199 
-21.34 2.70426 -10.4248 -20.9562 1.89374 -10.8671 -20.5429 1.16158 -11.3987 
-20.0924 0.554354 -12.0522 -19.6521 0.0511396 -12.7914 -19.2684 -0.311198 -13.6368 
-18.9809 -0.580768 -14.5546 -18.7975 -0.813616 -15.5089 -18.6776 -1.05922 -16.4706 
-18.5965 -1.34577 -17.4249 -18.5317 -1.66739 -18.3695 -18.4664 -2.0228 -19.3018 
-18.3995 -2.39753 -20.2265 -18.3514 -2.78491 -21.1472 -18.3182 -3.16548 -22.0713 
-18.3153 -3.52823 -23.003 -18.3274 -3.86346 -23.9449 -18.3234 -4.15066 -24.9023 
-18.2926 -4.37981 -25.8749 -18.2256 -4.55266 -26.8572 -18.113 -4.67832 -27.8423 
-17.9205 -4.71176 -28.8215 -17.7048 -4.59199 -29.7855 -17.6572 -4.26735 -30.7178 
-26.093 -2.02933 34.8004 -26.4888 -2.09161 33.8843 -26.914 -2.17909 32.9837 
-27.3615 -2.2485 32.0922 -27.8223 -2.26503 31.2052 -28.2864 -2.22048 30.3211 
-28.754 -2.08848 29.4477 -29.2209 -1.8792 28.5893 -29.6869 -1.60855 27.7471 
-30.1564 -1.31142 26.9157 -30.6196 -0.999353 26.0862 -31.062 -0.68137 25.2478 
-31.4555 -0.359749 24.3873 -31.7894 -0.0259514 23.506 -32.0509 0.330213 22.6094 
-32.2625 0.714443 21.7109 -32.4586 1.12408 20.8201 -32.6548 1.53457 19.9296 
-32.814 1.91968 19.0211 -32.9091 2.26962 18.0899 -32.9091 2.57463 17.1386 
-32.8342 2.84072 16.1782 -32.7054 3.06661 15.2127 -32.5537 3.26518 14.2446 
-32.3886 3.43814 13.2736 -32.2197 3.58331 12.2989 -32.0534 3.69431 11.3191 
-31.9068 3.77332 10.3333 -31.7982 3.83392 9.34116 -31.7101 3.89507 8.34694 
-31.6056 3.96273 7.35486 -31.4615 4.03163 6.3679 -31.263 4.09704 5.39021 
-31.0268 4.15673 4.42043 -30.7557 4.21795 3.45993 -30.4567 4.2879 2.50832 
-30.1302 4.35524 1.56561 -29.779 4.41092 0.631054 -29.3996 4.4543 -0.293118 
-29.007 4.48503 -1.2123 -28.5956 4.49988 -2.12355 -28.1579 4.50467 -3.02251 
-27.6725 4.49609 -3.8961 -27.1101 4.47721 -4.72164 -26.4544 4.41992 -5.47203 
-25.7218 4.32156 -6.14425 -24.936 4.19005 -6.74793 -24.1194 4.05402 -7.30847 
-23.2763 3.88877 -7.81974 -22.4511 3.62058 -8.3065 -21.7934 3.02713 -8.74349 
-21.265 2.29117 -9.16314 -20.7893 1.58043 -9.67675 -20.3016 0.972245 -10.2997 
-19.8231 0.468003 -11.0176 -19.3647 0.0331422 -11.7915 -18.939 -0.343648 -12.6131 
-18.5954 -0.671611 -13.4913 -18.3804 -0.974875 -14.4182 -18.2649 -1.32012 -15.3485 
-18.2203 -1.73154 -16.2585 -18.202 -2.16925 -17.1574 -18.1994 -2.6193 -18.0503 
-18.2055 -3.08402 -18.9357 -18.2258 -3.56155 -19.8141 -18.2678 -4.04115 -20.6905 
-18.3405 -4.50854 -21.5713 -18.4418 -4.95191 -22.4618 -18.5764 -5.35214 -23.3679 
-18.7394 -5.70454 -24.2891 -18.9256 -5.98755 -25.2296 -19.1067 -6.21751 -26.1854 
-19.2359 -6.42254 -27.1551 -19.2892 -6.58994 -28.1385 -19.2628 -6.64394 -29.1346 
-19.2186 -6.56114 -30.1284 -19.1827 -6.38946 -31.1127 -26.024 -1.99988 35.3954 
-26.2423 -2.03356 34.8374 -26.626 -2.12046 33.9184 -27.041 -2.23527 33.0161 
-27.4903 -2.32439 32.1275 -27.9555 -2.36199 31.2435 -28.4226 -2.32124 30.3612 
-28.8872 -2.19431 29.4855 -29.3479 -1.97451 28.6264 -29.8048 -1.68556 27.7854 
-30.2669 -1.36812 26.9573 -30.727 -1.03776 26.1333 -31.1667 -0.702861 25.3 
-31.5622 -0.365799 24.4461 -31.8964 -0.0184708 23.5704 -32.1738 0.345738 22.6817 
-32.3978 0.745733 21.7932 -32.6104 1.16134 20.9088 -32.8135 1.57304 20.0205 
-32.9804 1.96104 19.1146 -33.0649 2.30799 18.1813 -33.068 2.61845 17.2319 
-32.9893 2.88498 16.2718 -32.8607 3.11006 15.3062 -32.7058 3.30295 14.3373 
-32.5425 3.47496 13.3659 -32.3778 3.62335 12.3909 -32.2195 3.74338 11.4109 
-32.0827 3.83187 10.4245 -31.9779 3.89558 9.43214 -31.8915 3.95286 8.43755 
-31.791 4.01649 7.44475 -31.6448 4.08452 6.45806 -31.4547 4.15332 5.47889 
-31.2216 4.22022 4.50886 -30.9597 4.28584 3.54604 -30.6702 4.36158 2.59199 
-30.3559 4.44193 1.64612 -30.0132 4.51178 0.709345 -29.6497 4.56871 -0.22047 
-29.2669 4.61393 -1.14312 -28.8734 4.64507 -2.0619 -28.4543 4.66436 -2.96953 
-27.997 4.67346 -3.85842 -27.4625 4.66563 -4.70242 -26.8533 4.62864 -5.49301 
-26.1551 4.53291 -6.20143 -25.4144 4.39604 -6.85834 -24.6373 4.23143 -7.46531 
-23.8297 4.04495 -8.02381 -23.0088 3.78231 -8.52628 -22.2878 3.29149 -8.99146 
-21.7625 2.55605 -9.4108 -21.3118 1.78571 -9.86114 -20.8764 1.03764 -10.3604 
-20.4159 0.393834 -10.9665 -19.9504 -0.126218 -11.6803 -19.5103 -0.547199 -12.4705 
-19.1503 -0.8389 -13.3547 -18.8899 -1.06052 -14.2924 -18.7388 -1.25394 -15.2614 
-18.6399 -1.47764 -16.2306 -18.5833 -1.75376 -17.1898 -18.5438 -2.06561 -18.139 
-18.5068 -2.41256 -19.076 -18.4694 -2.7862 -20.0028 -18.4394 -3.17367 -20.9241 
-18.4315 -3.56133 -21.8458 -18.4494 -3.9312 -22.7747 -18.4825 -4.27282 -23.7137 
-18.5215 -4.56769 -24.6681 -18.5403 -4.8026 -25.6395 -18.5242 -4.98638 -26.6221 
-18.4674 -5.13589 -27.6088 -18.355 -5.21354 -28.5978 -18.2093 -5.16499 -29.5834 
-18.1809 -4.95543 -30.5557 -26.1955 -0.272591 37.0921 -26.4408 -0.217758 36.3326 
-26.7253 -0.139285 35.3772 -27.006 -0.0615463 34.4206 -27.304 0.00844825 33.4687 
-27.6239 0.0719223 32.5234 -27.9705 0.128619 31.5872 -28.3437 0.183857 30.6611 
-28.7509 0.251539 29.7506 -29.1838 0.349239 28.8546 -29.6365 0.495544 27.9753 
-30.0935 0.680965 27.1055 -30.5413 0.90348 26.2396 -30.9698 1.14484 25.369 
-31.3431 1.405 24.4792 -31.6474 1.69195 23.5715 -31.865 2.01048 22.6493 
-32.0527 2.34993 21.7277 -32.2446 2.72427 20.8206 -32.4487 3.11552 19.9233 
-32.6291 3.48933 19.0138 -32.7533 3.82512 18.0809 -32.7946 4.11005 17.1242 
-32.7584 4.34777 16.1542 -32.6589 4.54229 15.1787 -32.5209 4.70862 14.2025 
-32.3522 4.84972 13.2271 -32.1675 4.96191 12.2508 -31.9804 5.03489 11.2714 
-31.8185 5.06279 10.2854 -31.6925 5.06301 9.29333 -31.5737 5.06275 8.30044 
-31.4293 5.07235 7.31112 -31.2426 5.09056 6.32907 -31.0171 5.11396 5.35519 
-30.7603 5.13994 4.38921 -30.4725 5.17148 3.43209 -30.1621 5.20304 2.48208 
-29.8301 5.22755 1.53917 -29.4788 5.24525 0.603123 -29.1859 5.25157 -0.141281 
-28.8152 5.25128 -1.07006 -28.435 5.24482 -1.99489 -28.0343 5.22488 -2.91079 
-27.5964 5.19544 -3.80889 -27.0911 5.15673 -4.67004 -26.5 5.085 -5.47151 
-25.8155 4.96487 -6.18912 -25.0757 4.81024 -6.84305 -24.2872 4.64604 -7.43486 
-23.4557 4.49001 -7.96725 -22.6284 4.28428 -8.47708 -21.9659 3.75797 -8.94455 
-21.5512 2.92005 -9.29721 -21.1276 2.11377 -9.70919 -20.7053 1.34987 -10.1899 
-20.2395 0.727253 -10.8132 -19.7753 0.207453 -11.5286 -19.3291 -0.225837 -12.3101 
-18.9495 -0.575224 -13.1652 -18.6723 -0.861824 -14.08 -18.5025 -1.1299 -15.0274 
-18.4125 -1.43959 -15.9733 -18.3659 -1.79583 -16.9064 -18.3383 -2.17541 -17.8311 
-18.3185 -2.57909 -18.7457 -18.3012 -3.00219 -19.6516 -18.2955 -3.43748 -20.5518 
-18.314 -3.87357 -21.4514 -18.3571 -4.2905 -22.3592 -18.4282 -4.67746 -23.2782 
-18.5166 -5.00613 -24.2182 -18.5967 -5.27402 -25.1779 -18.6541 -5.48564 -26.1533 
-18.6767 -5.6719 -27.1353 -18.6463 -5.8203 -28.123 -18.5715 -5.87078 -29.1173 
-18.5304 -5.76214 -30.1077 -18.5764 -5.54504 -31.0814 -26.5652 -1.46743 34.9003 
-26.9025 -1.53597 33.9618 -27.2739 -1.62926 33.0382 -27.6797 -1.71507 32.1283 
-28.1118 -1.77138 31.2285 -28.5662 -1.76759 30.3382 -29.0334 -1.68612 29.4591 
-29.4986 -1.47861 28.5991 -29.9667 -1.20613 27.759 -30.4382 -0.897455 26.933 
-30.8979 -0.573139 26.1063 -31.3214 -0.246859 25.2614 -31.6991 0.0852775 24.3974 
-32.0136 0.430669 23.5137 -32.2733 0.800728 22.6221 -32.5006 1.20263 21.7351 
-32.722 1.61514 20.8515 -32.9227 2.01685 19.9582 -33.0714 2.39116 19.0438 
-33.1351 2.7265 18.1046 -33.1153 3.0198 17.1498 -33.0194 3.26312 16.185 
-32.8844 3.46826 15.2158 -32.7276 3.64518 14.2442 -32.5629 3.80414 13.2709 
-32.3984 3.93694 12.2935 -32.2444 4.04189 11.3111 -32.1189 4.11515 10.3219 
-32.0215 4.16671 9.32809 -31.9278 4.21235 8.33358 -31.8097 4.26452 7.34206 
-31.6414 4.32258 6.35825 -31.4345 4.38276 5.3819 -31.1884 4.44233 4.41456 
-30.9161 4.50459 3.45445 -30.6167 4.57596 2.50303 -30.2948 4.64633 1.55897 
-29.9451 4.70263 0.623853 -29.5766 4.74915 -0.304581 -29.1965 4.78552 -1.22877 
-28.8031 4.80761 -2.1478 -28.3834 4.82114 -3.05521 -27.9209 4.82249 -3.94133 
-27.3797 4.80521 -4.7807 -26.7514 4.74413 -5.55472 -26.0495 4.63174 -6.25642 
-25.302 4.48081 -6.90276 -24.5173 4.30796 -7.49768 -23.6959 4.11516 -8.03275 
-22.8891 3.80203 -8.52652 -22.2144 3.2451 -8.97738 -21.7315 2.47162 -9.387 
-21.281 1.70833 -9.84921 -20.835 0.995123 -10.3863 -20.3692 0.384716 -11.0237 
-19.909 -0.109337 -11.7592 -19.4804 -0.502388 -12.5707 -19.1401 -0.781479 -13.4666 
-18.9092 -0.993012 -14.4142 -18.7689 -1.18967 -15.3842 -18.6781 -1.41908 -16.3531 
-18.62 -1.69285 -17.3128 -18.5767 -2.00597 -18.2613 -18.5329 -2.35393 -19.1978 
-18.4907 -2.72486 -20.1254 -18.4604 -3.10673 -21.0491 -18.4516 -3.484 -21.9751 
-18.4685 -3.84163 -22.9087 -18.4949 -4.16449 -23.8545 -18.518 -4.43942 -24.8154 
-18.5184 -4.65915 -25.7906 -18.4787 -4.82782 -26.7751 -18.3965 -4.95903 -27.7626 
-18.2482 -4.99601 -28.7498 -18.0974 -4.9061 -29.7304 -18.0986 -4.65797 -30.6928 
-25.7573 -2.48177 35.3226 -26.0139 -2.51928 34.7815 -26.4546 -2.60382 33.888 
-26.9207 -2.70474 33.0092 -27.4101 -2.77549 32.1406 -27.8998 -2.77313 31.2694 
-28.3679 -2.67228 30.3922 -28.8228 -2.49574 29.52 -29.271 -2.24035 28.6638 
-29.7221 -1.93378 27.8259 -30.1813 -1.60862 26.9992 -30.6387 -1.2758 26.1746 
-31.072 -0.939586 25.3386 -31.4624 -0.601601 24.4825 -31.7881 -0.254484 23.6036 
-32.0499 0.109188 22.7101 -32.2624 0.50353 21.8163 -32.4605 0.916618 20.9275 
-32.6566 1.33058 20.0386 -32.8274 1.72527 19.1361 -32.927 2.08057 18.2074 
-32.9429 2.39641 17.2599 -32.8698 2.66897 16.3012 -32.7434 2.90305 15.3375 
-32.5907 3.10659 14.3705 -32.4274 3.2862 13.4005 -32.2599 3.43769 12.4264 
-32.094 3.55886 11.4479 -31.9464 3.64576 10.4628 -31.8326 3.71303 9.47173 
-31.7462 3.77937 8.47769 -31.651 3.85227 7.48499 -31.5111 3.92722 6.49791 
-31.3269 3.99913 5.5178 -31.0974 4.06468 4.54684 -30.8351 4.12774 3.58403 
-30.5394 4.20193 2.6317 -30.2201 4.27632 1.68703 -29.8698 4.33716 0.752498 
-29.4953 4.38722 -0.173342 -29.1025 4.42324 -1.0922 -28.6946 4.44397 -2.00492 
-28.2574 4.45303 -2.90408 -27.7815 4.4492 -3.78306 -27.2247 4.4348 -4.6124 
-26.5851 4.3895 -5.37803 -25.854 4.29503 -6.05244 -25.077 4.1691 -6.66844 
-24.2644 4.03051 -7.23397 -23.4257 3.8658 -7.7522 -22.5961 3.60778 -8.23765 
-21.8749 3.10822 -8.69353 -21.3482 2.36992 -9.11176 -20.8708 1.64145 -9.60015 
-20.3846 1.02512 -10.2161 -19.901 0.497013 -10.9129 -19.4412 0.0547765 -11.6817 
-19.0038 -0.332703 -12.4927 -18.6537 -0.66302 -13.3668 -18.4128 -0.957951 -14.2904 
-18.2939 -1.29568 -15.2229 -18.2383 -1.68971 -16.1398 -18.2183 -2.12017 -17.0421 
-18.213 -2.56223 -17.939 -18.2175 -3.02001 -18.828 -18.2339 -3.49124 -19.7098 
-18.2723 -3.96719 -20.5884 -18.3372 -4.43519 -21.4696 -18.435 -4.87625 -22.3615 
-18.5609 -5.28274 -23.2662 -18.7198 -5.63425 -24.1884 -18.8988 -5.92623 -25.1274 
-19.0756 -6.1603 -26.0832 -19.2087 -6.36831 -27.0519 -19.2667 -6.53708 -28.0346 
-19.2495 -6.60814 -29.0301 -19.2077 -6.53521 -30.0249 -19.1764 -6.36649 -31.0096 
-26.597 0.476018 36.9162 -26.8719 0.577915 35.9602 -27.1336 0.690658 35.0017 
-27.3975 0.804966 34.0439 -27.6787 0.917412 33.0909 -28.0571 1.04998 31.96 
-28.4004 1.15652 31.027 -28.7793 1.2687 30.1086 -29.1888 1.40482 29.2066 
-29.6133 1.56641 28.3158 -30.041 1.75811 27.4325 -30.4633 1.97992 26.5537 
-30.867 2.22234 25.6716 -31.2243 2.48636 24.7762 -31.5219 2.77204 23.8659 
-31.738 3.08043 22.9399 -31.9146 3.40135 22.0094 -32.1063 3.74823 21.0916 
-32.329 4.11647 20.189 -32.5421 4.47719 19.2813 -32.7076 4.80655 18.3523 
-32.7824 5.07854 17.3938 -32.7859 5.30661 16.4208 -32.7192 5.49051 15.4405 
-32.6012 5.64244 14.4595 -32.4359 5.76482 13.4811 -32.2434 5.85831 12.5044 
-32.0388 5.90199 11.5269 -31.8492 5.89663 10.5452 -31.6902 5.86021 9.55875 
-31.5394 5.8215 8.57095 -31.3676 5.797 7.58622 -31.1635 5.78674 6.60748 
-30.9285 5.78853 5.63558 -30.6681 5.79888 4.67018 -30.3835 5.81393 3.71172 
-30.0785 5.82661 2.75948 -29.7547 5.83237 1.81342 -29.4167 5.83059 0.87229 
-29.2083 5.82434 0.3097 -28.9283 5.81004 -0.439592 -28.5752 5.79044 -1.37494 
-28.2101 5.76273 -2.30543 -27.8226 5.72126 -3.22625 -27.3847 5.67228 -4.12338 
-26.8752 5.5994 -4.97968 -26.2795 5.48865 -5.77339 -25.6021 5.3288 -6.4899 
-24.8656 5.14242 -7.13903 -24.0693 4.96498 -7.71519 -23.2277 4.82543 -8.23697 
-22.4314 4.58797 -8.75177 -21.9985 3.80153 -9.11257 -21.5937 2.96388 -9.47727 
-21.1909 2.14808 -9.89193 -20.7724 1.38856 -10.3848 -20.316 0.759026 -11.0105 
-19.8558 0.207588 -11.7043 -19.4166 -0.232514 -12.4847 -19.0316 -0.583206 -13.3372 
-18.7687 -0.852877 -14.2615 -18.6028 -1.09832 -15.2157 -18.5123 -1.37982 -16.1707 
-18.4552 -1.7006 -17.1159 -18.4173 -2.05379 -18.0506 -18.3822 -2.43213 -18.9755 
-18.3482 -2.83532 -19.8899 -18.3211 -3.24878 -20.8 -18.3213 -3.66263 -21.7103 
-18.3438 -4.05853 -22.6283 -18.3888 -4.4205 -23.559 -18.4444 -4.73394 -24.5066 
-18.478 -4.98042 -25.4748 -18.4814 -5.17916 -26.4546 -18.4439 -5.34368 -27.4398 
-18.3549 -5.45921 -28.4282 -18.2256 -5.4447 -29.417 -18.1623 -5.27688 -30.3969 
-18.2696 -5.06369 -31.1579 -26.3435 -0.157875 37.2075 -26.5794 -0.096878 36.4456 
-26.8589 -0.0124588 35.4892 -27.1336 0.0716427 34.5314 -27.421 0.147457 33.5765 
-27.7334 0.213898 32.629 -28.072 0.273525 31.6901 -28.4365 0.326373 30.7605 
-28.8325 0.38554 29.8443 -29.2655 0.487668 28.9489 -29.7125 0.625374 28.0653 
-30.1642 0.813164 27.1933 -30.6087 1.03005 26.3242 -31.0216 1.27438 25.447 
-31.3876 1.53686 24.5546 -31.6815 1.82684 23.6447 -31.9034 2.14357 22.7229 
-32.0951 2.48742 21.8037 -32.2913 2.85942 20.8966 -32.4999 3.24999 20 
-32.6888 3.62633 19.0933 -32.8088 3.95724 18.1581 -32.8524 4.24092 17.2013 
-32.8173 4.47594 16.2305 -32.7242 4.67082 15.2545 -32.5874 4.83442 14.2776 
-32.4228 4.97569 13.3015 -32.2394 5.08965 12.3252 -32.055 5.16265 11.3454 
-31.891 5.18898 10.3594 -31.7586 5.18692 9.36837 -31.6369 5.17997 8.37585 
-31.4897 5.18322 7.38693 -31.3003 5.19738 6.40529 -31.0763 5.21856 5.43103 
-30.8208 5.24311 4.46462 -30.5386 5.27345 3.50585 -30.2311 5.3057 2.55487 
-29.9056 5.33222 1.60974 -29.5589 5.35051 0.67198 -29.1996 5.36083 -0.26117 
-28.9086 5.36173 -1.00635 -28.5364 5.35678 -1.93449 -28.1482 5.34329 -2.85589 
-27.7265 5.3163 -3.76186 -27.2404 5.2804 -4.63416 -26.6706 5.21165 -5.45141 
-26.0229 5.10207 -6.20416 -25.3119 4.94236 -6.88833 -24.5633 4.75681 -7.52413 
-23.7586 4.5604 -8.08308 -22.9409 4.31526 -8.60242 -22.2584 3.79168 -9.07228 
-21.7794 3.01464 -9.46614 -21.3591 2.21076 -9.88643 -20.9514 1.42204 -10.3458 
-20.5091 0.732857 -10.9136 -20.0466 0.164807 -11.5919 -19.6006 -0.294683 -12.356 
-19.2085 -0.635521 -13.2081 -18.9311 -0.882365 -14.135 -18.7445 -1.09215 -15.094 
-18.6361 -1.32567 -16.0598 -18.567 -1.602 -17.0181 -18.5213 -1.91967 -17.965 
-18.4796 -2.26648 -18.902 -18.4367 -2.64396 -19.8269 -18.3992 -3.0354 -20.7463 
-18.3813 -3.42884 -21.6654 -18.3907 -3.80907 -22.5901 -18.4185 -4.16017 -23.5259 
-18.4529 -4.47056 -24.4756 -18.4702 -4.71753 -25.444 -18.4567 -4.91303 -26.4243 
-18.3997 -5.06905 -27.41 -18.2913 -5.17311 -28.3978 -18.126 -5.14257 -29.3811 
-18.0255 -4.96744 -30.3569 -18.1396 -4.74754 -31.1122 -26.5741 -0.747169 36.0836 
-26.7978 -0.72036 35.316 -27.0877 -0.713549 34.3591 -27.3992 -0.724102 33.409 
-27.7411 -0.748355 32.4696 -28.1077 -0.775387 31.5397 -28.502 -0.801971 30.6213 
-28.9306 -0.798935 29.7183 -29.3895 -0.710752 28.8351 -29.8611 -0.54092 27.9706 
-30.335 -0.302902 27.1229 -30.7989 -0.0380249 26.2776 -31.2292 0.248914 25.4219 
-31.6134 0.549057 24.5492 -31.9329 0.868621 23.6578 -32.1864 1.21414 22.7546 
-32.4119 1.5926 21.857 -32.6323 1.99195 20.9671 -32.842 2.39277 20.0753 
-33.0125 2.7726 19.1667 -33.1056 3.11279 18.2316 -33.1182 3.41126 17.2785 
-33.0494 3.66026 16.3129 -32.9316 3.86695 15.342 -32.7832 4.0409 14.3685 
-32.6205 4.19461 13.3939 -32.4523 4.32726 12.4172 -32.2885 4.43413 11.4366 
-32.1501 4.50472 10.449 -32.042 4.54522 9.45578 -31.9419 4.57138 8.46118 
-31.8212 4.6025 7.4691 -31.6544 4.64277 6.48413 -31.4482 4.68942 5.50686 
-31.2055 4.73936 4.53815 -30.9366 4.79115 3.57644 -30.641 4.8517 2.62309 
-30.326 4.9143 1.67614 -29.9859 4.96726 0.737255 -29.5546 5.0181 -0.381296 
-29.1846 5.05306 -1.30968 -28.806 5.07528 -2.23494 -28.4071 5.08976 -3.15174 
-27.9645 5.09315 -4.04801 -27.4574 5.08143 -4.90902 -26.8692 5.02992 -5.71489 
-26.2125 4.9236 -6.45994 -25.5148 4.76254 -7.15745 -24.7956 4.56427 -7.82298 
-24.0461 4.31743 -8.43557 -23.2871 3.98098 -8.99063 -22.6081 3.46683 -9.50211 
-22.0603 2.798 -10.0009 -21.6042 2.06762 -10.5087 -21.1558 1.35566 -11.049 
-20.703 0.710597 -11.6585 -20.2345 0.195572 -12.3736 -19.7978 -0.199788 -13.179 
-19.4382 -0.464931 -14.0704 -19.1833 -0.655083 -15.0173 -19.0095 -0.835384 -15.985 
-18.8919 -1.04082 -16.9563 -18.8071 -1.28597 -17.9217 -18.7384 -1.58113 -18.8745 
-18.6703 -1.90932 -19.8166 -18.6062 -2.26042 -20.7506 -18.577 -2.61712 -21.6842 
-18.5762 -2.95982 -22.6236 -18.5953 -3.28405 -23.5693 -18.628 -3.58113 -24.5234 
-18.6393 -3.83162 -25.4909 -18.6024 -4.01544 -26.4726 -18.5201 -4.13578 -27.4613 
-18.3771 -4.15522 -28.4488 -18.1836 -4.04276 -29.4212 -18.14 -3.83743 -30.3086 
-17.8146 -3.51753 -30.6875 -26.3148 -0.478081 37.1062 -26.5501 -0.428759 36.3432 
-26.8303 -0.366134 35.3854 -27.1126 -0.316058 34.4273 -27.4126 -0.276562 33.4743 
-27.7398 -0.248657 32.5298 -28.0905 -0.226398 31.5937 -28.4669 -0.21023 30.6675 
-28.8764 -0.185089 29.7557 -29.3213 -0.102509 28.8644 -29.7837 0.0376282 27.9894 
-30.2498 0.238574 27.1279 -30.7066 0.470905 26.2694 -31.1283 0.729271 25.4004 
-31.4995 1.00462 24.5141 -31.8019 1.30647 23.6103 -32.0433 1.63181 22.6966 
-32.2528 1.99163 21.7876 -32.4607 2.37953 20.8897 -32.6634 2.774 19.9935 
-32.8236 3.14334 19.0788 -32.9132 3.46932 18.1385 -32.9235 3.74934 17.1795 
-32.857 3.98108 16.2094 -32.7442 4.17748 15.2356 -32.5958 4.34373 14.2609 
-32.4286 4.49008 13.2859 -32.2501 4.60564 12.309 -32.0748 4.68781 11.328 
-31.9288 4.7248 10.3397 -31.8136 4.74133 9.34656 -31.7046 4.75726 8.35266 
-31.5717 4.7806 7.36197 -31.3953 4.81155 6.3783 -31.1786 4.84676 5.40285 
-30.9287 4.8819 4.4353 -30.6497 4.9213 3.4759 -30.3428 4.96592 2.5253 
-30.0162 5.00622 1.58104 -29.6658 5.0368 0.644962 -29.2989 5.06015 -0.284975 
-28.9996 5.07035 -1.0268 -28.6164 5.07521 -1.9504 -28.2154 5.07213 -2.86641 
-27.7789 5.05579 -3.76559 -27.2747 5.03019 -4.62773 -26.6875 4.97327 -5.43379 
-26.0212 4.87304 -6.17122 -25.2899 4.72132 -6.83533 -24.5198 4.54859 -7.44881 
-23.7001 4.36922 -7.99167 -22.8681 4.14853 -8.49906 -22.1772 3.65011 -8.96029 
-21.7013 2.86291 -9.3438 -21.2683 2.06922 -9.77011 -20.8478 1.2976 -10.2441 
-20.3882 0.651762 -10.8496 -19.923 0.10453 -11.5439 -19.4757 -0.344043 -12.3151 
-19.0891 -0.685741 -13.1697 -18.8022 -0.952977 -14.0877 -18.6273 -1.18354 -15.0439 
-18.5302 -1.44695 -16.0032 -18.473 -1.75526 -16.9524 -18.4389 -2.09872 -17.8909 
-18.4102 -2.46777 -18.8198 -18.3828 -2.86503 -19.737 -18.3632 -3.27497 -20.6488 
-18.3674 -3.68602 -21.5604 -18.3928 -4.08192 -22.4783 -18.4431 -4.44639 -23.4079 
-18.5068 -4.76717 -24.3526 -18.5524 -5.01752 -25.3192 -18.5716 -5.2209 -26.2979 
-18.5524 -5.39145 -27.2828 -18.4889 -5.52153 -28.2715 -18.3771 -5.52815 -29.2633 
-18.3142 -5.39462 -30.2488 -18.4344 -5.16667 -31.2065 
LINES 202 15951
77 0 1 2 3 4 5 6 7 8 9 10 11 12 13 14 15 16 17 18 19 20 21 22 23 24 25 26 27 28 29 30 31 32 33 34 35 36 37 38 39 40 41 42 43 44 45 46 47 48 49 50 51 52 53 54 55 56 57 58 59 60 61 62 63 64 65 66 67 68 69 70 71 72 73 74 75 76 
79 77 78 79 80 81 82 83 84 85 86 87 88 89 90 91 92 93 94 95 96 97 98 99 100 101 102 103 104 105 106 107 108 109 110 111 112 113 114 115 116 117 118 119 120 121 122 123 124 125 126 127 128 129 130 131 132 133 134 135 136 137 138 139 140 141 142 143 144 145 146 147 148 149 150 151 152 153 154 155 
79 156 157 158 159 160 161 162 163 164 165 166 167 168 169 170 171 172 173 174 175 176 177 178 179 180 181 182 183 184 185 186 187 188 189 190 191 192 193 194 195 196 197 198 199 200 201 202 203 204 205 206 207 208 209 210 211 212 213 214 215 216 217 218 219 220 221 222 223 224 225 226 227 228 229 230 231 232 233 234 
79 235 236 237 238 239 240 241 242 243 244 245 246 247 248 249 250 251 252 253 254 255 256 257 258 259 260 261 262 263 264 265 266 267 268 269 270 271 272 273 274 275 276 277 278 279 280 281 282 283 284 285 286 287 288 289 290 291 292 293 294 295 296 297 298 299 300 301 302 303 304 305 306 307 308 309 310 311 312 313 
79 314 315 316 317 318 319 320 321 322 323 324 325 326 327 328 329 330 331 332 333 334 335 336 337 338 339 340 341 342 343 344 345 346 347 348 349 350 351 352 353 354 355 356 357 358 359 360 361 362 363 364 365 366 367 368 369 370 371 372 373 374 375 376 377 378 379 380 381 382 383 384 385 386 387 388 389 390 391 392 
77 393 394 395 396 397 398 399 400 401 402 403 404 405 406 407 408 409 410 411 412 413 414 415 416 417 418 419 420 421 422 423 424 425 426 427 428 429 430 431 432 433 434 435 436 437 438 439 440 441 442 443 444 445 446 447 448 449 450 451 452 453 454 455 456 457 458 459 460 461 462 463 464 465 466 467 468 469 
78 470 471 472 473 474 475 476 477 478 479 480 481 482 483 484 485 486 487 488 489 490 491 492 493 494 495 496 497 498 499 500 501 502 503 504 505 506 507 508 509 510 511 512 513 514 515 516 517 518 519 520 521 522 523 524 525 526 527 528 529 530 531 532 533 534 535 536 537 538 539 540 541 542 543 544 545 546 547 
79 548 549 550 551 552 553 554 555 556 557 558 559 560 561 562 563 564 565 566 567 568 569 570 571 572 573 574 575 576 577 578 579 580 581 582 583 584 585 586 587 588 589 590 591 592 593 594 595 596 597 598 599 600 601 602 603 604 605 606 607 608 609 610 611 612 613 614 615 616 617 618 619 620 621 622 623 624 625 626 
79 627 628 629 630 631 632 633 634 635 636 637 638 639 640 641 642 643 644 645 646 647 648 649 650 651 652 653 654 655 656 657 658 659 660 661 662 663 664 665 666 667 668 669 670 671 672 673 674 675 676 677 678 679 680 681 682 683 684 685 686 687 688 689 690 691 692 693 694 695 696 697 698 699 700 701 702 703 704 705 
80 706 707 708 709 710 711 712 713 714 715 716 717 718 719 720 721 722 723 724 725 726 727 728 729 730 731 732 733 734 735 736 737 738 739 740 741 742 743 744 745 746 747 748 749 750 751 752 753 754 755 756 757 758 759 760 761 762 763 764 765 766 767 768 769 770 771 772 773 774 775 776 777 778 779 780 781 782 783 784 785 
78 786 787 788 789 790 791 792 793 794 795 796 797 798 799 800 801 802 803 804 805 806 807 808 809 810 811 812 813 814 815 816 817 818 819 820 821 822 823 824 825 826 827 828 829 830 831 832 833 834 835 836 837 838 839 840 841 842 843 844 845 846 847 848 849 850 851 852 853 854 855 856 857 858 859 860 861 862 863 
77 864 865 866 867 868 869 870 871 872 873 874 875 876 877 878 879 880 881 882 883 884 885 886 887 888 889 890 891 892 893 894 895 896 897 898 899 900 901 902 903 904 905 906 907 908 909 910 911 912 913 914 915 916 917 918 919 920 921 922 923 924 925 926 927 928 929 930 931 932 933 934 935 936 937 938 939 940 
79 941 942 943 944 945 946 947 948 949 950 951 952 953 954 955 956 957 958 959 960 961 962 963 964 965 966 967 968 969 970 971 972 973 974 975 976 977 978 979 980 981 982 983 984 985 986 987 988 989 990 991 992 993 994 995 996 997 998 999 1000 1001 1002 1003 1004 1005 1006 1007 1008 1009 1010 1011 1012 1013 1014 1015 1016 1017 1018 1019 
76 1020 1021 1022 1023 1024 1025 1026 1027 1028 1029 1030 1031 1032 1033 1034 1035 1036 1037 1038 1039 1040 1041 1042 1043 1044 1045 1046 1047 1048 1049 1050 1051 1052 1053 1054 1055 1056 1057 1058 1059 1060 1061 1062 1063 1064 1065 1066 1067 1068 1069 1070 1071 1072 1073 1074 1075 1076 1077 1078 1079 1080 1081 1082 1083 1084 1085 1086 1087 1088 1089 1090 1091 1092 1093 1094 1095 
78 1096 1097 1098 1099 1100 1101 1102 1103 1104 1105 1106 1107 1108 1109 1110 1111 1112 1113 1114 1115 1116 1117 1118 1119 1120 1121 1122 1123 1124 1125 1126 1127 1128 1129 1130 1131 1132 1133 1134 1135 1136 1137 1138 1139 1140 1141 1142 1143 1144 1145 1146 1147 1148 1149 1150 1151 1152 1153 1154 1155 1156 1157 1158 1159 1160 1161 1162 1163 1164 1165 1166 1167 1168 1169 1170 1171 1172 1173 
77 1174 1175 1176 1177 1178 1179 1180 1181 1182 1183 1184 1185 1186 1187 1188 1189 1190 1191 1192 1193 1194 1195 1196 1197 1198 1199 1200 1201 1202 1203 1204 1205 1206 1207 1208 1209 1210 1211 1212 1213 1214 1215 1216 1217 1218 1219 1220 1221 1222 1223 1224 1225 1226 1227 1228 1229 1230 1231 1232 1233 1234 1235 1236 1237 1238 1239 1240 1241 1242 1243 1244 1245 1246 1247 1248 1249 1250 
79 1251 1252 1253 1254 1255 1256 1257 1258 1259 1260 1261 1262 1263 1264 1265 1266 1267 1268 1269 1270 1271 1272 1273 1274 1275 1276 1277 1278 1279 1280 1281 1282 1283 1284 1285 1286 1287 1288 1289 1290 1291 1292 1293 1294 1295 1296 1297 1298 1299 1300 1301 1302 1303 1304 1305 1306 1307 1308 1309 1310 1311 1312 1313 1314 1315 1316 1317 1318 1319 1320 1321 1322 1323 1324 1325 1326 1327 1328 1329 
79 1330 1331 1332 1333 1334 1335 1336 1337 1338 1339 1340 1341 1342 1343 1344 1345 1346 1347 1348 1349 1350 1351 1352 1353 1354 1355 1356 1357 1358 1359 1360 1361 1362 1363 1364 1365 1366 1367 1368 1369 1370 1371 1372 1373 1374 1375 1376 1377 1378 1379 1380 1381 1382 1383 1384 1385 1386 1387 1388 1389 1390 1391 1392 1393 1394 1395 1396 1397 1398 1399 1400 1401 1402 1403 1404 1405 1406 1407 1408 
78 1409 1410 1411 1412 1413 1414 1415 1416 1417 1418 1419 1420 1421 1422 1423 1424 1425 1426 1427 1428 1429 1430 1431 1432 1433 1434 1435 1436 1437 1438 1439 1440 1441 1442 1443 1444 1445 1446 1447 1448 1449 1450 1451 1452 1453 1454 1455 1456 1457 1458 1459 1460 1461 1462 1463 1464 1465 1466 1467 1468 1469 1470 1471 1472 1473 1474 1475 1476 1477 1478 1479 1480 1481 1482 1483 1484 1485 1486 
78 1487 1488 1489 1490 1491 1492 1493 1494 1495 1496 1497 1498 1499 1500 1501 1502 1503 1504 1505 1506 1507 1508 1509 1510 1511 1512 1513 1514 1515 1516 1517 1518 1519 1520 1521 1522 1523 1524 1525 1526 1527 1528 1529 1530 1531 1532 1533 1534 1535 1536 1537 1538 1539 1540 1541 1542 1543 1544 1545 1546 1547 1548 1549 1550 1551 1552 1553 1554 1555 1556 1557 1558 1559 1560 1561 1562 1563 1564 
78 1565 1566 1567 1568 1569 1570 1571 1572 1573 1574 1575 1576 1577 1578 1579 1580 1581 1582 1583 1584 1585 1586 1587 1588 1589 1590 1591 1592 1593 1594 1595 1596 1597 1598 1599 1600 1601 1602 1603 1604 1605 1606 1607 1608 1609 1610 1611 1612 1613 1614 1615 1616 1617 1618 1619 1620 1621 1622 1623 1624 1625 1626 1627 1628 1629 1630 1631 1632 1633 1634 1635 1636 1637 1638 1639 1640 1641 1642 
78 1643 1644 1645 1646 1647 1648 1649 1650 1651 1652 1653 1654 1655 1656 1657 1658 1659 1660 1661 1662 1663 1664 1665 1666 1667 1668 1669 1670 1671 1672 1673 1674 1675 1676 1677 1678 1679 1680 1681 1682 1683 1684 1685 1686 1687 1688 1689 1690 1691 1692 1693 1694 1695 1696 1697 1698 1699 1700 1701 1702 1703 1704 1705 1706 1707 1708 1709 1710 1711 1712 1713 1714 1715 1716 1717 1718 1719 1720 
78 1721 1722 1723 1724 1725 1726 1727 1728 1729 1730 1731 1732 1733 1734 1735 1736 1737 1738 1739 1740 1741 1742 1743 1744 1745 1746 1747 1748 1749 1750 1751 1752 1753 1754 1755 1756 1757 1758 1759 1760 1761 1762 1763 1764 1765 1766 1767 1768 1769 1770 1771 1772 1773 1774 1775 1776 1777 1778 1779 1780 1781 1782 1783 1784 1785 1786 1787 1788 1789 1790 1791 1792 1793 1794 1795 1796 1797 1798 
78 1799 1800 1801 1802 1803 1804 1805 1806 1807 1808 1809 1810 1811 1812 1813 1814 1815 1816 1817 1818 1819 1820 1821 1822 1823 1824 1825 1826 1827 1828 1829 1830 1831 1832 1833 1834 1835 1836 1837 1838 1839 1840 1841 1842 1843 1844 1845 1846 1847 1848 1849 1850 1851 1852 1853 1854 1855 1856 1857 1858 1859 1860 1861 1862 1863 1864 1865 1866 1867 1868 1869 1870 1871 1872 1873 1874 1875 1876 
78 1877 1878 1879 1880 1881 1882 1883 1884 1885 1886 1887 1888 1889 1890 1891 1892 1893 1894 1895 1896 1897 1898 1899 1900 1901 1902 1903 1904 1905 1906 1907 1908 1909 1910 1911 1912 1913 1914 1915 1916 1917 1918 1919 1920 1921 1922 1923 1924 1925 1926 1927 1928 1929 1930 1931 1932 1933 1934 1935 1936 1937 1938 1939 1940 1941 1942 1943 1944 1945 1946 1947 1948 1949 1950 1951 1952 1953 1954 
79 1955 1956 1957 1958 1959 1960 1961 1962 1963 1964 1965 1966 1967 1968 1969 1970 1971 1972 1973 1974 1975 1976 1977 1978 1979 1980 1981 1982 1983 1984 1985 1986 1987 1988 1989 1990 1991 1992 1993 1994 1995 1996 1997 1998 1999 2000 2001 2002 2003 2004 2005 2006 2007 2008 2009 2010 2011 2012 2013 2014 2015 2016 2017 2018 2019 2020 2021 2022 2023 2024 2025 2026 2027 2028 2029 2030 2031 2032 2033 
79 2034 2035 2036 2037 2038 2039 2040 2041 2042 2043 2044 2045 2046 2047 2048 2049 2050 2051 2052 2053 2054 2055 2056 2057 2058 2059 2060 2061 2062 2063 2064 2065 2066 2067 2068 2069 2070 2071 2072 2073 2074 2075 2076 2077 2078 2079 2080 2081 2082 2083 2084 2085 2086 2087 2088 2089 2090 2091 2092 2093 2094 2095 2096 2097 2098 2099 2100 2101 2102 2103 2104 2105 2106 2107 2108 2109 2110 2111 2112 
76 2113 2114 2115 2116 2117 2118 2119 2120 2121 2122 2123 2124 2125 2126 2127 2128 2129 2130 2131 2132 2133 2134 2135 2136 2137 2138 2139 2140 2141 2142 2143 2144 2145 2146 2147 2148 2149 2150 2151 2152 2153 2154 2155 2156 2157 2158 2159 2160 2161 2162 2163 2164 2165 2166 2167 2168 2169 2170 2171 2172 2173 2174 2175 2176 2177 2178 2179 2180 2181 2182 2183 2184 2185 2186 2187 2188 
79 2189 2190 2191 2192 2193 2194 2195 2196 2197 2198 2199 2200 2201 2202 2203 2204 2205 2206 2207 2208 2209 2210 2211 2212 2213 2214 2215 2216 2217 2218 2219 2220 2221 2222 2223 2224 2225 2226 2227 2228 2229 2230 2231 2232 2233 2234 2235 2236 2237 2238 2239 2240 2241 2242 2243 2244 2245 2246 2247 2248 2249 2250 2251 2252 2253 2254 2255 2256 2257 2258 2259 2260 2261 2262 2263 2264 2265 2266 2267 
79 2268 2269 2270 2271 2272 2273 2274 2275 2276 2277 2278 2279 2280 2281 2282 2283 2284 2285 2286 2287 2288 2289 2290 2291 2292 2293 2294 2295 2296 2297 2298 2299 2300 2301 2302 2303 2304 2305 2306 2307 2308 2309 2310 2311 2312 2313 2314 2315 2316 2317 2318 2319 2320 2321 2322 2323 2324 2325 2326 2327 2328 2329 2330 2331 2332 2333 2334 2335 2336 2337 2338 2339 2340 2341 2342 2343 2344 2345 2346 
77 2347 2348 2349 2350 2351 2352 2353 2354 2355 2356 2357 2358 2359 2360 2361 2362 2363 2364 2365 2366 2367 2368 2369 2370 2371 2372 2373 2374 2375 2376 2377 2378 2379 2380 2381 2382 2383 2384 2385 2386 2387 2388 2389 2390 2391 2392 2393 2394 2395 2396 2397 2398 2399 2400 2401 2402 2403 2404 2405 2406 2407 2408 2409 2410 2411 2412 2413 2414 2415 2416 2417 2418 2419 2420 2421 2422 2423 
79 2424 2425 2426 2427 2428 2429 2430 2431 2432 2433 2434 2435 2436 2437 2438 2439 2440 2441 2442 2443 2444 2445 2446 2447 2448 2449 2450 2451 2452 2453 2454 2455 2456 2457 2458 2459 2460 2461 2462 2463 2464 2465 2466 2467 2468 2469 2470 2471 2472 2473 2474 2475 2476 2477 2478 2479 2480 2481 2482 2483 2484 2485 2486 2487 2488 2489 2490 2491 2492 2493 2494 2495 2496 2497 2498 2499 2500 2501 2502 
79 2503 2504 2505 2506 2507 2508 2509 2510 2511 2512 2513 2514 2515 2516 2517 2518 2519 2520 2521 2522 2523 2524 2525 2526 2527 2528 2529 2530 2531 2532 2533 2534 2535 2536 2537 2538 2539 2540 2541 2542 2543 2544 2545 2546 2547 2548 2549 2550 2551 2552 2553 2554 2555 2556 2557 2558 2559 2560 2561 2562 2563 2564 2565 2566 2567 2568 2569 2570 2571 2572 2573 2574 2575 2576 2577 2578 2579 2580 2581 
77 2582 2583 2584 2585 2586 2587 2588 2589 2590 2591 2592 2593 2594 2595 2596 2597 2598 2599 2600 2601 2602 2603 2604 2605 2606 2607 2608 2609 2610 2611 2612 2613 2614 2615 2616 2617 2618 2619 2620 2621 2622 2623 2624 2625 2626 2627 2628 2629 2630 2631 2632 2633 2634 2635 2636 2637 2638 2639 2640 2641 2642 2643 2644 2645 2646 2647 2648 2649 2650 2651 2652 2653 2654 2655 2656 2657 2658 
76 2659 2660 2661 2662 2663 2664 2665 2666 2667 2668 2669 2670 2671 2672 2673 2674 2675 2676 2677 2678 2679 2680 2681 2682 2683 2684 2685 2686 2687 2688 2689 2690 2691 2692 2693 2694 2695 2696 2697 2698 2699 2700 2701 2702 2703 2704 2705 2706 2707 2708 2709 2710 2711 2712 2713 2714 2715 2716 2717 2718 2719 2720 2721 2722 2723 2724 2725 2726 2727 2728 2729 2730 2731 2732 2733 2734 
79 2735 2736 2737 2738 2739 2740 2741 2742 2743 2744 2745 2746 2747 2748 2749 2750 2751 2752 2753 2754 2755 2756 2757 2758 2759 2760 2761 2762 2763 2764 2765 2766 2767 2768 2769 2770 2771 2772 2773 2774 2775 2776 2777 2778 2779 2780 2781 2782 2783 2784 2785 2786 2787 2788 2789 2790 2791 2792 2793 2794 2795 2796 2797 2798 2799 2800 2801 2802 2803 2804 2805 2806 2807 2808 2809 2810 2811 2812 2813 
79 2814 2815 2816 2817 2818 2819 2820 2821 2822 2823 2824 2825 2826 2827 2828 2829 2830 2831 2832 2833 2834 2835 2836 2837 2838 2839 2840 2841 2842 2843 2844 2845 2846 2847 2848 2849 2850 2851 2852 2853 2854 2855 2856 2857 2858 2859 2860 2861 2862 2863 2864 2865 2866 2867 2868 2869 2870 2871 2872 2873 2874 2875 2876 2877 2878 2879 2880 2881 2882 2883 2884 2885 2886 2887 2888 2889 2890 2891 2892 
78 2893 2894 2895 2896 2897 2898 2899 2900 2901 2902 2903 2904 2905 2906 2907 2908 2909 2910 2911 2912 2913 2914 2915 2916 2917 2918 2919 2920 2921 2922 2923 2924 2925 2926 2927 2928 2929 2930 2931 2932 2933 2934 2935 2936 2937 2938 2939 2940 2941 2942 2943 2944 2945 2946 2947 2948 2949 2950 2951 2952 2953 2954 2955 2956 2957 2958 2959 2960 2961 2962 2963 2964 2965 2966 2967 2968 2969 2970 
77 2971 2972 2973 2974 2975 2976 2977 2978 2979 2980 2981 2982 2983 2984 2985 2986 2987 2988 2989 2990 2991 2992 2993 2994 2995 2996 2997 2998 2999 3000 3001 3002 3003 3004 3005 3006 3007 3008 3009 3010 3011 3012 3013 3014 3015 3016 3017 3018 3019 3020 3021 3022 3023 3024 3025 3026 3027 3028 3029 3030 3031 3032 3033 3034 3035 3036 3037 3038 3039 3040 3041 3042 3043 3044 3045 3046 3047 
77 3048 3049 3050 3051 3052 3053 3054 3055 3056 3057 3058 3059 3060 3061 3062 3063 3064 3065 3066 3067 3068 3069 3070 3071 3072 3073 3074 3075 3076 3077 3078 3079 3080 3081 3082 3083 3084 3085 3086 3087 3088 3089 3090 3091 3092 3093 3094 3095 3096 3097 3098 3099 3100 3101 3102 3103 3104 3105 3106 3107 3108 3109 3110 3111 3112 3113 3114 3115 3116 3117 3118 3119 3120 3121 3122 3123 3124 
78 3125 3126 3127 3128 3129 3130 3131 3132 3133 3134 3135 3136 3137 3138 3139 3140 3141 3142 3143 3144 3145 3146 3147 3148 3149 3150 3151 3152 3153 3154 3155 3156 3157 3158 3159 3160 3161 3162 3163 3164 3165 3166 3167 3168 3169 3170 3171 3172 3173 3174 3175 3176 3177 3178 3179 3180 3181 3182 3183 3184 3185 3186 3187 3188 3189 3190 3191 3192 3193 3194 3195 3196 3197 3198 3199 3200 3201 3202 
78 3203 3204 3205 3206 3207 3208 3209 3210 3211 3212 3213 3214 3215 3216 3217 3218 3219 3220 3221 3222 3223 3224 3225 3226 3227 3228 3229 3230 3231 3232 3233 3234 3235 3236 3237 3238 3239 3240 3241 3242 3243 3244 3245 3246 3247 3248 3249 3250 3251 3252 3253 3254 3255 3256 3257 3258 3259 3260 3261 3262 3263 3264 3265 3266 3267 3268 3269 3270 3271 3272 3273 3274 3275 3276 3277 3278 3279 3280 
77 3281 3282 3283 3284 3285 3286 3287 3288 3289 3290 3291 3292 3293 3294 3295 3296 3297 3298 3299 3300 3301 3302 3303 3304 3305 3306 3307 3308 3309 3310 3311 3312 3313 3314 3315 3316 3317 3318 3319 3320 3321 3322 3323 3324 3325 3326 3327 3328 3329 3330 3331 3332 3333 3334 3335 3336 3337 3338 3339 3340 3341 3342 3343 3344 3345 3346 3347 3348 3349 3350 3351 3352 3353 3354 3355 3356 3357 
78 3358 3359 3360 3361 3362 3363 3364 3365 3366 3367 3368 3369 3370 3371 3372 3373 3374 3375 3376 3377 3378 3379 3380 3381 3382 3383 3384 3385 3386 3387 3388 3389 3390 3391 3392 3393 3394 3395 3396 3397 3398 3399 3400 3401 3402 3403 3404 3405 3406 3407 3408 3409 3410 3411 3412 3413 3414 3415 3416 3417 3418 3419 3420 3421 3422 3423 3424 3425 3426 3427 3428 3429 3430 3431 3432 3433 3434 3435 
77 3436 3437 3438 3439 3440 3441 3442 3443 3444 3445 3446 3447 3448 3449 3450 3451 3452 3453 3454 3455 3456 3457 3458 3459 3460 3461 3462 3463 3464 3465 3466 3467 3468 3469 3470 3471 3472 3473 3474 3475 3476 3477 3478 3479 3480 3481 3482 3483 3484 3485 3486 3487 3488 3489 3490 3491 3492 3493 3494 3495 3496 3497 3498 3499 3500 3501 3502 3503 3504 3505 3506 3507 3508 3509 3510 3511 3512 
78 3513 3514 3515 3516 3517 3518 3519 3520 3521 3522 3523 3524 3525 3526 3527 3528 3529 3530 3531 3532 3533 3534 3535 3536 3537 3538 3539 3540 3541 3542 3543 3544 3545 3546 3547 3548 3549 3550 3551 3552 3553 3554 3555 3556 3557 3558 3559 3560 3561 3562 3563 3564 3565 3566 3567 3568 3569 3570 3571 3572 3573 3574 3575 3576 3577 3578 3579 3580 3581 3582 3583 3584 3585 3586 3587 3588 3589 3590 
77 3591 3592 3593 3594 3595 3596 3597 3598 3599 3600 3601 3602 3603 3604 3605 3606 3607 3608 3609 3610 3611 3612 3613 3614 3615 3616 3617 3618 3619 3620 3621 3622 3623 3624 3625 3626 3627 3628 3629 3630 3631 3632 3633 3634 3635 3636 3637 3638 3639 3640 3641 3642 3643 3644 3645 3646 3647 3648 3649 3650 3651 3652 3653 3654 3655 3656 3657 3658 3659 3660 3661 3662 3663 3664 3665 3666 3667 
79 3668 3669 3670 3671 3672 3673 3674 3675 3676 3677 3678 3679 3680 3681 3682 3683 3684 3685 3686 3687 3688 3689 3690 3691 3692 3693 3694 3695 3696 3697 3698 3699 3700 3701 3702 3703 3704 3705 3706 3707 3708 3709 3710 3711 3712 3713 3714 3715 3716 3717 3718 3719 3720 3721 3722 3723 3724 3725 3726 3727 3728 3729 3730 3731 3732 3733 3734 3735 3736 3737 3738 3739 3740 3741 3742 3743 3744 3745 3746 
77 3747 3748 3749 3750 3751 3752 3753 3754 3755 3756 3757 3758 3759 3760 3761 3762 3763 3764 3765 3766 3767 3768 3769 3770 3771 3772 3773 3774 3775 3776 3777 3778 3779 3780 3781 3782 3783 3784 3785 3786 3787 3788 3789 3790 3791 3792 3793 3794 3795 3796 3797 3798 3799 3800 3801 3802 3803 3804 3805 3806 3807 3808 3809 3810 3811 3812 3813 3814 3815 3816 3817 3818 3819 3820 3821 3822 3823 
79 3824 3825 3826 3827 3828 3829 3830 3831 3832 3833 3834 3835 3836 3837 3838 3839 3840 3841 3842 3843 3844 3845 3846 3847 3848 3849 3850 3851 3852 3853 3854 3855 3856 3857 3858 3859 3860 3861 3862 3863 3864 3865 3866 3867 3868 3869 3870 3871 3872 3873 3874 3875 3876 3877 3878 3879 3880 3881 3882 3883 3884 3885 3886 3887 3888 3889 3890 3891 3892 3893 3894 3895 3896 3897 3898 3899 3900 3901 3902 
79 3903 3904 3905 3906 3907 3908 3909 3910 3911 3912 3913 3914 3915 3916 3917 3918 3919 3920 3921 3922 3923 3924 3925 3926 3927 3928 3929 3930 3931 3932 3933 3934 3935 3936 3937 3938 3939 3940 3941 3942 3943 3944 3945 3946 3947 3948 3949 3950 3951 3952 3953 3954 3955 3956 3957 3958 3959 3960 3961 3962 3963 3964 3965 3966 3967 3968 3969 3970 3971 3972 3973 3974 3975 3976 3977 3978 3979 3980 3981 
79 3982 3983 3984 3985 3986 3987 3988 3989 3990 3991 3992 3993 3994 3995 3996 3997 3998 3999 4000 4001 4002 4003 4004 4005 4006 4007 4008 4009 4010 4011 4012 4013 4014 4015 4016 4017 4018 4019 4020 4021 4022 4023 4024 4025 4026 4027 4028 4029 4030 4031 4032 4033 4034 4035 4036 4037 4038 4039 4040 4041 4042 4043 4044 4045 4046 4047 4048 4049 4050 4051 4052 4053 4054 4055 4056 4057 4058 4059 4060 
78 4061 4062 4063 4064 4065 4066 4067 4068 4069 4070 4071 4072 4073 4074 4075 4076 4077 4078 4079 4080 4081 4082 4083 4084 4085 4086 4087 4088 4089 4090 4091 4092 4093 4094 4095 4096 4097 4098 4099 4100 4101 4102 4103 4104 4105 4106 4107 4108 4109 4110 4111 4112 4113 4114 4115 4116 4117 4118 4119 4120 4121 4122 4123 4124 4125 4126 4127 4128 4129 4130 4131 4132 4133 4134 4135 4136 4137 4138 
78 4139 4140 4141 4142 4143 4144 4145 4146 4147 4148 4149 4150 4151 4152 4153 4154 4155 4156 4157 4158 4159 4160 4161 4162 4163 4164 4165 4166 4167 4168 4169 4170 4171 4172 4173 4174 4175 4176 4177 4178 4179 4180 4181 4182 4183 4184 4185 4186 4187 4188 4189 4190 4191 4192 4193 4194 4195 4196 4197 4198 4199 4200 4201 4202 4203 4204 4205 4206 4207 4208 4209 4210 4211 4212 4213 4214 4215 4216 
78 4217 4218 4219 4220 4221 4222 4223 4224 4225 4226 4227 4228 4229 4230 4231 4232 4233 4234 4235 4236 4237 4238 4239 4240 4241 4242 4243 4244 4245 4246 4247 4248 4249 4250 4251 4252 4253 4254 4255 4256 4257 4258 4259 4260 4261 4262 4263 4264 4265 4266 4267 4268 4269 4270 4271 4272 4273 4274 4275 4276 4277 4278 4279 4280 4281 4282 4283 4284 4285 4286 4287 4288 4289 4290 4291 4292 4293 4294 
78 4295 4296 4297 4298 4299 4300 4301 4302 4303 4304 4305 4306 4307 4308 4309 4310 4311 4312 4313 4314 4315 4316 4317 4318 4319 4320 4321 4322 4323 4324 4325 4326 4327 4328 4329 4330 4331 4332 4333 4334 4335 4336 4337 4338 4339 4340 4341 4342 4343 4344 4345 4346 4347 4348 4349 4350 4351 4352 4353 4354 4355 4356 4357 4358 4359 4360 4361 4362 4363 4364 4365 4366 4367 4368 4369 4370 4371 4372 
77 4373 4374 4375 4376 4377 4378 4379 4380 4381 4382 4383 4384 4385 4386 4387 4388 4389 4390 4391 4392 4393 4394 4395 4396 4397 4398 4399 4400 4401 4402 4403 4404 4405 4406 4407 4408 4409 4410 4411 4412 4413 4414 4415 4416 4417 4418 4419 4420 4421 4422 4423 4424 4425 4426 4427 4428 4429 4430 4431 4432 4433 4434 4435 4436 4437 4438 4439 4440 4441 4442 4443 4444 4445 4446 4447 4448 4449 
79 4450 4451 4452 4453 4454 4455 4456 4457 4458 4459 4460 4461 4462 4463 4464 4465 4466 4467 4468 4469 4470 4471 4472 4473 4474 4475 4476 4477 4478 4479 4480 4481 4482 4483 4484 4485 4486 4487 4488 4489 4490 4491 4492 4493 4494 4495 4496 4497 4498 4499 4500 4501 4502 4503 4504 4505 4506 4507 4508 4509 4510 4511 4512 4513 4514 4515 4516 4517 4518 4519 4520 4521 4522 4523 4524 4525 4526 4527 4528 
78 4529 4530 4531 4532 4533 4534 4535 4536 4537 4538 4539 4540 4541 4542 4543 4544 4545 4546 4547 4548 4549 4550 4551 4552 4553 4554 4555 4556 4557 4558 4559 4560 4561 4562 4563 4564 4565 4566 4567 4568 4569 4570 4571 4572 4573 4574 4575 4576 4577 4578 4579 4580 4581 4582 4583 4584 4585 4586 4587 4588 4589 4590 4591 4592 4593 4594 4595 4596 4597 4598 4599 4600 4601 4602 4603 4604 4605 4606 
79 4607 4608 4609 4610 4611 4612 4613 4614 4615 4616 4617 4618 4619 4620 4621 4622 4623 4624 4625 4626 4627 4628 4629 4630 4631 4632 4633 4634 4635 4636 4637 4638 4639 4640 4641 4642 4643 4644 4645 4646 4647 4648 4649 4650 4651 4652 4653 4654 4655 4656 4657 4658 4659 4660 4661 4662 4663 4664 4665 4666 4667 4668 4669 4670 4671 4672 4673 4674 4675 4676 4677 4678 4679 4680 4681 4682 4683 4684 4685 
77 4686 4687 4688 4689 4690 4691 4692 4693 4694 4695 4696 4697 4698 4699 4700 4701 4702 4703 4704 4705 4706 4707 4708 4709 4710 4711 4712 4713 4714 4715 4716 4717 4718 4719 4720 4721 4722 4723 4724 4725 4726 4727 4728 4729 4730 4731 4732 4733 4734 4735 4736 4737 4738 4739 4740 4741 4742 4743 4744 4745 4746 4747 4748 4749 4750 4751 4752 4753 4754 4755 4756 4757 4758 4759 4760 4761 4762 
79 4763 4764 4765 4766 4767 4768 4769 4770 4771 4772 4773 4774 4775 4776 4777 4778 4779 4780 4781 4782 4783 4784 4785 4786 4787 4788 4789 4790 4791 4792 4793 4794 4795 4796 4797 4798 4799 4800 4801 4802 4803 4804 4805 4806 4807 4808 4809 4810 4811 4812 4813 4814 4815 4816 4817 4818 4819 4820 4821 4822 4823 4824 4825 4826 4827 4828 4829 4830 4831 4832 4833 4834 4835 4836 4837 4838 4839 4840 4841 
77 4842 4843 4844 4845 4846 4847 4848 4849 4850 4851 4852 4853 4854 4855 4856 4857 4858 4859 4860 4861 4862 4863 4864 4865 4866 4867 4868 4869 4870 4871 4872 4873 4874 4875 4876 4877 4878 4879 4880 4881 4882 4883 4884 4885 4886 4887 4888 4889 4890 4891 4892 4893 4894 4895 4896 4897 4898 4899 4900 4901 4902 4903 4904 4905 4906 4907 4908 4909 4910 4911 4912 4913 4914 4915 4916 4917 4918 
78 4919 4920 4921 4922 4923 4924 4925 4926 4927 4928 4929 4930 4931 4932 4933 4934 4935 4936 4937 4938 4939 4940 4941 4942 4943 4944 4945 4946 4947 4948 4949 4950 4951 4952 4953 4954 4955 4956 4957 4958 4959 4960 4961 4962 4963 4964 4965 4966 4967 4968 4969 4970 4971 4972 4973 4974 4975 4976 4977 4978 4979 4980 4981 4982 4983 4984 4985 4986 4987 4988 4989 4990 4991 4992 4993 4994 4995 4996 
79 4997 4998 4999 5000 5001 5002 5003 5004 5005 5006 5007 5008 5009 5010 5011 5012 5013 5014 5015 5016 5017 5018 5019 5020 5021 5022 5023 5024 5025 5026 5027 5028 5029 5030 5031 5032 5033 5034 5035 5036 5037 5038 5039 5040 5041 5042 5043 5044 5045 5046 5047 5048 5049 5050 5051 5052 5053 5054 5055 5056 5057 5058 5059 5060 5061 5062 5063 5064 5065 5066 5067 5068 5069 5070 5071 5072 5073 5074 5075 
77 5076 5077 5078 5079 5080 5081 5082 5083 5084 5085 5086 5087 5088 5089 5090 5091 5092 5093 5094 5095 5096 5097 5098 5099 5100 5101 5102 5103 5104 5105 5106 5107 5108 5109 5110 5111 5112 5113 5114 5115 5116 5117 5118 5119 5120 5121 5122 5123 5124 5125 5126 5127 5128 5129 5130 5131 5132 5133 5134 5135 5136 5137 5138 5139 5140 5141 5142 5143 5144 5145 5146 5147 5148 5149 5150 5151 5152 
77 5153 5154 5155 5156 5157 5158 5159 5160 5161 5162 5163 5164 5165 5166 5167 5168 5169 5170 5171 5172 5173 5174 5175 5176 5177 5178 5179 5180 5181 5182 5183 5184 5185 5186 5187 5188 5189 5190 5191 5192 5193 5194 5195 5196 5197 5198 5199 5200 5201 5202 5203 5204 5205 5206 5207 5208 5209 5210 5211 5212 5213 5214 5215 5216 5217 5218 5219 5220 5221 5222 5223 5224 5225 5226 5227 5228 5229 
79 5230 5231 5232 5233 5234 5235 5236 5237 5238 5239 5240 5241 5242 5243 5244 5245 5246 5247 5248 5249 5250 5251 5252 5253 5254 5255 5256 5257 5258 5259 5260 5261 5262 5263 5264 5265 5266 5267 5268 5269 5270 5271 5272 5273 5274 5275 5276 5277 5278 5279 5280 5281 5282 5283 5284 5285 5286 5287 5288 5289 5290 5291 5292 5293 5294 5295 5296 5297 5298 5299 5300 5301 5302 5303 5304 5305 5306 5307 5308 
77 5309 5310 5311 5312 5313 5314 5315 5316 5317 5318 5319 5320 5321 5322 5323 5324 5325 5326 5327 5328 5329 5330 5331 5332 5333 5334 5335 5336 5337 5338 5339 5340 5341 5342 5343 5344 5345 5346 5347 5348 5349 5350 5351 5352 5353 5354 5355 5356 5357 5358 5359 5360 5361 5362 5363 5364 5365 5366 5367 5368 5369 5370 5371 5372 5373 5374 5375 5376 5377 5378 5379 5380 5381 5382 5383 5384 5385 
77 5386 5387 5388 5389 5390 5391 5392 5393 5394 5395 5396 5397 5398 5399 5400 5401 5402 5403 5404 5405 5406 5407 5408 5409 5410 5411 5412 5413 5414 5415 5416 5417 5418 5419 5420 5421 5422 5423 5424 5425 5426 5427 5428 5429 5430 5431 5432 5433 5434 5435 5436 5437 5438 5439 5440 5441 5442 5443 5444 5445 5446 5447 5448 5449 5450 5451 5452 5453 5454 5455 5456 5457 5458 5459 5460 5461 5462 
76 5463 5464 5465 5466 5467 5468 5469 5470 5471 5472 5473 5474 5475 5476 5477 5478 5479 5480 5481 5482 5483 5484 5485 5486 5487 5488 5489 5490 5491 5492 5493 5494 5495 5496 5497 5498 5499 5500 5501 5502 5503 5504 5505 5506 5507 5508 5509 5510 5511 5512 5513 5514 5515 5516 5517 5518 5519 5520 5521 5522 5523 5524 5525 5526 5527 5528 5529 5530 5531 5532 5533 5534 5535 5536 5537 5538 
79 5539 5540 5541 5542 5543 5544 5545 5546 5547 5548 5549 5550 5551 5552 5553 5554 5555 5556 5557 5558 5559 5560 5561 5562 5563 5564 5565 5566 5567 5568 5569 5570 5571 5572 5573 5574 5575 5576 5577 5578 5579 5580 5581 5582 5583 5584 5585 5586 5587 5588 5589 5590 5591 5592 5593 5594 5595 5596 5597 5598 5599 5600 5601 5602 5603 5604 5605 5606 5607 5608 5609 5610 5611 5612 5613 5614 5615 5616 5617 
77 5618 5619 5620 5621 5622 5623 5624 5625 5626 5627 5628 5629 5630 5631 5632 5633 5634 5635 5636 5637 5638 5639 5640 5641 5642 5643 5644 5645 5646 5647 5648 5649 5650 5651 5652 5653 5654 5655 5656 5657 5658 5659 5660 5661 5662 5663 5664 5665 5666 5667 5668 5669 5670 5671 5672 5673 5674 5675 5676 5677 5678 5679 5680 5681 5682 5683 5684 5685 5686 5687 5688 5689 5690 5691 5692 5693 5694 
80 5695 5696 5697 5698 5699 5700 5701 5702 5703 5704 5705 5706 5707 5708 5709 5710 5711 5712 5713 5714 5715 5716 5717 5718 5719 5720 5721 5722 5723 5724 5725 5726 5727 5728 5729 5730 5731 5732 5733 5734 5735 5736 5737 5738 5739 5740 5741 5742 5743 5744 5745 5746 5747 5748 5749 5750 5751 5752 5753 5754 5755 5756 5757 5758 5759 5760 5761 5762 5763 5764 5765 5766 5767 5768 5769 5770 5771 5772 5773 5774 
78 5775 5776 5777 5778 5779 5780 5781 5782 5783 5784 5785 5786 5787 5788 5789 5790 5791 5792 5793 5794 5795 5796 5797 5798 5799 5800 5801 5802 5803 5804 5805 5806 5807 5808 5809 5810 5811 5812 5813 5814 5815 5816 5817 5818 5819 5820 5821 5822 5823 5824 5825 5826 5827 5828 5829 5830 5831 5832 5833 5834 5835 5836 5837 5838 5839 5840 5841 5842 5843 5844 5845 5846 5847 5848 5849 5850 5851 5852 
77 5853 5854 5855 5856 5857 5858 5859 5860 5861 5862 5863 5864 5865 5866 5867 5868 5869 5870 5871 5872 5873 5874 5875 5876 5877 5878 5879 5880 5881 5882 5883 5884 5885 5886 5887 5888 5889 5890 5891 5892 5893 5894 5895 5896 5897 5898 5899 5900 5901 5902 5903 5904 5905 5906 5907 5908 5909 5910 5911 5912 5913 5914 5915 5916 5917 5918 5919 5920 5921 5922 5923 5924 5925 5926 5927 5928 5929 
77 5930 5931 5932 5933 5934 5935 5936 5937 5938 5939 5940 5941 5942 5943 5944 5945 5946 5947 5948 5949 5950 5951 5952 5953 5954 5955 5956 5957 5958 5959 5960 5961 5962 5963 5964 5965 5966 5967 5968 5969 5970 5971 5972 5973 5974 5975 5976 5977 5978 5979 5980 5981 5982 5983 5984 5985 5986 5987 5988 5989 5990 5991 5992 5993 5994 5995 5996 5997 5998 5999 6000 6001 6002 6003 6004 6005 6006 
78 6007 6008 6009 6010 6011 6012 6013 6014 6015 6016 6017 6018 6019 6020 6021 6022 6023 6024 6025 6026 6027 6028 6029 6030 6031 6032 6033 6034 6035 6036 6037 6038 6039 6040 6041 6042 6043 6044 6045 6046 6047 6048 6049 6050 6051 6052 6053 6054 6055 6056 6057 6058 6059 6060 6061 6062 6063 6064 6065 6066 6067 6068 6069 6070 6071 6072 6073 6074 6075 6076 6077 6078 6079 6080 6081 6082 6083 6084 
78 6085 6086 6087 6088 6089 6090 6091 6092 6093 6094 6095 6096 6097 6098 6099 6100 6101 6102 6103 6104 6105 6106 6107 6108 6109 6110 6111 6112 6113 6114 6115 6116 6117 6118 6119 6120 6121 6122 6123 6124 6125 6126 6127 6128 6129 6130 6131 6132 6133 6134 6135 6136 6137 6138 6139 6140 6141 6142 6143 6144 6145 6146 6147 6148 6149 6150 6151 6152 6153 6154 6155 6156 6157 6158 6159 6160 6161 6162 
79 6163 6164 6165 6166 6167 6168 6169 6170 6171 6172 6173 6174 6175 6176 6177 6178 6179 6180 6181 6182 6183 6184 6185 6186 6187 6188 6189 6190 6191 6192 6193 6194 6195 6196 6197 6198 6199 6200 6201 6202 6203 6204 6205 6206 6207 6208 6209 6210 6211 6212 6213 6214 6215 6216 6217 6218 6219 6220 6221 6222 6223 6224 6225 6226 6227 6228 6229 6230 6231 6232 6233 6234 6235 6236 6237 6238 6239 6240 6241 
78 6242 6243 6244 6245 6246 6247 6248 6249 6250 6251 6252 6253 6254 6255 6256 6257 6258 6259 6260 6261 6262 6263 6264 6265 6266 6267 6268 6269 6270 6271 6272 6273 6274 6275 6276 6277 6278 6279 6280 6281 6282 6283 6284 6285 6286 6287 6288 6289 6290 6291 6292 6293 6294 6295 6296 6297 6298 6299 6300 6301 6302 6303 6304 6305 6306 6307 6308 6309 6310 6311 6312 6313 6314 6315 6316 6317 6318 6319 
78 6320 6321 6322 6323 6324 6325 6326 6327 6328 6329 6330 6331 6332 6333 6334 6335 6336 6337 6338 6339 6340 6341 6342 6343 6344 6345 6346 6347 6348 6349 6350 6351 6352 6353 6354 6355 6356 6357 6358 6359 6360 6361 6362 6363 6364 6365 6366 6367 6368 6369 6370 6371 6372 6373 6374 6375 6376 6377 6378 6379 6380 6381 6382 6383 6384 6385 6386 6387 6388 6389 6390 6391 6392 6393 6394 6395 6396 6397 
77 6398 6399 6400 6401 6402 6403 6404 6405 6406 6407 6408 6409 6410 6411 6412 6413 6414 6415 6416 6417 6418 6419 6420 6421 6422 6423 6424 6425 6426 6427 6428 6429 6430 6431 6432 6433 6434 6435 6436 6437 6438 6439 6440 6441 6442 6443 6444 6445 6446 6447 6448 6449 6450 6451 6452 6453 6454 6455 6456 6457 6458 6459 6460 6461 6462 6463 6464 6465 6466 6467 6468 6469 6470 6471 6472 6473 6474 
79 6475 6476 6477 6478 6479 6480 6481 6482 6483 6484 6485 6486 6487 6488 6489 6490 6491 6492 6493 6494 6495 6496 6497 6498 6499 6500 6501 6502 6503 6504 6505 6506 6507 6508 6509 6510 6511 6512 6513 6514 6515 6516 6517 6518 6519 6520 6521 6522 6523 6524 6525 6526 6527 6528 6529 6530 6531 6532 6533 6534 6535 6536 6537 6538 6539 6540 6541 6542 6543 6544 6545 6546 6547 6548 6549 6550 6551 6552 6553 
79 6554 6555 6556 6557 6558 6559 6560 6561 6562 6563 6564 6565 6566 6567 6568 6569 6570 6571 6572 6573 6574 6575 6576 6577 6578 6579 6580 6581 6582 6583 6584 6585 6586 6587 6588 6589 6590 6591 6592 6593 6594 6595 6596 6597 6598 6599 6600 6601 6602 6603 6604 6605 6606 6607 6608 6609 6610 6611 6612 6613 6614 6615 6616 6617 6618 6619 6620 6621 6622 6623 6624 6625 6626 6627 6628 6629 6630 6631 6632 
77 6633 6634 6635 6636 6637 6638 6639 6640 6641 6642 6643 6644 6645 6646 6647 6648 6649 6650 6651 6652 6653 6654 6655 6656 6657 6658 6659 6660 6661 6662 6663 6664 6665 6666 6667 6668 6669 6670 6671 6672 6673 6674 6675 6676 6677 6678 6679 6680 6681 6682 6683 6684 6685 6686 6687 6688 6689 6690 6691 6692 6693 6694 6695 6696 6697 6698 6699 6700 6701 6702 6703 6704 6705 6706 6707 6708 6709 
77 6710 6711 6712 6713 6714 6715 6716 6717 6718 6719 6720 6721 6722 6723 6724 6725 6726 6727 6728 6729 6730 6731 6732 6733 6734 6735 6736 6737 6738 6739 6740 6741 6742 6743 6744 6745 6746 6747 6748 6749 6750 6751 6752 6753 6754 6755 6756 6757 6758 6759 6760 6761 6762 6763 6764 6765 6766 6767 6768 6769 6770 6771 6772 6773 6774 6775 6776 6777 6778 6779 6780 6781 6782 6783 6784 6785 6786 
79 6787 6788 6789 6790 6791 6792 6793 6794 6795 6796 6797 6798 6799 6800 6801 6802 6803 6804 6805 6806 6807 6808 6809 6810 6811 6812 6813 6814 6815 6816 6817 6818 6819 6820 6821 6822 6823 6824 6825 6826 6827 6828 6829 6830 6831 6832 6833 6834 6835 6836 6837 6838 6839 6840 6841 6842 6843 6844 6845 6846 6847 6848 6849 6850 6851 6852 6853 6854 6855 6856 6857 6858 6859 6860 6861 6862 6863 6864 6865 
78 6866 6867 6868 6869 6870 6871 6872 6873 6874 6875 6876 6877 6878 6879 6880 6881 6882 6883 6884 6885 6886 6887 6888 6889 6890 6891 6892 6893 6894 6895 6896 6897 6898 6899 6900 6901 6902 6903 6904 6905 6906 6907 6908 6909 6910 6911 6912 6913 6914 6915 6916 6917 6918 6919 6920 6921 6922 6923 6924 6925 6926 6927 6928 6929 6930 6931 6932 6933 6934 6935 6936 6937 6938 6939 6940 6941 6942 6943 
78 6944 6945 6946 6947 6948 6949 6950 6951 6952 6953 6954 6955 6956 6957 6958 6959 6960 6961 6962 6963 6964 6965 6966 6967 6968 6969 6970 6971 6972 6973 6974 6975 6976 6977 6978 6979 6980 6981 6982 6983 6984 6985 6986 6987 6988 6989 6990 6991 6992 6993 6994 6995 6996 6997 6998 6999 7000 7001 7002 7003 7004 7005 7006 7007 7008 7009 7010 7011 7012 7013 7014 7015 7016 7017 7018 7019 7020 7021 
79 7022 7023 7024 7025 7026 7027 7028 7029 7030 7031 7032 7033 7034 7035 7036 7037 7038 7039 7040 7041 7042 7043 7044 7045 7046 7047 7048 7049 7050 7051 7052 7053 7054 7055 7056 7057 7058 7059 7060 7061 7062 7063 7064 7065 7066 7067 7068 7069 7070 7071 7072 7073 7074 7075 7076 7077 7078 7079 7080 7081 7082 7083 7084 7085 7086 7087 7088 7089 7090 7091 7092 7093 7094 7095 7096 7097 7098 7099 7100 
78 7101 7102 7103 7104 7105 7106 7107 7108 7109 7110 7111 7112 7113 7114 7115 7116 7117 7118 7119 7120 7121 7122 7123 7124 7125 7126 7127 7128 7129 7130 7131 7132 7133 7134 7135 7136 7137 7138 7139 7140 7141 7142 7143 7144 7145 7146 7147 7148 7149 7150 7151 7152 7153 7154 7155 7156 7157 7158 7159 7160 7161 7162 7163 7164 7165 7166 7167 7168 7169 7170 7171 7172 7173 7174 7175 7176 7177 7178 
78 7179 7180 7181 7182 7183 7184 7185 7186 7187 7188 7189 7190 7191 7192 7193 7194 7195 7196 7197 7198 7199 7200 7201 7202 7203 7204 7205 7206 7207 7208 7209 7210 7211 7212 7213 7214 7215 7216 7217 7218 7219 7220 7221 7222 7223 7224 7225 7226 7227 7228 7229 7230 7231 7232 7233 7234 7235 7236 7237 7238 7239 7240 7241 7242 7243 7244 7245 7246 7247 7248 7249 7250 7251 7252 7253 7254 7255 7256 
78 7257 7258 7259 7260 7261 7262 7263 7264 7265 7266 7267 7268 7269 7270 7271 7272 7273 7274 7275 7276 7277 7278 7279 7280 7281 7282 7283 7284 7285 7286 7287 7288 7289 7290 7291 7292 7293 7294 7295 7296 7297 7298 7299 7300 7301 7302 7303 7304 7305 7306 7307 7308 7309 7310 7311 7312 7313 7314 7315 7316 7317 7318 7319 7320 7321 7322 7323 7324 7325 7326 7327 7328 7329 7330 7331 7332 7333 7334 
78 7335 7336 7337 7338 7339 7340 7341 7342 7343 7344 7345 7346 7347 7348 7349 7350 7351 7352 7353 7354 7355 7356 7357 7358 7359 7360 7361 7362 7363 7364 7365 7366 7367 7368 7369 7370 7371 7372 7373 7374 7375 7376 7377 7378 7379 7380 7381 7382 7383 7384 7385 7386 7387 7388 7389 7390 7391 7392 7393 7394 7395 7396 7397 7398 7399 7400 7401 7402 7403 7404 7405 7406 7407 7408 7409 7410 7411 7412 
76 7413 7414 7415 7416 7417 7418 7419 7420 7421 7422 7423 7424 7425 7426 7427 7428 7429 7430 7431 7432 7433 7434 7435 7436 7437 7438 7439 7440 7441 7442 7443 7444 7445 7446 7447 7448 7449 7450 7451 7452 7453 7454 7455 7456 7457 7458 7459 7460 7461 7462 7463 7464 7465 7466 7467 7468 7469 7470 7471 7472 7473 7474 7475 7476 7477 7478 7479 7480 7481 7482 7483 7484 7485 7486 7487 7488 
79 7489 7490 7491 7492 7493 7494 7495 7496 7497 7498 7499 7500 7501 7502 7503 7504 7505 7506 7507 7508 7509 7510 7511 7512 7513 7514 7515 7516 7517 7518 7519 7520 7521 7522 7523 7524 7525 7526 7527 7528 7529 7530 7531 7532 7533 7534 7535 7536 7537 7538 7539 7540 7541 7542 7543 7544 7545 7546 7547 7548 7549 7550 7551 7552 7553 7554 7555 7556 7557 7558 7559 7560 7561 7562 7563 7564 7565 7566 7567 
79 7568 7569 7570 7571 7572 7573 7574 7575 7576 7577 7578 7579 7580 7581 7582 7583 7584 7585 7586 7587 7588 7589 7590 7591 7592 7593 7594 7595 7596 7597 7598 7599 7600 7601 7602 7603 7604 7605 7606 7607 7608 7609 7610 7611 7612 7613 7614 7615 7616 7617 7618 7619 7620 7621 7622 7623 7624 7625 7626 7627 7628 7629 7630 7631 7632 7633 7634 7635 7636 7637 7638 7639 7640 7641 7642 7643 7644 7645 7646 
79 7647 7648 7649 7650 7651 7652 7653 7654 7655 7656 7657 7658 7659 7660 7661 7662 7663 7664 7665 7666 7667 7668 7669 7670 7671 7672 7673 7674 7675 7676 7677 7678 7679 7680 7681 7682 7683 7684 7685 7686 7687 7688 7689 7690 7691 7692 7693 7694 7695 7696 7697 7698 7699 7700 7701 7702 7703 7704 7705 7706 7707 7708 7709 7710 7711 7712 7713 7714 7715 7716 7717 7718 7719 7720 7721 7722 7723 7724 7725 
77 7726 7727 7728 7729 7730 7731 7732 7733 7734 7735 7736 7737 7738 7739 7740 7741 7742 7743 7744 7745 7746 7747 7748 7749 7750 7751 7752 7753 7754 7755 7756 7757 7758 7759 7760 7761 7762 7763 7764 7765 7766 7767 7768 7769 7770 7771 7772 7773 7774 7775 7776 7777 7778 7779 7780 7781 7782 7783 7784 7785 7786 7787 7788 7789 7790 7791 7792 7793 7794 7795 7796 7797 7798 7799 7800 7801 7802 
78 7803 7804 7805 7806 7807 7808 7809 7810 7811 7812 7813 7814 7815 7816 7817 7818 7819 7820 7821 7822 7823 7824 7825 7826 7827 7828 7829 7830 7831 7832 7833 7834 7835 7836 7837 7838 7839 7840 7841 7842 7843 7844 7845 7846 7847 7848 7849 7850 7851 7852 7853 7854 7855 7856 7857 7858 7859 7860 7861 7862 7863 7864 7865 7866 7867 7868 7869 7870 7871 7872 7873 7874 7875 7876 7877 7878 7879 7880 
77 7881 7882 7883 7884 7885 7886 7887 7888 7889 7890 7891 7892 7893 7894 7895 7896 7897 7898 7899 7900 7901 7902 7903 7904 7905 7906 7907 7908 7909 7910 7911 7912 7913 7914 7915 7916 7917 7918 7919 7920 7921 7922 7923 7924 7925 7926 7927 7928 7929 7930 7931 7932 7933 7934 7935 7936 7937 7938 7939 7940 7941 7942 7943 7944 7945 7946 7947 7948 7949 7950 7951 7952 7953 7954 7955 7956 7957 
77 7958 7959 7960 7961 7962 7963 7964 7965 7966 7967 7968 7969 7970 7971 7972 7973 7974 7975 7976 7977 7978 7979 7980 7981 7982 7983 7984 7985 7986 7987 7988 7989 7990 7991 7992 7993 7994 7995 7996 7997 7998 7999 8000 8001 8002 8003 8004 8005 8006 8007 8008 8009 8010 8011 8012 8013 8014 8015 8016 8017 8018 8019 8020 8021 8022 8023 8024 8025 8026 8027 8028 8029 8030 8031 8032 8033 8034 
77 8035 8036 8037 8038 8039 8040 8041 8042 8043 8044 8045 8046 8047 8048 8049 8050 8051 8052 8053 8054 8055 8056 8057 8058 8059 8060 8061 8062 8063 8064 8065 8066 8067 8068 8069 8070 8071 8072 8073 8074 8075 8076 8077 8078 8079 8080 8081 8082 8083 8084 8085 8086 8087 8088 8089 8090 8091 8092 8093 8094 8095 8096 8097 8098 8099 8100 8101 8102 8103 8104 8105 8106 8107 8108 8109 8110 8111 
78 8112 8113 8114 8115 8116 8117 8118 8119 8120 8121 8122 8123 8124 8125 8126 8127 8128 8129 8130 8131 8132 8133 8134 8135 8136 8137 8138 8139 8140 8141 8142 8143 8144 8145 8146 8147 8148 8149 8150 8151 8152 8153 8154 8155 8156 8157 8158 8159 8160 8161 8162 8163 8164 8165 8166 8167 8168 8169 8170 8171 8172 8173 8174 8175 8176 8177 8178 8179 8180 8181 8182 8183 8184 8185 8186 8187 8188 8189 
78 8190 8191 8192 8193 8194 8195 8196 8197 8198 8199 8200 8201 8202 8203 8204 8205 8206 8207 8208 8209 8210 8211 8212 8213 8214 8215 8216 8217 8218 8219 8220 8221 8222 8223 8224 8225 8226 8227 8228 8229 8230 8231 8232 8233 8234 8235 8236 8237 8238 8239 8240 8241 8242 8243 8244 8245 8246 8247 8248 8249 8250 8251 8252 8253 8254 8255 8256 8257 8258 8259 8260 8261 8262 8263 8264 8265 8266 8267 
79 8268 8269 8270 8271 8272 8273 8274 8275 8276 8277 8278 8279 8280 8281 8282 8283 8284 8285 8286 8287 8288 8289 8290 8291 8292 8293 8294 8295 8296 8297 8298 8299 8300 8301 8302 8303 8304 8305 8306 8307 8308 8309 8310 8311 8312 8313 8314 8315 8316 8317 8318 8319 8320 8321 8322 8323 8324 8325 8326 8327 8328 8329 8330 8331 8332 8333 8334 8335 8336 8337 8338 8339 8340 8341 8342 8343 8344 8345 8346 
79 8347 8348 8349 8350 8351 8352 8353 8354 8355 8356 8357 8358 8359 8360 8361 8362 8363 8364 8365 8366 8367 8368 8369 8370 8371 8372 8373 8374 8375 8376 8377 8378 8379 8380 8381 8382 8383 8384 8385 8386 8387 8388 8389 8390 8391 8392 8393 8394 8395 8396 8397 8398 8399 8400 8401 8402 8403 8404 8405 8406 8407 8408 8409 8410 8411 8412 8413 8414 8415 8416 8417 8418 8419 8420 8421 8422 8423 8424 8425 
78 8426 8427 8428 8429 8430 8431 8432 8433 8434 8435 8436 8437 8438 8439 8440 8441 8442 8443 8444 8445 8446 8447 8448 8449 8450 8451 8452 8453 8454 8455 8456 8457 8458 8459 8460 8461 8462 8463 8464 8465 8466 8467 8468 8469 8470 8471 8472 8473 8474 8475 8476 8477 8478 8479 8480 8481 8482 8483 8484 8485 8486 8487 8488 8489 8490 8491 8492 8493 8494 8495 8496 8497 8498 8499 8500 8501 8502 8503 
77 8504 8505 8506 8507 8508 8509 8510 8511 8512 8513 8514 8515 8516 8517 8518 8519 8520 8521 8522 8523 8524 8525 8526 8527 8528 8529 8530 8531 8532 8533 8534 8535 8536 8537 8538 8539 8540 8541 8542 8543 8544 8545 8546 8547 8548 8549 8550 8551 8552 8553 8554 8555 8556 8557 8558 8559 8560 8561 8562 8563 8564 8565 8566 8567 8568 8569 8570 8571 8572 8573 8574 8575 8576 8577 8578 8579 8580 
76 8581 8582 8583 8584 8585 8586 8587 8588 8589 8590 8591 8592 8593 8594 8595 8596 8597 8598 8599 8600 8601 8602 8603 8604 8605 8606 8607 8608 8609 8610 8611 8612 8613 8614 8615 8616 8617 8618 8619 8620 8621 8622 8623 8624 8625 8626 8627 8628 8629 8630 8631 8632 8633 8634 8635 8636 8637 8638 8639 8640 8641 8642 8643 8644 8645 8646 8647 8648 8649 8650 8651 8652 8653 8654 8655 8656 
79 8657 8658 8659 8660 8661 8662 8663 8664 8665 8666 8667 8668 8669 8670 8671 8672 8673 8674 8675 8676 8677 8678 8679 8680 8681 8682 8683 8684 8685 8686 8687 8688 8689 8690 8691 8692 8693 8694 8695 8696 8697 8698 8699 8700 8701 8702 8703 8704 8705 8706 8707 8708 8709 8710 8711 8712 8713 8714 8715 8716 8717 8718 8719 8720 8721 8722 8723 8724 8725 8726 8727 8728 8729 8730 8731 8732 8733 8734 8735 
78 8736 8737 8738 8739 8740 8741 8742 8743 8744 8745 8746 8747 8748 8749 8750 8751 8752 8753 8754 8755 8756 8757 8758 8759 8760 8761 8762 8763 8764 8765 8766 8767 8768 8769 8770 8771 8772 8773 8774 8775 8776 8777 8778 8779 8780 8781 8782 8783 8784 8785 8786 8787 8788 8789 8790 8791 8792 8793 8794 8795 8796 8797 8798 8799 8800 8801 8802 8803 8804 8805 8806 8807 8808 8809 8810 8811 8812 8813 
76 8814 8815 8816 8817 8818 8819 8820 8821 8822 8823 8824 8825 8826 8827 8828 8829 8830 8831 8832 8833 8834 8835 8836 8837 8838 8839 8840 8841 8842 8843 8844 8845 8846 8847 8848 8849 8850 8851 8852 8853 8854 8855 8856 8857 8858 8859 8860 8861 8862 8863 8864 8865 8866 8867 8868 8869 8870 8871 8872 8873 8874 8875 8876 8877 8878 8879 8880 8881 8882 8883 8884 8885 8886 8887 8888 8889 
77 8890 8891 8892 8893 8894 8895 8896 8897 8898 8899 8900 8901 8902 8903 8904 8905 8906 8907 8908 8909 8910 8911 8912 8913 8914 8915 8916 8917 8918 8919 8920 8921 8922 8923 8924 8925 8926 8927 8928 8929 8930 8931 8932 8933 8934 8935 8936 8937 8938 8939 8940 8941 8942 8943 8944 8945 8946 8947 8948 8949 8950 8951 8952 8953 8954 8955 8956 8957 8958 8959 8960 8961 8962 8963 8964 8965 8966 
77 8967 8968 8969 8970 8971 8972 8973 8974 8975 8976 8977 8978 8979 8980 8981 8982 8983 8984 8985 8986 8987 8988 8989 8990 8991 8992 8993 8994 8995 8996 8997 8998 8999 9000 9001 9002 9003 9004 9005 9006 9007 9008 9009 9010 9011 9012 9013 9014 9015 9016 9017 9018 9019 9020 9021 9022 9023 9024 9025 9026 9027 9028 9029 9030 9031 9032 9033 9034 9035 9036 9037 9038 9039 9040 9041 9042 9043 
77 9044 9045 9046 9047 9048 9049 9050 9051 9052 9053 9054 9055 9056 9057 9058 9059 9060 9061 9062 9063 9064 9065 9066 9067 9068 9069 9070 9071 9072 9073 9074 9075 9076 9077 9078 9079 9080 9081 9082 9083 9084 9085 9086 9087 9088 9089 9090 9091 9092 9093 9094 9095 9096 9097 9098 9099 9100 9101 9102 9103 9104 9105 9106 9107 9108 9109 9110 9111 9112 9113 9114 9115 9116 9117 9118 9119 9120 
77 9121 9122 9123 9124 9125 9126 9127 9128 9129 9130 9131 9132 9133 9134 9135 9136 9137 9138 9139 9140 9141 9142 9143 9144 9145 9146 9147 9148 9149 9150 9151 9152 9153 9154 9155 9156 9157 9158 9159 9160 9161 9162 9163 9164 9165 9166 9167 9168 9169 9170 9171 9172 9173 9174 9175 9176 9177 9178 9179 9180 9181 9182 9183 9184 9185 9186 9187 9188 9189 9190 9191 9192 9193 9194 9195 9196 9197 
79 9198 9199 9200 9201 9202 9203 9204 9205 9206 9207 9208 9209 9210 9211 9212 9213 9214 9215 9216 9217 9218 9219 9220 9221 9222 9223 9224 9225 9226 9227 9228 9229 9230 9231 9232 9233 9234 9235 9236 9237 9238 9239 9240 9241 9242 9243 9244 9245 9246 9247 9248 9249 9250 9251 9252 9253 9254 9255 9256 9257 9258 9259 9260 9261 9262 9263 9264 9265 9266 9267 9268 9269 9270 9271 9272 9273 9274 9275 9276 
77 9277 9278 9279 9280 9281 9282 9283 9284 9285 9286 9287 9288 9289 9290 9291 9292 9293 9294 9295 9296 9297 9298 9299 9300 9301 9302 9303 9304 9305 9306 9307 9308 9309 9310 9311 9312 9313 9314 9315 9316 9317 9318 9319 9320 9321 9322 9323 9324 9325 9326 9327 9328 9329 9330 9331 9332 9333 9334 9335 9336 9337 9338 9339 9340 9341 9342 9343 9344 9345 9346 9347 9348 9349 9350 9351 9352 9353 
77 9354 9355 9356 9357 9358 9359 9360 9361 9362 9363 9364 9365 9366 9367 9368 9369 9370 9371 9372 9373 9374 9375 9376 9377 9378 9379 9380 9381 9382 9383 9384 9385 9386 9387 9388 9389 9390 9391 9392 9393 9394 9395 9396 9397 9398 9399 9400 9401 9402 9403 9404 9405 9406 9407 9408 9409 9410 9411 9412 9413 9414 9415 9416 9417 9418 9419 9420 9421 9422 9423 9424 9425 9426 9427 9428 9429 9430 
78 9431 9432 9433 9434 9435 9436 9437 9438 9439 9440 9441 9442 9443 9444 9445 9446 9447 9448 9449 9450 9451 9452 9453 9454 9455 9456 9457 9458 9459 9460 9461 9462 9463 9464 9465 9466 9467 9468 9469 9470 9471 9472 9473 9474 9475 9476 9477 9478 9479 9480 9481 9482 9483 9484 9485 9486 9487 9488 9489 9490 9491 9492 9493 9494 9495 9496 9497 9498 9499 9500 9501 9502 9503 9504 9505 9506 9507 9508 
78 9509 9510 9511 9512 9513 9514 9515 9516 9517 9518 9519 9520 9521 9522 9523 9524 9525 9526 9527 9528 9529 9530 9531 9532 9533 9534 9535 9536 9537 9538 9539 9540 9541 9542 9543 9544 9545 9546 9547 9548 9549 9550 9551 9552 9553 9554 9555 9556 9557 9558 9559 9560 9561 9562 9563 9564 9565 9566 9567 9568 9569 9570 9571 9572 9573 9574 9575 9576 9577 9578 9579 9580 9581 9582 9583 9584 9585 9586 
78 9587 9588 9589 9590 9591 9592 9593 9594 9595 9596 9597 9598 9599 9600 9601 9602 9603 9604 9605 9606 9607 9608 9609 9610 9611 9612 9613 9614 9615 9616 9617 9618 9619 9620 9621 9622 9623 9624 9625 9626 9627 9628 9629 9630 9631 9632 9633 9634 9635 9636 9637 9638 9639 9640 9641 9642 9643 9644 9645 9646 9647 9648 9649 9650 9651 9652 9653 9654 9655 9656 9657 9658 9659 9660 9661 9662 9663 9664 
79 9665 9666 9667 9668 9669 9670 9671 9672 9673 9674 9675 9676 9677 9678 9679 9680 9681 9682 9683 9684 9685 9686 9687 9688 9689 9690 9691 9692 9693 9694 9695 9696 9697 9698 9699 9700 9701 9702 9703 9704 9705 9706 9707 9708 9709 9710 9711 9712 9713 9714 9715 9716 9717 9718 9719 9720 9721 9722 9723 9724 9725 9726 9727 9728 9729 9730 9731 9732 9733 9734 9735 9736 9737 9738 9739 9740 9741 9742 9743 
77 9744 9745 9746 9747 9748 9749 9750 9751 9752 9753 9754 9755 9756 9757 9758 9759 9760 9761 9762 9763 9764 9765 9766 9767 9768 9769 9770 9771 9772 9773 9774 9775 9776 9777 9778 9779 9780 9781 9782 9783 9784 9785 9786 9787 9788 9789 9790 9791 9792 9793 9794 9795 9796 9797 9798 9799 9800 9801 9802 9803 9804 9805 9806 9807 9808 9809 9810 9811 9812 9813 9814 9815 9816 9817 9818 9819 9820 
79 9821 9822 9823 9824 9825 9826 9827 9828 9829 9830 9831 9832 9833 9834 9835 9836 9837 9838 9839 9840 9841 9842 9843 9844 9845 9846 9847 9848 9849 9850 9851 9852 9853 9854 9855 9856 9857 9858 9859 9860 9861 9862 9863 9864 9865 9866 9867 9868 9869 9870 9871 9872 9873 9874 9875 9876 9877 9878 9879 9880 9881 9882 9883 9884 9885 9886 9887 9888 9889 9890 9891 9892 9893 9894 9895 9896 9897 9898 9899 
79 9900 9901 9902 9903 9904 9905 9906 9907 9908 9909 9910 9911 9912 9913 9914 9915 9916 9917 9918 9919 9920 9921 9922 9923 9924 9925 9926 9927 9928 9929 9930 9931 9932 9933 9934 9935 9936 9937 9938 9939 9940 9941 9942 9943 9944 9945 9946 9947 9948 9949 9950 9951 9952 9953 9954 9955 9956 9957 9958 9959 9960 9961 9962 9963 9964 9965 9966 9967 9968 9969 9970 9971 9972 9973 9974 9975 9976 9977 9978 
78 9979 9980 9981 9982 9983 9984 9985 9986 9987 9988 9989 9990 9991 9992 9993 9994 9995 9996 9997 9998 9999 10000 10001 10002 10003 10004 10005 10006 10007 10008 10009 10010 10011 10012 10013 10014 10015 10016 10017 10018 10019 10020 10021 10022 10023 10024 10025 10026 10027 10028 10029 10030 10031 10032 10033 10034 10035 10036 10037 10038 10039 10040 10041 10042 10043 10044 10045 10046 10047 10048 10049 10050 10051 10052 10053 10054 10055 10056 
78 10057 10058 10059 10060 10061 10062 10063 10064 10065 10066 10067 10068 10069 10070 10071 10072 10073 10074 10075 10076 10077 10078 10079 10080 10081 10082 10083 10084 10085 10086 10087 10088 10089 10090 10091 10092 10093 10094 10095 10096 10097 10098 10099 10100 10101 10102 10103 10104 10105 10106 10107 10108 10109 10110 10111 10112 10113 10114 10115 10116 10117 10118 10119 10120 10121 10122 10123 10124 10125 10126 10127 10128 10129 10130 10131 10132 10133 10134 
78 10135 10136 10137 10138 10139 10140 10141 10142 10143 10144 10145 10146 10147 10148 10149 10150 10151 10152 10153 10154 10155 10156 10157 10158 10159 10160 10161 10162 10163 10164 10165 10166 10167 10168 10169 10170 10171 10172 10173 10174 10175 10176 10177 10178 10179 10180 10181 10182 10183 10184 10185 10186 10187 10188 10189 10190 10191 10192 10193 10194 10195 10196 10197 10198 10199 10200 10201 10202 10203 10204 10205 10206 10207 10208 10209 10210 10211 10212 
78 10213 10214 10215 10216 10217 10218 10219 10220 10221 10222 10223 10224 10225 10226 10227 10228 10229 10230 10231 10232 10233 10234 10235 10236 10237 10238 10239 10240 10241 10242 10243 10244 10245 10246 10247 10248 10249 10250 10251 10252 10253 10254 10255 10256 10257 10258 10259 10260 10261 10262 10263 10264 10265 10266 10267 10268 10269 10270 10271 10272 10273 10274 10275 10276 10277 10278 10279 10280 10281 10282 10283 10284 10285 10286 10287 10288 10289 10290 
78 10291 10292 10293 10294 10295 10296 10297 10298 10299 10300 10301 10302 10303 10304 10305 10306 10307 10308 10309 10310 10311 10312 10313 10314 10315 10316 10317 10318 10319 10320 10321 10322 10323 10324 10325 10326 10327 10328 10329 10330 10331 10332 10333 10334 10335 10336 10337 10338 10339 10340 10341 10342 10343 10344 10345 10346 10347 10348 10349 10350 10351 10352 10353 10354 10355 10356 10357 10358 10359 10360 10361 10362 10363 10364 10365 10366 10367 10368 
77 10369 10370 10371 10372 10373 10374 10375 10376 10377 10378 10379 10380 10381 10382 10383 10384 10385 10386 10387 10388 10389 10390 10391 10392 10393 10394 10395 10396 10397 10398 10399 10400 10401 10402 10403 10404 10405 10406 10407 10408 10409 10410 10411 10412 10413 10414 10415 10416 10417 10418 10419 10420 10421 10422 10423 10424 10425 10426 10427 10428 10429 10430 10431 10432 10433 10434 10435 10436 10437 10438 10439 10440 10441 10442 10443 10444 10445 
79 10446 10447 10448 10449 10450 10451 10452 10453 10454 10455 10456 10457 10458 10459 10460 10461 10462 10463 10464 10465 10466 10467 10468 10469 10470 10471 10472 10473 10474 10475 10476 10477 10478 10479 10480 10481 10482 10483 10484 10485 10486 10487 10488 10489 10490 10491 10492 10493 10494 10495 10496 10497 10498 10499 10500 10501 10502 10503 10504 10505 10506 10507 10508 10509 10510 10511 10512 10513 10514 10515 10516 10517 10518 10519 10520 10521 10522 10523 10524 
78 10525 10526 10527 10528 10529 10530 10531 10532 10533 10534 10535 10536 10537 10538 10539 10540 10541 10542 10543 10544 10545 10546 10547 10548 10549 10550 10551 10552 10553 10554 10555 10556 10557 10558 10559 10560 10561 10562 10563 10564 10565 10566 10567 10568 10569 10570 10571 10572 10573 10574 10575 10576 10577 10578 10579 10580 10581 10582 10583 10584 10585 10586 10587 10588 10589 10590 10591 10592 10593 10594 10595 10596 10597 10598 10599 10600 10601 10602 
77 10603 10604 10605 10606 10607 10608 10609 10610 10611 10612 10613 10614 10615 10616 10617 10618 10619 10620 10621 10622 10623 10624 10625 10626 10627 10628 10629 10630 10631 10632 10633 10634 10635 10636 10637 10638 10639 10640 10641 10642 10643 10644 10645 10646 10647 10648 10649 10650 10651 10652 10653 10654 10655 10656 10657 10658 10659 10660 10661 10662 10663 10664 10665 10666 10667 10668 10669 10670 10671 10672 10673 10674 10675 10676 10677 10678 10679 
79 10680 10681 10682 10683 10684 10685 10686 10687 10688 10689 10690 10691 10692 10693 10694 10695 10696 10697 10698 10699 10700 10701 10702 10703 10704 10705 10706 10707 10708 10709 10710 10711 10712 10713 10714 10715 10716 10717 10718 10719 10720 10721 10722 10723 10724 10725 10726 10727 10728 10729 10730 10731 10732 10733 10734 10735 10736 10737 10738 10739 10740 10741 10742 10743 10744 10745 10746 10747 10748 10749 10750 10751 10752 10753 10754 10755 10756 10757 10758 
79 10759 10760 10761 10762 10763 10764 10765 10766 10767 10768 10769 10770 10771 10772 10773 10774 10775 10776 10777 10778 10779 10780 10781 10782 10783 10784 10785 10786 10787 10788 10789 10790 10791 10792 10793 10794 10795 10796 10797 10798 10799 10800 10801 10802 10803 10804 10805 10806 10807 10808 10809 10810 10811 10812 10813 10814 10815 10816 10817 10818 10819 10820 10821 10822 10823 10824 10825 10826 10827 10828 10829 10830 10831 10832 10833 10834 10835 10836 10837 
79 10838 10839 10840 10841 10842 10843 10844 10845 10846 10847 10848 10849 10850 10851 10852 10853 10854 10855 10856 10857 10858 10859 10860 10861 10862 10863 10864 10865 10866 10867 10868 10869 10870 10871 10872 10873 10874 10875 10876 10877 10878 10879 10880 10881 10882 10883 10884 10885 10886 10887 10888 10889 10890 10891 10892 10893 10894 10895 10896 10897 10898 10899 10900 10901 10902 10903 10904 10905 10906 10907 10908 10909 10910 10911 10912 10913 10914 10915 10916 
75 10917 10918 10919 10920 10921 10922 10923 10924 10925 10926 10927 10928 10929 10930 10931 10932 10933 10934 10935 10936 10937 10938 10939 10940 10941 10942 10943 10944 10945 10946 10947 10948 10949 10950 10951 10952 10953 10954 10955 10956 10957 10958 10959 10960 10961 10962 10963 10964 10965 10966 10967 10968 10969 10970 10971 10972 10973 10974 10975 10976 10977 10978 10979 10980 10981 10982 10983 10984 10985 10986 10987 10988 10989 10990 10991 
78 10992 10993 10994 10995 10996 10997 10998 10999 11000 11001 11002 11003 11004 11005 11006 11007 11008 11009 11010 11011 11012 11013 11014 11015 11016 11017 11018 11019 11020 11021 11022 11023 11024 11025 11026 11027 11028 11029 11030 11031 11032 11033 11034 11035 11036 11037 11038 11039 11040 11041 11042 11043 11044 11045 11046 11047 11048 11049 11050 11051 11052 11053 11054 11055 11056 11057 11058 11059 11060 11061 11062 11063 11064 11065 11066 11067 11068 11069 
77 11070 11071 11072 11073 11074 11075 11076 11077 11078 11079 11080 11081 11082 11083 11084 11085 11086 11087 11088 11089 11090 11091 11092 11093 11094 11095 11096 11097 11098 11099 11100 11101 11102 11103 11104 11105 11106 11107 11108 11109 11110 11111 11112 11113 11114 11115 11116 11117 11118 11119 11120 11121 11122 11123 11124 11125 11126 11127 11128 11129 11130 11131 11132 11133 11134 11135 11136 11137 11138 11139 11140 11141 11142 11143 11144 11145 11146 
78 11147 11148 11149 11150 11151 11152 11153 11154 11155 11156 11157 11158 11159 11160 11161 11162 11163 11164 11165 11166 11167 11168 11169 11170 11171 11172 11173 11174 11175 11176 11177 11178 11179 11180 11181 11182 11183 11184 11185 11186 11187 11188 11189 11190 11191 11192 11193 11194 11195 11196 11197 11198 11199 11200 11201 11202 11203 11204 11205 11206 11207 11208 11209 11210 11211 11212 11213 11214 11215 11216 11217 11218 11219 11220 11221 11222 11223 11224 
80 11225 11226 11227 11228 11229 11230 11231 11232 11233 11234 11235 11236 11237 11238 11239 11240 11241 11242 11243 11244 11245 11246 11247 11248 11249 11250 11251 11252 11253 11254 11255 11256 11257 11258 11259 11260 11261 11262 11263 11264 11265 11266 11267 11268 11269 11270 11271 11272 11273 11274 11275 11276 11277 11278 11279 11280 11281 11282 11283 11284 11285 11286 11287 11288 11289 11290 11291 11292 11293 11294 11295 11296 11297 11298 11299 11300 11301 11302 11303 11304 
78 11305 11306 11307 11308 11309 11310 11311 11312 11313 11314 11315 11316 11317 11318 11319 11320 11321 11322 11323 11324 11325 11326 11327 11328 11329 11330 11331 11332 11333 11334 11335 11336 11337 11338 11339 11340 11341 11342 11343 11344 11345 11346 11347 11348 11349 11350 11351 11352 11353 11354 11355 11356 11357 11358 11359 11360 11361 11362 11363 11364 11365 11366 11367 11368 11369 11370 11371 11372 11373 11374 11375 11376 11377 11378 11379 11380 11381 11382 
77 11383 11384 11385 11386 11387 11388 11389 11390 11391 11392 11393 11394 11395 11396 11397 11398 11399 11400 11401 11402 11403 11404 11405 11406 11407 11408 11409 11410 11411 11412 11413 11414 11415 11416 11417 11418 11419 11420 11421 11422 11423 11424 11425 11426 11427 11428 11429 11430 11431 11432 11433 11434 11435 11436 11437 11438 11439 11440 11441 11442 11443 11444 11445 11446 11447 11448 11449 11450 11451 11452 11453 11454 11455 11456 11457 11458 11459 
79 11460 11461 11462 11463 11464 11465 11466 11467 11468 11469 11470 11471 11472 11473 11474 11475 11476 11477 11478 11479 11480 11481 11482 11483 11484 11485 11486 11487 11488 11489 11490 11491 11492 11493 11494 11495 11496 11497 11498 11499 11500 11501 11502 11503 11504 11505 11506 11507 11508 11509 11510 11511 11512 11513 11514 11515 11516 11517 11518 11519 11520 11521 11522 11523 11524 11525 11526 11527 11528 11529 11530 11531 11532 11533 11534 11535 11536 11537 11538 
78 11539 11540 11541 11542 11543 11544 11545 11546 11547 11548 11549 11550 11551 11552 11553 11554 11555 11556 11557 11558 11559 11560 11561 11562 11563 11564 11565 11566 11567 11568 11569 11570 11571 11572 11573 11574 11575 11576 11577 11578 11579 11580 11581 11582 11583 11584 11585 11586 11587 11588 11589 11590 11591 11592 11593 11594 11595 11596 11597 11598 11599 11600 11601 11602 11603 11604 11605 11606 11607 11608 11609 11610 11611 11612 11613 11614 11615 11616 
78 11617 11618 11619 11620 11621 11622 11623 11624 11625 11626 11627 11628 11629 11630 11631 11632 11633 11634 11635 11636 11637 11638 11639 11640 11641 11642 11643 11644 11645 11646 11647 11648 11649 11650 11651 11652 11653 11654 11655 11656 11657 11658 11659 11660 11661 11662 11663 11664 11665 11666 11667 11668 11669 11670 11671 11672 11673 11674 11675 11676 11677 11678 11679 11680 11681 11682 11683 11684 11685 11686 11687 11688 11689 11690 11691 11692 11693 11694 
77 11695 11696 11697 11698 11699 11700 11701 11702 11703 11704 11705 11706 11707 11708 11709 11710 11711 11712 11713 11714 11715 11716 11717 11718 11719 11720 11721 11722 11723 11724 11725 11726 11727 11728 11729 11730 11731 11732 11733 11734 11735 11736 11737 11738 11739 11740 11741 11742 11743 11744 11745 11746 11747 11748 11749 11750 11751 11752 11753 11754 11755 11756 11757 11758 11759 11760 11761 11762 11763 11764 11765 11766 11767 11768 11769 11770 11771 
77 11772 11773 11774 11775 11776 11777 11778 11779 11780 11781 11782 11783 11784 11785 11786 11787 11788 11789 11790 11791 11792 11793 11794 11795 11796 11797 11798 11799 11800 11801 11802 11803 11804 11805 11806 11807 11808 11809 11810 11811 11812 11813 11814 11815 11816 11817 11818 11819 11820 11821 11822 11823 11824 11825 11826 11827 11828 11829 11830 11831 11832 11833 11834 11835 11836 11837 11838 11839 11840 11841 11842 11843 11844 11845 11846 11847 11848 
78 11849 11850 11851 11852 11853 11854 11855 11856 11857 11858 11859 11860 11861 11862 11863 11864 11865 11866 11867 11868 11869 11870 11871 11872 11873 11874 11875 11876 11877 11878 11879 11880 11881 11882 11883 11884 11885 11886 11887 11888 11889 11890 11891 11892 11893 11894 11895 11896 11897 11898 11899 11900 11901 11902 11903 11904 11905 11906 11907 11908 11909 11910 11911 11912 11913 11914 11915 11916 11917 11918 11919 11920 11921 11922 11923 11924 11925 11926 
77 11927 11928 11929 11930 11931 11932 11933 11934 11935 11936 11937 11938 11939 11940 11941 11942 11943 11944 11945 11946 11947 11948 11949 11950 11951 11952 11953 11954 11955 11956 11957 11958 11959 11960 11961 11962 11963 11964 11965 11966 11967 11968 11969 11970 11971 11972 11973 11974 11975 11976 11977 11978 11979 11980 11981 11982 11983 11984 11985 11986 11987 11988 11989 11990 11991 11992 11993 11994 11995 11996 11997 11998 11999 12000 12001 12002 12003 
77 12004 12005 12006 12007 12008 12009 12010 12011 12012 12013 12014 12015 12016 12017 12018 12019 12020 12021 12022 12023 12024 12025 12026 12027 12028 12029 12030 12031 12032 12033 12034 12035 12036 12037 12038 12039 12040 12041 12042 12043 12044 12045 12046 12047 12048 12049 12050 12051 12052 12053 12054 12055 12056 12057 12058 12059 12060 12061 12062 12063 12064 12065 12066 12067 12068 12069 12070 12071 12072 12073 12074 12075 12076 12077 12078 12079 12080 
78 12081 12082 12083 12084 12085 12086 12087 12088 12089 12090 12091 12092 12093 12094 12095 12096 12097 12098 12099 12100 12101 12102 12103 12104 12105 12106 12107 12108 12109 12110 12111 12112 12113 12114 12115 12116 12117 12118 12119 12120 12121 12122 12123 12124 12125 12126 12127 12128 12129 12130 12131 12132 12133 12134 12135 12136 12137 12138 12139 12140 12141 12142 12143 12144 12145 12146 12147 12148 12149 12150 12151 12152 12153 12154 12155 12156 12157 12158 
78 12159 12160 12161 12162 12163 12164 12165 12166 12167 12168 12169 12170 12171 12172 12173 12174 12175 12176 12177 12178 12179 12180 12181 12182 12183 12184 12185 12186 12187 12188 12189 12190 12191 12192 12193 12194 12195 12196 12197 12198 12199 12200 12201 12202 12203 12204 12205 12206 12207 12208 12209 12210 12211 12212 12213 12214 12215 12216 12217 12218 12219 12220 12221 12222 12223 12224 12225 12226 12227 12228 12229 12230 12231 12232 12233 12234 12235 12236 
78 12237 12238 12239 12240 12241 12242 12243 12244 12245 12246 12247 12248 12249 12250 12251 12252 12253 12254 12255 12256 12257 12258 12259 12260 12261 12262 12263 12264 12265 12266 12267 12268 12269 12270 12271 12272 12273 12274 12275 12276 12277 12278 12279 12280 12281 12282 12283 12284 12285 12286 12287 12288 12289 12290 12291 12292 12293 12294 12295 12296 12297 12298 12299 12300 12301 12302 12303 12304 12305 12306 12307 12308 12309 12310 12311 12312 12313 12314 
77 12315 12316 12317 12318 12319 12320 12321 12322 12323 12324 12325 12326 12327 12328 12329 12330 12331 12332 12333 12334 12335 12336 12337 12338 12339 12340 12341 12342 12343 12344 12345 12346 12347 12348 12349 12350 12351 12352 12353 12354 12355 12356 12357 12358 12359 12360 12361 12362 12363 12364 12365 12366 12367 12368 12369 12370 12371 12372 12373 12374 12375 12376 12377 12378 12379 12380 12381 12382 12383 12384 12385 12386 12387 12388 12389 12390 12391 
77 12392 12393 12394 12395 12396 12397 12398 12399 12400 12401 12402 12403 12404 12405 12406 12407 12408 12409 12410 12411 12412 12413 12414 12415 12416 12417 12418 12419 12420 12421 12422 12423 12424 12425 12426 12427 12428 12429 12430 12431 12432 12433 12434 12435 12436 12437 12438 12439 12440 12441 12442 12443 12444 12445 12446 12447 12448 12449 12450 12451 12452 12453 12454 12455 12456 12457 12458 12459 12460 12461 12462 12463 12464 12465 12466 12467 12468 
79 12469 12470 12471 12472 12473 12474 12475 12476 12477 12478 12479 12480 12481 12482 12483 12484 12485 12486 12487 12488 12489 12490 12491 12492 12493 12494 12495 12496 12497 12498 12499 12500 12501 12502 12503 12504 12505 12506 12507 12508 12509 12510 12511 12512 12513 12514 12515 12516 12517 12518 12519 12520 12521 12522 12523 12524 12525 12526 12527 12528 12529 12530 12531 12532 12533 12534 12535 12536 12537 12538 12539 12540 12541 12542 12543 12544 12545 12546 12547 
78 12548 12549 12550 12551 12552 12553 12554 12555 12556 12557 12558 12559 12560 12561 12562 12563 12564 12565 12566 12567 12568 12569 12570 12571 12572 12573 12574 12575 12576 12577 12578 12579 12580 12581 12582 12583 12584 12585 12586 12587 12588 12589 12590 12591 12592 12593 12594 12595 12596 12597 12598 12599 12600 12601 12602 12603 12604 12605 12606 12607 12608 12609 12610 12611 12612 12613 12614 12615 12616 12617 12618 12619 12620 12621 12622 12623 12624 12625 
78 12626 12627 12628 12629 12630 12631 12632 12633 12634 12635 12636 12637 12638 12639 12640 12641 12642 12643 12644 12645 12646 12647 12648 12649 12650 12651 12652 12653 12654 12655 12656 12657 12658 12659 12660 12661 12662 12663 12664 12665 12666 12667 12668 12669 12670 12671 12672 12673 12674 12675 12676 12677 12678 12679 12680 12681 12682 12683 12684 12685 12686 12687 12688 12689 12690 12691 12692 12693 12694 12695 12696 12697 12698 12699 12700 12701 12702 12703 
79 12704 12705 12706 12707 12708 12709 12710 12711 12712 12713 12714 12715 12716 12717 12718 12719 12720 12721 12722 12723 12724 12725 12726 12727 12728 12729 12730 12731 12732 12733 12734 12735 12736 12737 12738 12739 12740 12741 12742 12743 12744 12745 12746 12747 12748 12749 12750 12751 12752 12753 12754 12755 12756 12757 12758 12759 12760 12761 12762 12763 12764 12765 12766 12767 12768 12769 12770 12771 12772 12773 12774 12775 12776 12777 12778 12779 12780 12781 12782 
79 12783 12784 12785 12786 12787 12788 12789 12790 12791 12792 12793 12794 12795 12796 12797 12798 12799 12800 12801 12802 12803 12804 12805 12806 12807 12808 12809 12810 12811 12812 12813 12814 12815 12816 12817 12818 12819 12820 12821 12822 12823 12824 12825 12826 12827 12828 12829 12830 12831 12832 12833 12834 12835 12836 12837 12838 12839 12840 12841 12842 12843 12844 12845 12846 12847 12848 12849 12850 12851 12852 12853 12854 12855 12856 12857 12858 12859 12860 12861 
77 12862 12863 12864 12865 12866 12867 12868 12869 12870 12871 12872 12873 12874 12875 12876 12877 12878 12879 12880 12881 12882 12883 12884 12885 12886 12887 12888 12889 12890 12891 12892 12893 12894 12895 12896 12897 12898 12899 12900 12901 12902 12903 12904 12905 12906 12907 12908 12909 12910 12911 12912 12913 12914 12915 12916 12917 12918 12919 12920 12921 12922 12923 12924 12925 12926 12927 12928 12929 12930 12931 12932 12933 12934 12935 12936 12937 12938 
78 12939 12940 12941 12942 12943 12944 12945 12946 12947 12948 12949 12950 12951 12952 12953 12954 12955 12956 12957 12958 12959 12960 12961 12962 12963 12964 12965 12966 12967 12968 12969 12970 12971 12972 12973 12974 12975 12976 12977 12978 12979 12980 12981 12982 12983 12984 12985 12986 12987 12988 12989 12990 12991 12992 12993 12994 12995 12996 12997 12998 12999 13000 13001 13002 13003 13004 13005 13006 13007 13008 13009 13010 13011 13012 13013 13014 13015 13016 
78 13017 13018 13019 13020 13021 13022 13023 13024 13025 13026 13027 13028 13029 13030 13031 13032 13033 13034 13035 13036 13037 13038 13039 13040 13041 13042 13043 13044 13045 13046 13047 13048 13049 13050 13051 13052 13053 13054 13055 13056 13057 13058 13059 13060 13061 13062 13063 13064 13065 13066 13067 13068 13069 13070 13071 13072 13073 13074 13075 13076 13077 13078 13079 13080 13081 13082 13083 13084 13085 13086 13087 13088 13089 13090 13091 13092 13093 13094 
79 13095 13096 13097 13098 13099 13100 13101 13102 13103 13104 13105 13106 13107 13108 13109 13110 13111 13112 13113 13114 13115 13116 13117 13118 13119 13120 13121 13122 13123 13124 13125 13126 13127 13128 13129 13130 13131 13132 13133 13134 13135 13136 13137 13138 13139 13140 13141 13142 13143 13144 13145 13146 13147 13148 13149 13150 13151 13152 13153 13154 13155 13156 13157 13158 13159 13160 13161 13162 13163 13164 13165 13166 13167 13168 13169 13170 13171 13172 13173 
79 13174 13175 13176 13177 13178 13179 13180 13181 13182 13183 13184 13185 13186 13187 13188 13189 13190 13191 13192 13193 13194 13195 13196 13197 13198 13199 13200 13201 13202 13203 13204 13205 13206 13207 13208 13209 13210 13211 13212 13213 13214 13215 13216 13217 13218 13219 13220 13221 13222 13223 13224 13225 13226 13227 13228 13229 13230 13231 13232 13233 13234 13235 13236 13237 13238 13239 13240 13241 13242 13243 13244 13245 13246 13247 13248 13249 13250 13251 13252 
77 13253 13254 13255 13256 13257 13258 13259 13260 13261 13262 13263 13264 13265 13266 13267 13268 13269 13270 13271 13272 13273 13274 13275 13276 13277 13278 13279 13280 13281 13282 13283 13284 13285 13286 13287 13288 13289 13290 13291 13292 13293 13294 13295 13296 13297 13298 13299 13300 13301 13302 13303 13304 13305 13306 13307 13308 13309 13310 13311 13312 13313 13314 13315 13316 13317 13318 13319 13320 13321 13322 13323 13324 13325 13326 13327 13328 13329 
78 13330 13331 13332 13333 13334 13335 13336 13337 13338 13339 13340 13341 13342 13343 13344 13345 13346 13347 13348 13349 13350 13351 13352 13353 13354 13355 13356 13357 13358 13359 13360 13361 13362 13363 13364 13365 13366 13367 13368 13369 13370 13371 13372 13373 13374 13375 13376 13377 13378 13379 13380 13381 13382 13383 13384 13385 13386 13387 13388 13389 13390 13391 13392 13393 13394 13395 13396 13397 13398 13399 13400 13401 13402 13403 13404 13405 13406 13407 
79 13408 13409 13410 13411 13412 13413 13414 13415 13416 13417 13418 13419 13420 13421 13422 13423 13424 13425 13426 13427 13428 13429 13430 13431 13432 13433 13434 13435 13436 13437 13438 13439 13440 13441 13442 13443 13444 13445 13446 13447 13448 13449 13450 13451 13452 13453 13454 13455 13456 13457 13458 13459 13460 13461 13462 13463 13464 13465 13466 13467 13468 13469 13470 13471 13472 13473 13474 13475 13476 13477 13478 13479 13480 13481 13482 13483 13484 13485 13486 
78 13487 13488 13489 13490 13491 13492 13493 13494 13495 13496 13497 13498 13499 13500 13501 13502 13503 13504 13505 13506 13507 13508 13509 13510 13511 13512 13513 13514 13515 13516 13517 13518 13519 13520 13521 13522 13523 13524 13525 13526 13527 13528 13529 13530 13531 13532 13533 13534 13535 13536 13537 13538 13539 13540 13541 13542 13543 13544 13545 13546 13547 13548 13549 13550 13551 13552 13553 13554 13555 13556 13557 13558 13559 13560 13561 13562 13563 13564 
79 13565 13566 13567 13568 13569 13570 13571 13572 13573 13574 13575 13576 13577 13578 13579 13580 13581 13582 13583 13584 13585 13586 13587 13588 13589 13590 13591 13592 13593 13594 13595 13596 13597 13598 13599 13600 13601 13602 13603 13604 13605 13606 13607 13608 13609 13610 13611 13612 13613 13614 13615 13616 13617 13618 13619 13620 13621 13622 13623 13624 13625 13626 13627 13628 13629 13630 13631 13632 13633 13634 13635 13636 13637 13638 13639 13640 13641 13642 13643 
79 13644 13645 13646 13647 13648 13649 13650 13651 13652 13653 13654 13655 13656 13657 13658 13659 13660 13661 13662 13663 13664 13665 13666 13667 13668 13669 13670 13671 13672 13673 13674 13675 13676 13677 13678 13679 13680 13681 13682 13683 13684 13685 13686 13687 13688 13689 13690 13691 13692 13693 13694 13695 13696 13697 13698 13699 13700 13701 13702 13703 13704 13705 13706 13707 13708 13709 13710 13711 13712 13713 13714 13715 13716 13717 13718 13719 13720 13721 13722 
78 13723 13724 13725 13726 13727 13728 13729 13730 13731 13732 13733 13734 13735 13736 13737 13738 13739 13740 13741 13742 13743 13744 13745 13746 13747 13748 13749 13750 13751 13752 13753 13754 13755 13756 13757 13758 13759 13760 13761 13762 13763 13764 13765 13766 13767 13768 13769 13770 13771 13772 13773 13774 13775 13776 13777 13778 13779 13780 13781 13782 13783 13784 13785 13786 13787 13788 13789 13790 13791 13792 13793 13794 13795 13796 13797 13798 13799 13800 
79 13801 13802 13803 13804 13805 13806 13807 13808 13809 13810 13811 13812 13813 13814 13815 13816 13817 13818 13819 13820 13821 13822 13823 13824 13825 13826 13827 13828 13829 13830 13831 13832 13833 13834 13835 13836 13837 13838 13839 13840 13841 13842 13843 13844 13845 13846 13847 13848 13849 13850 13851 13852 13853 13854 13855 13856 13857 13858 13859 13860 13861 13862 13863 13864 13865 13866 13867 13868 13869 13870 13871 13872 13873 13874 13875 13876 13877 13878 13879 
79 13880 13881 13882 13883 13884 13885 13886 13887 13888 13889 13890 13891 13892 13893 13894 13895 13896 13897 13898 13899 13900 13901 13902 13903 13904 13905 13906 13907 13908 13909 13910 13911 13912 13913 13914 13915 13916 13917 13918 13919 13920 13921 13922 13923 13924 13925 13926 13927 13928 13929 13930 13931 13932 13933 13934 13935 13936 13937 13938 13939 13940 13941 13942 13943 13944 13945 13946 13947 13948 13949 13950 13951 13952 13953 13954 13955 13956 13957 13958 
78 13959 13960 13961 13962 13963 13964 13965 13966 13967 13968 13969 13970 13971 13972 13973 13974 13975 13976 13977 13978 13979 13980 13981 13982 13983 13984 13985 13986 13987 13988 13989 13990 13991 13992 13993 13994 13995 13996 13997 13998 13999 14000 14001 14002 14003 14004 14005 14006 14007 14008 14009 14010 14011 14012 14013 14014 14015 14016 14017 14018 14019 14020 14021 14022 14023 14024 14025 14026 14027 14028 14029 14030 14031 14032 14033 14034 14035 14036 
78 14037 14038 14039 14040 14041 14042 14043 14044 14045 14046 14047 14048 14049 14050 14051 14052 14053 14054 14055 14056 14057 14058 14059 14060 14061 14062 14063 14064 14065 14066 14067 14068 14069 14070 14071 14072 14073 14074 14075 14076 14077 14078 14079 14080 14081 14082 14083 14084 14085 14086 14087 14088 14089 14090 14091 14092 14093 14094 14095 14096 14097 14098 14099 14100 14101 14102 14103 14104 14105 14106 14107 14108 14109 14110 14111 14112 14113 14114 
79 14115 14116 14117 14118 14119 14120 14121 14122 14123 14124 14125 14126 14127 14128 14129 14130 14131 14132 14133 14134 14135 14136 14137 14138 14139 14140 14141 14142 14143 14144 14145 14146 14147 14148 14149 14150 14151 14152 14153 14154 14155 14156 14157 14158 14159 14160 14161 14162 14163 14164 14165 14166 14167 14168 14169 14170 14171 14172 14173 14174 14175 14176 14177 14178 14179 14180 14181 14182 14183 14184 14185 14186 14187 14188 14189 14190 14191 14192 14193 
76 14194 14195 14196 14197 14198 14199 14200 14201 14202 14203 14204 14205 14206 14207 14208 14209 14210 14211 14212 14213 14214 14215 14216 14217 14218 14219 14220 14221 14222 14223 14224 14225 14226 14227 14228 14229 14230 14231 14232 14233 14234 14235 14236 14237 14238 14239 14240 14241 14242 14243 14244 14245 14246 14247 14248 14249 14250 14251 14252 14253 14254 14255 14256 14257 14258 14259 14260 14261 14262 14263 14264 14265 14266 14267 14268 14269 
79 14270 14271 14272 14273 14274 14275 14276 14277 14278 14279 14280 14281 14282 14283 14284 14285 14286 14287 14288 14289 14290 14291 14292 14293 14294 14295 14296 14297 14298 14299 14300 14301 14302 14303 14304 14305 14306 14307 14308 14309 14310 14311 14312 14313 14314 14315 14316 14317 14318 14319 14320 14321 14322 14323 14324 14325 14326 14327 14328 14329 14330 14331 14332 14333 14334 14335 14336 14337 14338 14339 14340 14341 14342 14343 14344 14345 14346 14347 14348 
78 14349 14350 14351 14352 14353 14354 14355 14356 14357 14358 14359 14360 14361 14362 14363 14364 14365 14366 14367 14368 14369 14370 14371 14372 14373 14374 14375 14376 14377 14378 14379 14380 14381 14382 14383 14384 14385 14386 14387 14388 14389 14390 14391 14392 14393 14394 14395 14396 14397 14398 14399 14400 14401 14402 14403 14404 14405 14406 14407 14408 14409 14410 14411 14412 14413 14414 14415 14416 14417 14418 14419 14420 14421 14422 14423 14424 14425 14426 
79 14427 14428 14429 14430 14431 14432 14433 14434 14435 14436 14437 14438 14439 14440 14441 14442 14443 14444 14445 14446 14447 14448 14449 14450 14451 14452 14453 14454 14455 14456 14457 14458 14459 14460 14461 14462 14463 14464 14465 14466 14467 14468 14469 14470 14471 14472 14473 14474 14475 14476 14477 14478 14479 14480 14481 14482 14483 14484 14485 14486 14487 14488 14489 14490 14491 14492 14493 14494 14495 14496 14497 14498 14499 14500 14501 14502 14503 14504 14505 
79 14506 14507 14508 14509 14510 14511 14512 14513 14514 14515 14516 14517 14518 14519 14520 14521 14522 14523 14524 14525 14526 14527 14528 14529 14530 14531 14532 14533 14534 14535 14536 14537 14538 14539 14540 14541 14542 14543 14544 14545 14546 14547 14548 14549 14550 14551 14552 14553 14554 14555 14556 14557 14558 14559 14560 14561 14562 14563 14564 14565 14566 14567 14568 14569 14570 14571 14572 14573 14574 14575 14576 14577 14578 14579 14580 14581 14582 14583 14584 
79 14585 14586 14587 14588 14589 14590 14591 14592 14593 14594 14595 14596 14597 14598 14599 14600 14601 14602 14603 14604 14605 14606 14607 14608 14609 14610 14611 14612 14613 14614 14615 14616 14617 14618 14619 14620 14621 14622 14623 14624 14625 14626 14627 14628 14629 14630 14631 14632 14633 14634 14635 14636 14637 14638 14639 14640 14641 14642 14643 14644 14645 14646 14647 14648 14649 14650 14651 14652 14653 14654 14655 14656 14657 14658 14659 14660 14661 14662 14663 
77 14664 14665 14666 14667 14668 14669 14670 14671 14672 14673 14674 14675 14676 14677 14678 14679 14680 14681 14682 14683 14684 14685 14686 14687 14688 14689 14690 14691 14692 14693 14694 14695 14696 14697 14698 14699 14700 14701 14702 14703 14704 14705 14706 14707 14708 14709 14710 14711 14712 14713 14714 14715 14716 14717 14718 14719 14720 14721 14722 14723 14724 14725 14726 14727 14728 14729 14730 14731 14732 14733 14734 14735 14736 14737 14738 14739 14740 
77 14741 14742 14743 14744 14745 14746 14747 14748 14749 14750 14751 14752 14753 14754 14755 14756 14757 14758 14759 14760 14761 14762 14763 14764 14765 14766 14767 14768 14769 14770 14771 14772 14773 14774 14775 14776 14777 14778 14779 14780 14781 14782 14783 14784 14785 14786 14787 14788 14789 14790 14791 14792 14793 14794 14795 14796 14797 14798 14799 14800 14801 14802 14803 14804 14805 14806 14807 14808 14809 14810 14811 14812 14813 14814 14815 14816 14817 
79 14818 14819 14820 14821 14822 14823 14824 14825 14826 14827 14828 14829 14830 14831 14832 14833 14834 14835 14836 14837 14838 14839 14840 14841 14842 14843 14844 14845 14846 14847 14848 14849 14850 14851 14852 14853 14854 14855 14856 14857 14858 14859 14860 14861 14862 14863 14864 14865 14866 14867 14868 14869 14870 14871 14872 14873 14874 14875 14876 14877 14878 14879 14880 14881 14882 14883 14884 14885 14886 14887 14888 14889 14890 14891 14892 14893 14894 14895 14896 
76 14897 14898 14899 14900 14901 14902 14903 14904 14905 14906 14907 14908 14909 14910 14911 14912 14913 14914 14915 14916 14917 14918 14919 14920 14921 14922 14923 14924 14925 14926 14927 14928 14929 14930 14931 14932 14933 14934 14935 14936 14937 14938 14939 14940 14941 14942 14943 14944 14945 14946 14947 14948 14949 14950 14951 14952 14953 14954 14955 14956 14957 14958 14959 14960 14961 14962 14963 14964 14965 14966 14967 14968 14969 14970 14971 14972 
75 14973 14974 14975 14976 14977 14978 14979 14980 14981 14982 14983 14984 14985 14986 14987 14988 14989 14990 14991 14992 14993 14994 14995 14996 14997 14998 14999 15000 15001 15002 15003 15004 15005 15006 15007 15008 15009 15010 15011 15012 15013 15014 15015 15016 15017 15018 15019 15020 15021 15022 15023 15024 15025 15026 15027 15028 15029 15030 15031 15032 15033 15034 15035 15036 15037 15038 15039 15040 15041 15042 15043 15044 15045 15046 15047 
77 15048 15049 15050 15051 15052 15053 15054 15055 15056 15057 15058 15059 15060 15061 15062 15063 15064 15065 15066 15067 15068 15069 15070 15071 15072 15073 15074 15075 15076 15077 15078 15079 15080 15081 15082 15083 15084 15085 15086 15087 15088 15089 15090 15091 15092 15093 15094 15095 15096 15097 15098 15099 15100 15101 15102 15103 15104 15105 15106 15107 15108 15109 15110 15111 15112 15113 15114 15115 15116 15117 15118 15119 15120 15121 15122 15123 15124 
77 15125 15126 15127 15128 15129 15130 15131 15132 15133 15134 15135 15136 15137 15138 15139 15140 15141 15142 15143 15144 15145 15146 15147 15148 15149 15150 15151 15152 15153 15154 15155 15156 15157 15158 15159 15160 15161 15162 15163 15164 15165 15166 15167 15168 15169 15170 15171 15172 15173 15174 15175 15176 15177 15178 15179 15180 15181 15182 15183 15184 15185 15186 15187 15188 15189 15190 15191 15192 15193 15194 15195 15196 15197 15198 15199 15200 15201 
79 15202 15203 15204 15205 15206 15207 15208 15209 15210 15211 15212 15213 15214 15215 15216 15217 15218 15219 15220 15221 15222 15223 15224 15225 15226 15227 15228 15229 15230 15231 15232 15233 15234 15235 15236 15237 15238 15239 15240 15241 15242 15243 15244 15245 15246 15247 15248 15249 15250 15251 15252 15253 15254 15255 15256 15257 15258 15259 15260 15261 15262 15263 15264 15265 15266 15267 15268 15269 15270 15271 15272 15273 15274 15275 15276 15277 15278 15279 15280 
76 15281 15282 15283 15284 15285 15286 15287 15288 15289 15290 15291 15292 15293 15294 15295 15296 15297 15298 15299 15300 15301 15302 15303 15304 15305 15306 15307 15308 15309 15310 15311 15312 15313 15314 15315 15316 15317 15318 15319 15320 15321 15322 15323 15324 15325 15326 15327 15328 15329 15330 15331 15332 15333 15334 15335 15336 15337 15338 15339 15340 15341 15342 15343 15344 15345 15346 15347 15348 15349 15350 15351 15352 15353 15354 15355 15356 
78 15357 15358 15359 15360 15361 15362 15363 15364 15365 15366 15367 15368 15369 15370 15371 15372 15373 15374 15375 15376 15377 15378 15379 15380 15381 15382 15383 15384 15385 15386 15387 15388 15389 15390 15391 15392 15393 15394 15395 15396 15397 15398 15399 15400 15401 15402 15403 15404 15405 15406 15407 15408 15409 15410 15411 15412 15413 15414 15415 15416 15417 15418 15419 15420 15421 15422 15423 15424 15425 15426 15427 15428 15429 15430 15431 15432 15433 15434 
79 15435 15436 15437 15438 15439 15440 15441 15442 15443 15444 15445 15446 15447 15448 15449 15450 15451 15452 15453 15454 15455 15456 15457 15458 15459 15460 15461 15462 15463 15464 15465 15466 15467 15468 15469 15470 15471 15472 15473 15474 15475 15476 15477 15478 15479 15480 15481 15482 15483 15484 15485 15486 15487 15488 15489 15490 15491 15492 15493 15494 15495 15496 15497 15498 15499 15500 15501 15502 15503 15504 15505 15506 15507 15508 15509 15510 15511 15512 15513 
79 15514 15515 15516 15517 15518 15519 15520 15521 15522 15523 15524 15525 15526 15527 15528 15529 15530 15531 15532 15533 15534 15535 15536 15537 15538 15539 15540 15541 15542 15543 15544 15545 15546 15547 15548 15549 15550 15551 15552 15553 15554 15555 15556 15557 15558 15559 15560 15561 15562 15563 15564 15565 15566 15567 15568 15569 15570 15571 15572 15573 15574 15575 15576 15577 15578 15579 15580 15581 15582 15583 15584 15585 15586 15587 15588 15589 15590 15591 15592 
77 15593 15594 15595 15596 15597 15598 15599 15600 15601 15602 15603 15604 15605 15606 15607 15608 15609 15610 15611 15612 15613 15614 15615 15616 15617 15618 15619 15620 15621 15622 15623 15624 15625 15626 15627 15628 15629 15630 15631 15632 15633 15634 15635 15636 15637 15638 15639 15640 15641 15642 15643 15644 15645 15646 15647 15648 15649 15650 15651 15652 15653 15654 15655 15656 15657 15658 15659 15660 15661 15662 15663 15664 15665 15666 15667 15668 15669 
79 15670 15671 15672 15673 15674 15675 15676 15677 15678 15679 15680 15681 15682 15683 15684 15685 15686 15687 15688 15689 15690 15691 15692 15693 15694 15695 15696 15697 15698 15699 15700 15701 15702 15703 15704 15705 15706 15707 15708 15709 15710 15711 15712 15713 15714 15715 15716 15717 15718 15719 15720 15721 15722 15723 15724 15725 15726 15727 15728 15729 15730 15731 15732 15733 15734 15735 15736 15737 15738 15739 15740 15741 15742 15743 15744 15745 15746 15747 15748 

POINT_DATA 15749
SCALARS FiberLocationIndex int
LOOKUP_TABLE default
2 3 4 5 6 7 8 9 10 
11 12 13 14 15 16 17 18 19 
20 21 22 23 24 25 26 27 28 
29 30 31 32 33 34 35 36 37 
38 39 40 41 42 43 44 45 46 
47 48 49 50 51 52 53 54 55 
56 57 58 59 60 61 62 63 64 
65 66 67 68 69 70 71 72 73 
74 75 76 77 78 0 1 2 3 
4 5 6 7 8 9 10 11 12 
13 14 15 16 17 18 19 20 21 
22 23 24 25 26 27 28 29 30 
31 32 33 34 35 36 37 38 39 
40 41 42 43 44 45 46 47 48 
49 50 51 52 53 54 55 56 57 
58 59 60 61 62 63 64 65 66 
67 68 69 70 71 72 73 74 75 
76 77 78 0 1 2 3 4 5 
6 7 8 9 10 11 12 13 14 
15 16 17 18 19 20 21 22 23 
24 25 26 27 28 29 30 31 32 
33 34 35 36 37 38 39 40 41 
42 43 44 45 46 47 48 49 50 
51 52 53 54 55 56 57 58 59 
60 61 62 63 64 65 66 67 68 
69 70 71 72 73 74 75 76 77 
78 0 1 2 3 4 5 6 7 
8 9 10 11 12 13 14 15 16 
17 18 19 20 21 22 23 24 25 
26 27 28 29 30 31 32 33 34 
35 36 37 38 39 40 41 42 43 
44 45 46 47 48 49 50 51 52 
53 54 55 56 57 58 59 60 61 
62 63 64 65 66 67 68 69 70 
71 72 73 74 75 76 77 78 0 
1 2 3 4 5 6 7 8 9 
10 11 12 13 14 15 16 17 18 
19 20 21 22 23 24 25 26 27 
28 29 30 31 32 33 34 35 36 
37 38 39 40 41 42 43 44 45 
46 47 48 49 50 51 52 53 54 
55 56 57 58 59 60 61 62 63 
64 65 66 67 68 69 70 71 72 
73 74 75 76 77 78 2 3 4 
5 6 7 8 9 10 11 12 13 
14 15 16 17 18 19 20 21 22 
23 24 25 26 27 28 29 30 31 
32 33 34 35 36 37 38 39 40 
41 42 43 44 45 46 47 48 49 
50 51 52 53 54 55 56 57 58 
59 60 61 62 63 64 65 66 67 
68 69 70 71 72 73 74 75 76 
77 78 0 1 2 3 4 5 6 
7 8 9 10 11 12 13 14 15 
16 17 18 19 20 21 22 23 24 
25 26 27 28 29 30 31 32 33 
34 35 36 37 38 39 40 41 42 
43 44 45 46 47 48 49 50 51 
52 53 54 55 56 57 58 59 60 
61 62 63 64 65 66 67 68 69 
70 71 72 73 74 75 76 77 0 
1 2 3 4 5 6 7 8 9 
10 11 12 13 14 15 16 17 18 
19 20 21 22 23 24 25 26 27 
28 29 30 31 32 33 34 35 36 
37 38 39 40 41 42 43 44 45 
46 47 48 49 50 51 52 53 54 
55 56 57 58 59 60 61 62 63 
64 65 66 67 68 69 70 71 72 
73 74 75 76 77 78 0 1 2 
3 4 5 6 7 8 9 10 11 
12 13 14 15 16 17 18 19 20 
21 22 23 24 25 26 27 28 29 
30 31 32 33 34 35 36 37 38 
39 40 41 42 43 44 45 46 47 
48 49 50 51 52 53 54 55 56 
57 58 59 60 61 62 63 64 65 
66 67 68 69 70 71 72 73 74 
75 76 77 78 0 1 2 3 4 
5 6 7 8 9 10 11 12 13 
14 15 16 17 18 19 20 21 22 
23 24 25 26 27 28 29 30 31 
32 33 34 35 36 37 38 39 40 
41 42 43 44 45 46 47 48 49 
50 51 52 53 54 55 56 57 58 
59 60 61 62 63 64 65 66 67 
68 69 70 71 72 73 74 75 76 
77 78 79 0 1 2 3 4 5 
6 7 8 9 10 11 12 13 14 
15 16 17 18 19 20 21 22 23 
24 25 26 27 28 29 30 31 32 
33 34 35 36 37 38 39 40 41 
42 43 44 45 46 47 48 49 50 
51 52 53 54 55 56 57 58 59 
60 61 62 63 64 65 66 67 68 
69 70 71 72 73 74 75 76 77 
2 3 4 5 6 7 8 9 10 
11 12 13 14 15 16 17 18 19 
20 21 22 23 24 25 26 27 28 
29 30 31 32 33 34 35 36 37 
38 39 40 41 42 43 44 45 46 
47 48 49 50 51 52 53 54 55 
56 57 58 59 60 61 62 63 64 
65 66 67 68 69 70 71 72 73 
74 75 76 77 78 0 1 2 3 
4 5 6 7 8 9 10 11 12 
13 14 15 16 17 18 19 20 21 
22 23 24 25 26 27 28 29 30 
31 32 33 34 35 36 37 38 39 
40 41 42 43 44 45 46 47 48 
49 50 51 52 53 54 55 56 57 
58 59 60 61 62 63 64 65 66 
67 68 69 70 71 72 73 74 75 
76 77 78 2 3 4 5 6 7 
8 9 10 11 12 13 14 15 16 
17 18 19 20 21 22 23 24 25 
26 27 28 29 30 31 32 33 34 
35 36 37 38 39 40 41 42 43 
44 45 46 47 48 49 50 51 52 
53 54 55 56 57 58 59 60 61 
62 63 64 65 66 67 68 69 70 
71 72 73 74 75 76 77 1 2 
3 4 5 6 7 8 9 10 11 
12 13 14 15 16 17 18 19 20 
21 22 23 24 25 26 27 28 29 
30 31 32 33 34 35 36 37 38 
39 40 41 42 43 44 45 46 47 
48 49 50 51 52 53 54 55 56 
57 58 59 60 61 62 63 64 65 
66 67 68 69 70 71 72 73 74 
75 76 77 78 2 3 4 5 6 
7 8 9 10 11 12 13 14 15 
16 17 18 19 20 21 22 23 24 
25 26 27 28 29 30 31 32 33 
34 35 36 37 38 39 40 41 42 
43 44 45 46 47 48 49 50 51 
52 53 54 55 56 57 58 59 60 
61 62 63 64 65 66 67 68 69 
70 71 72 73 74 75 76 77 78 
0 1 2 3 4 5 6 7 8 
9 10 11 12 13 14 15 16 17 
18 19 20 21 22 23 24 25 26 
27 28 29 30 31 32 33 34 35 
36 37 38 39 40 41 42 43 44 
45 46 47 48 49 50 51 52 53 
54 55 56 57 58 59 60 61 62 
63 64 65 66 67 68 69 70 71 
72 73 74 75 76 77 78 0 1 
2 3 4 5 6 7 8 9 10 
11 12 13 14 15 16 17 18 19 
20 21 22 23 24 25 26 27 28 
29 30 31 32 33 34 35 36 37 
38 39 40 41 42 43 44 45 46 
47 48 49 50 51 52 53 54 55 
56 57 58 59 60 61 62 63 64 
65 66 67 68 69 70 71 72 73 
74 75 76 77 78 1 2 3 4 
5 6 7 8 9 10 11 12 13 
14 15 16 17 18 19 20 21 22 
23 24 25 26 27 28 29 30 31 
32 33 34 35 36 37 38 39 40 
41 42 43 44 45 46 47 48 49 
50 51 52 53 54 55 56 57 58 
59 60 61 62 63 64 65 66 67 
68 69 70 71 72 73 74 75 76 
77 78 1 2 3 4 5 6 7 
8 9 10 11 12 13 14 15 16 
17 18 19 20 21 22 23 24 25 
26 27 28 29 30 31 32 33 34 
35 36 37 38 39 40 41 42 43 
44 45 46 47 48 49 50 51 52 
53 54 55 56 57 58 59 60 61 
62 63 64 65 66 67 68 69 70 
71 72 73 74 75 76 77 78 0 
1 2 3 4 5 6 7 8 9 
10 11 12 13 14 15 16 17 18 
19 20 21 22 23 24 25 26 27 
28 29 30 31 32 33 34 35 36 
37 38 39 41 42 43 44 45 46 
47 48 49 50 51 52 53 54 55 
56 57 58 59 60 61 62 63 64 
65 66 67 68 69 70 71 72 73 
74 75 76 77 78 0 1 2 3 
4 5 6 7 8 9 10 11 12 
13 14 15 16 17 18 19 20 21 
22 23 24 25 26 27 28 29 30 
31 32 33 34 35 36 37 38 39 
40 41 42 43 44 45 46 47 48 
49 50 51 52 53 54 55 56 57 
58 59 60 61 62 63 64 65 66 
67 68 69 70 71 72 73 74 75 
76 77 0 1 2 3 4 5 6 
7 8 9 10 11 12 13 14 15 
16 17 18 19 20 21 22 23 24 
25 26 27 28 29 30 31 32 33 
34 35 36 37 38 39 40 41 42 
43 44 45 46 47 48 49 50 51 
52 53 54 55 56 57 58 59 60 
61 62 63 64 65 66 67 68 69 
70 71 72 73 74 75 76 77 1 
2 3 4 5 6 7 8 9 10 
11 12 13 14 15 16 17 18 19 
20 21 22 23 24 25 26 27 28 
29 30 31 32 33 34 35 36 37 
38 39 40 41 42 43 44 45 46 
47 48 49 50 51 52 53 54 55 
56 57 58 59 60 61 62 63 64 
65 66 67 68 69 70 71 72 73 
74 75 76 77 78 1 2 3 4 
5 6 7 8 9 10 11 12 13 
14 15 16 17 18 19 20 21 22 
23 24 25 26 27 28 29 30 31 
32 33 34 35 36 37 38 39 40 
41 42 43 44 45 46 47 48 49 
50 51 52 53 54 55 56 57 58 
59 60 61 62 63 64 65 66 67 
68 69 70 71 72 73 74 75 76 
77 78 0 1 2 3 4 5 6 
7 8 9 10 11 12 13 14 15 
16 17 18 19 20 21 22 23 24 
25 26 27 28 29 30 31 32 33 
34 35 36 37 38 39 40 41 42 
43 44 45 46 47 48 49 50 51 
52 53 54 55 56 57 58 59 60 
61 62 63 64 65 66 67 68 69 
70 71 72 73 74 75 76 77 78 
0 1 2 3 4 5 6 7 8 
9 10 11 12 13 14 15 16 17 
18 19 20 21 22 23 24 25 26 
27 28 29 30 31 32 33 34 35 
36 37 38 39 40 41 42 43 44 
45 46 47 48 49 50 51 52 53 
54 55 56 57 58 59 60 61 62 
63 64 65 66 67 68 69 70 71 
72 73 74 75 76 77 78 2 3 
4 5 6 7 8 9 10 11 12 
13 14 15 16 17 18 19 20 21 
22 23 24 25 26 27 28 29 30 
31 32 33 34 35 36 37 38 39 
40 41 42 43 44 45 46 47 48 
49 50 51 52 53 54 55 56 57 
58 59 60 61 62 63 64 65 66 
67 68 69 70 71 72 73 74 75 
76 77 0 1 2 3 4 5 6 
7 8 9 10 11 12 13 14 15 
16 17 18 19 20 21 22 23 24 
25 26 27 28 29 30 31 32 33 
34 35 36 37 38 39 40 41 42 
43 44 45 46 47 48 49 50 51 
52 53 54 55 56 57 58 59 60 
61 62 63 64 65 66 67 68 69 
70 71 72 73 74 75 76 77 78 
0 1 2 3 4 5 6 7 8 
9 10 11 12 13 14 15 16 17 
18 19 20 21 22 23 24 25 26 
27 28 29 30 31 32 33 34 35 
36 37 38 39 40 41 42 43 44 
45 46 47 48 49 50 51 52 53 
54 55 56 57 58 59 60 61 62 
63 64 65 66 67 68 69 70 71 
72 73 74 75 76 77 78 1 2 
3 4 5 6 7 8 9 10 11 
12 13 14 15 16 17 18 19 20 
21 22 23 24 25 26 27 28 29 
30 31 32 33 34 35 36 37 38 
39 40 41 42 43 44 45 46 47 
48 49 50 51 52 53 54 55 56 
57 58 59 60 61 62 63 64 65 
66 67 68 69 70 71 72 73 74 
75 76 77 0 1 2 3 4 5 
6 7 8 9 10 11 12 13 14 
15 16 17 18 19 20 21 22 23 
24 25 26 27 28 29 30 31 32 
33 34 35 36 37 38 39 40 41 
42 43 44 45 46 47 48 49 50 
51 52 53 54 55 56 57 58 59 
60 61 62 63 64 65 66 67 68 
69 70 71 72 73 74 75 76 77 
78 0 1 2 3 4 5 6 7 
8 9 10 11 12 13 14 15 16 
17 18 19 20 21 22 23 24 25 
26 27 28 29 30 31 32 33 34 
35 36 37 38 39 40 41 42 43 
44 45 46 47 48 49 50 51 52 
53 54 55 56 57 58 59 60 61 
62 63 64 65 66 67 68 69 70 
71 72 73 74 75 76 77 78 0 
1 2 3 4 5 6 7 8 9 
10 11 12 13 14 15 16 17 18 
19 20 21 22 23 24 25 26 27 
28 29 30 31 32 33 34 35 36 
37 38 39 40 41 42 43 44 45 
46 47 48 49 50 51 52 53 54 
55 56 57 58 59 60 61 62 63 
64 65 66 67 68 69 70 71 72 
73 74 75 76 2 3 4 5 6 
7 8 9 10 11 12 13 14 15 
16 17 18 19 20 21 22 23 24 
25 26 27 28 29 30 31 32 33 
34 35 36 37 38 39 40 41 42 
43 44 45 46 47 48 49 50 51 
52 53 54 55 56 57 58 59 60 
61 62 63 64 65 66 67 68 69 
70 71 72 73 74 75 76 77 0 
1 2 3 4 5 6 7 8 9 
10 11 12 13 14 15 16 17 18 
19 20 21 22 23 24 25 26 27 
28 29 30 31 32 33 34 35 36 
37 38 39 40 41 42 43 44 45 
46 47 48 49 50 51 52 53 54 
55 56 57 58 59 60 61 62 63 
64 65 66 67 68 69 70 71 72 
73 74 75 76 77 78 0 1 2 
3 4 5 6 7 8 9 10 11 
12 13 14 15 16 17 18 19 20 
21 22 23 24 25 26 27 28 29 
30 31 32 33 34 35 36 37 38 
39 40 41 42 43 44 45 46 47 
48 49 50 51 52 53 54 55 56 
57 58 59 60 61 62 63 64 65 
66 67 68 69 70 71 72 73 74 
75 76 77 78 1 2 3 4 5 
6 7 8 9 10 11 12 13 14 
15 16 17 18 19 20 21 22 23 
24 25 26 27 28 29 30 31 32 
33 34 35 36 37 38 39 40 41 
42 43 44 45 46 47 48 49 50 
51 52 53 54 55 56 57 58 59 
60 61 62 63 64 65 66 67 68 
69 70 71 72 73 74 75 76 77 
78 2 3 4 5 6 7 8 9 
10 11 12 13 14 15 16 17 18 
19 20 21 22 23 24 25 26 27 
28 29 30 31 32 33 34 35 36 
37 38 39 40 41 42 43 44 45 
46 47 48 49 50 51 52 53 54 
55 56 57 58 59 60 61 62 63 
64 65 66 67 68 69 70 71 72 
73 74 75 76 77 78 1 2 3 
4 5 6 7 8 9 10 11 12 
13 14 15 16 17 18 19 20 21 
22 23 24 25 26 27 28 29 30 
31 32 33 34 35 36 37 38 39 
40 41 42 43 44 45 46 47 48 
49 50 51 52 53 54 55 56 57 
58 59 60 61 62 63 64 65 66 
67 68 69 70 71 72 73 74 75 
76 77 1 2 3 4 5 6 7 
8 9 10 11 12 13 14 15 16 
17 18 19 20 21 22 23 24 25 
26 27 28 29 30 31 32 33 34 
35 36 37 38 39 40 41 42 43 
44 45 46 47 48 49 50 51 52 
53 54 55 56 57 58 59 60 61 
62 63 64 65 66 67 68 69 70 
71 72 73 74 75 76 77 78 0 
1 2 3 4 5 6 7 8 9 
10 11 12 13 14 15 16 17 18 
19 20 21 22 23 24 25 26 27 
28 29 30 31 32 33 34 35 36 
37 38 39 40 41 42 43 44 45 
46 47 48 49 50 51 52 53 54 
55 56 57 58 59 60 61 62 63 
64 65 66 67 68 69 70 71 72 
73 74 75 76 77 2 3 4 5 
6 7 8 9 10 11 12 13 14 
15 16 17 18 19 20 21 22 23 
24 25 26 27 28 29 30 31 32 
33 34 35 36 37 38 39 40 41 
42 43 44 45 46 47 48 49 50 
51 52 53 54 55 56 57 58 59 
60 61 62 63 64 65 66 67 68 
69 70 71 72 73 74 75 76 77 
78 0 1 2 3 4 5 6 7 
8 9 10 11 12 13 14 15 16 
17 18 19 20 21 22 23 24 25 
26 27 28 29 30 31 32 33 34 
35 36 37 38 39 40 41 42 43 
44 45 46 47 48 49 50 51 52 
53 54 55 56 57 58 59 60 61 
62 63 64 65 66 67 68 69 70 
71 72 73 74 75 76 77 2 3 
4 5 6 7 8 9 10 11 12 
13 14 15 16 17 18 19 20 21 
22 23 24 25 26 27 28 29 30 
31 32 33 34 35 36 37 38 39 
40 41 42 43 44 45 46 47 48 
49 50 51 52 53 54 55 56 57 
58 59 60 61 62 63 64 65 66 
67 68 69 70 71 72 73 74 75 
76 77 78 1 2 3 4 5 6 
7 8 9 10 11 12 13 14 15 
16 17 18 19 20 21 22 23 24 
25 26 27 28 29 30 31 32 33 
34 35 36 37 38 39 40 41 42 
43 44 45 46 47 48 49 50 51 
52 53 54 55 56 57 58 59 60 
61 62 63 64 65 66 67 68 69 
70 71 72 73 74 75 76 77 78 
1 2 3 4 5 6 7 8 9 
10 11 12 13 14 15 16 17 18 
19 20 21 22 23 24 25 26 27 
28 29 30 31 32 33 34 35 36 
37 38 39 40 41 42 43 44 45 
46 47 48 49 50 51 52 53 54 
55 56 57 58 59 60 61 62 63 
64 65 66 67 68 69 70 71 72 
73 74 75 76 77 0 1 2 3 
4 5 6 7 8 9 10 11 12 
13 14 15 16 17 18 19 20 21 
22 23 24 25 26 27 28 29 30 
31 32 33 34 35 36 37 38 39 
40 41 42 43 44 45 46 47 48 
49 50 51 52 53 54 55 56 57 
58 59 60 61 62 63 64 65 66 
67 68 69 70 71 72 73 74 75 
76 77 78 2 3 4 5 6 7 
8 9 10 11 12 13 14 15 16 
17 18 19 20 21 22 23 24 25 
26 27 28 29 30 31 32 33 34 
35 36 37 38 39 40 41 42 43 
44 45 46 47 48 49 50 51 52 
53 54 55 56 57 58 59 60 61 
62 63 64 65 66 67 68 69 70 
71 72 73 74 75 76 77 78 0 
1 2 3 4 5 6 7 8 9 
10 11 12 13 14 15 16 17 18 
19 20 21 22 23 24 25 26 27 
28 29 30 31 32 33 34 35 36 
37 38 39 41 42 43 44 45 46 
47 48 49 50 51 52 53 54 55 
56 57 58 59 60 61 62 63 64 
65 66 67 68 69 70 71 72 73 
74 75 76 77 78 79 0 1 2 
3 4 5 6 7 8 9 10 11 
12 13 14 15 16 17 18 19 20 
21 22 23 24 25 26 27 28 29 
30 31 32 33 34 35 36 37 38 
39 40 41 42 43 44 45 46 47 
48 49 50 51 52 53 54 55 56 
57 58 59 60 61 62 63 64 65 
66 67 68 69 70 71 72 73 74 
75 76 77 78 0 1 2 3 4 
5 6 7 8 9 10 11 12 13 
14 15 16 17 18 19 20 21 22 
23 24 25 26 27 28 29 30 31 
32 33 34 35 36 37 38 39 40 
41 42 43 44 45 46 47 48 49 
50 51 52 53 54 55 56 57 58 
59 60 61 62 63 64 65 66 67 
68 69 70 71 72 73 74 75 76 
77 78 0 1 2 3 4 5 6 
7 8 9 10 11 12 13 14 15 
16 17 18 19 20 21 22 23 24 
25 26 27 28 29 30 31 32 33 
34 35 36 37 38 39 41 42 43 
44 45 46 47 48 49 50 51 52 
53 54 55 56 57 58 59 60 61 
62 63 64 65 66 67 68 69 70 
71 72 73 74 75 76 77 78 0 
1 2 3 4 5 6 7 8 9 
10 11 12 13 14 15 16 17 18 
19 20 21 22 23 24 25 26 27 
28 29 30 31 32 33 34 35 36 
37 38 39 40 41 42 43 44 45 
46 47 48 49 50 51 52 53 54 
55 56 57 58 59 60 61 62 63 
64 65 66 67 68 69 70 71 72 
73 74 75 76 77 0 1 2 3 
4 5 6 7 8 9 10 11 12 
13 14 15 16 17 18 19 20 21 
22 23 24 25 26 27 28 29 30 
31 32 33 34 35 36 37 38 39 
40 41 42 43 44 45 46 47 48 
49 50 51 52 53 54 55 56 57 
58 59 60 61 62 63 64 65 66 
67 68 69 70 71 72 73 74 75 
76 77 0 1 2 3 4 5 6 
7 8 9 10 11 12 13 14 15 
16 17 18 19 20 21 22 23 24 
25 26 27 28 29 30 31 32 33 
34 35 36 37 38 39 40 41 42 
43 44 45 46 47 48 49 50 51 
52 53 54 55 56 57 58 59 60 
61 62 63 64 65 66 67 68 69 
70 71 72 73 74 75 76 77 2 
3 4 5 6 7 8 9 10 11 
12 13 14 15 16 17 18 19 20 
21 22 23 24 25 26 27 28 29 
30 31 32 33 34 35 36 37 38 
39 40 41 42 43 44 45 46 47 
48 49 50 51 52 53 54 55 56 
57 58 59 60 61 62 63 64 65 
66 67 68 69 70 71 72 73 74 
75 76 77 78 0 1 2 3 4 
5 6 7 8 9 10 11 12 13 
14 15 16 17 18 19 20 21 22 
23 24 25 26 27 28 29 30 31 
32 33 34 35 36 37 38 39 40 
41 42 43 44 45 46 47 48 49 
50 51 52 53 54 55 56 57 58 
59 60 61 62 63 64 65 66 67 
68 69 70 71 72 73 74 75 76 
77 78 0 1 2 3 4 5 6 
7 8 9 10 11 12 13 14 15 
16 17 18 19 20 21 22 23 24 
25 26 27 28 29 30 31 32 33 
34 35 36 37 38 39 40 41 42 
43 44 45 46 47 48 49 50 51 
52 53 54 55 56 57 58 59 60 
61 62 63 64 65 66 67 68 69 
70 71 72 73 74 75 76 77 0 
1 2 3 4 5 6 7 8 9 
10 11 12 13 14 15 16 17 18 
19 20 21 22 23 24 25 26 27 
28 29 30 31 32 33 34 35 36 
37 38 39 40 41 42 43 44 45 
46 47 48 49 50 51 52 53 54 
55 56 57 58 59 60 61 62 63 
64 65 66 67 68 69 70 71 72 
73 74 75 76 77 78 1 2 3 
4 5 6 7 8 9 10 11 12 
13 14 15 16 17 18 19 20 21 
22 23 24 25 26 27 28 29 30 
31 32 33 34 35 36 37 38 39 
40 41 42 43 44 45 46 47 48 
49 50 51 52 53 54 55 56 57 
58 59 60 61 62 63 64 65 66 
67 68 69 70 71 72 73 74 75 
76 77 0 1 2 3 4 5 6 
7 8 9 10 11 12 13 14 15 
16 17 18 19 20 21 22 23 24 
25 26 27 28 29 30 31 32 33 
34 35 36 37 38 39 40 41 42 
43 44 45 46 47 48 49 50 51 
52 53 54 55 56 57 58 59 60 
61 62 63 64 65 66 67 68 69 
70 71 72 73 74 75 76 77 78 
2 3 4 5 6 7 8 9 10 
11 12 13 14 15 16 17 18 19 
20 21 22 23 24 25 26 27 28 
29 30 31 32 33 34 35 36 37 
38 39 40 41 42 43 44 45 46 
47 48 49 50 51 52 53 54 55 
56 57 58 59 60 61 62 63 64 
65 66 67 68 69 70 71 72 73 
74 75 76 77 78 0 1 2 3 
4 5 6 7 8 9 10 11 12 
13 14 15 16 17 18 19 20 21 
22 23 24 25 26 27 28 29 30 
31 32 33 34 35 36 37 38 39 
40 41 42 43 44 45 46 47 48 
49 50 51 52 53 54 55 56 57 
58 59 60 61 62 63 64 65 66 
67 68 69 70 71 72 73 74 75 
76 77 0 1 2 3 4 5 6 
7 8 9 10 11 12 13 14 15 
16 17 18 19 20 21 22 23 24 
25 26 27 28 29 30 31 32 33 
34 35 36 37 38 39 41 42 43 
44 45 46 47 48 49 50 51 52 
53 54 55 56 57 58 59 60 61 
62 63 64 65 66 67 68 69 70 
71 72 73 74 75 76 77 78 79 
2 3 4 5 6 7 8 9 10 
11 12 13 14 15 16 17 18 19 
20 21 22 23 24 25 26 27 28 
29 30 31 32 33 34 35 36 37 
38 39 40 41 42 43 44 45 46 
47 48 49 50 51 52 53 54 55 
56 57 58 59 60 61 62 63 64 
65 66 67 68 69 70 71 72 73 
74 75 76 77 78 2 3 4 5 
6 7 8 9 10 11 12 13 14 
15 16 17 18 19 20 21 22 23 
24 25 26 27 28 29 30 31 32 
33 34 35 36 37 38 39 40 41 
42 43 44 45 46 47 48 49 50 
51 52 53 54 55 56 57 58 59 
60 61 62 63 64 65 66 67 68 
69 70 71 72 73 74 75 76 77 
78 0 1 2 3 4 5 6 7 
8 9 10 11 12 13 14 15 16 
17 18 19 20 21 22 23 24 25 
26 27 28 29 30 31 32 33 34 
35 36 37 38 39 40 41 42 43 
44 45 46 47 48 49 50 51 52 
53 54 55 56 57 58 59 60 61 
62 63 64 65 66 67 68 69 70 
71 72 73 74 75 76 77 78 2 
3 4 5 6 7 8 9 10 11 
12 13 14 15 16 17 18 19 20 
21 22 23 24 25 26 27 28 29 
30 31 32 33 34 35 36 37 38 
39 40 41 42 43 44 45 46 47 
48 49 50 51 52 53 54 55 56 
57 58 59 60 61 62 63 64 65 
66 67 68 69 70 71 72 73 74 
75 76 77 78 2 3 4 5 6 
7 8 9 10 11 12 13 14 15 
16 17 18 19 20 21 22 23 24 
25 26 27 28 29 30 31 32 33 
34 35 36 37 38 39 40 41 42 
43 44 45 46 47 48 49 50 51 
52 53 54 55 56 57 58 59 60 
61 62 63 64 65 66 67 68 69 
70 71 72 73 74 75 76 77 78 
3 4 5 6 7 8 9 10 11 
12 13 14 15 16 17 18 19 20 
21 22 23 24 25 26 27 28 29 
30 31 32 33 34 35 36 37 38 
39 40 41 42 43 44 45 46 47 
48 49 50 51 52 53 54 55 56 
57 58 59 60 61 62 63 64 65 
66 67 68 69 70 71 72 73 74 
75 76 77 78 0 1 2 3 4 
5 6 7 8 9 10 11 12 13 
14 15 16 17 18 19 20 21 22 
23 24 25 26 27 28 29 30 31 
32 33 34 35 36 37 38 39 40 
41 42 43 44 45 46 47 48 49 
50 51 52 53 54 55 56 57 58 
59 60 61 62 63 64 65 66 67 
68 69 70 71 72 73 74 75 76 
77 78 2 3 4 5 6 7 8 
9 10 11 12 13 14 15 16 17 
18 19 20 21 22 23 24 25 26 
27 28 29 30 31 32 33 34 35 
36 37 38 39 40 41 42 43 44 
45 46 47 48 49 50 51 52 53 
54 55 56 57 58 59 60 61 62 
63 64 65 66 67 68 69 70 71 
72 73 74 75 76 77 78 0 1 
2 3 4 5 6 7 8 9 10 
11 12 13 14 15 16 17 18 19 
20 21 22 23 24 25 26 27 28 
29 30 31 32 33 34 35 36 37 
38 39 40 41 42 43 44 45 46 
47 48 49 50 51 52 53 54 55 
56 57 58 59 60 61 62 63 64 
65 66 67 68 69 70 71 72 73 
74 75 76 77 78 79 0 1 2 
3 4 5 6 7 8 9 10 11 
12 13 14 15 16 17 18 19 20 
21 22 23 24 25 26 27 28 29 
30 31 32 33 34 35 36 37 38 
39 40 41 42 43 44 45 46 47 
48 49 50 51 52 53 54 55 56 
57 58 59 60 61 62 63 64 65 
66 67 68 69 70 71 72 73 74 
75 76 77 2 3 4 5 6 7 
8 9 10 11 12 13 14 15 16 
17 18 19 20 21 22 23 24 25 
26 27 28 29 30 31 32 33 34 
35 36 37 38 39 40 41 42 43 
44 45 46 47 48 49 50 51 52 
53 54 55 56 57 58 59 60 61 
62 63 64 65 66 67 68 69 70 
71 72 73 74 75 76 77 78 2 
3 4 5 6 7 8 9 10 11 
12 13 14 15 16 17 18 19 20 
21 22 23 24 25 26 27 28 29 
30 31 32 33 34 35 36 37 38 
39 40 41 42 43 44 45 46 47 
48 49 50 51 52 53 54 55 56 
57 58 59 60 61 62 63 64 65 
66 67 68 69 70 71 72 73 74 
75 76 77 78 0 1 2 3 4 
5 6 7 8 9 10 11 12 13 
14 15 16 17 18 19 20 21 22 
23 24 25 26 27 28 29 30 31 
32 33 34 35 36 37 38 39 40 
41 42 43 44 45 46 47 48 49 
50 51 52 53 54 55 56 57 58 
59 60 61 62 63 64 65 66 67 
68 69 70 71 72 73 74 75 76 
77 0 1 2 3 4 5 6 7 
8 9 10 11 12 13 14 15 16 
17 18 19 20 21 22 23 24 25 
26 27 28 29 30 31 32 33 34 
35 36 37 38 39 40 41 42 43 
44 45 46 47 48 49 50 51 52 
53 54 55 56 57 58 59 60 61 
62 63 64 65 66 67 68 69 70 
71 72 73 74 75 76 77 0 1 
2 3 4 5 6 7 8 9 10 
11 12 13 14 15 16 17 18 19 
20 21 22 23 24 25 26 27 28 
29 30 31 32 33 34 35 36 37 
38 39 40 41 42 43 44 45 46 
47 48 49 50 51 52 53 54 55 
56 57 58 59 60 61 62 63 64 
65 66 67 68 69 70 71 72 73 
74 75 76 77 78 1 2 3 4 
5 6 7 8 9 10 11 12 13 
14 15 16 17 18 19 20 21 22 
23 24 25 26 27 28 29 30 31 
32 33 34 35 36 37 38 39 40 
41 42 43 44 45 46 47 48 49 
50 51 52 53 54 55 56 57 58 
59 60 61 62 63 64 65 66 67 
68 69 70 71 72 73 74 75 76 
77 78 0 1 2 3 4 5 6 
7 8 9 10 11 12 13 14 15 
16 17 18 19 20 21 22 23 24 
25 26 27 28 29 30 31 32 33 
34 35 36 37 38 39 40 41 42 
43 44 45 46 47 48 49 50 51 
52 53 54 55 56 57 58 59 60 
61 62 63 64 65 66 67 68 69 
70 71 72 73 74 75 76 77 2 
3 4 5 6 7 8 9 10 11 
12 13 14 15 16 17 18 19 20 
21 22 23 24 25 26 27 28 29 
30 31 32 33 34 35 36 37 38 
39 40 41 42 43 44 45 46 47 
48 49 50 51 52 53 54 55 56 
57 58 59 60 61 62 63 64 65 
66 67 68 69 70 71 72 73 74 
75 76 77 78 0 1 2 3 4 
5 6 7 8 9 10 11 12 13 
14 15 16 17 18 19 20 21 22 
23 24 25 26 27 28 29 30 31 
32 33 34 35 36 37 38 39 40 
41 42 43 44 45 46 47 48 49 
50 51 52 53 54 55 56 57 58 
59 60 61 62 63 64 65 66 67 
68 69 70 71 72 73 74 75 76 
77 78 0 1 2 3 4 5 6 
7 8 9 10 11 12 13 14 15 
16 17 18 19 20 21 22 23 24 
25 26 27 28 29 30 31 32 33 
34 35 36 37 38 39 40 41 42 
43 44 45 46 47 48 49 50 51 
52 53 54 55 56 57 58 59 60 
61 62 63 64 65 66 67 68 69 
70 71 72 73 74 75 76 77 78 
1 2 3 4 5 6 7 8 9 
10 11 12 13 14 15 16 17 18 
19 20 21 22 23 24 25 26 27 
28 29 30 31 32 33 34 35 36 
37 38 39 40 41 42 43 44 45 
46 47 48 49 50 51 52 53 54 
55 56 57 58 59 60 61 62 63 
64 65 66 67 68 69 70 71 72 
73 74 75 76 77 2 3 4 5 
6 7 8 9 10 11 12 13 14 
15 16 17 18 19 20 21 22 23 
24 25 26 27 28 29 30 31 32 
33 34 35 36 37 38 39 40 41 
42 43 44 45 46 47 48 49 50 
51 52 53 54 55 56 57 58 59 
60 61 62 63 64 65 66 67 68 
69 70 71 72 73 74 75 76 77 
78 0 1 2 3 4 5 6 7 
8 9 10 11 12 13 14 15 16 
17 18 19 20 21 22 23 24 25 
26 27 28 29 30 31 32 33 34 
35 36 37 38 39 40 41 42 43 
44 45 46 47 48 49 50 51 52 
53 54 55 56 57 58 59 60 61 
62 63 64 65 66 67 68 69 70 
71 72 73 74 75 76 77 78 0 
1 2 3 4 5 6 7 8 9 
10 11 12 13 14 15 16 17 18 
19 20 21 22 23 24 25 26 27 
28 29 30 31 32 33 34 35 36 
37 38 39 40 41 42 43 44 45 
46 47 48 49 50 51 52 53 54 
55 56 57 58 59 60 61 62 63 
64 65 66 67 68 69 70 71 72 
73 74 75 76 77 1 2 3 4 
5 6 7 8 9 10 11 12 13 
14 15 16 17 18 19 20 21 22 
23 24 25 26 27 28 29 30 31 
32 33 34 35 36 37 38 39 40 
41 42 43 44 45 46 47 48 49 
50 51 52 53 54 55 56 57 58 
59 60 61 62 63 64 65 66 67 
68 69 70 71 72 73 74 75 76 
77 78 0 1 2 3 4 5 6 
7 8 9 10 11 12 13 14 15 
16 17 18 19 20 21 22 23 24 
25 26 27 28 29 30 31 32 33 
34 35 36 37 38 39 40 41 42 
43 44 45 46 47 48 49 50 51 
52 53 54 55 56 57 58 59 60 
61 62 63 64 65 66 67 68 69 
70 71 72 73 74 75 76 77 78 
0 1 2 3 4 5 6 7 8 
9 10 11 12 13 14 15 16 17 
18 19 20 21 22 23 24 25 26 
27 28 29 30 31 32 33 34 35 
36 37 38 39 40 41 42 43 44 
45 46 47 48 49 50 51 52 53 
54 55 56 57 58 59 60 61 62 
63 64 65 66 67 68 69 70 71 
72 73 74 75 76 77 0 1 2 
3 4 5 6 7 8 9 10 11 
12 13 14 15 16 17 18 19 20 
21 22 23 24 25 26 27 28 29 
30 31 32 33 34 35 36 37 38 
39 40 41 42 43 44 45 46 47 
48 49 50 51 52 53 54 55 56 
57 58 59 60 61 62 63 64 65 
66 67 68 69 70 71 72 73 74 
75 76 77 0 1 2 3 4 5 
6 7 8 9 10 11 12 13 14 
15 16 17 18 19 20 21 22 23 
24 25 26 27 28 29 30 31 32 
33 34 35 36 37 38 39 40 41 
42 43 44 45 46 47 48 49 50 
51 52 53 54 55 56 57 58 59 
60 61 62 63 64 65 66 67 68 
69 70 71 72 73 74 75 76 77 
0 1 2 3 4 5 6 7 8 
9 10 11 12 13 14 15 16 17 
18 19 20 21 22 23 24 25 26 
27 28 29 30 31 32 33 34 35 
36 37 38 39 40 41 42 43 44 
45 46 47 48 49 50 51 52 53 
54 55 56 57 58 59 60 61 62 
63 64 65 66 67 68 69 70 71 
72 73 74 75 76 77 2 3 4 
5 6 7 8 9 10 11 12 13 
14 15 16 17 18 19 20 21 22 
23 24 25 26 27 28 29 30 31 
32 33 34 35 36 37 38 39 40 
41 42 43 44 45 46 47 48 49 
50 51 52 53 54 55 56 57 58 
59 60 61 62 63 64 65 66 67 
68 69 70 71 72 73 74 75 76 
77 0 1 2 3 4 5 6 7 
8 9 10 11 12 13 14 15 16 
17 18 19 20 21 22 23 24 25 
26 27 28 29 30 31 32 33 34 
35 36 37 38 39 40 41 42 43 
44 45 46 47 48 49 50 51 52 
53 54 55 56 57 58 59 60 61 
62 63 64 65 66 67 68 69 70 
71 72 73 74 75 76 77 78 0 
1 2 3 4 5 6 7 8 9 
10 11 12 13 14 15 16 17 18 
19 20 21 22 23 24 25 26 27 
28 29 30 31 32 33 34 35 36 
37 38 39 40 41 42 43 44 45 
46 47 48 49 50 51 52 53 54 
55 56 57 58 59 60 61 62 63 
64 65 66 67 68 69 70 71 72 
73 74 75 76 77 78 0 1 2 
3 4 5 6 7 8 9 10 11 
12 13 14 15 16 17 18 19 20 
21 22 23 24 25 26 27 28 29 
30 31 32 33 34 35 36 37 38 
39 40 41 42 43 44 45 46 47 
48 49 50 51 52 53 54 55 56 
57 58 59 60 61 62 63 64 65 
66 67 68 69 70 71 72 73 74 
75 76 77 78 1 2 3 4 5 
6 7 8 9 10 11 12 13 14 
15 16 17 18 19 20 21 22 23 
24 25 26 27 28 29 30 31 32 
33 34 35 36 37 38 39 40 41 
42 43 44 45 46 47 48 49 50 
51 52 53 54 55 56 57 58 59 
60 61 62 63 64 65 66 67 68 
69 70 71 72 73 74 75 76 77 
0 1 2 3 4 5 6 7 8 
9 10 11 12 13 14 15 16 17 
18 19 20 21 22 23 24 25 26 
27 28 29 30 31 32 33 34 35 
36 37 38 39 40 41 42 43 44 
45 46 47 48 49 50 51 52 53 
54 55 56 57 58 59 60 61 62 
63 64 65 66 67 68 69 70 71 
72 73 74 75 76 77 1 2 3 
4 5 6 7 8 9 10 11 12 
13 14 15 16 17 18 19 20 21 
22 23 24 25 26 27 28 29 30 
31 32 33 34 35 36 37 38 39 
40 41 42 43 44 45 46 47 48 
49 50 51 52 53 54 55 56 57 
58 59 60 61 62 63 64 65 66 
67 68 69 70 71 72 73 74 75 
76 77 1 2 3 4 5 6 7 
8 9 10 11 12 13 14 15 16 
17 18 19 20 21 22 23 24 25 
26 27 28 29 30 31 32 33 34 
35 36 37 38 39 40 41 42 43 
44 45 46 47 48 49 50 51 52 
53 54 55 56 57 58 59 60 61 
62 63 64 65 66 67 68 69 70 
71 72 73 74 75 76 77 2 3 
4 5 6 7 8 9 10 11 12 
13 14 15 16 17 18 19 20 21 
22 23 24 25 26 27 28 29 30 
31 32 33 34 35 36 37 38 39 
40 41 42 43 44 45 46 47 48 
49 50 51 52 53 54 55 56 57 
58 59 60 61 62 63 64 65 66 
67 68 69 70 71 72 73 74 75 
76 77 78 0 1 2 3 4 5 
6 7 8 9 10 11 12 13 14 
15 16 17 18 19 20 21 22 23 
24 25 26 27 28 29 30 31 32 
33 34 35 36 37 38 39 40 41 
42 43 44 45 46 47 48 49 50 
51 52 53 54 55 56 57 58 59 
60 61 62 63 64 65 66 67 68 
69 70 71 72 73 74 75 76 77 
0 1 2 3 4 5 6 7 8 
9 10 11 12 13 14 15 16 17 
18 19 20 21 22 23 24 25 26 
27 28 29 30 31 32 33 34 35 
36 37 38 39 40 41 42 43 44 
45 46 47 48 49 50 51 52 53 
54 55 56 57 58 59 60 61 62 
63 64 65 66 67 68 69 70 71 
72 73 74 75 76 77 0 1 2 
3 4 5 6 7 8 9 10 11 
12 13 14 15 16 17 18 19 20 
21 22 23 24 25 26 27 28 29 
30 31 32 33 34 35 36 37 38 
39 40 41 42 43 44 45 46 47 
48 49 50 51 52 53 54 55 56 
57 58 59 60 61 62 63 64 65 
66 67 68 69 70 71 72 73 74 
75 76 77 78 0 1 2 3 4 
5 6 7 8 9 10 11 12 13 
14 15 16 17 18 19 20 21 22 
23 24 25 26 27 28 29 30 31 
32 33 34 35 36 37 38 39 40 
41 42 43 44 45 46 47 48 49 
50 51 52 53 54 55 56 57 58 
59 60 61 62 63 64 65 66 67 
68 69 70 71 72 73 74 75 76 
77 78 0 1 2 3 4 5 6 
7 8 9 10 11 12 13 14 15 
16 17 18 19 20 21 22 23 24 
25 26 27 28 29 30 31 32 33 
34 35 36 37 38 39 40 41 42 
43 44 45 46 47 48 49 50 51 
52 53 54 55 56 57 58 59 60 
61 62 63 64 65 66 67 68 69 
70 71 72 73 74 75 76 77 2 
3 4 5 6 7 8 9 10 11 
12 13 14 15 16 17 18 19 20 
21 22 23 24 25 26 27 28 29 
30 31 32 33 34 35 36 37 38 
39 40 41 42 43 44 45 46 47 
48 49 50 51 52 53 54 55 56 
57 58 59 60 61 62 63 64 65 
66 67 68 69 70 71 72 73 74 
75 76 77 78 2 3 4 5 6 
7 8 9 10 11 12 13 14 15 
16 17 18 19 20 21 22 23 24 
25 26 27 28 29 30 31 32 33 
34 35 36 37 38 39 40 41 42 
43 44 45 46 47 48 49 50 51 
52 53 54 55 56 57 58 59 60 
61 62 63 64 65 66 67 68 69 
70 71 72 73 74 75 76 77 0 
1 2 3 4 5 6 7 8 9 
10 11 12 13 14 15 16 17 18 
19 20 21 22 23 24 25 26 27 
28 29 30 31 32 33 34 35 36 
37 38 39 40 41 42 43 44 45 
46 47 48 49 50 51 52 53 54 
55 56 57 58 59 60 61 62 63 
64 65 66 67 68 69 70 71 72 
73 74 75 76 77 78 0 1 2 
3 4 5 6 7 8 9 10 11 
12 13 14 15 16 17 18 19 20 
21 22 23 24 25 26 27 28 29 
30 31 32 33 34 35 36 37 38 
39 40 41 42 43 44 45 46 47 
48 49 50 51 52 53 54 55 56 
57 58 59 60 61 62 63 64 65 
66 67 68 69 70 71 72 73 74 
75 76 77 2 3 4 5 6 7 
8 9 10 11 12 13 14 15 16 
17 18 19 20 21 22 23 24 25 
26 27 28 29 30 31 32 33 34 
35 36 37 38 39 40 41 42 43 
44 45 46 47 48 49 50 51 52 
53 54 55 56 57 58 59 60 61 
62 63 64 65 66 67 68 69 70 
71 72 73 74 75 76 77 2 3 
4 5 6 7 8 9 10 11 12 
13 14 15 16 17 18 19 20 21 
22 23 24 25 26 27 28 29 30 
31 32 33 34 35 36 37 38 39 
40 41 42 43 44 45 46 47 48 
49 50 51 52 53 54 55 56 57 
58 59 60 61 62 63 64 65 66 
67 68 69 70 71 72 73 74 75 
76 77 78 2 3 4 5 6 7 
8 9 10 11 12 13 14 15 16 
17 18 19 20 21 22 23 24 25 
26 27 28 29 30 31 32 33 34 
35 36 37 38 39 40 41 42 43 
44 45 46 47 48 49 50 51 52 
53 54 55 56 57 58 59 60 61 
62 63 64 65 66 67 68 69 70 
71 72 73 74 75 76 77 78 2 
3 4 5 6 7 8 9 10 11 
12 13 14 15 16 17 18 19 20 
21 22 23 24 25 26 27 28 29 
30 31 32 33 34 35 36 37 38 
39 40 41 42 43 44 45 46 47 
48 49 50 51 52 53 54 55 56 
57 58 59 60 61 62 63 64 65 
66 67 68 69 70 71 72 73 74 
75 76 77 78 2 3 4 5 6 
7 8 9 10 11 12 13 14 15 
16 17 18 19 20 21 22 23 24 
25 26 27 28 29 30 31 32 33 
34 35 36 37 38 39 40 41 42 
43 44 45 46 47 48 49 50 51 
52 53 54 55 56 57 58 59 60 
61 62 63 64 65 66 67 68 69 
70 71 72 73 74 75 76 77 78 
0 1 2 3 4 5 6 7 8 
9 10 11 12 13 14 15 16 17 
18 19 20 21 22 23 24 25 26 
27 28 29 30 31 32 33 34 35 
36 37 38 39 40 41 42 43 44 
45 46 47 48 49 50 51 52 53 
54 55 56 57 58 59 60 61 62 
63 64 65 66 67 68 69 70 71 
72 73 74 75 76 77 78 2 3 
4 5 6 7 8 9 10 11 12 
13 14 15 16 17 18 19 20 21 
22 23 24 25 26 27 28 29 30 
31 32 33 34 35 36 37 38 39 
40 41 42 43 44 45 46 47 48 
49 50 51 52 53 54 55 56 57 
58 59 60 61 62 63 64 65 66 
67 68 69 70 71 72 73 74 75 
76 77 78 2 3 4 5 6 7 
8 9 10 11 12 13 14 15 16 
17 18 19 20 21 22 23 24 25 
26 27 28 29 30 31 32 33 34 
35 36 37 38 39 40 41 42 43 
44 45 46 47 48 49 50 51 52 
53 54 55 56 57 58 59 60 61 
62 63 64 65 66 67 68 69 70 
71 72 73 74 75 76 77 78 1 
2 3 4 5 6 7 8 9 10 
11 12 13 14 15 16 17 18 19 
20 21 22 23 24 25 26 27 28 
29 30 31 32 33 34 35 36 37 
38 39 40 41 42 43 44 45 46 
47 48 49 50 51 52 53 54 55 
56 57 58 59 60 61 62 63 64 
65 66 67 68 69 70 71 72 73 
74 75 76 77 78 0 1 2 3 
4 5 6 7 8 9 10 11 12 
13 14 15 16 17 18 19 20 21 
22 23 24 25 26 27 28 29 30 
31 32 33 34 35 36 37 38 39 
40 41 42 43 44 45 46 47 48 
49 50 51 52 53 54 55 56 57 
58 59 60 61 62 63 64 65 66 
67 68 69 70 71 72 73 74 75 
76 77 0 1 2 3 4 5 6 
7 8 9 10 11 12 13 14 15 
16 17 18 19 20 21 22 23 24 
25 26 27 28 29 30 31 32 33 
34 35 36 37 38 39 40 41 42 
43 44 45 46 47 48 49 50 51 
52 53 54 55 56 57 58 59 60 
61 62 63 64 65 66 67 68 69 
70 71 72 73 74 75 76 77 0 
1 2 3 4 5 6 7 8 9 
10 11 12 13 14 15 16 17 18 
19 20 21 22 23 24 25 26 27 
28 29 30 31 32 33 34 35 36 
37 38 39 41 42 43 44 45 46 
47 48 49 50 51 52 53 54 55 
56 57 58 59 60 61 62 63 64 
65 66 67 68 69 70 71 72 73 
74 75 76 77 78 79 2 3 4 
5 6 7 8 9 10 11 12 13 
14 15 16 17 18 19 20 21 22 
23 24 25 26 27 28 29 30 31 
32 33 34 35 36 37 38 39 40 
41 42 43 44 45 46 47 48 49 
50 51 52 53 54 55 56 57 58 
59 60 61 62 63 64 65 66 67 
68 69 70 71 72 73 74 75 76 
77 78 0 1 2 3 4 5 6 
7 8 9 10 11 12 13 14 15 
16 17 18 19 20 21 22 23 24 
25 26 27 28 29 30 31 32 33 
34 35 36 37 38 39 40 41 42 
43 44 45 46 47 48 49 50 51 
52 53 54 55 56 57 58 59 60 
61 62 63 64 65 66 67 68 69 
70 71 72 73 74 75 76 77 78 
0 1 2 3 4 5 6 7 8 
9 10 11 12 13 14 15 16 17 
18 19 20 21 22 23 24 25 26 
27 28 29 30 31 32 33 34 35 
36 37 38 39 40 41 42 43 44 
45 46 47 48 49 50 51 52 53 
54 55 56 57 58 59 60 61 62 
63 64 65 66 67 68 69 70 71 
72 73 74 75 76 77 78 0 1 
2 3 4 5 6 7 8 9 10 
11 12 13 14 15 16 17 18 19 
20 21 22 23 24 25 26 27 28 
29 30 31 32 33 34 35 36 37 
38 39 40 41 42 43 44 45 46 
47 48 49 50 51 52 53 54 55 
56 57 58 59 60 61 62 63 64 
65 66 67 68 69 70 71 72 73 
74 75 76 77 0 1 2 3 4 
5 6 7 8 9 10 11 12 13 
14 15 16 17 18 19 20 21 22 
23 24 25 26 27 28 29 30 31 
32 33 34 35 36 37 38 39 40 
41 42 43 44 45 46 47 48 49 
50 51 52 53 54 55 56 57 58 
59 60 61 62 63 64 65 66 67 
68 69 70 71 72 73 74 75 76 
77 0 1 2 3 4 5 6 7 
8 9 10 11 12 13 14 15 16 
17 18 19 20 21 22 23 24 25 
26 27 28 29 30 31 32 33 34 
35 36 37 38 39 40 41 42 43 
44 45 46 47 48 49 50 51 52 
53 54 55 56 57 58 59 60 61 
62 63 64 65 66 67 68 69 70 
71 72 73 74 75 76 77 0 1 
2 3 4 5 6 7 8 9 10 
11 12 13 14 15 16 17 18 19 
20 21 22 23 24 25 26 27 28 
29 30 31 32 33 34 35 36 37 
38 39 40 41 42 43 44 45 46 
47 48 49 50 51 52 53 54 55 
56 57 58 59 60 61 62 63 64 
65 66 67 68 69 70 71 72 73 
74 75 76 77 0 1 2 3 4 
5 6 7 8 9 10 11 12 13 
14 15 16 17 18 19 20 21 22 
23 24 25 26 27 28 29 30 31 
32 33 34 35 36 37 38 39 40 
41 42 43 44 45 46 47 48 49 
50 51 52 53 54 55 56 57 58 
59 60 61 62 63 64 65 66 67 
68 69 70 71 72 73 74 75 76 
77 2 3 4 5 6 7 8 9 
10 11 12 13 14 15 16 17 18 
19 20 21 22 23 24 25 26 27 
28 29 30 31 32 33 34 35 36 
37 38 39 40 41 42 43 44 45 
46 47 48 49 50 51 52 53 54 
55 56 57 58 59 60 61 62 63 
64 65 66 67 68 69 70 71 72 
73 74 75 76 77 78 0 1 2 
3 4 5 6 7 8 9 10 11 
12 13 14 15 16 17 18 19 20 
21 22 23 24 25 26 27 28 29 
30 31 32 33 34 35 36 37 38 
39 40 41 42 43 44 45 46 47 
48 49 50 51 52 53 54 55 56 
57 58 59 60 61 62 63 64 65 
66 67 68 69 70 71 72 73 74 
75 76 77 78 1 2 3 4 5 
6 7 8 9 10 11 12 13 14 
15 16 17 18 19 20 21 22 23 
24 25 26 27 28 29 30 31 32 
33 34 35 36 37 38 39 40 41 
42 43 44 45 46 47 48 49 50 
51 52 53 54 55 56 57 58 59 
60 61 62 63 64 65 66 67 68 
69 70 71 72 73 74 75 76 77 
78 2 3 4 5 6 7 8 9 
10 11 12 13 14 15 16 17 18 
19 20 21 22 23 24 25 26 27 
28 29 30 31 32 33 34 35 36 
37 38 39 40 41 42 43 44 45 
46 47 48 49 50 51 52 53 54 
55 56 57 58 59 60 61 62 63 
64 65 66 67 68 69 70 71 72 
73 74 75 76 77 78 0 1 2 
3 4 5 6 7 8 9 10 11 
12 13 14 15 16 17 18 19 20 
21 22 23 24 25 26 27 28 29 
30 31 32 33 34 35 36 37 38 
39 40 41 42 43 44 45 46 47 
48 49 50 51 52 53 54 55 56 
57 58 59 60 61 62 63 64 65 
66 67 68 69 70 71 72 73 74 
75 76 77 78 0 1 2 3 4 
5 6 7 8 9 10 11 12 13 
14 15 16 17 18 19 20 21 22 
23 24 25 26 27 28 29 30 31 
32 33 34 35 36 37 38 39 40 
41 42 43 44 45 46 47 48 49 
50 51 52 53 54 55 56 57 58 
59 60 61 62 63 64 65 66 67 
68 69 70 71 72 73 74 75 76 
77 78 0 1 2 3 4 5 6 
7 8 9 10 11 12 13 14 15 
16 17 18 19 20 21 22 23 24 
25 26 27 28 29 30 31 32 33 
34 35 36 37 38 39 40 41 42 
43 44 45 46 47 48 49 50 51 
52 53 54 55 56 57 58 59 60 
61 62 63 64 65 66 67 68 69 
70 71 72 73 74 75 76 77 78 
3 4 5 6 7 8 9 10 11 
12 13 14 15 16 17 18 19 20 
21 22 23 24 25 26 27 28 29 
30 31 32 33 34 35 36 37 38 
39 40 41 42 43 44 45 46 47 
48 49 50 51 52 53 54 55 56 
57 58 59 60 61 62 63 64 65 
66 67 68 69 70 71 72 73 74 
75 76 77 1 2 3 4 5 6 
7 8 9 10 11 12 13 14 15 
16 17 18 19 20 21 22 23 24 
25 26 27 28 29 30 31 32 33 
34 35 36 37 38 39 40 41 42 
43 44 45 46 47 48 49 50 51 
52 53 54 55 56 57 58 59 60 
61 62 63 64 65 66 67 68 69 
70 71 72 73 74 75 76 77 78 
2 3 4 5 6 7 8 9 10 
11 12 13 14 15 16 17 18 19 
20 21 22 23 24 25 26 27 28 
29 30 31 32 33 34 35 36 37 
38 39 40 41 42 43 44 45 46 
47 48 49 50 51 52 53 54 55 
56 57 58 59 60 61 62 63 64 
65 66 67 68 69 70 71 72 73 
74 75 76 77 78 0 1 2 3 
4 5 6 7 8 9 10 11 12 
13 14 15 16 17 18 19 20 21 
22 23 24 25 26 27 28 29 30 
31 32 33 34 35 36 37 38 39 
40 41 42 43 44 45 46 47 48 
49 50 51 52 53 54 55 56 57 
58 59 60 61 62 63 64 65 66 
67 68 69 70 71 72 73 74 75 
76 77 0 1 2 3 4 5 6 
7 8 9 10 11 12 13 14 15 
16 17 18 19 20 21 22 23 24 
25 26 27 28 29 30 31 32 33 
34 35 36 37 38 39 40 41 42 
43 44 45 46 47 48 49 50 51 
52 53 54 55 56 57 58 59 60 
61 62 63 64 65 66 67 68 69 
70 71 72 73 74 75 76 77 78 
79 0 1 2 3 4 5 6 7 
8 9 10 11 12 13 14 15 16 
17 18 19 20 21 22 23 24 25 
26 27 28 29 30 31 32 33 34 
35 36 37 38 39 40 41 42 43 
44 45 46 47 48 49 50 51 52 
53 54 55 56 57 58 59 60 61 
62 63 64 65 66 67 68 69 70 
71 72 73 74 75 76 77 2 3 
4 5 6 7 8 9 10 11 12 
13 14 15 16 17 18 19 20 21 
22 23 24 25 26 27 28 29 30 
31 32 33 34 35 36 37 38 39 
40 41 42 43 44 45 46 47 48 
49 50 51 52 53 54 55 56 57 
58 59 60 61 62 63 64 65 66 
67 68 69 70 71 72 73 74 75 
76 77 78 0 1 2 3 4 5 
6 7 8 9 10 11 12 13 14 
15 16 17 18 19 20 21 22 23 
24 25 26 27 28 29 30 31 32 
33 34 35 36 37 38 39 40 41 
42 43 44 45 46 47 48 49 50 
51 52 53 54 55 56 57 58 59 
60 61 62 63 64 65 66 67 68 
69 70 71 72 73 74 75 76 77 
78 0 1 2 3 4 5 6 7 
8 9 10 11 12 13 14 15 16 
17 18 19 20 21 22 23 24 25 
26 27 28 29 30 31 32 33 34 
35 36 37 38 39 40 41 42 43 
44 45 46 47 48 49 50 51 52 
53 54 55 56 57 58 59 60 61 
62 63 64 65 66 67 68 69 70 
71 72 73 74 75 76 77 1 2 
3 4 5 6 7 8 9 10 11 
12 13 14 15 16 17 18 19 20 
21 22 23 24 25 26 27 28 29 
30 31 32 33 34 35 36 37 38 
39 40 41 42 43 44 45 46 47 
48 49 50 51 52 53 54 55 56 
57 58 59 60 61 62 63 64 65 
66 67 68 69 70 71 72 73 74 
75 76 77 78 2 3 4 5 6 
7 8 9 10 11 12 13 14 15 
16 17 18 19 20 21 22 23 24 
25 26 27 28 29 30 31 32 33 
34 35 36 37 38 39 40 41 42 
43 44 45 46 47 48 49 50 51 
52 53 54 55 56 57 58 59 60 
61 62 63 64 65 66 67 68 69 
70 71 72 73 74 75 76 77 78 
2 3 4 5 6 7 8 9 10 
11 12 13 14 15 16 17 18 19 
20 21 22 23 24 25 26 27 28 
29 30 31 32 33 34 35 36 37 
38 39 40 41 42 43 44 45 46 
47 48 49 50 51 52 53 54 55 
56 57 58 59 60 61 62 63 64 
65 66 67 68 69 70 71 72 73 
74 75 76 77 78 0 1 2 3 
4 5 6 7 8 9 10 11 12 
13 14 15 16 17 18 19 20 21 
22 23 24 25 26 27 28 29 30 
31 32 33 34 35 36 37 38 39 
40 41 42 43 44 45 46 47 48 
49 50 51 52 53 54 55 56 57 
58 59 60 61 62 63 64 65 66 
67 68 69 70 71 72 73 74 75 
76 77 2 3 4 5 6 7 8 
9 10 11 12 13 14 15 16 17 
18 19 20 21 22 23 24 25 26 
27 28 29 30 31 32 33 34 35 
36 37 38 39 40 41 42 43 44 
45 46 47 48 49 50 51 52 53 
54 55 56 57 58 59 60 61 62 
63 64 65 66 67 68 69 70 71 
72 73 74 75 76 77 78 2 3 
4 5 6 7 8 9 10 11 12 
13 14 15 16 17 18 19 20 21 
22 23 24 25 26 27 28 29 30 
31 32 33 34 35 36 37 38 39 
40 41 42 43 44 45 46 47 48 
49 50 51 52 53 54 55 56 57 
58 59 60 61 62 63 64 65 66 
67 68 69 70 71 72 73 74 75 
76 77 78 0 1 2 3 4 5 
6 7 8 9 10 11 12 13 14 
15 16 17 18 19 20 21 22 23 
24 25 26 27 28 29 30 31 32 
33 34 35 36 37 38 39 40 41 
42 43 44 45 46 47 48 49 50 
51 52 53 54 55 56 57 58 59 
60 61 62 63 64 65 66 67 68 
69 70 71 72 73 74 75 76 77 
0 1 2 3 4 5 6 7 8 
9 10 11 12 13 14 15 16 17 
18 19 20 21 22 23 24 25 26 
27 28 29 30 31 32 33 34 35 
36 37 38 39 40 41 42 43 44 
45 46 47 48 49 50 51 52 53 
54 55 56 57 58 59 60 61 62 
63 64 65 66 67 68 69 70 71 
72 73 74 75 76 77 0 1 2 
3 4 5 6 7 8 9 10 11 
12 13 14 15 16 17 18 19 20 
21 22 23 24 25 26 27 28 29 
30 31 32 33 34 35 36 37 38 
39 41 42 43 44 45 46 47 48 
49 50 51 52 53 54 55 56 57 
58 59 60 61 62 63 64 65 66 
67 68 69 70 71 72 73 74 75 
76 77 78 2 3 4 5 6 7 
8 9 10 11 12 13 14 15 16 
17 18 19 20 21 22 23 24 25 
26 27 28 29 30 31 32 33 34 
35 36 37 38 39 40 41 42 43 
44 45 46 47 48 49 50 51 52 
53 54 55 56 57 58 59 60 61 
62 63 64 65 66 67 68 69 70 
71 72 73 74 75 76 77 78 2 
3 4 5 6 7 8 9 10 11 
12 13 14 15 16 17 18 19 20 
21 22 23 24 25 26 27 28 29 
30 31 32 33 34 35 36 37 38 
39 40 41 42 43 44 45 46 47 
48 49 50 51 52 53 54 55 56 
57 58 59 60 61 62 63 64 65 
66 67 68 69 70 71 72 73 74 
75 76 77 78 0 1 2 3 4 
5 6 7 8 9 10 11 12 13 
14 15 16 17 18 19 20 21 22 
23 24 25 26 27 28 29 30 31 
32 33 34 35 36 37 38 39 40 
41 42 43 44 45 46 47 48 49 
50 51 52 53 54 55 56 57 58 
59 60 61 62 63 64 65 66 67 
68 69 70 71 72 73 74 75 76 
77 78 1 2 3 4 5 6 7 
8 9 10 11 12 13 14 15 16 
17 18 19 20 21 22 23 24 25 
26 27 28 29 30 31 32 33 34 
35 36 37 38 39 40 41 42 43 
44 45 46 47 48 49 50 51 52 
53 54 55 56 57 58 59 60 61 
62 63 64 65 66 67 68 69 70 
71 72 73 74 75 76 77 78 0 
1 2 3 4 5 6 7 8 9 
10 11 12 13 14 15 16 17 18 
19 20 21 22 23 24 25 26 27 
28 29 30 31 32 33 34 35 36 
37 38 39 40 41 42 43 44 45 
46 47 48 49 50 51 52 53 54 
55 56 57 58 59 60 61 62 63 
64 65 66 67 68 69 70 71 72 
73 74 75 76 77 0 1 2 3 
4 5 6 7 8 9 10 11 12 
13 14 15 16 17 18 19 20 21 
22 23 24 25 26 27 28 29 30 
31 32 33 34 35 36 37 38 39 
40 41 42 43 44 45 46 47 48 
49 50 51 52 53 54 55 56 57 
58 59 60 61 62 63 64 65 66 
67 68 69 70 71 72 73 74 75 
76 77 78 0 1 2 3 4 5 
6 7 8 9 10 11 12 13 14 
15 16 17 18 19 20 21 22 23 
24 25 26 27 28 29 30 31 32 
33 34 35 36 37 38 39 40 41 
42 43 44 45 46 47 48 49 50 
51 52 53 54 55 56 57 58 59 
60 61 62 63 64 65 66 67 68 
69 70 71 72 73 74 75 76 77 
78 2 3 4 5 6 7 8 9 
10 11 12 13 14 15 16 17 18 
19 20 21 22 23 24 25 26 27 
28 29 30 31 32 33 34 35 36 
37 38 39 40 41 42 43 44 45 
46 47 48 49 50 51 52 53 54 
55 56 57 58 59 60 61 62 63 
64 65 66 67 68 69 70 71 72 
73 74 75 76 77 78 1 2 3 
4 5 6 7 8 9 10 11 12 
13 14 15 16 17 18 19 20 21 
22 23 24 25 26 27 28 29 30 
31 32 33 34 35 36 37 38 39 
40 41 42 43 44 45 46 47 48 
49 50 51 52 53 54 55 56 57 
58 59 60 61 62 63 64 65 66 
67 68 69 70 71 72 73 74 75 
76 77 78 1 2 3 4 5 6 
7 8 9 10 11 12 13 14 15 
16 17 18 19 20 21 22 23 24 
25 26 27 28 29 30 31 32 33 
34 35 36 37 38 39 40 41 42 
43 44 45 46 47 48 49 50 51 
52 53 54 55 56 57 58 59 60 
61 62 63 64 65 66 67 68 69 
70 71 72 73 74 75 76 77 78 
0 1 2 3 4 5 6 7 8 
9 10 11 12 13 14 15 16 17 
18 19 20 21 22 23 24 25 26 
27 28 29 30 31 32 33 34 35 
36 37 38 39 40 41 42 43 44 
45 46 47 48 49 50 51 52 53 
54 55 56 57 58 59 60 61 62 
63 64 65 66 67 68 69 70 71 
72 73 74 75 76 77 78 0 1 
2 3 4 5 6 7 8 9 10 
11 12 13 14 15 16 17 18 19 
20 21 22 23 24 25 26 27 28 
29 30 31 32 33 34 35 36 37 
38 39 40 41 42 43 44 45 46 
47 48 49 50 51 52 53 54 55 
56 57 58 59 60 61 62 63 64 
65 66 67 68 69 70 71 72 73 
74 75 76 77 78 1 2 3 4 
5 6 7 8 9 10 11 12 13 
14 15 16 17 18 19 20 21 22 
23 24 25 26 27 28 29 30 31 
32 33 34 35 36 37 38 39 40 
41 42 43 44 45 46 47 48 49 
50 51 52 53 54 55 56 57 58 
59 60 61 62 63 64 65 66 67 
68 69 70 71 72 73 74 75 76 
77 0 1 2 3 4 5 6 7 
8 9 10 11 12 13 14 15 16 
17 18 19 20 21 22 23 24 25 
26 27 28 29 30 31 32 33 34 
35 36 37 38 39 40 41 42 43 
44 45 46 47 48 49 50 51 52 
53 54 55 56 57 58 59 60 61 
62 63 64 65 66 67 68 69 70 
71 72 73 74 75 76 77 0 1 
2 3 4 5 6 7 8 9 10 
11 12 13 14 15 16 17 18 19 
20 21 22 23 24 25 26 27 28 
29 30 31 32 33 34 35 36 37 
38 39 41 42 43 44 45 46 47 
48 49 50 51 52 53 54 55 56 
57 58 59 60 61 62 63 64 65 
66 67 68 69 70 71 72 73 74 
75 76 77 78 79 0 1 2 3 
4 5 6 7 8 9 10 11 12 
13 14 15 16 17 18 19 20 21 
22 23 24 25 26 27 28 29 30 
31 32 33 34 35 36 37 38 39 
40 41 42 43 44 45 46 47 48 
49 50 51 52 53 54 55 56 57 
58 59 60 61 62 63 64 65 66 
67 68 69 70 71 72 73 74 75 
76 77 0 1 2 3 4 5 6 
7 8 9 10 11 12 13 14 15 
16 17 18 19 20 21 22 23 24 
25 26 27 28 29 30 31 32 33 
34 35 36 37 38 39 40 41 42 
43 44 45 46 47 48 49 50 51 
52 53 54 55 56 57 58 59 60 
61 62 63 64 65 66 67 68 69 
70 71 72 73 74 75 76 77 78 
0 1 2 3 4 5 6 7 8 
9 10 11 12 13 14 15 16 17 
18 19 20 21 22 23 24 25 26 
27 28 29 30 31 32 33 34 35 
36 37 38 39 40 41 42 43 44 
45 46 47 48 49 50 51 52 53 
54 55 56 57 58 59 60 61 62 
63 64 65 66 67 68 69 70 71 
72 73 74 75 76 77 78 0 1 
2 3 4 5 6 7 8 9 10 
11 12 13 14 15 16 17 18 19 
20 21 22 23 24 25 26 27 28 
29 30 31 32 33 34 35 36 37 
38 39 41 42 43 44 45 46 47 
48 49 50 51 52 53 54 55 56 
57 58 59 60 61 62 63 64 65 
66 67 68 69 70 71 72 73 74 
75 76 77 78 0 1 2 3 4 
5 6 7 8 9 10 11 12 13 
14 15 16 17 18 19 20 21 22 
23 24 25 26 27 28 29 30 31 
32 33 34 35 36 37 38 39 40 
41 42 43 44 45 46 47 48 49 
50 51 52 53 54 55 56 57 58 
59 60 61 62 63 64 65 66 67 
68 69 70 71 72 73 74 75 76 
77 78 0 1 2 3 4 5 6 
7 8 9 10 11 12 13 14 15 
16 17 18 19 20 21 22 23 24 
25 26 27 28 29 30 31 32 33 
34 35 36 37 38 39 40 41 42 
43 44 45 46 47 48 49 50 51 
52 53 54 55 56 57 58 59 60 
61 62 63 64 65 66 67 68 69 
70 71 72 73 74 75 76 77 78 
1 2 3 4 5 6 7 8 9 
10 11 12 13 14 15 16 17 18 
19 20 21 22 23 24 25 26 27 
28 29 30 31 32 33 34 35 36 
37 38 39 40 41 42 43 44 45 
46 47 48 49 50 51 52 53 54 
55 56 57 58 59 60 61 62 63 
64 65 66 67 68 69 70 71 72 
73 74 75 76 77 78 0 1 2 
3 4 5 6 7 8 9 10 11 
12 13 14 15 16 17 18 19 20 
21 22 23 24 25 26 27 28 29 
30 31 32 33 34 35 36 37 38 
39 40 41 42 43 44 45 46 47 
48 49 50 51 52 53 54 55 56 
57 58 59 60 61 62 63 64 65 
66 67 68 69 70 71 72 73 74 
75 76 77 0 1 2 3 4 5 
6 7 8 9 10 11 12 13 14 
15 16 17 18 19 20 21 22 23 
24 25 26 27 28 29 30 31 32 
33 34 35 36 37 38 39 40 41 
42 43 44 45 46 47 48 49 50 
51 52 53 54 55 56 57 58 59 
60 61 62 63 64 65 66 67 68 
69 70 71 72 73 74 75 76 77 
78 3 4 5 6 7 8 9 10 
11 12 13 14 15 16 17 18 19 
20 21 22 23 24 25 26 27 28 
29 30 31 32 33 34 35 36 37 
38 39 40 41 42 43 44 45 46 
47 48 49 50 51 52 53 54 55 
56 57 58 59 60 61 62 63 64 
65 66 67 68 69 70 71 72 73 
74 75 76 77 78 0 1 2 3 
4 5 6 7 8 9 10 11 12 
13 14 15 16 17 18 19 20 21 
22 23 24 25 26 27 28 29 30 
31 32 33 34 35 36 37 38 39 
40 41 42 43 44 45 46 47 48 
49 50 51 52 53 54 55 56 57 
58 59 60 61 62 63 64 65 66 
67 68 69 70 71 72 73 74 75 
76 77 78 0 1 2 3 4 5 
6 7 8 9 10 11 12 13 14 
15 16 17 18 19 20 21 22 23 
24 25 26 27 28 29 30 31 32 
33 34 35 36 37 38 39 40 41 
42 43 44 45 46 47 48 49 50 
51 52 53 54 55 56 57 58 59 
60 61 62 63 64 65 66 67 68 
69 70 71 72 73 74 75 76 77 
0 1 2 3 4 5 6 7 8 
9 10 11 12 13 14 15 16 17 
18 19 20 21 22 23 24 25 26 
27 28 29 30 31 32 33 34 35 
36 37 38 39 40 41 42 43 44 
45 46 47 48 49 50 51 52 53 
54 55 56 57 58 59 60 61 62 
63 64 65 66 67 68 69 70 71 
72 73 74 75 76 77 78 0 1 
2 3 4 5 6 7 8 9 10 
11 12 13 14 15 16 17 18 19 
20 21 22 23 24 25 26 27 28 
29 30 31 32 33 34 35 36 37 
38 39 41 42 43 44 45 46 47 
48 49 50 51 52 53 54 55 56 
57 58 59 60 61 62 63 64 65 
66 67 68 69 70 71 72 73 74 
75 76 77 78 79 0 1 2 3 
4 5 6 7 8 9 10 11 12 
13 14 15 16 17 18 19 20 21 
22 23 24 25 26 27 28 29 30 
31 32 33 34 35 36 37 38 39 
40 41 42 43 44 45 46 47 48 
49 50 51 52 53 54 55 56 57 
58 59 60 61 62 63 64 65 66 
67 68 69 70 71 72 73 74 75 
76 77 78 2 3 4 5 6 7 
8 9 10 11 12 13 14 15 16 
17 18 19 20 21 22 23 24 25 
26 27 28 29 30 31 32 33 34 
35 36 37 38 39 40 41 42 43 
44 45 46 47 48 49 50 51 52 
53 54 55 56 57 58 59 60 61 
62 63 64 65 66 67 68 69 70 
71 72 73 74 75 76 77 78 2 
3 4 5 6 7 8 9 10 11 
12 13 14 15 16 17 18 19 20 
21 22 23 24 25 26 27 28 29 
30 31 32 33 34 35 36 37 38 
39 40 41 42 43 44 45 46 47 
48 49 50 51 52 53 54 55 56 
57 58 59 60 61 62 63 64 65 
66 67 68 69 70 71 72 73 74 
75 76 77 78 0 1 2 3 4 
5 6 7 8 9 10 11 12 13 
14 15 16 17 18 19 20 21 22 
23 24 25 26 27 28 29 30 31 
32 33 34 35 36 37 38 39 40 
41 42 43 44 45 46 47 48 49 
50 51 52 53 54 55 56 57 58 
59 60 61 62 63 64 65 66 67 
68 69 70 71 72 73 74 75 76 
77 78 3 4 5 6 7 8 9 
10 11 12 13 14 15 16 17 18 
19 20 21 22 23 24 25 26 27 
28 29 30 31 32 33 34 35 36 
37 38 39 40 41 42 43 44 45 
46 47 48 49 50 51 52 53 54 
55 56 57 58 59 60 61 62 63 
64 65 66 67 68 69 70 71 72 
73 74 75 76 77 78 4 5 6 
7 8 9 10 11 12 13 14 15 
16 17 18 19 20 21 22 23 24 
25 26 27 28 29 30 31 32 33 
34 35 36 37 38 39 40 41 42 
43 44 45 46 47 48 49 50 51 
52 53 54 55 56 57 58 59 60 
61 62 63 64 65 66 67 68 69 
70 71 72 73 74 75 76 77 78 
2 3 4 5 6 7 8 9 10 
11 12 13 14 15 16 17 18 19 
20 21 22 23 24 25 26 27 28 
29 30 31 32 33 34 35 36 37 
38 39 40 41 42 43 44 45 46 
47 48 49 50 51 52 53 54 55 
56 57 58 59 60 61 62 63 64 
65 66 67 68 69 70 71 72 73 
74 75 76 77 78 1 2 3 4 
5 6 7 8 9 10 11 12 13 
14 15 16 17 18 19 20 21 22 
23 24 25 26 27 28 29 30 31 
32 33 34 35 36 37 38 39 40 
41 42 43 44 45 46 47 48 49 
50 51 52 53 54 55 56 57 58 
59 60 61 62 63 64 65 66 67 
68 69 70 71 72 73 74 75 76 
77 0 1 2 3 4 5 6 7 
8 9 10 11 12 13 14 15 16 
17 18 19 20 21 22 23 24 25 
26 27 28 29 30 31 32 33 34 
35 36 37 38 39 40 41 42 43 
44 45 46 47 48 49 50 51 52 
53 54 55 56 57 58 59 60 61 
62 63 64 65 66 67 68 69 70 
71 72 73 74 75 76 77 78 2 
3 4 5 6 7 8 9 10 11 
12 13 14 15 16 17 18 19 20 
21 22 23 24 25 26 27 28 29 
30 31 32 33 34 35 36 37 38 
39 40 41 42 43 44 45 46 47 
48 49 50 51 52 53 54 55 56 
57 58 59 60 61 62 63 64 65 
66 67 68 69 70 71 72 73 74 
75 76 77 1 2 3 4 5 6 
7 8 9 10 11 12 13 14 15 
16 17 18 19 20 21 22 23 24 
25 26 27 28 29 30 31 32 33 
34 35 36 37 38 39 40 41 42 
43 44 45 46 47 48 49 50 51 
52 53 54 55 56 57 58 59 60 
61 62 63 64 65 66 67 68 69 
70 71 72 73 74 75 76 77 78 
0 1 2 3 4 5 6 7 8 
9 10 11 12 13 14 15 16 17 
18 19 20 21 22 23 24 25 26 
27 28 29 30 31 32 33 34 35 
36 37 38 39 41 42 43 44 45 
46 47 48 49 50 51 52 53 54 
55 56 57 58 59 60 61 62 63 
64 65 66 67 68 69 70 71 72 
73 74 75 76 77 78 79 0 1 
2 3 4 5 6 7 8 9 10 
11 12 13 14 15 16 17 18 19 
20 21 22 23 24 25 26 27 28 
29 30 31 32 33 34 35 36 37 
38 39 40 41 42 43 44 45 46 
47 48 49 50 51 52 53 54 55 
56 57 58 59 60 61 62 63 64 
65 66 67 68 69 70 71 72 73 
74 75 76 77 78 1 2 3 4 
5 6 7 8 9 10 11 12 13 
14 15 16 17 18 19 20 21 22 
23 24 25 26 27 28 29 30 31 
32 33 34 35 36 37 38 39 40 
41 42 43 44 45 46 47 48 49 
50 51 52 53 54 55 56 57 58 
59 60 61 62 63 64 65 66 67 
68 69 70 71 72 73 74 75 76 
77 0 1 2 3 4 5 6 7 
8 9 10 11 12 13 14 15 16 
17 18 19 20 21 22 23 24 25 
26 27 28 29 30 31 32 33 34 
35 36 37 38 39 40 41 42 43 
44 45 46 47 48 49 50 51 52 
53 54 55 56 57 58 59 60 61 
62 63 64 65 66 67 68 69 70 
71 72 73 74 75 76 77 78 
FIELD FieldData 1
SamplingDistance2Origin 1 15749 float
-37.4574 -36.6574 -35.6575 -34.6575 -33.6575 -32.6575 -31.6575 -30.6576 -29.6576 
-28.6576 -27.6576 -26.6576 -25.6577 -24.6577 -23.6579 -22.6579 -21.6579 -20.6579 
-19.6579 -18.658 -17.6581 -16.6582 -15.6582 -14.6582 -13.6582 -12.6582 -11.6583 
-10.6582 -9.65828 -8.65829 -7.65831 -6.65833 -5.65836 -4.65836 -3.65837 -2.65838 
-1.65839 -0.65839 0.279716 1.27972 2.27971 3.2797 4.2797 5.27954 6.27945 
7.27921 8.27914 9.27906 10.279 11.2782 12.2734 13.2733 14.2733 15.2729 
16.2726 17.2725 18.2724 19.2721 20.272 21.2719 22.2718 23.2718 24.2718 
25.2718 26.2718 27.2718 28.2717 29.2717 30.2717 31.2717 32.2716 33.2716 
34.2716 35.2714 36.2711 37.2706 38.2696 -39.5309 -38.731 -37.731 -36.731 
-35.731 -34.731 -33.731 -32.731 -31.7311 -30.7311 -29.7311 -28.7311 -27.7311 
-26.7311 -25.7312 -24.7312 -23.7312 -22.7312 -21.7313 -20.7313 -19.7313 -18.7314 
-17.7315 -16.7316 -15.7316 -14.7317 -13.7317 -12.7317 -11.7317 -10.7317 -9.73177 
-8.73178 -7.7318 -6.73182 -5.73183 -4.73184 -3.73185 -2.73185 -1.73185 -0.731856 
0.50172 1.30171 2.30171 3.30169 4.30167 5.30156 6.30141 7.30128 8.30119 
9.30116 10.301 11.3008 12.2989 13.2985 14.2985 15.2984 16.298 17.2978 
18.2974 19.297 20.2967 21.2966 22.2966 23.2965 24.2965 25.2965 26.2965 
27.2965 28.2965 29.2965 30.2964 31.2964 32.2964 33.2963 34.2963 35.296 
36.2957 37.2951 38.0945 -39.4538 -38.6539 -37.6538 -36.6539 -35.6539 -34.6539 
-33.6539 -32.6539 -31.6539 -30.654 -29.654 -28.654 -27.654 -26.654 -25.6541 
-24.6542 -23.6542 -22.6542 -21.6542 -20.6542 -19.6543 -18.6544 -17.6545 -16.6546 
-15.6546 -14.6546 -13.6546 -12.6546 -11.6547 -10.6547 -9.65468 -8.65469 -7.6547 
-6.65473 -5.65475 -4.65477 -3.65478 -2.65478 -1.65478 -0.654799 0.385305 1.40535 
2.40535 3.40534 4.4053 5.40519 6.40506 7.40486 8.40473 9.40462 10.4046 
11.4037 12.4028 13.4028 14.4027 15.4026 16.4023 17.4021 18.4019 19.4017 
20.4014 21.4013 22.4013 23.4013 24.4013 25.4013 26.4013 27.4013 28.4013 
29.4012 30.4012 31.4011 32.4011 33.4011 34.401 35.4009 36.4005 37.4003 
38.3998 -39.3981 -38.5982 -37.5982 -36.5982 -35.5981 -34.5981 -33.5982 -32.5982 
-31.5982 -30.5982 -29.5982 -28.5982 -27.5983 -26.5983 -25.5983 -24.5984 -23.5985 
-22.5986 -21.5987 -20.5987 -19.5987 -18.5988 -17.599 -16.599 -15.5991 -14.5992 
-13.5992 -12.5992 -11.5992 -10.5993 -9.59927 -8.59928 -7.59929 -6.59931 -5.59931 
-4.5993 -3.59931 -2.59933 -1.59932 -0.59934 0.472815 1.27283 2.27283 3.27281 
4.2728 5.27276 6.27269 7.27253 8.27244 9.27238 10.2723 11.272 12.2711 
13.2705 14.2704 15.2704 16.2704 17.2703 18.2702 19.2701 20.2698 21.2696 
22.2696 23.2695 24.2695 25.2695 26.2695 27.2695 28.2694 29.2695 30.2694 
31.2694 32.2693 33.2694 34.2693 35.269 36.2686 37.2671 38.2659 -39.4434 
-38.6435 -37.6434 -36.6434 -35.6434 -34.6435 -33.6435 -32.6435 -31.6435 -30.6435 
-29.6436 -28.6435 -27.6436 -26.6436 -25.6436 -24.6437 -23.6438 -22.6438 -21.6439 
-20.644 -19.644 -18.644 -17.6441 -16.6443 -15.6444 -14.6446 -13.6447 -12.6447 
-11.6448 -10.6448 -9.64479 -8.6448 -7.64481 -6.64482 -5.64483 -4.64484 -3.64483 
-2.64484 -1.64484 -0.644856 0.291843 1.26018 2.26018 3.26017 4.26015 5.26013 
6.26004 7.25995 8.25984 9.25976 10.2597 11.2596 12.2591 13.2587 14.2587 
15.2586 16.2585 17.2582 18.2581 19.2578 20.2575 21.2574 22.2574 23.2573 
24.2573 25.2573 26.2573 27.2572 28.2573 29.2572 30.2572 31.2572 32.2572 
33.2571 34.257 35.2568 36.2563 37.2547 38.0464 -37.7844 -36.7845 -35.7845 
-34.7845 -33.7846 -32.7846 -31.7847 -30.7847 -29.7847 -28.7848 -27.7847 -26.7848 
-25.7848 -24.7849 -23.785 -22.785 -21.785 -20.785 -19.7851 -18.7852 -17.7853 
-16.7854 -15.7854 -14.7854 -13.7854 -12.7854 -11.7855 -10.7855 -9.7855 -8.78551 
-7.78552 -6.78554 -5.78557 -4.78559 -3.78561 -2.78562 -1.78562 -0.785624 0.134304 
1.29427 2.29426 3.29424 4.29424 5.29406 6.29385 7.29361 8.29358 9.29354 
10.2935 11.2923 12.2907 13.2906 14.2902 15.29 16.2899 17.2898 18.2896 
19.2895 20.2893 21.2892 22.2891 23.2892 24.2891 25.2891 26.2891 27.2891 
28.289 29.289 30.289 31.2889 32.2889 33.2888 34.2888 35.2886 36.2883 
37.2881 38.2881 -39.5479 -38.7479 -37.7479 -36.7479 -35.7479 -34.7479 -33.7479 
-32.748 -31.748 -30.748 -29.748 -28.748 -27.748 -26.748 -25.748 -24.748 
-23.7481 -22.7482 -21.7483 -20.7483 -19.7483 -18.7484 -17.7485 -16.7486 -15.7488 
-14.7488 -13.7489 -12.7489 -11.749 -10.749 -9.74903 -8.74903 -7.74903 -6.74906 
-5.74905 -4.74906 -3.74907 -2.74907 -1.74907 -0.749075 0.324879 1.32487 2.32488 
3.32487 4.32482 5.32481 6.32467 7.32455 8.32444 9.32441 10.3242 11.3241 
12.3234 13.323 14.323 15.3229 16.3227 17.3225 18.3222 19.3217 20.3215 
21.3214 22.3214 23.3213 24.3214 25.3213 26.3213 27.3213 28.3213 29.3213 
30.3212 31.3212 32.3211 33.3211 34.3209 35.3208 36.3201 37.3182 -39.4676 
-38.6676 -37.6676 -36.6677 -35.6677 -34.6677 -33.6677 -32.6677 -31.6677 -30.6677 
-29.6677 -28.6677 -27.6678 -26.6678 -25.6678 -24.6678 -23.6679 -22.6679 -21.6679 
-20.6679 -19.668 -18.6681 -17.6683 -16.6683 -15.6683 -14.6683 -13.6684 -12.6684 
-11.6684 -10.6685 -9.66846 -8.66847 -7.6685 -6.66852 -5.66852 -4.66853 -3.66853 
-2.66854 -1.66854 -0.66855 0.782261 1.38226 2.38226 3.38226 4.38222 5.38214 
6.38206 7.38187 8.38176 9.38171 10.3816 11.3815 12.3747 13.3719 14.3718 
15.3717 16.3708 17.3707 18.3706 19.3704 20.3703 21.3702 22.3702 23.3702 
24.3701 25.3701 26.3701 27.3701 28.3701 29.3701 30.3701 31.37 32.37 
33.3699 34.3699 35.3698 36.3696 37.3691 38.3683 -39.4658 -38.6658 -37.6658 
-36.6658 -35.6658 -34.6658 -33.6659 -32.6659 -31.666 -30.666 -29.6659 -28.6659 
-27.666 -26.666 -25.666 -24.666 -23.6661 -22.6662 -21.6662 -20.6663 -19.6663 
-18.6664 -17.6665 -16.6666 -15.6667 -14.6668 -13.6669 -12.6669 -11.6669 -10.667 
-9.66698 -8.66699 -7.66699 -6.667 -5.66701 -4.66702 -3.66703 -2.66702 -1.66702 
-0.66704 0.444494 1.2445 2.24449 3.24447 4.24446 5.24443 6.24433 7.24421 
8.24407 9.24397 10.2437 11.2437 12.2433 13.2431 14.2431 15.2431 16.2428 
17.2423 18.2423 19.242 20.2417 21.2415 22.2415 23.2414 24.2414 25.2414 
26.2414 27.2415 28.2414 29.2414 30.2414 31.2414 32.2413 33.2412 34.2412 
35.241 36.2407 37.2397 38.2385 -39.5682 -38.7682 -37.7682 -36.7682 -35.7682 
-34.7682 -33.7683 -32.7682 -31.7683 -30.7683 -29.7683 -28.7683 -27.7683 -26.7684 
-25.7684 -24.7685 -23.7686 -22.7686 -21.7686 -20.7686 -19.7686 -18.7688 -17.7689 
-16.769 -15.769 -14.7691 -13.7691 -12.7691 -11.7692 -10.7692 -9.7692 -8.7692 
-7.76923 -6.76924 -5.76926 -4.76928 -3.76929 -2.7693 -1.7693 -0.769305 0.544823 
1.34484 2.34481 3.34482 4.34477 5.34472 6.34457 7.34445 8.34434 9.34434 
10.3443 11.3441 12.3436 13.3434 14.3432 15.3427 16.3425 17.3424 18.3424 
19.3424 20.3421 21.3419 22.3418 23.3418 24.3418 25.3418 26.3418 27.3418 
28.3418 29.3417 30.3417 31.3417 32.3416 33.3415 34.3415 35.3414 36.3412 
37.3409 38.3408 39.3407 -39.6818 -38.6818 -37.6818 -36.6818 -35.6818 -34.6818 
-33.6818 -32.6819 -31.6819 -30.6819 -29.6819 -28.6819 -27.6819 -26.6819 -25.682 
-24.6821 -23.6822 -22.6822 -21.6822 -20.6823 -19.6823 -18.6824 -17.6826 -16.6827 
-15.6828 -14.6828 -13.6829 -12.6829 -11.6829 -10.683 -9.683 -8.68299 -7.68302 
-6.68302 -5.68302 -4.68304 -3.68304 -2.68304 -1.68303 -0.883045 0.302421 1.30242 
2.30241 3.3024 4.30237 5.30233 6.30218 7.30206 8.30198 9.30186 10.3019 
11.3017 12.3006 13.3002 14.3001 15.3001 16.2999 17.2996 18.2996 19.2993 
20.299 21.299 22.299 23.299 24.2989 25.2989 26.2989 27.2989 28.2989 
29.2989 30.2989 31.2988 32.2988 33.2987 34.2986 35.2983 36.2976 37.2972 
-37.6805 -36.6807 -35.6809 -34.6809 -33.681 -32.681 -31.6811 -30.6811 -29.6811 
-28.6811 -27.6811 -26.6812 -25.6812 -24.6812 -23.6813 -22.6828 -21.6832 -20.6832 
-19.6834 -18.6835 -17.6835 -16.6836 -15.6839 -14.6843 -13.6845 -12.6847 -11.6849 
-10.6849 -9.68489 -8.68493 -7.68497 -6.68501 -5.68503 -4.68503 -3.68503 -2.68502 
-1.68502 -0.685028 0.143784 1.25819 2.25817 3.25818 4.25817 5.25817 6.25817 
7.25799 8.25769 9.2576 10.2576 11.2575 12.256 13.2559 14.2559 15.2559 
16.2559 17.255 18.255 19.2544 20.2541 21.2539 22.2538 23.2538 24.2538 
25.2537 26.2537 27.2537 28.2537 29.2536 30.2536 31.2536 32.2535 33.2535 
34.2534 35.2533 36.253 37.2521 38.2519 -39.7529 -38.7529 -37.7529 -36.7529 
-35.7529 -34.7529 -33.7529 -32.753 -31.753 -30.753 -29.753 -28.753 -27.753 
-26.753 -25.7531 -24.7532 -23.7532 -22.7532 -21.7532 -20.7533 -19.7534 -18.7534 
-17.7536 -16.7536 -15.7537 -14.7537 -13.7537 -12.7537 -11.7538 -10.7538 -9.75383 
-8.75383 -7.75386 -6.75387 -5.75387 -4.75388 -3.75388 -2.7539 -1.7539 -0.953907 
0.804162 1.40417 2.40415 3.40414 4.40413 5.40407 6.40393 7.40364 8.40345 
9.40338 10.4033 11.4032 12.3986 13.3937 14.3936 15.3936 16.3932 17.393 
18.3928 19.3926 20.3924 21.3923 22.3922 23.3922 24.3922 25.3921 26.3921 
27.3921 28.3921 29.3921 30.3921 31.392 32.392 33.3919 34.3919 35.3918 
36.3917 37.3913 38.3901 -37.6483 -36.6483 -35.6483 -34.6484 -33.6484 -32.6485 
-31.6485 -30.6485 -29.6486 -28.6486 -27.6486 -26.6486 -25.6487 -24.6487 -23.6487 
-22.6487 -21.6487 -20.6487 -19.6488 -18.6489 -17.649 -16.6491 -15.6491 -14.6491 
-13.6491 -12.6491 -11.6491 -10.6492 -9.64914 -8.64915 -7.64916 -6.64919 -5.64922 
-4.64924 -3.64924 -2.64924 -1.64926 -0.64926 0.282343 1.24815 2.24813 3.24813 
4.24809 5.24794 6.24783 7.24774 8.24771 9.24764 10.2475 11.2472 12.2459 
13.2455 14.2455 15.2453 16.245 17.2449 18.2442 19.2438 20.2436 21.2436 
22.2435 23.2435 24.2435 25.2434 26.2435 27.2435 28.2434 29.2434 30.2434 
31.2434 32.2433 33.2433 34.2432 35.2429 36.2422 37.2409 -38.5369 -37.737 
-36.7372 -35.7373 -34.7373 -33.7373 -32.7373 -31.7374 -30.7375 -29.7374 -28.7374 
-27.7374 -26.7374 -25.7375 -24.7376 -23.7376 -22.738 -21.7395 -20.7395 -19.7397 
-18.7398 -17.7399 -16.7399 -15.7402 -14.7406 -13.7408 -12.7409 -11.741 -10.7411 
-9.74106 -8.74112 -7.74118 -6.74119 -5.74121 -4.74122 -3.74121 -2.74121 -1.74122 
-0.741228 0.0984042 1.21821 2.2182 3.2182 4.21819 5.21817 6.21814 7.21805 
8.21795 9.21773 10.2176 11.2175 12.2153 13.2152 14.2152 15.2152 16.2151 
17.2149 18.2147 19.2145 20.2141 21.2139 22.2139 23.2138 24.2138 25.2138 
26.2138 27.2138 28.2138 29.2138 30.2138 31.2137 32.2137 33.2136 34.2136 
35.2135 36.2135 37.2127 38.4098 -37.7592 -36.7592 -35.7592 -34.7593 -33.7593 
-32.7594 -31.7594 -30.7595 -29.7595 -28.7595 -27.7596 -26.7596 -25.7596 -24.7597 
-23.7597 -22.7598 -21.7597 -20.7598 -19.7598 -18.7598 -17.76 -16.7601 -15.7601 
-14.7601 -13.7602 -12.7602 -11.7602 -10.7602 -9.76021 -8.76021 -7.76023 -6.76026 
-5.76028 -4.76028 -3.7603 -2.76031 -1.76032 -0.760325 0.155087 1.3128 2.31279 
3.31277 4.3127 5.31251 6.31229 7.31211 8.31203 9.312 10.312 11.3106 
12.3089 13.3088 14.3085 15.3083 16.3083 17.3081 18.308 19.3079 20.3077 
21.3076 22.3075 23.3075 24.3075 25.3075 26.3075 27.3075 28.3075 29.3075 
30.3074 31.3074 32.3073 33.3073 34.3072 35.3071 36.3068 37.3066 38.3065 
-39.4837 -38.6837 -37.6837 -36.6837 -35.6838 -34.6838 -33.6838 -32.6838 -31.6839 
-30.6839 -29.6839 -28.6839 -27.6839 -26.6839 -25.6839 -24.684 -23.6841 -22.6842 
-21.6846 -20.6846 -19.6847 -18.6848 -17.6849 -16.685 -15.6851 -14.6854 -13.6856 
-12.6858 -11.6858 -10.6858 -9.68589 -8.68589 -7.68593 -6.68596 -5.68596 -4.68596 
-3.68596 -2.68596 -1.68596 -0.685971 0.171573 1.30035 2.30034 3.30033 4.30032 
5.30031 6.30022 7.30016 8.29998 9.29985 10.2998 11.2995 12.2986 13.2984 
14.2984 15.2984 16.2981 17.2974 18.2972 19.2969 20.2967 21.2966 22.2965 
23.2965 24.2964 25.2965 26.2964 27.2964 28.2964 29.2964 30.2964 31.2963 
32.2962 33.2962 34.2962 35.296 36.2956 37.294 38.2904 -39.2891 -38.689 
-37.689 -36.689 -35.689 -34.689 -33.689 -32.689 -31.6891 -30.6891 -29.6891 
-28.6891 -27.6891 -26.6892 -25.6891 -24.6892 -23.6892 -22.6893 -21.6895 -20.6894 
-19.6895 -18.6896 -17.6897 -16.6899 -15.69 -14.6901 -13.6901 -12.6901 -11.6902 
-10.6902 -9.69022 -8.69024 -7.69025 -6.69025 -5.69026 -4.69026 -3.69026 -2.69028 
-1.69028 -0.690265 0.345061 1.36271 2.36272 3.36271 4.36267 5.36262 6.36251 
7.36236 8.36218 9.36197 10.3619 11.3618 12.3428 13.3325 14.3325 15.3325 
16.3321 17.3317 18.3316 19.3313 20.3311 21.3309 22.3308 23.3307 24.3307 
25.3308 26.3307 27.3307 28.3307 29.3307 30.3307 31.3307 32.3306 33.3306 
34.3305 35.3305 36.3302 37.3301 38.3284 -38.2336 -37.6336 -36.6336 -35.6337 
-34.6337 -33.6338 -32.6339 -31.634 -30.634 -29.634 -28.634 -27.6341 -26.634 
-25.6341 -24.6341 -23.6341 -22.6342 -21.6342 -20.6342 -19.6343 -18.6343 -17.6345 
-16.6345 -15.6345 -14.6345 -13.6345 -12.6346 -11.6346 -10.6346 -9.63463 -8.63464 
-7.63465 -6.63467 -5.63469 -4.63471 -3.63472 -2.63472 -1.63474 -0.634736 0.227003 
1.22697 2.22698 3.22695 4.22692 5.2268 6.22671 7.22652 8.22647 9.22641 
10.2264 11.2253 12.2239 13.2238 14.2235 15.223 16.2231 17.2229 18.2228 
19.2227 20.2224 21.2223 22.2223 23.2222 24.2223 25.2222 26.2222 27.2222 
28.2222 29.2222 30.2222 31.2221 32.2221 33.2221 34.222 35.2218 36.2215 
37.2212 38.2211 -38.2535 -37.6534 -36.6534 -35.6535 -34.6535 -33.6535 -32.6535 
-31.6535 -30.6536 -29.6537 -28.6537 -27.6537 -26.6537 -25.6538 -24.6538 -23.6538 
-22.6539 -21.6539 -20.6539 -19.6539 -18.654 -17.654 -16.6541 -15.6541 -14.6541 
-13.6541 -12.6541 -11.6542 -10.6542 -9.65417 -8.65417 -7.65421 -6.65423 -5.65426 
-4.65427 -3.65428 -2.65427 -1.65429 -0.654297 0.332879 1.33287 2.33287 3.33284 
4.33285 5.33268 6.33244 7.33223 8.33214 9.3321 10.3321 11.3315 12.3278 
13.3277 14.3276 15.3272 16.3272 17.3271 18.327 19.3268 20.3266 21.3265 
22.3265 23.3265 24.3265 25.3265 26.3264 27.3264 28.3264 29.3264 30.3264 
31.3263 32.3263 33.3262 34.3262 35.3261 36.3259 37.3253 38.3246 -39.7337 
-38.7337 -37.7337 -36.7337 -35.7337 -34.7337 -33.7337 -32.7338 -31.7338 -30.7338 
-29.7338 -28.7338 -27.7338 -26.7338 -25.7339 -24.734 -23.734 -22.7341 -21.7341 
-20.7341 -19.7342 -18.7342 -17.7344 -16.7344 -15.7345 -14.7346 -13.7346 -12.7346 
-11.7346 -10.7346 -9.73463 -8.73465 -7.73467 -6.73468 -5.73469 -4.7347 -3.7347 
-2.73471 -1.73471 -0.934716 1.21502 2.21502 3.21502 4.21502 5.21496 6.21486 
7.21464 8.21459 9.21447 10.2144 11.2142 12.2123 13.2103 14.2103 15.2103 
16.21 17.2097 18.4096 19.4093 20.409 21.4089 22.4089 23.4088 24.4088 
25.4088 26.4087 27.4087 28.4088 29.4088 30.4087 31.4087 32.4086 33.4086 
34.4086 35.4085 36.4082 37.4074 38.4064 -39.2049 -38.6049 -37.6049 -36.6049 
-35.6049 -34.6049 -33.6049 -32.6049 -31.605 -30.605 -29.605 -28.605 -27.605 
-26.605 -25.605 -24.605 -23.6052 -22.6051 -21.6052 -20.6052 -19.6052 -18.6053 
-17.6054 -16.6055 -15.6056 -14.6057 -13.6058 -12.6058 -11.6059 -10.6059 -9.60589 
-8.60591 -7.60592 -6.60592 -5.60593 -4.60592 -3.60593 -2.60591 -1.60594 -0.60595 
0.217243 1.2404 2.2404 3.2404 4.24039 5.24036 6.2403 7.24012 8.24015 
9.24007 10.2399 11.2399 12.2398 13.2393 14.2393 15.2393 16.2391 17.2387 
18.2385 19.238 20.2378 21.2377 22.2377 23.2376 24.2376 25.2376 26.2376 
27.2376 28.2376 29.2376 30.2376 31.2375 32.2374 33.2374 34.2373 35.2371 
36.2367 37.2352 -39.6004 -38.6004 -37.6005 -36.6005 -35.6006 -34.6006 -33.6006 
-32.6006 -31.6006 -30.6007 -29.6007 -28.6007 -27.6007 -26.6007 -25.6007 -24.6007 
-23.6008 -22.6011 -21.6013 -20.6013 -19.6014 -18.6015 -17.6016 -16.6016 -15.6019 
-14.6021 -13.6022 -12.6024 -11.6024 -10.6025 -9.60245 -8.60247 -7.6025 -6.60251 
-5.60252 -4.60251 -3.60252 -2.60251 -1.60253 -0.602527 0.252533 1.38007 2.38006 
3.38005 4.38005 5.38 6.37993 7.37987 8.37974 9.37951 10.3793 11.379 
12.3785 13.3783 14.3783 15.3783 16.378 17.3776 18.3773 19.3771 20.3769 
21.3768 22.3767 23.3767 24.3767 25.3767 26.3767 27.3766 28.3766 29.3766 
30.3766 31.3766 32.3765 33.3765 34.3764 35.3762 36.3755 37.3741 -38.2034 
-37.6035 -36.6035 -35.6035 -34.6035 -33.6036 -32.6037 -31.6037 -30.6037 -29.6038 
-28.6038 -27.6038 -26.6038 -25.6039 -24.6038 -23.6039 -22.6039 -21.6039 -20.6039 
-19.6039 -18.604 -17.6041 -16.6041 -15.6041 -14.6042 -13.6042 -12.6042 -11.6042 
-10.6042 -9.60421 -8.60421 -7.60422 -6.60426 -5.60428 -4.6043 -3.60432 -2.60433 
-1.60432 -0.604341 0.279232 1.27924 2.27924 3.27921 4.27923 5.27905 6.27895 
7.27875 8.27865 9.2786 10.2785 11.2778 12.2737 13.2736 14.2735 15.2734 
16.2733 17.2732 18.2732 19.273 20.2729 21.2727 22.2727 23.2727 24.2727 
25.2726 26.2726 27.2727 28.2726 29.2726 30.2725 31.2725 32.2724 33.2724 
34.2724 35.2722 36.2719 37.2718 38.2715 -38.4998 -37.6998 -36.6999 -35.6999 
-34.7 -33.7001 -32.7001 -31.7002 -30.7002 -29.7003 -28.7003 -27.7002 -26.7002 
-25.7003 -24.7003 -23.7004 -22.7004 -21.7004 -20.7004 -19.7005 -18.7006 -17.7007 
-16.7008 -15.7008 -14.7009 -13.7008 -12.7008 -11.7009 -10.7009 -9.7009 -8.70091 
-7.70093 -6.70096 -5.70099 -4.701 -3.70102 -2.70103 -1.70104 -0.701053 0.199699 
1.35008 2.35007 3.35004 4.35 5.34982 6.3496 7.34941 8.34933 9.34934 
10.3493 11.3479 12.3462 13.3462 14.346 15.3457 16.3457 17.3456 18.3456 
19.3453 20.3451 21.3451 22.3451 23.3451 24.345 25.345 26.3451 27.3451 
28.345 29.345 30.3449 31.3449 32.3449 33.3448 34.3448 35.3446 36.3444 
37.3441 38.344 -39.4908 -38.6908 -37.6908 -36.6908 -35.6908 -34.6908 -33.6908 
-32.6908 -31.6908 -30.6908 -29.6909 -28.6909 -27.6909 -26.6909 -25.691 -24.691 
-23.6911 -22.6912 -21.6912 -20.6912 -19.6913 -18.6914 -17.6915 -16.6916 -15.6917 
-14.6917 -13.6917 -12.6918 -11.6918 -10.6918 -9.69187 -8.69187 -7.69188 -6.69189 
-5.6919 -4.6919 -3.69193 -2.69192 -1.69192 -0.691923 0.641628 1.24162 2.24162 
3.24162 4.24159 5.24155 6.24148 7.24128 8.2412 9.24108 10.241 11.241 
12.2213 13.2114 14.2114 15.2114 16.2109 17.2104 18.2102 19.2099 20.2096 
21.4095 22.4095 23.4094 24.4094 25.4094 26.4094 27.4094 28.4094 29.4093 
30.4093 31.4093 32.4092 33.4092 34.4091 35.409 36.4089 37.4081 38.4079 
-39.5764 -38.7764 -37.7763 -36.7764 -35.7763 -34.7764 -33.7764 -32.7764 -31.7764 
-30.7764 -29.7765 -28.7765 -27.7765 -26.7766 -25.7766 -24.7767 -23.7767 -22.7767 
-21.7767 -20.7767 -19.7768 -18.7769 -17.777 -16.7771 -15.7772 -14.7772 -13.7772 
-12.7772 -11.7772 -10.7773 -9.77727 -8.77729 -7.7773 -6.77734 -5.77734 -4.77736 
-3.77736 -2.77737 -1.77736 -0.777374 0.227295 1.22729 2.22729 3.22729 4.22726 
5.22714 6.227 7.2268 8.22677 9.22672 10.2266 11.2261 12.2251 13.2249 
14.2248 15.2246 16.2242 17.2239 18.2238 19.2234 20.2232 21.2232 22.2232 
23.2231 24.2231 25.2231 26.223 27.223 28.2231 29.2231 30.223 31.223 
32.2229 33.2229 34.2229 35.2227 36.2224 37.2216 38.2191 -37.7568 -36.7568 
-35.7568 -34.7569 -33.7569 -32.757 -31.7571 -30.7572 -29.7572 -28.7572 -27.7572 
-26.7572 -25.7573 -24.7573 -23.7574 -22.7574 -21.7574 -20.7574 -19.7575 -18.7575 
-17.7576 -16.7577 -15.7577 -14.7577 -13.7577 -12.7577 -11.7577 -10.7577 -9.75775 
-8.75776 -7.75778 -6.75779 -5.75782 -4.75783 -3.75783 -2.75786 -1.75787 -0.757884 
0.161874 1.32172 2.32172 3.3217 4.32166 5.3215 6.3214 7.32133 8.32127 
9.32121 10.3211 11.3204 12.3173 13.3172 14.3172 15.3171 16.3168 17.3167 
18.3163 19.3161 20.316 21.3158 22.3158 23.3157 24.3157 25.3157 26.3157 
27.3157 28.3158 29.3157 30.3157 31.3157 32.3156 33.3156 34.3155 35.3154 
36.3148 37.3144 -39.4379 -38.6379 -37.6379 -36.6379 -35.6379 -34.6379 -33.6379 
-32.6379 -31.638 -30.638 -29.638 -28.638 -27.638 -26.638 -25.638 -24.6381 
-23.6382 -22.6383 -21.6384 -20.6385 -19.6385 -18.6386 -17.6387 -16.6388 -15.6389 
-14.639 -13.639 -12.6391 -11.6391 -10.6391 -9.63914 -8.63915 -7.63916 -6.63917 
-5.63919 -4.6392 -3.63919 -2.63921 -1.6392 -0.639198 0.472242 1.27225 2.27225 
3.27223 4.27221 5.27219 6.27209 7.27197 8.27183 9.2717 10.2714 11.4477 
12.3997 13.399 14.3989 15.3989 16.3985 17.3984 18.3981 19.3978 20.3975 
21.3974 22.3973 23.3973 24.3973 25.3973 26.3973 27.3973 28.3973 29.3972 
30.3973 31.3972 32.3971 33.3971 34.3971 35.397 36.3967 37.3962 38.395 
-39.6868 -38.6868 -37.6868 -36.6867 -35.6868 -34.6867 -33.6868 -32.6868 -31.6868 
-30.6869 -29.6869 -28.6869 -27.6869 -26.6869 -25.6869 -24.687 -23.687 -22.6871 
-21.6871 -20.6871 -19.6871 -18.6872 -17.6874 -16.6874 -15.6874 -14.6875 -13.6875 
-12.6875 -11.6875 -10.6875 -9.68752 -8.68754 -7.68755 -6.68758 -5.68759 -4.68759 
-3.6876 -2.68761 -1.68759 -0.887607 0.549219 1.34921 2.34921 3.34919 4.34917 
5.34907 6.34898 7.34887 8.34883 9.34878 10.3487 11.3484 12.348 13.3473 
14.3472 15.3472 16.3471 17.3466 18.3465 19.3462 20.3459 21.3458 22.3457 
23.3457 24.3457 25.3456 26.3456 27.3457 28.3456 29.3456 30.3456 31.3456 
32.3455 33.3455 34.3454 35.3451 36.3446 37.3423 38.3409 -38.7648 -37.7648 
-36.7649 -35.7649 -34.7649 -33.7649 -32.7649 -31.7649 -30.765 -29.7651 -28.7651 
-27.7651 -26.7652 -25.7652 -24.7652 -23.7653 -22.7652 -21.7652 -20.7652 -19.7652 
-18.7654 -17.7655 -16.7656 -15.7656 -14.7656 -13.7656 -12.7656 -11.7657 -10.7657 
-9.7657 -8.76571 -7.76573 -6.76575 -5.76576 -4.76578 -3.76579 -2.7658 -1.76581 
-0.76582 0.248618 1.24862 2.24863 3.2486 4.24858 5.24847 6.2483 7.24827 
8.24827 9.24822 10.2481 11.2478 12.2475 13.247 14.247 15.247 16.2468 
17.2464 18.2463 19.2459 20.2458 21.2457 22.2456 23.2456 24.2456 25.2456 
26.2456 27.2455 28.2455 29.2455 30.2455 31.2454 32.2454 33.2453 34.2452 
35.2447 36.4011 37.3189 -39.3339 -38.7339 -37.7339 -36.7339 -35.7339 -34.7339 
-33.7339 -32.734 -31.734 -30.734 -29.734 -28.734 -27.734 -26.734 -25.734 
-24.7341 -23.7342 -22.7342 -21.7344 -20.7345 -19.7345 -18.7346 -17.7347 -16.7348 
-15.735 -14.7351 -13.7352 -12.7353 -11.7353 -10.7353 -9.73538 -8.73538 -7.7354 
-6.73541 -5.73542 -4.73542 -3.73543 -2.73542 -1.73543 -0.735422 0.181474 1.33995 
2.33992 3.33992 4.33989 5.33988 6.33978 7.33968 8.33945 9.33947 10.3394 
11.3394 12.3392 13.339 14.339 15.3389 16.3387 17.3382 18.338 19.3377 
20.3374 21.3373 22.3373 23.3373 24.3373 25.3373 26.3372 27.3372 28.3372 
29.3372 30.3372 31.3371 32.3371 33.3371 34.337 35.3369 36.3366 37.335 
38.3337 -39.3509 -38.7509 -37.751 -36.7511 -35.7512 -34.7512 -33.7512 -32.7513 
-31.7513 -30.7513 -29.7513 -28.7513 -27.7513 -26.7513 -25.7513 -24.7514 -23.7515 
-22.7518 -21.7527 -20.7527 -19.7528 -18.7529 -17.753 -16.7532 -15.7534 -14.7538 
-13.754 -12.7542 -11.7543 -10.7544 -9.75437 -8.75442 -7.75447 -6.75449 -5.7545 
-4.75451 -3.75451 -2.7545 -1.75451 -0.754499 0.0950952 1.21989 2.2199 3.21988 
4.21987 5.21984 6.21979 7.21975 8.2195 9.21929 10.2191 11.2191 12.4037 
13.4036 14.4036 15.4035 16.4035 17.4031 18.4029 19.4025 20.4021 21.4019 
22.4019 23.4019 24.4019 25.4018 26.4018 27.4018 28.4018 29.4018 30.4018 
31.4018 32.4017 33.4017 34.4016 35.4015 36.4011 37.4004 38.3977 -39.4073 
-38.6073 -37.6073 -36.6073 -35.6073 -34.6073 -33.6073 -32.6073 -31.6074 -30.6074 
-29.6075 -28.6075 -27.6076 -26.6076 -25.6076 -24.6077 -23.6077 -22.6078 -21.6078 
-20.6078 -19.6078 -18.6078 -17.608 -16.6081 -15.6081 -14.6081 -13.6081 -12.6081 
-11.6082 -10.6082 -9.60823 -8.60824 -7.60826 -6.60829 -5.6083 -4.6083 -3.60831 
-2.60833 -1.60832 -0.608327 0.278805 1.27881 2.2788 3.27879 4.27874 5.27864 
6.27849 7.27845 8.27839 9.27836 10.2782 11.278 12.2776 13.2773 14.2772 
15.2772 16.2772 17.277 18.2768 19.2765 20.2764 21.2763 22.2763 23.2762 
24.2763 25.2762 26.2762 27.2762 28.2762 29.2762 30.2762 31.2761 32.276 
33.2758 34.2755 35.2752 36.2749 -37.4416 -36.6416 -35.6416 -34.6416 -33.6417 
-32.6417 -31.6417 -30.6418 -29.6419 -28.6419 -27.6419 -26.6419 -25.642 -24.642 
-23.642 -22.6421 -21.6421 -20.6421 -19.6422 -18.6422 -17.6422 -16.6423 -15.6423 
-14.6423 -13.6423 -12.6424 -11.6423 -10.6424 -9.64238 -8.64238 -7.64242 -6.64244 
-5.64245 -4.64247 -3.64248 -2.6425 -1.6425 -0.642521 0.293091 1.29311 2.29307 
3.29306 4.29303 5.29288 6.29278 7.29268 8.29261 9.29257 10.2925 11.2924 
12.292 13.2916 14.2916 15.2915 16.2913 17.2911 18.2906 19.2904 20.2901 
21.2901 22.2901 23.29 24.29 25.29 26.29 27.29 28.29 29.29 
30.29 31.2899 32.2898 33.2898 34.2897 35.2895 36.2887 37.2875 -39.4911 
-38.6911 -37.691 -36.6911 -35.6911 -34.6911 -33.6911 -32.6911 -31.6911 -30.6912 
-29.6912 -28.6912 -27.6912 -26.6912 -25.6912 -24.6913 -23.6914 -22.6914 -21.6914 
-20.6914 -19.6914 -18.6915 -17.6916 -16.6917 -15.6917 -14.6918 -13.6918 -12.6918 
-11.6918 -10.6918 -9.69184 -8.69184 -7.69186 -6.69189 -5.69189 -4.69191 -3.69191 
-2.69192 -1.69192 -0.691926 0.262566 1.21708 2.21707 3.21708 4.21702 5.21696 
6.21684 7.21662 8.21654 9.21646 10.2163 11.2163 12.2012 13.3945 14.3944 
15.3942 16.3938 17.3937 18.3936 19.3934 20.3932 21.3931 22.393 23.393 
24.393 25.393 26.393 27.393 28.393 29.3929 30.3929 31.3928 32.3928 
33.3927 34.3927 35.3927 36.3924 37.392 38.3918 -39.4901 -38.6901 -37.6901 
-36.6901 -35.6902 -34.6902 -33.6901 -32.6902 -31.6902 -30.6903 -29.6903 -28.6903 
-27.6903 -26.6903 -25.6904 -24.6904 -23.6905 -22.6905 -21.6905 -20.6905 -19.6906 
-18.6907 -17.6908 -16.6908 -15.6908 -14.6909 -13.6909 -12.6909 -11.6909 -10.6909 
-9.69094 -8.69095 -7.69097 -6.69099 -5.691 -4.69102 -3.69102 -2.69102 -1.69103 
-0.691044 0.227246 1.22725 2.22724 3.22722 4.22723 5.22712 6.22702 7.22683 
8.22683 9.22678 10.2267 11.2265 12.226 13.2253 14.2253 15.2252 16.225 
17.2246 18.2244 19.224 20.2238 21.2237 22.2237 23.2236 24.2237 25.2236 
26.2236 27.2236 28.2236 29.2236 30.2235 31.2235 32.2235 33.2234 34.2233 
35.223 36.2229 37.2204 38.2195 -38.6526 -37.6526 -36.6526 -35.6526 -34.6527 
-33.6527 -32.6527 -31.6527 -30.6527 -29.6527 -28.6528 -27.6528 -26.6528 -25.6528 
-24.6529 -23.653 -22.653 -21.653 -20.653 -19.6531 -18.6531 -17.6533 -16.6533 
-15.6533 -14.6534 -13.6534 -12.6534 -11.6534 -10.6534 -9.65345 -8.65346 -7.65347 
-6.6535 -5.65351 -4.65352 -3.65354 -2.65352 -1.65354 -0.653546 0.179026 1.21158 
2.21157 3.21157 4.21148 5.21137 6.21129 7.21106 8.21103 9.21095 10.2109 
11.2099 12.4078 13.4074 14.4069 15.4066 16.4065 17.4064 18.4063 19.4063 
20.406 21.4056 22.4056 23.4056 24.4056 25.4056 26.4056 27.4056 28.4056 
29.4055 30.4055 31.4055 32.4054 33.4053 34.4053 35.4051 36.4048 37.4046 
38.4046 -37.6927 -36.6927 -35.6928 -34.6928 -33.6928 -32.6928 -31.6928 -30.6929 
-29.6929 -28.6929 -27.693 -26.693 -25.693 -24.6931 -23.6931 -22.6932 -21.6932 
-20.6932 -19.6932 -18.6932 -17.6934 -16.6935 -15.6935 -14.6935 -13.6936 -12.6935 
-11.6936 -10.6936 -9.69361 -8.69362 -7.69364 -6.69366 -5.69369 -4.6937 -3.69371 
-2.69371 -1.69372 -0.693737 0.275436 1.27544 2.27542 3.27539 4.27533 5.27522 
6.27514 7.27492 8.27485 9.2748 10.2748 11.2735 12.2714 13.2712 14.2711 
15.2707 16.2706 17.2704 18.2703 19.2702 20.2701 21.27 22.2699 23.2699 
24.2699 25.2699 26.2698 27.2699 28.2698 29.2698 30.2698 31.2698 32.2697 
33.2697 34.2696 35.2695 36.2691 37.269 38.2689 -38.6493 -37.6493 -36.6494 
-35.6494 -34.6494 -33.6494 -32.6494 -31.6494 -30.6494 -29.6495 -28.6495 -27.6496 
-26.6496 -25.6496 -24.6496 -23.6496 -22.6497 -21.6497 -20.6497 -19.6498 -18.6499 
-17.65 -16.65 -15.6501 -14.6501 -13.6501 -12.6501 -11.6501 -10.6502 -9.65019 
-8.6502 -7.65021 -6.65025 -5.65026 -4.65027 -3.65028 -2.65029 -1.6503 -0.650302 
0.350159 1.35041 2.3504 3.35039 4.35035 5.35021 6.35004 7.34992 8.34983 
9.3498 10.3496 11.3492 12.347 13.3467 14.3466 15.3466 16.3463 17.346 
18.3458 19.3455 20.3454 21.3454 22.3453 23.3453 24.3453 25.3453 26.3453 
27.3453 28.3453 29.3453 30.3452 31.3452 32.3451 33.3451 34.345 35.3447 
36.3446 37.3434 -38.5158 -37.716 -36.7161 -35.7161 -34.7163 -33.7163 -32.7164 
-31.7164 -30.7164 -29.7164 -28.7164 -27.7164 -26.7164 -25.7165 -24.7165 -23.7165 
-22.7166 -21.7166 -20.7166 -19.7166 -18.7167 -17.7168 -16.7169 -15.7169 -14.717 
-13.717 -12.717 -11.717 -10.717 -9.71705 -8.71706 -7.71708 -6.71711 -5.71713 
-4.71715 -3.71718 -2.7172 -1.7172 -0.717204 0.170932 1.31499 2.31498 3.31494 
4.31491 5.31468 6.31445 7.31441 8.31436 9.31432 10.3142 11.313 12.3113 
13.3111 14.3105 15.3104 16.3103 17.3103 18.3102 19.31 20.3098 21.3098 
22.3097 23.3097 24.3097 25.3097 26.3097 27.3097 28.3097 29.3096 30.3096 
31.3096 32.3095 33.3095 34.3094 35.3092 36.3089 37.3087 38.3087 -39.5606 
-38.7606 -37.7606 -36.7607 -35.7606 -34.7607 -33.7607 -32.7607 -31.7608 -30.7607 
-29.7608 -28.7608 -27.7608 -26.7608 -25.7608 -24.7608 -23.7609 -22.7609 -21.7612 
-20.7613 -19.7613 -18.7614 -17.7615 -16.7616 -15.7618 -14.762 -13.7622 -12.7623 
-11.7624 -10.7625 -9.76246 -8.7625 -7.7625 -6.76251 -5.76252 -4.76251 -3.76253 
-2.76251 -1.76253 -0.762528 0.107738 1.24287 2.24287 3.24285 4.24285 5.24282 
6.24279 7.24266 8.24245 9.24236 10.242 11.2419 12.2411 13.2409 14.2408 
15.2408 16.2405 17.2397 18.2396 19.2393 20.2392 21.239 22.2389 23.2389 
24.2389 25.2389 26.2389 27.2388 28.2388 29.2389 30.2388 31.2388 32.2387 
33.2387 34.2386 35.2385 36.2381 37.2372 -37.5061 -36.7061 -35.7062 -34.7062 
-33.7062 -32.7063 -31.7063 -30.7064 -29.7065 -28.7065 -27.7065 -26.7065 -25.7065 
-24.7066 -23.7067 -22.7067 -21.7067 -20.7067 -19.7068 -18.7069 -17.707 -16.707 
-15.707 -14.7071 -13.7071 -12.7071 -11.7071 -10.7071 -9.70712 -8.70712 -7.70714 
-6.70717 -5.7072 -4.70721 -3.70721 -2.70723 -1.70724 -0.707239 0.226423 1.39326 
2.39326 3.39323 4.39319 5.39307 6.39291 7.39278 8.39279 9.39275 10.3927 
11.3919 12.3908 13.3907 14.3905 15.3902 16.3901 17.39 18.3899 19.3897 
20.3895 21.3893 22.3893 23.3893 24.3893 25.3893 26.3893 27.3893 28.3893 
29.3892 30.3892 31.3892 32.3891 33.3891 34.389 35.3888 36.3884 37.3883 
38.3882 -39.4326 -38.6326 -37.6326 -36.6326 -35.6326 -34.6326 -33.6326 -32.6327 
-31.6327 -30.6327 -29.6327 -28.6327 -27.6327 -26.6327 -25.6328 -24.6328 -23.6329 
-22.633 -21.6331 -20.6331 -19.6331 -18.6332 -17.6332 -16.6333 -15.6334 -14.6335 
-13.6336 -12.6336 -11.6336 -10.6336 -9.63364 -8.63365 -7.63367 -6.63368 -5.63368 
-4.63369 -3.6337 -2.6337 -1.6337 -0.633702 0.396068 1.39606 2.39607 3.39604 
4.39602 5.39597 6.39586 7.39586 8.3957 9.39568 10.3954 11.3952 12.3936 
13.3933 14.3933 15.3932 16.393 17.3927 18.3926 19.3924 20.3921 21.392 
22.392 23.392 24.3919 25.3919 26.3919 27.3919 28.3919 29.3919 30.3919 
31.3919 32.3918 33.3918 34.3917 35.3915 36.3908 37.3889 -37.6426 -36.6427 
-35.6427 -34.6427 -33.6428 -32.6429 -31.6429 -30.6429 -29.643 -28.643 -27.643 
-26.643 -25.643 -24.6431 -23.6431 -22.6431 -21.6432 -20.6432 -19.6432 -18.6432 
-17.6433 -16.6434 -15.6435 -14.6434 -13.6434 -12.6435 -11.6435 -10.6435 -9.64351 
-8.64352 -7.64354 -6.64357 -5.64359 -4.64361 -3.64364 -2.64364 -1.64364 -0.643656 
0.284072 1.24793 2.24792 3.2479 4.24787 5.24767 6.24745 7.24733 8.24731 
9.24724 10.2472 11.2465 12.2432 13.2431 14.243 15.2428 16.2428 17.2427 
18.2426 19.2424 20.2423 21.2423 22.2422 23.2422 24.2422 25.2421 26.2421 
27.2421 28.2421 29.2421 30.2421 31.242 32.242 33.2419 34.2419 35.2417 
36.2414 37.2414 38.2411 -38.6058 -37.6061 -36.6063 -35.6063 -34.6063 -33.6064 
-32.6064 -31.6065 -30.6065 -29.6065 -28.6064 -27.6065 -26.6065 -25.6065 -24.6066 
-23.6067 -22.608 -21.6084 -20.6085 -19.6085 -18.6086 -17.6087 -16.6088 -15.6092 
-14.6095 -13.6096 -12.6099 -11.61 -10.61 -9.61 -8.61003 -7.61007 -6.61008 
-5.6101 -4.6101 -3.6101 -2.61011 -1.61011 -0.610097 0.229633 1.34951 2.3495 
3.34948 4.34947 5.34945 6.34941 7.3493 8.34925 9.34906 10.349 11.3453 
12.3375 13.3375 14.3375 15.3375 16.3375 17.337 18.3369 19.3365 20.3361 
21.3361 22.336 23.336 24.336 25.3359 26.336 27.336 28.3359 29.3359 
30.3359 31.3359 32.3358 33.3358 34.3357 35.3357 36.3354 37.3344 38.3315 
-38.4878 -37.6878 -36.6878 -35.6878 -34.688 -33.688 -32.6881 -31.6881 -30.6881 
-29.6881 -28.6881 -27.6881 -26.6881 -25.6882 -24.6882 -23.6882 -22.6883 -21.6883 
-20.6883 -19.6883 -18.6884 -17.6885 -16.6885 -15.6885 -14.6885 -13.6886 -12.6886 
-11.6886 -10.6886 -9.68862 -8.68863 -7.68864 -6.68867 -5.6887 -4.68871 -3.68872 
-2.68873 -1.68873 -0.68875 0.20556 1.3527 2.35267 3.35264 4.3526 5.35243 
6.35233 7.35229 8.35221 9.35222 10.3522 11.3511 12.3476 13.3475 14.3475 
15.3473 16.3471 17.347 18.3468 19.3465 20.3464 21.3464 22.3463 23.3462 
24.3462 25.3462 26.3462 27.3462 28.3462 29.3462 30.3461 31.3461 32.346 
33.3461 34.346 35.3457 36.3454 37.3452 -39.4614 -38.6614 -37.6613 -36.6614 
-35.6614 -34.6614 -33.6614 -32.6614 -31.6614 -30.6615 -29.6615 -28.6615 -27.6616 
-26.6616 -25.6616 -24.6618 -23.6618 -22.6619 -21.6619 -20.6618 -19.6619 -18.662 
-17.6621 -16.6622 -15.6623 -14.6623 -13.6623 -12.6623 -11.6623 -10.6623 -9.66237 
-8.66239 -7.6624 -6.66244 -5.66244 -4.66245 -3.66248 -2.66246 -1.66248 -0.662477 
0.260823 1.26084 2.26081 3.26081 4.26074 5.26066 6.26061 7.26046 8.26033 
9.2603 10.2603 11.2588 12.2565 13.2565 14.2564 15.2557 16.2555 17.2554 
18.2552 19.2551 20.2548 21.2548 22.2547 23.2547 24.2547 25.2546 26.2546 
27.2547 28.2546 29.2546 30.2545 31.2545 32.2545 33.2544 34.2544 35.2543 
36.2541 37.2537 38.2536 -37.4793 -36.6793 -35.6793 -34.6793 -33.6793 -32.6794 
-31.6795 -30.6795 -29.6796 -28.6796 -27.6796 -26.6797 -25.6797 -24.6797 -23.6798 
-22.6798 -21.6798 -20.6798 -19.6799 -18.6799 -17.68 -16.68 -15.6801 -14.6801 
-13.6801 -12.6801 -11.6801 -10.6801 -9.68014 -8.68015 -7.68017 -6.6802 -5.68022 
-4.68023 -3.68025 -2.68026 -1.68025 -0.680277 0.276112 1.25429 2.25429 3.25429 
4.25425 5.25409 6.2539 7.2538 8.25374 9.25363 10.2535 11.2534 12.2512 
13.2512 14.2511 15.2511 16.2508 17.2508 18.2507 19.2505 20.2503 21.2502 
22.2501 23.2501 24.2501 25.25 26.25 27.2501 28.25 29.2501 30.25 
31.2499 32.2499 33.2499 34.2498 35.2497 36.2492 37.2486 38.0484 -39.705 
-38.705 -37.705 -36.7051 -35.7051 -34.7051 -33.705 -32.7051 -31.7051 -30.7051 
-29.7051 -28.7051 -27.7052 -26.7052 -25.7053 -24.7053 -23.7054 -22.7054 -21.7055 
-20.7055 -19.7055 -18.7057 -17.7057 -16.7058 -15.7059 -14.7059 -13.706 -12.7059 
-11.706 -10.706 -9.70602 -8.70603 -7.70605 -6.70606 -5.70607 -4.70608 -3.70608 
-2.70608 -1.7061 -0.906094 1.36601 2.36599 3.366 4.36598 5.36592 6.36587 
7.36564 8.36547 9.36535 10.3653 11.3653 12.3369 13.3095 14.3092 15.3092 
16.309 17.3087 18.3085 19.3083 20.3081 21.3079 22.3079 23.3078 24.3078 
25.3078 26.3078 27.3078 28.3078 29.3078 30.3078 31.3077 32.3077 33.3076 
34.3076 35.3075 36.3074 37.3071 38.3065 39.1057 -39.7608 -38.7608 -37.7608 
-36.7608 -35.7608 -34.7608 -33.7608 -32.7608 -31.7608 -30.7608 -29.7609 -28.7609 
-27.7609 -26.7609 -25.761 -24.761 -23.761 -22.761 -21.7611 -20.7611 -19.7611 
-18.7612 -17.7613 -16.7614 -15.7615 -14.7615 -13.7615 -12.7615 -11.7616 -10.7616 
-9.76156 -8.76158 -7.76159 -6.76162 -5.76163 -4.76162 -3.76163 -2.76165 -1.76167 
-0.96165 0.260028 1.26002 2.26002 3.26001 4.25996 5.25986 6.2597 7.25955 
8.25944 9.25941 10.2593 11.259 12.2589 13.2586 14.2586 15.2585 16.2585 
17.2582 18.2581 19.2577 20.2575 21.2574 22.2574 23.2574 24.2573 25.2574 
26.2573 27.2573 28.2573 29.2573 30.2573 31.2572 32.2572 33.2571 34.2571 
35.2568 36.2566 37.2556 38.251 -39.3285 -38.7285 -37.7285 -36.7285 -35.7285 
-34.7286 -33.7286 -32.7286 -31.7286 -30.7286 -29.7286 -28.7286 -27.7286 -26.7286 
-25.7287 -24.7287 -23.7287 -22.7287 -21.7289 -20.729 -19.729 -18.7291 -17.7292 
-16.7293 -15.7294 -14.7296 -13.7297 -12.7298 -11.7298 -10.7299 -9.72989 -8.7299 
-7.72991 -6.72992 -5.72992 -4.72994 -3.72993 -2.72993 -1.72993 -0.72995 0.209755 
1.37959 2.37961 3.37957 4.37957 5.37952 6.37939 7.3792 8.37898 9.37892 
10.3789 11.3788 12.3788 13.3788 14.3788 15.3787 16.3783 17.3783 18.378 
19.3777 20.3773 21.3773 22.3773 23.3773 24.3772 25.3772 26.3772 27.3772 
28.3772 29.3772 30.3771 31.3771 32.3771 33.377 34.377 35.3767 36.3764 
37.3751 38.3682 -39.6055 -38.6056 -37.6055 -36.6056 -35.6056 -34.6056 -33.6056 
-32.6056 -31.6056 -30.6056 -29.6057 -28.6056 -27.6057 -26.6057 -25.6058 -24.6059 
-23.6059 -22.606 -21.606 -20.606 -19.6061 -18.6062 -17.6063 -16.6063 -15.6064 
-14.6064 -13.6064 -12.6065 -11.6065 -10.6065 -9.60652 -8.60653 -7.60655 -6.60656 
-5.60657 -4.60658 -3.60658 -2.60659 -1.6066 -0.806594 1.25146 2.25145 3.25144 
4.25143 5.25135 6.25132 7.25107 8.2509 9.2508 10.2507 11.2507 12.4207 
13.4005 14.4004 15.4003 16.3992 17.399 18.3989 19.3987 20.3985 21.3984 
22.3984 23.3983 24.3983 25.3983 26.3983 27.3983 28.3982 29.3983 30.3982 
31.3982 32.3981 33.3981 34.3981 35.398 36.3977 37.3974 38.397 -39.4793 
-38.6794 -37.6794 -36.6794 -35.6794 -34.6794 -33.6794 -32.6794 -31.6795 -30.6795 
-29.6795 -28.6795 -27.6795 -26.6795 -25.6795 -24.6796 -23.6796 -22.6796 -21.6798 
-20.6799 -19.68 -18.68 -17.6801 -16.6803 -15.6805 -14.6807 -13.6808 -12.6809 
-11.681 -10.681 -9.68099 -8.68102 -7.68104 -6.68104 -5.68104 -4.68105 -3.68105 
-2.68104 -1.68105 -0.681047 0.233333 1.39052 2.39053 3.3905 4.39051 5.39048 
6.39034 7.39017 8.39006 9.38998 10.3899 11.3893 12.3871 13.3868 14.3867 
15.3867 16.3865 17.3862 18.386 19.3855 20.3852 21.3851 22.3851 23.3851 
24.385 25.385 26.3851 27.385 28.385 29.385 30.385 31.3849 32.3848 
33.3849 34.3847 35.3845 36.384 37.3821 -39.4001 -38.6001 -37.6001 -36.6002 
-35.6002 -34.6002 -33.6002 -32.6003 -31.6003 -30.6003 -29.6003 -28.6003 -27.6003 
-26.6003 -25.6004 -24.6004 -23.6004 -22.6005 -21.6008 -20.6008 -19.6009 -18.6009 
-17.601 -16.6011 -15.6012 -14.6014 -13.6015 -12.6015 -11.6016 -10.6017 -9.60166 
-8.60168 -7.60169 -6.6017 -5.6017 -4.6017 -3.6017 -2.6017 -1.6017 -0.601702 
0.285265 1.22877 2.22877 3.22876 4.22874 5.22873 6.22864 7.22851 8.22832 
9.22828 10.2283 11.2281 12.2278 13.2275 14.2275 15.2275 16.2274 17.2271 
18.227 19.2266 20.2264 21.2262 22.2262 23.2261 24.2262 25.2261 26.2262 
27.2261 28.2261 29.2261 30.2261 31.2261 32.2259 33.2259 34.2257 35.2253 
36.2248 37.2217 -39.7295 -38.7295 -37.7295 -36.7295 -35.7295 -34.7295 -33.7295 
-32.7295 -31.7296 -30.7296 -29.7296 -28.7296 -27.7296 -26.7296 -25.7297 -24.7298 
-23.7298 -22.7298 -21.7298 -20.7298 -19.7299 -18.73 -17.7301 -16.7302 -15.7303 
-14.7303 -13.7303 -12.7303 -11.7303 -10.7303 -9.73036 -8.73038 -7.73039 -6.73041 
-5.73043 -4.73043 -3.73044 -2.73043 -1.73044 -0.93046 0.288714 1.28871 2.28871 
3.2887 4.28869 5.28862 6.28853 7.28835 8.28829 9.28821 10.2881 11.2878 
12.2877 13.2873 14.2873 15.2873 16.287 17.2865 18.2864 19.286 20.2857 
21.2856 22.2856 23.2856 24.2856 25.2855 26.2856 27.2855 28.2855 29.2855 
30.2855 31.2855 32.2854 33.2854 34.2852 35.285 36.2847 37.2826 -37.4362 
-36.6362 -35.6362 -34.6362 -33.6363 -32.6363 -31.6363 -30.6363 -29.6365 -28.6364 
-27.6365 -26.6365 -25.6366 -24.6367 -23.6367 -22.6367 -21.6367 -20.6368 -19.6368 
-18.637 -17.637 -16.6372 -15.6372 -14.6372 -13.6372 -12.6372 -11.6372 -10.6372 
-9.63725 -8.63726 -7.63728 -6.6373 -5.63731 -4.63733 -3.63733 -2.63735 -1.63735 
-0.637367 0.388002 1.40071 2.40069 3.40067 4.40059 5.40047 6.40033 7.40018 
8.40012 9.40007 10.4 11.3985 12.3972 13.397 14.3968 15.3963 16.3962 
17.396 18.396 19.3959 20.3956 21.3955 22.3955 23.3955 24.3954 25.3954 
26.3954 27.3954 28.3954 29.3954 30.3953 31.3953 32.3952 33.3951 34.3952 
35.395 36.3946 37.3944 38.3944 -39.4238 -38.6238 -37.6238 -36.6238 -35.6238 
-34.6238 -33.6238 -32.6239 -31.6238 -30.6239 -29.6239 -28.6239 -27.6239 -26.6239 
-25.6241 -24.6241 -23.6242 -22.6242 -21.6242 -20.6242 -19.6243 -18.6243 -17.6245 
-16.6246 -15.6246 -14.6246 -13.6247 -12.6247 -11.6247 -10.6247 -9.62472 -8.62472 
-7.62475 -6.62476 -5.62477 -4.62478 -3.6248 -2.6248 -1.6248 -0.624806 0.353425 
1.33168 2.33168 3.33167 4.33163 5.33159 6.33144 7.33121 8.33117 9.33113 
10.331 11.3308 12.3307 13.3303 14.3302 15.3302 16.3302 17.3299 18.3298 
19.3294 20.3291 21.329 22.329 23.3289 24.3289 25.3289 26.3289 27.3289 
28.3289 29.3288 30.3288 31.3288 32.3288 33.3287 34.3286 35.3284 36.3282 
37.3273 38.1243 -39.6455 -38.6455 -37.6455 -36.6456 -35.6456 -34.6456 -33.6457 
-32.6458 -31.6457 -30.6457 -29.6458 -28.6458 -27.6457 -26.6458 -25.6458 -24.6459 
-23.6459 -22.6461 -21.6464 -20.6464 -19.6465 -18.6466 -17.6467 -16.6468 -15.647 
-14.6472 -13.6474 -12.6475 -11.6476 -10.6477 -9.64771 -8.64771 -7.64774 -6.64776 
-5.64777 -4.64776 -3.64778 -2.64777 -1.64778 -0.647774 0.206371 1.33345 2.33343 
3.33343 4.33343 5.3334 6.33335 7.3332 8.333 9.3329 10.3324 11.3322 
12.3319 13.3318 14.3318 15.3318 16.3318 17.3316 18.3315 19.3309 20.3307 
21.3306 22.3306 23.3306 24.3306 25.3305 26.3305 27.3305 28.3305 29.3305 
30.3305 31.3304 32.3303 33.3302 34.3301 35.3296 36.3288 37.3265 -39.53 
-38.73 -37.73 -36.73 -35.7301 -34.73 -33.73 -32.7301 -31.7301 -30.7301 
-29.7301 -28.7301 -27.7301 -26.7301 -25.7303 -24.7303 -23.7304 -22.7304 -21.7306 
-20.7305 -19.7306 -18.7307 -17.7308 -16.7309 -15.7309 -14.731 -13.731 -12.7311 
-11.7311 -10.7311 -9.73116 -8.73116 -7.73118 -6.73119 -5.73119 -4.7312 -3.7312 
-2.73121 -1.73122 -0.731226 0.412369 1.21238 2.21238 3.21236 4.21236 5.21231 
6.21224 7.21208 8.21197 9.21184 10.2116 11.2116 12.3978 13.3978 14.3978 
15.3977 16.3969 17.3965 18.3964 19.396 20.3958 21.3957 22.3957 23.3956 
24.3956 25.3956 26.3956 27.3956 28.3956 29.3956 30.3956 31.3955 32.3955 
33.3954 34.3954 35.3953 36.395 37.3948 38.3923 -38.1999 -37.5999 -36.5999 
-35.6 -34.6 -33.6001 -32.6002 -31.6003 -30.6003 -29.6004 -28.6004 -27.6004 
-26.6004 -25.6004 -24.6005 -23.6005 -22.6005 -21.6005 -20.6006 -19.6006 -18.6007 
-17.6008 -16.6009 -15.6009 -14.6009 -13.6009 -12.6009 -11.6009 -10.6009 -9.60094 
-8.60095 -7.60098 -6.601 -5.60103 -4.60104 -3.60104 -2.60105 -1.60106 -0.601059 
0.293888 1.29387 2.29388 3.29386 4.29378 5.29364 6.29352 7.29349 8.29344 
9.29336 10.2933 11.2931 12.2927 13.2924 14.2923 15.2923 16.2921 17.2918 
18.2913 19.2908 20.2905 21.2905 22.2905 23.2904 24.2904 25.2904 26.2904 
27.2904 28.2904 29.2903 30.2903 31.2902 32.2902 33.2901 34.29 35.2897 
36.289 37.2788 -39.3027 -38.7028 -37.7028 -36.7028 -35.7028 -34.7028 -33.7028 
-32.7028 -31.7029 -30.7029 -29.7029 -28.7029 -27.7029 -26.7029 -25.7029 -24.703 
-23.703 -22.7029 -21.7032 -20.7032 -19.7033 -18.7034 -17.7035 -16.7035 -15.7037 
-14.7039 -13.7039 -12.704 -11.704 -10.704 -9.70406 -8.70407 -7.7041 -6.7041 
-5.70411 -4.7041 -3.70411 -2.70411 -1.70413 -0.704117 0.266211 1.25135 2.25137 
3.25133 4.25133 5.2513 6.25118 7.25104 8.25085 9.25074 10.2507 11.2506 
12.2506 13.2506 14.2505 15.2504 16.2502 17.25 18.25 19.2498 20.2494 
21.2492 22.2492 23.2492 24.2492 25.2492 26.2491 27.2492 28.2491 29.2491 
30.2491 31.2491 32.249 33.249 34.2489 35.2487 36.2484 37.2474 38.2407 
-37.6634 -36.6636 -35.6637 -34.6637 -33.6638 -32.6638 -31.6639 -30.6638 -29.6639 
-28.6638 -27.6639 -26.6639 -25.6639 -24.664 -23.6641 -22.6656 -21.666 -20.666 
-19.6661 -18.6662 -17.6663 -16.6664 -15.6669 -14.6673 -13.6674 -12.6676 -11.6677 
-10.6678 -9.66776 -8.66779 -7.66787 -6.66789 -5.6679 -4.6679 -3.6679 -2.6679 
-1.6679 -0.667894 0.162797 1.27814 2.27815 3.27812 4.27812 5.27811 6.27808 
7.27791 8.27761 9.27742 10.2773 11.2772 12.277 13.277 14.277 15.2769 
16.2769 17.2761 18.276 19.2753 20.275 21.2748 22.2748 23.2748 24.2747 
25.2747 26.2747 27.2747 28.2747 29.2747 30.2747 31.2747 32.2747 33.2746 
34.2746 35.2744 36.2741 37.2733 38.2712 -39.4309 -38.6309 -37.6309 -36.631 
-35.631 -34.631 -33.631 -32.6311 -31.6311 -30.6311 -29.6311 -28.6311 -27.6311 
-26.6311 -25.6311 -24.6312 -23.6313 -22.6312 -21.6315 -20.6315 -19.6316 -18.6317 
-17.6318 -16.632 -15.6321 -14.6322 -13.6324 -12.6325 -11.6326 -10.6326 -9.63266 
-8.63267 -7.63268 -6.63269 -5.63269 -4.63269 -3.6327 -2.63271 -1.6327 -0.632694 
0.244335 1.38286 2.38286 3.38283 4.38285 5.38283 6.38271 7.38256 8.3824 
9.38228 10.3822 11.3815 12.3803 13.3801 14.3801 15.3801 16.3798 17.3794 
18.3792 19.3789 20.3787 21.3786 22.3786 23.3786 24.3785 25.3785 26.3785 
27.3785 28.3785 29.3785 30.3784 31.3784 32.3783 33.3783 34.3782 35.3781 
36.3776 37.3758 -39.6732 -38.6732 -37.6733 -36.6732 -35.6732 -34.6732 -33.6733 
-32.6732 -31.6733 -30.6733 -29.6733 -28.6733 -27.6733 -26.6734 -25.6735 -24.6735 
-23.6736 -22.6736 -21.6737 -20.6737 -19.6738 -18.6739 -17.6739 -16.674 -15.6741 
-14.6741 -13.6741 -12.6742 -11.6742 -10.6742 -9.67421 -8.67423 -7.67424 -6.67426 
-5.67427 -4.67428 -3.67429 -2.67429 -1.6743 -0.874302 1.36903 2.36904 3.36903 
4.36901 5.36895 6.3689 7.36868 8.36852 9.3684 10.3684 11.3684 12.3466 
13.3262 14.3261 15.326 16.3258 17.3255 18.3253 19.3251 20.3249 21.3248 
22.3247 23.3247 24.3246 25.3246 26.3246 27.3246 28.3246 29.3246 30.3246 
31.3246 32.3245 33.3244 34.3244 35.3244 36.3242 37.3237 38.3231 39.1228 
-37.6111 -36.6111 -35.6111 -34.6111 -33.6111 -32.6112 -31.6112 -30.6112 -29.6113 
-28.6113 -27.6113 -26.6113 -25.6114 -24.6114 -23.6114 -22.6114 -21.6114 -20.6115 
-19.6116 -18.6117 -17.6118 -16.6118 -15.6119 -14.6119 -13.6118 -12.6119 -11.6119 
-10.6119 -9.61191 -8.61193 -7.61194 -6.61197 -5.61199 -4.61199 -3.61201 -2.61201 
-1.61203 -0.612041 0.353962 1.33695 2.33695 3.33695 4.33689 5.33675 6.33656 
7.33644 8.3364 9.33628 10.336 11.336 12.3337 13.3337 14.3336 15.3336 
16.3334 17.3331 18.3328 19.3326 20.3324 21.3324 22.3323 23.3323 24.3323 
25.3323 26.3322 27.3322 28.3322 29.3322 30.3322 31.3321 32.3321 33.3321 
34.332 35.3318 36.3314 37.3308 38.1283 -37.7429 -36.7429 -35.7429 -34.743 
-33.743 -32.7431 -31.7432 -30.7433 -29.7433 -28.7433 -27.7433 -26.7434 -25.7434 
-24.7434 -23.7435 -22.7435 -21.7435 -20.7435 -19.7435 -18.7437 -17.7437 -16.7438 
-15.7437 -14.7438 -13.7438 -12.7438 -11.7439 -10.7438 -9.74386 -8.74386 -7.74388 
-6.74391 -5.74393 -4.74395 -3.74396 -2.74398 -1.74398 -0.743985 0.185397 1.35009 
2.35009 3.35006 4.35003 5.34984 6.34958 7.3494 8.34935 9.34929 10.3493 
11.3478 12.3459 13.3457 14.3454 15.345 16.3449 17.3448 18.3446 19.3445 
20.3443 21.3442 22.3442 23.3441 24.3441 25.3441 26.3441 27.344 28.344 
29.344 30.344 31.3439 32.3439 33.3439 34.3438 35.3437 36.3433 37.3431 
38.3431 -39.5594 -38.7594 -37.7595 -36.7595 -35.7595 -34.7595 -33.7595 -32.7595 
-31.7596 -30.7596 -29.7596 -28.7596 -27.7596 -26.7596 -25.7597 -24.7597 -23.7598 
-22.7599 -21.7602 -20.7602 -19.7602 -18.7603 -17.7605 -16.7606 -15.7609 -14.7611 
-13.7613 -12.7615 -11.7616 -10.7616 -9.7616 -8.76165 -7.76165 -6.76168 -5.76169 
-4.76169 -3.76169 -2.76169 -1.76169 -0.76169 0.0968392 1.22611 2.22609 3.22609 
4.22609 5.22607 6.22601 7.22593 8.22574 9.22559 10.2255 11.2252 12.2221 
13.2221 14.2221 15.2221 16.2221 17.2214 18.2213 19.2208 20.2204 21.2202 
22.2202 23.2202 24.2202 25.2201 26.2201 27.2201 28.2201 29.2201 30.2201 
31.2201 32.22 33.22 34.22 35.2198 36.2196 37.2187 38.2158 -37.2257 
-36.6257 -35.6257 -34.6257 -33.6257 -32.6257 -31.6257 -30.6259 -29.6259 -28.6259 
-27.6259 -26.6259 -25.626 -24.6261 -23.6262 -22.6262 -21.6262 -20.6262 -19.6263 
-18.6264 -17.6265 -16.6266 -15.6267 -14.6267 -13.6267 -12.6268 -11.6267 -10.6267 
-9.62676 -8.62677 -7.62679 -6.62682 -5.62684 -4.62685 -3.62685 -2.62686 -1.62689 
-0.626875 0.34951 1.3377 2.33769 3.33768 4.33757 5.33746 6.33731 7.33718 
8.33711 9.33709 10.3371 11.337 12.3365 13.3361 14.3359 15.3357 16.3356 
17.3355 18.3355 19.3353 20.3351 21.3348 22.3348 23.3348 24.3348 25.3348 
26.3348 27.3348 28.3348 29.3347 30.3347 31.3347 32.3346 33.3346 34.3345 
35.3343 36.334 37.3337 38.3336 -37.421 -36.621 -35.6211 -34.6211 -33.6211 
-32.6211 -31.6212 -30.6212 -29.6213 -28.6213 -27.6213 -26.6213 -25.6213 -24.6214 
-23.6214 -22.6214 -21.6214 -20.6214 -19.6215 -18.6216 -17.6216 -16.6217 -15.6217 
-14.6218 -13.6218 -12.6218 -11.6218 -10.6218 -9.62182 -8.62183 -7.62185 -6.62187 
-5.62191 -4.62192 -3.62192 -2.62192 -1.62194 -0.621947 0.333764 1.3116 2.3116 
3.31158 4.31154 5.31137 6.31119 7.31101 8.31094 9.31084 10.3108 11.3101 
12.3053 13.3052 14.3049 15.3046 16.3045 17.3044 18.3043 19.3042 20.304 
21.3039 22.3038 23.3038 24.3038 25.3038 26.3038 27.3038 28.3038 29.3038 
30.3037 31.3037 32.3036 33.3036 34.3036 35.3034 36.303 37.3029 38.3027 
-36.6235 -35.6235 -34.6235 -33.6236 -32.6236 -31.6236 -30.6237 -29.6238 -28.6237 
-27.6238 -26.6238 -25.6238 -24.6239 -23.624 -22.624 -21.624 -20.624 -19.6241 
-18.6242 -17.6242 -16.6243 -15.6243 -14.6244 -13.6243 -12.6243 -11.6243 -10.6244 
-9.62442 -8.62442 -7.62444 -6.62447 -5.6245 -4.62451 -3.62452 -2.62453 -1.62454 
-0.624538 0.313864 1.31386 2.31385 3.31383 4.31377 5.31359 6.31348 7.31326 
8.31323 9.31318 10.3132 11.3115 12.3092 13.309 14.3087 15.308 16.308 
17.3079 18.3079 19.3077 20.3075 21.3074 22.3073 23.3073 24.3073 25.3073 
26.3073 27.3073 28.3073 29.3073 30.3072 31.3072 32.3071 33.3071 34.307 
35.3069 36.3065 37.3064 38.3064 -39.2953 -38.6953 -37.6953 -36.6953 -35.6953 
-34.6953 -33.6953 -32.6953 -31.6953 -30.6954 -29.6954 -28.6954 -27.6954 -26.6955 
-25.6954 -24.6955 -23.6957 -22.6957 -21.6957 -20.6957 -19.6956 -18.6958 -17.6959 
-16.696 -15.696 -14.696 -13.6961 -12.6961 -11.6961 -10.6961 -9.69613 -8.69615 
-7.69617 -6.69618 -5.69618 -4.6962 -3.6962 -2.6962 -1.6962 -0.696219 -0.0962132 
1.21424 2.21422 3.21423 4.21419 5.21413 6.21408 7.21382 8.21369 9.21358 
10.2134 11.2134 12.3935 13.3846 14.3845 15.3844 16.3836 17.3834 18.3833 
19.3831 20.3829 21.3827 22.3827 23.3827 24.3826 25.3826 26.3826 27.3826 
28.3826 29.3826 30.3825 31.3825 32.3825 33.3824 34.3824 35.3823 36.3822 
37.3816 38.3813 -37.6093 -36.6095 -35.6095 -34.6096 -33.6096 -32.6096 -31.6096 
-30.6096 -29.6096 -28.6096 -27.6096 -26.6097 -25.6097 -24.6097 -23.6098 -22.6108 
-21.6108 -20.6108 -19.611 -18.6111 -17.6111 -16.6112 -15.6117 -14.612 -13.612 
-12.6122 -11.6123 -10.6123 -9.61229 -8.61233 -7.6124 -6.61242 -5.61243 -4.61243 
-3.61243 -2.61243 -1.61243 -0.612429 0.21819 1.33349 2.33348 3.33348 4.33346 
5.33346 6.33344 7.33328 8.33309 9.33293 10.3328 11.3326 12.3312 13.3311 
14.3311 15.3311 16.3308 17.3301 18.3299 19.3296 20.3295 21.3293 22.3293 
23.3292 24.3292 25.3292 26.3292 27.3292 28.3292 29.3292 30.3291 31.3291 
32.329 33.329 34.3289 35.3288 36.3284 37.3268 38.3236 -39.635 -38.635 
-37.635 -36.635 -35.635 -34.635 -33.635 -32.6351 -31.6351 -30.6351 -29.6351 
-28.6351 -27.6351 -26.6352 -25.6352 -24.6353 -23.6354 -22.6353 -21.6353 -20.6354 
-19.6354 -18.6354 -17.6356 -16.6357 -15.6357 -14.6357 -13.6358 -12.6358 -11.6358 
-10.6358 -9.63583 -8.63585 -7.63588 -6.6359 -5.6359 -4.63591 -3.63591 -2.63593 
-1.63592 -0.835925 0.261664 1.26167 2.26166 3.26166 4.26158 5.2615 6.26136 
7.26132 8.26123 9.26105 10.2609 11.2602 12.2592 13.2592 14.2591 15.2585 
16.2584 17.2583 18.2582 19.2581 20.2579 21.2576 22.2575 23.2575 24.2575 
25.2575 26.2575 27.2575 28.2575 29.2575 30.2574 31.2574 32.2573 33.2573 
34.2573 35.2572 36.257 37.2567 38.2566 39.0565 -39.6183 -38.6183 -37.6183 
-36.6183 -35.6184 -34.6183 -33.6183 -32.6183 -31.6184 -30.6184 -29.6184 -28.6185 
-27.6185 -26.6184 -25.6185 -24.6186 -23.6186 -22.6186 -21.6186 -20.6187 -19.6187 
-18.6188 -17.6189 -16.619 -15.619 -14.619 -13.619 -12.619 -11.6191 -10.6191 
-9.61909 -8.61911 -7.61913 -6.61914 -5.61914 -4.61916 -3.61915 -2.61916 -1.61917 
-0.819163 0.396854 1.39684 2.39685 3.39683 4.39684 5.39675 6.39666 7.39656 
8.39649 9.39646 10.3962 11.3958 12.3958 13.3955 14.3955 15.3954 16.3954 
17.3952 18.3951 19.395 20.3948 21.3947 22.3946 23.3946 24.3946 25.3946 
26.3946 27.3946 28.3945 29.3945 30.3945 31.3944 32.3944 33.3943 34.3942 
35.3939 36.3932 37.2592 -37.6648 -36.6648 -35.6648 -34.6648 -33.6648 -32.6648 
-31.6649 -30.6649 -29.665 -28.665 -27.665 -26.665 -25.6651 -24.6651 -23.6652 
-22.6651 -21.6652 -20.6652 -19.6653 -18.6654 -17.6655 -16.6655 -15.6655 -14.6656 
-13.6656 -12.6656 -11.6656 -10.6656 -9.66564 -8.66565 -7.66568 -6.6657 -5.66573 
-4.66572 -3.66574 -2.66574 -1.66576 -0.665742 0.314827 1.30514 2.30513 3.30512 
4.30507 5.30493 6.30471 7.30462 8.30454 9.30444 10.3044 11.3043 12.2988 
13.2976 14.2975 15.2975 16.2973 17.2973 18.2971 19.2969 20.2968 21.2966 
22.2966 23.2965 24.2966 25.2965 26.2965 27.2965 28.2965 29.2965 30.2965 
31.2964 32.2964 33.2963 34.2963 35.2962 36.2958 37.2954 38.095 -37.4962 
-36.6964 -35.6965 -34.6966 -33.6966 -32.6967 -31.6967 -30.6967 -29.6967 -28.6967 
-27.6968 -26.6968 -25.6968 -24.6969 -23.697 -22.6984 -21.6984 -20.6985 -19.6986 
-18.6987 -17.6988 -16.6991 -15.6993 -14.6998 -13.7 -12.7002 -11.7003 -10.7004 
-9.70042 -8.70044 -7.70049 -6.70053 -5.70055 -4.70055 -3.70055 -2.70055 -1.70055 
-0.700554 0.124682 1.2373 2.23728 3.23727 4.23728 5.23725 6.23726 7.23713 
8.23688 9.23683 10.2368 11.2366 12.2353 13.235 14.235 15.2349 16.2349 
17.2342 18.2341 19.2335 20.2333 21.2332 22.2331 23.2331 24.233 25.233 
26.233 27.233 28.233 29.233 30.233 31.2329 32.2328 33.2328 34.2327 
35.2326 36.2322 37.2313 38.2304 -39.419 -38.619 -37.619 -36.619 -35.6191 
-34.6191 -33.6191 -32.6192 -31.6192 -30.6192 -29.6192 -28.6192 -27.6191 -26.6192 
-25.6192 -24.6193 -23.6194 -22.6195 -21.6198 -20.6199 -19.6199 -18.62 -17.6201 
-16.6202 -15.6203 -14.6205 -13.6206 -12.6207 -11.6208 -10.6208 -9.62085 -8.62085 
-7.62085 -6.62087 -5.62087 -4.62088 -3.62088 -2.62087 -1.62087 -0.620889 0.264808 
1.40766 2.40765 3.40763 4.40763 5.4076 6.40749 7.40735 8.40721 9.40716 
10.4071 11.4069 12.4068 13.4065 14.4065 15.4065 16.4064 17.406 18.4057 
19.4051 20.405 21.4048 22.4048 23.4048 24.4047 25.4047 26.4048 27.4047 
28.4047 29.4047 30.4047 31.4046 32.4046 33.4045 34.4043 35.4041 36.4033 
37.4013 -39.5009 -38.701 -37.701 -36.701 -35.701 -34.701 -33.701 -32.701 
-31.701 -30.7011 -29.7011 -28.7011 -27.7011 -26.7011 -25.7011 -24.7012 -23.7013 
-22.7013 -21.7013 -20.7013 -19.7013 -18.7014 -17.7015 -16.7016 -15.7017 -14.7017 
-13.7017 -12.7017 -11.7017 -10.7017 -9.70175 -8.70176 -7.70178 -6.70179 -5.7018 
-4.70182 -3.70183 -2.70182 -1.70181 -0.70183 0.562127 1.36214 2.36214 3.36213 
4.36211 5.36205 6.36198 7.36184 8.3618 9.36176 10.3617 11.3615 12.3615 
13.361 14.3609 15.3608 16.3606 17.3603 18.36 19.3599 20.3596 21.3595 
22.3595 23.3595 24.3594 25.3594 26.3594 27.3594 28.3594 29.3594 30.3594 
31.3593 32.3592 33.3592 34.359 35.3587 36.3585 37.282 -39.5415 -38.7416 
-37.7416 -36.7416 -35.7416 -34.7417 -33.7417 -32.7418 -31.7418 -30.7418 -29.7418 
-28.7418 -27.7418 -26.7418 -25.7419 -24.7419 -23.742 -22.742 -21.7423 -20.7423 
-19.7423 -18.7424 -17.7425 -16.7426 -15.7429 -14.7431 -13.7433 -12.7434 -11.7435 
-10.7435 -9.74355 -8.7436 -7.7436 -6.74362 -5.74363 -4.74362 -3.74363 -2.74363 
-1.74363 -0.743641 0.106705 1.23187 2.23185 3.23185 4.23184 5.23183 6.2318 
7.23171 8.23148 9.23143 10.2311 11.2309 12.2295 13.2293 14.2293 15.2293 
16.2293 17.2287 18.2286 19.2282 20.228 21.2279 22.2279 23.2278 24.2278 
25.2278 26.2278 27.2278 28.2278 29.2278 30.2278 31.2277 32.2277 33.2276 
34.2276 35.2273 36.2269 37.2258 38.2248 -38.5218 -37.722 -36.722 -35.7221 
-34.7222 -33.7223 -32.7223 -31.7224 -30.7224 -29.7224 -28.7224 -27.7224 -26.7224 
-25.7224 -24.7225 -23.7226 -22.7226 -21.7226 -20.7226 -19.7226 -18.7228 -17.7228 
-16.7229 -15.7229 -14.7229 -13.723 -12.7229 -11.723 -10.7229 -9.72298 -8.72299 
-7.723 -6.72303 -5.72306 -4.72308 -3.72308 -2.72309 -1.72311 -0.723121 0.168553 
1.31439 2.31438 3.31435 4.31432 5.31412 6.31389 7.31371 8.31368 9.31361 
10.3136 11.3124 12.3109 13.3108 14.3106 15.3105 16.3104 17.3104 18.3102 
19.31 20.3099 21.3098 22.3098 23.3098 24.3097 25.3097 26.3097 27.3097 
28.3097 29.3097 30.3097 31.3096 32.3096 33.3095 34.3095 35.3092 36.3089 
37.3087 38.3087 -39.5035 -38.7034 -37.7035 -36.7035 -35.7035 -34.7035 -33.7035 
-32.7035 -31.7036 -30.7036 -29.7036 -28.7037 -27.7037 -26.7037 -25.7037 -24.7038 
-23.7038 -22.7038 -21.7038 -20.7038 -19.7039 -18.7039 -17.7041 -16.7041 -15.7042 
-14.7042 -13.7042 -12.7042 -11.7042 -10.7042 -9.70423 -8.70423 -7.70426 -6.70429 
-5.70432 -4.70431 -3.70432 -2.70432 -1.70434 -0.704333 0.367134 1.36712 2.36713 
3.36709 4.36711 5.36693 6.36684 7.36675 8.36664 9.36659 10.3665 11.3664 
12.3642 13.3642 14.3641 15.3641 16.3639 17.3637 18.3634 19.3631 20.363 
21.3629 22.3628 23.3628 24.3628 25.3628 26.3628 27.3628 28.3627 29.3627 
30.3627 31.3627 32.3626 33.3626 34.3625 35.3623 36.3618 37.3613 -37.5336 
-36.7336 -35.7336 -34.7337 -33.7336 -32.7337 -31.7337 -30.7338 -29.7338 -28.7338 
-27.7339 -26.7339 -25.7339 -24.734 -23.734 -22.7341 -21.7341 -20.734 -19.7342 
-18.7342 -17.7343 -16.7344 -15.7344 -14.7344 -13.7344 -12.7344 -11.7345 -10.7345 
-9.73451 -8.73451 -7.73454 -6.73457 -5.73458 -4.7346 -3.73461 -2.73462 -1.73463 
-0.73463 0.256568 1.25218 2.25217 3.25216 4.25208 5.25194 6.25181 7.25164 
8.25159 9.25155 10.2515 11.2515 12.2509 13.2504 14.2503 15.25 16.25 
17.2499 18.2499 19.2498 20.2495 21.2493 22.2493 23.2493 24.2493 25.2493 
26.2493 27.2493 28.2493 29.2493 30.2492 31.2491 32.2491 33.249 34.249 
35.2489 36.2485 37.2483 38.2483 -39.2493 -38.6494 -37.6493 -36.6493 -35.6493 
-34.6494 -33.6493 -32.6494 -31.6494 -30.6494 -29.6494 -28.6494 -27.6495 -26.6495 
-25.6495 -24.6495 -23.6496 -22.6496 -21.6496 -20.6496 -19.6497 -18.6498 -17.6499 
-16.65 -15.6501 -14.6501 -13.6502 -12.6502 -11.6502 -10.6503 -9.65028 -8.65027 
-7.65028 -6.6503 -5.65031 -4.65032 -3.65032 -2.65032 -1.65032 -0.65032 -0.0503273 
1.22576 2.22574 3.22574 4.22572 5.22568 6.22564 7.22545 8.22537 9.2253 
10.2252 11.2251 12.2249 13.2241 14.2241 15.224 16.2238 17.2234 18.2233 
19.2231 20.2228 21.2227 22.2226 23.2227 24.2226 25.2226 26.2226 27.2226 
28.2226 29.2226 30.2225 31.2225 32.2225 33.2225 34.2224 35.2223 36.2219 
37.2211 38.2187 -39.594 -38.594 -37.594 -36.594 -35.594 -34.594 -33.5941 
-32.594 -31.5941 -30.5941 -29.5942 -28.5942 -27.5941 -26.5941 -25.5943 -24.5944 
-23.5944 -22.5944 -21.5944 -20.5944 -19.5945 -18.5946 -17.5947 -16.5948 -15.5948 
-14.5948 -13.5949 -12.5948 -11.5949 -10.5949 -9.59491 -8.59493 -7.59495 -6.59497 
-5.59498 -4.59499 -3.595 -2.595 -1.595 -0.795 0.247767 1.24779 2.24778 
3.24777 4.24772 5.24761 6.24748 7.24725 8.24711 9.24707 10.247 11.2459 
12.2444 13.2443 14.2443 15.2441 16.2438 17.2437 18.2436 19.2435 20.2432 
21.243 22.243 23.2429 24.243 25.2429 26.243 27.2429 28.2429 29.2429 
30.2429 31.2428 32.2428 33.2427 34.2427 35.2426 36.2424 37.242 38.2418 
-38.2149 -37.6149 -36.6149 -35.6149 -34.615 -33.615 -32.6151 -31.6152 -30.6153 
-29.6153 -28.6153 -27.6153 -26.6153 -25.6154 -24.6154 -23.6154 -22.6154 -21.6154 
-20.6154 -19.6156 -18.6157 -17.6158 -16.6158 -15.6158 -14.6159 -13.6158 -12.6159 
-11.6159 -10.6159 -9.6159 -8.61591 -7.61592 -6.61595 -5.61596 -4.61599 -3.61599 
-2.61602 -1.616 -0.616024 0.264167 1.26416 2.26415 3.26415 4.26407 5.26392 
6.26381 7.26363 8.26358 9.26355 10.2635 11.263 12.2603 13.2602 14.2602 
15.2601 16.2597 17.2596 18.2592 19.259 20.2589 21.2588 22.2588 23.2587 
24.2587 25.2587 26.2587 27.2586 28.2587 29.2586 30.2586 31.2586 32.2585 
33.2585 34.2584 35.2582 36.2577 37.2572 -37.4893 -36.6894 -35.6894 -34.6893 
-33.6894 -32.6894 -31.6894 -30.6895 -29.6896 -28.6895 -27.6896 -26.6896 -25.6896 
-24.6897 -23.6897 -22.6897 -21.6898 -20.6898 -19.6898 -18.6899 -17.69 -16.69 
-15.6901 -14.6901 -13.6901 -12.6901 -11.6901 -10.6901 -9.69015 -8.69016 -7.69017 
-6.6902 -5.69022 -4.69024 -3.69025 -2.69026 -1.69026 -0.690272 0.242617 1.24263 
2.24262 3.2426 4.24258 5.24248 6.24237 7.24216 8.24211 9.24206 10.2421 
11.2413 12.2351 13.235 14.2349 15.2345 16.2344 17.2342 18.2341 19.234 
20.2338 21.2338 22.2337 23.2336 24.2336 25.2336 26.2337 27.2336 28.2336 
29.2336 30.2336 31.2335 32.2335 33.2334 34.2334 35.2333 36.2329 37.2327 
38.2328 -39.3272 -38.7272 -37.7272 -36.7273 -35.7273 -34.7273 -33.7273 -32.7273 
-31.7273 -30.7273 -29.7274 -28.7273 -27.7274 -26.7274 -25.7274 -24.7274 -23.7275 
-22.7275 -21.7277 -20.7278 -19.7278 -18.7278 -17.7279 -16.728 -15.7281 -14.7282 
-13.7283 -12.7283 -11.7284 -10.7284 -9.72841 -8.72842 -7.72844 -6.72846 -5.72845 
-4.72846 -3.72846 -2.72846 -1.72846 -0.728468 0.285737 1.29283 2.29284 3.29282 
4.29281 5.29277 6.29265 7.29258 8.29254 9.29247 10.2924 11.2923 12.2905 
13.29 14.29 15.2899 16.2894 17.2889 18.2887 19.2883 20.288 21.2879 
22.2879 23.2878 24.2878 25.2878 26.2878 27.2878 28.2878 29.2877 30.2877 
31.2877 32.2876 33.2876 34.2875 35.2873 36.2868 37.2852 38.0671 -39.5038 
-38.7038 -37.7038 -36.7039 -35.7039 -34.7039 -33.7039 -32.7039 -31.7039 -30.704 
-29.704 -28.7041 -27.7041 -26.7041 -25.7042 -24.7042 -23.7042 -22.7042 -21.7042 
-20.7042 -19.7042 -18.7043 -17.7045 -16.7045 -15.7046 -14.7046 -13.7045 -12.7046 
-11.7046 -10.7046 -9.70463 -8.70464 -7.70466 -6.70468 -5.70469 -4.70471 -3.70472 
-2.70472 -1.70473 -0.704735 0.347344 1.34736 2.34734 3.34734 4.3473 5.34718 
6.34708 7.34697 8.34692 9.34686 10.3467 11.3463 12.3458 13.345 14.345 
15.3449 16.3448 17.3444 18.3438 19.3435 20.3433 21.3433 22.3432 23.3432 
24.3431 25.3432 26.3431 27.3432 28.3431 29.3431 30.3431 31.3431 32.343 
33.3429 34.3428 35.3426 36.3421 37.3411 -38.637 -37.637 -36.6371 -35.6372 
-34.6373 -33.6374 -32.6374 -31.6375 -30.6375 -29.6375 -28.6375 -27.6375 -26.6375 
-25.6376 -24.6376 -23.6376 -22.6377 -21.6377 -20.6377 -19.6377 -18.6378 -17.638 
-16.638 -15.638 -14.638 -13.638 -12.638 -11.6381 -10.6381 -9.6381 -8.6381 
-7.63812 -6.63814 -5.63816 -4.63818 -3.63818 -2.63818 -1.6382 -0.638222 0.274922 
1.23152 2.2315 3.23148 4.23144 5.23134 6.2312 7.2311 8.23104 9.23103 
10.231 11.2304 12.2296 13.2291 14.2291 15.229 16.2286 17.2282 18.2281 
19.2276 20.2275 21.2275 22.2274 23.2274 24.2273 25.2273 26.2273 27.2273 
28.2273 29.2273 30.2273 31.2272 32.2272 33.2272 34.227 35.2267 36.226 
37.2233 37.9709 -39.3477 -38.7477 -37.7477 -36.7477 -35.7477 -34.7477 -33.7477 
-32.7477 -31.7477 -30.7478 -29.7478 -28.7478 -27.7479 -26.7478 -25.7479 -24.7479 
-23.748 -22.748 -21.748 -20.748 -19.7481 -18.7482 -17.7483 -16.7484 -15.7484 
-14.7484 -13.7484 -12.7484 -11.7484 -10.7484 -9.74846 -8.74847 -7.74849 -6.74852 
-5.74853 -4.74853 -3.74856 -2.74857 -1.74857 -0.748577 0.3042 1.33058 2.33058 
3.33056 4.33048 5.3304 6.33025 7.33008 8.32997 9.32987 10.3298 11.3292 
12.3286 13.3284 14.3284 15.3282 16.3279 17.3277 18.3275 19.3273 20.327 
21.3269 22.3268 23.3268 24.3268 25.3268 26.3268 27.3267 28.3268 29.3268 
30.3267 31.3267 32.3266 33.3266 34.3265 35.3265 36.3262 37.3259 38.3257 
-39.3963 -38.5963 -37.5963 -36.5963 -35.5963 -34.5963 -33.5963 -32.5963 -31.5964 
-30.5963 -29.5964 -28.5964 -27.5964 -26.5965 -25.5965 -24.5966 -23.5966 -22.5967 
-21.5966 -20.5966 -19.5967 -18.5968 -17.597 -16.597 -15.597 -14.597 -13.597 
-12.597 -11.5971 -10.5971 -9.5971 -8.5971 -7.59712 -6.59715 -5.59717 -4.59716 
-3.59717 -2.59719 -1.59719 -0.597188 0.305311 1.3053 2.3053 3.3053 4.3053 
5.30516 6.30506 7.30486 8.30481 9.30476 10.3047 11.304 12.3027 13.3023 
14.3023 15.3022 16.302 17.3018 18.3013 19.3009 20.3007 21.3006 22.3006 
23.3006 24.3005 25.3006 26.3005 27.3005 28.3005 29.3005 30.3005 31.3004 
32.3004 33.3004 34.3002 35.3001 36.2998 37.2988 -39.6467 -38.6467 -37.6467 
-36.6467 -35.6467 -34.6467 -33.6467 -32.6468 -31.6468 -30.6468 -29.6468 -28.6468 
-27.6468 -26.6468 -25.6469 -24.6469 -23.647 -22.647 -21.647 -20.647 -19.6471 
-18.6472 -17.6474 -16.6474 -15.6475 -14.6475 -13.6475 -12.6475 -11.6476 -10.6476 
-9.64761 -8.64762 -7.64763 -6.64764 -5.64765 -4.64764 -3.64766 -2.64767 -1.64768 
-0.847659 0.506516 1.30652 2.30652 3.30649 4.3065 5.30642 6.30638 7.30621 
8.30616 9.30609 10.3061 11.306 12.3054 13.3053 14.3052 15.3051 16.3051 
17.3048 18.3046 19.3046 20.3044 21.3042 22.3042 23.3042 24.3042 25.3042 
26.3041 27.3041 28.3041 29.3041 30.3041 31.304 32.3039 33.3038 34.3037 
35.3034 36.3031 37.2778 -39.307 -38.7069 -37.707 -36.7069 -35.707 -34.707 
-33.707 -32.707 -31.707 -30.7071 -29.707 -28.707 -27.707 -26.707 -25.7071 
-24.7071 -23.7072 -22.7072 -21.7074 -20.7075 -19.7075 -18.7076 -17.7077 -16.7079 
-15.708 -14.7081 -13.7081 -12.7082 -11.7082 -10.7082 -9.70823 -8.70824 -7.70826 
-6.70827 -5.70826 -4.70827 -3.70827 -2.70828 -1.70828 -0.708285 0.305002 1.31163 
2.31164 3.31164 4.31161 5.31158 6.31148 7.31138 8.3113 9.3112 10.3112 
11.311 12.3106 13.3102 14.3103 15.3102 16.3098 17.3094 18.3093 19.3092 
20.309 21.3088 22.3088 23.3088 24.3087 25.3087 26.3087 27.3087 28.3087 
29.3087 30.3086 31.3086 32.3085 33.3085 34.3083 35.3083 36.3077 37.3066 
-39.4061 -38.6061 -37.6062 -36.6061 -35.6062 -34.6061 -33.6062 -32.6062 -31.6062 
-30.6062 -29.6062 -28.6062 -27.6062 -26.6062 -25.6063 -24.6063 -23.6064 -22.6064 
-21.6066 -20.6067 -19.6067 -18.6069 -17.607 -16.6071 -15.6072 -14.6073 -13.6073 
-12.6074 -11.6074 -10.6074 -9.60745 -8.60746 -7.60746 -6.60747 -5.60748 -4.60748 
-3.60749 -2.60749 -1.60748 -0.607496 0.401674 1.40168 2.40168 3.40168 4.40164 
5.40162 6.4015 7.40141 8.40131 9.40127 10.401 11.4008 12.4 13.3998 
14.3998 15.3998 16.3996 17.3993 18.399 19.3987 20.3983 21.3983 22.3983 
23.3982 24.3982 25.3982 26.3982 27.3982 28.3982 29.3982 30.3982 31.3981 
32.398 33.398 34.3979 35.3977 36.3971 37.3967 -37.4544 -36.6544 -35.6544 
-34.6544 -33.6544 -32.6544 -31.6545 -30.6545 -29.6546 -28.6546 -27.6546 -26.6546 
-25.6546 -24.6547 -23.6547 -22.6548 -21.6548 -20.6548 -19.6548 -18.6549 -17.6549 
-16.655 -15.655 -14.6551 -13.655 -12.655 -11.6551 -10.6551 -9.65513 -8.65514 
-7.65515 -6.65518 -5.6552 -4.65522 -3.65524 -2.65523 -1.65525 -0.655259 0.284926 
1.28494 2.28493 3.28489 4.28486 5.28472 6.28465 7.28442 8.28443 9.28434 
10.2843 11.2837 12.2805 13.2804 14.2804 15.2803 16.2801 17.28 18.2796 
19.2792 20.2791 21.279 22.279 23.2789 24.2789 25.2789 26.2789 27.2789 
28.2789 29.2789 30.2788 31.2788 32.2787 33.2787 34.2786 35.2784 36.2779 
37.2773 -39.4716 -38.6716 -37.6716 -36.6715 -35.6716 -34.6716 -33.6716 -32.6716 
-31.6716 -30.6716 -29.6716 -28.6716 -27.6717 -26.6717 -25.6717 -24.6718 -23.6718 
-22.6718 -21.672 -20.672 -19.6721 -18.6722 -17.6723 -16.6724 -15.6725 -14.6725 
-13.6726 -12.6726 -11.6726 -10.6727 -9.67268 -8.67269 -7.6727 -6.67271 -5.6727 
-4.67271 -3.67272 -2.67272 -1.67272 -0.67273 0.416525 1.21653 2.21653 3.21653 
4.21653 5.21648 6.21646 7.21632 8.21625 9.21617 10.2161 11.2161 12.2156 
13.2147 14.2147 15.2146 16.2146 17.2144 18.2143 19.2143 20.2139 21.2139 
22.2138 23.2138 24.2137 25.2137 26.2137 27.2137 28.2137 29.2137 30.2136 
31.2136 32.2136 33.2135 34.2135 35.2132 36.2129 37.2117 38.2084 -39.6957 
-38.6957 -37.6957 -36.6957 -35.6956 -34.6957 -33.6957 -32.6957 -31.6957 -30.6957 
-29.6958 -28.6958 -27.6958 -26.6958 -25.6959 -24.696 -23.696 -22.696 -21.696 
-20.6961 -19.6961 -18.6962 -17.6964 -16.6965 -15.6965 -14.6965 -13.6965 -12.6965 
-11.6965 -10.6965 -9.69657 -8.69658 -7.6966 -6.69662 -5.69663 -4.69664 -3.69665 
-2.69665 -1.69663 -0.896652 0.246244 1.24622 2.24624 3.24622 4.2462 5.24608 
6.24593 7.24573 8.24565 9.24558 10.2455 11.2449 12.2387 13.2387 14.2387 
15.2385 16.2382 17.2379 18.2377 19.2373 20.2372 21.2371 22.237 23.237 
24.2369 25.237 26.237 27.237 28.237 29.2369 30.2369 31.2369 32.2368 
33.2367 34.2367 35.2365 36.2362 37.2352 38.2321 -39.4139 -38.6139 -37.614 
-36.614 -35.6139 -34.614 -33.614 -32.614 -31.614 -30.614 -29.614 -28.6141 
-27.6141 -26.6141 -25.6141 -24.6142 -23.6143 -22.6144 -21.6144 -20.6144 -19.6144 
-18.6145 -17.6147 -16.6147 -15.6147 -14.6147 -13.6148 -12.6148 -11.6148 -10.6148 
-9.61483 -8.61484 -7.61485 -6.61489 -5.61489 -4.61491 -3.61492 -2.61494 -1.61494 
-0.614951 0.297558 1.29755 2.29755 3.29755 4.29745 5.29738 6.29728 7.29705 
8.29692 9.29692 10.2968 11.2953 12.2927 13.2927 14.2926 15.2919 16.2918 
17.2917 18.2915 19.2914 20.2912 21.291 22.2909 23.2909 24.2909 25.2909 
26.2909 27.2909 28.2909 29.2908 30.2908 31.2908 32.2907 33.2907 34.2906 
35.2905 36.2903 37.29 38.2899 -38.4 -37.6001 -36.6001 -35.6002 -34.6002 
-33.6002 -32.6002 -31.6004 -30.6005 -29.6006 -28.6006 -27.6006 -26.6006 -25.6006 
-24.6006 -23.6007 -22.6007 -21.6007 -20.6007 -19.6008 -18.6009 -17.601 -16.601 
-15.6011 -14.6011 -13.6011 -12.601 -11.6011 -10.6011 -9.60114 -8.60116 -7.60117 
-6.6012 -5.60122 -4.60124 -3.60124 -2.60125 -1.60125 -0.601255 0.35602 1.33464 
2.33464 3.33463 4.33458 5.33452 6.33439 7.3343 8.33427 9.33424 10.3341 
11.3341 12.3337 13.3333 14.3332 15.3331 16.3328 17.3324 18.3323 19.332 
20.3318 21.3318 22.3317 23.3317 24.3316 25.3316 26.3316 27.3316 28.3316 
29.3316 30.3316 31.3315 32.3315 33.3314 34.3311 35.3308 36.298 37.2327 
-39.5048 -38.7048 -37.7048 -36.7048 -35.7048 -34.7048 -33.7048 -32.7049 -31.7048 
-30.7049 -29.7049 -28.7049 -27.7049 -26.7049 -25.7049 -24.7049 -23.705 -22.705 
-21.7051 -20.7052 -19.7052 -18.7053 -17.7053 -16.7055 -15.7057 -14.7059 -13.706 
-12.706 -11.7061 -10.7061 -9.70617 -8.70617 -7.70619 -6.7062 -5.70621 -4.70621 
-3.70621 -2.70622 -1.70621 -0.706195 0.222897 1.38745 2.38747 3.38744 4.38745 
5.38742 6.38732 7.38724 8.38711 9.3871 10.3868 11.3867 12.3862 13.3859 
14.3858 15.3858 16.3857 17.3854 18.3854 19.3849 20.3846 21.3845 22.3845 
23.3845 24.3845 25.3844 26.3844 27.3844 28.3844 29.3845 30.3844 31.3843 
32.3843 33.3842 34.384 35.3837 36.3832 37.3801 -38.2402 -37.6402 -36.6403 
-35.6403 -34.6403 -33.6403 -32.6404 -31.6405 -30.6406 -29.6407 -28.6407 -27.6407 
-26.6407 -25.6408 -24.6408 -23.6408 -22.6408 -21.6408 -20.6409 -19.6409 -18.641 
-17.6412 -16.6412 -15.6412 -14.6412 -13.6412 -12.6412 -11.6412 -10.6413 -9.64129 
-8.6413 -7.64133 -6.64135 -5.64138 -4.64139 -3.64139 -2.6414 -1.64142 -0.641418 
0.271096 1.27111 2.27111 3.27108 4.27103 5.27087 6.27075 7.27067 8.27062 
9.27057 10.2706 11.2703 12.2698 13.2695 14.2695 15.2694 16.2692 17.2688 
18.2683 19.268 20.2677 21.2677 22.2676 23.2676 24.2676 25.2675 26.2675 
27.2675 28.2675 29.2675 30.2675 31.2674 32.2674 33.2674 34.2673 35.2669 
36.2664 37.2664 -38.4258 -37.6262 -36.6263 -35.6263 -34.6263 -33.6264 -32.6264 
-31.6264 -30.6264 -29.6264 -28.6264 -27.6265 -26.6265 -25.6265 -24.6265 -23.6266 
-22.6265 -21.6265 -20.6266 -19.6266 -18.6267 -17.6267 -16.6268 -15.6269 -14.6269 
-13.6268 -12.6268 -11.6269 -10.6269 -9.62692 -8.62694 -7.62695 -6.62697 -5.62699 
-4.62702 -3.62702 -2.62704 -1.62705 -0.627064 0.210973 1.21096 2.21094 3.21093 
4.2109 5.21073 6.21057 7.21044 8.21041 9.21035 10.2103 11.2099 12.4084 
13.4083 14.4082 15.4081 16.4078 17.4078 18.4073 19.4069 20.4067 21.4067 
22.4066 23.4066 24.4066 25.4066 26.4065 27.4065 28.4065 29.4065 30.4065 
31.4064 32.4064 33.4063 34.4063 35.4061 36.4055 37.4047 -37.5575 -36.7575 
-35.7575 -34.7576 -33.7575 -32.7576 -31.7576 -30.7577 -29.7577 -28.7577 -27.7577 
-26.7578 -25.7578 -24.7579 -23.758 -22.758 -21.758 -20.758 -19.7581 -18.7582 
-17.7583 -16.7584 -15.7584 -14.7584 -13.7585 -12.7585 -11.7585 -10.7585 -9.75851 
-8.75851 -7.75853 -6.75856 -5.75859 -4.7586 -3.75862 -2.75862 -1.75863 -0.758645 
0.283236 1.30416 2.30416 3.30415 4.30406 5.30397 6.30381 7.30369 8.30362 
9.30352 10.3035 11.3023 12.3017 13.3016 14.3016 15.3014 16.3011 17.301 
18.3009 19.3008 20.3006 21.3003 22.3002 23.3002 24.3002 25.3002 26.3002 
27.3002 28.3002 29.3001 30.3001 31.3001 32.3 33.2999 34.2999 35.2998 
36.2995 37.2992 38.2993 -39.581 -38.781 -37.781 -36.781 -35.7811 -34.7811 
-33.7811 -32.7812 -31.7812 -30.7812 -29.7812 -28.7812 -27.7812 -26.7812 -25.7812 
-24.7813 -23.7814 -22.7814 -21.7816 -20.7817 -19.7817 -18.7818 -17.7819 -16.782 
-15.7823 -14.7825 -13.7826 -12.7827 -11.7828 -10.7828 -9.78286 -8.78288 -7.7829 
-6.78292 -5.78293 -4.78292 -3.78293 -2.78294 -1.78293 -0.782938 0.259752 1.40731 
2.40732 3.40731 4.4073 5.40726 6.40722 7.40716 8.40698 9.4069 10.4066 
11.4064 12.4062 13.4059 14.4059 15.4059 16.4058 17.4055 18.4055 19.405 
20.4047 21.4045 22.4045 23.4045 24.4044 25.4044 26.4044 27.4044 28.4044 
29.4044 30.4043 31.4043 32.4042 33.4041 34.4041 35.4037 36.403 37.4011 
-39.4656 -38.6656 -37.6657 -36.6657 -35.6658 -34.6659 -33.6659 -32.6659 -31.6659 
-30.666 -29.6659 -28.666 -27.6659 -26.666 -25.666 -24.6661 -23.6661 -22.6665 
-21.6668 -20.6668 -19.6668 -18.6669 -17.667 -16.6671 -15.6673 -14.6677 -13.6678 
-12.668 -11.6681 -10.6682 -9.66819 -8.66818 -7.66822 -6.66824 -5.66824 -4.66825 
-3.66824 -2.66825 -1.66824 -0.668242 0.182755 1.30824 2.30823 3.30823 4.30821 
5.3082 6.30815 7.30804 8.30793 9.30782 10.3074 11.3074 12.3071 13.3069 
14.3069 15.3069 16.3069 17.3067 18.3066 19.3064 20.3061 21.306 22.306 
23.306 24.3059 25.306 26.3059 27.3059 28.3059 29.3059 30.3059 31.3058 
32.3057 33.3057 34.3056 35.3054 36.3048 37.3022 -39.4879 -38.6879 -37.6879 
-36.6879 -35.688 -34.6879 -33.688 -32.688 -31.688 -30.688 -29.688 -28.688 
-27.688 -26.688 -25.6881 -24.6882 -23.6882 -22.6883 -21.6884 -20.6886 -19.6886 
-18.6887 -17.6889 -16.689 -15.6891 -14.6893 -13.6894 -12.6895 -11.6895 -10.6895 
-9.6895 -8.68954 -7.68955 -6.68956 -5.68956 -4.68957 -3.68956 -2.68957 -1.68958 
-0.689572 0.259565 1.25955 2.25956 3.25955 4.25951 5.25949 6.2594 7.25918 
8.25912 9.25897 10.2588 11.2472 12.2233 13.2225 14.2225 15.2224 16.2222 
17.2219 18.2218 19.2217 20.2213 21.2211 22.2211 23.2211 24.221 25.221 
26.221 27.221 28.221 29.221 30.221 31.2209 32.2208 33.2208 34.2208 
35.2207 36.2204 37.2194 38.2177 -39.4399 -38.6399 -37.6399 -36.6398 -35.6399 
-34.6399 -33.6399 -32.6399 -31.6399 -30.64 -29.6399 -28.6399 -27.64 -26.64 
-25.64 -24.6401 -23.6402 -22.6402 -21.6404 -20.6405 -19.6405 -18.6406 -17.6407 
-16.6408 -15.641 -14.6411 -13.6413 -12.6413 -11.6413 -10.6413 -9.64136 -8.64139 
-7.64138 -6.6414 -5.64141 -4.64141 -3.64141 -2.64141 -1.64142 -0.641416 0.312965 
1.31296 2.31295 3.31294 4.31291 5.31291 6.31278 7.31272 8.31255 9.3125 
10.3125 11.3121 12.3103 13.3098 14.3098 15.3098 16.3095 17.3092 18.3089 
19.3087 20.3085 21.3084 22.3083 23.3083 24.3082 25.3082 26.3082 27.3082 
28.3082 29.3082 30.3082 31.3082 32.3081 33.308 34.308 35.3078 36.3076 
37.3059 38.2855 -39.3326 -38.7327 -37.7327 -36.7327 -35.7327 -34.7327 -33.7327 
-32.7327 -31.7327 -30.7328 -29.7328 -28.7328 -27.7327 -26.7327 -25.7328 -24.7329 
-23.7329 -22.733 -21.7332 -20.7333 -19.7333 -18.7334 -17.7335 -16.7336 -15.7338 
-14.734 -13.7341 -12.7341 -11.7342 -10.7343 -9.73426 -8.73428 -7.73429 -6.73431 
-5.73431 -4.73431 -3.73431 -2.73431 -1.73433 -0.734311 0.184718 1.34424 2.34425 
3.34422 4.3442 5.34417 6.34408 7.344 8.34388 9.34381 10.3435 11.3434 
12.3432 13.3428 14.3428 15.3428 16.3426 17.3422 18.3418 19.3416 20.3414 
21.3413 22.3413 23.3412 24.3412 25.3412 26.3412 27.3412 28.3411 29.3411 
30.3411 31.341 32.341 33.341 34.3408 35.3406 36.3399 37.339 -37.6803 
-36.6804 -35.6804 -34.6804 -33.6804 -32.6804 -31.6805 -30.6805 -29.6805 -28.6805 
-27.6805 -26.6806 -25.6806 -24.6807 -23.6807 -22.6807 -21.6808 -20.6808 -19.6808 
-18.6809 -17.681 -16.681 -15.6811 -14.6811 -13.6811 -12.6811 -11.6812 -10.6812 
-9.68119 -8.68119 -7.68121 -6.68123 -5.68126 -4.68126 -3.68127 -2.68128 -1.68129 
-0.681288 0.329098 1.33429 2.33428 3.33427 4.33423 5.33407 6.3339 7.33374 
8.33367 9.3336 10.3336 11.3335 12.3299 13.3299 14.3298 15.3296 16.3293 
17.3293 18.3291 19.3289 20.3288 21.3287 22.3286 23.3286 24.3286 25.3286 
26.3286 27.3286 28.3286 29.3286 30.3285 31.3285 32.3285 33.3284 34.3284 
35.3282 36.3279 37.3274 38.1269 -37.4714 -36.6714 -35.6714 -34.6715 -33.6715 
-32.6715 -31.6716 -30.6716 -29.6716 -28.6716 -27.6716 -26.6717 -25.6717 -24.6718 
-23.6718 -22.6718 -21.6719 -20.6718 -19.6719 -18.672 -17.672 -16.6721 -15.6721 
-14.6721 -13.6722 -12.6721 -11.6722 -10.6722 -9.67217 -8.67218 -7.67219 -6.67222 
-5.67224 -4.67225 -3.67226 -2.67228 -1.67228 -0.672307 0.258094 1.25808 2.25809 
3.25806 4.25806 5.25791 6.25782 7.25762 8.25757 9.25752 10.2575 11.257 
12.2539 13.2538 14.2538 15.2538 16.2536 17.2535 18.253 19.2527 20.2525 
21.2524 22.2524 23.2523 24.2523 25.2523 26.2523 27.2523 28.2523 29.2522 
30.2522 31.2522 32.2521 33.2521 34.252 35.2519 36.2513 37.2507 -39.4365 
-38.6365 -37.6365 -36.6365 -35.6365 -34.6365 -33.6365 -32.6366 -31.6366 -30.6366 
-29.6366 -28.6366 -27.6366 -26.6366 -25.6366 -24.6366 -23.6367 -22.6367 -21.6368 
-20.6369 -19.6369 -18.637 -17.637 -16.6371 -15.6372 -14.6374 -13.6375 -12.6375 
-11.6376 -10.6376 -9.63759 -8.6376 -7.63761 -6.63762 -5.63763 -4.63762 -3.63763 
-2.63763 -1.63764 -0.637635 0.314717 1.29089 2.29087 3.29087 4.29084 5.29083 
6.29073 7.29064 8.29052 9.29048 10.2904 11.2903 12.2888 13.2884 14.2884 
15.2884 16.2878 17.2873 18.2871 19.2868 20.2864 21.2864 22.2863 23.2862 
24.2863 25.2862 26.2862 27.2862 28.2862 29.2862 30.2862 31.2861 32.286 
33.286 34.2859 35.2857 36.2852 37.2846 38.0762 -39.5023 -38.7024 -37.7024 
-36.7024 -35.7024 -34.7024 -33.7024 -32.7025 -31.7025 -30.7025 -29.7025 -28.7025 
-27.7025 -26.7025 -25.7025 -24.7026 -23.7026 -22.7026 -21.7029 -20.703 -19.703 
-18.703 -17.7031 -16.7033 -15.7035 -14.7037 -13.7038 -12.7039 -11.7039 -10.7039 
-9.70394 -8.70396 -7.70398 -6.70399 -5.70399 -4.704 -3.70399 -2.704 -1.70401 
-0.704001 0.218339 1.3795 2.3795 3.37949 4.37946 5.37944 6.37932 7.37925 
8.37913 9.37907 10.3791 11.3789 12.3782 13.3778 14.3778 15.3778 16.3776 
17.3771 18.3769 19.3766 20.3764 21.3763 22.3762 23.3762 24.3762 25.3762 
26.3762 27.3761 28.3761 29.3762 30.3761 31.376 32.376 33.376 34.3757 
35.3756 36.3748 37.3745 -37.7375 -36.7376 -35.7376 -34.7376 -33.7376 -32.7377 
-31.7377 -30.7379 -29.738 -28.738 -27.738 -26.738 -25.738 -24.7381 -23.7381 
-22.7381 -21.7381 -20.7382 -19.7383 -18.7383 -17.7385 -16.7385 -15.7385 -14.7386 
-13.7385 -12.7385 -11.7385 -10.7386 -9.7386 -8.7386 -7.73861 -6.73863 -5.73866 
-4.73868 -3.73868 -2.73868 -1.73869 -0.738697 0.217975 1.3963 2.3963 3.39627 
4.39623 5.39607 6.39589 7.39577 8.39576 9.39575 10.3956 11.3955 12.3948 
13.3946 14.3945 15.3945 16.3938 17.3934 18.3934 19.3931 20.3929 21.3929 
22.3929 23.3928 24.3928 25.3928 26.3927 27.3927 28.3927 29.3927 30.3927 
31.3927 32.3926 33.3925 34.3924 35.3918 36.3915 37.2867 -37.3083 -36.7083 
-35.7083 -34.7084 -33.7083 -32.7084 -31.7084 -30.7085 -29.7085 -28.7085 -27.7085 
-26.7086 -25.7087 -24.7087 -23.7088 -22.7088 -21.7088 -20.7088 -19.7089 -18.709 
-17.709 -16.7091 -15.7092 -14.7092 -13.7092 -12.7092 -11.7092 -10.7093 -9.70925 
-8.70926 -7.70929 -6.70931 -5.70932 -4.70932 -3.70936 -2.70936 -1.70936 -0.709381 
0.298212 1.30197 2.30198 3.30198 4.30187 5.30176 6.3016 7.30145 8.30139 
9.30138 10.3014 11.3005 12.2989 13.2983 14.2981 15.2978 16.2977 17.2977 
18.2977 19.2976 20.2972 21.2971 22.297 23.297 24.297 25.297 26.297 
27.2971 28.297 29.297 30.2969 31.2969 32.2969 33.2968 34.2968 35.2965 
36.2963 37.296 38.2959 -37.2856 -36.6857 -35.6858 -34.6858 -33.6858 -32.6859 
-31.6859 -30.686 -29.686 -28.686 -27.686 -26.686 -25.686 -24.6861 -23.6862 
-22.6882 -21.6886 -20.6887 -19.6887 -18.6888 -17.6889 -16.6891 -15.6896 -14.69 
-13.6903 -12.6906 -11.6908 -10.6908 -9.69081 -8.69082 -7.69091 -6.69097 -5.69098 
-4.69098 -3.69098 -2.69098 -1.69098 -0.690979 0.125992 1.23447 2.23446 3.23445 
4.23444 5.23443 6.23441 7.23425 8.234 9.23375 10.2336 11.2335 12.3837 
13.3835 14.3835 15.3834 16.3834 17.3827 18.3826 19.3822 20.382 21.3818 
22.3818 23.3817 24.3817 25.3817 26.3817 27.3817 28.3817 29.3817 30.3816 
31.3816 32.3816 33.3815 34.3815 35.3814 36.3811 37.3802 38.3785 -37.4037 
-36.6037 -35.6037 -34.6037 -33.6038 -32.6038 -31.6038 -30.6039 -29.6039 -28.6039 
-27.604 -26.6039 -25.604 -24.6041 -23.6041 -22.6041 -21.6041 -20.6042 -19.6042 
-18.6042 -17.6044 -16.6045 -15.6045 -14.6045 -13.6045 -12.6046 -11.6045 -10.6046 
-9.60459 -8.6046 -7.60462 -6.60464 -5.60466 -4.60468 -3.60468 -2.60468 -1.60469 
-0.6047 0.382234 1.3757 2.3757 3.3757 4.37566 5.3755 6.37532 7.37513 
8.37508 9.37497 10.3749 11.3748 12.3703 13.3703 14.3702 15.3702 16.3701 
17.3699 18.3697 19.3694 20.3691 21.3691 22.369 23.3689 24.369 25.3689 
26.369 27.3689 28.3689 29.3689 30.3689 31.3688 32.3688 33.3688 34.3687 
35.3686 36.3682 37.3678 38.1676 -37.6029 -36.6029 -35.603 -34.603 -33.603 
-32.6031 -31.6031 -30.6031 -29.6032 -28.6032 -27.6032 -26.6032 -25.6032 -24.6033 
-23.6033 -22.6033 -21.6033 -20.6033 -19.6035 -18.6036 -17.6036 -16.6036 -15.6037 
-14.6036 -13.6037 -12.6036 -11.6037 -10.6037 -9.60372 -8.60373 -7.60376 -6.60378 
-5.6038 -4.60381 -3.60381 -2.60383 -1.60383 -0.603835 0.324306 1.32431 2.32428 
3.32428 4.32423 5.32407 6.32398 7.32378 8.3237 9.3236 10.3235 11.3229 
12.318 13.318 14.3179 15.3175 16.3173 17.3173 18.3171 19.3169 20.3167 
21.3165 22.3165 23.3165 24.3165 25.3165 26.3164 27.3164 28.3165 29.3165 
30.3164 31.3164 32.3164 33.3163 34.3163 35.316 36.3157 37.3155 38.314 
-39.5344 -38.7344 -37.7344 -36.7344 -35.7344 -34.7344 -33.7344 -32.7344 -31.7344 
-30.7345 -29.7345 -28.7345 -27.7345 -26.7346 -25.7346 -24.7347 -23.7347 -22.7348 
-21.7348 -20.7348 -19.7348 -18.735 -17.7351 -16.7351 -15.7352 -14.7352 -13.7352 
-12.7353 -11.7353 -10.7353 -9.73533 -8.73534 -7.73536 -6.73538 -5.7354 -4.73541 
-3.73542 -2.73543 -1.73543 -0.735435 0.423407 1.22341 2.22339 3.2234 4.22337 
5.2232 6.22306 7.22289 8.22282 9.22271 10.2227 11.2222 12.2179 13.2177 
14.2177 15.2174 16.2169 17.2168 18.2167 19.2165 20.2163 21.2162 22.2161 
23.2161 24.2161 25.216 26.2161 27.216 28.216 29.216 30.216 31.2159 
32.2158 33.2158 34.2158 35.2157 36.2154 37.215 38.2145 -37.6942 -36.6942 
-35.6942 -34.6942 -33.6942 -32.6943 -31.6943 -30.6943 -29.6944 -28.6944 -27.6944 
-26.6945 -25.6945 -24.6946 -23.6947 -22.6947 -21.6947 -20.6947 -19.6948 -18.6949 
-17.695 -16.6951 -15.6951 -14.6951 -13.6952 -12.6952 -11.6952 -10.6952 -9.69524 
-8.69525 -7.69527 -6.69529 -5.69532 -4.69532 -3.69534 -2.69534 -1.69536 -0.695341 
0.323644 1.33312 2.33313 3.33312 4.33309 5.3329 6.33274 7.33264 8.33252 
9.33244 10.3324 11.3318 12.3244 13.323 14.323 15.3227 16.3225 17.3224 
18.3223 19.3221 20.3219 21.3218 22.3218 23.3218 24.3218 25.3218 26.3218 
27.3218 28.3217 29.3217 30.3217 31.3217 32.3216 33.3216 34.3215 35.3214 
36.321 37.3207 38.1205 -37.627 -36.627 -35.627 -34.627 -33.6271 -32.6271 
-31.6271 -30.6271 -29.6272 -28.6272 -27.6272 -26.6272 -25.6273 -24.6273 -23.6273 
-22.6274 -21.6274 -20.6274 -19.6275 -18.6276 -17.6277 -16.6278 -15.6278 -14.6279 
-13.6279 -12.6279 -11.6279 -10.6279 -9.6279 -8.62792 -7.62793 -6.62797 -5.62799 
-4.62799 -3.628 -2.62801 -1.62802 -0.62802 0.351057 1.34061 2.34058 3.34057 
4.34053 5.34036 6.34015 7.33999 8.33988 9.33981 10.3397 11.3397 12.334 
13.3339 14.3337 15.3332 16.333 17.3328 18.3327 19.3326 20.3324 21.3323 
22.3323 23.3322 24.3322 25.3322 26.3322 27.3322 28.3322 29.3322 30.3321 
31.3321 32.3321 33.332 34.332 35.3319 36.3316 37.3312 38.3311 -38.5231 
-37.7235 -36.7237 -35.7238 -34.7239 -33.7239 -32.7239 -31.7239 -30.724 -29.724 
-28.724 -27.7239 -26.724 -25.724 -24.7241 -23.7241 -22.7247 -21.7264 -20.7265 
-19.7266 -18.7267 -17.7268 -16.7269 -15.7272 -14.7277 -13.7278 -12.728 -11.7281 
-10.7282 -9.72816 -8.72822 -7.72824 -6.72826 -5.72826 -4.72827 -3.72828 -2.72827 
-1.72827 -0.728263 0.107997 1.22616 2.22615 3.22613 4.22613 5.22611 6.2261 
7.22601 8.22575 9.22571 10.2253 11.2252 12.2241 13.2237 14.2237 15.2237 
16.2237 17.2231 18.223 19.2224 20.2222 21.2221 22.2221 23.2221 24.222 
25.222 26.222 27.222 28.222 29.222 30.2219 31.2219 32.2219 33.2218 
34.2218 35.2216 36.2211 37.22 38.2189 -39.2936 -38.6936 -37.6936 -36.6936 
-35.6936 -34.6936 -33.6936 -32.6936 -31.6937 -30.6937 -29.6937 -28.6937 -27.6937 
-26.6937 -25.6937 -24.6938 -23.6939 -22.6939 -21.694 -20.6941 -19.6941 -18.6942 
-17.6943 -16.6944 -15.6945 -14.6946 -13.6946 -12.6947 -11.6948 -10.6948 -9.69478 
-8.69478 -7.6948 -6.6948 -5.69481 -4.69481 -3.69481 -2.69481 -1.69482 -0.694816 
0.292102 1.28555 2.28555 3.28555 4.28553 5.28551 6.28542 7.28534 8.28524 
9.28521 10.2849 11.2849 12.2847 13.2844 14.2843 15.2843 16.2842 17.2841 
18.2839 19.2832 20.2832 21.2831 22.283 23.283 24.283 25.283 26.283 
27.283 28.2829 29.2829 30.2829 31.2829 32.2828 33.2827 34.2826 35.2825 
36.2818 37.2784 -39.3297 -38.7297 -37.7297 -36.7297 -35.7297 -34.7297 -33.7297 
-32.7297 -31.7297 -30.7298 -29.7298 -28.7298 -27.7298 -26.7298 -25.7298 -24.7299 
-23.7299 -22.7299 -21.73 -20.7301 -19.7301 -18.7302 -17.7303 -16.7304 -15.7304 
-14.7306 -13.7306 -12.7306 -11.7307 -10.7306 -9.73068 -8.73068 -7.73069 -6.73069 
-5.73071 -4.73072 -3.73073 -2.73073 -1.73073 -0.730731 0.157327 1.24539 2.24539 
3.24538 4.24535 5.24531 6.24521 7.24507 8.245 9.24494 10.2447 11.2446 
12.2444 13.244 14.244 15.244 16.2438 17.2433 18.2431 19.2425 20.2422 
21.2421 22.2421 23.2421 24.242 25.242 26.242 27.242 28.242 29.242 
30.242 31.2419 32.2418 33.2418 34.2416 35.2414 36.2415 37.2393 -39.7885 
-38.7885 -37.7886 -36.7886 -35.7885 -34.7886 -33.7885 -32.7886 -31.7886 -30.7886 
-29.7887 -28.7887 -27.7887 -26.7887 -25.7888 -24.7889 -23.7889 -22.7889 -21.789 
-20.789 -19.7891 -18.7892 -17.7893 -16.7893 -15.7894 -14.7894 -13.7894 -12.7895 
-11.7895 -10.7895 -9.78952 -8.78953 -7.78956 -6.78956 -5.78957 -4.78958 -3.78959 
-2.78959 -1.7896 -0.989606 1.39148 2.39148 3.39147 4.39148 5.39143 6.39131 
7.3911 8.39101 9.39089 10.3908 11.3908 12.3865 13.3823 14.3822 15.3822 
16.382 17.3817 18.3815 19.3813 20.3811 21.3809 22.3808 23.3808 24.3808 
25.3808 26.3808 27.3807 28.3807 29.3808 30.3807 31.3807 32.3806 33.3806 
34.3806 35.3805 36.3803 37.3798 38.3792 39.1769 -37.2235 -36.6235 -35.6235 
-34.6235 -33.6235 -32.6235 -31.6236 -30.6237 -29.6238 -28.6238 -27.6238 -26.6238 
-25.6239 -24.6239 -23.624 -22.6241 -21.6241 -20.6241 -19.6241 -18.6242 -17.6243 
-16.6244 -15.6244 -14.6244 -13.6244 -12.6244 -11.6245 -10.6245 -9.62451 -8.62453 
-7.62454 -6.62458 -5.62459 -4.62461 -3.62462 -2.62462 -1.62463 -0.624627 0.326549 
1.30216 2.30217 3.30215 4.30212 5.30192 6.30174 7.30157 8.30151 9.30139 
10.3013 11.3006 12.2956 13.2956 14.2953 15.2951 16.295 17.2948 18.2948 
19.2947 20.2945 21.2944 22.2944 23.2943 24.2943 25.2943 26.2943 27.2943 
28.2943 29.2943 30.2942 31.2942 32.2941 33.2941 34.294 35.2939 36.2936 
37.2933 38.2933 -39.5872 -38.7872 -37.7871 -36.7872 -35.7872 -34.7872 -33.7872 
-32.7872 -31.7872 -30.7873 -29.7873 -28.7873 -27.7873 -26.7874 -25.7874 -24.7874 
-23.7875 -22.7875 -21.7875 -20.7875 -19.7875 -18.7877 -17.7878 -16.7879 -15.7879 
-14.7879 -13.7879 -12.7879 -11.7879 -10.788 -9.78799 -8.78799 -7.78802 -6.78803 
-5.78804 -4.78804 -3.78805 -2.78806 -1.78807 -0.788065 0.37327 1.37327 2.37325 
3.37325 4.37319 5.37304 6.37282 7.37259 8.37247 9.37235 10.3722 11.3712 
12.3693 13.3692 14.3691 15.3685 16.368 17.3679 18.3678 19.3675 20.3672 
21.3672 22.3671 23.3671 24.3671 25.3671 26.3671 27.3671 28.367 29.367 
30.367 31.3669 32.3669 33.3669 34.3668 35.3667 36.3665 37.3659 38.3647 
-39.4871 -38.6871 -37.6872 -36.6872 -35.6872 -34.6872 -33.6872 -32.6872 -31.6872 
-30.6872 -29.6873 -28.6873 -27.6873 -26.6873 -25.6874 -24.6874 -23.6875 -22.6874 
-21.6875 -20.6875 -19.6875 -18.6876 -17.6877 -16.6878 -15.6879 -14.6879 -13.688 
-12.688 -11.688 -10.6881 -9.68805 -8.68806 -7.68808 -6.68808 -5.68809 -4.68809 
-3.6881 -2.68811 -1.6881 -0.688108 0.678772 1.27878 2.2788 3.27879 4.27875 
5.27868 6.27857 7.27839 8.27834 9.27826 10.2782 11.2781 12.2776 13.2769 
14.2769 15.2769 16.2769 17.2768 18.2767 19.2764 20.2761 21.276 22.2759 
23.2759 24.2759 25.2759 26.2759 27.2759 28.2758 29.2758 30.2758 31.2758 
32.2757 33.2757 34.2756 35.2755 36.2751 37.2742 38.2727 -39.4761 -38.6761 
-37.6761 -36.6761 -35.6761 -34.6761 -33.6761 -32.6761 -31.6761 -30.6761 -29.6761 
-28.6762 -27.6761 -26.6762 -25.6763 -24.6763 -23.6763 -22.6764 -21.6765 -20.6765 
-19.6765 -18.6766 -17.6768 -16.6769 -15.677 -14.677 -13.6771 -12.6772 -11.6772 
-10.6772 -9.67725 -8.67726 -7.67728 -6.67728 -5.67728 -4.67729 -3.67729 -2.67729 
-1.6773 -0.677292 0.47369 1.2737 2.27369 3.2737 4.27367 5.27362 6.27351 
7.27344 8.27332 9.27326 10.2731 11.2729 12.2726 13.2723 14.2723 15.2723 
16.2722 17.2719 18.2716 19.2714 20.2712 21.2711 22.2711 23.2711 24.2711 
25.271 26.271 27.271 28.271 29.2709 30.271 31.2709 32.2708 33.2708 
34.2706 35.2705 36.2702 37.2673 -39.5229 -38.7229 -37.7229 -36.7229 -35.7229 
-34.7229 -33.7229 -32.7229 -31.7229 -30.7229 -29.723 -28.723 -27.723 -26.723 
-25.7231 -24.7231 -23.7232 -22.7233 -21.7232 -20.7233 -19.7234 -18.7234 -17.7235 
-16.7235 -15.7236 -14.7236 -13.7236 -12.7236 -11.7236 -10.7237 -9.72368 -8.72369 
-7.72371 -6.72374 -5.72374 -4.72375 -3.72376 -2.72377 -1.72377 -0.723789 0.289586 
1.28957 2.28957 3.28957 4.28956 5.28944 6.28936 7.28917 8.28914 9.28911 
10.289 11.2887 12.2883 13.2875 14.2875 15.2874 16.2872 17.2867 18.2861 
19.2857 20.2855 21.2854 22.2854 23.2853 24.2853 25.2853 26.2853 27.2853 
28.2853 29.2853 30.2853 31.2852 32.2852 33.2851 34.285 35.2847 36.2843 
37.2829 -39.6018 -38.6018 -37.6018 -36.6018 -35.6018 -34.6018 -33.6018 -32.6018 
-31.6019 -30.6018 -29.6019 -28.6019 -27.6019 -26.6019 -25.602 -24.602 -23.6021 
-22.6021 -21.6022 -20.6022 -19.6022 -18.6023 -17.6024 -16.6025 -15.6025 -14.6026 
-13.6026 -12.6027 -11.6027 -10.6027 -9.60274 -8.60275 -7.60277 -6.60276 -5.60277 
-4.60279 -3.60278 -2.60278 -1.60279 -0.802787 0.379645 1.37965 2.37966 3.37964 
4.3796 5.37955 6.37941 7.37931 8.3792 9.37918 10.379 11.3789 12.3783 
13.3781 14.3781 15.3781 16.3779 17.3777 18.3776 19.3775 20.3772 21.3771 
22.3771 23.3771 24.377 25.377 26.377 27.377 28.377 29.377 30.377 
31.3769 32.3768 33.3768 34.3766 35.3763 36.3757 37.3733 -39.3792 -38.7792 
-37.7792 -36.7792 -35.7792 -34.7792 -33.7793 -32.7793 -31.7793 -30.7794 -29.7793 
-28.7793 -27.7793 -26.7793 -25.7794 -24.7794 -23.7795 -22.7795 -21.7798 -20.7799 
-19.7798 -18.7799 -17.7801 -16.7801 -15.7803 -14.7804 -13.7805 -12.7806 -11.7808 
-10.7808 -9.7808 -8.78081 -7.78083 -6.78083 -5.78084 -4.78084 -3.78085 -2.78085 
-1.78084 -0.780863 0.115746 1.26404 2.26405 3.26402 4.26401 5.264 6.26394 
7.26385 8.26362 9.26358 10.2633 11.2631 12.2628 13.2624 14.2624 15.2624 
16.2621 17.2615 18.2614 19.2612 20.261 21.2608 22.2608 23.2608 24.2608 
25.2607 26.2608 27.2608 28.2607 29.2607 30.2607 31.2607 32.2606 33.2605 
34.2604 35.2602 36.2597 37.2587 -39.6399 -38.6399 -37.6399 -36.64 -35.64 
-34.64 -33.6401 -32.6401 -31.6401 -30.6401 -29.6401 -28.6401 -27.6401 -26.6401 
-25.6401 -24.6402 -23.6403 -22.6404 -21.6408 -20.6408 -19.6408 -18.6409 -17.641 
-16.6412 -15.6414 -14.6415 -13.6417 -12.6417 -11.6418 -10.6418 -9.64183 -8.64185 
-7.64187 -6.64188 -5.64188 -4.64189 -3.64189 -2.64189 -1.64189 -0.641886 0.224042 
1.35701 2.357 3.357 4.35699 5.35696 6.35691 7.35678 8.35666 9.35652 
10.3565 11.3563 12.3562 13.3559 14.3559 15.3559 16.3557 17.3553 18.3551 
19.3548 20.3546 21.3545 22.3545 23.3545 24.3545 25.3544 26.3544 27.3544 
28.3544 29.3543 30.3544 31.3543 32.3542 33.3542 34.354 35.3538 36.3531 
37.3522 -37.5435 -36.7436 -35.7436 -34.7436 -33.7436 -32.7436 -31.7437 -30.7437 
-29.7438 -28.7438 -27.7438 -26.7438 -25.7439 -24.744 -23.7441 -22.7441 -21.7441 
-20.7441 -19.7442 -18.7442 -17.7444 -16.7445 -15.7445 -14.7445 -13.7446 -12.7446 
-11.7446 -10.7446 -9.74463 -8.74464 -7.74465 -6.74468 -5.74471 -4.74472 -3.74474 
-2.74475 -1.74474 -0.744759 0.400905 1.4009 2.4009 3.40088 4.40079 5.40065 
6.40051 7.40036 8.40028 9.40021 10.4002 11.399 12.3974 13.3971 14.3969 
15.3967 16.3966 17.3964 18.3964 19.3962 20.396 21.3958 22.3957 23.3957 
24.3957 25.3957 26.3957 27.3957 28.3957 29.3957 30.3956 31.3955 32.3955 
33.3954 34.3954 35.3952 36.3949 37.3946 38.3946 -39.5829 -38.7829 -37.7829 
-36.783 -35.7829 -34.783 -33.783 -32.783 -31.7831 -30.7831 -29.7831 -28.7831 
-27.7831 -26.7831 -25.7831 -24.7832 -23.7832 -22.7833 -21.784 -20.7841 -19.7841 
-18.7842 -17.7843 -16.7844 -15.7847 -14.7849 -13.785 -12.7851 -11.7853 -10.7853 
-9.78533 -8.78539 -7.7854 -6.78541 -5.78543 -4.78542 -3.78542 -2.78542 -1.78543 
-0.785414 0.255948 1.40307 2.40307 3.40305 4.40305 5.40302 6.40297 7.40288 
8.40269 9.40261 10.4023 11.4021 12.401 13.4008 14.4008 15.4008 16.4006 
17.4002 18.4 19.3997 20.3995 21.3994 22.3994 23.3993 24.3993 25.3993 
26.3993 27.3993 28.3993 29.3993 30.3992 31.3992 32.3991 33.3991 34.399 
35.3988 36.3983 37.397 38.1961 -38.5045 -37.7044 -36.7044 -35.7044 -34.7045 
-33.7045 -32.7045 -31.7045 -30.7046 -29.7046 -28.7046 -27.7047 -26.7047 -25.7047 
-24.7048 -23.7049 -22.7049 -21.705 -20.7049 -19.705 -18.7051 -17.7052 -16.7053 
-15.7053 -14.7053 -13.7053 -12.7053 -11.7053 -10.7054 -9.7054 -8.7054 -7.70543 
-6.70545 -5.70547 -4.70548 -3.70551 -2.70552 -1.7055 -0.705515 0.326401 1.34237 
2.34235 3.34235 4.34231 5.34218 6.34205 7.34194 8.34185 9.34178 10.3417 
11.3403 12.3394 13.3393 14.3391 15.3386 16.3384 17.3383 18.3383 19.3382 
20.3378 21.3377 22.3377 23.3376 24.3376 25.3376 26.3376 27.3376 28.3376 
29.3376 30.3375 31.3375 32.3374 33.3374 34.3373 35.3372 36.3369 37.3368 
38.3365 -37.6333 -36.6334 -35.6333 -34.6334 -33.6334 -32.6335 -31.6336 -30.6336 
-29.6337 -28.6337 -27.6337 -26.6337 -25.6337 -24.6338 -23.6338 -22.6338 -21.6339 
-20.6339 -19.6339 -18.634 -17.6341 -16.6342 -15.6342 -14.6342 -13.6343 -12.6343 
-11.6342 -10.6343 -9.6343 -8.6343 -7.63432 -6.63434 -5.63438 -4.63439 -3.63439 
-2.63441 -1.63442 -0.634418 0.291207 1.254 2.25401 3.25397 4.25393 5.25381 
6.25364 7.25352 8.25347 9.25345 10.2534 11.2526 12.2516 13.2513 14.251 
15.2507 16.2507 17.2506 18.2506 19.2504 20.2502 21.25 22.2499 23.2499 
24.25 25.25 26.25 27.2499 28.2499 29.2499 30.2498 31.2498 32.2497 
33.2497 34.2497 35.2495 36.2493 37.249 38.2489 -39.7322 -38.7322 -37.7322 
-36.7322 -35.7322 -34.7322 -33.7322 -32.7322 -31.7322 -30.7323 -29.7323 -28.7323 
-27.7323 -26.7323 -25.7324 -24.7325 -23.7326 -22.7326 -21.7325 -20.7325 -19.7326 
-18.7327 -17.7328 -16.7329 -15.7329 -14.733 -13.733 -12.733 -11.733 -10.7331 
-9.73306 -8.73307 -7.73308 -6.7331 -5.73312 -4.73312 -3.73312 -2.73314 -1.73315 
-0.93314 0.522937 1.32293 2.32294 3.32292 4.32288 5.32281 6.32264 7.32236 
8.32226 9.32221 10.322 11.322 12.3109 13.3072 14.3071 15.3071 16.3066 
17.3065 18.3062 19.3059 20.3058 21.3058 22.3057 23.3056 24.3056 25.3056 
26.3056 27.3056 28.3056 29.3055 30.3056 31.3055 32.3055 33.3055 34.3054 
35.3053 36.3051 37.3044 38.3036 -39.5099 -38.71 -37.71 -36.71 -35.71 
-34.71 -33.71 -32.71 -31.71 -30.71 -29.7101 -28.7101 -27.7101 -26.7102 
-25.7102 -24.7103 -23.7104 -22.7104 -21.7104 -20.7104 -19.7105 -18.7106 -17.7106 
-16.7107 -15.7107 -14.7108 -13.7108 -12.7108 -11.7108 -10.7108 -9.71086 -8.71087 
-7.71088 -6.71092 -5.71094 -4.71094 -3.71096 -2.71096 -1.71096 -0.710959 0.248453 
1.24844 2.24843 3.24842 4.24836 5.24827 6.24819 7.24792 8.24783 9.24769 
10.2476 11.2468 12.2452 13.2452 14.2451 15.2449 16.2446 17.2446 18.2444 
19.2443 20.2441 21.244 22.244 23.2439 24.2439 25.2439 26.2439 27.2439 
28.2439 29.2438 30.2438 31.2437 32.2437 33.2437 34.2437 35.2435 36.2432 
37.2424 38.2413 -39.4233 -38.6233 -37.6233 -36.6233 -35.6233 -34.6234 -33.6234 
-32.6234 -31.6234 -30.6234 -29.6234 -28.6235 -27.6235 -26.6235 -25.6236 -24.6236 
-23.6237 -22.6237 -21.6237 -20.6237 -19.6238 -18.6239 -17.6241 -16.6242 -15.6242 
-14.6243 -13.6242 -12.6242 -11.6243 -10.6244 -9.62434 -8.62435 -7.62437 -6.62439 
-5.6244 -4.62442 -3.62442 -2.62444 -1.62445 -0.624431 0.572874 1.3729 2.37288 
3.37286 4.37284 5.37275 6.37261 7.37245 8.37243 9.37234 10.3723 11.372 
12.3508 13.3508 14.3508 15.3501 16.3498 17.3497 18.3496 19.3495 20.3492 
21.349 22.349 23.3489 24.3489 25.349 26.349 27.3489 28.3489 29.3489 
30.3489 31.3489 32.3488 33.3487 34.3487 35.3486 36.3484 37.348 38.3479 
-36.7405 -35.7405 -34.7404 -33.7405 -32.7406 -31.7406 -30.7407 -29.7408 -28.7408 
-27.7408 -26.7408 -25.7408 -24.7409 -23.741 -22.741 -21.741 -20.741 -19.741 
-18.7411 -17.7412 -16.7412 -15.7413 -14.7413 -13.7413 -12.7414 -11.7413 -10.7414 
-9.74135 -8.74135 -7.74138 -6.74139 -5.74141 -4.74144 -3.74145 -2.74146 -1.74147 
-0.741472 0.205538 1.37905 2.37902 3.37901 4.37898 5.37882 6.37859 7.37852 
8.37847 9.37836 10.3782 11.3776 12.3731 13.373 14.373 15.3729 16.3727 
17.3727 18.3724 19.3723 20.3721 21.372 22.372 23.372 24.3719 25.3719 
26.3719 27.3719 28.3719 29.3719 30.3719 31.3718 32.3717 33.3717 34.3717 
35.3715 36.3711 37.3707 -38.4512 -37.6513 -36.6513 -35.6512 -34.6513 -33.6513 
-32.6513 -31.6513 -30.6513 -29.6514 -28.6514 -27.6514 -26.6514 -25.6515 -24.6515 
-23.6515 -22.6516 -21.6516 -20.6516 -19.6516 -18.6516 -17.6518 -16.6518 -15.6518 
-14.6518 -13.6518 -12.6519 -11.6519 -10.6519 -9.65193 -8.65195 -7.65197 -6.652 
-5.65201 -4.65202 -3.65204 -2.65204 -1.65205 -0.65205 0.374038 1.38709 2.38706 
3.38706 4.38703 5.38688 6.38681 7.38675 8.38667 9.38663 10.3866 11.3863 
12.3857 13.3851 14.3851 15.385 16.3846 17.3842 18.384 19.3835 20.3834 
21.3834 22.3833 23.3833 24.3832 25.3832 26.3832 27.3832 28.3832 29.3832 
30.3832 31.3832 32.3831 33.383 34.3829 35.3826 36.3822 37.38 38.1597 
-37.6051 -36.6051 -35.6051 -34.6052 -33.6051 -32.6052 -31.6052 -30.6052 -29.6052 
-28.6052 -27.6053 -26.6053 -25.6053 -24.6054 -23.6055 -22.6055 -21.6055 -20.6055 
-19.6056 -18.6056 -17.6058 -16.6059 -15.6059 -14.6059 -13.6059 -12.606 -11.606 
-10.606 -9.60603 -8.60603 -7.60605 -6.60607 -5.6061 -4.6061 -3.60612 -2.60613 
-1.60613 -0.60614 0.235084 1.2351 2.23508 3.23506 4.235 5.2349 6.23478 
7.23459 8.23446 9.23447 10.2344 11.2331 12.2311 13.231 14.2309 15.2303 
16.2301 17.23 18.2299 19.2298 20.2295 21.2294 22.2293 23.2293 24.2293 
25.2293 26.2293 27.2293 28.2293 29.2292 30.2292 31.2291 32.2291 33.229 
34.229 35.229 36.229 37.2288 38.2287 -39.4954 -38.6954 -37.6954 -36.6954 
-35.6954 -34.6954 -33.6954 -32.6955 -31.6955 -30.6956 -29.6957 -28.6957 -27.6957 
-26.6958 -25.6958 -24.6959 -23.6959 -22.6959 -21.6959 -20.6959 -19.6959 -18.696 
-17.6962 -16.6962 -15.6962 -14.6962 -13.6963 -12.6962 -11.6963 -10.6963 -9.69631 
-8.69632 -7.69634 -6.69636 -5.69638 -4.69638 -3.69639 -2.69639 -1.6964 -0.696396 
0.403099 1.4031 2.40309 3.40307 4.40306 5.40293 6.40284 7.40274 8.40267 
9.40263 10.4025 11.4022 12.4012 13.4006 14.4006 15.4006 16.4004 17.4001 
18.4001 19.3997 20.3995 21.3994 22.3994 23.3994 24.3993 25.3994 26.3993 
27.3993 28.3993 29.3993 30.3993 31.3992 32.3991 33.3991 34.3988 35.3985 
36.3977 37.3754 -39.452 -38.652 -37.652 -36.652 -35.652 -34.652 -33.6521 
-32.652 -31.6521 -30.6521 -29.6521 -28.6522 -27.6522 -26.6522 -25.6523 -24.6524 
-23.6524 -22.6525 -21.6525 -20.6525 -19.6525 -18.6526 -17.6528 -16.6528 -15.6529 
-14.6529 -13.6529 -12.653 -11.653 -10.653 -9.65306 -8.65307 -7.65309 -6.65311 
-5.65313 -4.65315 -3.65314 -2.65317 -1.65316 -0.65317 0.459246 1.25924 2.25923 
3.2592 4.25916 5.25914 6.25895 7.25884 8.25875 9.25874 10.2587 11.2585 
12.2514 13.2479 14.2476 15.2471 16.2469 17.2468 18.2467 19.2467 20.2465 
21.2461 22.246 23.2459 24.246 25.246 26.2459 27.2459 28.2459 29.2459 
30.2459 31.2458 32.2458 33.2457 34.2457 35.2456 36.2454 37.2451 38.2449 
39.2448 -39.4422 -38.6423 -37.6422 -36.6423 -35.6423 -34.6423 -33.6423 -32.6424 
-31.6424 -30.6424 -29.6424 -28.6424 -27.6424 -26.6424 -25.6424 -24.6425 -23.6426 
-22.6427 -21.643 -20.643 -19.643 -18.6432 -17.6432 -16.6434 -15.6434 -14.6436 
-13.6437 -12.6438 -11.6439 -10.6439 -9.64395 -8.64397 -7.64398 -6.644 -5.644 
-4.644 -3.644 -2.644 -1.64401 -0.644003 0.240746 1.38312 2.38311 3.3831 
4.3831 5.38309 6.38301 7.38284 8.38269 9.38257 10.3825 11.3824 12.3823 
13.382 14.382 15.382 16.3818 17.3815 18.3815 19.381 20.3806 21.3806 
22.3806 23.3805 24.3805 25.3805 26.3805 27.3805 28.3805 29.3805 30.3804 
31.3804 32.3803 33.3803 34.3801 35.3797 36.3791 37.3758 -37.4986 -36.6987 
-35.6987 -34.6986 -33.6987 -32.6987 -31.6988 -30.6988 -29.6989 -28.6989 -27.699 
-26.6989 -25.699 -24.699 -23.6991 -22.6991 -21.6991 -20.6992 -19.6992 -18.6993 
-17.6994 -16.6995 -15.6995 -14.6995 -13.6995 -12.6995 -11.6995 -10.6995 -9.69956 
-8.69956 -7.69958 -6.6996 -5.69963 -4.69965 -3.69965 -2.69967 -1.69969 -0.699686 
0.214542 1.21452 2.21452 3.21452 4.21449 5.21436 6.21419 7.21401 8.21389 
9.21387 10.2138 11.2133 12.2098 13.2097 14.2096 15.2092 16.4088 17.4087 
18.4084 19.4083 20.4083 21.4082 22.4081 23.4081 24.4081 25.4081 26.4081 
27.4081 28.4081 29.4081 30.408 31.4079 32.4079 33.4079 34.4079 35.4076 
36.4071 37.4066 38.2044 -39.4042 -38.6041 -37.6041 -36.6041 -35.6041 -34.6041 
-33.6042 -32.6041 -31.6042 -30.6042 -29.6042 -28.6042 -27.6042 -26.6042 -25.6042 
-24.6043 -23.6044 -22.6044 -21.6044 -20.6044 -19.6044 -18.6045 -17.6046 -16.6047 
-15.6047 -14.6048 -13.6048 -12.6049 -11.6049 -10.6049 -9.6049 -8.60492 -7.60492 
-6.60493 -5.60495 -4.60495 -3.60496 -2.60496 -1.60496 -0.604967 0.33776 1.28049 
2.28049 3.28047 4.28044 5.28041 6.28034 7.28012 8.28007 9.28002 10.2799 
11.2798 12.279 13.2783 14.2782 15.2781 16.2779 17.2775 18.2774 19.277 
20.2767 21.2765 22.2765 23.2765 24.2764 25.2765 26.2764 27.2764 28.2764 
29.2763 30.2764 31.2763 32.2762 33.2762 34.276 35.2757 36.2752 37.2737 
38.0526 -39.4623 -38.6623 -37.6623 -36.6623 -35.6623 -34.6623 -33.6623 -32.6624 
-31.6624 -30.6624 -29.6624 -28.6624 -27.6624 -26.6624 -25.6625 -24.6624 -23.6626 
-22.6626 -21.6627 -20.6628 -19.6628 -18.6629 -17.663 -16.6631 -15.6632 -14.6633 
-13.6634 -12.6634 -11.6635 -10.6635 -9.66352 -8.66352 -7.66353 -6.66354 -5.66355 
-4.66356 -3.66355 -2.66357 -1.66357 -0.663561 0.40225 1.40228 2.40226 3.40225 
4.40223 5.40221 6.40204 7.40202 8.40194 9.40189 10.4019 11.4017 12.4006 
13.4004 14.4003 15.4003 16.4001 17.3998 18.3996 19.3992 20.3989 21.3988 
22.3988 23.3989 24.3988 25.3988 26.3988 27.3988 28.3988 29.3987 30.3987 
31.3987 32.3986 33.3986 34.3984 35.3983 36.3977 37.3963 -38.7315 -37.7315 
-36.7316 -35.7316 -34.7317 -33.7317 -32.7317 -31.7317 -30.7317 -29.7318 -28.7317 
-27.7317 -26.7318 -25.7318 -24.7319 -23.7319 -22.732 -21.7329 -20.7329 -19.733 
-18.7331 -17.7332 -16.7333 -15.7336 -14.7339 -13.7341 -12.7342 -11.7344 -10.7344 
-9.73442 -8.73445 -7.73453 -6.73456 -5.73455 -4.73457 -3.73457 -2.73456 -1.73456 
-0.734547 0.106966 1.22772 2.22771 3.2277 4.22769 5.22769 6.22764 7.22757 
8.22747 9.22739 10.227 11.2268 12.2251 13.2247 14.2246 15.2246 16.2246 
17.224 18.2239 19.2235 20.2233 21.2231 22.2231 23.223 24.223 25.223 
26.223 27.223 28.223 29.2229 30.2229 31.2229 32.2229 33.2228 34.2228 
35.2226 36.2221 37.2212 38.2201 -37.6224 -36.6224 -35.6224 -34.6224 -33.6224 
-32.6224 -31.6224 -30.6225 -29.6226 -28.6226 -27.6226 -26.6227 -25.6227 -24.6227 
-23.6228 -22.6228 -21.6228 -20.6228 -19.6228 -18.6229 -17.6231 -16.6231 -15.6231 
-14.6231 -13.6232 -12.6232 -11.6232 -10.6232 -9.62322 -8.62323 -7.62326 -6.62328 
-5.6233 -4.62333 -3.62334 -2.62334 -1.62335 -0.623353 0.40757 1.40757 2.40757 
3.40755 4.4075 5.40732 6.40708 7.40699 8.40691 9.40687 10.4068 11.4061 
12.4057 13.4057 14.4056 15.4052 16.4051 17.4048 18.4048 19.4046 20.4044 
21.4044 22.4043 23.4043 24.4043 25.4042 26.4043 27.4043 28.4043 29.4042 
30.4042 31.4041 32.4041 33.404 34.404 35.4039 36.4036 37.4034 38.4034 
-37.5234 -36.7236 -35.7237 -34.7237 -33.7238 -32.7238 -31.7238 -30.7238 -29.7238 
-28.7239 -27.7238 -26.7239 -25.7239 -24.7239 -23.7239 -22.7247 -21.7254 -20.7255 
-19.7256 -18.7257 -17.7258 -16.7259 -15.7259 -14.7263 -13.7265 -12.7266 -11.7267 
-10.7267 -9.72669 -8.72674 -7.72682 -6.72683 -5.72684 -4.72686 -3.72684 -2.72685 
-1.72685 -0.726867 0.10315 1.21814 2.21814 3.21813 4.21813 5.21811 6.21808 
7.21803 8.21781 9.21776 10.2174 11.2173 12.2164 13.216 14.216 15.216 
16.216 17.2154 18.2153 19.2152 20.2149 21.2148 22.2148 23.2147 24.2147 
25.2147 26.2147 27.2146 28.2147 29.2146 30.2147 31.2146 32.2145 33.2145 
34.2145 35.2143 36.2138 37.2128 38.2117 -39.3869 -38.787 -37.787 -36.787 
-35.787 -34.787 -33.787 -32.787 -31.7871 -30.7871 -29.7871 -28.7871 -27.7871 
-26.7871 -25.7872 -24.7872 -23.7873 -22.7873 -21.7875 -20.7877 -19.7877 -18.7878 
-17.7878 -16.788 -15.7881 -14.7883 -13.7884 -12.7884 -11.7886 -10.7885 -9.78855 
-8.78855 -7.78856 -6.78858 -5.78858 -4.78859 -3.78858 -2.78859 -1.78859 -0.788599 
0.158835 1.33257 2.33256 3.33256 4.33254 5.33252 6.33242 7.33233 8.3321 
9.33209 10.332 11.3316 12.3297 13.3293 14.3293 15.3293 16.329 17.3286 
18.3284 19.3281 20.3277 21.3276 22.3276 23.3275 24.3275 25.3275 26.3275 
27.3275 28.3275 29.3275 30.3275 31.3274 32.3274 33.3273 34.3272 35.3271 
36.3268 37.3253 -37.4638 -36.6638 -35.6638 -34.6638 -33.6638 -32.6638 -31.6639 
-30.6639 -29.6639 -28.664 -27.664 -26.664 -25.6641 -24.6641 -23.6642 -22.6642 
-21.6642 -20.6642 -19.6643 -18.6644 -17.6645 -16.6646 -15.6646 -14.6647 -13.6646 
-12.6646 -11.6647 -10.6647 -9.66471 -8.66472 -7.66474 -6.66477 -5.66478 -4.6648 
-3.66481 -2.66483 -1.66484 -0.664835 0.349565 1.35677 2.35677 3.35676 4.35668 
5.35657 6.35642 7.35623 8.35619 9.35616 10.3562 11.3547 12.3464 13.3463 
14.3461 15.3456 16.3454 17.3453 18.3452 19.3451 20.3448 21.3447 22.3446 
23.3446 24.3446 25.3446 26.3446 27.3446 28.3446 29.3446 30.3445 31.3445 
32.3444 33.3444 34.3443 35.3443 36.344 37.3437 38.3437 -37.4753 -36.6753 
-35.6753 -34.6753 -33.6753 -32.6753 -31.6754 -30.6755 -29.6756 -28.6756 -27.6756 
-26.6756 -25.6756 -24.6757 -23.6758 -22.6758 -21.6758 -20.6758 -19.6759 -18.676 
-17.6761 -16.6762 -15.6762 -14.6762 -13.6762 -12.6762 -11.6762 -10.6762 -9.67624 
-8.67625 -7.67627 -6.6763 -5.67632 -4.67633 -3.67634 -2.67636 -1.67636 -0.676366 
0.245066 1.24506 2.24505 3.24504 4.24505 5.24488 6.2448 7.2446 8.24454 
9.24446 10.2444 11.2438 12.2402 13.2402 14.2401 15.2397 16.2394 17.2393 
18.239 19.2388 20.2388 21.2387 22.2387 23.2386 24.2387 25.2386 26.2386 
27.2386 28.2386 29.2386 30.2385 31.2385 32.2385 33.2385 34.2384 35.2382 
36.2379 37.2374 38.2348 -39.6136 -38.6136 -37.6135 -36.6136 -35.6136 -34.6136 
-33.6136 -32.6136 -31.6137 -30.6137 -29.6137 -28.6137 -27.6137 -26.6137 -25.6137 
-24.6138 -23.6138 -22.6138 -21.6138 -20.6138 -19.6139 -18.614 -17.6141 -16.6142 
-15.6142 -14.6143 -13.6143 -12.6144 -11.6144 -10.6144 -9.61442 -8.61442 -7.61444 
-6.61445 -5.61446 -4.61447 -3.61447 -2.61447 -1.61447 -0.614478 0.564815 1.3648 
2.3648 3.36479 4.36476 5.3647 6.3646 7.36442 8.36433 9.36429 10.3641 
11.3639 12.3636 13.3632 14.363 15.3629 16.3626 17.3623 18.3621 19.3618 
20.3615 21.3614 22.3614 23.3614 24.3613 25.3613 26.3613 27.3613 28.3613 
29.3613 30.3613 31.3612 32.3612 33.3611 34.3609 35.3607 36.3601 37.3295 
-39.5536 -38.7536 -37.7536 -36.7536 -35.7537 -34.7537 -33.7537 -32.7537 -31.7538 
-30.7538 -29.7538 -28.7538 -27.7538 -26.7537 -25.7538 -24.7538 -23.7539 -22.7539 
-21.7542 -20.7542 -19.7542 -18.7544 -17.7545 -16.7546 -15.7547 -14.7549 -13.7551 
-12.7552 -11.7552 -10.7553 -9.75532 -8.75534 -7.75535 -6.75535 -5.75536 -4.75535 
-3.75536 -2.75536 -1.75535 -0.755352 0.121203 1.25949 2.25947 3.25947 4.25946 
5.25943 6.25942 7.25935 8.25916 9.2591 10.2591 11.2588 12.2585 13.2583 
14.2582 15.2583 16.2582 17.258 18.2579 19.2577 20.2574 21.2572 22.2571 
23.2571 24.2571 25.2571 26.2571 27.2571 28.2571 29.2571 30.257 31.257 
32.2569 33.2569 34.2567 35.2564 36.2558 37.2535 -39.5889 -38.7889 -37.7889 
-36.7889 -35.7889 -34.7889 -33.789 -32.7889 -31.789 -30.789 -29.789 -28.789 
-27.789 -26.789 -25.7891 -24.7891 -23.7892 -22.7891 -21.7892 -20.7893 -19.7893 
-18.7894 -17.7894 -16.7896 -15.7896 -14.7897 -13.7897 -12.7897 -11.7898 -10.7898 
-9.7898 -8.7898 -7.78983 -6.78984 -5.78985 -4.78985 -3.78986 -2.78986 -1.78988 
-0.789866 1.30725 2.30726 3.30726 4.30724 5.30716 6.30714 7.30694 8.30684 
9.3068 10.3067 11.3066 12.3064 13.3055 14.3055 15.3055 16.3053 17.3048 
18.3046 19.3044 20.3041 21.304 22.3039 23.3039 24.3038 25.3039 26.3039 
27.3039 28.3039 29.3038 30.3038 31.3038 32.3037 33.3037 34.3037 35.3035 
36.3032 37.3024 38.3006 -37.7568 -36.7568 -35.7568 -34.7569 -33.7569 -32.757 
-31.757 -30.7571 -29.7572 -28.7572 -27.7572 -26.7573 -25.7573 -24.7573 -23.7574 
-22.7575 -21.7575 -20.7575 -19.7575 -18.7576 -17.7577 -16.7578 -15.7578 -14.7578 
-13.7578 -12.7579 -11.7578 -10.7579 -9.7579 -8.7579 -7.75792 -6.75795 -5.75797 
-4.75798 -3.758 -2.758 -1.75801 -0.758012 0.171241 1.33588 2.33588 3.33586 
4.3358 5.33562 6.33539 7.33519 8.33514 9.3351 10.3351 11.3336 12.3316 
13.3315 14.3312 15.3308 16.3307 17.3306 18.3305 19.3303 20.3302 21.33 
22.33 23.33 24.33 25.33 26.33 27.33 28.3299 29.3299 30.3299 
31.3298 32.3298 33.3298 34.3297 35.3295 36.3292 37.329 38.329 -37.7875 
-36.7875 -35.7876 -34.7876 -33.7875 -32.7876 -31.7876 -30.7876 -29.7877 -28.7877 
-27.7877 -26.7877 -25.7877 -24.7878 -23.7878 -22.7878 -21.7879 -20.7879 -19.788 
-18.7881 -17.7882 -16.7883 -15.7883 -14.7883 -13.7883 -12.7883 -11.7884 -10.7884 
-9.7884 -8.78841 -7.78843 -6.78846 -5.78847 -4.78848 -3.78848 -2.7885 -1.78851 
-0.788503 0.405438 1.40543 2.40543 3.40543 4.40537 5.40524 6.40505 7.4049 
8.40485 9.40477 10.4047 11.4046 12.401 13.401 14.401 15.401 16.4007 
17.4006 18.4005 19.4003 20.4001 21.4 22.4 23.4 24.3999 25.3999 
26.3999 27.3999 28.3999 29.3999 30.3999 31.3998 32.3998 33.3997 34.3997 
35.3995 36.399 37.3983 38.1982 -39.5783 -38.7783 -37.7783 -36.7783 -35.7783 
-34.7783 -33.7784 -32.7784 -31.7784 -30.7784 -29.7784 -28.7784 -27.7785 -26.7785 
-25.7785 -24.7786 -23.7786 -22.7786 -21.7786 -20.7786 -19.7787 -18.7788 -17.7789 
-16.779 -15.779 -14.779 -13.7791 -12.7791 -11.7791 -10.7792 -9.77918 -8.77918 
-7.77921 -6.77922 -5.77923 -4.77925 -3.77925 -2.77925 -1.77925 -0.779267 0.699206 
1.29921 2.2992 3.29919 4.29916 5.29908 6.29899 7.29879 8.29866 9.29855 
10.2984 11.2984 12.2878 13.283 14.2829 15.2829 16.2819 17.2818 18.2817 
19.2815 20.2814 21.2813 22.2813 23.2812 24.2812 25.2812 26.2812 27.2811 
28.2812 29.2812 30.2811 31.2811 32.281 33.2809 34.2809 35.2808 36.2807 
37.2801 38.2798 -38.4272 -37.6272 -36.6272 -35.6272 -34.6272 -33.6272 -32.6273 
-31.6273 -30.6274 -29.6274 -28.6274 -27.6274 -26.6274 -25.6274 -24.6275 -23.6276 
-22.6277 -21.6277 -20.6276 -19.6277 -18.6278 -17.628 -16.628 -15.6281 -14.6281 
-13.6281 -12.6281 -11.6281 -10.6281 -9.62816 -8.62816 -7.62818 -6.62821 -5.62822 
-4.62824 -3.62825 -2.62827 -1.62827 -0.628262 0.38354 1.38944 2.38944 3.38945 
4.38935 5.38922 6.38909 7.38892 8.38883 9.38877 10.3888 11.387 12.386 
13.3859 14.3856 15.3851 16.385 17.3849 18.3848 19.3847 20.3844 21.3843 
22.3843 23.3842 24.3842 25.3842 26.3842 27.3842 28.3842 29.3842 30.3842 
31.3841 32.3841 33.3841 34.384 35.3839 36.3836 37.3833 38.3833 -39.4247 
-38.6247 -37.6247 -36.6247 -35.6247 -34.6247 -33.6247 -32.6247 -31.6248 -30.6248 
-29.6248 -28.6248 -27.6248 -26.6248 -25.6248 -24.6249 -23.625 -22.625 -21.6251 
-20.6251 -19.6252 -18.6253 -17.6254 -16.6255 -15.6256 -14.6257 -13.6257 -12.6257 
-11.6258 -10.6258 -9.62581 -8.62582 -7.62582 -6.62584 -5.62584 -4.62585 -3.62585 
-2.62585 -1.62586 -0.625871 0.600743 1.40074 2.40074 3.40072 4.40071 5.40064 
6.40053 7.40038 8.40036 9.40026 10.4001 11.4001 12.3993 13.3992 14.3992 
15.3992 16.399 17.3988 18.3986 19.3985 20.3983 21.3982 22.3982 23.3982 
24.3981 25.3981 26.3981 27.3981 28.3981 29.3981 30.398 31.398 32.3979 
33.3979 34.3977 35.3973 36.3969 37.3953 -39.5606 -38.7606 -37.7607 -36.7607 
-35.7607 -34.7607 -33.7607 -32.7607 -31.7607 -30.7607 -29.7608 -28.7608 -27.7608 
-26.7608 -25.7608 -24.7609 -23.761 -22.7611 -21.7611 -20.7611 -19.7611 -18.7612 
-17.7613 -16.7614 -15.7614 -14.7614 -13.7614 -12.7615 -11.7615 -10.7615 -9.76154 
-8.76156 -7.76157 -6.7616 -5.76161 -4.76162 -3.76163 -2.76164 -1.76166 -0.761641 
0.367251 1.36724 2.36725 3.36723 4.36716 5.36714 6.36708 7.36699 8.3669 
9.36686 10.3668 11.3643 12.3601 13.36 14.36 15.3594 16.3593 17.3592 
18.3592 19.359 20.3588 21.3586 22.3585 23.3585 24.3585 25.3585 26.3585 
27.3585 28.3584 29.3584 30.3584 31.3583 32.3583 33.3582 34.3583 35.3581 
36.3579 37.3576 38.3576 -39.5344 -38.7344 -37.7345 -36.7345 -35.7345 -34.7345 
-33.7345 -32.7345 -31.7345 -30.7345 -29.7346 -28.7346 -27.7346 -26.7346 -25.7346 
-24.7347 -23.7348 -22.7348 -21.735 -20.735 -19.735 -18.7351 -17.7353 -16.7354 
-15.7354 -14.7355 -13.7355 -12.7356 -11.7356 -10.7356 -9.73561 -8.73562 -7.73562 
-6.73564 -5.73564 -4.73565 -3.73564 -2.73565 -1.73567 -0.735652 0.616334 1.21634 
2.21635 3.21635 4.21634 5.21629 6.21622 7.21602 8.21594 9.21584 10.2156 
11.2154 12.2154 13.2153 14.2153 15.2153 16.2149 17.2144 18.2143 19.2139 
20.2137 21.2136 22.2135 23.2135 24.2135 25.2134 26.2135 27.2135 28.2134 
29.2135 30.2134 31.2134 32.2133 33.2132 34.2133 35.2132 36.2129 37.2129 
38.212 -37.2485 -36.6485 -35.6485 -34.6485 -33.6485 -32.6486 -31.6487 -30.6488 
-29.6489 -28.6489 -27.6489 -26.6489 -25.6489 -24.649 -23.6491 -22.6491 -21.6491 
-20.6491 -19.6491 -18.6492 -17.6494 -16.6494 -15.6494 -14.6494 -13.6494 -12.6494 
-11.6495 -10.6495 -9.64951 -8.64952 -7.64955 -6.64957 -5.64959 -4.64961 -3.64962 
-2.64962 -1.64963 -0.649646 0.291139 1.26152 2.26152 3.2615 4.26147 5.26129 
6.26109 7.26098 8.26091 9.26085 10.2608 11.2601 12.2564 13.2562 14.256 
15.2557 16.2556 17.2554 18.2553 19.2551 20.2548 21.2547 22.2547 23.2546 
24.2546 25.2546 26.2546 27.2546 28.2546 29.2545 30.2545 31.2545 32.2544 
33.2544 34.2543 35.2542 36.2538 37.2536 38.2533 -38.3728 -37.7728 -36.7728 
-35.7728 -34.7728 -33.7729 -32.7729 -31.7729 -30.7729 -29.773 -28.773 -27.773 
-26.773 -25.7731 -24.7731 -23.7732 -22.7732 -21.7732 -20.7732 -19.7732 -18.7733 
-17.7734 -16.7735 -15.7735 -14.7736 -13.7736 -12.7736 -11.7736 -10.7736 -9.77366 
-8.77367 -7.77367 -6.77371 -5.77372 -4.77373 -3.77374 -2.77376 -1.77375 -0.773762 
0.266405 1.26643 2.26639 3.26638 4.26631 5.26621 6.26607 7.26598 8.26591 
9.26582 10.2658 11.2647 12.2621 13.2616 14.2615 15.2612 16.2612 17.2611 
18.261 19.2609 20.2607 21.2604 22.2604 23.2604 24.2604 25.2604 26.2604 
27.2603 28.2603 29.2603 30.2603 31.2603 32.2602 33.2601 34.2601 35.26 
36.2597 37.2595 38.2594 -38.4454 -37.6455 -36.6455 -35.6454 -34.6455 -33.6455 
-32.6455 -31.6455 -30.6455 -29.6456 -28.6456 -27.6456 -26.6456 -25.6457 -24.6458 
-23.6459 -22.6459 -21.6459 -20.6459 -19.646 -18.6461 -17.6462 -16.6463 -15.6463 
-14.6463 -13.6463 -12.6464 -11.6464 -10.6464 -9.64641 -8.64642 -7.64644 -6.64647 
-5.64649 -4.6465 -3.64651 -2.64652 -1.64652 -0.64653 0.365147 1.37099 2.37097 
3.37096 4.37092 5.37081 6.37065 7.37051 8.37039 9.37029 10.3703 11.3687 
12.3677 13.3676 14.3674 15.367 16.3668 17.3667 18.3667 19.3666 20.3663 
21.3662 22.3662 23.3662 24.3661 25.3662 26.3661 27.3661 28.3661 29.3661 
30.3661 31.366 32.3659 33.3659 34.3659 35.3658 36.3655 37.3653 38.3649 
-39.5591 -38.7591 -37.7591 -36.7591 -35.7591 -34.7591 -33.7592 -32.7591 -31.7592 
-30.7592 -29.7592 -28.7593 -27.7592 -26.7593 -25.7593 -24.7594 -23.7596 -22.7596 
-21.7596 -20.7596 -19.7596 -18.7597 -17.7599 -16.76 -15.76 -14.76 -13.7601 
-12.7601 -11.7601 -10.7601 -9.76016 -8.76017 -7.76019 -6.76021 -5.76023 -4.76022 
-3.76024 -2.76026 -1.76027 -0.760261 0.409769 1.20976 2.20978 3.20976 4.20971 
5.40962 6.40953 7.40953 8.40944 9.40941 10.4093 11.4065 12.4016 13.4016 
14.4015 15.4009 16.4007 17.4006 18.4005 19.4004 20.4002 21.4 22.4 
23.4 24.4 25.4 26.3999 27.3999 28.3999 29.3999 30.3998 31.3998 
32.3997 33.3997 34.3996 35.3996 36.3994 37.3991 38.399 -39.5614 -38.7614 
-37.7615 -36.7614 -35.7615 -34.7615 -33.7615 -32.7615 -31.7615 -30.7615 -29.7615 
-28.7615 -27.7616 -26.7616 -25.7616 -24.7617 -23.7617 -22.7618 -21.7618 -20.7618 
-19.7618 -18.7619 -17.762 -16.7621 -15.7622 -14.7621 -13.7622 -12.7622 -11.7623 
-10.7622 -9.76227 -8.76228 -7.76232 -6.76232 -5.76233 -4.76234 -3.76236 -2.76236 
-1.76235 -0.762356 0.734598 1.33458 2.33458 3.33456 4.33455 5.3345 6.33436 
7.33413 8.33409 9.33406 10.334 11.3338 12.3337 13.3332 14.3332 15.3332 
16.3329 17.3324 18.3323 19.3318 20.3315 21.3314 22.3314 23.3313 24.3313 
25.3313 26.3313 27.3313 28.3313 29.3313 30.3313 31.3312 32.3312 33.3311 
34.3311 35.331 36.3306 37.3303 38.3283 -38.4294 -37.6295 -36.6294 -35.6295 
-34.6295 -33.6296 -32.6297 -31.6297 -30.6298 -29.6299 -28.6299 -27.6299 -26.6299 
-25.6299 -24.63 -23.63 -22.63 -21.63 -20.63 -19.6301 -18.6302 -17.6303 
-16.6304 -15.6305 -14.6304 -13.6305 -12.6305 -11.6305 -10.6305 -9.63054 -8.63055 
-7.63055 -6.63059 -5.63061 -4.63063 -3.63064 -2.63063 -1.63066 -0.630662 0.298046 
1.2624 2.2624 3.26236 4.26234 5.26219 6.26209 7.26202 8.26196 9.26192 
10.2618 11.2614 12.2601 13.2601 14.26 15.2599 16.2596 17.2595 18.2589 
19.2584 20.2583 21.2583 22.2582 23.2582 24.2582 25.2582 26.2581 27.2582 
28.2581 29.2581 30.2581 31.2581 32.258 33.258 34.2579 35.2576 36.257 
37.2559 -39.5682 -38.7682 -37.7682 -36.7682 -35.7683 -34.7683 -33.7683 -32.7683 
-31.7683 -30.7683 -29.7683 -28.7683 -27.7683 -26.7683 -25.7684 -24.7685 -23.7686 
-22.7686 -21.7686 -20.7687 -19.7687 -18.7688 -17.7689 -16.769 -15.7691 -14.7691 
-13.7691 -12.7692 -11.7692 -10.7693 -9.76925 -8.76926 -7.76927 -6.76928 -5.7693 
-4.76929 -3.7693 -2.76931 -1.7693 -0.769295 0.440938 1.24095 2.24093 3.24093 
4.24091 5.24085 6.24072 7.24061 8.24051 9.24043 10.2403 11.2403 12.2397 
13.2395 14.2395 15.2395 16.2394 17.2392 18.239 19.239 20.2387 21.2386 
22.2386 23.2385 24.2385 25.2385 26.2385 27.2385 28.2385 29.2384 30.2384 
31.2384 32.2383 33.2383 34.2381 35.2378 36.2375 37.2227 -39.7246 -38.7246 
-37.7246 -36.7246 -35.7246 -34.7247 -33.7247 -32.7247 -31.7247 -30.7247 -29.7247 
-28.7247 -27.7247 -26.7247 -25.7248 -24.7249 -23.7249 -22.7249 -21.7249 -20.725 
-19.7251 -18.7252 -17.7252 -16.7253 -15.7253 -14.7253 -13.7254 -12.7254 -11.7255 
-10.7254 -9.72545 -8.72547 -7.72549 -6.72549 -5.72551 -4.72551 -3.72552 -2.72551 
-1.72552 -0.925509 1.39333 2.39334 3.39333 4.39331 5.39324 6.39319 7.39294 
8.39279 9.39268 10.3927 11.3926 12.3833 13.3754 14.3753 15.3753 16.3751 
17.3748 18.3748 19.3746 20.3744 21.3744 22.3743 23.3743 24.3742 25.3742 
26.3742 27.3742 28.3742 29.3742 30.3741 31.3741 32.3741 33.374 34.374 
35.374 36.3737 37.3732 38.3723 39.1699 -39.5489 -38.749 -37.749 -36.749 
-35.7491 -34.7491 -33.7492 -32.7492 -31.7492 -30.7493 -29.7493 -28.7493 -27.7493 
-26.7493 -25.7493 -24.7494 -23.7494 -22.7498 -21.7502 -20.7501 -19.7502 -18.7503 
-17.7503 -16.7504 -15.7507 -14.751 -13.7511 -12.7513 -11.7514 -10.7514 -9.75144 
-8.75146 -7.75148 -6.75151 -5.75151 -4.75152 -3.75152 -2.75152 -1.75152 -0.751524 
0.0940337 1.21681 2.2168 3.21679 4.21679 5.21677 6.21675 7.21663 8.21653 
9.2165 10.2162 11.2161 12.2158 13.2157 14.2156 15.2156 16.2156 17.2155 
18.2154 19.2151 20.2148 21.2147 22.2146 23.2146 24.2146 25.2146 26.2145 
27.2145 28.2145 29.2145 30.2145 31.2145 32.2144 33.2143 34.2142 35.2139 
36.2134 37.2111 -39.5025 -38.7026 -37.7026 -36.7026 -35.7026 -34.7026 -33.7026 
-32.7026 -31.7026 -30.7027 -29.7026 -28.7026 -27.7026 -26.7027 -25.7027 -24.7028 
-23.7028 -22.7029 -21.7029 -20.7029 -19.7029 -18.703 -17.7031 -16.7032 -15.7032 
-14.7033 -13.7033 -12.7033 -11.7033 -10.7034 -9.70334 -8.70335 -7.70337 -6.7034 
-5.7034 -4.7034 -3.70342 -2.70341 -1.70342 -0.703435 0.506985 1.30699 2.30699 
3.30699 4.30696 5.30689 6.30674 7.30656 8.30646 9.30644 10.3062 11.3061 
12.3027 13.3024 14.3024 15.3023 16.3018 17.3017 18.3015 19.301 20.3007 
21.3006 22.3005 23.3005 24.3005 25.3005 26.3005 27.3004 28.3004 29.3004 
30.3004 31.3004 32.3003 33.3003 34.3003 35.3001 36.2998 37.2993 38.2993 
-39.3877 -38.7877 -37.7877 -36.7877 -35.7877 -34.7877 -33.7877 -32.7877 -31.7878 
-30.7878 -29.7879 -28.7879 -27.7879 -26.7879 -25.7879 -24.788 -23.7881 -22.7881 
-21.7882 -20.7881 -19.7882 -18.7883 -17.7884 -16.7885 -15.7886 -14.7886 -13.7886 
-12.7887 -11.7886 -10.7887 -9.78869 -8.78869 -7.78871 -6.78874 -5.78875 -4.78876 
-3.78877 -2.78877 -1.78878 -0.788785 0.321959 1.37734 2.37732 3.37731 4.37723 
5.37714 6.37707 7.37697 8.37691 9.37687 10.3768 11.3758 12.3752 13.3752 
14.3751 15.3747 16.3746 17.3745 18.3744 19.3743 20.374 21.3737 22.3736 
23.3736 24.3736 25.3736 26.3736 27.3736 28.3736 29.3736 30.3735 31.3735 
32.3734 33.3734 34.3734 35.3733 36.3731 37.3728 38.3727 -39.5149 -38.7149 
-37.7149 -36.7149 -35.7149 -34.7149 -33.7149 -32.7149 -31.715 -30.715 -29.715 
-28.715 -27.715 -26.715 -25.7151 -24.7151 -23.7151 -22.7152 -21.7152 -20.7152 
-19.7153 -18.7154 -17.7155 -16.7156 -15.7156 -14.7157 -13.7157 -12.7157 -11.7157 
-10.7157 -9.71575 -8.71576 -7.71579 -6.71579 -5.7158 -4.71581 -3.71581 -2.71582 
-1.71581 -0.715825 1.27231 2.27231 3.27231 4.2723 5.27226 6.27216 7.27198 
8.27182 9.2718 10.2717 11.2717 12.2716 13.2711 14.271 15.2709 16.2709 
17.2705 18.2702 19.2701 20.2699 21.2697 22.2697 23.2696 24.2696 25.2696 
26.2696 27.2696 28.2696 29.2695 30.2695 31.2695 32.2694 33.2694 34.2692 
35.269 36.2685 37.2656 38.2612 -39.3558 -38.7558 -37.7558 -36.7558 -35.7558 
-34.7558 -33.7559 -32.7558 -31.7559 -30.756 -29.7559 -28.7559 -27.7559 -26.7559 
-25.756 -24.7561 -23.7561 -22.7561 -21.7563 -20.7563 -19.7563 -18.7564 -17.7565 
-16.7566 -15.7567 -14.7568 -13.7568 -12.7569 -11.7569 -10.7569 -9.75691 -8.75692 
-7.75694 -6.75695 -5.75696 -4.75696 -3.75697 -2.75697 -1.75697 -0.756977 0.20025 
1.35751 2.3575 3.3575 4.35746 5.35741 6.35737 7.35717 8.3571 9.35703 
10.3569 11.3568 12.3563 13.3558 14.3558 15.3557 16.3554 17.3552 18.3551 
19.3548 20.3545 21.3544 22.3544 23.3543 24.3543 25.3543 26.3543 27.3542 
28.3543 29.3543 30.3542 31.3542 32.3542 33.3541 34.3541 35.3539 36.3536 
37.3523 38.3492 -39.4489 -38.6489 -37.6489 -36.649 -35.649 -34.649 -33.649 
-32.649 -31.6491 -30.649 -29.649 -28.6491 -27.6491 -26.6491 -25.6491 -24.6493 
-23.6493 -22.6493 -21.6494 -20.6493 -19.6494 -18.6495 -17.6496 -16.6496 -15.6497 
-14.6497 -13.6497 -12.6497 -11.6497 -10.6498 -9.64978 -8.64979 -7.64981 -6.64984 
-5.64984 -4.64986 -3.64987 -2.64988 -1.64988 -0.649887 0.386762 1.38676 2.38677 
3.38674 4.38668 5.38662 6.3864 7.38615 8.38604 9.386 10.386 11.3843 
12.3817 13.3815 14.3814 15.3808 16.3803 17.38 18.3798 19.3796 20.3792 
21.3792 22.3791 23.3791 24.3791 25.3791 26.3791 27.3791 28.3791 29.3791 
30.3791 31.379 32.379 33.3789 34.3789 35.3788 36.3784 37.378 38.3777 
-38.584 -37.784 -36.784 -35.784 -34.784 -33.784 -32.7841 -31.7841 -30.7841 
-29.7842 -28.7842 -27.7842 -26.7843 -25.7843 -24.7844 -23.7845 -22.7845 -21.7845 
-20.7845 -19.7846 -18.7847 -17.7848 -16.7849 -15.7849 -14.7849 -13.785 -12.785 
-11.785 -10.785 -9.785 -8.785 -7.78503 -6.78504 -5.78506 -4.78508 -3.78509 
-2.78509 -1.7851 -0.785101 0.243918 1.25842 2.25842 3.25842 4.25837 5.25821 
6.258 7.25774 8.25766 9.25757 10.2575 11.257 12.2565 13.2564 14.2563 
15.2561 16.2558 17.2555 18.2554 19.2554 20.2551 21.2551 22.255 23.255 
24.255 25.255 26.255 27.255 28.2549 29.2549 30.2549 31.2549 32.2549 
33.2548 34.2547 35.2547 36.2545 37.254 38.254 -39.5394 -38.7394 -37.7394 
-36.7394 -35.7394 -34.7394 -33.7394 -32.7394 -31.7395 -30.7395 -29.7395 -28.7396 
-27.7396 -26.7396 -25.7396 -24.7397 -23.7397 -22.7398 -21.7397 -20.7398 -19.7397 
-18.7399 -17.74 -16.7401 -15.7401 -14.7401 -13.7401 -12.7401 -11.7402 -10.7402 
-9.74017 -8.74018 -7.7402 -6.74023 -5.74024 -4.74024 -3.74026 -2.74026 -1.74026 
-0.740266 0.358112 1.35811 2.35811 3.3581 4.35807 5.35795 6.35785 7.3578 
8.35773 9.35767 10.3576 11.3572 12.3567 13.356 14.356 15.3559 16.3557 
17.3553 18.3547 19.3544 20.3542 21.3542 22.3542 23.3541 24.3541 25.3541 
26.3541 27.3541 28.3541 29.3541 30.3541 31.3541 32.354 33.354 34.3538 
35.3535 36.3535 37.3517 -39.7425 -38.7425 -37.7425 -36.7425 -35.7425 -34.7425 
-33.7425 -32.7425 -31.7426 -30.7426 -29.7426 -28.7426 -27.7427 -26.7426 -25.7427 
-24.7428 -23.7429 -22.7429 -21.7429 -20.7429 -19.7429 -18.7431 -17.7432 -16.7433 
-15.7433 -14.7433 -13.7433 -12.7433 -11.7434 -10.7434 -9.74339 -8.7434 -7.74342 
-6.74344 -5.74344 -4.74345 -3.74344 -2.74346 -1.74346 -0.943472 0.500288 1.30031 
2.3003 3.3003 4.30027 5.30019 6.30006 7.29975 8.2996 9.29956 10.2993 
11.2993 12.2872 13.2807 14.2807 15.2807 16.2801 17.28 18.2798 19.2796 
20.2794 21.2793 22.2792 23.2792 24.2792 25.2792 26.2791 27.2791 28.2791 
29.2792 30.2791 31.2791 32.279 33.279 34.279 35.2789 36.2786 37.2782 
38.2775 -36.7116 -35.7116 -34.7116 -33.7116 -32.7117 -31.7117 -30.7118 -29.7118 
-28.7118 -27.7118 -26.7119 -25.7119 -24.712 -23.712 -22.712 -21.7121 -20.7121 
-19.7121 -18.7122 -17.7123 -16.7124 -15.7124 -14.7124 -13.7124 -12.7124 -11.7124 
-10.7125 -9.71248 -8.71249 -7.71251 -6.71253 -5.71256 -4.71256 -3.71258 -2.71259 
-1.7126 -0.7126 0.231004 1.4028 2.40279 3.40277 4.40273 5.40253 6.40231 
7.40222 8.40213 9.40212 10.4021 11.4002 12.3976 13.3975 14.3972 15.3969 
16.3969 17.3967 18.3966 19.3965 20.3963 21.3962 22.3961 23.3961 24.3961 
25.3961 26.3961 27.3961 28.396 29.396 30.396 31.396 32.3959 33.3959 
34.3958 35.3957 36.3954 37.3952 38.3951 -39.4733 -38.6733 -37.6733 -36.6733 
-35.6733 -34.6733 -33.6733 -32.6734 -31.6733 -30.6734 -29.6734 -28.6733 -27.6734 
-26.6734 -25.6735 -24.6735 -23.6736 -22.6736 -21.6736 -20.6737 -19.6737 -18.6737 
-17.6738 -16.674 -15.674 -14.6741 -13.6741 -12.6741 -11.6742 -10.6742 -9.6742 
-8.67421 -7.67423 -6.67424 -5.67425 -4.67426 -3.67427 -2.67427 -1.67427 -0.674275 
0.75274 1.35275 2.35274 3.35273 4.35269 5.35266 6.35254 7.35237 8.35232 
9.35225 10.3522 11.3522 12.352 13.3515 14.3514 15.3514 16.3512 17.3509 
18.3506 19.3504 20.35 21.35 22.35 23.3499 24.3499 25.3499 26.3499 
27.3499 28.3499 29.3498 30.3498 31.3498 32.3497 33.3497 34.3496 35.3492 
36.3489 37.3477 38.1402 -39.4519 -38.652 -37.652 -36.652 -35.652 -34.652 
-33.652 -32.6521 -31.6521 -30.6521 -29.6521 -28.6521 -27.6521 -26.6521 -25.6522 
-24.6522 -23.6523 -22.6525 -21.6528 -20.6529 -19.6529 -18.653 -17.653 -16.6532 
-15.6534 -14.6536 -13.6537 -12.6538 -11.6539 -10.654 -9.65397 -8.654 -7.654 
-6.65401 -5.65404 -4.65403 -3.65402 -2.65402 -1.65403 -0.654043 0.2286 1.36992 
2.3699 3.36991 4.3699 5.36989 6.3698 7.36966 8.3695 9.36936 10.3693 
11.3692 12.3691 13.3688 14.3688 15.3687 16.3686 17.3682 18.3682 19.3677 
20.3673 21.3673 22.3672 23.3673 24.3673 25.3672 26.3673 27.3672 28.3672 
29.3672 30.3672 31.3671 32.367 33.367 34.3668 35.3665 36.3657 37.3636 
-39.7883 -38.7884 -37.7883 -36.7883 -35.7883 -34.7883 -33.7883 -32.7884 -31.7884 
-30.7884 -29.7884 -28.7884 -27.7884 -26.7884 -25.7886 -24.7887 -23.7887 -22.7887 
-21.7888 -20.7888 -19.7889 -18.789 -17.7891 -16.7892 -15.7892 -14.7893 -13.7893 
-12.7893 -11.7893 -10.7893 -9.78935 -8.78936 -7.78938 -6.78939 -5.7894 -4.78942 
-3.78942 -2.78942 -1.78942 -0.989437 0.474685 1.27469 2.2747 3.27468 4.27467 
5.27459 6.27454 7.27433 8.27416 9.27414 10.2741 11.274 12.2713 13.2713 
14.2713 15.2713 16.2706 17.2704 18.2703 19.2699 20.2696 21.2696 22.2695 
23.2695 24.2694 25.2694 26.2694 27.2694 28.2694 29.2694 30.2694 31.2694 
32.2693 33.2693 34.2692 35.2691 36.2689 37.2683 38.2675 -39.7538 -38.7538 
-37.7538 -36.7538 -35.7538 -34.7538 -33.7538 -32.7539 -31.7538 -30.7538 -29.7539 
-28.7539 -27.7539 -26.7539 -25.754 -24.754 -23.7541 -22.7541 -21.7542 -20.7542 
-19.7543 -18.7544 -17.7545 -16.7545 -15.7546 -14.7546 -13.7546 -12.7547 -11.7547 
-10.7547 -9.75472 -8.75474 -7.75475 -6.75477 -5.75477 -4.75479 -3.7548 -2.7548 
-1.7548 -0.954796 1.24216 2.24217 3.24216 4.24216 5.2421 6.24206 7.24184 
8.24177 9.24165 10.2415 11.2415 12.2318 13.2229 14.2227 15.2227 16.2217 
17.2215 18.2212 19.2211 20.2209 21.2207 22.2207 23.2206 24.2206 25.2206 
26.2206 27.2206 28.2206 29.2206 30.2206 31.2205 32.2205 33.2204 34.2204 
35.2203 36.2202 37.2198 38.2193 39.0186 -39.6809 -38.6809 -37.681 -36.6809 
-35.6809 -34.6809 -33.681 -32.681 -31.681 -30.681 -29.681 -28.681 -27.681 
-26.6811 -25.6811 -24.6812 -23.6812 -22.6812 -21.6813 -20.6813 -19.6813 -18.6815 
-17.6817 -16.6817 -15.6817 -14.6817 -13.6818 -12.6818 -11.6818 -10.6818 -9.68181 
-8.68182 -7.68185 -6.68186 -5.68185 -4.68187 -3.68188 -2.68189 -1.6819 -0.881907 
0.545129 1.34512 2.34512 3.34511 4.3451 5.34501 6.34485 7.34468 8.34457 
9.34454 10.3443 11.3442 12.3407 13.3404 14.3404 15.3404 16.3399 17.3398 
18.3397 19.3394 20.3391 21.339 22.339 23.3389 24.3389 25.3389 26.3389 
27.3389 28.3388 29.3388 30.3388 31.3388 32.3388 33.3387 34.3387 35.3386 
36.3382 37.3379 38.3368 -37.7571 -36.7572 -35.7572 -34.7572 -33.7572 -32.7572 
-31.7572 -30.7573 -29.7574 -28.7573 -27.7573 -26.7574 -25.7574 -24.7575 -23.7576 
-22.7576 -21.7576 -20.7576 -19.7577 -18.7578 -17.7579 -16.758 -15.758 -14.758 
-13.758 -12.7581 -11.7581 -10.7581 -9.75812 -8.75813 -7.75815 -6.75817 -5.7582 
-4.75822 -3.75822 -2.75823 -1.75824 -0.758244 0.253511 1.2535 2.25349 3.25346 
4.2534 5.2533 6.2532 7.25298 8.25289 9.25287 10.2528 11.2523 12.252 
13.2519 14.2518 15.2512 16.2511 17.251 18.2509 19.2508 20.2506 21.2504 
22.2504 23.2503 24.2503 25.2503 26.2503 27.2503 28.2503 29.2502 30.2502 
31.2501 32.2501 33.25 34.25 35.2499 36.2496 37.2494 38.2493 -37.7563 
-36.7563 -35.7563 -34.7564 -33.7564 -32.7565 -31.7566 -30.7567 -29.7567 -28.7567 
-27.7567 -26.7567 -25.7567 -24.7568 -23.7569 -22.7569 -21.7569 -20.7569 -19.757 
-18.757 -17.7571 -16.7572 -15.7573 -14.7572 -13.7573 -12.7573 -11.7573 -10.7573 
-9.75735 -8.75735 -7.75737 -6.7574 -5.75743 -4.75746 -3.75746 -2.75747 -1.75747 
-0.75749 0.155706 1.3123 2.31228 3.31225 4.31221 5.31203 6.31183 7.31162 
8.31156 9.31154 10.3115 11.3102 12.3085 13.3084 14.3082 15.3079 16.3079 
17.3078 18.3076 19.3075 20.3073 21.3072 22.3071 23.3071 24.3071 25.3071 
26.3071 27.3071 28.3071 29.307 30.307 31.307 32.3069 33.3069 34.3068 
35.3067 36.3063 37.3061 38.3061 -39.7474 -38.7474 -37.7473 -36.7474 -35.7473 
-34.7474 -33.7474 -32.7474 -31.7474 -30.7474 -29.7474 -28.7475 -27.7474 -26.7475 
-25.7475 -24.7476 -23.7477 -22.7477 -21.7476 -20.7476 -19.7477 -18.7478 -17.748 
-16.748 -15.748 -14.748 -13.7481 -12.7481 -11.7481 -10.7482 -9.74815 -8.74816 
-7.74818 -6.74819 -5.7482 -4.74821 -3.74821 -2.74823 -1.74822 -0.948235 0.391869 
1.39186 2.39186 3.39185 4.3918 5.39173 6.39162 7.39138 8.39129 9.3912 
10.3911 11.3899 12.369 13.3684 14.3684 15.3682 16.3678 17.3676 18.3675 
19.3672 20.367 21.367 22.3669 23.3669 24.3669 25.3669 26.3669 27.3669 
28.3668 29.3668 30.3668 31.3667 32.3668 33.3667 34.3667 35.3666 36.3663 
37.3659 38.3655 -36.639 -35.639 -34.639 -33.639 -32.6391 -31.6391 -30.6392 
-29.6393 -28.6393 -27.6393 -26.6393 -25.6394 -24.6394 -23.6395 -22.6395 -21.6395 
-20.6395 -19.6396 -18.6397 -17.6398 -16.6398 -15.6399 -14.6399 -13.6399 -12.6399 
-11.6399 -10.6399 -9.63995 -8.63996 -7.63997 -6.64 -5.64002 -4.64003 -3.64006 
-2.64005 -1.64005 -0.64007 0.286784 1.28676 2.28676 3.28673 4.28668 5.2865 
6.2864 7.28621 8.28615 9.28611 10.2861 11.2847 12.2828 13.2827 14.2826 
15.2822 16.2822 17.282 18.2819 19.2818 20.2816 21.2815 22.2814 23.2813 
24.2813 25.2814 26.2813 27.2813 28.2813 29.2813 30.2813 31.2812 32.2811 
33.2811 34.2811 35.281 36.2806 37.2804 38.2804 -35.6517 -34.6517 -33.6518 
-32.6518 -31.6519 -30.6519 -29.6519 -28.6519 -27.652 -26.6519 -25.652 -24.652 
-23.652 -22.6534 -21.6534 -20.6535 -19.6536 -18.6537 -17.6538 -16.6541 -15.6543 
-14.6547 -13.655 -12.6553 -11.6554 -10.6554 -9.65544 -8.65549 -7.65552 -6.65559 
-5.65562 -4.65561 -3.65562 -2.65562 -1.65562 -0.655628 0.159202 1.26661 2.26659 
3.26658 4.26658 5.26658 6.26656 7.26635 8.26609 9.26586 10.2658 11.2656 
12.4052 13.4038 14.4038 15.4038 16.4038 17.403 18.4029 19.4026 20.4023 
21.4021 22.4021 23.4021 24.402 25.402 26.402 27.402 28.402 29.402 
30.402 31.4019 32.4019 33.4019 34.4018 35.4017 36.4016 37.4008 38.3992 
-37.6095 -36.6095 -35.6096 -34.6095 -33.6096 -32.6098 -31.6099 -30.6099 -29.61 
-28.61 -27.6099 -26.6099 -25.61 -24.61 -23.6101 -22.61 -21.6101 -20.6101 
-19.6101 -18.6103 -17.6104 -16.6105 -15.6105 -14.6105 -13.6105 -12.6105 -11.6105 
-10.6106 -9.61058 -8.61058 -7.6106 -6.61061 -5.61064 -4.61066 -3.61066 -2.61067 
-1.61068 -0.610691 0.305428 1.26349 2.26349 3.26345 4.26341 5.26329 6.26313 
7.26301 8.26293 9.26295 10.2629 11.2615 12.2576 13.2576 14.2571 15.2567 
16.2566 17.2565 18.2564 19.2563 20.2561 21.256 22.2559 23.2559 24.256 
25.2559 26.256 27.256 28.2559 29.2559 30.2559 31.2558 32.2558 33.2557 
34.2557 35.2554 36.2552 37.2549 38.2549 -38.2521 -37.652 -36.652 -35.6521 
-34.6521 -33.6522 -32.6522 -31.6523 -30.6524 -29.6524 -28.6524 -27.6524 -26.6524 
-25.6525 -24.6525 -23.6526 -22.6526 -21.6526 -20.6526 -19.6527 -18.6528 -17.6529 
-16.653 -15.653 -14.653 -13.653 -12.653 -11.653 -10.653 -9.65305 -8.65306 
-7.65308 -6.6531 -5.65314 -4.65315 -3.65314 -2.65316 -1.65317 -0.653175 0.219634 
1.21962 2.21963 3.2196 4.21956 5.2194 6.21931 7.21912 8.21908 9.21903 
10.219 11.2187 12.2167 13.2167 14.2166 15.2166 16.2164 17.2162 18.216 
19.2157 20.2155 21.2154 22.2153 23.2153 24.2153 25.2153 26.2153 27.2153 
28.2152 29.2153 30.2152 31.2152 32.2152 33.2151 34.215 35.2148 36.2143 
37.2138 -39.4486 -38.6486 -37.6486 -36.6487 -35.6486 -34.6487 -33.6487 -32.6487 
-31.6487 -30.6487 -29.6488 -28.6487 -27.6488 -26.6488 -25.6488 -24.6489 -23.649 
-22.649 -21.6491 -20.649 -19.6491 -18.6492 -17.6492 -16.6493 -15.6494 -14.6494 
-13.6494 -12.6494 -11.6494 -10.6495 -9.64948 -8.6495 -7.64951 -6.64954 -5.64955 
-4.64957 -3.64957 -2.64958 -1.64958 -0.649592 0.379482 1.37949 2.37947 3.37947 
4.3794 5.37931 6.37909 7.37886 8.37877 9.37873 10.3787 11.3769 12.3741 
13.3738 14.3738 15.3736 16.3733 17.3732 18.373 19.3727 20.3724 21.3724 
22.3723 23.3723 24.3723 25.3722 26.3722 27.3723 28.3722 29.3722 30.3722 
31.3721 32.3721 33.372 34.372 35.3719 36.3716 37.3712 38.3711 -37.6124 
-36.6124 -35.6124 -34.6124 -33.6124 -32.6125 -31.6126 -30.6126 -29.6127 -28.6127 
-27.6127 -26.6128 -25.6128 -24.6128 -23.6128 -22.6128 -21.6128 -20.6129 -19.613 
-18.6131 -17.6132 -16.6133 -15.6133 -14.6133 -13.6133 -12.6133 -11.6133 -10.6133 
-9.61336 -8.61337 -7.6134 -6.61342 -5.61345 -4.61346 -3.61348 -2.61348 -1.61348 
-0.613484 0.305966 1.30596 2.30596 3.30594 4.30587 5.30571 6.3056 7.30541 
8.30538 9.30535 10.3052 11.3048 12.3023 13.3022 14.3022 15.3021 16.3018 
17.3017 18.3013 19.301 20.3008 21.3007 22.3007 23.3007 24.3006 25.3007 
26.3006 27.3007 28.3007 29.3006 30.3006 31.3005 32.3005 33.3004 34.3003 
35.3002 36.2994 37.2985 -38.2278 -37.6278 -36.6278 -35.6278 -34.6279 -33.628 
-32.6281 -31.6282 -30.6282 -29.6282 -28.6283 -27.6282 -26.6283 -25.6282 -24.6283 
-23.6284 -22.6284 -21.6284 -20.6285 -19.6285 -18.6286 -17.6287 -16.6288 -15.6289 
-14.6288 -13.6289 -12.6288 -11.6289 -10.6289 -9.62893 -8.62893 -7.62894 -6.62897 
-5.62899 -4.629 -3.62901 -2.62904 -1.62903 -0.629056 0.226401 1.2264 2.22639 
3.22637 4.22634 5.22623 6.22613 7.22593 8.22588 9.22587 10.2258 11.2248 
12.2236 13.2234 14.2231 15.2226 16.2226 17.2225 18.2224 19.2223 20.2221 
21.222 22.2219 23.2219 24.2219 25.2219 26.2218 27.2218 28.2218 29.2218 
30.2218 31.2217 32.2217 33.2216 34.2216 35.2214 36.2211 37.2209 38.2209 
-39.7904 -38.7904 -37.7904 -36.7904 -35.7904 -34.5904 -33.5904 -32.5905 -31.5905 
-30.5905 -29.5905 -28.5904 -27.5905 -26.5905 -25.5906 -24.5906 -23.5906 -22.5907 
-21.5907 -20.5907 -19.5908 -18.5909 -17.591 -16.591 -15.5911 -14.5911 -13.5911 
-12.5912 -11.5912 -10.5912 -9.59119 -8.59121 -7.59123 -6.59124 -5.59125 -4.59126 
-3.59125 -2.59126 -1.59127 -0.991274 1.39809 2.39808 3.39807 4.39805 5.39797 
6.39793 7.39772 8.39762 9.39749 10.3975 11.3975 12.3852 13.3731 14.373 
15.373 16.3728 17.3725 18.3723 19.372 20.3719 21.3717 22.3716 23.3715 
24.3715 25.3714 26.3715 27.3714 28.3715 29.3714 30.3715 31.3714 32.3714 
33.3713 34.3713 35.3712 36.3711 37.3707 38.3701 39.169 -39.5524 -38.7524 
-37.7524 -36.7525 -35.7524 -34.7525 -33.7524 -32.7525 -31.7525 -30.7525 -29.7526 
-28.7526 -27.7526 -26.7526 -25.7526 -24.7527 -23.7528 -22.7527 -21.7528 -20.7528 
-19.7528 -18.7529 -17.7531 -16.7531 -15.7532 -14.7532 -13.7533 -12.7532 -11.7533 
-10.7533 -9.75332 -8.75332 -7.75337 -6.75338 -5.7534 -4.7534 -3.75343 -2.75342 
-1.75343 -0.753446 0.596101 1.39611 2.3961 3.39609 4.39606 5.39595 6.39579 
7.39563 8.39558 9.39554 10.3953 11.3951 12.3921 13.3919 14.3918 15.3917 
16.3917 17.3914 18.3912 19.3908 20.3905 21.3904 22.3903 23.3903 24.3903 
25.3903 26.3903 27.3902 28.3902 29.3902 30.3902 31.3902 32.3901 33.3901 
34.39 35.3899 36.3894 37.3891 38.1878 -38.561 -37.7609 -36.761 -35.761 
-34.761 -33.761 -32.761 -31.7611 -30.7612 -29.7613 -28.7613 -27.7613 -26.7614 
-25.7614 -24.7614 -23.7614 -22.7614 -21.7615 -20.7615 -19.7616 -18.7616 -17.7617 
-16.7618 -15.7619 -14.7618 -13.7618 -12.7618 -11.7618 -10.7619 -9.76191 -8.76192 
-7.76194 -6.76196 -5.76199 -4.76199 -3.762 -2.76202 -1.76203 -0.762023 0.405063 
1.40507 2.40507 3.40506 4.40499 5.40488 6.40477 7.40471 8.40464 9.40461 
10.4045 11.4043 12.4039 13.4035 14.4035 15.4034 16.4031 17.4028 18.4027 
19.4023 20.4021 21.4021 22.4021 23.402 24.402 25.402 26.402 27.4019 
28.4019 29.402 30.4019 31.4019 32.4018 33.4017 34.4015 35.4011 36.3695 
37.3041 -39.4307 -38.6308 -37.6307 -36.6307 -35.6307 -34.6308 -33.6308 -32.6308 
-31.6308 -30.6309 -29.6309 -28.6309 -27.6309 -26.631 -25.631 -24.631 -23.6311 
-22.6311 -21.6311 -20.6311 -19.6312 -18.6313 -17.6314 -16.6314 -15.6314 -14.6315 
-13.6315 -12.6315 -11.6315 -10.6316 -9.6316 -8.6316 -7.63162 -6.63165 -5.63167 
-4.63167 -3.63168 -2.63171 -1.6317 -0.631705 0.44341 1.24341 2.24339 3.24339 
4.24335 5.24323 6.24312 7.24301 8.24293 9.24287 10.2427 11.2426 12.2392 
13.2374 14.2374 15.237 16.2367 17.2366 18.2365 19.2363 20.2363 21.2362 
22.2362 23.2361 24.2361 25.2361 26.2361 27.236 28.2361 29.2361 30.236 
31.236 32.2359 33.2359 34.2358 35.2357 36.2353 37.235 38.2332 
