# vtk DataFile Version 4.2
vtk output
ASCII
DATASET POLYDATA
POINTS 16153 float
-31.2953 12.1886 -21.4031 -31.2738 11.8818 -20.8885 -31.1701 11.4677 -19.9867 
-31.0069 11.1903 -19.0427 -30.8359 11.0389 -18.0696 -30.6879 10.8949 -17.0914 
-30.5433 10.6371 -16.1388 -30.3955 10.2456 -15.2321 -30.2786 9.73652 -14.3811 
-30.2515 9.11856 -13.5992 -30.4066 8.38146 -12.9554 -30.7547 7.57902 -12.4834 
-31.2109 6.75998 -12.1366 -31.6744 5.9272 -11.8345 -32.1306 5.07284 -11.5864 
-32.5754 4.20157 -11.3805 -33.017 3.31778 -11.2274 -33.4468 2.4236 -11.1038 
-33.8386 1.51736 -10.9483 -34.174 0.605648 -10.718 -34.3907 -0.300425 -10.3599 
-34.5177 -1.18804 -9.91989 -34.5377 -2.0376 -9.39555 -34.4809 -2.85367 -8.82151 
-34.3311 -3.61769 -8.19567 -34.1195 -4.34103 -7.53933 -33.8464 -5.00959 -6.84827 
-33.5255 -5.62841 -6.13196 -33.1622 -6.19292 -5.39135 -32.7621 -6.70642 -4.63294 
-32.3105 -7.14663 -3.85768 -31.8197 -7.51682 -3.06985 -31.2821 -7.76941 -2.26694 
-30.7141 -7.92496 -1.46016 -30.1096 -7.96034 -0.665793 -29.4726 -7.90136 0.101826 
-28.8004 -7.75928 0.827536 -28.0978 -7.55165 1.507 -27.3662 -7.27265 2.12806 
-26.6195 -6.94742 2.70781 -25.8593 -6.57953 3.24275 -25.1008 -6.16682 3.74668 
-24.3597 -5.70832 4.23646 -23.6419 -5.20541 4.71746 -22.9557 -4.65456 5.19183 
-22.305 -4.05083 5.6516 -21.6879 -3.40046 6.09378 -20.9839 -2.5701 6.59803 
-20.4125 -1.85369 6.99823 -19.8552 -1.10787 7.36244 -19.3222 -0.326694 7.6861 
-18.8189 0.488383 7.97238 -18.348 1.33185 8.22971 -17.9238 2.21101 8.44522 
-17.54 3.11599 8.62671 -17.2056 4.04873 8.75755 -16.9141 5.00156 8.8363 
-16.6718 5.97127 8.84778 -16.4555 6.94656 8.80944 -16.2624 7.92264 8.71269 
-16.0903 8.89677 8.56797 -15.9384 9.86381 8.36582 -15.8014 10.8145 8.08982 
-15.6765 11.7351 7.72245 -15.5603 12.6131 7.26046 -15.4593 13.4424 6.71226 
-15.3825 14.2273 6.09812 -15.3342 14.9546 5.41433 -15.3025 15.6419 4.6891 
-15.2842 16.2859 3.92463 -15.276 16.8885 3.12694 -15.2731 17.4516 2.30072 
-15.2705 17.9926 1.45976 -15.2804 18.5185 0.609372 -15.3183 19.0251 -0.251841 
-15.4158 19.4654 -1.14279 -15.5856 19.7859 -2.07178 -15.8464 19.8914 -3.02415 
-16.1776 19.7521 -3.9506 -16.5418 19.3381 -4.77998 -16.9002 18.815 -5.55233 
-17.1723 18.3142 -6.36985 -17.3263 17.9076 -7.26785 -17.4362 17.6015 -8.2132 
-17.5756 17.3183 -9.1619 -17.748 17.0372 -10.1059 -17.8799 16.7933 -11.0652 
-17.797 16.7267 -12.0469 -17.4749 16.8706 -12.9741 -17.0658 17.114 -13.8532 
-16.6679 17.3937 -14.7266 -16.3089 17.725 -15.5984 -15.9859 18.1248 -16.4556 
-28.7701 12.8906 -21.0838 -28.8347 12.482 -20.3997 -28.8898 12.0491 -19.5011 
-28.9412 11.7095 -18.563 -29.0321 11.4506 -17.6016 -29.1463 11.2001 -16.6405 
-29.1952 10.874 -15.6977 -29.1924 10.4753 -14.7816 -29.1506 9.98559 -13.9125 
-29.2482 9.3784 -13.1372 -29.6027 8.64494 -12.5737 -30.0605 7.85396 -12.1694 
-30.5386 7.04401 -11.8309 -31.018 6.21908 -11.5315 -31.486 5.37649 -11.2666 
-31.947 4.51499 -11.0548 -32.4111 3.64039 -10.9181 -32.8554 2.74875 -10.8334 
-33.2664 1.84058 -10.7631 -33.603 0.912349 -10.6148 -33.8373 -0.0208967 -10.351 
-33.9695 -0.940809 -9.98671 -33.9982 -1.82836 -9.53113 -33.934 -2.67389 -9.00283 
-33.7917 -3.46666 -8.41256 -33.5741 -4.20981 -7.78075 -33.2938 -4.89671 -7.11091 
-32.9732 -5.54008 -6.41632 -32.6064 -6.131 -5.69852 -32.1875 -6.66623 -4.96565 
-31.7206 -7.14418 -4.2224 -31.1963 -7.53759 -3.46913 -30.6182 -7.82542 -2.70714 
-29.9959 -7.99457 -1.94479 -29.3338 -8.04018 -1.19839 -28.6468 -8.00039 -0.473818 
-27.9231 -7.86329 0.201313 -27.1626 -7.66274 0.817353 -26.364 -7.41577 1.36507 
-25.5389 -7.13357 1.85379 -24.6974 -6.8186 2.29201 -23.8619 -6.45081 2.69924 
-23.0356 -6.03175 3.07493 -22.2305 -5.5576 3.42949 -21.4626 -5.01106 3.7613 
-20.7472 -4.39153 4.0812 -20.1225 -3.68001 4.39663 -19.5226 -2.75216 4.8587 
-19.1 -1.95758 5.29424 -18.688 -1.1586 5.73219 -18.281 -0.34684 6.15036 
-17.8837 0.499229 6.5044 -17.5043 1.37686 6.79569 -17.1508 2.28703 7.00853 
-16.8269 3.22258 7.14223 -16.5594 4.18415 7.19401 -16.3512 5.1614 7.18684 
-16.1884 6.14413 7.10511 -16.0352 7.12251 6.96759 -15.9129 8.09752 6.78514 
-15.8307 9.05947 6.52795 -15.7623 9.9825 6.15311 -15.6941 10.8587 5.67826 
-15.6234 11.6698 5.10002 -15.5677 12.4158 4.4381 -15.5533 13.0799 3.69173 
-15.5872 13.6869 2.89864 -15.6729 14.2359 2.06806 -15.7955 14.7292 1.2073 
-15.9271 15.1899 0.329607 -16.0653 15.6703 -0.536307 -16.2402 16.1672 -1.3861 
-16.4358 16.6194 -2.25519 -16.6164 16.9063 -3.18975 -16.7495 16.8857 -4.16698 
-16.8533 16.5705 -5.10676 -16.9531 16.1604 -6.01303 -17.0458 15.7704 -6.92811 
-17.1481 15.4893 -7.88093 -17.289 15.308 -8.85359 -17.4729 15.166 -9.82605 
-17.6389 15.0726 -10.8063 -17.6492 15.1015 -11.797 -17.4226 15.2998 -12.7451 
-17.0585 15.5832 -13.6312 -16.6627 15.9047 -14.4912 -16.2729 16.2642 -15.3389 
-15.9041 16.6765 -16.1714 -15.5613 17.159 -16.9763 -28.3781 9.14467 -13.4462 
-28.6483 8.7192 -13.1209 -29.1124 7.95414 -12.6784 -29.6087 7.16123 -12.327 
-30.145 6.36581 -12.0455 -30.6931 5.56779 -11.7954 -31.2532 4.76469 -11.5937 
-31.8011 3.94319 -11.4375 -32.3228 3.09653 -11.3357 -32.8043 2.22431 -11.2524 
-33.2293 1.32839 -11.132 -33.5812 0.421547 -10.9076 -33.8168 -0.485858 -10.5658 
-33.941 -1.37856 -10.1374 -33.9482 -2.23355 -9.62164 -33.8792 -3.0521 -9.05301 
-33.7291 -3.82174 -8.43396 -33.508 -4.54457 -7.78009 -33.2311 -5.21698 -7.09469 
-32.9028 -5.83823 -6.38364 -32.5246 -6.40781 -5.65451 -32.0979 -6.92815 -4.91571 
-31.6059 -7.37042 -4.16671 -31.062 -7.73312 -3.41181 -30.4616 -7.97011 -2.64939 
-29.8163 -8.09222 -1.89734 -29.1366 -8.10988 -1.16544 -28.4286 -8.03854 -0.464103 
-27.6795 -7.88146 0.178415 -26.8973 -7.67811 0.765777 -26.071 -7.42934 1.27014 
-25.2247 -7.14618 1.72054 -24.3629 -6.82065 2.10849 -23.5089 -6.43979 2.46167 
-22.671 -6.0018 2.78609 -21.8515 -5.50663 3.07314 -21.0881 -4.93036 3.35879 
-20.3919 -4.27466 3.64721 -19.8567 -3.5163 4.01053 -19.4305 -2.72577 4.44646 
-19.0638 -1.92039 4.9119 -18.6967 -1.10512 5.35956 -18.3233 -0.27475 5.77237 
-17.9612 0.59063 6.11656 -17.6066 1.48878 6.37513 -17.274 2.41253 6.56031 
-16.9894 3.36591 6.64416 -16.7668 4.3398 6.63585 -16.6101 5.32155 6.53927 
-16.4872 6.2969 6.35898 -16.3704 7.25528 6.10143 -16.278 8.19121 5.76302 
-16.1969 9.09636 5.34755 -16.1052 9.95597 4.84715 -15.9998 10.7476 4.24703 
-15.9051 11.4625 3.55705 -15.8557 12.0811 2.77438 -15.8529 12.6238 1.93567 
-15.88 13.0889 1.05141 -15.9069 13.4917 0.136925 -15.9484 13.8715 -0.787012 
-16.0456 14.2822 -1.69216 -16.2556 14.7528 -2.54815 -16.5174 15.1835 -3.40945 
-16.7604 15.375 -4.35247 -16.9529 15.3174 -5.32643 -17.1129 15.1235 -6.29396 
-17.2656 14.9815 -7.27087 -17.4273 14.9353 -8.25637 -17.624 14.9065 -9.23617 
-17.8525 14.8473 -10.2076 -17.9987 14.774 -11.1922 -17.8963 14.8424 -12.1723 
-17.5674 15.0697 -13.0832 -17.1344 15.3845 -13.9274 -16.7062 15.7323 -14.7612 
-16.2969 16.1219 -15.5859 -15.9121 16.5592 -16.3981 -15.5733 17.0852 -17.1774 
-30.5084 12.7936 -21.0895 -30.4749 12.2949 -20.2263 -30.3797 11.9349 -19.3004 
-30.2879 11.6987 -18.3341 -30.2421 11.5097 -17.3535 -30.2164 11.2606 -16.3864 
-30.1742 10.9119 -15.4513 -30.1231 10.4617 -14.5608 -30.1189 9.92108 -13.7224 
-30.25 9.25 -13 -30.5401 8.48349 -12.4392 -30.9531 7.67119 -12.0304 
-31.3808 6.83897 -11.6785 -31.7728 5.97874 -11.3529 -32.1573 5.10079 -11.0685 
-32.5379 4.20482 -10.841 -32.9226 3.2968 -10.6786 -33.297 2.37658 -10.5678 
-33.6157 1.43915 -10.4334 -33.8413 0.492183 -10.2122 -33.9751 -0.447644 -9.90304 
-33.994 -1.35554 -9.48938 -33.923 -2.22618 -9.00406 -33.7688 -3.03977 -8.44576 
-33.5425 -3.80285 -7.84174 -33.2552 -4.51118 -7.19776 -32.9258 -5.17405 -6.52606 
-32.5469 -5.7777 -5.82508 -32.1254 -6.3323 -5.10837 -31.6497 -6.82678 -4.38181 
-31.1236 -7.25256 -3.64683 -30.537 -7.5751 -2.90558 -29.8994 -7.78122 -2.16539 
-29.2205 -7.87556 -1.43893 -28.5107 -7.86988 -0.736032 -27.7615 -7.76515 -0.082891 
-26.9794 -7.60474 0.517807 -26.1554 -7.39434 1.04269 -25.304 -7.14246 1.50106 
-24.4371 -6.84451 1.89962 -23.5667 -6.49676 2.24671 -22.7164 -6.07572 2.56162 
-21.8822 -5.60653 2.84979 -21.084 -5.06777 3.11417 -20.3564 -4.44046 3.38703 
-19.7498 -3.72015 3.70772 -19.2147 -2.78831 4.23531 -18.8643 -1.99574 4.73405 
-18.508 -1.18726 5.20189 -18.1399 -0.36142 5.6285 -17.7876 0.494784 6.00491 
-17.4448 1.38476 6.30282 -17.1168 2.30674 6.50625 -16.8248 3.25402 6.6272 
-16.6034 4.22825 6.64026 -16.4404 5.21202 6.58044 -16.3238 6.19255 6.42561 
-16.2068 7.16113 6.20777 -16.109 8.11163 5.91551 -16.0327 9.03578 5.54298 
-15.9517 9.92524 5.09482 -15.8594 10.7583 4.55259 -15.7722 11.5139 3.90549 
-15.7203 12.187 3.16995 -15.7296 12.7714 2.35988 -15.7843 13.2878 1.50605 
-15.8541 13.7325 0.613442 -15.9277 14.1425 -0.295624 -16.0391 14.5734 -1.19041 
-16.2228 15.0414 -2.05395 -16.4547 15.4747 -2.92382 -16.6756 15.7462 -3.8538 
-16.8437 15.6891 -4.82952 -16.9871 15.4591 -5.79087 -17.1178 15.2005 -6.74697 
-17.2545 15.0497 -7.7248 -17.4131 14.9742 -8.70904 -17.6164 14.9067 -9.68561 
-17.8165 14.8283 -10.6615 -17.8615 14.823 -11.6525 -17.6498 14.9928 -12.6071 
-17.2738 15.2696 -13.4897 -16.8532 15.5954 -14.3363 -16.443 15.9554 -15.1741 
-16.0532 16.3656 -15.9983 -15.6945 16.84 -16.8005 -15.4339 17.2799 -17.4156 
-30.5991 12.4193 -21.2044 -30.5934 12.0254 -20.5105 -30.5071 11.6536 -19.5877 
-30.3963 11.4065 -18.6271 -30.3223 11.2374 -17.6447 -30.2692 11.0345 -16.6677 
-30.1978 10.7087 -15.7265 -30.1118 10.284 -14.8264 -30.0628 9.74497 -13.9878 
-30.1363 9.09079 -13.2457 -30.4329 8.30937 -12.7048 -30.8479 7.49798 -12.2985 
-31.3049 6.67056 -11.9727 -31.7448 5.82186 -11.6799 -32.1825 4.95448 -11.4443 
-32.6126 4.07331 -11.2497 -33.0476 3.18226 -11.122 -33.4665 2.28184 -11.0068 
-33.8267 1.36689 -10.8291 -34.1087 0.445961 -10.5662 -34.2746 -0.464689 -10.1926 
-34.3433 -1.34874 -9.73433 -34.3078 -2.19313 -9.20254 -34.1936 -2.99544 -8.61829 
-33.9929 -3.74478 -7.9884 -33.7363 -4.44908 -7.32717 -33.4221 -5.09604 -6.63308 
-33.0687 -5.69816 -5.91778 -32.6674 -6.23692 -5.17754 -32.2227 -6.7275 -4.42885 
-31.7223 -7.13286 -3.66487 -31.1784 -7.45543 -2.89183 -30.583 -7.65042 -2.11369 
-29.9536 -7.74181 -1.34388 -29.2888 -7.71731 -0.598019 -28.5934 -7.61168 0.111229 
-27.8594 -7.43022 0.76436 -27.0951 -7.20111 1.36668 -26.3042 -6.92864 1.91381 
-25.4903 -6.61868 2.40417 -24.6725 -6.26174 2.85496 -23.8618 -5.86673 3.28666 
-23.086 -5.40081 3.71113 -22.3407 -4.87891 4.12453 -21.6607 -4.26834 4.52735 
-21.1613 -3.72532 4.83575 -20.8158 -3.28869 5.05905 -20.3834 -2.68582 5.35799 
-19.8827 -1.91246 5.74666 -19.3954 -1.13255 6.13947 -18.9169 -0.333227 6.50217 
-18.4584 0.49395 6.82589 -18.0385 1.35777 7.10323 -17.6454 2.24942 7.32551 
-17.2872 3.17057 7.47438 -16.9708 4.11458 7.56098 -16.7146 5.0802 7.58132 
-16.5083 6.05737 7.54163 -16.3281 7.03611 7.44602 -16.173 8.01373 7.30604 
-16.0534 8.98386 7.09819 -15.9533 9.93479 6.80832 -15.8547 10.839 6.39548 
-15.7575 11.6896 5.88216 -15.6808 12.4718 5.26595 -15.6341 13.188 4.57088 
-15.6334 13.8366 3.81048 -15.6732 14.434 3.01023 -15.7619 14.9741 2.17397 
-15.8808 15.474 1.31629 -16.0065 15.952 0.447006 -16.1377 16.4454 -0.412787 
-16.287 16.9421 -1.26766 -16.4604 17.3836 -2.14685 -16.6323 17.6585 -3.08647 
-16.7811 17.6123 -4.05869 -16.902 17.2419 -4.97498 -17.0061 16.7803 -5.8557 
-17.0972 16.3525 -6.75406 -17.1945 16.0178 -7.69018 -17.3232 15.7847 -8.65321 
-17.5019 15.6076 -9.62073 -17.682 15.4664 -10.5929 -17.7423 15.4148 -11.5838 
-17.5434 15.5603 -12.5445 -17.182 15.8226 -13.4376 -16.7774 16.1298 -14.2989 
-16.3839 16.4715 -15.1521 -16.0098 16.8635 -15.9923 -15.6666 17.3286 -16.8063 
-29.8803 11.7782 -21.364 -29.9694 11.3975 -20.6681 -29.9806 11.0343 -19.74 
-29.9355 10.817 -18.7664 -29.9174 10.6789 -17.7766 -29.9143 10.4977 -16.7943 
-29.8493 10.1984 -15.8456 -29.7146 9.75139 -14.9626 -29.5916 9.20736 -14.1346 
-29.6201 8.51658 -13.4274 -29.8986 7.73615 -12.883 -30.3667 6.93452 -12.5185 
-30.8911 6.13747 -12.2204 -31.4527 5.34511 -11.9839 -32.0121 4.53663 -11.8023 
-32.5407 3.70202 -11.649 -33.0376 2.84371 -11.5227 -33.4879 1.96279 -11.3805 
-33.8876 1.06925 -11.1799 -34.2041 0.175303 -10.8689 -34.4185 -0.712471 -10.4654 
-34.514 -1.57413 -9.96944 -34.5205 -2.40517 -9.41551 -34.4416 -3.19676 -8.81127 
-34.2855 -3.94709 -8.17023 -34.0535 -4.64246 -7.49079 -33.7724 -5.29087 -6.78394 
-33.4434 -5.89197 -6.05637 -33.0726 -6.43993 -5.30719 -32.6517 -6.92315 -4.54011 
-32.1847 -7.34161 -3.76196 -31.6685 -7.66009 -2.96827 -31.12 -7.88857 -2.16526 
-30.5331 -7.99117 -1.36345 -29.9118 -7.9876 -0.581822 -29.2549 -7.88846 0.164423 
-28.5661 -7.71902 0.868443 -27.8446 -7.48041 1.51748 -27.0999 -7.18898 2.11722 
-26.3399 -6.85703 2.6751 -25.5663 -6.48714 3.18929 -24.8007 -6.07006 3.67864 
-24.0508 -5.61538 4.15882 -23.3338 -5.10264 4.63044 -22.6475 -4.5451 5.09671 
-22.0049 -3.92277 5.54283 -21.395 -3.25681 5.97169 -20.8131 -2.5553 6.38277 
-20.247 -1.8305 6.77518 -19.6916 -1.08308 7.13925 -19.1609 -0.299991 7.46194 
-18.6676 0.521696 7.74626 -18.2076 1.37151 8.00297 -17.7858 2.25093 8.22193 
-17.4063 3.15862 8.39887 -17.0753 4.09357 8.52285 -16.792 5.04949 8.59153 
-16.5575 6.02114 8.59638 -16.35 6.99798 8.54972 -16.168 7.97571 8.44814 
-16.0089 8.95145 8.29957 -15.8694 9.91679 8.08159 -15.7412 10.8627 7.786 
-15.6214 11.7688 7.38301 -15.5081 12.6294 6.88889 -15.4153 13.4369 6.30789 
-15.3497 14.1938 5.65862 -15.3109 14.8947 4.94681 -15.2894 15.5539 4.19573 
-15.2815 16.1727 3.41044 -15.284 16.7549 2.59765 -15.2924 17.3082 1.7648 
-15.3049 17.8474 0.922683 -15.3363 18.3778 0.0756681 -15.4115 18.8731 -0.788927 
-15.5517 19.2814 -1.68866 -15.7667 19.5261 -2.62912 -16.048 19.5306 -3.57867 
-16.3722 19.2144 -4.46012 -16.6904 18.7025 -5.25662 -16.9377 18.166 -6.06215 
-17.0734 17.6943 -6.93068 -17.1535 17.313 -7.85102 -17.2424 16.9895 -8.79284 
-17.3713 16.6975 -9.74017 -17.5082 16.467 -10.702 -17.5194 16.3864 -11.6906 
-17.3146 16.4995 -12.657 -16.9766 16.7262 -13.5691 -16.606 17.0013 -14.4561 
-16.2471 17.3175 -15.3339 -15.9189 17.7017 -16.196 -15.6297 18.1763 -17.0257 
-30.2558 12.1882 -21.1885 -30.2772 11.8962 -20.6651 -30.2487 11.5042 -19.7487 
-30.1711 11.23 -18.7915 -30.1181 11.0656 -17.8071 -30.0993 10.9066 -16.8201 
-30.0585 10.6283 -15.863 -29.9796 10.2292 -14.951 -29.9003 9.73106 -14.0893 
-29.9267 9.1106 -13.3131 -30.1828 8.3602 -12.7208 -30.5956 7.55658 -12.2971 
-31.0724 6.74101 -11.9701 -31.5396 5.90806 -11.6743 -31.994 5.05223 -11.4287 
-32.445 4.18147 -11.2341 -32.89 3.29697 -11.0971 -33.3263 2.40264 -10.9994 
-33.7148 1.49313 -10.8596 -34.0396 0.573376 -10.6427 -34.2516 -0.341057 -10.3053 
-34.3645 -1.23419 -9.87399 -34.366 -2.08765 -9.35504 -34.2971 -2.9076 -8.78791 
-34.1361 -3.67294 -8.16638 -33.9166 -4.39644 -7.51284 -33.6323 -5.0607 -6.82216 
-33.3037 -5.67901 -6.10882 -32.9362 -6.24632 -5.37255 -32.5249 -6.75813 -4.61902 
-32.0646 -7.203 -3.85133 -31.5578 -7.56456 -3.0702 -31.0024 -7.807 -2.27647 
-30.4128 -7.94071 -1.4818 -29.7867 -7.95157 -0.703371 -29.1316 -7.87619 0.047287 
-28.4409 -7.71681 0.751522 -27.722 -7.49847 1.41036 -26.9716 -7.21279 2.00576 
-26.2038 -6.88863 2.55765 -25.4222 -6.52441 3.06375 -24.6474 -6.1182 3.54755 
-23.8944 -5.66133 4.02067 -23.1704 -5.15308 4.48606 -22.4846 -4.59027 4.94672 
-21.8338 -3.9746 5.38999 -21.3493 -3.43497 5.72715 -20.7688 -2.73045 6.13519 
-20.2063 -2.00269 6.52744 -19.6562 -1.25342 6.89562 -19.124 -0.474506 7.22622 
-18.629 0.342982 7.51941 -18.1712 1.19166 7.78315 -17.7505 2.07001 8.009 
-17.3651 2.97378 8.19323 -17.0295 3.9065 8.32054 -16.7418 4.86072 8.39528 
-16.5081 5.83248 8.40549 -16.3031 6.81025 8.36711 -16.1251 7.78962 8.27467 
-15.9708 8.76782 8.1379 -15.8368 9.7379 7.93745 -15.7134 10.6847 7.64464 
-15.5964 11.5919 7.24363 -15.4836 12.4517 6.74761 -15.3926 13.255 6.1599 
-15.327 14.0084 5.50691 -15.2897 14.702 4.78818 -15.2716 15.3554 4.03171 
-15.2702 15.9644 3.23878 -15.28 16.5403 2.42157 -15.2974 17.0914 1.58738 
-15.3215 17.6342 0.747853 -15.3681 18.1702 -0.0949399 -15.4555 18.672 -0.95485 
-15.6078 19.0771 -1.85431 -15.8249 19.3209 -2.7944 -16.0973 19.3146 -3.74624 
-16.4088 18.9576 -4.61627 -16.6902 18.4309 -5.417 -16.8903 17.8997 -6.23868 
-16.9883 17.4436 -7.12218 -17.0526 17.0529 -8.0399 -17.139 16.7148 -8.9767 
-17.2672 16.4206 -9.92329 -17.3821 16.2393 -10.8974 -17.3675 16.2179 -11.8904 
-17.1361 16.3831 -12.8441 -16.8087 16.6252 -13.7568 -16.453 16.9121 -14.6461 
-16.1045 17.2399 -15.5239 -15.7826 17.6441 -16.3785 -15.5002 18.152 -17.1905 
-29.3891 11.7115 -21.0616 -29.4734 11.3353 -20.3616 -29.498 11.0006 -19.4223 
-29.4982 10.785 -18.4469 -29.5223 10.6165 -17.4617 -29.5544 10.4084 -16.4853 
-29.4887 10.0744 -15.5475 -29.3537 9.64391 -14.6565 -29.2125 9.09369 -13.8347 
-29.2926 8.41595 -13.14 -29.6679 7.63711 -12.65 -30.1586 6.84005 -12.3006 
-30.6973 6.04577 -12.0205 -31.2573 5.2544 -11.7762 -31.8061 4.4405 -11.5869 
-32.343 3.60996 -11.4406 -32.8394 2.74828 -11.3373 -33.3035 1.86824 -11.2393 
-33.7051 0.969627 -11.0684 -34.0439 0.0679055 -10.806 -34.2552 -0.826115 -10.4179 
-34.3662 -1.69937 -9.94597 -34.3794 -2.53578 -9.40104 -34.3092 -3.33356 -8.80346 
-34.1521 -4.08476 -8.16325 -33.941 -4.79555 -7.49327 -33.6694 -5.44997 -6.78821 
-33.3484 -6.05589 -6.06098 -32.9814 -6.60748 -5.31255 -32.5734 -7.10733 -4.54934 
-32.1091 -7.5332 -3.77341 -31.6024 -7.87652 -2.98407 -31.0542 -8.10601 -2.18164 
-30.4677 -8.217 -1.38119 -29.8451 -8.21758 -0.599943 -29.1908 -8.12778 0.149864 
-28.5072 -7.95934 0.859442 -27.7966 -7.73013 1.5234 -27.0566 -7.43249 2.12614 
-26.3018 -7.09483 2.68782 -25.5379 -6.71877 3.21173 -24.7804 -6.30298 3.71471 
-24.0413 -5.84221 4.20568 -23.3288 -5.33496 4.68962 -22.6501 -4.77916 5.16916 
-22.0107 -4.16829 5.63488 -21.4031 -3.51013 6.07897 -20.8217 -2.81407 6.49983 
-20.2543 -2.09145 6.89434 -19.695 -1.34952 7.26341 -19.1593 -0.568894 7.58444 
-18.6529 0.243187 7.87342 -18.1854 1.08806 8.13249 -17.7539 1.96015 8.36236 
-17.3692 2.86295 8.55239 -17.0275 3.79084 8.69847 -16.7347 4.74234 8.78632 
-16.488 5.7105 8.81303 -16.2733 6.68639 8.78174 -16.0808 7.66367 8.69715 
-15.9136 8.63943 8.55791 -15.7676 9.60822 8.36021 -15.6383 10.5606 8.08621 
-15.52 11.4867 7.73064 -15.4092 12.3659 7.26949 -15.3075 13.1997 6.72818 
-15.2331 13.977 6.10437 -15.1817 14.707 5.42372 -15.1503 15.3882 4.69286 
-15.1314 16.0296 3.92614 -15.1237 16.6302 3.12692 -15.1235 17.2004 2.30551 
-15.1283 17.7475 1.46848 -15.1432 18.2867 0.626499 -15.1898 18.8092 -0.224682 
-15.2789 19.2868 -1.09787 -15.4362 19.6435 -2.01547 -15.6666 19.8191 -2.96773 
-15.9811 19.6881 -3.89536 -16.3385 19.293 -4.73489 -16.6908 18.7577 -5.50165 
-16.9762 18.2238 -6.29594 -17.1122 17.7711 -7.17442 -17.1926 17.4106 -8.10314 
-17.2925 17.0907 -9.04512 -17.4275 16.7973 -9.99126 -17.5374 16.5909 -10.9615 
-17.5051 16.5352 -11.9519 -17.2434 16.6841 -12.8997 -16.8904 16.9185 -13.8049 
-16.5216 17.1975 -14.6914 -16.1751 17.5257 -15.5696 -15.8609 17.9285 -16.428 
-28.7547 12.7051 -21.4344 -28.8255 12.3888 -20.9297 -28.9057 11.9297 -20.0465 
-28.957 11.5705 -19.116 -29.0205 11.3157 -18.1516 -29.1151 11.0906 -17.1819 
-29.1734 10.8046 -16.2269 -29.1586 10.4364 -15.2986 -29.053 9.98306 -14.4147 
-29.0159 9.41994 -13.5991 -29.3061 8.69664 -12.984 -29.7305 7.91961 -12.5258 
-30.2232 7.11839 -12.1875 -30.7411 6.31377 -11.8975 -31.2611 5.49832 -11.6442 
-31.7719 4.66315 -11.4422 -32.2783 3.8123 -11.3042 -32.7612 2.94253 -11.2058 
-33.2099 2.05335 -11.1208 -33.605 1.14896 -10.9679 -33.9125 0.236524 -10.7062 
-34.1102 -0.671814 -10.3432 -34.1837 -1.54989 -9.87369 -34.1638 -2.39405 -9.34024 
-34.0589 -3.19035 -8.74613 -33.8911 -3.95292 -8.12199 -33.6532 -4.66031 -7.45758 
-33.3673 -5.32164 -6.76473 -33.0285 -5.92646 -6.04463 -32.6487 -6.48212 -5.30584 
-32.2177 -6.98095 -4.55459 -31.7406 -7.41582 -3.79191 -31.2027 -7.74331 -3.01641 
-30.6273 -7.97182 -2.23277 -30.0126 -8.07867 -1.45337 -29.3647 -8.07679 -0.692881 
-28.6859 -7.97604 0.0334093 -27.975 -7.79889 0.712952 -27.2313 -7.56105 1.33658 
-26.459 -7.27463 1.90289 -25.6639 -6.95453 2.4173 -24.8643 -6.59494 2.89784 
-24.0725 -6.19139 3.35566 -23.3045 -5.73709 3.80644 -22.5666 -5.2232 4.24248 
-21.875 -4.64954 4.68039 -21.236 -3.99864 5.08831 -20.5366 -3.14361 5.55563 
-19.9891 -2.40268 5.94428 -19.462 -1.644 6.32689 -18.9472 -0.86486 6.68414 
-18.4582 -0.0566765 7.01165 -18.0091 0.785225 7.3091 -17.5968 1.66018 7.56186 
-17.2129 2.56045 7.76458 -16.8689 3.48796 7.90701 -16.5699 4.43719 8.00111 
-16.3349 5.40793 8.03208 -16.1416 6.38857 8.0099 -15.975 7.37181 7.93903 
-15.8321 8.35388 7.81956 -15.7132 9.3261 7.62092 -15.6065 10.2782 7.33823 
-15.5038 11.1859 6.93414 -15.404 12.0431 6.43141 -15.3231 12.8385 5.83202 
-15.2636 13.5762 5.16116 -15.2312 14.2528 4.42616 -15.2227 14.8876 3.65387 
-15.2369 15.481 2.84926 -15.2688 16.0453 2.02451 -15.3155 16.5895 1.18685 
-15.3734 17.1357 0.351269 -15.4569 17.6828 -0.481424 -15.5774 18.1954 -1.33069 
-15.7617 18.5794 -2.23259 -15.9775 18.8045 -3.17973 -16.2308 18.6358 -4.11027 
-16.466 18.1697 -4.958 -16.6382 17.6253 -5.77828 -16.7503 17.1217 -6.63381 
-16.812 16.6895 -7.53266 -16.8694 16.3246 -8.46157 -16.9608 15.9996 -9.4026 
-17.0866 15.747 -10.3598 -17.1585 15.7029 -11.3514 -17.074 15.8214 -12.3347 
-16.8198 16.0582 -13.271 -16.4981 16.3395 -14.1749 -16.1618 16.658 -15.0608 
-15.8265 17.0176 -15.9313 -15.5098 17.4782 -16.7589 -28.6843 8.69808 -13.1708 
-29.1348 7.93534 -12.7121 -29.6338 7.14142 -12.3666 -30.1692 6.34716 -12.0803 
-30.7245 5.55381 -11.8315 -31.2881 4.75434 -11.625 -31.8386 3.93403 -11.4724 
-32.3658 3.09165 -11.3642 -32.8459 2.21894 -11.2777 -33.2798 1.32647 -11.1614 
-33.6267 0.421303 -10.9233 -33.8721 -0.484509 -10.5842 -33.9879 -1.37329 -10.1447 
-34.0057 -2.22979 -9.63161 -33.9287 -3.04021 -9.05264 -33.7832 -3.81187 -8.43456 
-33.5598 -4.53095 -7.77742 -33.284 -5.20273 -7.09072 -32.9564 -5.82258 -6.37851 
-32.5795 -6.39029 -5.64707 -32.1578 -6.91381 -4.9072 -31.6865 -7.37672 -4.15781 
-31.156 -7.75369 -3.40008 -30.5822 -8.0333 -2.63141 -29.9577 -8.17523 -1.86553 
-29.2967 -8.2054 -1.11731 -28.6054 -8.13494 -0.3999 -27.8845 -7.98666 0.276436 
-27.1253 -7.77082 0.889272 -26.3331 -7.51186 1.4406 -25.5118 -7.21513 1.92694 
-24.6771 -6.8896 2.37056 -23.8483 -6.5103 2.78123 -23.0243 -6.09041 3.16123 
-22.2242 -5.61283 3.52255 -21.4494 -5.07253 3.84925 -20.728 -4.45679 4.16293 
-19.962 -3.61359 4.53176 -19.453 -2.84658 4.91626 -19.0196 -2.05974 5.35549 
-18.592 -1.26934 5.79411 -18.1776 -0.460686 6.21046 -17.7764 0.380767 6.57131 
-17.3977 1.25665 6.86908 -17.0392 2.15774 7.11127 -16.714 3.09032 7.26215 
-16.436 4.04655 7.34653 -16.2207 5.0221 7.3677 -16.051 6.0063 7.32723 
-15.8969 6.98977 7.23414 -15.767 7.97093 7.09425 -15.6829 8.94395 6.8836 
-15.6145 9.8902 6.57113 -15.5468 10.786 6.13518 -15.4792 11.6229 5.59492 
-15.4218 12.3912 4.95913 -15.3868 13.0897 4.24551 -15.3896 13.7287 3.47724 
-15.4355 14.3207 2.67302 -15.5267 14.8653 1.83965 -15.6463 15.3728 0.986599 
-15.7803 15.8755 0.132703 -15.9359 16.3994 -0.70455 -16.1238 16.9189 -1.53779 
-16.3307 17.3643 -2.40641 -16.5148 17.58 -3.35567 -16.6631 17.4478 -4.31993 
-16.7757 17.0232 -5.21686 -16.8723 16.5545 -6.0948 -16.9526 16.1304 -6.99612 
-17.0317 15.7714 -7.92558 -17.1485 15.5107 -8.88315 -17.3087 15.3106 -9.84924 
-17.457 15.2069 -10.8306 -17.4725 15.2442 -11.8237 -17.2521 15.4516 -12.771 
-16.9158 15.729 -13.6701 -16.5402 16.0458 -14.5409 -16.1682 16.3995 -15.3989 
-15.811 16.8059 -16.2392 -15.4774 17.2936 -17.0448 -29.4375 11.7875 -21.0226 
-29.5124 11.415 -20.3195 -29.543 11.049 -19.3918 -29.5343 10.8111 -18.4221 
-29.5565 10.6436 -17.4366 -29.5867 10.435 -16.4604 -29.5204 10.0985 -15.5232 
-29.3865 9.66656 -14.6329 -29.2529 9.11462 -13.8111 -29.3382 8.43631 -13.112 
-29.7117 7.65954 -12.6189 -30.2005 6.86177 -12.2677 -30.7329 6.06501 -11.9829 
-31.2843 5.26861 -11.7353 -31.824 4.44892 -11.5449 -32.354 3.61377 -11.3997 
-32.8462 2.74925 -11.3001 -33.3074 1.86727 -11.2058 -33.707 0.96726 -11.0376 
-34.041 0.0637285 -10.7759 -34.2462 -0.831831 -10.3879 -34.3532 -1.70579 -9.91628 
-34.3617 -2.54228 -9.37138 -34.2878 -3.33974 -8.77381 -34.1266 -4.08998 -8.13347 
-33.9122 -4.79961 -7.46335 -33.6375 -5.45289 -6.75841 -33.3139 -6.05743 -6.03121 
-32.9455 -6.60853 -5.28295 -32.5369 -7.10923 -4.52069 -32.0696 -7.53248 -3.74508 
-31.5602 -7.87232 -2.95604 -31.0092 -8.09748 -2.15431 -30.42 -8.2039 -1.35523 
-29.7947 -8.19969 -0.57613 -29.1384 -8.10633 0.171478 -28.4527 -7.93469 0.878296 
-27.7397 -7.70256 1.53859 -26.997 -7.40225 2.13654 -26.2392 -7.06343 2.69367 
-25.4736 -6.68789 3.21542 -24.7151 -6.27063 3.71566 -23.9762 -5.80695 4.20416 
-23.2654 -5.29502 4.68565 -22.5878 -4.73622 5.16308 -21.9499 -4.12128 5.62566 
-21.3458 -3.45611 6.06397 -20.766 -2.75718 6.48232 -20.1997 -2.03233 6.87432 
-19.6433 -1.28507 7.23678 -19.1101 -0.502083 7.55608 -18.6069 0.312531 7.84382 
-18.1426 1.15939 8.10237 -17.7156 2.03417 8.33007 -17.3347 2.93934 8.51622 
-16.9968 3.86945 8.65682 -16.7125 4.82441 8.73424 -16.47 5.79381 8.75509 
-16.2587 6.77029 8.71875 -16.0697 7.74785 8.62972 -15.9065 8.72369 8.48643 
-15.7635 9.69168 8.28285 -15.6363 10.6417 8.00022 -15.5194 11.5604 7.62593 
-15.4086 12.4344 7.15454 -15.308 13.2635 6.60595 -15.2366 14.034 5.97346 
-15.1889 14.7544 5.28245 -15.1604 15.4276 4.54403 -15.1434 16.0648 3.77372 
-15.1381 16.6601 2.9705 -15.1402 17.2262 2.14632 -15.1478 17.7717 1.30825 
-15.1663 18.3106 0.466145 -15.2205 18.8288 -0.387034 -15.3195 19.2952 -1.26484 
-15.4944 19.621 -2.1908 -15.7388 19.7579 -3.14545 -16.0605 19.5801 -4.06327 
-16.416 19.1477 -4.88619 -16.7501 18.6044 -5.65507 -16.9952 18.0794 -6.46806 
-17.0987 17.6557 -7.36596 -17.1747 17.2973 -8.29609 -17.2807 16.9788 -9.23788 
-17.4203 16.6932 -10.1858 -17.5106 16.5161 -11.1615 -17.4278 16.5162 -12.1502 
-17.1458 16.6908 -13.0898 -16.7885 16.9355 -13.9907 -16.426 17.2239 -14.8768 
-16.0858 17.5644 -15.7527 -15.779 17.9864 -16.6041 -32.2835 12.726 -21.4186 
-32.2277 12.3539 -20.9541 -32.0364 11.8789 -20.0991 -31.8008 11.5476 -19.1875 
-31.5489 11.3413 -18.2425 -31.2986 11.1756 -17.2887 -31.0546 10.9719 -16.3415 
-30.8616 10.63 -15.4249 -30.72 10.1646 -14.5523 -30.6464 9.61673 -13.722 
-30.7288 8.93196 -13.0053 -30.9887 8.14979 -12.4528 -31.3662 7.32059 -12.0425 
-31.7452 6.46846 -11.6824 -32.1125 5.59446 -11.365 -32.4739 4.70302 -11.0926 
-32.8457 3.79847 -10.8862 -33.2341 2.88808 -10.7457 -33.585 1.96261 -10.6067 
-33.872 1.02464 -10.4167 -34.0729 0.0852714 -10.1457 -34.1824 -0.83856 -9.78247 
-34.1676 -1.71862 -9.31129 -34.0789 -2.56231 -8.78367 -33.9046 -3.34963 -8.19387 
-33.6644 -4.0877 -7.56429 -33.3662 -4.77206 -6.89958 -33.0278 -5.40866 -6.20728 
-32.6456 -5.9894 -5.48922 -32.2198 -6.51715 -4.75496 -31.7384 -6.97595 -4.00894 
-31.2072 -7.35269 -3.25172 -30.6236 -7.61999 -2.48689 -30.0014 -7.78254 -1.72225 
-29.3406 -7.81752 -0.974106 -28.6514 -7.76085 -0.253193 -27.9282 -7.61937 0.421758 
-27.1684 -7.41516 1.03789 -26.3742 -7.16292 1.58938 -25.5529 -6.87858 2.08346 
-24.7227 -6.54673 2.53062 -23.899 -6.167 2.95107 -23.0927 -5.7364 3.35547 
-22.3195 -5.2376 3.74536 -21.5918 -4.66457 4.12002 -20.939 -4.00092 4.481 
-20.4799 -3.41335 4.76956 -19.9742 -2.63794 5.14564 -19.5168 -1.84504 5.54807 
-19.0708 -1.05058 5.96029 -18.6299 -0.239918 6.34439 -18.2031 0.602803 6.67101 
-17.8071 1.4788 6.94471 -17.4365 2.38433 7.14814 -17.0956 3.31425 7.28096 
-16.8033 4.26821 7.33846 -16.5695 5.2397 7.33414 -16.387 6.2193 7.25431 
-16.2187 7.19603 7.12359 -16.0871 8.1694 6.93823 -15.9881 9.13126 6.68608 
-15.9024 10.0583 6.32497 -15.8171 10.9414 5.86578 -15.7341 11.756 5.29364 
-15.6701 12.5083 4.63982 -15.6517 13.1794 3.89984 -15.6807 13.7908 3.11005 
-15.7621 14.3412 2.27987 -15.8839 14.8363 1.42006 -16.0162 15.2939 0.540896 
-16.1458 15.7646 -0.331682 -16.3024 16.2524 -1.19036 -16.4825 16.704 -2.06367 
-16.659 17.0318 -2.98903 -16.8022 17.0929 -3.96324 -16.9089 16.8175 -4.91256 
-17.01 16.4036 -5.81695 -17.1085 15.99 -6.72142 -17.2179 15.695 -7.66821 
-17.3583 15.5147 -8.64116 -17.5468 15.3765 -9.61322 -17.7356 15.2578 -10.5869 
-17.8012 15.2129 -11.5779 -17.6015 15.3623 -12.5373 -17.2338 15.6292 -13.4264 
-16.8217 15.941 -14.2824 -16.4194 16.2868 -15.13 -16.0391 16.6838 -15.965 
-15.6846 17.1407 -16.7794 -31.284 12.4139 -21.0327 -31.2051 12.022 -20.3417 
-31.0399 11.6808 -19.4183 -30.8625 11.4652 -18.4594 -30.7221 11.307 -17.4823 
-30.5975 11.093 -16.5144 -30.4794 10.7452 -15.5858 -30.3736 10.2971 -14.6994 
-30.332 9.74245 -13.8711 -30.4117 9.07661 -13.1383 -30.6922 8.29511 -12.5923 
-31.1041 7.47644 -12.1966 -31.5229 6.63516 -11.8551 -31.9263 5.77186 -11.553 
-32.3251 4.89028 -11.3012 -32.7236 3.9961 -11.0997 -33.1372 3.09498 -10.9715 
-33.5294 2.18384 -10.8468 -33.8533 1.25815 -10.6567 -34.0916 0.328156 -10.3826 
-34.2163 -0.586024 -10.0022 -34.2358 -1.46916 -9.53688 -34.1634 -2.31185 -9.00586 
-34.0115 -3.1075 -8.42113 -33.7783 -3.84847 -7.79255 -33.4905 -4.54135 -7.1321 
-33.1549 -5.18142 -6.44158 -32.778 -5.77112 -5.72789 -32.3498 -6.30076 -4.99636 
-31.8745 -6.77365 -4.25523 -31.3466 -7.16518 -3.50262 -30.7697 -7.46257 -2.74377 
-30.143 -7.63731 -1.98692 -29.4791 -7.70322 -1.24295 -28.7787 -7.65828 -0.532002 
-28.0445 -7.53755 0.134747 -27.2723 -7.35516 0.742338 -26.4627 -7.13011 1.28334 
-25.6237 -6.86704 1.75856 -24.7703 -6.56207 2.18019 -23.9262 -6.19589 2.57082 
-23.0991 -5.77397 2.94111 -22.3015 -5.28504 3.2917 -21.5665 -4.70714 3.64347 
-20.9229 -4.02758 3.98707 -20.3779 -3.27024 4.34496 -19.9425 -2.46539 4.74588 
-19.5515 -1.64712 5.16719 -19.1584 -0.828935 5.58659 -18.7626 -0.001568 5.98491 
-18.3708 0.857306 6.31274 -17.9899 1.7451 6.56873 -17.6318 2.66101 6.74578 
-17.3186 3.60524 6.83357 -17.0624 4.57068 6.82155 -16.862 5.54463 6.7243 
-16.7019 6.51335 6.53761 -16.5532 7.469 6.28512 -16.4345 8.40357 5.95244 
-16.3388 9.30343 5.52886 -16.2441 10.1587 5.02037 -16.1411 10.9557 4.42788 
-16.0498 11.6604 3.7266 -15.9942 12.2851 2.94914 -16.0021 12.8134 2.10148 
-16.0383 13.2703 1.21341 -16.0742 13.6675 0.296495 -16.1227 14.0546 -0.62406 
-16.2414 14.4912 -1.51402 -16.4435 14.9715 -2.36705 -16.6788 15.3713 -3.24955 
-16.8942 15.5694 -4.19766 -17.0741 15.4919 -5.1755 -17.2498 15.2945 -6.13959 
-17.4278 15.1667 -7.11354 -17.6137 15.1455 -8.09511 -17.8384 15.1569 -9.06914 
-18.0983 15.135 -10.0341 -18.2916 15.0962 -11.0113 -18.2463 15.1595 -11.9969 
-17.8733 15.3768 -12.8909 -17.4044 15.6759 -13.7211 -16.9391 16.0141 -14.5389 
-16.5064 16.3859 -15.3598 -16.1089 16.8139 -16.1713 -15.7493 17.2974 -16.9682 
-31.1323 11.7709 -21.4379 -31.1655 11.4759 -20.9182 -31.1085 11.0868 -20.002 
-30.9611 10.8527 -19.0438 -30.8071 10.7203 -18.065 -30.6678 10.5849 -17.0844 
-30.5084 10.3244 -16.1352 -30.3297 9.9197 -15.2407 -30.2143 9.37107 -14.4144 
-30.1891 8.7104 -13.6702 -30.3824 7.93267 -13.089 -30.7727 7.1174 -12.6696 
-31.2568 6.30111 -12.3552 -31.7565 5.47612 -12.0931 -32.2881 4.65079 -11.9048 
-32.7955 3.80518 -11.7405 -33.2747 2.93899 -11.5997 -33.7164 2.05752 -11.4354 
-34.103 1.16462 -11.2085 -34.4251 0.274155 -10.8906 -34.6341 -0.605799 -10.4684 
-34.7441 -1.46379 -9.96988 -34.7548 -2.28857 -9.40648 -34.6824 -3.07647 -8.79643 
-34.5248 -3.82229 -8.15033 -34.3046 -4.52501 -7.47463 -34.0237 -5.17233 -6.76696 
-33.6964 -5.77259 -6.0377 -33.3253 -6.31555 -5.28483 -32.9184 -6.80812 -4.51629 
-32.4602 -7.22158 -3.73006 -31.9655 -7.55998 -2.93093 -31.4318 -7.78731 -2.11775 
-30.8646 -7.90714 -1.30419 -30.2627 -7.92145 -0.506906 -29.6269 -7.85019 0.260441 
-28.9539 -7.69848 0.982853 -28.2505 -7.48091 1.65886 -27.5207 -7.19338 2.27835 
-26.7766 -6.85661 2.85451 -26.0191 -6.47247 3.38173 -25.2661 -6.0478 3.88396 
-24.5312 -5.57482 4.36956 -23.8202 -5.05926 4.84717 -23.142 -4.49193 5.31368 
-22.4926 -3.87959 5.76377 -21.8811 -3.21503 6.19273 -21.1765 -2.37929 6.68736 
-20.6015 -1.66028 7.07759 -20.0474 -0.907309 7.43134 -19.519 -0.119236 7.74616 
-19.0227 0.703863 8.0212 -18.5583 1.55471 8.26586 -18.1398 2.43998 8.46688 
-17.7663 3.35273 8.63001 -17.4402 4.29071 8.74189 -17.1623 5.2494 8.79339 
-16.9242 6.2202 8.78746 -16.708 7.19507 8.73619 -16.5108 8.16973 8.63367 
-16.334 9.14143 8.47902 -16.1769 10.1038 8.2596 -16.0342 11.0492 7.96871 
-15.9006 11.9652 7.59282 -15.7771 12.8404 7.12678 -15.6745 13.6668 6.57498 
-15.601 14.4454 5.95266 -15.5552 15.1695 5.26509 -15.5275 15.8502 4.5336 
-15.513 16.4895 3.76514 -15.508 17.0847 2.96186 -15.5026 17.6375 2.1288 
-15.4943 18.1661 1.28004 -15.5019 18.6727 0.418063 -15.5476 19.1487 -0.45954 
-15.6761 19.5275 -1.3735 -15.8861 19.769 -2.31676 -16.1835 19.7876 -3.26614 
-16.5162 19.5658 -4.17516 -16.8557 19.0946 -4.98662 -17.1634 18.569 -5.77885 
-17.3847 18.1166 -6.63973 -17.5262 17.7819 -7.56946 -17.6683 17.5285 -8.52602 
-17.8491 17.2786 -9.47706 -18.0508 17.0045 -10.4172 -18.1742 16.7781 -11.3778 
-17.9752 16.7906 -12.3425 -17.5592 16.981 -13.2264 -17.1069 17.2468 -14.0777 
-16.6915 17.5373 -14.9393 -16.3302 17.8925 -15.8006 -16.0215 18.3272 -16.6451 
-29.5665 13.073 -21.4128 -29.6007 12.7491 -20.909 -29.6176 12.2804 -20.0277 
-29.5985 11.9346 -19.0914 -29.6006 11.6829 -18.1242 -29.6516 11.4639 -17.15 
-29.6974 11.1898 -16.1909 -29.6934 10.8175 -15.2638 -29.6644 10.3572 -14.3773 
-29.6818 9.80464 -13.5475 -29.9026 9.10689 -12.8853 -30.2852 8.32141 -12.4028 
-30.7363 7.50919 -12.0348 -31.1945 6.68124 -11.7121 -31.6247 5.82864 -11.4163 
-32.0485 4.95765 -11.1693 -32.4732 4.07048 -10.9911 -32.8985 3.17352 -10.8735 
-33.2992 2.26271 -10.7786 -33.642 1.33579 -10.6325 -33.8859 0.399627 -10.3853 
-34.0269 -0.526291 -10.042 -34.0477 -1.42013 -9.59665 -33.9806 -2.27559 -9.08602 
-33.8296 -3.07816 -8.51105 -33.6059 -3.83206 -7.89452 -33.314 -4.52813 -7.23916 
-32.9793 -5.1757 -6.55532 -32.5973 -5.77088 -5.84898 -32.1711 -6.31645 -5.12815 
-31.6845 -6.79561 -4.3982 -31.1481 -7.20621 -3.66222 -30.549 -7.50532 -2.92116 
-29.9049 -7.70459 -2.18474 -29.2126 -7.77651 -1.46793 -28.4883 -7.75732 -0.779966 
-27.7257 -7.65673 -0.142714 -26.925 -7.49994 0.4342 -26.0841 -7.29812 0.934912 
-25.2191 -7.05682 1.3738 -24.3424 -6.75585 1.74707 -23.466 -6.39375 2.06287 
-22.6169 -5.9593 2.36181 -21.7903 -5.46791 2.63435 -21.0316 -4.88745 2.9202 
-20.3638 -4.21695 3.23766 -19.8765 -3.4494 3.64648 -19.4261 -2.4907 4.20761 
-19.1009 -1.67748 4.69007 -18.7693 -0.847838 5.13872 -18.422 -0.002838 5.54443 
-18.0754 0.875111 5.8719 -17.7352 1.78536 6.10488 -17.4302 2.72561 6.24912 
-17.1789 3.69041 6.30878 -17.0081 4.67248 6.2502 -16.8912 5.65411 6.10527 
-16.7908 6.61823 5.86186 -16.6912 7.56443 5.5561 -16.6098 8.47515 5.15334 
-16.5319 9.34218 4.66368 -16.4372 10.1281 4.05439 -16.3383 10.8308 3.35281 
-16.2545 11.434 2.56124 -16.1945 11.9589 1.71291 -16.1427 12.3958 0.815686 
-16.0788 12.7545 -0.114786 -16.027 13.0716 -1.0613 -16.0732 13.456 -1.9794 
-16.3096 14.0012 -2.77656 -16.631 14.5507 -3.54491 -16.9377 14.8978 -4.42033 
-17.2002 14.9937 -5.37644 -17.4393 14.9571 -6.34635 -17.6632 14.9732 -7.32008 
-17.8893 15.0539 -8.29067 -18.152 15.132 -9.25203 -18.4413 15.1595 -10.2086 
-18.6571 15.1987 -11.1824 -18.5196 15.3428 -12.1356 -18.035 15.6048 -12.9605 
-17.5194 15.9209 -13.7566 -17.0319 16.2631 -14.5597 -16.5892 16.6389 -15.3732 
-16.1814 17.0644 -16.1807 -15.8342 17.5615 -16.9741 -30.3722 12.3211 -21.023 
-30.3674 11.9434 -20.3193 -30.2901 11.6046 -19.3835 -30.1995 11.3776 -18.4151 
-30.1569 11.2071 -17.4309 -30.1386 11.015 -16.4501 -30.0918 10.6903 -15.5076 
-30.0252 10.2582 -14.6092 -29.9902 9.73022 -13.7637 -30.1017 9.06868 -13.0319 
-30.423 8.29309 -12.5012 -30.8505 7.48279 -12.1044 -31.3072 6.65649 -11.7757 
-31.733 5.80519 -11.4697 -32.152 4.9327 -11.2195 -32.567 4.04538 -11.02 
-32.9868 3.14735 -10.892 -33.3898 2.2386 -10.7874 -33.7336 1.31303 -10.6355 
-33.9994 0.379741 -10.3995 -34.1621 -0.544182 -10.0594 -34.2272 -1.44016 -9.62419 
-34.1801 -2.29169 -9.10335 -34.0654 -3.10155 -8.53003 -33.8722 -3.8616 -7.91054 
-33.6146 -4.56844 -7.25305 -33.3056 -5.22299 -6.56366 -32.9558 -5.83039 -5.85089 
-32.5614 -6.37926 -5.11462 -32.1157 -6.86809 -4.36569 -31.6187 -7.27944 -3.60293 
-31.0758 -7.60796 -2.83091 -30.4847 -7.80932 -2.05173 -29.8605 -7.90745 -1.27837 
-29.2018 -7.88463 -0.527461 -28.5148 -7.77934 0.190361 -27.7893 -7.59093 0.851499 
-27.0343 -7.3512 1.46062 -26.2487 -7.06256 2.00733 -25.4445 -6.7396 2.50541 
-24.6375 -6.37261 2.96765 -23.8404 -5.96548 3.41306 -23.0757 -5.49261 3.84995 
-22.3407 -4.96532 4.2752 -21.664 -4.36117 4.6932 -21.1602 -3.82594 5.00821 
-20.9255 -3.54052 5.16128 -20.479 -2.95085 5.46588 -19.95 -2.19625 5.85372 
-19.441 -1.42708 6.23998 -18.9391 -0.642673 6.60416 -18.4635 0.173798 6.93078 
-18.0264 1.02385 7.22289 -17.6244 1.9082 7.45867 -17.2493 2.81626 7.642 
-16.9163 3.75136 7.76001 -16.6353 4.70795 7.82489 -16.4151 5.68296 7.82803 
-16.2281 6.66386 7.77998 -16.0648 7.64566 7.68563 -15.9299 8.62595 7.54426 
-15.8175 9.59132 7.31356 -15.7185 10.5305 6.98705 -15.6165 11.4198 6.54484 
-15.5223 12.2546 6.00397 -15.453 13.0202 5.36588 -15.4088 13.7267 4.6607 
-15.3998 14.3755 3.90036 -15.4193 14.9793 3.10385 -15.4669 15.5426 2.27921 
-15.5342 16.0795 1.4384 -15.6145 16.605 0.591413 -15.7077 17.1423 -0.24678 
-15.8357 17.661 -1.09158 -16.0054 18.1211 -1.96203 -16.2156 18.4028 -2.89425 
-16.4321 18.3973 -3.85356 -16.6233 17.9949 -4.74152 -16.7698 17.4841 -5.58816 
-16.876 16.9861 -6.44823 -16.9474 16.551 -7.34484 -17.0209 16.197 -8.27684 
-17.1311 15.8891 -9.2212 -17.2864 15.6675 -10.1828 -17.3983 15.571 -11.1689 
-17.3233 15.661 -12.1541 -17.0628 15.8841 -13.0895 -16.716 16.1657 -13.9839 
-16.3536 16.482 -14.8605 -15.9991 16.8427 -15.7229 -15.657 17.2638 -16.5616 
-15.4127 17.6808 -17.1985 -29.1534 8.29919 -13.1471 -29.3881 7.82668 -12.8626 
-29.8678 7.03266 -12.4949 -30.4006 6.23988 -12.2 -30.9804 5.46193 -11.9597 
-31.5604 4.6708 -11.7665 -32.1178 3.85562 -11.6109 -32.6395 3.01219 -11.486 
-33.1134 2.13899 -11.3755 -33.5341 1.24678 -11.216 -33.8764 0.34758 -10.9496 
-34.1155 -0.550472 -10.5849 -34.2317 -1.42815 -10.1238 -34.2523 -2.27379 -9.59276 
-34.1863 -3.07953 -9.00613 -34.0447 -3.84457 -8.37897 -33.8307 -4.55973 -7.71442 
-33.5607 -5.22514 -7.01953 -33.2391 -5.84057 -6.30059 -32.8724 -6.40207 -5.55939 
-32.455 -6.90679 -4.80471 -31.9869 -7.34642 -4.03897 -31.4661 -7.69682 -3.26206 
-30.9025 -7.94075 -2.47465 -30.2945 -8.05111 -1.68966 -29.6543 -8.0587 -0.923011 
-28.9825 -7.96882 -0.189054 -28.2817 -7.80901 0.505413 -27.5415 -7.57895 1.13626 
-26.7739 -7.30218 1.71343 -25.9778 -6.98851 2.23026 -25.1745 -6.64282 2.71488 
-24.3766 -6.24634 3.16826 -23.6014 -5.8005 3.61513 -22.8532 -5.29921 4.04862 
-22.1518 -4.73195 4.47849 -21.5091 -4.08399 4.88481 -21.0332 -3.52134 5.19519 
-20.6993 -3.07943 5.42591 -20.1643 -2.32961 5.81489 -19.649 -1.56402 6.19995 
-19.1436 -0.779243 6.55782 -18.6617 0.0347595 6.88145 -18.2242 0.887818 7.16457 
-17.8172 1.77016 7.39941 -17.4408 2.6788 7.57744 -17.0997 3.61023 7.70008 
-16.8171 4.56719 7.75621 -16.5887 5.54006 7.75508 -16.3989 6.51978 7.69472 
-16.2295 7.49949 7.59025 -16.0935 8.47677 7.43008 -15.9781 9.44195 7.19826 
-15.8763 10.3809 6.87356 -15.7715 11.2768 6.44447 -15.6764 12.1069 5.89733 
-15.6042 12.8782 5.26642 -15.5649 13.5819 4.55867 -15.5647 14.2272 3.79539 
-15.6025 14.8184 2.99006 -15.6714 15.3699 2.15913 -15.7676 15.8841 1.30696 
-15.8741 16.3866 0.449036 -15.9905 16.9043 -0.398476 -16.1336 17.4162 -1.24508 
-16.3108 17.838 -2.13276 -16.4951 18.1357 -3.06683 -16.6739 18.0571 -4.03114 
-16.8256 17.6683 -4.93353 -16.9438 17.1774 -5.79658 -17.0337 16.7033 -6.67169 
-17.1149 16.3306 -7.59487 -17.2158 16.042 -8.5465 -17.3704 15.8103 -9.50639 
-17.5487 15.629 -10.4727 -17.6107 15.5773 -11.4622 -17.4639 15.6936 -12.4373 
-17.1243 15.9486 -13.3413 -16.7417 16.2418 -14.2172 -16.3615 16.5782 -15.0786 
-15.9953 16.9575 -15.9281 -15.6618 17.42 -16.7478 -31.5926 11.9411 -21.019 
-31.4734 11.4981 -20.1328 -31.2935 11.203 -19.1969 -31.0903 11.0334 -18.2337 
-30.9027 10.9 -17.2608 -30.7232 10.6811 -16.3036 -30.5533 10.2978 -15.3975 
-30.413 9.80894 -14.5384 -30.3781 9.19458 -13.7573 -30.5076 8.45594 -13.1042 
-30.8603 7.64258 -12.6496 -31.2925 6.81473 -12.2942 -31.7423 5.97288 -11.9976 
-32.2024 5.11815 -11.7579 -32.6491 4.24712 -11.5547 -33.0976 3.36636 -11.4043 
-33.5253 2.47415 -11.2605 -33.9174 1.57249 -11.0802 -34.243 0.667507 -10.8125 
-34.4661 -0.231831 -10.442 -34.5828 -1.10902 -9.97971 -34.6075 -1.95552 -9.45073 
-34.5323 -2.75892 -8.86169 -34.3812 -3.52232 -8.23464 -34.1523 -4.23289 -7.57028 
-33.8708 -4.89513 -6.87665 -33.5416 -5.50782 -6.15877 -33.1727 -6.07053 -5.41965 
-32.7592 -6.57238 -4.66037 -32.3054 -7.01602 -3.88865 -31.8001 -7.36174 -3.09939 
-31.2569 -7.61569 -2.30014 -30.6748 -7.75085 -1.49962 -30.0589 -7.77838 -0.71427 
-29.4073 -7.70671 0.0399933 -28.7237 -7.56169 0.754299 -28.0052 -7.34249 1.41315 
-27.2617 -7.06672 2.02136 -26.4936 -6.73712 2.56989 -25.7111 -6.37027 3.07205 
-24.9352 -5.95657 3.54788 -24.1777 -5.49987 4.01387 -23.4541 -4.98306 4.47081 
-22.7622 -4.41545 4.91606 -22.1128 -3.78401 5.33824 -21.5043 -3.104 5.74671 
-20.9253 -2.39137 6.14259 -20.3638 -1.658 6.52577 -19.8171 -0.899848 6.88033 
-19.2925 -0.110363 7.19798 -18.8106 0.720513 7.47516 -18.3612 1.57916 7.7204 
-17.9527 2.47052 7.9153 -17.5795 3.38533 8.06712 -17.2578 4.32672 8.16041 
-16.9935 5.29 8.19048 -16.7731 6.26472 8.16339 -16.576 7.24218 8.09015 
-16.4043 8.21931 7.9676 -16.2543 9.19089 7.7874 -16.1214 10.1431 7.51541 
-15.9939 11.0658 7.15447 -15.8713 11.9354 6.67802 -15.7701 12.7558 6.1175 
-15.7051 13.511 5.46596 -15.6734 14.21 4.75292 -15.6763 14.8512 3.98639 
-15.7042 15.448 3.18476 -15.7534 16.0018 2.35371 -15.81 16.5278 1.50525 
-15.8685 17.0438 0.65062 -15.9369 17.5518 -0.207884 -16.0509 18.0278 -1.07909 
-16.2223 18.4141 -1.98284 -16.4286 18.6247 -2.933 -16.6416 18.5213 -3.88718 
-16.8265 18.0898 -4.7679 -16.9677 17.5822 -5.61732 -17.0658 17.1118 -6.49337 
-17.1458 16.7319 -7.41387 -17.2485 16.4392 -8.3637 -17.4021 16.1987 -9.32171 
-17.5747 16.0018 -10.2862 -17.6494 15.9076 -11.2747 -17.5 16 -12.25 
-17.1898 16.2192 -13.1728 -16.8117 16.4957 -14.0561 -16.4326 16.8099 -14.9263 
-16.0693 17.1706 -15.7849 -15.7397 17.6073 -16.6202 -15.5086 18.0299 -17.2585 
-28.882 12.8421 -21.1863 -28.9314 12.535 -20.6733 -28.9882 12.0958 -19.7786 
-29.0315 11.7589 -18.8391 -29.1085 11.5041 -17.8755 -29.2101 11.2622 -16.9107 
-29.2619 10.9511 -15.9632 -29.2541 10.5606 -15.0436 -29.2032 10.0844 -14.1669 
-29.2366 9.50364 -13.3629 -29.5703 8.76923 -12.7874 -30.0083 7.98285 -12.3552 
-30.4886 7.17538 -12.0137 -30.9792 6.35686 -11.7153 -31.4546 5.51742 -11.4527 
-31.9285 4.66173 -11.2476 -32.4016 3.79216 -11.1081 -32.8606 2.90843 -11.02 
-33.2868 2.00824 -10.9382 -33.6478 1.09112 -10.7788 -33.91 0.166509 -10.5103 
-34.0576 -0.747864 -10.1382 -34.0968 -1.63034 -9.67278 -34.0454 -2.47516 -9.14266 
-33.9041 -3.26516 -8.5479 -33.6945 -4.01239 -7.9184 -33.4221 -4.70612 -7.25246 
-33.1016 -5.34948 -6.55785 -32.7292 -5.93432 -5.838 -32.3119 -6.4711 -5.10532 
-31.8381 -6.94288 -4.36272 -31.3106 -7.33879 -3.61188 -30.7273 -7.62596 -2.85377 
-30.1033 -7.81209 -2.09694 -29.4372 -7.87713 -1.35504 -28.741 -7.84389 -0.639558 
-28.0071 -7.72195 0.0269293 -27.238 -7.54052 0.639015 -26.4252 -7.31197 1.17369 
-25.5868 -7.04732 1.64902 -24.7309 -6.74322 2.06612 -23.8787 -6.38503 2.44633 
-23.0456 -5.96288 2.80269 -22.2306 -5.4844 3.12857 -21.4755 -4.91793 3.45461 
-20.7948 -4.26444 3.78152 -20.2434 -3.51205 4.1363 -19.7158 -2.55414 4.62616 
-19.337 -1.7388 5.06367 -18.9586 -0.919644 5.49459 -18.576 -0.0871696 5.89468 
-18.2001 0.781083 6.21663 -17.8328 1.67802 6.46023 -17.4932 2.60352 6.62358 
-17.2001 3.55523 6.6985 -16.977 4.52812 6.66268 -16.8098 5.50602 6.54396 
-16.6736 6.47471 6.33891 -16.5473 7.42482 6.05676 -16.4479 8.34687 5.68452 
-16.361 9.23514 5.23489 -16.2639 10.0653 4.68812 -16.1593 10.8253 4.04956 
-16.0737 11.4776 3.298 -16.0246 12.0468 2.4789 -16.0145 12.5217 1.59942 
-16.0035 12.9262 0.685825 -15.9828 13.2758 -0.250679 -15.9909 13.6259 -1.18668 
-16.1154 14.0556 -2.07799 -16.3589 14.5592 -2.90481 -16.6503 14.9911 -3.75516 
-16.9058 15.1716 -4.69192 -17.1152 15.1051 -5.6659 -17.3046 14.983 -6.63967 
-17.4856 14.9528 -7.62217 -17.6847 14.9727 -8.60171 -17.9298 14.9817 -9.57079 
-18.18 14.9394 -10.5372 -18.2619 14.9486 -11.5239 -18.0578 15.0906 -12.4827 
-17.6201 15.3595 -13.3385 -17.1479 15.6864 -14.1571 -16.6998 16.041 -14.9775 
-16.2839 16.444 -15.7922 -15.9018 16.8991 -16.5959 -30.2032 6.50476 -12.6278 
-30.6448 5.87954 -12.396 -31.2373 5.11203 -12.1538 -31.8439 4.3392 -11.9679 
-32.4157 3.53494 -11.8086 -32.937 2.69333 -11.6707 -33.4017 1.82231 -11.5155 
-33.8069 0.935026 -11.2992 -34.1316 0.0465469 -10.9794 -34.3567 -0.834331 -10.5683 
-34.463 -1.6943 -10.0714 -34.4843 -2.5243 -9.51593 -34.4098 -3.31137 -8.90489 
-34.2634 -4.06226 -8.26233 -34.0407 -4.75874 -7.58091 -33.77 -5.40992 -6.87269 
-33.4442 -6.00829 -6.14132 -33.079 -6.56005 -5.39192 -32.6635 -7.04668 -4.62416 
-32.2032 -7.47311 -3.84659 -31.6886 -7.79373 -3.05246 -31.1402 -8.01738 -2.24841 
-30.5517 -8.11762 -1.44707 -29.9288 -8.11514 -0.666672 -29.2723 -8.01604 0.0799242 
-28.5846 -7.8447 0.784786 -27.864 -7.60396 1.43388 -27.1213 -7.31379 2.03649 
-26.3589 -6.97598 2.58802 -25.5852 -6.60428 3.10057 -24.8204 -6.18719 3.59095 
-24.0755 -5.72289 4.06963 -23.3585 -5.2103 4.54129 -22.6782 -4.64332 5.00498 
-22.0362 -4.01977 5.44986 -21.4288 -3.34966 5.87605 -20.8528 -2.64153 6.28404 
-20.2887 -1.91414 6.67452 -19.7388 -1.15834 7.02951 -19.2094 -0.373683 7.35125 
-18.7193 0.449915 7.63586 -18.2648 1.30336 7.88939 -17.8509 2.1887 8.09974 
-17.472 3.09738 8.27233 -17.1459 4.0353 8.38577 -16.8717 4.99478 8.43973 
-16.6417 5.96762 8.43636 -16.4384 6.94497 8.38301 -16.2601 7.92303 8.27791 
-16.1062 8.89848 8.12245 -15.9708 9.86159 7.89326 -15.844 10.8021 7.58017 
-15.7222 11.697 7.15375 -15.6086 12.5464 6.63992 -15.5246 13.3343 6.03159 
-15.4694 14.0693 5.35694 -15.4448 14.743 4.61882 -15.4395 15.3778 3.84646 
-15.4504 15.9723 3.04278 -15.472 16.5346 2.21626 -15.4986 17.075 1.37529 
-15.5325 17.608 0.529854 -15.5932 18.1264 -0.322792 -15.7103 18.591 -1.19931 
-15.9063 18.913 -2.12114 -16.1404 19.1077 -3.07309 -16.4061 18.9763 -4.01121 
-16.6739 18.5453 -4.86684 -16.8743 18.0142 -5.68909 -17.0063 17.511 -6.54217 
-17.0869 17.0906 -7.44483 -17.1621 16.7441 -8.3794 -17.286 16.4531 -9.32773 
-17.4398 16.2089 -10.2845 -17.5227 16.0926 -11.2697 -17.4252 16.1423 -12.255 
-17.1188 16.3589 -13.1802 -16.7554 16.6245 -14.0728 -16.3872 16.9353 -14.9489 
-16.0335 17.2905 -15.8138 -15.7124 17.7256 -16.6526 -30.0728 11.9538 -21.3658 
-30.1361 11.6562 -20.8498 -30.1462 11.2584 -19.9353 -30.0891 10.9925 -18.9753 
-30.0469 10.8442 -17.9879 -30.0365 10.6888 -17.0006 -29.9838 10.4062 -16.0459 
-29.8686 10.0025 -15.1397 -29.7548 9.48421 -14.2941 -29.739 8.8358 -13.5412 
-29.9805 8.07017 -12.9631 -30.4002 7.26589 -12.5483 -30.9032 6.46057 -12.236 
-31.4326 5.65262 -11.9784 -31.9647 4.83019 -11.779 -32.4785 3.98889 -11.612 
-32.9648 3.12531 -11.4803 -33.4225 2.2456 -11.3531 -33.8234 1.34937 -11.1664 
-34.1692 0.450927 -10.9006 -34.3982 -0.441498 -10.5176 -34.52 -1.31356 -10.0477 
-34.5401 -2.15255 -9.50625 -34.4798 -2.95685 -8.91656 -34.3326 -3.71475 -8.2823 
-34.1152 -4.42583 -7.61454 -33.8382 -5.08195 -6.91327 -33.5194 -5.69784 -6.1934 
-33.1526 -6.25313 -5.44762 -32.7437 -6.75494 -4.68599 -32.2837 -7.18441 -3.90972 
-31.7787 -7.53034 -3.12037 -31.2332 -7.77244 -2.31957 -30.6523 -7.90207 -1.51731 
-30.0362 -7.92015 -0.731831 -29.3869 -7.84562 0.0241225 -28.7003 -7.68591 0.732677 
-27.9855 -7.46711 1.3957 -27.2412 -7.18199 1.99875 -26.4773 -6.85207 2.55296 
-25.6996 -6.48442 3.06201 -24.9268 -6.07507 3.54637 -24.1759 -5.61302 4.01783 
-23.4494 -5.10688 4.48213 -22.7639 -4.53821 4.93561 -22.1139 -3.91523 5.36985 
-21.5061 -3.24019 5.7874 -20.9269 -2.53162 6.19019 -20.3643 -1.80079 6.57633 
-19.8138 -1.04721 6.93515 -19.2862 -0.261279 7.25629 -18.7966 0.562672 7.54057 
-18.346 1.41984 7.78881 -17.93 2.30471 7.9965 -17.5552 3.21732 8.15682 
-17.2252 4.15421 8.26659 -16.9546 5.11535 8.30987 -16.7252 6.08825 8.30093 
-16.5258 7.06581 8.23646 -16.3483 8.04364 8.1281 -16.1979 9.01763 7.96057 
-16.0616 9.9791 7.72506 -15.9346 10.9081 7.37991 -15.8101 11.7975 6.94291 
-15.7031 12.6293 6.39945 -15.6237 13.4095 5.78062 -15.5795 14.1261 5.08612 
-15.5634 14.7915 4.34023 -15.5728 15.4081 3.55327 -15.5987 15.9865 2.73833 
-15.6355 16.5311 1.90049 -15.6746 17.0612 1.05349 -15.7231 17.5833 0.202038 
-15.8029 18.0858 -0.658426 -15.9611 18.4975 -1.5535 -16.1765 18.7719 -2.48851 
-16.4034 18.8321 -3.44976 -16.6382 18.5248 -4.3559 -16.8237 18.0262 -5.20105 
-16.9548 17.5148 -6.04991 -17.0349 17.0727 -6.94246 -17.1073 16.7076 -7.86974 
-17.2139 16.4119 -8.8186 -17.3682 16.1576 -9.773 -17.5 16 -10.75 
-17.5032 15.9747 -11.742 -17.2901 16.129 -12.7016 -16.9491 16.3787 -13.6068 
-16.5773 16.6703 -14.4879 -16.2119 17.0005 -15.3581 -15.8663 17.3885 -16.2116 
-15.5625 17.8773 -17.0275 -28.4704 12.3895 -20.2866 -28.5282 12.0587 -19.5611 
-28.6063 11.7248 -18.6227 -28.7221 11.4525 -17.6678 -28.8539 11.1852 -16.7134 
-28.9194 10.8524 -15.7742 -28.9165 10.4492 -14.8602 -28.8641 9.96465 -13.9887 
-28.9872 9.35844 -13.2252 -29.3927 8.61339 -12.701 -29.8548 7.82606 -12.2962 
-30.3507 7.01988 -11.9746 -30.8496 6.20275 -11.6858 -31.3445 5.37081 -11.436 
-31.8354 4.52181 -11.2427 -32.3254 3.65884 -11.1232 -32.7962 2.77971 -11.0522 
-33.2302 1.88255 -10.9774 -33.6001 0.968981 -10.8209 -33.8627 0.0476812 -10.542 
-34.0142 -0.863479 -10.1644 -34.0459 -1.74046 -9.68753 -33.9925 -2.58082 -9.1503 
-33.8536 -3.36783 -8.55037 -33.6472 -4.11304 -7.91772 -33.3757 -4.80425 -7.2488 
-33.0586 -5.44711 -6.55228 -32.6899 -6.03279 -5.83107 -32.2748 -6.57006 -5.0976 
-31.8017 -7.04063 -4.35367 -31.2753 -7.43573 -3.60203 -30.6904 -7.71611 -2.84258 
-30.0653 -7.89467 -2.08486 -29.399 -7.95296 -1.34262 -28.7027 -7.91336 -0.627496 
-27.9697 -7.78709 0.0393271 -27.2024 -7.60311 0.652786 -26.3898 -7.36938 1.18535 
-25.5522 -7.10026 1.65998 -24.6956 -6.79193 2.07234 -23.8438 -6.43147 2.45124 
-23.0085 -6.00993 2.80353 -22.1908 -5.53294 3.12426 -21.4304 -4.96913 3.4426 
-20.7402 -4.32115 3.76122 -20.1866 -3.57053 4.1145 -19.6627 -2.61295 4.60999 
-19.283 -1.79996 5.05104 -18.9045 -0.982533 5.48514 -18.5219 -0.152206 5.88968 
-18.1466 0.714097 6.21741 -17.7786 1.60735 6.47342 -17.4381 2.5313 6.64347 
-17.1425 3.48175 6.72433 -16.9117 4.45345 6.70171 -16.7406 5.43191 6.59645 
-16.605 6.40305 6.40278 -16.476 7.35876 6.14048 -16.377 8.28626 5.78232 
-16.2911 9.18289 5.34931 -16.197 10.0319 4.83187 -16.0924 10.8149 4.22107 
-16.0012 11.4973 3.4975 -15.9403 12.1139 2.71372 -15.9355 12.636 1.862 
-15.9541 13.0901 0.971839 -15.9674 13.4697 0.0470949 -15.9953 13.837 -0.882401 
-16.1004 14.2531 -1.78325 -16.3161 14.7299 -2.63408 -16.5812 15.1415 -3.50144 
-16.8273 15.3429 -4.44164 -17.0211 15.2691 -5.41742 -17.1935 15.0968 -6.38682 
-17.3584 15.0044 -7.3679 -17.5343 14.9803 -8.35167 -17.7579 14.9721 -9.32604 
-18.0051 14.9228 -10.2934 -18.1381 14.8754 -11.2779 -18.0366 14.9548 -12.2602 
-17.6576 15.1931 -13.15 -17.1999 15.511 -13.9798 -16.7556 15.8612 -14.8042 
-16.3387 16.2566 -15.6222 -15.9518 16.7024 -16.4288 -15.6089 17.2226 -17.2097 
-29.1391 7.89235 -12.8981 -29.42 7.41832 -12.6625 -29.9432 6.62407 -12.3554 
-30.503 5.83891 -12.0915 -31.0993 5.06633 -11.8751 -31.6805 4.27292 -11.6953 
-32.2347 3.45281 -11.5552 -32.7426 2.59938 -11.4417 -33.1968 1.71746 -11.3208 
-33.5892 0.81979 -11.1257 -33.8917 -0.0797523 -10.8167 -34.0759 -0.973032 -10.4128 
-34.1456 -1.83936 -9.92128 -34.1274 -2.67249 -9.3699 -34.0211 -3.45768 -8.76158 
-33.8364 -4.19746 -8.11546 -33.5957 -4.89295 -7.43937 -33.3007 -5.53891 -6.73592 
-32.9571 -6.13154 -6.00831 -32.567 -6.67467 -5.26519 -32.1175 -7.14854 -4.50904 
-31.6154 -7.5525 -3.74516 -31.0636 -7.85391 -2.96981 -30.4683 -8.0381 -2.18885 
-29.8303 -8.09812 -1.42291 -29.1641 -8.06472 -0.678997 -28.469 -7.94444 0.0289077 
-27.7459 -7.76632 0.695022 -26.9868 -7.52833 1.30009 -26.1964 -7.2437 1.8414 
-25.3827 -6.92968 2.33006 -24.5692 -6.57551 2.79071 -23.7625 -6.17384 3.22359 
-22.9795 -5.72177 3.65016 -22.2227 -5.20623 4.05095 -21.5158 -4.61968 4.44308 
-21 -4.08656 4.74133 -20.5275 -3.51111 5.03312 -19.9923 -2.75511 5.40865 
-19.4919 -1.98466 5.80342 -19.0086 -1.20613 6.20362 -18.5367 -0.404461 6.56967 
-18.0938 0.430156 6.89596 -17.6861 1.29642 7.18342 -17.3042 2.19331 7.4047 
-16.9516 3.11475 7.564 -16.648 4.06215 7.65901 -16.4029 5.0301 7.69807 
-16.2089 6.01047 7.67555 -16.0379 6.99315 7.60695 -15.8926 7.9756 7.49318 
-15.7779 8.95241 7.31552 -15.6856 9.90525 7.03093 -15.5981 10.8225 6.64504 
-15.5087 11.68 6.14168 -15.435 12.474 5.54033 -15.3834 13.1979 4.85356 
-15.3611 13.8663 4.11088 -15.3744 14.4829 3.32422 -15.4162 15.0609 2.50949 
-15.4926 15.6017 1.67207 -15.5863 16.1213 0.822834 -15.6949 16.6499 -0.0189247 
-15.8242 17.1901 -0.850357 -15.9996 17.6797 -1.70326 -16.2048 18.0665 -2.59917 
-16.4049 18.1676 -3.55503 -16.5856 17.8779 -4.4836 -16.7236 17.3952 -5.34779 
-16.83 16.8968 -6.20788 -16.9038 16.4561 -7.10172 -16.9743 16.0872 -8.02794 
-17.0744 15.773 -8.97149 -17.2212 15.5285 -9.92913 -17.3518 15.4172 -10.9113 
-17.349 15.4645 -11.9039 -17.1249 15.6754 -12.8506 -16.7989 15.9488 -13.7549 
-16.4377 16.2623 -14.6329 -16.0793 16.6111 -15.4987 -15.7322 17.0185 -16.3425 
-15.4133 17.5245 -17.1423 -31.885 12.6998 -21.4751 -31.8334 12.337 -21.0023 
-31.667 11.8696 -20.1374 -31.4622 11.5366 -19.2187 -31.2445 11.3427 -18.2631 
-31.0396 11.1915 -17.2962 -30.8525 10.946 -16.347 -30.6885 10.5799 -15.4323 
-30.5628 10.0949 -14.5683 -30.5181 9.5135 -13.7587 -30.6298 8.80533 -13.0742 
-30.9288 8.00636 -12.5628 -31.3319 7.17576 -12.1794 -31.737 6.32451 -11.8464 
-32.1391 5.45324 -11.5657 -32.5329 4.5667 -11.3238 -32.9401 3.67095 -11.1491 
-33.3533 2.76919 -11.023 -33.7285 1.85573 -10.8683 -34.0456 0.934132 -10.6505 
-34.2567 0.0146205 -10.3254 -34.3567 -0.882401 -9.89914 -34.355 -1.74638 -9.39811 
-34.2687 -2.57078 -8.84023 -34.0951 -3.34312 -8.23084 -33.8526 -4.06641 -7.58541 
-33.5537 -4.73877 -6.90888 -33.2119 -5.36292 -6.20692 -32.8264 -5.92957 -5.47937 
-32.3957 -6.44306 -4.73781 -31.9148 -6.88782 -3.98351 -31.389 -7.25459 -3.21691 
-30.8085 -7.50287 -2.44303 -30.1902 -7.64641 -1.67195 -29.5337 -7.6663 -0.919203 
-28.8474 -7.59894 -0.196327 -28.1238 -7.45001 0.476458 -27.3669 -7.24413 1.09549 
-26.5719 -6.98357 1.64261 -25.7491 -6.69349 2.13017 -24.9199 -6.35589 2.5748 
-24.0975 -5.9741 2.99606 -23.3004 -5.53162 3.40559 -22.5412 -5.02087 3.80729 
-21.8457 -4.41487 4.19127 -21.2222 -3.7294 4.56381 -20.7823 -3.12857 4.85508 
-20.385 -2.50279 5.15563 -19.9157 -1.71067 5.54577 -19.4582 -0.913841 5.94036 
-19.0088 -0.0983937 6.30421 -18.5725 0.745258 6.61593 -18.1705 1.6268 6.8614 
-17.7957 2.53557 7.04105 -17.4615 3.47233 7.13764 -17.1756 4.42929 7.15452 
-16.9536 5.39932 7.06654 -16.7639 6.36611 6.89872 -16.593 7.32346 6.66738 
-16.4566 8.26939 6.37515 -16.3506 9.17997 5.97984 -16.2556 10.0489 5.49539 
-16.1534 10.8578 4.91872 -16.0575 11.5984 4.25504 -16.0017 12.2478 3.49807 
-15.9924 12.8344 2.68979 -16.0406 13.3367 1.82715 -16.1061 13.772 0.929692 
-16.1702 14.1748 0.0166729 -16.2611 14.5993 -0.883515 -16.426 15.0669 -1.75137 
-16.6311 15.5051 -2.62542 -16.8313 15.7847 -3.55685 -17.0024 15.8195 -4.53674 
-17.1619 15.6322 -5.50435 -17.329 15.3966 -6.46105 -17.5056 15.2842 -7.43719 
-17.699 15.2684 -8.41779 -17.9396 15.2662 -9.38812 -18.1964 15.2218 -10.3531 
-18.3242 15.197 -11.3386 -18.1751 15.3022 -12.3053 -17.7363 15.5556 -13.1655 
-17.2578 15.8722 -13.9843 -16.8015 16.2178 -14.8039 -16.3816 16.6069 -15.6233 
-15.9961 17.0505 -16.4317 -15.6651 17.5704 -17.2176 -29.3287 12.476 -21.2248 
-29.3931 12.0827 -20.5322 -29.4158 11.6848 -19.6161 -29.4197 11.3985 -18.6597 
-29.4563 11.1897 -17.6829 -29.5078 10.9658 -16.7101 -29.5023 10.6402 -15.7662 
-29.4369 10.2273 -14.8591 -29.3461 9.71666 -14.0057 -29.4169 9.08416 -13.2547 
-29.7751 8.31711 -12.7283 -30.2239 7.5196 -12.3298 -30.7226 6.71271 -12.0148 
-31.2289 5.89518 -11.7409 -31.7218 5.05647 -11.511 -32.215 4.20387 -11.3397 
-32.6898 3.3323 -11.2205 -33.1484 2.44789 -11.136 -33.5564 1.5457 -11.0033 
-33.894 0.63274 -10.7801 -34.1121 -0.279447 -10.44 -34.2319 -1.17354 -10.0126 
-34.2402 -2.02985 -9.4989 -34.1685 -2.84852 -8.93076 -34.0126 -3.61669 -8.31117 
-33.7859 -4.33716 -7.65671 -33.5038 -5.00689 -6.97066 -33.1777 -5.63099 -6.26122 
-32.7998 -6.19137 -5.52486 -32.3759 -6.70298 -4.77814 -31.8993 -7.14342 -4.01864 
-31.3741 -7.50422 -3.24892 -30.7961 -7.74202 -2.46985 -30.1818 -7.87403 -1.69355 
-29.5301 -7.88266 -0.936447 -28.8495 -7.80427 -0.209259 -28.132 -7.6448 0.467575 
-27.3815 -7.42853 1.09081 -26.5953 -7.15926 1.6466 -25.7834 -6.86246 2.14816 
-24.964 -6.52035 2.60743 -24.1502 -6.1351 3.04191 -23.3627 -5.68779 3.46536 
-22.6027 -5.18409 3.87477 -21.9021 -4.59467 4.2744 -21.2626 -3.93078 4.6586 
-20.9209 -3.49007 4.87994 -20.4996 -2.87912 5.17836 -20.0017 -2.10301 5.56496 
-19.5246 -1.31742 5.95898 -19.0542 -0.516651 6.3291 -18.6013 0.313316 6.65377 
-18.1809 1.17559 6.93422 -17.7954 2.07427 7.1419 -17.4351 2.9939 7.29375 
-17.1225 3.94021 7.36685 -16.8707 4.90703 7.36333 -16.6673 5.88289 7.2904 
-16.4842 6.85584 7.15242 -16.328 7.82225 6.95085 -16.2094 8.78043 6.6923 
-16.1125 9.70373 6.32401 -16.0196 10.5792 5.85209 -15.9215 11.408 5.30336 
-15.8412 12.1737 4.66725 -15.8065 12.8585 3.94041 -15.8245 13.4771 3.15628 
-15.904 14.0177 2.31966 -16.0225 14.4973 1.45082 -16.1394 14.9355 0.559649 
-16.2516 15.3795 -0.329162 -16.3984 15.8515 -1.19831 -16.5721 16.2983 -2.0755 
-16.7435 16.6078 -3.00586 -16.8857 16.6713 -3.98522 -17.0008 16.4411 -4.9468 
-17.1172 16.0846 -5.87317 -17.2396 15.7448 -6.804 -17.3783 15.5434 -7.77148 
-17.5501 15.445 -8.75125 -17.7689 15.3568 -9.72278 -17.9755 15.245 -10.6938 
-18.0063 15.2092 -11.683 -17.755 15.3619 -12.6289 -17.3434 15.6371 -13.4963 
-16.9055 15.9573 -14.3362 -16.486 16.3101 -15.1723 -16.0966 16.7185 -15.9976 
-15.737 17.182 -16.806 -29.187 7.68331 -12.7913 -29.692 6.88955 -12.456 
-30.2407 6.10064 -12.1805 -30.8294 5.32723 -11.9469 -31.423 4.54605 -11.7551 
-31.9889 3.73644 -11.6011 -32.5152 2.89545 -11.4785 -32.9907 2.02297 -11.369 
-33.4092 1.13021 -11.2096 -33.7457 0.22967 -10.9413 -33.9796 -0.668815 -10.5752 
-34.0806 -1.54775 -10.1115 -34.0904 -2.39376 -9.58078 -34.0159 -3.19843 -8.99366 
-33.8641 -3.95958 -8.36442 -33.6408 -4.6709 -7.69849 -33.3655 -5.33535 -7.00475 
-33.0393 -5.94903 -6.28641 -32.6687 -6.51369 -5.54953 -32.2424 -7.0184 -4.79975 
-31.7596 -7.45269 -4.04045 -31.223 -7.79606 -3.27132 -30.644 -8.03366 -2.49293 
-30.0185 -8.14049 -1.72265 -29.3583 -8.13881 -0.972521 -28.6655 -8.03607 -0.259636 
-27.9446 -7.86921 0.411781 -27.183 -7.63985 1.01666 -26.3915 -7.37033 1.56453 
-25.5698 -7.06567 2.04537 -24.7436 -6.72438 2.49316 -23.9218 -6.3424 2.91557 
-23.1135 -5.9166 3.32135 -22.3355 -5.42159 3.70656 -21.5906 -4.86467 4.07206 
-20.9136 -4.21844 4.42194 -20.3144 -3.50023 4.77193 -19.8039 -2.72761 5.1469 
-19.3414 -1.94033 5.55457 -18.8946 -1.15053 5.97468 -18.4546 -0.34264 6.36553 
-18.0312 0.498693 6.70037 -17.636 1.37006 6.99012 -17.2662 2.27261 7.2081 
-16.9251 3.20009 7.35581 -16.6377 4.15467 7.42742 -16.4082 5.1271 7.44299 
-16.2264 6.10878 7.39341 -16.0616 7.08997 7.29488 -15.9248 8.06981 7.15264 
-15.8267 9.04243 6.94477 -15.7474 9.98254 6.61711 -15.6672 10.8822 6.19062 
-15.5872 11.7202 5.65374 -15.5227 12.4901 5.02047 -15.4878 13.1859 4.30439 
-15.4904 13.8251 3.53619 -15.5391 14.412 2.7285 -15.6315 14.9522 1.89255 
-15.7535 15.449 1.03354 -15.8841 15.9403 0.172489 -16.0317 16.4562 -0.671288 
-16.2061 16.9664 -1.51327 -16.3988 17.3872 -2.39645 -16.578 17.6236 -3.34338 
-16.7193 17.4476 -4.30596 -16.8351 17.0506 -5.2136 -16.9309 16.5851 -6.09334 
-17.0136 16.1602 -6.99423 -17.1016 15.8248 -7.93088 -17.2235 15.5788 -8.89179 
-17.397 15.3941 -9.8588 -17.5586 15.2738 -10.8369 -17.548 15.3132 -11.8282 
-17.3262 15.5063 -12.7771 -16.9702 15.7861 -13.6682 -16.5861 16.0983 -14.5369 
-16.2092 16.4575 -15.3904 -15.8477 16.8624 -16.2297 -15.5164 17.355 -17.0333 
-27.5421 12.4142 -19.9069 -27.6155 12.1512 -19.3728 -27.7607 11.7804 -18.4562 
-27.9411 11.459 -17.5269 -28.1143 11.1395 -16.5957 -28.2109 10.7773 -15.6697 
-28.2374 10.3722 -14.7565 -28.2924 9.91191 -13.8775 -28.6415 9.29066 -13.1907 
-29.0977 8.55756 -12.6911 -29.5805 7.77363 -12.3032 -30.0833 6.97207 -11.9805 
-30.5891 6.15666 -11.6994 -31.1037 5.3349 -11.4556 -31.6167 4.49922 -11.2619 
-32.1271 3.64954 -11.1327 -32.6132 2.77844 -11.0666 -33.0695 1.89011 -11.0177 
-33.4723 0.984572 -10.9022 -33.7781 0.0680465 -10.6535 -33.9602 -0.842022 -10.2872 
-34.0491 -1.73086 -9.84116 -34.0291 -2.57537 -9.30846 -33.9368 -3.37853 -8.7213 
-33.7572 -4.1306 -8.088 -33.521 -4.83724 -7.42224 -33.2321 -5.49278 -6.72513 
-32.8988 -6.1016 -6.00578 -32.5099 -6.64931 -5.26575 -32.0784 -7.15146 -4.51682 
-31.585 -7.57049 -3.75583 -31.0415 -7.89521 -2.98341 -30.4544 -8.10549 -2.20353 
-29.8284 -8.20187 -1.43163 -29.1655 -8.1758 -0.684499 -28.4751 -8.06365 0.029148 
-27.7542 -7.87944 0.696129 -27.001 -7.64014 1.30803 -26.2138 -7.34813 1.8503 
-25.4063 -7.02753 2.3449 -24.5974 -6.6684 2.80972 -23.7934 -6.26664 3.24756 
-23.0154 -5.80749 3.67567 -22.2585 -5.29967 4.08594 -21.5521 -4.71444 4.48147 
-20.9071 -4.0505 4.85735 -20.5489 -3.62276 5.07791 -20.1083 -3.02492 5.37438 
-19.5909 -2.26307 5.76382 -19.0924 -1.49356 6.16273 -18.6061 -0.7047 6.5379 
-18.1489 0.118691 6.87346 -17.7288 0.973374 7.17702 -17.3375 1.8599 7.42242 
-16.9719 2.7705 7.6124 -16.6482 3.70755 7.73875 -16.3828 4.66837 7.80745 
-16.1762 5.64636 7.81399 -15.9991 6.62947 7.77262 -15.8431 7.61289 7.68364 
-15.7172 8.59283 7.53315 -15.6154 9.55817 7.29728 -15.5281 10.4972 6.96714 
-15.4373 11.3844 6.51846 -15.3535 12.2139 5.96799 -15.2895 12.9721 5.32032 
-15.2444 13.6749 4.61139 -15.2318 14.3214 3.84909 -15.2455 14.927 3.05367 
-15.2863 15.4959 2.23254 -15.347 16.0406 1.3962 -15.4243 16.5766 0.555644 
-15.5182 17.1277 -0.2734 -15.6472 17.6591 -1.11019 -15.8124 18.1298 -1.97588 
-16.0248 18.4257 -2.90362 -16.2535 18.4183 -3.85757 -16.4572 18.0018 -4.73611 
-16.6111 17.4781 -5.57342 -16.7215 16.9695 -6.42682 -16.7909 16.5204 -7.31662 
-16.8511 16.1583 -8.24638 -16.9365 15.8354 -9.18876 -17.062 15.5841 -10.1468 
-17.1686 15.4981 -11.1334 -17.1149 15.607 -12.1195 -16.8996 15.8286 -13.0679 
-16.5817 16.1119 -13.9724 -16.2429 16.4259 -14.8591 -15.904 16.7823 -15.7295 
-15.5714 17.2055 -16.5709 -15.327 17.6213 -17.2087 -29.1783 11.9663 -20.8287 
-29.254 11.5232 -19.9373 -29.2757 11.2157 -18.9879 -29.3043 10.9999 -18.0124 
-29.3617 10.7969 -17.0353 -29.3766 10.5111 -16.0793 -29.2917 10.1195 -15.1645 
-29.153 9.65042 -14.2936 -29.1239 9.04142 -13.5186 -29.3941 8.30799 -12.9134 
-29.8451 7.51663 -12.5072 -30.353 6.71684 -12.1889 -30.8922 5.9194 -11.9191 
-31.4365 5.11201 -11.6926 -31.9695 4.28364 -11.5216 -32.4857 3.43762 -11.3905 
-32.9667 2.56605 -11.2976 -33.4026 1.67478 -11.1775 -33.7767 0.772033 -10.9716 
-34.0541 -0.133198 -10.6581 -34.2058 -1.0258 -10.2378 -34.2547 -1.8879 -9.7365 
-34.2103 -2.71205 -9.17337 -34.0966 -3.49596 -8.56443 -33.8947 -4.22624 -7.9128 
-33.6405 -4.91309 -7.23284 -33.3282 -5.54424 -6.52327 -32.9743 -6.12527 -5.79123 
-32.5711 -6.65163 -5.04331 -32.1175 -7.11538 -4.28302 -31.6102 -7.49852 -3.5122 
-31.0562 -7.77969 -2.7308 -30.4599 -7.9409 -1.94581 -29.8287 -7.98969 -1.1734 
-29.1643 -7.93308 -0.42944 -28.4687 -7.79652 0.274875 -27.7369 -7.59184 0.923386 
-26.973 -7.33457 1.51433 -26.1794 -7.03497 2.04303 -25.3704 -6.70424 2.52863 
-24.5636 -6.3256 2.98172 -23.776 -5.89775 3.42424 -23.0139 -5.41544 3.85516 
-22.2942 -4.86551 4.27739 -21.6359 -4.23423 4.68496 -21.1499 -3.67981 4.99409 
-20.7052 -3.08765 5.2966 -20.1751 -2.33279 5.68245 -19.6711 -1.56124 6.07064 
-19.1743 -0.775841 6.43948 -18.7007 0.0416411 6.76633 -18.264 0.8929 7.05562 
-17.8623 1.77803 7.28864 -17.4844 2.6857 7.46929 -17.1514 3.6216 7.57813 
-16.8701 4.57943 7.62477 -16.6478 5.5537 7.6063 -16.4566 6.53218 7.53363 
-16.2873 7.5095 7.40827 -16.1507 8.48372 7.23167 -16.0445 9.43773 6.95536 
-15.9472 10.359 6.5813 -15.8471 11.2274 6.09963 -15.7601 12.0338 5.51618 
-15.7053 12.7665 4.83975 -15.6914 13.4342 4.09658 -15.7325 14.0327 3.29745 
-15.8162 14.578 2.46378 -15.9466 15.0647 1.60045 -16.0767 15.5247 0.722126 
-16.1984 15.9941 -0.152323 -16.3362 16.4768 -1.01717 -16.5005 16.9248 -1.89539 
-16.6698 17.2733 -2.81493 -16.8147 17.3376 -3.78937 -16.9295 17.0845 -4.74127 
-17.0307 16.6595 -5.64038 -17.1313 16.2309 -6.53767 -17.2392 15.9085 -7.4766 
-17.3723 15.701 -8.44454 -17.558 15.5562 -9.41618 -17.7645 15.4207 -10.3848 
-17.8516 15.3463 -11.3731 -17.7174 15.43 -12.3495 -17.3508 15.6851 -13.2422 
-16.9352 15.9871 -14.0998 -16.5279 16.3269 -14.9474 -16.1409 16.7102 -15.7856 
-15.7802 17.1524 -16.6056 -31.0694 12.33 -21.041 -30.9824 11.8723 -20.1597 
-30.8355 11.5473 -19.2271 -30.6883 11.3554 -18.2578 -30.5734 11.1985 -17.277 
-30.4672 10.9448 -16.3174 -30.3577 10.5788 -15.3943 -30.2607 10.1006 -14.5228 
-30.2337 9.52231 -13.7104 -30.3768 8.8116 -13.0359 -30.7057 8.01435 -12.5388 
-31.1394 7.19156 -12.1728 -31.5742 6.3503 -11.8519 -31.9983 5.48768 -11.5771 
-32.4156 4.60884 -11.3465 -32.8372 3.71884 -11.1766 -33.265 2.82271 -11.0595 
-33.6515 1.91214 -10.9154 -33.9852 0.993334 -10.7106 -34.2159 0.0741094 -10.3989 
-34.3393 -0.827059 -9.98794 -34.3562 -1.69366 -9.49205 -34.2859 -2.52235 -8.93864 
-34.1332 -3.30273 -8.3336 -33.9073 -4.03356 -7.69088 -33.6215 -4.71241 -7.01527 
-33.2886 -5.3404 -6.31246 -32.9098 -5.91004 -5.58378 -32.4881 -6.42894 -4.84064 
-32.0196 -6.8861 -4.0858 -31.5052 -7.26548 -3.31776 -30.9348 -7.52658 -2.54061 
-30.327 -7.68407 -1.76383 -29.6802 -7.71681 -1.00343 -29.0044 -7.6615 -0.269743 
-28.2917 -7.51778 0.416054 -27.5452 -7.31483 1.04827 -26.7635 -7.0576 1.61536 
-25.95 -6.76316 2.11588 -25.127 -6.42725 2.57345 -24.309 -6.04834 3.00564 
-23.5161 -5.60861 3.42675 -22.7561 -5.10729 3.83857 -22.0511 -4.52191 4.2369 
-21.4101 -3.85883 4.62024 -20.9522 -3.27295 4.91426 -20.5342 -2.65918 5.21175 
-20.0424 -1.87882 5.59762 -19.5674 -1.0901 5.98784 -19.1003 -0.284749 6.35201 
-18.6488 0.548465 6.67011 -18.2363 1.42152 6.92799 -17.8514 2.32327 7.1225 
-17.5013 3.25063 7.24797 -17.1896 4.19815 7.31023 -16.9389 5.16524 7.28913 
-16.7334 6.13892 7.19713 -16.5465 7.10689 7.03168 -16.3842 8.06878 6.81345 
-16.2635 9.01699 6.52274 -16.1637 9.9326 6.13621 -16.0681 10.7993 5.64863 
-15.9653 11.6171 5.08362 -15.8932 12.3557 4.41595 -15.8693 13.0218 3.67163 
-15.9123 13.6041 2.86117 -16.0052 14.1188 2.00967 -16.121 14.5657 1.12287 
-16.2246 14.9927 0.224636 -16.3388 15.4427 -0.66078 -16.4943 15.9055 -1.53324 
-16.6703 16.3096 -2.42912 -16.8361 16.5685 -3.37535 -16.9662 16.5079 -4.35883 
-17.0861 16.2444 -5.3129 -17.2138 15.8919 -6.23956 -17.3511 15.6307 -7.193 
-17.5111 15.5066 -8.1711 -17.716 15.4405 -9.14724 -17.9558 15.3539 -10.1139 
-18.1299 15.2573 -11.0919 -18.0505 15.2976 -12.0772 -17.7081 15.5015 -12.9851 
-17.2544 15.8072 -13.8217 -16.8068 16.1403 -14.6514 -16.3924 16.5182 -15.4789 
-16.0039 16.9417 -16.297 -15.6687 17.4514 -17.0878 -29.998 12.787 -21.1493 
-30.0075 12.2901 -20.2839 -29.9597 11.9195 -19.3582 -29.9126 11.6697 -18.3921 
-29.917 11.4695 -17.4128 -29.942 11.2283 -16.4435 -29.9337 10.889 -15.5042 
-29.8952 10.4462 -14.6094 -29.8892 9.91212 -13.7668 -30.0422 9.23803 -13.0573 
-30.3673 8.463 -12.5219 -30.7996 7.65105 -12.1327 -31.2491 6.82281 -11.7989 
-31.668 5.96885 -11.4911 -32.0796 5.09624 -11.2295 -32.4901 4.20707 -11.0293 
-32.9061 3.30864 -10.8911 -33.3064 2.39841 -10.7875 -33.6488 1.47187 -10.6382 
-33.9019 0.535271 -10.4017 -34.0532 -0.392864 -10.0689 -34.0901 -1.29123 -9.63554 
-34.0348 -2.15342 -9.13415 -33.8874 -2.95973 -8.56304 -33.6682 -3.71861 -7.95125 
-33.3823 -4.42159 -7.30053 -33.0541 -5.07725 -6.62142 -32.678 -5.67847 -5.91705 
-32.2558 -6.22779 -5.19654 -31.7786 -6.71589 -4.46655 -31.2509 -7.13581 -3.72932 
-30.6607 -7.44722 -2.98622 -30.0258 -7.6598 -2.24563 -29.3423 -7.74514 -1.52165 
-28.6286 -7.74012 -0.822794 -27.8757 -7.6451 -0.173437 -27.0848 -7.49059 0.417565 
-26.253 -7.29057 0.933996 -25.3941 -7.05262 1.38633 -24.5211 -6.75892 1.77463 
-23.6478 -6.40825 2.11064 -22.7978 -5.98786 2.42645 -21.9707 -5.50854 2.71799 
-21.2062 -4.93815 3.01049 -20.5259 -4.28014 3.32966 -20.0086 -3.52078 3.7159 
-19.5355 -2.56001 4.25417 -19.1973 -1.7458 4.72573 -18.8654 -0.917618 5.17711 
-18.514 -0.0790941 5.59289 -18.1606 0.789336 5.93849 -17.8097 1.68615 6.205 
-17.4797 2.61344 6.37613 -17.1978 3.56767 6.46385 -16.9812 4.54259 6.44705 
-16.8284 5.5237 6.33778 -16.7074 6.49406 6.13217 -16.5907 7.44544 5.84905 
-16.4958 8.36826 5.47812 -16.413 9.25818 5.03059 -16.3192 10.0864 4.48094 
-16.2158 10.8396 3.83393 -16.1257 11.4925 3.08378 -16.0709 12.0583 2.26235 
-16.0479 12.5356 1.38504 -16.0294 12.938 0.470241 -16.0004 13.2778 -0.469602 
-16.0075 13.6251 -1.40676 -16.1535 14.0733 -2.28446 -16.4194 14.5891 -3.09729 
-16.7173 14.996 -3.95623 -16.9711 15.1423 -4.90131 -17.1796 15.059 -5.87443 
-17.3738 14.9567 -6.84963 -17.5613 14.958 -7.8314 -17.7724 14.9925 -8.80804 
-18.029 15.005 -9.77405 -18.2585 14.9746 -10.7455 -18.2954 15.0064 -11.7344 
-18.0063 15.1888 -12.6601 -17.5454 15.4739 -13.4994 -17.0711 15.8061 -14.3146 
-16.6282 16.1699 -15.1337 -16.2181 16.584 -15.9459 -15.8442 17.051 -16.7464 
-31.9759 12.4398 -21.0932 -31.8436 12.0271 -20.4228 -31.6358 11.6567 -19.519 
-31.4088 11.4126 -18.5782 -31.1881 11.2509 -17.6166 -30.9788 11.056 -16.6593 
-30.801 10.7145 -15.7377 -30.6528 10.2735 -14.8541 -30.5765 9.72222 -14.0257 
-30.6171 9.0617 -13.2832 -30.8613 8.27806 -12.7221 -31.2358 7.45572 -12.2987 
-31.634 6.60763 -11.95 -32.0322 5.74137 -11.649 -32.4222 4.8575 -11.3917 
-32.818 3.96287 -11.1871 -33.2315 3.06229 -11.0535 -33.6185 2.1515 -10.9114 
-33.9532 1.23102 -10.7154 -34.2061 0.307442 -10.4331 -34.3354 -0.598724 -10.0352 
-34.3633 -1.4747 -9.55675 -34.299 -2.31135 -9.01522 -34.1543 -3.10283 -8.42299 
-33.9283 -3.8414 -7.7889 -33.6474 -4.532 -7.12316 -33.3168 -5.16965 -6.42798 
-32.9446 -5.75504 -5.70841 -32.5242 -6.28021 -4.96896 -32.0615 -6.75393 -4.2206 
-31.5453 -7.13995 -3.45682 -30.9821 -7.43142 -2.68567 -30.3731 -7.60566 -1.91344 
-29.7283 -7.66828 -1.15322 -29.049 -7.62473 -0.422 -28.3373 -7.50172 0.268555 
-27.5872 -7.30842 0.899732 -26.8032 -7.06686 1.47067 -25.9842 -6.78449 1.96874 
-25.1514 -6.46439 2.41965 -24.3244 -6.09511 2.84316 -23.5115 -5.68064 3.25139 
-22.7398 -5.18822 3.65177 -22.0162 -4.61938 4.04048 -21.3712 -3.95429 4.41302 
-20.8035 -3.21704 4.7776 -20.4037 -2.59209 5.07599 -19.9375 -1.79747 5.4647 
-19.4827 -1.00053 5.86228 -19.0351 -0.191383 6.24225 -18.5971 0.646049 6.56761 
-18.1881 1.51898 6.83123 -17.8043 2.41954 7.03364 -17.4579 3.34882 7.15564 
-17.1549 4.29964 7.20338 -16.911 5.26785 7.16444 -16.7115 6.23981 7.04597 
-16.5309 7.203 6.84825 -16.3823 8.16072 6.60331 -16.2696 9.09799 6.27697 
-16.1749 9.99879 5.85548 -16.0769 10.8442 5.33206 -15.9766 11.6376 4.73371 
-15.9103 12.3469 4.03375 -15.8995 12.9804 3.26165 -15.953 13.5317 2.43056 
-16.0513 14.0109 1.55888 -16.1494 14.4363 0.659371 -16.2434 14.862 -0.240442 
-16.3753 15.3193 -1.11959 -16.5525 15.7761 -1.99109 -16.7389 16.147 -2.89825 
-16.9018 16.3042 -3.86463 -17.0337 16.1584 -4.83994 -17.1679 15.8671 -5.78617 
-17.3116 15.578 -6.73089 -17.4701 15.4296 -7.70496 -17.6585 15.3792 -8.68539 
-17.8933 15.3295 -9.65583 -18.12 15.2414 -10.625 -18.1786 15.219 -11.6135 
-17.938 15.3611 -12.5638 -17.5063 15.6289 -13.4226 -17.045 15.9539 -14.2482 
-16.6087 16.3057 -15.0761 -16.2066 16.7115 -15.8964 -15.8369 17.1694 -16.7038 
-15.5845 17.6052 -17.3249 -29.6532 7.27201 -12.7262 -30.0695 6.63841 -12.4722 
-30.6261 5.85456 -12.1981 -31.227 5.08735 -11.9767 -31.8188 4.30062 -11.8023 
-32.3804 3.48724 -11.6532 -32.8881 2.63448 -11.5335 -33.3466 1.75687 -11.3968 
-33.7401 0.863555 -11.1851 -34.0597 -0.030777 -10.878 -34.2606 -0.917212 -10.4663 
-34.3545 -1.78053 -9.97348 -34.3416 -2.60599 -9.41031 -34.2593 -3.39653 -8.80492 
-34.0921 -4.13943 -8.15835 -33.8593 -4.83292 -7.47716 -33.5703 -5.47535 -6.76806 
-33.2392 -6.07381 -6.03922 -32.8578 -6.61258 -5.28874 -32.4295 -7.09402 -4.5246 
-31.9501 -7.50394 -3.74991 -31.4251 -7.82346 -2.96261 -30.8552 -8.01682 -2.16572 
-30.2517 -8.1072 -1.37461 -29.6111 -8.0799 -0.608395 -28.9439 -7.97429 0.127573 
-28.2411 -7.78829 0.813064 -27.5087 -7.54288 1.44728 -26.7482 -7.24428 2.02292 
-25.9679 -6.90794 2.5497 -25.1816 -6.5319 3.03949 -24.4062 -6.11446 3.51284 
-23.6567 -5.64314 3.97707 -22.9362 -5.12302 4.4347 -22.2639 -4.53513 4.88365 
-21.636 -3.88326 5.30728 -21.1612 -3.32826 5.6335 -20.5943 -2.60736 6.03184 
-20.0429 -1.86755 6.4172 -19.5056 -1.10415 6.77515 -18.9914 -0.309059 7.09564 
-18.5173 0.522881 7.38325 -18.0806 1.38619 7.63424 -17.6781 2.2778 7.84029 
-17.3108 3.19401 7.99725 -16.993 4.1364 8.09627 -16.7277 5.09879 8.14146 
-16.5143 6.07528 8.12405 -16.3259 7.05521 8.06287 -16.1666 8.0357 7.95008 
-16.0284 9.01152 7.78356 -15.9064 9.96753 7.51983 -15.7896 10.8927 7.16216 
-15.6757 11.7629 6.68473 -15.5796 12.5816 6.12076 -15.5132 13.335 5.46741 
-15.4777 14.0304 4.75109 -15.4744 14.6705 3.98333 -15.4952 15.2685 3.1824 
-15.5381 15.8282 2.35504 -15.5947 16.3616 1.51113 -15.6589 16.8903 0.664772 
-15.737 17.4206 -0.179383 -15.8564 17.9183 -1.0375 -16.0403 18.3249 -1.93104 
-16.2524 18.5886 -2.869 -16.4754 18.5862 -3.82815 -16.6855 18.1896 -4.71434 
-16.8464 17.6782 -5.55777 -16.959 17.1804 -6.41718 -17.0336 16.7423 -7.312 
-17.1124 16.4012 -8.2482 -17.2299 16.1109 -9.19737 -17.3908 15.8816 -10.1566 
-17.5072 15.7605 -11.1398 -17.4283 15.8237 -12.126 -17.1546 16.0354 -13.0596 
-16.7943 16.3116 -13.9503 -16.4232 16.6235 -14.8247 -16.0623 16.9794 -15.6863 
-15.7246 17.4067 -16.5236 -15.4851 17.8211 -17.1639 -30.556 11.9094 -20.8512 
-30.5292 11.4868 -19.9484 -30.4249 11.2225 -18.9917 -30.3314 11.0557 -18.0108 
-30.2749 10.8911 -17.0267 -30.2015 10.6224 -16.0685 -30.095 10.2207 -15.1603 
-30.0063 9.70944 -14.3074 -30.0362 9.05505 -13.5599 -30.248 8.29535 -12.955 
-30.6545 7.48471 -12.5377 -31.1258 6.66958 -12.2031 -31.6095 5.84045 -11.9238 
-32.0963 4.99597 -11.702 -32.5658 4.13313 -11.5158 -33.027 3.2573 -11.3756 
-33.4632 2.36718 -11.2452 -33.8588 1.46627 -11.0697 -34.191 0.561534 -10.809 
-34.4149 -0.337368 -10.4399 -34.5279 -1.21371 -9.97512 -34.5484 -2.05886 -9.44378 
-34.4698 -2.86036 -8.85262 -34.3156 -3.62175 -8.2239 -34.0878 -4.33107 -7.55783 
-33.8081 -4.99316 -6.86336 -33.4778 -5.60347 -6.14398 -33.1071 -6.1603 -5.40118 
-32.6923 -6.66097 -4.64202 -32.2315 -7.09486 -3.86899 -31.7197 -7.4322 -3.07991 
-31.1724 -7.68122 -2.28214 -30.5856 -7.80785 -1.48375 -29.9646 -7.82608 -0.702088 
-29.309 -7.74682 0.0477763 -28.6212 -7.59467 0.75655 -27.8975 -7.36696 1.40691 
-27.1506 -7.08799 2.00954 -26.3788 -6.75735 2.55226 -25.594 -6.39026 3.05084 
-24.8173 -5.97608 3.52481 -24.0597 -5.51815 3.9895 -23.3329 -5.00574 4.44591 
-22.6437 -4.43569 4.89221 -22.0013 -3.79699 5.31431 -21.3955 -3.11462 5.72289 
-20.8211 -2.39825 6.11873 -20.2636 -1.6615 6.50119 -19.7212 -0.899313 6.85395 
-19.2025 -0.105545 7.17035 -18.725 0.727791 7.44776 -18.2804 1.58901 7.69268 
-17.8758 2.48236 7.88668 -17.5058 3.3988 8.03637 -17.1875 4.34158 8.12729 
-16.9254 5.30556 8.15784 -16.7069 6.28062 8.13153 -16.5136 7.25877 8.05745 
-16.3488 8.23644 7.9296 -16.2036 9.20802 7.74481 -16.0735 10.1602 7.47212 
-15.9481 11.0771 7.09635 -15.8287 11.9423 6.61112 -15.7311 12.757 6.04175 
-15.6691 13.5061 5.38296 -15.6403 14.1989 4.66374 -15.6459 14.8346 3.8926 
-15.6777 15.4244 3.08599 -15.7292 15.9751 2.25305 -15.7904 16.499 1.40351 
-15.8551 17.0166 0.550367 -15.9325 17.5271 -0.305898 -16.0555 18.0021 -1.17634 
-16.2324 18.3823 -2.08156 -16.4377 18.5754 -3.03599 -16.6475 18.4505 -3.98629 
-16.8244 18.0051 -4.86204 -16.9601 17.4986 -5.71324 -17.052 17.0343 -6.59314 
-17.1301 16.6602 -7.51624 -17.2341 16.3729 -8.46785 -17.3877 16.1304 -9.42524 
-17.5684 15.9255 -10.3863 -17.6606 15.8204 -11.3712 -17.5062 15.9205 -12.3469 
-17.1849 16.1485 -13.2626 -16.7967 16.435 -14.1384 -16.4139 16.7567 -15.0042 
-16.048 17.1284 -15.857 -15.7161 17.5736 -16.6867 -15.4839 18.0027 -17.3204 
-30.1878 6.72797 -12.6761 -30.7296 5.94208 -12.3797 -31.3123 5.16773 -12.135 
-31.9095 4.38617 -11.9556 -32.4732 3.57588 -11.7978 -32.9879 2.73 -11.6608 
-33.4521 1.85839 -11.507 -33.851 0.969338 -11.2854 -34.1912 0.0800971 -10.9853 
-34.4179 -0.798853 -10.5711 -34.5336 -1.65885 -10.0769 -34.5456 -2.48404 -9.51353 
-34.4805 -3.2748 -8.90662 -34.3264 -4.0204 -8.25958 -34.1131 -4.72431 -7.58274 
-33.8375 -5.37119 -6.87235 -33.5188 -5.97645 -6.14355 -33.1538 -6.52642 -5.39295 
-32.7429 -7.01521 -4.62413 -32.2819 -7.43612 -3.84382 -31.7749 -7.7667 -3.04928 
-31.2303 -7.99053 -2.24256 -30.65 -8.10198 -1.43713 -30.0324 -8.10014 -0.652134 
-29.3842 -8.01437 0.103391 -28.6998 -7.84363 0.811431 -27.9876 -7.61435 1.47384 
-27.2479 -7.31965 2.07788 -26.4924 -6.98242 2.63913 -25.7247 -6.6063 3.1575 
-24.9632 -6.19051 3.65418 -24.2241 -5.72027 4.13608 -23.5071 -5.21105 4.61181 
-22.8275 -4.64604 5.07894 -22.1811 -4.03199 5.5306 -21.575 -3.36245 5.95959 
-20.8807 -2.51679 6.4519 -20.3145 -1.79017 6.84078 -19.7634 -1.03477 7.19438 
-19.2362 -0.246532 7.51087 -18.747 0.579674 7.78933 -18.2935 1.43596 8.03483 
-17.8803 2.32269 8.24049 -17.5079 3.23547 8.40604 -17.185 4.1747 8.5165 
-16.9145 5.13555 8.5648 -16.6857 6.10865 8.55503 -16.4802 7.08537 8.49786 
-16.3 8.06224 8.38519 -16.1413 9.03596 8.22388 -16.0003 9.99952 7.998 
-15.868 10.9441 7.70034 -15.7433 11.8479 7.29362 -15.6257 12.7101 6.8028 
-15.5327 13.5164 6.21996 -15.4678 14.2726 5.56999 -15.4322 14.9698 4.85443 
-15.4142 15.6271 4.10147 -15.4102 16.2429 3.31381 -15.4165 16.8191 2.49682 
-15.4259 17.3665 1.66005 -15.4372 17.8993 0.813888 -15.4717 18.4185 -0.0397759 
-15.5533 18.8976 -0.91304 -15.7073 19.2775 -1.82193 -15.9427 19.4772 -2.76789 
-16.2352 19.4214 -3.71247 -16.55 19.0661 -4.58491 -16.8383 18.5491 -5.38955 
-17.0527 18.0232 -6.21165 -17.1688 17.5877 -7.10225 -17.2565 17.2427 -8.03603 
-17.3673 16.948 -8.98499 -17.5169 16.6757 -9.9353 -17.6426 16.4713 -10.9043 
-17.6203 16.408 -11.8944 -17.3519 16.5563 -12.8393 -16.982 16.7979 -13.7356 
-16.5978 17.0791 -14.6149 -16.2355 17.4044 -15.4879 -15.9063 17.7996 -16.3443 
-15.6293 18.2997 -17.1622 -29.1879 11.8956 -21.1436 -29.3085 11.4116 -20.2791 
-29.3536 11.0414 -19.3535 -29.3677 10.8029 -18.384 -29.4051 10.6259 -17.4007 
-29.4476 10.4067 -16.4273 -29.3831 10.0648 -15.492 -29.2451 9.63242 -14.6024 
-29.0916 9.08449 -13.7816 -29.1868 8.40839 -13.0881 -29.5819 7.63365 -12.6071 
-30.0775 6.8369 -12.2633 -30.6145 6.04192 -11.9818 -31.1697 5.24753 -11.7362 
-31.7194 4.43408 -11.548 -32.2579 3.60362 -11.4075 -32.7563 2.74257 -11.3091 
-33.2245 1.86334 -11.2227 -33.6286 0.964308 -11.061 -33.9663 0.0612985 -10.8024 
-34.1773 -0.835468 -10.4202 -34.2871 -1.71159 -9.95348 -34.2984 -2.55014 -9.41183 
-34.2264 -3.34942 -8.81643 -34.0687 -4.10182 -8.17782 -33.852 -4.80922 -7.50631 
-33.579 -5.46497 -6.80301 -33.2569 -6.0718 -6.07701 -32.8883 -6.62387 -5.32977 
-32.4766 -7.12466 -4.56916 -32.0076 -7.55071 -3.79616 -31.4955 -7.89358 -3.01019 
-30.9425 -8.12761 -2.21193 -30.3492 -8.238 -1.41681 -29.7169 -8.22825 -0.643696 
-29.0546 -8.12767 0.0979006 -28.3637 -7.95373 0.798857 -27.6465 -7.72094 1.45457 
-26.8988 -7.42247 2.04698 -26.134 -7.08737 2.59678 -25.3611 -6.71872 3.11276 
-24.5961 -6.30728 3.60767 -23.8535 -5.84331 4.09038 -23.1355 -5.33596 4.56624 
-22.4564 -4.77526 5.03902 -21.8148 -4.16094 5.49708 -21.212 -3.49012 5.92862 
-20.6329 -2.78774 6.34221 -20.07 -2.05799 6.73011 -19.5156 -1.30993 7.09424 
-18.9827 -0.527234 7.41496 -18.4843 0.289696 7.704 -18.0299 1.14207 7.96207 
-17.6077 2.01864 8.19201 -17.2292 2.92488 8.37775 -16.8896 3.85417 8.5206 
-16.6094 4.81042 8.59668 -16.3724 5.78121 8.61539 -16.1667 6.75883 8.57752 
-15.9833 7.73771 8.49026 -15.8264 8.71455 8.34739 -15.6908 9.68246 8.13866 
-15.5699 10.6304 7.84673 -15.4573 11.544 7.45912 -15.3489 12.4107 6.97399 
-15.2535 13.2278 6.40701 -15.186 13.9869 5.76023 -15.1402 14.6983 5.05976 
-15.1145 15.3608 4.3116 -15.1013 15.9859 3.53136 -15.1007 16.5717 2.72116 
-15.1082 17.133 1.89359 -15.1239 17.6803 1.05685 -15.1545 18.2241 0.2183 
-15.225 18.7431 -0.63288 -15.3446 19.1988 -1.51351 -15.5328 19.5026 -2.44303 
-15.7839 19.6 -3.39845 -16.1086 19.3194 -4.29102 -16.4482 18.8378 -5.09558 
-16.7296 18.2863 -5.87955 -16.9073 17.7765 -6.71831 -16.9825 17.3558 -7.62184 
-17.0394 16.9805 -8.54681 -17.1354 16.6487 -9.48461 -17.2627 16.386 -10.4398 
-17.3118 16.2897 -11.4275 -17.1902 16.3691 -12.4112 -16.9006 16.5858 -13.3423 
-16.5642 16.8479 -14.2465 -16.2216 17.1545 -15.1343 -15.8918 17.5076 -16.0096 
-15.5977 17.9732 -16.8419 -28.7938 12.5912 -21.1576 -28.8849 12.0996 -20.293 
-28.9422 11.6993 -19.3797 -28.9989 11.4193 -18.4223 -29.089 11.1899 -17.4534 
-29.1666 10.9263 -16.4927 -29.1751 10.5789 -15.5563 -29.1015 10.1492 -14.6581 
-28.9997 9.63127 -13.8111 -29.2034 8.9488 -13.1336 -29.6037 8.18432 -12.634 
-30.0819 7.38596 -12.2703 -30.5923 6.58161 -11.967 -31.1092 5.76819 -11.7007 
-31.6183 4.93737 -11.4777 -32.1237 4.08912 -11.3217 -32.6123 3.22392 -11.2112 
-33.071 2.33898 -11.1328 -33.4859 1.43838 -11.0121 -33.8167 0.524989 -10.7799 
-34.0455 -0.387821 -10.4494 -34.1542 -1.27836 -10.0129 -34.1612 -2.13499 -9.49954 
-34.0761 -2.94656 -8.92321 -33.9105 -3.71191 -8.30234 -33.6798 -4.42961 -7.64622 
-33.399 -5.1015 -6.96181 -33.0655 -5.71834 -6.24953 -32.6862 -6.28074 -5.51539 
-32.2558 -6.78852 -4.77003 -31.7717 -7.22647 -4.0136 -31.2343 -7.57653 -3.24791 
-30.6496 -7.81499 -2.4741 -30.0231 -7.93302 -1.70618 -29.3631 -7.94252 -0.956051 
-28.668 -7.84986 -0.243928 -27.9426 -7.69177 0.424591 -27.176 -7.47092 1.0263 
-26.3794 -7.21011 1.57099 -25.5525 -6.91502 2.04884 -24.7211 -6.57849 2.4904 
-23.8979 -6.19031 2.90382 -23.0961 -5.74555 3.30221 -22.3251 -5.2384 3.68588 
-21.6055 -4.65079 4.05252 -20.9745 -3.96555 4.41088 -20.5224 -3.37262 4.70051 
-20.1346 -2.74404 5.00602 -19.6868 -1.94471 5.40665 -19.2451 -1.14646 5.81615 
-18.8098 -0.332824 6.20092 -18.3855 0.511075 6.52801 -17.9892 1.38897 6.79403 
-17.6213 2.29821 6.98513 -17.2883 3.23403 7.09555 -17.0042 4.19124 7.1243 
-16.7771 5.16274 7.07405 -16.5983 6.13547 6.93018 -16.4349 7.10084 6.72809 
-16.305 8.05701 6.46769 -16.2046 8.98927 6.12457 -16.1174 9.87174 5.66335 
-16.0198 10.7132 5.13377 -15.9247 11.479 4.4992 -15.8627 12.1698 3.78114 
-15.8619 12.7753 2.98722 -15.9179 13.2993 2.13851 -16 13.75 1.25 
-16.08 14.1646 0.343567 -16.1699 14.5858 -0.558411 -16.311 15.0453 -1.43485 
-16.5105 15.5025 -2.30097 -16.7161 15.8652 -3.20624 -16.8874 15.9505 -4.18025 
-17.0332 15.8027 -5.15427 -17.1796 15.5308 -6.10511 -17.3312 15.323 -7.07 
-17.4977 15.2388 -8.0515 -17.7021 15.2067 -9.02954 -17.9473 15.1457 -9.99656 
-18.1447 15.0645 -10.9718 -18.0896 15.1096 -11.9572 -17.7818 15.2955 -12.8834 
-17.3293 15.5985 -13.7213 -16.8755 15.9307 -14.5481 -16.4529 16.3065 -15.3724 
-16.0567 16.7273 -16.1883 -15.7047 17.2209 -16.9818 -31.3482 12.0101 -20.9722 
-31.25 11.5625 -20.0867 -31.0821 11.2733 -19.1467 -30.9066 11.1148 -18.1762 
-30.7513 10.9741 -17.1989 -30.6008 10.74 -16.24 -30.4545 10.3486 -15.3333 
-30.3293 9.85492 -14.4741 -30.3055 9.24011 -13.6922 -30.4511 8.50519 -13.0412 
-30.8049 7.69664 -12.5807 -31.2444 6.87105 -12.2282 -31.6939 6.02893 -11.9313 
-32.1478 5.17159 -11.6894 -32.589 4.29836 -11.4837 -33.032 3.41545 -11.3295 
-33.46 2.5216 -11.1972 -33.8503 1.61767 -11.0251 -34.1702 0.707672 -10.7665 
-34.3895 -0.197464 -10.4083 -34.5016 -1.08004 -9.95543 -34.52 -1.93124 -9.43375 
-34.4391 -2.73835 -8.85061 -34.2829 -3.50429 -8.22794 -34.0482 -4.21554 -7.56645 
-33.7627 -4.88089 -6.87726 -33.4299 -5.49502 -6.1623 -33.0574 -6.05862 -5.42561 
-32.638 -6.56155 -4.67033 -32.1775 -7.0057 -3.90296 -31.6628 -7.34893 -3.11828 
-31.1094 -7.59976 -2.32576 -30.5146 -7.72789 -1.53305 -29.8872 -7.75012 -0.756746 
-29.2264 -7.67739 -0.0109023 -28.5343 -7.53106 0.695031 -27.8044 -7.30672 1.33963 
-27.0499 -7.03318 1.93521 -26.2696 -6.71076 2.47024 -25.4745 -6.3505 2.9575 
-24.6892 -5.93864 3.41918 -23.9233 -5.48444 3.87382 -23.1944 -4.96498 4.31871 
-22.5011 -4.39359 4.757 -21.8594 -3.74467 5.16428 -21.2595 -3.05002 5.56039 
-20.807 -2.46924 5.87323 -20.2598 -1.72429 6.25466 -19.7261 -0.959545 6.61531 
-19.2118 -0.166659 6.94112 -18.733 0.662445 7.22862 -18.2954 1.52711 7.47383 
-17.8896 2.41849 7.67378 -17.5222 3.33643 7.81953 -17.2017 4.27907 7.9065 
-16.9396 5.243 7.93099 -16.7249 6.21874 7.89744 -16.5345 7.19649 7.81273 
-16.3674 8.1731 7.68014 -16.2274 9.14129 7.47551 -16.1044 10.0893 7.18596 
-15.9853 10.9911 6.7725 -15.8707 11.8502 6.2759 -15.7849 12.6419 5.67202 
-15.7332 13.3727 4.99346 -15.728 14.0341 4.24458 -15.7596 14.6434 3.45268 
-15.8334 15.1933 2.6212 -15.9326 15.7068 1.76909 -16.0443 16.1929 0.902415 
-16.1453 16.6772 0.033354 -16.2572 17.1664 -0.831466 -16.3991 17.6179 -1.71144 
-16.5665 17.9653 -2.63202 -16.7334 18.076 -3.59731 -16.8808 17.7981 -4.53755 
-17.009 17.3388 -5.4156 -17.1112 16.8677 -6.29124 -17.2048 16.4729 -7.20362 
-17.3175 16.2037 -8.15924 -17.4762 15.9977 -9.12428 -17.6735 15.8214 -10.0885 
-17.8161 15.6877 -11.0676 -17.7385 15.7128 -12.0534 -17.4324 15.9138 -12.9769 
-17.0293 16.1974 -13.8467 -16.6231 16.5141 -14.7036 -16.2374 16.8756 -15.5521 
-15.8749 17.2896 -16.3862 -15.5688 17.8089 -17.183 -29.7455 12.1964 -21.3563 
-29.8081 11.8074 -20.6608 -29.8204 11.41 -19.7456 -29.787 11.1511 -18.7823 
-29.782 10.983 -17.7971 -29.7997 10.7896 -16.8168 -29.7725 10.4932 -15.8647 
-29.6714 10.0707 -14.9655 -29.5646 9.55514 -14.1168 -29.6092 8.89843 -13.3811 
-29.9095 8.12949 -12.8302 -30.3604 7.32561 -12.4447 -30.8616 6.52032 -12.1298 
-31.3821 5.70746 -11.8694 -31.8971 4.87779 -11.6554 -32.4013 4.03035 -11.4907 
-32.883 3.16328 -11.3661 -33.3343 2.2784 -11.254 -33.7411 1.37989 -11.0928 
-34.0733 0.475444 -10.8316 -34.2986 -0.425117 -10.4661 -34.4092 -1.30243 -10.0033 
-34.4223 -2.14751 -9.47104 -34.3427 -2.95003 -8.88138 -34.1884 -3.71219 -8.25361 
-33.9591 -4.4208 -7.58726 -33.6811 -5.08473 -6.89384 -33.351 -5.69553 -6.17478 
-32.9774 -6.25014 -5.43186 -32.5562 -6.74918 -4.67503 -32.089 -7.18252 -3.90562 
-31.5725 -7.52601 -3.12262 -31.0142 -7.7664 -2.33027 -30.4155 -7.88218 -1.53868 
-29.7859 -7.89577 -0.76365 -29.1237 -7.81491 -0.0201532 -28.4291 -7.65865 0.681095 
-27.6984 -7.42777 1.32265 -26.9426 -7.14944 1.91422 -26.16 -6.82304 2.44381 
-25.3671 -6.46192 2.934 -24.5836 -6.05076 3.39938 -23.8227 -5.59228 3.85793 
-23.0927 -5.0779 4.30691 -22.4017 -4.50824 4.75093 -21.7643 -3.85975 5.16535 
-21.1661 -3.16603 5.56591 -20.7136 -2.58669 5.88138 -20.168 -1.84156 6.26466 
-19.6347 -1.078 6.62844 -19.1201 -0.28656 6.95735 -18.6384 0.53799 7.25302 
-18.2017 1.40111 7.50523 -17.7953 2.29039 7.71331 -17.4261 3.20611 7.86809 
-17.1006 4.14567 7.96828 -16.8432 5.11105 7.99824 -16.6204 6.0857 7.98928 
-16.4289 7.06495 7.92705 -16.261 8.04449 7.81865 -16.1187 9.01919 7.64916 
-15.9931 9.97937 7.40263 -15.875 10.905 7.04646 -15.7579 11.7863 6.59157 
-15.6579 12.61 6.03553 -15.5844 13.379 5.40176 -15.5462 14.0816 4.69223 
-15.5407 14.7294 3.93095 -15.5614 15.3316 3.13334 -15.6028 15.8965 2.30939 
-15.6591 16.432 1.46679 -15.7199 16.9552 0.616787 -15.7946 17.4803 -0.230887 
-15.9044 17.9837 -1.08763 -16.0794 18.3962 -1.97932 -16.291 18.6651 -2.91609 
-16.5172 18.5971 -3.86812 -16.7294 18.2026 -4.75505 -16.8869 17.6837 -5.59467 
-17.0021 17.1812 -6.45126 -17.0783 16.7565 -7.3522 -17.1609 16.4209 -8.28988 
-17.2933 16.1509 -9.24316 -17.4601 15.9265 -10.2027 -17.5624 15.8176 -11.1872 
-17.4753 15.8769 -12.1734 -17.1818 16.0947 -13.1006 -16.8127 16.3694 -13.9881 
-16.4369 16.6854 -14.8591 -16.0728 17.044 -15.7183 -15.7362 17.4731 -16.5545 
-30.1193 7.0136 -12.8441 -30.4275 6.53727 -12.6489 -30.9748 5.75267 -12.3594 
-31.5537 4.97168 -12.1272 -32.1408 4.18116 -11.9537 -32.6926 3.36197 -11.7991 
-33.1976 2.50998 -11.6641 -33.6467 1.63479 -11.4882 -34.0318 0.746497 -11.2418 
-34.3424 -0.137169 -10.8973 -34.5319 -1.00961 -10.4511 -34.6268 -1.86049 -9.93661 
-34.6254 -2.67686 -9.36053 -34.5436 -3.45769 -8.74263 -34.3759 -4.19218 -8.08659 
-34.1455 -4.87936 -7.39843 -33.8596 -5.51384 -6.68066 -33.5325 -6.10666 -5.94548 
-33.158 -6.64224 -5.18921 -32.7413 -7.11701 -4.4146 -32.2735 -7.52016 -3.62902 
-31.7653 -7.83333 -2.8283 -31.2193 -8.02998 -2.01591 -30.6402 -8.12393 -1.20703 
-30.0212 -8.10374 -0.423256 -29.3696 -7.99802 0.326862 -28.6827 -7.81517 1.02959 
-27.9711 -7.57637 1.68906 -27.233 -7.26973 2.28953 -26.4827 -6.92184 2.85119 
-25.7227 -6.53141 3.3704 -24.9711 -6.10292 3.87134 -24.241 -5.62321 4.35762 
-23.5353 -5.10273 4.83774 -22.8666 -4.52687 5.30755 -22.2271 -3.90717 5.76173 
-21.6233 -3.23731 6.19337 -21.042 -2.53787 6.60892 -20.4718 -1.8162 7.00108 
-19.916 -1.06737 7.36113 -19.3884 -0.27948 7.67765 -18.8931 0.542969 7.9563 
-18.4339 1.39637 8.2022 -18.013 2.27836 8.41189 -17.6387 3.18986 8.58005 
-17.3079 4.12503 8.70189 -17.0316 5.08397 8.75625 -16.7938 6.05498 8.75661 
-16.5806 7.03055 8.70707 -16.3854 8.00638 8.61176 -16.2143 8.97953 8.4598 
-16.0607 9.94562 8.25415 -15.9206 10.896 7.97816 -15.7914 11.8139 7.60643 
-15.671 12.6877 7.13691 -15.569 13.5147 6.58571 -15.4984 14.2864 5.95474 
-15.4516 15.0106 5.26754 -15.4244 15.6885 4.53337 -15.4099 16.327 3.76421 
-15.4064 16.9202 2.95935 -15.4053 17.4803 2.13112 -15.4031 18.0141 1.28556 
-15.4145 18.5327 0.43076 -15.4631 19.0226 -0.439078 -15.5724 19.4438 -1.33751 
-15.7782 19.7015 -2.27767 -16.0574 19.7731 -3.23048 -16.3918 19.5401 -4.1356 
-16.7349 19.0927 -4.95705 -17.0435 18.562 -5.74584 -17.2621 18.0812 -6.59191 
-17.3884 17.7157 -7.5122 -17.5057 17.434 -8.4642 -17.6629 17.1677 -9.41503 
-17.8387 16.9003 -10.3622 -17.9194 16.7017 -11.3338 -17.7792 16.6828 -12.3102 
-17.3962 16.8835 -13.2096 -16.9758 17.1412 -14.0794 -16.5841 17.4355 -14.9508 
-16.2295 17.7845 -15.8173 -15.922 18.2167 -16.6631 -31.3374 12.6611 -21.4876 
-31.329 12.3125 -21.0015 -31.2129 11.857 -20.1225 -31.0399 11.5433 -19.1912 
-30.8549 11.3494 -18.2284 -30.7083 11.1937 -17.2517 -30.5771 10.9857 -16.2836 
-30.4584 10.6383 -15.3558 -30.357 10.1772 -14.4751 -30.3117 9.63244 -13.641 
-30.4371 8.94068 -12.9392 -30.7425 8.15658 -12.412 -31.1646 7.3378 -12.0253 
-31.583 6.49822 -11.6797 -31.9746 5.63135 -11.3719 -32.3622 4.74779 -11.11 
-32.7492 3.84833 -10.9091 -33.1476 2.94165 -10.7727 -33.5136 2.01979 -10.6484 
-33.8194 1.0848 -10.4747 -34.0338 0.145823 -10.2108 -34.1575 -0.778569 -9.85622 
-34.1624 -1.66372 -9.39405 -34.0865 -2.51105 -8.87028 -33.9227 -3.29999 -8.27961 
-33.6962 -4.04651 -7.65483 -33.407 -4.73612 -6.99161 -33.0749 -5.37595 -6.29945 
-32.6981 -5.96022 -5.58125 -32.2797 -6.49411 -4.84718 -31.8016 -6.9547 -4.10007 
-31.2774 -7.34115 -3.34285 -30.7001 -7.62037 -2.5774 -30.084 -7.79589 -1.81061 
-29.4276 -7.83953 -1.05918 -28.7448 -7.79576 -0.33115 -28.0259 -7.65831 0.349014 
-27.2724 -7.45933 0.974779 -26.4839 -7.21068 1.53583 -25.6682 -6.92731 2.03965 
-24.8399 -6.59997 2.4936 -24.0169 -6.22462 2.91929 -23.2087 -5.8009 3.32714 
-22.4326 -5.31043 3.7219 -21.6988 -4.74809 4.10077 -21.0334 -4.09855 4.46531 
-20.5655 -3.51828 4.75427 -20.0542 -2.74572 5.12871 -19.5869 -1.95596 5.52584 
-19.1342 -1.16436 5.93616 -18.6879 -0.357964 6.32327 -18.2551 0.479553 6.65528 
-17.8532 1.35039 6.93697 -17.4769 2.25032 7.15496 -17.1294 3.17609 7.29925 
-16.8261 4.12539 7.37282 -16.5858 5.09528 7.38014 -16.3959 6.07469 7.31892 
-16.2242 7.05269 7.2025 -16.083 8.02877 7.03911 -15.9779 8.99874 6.82245 
-15.8914 9.93468 6.48481 -15.8059 10.8286 6.04766 -15.7214 11.6555 5.49435 
-15.6532 12.4208 4.85612 -15.6227 13.1098 4.13279 -15.6374 13.7388 3.35687 
-15.7062 14.3048 2.53608 -15.8172 14.8202 1.68681 -15.9508 15.2912 0.814935 
-16.0815 15.7627 -0.0570905 -16.2292 16.2556 -0.9144 -16.4028 16.7274 -1.77837 
-16.5871 17.1136 -2.68043 -16.7434 17.2597 -3.64339 -16.8587 17.0452 -4.60598 
-16.9599 16.6448 -5.51545 -17.056 16.2175 -6.414 -17.1539 15.8621 -7.3422 
-17.2761 15.6365 -8.30782 -17.4402 15.4697 -9.27963 -17.6395 15.3312 -10.2494 
-17.7668 15.2493 -11.2343 -17.6487 15.3437 -12.2145 -17.3314 15.5784 -13.1283 
-16.9313 15.8778 -13.9942 -16.529 16.2094 -14.8474 -16.1463 16.5898 -15.6889 
-15.785 17.0231 -16.5139 -15.5253 17.4401 -17.1445 -30.2013 11.8762 -21.2038 
-30.2401 11.5914 -20.6775 -30.2369 11.1999 -19.7601 -30.1703 10.9388 -18.7994 
-30.1189 10.7936 -17.8118 -30.0987 10.6391 -16.8242 -30.0379 10.3598 -15.8689 
-29.9222 9.95578 -14.9633 -29.8228 9.43092 -14.1201 -29.8148 8.7953 -13.3589 
-30.0676 8.0296 -12.7763 -30.4918 7.22723 -12.3671 -30.9932 6.42028 -12.0561 
-31.5079 5.60714 -11.7854 -32.0081 4.76801 -11.5727 -32.4989 3.91381 -11.4023 
-32.9716 3.04106 -11.2833 -33.4214 2.15478 -11.1765 -33.8176 1.25294 -11.0086 
-34.1601 0.347325 -10.7657 -34.3786 -0.551015 -10.3913 -34.4987 -1.42965 -9.931 
-34.5162 -2.27063 -9.39285 -34.4582 -3.07796 -8.80665 -34.307 -3.83433 -8.17182 
-34.0901 -4.54578 -7.50451 -33.8184 -5.20643 -6.80535 -33.4977 -5.81836 -6.08301 
-33.1361 -6.37898 -5.33867 -32.7353 -6.88665 -4.57673 -32.2851 -7.32336 -3.79875 
-31.7907 -7.68215 -3.00795 -31.2518 -7.92029 -2.20152 -30.6834 -8.06078 -1.3923 
-30.076 -8.08184 -0.599607 -29.4381 -8.01705 0.167103 -28.7652 -7.86475 0.890113 
-28.0625 -7.64794 1.56665 -27.332 -7.3613 2.18548 -26.5875 -7.0296 2.76437 
-25.8319 -6.65728 3.30285 -25.0793 -6.24087 3.8125 -24.3439 -5.77917 4.30791 
-23.6315 -5.27377 4.79446 -22.9505 -4.722 5.27522 -22.305 -4.11889 5.7429 
-21.6919 -3.46812 6.19003 -20.9906 -2.63827 6.69904 -20.4193 -1.92349 7.1021 
-19.8625 -1.17722 7.46635 -19.3291 -0.396271 7.78979 -18.8245 0.418309 8.07512 
-18.3528 1.26162 8.33149 -17.9259 2.13894 8.54941 -17.54 3.04223 8.73501 
-17.2049 3.97404 8.87031 -16.909 4.92488 8.9572 -16.6629 5.89353 8.97481 
-16.4431 6.86821 8.94176 -16.2462 7.84394 8.84903 -16.0699 8.81783 8.70782 
-15.9146 9.78549 8.51111 -15.7761 10.7373 8.24022 -15.651 11.6637 7.88676 
-15.5349 12.5504 7.44166 -15.4311 13.3916 6.91227 -15.3498 14.1874 6.31348 
-15.2963 14.9293 5.64574 -15.2607 15.627 4.93076 -15.2379 16.2828 4.17655 
-15.2248 16.8979 3.38853 -15.218 17.472 2.57001 -15.2112 18.018 1.73224 
-15.2138 18.5457 0.88294 -15.2421 19.0551 0.023077 -15.321 19.5123 -0.861892 
-15.4632 19.8689 -1.7821 -15.6934 20.0468 -2.73391 -16.0079 19.9829 -3.67343 
-16.382 19.6505 -4.53234 -16.7779 19.1588 -5.30635 -17.146 18.6392 -6.07505 
-17.3857 18.2057 -6.93894 -17.5285 17.8848 -7.87401 -17.6706 17.6155 -8.82635 
-17.8579 17.3328 -9.7669 -18.0508 17.0409 -10.7034 -18.0937 16.8568 -11.6745 
-17.8468 16.8989 -12.6277 -17.4012 17.1292 -13.4922 -16.9599 17.3949 -14.3492 
-16.569 17.6986 -15.2174 -16.2231 18.0709 -16.0778 -29.4467 12.8707 -21.4472 
-29.5118 12.4486 -20.7718 -29.5399 11.9997 -19.8806 -29.5293 11.6813 -18.9342 
-29.5421 11.4484 -17.9625 -29.5984 11.2363 -16.987 -29.6286 10.9552 -16.0296 
-29.6003 10.5639 -15.1108 -29.5453 10.0898 -14.2332 -29.5816 9.49158 -13.4398 
-29.8417 8.76795 -12.819 -30.2616 7.97196 -12.3881 -30.7299 7.16136 -12.0381 
-31.2121 6.33804 -11.739 -31.6699 5.49128 -11.4693 -32.1266 4.62586 -11.2647 
-32.5784 3.74732 -11.1114 -33.0232 2.85721 -11.0158 -33.437 1.95322 -10.9142 
-33.7784 1.03312 -10.7297 -34.0278 0.108639 -10.449 -34.1603 -0.80094 -10.0598 
-34.1958 -1.68008 -9.58768 -34.1262 -2.51399 -9.04216 -33.9753 -3.29919 -8.4435 
-33.7508 -4.03559 -7.80621 -33.4757 -4.72762 -7.13952 -33.1476 -5.36287 -6.44096 
-32.776 -5.94591 -5.7194 -32.3536 -6.47247 -4.98223 -31.88 -6.93649 -4.23466 
-31.3513 -7.3173 -3.47692 -30.7765 -7.60382 -2.71233 -30.1539 -7.76627 -1.94935 
-29.4953 -7.81975 -1.19968 -28.8013 -7.76325 -0.483313 -28.0739 -7.63104 0.188633 
-27.3087 -7.43715 0.801487 -26.5091 -7.20288 1.35348 -25.6793 -6.92827 1.83803 
-24.8337 -6.61498 2.26944 -23.9979 -6.24244 2.67209 -23.1765 -5.82045 3.05485 
-22.3875 -5.32671 3.41926 -21.6488 -4.75838 3.77836 -20.997 -4.08799 4.12532 
-20.4382 -3.34038 4.48265 -19.9862 -2.54109 4.87619 -19.5744 -1.72909 5.28974 
-19.1611 -0.918092 5.70372 -18.752 -0.0899431 6.08618 -18.3487 0.766905 6.40547 
-17.9651 1.65563 6.65399 -17.6104 2.57529 6.81958 -17.2966 3.51981 6.90261 
-17.045 4.48608 6.87989 -16.852 5.46021 6.76968 -16.694 6.42866 6.5794 
-16.5476 7.38413 6.32516 -16.4324 8.31523 5.98292 -16.3392 9.21078 5.54919 
-16.2438 10.0611 5.03394 -16.1397 10.8497 4.4297 -16.0513 11.539 3.71287 
-16.0035 12.1402 2.91711 -15.9995 12.6677 2.06843 -16.0233 13.1283 1.1818 
-16.045 13.5158 0.260342 -16.0809 13.8939 -0.664442 -16.1901 14.321 -1.55988 
-16.3927 14.8012 -2.41249 -16.6414 15.2272 -3.27932 -16.8727 15.4522 -4.21776 
-17.0631 15.3826 -5.19405 -17.2454 15.2087 -6.16133 -17.4264 15.1002 -7.13722 
-17.6137 15.0906 -8.11884 -17.8398 15.1073 -9.09248 -18.1006 15.0876 -10.0573 
-18.2905 15.0533 -11.0351 -18.2376 15.1234 -12.0196 -17.8615 15.3437 -12.9121 
-17.3927 15.6444 -13.7418 -16.9275 15.9829 -14.5595 -16.4938 16.3549 -15.3798 
-16.0968 16.7846 -16.1906 -15.7376 17.2707 -16.9862 -33.1181 12.6147 -21.493 
-33.096 12.1028 -20.8846 -32.909 11.6328 -20.0246 -32.6585 11.286 -19.1231 
-32.3417 11.0569 -18.2037 -31.9758 10.8798 -17.2903 -31.6078 10.6371 -16.394 
-31.281 10.2895 -15.5177 -31.0598 9.80049 -14.6758 -30.9529 9.21074 -13.8796 
-31.0033 8.50038 -13.1857 -31.2248 7.7003 -12.638 -31.5842 6.85657 -12.2412 
-31.9773 6.00006 -11.908 -32.3772 5.12605 -11.6326 -32.7739 4.23862 -11.3996 
-33.1872 3.34423 -11.2296 -33.5929 2.44244 -11.0816 -33.9663 1.53228 -10.9044 
-34.2846 0.618629 -10.6583 -34.4835 -0.286207 -10.2864 -34.598 -1.17105 -9.83719 
-34.6054 -2.01724 -9.30692 -34.5359 -2.82774 -8.72696 -34.3784 -3.58903 -8.09919 
-34.1568 -4.30808 -7.44146 -33.8767 -4.97366 -6.75012 -33.5518 -5.59072 -6.03413 
-33.1838 -6.1521 -5.29338 -32.7816 -6.66374 -4.53483 -32.3268 -7.0981 -3.75813 
-31.8349 -7.46079 -2.96757 -31.2975 -7.7058 -2.16216 -30.7299 -7.85524 -1.35394 
-30.1257 -7.88612 -0.559025 -29.4893 -7.82795 0.209133 -28.8151 -7.68167 0.932356 
-28.1123 -7.47229 1.61095 -27.3812 -7.1908 2.23154 -26.635 -6.86093 2.80905 
-25.8747 -6.48677 3.33968 -25.1183 -6.06851 3.84213 -24.3794 -5.60478 4.33039 
-23.663 -5.09846 4.81004 -22.9782 -4.54436 5.28254 -22.3293 -3.93601 5.73864 
-21.7141 -3.2808 6.17627 -21.1265 -2.58908 6.59584 -20.5545 -1.87418 6.99767 
-19.994 -1.13261 7.36571 -19.4607 -0.351936 7.69021 -18.952 0.45805 7.98133 
-18.4806 1.3016 8.23751 -18.0471 2.17488 8.4583 -17.6598 3.07828 8.63992 
-17.3181 4.00753 8.77696 -17.0282 4.96104 8.85137 -16.7782 5.92865 8.87215 
-16.5598 6.90345 8.83334 -16.3603 7.8792 8.74625 -16.1851 8.85261 8.60088 
-16.028 9.82014 8.40442 -15.8876 10.7707 8.12993 -15.7582 11.6972 7.77908 
-15.6387 12.579 7.32497 -15.5323 13.4179 6.79244 -15.4549 14.2045 6.18063 
-15.401 14.945 5.5116 -15.3688 15.6343 4.7884 -15.3482 16.2879 4.03207 
-15.3393 16.8933 3.23659 -15.3349 17.4615 2.41391 -15.3294 18.0012 1.57215 
-15.3321 18.5251 0.720455 -15.369 19.023 -0.145629 -15.4569 19.4681 -1.03583 
-15.6276 19.7824 -1.96619 -15.8826 19.9151 -2.9186 -16.2137 19.7792 -3.84398 
-16.5732 19.3984 -4.69017 -16.9313 18.8788 -5.46537 -17.2301 18.3695 -6.26964 
-17.3941 17.976 -7.1718 -17.5172 17.6777 -8.11742 -17.6663 17.4121 -9.06969 
-17.8518 17.1342 -10.0121 -18.0111 16.8685 -10.9619 -17.9806 16.7439 -11.9415 
-17.6414 16.8788 -12.8622 -17.2105 17.1188 -13.7317 -16.7942 17.396 -14.5973 
-16.4183 17.7135 -15.4672 -16.0892 18.1132 -16.3221 -30.1763 7.35191 -13.0194 
-30.5355 6.70776 -12.7181 -31.0585 5.91286 -12.4117 -31.6143 5.11822 -12.1701 
-32.1906 4.32116 -11.9907 -32.7345 3.49639 -11.8376 -33.2406 2.64592 -11.6961 
-33.6898 1.77122 -11.5179 -34.0796 0.883615 -11.2761 -34.3964 -0.000152558 -10.9363 
-34.6139 -0.872803 -10.5045 -34.7112 -1.72151 -9.9868 -34.7254 -2.54166 -9.41623 
-34.6469 -3.32093 -8.79587 -34.4938 -4.06376 -8.14536 -34.2639 -4.75184 -7.45785 
-33.9834 -5.39184 -6.74323 -33.6563 -5.98547 -6.00846 -33.2906 -6.53168 -5.2554 
-32.8782 -7.00965 -4.48052 -32.4225 -7.42492 -3.69402 -31.9222 -7.74699 -2.89188 
-31.389 -7.96843 -2.07692 -30.815 -8.06052 -1.26429 -30.2118 -8.06817 -0.467656 
-29.5693 -7.97574 0.292085 -28.8974 -7.82008 1.01504 -28.192 -7.59003 1.68439 
-27.4623 -7.29663 2.30133 -26.7189 -6.95295 2.87416 -25.9653 -6.56871 3.40707 
-25.2171 -6.14047 3.91349 -24.4846 -5.67132 4.40634 -23.7791 -5.15351 4.88952 
-23.1035 -4.59073 5.36524 -22.462 -3.9756 5.82291 -21.7337 -3.17893 6.34639 
-21.1505 -2.48263 6.76451 -20.5787 -1.76176 7.15573 -20.0239 -1.01147 7.51447 
-19.496 -0.223776 7.83099 -18.9979 0.59745 8.10831 -18.5357 1.44976 8.35241 
-18.1111 2.33006 8.56192 -17.7387 3.24265 8.72829 -17.4075 4.17752 8.85139 
-17.1281 5.1355 8.90876 -16.8882 6.10588 8.9093 -16.6731 7.08076 8.85599 
-16.4753 8.05545 8.75465 -16.3007 9.02656 8.59384 -16.1432 9.98971 8.37786 
-16.0014 10.9342 8.08373 -15.8696 11.8492 7.70493 -15.7487 12.7205 7.23106 
-15.6481 13.545 6.67554 -15.5788 14.3153 6.04283 -15.5331 15.0385 5.35453 
-15.5083 15.7119 4.61587 -15.495 16.347 3.84407 -15.4914 16.9387 3.03818 
-15.4887 17.4945 2.20707 -15.4839 18.0218 1.3574 -15.4938 18.5322 0.497692 
-15.5511 19.0034 -0.381809 -15.6749 19.397 -1.2909 -15.8961 19.6199 -2.23415 
-16.188 19.6385 -3.18635 -16.5031 19.3721 -4.08829 -16.8102 18.8964 -4.91008 
-17.069 18.3688 -5.71857 -17.2528 17.8867 -6.57285 -17.3667 17.5272 -7.49764 
-17.4812 17.2495 -8.45113 -17.6357 16.9941 -9.40536 -17.8107 16.7411 -10.3566 
-17.8906 16.5596 -11.3316 -17.7518 16.555 -12.3091 -17.3748 16.7614 -13.2098 
-16.9589 17.0242 -14.0802 -16.5654 17.325 -14.9486 -16.207 17.6777 -15.8122 
-15.894 18.1092 -16.6564 -31.3783 11.8084 -21.0541 -31.2968 11.3756 -20.1593 
-31.141 11.0798 -19.2193 -30.9611 10.9319 -18.2478 -30.7981 10.8103 -17.2689 
-30.6333 10.5708 -16.3145 -30.4609 10.1992 -15.404 -30.3213 9.69785 -14.5521 
-30.2756 9.07842 -13.7744 -30.4178 8.33088 -13.1373 -30.7695 7.52098 -12.6797 
-31.2223 6.69796 -12.3387 -31.6917 5.86444 -12.0492 -32.1815 5.02113 -11.8289 
-32.6533 4.16057 -11.6378 -33.1168 3.28673 -11.4919 -33.5569 2.40075 -11.3474 
-33.9508 1.50258 -11.1544 -34.2901 0.603055 -10.8837 -34.5217 -0.288928 -10.5025 
-34.6497 -1.16228 -10.0355 -34.6749 -2.00116 -9.49408 -34.6192 -2.80596 -8.90465 
-34.4673 -3.56286 -8.26983 -34.253 -4.27822 -7.60588 -33.9781 -4.9394 -6.90883 
-33.6571 -5.55465 -6.18924 -33.2899 -6.11149 -5.44472 -32.8863 -6.61767 -4.68309 
-32.4371 -7.05684 -3.90606 -31.9453 -7.41677 -3.11458 -31.4103 -7.66801 -2.30941 
-30.84 -7.80944 -1.50154 -30.2349 -7.84193 -0.707977 -29.5948 -7.77968 0.0568788 
-28.9187 -7.63583 0.778355 -28.213 -7.42902 1.45531 -27.4774 -7.14967 2.0715 
-26.7241 -6.82288 2.64162 -25.955 -6.45265 3.16172 -25.1881 -6.04074 3.65341 
-24.4414 -5.57613 4.1291 -23.7194 -5.06738 4.59739 -23.0303 -4.50591 5.05459 
-22.3747 -3.89202 5.49336 -21.7553 -3.23216 5.91835 -21.0461 -2.39777 6.40848 
-20.4744 -1.67764 6.80138 -19.915 -0.932229 7.16325 -19.3816 -0.150746 7.48576 
-18.8826 0.667538 7.77014 -18.417 1.51533 8.02275 -17.9904 2.39393 8.23548 
-17.607 3.30085 8.40763 -17.2777 4.23758 8.5221 -16.992 5.19331 8.58534 
-16.7557 6.1646 8.58382 -16.5451 7.14052 8.53205 -16.3575 8.11684 8.42714 
-16.1926 9.09049 8.27143 -16.0463 10.0547 8.05203 -15.9108 10.9995 7.75682 
-15.7839 11.9046 7.35357 -15.6647 12.7693 6.86743 -15.5707 13.5775 6.28781 
-15.5061 14.3347 5.63871 -15.4697 15.0355 4.92684 -15.4513 15.6936 4.17467 
-15.4461 16.3105 3.38796 -15.4504 16.8902 2.57335 -15.456 17.4371 1.73628 
-15.4629 17.9673 0.888441 -15.4926 18.4821 0.0318617 -15.5662 18.9599 -0.842812 
-15.722 19.3269 -1.7569 -15.955 19.5358 -2.70279 -16.249 19.4973 -3.64834 
-16.5672 19.1548 -4.52303 -16.8636 18.6402 -5.32642 -17.0935 18.1147 -6.14466 
-17.2272 17.6712 -7.02866 -17.3246 17.3353 -7.96465 -17.4461 17.0545 -8.91646 
-17.6041 16.7889 -9.86738 -17.7422 16.5678 -10.8315 -17.7355 16.4734 -11.8195 
-17.4656 16.6031 -12.7649 -17.083 16.8412 -13.6567 -16.6877 17.1222 -14.5309 
-16.318 17.444 -15.4022 -15.9851 17.8345 -16.26 -15.7043 18.323 -17.0833 
-28.2628 11.924 -20.3352 -28.3463 11.575 -19.6213 -28.4345 11.2257 -18.6894 
-28.5378 10.964 -17.7301 -28.6501 10.7073 -16.7704 -28.6905 10.3801 -15.8282 
-28.6019 9.98783 -14.9153 -28.4922 9.5205 -14.0398 -28.6626 8.92558 -13.2915 
-29.0778 8.19926 -12.7493 -29.556 7.41638 -12.3562 -30.0724 6.61801 -12.0474 
-30.6049 5.81651 -11.7755 -31.1466 5.00816 -11.5461 -31.6855 4.1849 -11.3706 
-32.2135 3.34339 -11.2598 -32.7084 2.47772 -11.1886 -33.1577 1.58844 -11.1107 
-33.547 0.683789 -10.9491 -33.8306 -0.225311 -10.651 -34.0012 -1.12641 -10.2577 
-34.0724 -2.00137 -9.78195 -34.0419 -2.83257 -9.22958 -33.9338 -3.61836 -8.62232 
-33.7533 -4.36293 -7.98038 -33.5083 -5.05505 -7.30237 -33.216 -5.70247 -6.59924 
-32.8736 -6.29447 -5.87021 -32.4816 -6.83379 -5.12561 -32.0389 -7.3149 -4.36991 
-31.544 -7.72423 -3.60463 -30.9924 -8.01536 -2.82454 -30.4012 -8.19799 -2.04057 
-29.768 -8.25656 -1.27051 -29.1056 -8.21679 -0.523752 -28.4114 -8.08082 0.18182 
-27.6889 -7.88154 0.842854 -26.9336 -7.62585 1.44533 -26.1499 -7.32533 1.988 
-25.3472 -6.99192 2.48213 -24.5453 -6.62608 2.95429 -23.7556 -6.20785 3.40226 
-22.9874 -5.74363 3.84275 -22.2459 -5.22184 4.26308 -21.556 -4.62949 4.6771 
-21.0434 -4.0988 4.98536 -20.5693 -3.5289 5.28531 -20.1213 -2.93854 5.58617 
-19.5922 -2.18491 5.97602 -19.0759 -1.41975 6.36049 -18.5788 -0.627291 6.71312 
-18.1126 0.193863 7.04175 -17.6896 1.05101 7.33412 -17.2933 1.93625 7.57644 
-16.9282 2.84818 7.76148 -16.6057 3.78516 7.89029 -16.3421 4.74649 7.96065 
-16.1341 5.72402 7.97079 -15.9561 6.70722 7.93353 -15.8003 7.69067 7.84611 
-15.6728 8.67048 7.69504 -15.5658 9.63644 7.46366 -15.4713 10.5728 7.12895 
-15.3753 11.4666 6.69374 -15.2885 12.2934 6.13942 -15.2178 13.0658 5.50969 
-15.1698 13.7728 4.80505 -15.1471 14.4302 4.05244 -15.1491 15.0445 3.26358 
-15.1704 15.6265 2.45093 -15.2108 16.1821 1.62052 -15.265 16.7271 0.783882 
-15.3374 17.2836 -0.0436873 -15.4392 17.8281 -0.876044 -15.5849 18.3109 -1.73748 
-15.7818 18.6417 -2.6563 -16.0098 18.7317 -3.60996 -16.2656 18.4031 -4.50247 
-16.4709 17.8722 -5.3234 -16.6171 17.3339 -6.15282 -16.7009 16.8532 -7.02454 
-16.7533 16.4473 -7.93615 -16.8184 16.1094 -8.87474 -16.9169 15.8253 -9.82779 
-17.0298 15.6702 -10.8066 -17.041 15.7075 -11.7981 -16.8743 15.9042 -12.7614 
-16.5961 16.167 -13.6844 -16.277 16.4651 -14.5838 -15.9508 16.7935 -15.4701 
-15.6251 17.1923 -16.3262 -15.3202 17.6945 -17.1338 -28.5634 12.5931 -21.0847 
-28.6434 12.1906 -20.3985 -28.7148 11.7789 -19.4912 -28.7826 11.4656 -18.5452 
-28.8836 11.2233 -17.5805 -28.9838 10.9624 -16.6208 -29.0097 10.6187 -15.6837 
-28.9422 10.2027 -14.7779 -28.8598 9.69833 -13.9217 -29.0038 9.06329 -13.1875 
-29.4187 8.30365 -12.6922 -29.8888 7.51094 -12.3066 -30.4007 6.70798 -12.0025 
-30.9206 5.89828 -11.7305 -31.439 5.07451 -11.5025 -31.9519 4.23344 -11.3334 
-32.4511 3.37411 -11.2245 -32.9225 2.49566 -11.1486 -33.3483 1.59788 -11.0456 
-33.7032 0.6866 -10.8442 -33.9483 -0.226746 -10.5289 -34.079 -1.12668 -10.1164 
-34.0956 -1.9894 -9.61345 -34.0323 -2.81518 -9.05492 -33.8815 -3.58924 -8.44107 
-33.6666 -4.32061 -7.79494 -33.3908 -4.99794 -7.11401 -33.0668 -5.62656 -6.40758 
-32.6902 -6.19463 -5.67632 -32.2693 -6.71832 -4.93637 -31.7854 -7.16297 -4.18346 
-31.2552 -7.53979 -3.42493 -30.6716 -7.79995 -2.65725 -30.0495 -7.95351 -1.8919 
-29.3872 -7.98177 -1.14448 -28.6941 -7.91343 -0.428146 -27.9664 -7.76685 0.240347 
-27.2044 -7.56473 0.854702 -26.4026 -7.3133 1.39591 -25.5739 -7.02975 1.87727 
-24.732 -6.70233 2.30543 -23.8975 -6.3277 2.70891 -23.0789 -5.89631 3.08698 
-22.2845 -5.4079 3.44695 -21.5477 -4.83041 3.79573 -20.8835 -4.1663 4.13399 
-20.322 -3.42022 4.48878 -19.8563 -2.62871 4.88081 -19.4397 -1.82215 5.3002 
-19.0254 -1.01537 5.72143 -18.6159 -0.190384 6.10986 -18.2122 0.662548 6.43951 
-17.8317 1.55143 6.69282 -17.4752 2.46654 6.87704 -17.162 3.41142 6.96161 
-16.9008 4.37551 6.95986 -16.7043 5.35089 6.87105 -16.546 6.32374 6.70505 
-16.401 7.28581 6.47569 -16.2868 8.23297 6.17838 -16.1982 9.1401 5.76939 
-16.109 10.0138 5.29251 -16.0066 10.8231 4.71627 -15.9151 11.5595 4.04838 
-15.8709 12.201 3.28462 -15.8793 12.7679 2.46172 -15.9325 13.252 1.58907 
-15.9892 13.6718 0.68375 -16.0462 14.062 -0.235099 -16.142 14.4834 -1.13617 
-16.3196 14.9525 -2.00048 -16.5441 15.3981 -2.86632 -16.7599 15.6545 -3.80122 
-16.9392 15.6439 -4.77643 -17.1003 15.4366 -5.74068 -17.257 15.2273 -6.70492 
-17.4184 15.1277 -7.68583 -17.606 15.0984 -8.66727 -17.8402 15.0702 -9.6388 
-18.0813 14.9955 -10.6059 -18.1538 14.9777 -11.595 -17.9548 15.1085 -12.5567 
-17.5246 15.3823 -13.4148 -17.0618 15.7096 -14.2386 -16.6263 16.0722 -15.0621 
-16.2179 16.481 -15.8779 -15.8444 16.9456 -16.6796 -30.1959 12.3879 -21.4049 
-30.2452 11.9818 -20.7196 -30.2256 11.5705 -19.8111 -30.1487 11.3113 -18.8499 
-30.0979 11.1385 -17.867 -30.0845 10.9592 -16.8838 -30.0476 10.6779 -15.9272 
-29.9661 10.2615 -15.0232 -29.8881 9.74845 -14.1694 -29.939 9.10093 -13.4196 
-30.1945 8.33825 -12.8372 -30.6115 7.53097 -12.4255 -31.0886 6.71644 -12.0975 
-31.5641 5.88231 -11.8186 -32.0343 5.03228 -11.5826 -32.4955 4.16501 -11.3963 
-32.9502 3.28516 -11.2607 -33.3862 2.39267 -11.147 -33.7774 1.48796 -10.9827 
-34.0893 0.575137 -10.7248 -34.2978 -0.33255 -10.3666 -34.3978 -1.21602 -9.91274 
-34.4029 -2.06675 -9.38992 -34.3115 -2.87178 -8.80554 -34.1449 -3.63474 -8.18183 
-33.9049 -4.34322 -7.51913 -33.6133 -5.00323 -6.82755 -33.2743 -5.61317 -6.11185 
-32.8955 -6.16846 -5.37209 -32.4677 -6.66765 -4.61921 -31.9927 -7.09836 -3.85307 
-31.4686 -7.43856 -3.07373 -30.9014 -7.67523 -2.28663 -30.2925 -7.78671 -1.50228 
-29.6533 -7.79739 -0.734991 -28.9799 -7.7088 -0.00271471 -28.2743 -7.54858 0.68681 
-27.5328 -7.31955 1.31653 -26.7631 -7.04074 1.88951 -25.9641 -6.71893 2.39708 
-25.1586 -6.36287 2.87015 -24.3648 -5.95325 3.31923 -23.5947 -5.49506 3.76244 
-22.8607 -4.97308 4.19568 -22.1693 -4.39195 4.62333 -21.5419 -3.72194 5.0183 
-21.0706 -3.15303 5.32476 -20.7393 -2.70959 5.55623 -20.2063 -1.95639 5.9414 
-19.6899 -1.18713 6.31762 -19.1872 -0.393883 6.66033 -18.714 0.432442 6.96456 
-18.2804 1.29434 7.22576 -17.8775 2.1848 7.43567 -17.5091 3.1012 7.5882 
-17.1835 4.04141 7.68083 -16.9202 5.00521 7.70191 -16.7031 5.98022 7.66607 
-16.5145 6.95747 7.57156 -16.3488 7.93301 7.42949 -16.2149 8.90085 7.22015 
-16.1056 9.84194 6.90419 -15.9996 10.7488 6.49767 -15.8905 11.6138 6.01021 
-15.8023 12.4129 5.41809 -15.7472 13.1468 4.74259 -15.7412 13.8082 3.99334 
-15.7801 14.4109 3.19736 -15.865 14.954 2.36256 -15.9861 15.4561 1.50651 
-16.108 15.927 0.632823 -16.2248 16.4008 -0.240004 -16.3554 16.8826 -1.10639 
-16.5114 17.3246 -1.98891 -16.6762 17.6257 -2.92492 -16.826 17.6647 -3.89952 
-16.9485 17.337 -4.82979 -17.0565 16.8895 -5.71711 -17.1548 16.4593 -6.61325 
-17.2581 16.1308 -7.55071 -17.3952 15.9141 -8.51643 -17.581 15.7498 -9.48495 
-17.7759 15.6032 -10.454 -17.8636 15.5163 -11.4411 -17.6857 15.6213 -12.4086 
-17.3205 15.8697 -13.3034 -16.9022 16.1746 -14.1589 -16.4973 16.5105 -15.0091 
-16.1157 16.8971 -15.8484 -15.7667 17.3491 -16.6677 -15.524 17.7792 -17.2965 
-29.6712 7.68225 -12.9261 -30.1399 6.88561 -12.5534 -30.6737 6.09367 -12.2583 
-31.2577 5.3174 -12.0226 -31.8396 4.52506 -11.8407 -32.3894 3.70411 -11.6891 
-32.9013 2.8549 -11.5613 -33.3605 1.97763 -11.4248 -33.7687 1.0866 -11.2311 
-34.1021 0.19264 -10.9384 -34.3346 -0.695484 -10.5462 -34.4414 -1.56048 -10.0589 
-34.4546 -2.39382 -9.50836 -34.3853 -3.18954 -8.90825 -34.2396 -3.9446 -8.27049 
-34.0164 -4.64538 -7.59368 -33.7402 -5.29738 -6.8883 -33.4151 -5.90228 -6.16202 
-33.049 -6.45627 -5.41497 -32.6318 -6.94676 -4.65048 -32.1697 -7.37555 -3.87531 
-31.6536 -7.7022 -3.08455 -31.1025 -7.93229 -2.28416 -30.5125 -8.03852 -1.48465 
-29.8887 -8.04074 -0.705088 -29.2365 -7.95915 0.0480397 -28.5555 -7.80717 0.762886 
-27.8413 -7.58567 1.42593 -27.1003 -7.30307 2.0341 -26.3398 -6.9728 2.59266 
-25.5676 -6.60792 3.11221 -24.8016 -6.19492 3.60437 -24.0518 -5.74257 4.08697 
-23.3333 -5.23427 4.56083 -22.6456 -4.6823 5.03197 -21.9993 -4.06899 5.48497 
-21.3884 -3.40698 5.91842 -20.8055 -2.70817 6.3326 -20.2397 -1.98398 6.72663 
-19.6832 -1.2396 7.09533 -19.1492 -0.46032 7.42173 -18.6519 0.357722 7.70957 
-18.1885 1.20417 7.97124 -17.7634 2.08013 8.19767 -17.3788 2.98396 8.38324 
-17.0446 3.91674 8.51387 -16.7562 4.87053 8.59172 -16.5184 5.84128 8.60491 
-16.3083 6.81801 8.5683 -16.1241 7.79615 8.47517 -15.9624 8.77295 8.33682 
-15.8228 9.7414 8.13271 -15.6949 10.6922 7.85349 -15.5769 11.6052 7.46595 
-15.4629 12.4763 6.98969 -15.3663 13.2921 6.42087 -15.2943 14.0611 5.78654 
-15.2514 14.7693 5.08267 -15.2268 15.4343 4.33672 -15.2156 16.0598 3.5568 
-15.2151 16.6492 2.74921 -15.2227 17.2059 1.9186 -15.2348 17.7493 1.07924 
-15.2626 18.2853 0.235551 -15.329 18.7945 -0.621891 -15.4553 19.2256 -1.51293 
-15.6503 19.5226 -2.44426 -15.9177 19.5823 -3.39797 -16.2407 19.3433 -4.30293 
-16.5728 18.8439 -5.10114 -16.8527 18.3015 -5.89236 -17.0223 17.801 -6.73873 
-17.1076 17.3945 -7.64707 -17.1859 17.0546 -8.58403 -17.2994 16.7447 -9.52769 
-17.4344 16.5009 -10.4866 -17.4932 16.3769 -11.4723 -17.3347 16.4564 -12.4487 
-17.0237 16.665 -13.3744 -16.6601 16.9298 -14.2674 -16.3015 17.2331 -15.1501 
-15.9678 17.5986 -16.0181 -15.6721 18.0577 -16.854 -30.0464 7.37702 -12.8608 
-30.4388 6.73634 -12.5869 -30.9738 5.94412 -12.2951 -31.5424 5.15558 -12.0634 
-32.1197 4.35674 -11.895 -32.6584 3.5288 -11.7414 -33.1572 2.67278 -11.6081 
-33.6073 1.79491 -11.4473 -33.9983 0.904321 -11.2189 -34.3165 0.0165485 -10.8927 
-34.5187 -0.861086 -10.4627 -34.6186 -1.71664 -9.95739 -34.6139 -2.53623 -9.38556 
-34.5378 -3.32226 -8.77355 -34.3741 -4.06193 -8.12241 -34.148 -4.75707 -7.44067 
-33.8629 -5.39603 -6.72685 -33.5354 -5.99262 -5.99479 -33.1632 -6.53316 -5.24088 
-32.7463 -7.01152 -4.46875 -32.2808 -7.41972 -3.68444 -31.7713 -7.73512 -2.88531 
-31.2261 -7.94358 -2.07478 -30.6525 -8.05848 -1.26484 -30.0435 -8.0674 -0.473053 
-29.4042 -7.99343 0.291618 -28.7281 -7.83217 1.00949 -28.022 -7.60445 1.67891 
-27.2918 -7.31436 2.29661 -26.5472 -6.97569 2.87143 -25.7931 -6.59737 3.40774 
-25.0439 -6.17436 3.91701 -24.3125 -5.70633 4.41228 -23.6046 -5.19484 4.899 
-22.9282 -4.63735 5.37964 -22.2864 -4.02893 5.84583 -21.6763 -3.37461 6.29167 
-21.0918 -2.68411 6.7176 -20.5205 -1.96936 7.12068 -19.9622 -1.22629 7.48899 
-19.4276 -0.44782 7.81651 -18.9175 0.361618 8.10686 -18.4442 1.2039 8.36357 
-18.0088 2.07556 8.58705 -17.6212 2.97803 8.77309 -17.277 3.90501 8.91893 
-16.9817 4.85607 9.00459 -16.7261 5.82191 9.03454 -16.5043 6.79612 9.00183 
-16.3025 7.77153 8.91747 -16.1228 8.74512 8.77842 -15.9619 9.71379 8.59101 
-15.8195 10.668 8.32975 -15.6912 11.5985 7.98891 -15.5735 12.4905 7.55506 
-15.466 13.342 7.04269 -15.3828 14.1431 6.45117 -15.323 14.9 5.80105 
-15.2859 15.603 5.09144 -15.2601 16.2697 4.34698 -15.245 16.8911 3.56392 
-15.2359 17.4748 2.75215 -15.227 18.0211 1.91474 -15.2239 18.5499 1.06603 
-15.2438 19.0591 0.205751 -15.3069 19.526 -0.67527 -15.4345 19.8999 -1.59176 
-15.6378 20.1292 -2.53927 -15.9387 20.1059 -3.4857 -16.3064 19.8405 -4.37046 
-16.7181 19.3695 -5.14873 -17.1333 18.8518 -5.89669 -17.4438 18.4135 -6.73446 
-17.638 18.0881 -7.65724 -17.8006 17.8329 -8.61015 -17.9997 17.5634 -9.5521 
-18.2283 17.2644 -10.4784 -18.4154 16.9925 -11.4211 -18.2284 16.988 -12.3574 
-17.6331 17.2575 -13.3622 -17.159 17.5234 -14.2012 -16.7443 17.8141 -15.0629 
-16.3828 18.1654 -15.9258 -29.2062 8.01205 -13.0172 -29.575 7.3776 -12.7005 
-30.0917 6.58481 -12.3804 -30.6524 5.80126 -12.114 -31.2474 5.02784 -11.8974 
-31.8259 4.23089 -11.7245 -32.3778 3.4098 -11.5814 -32.8778 2.55154 -11.4685 
-33.3293 1.6697 -11.3361 -33.7155 0.773605 -11.1232 -34.0196 -0.123653 -10.8097 
-34.1977 -1.01178 -10.391 -34.272 -1.87285 -9.89075 -34.2502 -2.69774 -9.32754 
-34.1497 -3.4823 -8.717 -33.9697 -4.22065 -8.0685 -33.7291 -4.91123 -7.38721 
-33.4318 -5.54958 -6.6776 -33.091 -6.13872 -5.94588 -32.6973 -6.6693 -5.1957 
-32.2575 -7.14429 -4.43424 -31.7631 -7.54272 -3.66271 -31.2259 -7.8502 -2.87935 
-30.6388 -8.01701 -2.08853 -30.0187 -8.08425 -1.30843 -29.3634 -8.03716 -0.555401 
-28.6809 -7.91094 0.163509 -27.9627 -7.71442 0.829446 -27.2134 -7.46361 1.44168 
-26.4341 -7.164 1.99128 -25.6364 -6.83247 2.49465 -24.8372 -6.45957 2.96533 
-24.0515 -6.04011 3.41916 -23.2927 -5.56625 3.8654 -22.566 -5.03702 4.30189 
-21.8957 -4.43211 4.73028 -21.2774 -3.75681 5.13042 -20.7095 -3.03156 5.5191 
-20.1673 -2.28718 5.9087 -19.6457 -1.52379 6.28956 -19.1344 -0.741413 6.64462 
-18.6546 0.0765557 6.96081 -18.2118 0.926951 7.24356 -17.8064 1.81194 7.47147 
-17.425 2.7174 7.65578 -17.0898 3.6517 7.77197 -16.8017 4.60653 7.83592 
-16.5773 5.58055 7.83366 -16.3846 6.5601 7.78154 -16.2167 7.54031 7.67895 
-16.077 8.51814 7.52579 -15.9619 9.48054 7.28353 -15.858 10.4103 6.93452 
-15.7517 11.2936 6.48017 -15.6578 12.1212 5.9295 -15.5912 12.8792 5.28222 
-15.5585 13.5705 4.56155 -15.5659 14.2052 3.7897 -15.6076 14.7922 2.98176 
-15.6907 15.3291 2.14236 -15.7915 15.8384 1.28782 -15.9037 16.3387 0.429273 
-16.0269 16.854 -0.418656 -16.1732 17.3617 -1.26723 -16.3494 17.7913 -2.15166 
-16.5309 18.0517 -3.0928 -16.7007 17.9677 -4.05661 -16.841 17.5587 -4.9542 
-16.9566 17.0726 -5.82016 -17.0442 16.6081 -6.70048 -17.129 16.2412 -7.62551 
-17.2393 15.9656 -8.57982 -17.3993 15.7449 -9.54148 -17.572 15.5835 -10.5119 
-17.6445 15.5241 -11.5023 -17.4731 15.6571 -12.4701 -17.1351 15.9099 -13.3749 
-16.7448 16.2097 -14.2452 -16.3608 16.5444 -15.1056 -15.9929 16.9271 -15.9528 
-15.6542 17.3852 -16.7726 -28.9537 13.091 -21.3421 -29.011 12.6774 -20.6602 
-29.0544 12.2309 -19.7676 -29.0916 11.8897 -18.8297 -29.1615 11.6241 -17.8687 
-29.2662 11.377 -16.9055 -29.3326 11.0732 -15.9565 -29.3314 10.6723 -15.0412 
-29.2997 10.1999 -14.1614 -29.3618 9.60624 -13.3676 -29.6654 8.88535 -12.7663 
-30.1009 8.0944 -12.3393 -30.5725 7.28498 -11.9906 -31.0519 6.4607 -11.6894 
-31.5124 5.61706 -11.4142 -31.9686 4.75432 -11.1989 -32.4255 3.87841 -11.0459 
-32.8728 2.98816 -10.9622 -33.2955 2.086 -10.8816 -33.6459 1.1646 -10.7235 
-33.9095 0.235817 -10.4694 -34.0496 -0.681182 -10.1015 -34.0954 -1.57028 -9.6496 
-34.0313 -2.41383 -9.11854 -33.8912 -3.20946 -8.53092 -33.6728 -3.95419 -7.9018 
-33.3972 -4.65204 -7.24126 -33.0713 -5.29432 -6.54828 -32.6999 -5.88599 -5.83337 
-32.2812 -6.42475 -5.10319 -31.8074 -6.90055 -4.36298 -31.2779 -7.29887 -3.61515 
-30.696 -7.59718 -2.86073 -30.0657 -7.77781 -2.10767 -29.3982 -7.85202 -1.3681 
-28.6949 -7.81504 -0.659434 -27.9604 -7.70395 0.0084175 -27.1844 -7.52387 0.611659 
-26.3685 -7.30225 1.14454 -25.5242 -7.04001 1.61076 -24.6629 -6.73673 2.01718 
-23.8072 -6.37294 2.38403 -22.9689 -5.95522 2.73341 -22.1542 -5.47142 3.051 
-21.3901 -4.91045 3.36547 -20.7258 -4.24163 3.69366 -20.088 -3.33026 4.13393 
-19.6744 -2.52542 4.55817 -19.3058 -1.70897 5.00241 -18.9393 -0.886734 5.43762 
-18.5629 -0.049764 5.83405 -18.1931 0.819431 6.16036 -17.8308 1.72017 6.39691 
-17.4918 2.6454 6.56333 -17.2097 3.60152 6.62678 -16.9905 4.57484 6.59238 
-16.8375 5.55345 6.45833 -16.7047 6.52152 6.2492 -16.5842 7.46672 5.94807 
-16.4877 8.3862 5.56884 -16.4007 9.26521 5.10235 -16.3046 10.0885 4.54531 
-16.2013 10.8209 3.87498 -16.1152 11.4637 3.11557 -16.0685 12.0076 2.27908 
-16.0465 12.4759 1.39631 -16.0189 12.8589 0.473656 -15.984 13.1893 -0.469249 
-16.0127 13.5519 -1.39841 -16.1884 14.0287 -2.25442 -16.4715 14.5481 -3.05989 
-16.7667 14.9387 -3.92458 -17.0178 15.0233 -4.88503 -17.247 14.9751 -5.8567 
-17.4576 14.9372 -6.8327 -17.6613 14.976 -7.81059 -17.901 15.0394 -8.77909 
-18.177 15.0679 -9.73944 -18.4057 15.0719 -10.7109 -18.4389 15.1353 -11.6988 
-18.0746 15.3475 -12.5957 -17.6063 15.6235 -13.434 -17.1268 15.9543 -14.2467 
-16.6775 16.3101 -15.0659 -16.2671 16.7196 -15.8803 -15.8916 17.1804 -16.6833 
-15.6382 17.6156 -17.3044 -28.3773 12.2466 -20.4207 -28.4327 11.9716 -19.8904 
-28.5146 11.5916 -18.9704 -28.6086 11.3006 -18.0191 -28.7292 11.0469 -17.0594 
-28.8223 10.7577 -16.1077 -28.8188 10.3825 -15.1821 -28.7358 9.94924 -14.2857 
-28.7661 9.40532 -13.4722 -29.097 8.71198 -12.847 -29.5593 7.93825 -12.4174 
-30.0518 7.1409 -12.0702 -30.5621 6.33296 -11.7762 -31.069 5.51318 -11.5098 
-31.5786 4.67889 -11.3015 -32.0907 3.83232 -11.1602 -32.581 2.96514 -11.0782 
-33.041 2.07904 -11.024 -33.4525 1.17558 -10.9201 -33.7735 0.259277 -10.6917 
-33.9807 -0.654689 -10.3482 -34.0867 -1.54794 -9.91459 -34.0892 -2.40168 -9.39747 
-34.0131 -3.21508 -8.82163 -33.8499 -3.97477 -8.19377 -33.6231 -4.6886 -7.53229 
-33.342 -5.35246 -6.83988 -33.0133 -5.96605 -6.12263 -32.6332 -6.52146 -5.3838 
-32.2096 -7.03075 -4.63509 -31.7334 -7.46903 -3.87395 -31.2022 -7.81316 -3.1012 
-30.628 -8.04898 -2.3191 -30.015 -8.17039 -1.53977 -29.3628 -8.16232 -0.783281 
-28.6842 -8.06989 -0.0556451 -27.9751 -7.89821 0.627162 -27.233 -7.6643 1.25411 
-26.4586 -7.37766 1.81746 -25.6618 -7.06195 2.33236 -24.8601 -6.70529 2.81138 
-24.0612 -6.3119 3.26602 -23.2885 -5.85972 3.71091 -22.5374 -5.36162 4.14319 
-21.8389 -4.78718 4.56827 -21.1866 -4.14557 4.9698 -20.8257 -3.72672 5.20219 
-20.3698 -3.14294 5.50421 -19.8277 -2.39694 5.89059 -19.306 -1.63587 6.27581 
-18.7972 -0.855008 6.63803 -18.3203 -0.0411733 6.96919 -17.8809 0.803608 7.27317 
-17.4759 1.68169 7.52703 -17.098 2.5847 7.72872 -16.761 3.51518 7.86819 
-16.473 4.46803 7.9575 -16.2492 5.44175 7.98228 -16.062 6.42353 7.95753 
-15.8994 7.40709 7.8832 -15.7612 8.38891 7.75612 -15.6479 9.36003 7.54915 
-15.5472 10.3095 7.25594 -15.4488 11.2119 6.83914 -15.3545 12.0621 6.32366 
-15.2779 12.8511 5.71561 -15.2214 13.5809 5.03531 -15.1932 14.2502 4.29348 
-15.1882 14.8784 3.51581 -15.2059 15.4663 2.70736 -15.2425 16.0268 1.88008 
-15.295 16.5696 1.04193 -15.3602 17.1182 0.208492 -15.4535 17.6675 -0.621676 
-15.5849 18.1763 -1.47137 -15.7723 18.5483 -2.37657 -15.9912 18.7521 -3.328 
-16.2439 18.5146 -4.24512 -16.4627 18.0186 -5.08163 -16.6172 17.4785 -5.90836 
-16.7197 16.9785 -6.76743 -16.7781 16.5519 -7.66913 -16.8386 16.1972 -8.6017 
-16.9337 15.889 -9.54772 -17.0595 15.6674 -10.5122 -17.1086 15.6578 -11.5046 
-17.0004 15.8088 -12.4837 -16.7414 16.0551 -13.4163 -16.4207 16.3438 -14.3182 
-16.087 16.6692 -15.2029 -15.7532 17.0435 -16.0674 -15.4401 17.5209 -16.8868 
-32.0676 12.4679 -21.4692 -32.0052 12.1187 -20.9881 -31.8199 11.6757 -20.1127 
-31.6075 11.3546 -19.1919 -31.3732 11.1734 -18.2377 -31.1416 11.0308 -17.2756 
-30.9277 10.786 -16.3322 -30.7392 10.4137 -15.4247 -30.5966 9.91565 -14.571 
-30.5422 9.31832 -13.7746 -30.6651 8.58638 -13.1151 -30.987 7.77816 -12.6355 
-31.3922 6.94327 -12.2639 -31.8125 6.0934 -11.9473 -32.2402 5.2268 -11.6906 
-32.6572 4.3464 -11.4657 -33.0853 3.4569 -11.3076 -33.5023 2.55935 -11.1653 
-33.8837 1.65272 -10.9881 -34.2028 0.74049 -10.7351 -34.4142 -0.16493 -10.3744 
-34.5254 -1.04977 -9.92521 -34.5312 -1.89906 -9.39957 -34.4525 -2.70962 -8.82064 
-34.2848 -3.47136 -8.19635 -34.0524 -4.18699 -7.53859 -33.7586 -4.84659 -6.84764 
-33.4222 -5.46132 -6.13472 -33.0432 -6.01956 -5.39734 -32.6221 -6.52274 -4.64315 
-32.154 -6.95739 -3.87507 -31.6455 -7.31624 -3.09288 -31.0944 -7.57555 -2.30137 
-30.5076 -7.72817 -1.50801 -29.8843 -7.75863 -0.72797 -29.2309 -7.69995 0.025629 
-28.5448 -7.56038 0.738519 -27.8278 -7.35449 1.40331 -27.079 -7.0787 2.00546 
-26.3102 -6.75879 2.55817 -25.5251 -6.39747 3.06072 -24.7444 -5.99589 3.53902 
-23.9871 -5.5398 4.00594 -23.2567 -5.03512 4.46545 -22.5643 -4.47439 4.91837 
-21.9083 -3.85736 5.35217 -21.4217 -3.31642 5.68417 -20.8398 -2.61029 6.08734 
-20.2778 -1.88136 6.47805 -19.7291 -1.13079 6.84581 -19.1956 -0.354393 7.18039 
-18.702 0.464195 7.47285 -18.2455 1.31446 7.73372 -17.8248 2.19409 7.9547 
-17.4384 3.09841 8.13386 -17.1016 4.03147 8.25627 -16.8155 4.98658 8.32367 
-16.5846 5.9591 8.32556 -16.3818 6.937 8.28008 -16.2058 7.91617 8.18165 
-16.0539 8.89361 8.03684 -15.9198 9.86117 7.82601 -15.7951 10.8034 7.51884 
-15.6748 11.7054 7.10704 -15.5632 12.5568 6.59665 -15.4758 13.3527 5.99904 
-15.4163 14.0945 5.33214 -15.3843 14.7813 4.60658 -15.3731 15.4249 3.84172 
-15.379 16.025 3.04197 -15.3954 16.5929 2.21924 -15.4177 17.1371 1.38062 
-15.4466 17.6742 0.537652 -15.5012 18.2019 -0.309813 -15.6071 18.6793 -1.18066 
-15.7887 19.0311 -2.09615 -16.0224 19.2245 -3.0459 -16.3019 19.0718 -3.9748 
-16.5826 18.6312 -4.82227 -16.8048 18.0881 -5.63095 -16.953 17.5736 -6.47433 
-17.032 17.1419 -7.37203 -17.0988 16.7752 -8.29957 -17.2089 16.4661 -9.24382 
-17.3538 16.2078 -10.1982 -17.4464 16.0825 -11.1817 -17.3637 16.1313 -12.1695 
-17.0888 16.3334 -13.1064 -16.7392 16.595 -14.0056 -16.3778 16.9016 -14.886 
-16.0278 17.2516 -15.7545 -15.7066 17.6801 -16.5969 -28.4879 12.4177 -20.1404 
-28.5583 12.0181 -19.2276 -28.6461 11.703 -18.2833 -28.7792 11.4374 -17.3286 
-28.9062 11.1549 -16.3783 -28.9505 10.7924 -15.4483 -28.9368 10.3631 -14.5464 
-28.9314 9.83995 -13.6995 -29.1712 9.17184 -13.018 -29.6058 8.40555 -12.5478 
-30.0777 7.60947 -12.1714 -30.5738 6.79772 -11.8636 -31.0658 5.97452 -11.5807 
-31.5491 5.13233 -11.3432 -32.0336 4.27556 -11.1692 -32.5093 3.4026 -11.0638 
-32.9662 2.51569 -10.9984 -33.377 1.60994 -10.9037 -33.7095 0.689434 -10.7091 
-33.9303 -0.232363 -10.3987 -34.0365 -1.13543 -9.98726 -34.0345 -2.00225 -9.49161 
-33.9482 -2.82552 -8.93237 -33.7738 -3.5963 -8.32054 -33.5389 -4.32374 -7.6769 
-33.2485 -4.9987 -6.99949 -32.9194 -5.63208 -6.2996 -32.5432 -6.21172 -5.57739 
-32.118 -6.7395 -4.84291 -31.6372 -7.19951 -4.09728 -31.1037 -7.58053 -3.34348 
-30.5175 -7.8477 -2.58102 -29.8899 -8.00389 -1.81956 -29.2225 -8.03209 -1.07684 
-28.5293 -7.9737 -0.359836 -27.801 -7.82791 0.308642 -27.0355 -7.62084 0.916818 
-26.2326 -7.36586 1.45442 -25.4049 -7.07788 1.93516 -24.5646 -6.75362 2.36843 
-23.7309 -6.37632 2.77098 -22.908 -5.94581 3.14108 -22.1078 -5.45987 3.491 
-21.349 -4.89909 3.81961 -20.6489 -4.26111 4.1365 -20.0488 -3.53361 4.46411 
-19.5487 -2.75832 4.84613 -19.131 -1.96194 5.28339 -18.7192 -1.16202 5.71982 
-18.3151 -0.348727 6.13777 -17.9177 0.495178 6.49649 -17.5392 1.37566 6.78007 
-17.181 2.28183 7.00321 -16.8557 3.21674 7.1383 -16.5812 4.17594 7.19576 
-16.3714 5.15279 7.18564 -16.2062 6.13519 7.1053 -16.0536 7.11276 6.96154 
-15.9322 8.0884 6.78112 -15.8497 9.04896 6.5199 -15.7791 9.97475 6.15201 
-15.7094 10.8502 5.67619 -15.6361 11.6684 5.10788 -15.5827 12.409 4.4403 
-15.5613 13.0828 3.70249 -15.5971 13.6876 2.90781 -15.6795 14.2403 2.07915 
-15.8027 14.7309 1.21688 -15.934 15.1929 0.339848 -16.0752 15.6753 -0.524398 
-16.2483 16.1717 -1.37487 -16.4441 16.614 -2.24894 -16.6281 16.9217 -3.17881 
-16.7609 16.898 -4.15591 -16.866 16.5891 -5.09573 -16.9665 16.1761 -6.00081 
-17.0602 15.7736 -6.91079 -17.1671 15.508 -7.8673 -17.3053 15.3267 -8.84045 
-17.4945 15.1888 -9.81244 -17.6656 15.0897 -10.7913 -17.6799 15.1077 -11.7833 
-17.4556 15.2964 -12.7312 -17.0837 15.5814 -13.6139 -16.6843 15.8992 -14.4737 
-16.2928 16.2604 -15.3198 -15.9177 16.6611 -16.1556 -15.5756 17.1488 -16.9573 
-29.2504 12.2561 -21.139 -29.3277 11.7899 -20.2592 -29.3556 11.4189 -19.3326 
-29.3721 11.1804 -18.3627 -29.4203 10.9877 -17.3829 -29.46 10.7375 -16.4166 
-29.4259 10.3864 -15.483 -29.3102 9.9371 -14.5983 -29.2101 9.39437 -13.7677 
-29.4041 8.69013 -13.1063 -29.7963 7.91233 -12.6254 -30.2825 7.11069 -12.279 
-30.8015 6.30842 -11.9853 -31.3295 5.49696 -11.7353 -31.8475 4.66587 -11.5347 
-32.3548 3.81665 -11.39 -32.839 2.94862 -11.2824 -33.286 2.06041 -11.181 
-33.6824 1.15839 -11.0157 -34 0.25 -10.75 -34.2168 -0.653572 -10.3872 
-34.3247 -1.53452 -9.92933 -34.3412 -2.38104 -9.39992 -34.2649 -3.1826 -8.80814 
-34.1121 -3.94218 -8.17748 -33.8934 -4.65318 -7.5104 -33.6199 -5.31391 -6.81201 
-33.2914 -5.91979 -6.088 -32.9263 -6.479 -5.34427 -32.5145 -6.98115 -4.58457 
-32.0576 -7.42394 -3.81364 -31.5435 -7.76256 -3.02713 -30.9923 -8.00144 -2.22923 
-30.4033 -8.11938 -1.43191 -29.7786 -8.12655 -0.652344 -29.1206 -8.0339 0.0941759 
-28.4343 -7.86998 0.801468 -27.7162 -7.63735 1.45635 -26.9718 -7.34653 2.05661 
-26.2079 -7.01134 2.6075 -25.4349 -6.64485 3.12504 -24.67 -6.2299 3.61714 
-23.923 -5.77287 4.09964 -23.2063 -5.26248 4.57405 -22.5199 -4.70966 5.04608 
-21.8788 -4.09181 5.50027 -21.2718 -3.42556 5.93275 -20.6921 -2.72342 6.34594 
-20.1279 -1.99657 6.73729 -19.5732 -1.24935 7.10283 -19.0397 -0.468499 7.42659 
-18.5438 0.350558 7.71376 -18.0845 1.19955 7.97435 -17.6655 2.07915 8.19829 
-17.2842 2.9843 8.38396 -16.9508 3.91721 8.51675 -16.6647 4.87148 8.59591 
-16.43 5.84298 8.60825 -16.2223 6.82019 8.57059 -16.041 7.79875 8.47622 
-15.8841 8.77523 8.33095 -15.7478 9.74312 8.12203 -15.6235 10.6927 7.83734 
-15.5087 11.6037 7.44391 -15.3972 12.4718 6.96159 -15.3028 13.284 6.38741 
-15.2323 14.0494 5.74866 -15.1901 14.7542 5.04127 -15.1656 15.4162 4.29255 
-15.1543 16.039 3.51051 -15.1537 16.6267 2.70166 -15.1622 17.1836 1.87116 
-15.1765 17.7292 1.0333 -15.208 18.2691 0.192206 -15.2776 18.7824 -0.662529 
-15.4052 19.2174 -1.55152 -15.5984 19.5187 -2.48185 -15.8634 19.5686 -3.43304 
-16.1878 19.3002 -4.32998 -16.5187 18.7933 -5.12396 -16.7937 18.247 -5.91412 
-16.954 17.7492 -6.76339 -17.0316 17.3302 -7.66733 -17.0983 16.9717 -8.5982 
-17.2036 16.648 -9.53805 -17.3314 16.4062 -10.4981 -17.3873 16.2999 -11.486 
-17.236 16.3935 -12.4632 -16.9401 16.6056 -13.3932 -16.5904 16.8731 -14.2909 
-16.2397 17.1784 -15.1761 -15.9098 17.5446 -16.0453 -15.6144 18.0079 -16.8788 
-30.6487 12.3322 -21.0229 -30.6047 11.8783 -20.1362 -30.4985 11.5515 -19.1988 
-30.3955 11.3542 -18.2248 -30.3301 11.1899 -17.2407 -30.2661 10.9304 -16.2789 
-30.1847 10.5631 -15.3533 -30.1037 10.0861 -14.4795 -30.0899 9.50531 -13.6688 
-30.2508 8.79196 -13 -30.5905 7.99871 -12.5055 -31.0382 7.18004 -12.1474 
-31.4885 6.34439 -11.8333 -31.9221 5.48556 -11.5616 -32.3513 4.61082 -11.3376 
-32.78 3.72358 -11.1699 -33.2123 2.82916 -11.0574 -33.6045 1.91979 -10.9212 
-33.9429 1.00131 -10.7228 -34.1682 0.0808866 -10.4092 -34.2948 -0.822586 -10.0044 
-34.3032 -1.68936 -9.50797 -34.2332 -2.52068 -8.9585 -34.0798 -3.30214 -8.35528 
-33.8504 -4.03253 -7.71311 -33.5642 -4.71334 -7.03964 -33.2312 -5.34327 -6.33859 
-32.8516 -5.91468 -5.61175 -32.4298 -6.43677 -4.87099 -31.9539 -6.88969 -4.11814 
-31.434 -7.27006 -3.35412 -30.8581 -7.5337 -2.58187 -30.2437 -7.69302 -1.81073 
-29.5903 -7.72842 -1.05608 -28.9077 -7.67471 -0.328687 -28.1869 -7.53132 0.348493 
-27.433 -7.33207 0.973359 -26.6403 -7.0794 1.5273 -25.8176 -6.79443 2.01788 
-24.9853 -6.46488 2.46313 -24.1593 -6.09163 2.88485 -23.3545 -5.65856 3.28999 
-22.5833 -5.16167 3.68625 -21.8709 -4.57417 4.06746 -21.2272 -3.90631 4.43655 
-20.7799 -3.31034 4.72729 -20.3806 -2.68589 5.02722 -19.9203 -1.88943 5.41924 
-19.4701 -1.09104 5.81907 -19.028 -0.276909 6.19483 -18.593 0.561596 6.52186 
-18.1898 1.43827 6.78242 -17.8135 2.34389 6.97386 -17.4755 3.27784 7.08274 
-17.1844 4.23324 7.1092 -16.9529 5.20194 7.03841 -16.7645 6.17072 6.88013 
-16.5956 7.1301 6.65547 -16.4543 8.07882 6.37519 -16.3481 8.99615 5.99485 
-16.254 9.87219 5.52349 -16.1529 10.6921 4.96237 -16.0519 11.4448 4.31322 
-15.9918 12.0998 3.56198 -15.9852 12.6763 2.74632 -16.0307 13.1655 1.87626 
-16.0862 13.5976 0.976508 -16.1419 13.9941 0.0602746 -16.233 14.4172 -0.840391 
-16.4019 14.8862 -1.70673 -16.6159 15.3351 -2.57361 -16.8249 15.6162 -3.50541 
-17.0075 15.6425 -4.47996 -17.195 15.4768 -5.44776 -17.3853 15.3066 -6.41429 
-17.5768 15.2383 -7.39223 -17.7822 15.2503 -8.37038 -18.0376 15.2754 -9.33652 
-18.3082 15.2565 -10.2986 -18.464 15.2542 -11.2807 -18.3285 15.3672 -12.2448 
-17.8562 15.6301 -13.0843 -17.3624 15.9454 -13.8944 -16.8949 16.2889 -14.7087 
-16.4655 16.6705 -15.5267 -16.0713 17.1052 -16.336 -15.7353 17.6156 -17.1257 
-29.3244 12.1082 -21.1054 -29.4002 11.6504 -20.2211 -29.4227 11.2934 -19.2892 
-29.4332 11.0697 -18.3155 -29.4744 10.8867 -17.3335 -29.5043 10.6374 -16.3664 
-29.4646 10.2936 -15.4305 -29.3506 9.85719 -14.5392 -29.2548 9.32261 -13.7043 
-29.4004 8.63738 -13.0115 -29.7982 7.86258 -12.532 -30.2778 7.06259 -12.1739 
-30.7914 6.25801 -11.8766 -31.3096 5.4424 -11.6202 -31.8188 4.60746 -11.4131 
-32.325 3.75801 -11.2658 -32.8074 2.88783 -11.1695 -33.2625 2.00111 -11.0908 
-33.6702 1.09872 -10.958 -33.9859 0.187843 -10.7 -34.1928 -0.717056 -10.3358 
-34.2906 -1.59764 -9.87487 -34.296 -2.44265 -9.3428 -34.216 -3.24542 -8.75322 
-34.056 -4.00167 -8.12036 -33.8315 -4.7093 -7.45164 -33.5529 -5.36619 -6.75165 
-33.2196 -5.96789 -6.0263 -32.8515 -6.52501 -5.28255 -32.4326 -7.02238 -4.52356 
-31.9673 -7.45693 -3.75315 -31.4477 -7.78878 -2.9674 -30.8891 -8.01284 -2.17046 
-30.2932 -8.11944 -1.3767 -29.6618 -8.11433 -0.602472 -28.9985 -8.01248 0.138105 
-28.3064 -7.84033 0.83768 -27.5808 -7.5985 1.48079 -26.8314 -7.30648 2.07447 
-26.0621 -6.97151 2.61808 -25.285 -6.60423 3.1288 -24.5182 -6.18644 3.61546 
-23.7705 -5.7261 4.09361 -23.0545 -5.21101 4.56402 -22.3733 -4.6474 5.03057 
-21.7345 -4.02277 5.47832 -21.1348 -3.34478 5.90271 -20.6741 -2.77884 6.23045 
-20.1128 -2.04861 6.61967 -19.5602 -1.29964 6.98499 -19.0271 -0.519636 7.31137 
-18.5278 0.295235 7.60497 -18.0739 1.14709 7.8655 -17.6493 2.02169 8.09854 
-17.269 2.92745 8.28314 -16.9272 3.85621 8.42419 -16.6462 4.81236 8.49833 
-16.41 5.78335 8.51575 -16.2059 6.76132 8.4775 -16.0243 7.74063 8.39106 
-15.87 8.71823 8.25061 -15.7353 9.68752 8.047 -15.614 10.636 7.75758 
-15.5003 11.5478 7.36638 -15.3908 12.4115 6.87611 -15.2964 13.2248 6.30347 
-15.2299 13.9804 5.6529 -15.187 14.6845 4.94481 -15.1641 15.3425 4.19254 
-15.1551 15.9623 3.40804 -15.158 16.5456 2.59606 -15.1693 17.1029 1.76588 
-15.189 17.6494 0.928605 -15.2243 18.1931 0.0901412 -15.3032 18.7051 -0.7646 
-15.4307 19.1502 -1.64903 -15.6328 19.4282 -2.58347 -15.8932 19.487 -3.53761 
-16.2158 19.1754 -4.42244 -16.5382 18.6716 -5.22186 -16.787 18.1247 -6.0201 
-16.9313 17.6327 -6.87589 -16.998 17.2252 -7.78606 -17.0615 16.8598 -8.71449 
-17.1706 16.5403 -9.65524 -17.2946 16.3103 -10.6184 -17.323 16.2461 -11.6101 
-17.1596 16.3611 -12.583 -16.8552 16.59 -13.5067 -16.5111 16.8617 -14.4053 
-16.1673 17.178 -15.2893 -15.8376 17.5432 -16.1595 -15.5455 18.0235 -16.9845 
-28.5284 12.2895 -20.3217 -28.6022 11.8851 -19.4114 -28.6806 11.5698 -18.4664 
-28.796 11.3152 -17.5065 -28.9048 11.0415 -16.5513 -28.9343 10.6881 -15.6171 
-28.8944 10.2726 -14.7097 -28.8424 9.76449 -13.8542 -29.0213 9.12466 -13.1297 
-29.4466 8.36563 -12.6412 -29.9209 7.5731 -12.2608 -30.4255 6.76773 -11.9504 
-30.9342 5.95298 -11.6727 -31.4406 5.12313 -11.4398 -31.9435 4.27663 -11.2677 
-32.4367 3.4136 -11.1609 -32.9053 2.53325 -11.0903 -33.3309 1.63442 -10.9971 
-33.6796 0.71949 -10.8022 -33.9216 -0.19782 -10.4948 -34.0556 -1.10148 -10.0926 
-34.0682 -1.96663 -9.59373 -34.001 -2.79436 -9.03858 -33.8458 -3.56919 -8.42679 
-33.6271 -4.30109 -7.78259 -33.3499 -4.98178 -7.10542 -33.0244 -5.61228 -6.40154 
-32.6446 -6.18091 -5.67233 -32.2205 -6.70503 -4.93454 -31.7329 -7.1503 -4.18438 
-31.1986 -7.52747 -3.42898 -30.6102 -7.78808 -2.66509 -29.9825 -7.94189 -1.90442 
-29.3145 -7.97159 -1.16215 -28.6152 -7.90456 -0.451721 -27.8809 -7.76027 0.210095 
-27.1101 -7.56013 0.813572 -26.2967 -7.31235 1.33923 -25.4601 -7.03437 1.81029 
-24.6083 -6.71491 2.22475 -23.7663 -6.34074 2.61224 -22.9394 -5.91022 2.97292 
-22.136 -5.41968 3.30858 -21.3898 -4.84366 3.63912 -20.727 -4.17305 3.96558 
-20.1873 -3.41299 4.32456 -19.7444 -2.61518 4.731 -19.3485 -1.80444 5.16214 
-18.9551 -0.991342 5.59108 -18.5611 -0.162893 5.98836 -18.1721 0.694202 6.32444 
-17.799 1.58688 6.5751 -17.4503 2.50593 6.75416 -17.1483 3.45492 6.83264 
-16.9012 4.42261 6.8228 -16.7236 5.40053 6.72021 -16.5754 6.37283 6.54306 
-16.4395 7.33117 6.29406 -16.3328 8.26628 5.95942 -16.2455 9.16671 5.53457 
-16.1538 10.03 5.03993 -16.0503 10.8235 4.44319 -15.9591 11.5289 3.74237 
-15.9133 12.146 2.95887 -15.917 12.6839 2.11712 -15.9508 13.1344 1.22574 
-15.9802 13.527 0.306648 -16.0212 13.9028 -0.619026 -16.1119 14.3128 -1.52513 
-16.3124 14.7845 -2.3829 -16.5627 15.2196 -3.24583 -16.7967 15.4316 -4.18732 
-16.9905 15.3843 -5.16086 -17.1622 15.2019 -6.12856 -17.3272 15.0658 -7.10436 
-17.5008 15.0269 -8.08791 -17.7107 15.0211 -9.06534 -17.9588 14.9824 -10.0329 
-18.1534 14.9179 -11.0099 -18.1082 14.9676 -11.9981 -17.7969 15.161 -12.9197 
-17.3391 15.469 -13.753 -16.8837 15.8081 -14.576 -16.4596 16.1914 -15.3962 
-16.0602 16.6179 -16.2076 -15.7068 17.1191 -16.9961 -29.8456 12.1685 -21.28 
-29.9083 11.7784 -20.5857 -29.9065 11.3986 -19.6638 -29.8595 11.1543 -18.6968 
-29.8498 10.987 -17.7113 -29.8647 10.7971 -16.7302 -29.8256 10.4839 -15.784 
-29.7295 10.0641 -14.8829 -29.6409 9.5355 -14.0418 -29.7044 8.87277 -13.3102 
-30.035 8.08973 -12.7922 -30.4788 7.28438 -12.4022 -30.9814 6.47635 -12.096 
-31.4906 5.65701 -11.8333 -31.9944 4.81933 -11.6245 -32.4857 3.96466 -11.4577 
-32.9571 3.0916 -11.3344 -33.4042 2.2048 -11.2193 -33.7953 1.30282 -11.0405 
-34.1193 0.396446 -10.7753 -34.322 -0.503128 -10.3938 -34.4222 -1.37886 -9.92572 
-34.417 -2.21893 -9.38531 -34.3301 -3.01862 -8.79285 -34.161 -3.77301 -8.15974 
-33.9263 -4.47905 -7.49246 -33.6378 -5.13447 -6.7953 -33.3039 -5.74251 -6.07571 
-32.9213 -6.28692 -5.32961 -32.4967 -6.78207 -4.57231 -32.0174 -7.19685 -3.80002 
-31.4947 -7.52976 -3.01639 -30.9265 -7.74633 -2.22428 -30.3256 -7.86057 -1.43423 
-29.6881 -7.85384 -0.665032 -29.022 -7.76726 0.0743351 -28.3189 -7.59671 0.763501 
-27.5826 -7.36145 1.3971 -26.8187 -7.07433 1.97374 -26.0323 -6.74806 2.49772 
-25.2363 -6.38087 2.97845 -24.4514 -5.96957 3.44112 -23.6938 -5.50047 3.89456 
-22.9643 -4.98251 4.34009 -22.2814 -4.39829 4.77744 -21.646 -3.74591 5.18846 
-21.1706 -3.18641 5.50581 -20.7192 -2.60559 5.82008 -20.176 -1.85894 6.20385 
-19.644 -1.09647 6.57195 -19.1273 -0.309036 6.9074 -18.6416 0.511029 7.20853 
-18.1985 1.36825 7.4691 -17.7878 2.25361 7.6857 -17.4137 3.16616 7.84837 
-17.0805 4.10204 7.95825 -16.8006 5.05982 8.01221 -16.5777 6.03413 8.00595 
-16.3855 7.01373 7.95154 -16.2185 7.99393 7.8477 -16.0782 8.96977 7.68274 
-15.952 9.93463 7.45454 -15.835 10.8631 7.10564 -15.719 11.7475 6.65666 
-15.6181 12.5751 6.10624 -15.5427 13.348 5.47771 -15.5035 14.0502 4.76772 
-15.4936 14.7029 4.01077 -15.5089 15.3105 3.21704 -15.545 15.8797 2.39587 
-15.5962 16.4194 1.55562 -15.6525 16.9469 0.708 -15.7226 17.4767 -0.137181 
-15.8249 17.9867 -0.990974 -15.9953 18.4038 -1.88076 -16.2104 18.682 -2.8145 
-16.44 18.6582 -3.76956 -16.6636 18.2892 -4.66248 -16.8328 17.7729 -5.50141 
-16.9544 17.2672 -6.35491 -17.0297 16.8278 -7.24921 -17.1027 16.4746 -8.1811 
-17.218 16.182 -9.12986 -17.3766 15.9352 -10.0855 -17.4938 15.8068 -11.0661 
-17.4379 15.8494 -12.0561 -17.1729 16.0541 -12.9945 -16.8204 16.3219 -13.8905 
-16.4495 16.6332 -14.7653 -16.0879 16.9855 -15.6283 -15.7495 17.406 -16.4684 
-15.4506 17.9233 -17.2693 -31.7084 12.0769 -21.1355 -31.5826 11.6095 -20.2632 
-31.404 11.2766 -19.3396 -31.1932 11.0974 -18.38 -30.9935 10.9714 -17.4085 
-30.8032 10.7601 -16.4514 -30.6279 10.4086 -15.5343 -30.4816 9.93216 -14.6693 
-30.4132 9.3522 -13.8617 -30.5273 8.62381 -13.1939 -30.8348 7.82114 -12.6964 
-31.2558 6.99261 -12.3293 -31.6922 6.15019 -12.0144 -32.1403 5.29264 -11.7625 
-32.5775 4.42045 -11.5436 -33.0183 3.53728 -11.3852 -33.4482 2.64533 -11.246 
-33.8412 1.74268 -11.073 -34.1777 0.834942 -10.8272 -34.4081 -0.0689494 -10.4728 
-34.5394 -0.954861 -10.0314 -34.5676 -1.80701 -9.5114 -34.5083 -2.62267 -8.93765 
-34.3566 -3.38927 -8.31458 -34.1389 -4.11188 -7.65983 -33.8542 -4.77643 -6.96955 
-33.5308 -5.39997 -6.25823 -33.1613 -5.9668 -5.52253 -32.7529 -6.48053 -4.7686 
-32.2987 -6.93102 -4.00106 -31.7975 -7.29517 -3.21719 -31.2516 -7.55667 -2.42244 
-30.6707 -7.71418 -1.62562 -30.0523 -7.75196 -0.842727 -29.4009 -7.69402 -0.0871736 
-28.7132 -7.54962 0.623703 -27.9946 -7.34146 1.28569 -27.2465 -7.07133 1.89099 
-26.4765 -6.75591 2.44477 -25.6876 -6.39658 2.94243 -24.9018 -5.99494 3.41239 
-24.1379 -5.54277 3.87219 -23.4 -5.04182 4.3236 -22.7056 -4.47562 4.76705 
-22.0515 -3.84741 5.18622 -21.4442 -3.16322 5.58939 -20.8696 -2.44591 5.98322 
-20.3147 -1.70697 6.36504 -19.7744 -0.945847 6.72343 -19.2565 -0.153104 7.04368 
-18.7748 0.675888 7.32708 -18.3328 1.53875 7.57079 -17.9235 2.42839 7.77137 
-17.5529 3.34455 7.92027 -17.2314 4.28652 8.00957 -16.9686 5.2504 8.03661 
-16.7515 6.22571 8.0076 -16.5597 7.20371 7.92843 -16.3897 8.18081 7.8031 
-16.2455 9.15026 7.60738 -16.117 10.1017 7.33124 -15.9937 11.0144 6.94403 
-15.8738 11.8841 6.46779 -15.7805 12.6894 5.88415 -15.7205 13.4356 5.22252 
-15.7045 14.1121 4.48728 -15.7216 14.7376 3.70785 -15.7733 15.3079 2.8885 
-15.8461 15.8444 2.04794 -15.9321 16.3485 1.18862 -16.0174 16.8512 0.328407 
-16.1134 17.3519 -0.531774 -16.2397 17.8244 -1.40348 -16.4077 18.208 -2.30956 
-16.5953 18.4194 -3.26149 -16.7841 18.2231 -4.21055 -16.9431 17.7921 -5.09545 
-17.0679 17.2948 -5.95381 -17.1658 16.8393 -6.83794 -17.2603 16.5119 -7.77669 
-17.3884 16.2658 -8.73674 -17.5692 16.0603 -9.69837 -17.7429 15.8882 -10.6669 
-17.7687 15.8284 -11.6573 -17.5482 15.96 -12.6131 -17.168 16.2206 -13.4997 
-16.7621 16.5154 -14.3647 -16.3738 16.8552 -15.221 -16.0058 17.2425 -16.066 
-15.687 17.7211 -16.882 -29.6562 12.4324 -21.193 -29.7238 12.0165 -20.5134 
-29.7365 11.6062 -19.6044 -29.707 11.3221 -18.6475 -29.712 11.1367 -17.6653 
-29.7416 10.9422 -16.6853 -29.7276 10.6337 -15.7359 -29.661 10.2254 -14.827 
-29.5843 9.72924 -13.9644 -29.6487 9.09825 -13.2024 -29.9547 8.3465 -12.6334 
-30.39 7.54783 -12.2213 -30.8784 6.73644 -11.9008 -31.3615 5.91111 -11.6093 
-31.8259 5.06024 -11.365 -32.2907 4.19514 -11.1785 -32.7479 3.31521 -11.0516 
-33.1955 2.42489 -10.9714 -33.59 1.51548 -10.8495 -33.9137 0.593994 -10.6416 
-34.136 -0.32619 -10.3256 -34.2584 -1.22661 -9.91146 -34.2686 -2.08647 -9.40411 
-34.2024 -2.91078 -8.84305 -34.046 -3.68013 -8.2254 -33.83 -4.40739 -7.57486 
-33.5481 -5.07542 -6.88685 -33.2206 -5.69539 -6.17461 -32.853 -6.26399 -5.43932 
-32.4405 -6.77969 -4.68915 -31.9767 -7.22666 -3.92509 -31.3528 -7.64421 -2.99131 
-30.7875 -7.88078 -2.20277 -30.1855 -7.99927 -1.41432 -29.5514 -8.00881 -0.642767 
-28.8818 -7.90871 0.0921452 -28.18 -7.73593 0.781849 -27.4453 -7.49648 1.41548 
-26.6856 -7.20993 1.99865 -25.9035 -6.88216 2.52812 -25.1134 -6.51793 3.02067 
-24.3347 -6.10445 3.49183 -23.5758 -5.64904 3.95689 -22.8481 -5.13627 4.41162 
-22.1638 -4.56399 4.86207 -21.5259 -3.9252 5.29071 -21.0491 -3.37267 5.61769 
-20.5921 -2.79957 5.93817 -20.0371 -2.06536 6.32896 -19.498 -1.30681 6.69454 
-18.9736 -0.524346 7.0298 -18.4855 0.293727 7.33259 -18.0385 1.14613 7.6025 
-17.6264 2.02797 7.83036 -17.2448 2.93341 8.01432 -16.9081 3.86581 8.14197 
-16.6233 4.82074 8.21702 -16.3975 5.79437 8.22562 -16.2019 6.77392 8.18535 
-16.0323 7.75526 8.09772 -15.8888 8.73527 7.96252 -15.764 9.7037 7.7498 
-15.6491 10.6465 7.441 -15.5372 11.5477 7.02492 -15.4303 12.4001 6.51507 
-15.3481 13.188 5.90599 -15.2902 13.9229 5.23143 -15.2589 14.6012 4.49813 
-15.2493 15.2364 3.72606 -15.2572 15.8316 2.9227 -15.2775 16.3988 2.09957 
-15.3085 16.9465 1.26345 -15.3503 17.4928 0.426952 -15.4154 18.0326 -0.412074 
-15.5241 18.531 -1.27099 -15.7046 18.9016 -2.18011 -15.924 19.1246 -3.12679 
-16.195 19.0157 -4.06512 -16.4808 18.5681 -4.90666 -16.6981 18.0232 -5.7155 
-16.8378 17.5124 -6.5622 -16.9114 17.0759 -7.45821 -16.9684 16.6945 -8.38057 
-17.0598 16.355 -9.31624 -17.1898 16.0863 -10.2691 -17.2777 15.9764 -11.2544 
-17.1997 16.0506 -12.2416 -16.9309 16.2718 -13.1774 -16.6005 16.5394 -14.0822 
-16.2569 16.8479 -14.969 -15.9169 17.1952 -15.8426 -15.6037 17.6412 -16.6794 
-29.2322 11.9939 -21.0449 -29.3192 11.5349 -20.1627 -29.3484 11.1878 -19.2273 
-29.3694 10.9745 -18.2515 -29.4175 10.7913 -17.2696 -29.4369 10.5259 -16.3077 
-29.3692 10.1625 -15.3804 -29.2305 9.70096 -14.5054 -29.1204 9.13444 -13.6939 
-29.3464 8.40977 -13.0672 -29.7663 7.62296 -12.6241 -30.2693 6.82413 -12.2963 
-30.8068 6.02909 -12.0163 -31.363 5.23016 -11.7888 -31.9075 4.41137 -11.6085 
-32.4315 3.57076 -11.4728 -32.9223 2.70613 -11.3687 -33.368 1.8198 -11.2486 
-33.7588 0.920573 -11.057 -34.0492 0.0181554 -10.7454 -34.2296 -0.876485 -10.3412 
-34.296 -1.74128 -9.8465 -34.2742 -2.57343 -9.29368 -34.1713 -3.36041 -8.68672 
-33.9956 -4.10627 -8.04572 -33.7516 -4.79886 -7.36783 -33.4538 -5.44121 -6.66225 
-33.1087 -6.03073 -5.93281 -32.7215 -6.56994 -5.18534 -32.2781 -7.0419 -4.42414 
-31.7874 -7.44498 -3.65265 -31.2475 -7.74775 -2.86916 -30.6657 -7.93388 -2.07914 
-30.0481 -8.00506 -1.29761 -29.3978 -7.97084 -0.53981 -28.7133 -7.84297 0.176743 
-27.9982 -7.65509 0.848953 -27.2457 -7.39989 1.45517 -26.4691 -7.10453 2.01083 
-25.6695 -6.77208 2.51063 -24.8692 -6.40359 2.9831 -24.0854 -5.98017 3.43648 
-23.3249 -5.50864 3.88239 -22.6056 -4.97008 4.31995 -21.9317 -4.36998 4.74889 
-21.4382 -3.8262 5.06563 -21.0861 -3.40026 5.29925 -20.6423 -2.81178 5.61019 
-20.1057 -2.06272 5.9985 -19.5868 -1.29407 6.37225 -19.0795 -0.505104 6.71833 
-18.6047 0.319056 7.02598 -18.1651 1.1734 7.30229 -17.7561 2.05599 7.53242 
-17.378 2.96451 7.70801 -17.045 3.90008 7.82013 -16.7618 4.85672 7.87866 
-16.5399 5.83123 7.87289 -16.3482 6.81104 7.8199 -16.1828 7.79145 7.7158 
-16.0442 8.76888 7.55945 -15.9258 9.73285 7.32492 -15.8174 10.6665 6.98719 
-15.7079 11.5524 6.53972 -15.609 12.3846 5.99558 -15.5388 13.1489 5.35606 
-15.4974 13.8539 4.64931 -15.4926 14.5008 3.88727 -15.5166 15.1012 3.08832 
-15.5675 15.6601 2.26092 -15.6353 16.1933 1.41775 -15.7135 16.7141 0.56766 
-15.8036 17.2447 -0.275106 -15.9298 17.7515 -1.12734 -16.1016 18.1964 -2.00512 
-16.3081 18.4608 -2.94348 -16.5222 18.4338 -3.90217 -16.7118 18.0244 -4.7882 
-16.8571 17.5157 -5.63638 -16.9596 17.0248 -6.50102 -17.0313 16.5974 -7.40128 
-17.1144 16.2666 -8.34075 -17.2376 15.9822 -9.29113 -17.4024 15.7674 -10.2528 
-17.5105 15.6644 -11.2374 -17.4022 15.7597 -12.2202 -17.1168 15.9846 -13.1479 
-16.7543 16.2676 -14.0356 -16.3835 16.5868 -14.9075 -16.024 16.9536 -15.7653 
-15.6876 17.3899 -16.5981 -15.4482 17.8113 -17.2341 -29.713 12.6358 -21.3158 
-29.7659 12.2254 -20.6324 -29.7611 11.8214 -19.7196 -29.7253 11.535 -18.7637 
-29.7288 11.331 -17.7854 -29.763 11.1259 -16.8077 -29.7533 10.8067 -15.8612 
-29.7048 10.4023 -14.9491 -29.6473 9.89479 -14.0914 -29.6987 9.27374 -13.3174 
-30.0028 8.51667 -12.7521 -30.4292 7.71482 -12.3386 -30.9076 6.90175 -12.0083 
-31.3853 6.07367 -11.7157 -31.8434 5.22104 -11.4659 -32.3031 4.35507 -11.27 
-32.7528 3.47272 -11.1341 -33.1955 2.58125 -11.0396 -33.5891 1.67265 -10.9063 
-33.9145 0.752766 -10.6927 -34.1218 -0.165782 -10.363 -34.2336 -1.06558 -9.94562 
-34.2347 -1.92799 -9.442 -34.1532 -2.75044 -8.88091 -33.9759 -3.51688 -8.2645 
-33.7404 -4.24064 -7.61677 -33.4477 -4.91104 -6.93594 -33.1111 -5.53407 -6.23034 
-32.7255 -6.09607 -5.49921 -32.2942 -6.6086 -4.75736 -31.8101 -7.05019 -4.0033 
-31.2775 -7.41234 -3.23933 -30.6928 -7.6583 -2.46772 -30.0672 -7.7893 -1.70112 
-29.4054 -7.80351 -0.952721 -28.7139 -7.72879 -0.235403 -27.9828 -7.57001 0.42691 
-27.2196 -7.36084 1.03705 -26.4179 -7.10131 1.5749 -25.589 -6.81141 2.05221 
-24.7552 -6.47403 2.48846 -23.9288 -6.09204 2.90162 -23.1262 -5.64697 3.29766 
-22.3554 -5.14097 3.68316 -21.6482 -4.53973 4.05238 -21.0275 -3.8471 4.41415 
-20.5855 -3.24709 4.7045 -20.2027 -2.61528 5.01021 -19.7602 -1.8128 5.41049 
-19.3207 -1.01139 5.81602 -18.8886 -0.190338 6.18829 -18.4643 0.655472 6.51076 
-18.0704 1.5389 6.76214 -17.7021 2.45002 6.94396 -17.3741 3.38907 7.03833 
-17.0948 4.348 7.04816 -16.8821 5.31929 6.95152 -16.7057 6.28864 6.78331 
-16.5463 7.2477 6.55103 -16.418 8.19294 6.25309 -16.3181 9.10221 5.85256 
-16.2252 9.97232 5.36996 -16.1231 10.7804 4.79248 -16.0266 11.5132 4.12072 
-15.9754 12.1459 3.34935 -15.9752 12.7051 2.52162 -16.0201 13.1847 1.64586 
-16.0691 13.6121 0.743534 -16.1195 14.0032 -0.175311 -16.2098 14.4236 -1.07739 
-16.3857 14.894 -1.94123 -16.6074 15.3366 -2.80884 -16.8243 15.6196 -3.7367 
-17.0063 15.6389 -4.71298 -17.1783 15.4621 -5.68104 -17.3527 15.2738 -6.64653 
-17.5323 15.1994 -7.62643 -17.7354 15.1995 -8.60522 -17.9847 15.1961 -9.57328 
-18.238 15.1461 -10.5386 -18.3216 15.152 -11.5245 -18.0991 15.2953 -12.4759 
-17.6449 15.5626 -13.3247 -17.1678 15.8848 -14.1421 -16.7179 16.2367 -14.9627 
-16.3032 16.6357 -15.7799 -15.9243 17.0909 -16.5848 -30.4887 6.59948 -12.7285 
-31.0231 5.81079 -12.4263 -31.5894 5.02321 -12.1859 -32.1733 4.2319 -12.0058 
-32.7229 3.41113 -11.8517 -33.2311 2.56241 -11.7078 -33.6803 1.68859 -11.5257 
-34.0682 0.801605 -11.2785 -34.3814 -0.0812961 -10.9332 -34.5939 -0.953001 -10.497 
-34.6868 -1.80027 -9.97614 -34.6964 -2.61872 -9.40303 -34.6139 -3.39641 -8.78121 
-34.4577 -4.137 -8.12881 -34.2324 -4.82702 -7.44196 -33.9506 -5.4649 -6.72596 
-33.6221 -6.0552 -5.98911 -33.2566 -6.60075 -5.23545 -32.8422 -7.0757 -4.4598 
-32.3833 -7.48739 -3.67331 -31.8804 -7.80431 -2.87079 -31.3444 -8.01978 -2.05599 
-30.7697 -8.11347 -1.24452 -30.1624 -8.11395 -0.450983 -29.5172 -8.01703 0.305891 
-28.8391 -7.84788 1.02006 -28.1319 -7.61334 1.68589 -27.4008 -7.31675 2.29958 
-26.6554 -6.96721 2.8665 -25.9009 -6.58219 3.39756 -25.1519 -6.15555 3.90429 
-24.4182 -5.69022 4.39892 -23.7085 -5.1798 4.88405 -23.0283 -4.62609 5.3638 
-22.3844 -4.01799 5.82738 -21.6492 -3.23399 6.35998 -21.0661 -2.54018 6.78246 
-20.4948 -1.82464 7.184 -19.9391 -1.07726 7.54741 -19.4086 -0.292653 7.86713 
-18.902 0.520077 8.15405 -18.4336 1.36679 8.40505 -18.0011 2.24112 8.62424 
-17.6188 3.14702 8.80414 -17.2822 4.07839 8.93942 -16.9945 5.03261 9.01354 
-16.7462 6.00072 9.0309 -16.5261 6.97519 8.99247 -16.3251 7.95039 8.90343 
-16.148 8.92293 8.7544 -15.9888 9.8896 8.55547 -15.8476 10.8397 8.27971 
-15.719 11.7656 7.92641 -15.6009 12.6515 7.4803 -15.4944 13.4967 6.95735 
-15.415 14.2909 6.3562 -15.3584 15.0408 5.69767 -15.323 15.7402 4.9843 
-15.2992 16.3994 4.23317 -15.285 17.0156 3.446 -15.2758 17.5915 2.6288 
-15.2655 18.1327 1.78805 -15.2627 18.6562 0.936118 -15.2864 19.158 0.0716297 
-15.3578 19.6101 -0.816221 -15.4997 19.9578 -1.74036 -15.729 20.1282 -2.69284 
-16.0465 20.0655 -3.63384 -16.4206 19.7628 -4.50385 -16.8295 19.2717 -5.2715 
-17.2319 18.7575 -6.02868 -17.5178 18.3473 -6.88884 -17.7042 18.0447 -7.82201 
-17.8788 17.7985 -8.77514 -18.0919 17.5272 -9.71329 -18.3369 17.2232 -10.6338 
-18.4983 16.9781 -11.5765 -18.2055 17.0448 -12.4966 -17.6852 17.2777 -13.318 
-17.2083 17.5442 -14.1551 -16.7831 17.8276 -15.0142 -16.4216 18.1783 -15.8769 
-27.9605 13.0177 -20.4424 -28.0091 12.7451 -19.9102 -28.1123 12.3463 -18.9998 
-28.256 12.0152 -18.0679 -28.4392 11.7169 -17.1312 -28.5991 11.3959 -16.1983 
-28.6878 11.0118 -15.2798 -28.7428 10.5768 -14.3816 -28.8335 10.0377 -13.5519 
-29.1474 9.35987 -12.9037 -29.6 8.59538 -12.4467 -30.0721 7.79942 -12.0695 
-30.5511 6.98257 -11.7487 -31.0225 6.15092 -11.4555 -31.4856 5.30189 -11.2025 
-31.9499 4.43709 -11.0144 -32.4146 3.55926 -10.9001 -32.8561 2.66523 -10.8281 
-33.2475 1.74951 -10.7467 -33.5725 0.817606 -10.5924 -33.7962 -0.116389 -10.3227 
-33.9179 -1.03466 -9.95068 -33.9252 -1.91593 -9.48219 -33.8503 -2.7578 -8.94938 
-33.6965 -3.54598 -8.35577 -33.4697 -4.28531 -7.72266 -33.1822 -4.96857 -7.0521 
-32.8575 -5.61032 -6.35806 -32.4806 -6.1947 -5.64001 -32.052 -6.72614 -4.91003 
-31.5712 -7.1953 -4.17027 -31.0343 -7.58378 -3.42279 -30.4428 -7.85912 -2.66732 
-29.8077 -8.02312 -1.91383 -29.1309 -8.06033 -1.18009 -28.4265 -8.00692 -0.47356 
-27.6888 -7.87207 0.186616 -26.9123 -7.67371 0.783466 -26.0987 -7.43277 1.3112 
-25.2581 -7.1508 1.77246 -24.4027 -6.83132 2.17913 -23.5523 -6.45995 2.55086 
-22.7156 -6.02933 2.88869 -21.8922 -5.55347 3.19631 -21.114 -4.99728 3.48337 
-20.394 -4.36392 3.76268 -19.7819 -3.64104 4.0707 -19.3109 -2.86582 4.48553 
-18.9286 -2.07341 4.96061 -18.5454 -1.27094 5.41757 -18.1602 -0.454488 5.84724 
-17.7943 0.390777 6.23522 -17.4342 1.27451 6.5324 -17.0928 2.18688 6.75425 
-16.7857 3.12835 6.8857 -16.5326 4.09397 6.9292 -16.346 5.07491 6.89693 
-16.2061 6.05826 6.78714 -16.0771 7.03397 6.61139 -15.9651 8.0038 6.396 
-15.8907 8.94901 6.08282 -15.8252 9.85674 5.67041 -15.7516 10.7179 5.16926 
-15.6778 11.5187 4.57775 -15.625 12.2349 3.88341 -15.618 12.8803 3.12113 
-15.673 13.4519 2.30348 -15.7689 13.9622 1.44949 -15.8809 14.4178 0.566587 
-15.9918 14.8614 -0.322725 -16.14 15.3307 -1.19278 -16.338 15.8048 -2.0505 
-16.5464 16.1974 -2.94358 -16.7215 16.36 -3.90465 -16.8478 16.1778 -4.87276 
-16.9625 15.8504 -5.80987 -17.0697 15.5038 -6.74061 -17.1868 15.2743 -7.70512 
-17.3321 15.14 -8.68496 -17.524 15.0347 -9.66051 -17.7177 14.9423 -10.6364 
-17.7672 14.9402 -11.6276 -17.566 15.113 -12.5837 -17.2013 15.3898 -13.4711 
-16.7939 15.7097 -14.3264 -16.3927 16.0644 -15.1708 -16.0099 16.4665 -16.0023 
-15.6553 16.9335 -16.8109 -15.3968 17.3694 -17.4296 -31.0871 12.0878 -20.8521 
-30.9874 11.6623 -19.955 -30.8329 11.3856 -19.0086 -30.6873 11.2145 -18.0349 
-30.5701 11.0538 -17.0554 -30.4541 10.7903 -16.0999 -30.335 10.3903 -15.1925 
-30.2353 9.89263 -14.3321 -30.2237 9.29542 -13.5373 -30.3813 8.57281 -12.875 
-30.7482 7.76902 -12.4149 -31.1934 6.95078 -12.0532 -31.6344 6.10959 -11.741 
-32.0646 5.249 -11.4695 -32.4882 4.37068 -11.2494 -32.9121 3.48037 -11.0858 
-33.3397 2.58306 -10.9781 -33.7267 1.67204 -10.8406 -34.0394 0.749791 -10.6189 
-34.2587 -0.169666 -10.2994 -34.3687 -1.06637 -9.87477 -34.3807 -1.92919 -9.37247 
-34.3073 -2.75185 -8.80993 -34.1556 -3.52764 -8.19968 -33.9321 -4.25432 -7.55094 
-33.653 -4.92912 -6.86858 -33.3226 -5.54989 -6.1583 -32.958 -6.1269 -5.42783 
-32.5466 -6.64075 -4.67602 -32.0894 -7.09556 -3.91219 -31.5797 -7.45573 -3.13226 
-31.0292 -7.72148 -2.34238 -30.4397 -7.86752 -1.54999 -29.8167 -7.90144 -0.769846 
-29.1584 -7.82587 -0.0219024 -28.4701 -7.67795 0.687077 -27.749 -7.46206 1.34431 
-26.9998 -7.18639 1.94557 -26.2276 -6.86394 2.49242 -25.4424 -6.5064 2.99736 
-24.662 -6.1047 3.47613 -23.903 -5.65413 3.94552 -23.1738 -5.14861 4.40596 
-22.4823 -4.58868 4.86127 -21.8318 -3.96756 5.29691 -21.2277 -3.28778 5.71179 
-20.6532 -2.57513 6.11427 -20.0951 -1.84259 6.50376 -19.5516 -1.0849 6.86465 
-19.0255 -0.300396 7.192 -18.5384 0.522461 7.48312 -18.091 1.37831 7.74125 
-17.6775 2.26216 7.95933 -17.2981 3.17022 8.13428 -16.9711 4.10755 8.24905 
-16.6973 5.06692 8.30753 -16.4726 6.04092 8.30556 -16.2756 7.01973 8.25457 
-16.1067 7.99971 8.152 -15.9602 8.97804 8.00714 -15.8317 9.94197 7.77746 
-15.7117 10.8814 7.45951 -15.595 11.7742 7.0271 -15.4881 12.6166 6.50136 
-15.4047 13.4048 5.89278 -15.35 14.1355 5.2134 -15.3208 14.8131 4.47916 
-15.3115 15.4494 3.70812 -15.3192 16.0428 2.90344 -15.3377 16.6064 2.07773 
-15.363 17.1523 1.24026 -15.3984 17.6931 0.399956 -15.4621 18.2211 -0.446552 
-15.574 18.6996 -1.31619 -15.7637 19.0386 -2.23487 -15.9967 19.2174 -3.18758 
-16.2804 19.0346 -4.11207 -16.5655 18.5791 -4.95033 -16.7804 18.0385 -5.76269 
-16.916 17.5363 -6.61503 -16.9885 17.1102 -7.51623 -17.0504 16.7388 -8.44225 
-17.1563 16.4201 -9.38362 -17.2961 16.1665 -10.3397 -17.3672 16.0718 -11.3279 
-17.2677 16.1448 -12.3127 -16.9777 16.3668 -13.2422 -16.6333 16.634 -14.1418 
-16.2811 16.9429 -15.0252 -15.9389 17.2966 -15.8954 -15.6293 17.7485 -16.73 
-29.6789 12.8227 -21.4104 -29.727 12.4995 -20.908 -29.7445 12.0437 -20.0201 
-29.7178 11.7063 -19.0811 -29.7058 11.478 -18.1082 -29.7402 11.2773 -17.1293 
-29.7647 11.0101 -16.1677 -29.741 10.6407 -15.2399 -29.6888 10.1694 -14.3606 
-29.6973 9.5947 -13.5464 -29.9237 8.88027 -12.9036 -30.3147 8.08826 -12.4395 
-30.7749 7.27607 -12.0824 -31.2471 6.45107 -11.7724 -31.6924 5.60005 -11.4949 
-32.1381 4.73363 -11.2717 -32.5791 3.85184 -11.107 -33.0191 2.96045 -11.0009 
-33.4301 2.05553 -10.897 -33.775 1.13477 -10.7217 -34.0188 0.208623 -10.4423 
-34.1572 -0.705169 -10.0646 -34.1803 -1.58438 -9.59086 -34.1172 -2.42592 -9.05692 
-33.9706 -3.21726 -8.46524 -33.7485 -3.95853 -7.83302 -33.4675 -4.64909 -7.16734 
-33.1395 -5.28898 -6.47303 -32.7617 -5.87059 -5.75335 -32.3407 -6.4031 -5.01964 
-31.8638 -6.86959 -4.27567 -31.3405 -7.26683 -3.52267 -30.7577 -7.54811 -2.76188 
-30.1353 -7.72836 -2.00235 -29.4681 -7.77662 -1.26002 -28.7714 -7.73429 -0.545162 
-28.039 -7.60966 0.122448 -27.2715 -7.42576 0.735741 -26.4634 -7.19608 1.2773 
-25.6297 -6.93157 1.76086 -24.7773 -6.62004 2.17969 -23.9333 -6.25619 2.57275 
-23.1073 -5.83197 2.94292 -22.3039 -5.35032 3.29154 -21.5687 -4.77136 3.64092 
-20.9066 -4.1074 3.98147 -20.3588 -3.35211 4.33921 -19.9072 -2.55417 4.73476 
-19.5113 -1.73878 5.15696 -19.1166 -0.923133 5.57991 -18.7211 -0.0909678 5.96785 
-18.3298 0.767093 6.29885 -17.955 1.66234 6.53678 -17.6016 2.58136 6.70864 
-17.2994 3.5306 6.78321 -17.0528 4.49813 6.76524 -16.8725 5.47385 6.6477 
-16.7209 6.44253 6.45444 -16.581 7.39686 6.19298 -16.4646 8.32942 5.8536 
-16.3724 9.22387 5.41742 -16.2781 10.0792 4.90937 -16.1745 10.8606 4.29689 
-16.078 11.5663 3.59706 -16.027 12.1671 2.80073 -16.0222 12.6892 1.94913 
-16.0423 13.1337 1.05416 -16.0591 13.5223 0.13315 -16.098 13.9021 -0.790656 
-16.2152 14.336 -1.68172 -16.4313 14.8197 -2.52928 -16.6821 15.2404 -3.39788 
-16.91 15.4066 -4.35051 -17.1065 15.3486 -5.32516 -17.294 15.1841 -6.29318 
-17.4804 15.0942 -7.27016 -17.6774 15.1066 -8.2502 -17.9115 15.13 -9.22184 
-18.1741 15.1095 -10.1861 -18.3555 15.083 -11.1671 -18.2425 15.1824 -12.1389 
-17.842 15.4128 -13.0184 -17.3612 15.726 -13.8369 -16.8932 16.0662 -14.6524 
-16.4646 16.4487 -15.4704 -16.0665 16.879 -16.2803 -15.7194 17.3811 -17.0709 
-29.3826 12.6266 -21.1998 -29.4256 12.3222 -20.6847 -29.4557 11.8929 -19.7842 
-29.4556 11.5761 -18.8373 -29.4854 11.3562 -17.8626 -29.542 11.1417 -16.8879 
-29.5503 10.8277 -15.9396 -29.5112 10.4321 -15.0233 -29.443 9.93903 -14.1574 
-29.4725 9.33661 -13.3685 -29.7776 8.59217 -12.7877 -30.2051 7.79842 -12.361 
-30.6879 6.98914 -12.0282 -31.1818 6.16951 -11.7381 -31.6557 5.32561 -11.4881 
-32.2255 4.29352 -11.2671 -32.6894 3.41762 -11.1364 -33.1386 2.52822 -11.0543 
-33.544 1.62299 -10.9331 -33.8717 0.705256 -10.7172 -34.0946 -0.213124 -10.3967 
-34.2059 -1.10989 -9.97322 -34.2187 -1.97357 -9.47262 -34.132 -2.79047 -8.90416 
-33.9697 -3.56201 -8.29035 -33.73 -4.27853 -7.63594 -33.4434 -4.95275 -6.95608 
-33.1075 -5.57272 -6.24763 -32.7276 -6.13807 -5.51606 -32.2974 -6.64905 -4.77275 
-31.8149 -7.09097 -4.01748 -31.2804 -7.44732 -3.25265 -30.6974 -7.69454 -2.48029 
-30.0722 -7.82209 -1.7128 -29.4128 -7.83993 -0.962351 -28.7196 -7.7584 -0.247517 
-27.9939 -7.60504 0.422142 -27.2278 -7.38942 1.02644 -26.4317 -7.13333 1.574 
-25.6039 -6.84143 2.05226 -24.7714 -6.50687 2.49308 -23.9475 -6.12088 2.90741 
-23.1433 -5.68266 3.30781 -22.3772 -5.1722 3.69634 -21.6665 -4.57668 4.0679 
-21.0414 -3.88733 4.42932 -20.5947 -3.29063 4.71935 -20.2153 -2.65683 5.02626 
-19.766 -1.85698 5.42402 -19.3228 -1.05739 5.82917 -18.8858 -0.241722 6.20775 
-18.4605 0.604263 6.5281 -18.0629 1.48386 6.78645 -17.6946 2.39534 6.96664 
-17.3626 3.33214 7.06946 -17.0833 4.29074 7.08272 -16.8667 5.26237 6.99714 
-16.6882 6.23204 6.83295 -16.5236 7.19248 6.60957 -16.3927 8.14036 6.32194 
-16.2912 9.05844 5.94244 -16.1996 9.93154 5.46489 -16.0988 10.7555 4.90942 
-16.0008 11.4977 4.24746 -15.9304 12.18 3.5217 -15.9274 12.7658 2.71257 
-15.9712 13.2854 1.8601 -16.0396 13.7304 0.967624 -16.1064 14.1339 0.055174 
-16.2018 14.5595 -0.844067 -16.3604 15.0237 -1.71477 -16.569 15.4678 -2.58484 
-16.778 15.7856 -3.50472 -16.9494 15.8182 -4.48234 -17.1035 15.6382 -5.45183 
-17.2613 15.3983 -6.40899 -17.4252 15.2519 -7.38301 -17.6083 15.2208 -8.36519 
-17.8326 15.2044 -9.33928 -18.0808 15.1373 -10.305 -18.2314 15.0892 -11.2878 
-18.0757 15.194 -12.2601 -17.6852 15.4288 -13.1439 -17.2197 15.7448 -13.9703 
-16.7692 16.0872 -14.7946 -16.3531 16.4763 -15.616 -15.9646 16.9122 -16.4275 
-15.6927 17.3244 -17.056 -28.4268 11.7439 -19.9785 -28.5099 11.3794 -19.0524 
-28.6001 11.1044 -18.0958 -28.7092 10.8575 -17.133 -28.7898 10.5665 -16.1804 
-28.7573 10.1947 -15.2548 -28.6324 9.76745 -14.3608 -28.6517 9.22273 -13.5438 
-28.9776 8.53277 -12.9136 -29.4341 7.76065 -12.4778 -29.9353 6.96416 -12.1416 
-30.4604 6.16251 -11.8563 -30.9902 5.35303 -11.6036 -31.5249 4.53237 -11.4045 
-32.0531 3.69532 -11.2638 -32.5552 2.83495 -11.1808 -33.0199 1.95199 -11.1168 
-33.4312 1.05016 -10.994 -33.7662 0.14003 -10.7601 -33.9737 -0.766822 -10.3996 
-34.0809 -1.65459 -9.95518 -34.0867 -2.50312 -9.42946 -34.0139 -3.31196 -8.84676 
-33.8577 -4.07171 -8.21695 -33.6372 -4.78454 -7.55241 -33.3609 -5.44613 -6.85592 
-33.0362 -6.05774 -6.13517 -32.6592 -6.61173 -5.39371 -32.2365 -7.11642 -4.64163 
-31.7598 -7.55022 -3.87811 -31.2308 -7.89173 -3.10273 -30.6568 -8.11816 -2.31812 
-30.0444 -8.23355 -1.53714 -29.3935 -8.22214 -0.779584 -28.7159 -8.1268 -0.0512964 
-28.0063 -7.9483 0.629443 -27.2687 -7.71472 1.26182 -26.4979 -7.42568 1.82882 
-25.7053 -7.10529 2.34713 -24.907 -6.7496 2.83269 -24.1145 -6.35199 3.29463 
-23.3457 -5.89779 3.74417 -22.5983 -5.39813 4.1812 -21.9003 -4.82699 4.61172 
-21.2465 -4.1911 5.01991 -20.8809 -3.77748 5.25448 -20.4209 -3.19807 5.55881 
-19.8709 -2.45797 5.94544 -19.3434 -1.70007 6.32901 -18.8268 -0.922653 6.68737 
-18.3398 -0.113752 7.01609 -17.8923 0.7271 7.31923 -17.4834 1.603 7.57401 
-17.1003 2.50207 7.78419 -16.7587 3.42963 7.93182 -16.4653 4.37997 8.02964 
-16.2388 5.35301 8.05969 -16.0464 6.33388 8.04222 -15.8792 7.31741 7.97722 
-15.7366 8.2996 7.85862 -15.62 9.27225 7.66062 -15.5166 10.2255 7.38055 
-15.4182 11.1353 6.98011 -15.3212 11.9944 6.48003 -15.2414 12.7916 5.88305 
-15.1808 13.5319 5.21506 -15.1452 14.2118 4.48316 -15.133 14.8487 3.7127 
-15.1411 15.4479 2.91237 -15.167 16.0173 2.09082 -15.2085 16.5663 1.25608 
-15.2622 17.1168 0.423057 -15.3418 17.6709 -0.405388 -15.4559 18.1944 -1.24907 
-15.6286 18.5998 -2.14405 -15.8367 18.8492 -3.08674 -16.092 18.7246 -4.02325 
-16.3449 18.2735 -4.8725 -16.5348 17.7214 -5.68356 -16.6595 17.2038 -6.52889 
-16.7248 16.7546 -7.41901 -16.7747 16.3762 -8.34282 -16.8518 16.0531 -9.28582 
-16.9583 15.8001 -10.2457 -17.0427 15.7213 -11.2344 -16.9928 15.8238 -12.2234 
-16.7636 16.0548 -13.1669 -16.4617 16.3309 -14.079 -16.138 16.6421 -14.9723 
-15.8116 16.9902 -15.8507 -15.4967 17.4409 -16.6846 -31.0594 11.5709 -21.4225 
-31.1068 11.2874 -20.8976 -31.0635 10.9173 -19.9726 -30.9311 10.6919 -19.0103 
-30.7886 10.5701 -18.0282 -30.653 10.4359 -17.0472 -30.4834 10.1681 -16.102 
-30.2999 9.74603 -15.2166 -30.1917 9.17563 -14.4056 -30.1752 8.4852 -13.6884 
-30.378 7.69286 -13.129 -30.7782 6.87687 -12.7208 -31.276 6.06621 -12.4133 
-31.7939 5.2492 -12.1623 -32.3399 4.43188 -11.979 -32.8645 3.59535 -11.8223 
-33.3521 2.73493 -11.676 -33.7954 1.85711 -11.4972 -34.174 0.967024 -11.2459 
-34.4884 0.0830078 -10.9053 -34.6934 -0.789403 -10.4657 -34.7988 -1.6405 -9.95379 
-34.8011 -2.45665 -9.37709 -34.7313 -3.24011 -8.76106 -34.5748 -3.98069 -8.10907 
-34.352 -4.67614 -7.42674 -34.0672 -5.31337 -6.71139 -33.7398 -5.90733 -5.97698 
-33.3717 -6.44853 -5.22152 -32.9644 -6.934 -4.44865 -32.5086 -7.34452 -3.65954 
-32.0159 -7.67599 -2.85657 -31.4856 -7.89306 -2.0383 -30.9247 -8.00844 -1.2199 
-30.3242 -8.01015 -0.42122 -29.6895 -7.93007 0.346424 -29.0194 -7.77575 1.07103 
-28.3195 -7.55558 1.74968 -27.5935 -7.26492 2.37221 -26.8551 -6.9229 2.95258 
-26.106 -6.53667 3.49031 -25.3604 -6.1087 4.00064 -24.6319 -5.63242 4.49272 
-23.924 -5.11893 4.97713 -23.2513 -4.55149 5.45144 -22.6042 -3.94316 5.91045 
-21.9936 -3.2832 6.34775 -21.2888 -2.45253 6.85056 -20.7149 -1.73532 7.24547 
-20.1611 -0.983759 7.6028 -19.6295 -0.200165 7.92378 -19.1278 0.618553 8.20201 
-18.6597 1.46693 8.44814 -18.2331 2.34655 8.65627 -17.8537 3.25534 8.8278 
-17.5222 4.19011 8.95078 -17.2388 5.14649 9.01225 -16.9949 6.11596 9.01516 
-16.7759 7.09016 8.96621 -16.5749 8.06409 8.86357 -16.3917 9.03486 8.71066 
-16.2291 9.99689 8.49342 -16.0823 10.9433 8.20806 -15.9463 11.8658 7.84746 
-15.82 12.754 7.4082 -15.7104 13.598 6.88465 -15.6272 14.3969 6.29018 
-15.5718 15.1429 5.62722 -15.5364 15.8429 4.91453 -15.5141 16.5023 4.16342 
-15.5012 17.1205 3.37788 -15.4905 17.6886 2.55532 -15.4751 18.2236 1.71069 
-15.4683 18.7321 0.849771 -15.486 19.2187 -0.0234855 -15.5712 19.6352 -0.927232 
-15.7327 19.9408 -1.86261 -16.0007 20.0446 -2.81353 -16.3391 19.9263 -3.74189 
-16.7046 19.564 -4.59456 -17.0762 19.0667 -5.37747 -17.4196 18.5883 -6.18361 
-17.67 18.219 -7.07441 -17.8528 17.9663 -8.02376 -18.0456 17.7464 -8.97982 
-18.2993 17.4729 -9.90694 -18.5783 17.1742 -10.8196 -18.6681 16.9999 -11.6899 
-18.2631 17.14 -12.4911 -17.7184 17.3808 -13.2939 -17.2341 17.6367 -14.1299 
-16.8145 17.9151 -14.9933 -16.4551 18.2588 -15.8595 -32.461 11.9027 -21.0285 
-32.2858 11.4466 -20.159 -32.0569 11.1276 -19.2416 -31.7762 10.956 -18.2984 
-31.485 10.8202 -17.3516 -31.2002 10.5961 -16.4211 -30.9548 10.2334 -15.525 
-30.7781 9.72282 -14.6861 -30.7021 9.10996 -13.9042 -30.7928 8.37044 -13.2457 
-31.0876 7.55867 -12.7565 -31.4826 6.71913 -12.3855 -31.9121 5.8688 -12.0842 
-32.3677 5.01027 -11.8493 -32.8134 4.13865 -11.6466 -33.2586 3.25695 -11.4909 
-33.6823 2.36577 -11.3297 -34.0634 1.46553 -11.1211 -34.3877 0.565544 -10.8347 
-34.6028 -0.324442 -10.4389 -34.713 -1.19195 -9.95662 -34.7252 -2.02676 -9.40826 
-34.6573 -2.82609 -8.81244 -34.497 -3.57865 -8.17518 -34.27 -4.28604 -7.50671 
-33.9868 -4.94188 -6.80791 -33.6568 -5.5499 -6.08628 -33.2854 -6.10388 -5.34176 
-32.8767 -6.60363 -4.57865 -32.4233 -7.03477 -3.79962 -31.9287 -7.38472 -3.00535 
-31.392 -7.62567 -2.19814 -30.82 -7.75823 -1.38986 -30.2127 -7.77999 -0.5972 
-29.5711 -7.71165 0.165771 -28.8943 -7.56654 0.886042 -28.1867 -7.35515 1.55958 
-27.4498 -7.06998 2.1714 -26.694 -6.73571 2.73382 -25.9227 -6.35719 3.24488 
-25.1568 -5.93949 3.73328 -24.4104 -5.4721 4.20668 -23.6905 -4.95851 4.67272 
-23.0035 -4.39084 5.12537 -22.3525 -3.76783 5.5582 -21.7382 -3.09837 5.97538 
-21.1489 -2.39865 6.37892 -20.577 -1.67537 6.76575 -20.0193 -0.926359 7.12261 
-19.4891 -0.1406 7.44001 -18.9918 0.67989 7.72076 -18.5347 1.53591 7.96102 
-18.1136 2.41984 8.16281 -17.7399 3.33369 8.31874 -17.4109 4.27141 8.42515 
-17.1345 5.23076 8.46877 -16.9019 6.20289 8.45543 -16.6938 7.17857 8.39092 
-16.506 8.15409 8.27922 -16.3436 9.12531 8.10687 -16.1985 10.0836 7.8637 
-16.0633 11.0157 7.52992 -15.9326 11.9083 7.10093 -15.8191 12.7481 6.57154 
-15.7343 13.5392 5.96749 -15.6859 14.2683 5.28583 -15.6662 14.9447 4.55023 
-15.669 15.5748 3.77403 -15.6868 16.1639 2.96655 -15.7115 16.7162 2.13333 
-15.7344 17.2459 1.2855 -15.7621 17.7597 0.428106 -15.8197 18.2529 -0.439499 
-15.9546 18.665 -1.33746 -16.1706 18.9398 -2.2729 -16.4025 19.0331 -3.23429 
-16.6504 18.7703 -4.14922 -16.8649 18.2901 -4.99827 -17.0141 17.7766 -5.84279 
-17.1197 17.3202 -6.72468 -17.2024 16.9606 -7.65307 -17.3125 16.6821 -8.60693 
-17.4684 16.4335 -9.56254 -17.6273 16.2302 -10.5276 -17.6504 16.1553 -11.5177 
-17.4325 16.2834 -12.4788 -17.0879 16.5177 -13.3859 -16.7099 16.8012 -14.2671 
-16.3438 17.1259 -15.1389 -16.0007 17.5013 -15.9996 -15.693 17.9535 -16.8348 
-28.5454 12.5023 -21.0114 -28.6216 12.117 -20.315 -28.6948 11.705 -19.4079 
-28.7651 11.4083 -18.4564 -28.8657 11.1624 -17.4925 -28.9606 10.8937 -16.5347 
-28.983 10.5478 -15.5982 -28.909 10.1258 -14.6964 -28.8267 9.61932 -13.8427 
-29.0376 8.95031 -13.1519 -29.448 8.19153 -12.6518 -29.9297 7.39565 -12.2874 
-30.4447 6.59334 -11.9867 -30.969 5.78379 -11.7232 -31.4907 4.95986 -11.503 
-32.0075 4.11857 -11.3473 -32.5091 3.26069 -11.2378 -32.9767 2.38017 -11.1621 
-33.3984 1.48161 -11.0477 -33.7443 0.570732 -10.8299 -33.9811 -0.341068 -10.5037 
-34.0946 -1.23445 -10.0732 -34.1113 -2.0952 -9.56707 -34.0343 -2.91119 -8.99581 
-33.8856 -3.68486 -8.38107 -33.6625 -4.40742 -7.72759 -33.3882 -5.08427 -7.0455 
-33.0605 -5.70643 -6.33521 -32.6858 -6.27427 -5.60287 -32.2596 -6.78823 -4.85932 
-31.779 -7.234 -4.10517 -31.2454 -7.59704 -3.34261 -30.6651 -7.85131 -2.57088 
-30.0398 -7.97888 -1.80358 -29.3801 -7.99706 -1.05335 -28.6868 -7.91304 -0.338286 
-27.9605 -7.75826 0.329769 -27.1967 -7.54388 0.937443 -26.4007 -7.28847 1.48535 
-25.5726 -6.99603 1.96264 -24.7372 -6.66438 2.40042 -23.9091 -6.28246 2.80996 
-23.0983 -5.8482 3.2013 -22.3163 -5.35044 3.57526 -21.5836 -4.77377 3.93329 
-20.9343 -4.09959 4.27921 -20.3705 -3.35579 4.63683 -19.9968 -2.72171 4.9485 
-19.5636 -1.91876 5.35778 -19.1337 -1.11736 5.77364 -18.7117 -0.298691 6.16238 
-18.2948 0.545727 6.4973 -17.9072 1.42988 6.75628 -17.5421 2.33973 6.95064 
-17.2188 3.2799 7.04839 -16.9425 4.23992 7.06667 -16.7295 5.21306 6.99649 
-16.5593 6.18649 6.84595 -16.4047 7.15084 6.63241 -16.2782 8.10567 6.3661 
-16.1851 9.02719 5.99278 -16.0984 9.91078 5.53381 -15.9997 10.7483 4.99747 
-15.9039 11.5234 4.37593 -15.8403 12.2174 3.66053 -15.8351 12.8295 2.87141 
-15.8872 13.3658 2.03013 -15.9706 13.8305 1.1491 -16.0546 14.2468 0.243866 
-16.1516 14.6739 -0.654678 -16.3051 15.1376 -1.52686 -16.5063 15.5937 -2.39314 
-16.7114 15.9275 -3.31058 -16.8831 16.0272 -4.28013 -17.0201 15.8313 -5.2489 
-17.1574 15.5417 -6.1958 -17.3021 15.3308 -7.16092 -17.4604 15.2347 -8.14248 
-17.6615 15.1873 -9.12063 -17.8994 15.1159 -10.089 -18.0751 15.0353 -11.0664 
-18.0107 15.0781 -12.0531 -17.6648 15.2978 -12.958 -17.2264 15.5998 -13.8039 
-16.7876 15.9367 -14.6367 -16.3715 16.3109 -15.4651 -15.9867 16.7428 -16.2803 
-15.6386 17.2421 -17.0727 -29.7108 11.7112 -21.1854 -29.8075 11.3198 -20.4958 
-29.8354 10.9453 -19.5719 -29.806 10.7124 -18.6017 -29.8012 10.5737 -17.6118 
-29.8087 10.3959 -16.629 -29.7307 10.0788 -15.6858 -29.5997 9.65856 -14.79 
-29.4782 9.1046 -13.9676 -29.5131 8.4306 -13.2577 -29.8429 7.6488 -12.7408 
-30.3152 6.84968 -12.3738 -30.8469 6.05383 -12.0856 -31.4039 5.25954 -11.8445 
-31.9536 4.44556 -11.6577 -32.4856 3.61288 -11.5062 -32.979 2.75025 -11.3958 
-33.4386 1.87004 -11.2812 -33.8354 0.97298 -11.092 -34.1813 0.074848 -10.8244 
-34.3934 -0.813356 -10.4233 -34.5075 -1.68127 -9.94214 -34.525 -2.51361 -9.3911 
-34.4588 -3.30857 -8.78928 -34.3042 -4.05766 -8.14602 -34.0891 -4.762 -7.4708 
-33.8188 -5.41464 -6.76358 -33.4994 -6.01935 -6.03461 -33.1336 -6.5688 -5.28404 
-32.7299 -7.06598 -4.51662 -32.2741 -7.49168 -3.73602 -31.7769 -7.83892 -2.94187 
-31.2397 -8.07223 -2.13302 -30.6686 -8.19833 -1.32333 -30.0573 -8.20572 -0.533337 
-29.4136 -8.12626 0.226803 -28.7368 -7.96179 0.943777 -28.0341 -7.7372 1.61769 
-27.3044 -7.44416 2.2347 -26.5615 -7.10582 2.81165 -25.809 -6.72868 3.35122 
-25.0609 -6.30959 3.86543 -24.3288 -5.84799 4.36578 -23.6201 -5.34212 4.85713 
-22.9432 -4.78999 5.34324 -22.3029 -4.18599 5.81691 -21.6936 -3.53486 6.26876 
-20.9943 -2.70617 6.78224 -20.4235 -1.9921 7.18739 -19.8676 -1.24513 7.55136 
-19.3335 -0.464523 7.87468 -18.827 0.348892 8.15994 -18.3526 1.19057 8.41681 
-17.9231 2.06608 8.63698 -17.5351 2.96764 8.82637 -17.1979 3.89792 8.96718 
-16.8991 4.84732 9.0598 -16.6487 5.81476 9.08209 -16.4256 6.78869 9.05103 
-16.2234 7.76422 8.96721 -16.0439 8.7378 8.82875 -15.8866 9.70569 8.63434 
-15.7466 10.6593 8.37074 -15.6219 11.5879 8.02306 -15.5058 12.4828 7.59413 
-15.4016 13.3292 7.07268 -15.3169 14.1346 6.48736 -15.2596 14.8874 5.83233 
-15.2205 15.5965 5.12894 -15.1947 16.2606 4.3822 -15.178 16.8859 3.60219 
-15.1686 17.4663 2.78816 -15.1598 18.0167 1.95338 -15.1585 18.547 1.10565 
-15.1772 19.0612 0.248298 -15.2389 19.5341 -0.629604 -15.3533 19.9336 -1.5382 
-15.5496 20.1656 -2.48533 -15.8309 20.1856 -3.43857 -16.1958 19.9303 -4.32707 
-16.6175 19.4768 -5.10825 -17.0582 18.96 -5.84212 -17.4172 18.5033 -6.64903 
-17.6301 18.1697 -7.56492 -17.7943 17.9121 -8.51682 -17.993 17.6388 -9.45764 
-18.2276 17.3339 -10.3805 -18.426 17.0537 -11.3183 -18.3375 16.9797 -12.2717 
-17.8237 17.2039 -13.099 -17.3286 17.4636 -13.9278 -16.8925 17.743 -14.7828 
-16.513 18.0707 -15.6469 -16.2537 18.3986 -16.3279 -31.1239 11.99 -20.8339 
-31.029 11.5653 -19.9368 -30.8754 11.2755 -18.9936 -30.7207 11.1052 -18.0215 
-30.5919 10.9618 -17.0404 -30.468 10.7271 -16.0787 -30.3424 10.3383 -15.1676 
-30.2306 9.85782 -14.2992 -30.218 9.25769 -13.5048 -30.375 8.53654 -12.8426 
-30.7516 7.73138 -12.3917 -31.2005 6.91308 -12.0344 -31.6418 6.07132 -11.7244 
-32.0731 5.2104 -11.4557 -32.4974 4.33205 -11.2368 -32.9205 3.44097 -11.0751 
-33.3471 2.54331 -10.9663 -33.7319 1.63152 -10.8282 -34.0409 0.708614 -10.604 
-34.2604 -0.211082 -10.2858 -34.3624 -1.10573 -9.85404 -34.3699 -1.96726 -9.34937 
-34.2934 -2.78838 -8.78502 -34.1382 -3.56231 -8.17328 -33.9125 -4.28701 -7.52311 
-33.6341 -4.96358 -6.84199 -33.3021 -5.58223 -6.13066 -32.9361 -6.15688 -5.39902 
-32.5225 -6.6683 -4.64676 -32.0632 -7.12012 -3.88243 -31.5511 -7.47637 -3.10229 
-30.9984 -7.7372 -2.31227 -30.4071 -7.87805 -1.52033 -29.7824 -7.90669 -0.741394 
-29.1239 -7.83204 0.00678361 -28.435 -7.68269 0.714569 -27.7125 -7.46302 1.36912 
-26.9622 -7.18437 1.96776 -26.1909 -6.8624 2.51599 -25.4058 -6.50293 3.01994 
-24.6269 -6.0989 3.49889 -23.8694 -5.64616 3.9687 -23.1423 -5.13824 4.42988 
-22.453 -4.57607 4.88559 -21.8045 -3.95274 5.3213 -21.202 -3.27167 5.73643 
-20.741 -2.70369 6.06018 -20.1813 -1.97313 6.45107 -19.6345 -1.22117 6.81888 
-19.105 -0.440887 7.15069 -18.6076 0.373127 7.44962 -18.1562 1.2258 7.71176 
-17.736 2.10398 7.9389 -17.3504 3.0077 8.12245 -17.0128 3.93972 8.24985 
-16.733 4.89685 8.31522 -16.499 5.86859 8.32697 -16.2994 6.84711 8.2814 
-16.1224 7.82699 8.19178 -15.974 8.80535 8.0494 -15.8423 9.77353 7.84066 
-15.7215 10.7173 7.5359 -15.6049 11.6215 7.12843 -15.4953 12.4717 6.6156 
-15.4054 13.2733 6.02549 -15.3462 14.0131 5.3565 -15.3112 14.7016 4.63283 
-15.2991 15.3436 3.86653 -15.3024 15.9471 3.06945 -15.3186 16.5149 2.24656 
-15.3415 17.0638 1.411 -15.3738 17.606 0.571424 -15.4268 18.1412 -0.271456 
-15.5314 18.6286 -1.13722 -15.701 19.0103 -2.04317 -15.9299 19.2131 -2.99173 
-16.2042 19.1298 -3.9326 -16.4963 18.7041 -4.78351 -16.7366 18.167 -5.59088 
-16.8881 17.6533 -6.43372 -16.9726 17.2085 -7.3244 -17.0324 16.828 -8.24696 
-17.1258 16.492 -9.18379 -17.2614 16.2234 -10.1363 -17.366 16.0785 -11.1174 
-17.2951 16.1266 -12.1059 -17.0436 16.3197 -13.0503 -16.7044 16.5818 -13.9534 
-16.3524 16.8797 -14.8405 -16.008 17.2236 -15.7137 -15.6889 17.6472 -16.5597 
-15.4608 18.0626 -17.2037 -28.5171 12.931 -21.1446 -28.5843 12.5276 -20.4574 
-28.6531 12.0935 -19.5603 -28.7207 11.7665 -18.6187 -28.83 11.4977 -17.6622 
-28.9557 11.2297 -16.7073 -29.0186 10.8983 -15.7673 -29.0127 10.4882 -14.8566 
-28.9614 10.0024 -13.9852 -29.0942 9.37834 -13.2376 -29.4796 8.63414 -12.7004 
-29.9402 7.84434 -12.2984 -30.4305 7.03782 -11.969 -30.9255 6.21855 -11.6798 
-31.4132 5.38461 -11.4225 -31.8973 4.53077 -11.2333 -32.38 3.66469 -11.1059 
-32.8428 2.78177 -11.0304 -33.2716 1.88237 -10.9525 -33.625 0.964422 -10.7815 
-33.8871 0.0413055 -10.5089 -34.0216 -0.868522 -10.1214 -34.0612 -1.75011 -9.65347 
-33.9919 -2.58385 -9.10788 -33.8469 -3.37128 -8.51007 -33.6293 -4.11126 -7.87483 
-33.3585 -4.80584 -7.20908 -33.0326 -5.44272 -6.51112 -32.6591 -6.02592 -5.79045 
-32.2358 -6.55712 -5.05729 -31.7573 -7.02311 -4.31397 -31.2193 -7.406 -3.56423 
-30.6323 -7.69087 -2.80797 -29.9975 -7.85611 -2.05578 -29.3263 -7.91526 -1.31784 
-28.6211 -7.86805 -0.611554 -27.8843 -7.74796 0.0520669 -27.1058 -7.56117 0.650068 
-26.2877 -7.33344 1.17694 -25.4422 -7.065 1.63756 -24.5806 -6.75672 2.03924 
-23.7255 -6.38749 2.40229 -22.8872 -5.96509 2.74616 -22.072 -5.47764 3.05664 
-21.3075 -4.91344 3.36427 -20.6405 -4.24367 3.68451 -20.0075 -3.33053 4.12715 
-19.5979 -2.52717 4.55808 -19.2309 -1.71241 5.00677 -18.8633 -0.890659 5.44191 
-18.488 -0.0535303 5.83904 -18.1199 0.816555 6.16489 -17.7603 1.71823 6.40195 
-17.4244 2.64457 6.56829 -17.1453 3.60167 6.62984 -16.9263 4.57547 6.59909 
-16.7733 5.55458 6.4711 -16.6427 6.52367 6.26514 -16.5236 7.47069 5.96918 
-16.4288 8.39297 5.59627 -16.3427 9.27644 5.13796 -16.2467 10.1065 4.59103 
-16.1427 10.8463 3.92904 -16.0548 11.4999 3.17876 -16.0105 12.0478 2.34486 
-15.9929 12.5303 1.46973 -15.9802 12.9358 0.556384 -15.9583 13.2841 -0.380537 
-15.9791 13.6418 -1.31315 -16.0954 14.0644 -2.20967 -16.3527 14.5682 -3.0326 
-16.65 14.9886 -3.8864 -16.9011 15.1223 -4.83454 -17.1101 15.0592 -5.80868 
-17.2909 14.9426 -6.78447 -17.4646 14.9131 -7.76823 -17.6589 14.9283 -8.74881 
-17.8985 14.9188 -9.71916 -18.1252 14.8601 -10.6902 -18.1719 14.8703 -11.6792 
-17.9203 15.0357 -12.624 -17.4874 15.3127 -13.4795 -17.0283 15.6453 -14.3033 
-16.5924 16.0073 -15.1269 -16.1864 16.4234 -15.9403 -15.8125 16.8892 -16.7411 
-15.5493 17.3283 -17.3556 -28.7793 12.1434 -21.0834 -28.8967 11.6505 -20.2225 
-28.9662 11.2619 -19.306 -29.0127 10.9922 -18.3449 -29.0832 10.7792 -17.3706 
-29.1487 10.5293 -16.4062 -29.1215 10.1862 -15.4694 -28.9844 9.76249 -14.5754 
-28.8643 9.24141 -13.7376 -29.0348 8.5664 -13.0407 -29.446 7.80522 -12.5501 
-29.9461 7.00822 -12.2132 -30.4723 6.2092 -11.9228 -31.0084 5.40386 -11.6703 
-31.548 4.5877 -11.4655 -32.0781 3.75172 -11.326 -32.5843 2.89476 -11.2327 
-33.0524 2.01419 -11.1609 -33.472 1.11628 -11.0391 -33.8144 0.209046 -10.8039 
-34.0539 -0.696507 -10.4602 -34.168 -1.58061 -10.0099 -34.1955 -2.432 -9.48886 
-34.1229 -3.23599 -8.89992 -33.9771 -3.99893 -8.2716 -33.7634 -4.71352 -7.60668 
-33.4978 -5.3805 -6.91104 -33.1765 -5.99259 -6.18919 -32.8162 -6.55844 -5.44823 
-32.403 -7.06609 -4.69287 -31.9375 -7.50714 -3.92642 -31.418 -7.85164 -3.14611 
-30.8606 -8.09978 -2.35548 -30.2589 -8.21477 -1.56716 -29.6217 -8.21943 -0.797763 
-28.953 -8.12454 -0.0611303 -28.2574 -7.95762 0.636299 -27.5288 -7.72209 1.27835 
-26.7735 -7.43711 1.86771 -25.9953 -7.11304 2.40531 -25.2087 -6.75633 2.90899 
-24.4286 -6.35524 3.38841 -23.669 -5.90632 3.85865 -22.9329 -5.4098 4.31792 
-22.2369 -4.85581 4.77356 -21.5899 -4.2348 5.21457 -20.9864 -3.55423 5.62883 
-20.5254 -2.98429 5.9492 -19.9673 -2.25185 6.33875 -19.4225 -1.49802 6.7057 
-18.8954 -0.716469 7.03884 -18.401 0.0964663 7.34545 -17.951 0.945924 7.61987 
-17.5345 1.82228 7.86034 -17.1513 2.72477 8.05573 -16.8056 3.65073 8.20352 
-16.5213 4.6049 8.28861 -16.2883 5.57654 8.31534 -16.0908 6.55606 8.28427 
-15.9158 7.53742 8.20814 -15.77 8.51689 8.07216 -15.6453 9.48875 7.87496 
-15.5336 10.4367 7.58055 -15.4272 11.3499 7.18989 -15.3228 12.2101 6.69271 
-15.2348 13.0144 6.10652 -15.172 13.7591 5.44332 -15.1305 14.4544 4.72641 
-15.1135 15.0976 3.96124 -15.1115 15.705 3.16715 -15.1233 16.2793 2.34874 
-15.1462 16.8335 1.51674 -15.1804 17.3858 0.683766 -15.2357 17.9382 -0.147881 
-15.3323 18.4589 -0.995467 -15.479 18.8966 -1.8805 -15.6828 19.1788 -2.81434 
-15.9411 19.1695 -3.76033 -16.2408 18.7676 -4.61839 -16.5039 18.2225 -5.41308 
-16.6832 17.6812 -6.23327 -16.7803 17.2061 -7.10631 -16.8345 16.7967 -8.01659 
-16.8988 16.4403 -8.94847 -17.0046 16.1344 -9.89411 -17.1235 15.9308 -10.8633 
-17.1073 15.9677 -11.8559 -16.938 16.1381 -12.8237 -16.6405 16.3949 -13.7425 
-16.3134 16.687 -14.6411 -15.9821 17.0197 -15.5237 -15.6583 17.419 -16.3802 
-15.3673 17.9339 -17.1855 -29.9108 11.8192 -21.1868 -29.9615 11.536 -20.6605 
-29.9713 11.1626 -19.7366 -29.9193 10.9321 -18.7668 -29.9007 10.7798 -17.779 
-29.9087 10.6046 -16.7952 -29.8507 10.2994 -15.848 -29.7253 9.87049 -14.9552 
-29.6212 9.32777 -14.124 -29.663 8.64799 -13.4044 -29.9596 7.86963 -12.868 
-30.4138 7.06612 -12.4875 -30.93 6.26395 -12.1884 -31.473 5.46121 -11.9433 
-32.0157 4.64213 -11.7586 -32.5363 3.80302 -11.6024 -33.0269 2.94061 -11.4794 
-33.481 2.06015 -11.3476 -33.8772 1.16425 -11.1504 -34.2079 0.267319 -10.862 
-34.4175 -0.621735 -10.4601 -34.5238 -1.48821 -9.9761 -34.5283 -2.32015 -9.42333 
-34.4506 -3.11353 -8.82109 -34.2891 -3.8637 -8.18099 -34.0673 -4.5702 -7.50978 
-33.7833 -5.21775 -6.80337 -33.4559 -5.823 -6.07841 -33.0808 -6.36723 -5.32848 
-32.6642 -6.85859 -4.56423 -32.1944 -7.2721 -3.78547 -31.6828 -7.60331 -2.99372 
-31.131 -7.82587 -2.19158 -30.5472 -7.94464 -1.3897 -29.9233 -7.93765 -0.609608 
-29.2721 -7.8553 0.143924 -28.5819 -7.68635 0.846357 -27.8624 -7.45479 1.49993 
-27.1152 -7.16044 2.09494 -26.3493 -6.82339 2.64208 -25.5714 -6.44549 3.14354 
-24.8039 -6.02417 3.62623 -24.0579 -5.55432 4.09761 -23.3395 -5.03735 4.56229 
-22.66 -4.45982 5.01421 -22.0191 -3.8267 5.4468 -21.533 -3.28655 5.78121 
-20.9533 -2.57903 6.185 -20.3877 -1.85352 6.57705 -19.8335 -1.10681 6.94451 
-19.2989 -0.329879 7.27555 -18.8012 0.486936 7.56611 -18.3392 1.33472 7.82531 
-17.9172 2.21491 8.04123 -17.5306 3.1196 8.21834 -17.1934 4.05237 8.34085 
-16.903 5.00617 8.41104 -16.6678 5.97766 8.41409 -16.4604 6.95464 8.36926 
-16.2786 7.93272 8.27052 -16.12 8.90899 8.12497 -15.9807 9.87628 7.91489 
-15.851 10.8227 7.62251 -15.7279 11.7272 7.21701 -15.6107 12.5887 6.72507 
-15.5187 13.393 6.13938 -15.4542 14.1465 5.48622 -15.4201 14.839 4.76597 
-15.4048 15.4911 4.00844 -15.4053 16.1014 3.21649 -15.4161 16.6756 2.39819 
-15.4319 17.2222 1.56094 -15.4518 17.757 0.716224 -15.4924 18.2815 -0.133996 
-15.5817 18.7647 -1.00416 -15.7437 19.1434 -1.91198 -15.9779 19.3535 -2.85786 
-16.2633 19.2627 -3.79832 -16.564 18.8866 -4.66788 -16.8231 18.3562 -5.47403 
-17.0035 17.8329 -6.30595 -17.1009 17.3974 -7.19931 -17.1768 17.044 -8.13103 
-17.2826 16.7402 -9.07754 -17.4309 16.4708 -10.0288 -17.5457 16.2931 -11.0029 
-17.4508 16.3084 -12.1858 -17.1615 16.4982 -13.1196 -16.7966 16.7576 -14.0135 
-16.4265 17.0587 -14.8921 -16.0779 17.4117 -15.76 -15.7629 17.8402 -16.6049 
-15.5481 18.2648 -17.247 -29.4547 12.3554 -21.0154 -29.5045 11.8979 -20.1296 
-29.5043 11.5521 -19.1931 -29.5041 11.3178 -18.2214 -29.5447 11.1181 -17.2425 
-29.5862 10.8786 -16.274 -29.5661 10.5285 -15.3393 -29.4956 10.0843 -14.4469 
-29.4456 9.55353 -13.6059 -29.6494 8.85789 -12.9328 -30.0391 8.08208 -12.4472 
-30.5061 7.27691 -12.084 -30.997 6.46282 -11.774 -31.4752 5.62974 -11.4973 
-31.9398 4.77536 -11.2656 -32.4049 3.90564 -11.1025 -32.8592 3.02135 -10.9986 
-33.2961 2.12543 -10.9227 -33.6707 1.21074 -10.7817 -33.9599 0.286247 -10.5403 
-34.1423 -0.629929 -10.1906 -34.2146 -1.51725 -9.73934 -34.1929 -2.36838 -9.21688 
-34.0924 -3.17551 -8.63667 -33.9167 -3.93684 -8.01371 -33.6681 -4.63953 -7.34824 
-33.3731 -5.29632 -6.65491 -33.0278 -5.89884 -5.93578 -32.6424 -6.45048 -5.19694 
-32.2058 -6.94308 -4.44489 -31.7239 -7.36968 -3.68055 -31.1854 -7.69272 -2.90336 
-30.6089 -7.91384 -2.11855 -29.992 -8.00569 -1.33884 -29.3466 -7.99831 -0.575989 
-28.6696 -7.89496 0.151353 -27.9576 -7.71234 0.828186 -27.2134 -7.46944 1.44947 
-26.4417 -7.17821 2.01411 -25.6496 -6.85023 2.52811 -24.8526 -6.48293 3.00729 
-24.0698 -6.06586 3.46821 -23.309 -5.60178 3.92135 -22.578 -5.08295 4.36333 
-21.8977 -4.49816 4.80376 -21.3842 -3.9836 5.13701 -20.9114 -3.42271 5.45545 
-20.458 -2.84321 5.76929 -19.914 -2.10071 6.16007 -19.3843 -1.33897 6.53266 
-18.8684 -0.554199 6.87574 -18.3825 0.260696 7.19046 -17.9467 1.11821 7.46281 
-17.5392 2.00099 7.69542 -17.1655 2.91054 7.87447 -16.826 3.8416 8.00551 
-16.5526 4.80042 8.07193 -16.3312 5.77498 8.08194 -16.1438 6.75623 8.04093 
-15.9783 7.73904 7.96131 -15.8422 8.71917 7.82033 -15.7231 9.6862 7.59936 
-15.6151 10.6246 7.27511 -15.5073 11.5221 6.84992 -15.4093 12.3591 6.31408 
-15.3305 13.143 5.69903 -15.2793 13.8603 5.00539 -15.2544 14.5253 4.25967 
-15.2527 15.1474 3.477 -15.2686 15.7352 2.66835 -15.3013 16.2936 1.83955 
-15.3451 16.8372 1.00136 -15.4026 17.3854 0.167016 -15.4856 17.9251 -0.670521 
-15.6186 18.406 -1.53474 -15.8129 18.7562 -2.4482 -16.0396 18.9047 -3.39993 
-16.3036 18.6676 -4.31534 -16.5374 18.1552 -5.14008 -16.7094 17.6147 -5.9629 
-16.8094 17.129 -6.83009 -16.8698 16.7119 -7.73618 -16.9347 16.3566 -8.66843 
-17.0363 16.0298 -9.60773 -17.1638 15.8185 -10.5729 -17.2182 15.7872 -11.5657 
-17.0733 15.9398 -12.5388 -16.7958 16.1824 -13.4671 -16.4606 16.4722 -14.3634 
-16.1196 16.7965 -15.2456 -15.7843 17.176 -16.1071 -15.4741 17.6515 -16.9287 
-29.62 12.9427 -21.1968 -29.6442 12.6293 -20.6859 -29.6463 12.1882 -19.7907 
-29.6224 11.8694 -18.8448 -29.639 11.6364 -17.873 -29.6919 11.4132 -16.8999 
-29.7191 11.1056 -15.9502 -29.7052 10.7116 -15.032 -29.6793 10.2291 -14.1576 
-29.7393 9.63618 -13.3599 -30.0197 8.8992 -12.7587 -30.4194 8.10485 -12.3059 
-30.8772 7.28832 -11.9552 -31.33 6.45518 -11.6381 -31.7526 5.59511 -11.3532 
-32.1758 4.71932 -11.1229 -32.5985 3.82898 -10.9562 -33.0197 2.92897 -10.8467 
-33.4057 2.0134 -10.7401 -33.7199 1.08166 -10.5655 -33.9359 0.145874 -10.2938 
-34.0403 -0.773037 -9.91891 -34.0255 -1.65564 -9.45138 -33.9467 -2.50802 -8.9354 
-33.7893 -3.30429 -8.35348 -33.564 -4.05504 -7.73337 -33.2747 -4.74741 -7.07326 
-32.945 -5.39373 -6.38573 -32.5692 -5.98578 -5.67353 -32.1455 -6.52425 -4.94577 
-31.6717 -7.0047 -4.20846 -31.1419 -7.40166 -3.46085 -30.5572 -7.69514 -2.70615 
-29.9259 -7.87027 -1.95255 -29.2552 -7.92338 -1.21438 -28.5552 -7.88089 -0.503183 
-27.8181 -7.74937 0.15855 -27.0467 -7.5611 0.765336 -26.2382 -7.32826 1.30446 
-25.4028 -7.05621 1.78128 -24.5525 -6.7453 2.20448 -23.7064 -6.37836 2.59025 
-22.8747 -5.95412 2.948 -22.0599 -5.48005 3.27998 -21.2893 -4.92649 3.59316 
-20.5853 -4.28863 3.90012 -19.9883 -3.55861 4.2256 -19.5065 -2.77835 4.62047 
-19.1155 -1.97718 5.0733 -18.7287 -1.16957 5.51826 -18.3399 -0.350403 5.93953 
-17.9595 0.494469 6.31458 -17.5881 1.37688 6.60091 -17.2367 2.28747 6.81547 
-16.9249 3.22991 6.9277 -16.6626 4.19352 6.95966 -16.4676 5.17222 6.91304 
-16.318 6.15247 6.78893 -16.1803 7.12455 6.60027 -16.0676 8.08957 6.36514 
-15.9847 9.03027 6.03967 -15.91 9.93249 5.61705 -15.8269 10.785 5.10283 
-15.7468 11.5746 4.49728 -15.6911 12.2852 3.79759 -15.6887 12.918 3.02483 
-15.7479 13.4748 2.19734 -15.8441 13.9685 1.33369 -15.95 14.4106 0.44311 
-16.0565 14.8485 -0.449405 -16.2093 15.3175 -1.31896 -16.4062 15.7832 -2.18127 
-16.6102 16.1502 -3.0847 -16.7772 16.2584 -4.05473 -16.9053 16.0655 -5.02282 
-17.024 15.743 -5.96117 -17.1412 15.4436 -6.90676 -17.2696 15.2541 -7.87891 
-17.4361 15.1503 -8.85905 -17.6441 15.0616 -9.83299 -17.8339 14.9702 -10.8092 
-17.8531 14.9723 -11.802 -17.6113 15.1542 -12.7464 -17.2139 15.4434 -13.616 
-16.7928 15.7741 -14.4605 -16.3856 16.1413 -15.2964 -16.0026 16.5603 -16.1193 
-15.6524 17.0479 -16.9178 -30.59 12.1537 -21.3782 -30.6115 11.8533 -20.8597 
-30.5735 11.4454 -19.9503 -30.4719 11.1694 -18.997 -30.3754 11.0108 -18.0148 
-30.3093 10.8531 -17.0299 -30.2278 10.5824 -16.0731 -30.1137 10.1842 -15.1648 
-30.0177 9.66549 -14.3169 -30.0308 9.02011 -13.5613 -30.2558 8.25427 -12.9712 
-30.6486 7.44511 -12.5401 -31.1261 6.62913 -12.2158 -31.6142 5.80156 -11.9394 
-32.1045 4.95883 -11.7187 -32.5808 4.09936 -11.5343 -33.0447 3.22406 -11.3986 
-33.486 2.33649 -11.2684 -33.8784 1.43585 -11.0843 -34.2113 0.532395 -10.8196 
-34.4263 -0.364327 -10.4381 -34.5385 -1.23896 -9.9706 -34.5472 -2.07968 -9.43138 
-34.4726 -2.88177 -8.84042 -34.3146 -3.63914 -8.20808 -34.0874 -4.3494 -7.54271 
-33.8019 -5.0046 -6.84402 -33.4739 -5.61701 -6.12537 -33.0996 -6.17049 -5.38201 
-32.6827 -6.66881 -4.62231 -32.2205 -7.10043 -3.84878 -31.7107 -7.4421 -3.06062 
-31.1596 -7.68009 -2.26242 -30.5752 -7.81425 -1.46337 -29.951 -7.82075 -0.68359 
-29.2975 -7.74728 0.0685979 -28.6049 -7.58543 0.770769 -27.8841 -7.36376 1.42635 
-27.1338 -7.07803 2.02151 -26.364 -6.75087 2.56906 -25.5782 -6.37945 3.063 
-24.8019 -5.96459 3.53709 -24.0474 -5.50006 4.00015 -23.3208 -4.987 4.45617 
-22.6356 -4.41036 4.90036 -21.9925 -3.7719 5.32173 -21.5064 -3.22719 5.64844 
-20.9285 -2.51449 6.04576 -20.3683 -1.78155 6.43151 -19.8229 -1.02477 6.79119 
-19.2977 -0.237316 7.11323 -18.8104 0.587494 7.39881 -18.36 1.44409 7.6489 
-17.9467 2.33093 7.85362 -17.5713 3.24401 8.00981 -17.2453 4.18361 8.1083 
-16.971 5.14359 8.15126 -16.7488 6.11803 8.13114 -16.5513 7.09593 8.06612 
-16.3807 8.07401 7.94907 -16.2312 9.04727 7.77748 -16.0999 10.0028 7.51664 
-15.9749 10.9335 7.17464 -15.8504 11.8232 6.73807 -15.7427 12.6583 6.20119 
-15.6669 13.432 5.57371 -15.6221 14.151 4.88097 -15.6132 14.8078 4.12752 
-15.6285 15.4205 3.33776 -15.6631 15.9927 2.51862 -15.7085 16.5354 1.68011 
-15.7567 17.0597 0.829889 -15.8122 17.5788 -0.022949 -15.9008 18.0775 -0.884891 
-16.0498 18.5082 -1.7723 -16.2659 18.7786 -2.70859 -16.4938 18.8098 -3.66539 
-16.7272 18.4539 -4.56278 -16.9174 17.9444 -5.40094 -17.0489 17.4384 -6.25267 
-17.1376 17.0107 -7.15086 -17.2228 16.6792 -8.08963 -17.3468 16.4079 -9.04365 
-17.515 16.1772 -10.0017 -17.6526 16.0133 -10.9769 -17.6061 16.0133 -11.9683 
-17.345 16.1835 -12.9111 -16.9644 16.4506 -13.796 -16.576 16.7522 -14.6665 
-16.2033 17.0987 -15.527 -15.8572 17.5023 -16.3729 -15.5671 18.0209 -17.1758 
-30.6696 12.3776 -21.2895 -30.6693 12.074 -20.7724 -30.6038 11.6645 -19.8649 
-30.4902 11.3841 -18.9139 -30.3959 11.2164 -17.9332 -30.3298 11.0469 -16.9503 
-30.25 10.7472 -16.0011 -30.1556 10.3546 -15.0871 -30.0685 9.86847 -14.2185 
-30.0782 9.26873 -13.4268 -30.2782 8.53461 -12.789 -30.6548 7.73549 -12.3301 
-31.1171 6.9176 -11.9886 -31.5679 6.08069 -11.6791 -32.002 5.22063 -11.4119 
-32.4323 4.34439 -11.1966 -32.8603 3.45427 -11.0427 -33.2904 2.55755 -10.9407 
-33.6711 1.64338 -10.8064 -33.9932 0.71957 -10.604 -34.2066 -0.20135 -10.2855 
-34.3262 -1.10362 -9.87446 -34.3307 -1.96442 -9.36869 -34.2598 -2.78991 -8.81036 
-34.1032 -3.56276 -8.1968 -33.8825 -4.29229 -7.55041 -33.5982 -4.96355 -6.86636 
-33.271 -5.58763 -6.15769 -32.9011 -6.15831 -5.42508 -32.4891 -6.67548 -4.67565 
-32.024 -7.12113 -3.91133 -31.5157 -7.49085 -3.13491 -30.9581 -7.74629 -2.34685 
-30.3661 -7.89537 -1.55656 -29.7377 -7.92273 -0.780486 -29.0784 -7.85244 -0.03298 
-28.3833 -7.69507 0.667073 -27.6585 -7.47654 1.31942 -26.9029 -7.19748 1.91146 
-26.1292 -6.88364 2.46133 -25.34 -6.5238 2.95847 -24.5555 -6.12651 3.43394 
-23.7943 -5.67597 3.90013 -23.059 -5.17661 4.35751 -22.368 -4.6142 4.81012 
-21.7171 -3.99176 5.24388 -21.2344 -3.44593 5.57335 -20.6591 -2.73382 5.97562 
-20.1025 -2.00098 6.36668 -19.5612 -1.24412 6.73262 -19.0317 -0.466556 7.07139 
-18.5407 0.35097 7.37074 -18.0907 1.20291 7.63732 -17.6766 2.08447 7.86285 
-17.2913 2.9881 8.04841 -16.9551 3.92095 8.17395 -16.6705 4.87617 8.24608 
-16.4436 5.84958 8.25222 -16.2457 6.82869 8.21117 -16.076 7.80949 8.11821 
-15.9298 8.78933 7.98343 -15.8024 9.75776 7.77301 -15.6848 10.7001 7.46355 
-15.5706 11.6011 7.04759 -15.4618 12.4536 6.53852 -15.3782 13.2426 5.93096 
-15.3203 13.9787 5.25766 -15.289 14.6587 4.52593 -15.2793 15.2952 3.75504 
-15.2866 15.8915 2.95246 -15.3055 16.459 2.12948 -15.3337 17.006 1.29283 
-15.372 17.5502 0.454789 -15.4336 18.087 -0.386461 -15.5401 18.5812 -1.24808 
-15.7206 18.9479 -2.15872 -15.9437 19.1647 -3.10576 -16.2178 19.0584 -4.04471 
-16.507 18.6164 -4.88787 -16.7303 18.0734 -5.69631 -16.8742 17.5632 -6.54262 
-16.95 17.1283 -7.43912 -17.0069 16.7467 -8.36152 -17.1036 16.4133 -9.29878 
-17.2369 16.1463 -10.252 -17.3187 16.0413 -11.2386 -17.2408 16.1043 -12.2263 
-16.9681 16.3205 -13.1621 -16.6329 16.5854 -14.0658 -16.2857 16.8925 -14.9517 
-15.9452 17.2422 -15.8242 -15.6288 17.678 -16.6644 -29.129 12.6502 -21.3301 
-29.2158 12.1516 -20.469 -29.2527 11.7485 -19.556 -29.2707 11.4663 -18.598 
-29.3254 11.2455 -17.6246 -29.388 11.0055 -16.6568 -29.3897 10.6711 -15.7155 
-29.3295 10.2521 -14.8109 -29.2482 9.74253 -13.9562 -29.3535 9.09561 -13.2206 
-29.7058 8.34072 -12.6797 -30.1686 7.54164 -12.2986 -30.6679 6.7345 -11.9847 
-31.1731 5.91699 -11.7087 -31.6655 5.07955 -11.4731 -32.1567 4.22525 -11.3051 
-32.6348 3.35564 -11.1836 -33.0913 2.46969 -11.104 -33.5017 1.56724 -10.9811 
-33.8341 0.651943 -10.7606 -34.0634 -0.264175 -10.4381 -34.1762 -1.15868 -10.0111 
-34.1866 -2.01984 -9.50537 -34.1034 -2.83619 -8.93554 -33.9398 -3.60596 -8.31966 
-33.7104 -4.32742 -7.66723 -33.4296 -5.00319 -6.98666 -33.0968 -5.62372 -6.27727 
-32.7191 -6.18974 -5.5451 -32.2906 -6.70149 -4.80133 -31.8092 -7.14444 -4.04601 
-31.275 -7.50179 -3.28146 -30.6924 -7.74921 -2.50878 -30.0678 -7.87658 -1.74085 
-29.4089 -7.89424 -0.989931 -28.7148 -7.80836 -0.276063 -27.9907 -7.65637 0.395379 
-27.2252 -7.44029 1.00017 -26.4292 -7.18384 1.54792 -25.602 -6.89256 2.02743 
-24.7692 -6.55962 2.46902 -23.9448 -6.1746 2.88307 -23.1415 -5.73312 3.28182 
-22.37 -5.22833 3.66764 -21.6502 -4.64233 4.03648 -21.0031 -3.97022 4.39317 
-20.4393 -3.22954 4.75553 -20.0465 -2.60243 5.05868 -19.6007 -1.80243 5.46022 
-19.1609 -1.00361 5.87066 -18.7279 -0.190623 6.25905 -18.3035 0.652504 6.58756 
-17.907 1.52993 6.8558 -17.5343 2.43476 7.05868 -17.1996 3.3693 7.17368 
-16.9086 4.32405 7.21867 -16.6852 5.29735 7.18083 -16.4996 6.27364 7.07518 
-16.3305 7.2427 6.89683 -16.1936 8.20763 6.6749 -16.0947 9.15363 6.3692 
-16.0092 10.062 5.96299 -15.9176 10.9173 5.45484 -15.8274 11.7206 4.86841 
-15.7692 12.4409 4.1787 -15.7602 13.0898 3.41939 -15.8121 13.6642 2.60385 
-15.914 14.1701 1.74795 -16.0324 14.6168 0.861244 -16.1436 15.0559 -0.030218 
-16.2799 15.523 -0.903505 -16.4527 15.9921 -1.76938 -16.6391 16.3879 -2.66661 
-16.8024 16.5791 -3.62465 -16.9278 16.4495 -4.60066 -17.0452 16.1243 -5.53766 
-17.1636 15.7728 -6.46548 -17.2918 15.5192 -7.42249 -17.4474 15.3914 -8.40127 
-17.647 15.3066 -9.37724 -17.8703 15.2012 -10.3458 -18.0049 15.1112 -11.3305 
-17.8787 15.1786 -12.3076 -17.5124 15.4191 -13.2014 -17.0712 15.735 -14.0413 
-16.6407 16.0753 -14.8771 -16.2393 16.469 -15.7037 -15.8626 16.9082 -16.5185 
-15.5975 17.3321 -17.1425 -29.7241 6.67636 -12.5135 -30.2836 5.89317 -12.2436 
-30.8847 5.12975 -12.0094 -31.4967 4.36298 -11.8174 -32.0691 3.55823 -11.6622 
-32.5948 2.71799 -11.5327 -33.0664 1.84554 -11.4084 -33.4774 0.953615 -11.2271 
-33.8026 0.056328 -10.935 -34.0225 -0.837366 -10.5492 -34.1205 -1.7101 -10.0737 
-34.1303 -2.55011 -9.53335 -34.0438 -3.34254 -8.93113 -33.8848 -4.09596 -8.29423 
-33.6557 -4.79793 -7.6206 -33.3779 -5.45526 -6.92082 -33.0458 -6.05767 -6.19576 
-32.67 -6.61293 -5.45429 -32.24 -7.10888 -4.70079 -31.7532 -7.53205 -3.9378 
-31.2147 -7.86001 -3.16331 -30.6319 -8.07226 -2.38049 -30.0052 -8.1614 -1.60826 
-29.3476 -8.14922 -0.856419 -28.656 -8.03485 -0.144023 -27.9362 -7.85813 0.526055 
-27.1774 -7.61934 1.13082 -26.3901 -7.34011 1.68002 -25.5745 -7.02698 2.16589 
-24.7573 -6.67557 2.62224 -23.9455 -6.28036 3.05148 -23.1557 -5.83278 3.46987 
-22.3938 -5.3249 3.87033 -21.548 -4.61316 4.33392 -20.915 -3.93575 4.70417 
-20.5711 -3.49501 4.92198 -20.1627 -2.87831 5.2263 -19.6775 -2.09857 5.62193 
-19.2067 -1.31399 6.02522 -18.7427 -0.510517 6.39777 -18.3009 0.323776 6.7261 
-17.8972 1.19466 7.00478 -17.5175 2.09369 7.22075 -17.1654 3.01635 7.37315 
-16.8669 3.96766 7.44319 -16.6218 4.93623 7.458 -16.4291 5.91564 7.40493 
-16.2564 6.89446 7.29766 -16.1113 7.87085 7.1403 -16.0074 8.83747 6.90961 
-15.9187 9.77628 6.5806 -15.8317 10.673 6.14927 -15.7452 11.5044 5.60236 
-15.678 12.2675 4.96224 -15.6466 12.9581 4.24102 -15.6604 13.5871 3.46466 
-15.7356 14.1445 2.63866 -15.8528 14.65 1.78437 -15.9843 15.1123 0.907614 
-16.111 15.5756 0.0305635 -16.2586 16.0603 -0.831351 -16.4306 16.5275 -1.69833 
-16.6076 16.8869 -2.6123 -16.7542 17.0018 -3.58234 -16.8614 16.7703 -4.54588 
-16.9663 16.3994 -5.46707 -17.0673 15.9989 -6.37727 -17.1753 15.6945 -7.32203 
-17.3106 15.5068 -8.29377 -17.4952 15.3769 -9.26764 -17.6965 15.2589 -10.2398 
-17.7962 15.1947 -11.2291 -17.6542 15.3062 -12.2013 -17.3241 15.5538 -13.1094 
-16.9241 15.8611 -13.9727 -16.5274 16.2027 -14.8246 -16.1485 16.588 -15.6658 
-15.7838 17.0097 -16.4955 -15.5236 17.4246 -17.1273 -29.8606 6.71538 -12.5478 
-30.4155 5.93191 -12.2688 -31.0178 5.16921 -12.0363 -31.6284 4.39987 -11.8503 
-32.1989 3.59369 -11.696 -32.7216 2.75152 -11.5662 -33.1902 1.87827 -11.4363 
-33.6003 0.987699 -11.2456 -33.9308 0.0926616 -10.9519 -34.1631 -0.798203 -10.566 
-34.2653 -1.66588 -10.0827 -34.2826 -2.50293 -9.53791 -34.2101 -3.29902 -8.93862 
-34.063 -4.05448 -8.30163 -33.8399 -4.75566 -7.62521 -33.5673 -5.41158 -6.92213 
-33.2398 -6.01373 -6.19472 -32.8673 -6.5639 -5.44777 -32.4437 -7.05532 -4.68756 
-31.9734 -7.48513 -3.91784 -31.4496 -7.81661 -3.13471 -30.8853 -8.03856 -2.3408 
-30.2877 -8.16084 -1.55062 -29.6535 -8.16912 -0.77882 -28.9876 -8.07712 -0.0393296 
-28.297 -7.91767 0.665035 -27.5701 -7.68342 1.30937 -26.8177 -7.39974 1.90339 
-26.0414 -7.07182 2.44117 -25.2566 -6.71294 2.94601 -24.4788 -6.30981 3.42738 
-23.7218 -5.85785 3.89878 -22.9886 -5.35832 4.3595 -22.2956 -4.80326 4.8185 
-21.6498 -4.18199 5.26088 -21.0462 -3.50313 5.67814 -20.5855 -2.93463 6.00137 
-20.0274 -2.20221 6.39094 -19.4817 -1.44889 6.75763 -18.9506 -0.670593 7.09189 
-18.455 0.142574 7.39596 -18.0053 0.99349 7.66605 -17.5872 1.86989 7.90408 
-17.2013 2.77095 8.0996 -16.8568 3.69799 8.24408 -16.5703 4.65176 8.32827 
-16.3356 5.6229 8.35212 -16.1361 6.60196 8.31914 -15.9591 7.5828 8.24096 
-15.8116 8.56193 8.104 -15.6844 9.53342 7.90661 -15.5698 10.4812 7.61265 
-15.4608 11.3946 7.22306 -15.3544 12.2556 6.72775 -15.2645 13.0616 6.14413 
-15.1987 13.8127 5.48852 -15.1568 14.5106 4.77425 -15.1388 15.157 4.01171 
-15.135 15.768 3.22038 -15.1451 16.3439 2.40303 -15.1651 16.8983 1.5711 
-15.1962 17.4485 0.736675 -15.2472 17.9981 -0.0971128 -15.3398 18.5155 -0.947135 
-15.4835 18.952 -1.83337 -15.6903 19.2196 -2.77089 -15.9485 19.2397 -3.72439 
-16.2547 18.8798 -4.59607 -16.5359 18.3437 -5.39023 -16.7224 17.8052 -6.21053 
-16.8265 17.3309 -7.08299 -16.8814 16.9262 -7.99541 -16.9446 16.5639 -8.9251 
-17.0512 16.2476 -9.86703 -17.1666 16.0529 -10.838 -17.152 16.0718 -11.831 
-16.9707 16.2364 -12.7966 -16.6762 16.4828 -13.7191 -16.3461 16.7706 -14.6179 
-16.0128 17.0979 -15.5019 -15.6897 17.4883 -16.3628 -15.4021 18.0015 -17.1702 
-31.9214 11.8116 -20.8801 -31.7585 11.3851 -19.993 -31.548 11.1133 -19.0562 
-31.3169 10.9629 -18.0958 -31.0893 10.8249 -17.1324 -30.8706 10.6089 -16.1819 
-30.6775 10.2252 -15.281 -30.5189 9.73786 -14.4244 -30.4747 9.12837 -13.6372 
-30.5898 8.40005 -12.9711 -30.919 7.5951 -12.4911 -31.3528 6.77007 -12.1302 
-31.7922 5.9261 -11.8233 -32.231 5.06585 -11.5644 -32.6548 4.18553 -11.3525 
-33.0844 3.29655 -11.1966 -33.5054 2.39881 -11.0686 -33.8909 1.49054 -10.909 
-34.2036 0.576612 -10.6586 -34.4165 -0.331634 -10.3039 -34.5173 -1.2136 -9.84617 
-34.5268 -2.06319 -9.32149 -34.453 -2.87364 -8.74198 -34.2985 -3.63895 -8.1186 
-34.0743 -4.35628 -7.45999 -33.7992 -5.02649 -6.77116 -33.4689 -5.63824 -6.05304 
-33.1034 -6.20458 -5.31493 -32.6929 -6.70721 -4.55494 -32.2387 -7.14796 -3.78147 
-31.7387 -7.50227 -2.99248 -31.1964 -7.7479 -2.19084 -30.6183 -7.8801 -1.38729 
-30.0104 -7.91322 -0.59487 -29.3651 -7.84079 0.164431 -28.69 -7.69835 0.887426 
-27.9793 -7.4777 1.55421 -27.2446 -7.19819 2.1714 -26.4919 -6.866 2.73932 
-25.7262 -6.49516 3.26414 -24.9658 -6.07619 3.76011 -24.2212 -5.6186 4.24561 
-23.5056 -5.10845 4.72214 -22.8195 -4.554 5.19244 -22.1745 -3.93815 5.6443 
-21.5599 -3.28053 6.07932 -20.9738 -2.58541 6.49523 -20.4036 -1.86638 6.89236 
-19.8434 -1.1249 7.26108 -19.3094 -0.345192 7.58656 -18.8074 0.470299 7.87375 
-18.3394 1.31535 8.13101 -17.9151 2.19432 8.34741 -17.5303 3.09892 8.52878 
-17.195 4.03139 8.65876 -16.9031 4.98421 8.73669 -16.662 5.95419 8.74733 
-16.4473 6.92984 8.70845 -16.2566 7.90642 8.61205 -16.0876 8.88116 8.46795 
-15.9385 9.84858 8.26556 -15.8036 10.7988 7.98704 -15.6793 11.7174 7.6146 
-15.5631 12.5916 7.14553 -15.4629 13.4154 6.58917 -15.3884 14.1934 5.96608 
-15.3426 14.9133 5.27428 -15.3147 15.5899 4.53896 -15.3004 16.2233 3.76558 
-15.2959 16.8188 2.96251 -15.2966 17.3798 2.13484 -15.2985 17.9195 1.29298 
-15.3145 18.4461 0.443202 -15.3615 18.9521 -0.41786 -15.4726 19.3845 -1.31084 
-15.6545 19.6904 -2.24146 -15.9277 19.7638 -3.19622 -16.256 19.5683 -4.10899 
-16.6043 19.1123 -4.92378 -16.9216 18.577 -5.70558 -17.1357 18.0807 -6.54367 
-17.2535 17.6787 -7.45002 -17.3532 17.3633 -8.39344 -17.4841 17.0752 -9.34188 
-17.6397 16.8071 -10.2922 -17.7355 16.6127 -11.2646 -17.5984 16.6241 -12.2463 
-17.2736 16.8028 -13.17 -16.8827 17.0586 -14.054 -16.5038 17.3504 -14.9319 
-16.1584 17.7005 -15.802 -15.8496 18.1219 -16.6529 -30.2117 7.04624 -12.863 
-30.5147 6.5679 -12.6649 -31.0536 5.77915 -12.3704 -31.6222 4.99187 -12.1346 
-32.2031 4.19668 -11.9618 -32.7503 3.37418 -11.8084 -33.2517 2.52058 -11.6699 
-33.6985 1.64483 -11.4907 -34.0819 0.756836 -11.2408 -34.3903 -0.12603 -10.8922 
-34.5832 -0.997781 -10.4459 -34.6773 -1.84677 -9.9284 -34.6767 -2.662 -9.35068 
-34.5955 -3.44191 -8.73157 -34.4279 -4.17567 -8.07469 -34.1987 -4.86433 -7.38739 
-33.9114 -5.49778 -6.66958 -33.5829 -6.0889 -5.93348 -33.2089 -6.62424 -5.17674 
-32.7939 -7.09869 -4.40107 -32.3286 -7.50175 -3.61395 -31.8232 -7.81534 -2.81154 
-31.2821 -8.01631 -1.9967 -30.7066 -8.11023 -1.18555 -30.0919 -8.09388 -0.398331 
-29.4436 -7.99179 0.355191 -28.7627 -7.81822 1.06577 -28.0542 -7.58193 1.7295 
-27.3197 -7.2774 2.33546 -26.5733 -6.92992 2.90241 -25.8175 -6.54 3.42804 
-25.0691 -6.11039 3.93278 -24.3407 -5.63102 4.42205 -23.6371 -5.1097 4.90431 
-22.9601 -4.54892 5.38035 -22.3159 -3.93867 5.84072 -21.704 -3.28284 6.28195 
-21.1188 -2.5909 6.70449 -20.5472 -1.87642 7.10761 -19.9887 -1.13274 7.47434 
-19.4566 -0.350589 7.79726 -18.9478 0.459926 8.087 -18.4763 1.30365 8.34225 
-18.0429 2.17704 8.56276 -17.6565 3.08069 8.74511 -17.3158 4.01009 8.88368 
-17.0259 4.96349 8.9598 -16.7749 5.93081 8.98231 -16.555 6.9053 8.94481 
-16.3536 7.8807 8.85831 -16.1757 8.85369 8.71316 -16.0161 9.82104 8.51791 
-15.874 10.7724 8.24679 -15.7439 11.701 7.9016 -15.6249 12.5868 7.45526 
-15.517 13.4331 6.93445 -15.4363 14.2279 6.33418 -15.379 14.9778 5.67577 
-15.3439 15.6758 4.96108 -15.3204 16.3358 4.21062 -15.3075 16.9508 3.42241 
-15.2997 17.5278 2.60598 -15.2904 18.0689 1.76512 -15.2882 18.5928 0.913417 
-15.3127 19.0954 0.0494079 -15.383 19.5522 -0.836415 -15.5316 19.891 -1.76261 
-15.7594 20.0744 -2.71361 -16.0818 20.0006 -3.65213 -16.4555 19.6775 -4.5142 
-16.8489 19.1783 -5.28483 -17.2211 18.6653 -6.05769 -17.4709 18.2538 -6.92876 
-17.6335 17.9413 -7.86364 -17.7961 17.6887 -8.81721 -17.9984 17.4157 -9.75744 
-18.2129 17.1221 -10.6886 -18.3158 16.9076 -11.6474 -18.0199 16.9809 -12.5803 
-17.5416 17.2061 -13.4284 -17.0832 17.4736 -14.2757 -16.6737 17.7655 -15.1395 
-16.3239 18.1351 -15.999 -30.2452 12.5534 -21.0173 -30.2351 12.075 -20.1408 
-30.17 11.713 -19.2137 -30.0939 11.4806 -18.2452 -30.0737 11.299 -17.2623 
-30.0717 11.0724 -16.2897 -30.0391 10.7287 -15.3527 -29.9886 10.285 -14.4589 
-29.9739 9.75021 -13.6172 -30.1117 9.08095 -12.8957 -30.4461 8.30635 -12.373 
-30.8808 7.49414 -11.9854 -31.3287 6.66608 -11.6489 -31.7378 5.80741 -11.3408 
-32.1427 4.93251 -11.0762 -32.5451 4.04049 -10.8719 -32.9474 3.13659 -10.7294 
-33.3271 2.2178 -10.6244 -33.6448 1.28232 -10.4778 -33.8737 0.338443 -10.2463 
-34.0096 -0.595947 -9.9215 -34.0344 -1.49705 -9.49444 -33.9667 -2.35931 -8.99384 
-33.8165 -3.16491 -8.42296 -33.5966 -3.92364 -7.81075 -33.3114 -4.62373 -7.15707 
-32.9887 -5.28194 -6.47734 -32.6163 -5.88107 -5.76916 -32.1992 -6.42906 -5.04483 
-31.7284 -6.91554 -4.30973 -31.208 -7.33181 -3.56549 -30.6291 -7.64172 -2.81282 
-30.0029 -7.8348 -2.05937 -29.3342 -7.90173 -1.32087 -28.6374 -7.8762 -0.605334 
-27.9034 -7.75644 0.0620931 -27.1355 -7.57735 0.675907 -26.3293 -7.35203 1.22179 
-25.4941 -7.0862 1.702 -24.6414 -6.78531 2.12799 -23.791 -6.42929 2.51423 
-22.9561 -6.01096 2.87145 -22.1362 -5.54523 3.20284 -21.3636 -4.99454 3.51444 
-20.6539 -4.36522 3.82779 -20.0459 -3.64274 4.14802 -19.4838 -2.70288 4.63226 
-19.0967 -1.89941 5.08412 -18.7148 -1.08937 5.52891 -18.3275 -0.268036 5.9473 
-17.9502 0.582919 6.31069 -17.5803 1.46705 6.59405 -17.2342 2.38284 6.79316 
-16.9235 3.32572 6.90448 -16.6732 4.29301 6.91931 -16.4807 5.27193 6.86686 
-16.3365 6.25087 6.72527 -16.1995 7.22167 6.52982 -16.0917 8.18126 6.27224 
-16.0095 9.11252 5.92132 -15.9314 10.0035 5.47544 -15.8445 10.851 4.95351 
-15.7647 11.6207 4.32307 -15.7113 12.3172 3.60923 -15.7198 12.9297 2.81975 
-15.7785 13.4781 1.98664 -15.8735 13.9491 1.11024 -15.971 14.3797 0.213078 
-16.078 14.817 -0.679468 -16.2369 15.2851 -1.54826 -16.4439 15.7348 -2.41615 
-16.6494 16.0709 -3.33069 -16.8098 16.0943 -4.30912 -16.9403 15.8842 -5.27402 
-17.0624 15.565 -6.21356 -17.1856 15.3096 -7.17108 -17.326 15.1713 -8.15058 
-17.5072 15.0865 -9.13001 -17.7269 15.0009 -10.1017 -17.8908 14.9218 -11.0833 
-17.8278 14.9764 -12.0711 -17.5304 15.1917 -12.9934 -17.1128 15.4983 -13.8483 
-16.6923 15.8382 -14.6894 -16.2897 16.2216 -15.5202 -15.91 16.651 -16.339 
-15.5724 17.1687 -17.1242 -29.0798 12.6116 -21.1409 -29.1665 12.1111 -20.2811 
-29.2049 11.7097 -19.3675 -29.2332 11.42 -18.4121 -29.296 11.1988 -17.439 
-29.3743 10.9708 -16.4688 -29.3843 10.6403 -15.527 -29.3338 10.2203 -14.6218 
-29.2706 9.71275 -13.7664 -29.4108 9.06297 -13.0375 -29.7984 8.30057 -12.5313 
-30.2558 7.50333 -12.1395 -30.7469 6.69235 -11.8219 -31.2364 5.86931 -11.534 
-31.7083 5.02126 -11.2945 -32.1814 4.16038 -11.109 -32.6455 3.28245 -10.994 
-33.0946 2.3921 -10.9224 -33.49 1.48138 -10.8159 -33.8092 0.556629 -10.6164 
-34.015 -0.366722 -10.2979 -34.1263 -1.27097 -9.89038 -34.1223 -2.13363 -9.38708 
-34.0479 -2.96086 -8.83138 -33.8919 -3.73471 -8.21928 -33.6636 -4.45784 -7.56855 
-33.3764 -5.12631 -6.88314 -33.0458 -5.74855 -6.1742 -32.6705 -6.31615 -5.44227 
-32.2466 -6.83062 -4.69752 -31.7718 -7.27652 -3.93969 -31.2422 -7.63147 -3.17108 
-30.6651 -7.87562 -2.39369 -30.053 -8.01372 -1.61619 -29.4031 -8.02456 -0.857791 
-28.727 -7.94947 -0.125757 -28.0137 -7.78254 0.553592 -27.2698 -7.56077 1.18309 
-26.4913 -7.28498 1.74571 -25.6882 -6.97914 2.25663 -24.879 -6.63065 2.72905 
-24.0727 -6.24376 3.17612 -23.2904 -5.80017 3.61259 -22.5325 -5.30209 4.03312 
-21.8185 -4.73714 4.44433 -21.166 -4.09103 4.83783 -20.8076 -3.66798 5.06662 
-20.3609 -3.07597 5.36617 -19.8343 -2.31906 5.7528 -19.3303 -1.55065 6.14701 
-18.8363 -0.76553 6.52009 -18.3673 0.0522026 6.85287 -17.9347 0.900364 7.15744 
-17.5359 1.78339 7.40351 -17.1624 2.69036 7.59523 -16.8289 3.62395 7.72225 
-16.549 4.5805 7.79358 -16.3301 5.55566 7.80264 -16.1456 6.53744 7.76177 
-15.9832 7.52013 7.67551 -15.85 8.50121 7.53841 -15.741 9.46861 7.31437 
-15.6467 10.4113 6.99669 -15.5493 11.3043 6.5603 -15.46 12.1388 6.01923 
-15.3919 12.9053 5.38201 -15.3447 13.6164 4.68161 -15.3321 14.2676 3.9234 
-15.3482 14.8748 3.12928 -15.391 15.4438 2.30837 -15.4565 15.9848 1.47002 
-15.5377 16.5133 0.625 -15.6314 17.0557 -0.209757 -15.7586 17.585 -1.04817 
-15.9295 18.0488 -1.91622 -16.1412 18.3636 -2.83709 -16.3595 18.3636 -3.79136 
-16.5588 17.9779 -4.68768 -16.7085 17.4713 -5.53586 -16.8166 16.9688 -6.39322 
-16.8885 16.5258 -7.28589 -16.9572 16.1661 -8.21606 -17.0556 15.84 -9.15602 
-17.2003 15.6029 -10.1151 -17.3163 15.5047 -11.1004 -17.261 15.5946 -12.0876 
-17.0219 15.8153 -13.0292 -16.687 16.0977 -13.9277 -16.3335 16.4133 -14.8082 
-15.9832 16.766 -15.6756 -15.6425 17.1826 -16.5172 -15.3952 17.5949 -17.156 
-31.4972 12.041 -21.0895 -31.401 11.5746 -20.2133 -31.228 11.2728 -19.2785 
-31.0327 11.0957 -18.3153 -30.8576 10.9631 -17.3399 -30.6893 10.7552 -16.378 
-30.5297 10.3836 -15.4651 -30.3938 9.90364 -14.6005 -30.3491 9.30482 -13.8051 
-30.4618 8.58229 -13.1325 -30.7987 7.77618 -12.6587 -31.2285 6.95041 -12.2952 
-31.6751 6.10892 -11.9925 -32.1324 5.25463 -11.746 -32.5735 4.38278 -11.5341 
-33.0156 3.50066 -11.374 -33.4475 2.60893 -11.2398 -33.8444 1.70686 -11.0721 
-34.178 0.799452 -10.8222 -34.4182 -0.104191 -10.4748 -34.5403 -0.987244 -10.0247 
-34.5694 -1.83933 -9.50496 -34.5038 -2.6508 -8.92554 -34.3579 -3.42027 -8.30532 
-34.1343 -4.13805 -7.64694 -33.8563 -4.80723 -6.9586 -33.5259 -5.42296 -6.24375 
-33.1592 -5.9929 -5.50909 -32.7453 -6.49878 -4.75274 -32.2917 -6.94975 -3.98499 
-31.7862 -7.30429 -3.19934 -31.2435 -7.57345 -2.40496 -30.6596 -7.72042 -1.60794 
-30.0419 -7.75761 -0.824495 -29.3893 -7.69621 -0.0703378 -28.7029 -7.55542 0.642174 
-27.9815 -7.33988 1.29902 -27.2351 -7.07155 1.9072 -26.4615 -6.74971 2.45252 
-25.6724 -6.39093 2.95022 -24.8876 -5.98659 3.41931 -24.1222 -5.53718 3.87957 
-23.3887 -5.02877 4.32975 -22.6922 -4.46484 4.77246 -22.0429 -3.82883 5.18768 
-21.4342 -3.14522 5.58994 -20.8613 -2.42583 5.98237 -20.3073 -1.68606 6.36407 
-19.7684 -0.922977 6.72044 -19.2477 -0.133713 7.04482 -18.7693 0.697995 7.32564 
-18.325 1.55859 7.57299 -17.9205 2.45205 7.76662 -17.5499 3.36853 7.91471 
-17.2286 4.31049 8.00376 -16.9665 5.27444 8.02999 -16.75 6.25 8 
-16.5533 7.22793 7.93225 -16.3827 8.20527 7.80921 -16.2344 9.17751 7.63048 
-16.1042 10.1316 7.36422 -15.9799 11.0543 7.00208 -15.8585 11.9285 6.53436 
-15.7565 12.7514 5.97755 -15.6884 13.5115 5.33316 -15.6558 14.2101 4.61936 
-15.6594 14.8507 3.85186 -15.687 15.4489 3.0514 -15.7366 16.0053 2.22219 
-15.7963 16.5332 1.37511 -15.8584 17.0487 0.520478 -15.931 17.5611 -0.335131 
-16.0498 18.0412 -1.20346 -16.2262 18.4302 -2.10545 -16.4327 18.6504 -3.05329 
-16.6523 18.5487 -4.00595 -16.8469 18.1187 -4.88293 -16.9958 17.609 -5.72991 
-17.1032 17.1328 -6.60167 -17.1861 16.7434 -7.5178 -17.2908 16.4553 -8.46898 
-17.4423 16.2149 -9.42745 -17.6215 16.0093 -10.3888 -17.7137 15.896 -11.3727 
-17.5569 15.9856 -12.3499 -17.233 16.2052 -13.2664 -16.8355 16.4914 -14.1381 
-16.4468 16.8125 -15.0015 -16.0778 17.1819 -15.8539 -15.747 17.628 -16.6837 
-15.5174 18.0574 -17.3181 -28.5199 12.4304 -20.2778 -28.5767 12.0929 -19.5551 
-28.6499 11.763 -18.6148 -28.7636 11.4911 -17.6597 -28.8916 11.2201 -16.706 
-28.9562 10.8871 -15.7666 -28.9535 10.4795 -14.8547 -28.9097 9.99923 -13.9799 
-29.0539 9.37519 -13.2342 -29.4445 8.63181 -12.6994 -29.9073 7.84266 -12.2987 
-30.3989 7.03664 -11.9697 -30.895 6.21782 -11.6812 -31.3856 5.38533 -11.4245 
-31.8719 4.53273 -11.2359 -32.3577 3.66818 -11.1096 -32.8223 2.78616 -11.0351 
-33.2535 1.88769 -10.96 -33.6097 0.970369 -10.7914 -33.8744 0.0475845 -10.5203 
-34.0111 -0.862411 -10.134 -34.0534 -1.74459 -9.66739 -33.9857 -2.57891 -9.12252 
-33.8426 -3.36708 -8.5252 -33.6266 -4.10785 -7.89034 -33.3572 -4.80332 -7.22495 
-33.0325 -5.44115 -6.52729 -32.6601 -6.02535 -5.8069 -32.2377 -6.55762 -5.07397 
-31.7601 -7.02491 -4.33092 -31.2243 -7.41255 -3.58175 -30.6412 -7.70504 -2.82577 
-30.0104 -7.87805 -2.07164 -29.3421 -7.94103 -1.33179 -28.6387 -7.894 -0.623784 
-27.9038 -7.77375 0.0419388 -27.1272 -7.58624 0.642212 -26.311 -7.35746 1.17147 
-25.4668 -7.08828 1.63405 -24.6061 -6.78059 2.03838 -23.7514 -6.41246 2.40335 
-22.9128 -5.99145 2.74807 -22.0964 -5.50654 3.05958 -21.3281 -4.9464 3.36499 
-20.6562 -4.28088 3.68412 -20.0128 -3.37191 4.12156 -19.5918 -2.57194 4.5468 
-19.2224 -1.75856 4.99597 -18.8527 -0.93804 5.43174 -18.4768 -0.102583 5.83183 
-18.1084 0.765686 6.16211 -17.7482 1.66591 6.40397 -17.4107 2.59071 6.57523 
-17.1285 3.54662 6.64181 -16.9061 4.51983 6.61697 -16.7515 5.4995 6.49547 
-16.6197 6.4725 6.30878 -16.4945 7.4274 6.04157 -16.3899 8.36044 5.69955 
-16.3044 9.25543 5.26312 -16.2127 10.1135 4.75918 -16.1081 10.8865 4.1363 
-16.0145 11.5772 3.42129 -15.9621 12.1763 2.62406 -15.9578 12.6931 1.76911 
-15.9752 13.1238 0.867306 -15.9849 13.4981 -0.059683 -16.0173 13.8666 -0.98844 
-16.1312 14.2901 -1.88476 -16.3621 14.7722 -2.72898 -16.6278 15.1878 -3.59493 
-16.8629 15.3364 -4.5455 -17.0573 15.2469 -5.51989 -17.2308 15.0865 -6.49104 
-17.3995 14.9995 -7.47214 -17.5857 14.9885 -8.45427 -17.8139 14.9865 -9.42762 
-18.0582 14.9341 -10.3951 -18.1897 14.8966 -11.3802 -18.0112 15.0206 -12.3473 
-17.6235 15.2635 -13.2314 -17.1612 15.5883 -14.0565 -16.7178 15.9397 -14.8807 
-16.3046 16.3415 -15.6975 -15.9187 16.7874 -16.5044 -15.6447 17.2043 -17.1294 
-28.4548 12.5496 -20.1976 -28.51 12.2198 -19.4712 -28.5938 11.8788 -18.5359 
-28.7245 11.6039 -17.5836 -28.8661 11.3252 -16.6339 -28.9437 10.9839 -15.6984 
-28.9598 10.5723 -14.788 -28.9484 10.0761 -13.9224 -29.1058 9.44666 -13.1743 
-29.5055 8.70055 -12.6534 -29.9652 7.91162 -12.2476 -30.4504 7.10191 -11.9184 
-30.9366 6.27903 -11.6245 -31.4134 5.4386 -11.3676 -31.8875 4.58187 -11.167 
-32.3624 3.71115 -11.0426 -32.8214 2.82626 -10.9664 -33.241 1.92229 -10.8905 
-33.5956 1.00221 -10.7366 -33.8429 0.074974 -10.4632 -33.9823 -0.840567 -10.0912 
-34.0002 -1.72101 -9.62022 -33.9346 -2.56353 -9.08774 -33.7821 -3.35024 -8.49073 
-33.5601 -4.09122 -7.85843 -33.2775 -4.78157 -7.19315 -32.951 -5.42337 -6.50002 
-32.572 -6.00792 -5.78326 -32.1463 -6.54368 -5.05485 -31.6574 -7.00675 -4.31621 
-31.1176 -7.39918 -3.5727 -30.5183 -7.67665 -2.82356 -29.8762 -7.85215 -2.07937 
-29.1923 -7.9092 -1.35355 -28.4753 -7.86727 -0.658924 -27.7205 -7.74597 -0.016042 
-26.9275 -7.56873 0.565651 -26.092 -7.34785 1.06713 -25.2337 -7.08917 1.50983 
-24.3647 -6.79149 1.90352 -23.4935 -6.44018 2.24495 -22.6437 -6.01677 2.55768 
-21.8117 -5.54298 2.84469 -21.0231 -4.99057 3.11045 -20.3102 -4.35236 3.39446 
-19.7339 -3.61782 3.73848 -19.2267 -2.67884 4.28146 -18.8832 -1.88141 4.77745 
-18.5301 -1.06859 5.24032 -18.1651 -0.238327 5.66088 -17.8132 0.622729 6.02622 
-17.4687 1.51682 6.30958 -17.1447 2.44284 6.49777 -16.8619 3.39588 6.59567 
-16.6482 4.37187 6.59391 -16.4932 5.3557 6.51657 -16.3784 6.33351 6.34406 
-16.264 7.29835 6.10941 -16.1684 8.24281 5.79709 -16.0909 9.15856 5.40444 
-16.004 10.0357 4.93347 -15.9049 10.8534 4.36952 -15.818 11.5832 3.69439 
-15.7695 12.2306 2.93503 -15.7835 12.789 2.10682 -15.8316 13.2831 1.23946 
-15.8876 13.7046 0.334608 -15.9489 14.1019 -0.580896 -16.068 14.5328 -1.47411 
-16.2655 15.0049 -2.33261 -16.5067 15.4176 -3.20816 -16.7291 15.6206 -4.15375 
-16.9005 15.5276 -5.12897 -17.048 15.2966 -6.0899 -17.1869 15.0955 -7.05827 
-17.3339 14.9956 -8.04153 -17.5163 14.9423 -9.02307 -17.737 14.879 -9.99616 
-17.9009 14.8085 -10.9784 -17.8785 14.8344 -11.969 -17.5862 15.0482 -12.8946 
-17.1777 15.3472 -13.7558 -16.7536 15.6861 -14.5954 -16.3443 16.0621 -15.4265 
-15.9596 16.4908 -16.2435 -15.6115 16.994 -17.0331 -29.1854 8.2086 -13.0475 
-29.6343 7.41741 -12.6371 -30.1479 6.62278 -12.3159 -30.7052 5.8368 -12.0499 
-31.2889 5.05424 -11.8349 -31.8541 4.24751 -11.6633 -32.3967 3.41937 -11.5251 
-32.8978 2.56149 -11.4136 -33.3599 1.68276 -11.2988 -33.7501 0.785407 -11.0972 
-34.0868 -0.111664 -10.815 -34.2917 -0.999613 -10.4094 -34.3933 -1.86433 -9.92004 
-34.3926 -2.69139 -9.36039 -34.3207 -3.48392 -8.75615 -34.1586 -4.22802 -8.10888 
-33.9457 -4.93397 -7.43408 -33.6697 -5.58131 -6.72429 -33.3498 -6.18517 -5.99473 
-32.9813 -6.73184 -5.24335 -32.5732 -7.22686 -4.47709 -32.1053 -7.64455 -3.69886 
-31.5967 -7.97668 -2.90602 -31.0439 -8.18376 -2.10068 -30.4555 -8.28236 -1.30001 
-29.8309 -8.27177 -0.520294 -29.1746 -8.17293 0.226536 -28.4879 -7.9941 0.930386 
-27.7762 -7.75716 1.5908 -27.0373 -7.45429 2.19213 -26.2845 -7.11209 2.7537 
-25.5237 -6.7317 3.27921 -24.7706 -6.31163 3.78517 -24.0358 -5.84704 4.279 
-23.3275 -5.33658 4.76595 -22.6529 -4.7787 5.24866 -22.0168 -4.16668 5.71763 
-21.4108 -3.50917 6.16464 -20.8304 -2.8134 6.58732 -20.2621 -2.09183 6.98253 
-19.7027 -1.34928 7.35023 -19.1674 -0.567561 7.66914 -18.659 0.243633 7.95759 
-18.1919 1.08939 8.21422 -17.7594 1.96122 8.44316 -17.3748 2.86397 8.63369 
-17.0336 3.79182 8.78104 -16.7405 4.74313 8.87007 -16.4924 5.71092 8.89794 
-16.2758 6.68642 8.86737 -16.0812 7.66325 8.7827 -15.9112 8.63846 8.64291 
-15.7628 9.60699 8.44553 -15.6323 10.5589 8.17143 -15.514 11.4851 7.81523 
-15.4034 12.3674 7.36007 -15.3015 13.2055 6.82542 -15.2253 13.9882 6.20876 
-15.1721 14.7242 5.53474 -15.1382 15.4136 4.81157 -15.1169 16.062 4.05087 
-15.1066 16.6679 3.25573 -15.1038 17.2416 2.43683 -15.1054 17.7903 1.60082 
-15.1156 18.3294 0.758709 -15.1557 18.8521 -0.0927392 -15.2358 19.3343 -0.964382 
-15.3834 19.7029 -1.87955 -15.6005 19.91 -2.82901 -15.9084 19.8261 -3.76639 
-16.2716 19.4746 -4.62093 -16.6511 18.9581 -5.38741 -16.9792 18.4233 -6.16459 
-17.1494 17.9693 -7.03469 -17.2426 17.6066 -7.96103 -17.3479 17.2903 -8.90365 
-17.4867 16.9931 -9.84818 -17.6117 16.7558 -10.8102 -17.6003 16.6595 -11.7964 
-17.365 16.7657 -12.7562 -17.0046 16.9897 -13.6607 -16.6275 17.2595 -14.5465 
-16.2739 17.5713 -15.428 -15.9534 17.958 -16.2921 -30.0832 12.5634 -21.2924 
-30.1091 12.2525 -20.7801 -30.0864 11.8352 -19.8741 -30.0239 11.5347 -18.9244 
-29.997 11.3523 -17.942 -30.0061 11.1669 -16.9597 -29.9942 10.8817 -16.0031 
-29.9451 10.491 -15.0852 -29.8884 9.99292 -14.2215 -29.9127 9.39075 -13.4289 
-30.1695 8.641 -12.8317 -30.5605 7.84047 -12.3839 -31.0244 7.02281 -12.044 
-31.4827 6.18869 -11.7376 -31.9224 5.3294 -11.4776 -32.3596 4.45586 -11.2647 
-32.7951 3.56853 -11.1155 -33.2268 2.67288 -11.0105 -33.6143 1.76186 -10.8745 
-33.9374 0.840325 -10.6657 -34.1498 -0.0806527 -10.3458 -34.2618 -0.982417 -9.93275 
-34.2627 -1.84704 -9.43297 -34.1795 -2.67136 -8.87448 -34.0088 -3.4435 -8.26403 
-33.7726 -4.16792 -7.61742 -33.4787 -4.84028 -6.93901 -33.1415 -5.46508 -6.23524 
-32.7562 -6.02901 -5.50549 -32.326 -6.54331 -4.76415 -31.8434 -6.98732 -4.01055 
-31.3133 -7.35279 -3.24638 -30.7305 -7.60342 -2.47484 -30.1067 -7.73963 -1.70766 
-29.4462 -7.75817 -0.958203 -28.756 -7.68744 -0.23926 -28.0281 -7.53496 0.427935 
-27.2662 -7.32766 1.04027 -26.4663 -7.06941 1.58138 -25.6383 -6.77995 2.06042 
-24.805 -6.44321 2.49822 -23.9789 -6.06258 2.91309 -23.1771 -5.61818 3.31157 
-22.4081 -5.11259 3.7014 -21.7033 -4.51124 4.07476 -21.0825 -3.81973 4.43903 
-20.6407 -3.21983 4.72985 -20.2547 -2.58917 5.03399 -19.8083 -1.78762 5.43183 
-19.3653 -0.986776 5.83473 -18.9299 -0.165934 6.20358 -18.5033 0.679714 6.52333 
-18.1076 1.56294 6.77265 -17.7381 2.47399 6.95238 -17.4091 3.41279 7.04588 
-17.1287 4.3714 7.05484 -16.9141 5.34198 6.95546 -16.7353 6.31037 6.78424 
-16.574 7.2683 6.54872 -16.4442 8.21187 6.24627 -16.3429 9.11895 5.8411 
-16.2489 9.98662 5.35432 -16.1465 10.7912 4.77206 -16.0507 11.5199 4.09587 
-15.9966 12.1561 3.328 -15.9983 12.7072 2.49504 -16.0426 13.1731 1.61178 
-16.0861 13.5856 0.702114 -16.1386 13.9793 -0.215404 -16.2431 14.4105 -1.11047 
-16.4305 14.8838 -1.97071 -16.6553 15.3106 -2.84515 -16.8681 15.5461 -3.78618 
-17.0561 15.5216 -4.76328 -17.249 15.3633 -5.73121 -17.4438 15.225 -6.70136 
-17.6429 15.2128 -7.68045 -17.8657 15.2493 -8.65437 -18.1376 15.2582 -9.6163 
-18.4065 15.2315 -10.5783 -18.493 15.2676 -11.5607 -18.2283 15.434 -12.494 
-17.7336 15.7129 -13.3167 -17.2397 16.0368 -14.1234 -16.7796 16.3876 -14.9387 
-16.3597 16.7844 -15.7543 -15.9792 17.2391 -16.5586 -15.6629 17.7745 -17.3402 
-30.2226 11.7471 -20.9031 -30.2403 11.326 -19.9997 -30.1743 11.0575 -19.0407 
-30.1169 10.896 -18.0563 -30.0952 10.74 -17.0695 -30.0455 10.4775 -16.1082 
-29.9342 10.0715 -15.2023 -29.8256 9.57153 -14.3449 -29.8225 8.92385 -13.5919 
-30.0287 8.16796 -12.9845 -30.4489 7.36118 -12.5734 -30.9399 6.55395 -12.2487 
-31.4593 5.74211 -11.9831 -31.9805 4.91596 -11.7703 -32.4841 4.06961 -11.598 
-32.9667 3.20449 -11.4634 -33.4167 2.32122 -11.3344 -33.8249 1.42544 -11.1616 
-34.1657 0.525892 -10.8941 -34.4026 -0.369041 -10.5221 -34.524 -1.24253 -10.0546 
-34.5502 -2.08542 -9.51933 -34.4821 -2.88744 -8.92748 -34.3389 -3.65045 -8.29817 
-34.1219 -4.36352 -7.63237 -33.8502 -5.02647 -6.9358 -33.527 -5.63944 -6.21538 
-33.1622 -6.19957 -5.47218 -32.751 -6.70034 -4.71116 -32.2946 -7.13717 -3.93699 
-31.7879 -7.48065 -3.14726 -31.246 -7.73651 -2.34793 -30.665 -7.86964 -1.54633 
-30.0503 -7.89458 -0.760092 -29.4017 -7.82445 -0.00298946 -28.7206 -7.67841 0.71325 
-28.0037 -7.45676 1.37314 -27.2618 -7.1791 1.98245 -26.4978 -6.8494 2.53661 
-25.7196 -6.48318 3.04589 -24.9474 -6.06977 3.52777 -24.1935 -5.6123 3.99909 
-23.4699 -5.10045 4.46152 -22.7803 -4.53627 4.91458 -22.131 -3.9109 5.34592 
-21.5203 -3.23768 5.76236 -20.9409 -2.52846 6.16377 -20.3778 -1.79872 6.55137 
-19.8282 -1.04463 6.91025 -19.2984 -0.26091 7.23365 -18.8092 0.563278 7.51777 
-18.3557 1.41825 7.76803 -17.9406 2.30388 7.97411 -17.5648 3.21628 8.13433 
-17.237 4.15428 8.24043 -16.9608 5.1135 8.28901 -16.7353 6.08728 8.27438 
-16.5343 7.06474 8.21387 -16.3597 8.04263 8.10092 -16.2092 9.01648 7.93324 
-16.0739 9.97607 7.68973 -15.9464 10.9053 7.34596 -15.8227 11.789 6.8974 
-15.7136 12.6252 6.36123 -15.6373 13.399 5.73366 -15.5912 14.1194 5.04319 
-15.5786 14.7794 4.29256 -15.5889 15.3963 3.50594 -15.6181 15.9714 2.68865 
-15.658 16.5142 1.84993 -15.7007 17.042 1.00158 -15.7517 17.5633 0.149763 
-15.8407 18.059 -0.71345 -15.9966 18.4779 -1.60557 -16.2149 18.7398 -2.54442 
-16.4416 18.7871 -3.50647 -16.6674 18.4322 -4.40414 -16.8568 17.9415 -5.25325 
-16.9892 17.4282 -6.10078 -17.0801 16.9715 -6.98455 -17.1589 16.6192 -7.91609 
-17.2675 16.3317 -8.86728 -17.4302 16.0914 -9.82389 -17.5887 15.9069 -10.7921 
-17.589 15.8814 -11.7839 -17.3652 16.0364 -12.7393 -17.0056 16.2953 -13.6349 
-16.6194 16.5884 -14.5093 -16.2459 16.9307 -15.3712 -15.8914 17.323 -16.2194 
-15.585 17.819 -17.0305 -29.7169 12.5102 -21.1747 -29.76 12.1152 -20.4814 
-29.7499 11.7268 -19.5618 -29.7204 11.4568 -18.6012 -29.732 11.2619 -17.6208 
-29.7617 11.0413 -16.6465 -29.7449 10.713 -15.7036 -29.6814 10.2876 -14.802 
-29.6235 9.76154 -13.9557 -29.7126 9.11516 -13.2133 -30.06 8.33801 -12.6951 
-30.4988 7.53317 -12.2989 -30.9844 6.7198 -11.9798 -31.4636 5.88948 -11.6961 
-31.9289 5.03656 -11.4609 -32.3923 4.16972 -11.2786 -32.8476 3.28847 -11.1542 
-33.292 2.39772 -11.062 -33.6816 1.4895 -10.9141 -33.9935 0.572128 -10.6756 
-34.1899 -0.341118 -10.3245 -34.2853 -1.23103 -9.88173 -34.276 -2.0841 -9.36314 
-34.1805 -2.8936 -8.78562 -34.004 -3.65505 -8.16307 -33.7607 -4.36759 -7.50589 
-33.4643 -5.02935 -6.8181 -33.1241 -5.64293 -6.10618 -32.7333 -6.19243 -5.36817 
-32.2977 -6.69344 -4.621 -31.8119 -7.12279 -3.86085 -31.278 -7.46772 -3.09043 
-30.6918 -7.68965 -2.3123 -30.0686 -7.80098 -1.54066 -29.41 -7.79758 -0.789206 
-28.7204 -7.70533 -0.0722103 -27.995 -7.53657 0.593793 -27.2348 -7.31338 1.20315 
-26.4416 -7.04206 1.74719 -25.622 -6.73843 2.23211 -24.8 -6.3886 2.68086 
-23.9864 -5.99257 3.10597 -23.2008 -5.5367 3.52309 -22.4492 -5.0167 3.92734 
-21.7583 -4.41043 4.31845 -21.1419 -3.72058 4.69505 -20.8068 -3.27406 4.91445 
-20.4984 -2.81087 5.13867 -20.0082 -2.02973 5.52502 -19.5359 -1.24186 5.92023 
-19.0722 -0.437851 6.29174 -18.6233 0.394299 6.61645 -18.2078 1.26149 6.88853 
-17.8224 2.16025 7.09493 -17.47 3.08561 7.22992 -17.1597 4.0331 7.29497 
-16.9129 5.00109 7.2742 -16.7104 5.97541 7.18266 -16.5294 6.94347 7.01158 
-16.3737 7.90486 6.7864 -16.2583 8.85205 6.4907 -16.1619 9.76509 6.09719 
-16.0668 10.6242 5.59587 -15.9686 11.4264 5.00955 -15.8987 12.1503 4.3251 
-15.8798 12.7981 3.56514 -15.9284 13.3579 2.73921 -16.0178 13.8507 1.8746 
-16.117 14.2771 0.975607 -16.2086 14.6986 0.0734995 -16.3342 15.1527 -0.808 
-16.5041 15.617 -1.67709 -16.6894 15.9971 -2.58161 -16.8587 16.1978 -3.54068 
-16.9996 16.099 -4.51962 -17.1449 15.8377 -5.47258 -17.2992 15.5674 -6.42202 
-17.4642 15.4217 -7.39528 -17.6562 15.3814 -8.37523 -17.8963 15.358 -9.34541 
-18.1394 15.285 -10.312 -18.2493 15.2474 -11.3006 -18.0845 15.348 -12.2713 
-17.6862 15.5823 -13.1519 -17.2179 15.8968 -13.9774 -16.7666 16.2362 -14.8025 
-16.3524 16.622 -15.6263 -15.966 17.0564 -16.4396 -15.6997 17.4692 -17.0701 
-32.9418 12.1932 -21.1206 -32.7935 11.6639 -20.2902 -32.5595 11.3018 -19.39 
-32.2663 11.058 -18.4675 -31.921 10.8978 -17.5432 -31.5684 10.6948 -16.6305 
-31.2622 10.3578 -15.7432 -31.0379 9.88118 -14.8962 -30.9432 9.27578 -14.1094 
-30.9932 8.55421 -13.4267 -31.213 7.74316 -12.8923 -31.548 6.89903 -12.4777 
-31.9459 6.04057 -12.1562 -32.3738 5.17558 -11.8951 -32.8035 4.29902 -11.6799 
-33.2398 3.41551 -11.5103 -33.6579 2.52253 -11.3443 -34.0434 1.62226 -11.1441 
-34.3668 0.721417 -10.8586 -34.6001 -0.172394 -10.4816 -34.7158 -1.04321 -10.0065 
-34.7428 -1.88469 -9.469 -34.678 -2.68723 -8.87723 -34.5316 -3.44907 -8.24768 
-34.3068 -4.15991 -7.5822 -34.032 -4.82674 -6.89028 -33.7022 -5.43667 -6.17014 
-33.3366 -6.00147 -5.43093 -32.927 -6.50202 -4.66873 -32.4805 -6.94725 -3.89351 
-31.986 -7.29835 -3.09974 -31.4551 -7.5596 -2.29449 -30.8841 -7.69979 -1.48689 
-30.2825 -7.74276 -0.690586 -29.6416 -7.68086 0.0734571 -28.9708 -7.55153 0.80267 
-28.262 -7.34053 1.47486 -27.5296 -7.07011 2.09862 -26.7723 -6.73853 2.66059 
-25.9998 -6.36798 3.17559 -25.2314 -5.95084 3.66048 -24.4795 -5.49047 4.13202 
-23.7539 -4.98273 4.59571 -23.0578 -4.42663 5.0489 -22.4011 -3.80901 5.48071 
-21.6622 -3.00533 5.97776 -21.0759 -2.30098 6.37759 -20.5067 -1.57318 6.75992 
-19.9517 -0.820038 7.11236 -19.4253 -0.0296887 7.42461 -18.9331 0.795265 7.7012 
-18.4815 1.65579 7.93575 -18.0641 2.54234 8.13326 -17.6951 3.45935 8.28266 
-17.3713 4.39964 8.38082 -17.1019 5.36139 8.41464 -16.8738 6.33445 8.39281 
-16.6693 7.31035 8.32041 -16.4871 8.28583 8.19905 -16.3285 9.25565 8.01697 
-16.187 10.2106 7.75803 -16.0529 11.1373 7.40995 -15.9215 12.0332 6.9866 
-15.8077 12.875 6.46092 -15.721 13.6693 5.86119 -15.6713 14.4007 5.18191 
-15.6488 15.0814 4.45034 -15.6483 15.7156 3.67761 -15.6616 16.3118 2.87512 
-15.6819 16.865 2.04245 -15.7005 17.3957 1.19516 -15.7233 17.911 0.338505 
-15.7787 18.4042 -0.529047 -15.9079 18.8205 -1.42622 -16.1185 19.103 -2.35954 
-16.3632 19.2034 -3.31718 -16.6363 18.9973 -4.24317 -16.8933 18.5152 -5.0789 
-17.092 17.994 -5.90829 -17.217 17.547 -6.79228 -17.3158 17.1986 -7.72317 
-17.4261 16.9269 -8.67896 -17.5825 16.6762 -9.63408 -17.7433 16.4528 -10.5943 
-17.7913 16.3236 -11.5784 -17.5763 16.414 -12.5411 -17.2033 16.6426 -13.4388 
-16.7976 16.9191 -14.3099 -16.4108 17.2334 -15.1765 -16.0609 17.6095 -16.0341 
-15.7555 18.0664 -16.8675 -28.9214 12.3447 -21.0099 -29.0233 11.8485 -20.1486 
-29.0739 11.4727 -19.2251 -29.1177 11.2029 -18.2643 -29.1892 10.9931 -17.2892 
-29.2518 10.7411 -16.3248 -29.2332 10.3875 -15.3914 -29.1336 9.96194 -14.4929 
-29.0599 9.43103 -13.6583 -29.2314 8.75747 -12.9568 -29.6575 7.98764 -12.49 
-30.1387 7.19023 -12.1279 -30.6486 6.38286 -11.8314 -31.1581 5.56506 -11.5645 
-31.6633 4.72857 -11.3536 -32.1691 3.88049 -11.1979 -32.6548 3.01146 -11.1084 
-33.1187 2.12774 -11.0476 -33.5231 1.22323 -10.9244 -33.8466 0.307896 -10.6948 
-34.0622 -0.605497 -10.3551 -34.1763 -1.49818 -9.92216 -34.1842 -2.35062 -9.40292 
-34.1082 -3.16198 -8.82471 -33.9473 -3.92336 -8.19766 -33.7253 -4.63939 -7.53714 
-33.4468 -5.30352 -6.84394 -33.1202 -5.91787 -6.12633 -32.7491 -6.47786 -5.38642 
-32.3316 -6.9876 -4.63462 -31.858 -7.42139 -3.86921 -31.3353 -7.76877 -3.09212 
-30.7681 -8.00256 -2.30385 -30.1636 -8.12132 -1.51867 -29.5218 -8.12178 -0.75296 
-28.8533 -8.03572 -0.015152 -28.1533 -7.86583 0.677333 -27.4221 -7.63478 1.31809 
-26.6594 -7.34696 1.8965 -25.8751 -7.02407 2.42592 -25.0835 -6.66236 2.91778 
-24.2998 -6.25846 3.3889 -23.5388 -5.80296 3.85048 -22.7999 -5.303 4.30127 
-22.1095 -4.73595 4.74942 -21.4594 -4.11161 5.18132 -20.9809 -3.55924 5.50618 
-20.5221 -2.98574 5.82322 -19.9673 -2.25188 6.21497 -19.4286 -1.49596 6.5865 
-18.9055 -0.714591 6.92655 -18.4122 0.0960008 7.24109 -17.9652 0.945544 7.51995 
-17.551 1.82273 7.76141 -17.1712 2.72754 7.95203 -16.8256 3.65435 8.09555 
-16.5413 4.6087 8.17782 -16.3106 5.58094 8.20232 -16.1164 6.5611 8.17035 
-15.9452 7.54321 8.09517 -15.8026 8.52402 7.9649 -15.6795 9.49603 7.76817 
-15.5693 10.4426 7.46897 -15.463 11.3551 7.07569 -15.3601 12.2085 6.56722 
-15.2752 13.007 5.97263 -15.2154 13.7444 5.30102 -15.1778 14.431 4.57575 
-15.166 15.0665 3.80402 -15.1698 15.668 3.00542 -15.1884 16.2389 2.1847 
-15.2192 16.7903 1.35108 -15.2631 17.3411 0.517639 -15.3259 17.8918 -0.314611 
-15.4329 18.404 -1.16573 -15.5978 18.8133 -2.06066 -15.8107 19.0508 -3.00303 
-16.0692 19.0111 -3.95375 -16.3526 18.5636 -4.79634 -16.5827 18.0161 -5.59997 
-16.7308 17.4928 -6.43746 -16.8113 17.0332 -7.32121 -16.8639 16.6472 -8.24177 
-16.9412 16.301 -9.17649 -17.0582 16.0088 -10.1249 -17.1628 15.8711 -11.1052 
-17.112 15.9455 -12.0956 -16.905 16.1416 -13.0511 -16.589 16.4106 -13.9605 
-16.2542 16.7122 -14.853 -15.9192 17.0604 -15.7282 -15.5993 17.4875 -16.5721 
-15.3654 17.9031 -17.214 -28.6821 12.5819 -21.0618 -28.7579 12.1831 -20.3729 
-28.8219 11.7781 -19.4621 -28.8836 11.4721 -18.5132 -28.9812 11.2344 -17.5471 
-29.0753 10.9743 -16.5867 -29.0952 10.6302 -15.6493 -29.0331 10.2132 -14.7438 
-28.948 9.70189 -13.8918 -29.1052 9.04799 -13.1773 -29.5135 8.28443 -12.6826 
-29.9823 7.48979 -12.2999 -30.4916 6.68611 -11.9929 -31.0091 5.87543 -11.7195 
-31.5203 5.04684 -11.4927 -32.0285 4.20257 -11.3249 -32.5203 3.33889 -11.217 
-32.9906 2.45971 -11.1427 -33.4093 1.55982 -11.0292 -33.7569 0.647667 -10.8191 
-33.9976 -0.265922 -10.4997 -34.1291 -1.16398 -10.0845 -34.1481 -2.02456 -9.57861 
-34.0836 -2.84729 -9.01548 -33.9337 -3.61861 -8.3985 -33.7141 -4.34515 -7.74825 
-33.4363 -5.01886 -7.06452 -33.1121 -5.646 -6.35674 -32.7369 -6.21223 -5.62347 
-32.3166 -6.73174 -4.88034 -31.8338 -7.17107 -4.12358 -31.306 -7.54137 -3.36018 
-30.726 -7.79444 -2.58736 -30.1052 -7.93235 -1.81815 -29.4478 -7.954 -1.06606 
-28.7598 -7.88019 -0.345297 -28.0361 -7.7262 0.326065 -27.2777 -7.5169 0.942104 
-26.4813 -7.25767 1.48792 -25.6592 -6.96936 1.97772 -24.8267 -6.63802 2.42104 
-24.0005 -6.26013 2.83822 -23.1952 -5.8208 3.23539 -22.416 -5.32624 3.61943 
-21.6939 -4.74531 3.99232 -21.0408 -4.0806 4.34965 -20.5858 -3.48972 4.63891 
-20.092 -2.70888 5.0184 -19.6458 -1.90954 5.42075 -19.2057 -1.11086 5.83109 
-18.7717 -0.29583 6.21442 -18.3497 0.550113 6.5391 -17.9555 1.42985 6.80216 
-17.5896 2.34058 6.9898 -17.2595 3.27794 7.0957 -16.979 4.23634 7.12022 
-16.7598 5.20934 7.0618 -16.5846 6.18143 6.90978 -16.4229 7.14647 6.70479 
-16.2959 8.10171 6.43976 -16.1973 9.03127 6.08907 -16.11 9.91129 5.62315 
-16.0119 10.7495 5.08865 -15.9183 11.5104 4.44802 -15.859 12.1962 3.72492 
-15.8624 12.7948 2.92599 -15.9193 13.3165 2.07559 -16 13.7614 1.18415 
-16.0771 14.1688 0.274177 -16.175 14.598 -0.623288 -16.3356 15.0619 -1.49371 
-16.543 15.5068 -2.36429 -16.7453 15.8228 -3.28705 -16.914 15.8637 -4.26273 
-17.0709 15.6796 -5.23078 -17.2306 15.44 -6.1882 -17.3955 15.2842 -7.16025 
-17.5751 15.24 -8.1427 -17.7938 15.2271 -9.1181 -18.0441 15.1796 -10.0847 
-18.2286 15.1185 -11.0639 -18.1536 15.181 -12.0451 -17.8006 15.3883 -12.9494 
-17.3354 15.6957 -13.779 -16.8757 16.0308 -14.6014 -16.4515 16.4089 -15.4237 
-16.0556 16.8334 -16.2378 -15.7068 17.3293 -17.0315 -31.0081 11.6283 -21.3099 
-31.031 11.3476 -20.7805 -30.977 10.9828 -19.855 -30.8447 10.7565 -18.8923 
-30.7125 10.6372 -17.9085 -30.5858 10.4929 -16.9281 -30.4208 10.1992 -15.9894 
-30.25 9.76206 -15.109 -30.143 9.19335 -14.2958 -30.1217 8.5133 -13.5715 
-30.3474 7.72195 -13.0166 -30.7582 6.90951 -12.6139 -31.2612 6.09965 -12.3129 
-31.7828 5.28322 -12.0678 -32.3236 4.46212 -11.8863 -32.8353 3.61789 -11.7284 
-33.3147 2.75178 -11.5885 -33.7519 1.86931 -11.4178 -34.133 0.976551 -11.1805 
-34.4407 0.0883102 -10.8456 -34.6354 -0.788181 -10.4094 -34.7328 -1.64185 -9.90031 
-34.7254 -2.45946 -9.32565 -34.646 -3.24313 -8.71111 -34.4813 -3.98302 -8.06029 
-34.252 -4.67719 -7.37881 -33.9633 -5.31388 -6.66445 -33.6331 -5.90838 -5.9318 
-33.2601 -6.44653 -5.17661 -32.8438 -6.92284 -4.40287 -32.3806 -7.32804 -3.61529 
-31.8788 -7.64876 -2.81342 -31.3405 -7.85908 -1.99901 -30.7696 -7.96358 -1.1859 
-30.1612 -7.95838 -0.39366 -29.5181 -7.86879 0.365894 -28.8407 -7.70667 1.08222 
-28.1338 -7.47748 1.75013 -27.4003 -7.17784 2.35981 -26.6535 -6.83277 2.92744 
-25.896 -6.44316 3.4508 -25.1453 -6.01338 3.95204 -24.413 -5.53746 4.43877 
-23.707 -5.01564 4.9169 -23.0321 -4.44574 5.38489 -22.3901 -3.8247 5.83375 
-21.783 -3.15658 6.26326 -21.1976 -2.45967 6.67737 -20.6239 -1.74004 7.06826 
-20.0664 -0.992343 7.42819 -19.5371 -0.20624 7.74624 -19.0354 0.611595 8.02709 
-18.5723 1.46332 8.27127 -18.1464 2.34321 8.4801 -17.7725 3.25544 8.64504 
-17.4361 4.18828 8.77144 -17.1477 5.14282 8.83857 -16.898 6.11069 8.85386 
-16.6797 7.08526 8.80932 -16.4799 8.06024 8.71457 -16.302 9.03224 8.56332 
-16.1428 9.99686 8.35501 -15.9992 10.9454 8.0746 -15.8657 11.8677 7.71432 
-15.7437 12.745 7.25221 -15.6363 13.5828 6.71809 -15.5605 14.3664 6.10272 
-15.5096 15.1013 5.42714 -15.4797 15.7864 4.69977 -15.4615 16.4343 3.93866 
-15.4536 17.0376 3.14145 -15.4473 17.6012 2.31567 -15.438 18.1335 1.46925 
-15.4385 18.6476 0.611596 -15.4783 19.13 -0.262909 -15.5769 19.5495 -1.16404 
-15.7659 19.8233 -2.10249 -16.0494 19.8879 -3.05303 -16.3872 19.6874 -3.96534 
-16.7365 19.2757 -4.8021 -17.0682 18.7497 -5.58459 -17.3349 18.2655 -6.41522 
-17.486 17.9101 -7.33569 -17.6194 17.6353 -8.28738 -17.791 17.3828 -9.23944 
-17.9935 17.1037 -10.1779 -18.1444 16.8532 -11.1301 -18.0541 16.7821 -12.1084 
-17.676 16.9335 -13.0148 -17.2202 17.1875 -13.8676 -16.7941 17.4705 -14.7264 
-16.4185 17.8044 -15.59 -16.0965 18.2208 -16.439 -28.9043 8.32632 -13.0228 
-29.1762 7.85644 -12.7682 -29.6751 7.06244 -12.4229 -30.2136 6.26994 -12.1377 
-30.7862 5.48699 -11.8953 -31.364 4.69592 -11.6957 -31.9211 3.88034 -11.5416 
-32.4477 3.03867 -11.4251 -32.927 2.16678 -11.3275 -33.3566 1.27483 -11.1928 
-33.7027 0.372441 -10.9424 -33.9494 -0.529949 -10.5951 -34.0662 -1.41467 -10.1479 
-34.0859 -2.26662 -9.62722 -34.018 -3.07725 -9.04763 -33.8761 -3.84632 -8.42553 
-33.6563 -4.56266 -7.7642 -33.3831 -5.23151 -7.07362 -33.0606 -5.85165 -6.3592 
-32.6895 -6.41801 -5.62395 -32.2651 -6.9281 -4.87682 -31.7831 -7.36781 -4.11976 
-31.2508 -7.72715 -3.35467 -30.6712 -7.97099 -2.57946 -30.0453 -8.08799 -1.81035 
-29.3857 -8.10009 -1.06002 -28.6929 -8.0088 -0.345491 -27.9675 -7.84604 0.321979 
-27.2065 -7.62753 0.931733 -26.4133 -7.36779 1.48176 -25.5891 -7.07173 1.96359 
-24.7573 -6.73911 2.40738 -23.9311 -6.35685 2.82048 -23.1213 -5.92325 3.21477 
-22.3383 -5.42887 3.59094 -21.6008 -4.85864 3.94977 -20.9405 -4.19428 4.29429 
-20.3653 -3.4578 4.64892 -19.8956 -2.66755 5.03999 -19.4538 -1.86979 5.45014 
-19.0195 -1.07086 5.86624 -18.5912 -0.255497 6.25503 -18.1771 0.5951 6.57772 
-17.7889 1.47737 6.84195 -17.4293 2.39119 7.02689 -17.1039 3.32986 7.13301 
-16.8364 4.2924 7.15261 -16.6264 5.26794 7.10207 -16.4543 6.24307 6.96786 
-16.2943 7.21052 6.77262 -16.1733 8.17166 6.52724 -16.0809 9.10961 6.19732 
-15.9997 9.99906 5.74827 -15.9099 10.8545 5.23967 -15.8225 11.6433 4.63441 
-15.7609 12.3586 3.9395 -15.7617 12.9878 3.1639 -15.818 13.5476 2.33841 
-15.9179 14.0369 1.4726 -16.0255 14.4752 0.580402 -16.1294 14.912 -0.313056 
-16.2687 15.3753 -1.18774 -16.4592 15.8387 -2.05298 -16.6548 16.2182 -2.95511 
-16.8167 16.331 -3.92488 -16.9461 16.1709 -4.89762 -17.0678 15.8475 -5.83535 
-17.1919 15.5382 -6.77675 -17.328 15.3544 -7.74893 -17.4967 15.2582 -8.72936 
-17.7136 15.1811 -9.70235 -17.915 15.0875 -10.6764 -17.9519 15.0557 -11.6676 
-17.7227 15.2073 -12.6171 -17.3196 15.4884 -13.4869 -16.8883 15.811 -14.3293 
-16.4739 16.1712 -15.1648 -16.0822 16.5771 -15.9902 -15.7218 17.0408 -16.7985 
-28.9437 12.4018 -21.313 -29.0109 12.0992 -20.7994 -29.0793 11.6696 -19.9001 
-29.1193 11.3376 -18.9594 -29.1705 11.1133 -17.9867 -29.2451 10.8983 -17.0131 
-29.2751 10.6053 -16.0596 -29.2122 10.2187 -15.1414 -29.0737 9.74315 -14.2737 
-29.0391 9.15414 -13.4838 -29.3684 8.40764 -12.9149 -29.8133 7.61939 -12.4949 
-30.3194 6.81888 -12.1754 -30.8528 6.01913 -11.9007 -31.3884 5.20683 -11.6709 
-31.9162 4.377 -11.4916 -32.4285 3.52797 -11.3644 -32.911 2.65732 -11.2712 
-33.3506 1.76669 -11.1615 -33.7323 0.863174 -10.9735 -34.0158 -0.0442275 -10.6705 
-34.1877 -0.941929 -10.2704 -34.2408 -1.80655 -9.77309 -34.209 -2.6386 -9.22116 
-34.0923 -3.42285 -8.61316 -33.9014 -4.16119 -7.96782 -33.6468 -4.84959 -7.28948 
-33.3404 -5.48812 -6.58414 -32.9889 -6.07406 -5.85474 -32.5931 -6.60916 -5.1091 
-32.14 -7.07632 -4.35092 -31.6349 -7.467 -3.58205 -31.0821 -7.75475 -2.8023 
-30.4889 -7.9307 -2.01814 -29.8564 -7.98226 -1.24702 -29.1963 -7.9417 -0.497801 
-28.4995 -7.80634 0.205532 -27.7699 -7.60805 0.858902 -27.0045 -7.35327 1.44881 
-26.2127 -7.06149 1.98445 -25.4009 -6.7317 2.46601 -24.5904 -6.36078 2.91864 
-23.7957 -5.9393 3.35446 -23.0279 -5.46393 3.78314 -22.3046 -4.91252 4.19737 
-21.6349 -4.29151 4.60266 -21.1511 -3.73365 4.90895 -20.7049 -3.14187 5.2094 
-20.1825 -2.38129 5.59459 -19.6846 -1.60711 5.98528 -19.1939 -0.820011 6.35864 
-18.7139 -0.0124705 6.70109 -18.2689 0.83008 7.00331 -17.8575 1.70373 7.26128 
-17.4762 2.60774 7.45176 -17.129 3.53571 7.58289 -16.8362 4.48902 7.64584 
-16.5995 5.46004 7.65132 -16.4061 6.43921 7.59504 -16.2319 7.41847 7.49345 
-16.0912 8.39586 7.3388 -15.9769 9.36324 7.1162 -15.88 10.3001 6.7835 
-15.7789 11.1953 6.35219 -15.6868 12.0229 5.80057 -15.618 12.7874 5.1618 
-15.5831 13.4822 4.44458 -15.5882 14.1216 3.6765 -15.6362 14.7044 2.86578 
-15.7184 15.2479 2.03074 -15.8282 15.7504 1.17329 -15.9483 16.2424 0.311051 
-16.0778 16.753 -0.538849 -16.2312 17.2567 -1.38858 -16.4112 17.665 -2.28176 
-16.5882 17.9183 -3.22582 -16.7422 17.7679 -4.1892 -16.8725 17.3607 -5.08892 
-16.9763 16.8804 -5.95981 -17.0625 16.4344 -6.84975 -17.1536 16.0978 -7.78578 
-17.2773 15.8436 -8.74418 -17.4519 15.6465 -9.70864 -17.6207 15.502 -10.6823 
-17.6503 15.481 -11.6747 -17.4464 15.6376 -12.6322 -17.0856 15.9068 -13.5242 
-16.6918 16.2117 -14.3912 -16.3088 16.5598 -15.2466 -15.9408 16.9509 -16.09 
-15.6098 17.4335 -16.899 -29.7001 12.0277 -21.1794 -29.7499 11.7385 -20.6563 
-29.7705 11.3466 -19.7396 -29.7366 11.0923 -18.7749 -29.7383 10.9261 -17.7892 
-29.7589 10.7379 -16.8081 -29.7205 10.4261 -15.8609 -29.617 10.0139 -14.9571 
-29.5096 9.49249 -14.1131 -29.5562 8.82963 -13.378 -29.8509 8.06363 -12.8219 
-30.2964 7.26376 -12.4257 -30.8082 6.46069 -12.122 -31.3392 5.65433 -11.8628 
-31.8612 4.82716 -11.6565 -32.3728 3.98345 -11.4949 -32.8571 3.11735 -11.3727 
-33.3168 2.2361 -11.2656 -33.7176 1.33691 -11.0942 -34.0521 0.432793 -10.8351 
-34.265 -0.467491 -10.4591 -34.376 -1.34573 -9.99838 -34.3823 -2.18908 -9.46339 
-34.3108 -2.9962 -8.8789 -34.1528 -3.75493 -8.24813 -33.9277 -4.46595 -7.58291 
-33.6468 -5.12621 -6.88721 -33.3212 -5.74146 -6.16985 -32.9457 -6.29337 -5.42582 
-32.5269 -6.79475 -4.66932 -32.0525 -7.21774 -3.89845 -31.5338 -7.56062 -3.11642 
-30.97 -7.7903 -2.32466 -30.3713 -7.91093 -1.53418 -29.7348 -7.90781 -0.764347 
-29.0709 -7.8261 -0.0223445 -28.3719 -7.66258 0.673106 -27.6404 -7.43602 1.31492 
-26.8789 -7.15258 1.89662 -26.0926 -6.82772 2.42158 -25.2967 -6.46582 2.90643 
-24.5092 -6.06137 3.37084 -23.7475 -5.60016 3.82538 -23.0127 -5.08934 4.27044 
-22.3252 -4.51349 4.71178 -21.6863 -3.8663 5.12533 -21.2094 -3.30833 5.44323 
-20.7568 -2.72885 5.75813 -20.2108 -1.98586 6.14504 -19.6797 -1.22422 6.51612 
-19.1653 -0.435231 6.8513 -18.6828 0.386863 7.15241 -18.241 1.24444 7.41394 
-17.8339 2.13227 7.62681 -17.4613 3.04577 7.78737 -17.1294 3.9823 7.89463 
-16.8622 4.94467 7.93286 -16.6409 5.91927 7.91925 -16.4512 6.89856 7.85186 
-16.2841 7.87761 7.73811 -16.1448 8.85168 7.56289 -16.0228 9.81073 7.31032 
-15.9107 10.7426 6.96748 -15.7961 11.6281 6.52049 -15.6954 12.4564 5.97127 
-15.6224 13.2252 5.33754 -15.5863 13.9258 4.62598 -15.5849 14.5715 3.86307 
-15.6151 15.1671 3.06069 -15.6695 15.7239 2.23213 -15.7432 16.2482 1.3839 
-15.8223 16.7605 0.528721 -15.9126 17.282 -0.319576 -16.035 17.7829 -1.17599 
-16.2066 18.2041 -2.06449 -16.4054 18.4688 -3.00494 -16.6129 18.3722 -3.9578 
-16.7956 17.9694 -4.84955 -16.9318 17.4645 -5.70162 -17.035 16.9728 -6.56586 
-17.1132 16.5755 -7.47871 -17.2078 16.269 -8.42526 -17.357 16.021 -9.38212 
-17.5311 15.8165 -10.3447 -17.6137 15.7319 -11.3329 -17.5005 15.8099 -12.3142 
-17.1722 16.0505 -13.2257 -16.7911 16.3335 -14.1057 -16.4108 16.6577 -14.9716 
-16.0438 17.0253 -15.8258 -15.7058 17.4668 -16.6548 -29.1559 12.8319 -21.3062 
-29.2173 12.4205 -20.6233 -29.2556 11.9902 -19.7235 -29.2753 11.6766 -18.7753 
-29.3271 11.4431 -17.8048 -29.4037 11.2096 -16.8358 -29.4329 10.897 -15.8881 
-29.4035 10.4909 -14.9757 -29.3456 10.0095 -14.1022 -29.4022 9.40486 -13.3206 
-29.7167 8.67025 -12.7381 -30.1555 7.87688 -12.3202 -30.6343 7.06759 -11.981 
-31.1197 6.24398 -11.6883 -31.5877 5.4004 -11.4255 -32.0569 4.53913 -11.2325 
-32.5209 3.66461 -11.0933 -32.9724 2.77661 -11.0092 -33.3904 1.87375 -10.9163 
-33.7297 0.953045 -10.7309 -33.9797 0.028698 -10.4507 -34.1093 -0.880657 -10.0601 
-34.1414 -1.75893 -9.58614 -34.0694 -2.59116 -9.03837 -33.9195 -3.376 -8.43869 
-33.6972 -4.11208 -7.8006 -33.4202 -4.80021 -7.13081 -33.0887 -5.43033 -6.42921 
-32.7126 -6.00842 -5.70581 -32.2864 -6.53328 -4.96965 -31.8088 -6.99505 -4.22324 
-31.2742 -7.37236 -3.46788 -30.6938 -7.65398 -2.70571 -30.065 -7.8105 -1.94663 
-29.4008 -7.85972 -1.20158 -28.7025 -7.80316 -0.489255 -27.9698 -7.66989 0.176441 
-27.1987 -7.47527 0.781544 -26.3927 -7.24159 1.32431 -25.5556 -6.96639 1.79619 
-24.7062 -6.65309 2.21974 -23.8652 -6.28079 2.61152 -23.0399 -5.85526 2.98173 
-22.2415 -5.36498 3.32924 -21.5014 -4.78996 3.67519 -20.8467 -4.11757 4.01265 
-20.2921 -3.36583 4.36726 -19.852 -2.56444 4.76981 -19.4538 -1.75097 5.19366 
-19.0558 -0.936346 5.61539 -18.658 -0.10759 6.0084 -18.266 0.75213 6.33369 
-17.8895 1.64462 6.57992 -17.5401 2.56557 6.7484 -17.2339 3.51265 6.82987 
-16.9936 4.48176 6.80239 -16.8095 5.45777 6.69337 -16.6607 6.4272 6.50074 
-16.5217 7.38249 6.24189 -16.4122 8.3124 5.89417 -16.3221 9.2077 5.45931 
-16.2271 10.058 4.94366 -16.1231 10.8457 4.33889 -16.0332 11.5333 3.62035 
-15.9837 12.1336 2.8242 -15.9844 12.6463 1.96695 -16.0035 13.0832 1.06816 
-16.0164 13.4639 0.143822 -16.0455 13.834 -0.784334 -16.1508 14.2559 -1.68285 
-16.3607 14.7348 -2.534 -16.619 15.1514 -3.40141 -16.8605 15.3667 -4.34025 
-17.0571 15.294 -5.31541 -17.2406 15.1369 -6.28542 -17.4183 15.0511 -7.26473 
-17.6047 15.0416 -8.24674 -17.8356 15.0533 -9.21935 -18.0955 15.0209 -10.184 
-18.2758 14.9849 -11.162 -18.2115 15.0623 -12.1474 -17.8109 15.3002 -13.0264 
-17.3369 15.6122 -13.8492 -16.8774 15.9576 -14.6673 -16.4461 16.3363 -15.4858 
-16.0513 16.7735 -16.2936 -15.6964 17.2719 -17.0834 -29.4061 12.2061 -21.1784 
-29.4718 11.8231 -20.4796 -29.5007 11.434 -19.5613 -29.4988 11.1612 -18.6008 
-29.5178 10.972 -17.6194 -29.5612 10.7672 -16.6423 -29.5518 10.4634 -15.6919 
-29.4582 10.0466 -14.7887 -29.3471 9.42643 -13.7737 -29.4512 8.76298 -13.0478 
-29.8368 7.99079 -12.5526 -30.3059 7.19123 -12.1812 -30.8137 6.38399 -11.8809 
-31.3249 5.56812 -11.6114 -31.8213 4.72706 -11.3975 -32.318 3.87431 -11.2381 
-32.7941 3.00097 -11.1388 -33.2533 2.11576 -11.0669 -33.6498 1.21036 -10.9238 
-33.9746 0.296314 -10.6875 -34.186 -0.611995 -10.335 -34.2899 -1.49692 -9.88407 
-34.2904 -2.34344 -9.35438 -34.217 -3.15301 -8.77282 -34.0545 -3.91 -8.14143 
-33.8288 -4.62126 -7.47684 -33.5485 -5.28166 -6.78084 -33.22 -5.89248 -6.06106 
-32.8478 -6.44727 -5.31766 -32.4337 -6.95446 -4.56229 -31.9637 -7.38388 -3.79224 
-31.4464 -7.72655 -3.0094 -30.8865 -7.95735 -2.21503 -30.2913 -8.07477 -1.42235 
-29.6581 -8.07161 -0.649867 -28.9963 -7.97721 0.0928992 -28.3008 -7.80437 0.789298 
-27.5774 -7.57305 1.43866 -26.8231 -7.27901 2.02504 -26.0508 -6.94928 2.56762 
-25.2689 -6.58208 3.07093 -24.4964 -6.17101 3.55413 -23.7458 -5.71056 4.02759 
-23.0229 -5.20092 4.49329 -22.339 -4.63637 4.95457 -21.6938 -4.01588 5.39939 
-21.2129 -3.47244 5.73561 -20.636 -2.76458 6.14286 -20.0756 -2.03404 6.53288 
-19.5276 -1.28011 6.89484 -18.9965 -0.499653 7.22383 -18.505 0.319471 7.51835 
-18.0531 1.17109 7.78268 -17.6371 2.05151 8.00898 -17.2551 2.95648 8.19419 
-16.9203 3.88919 8.32462 -16.635 4.84383 8.40203 -16.4048 5.81641 8.41268 
-16.2035 6.7948 8.37283 -16.0272 7.77477 8.28305 -15.8778 8.75275 8.14008 
-15.7474 9.72241 7.93524 -15.628 10.6684 7.63796 -15.5149 11.5739 7.23226 
-15.4051 12.4313 6.73129 -15.3163 13.2316 6.13927 -15.2516 13.9824 5.4831 
-15.2141 14.6732 4.76177 -15.1951 15.3246 4.00354 -15.1927 15.9322 3.20958 
-15.2017 16.508 2.39229 -15.2196 17.0608 1.55912 -15.2458 17.6072 0.722042 
-15.2956 18.1485 -0.117143 -15.3848 18.6567 -0.973145 -15.5351 19.07 -1.86935 
-15.7465 19.3238 -2.80804 -16.0218 19.289 -3.75856 -16.3336 18.9292 -4.62652 
-16.6157 18.398 -5.42408 -16.8159 17.862 -6.24263 -16.9139 17.4018 -7.12385 
-16.9727 17.0042 -8.03907 -17.045 16.6468 -8.96993 -17.1625 16.3391 -9.91342 
-17.2734 16.1632 -10.8885 -17.2637 16.1558 -11.8821 -17.0475 16.3267 -12.8389 
-16.7336 16.5728 -13.7552 -16.391 16.8596 -14.6496 -16.0499 17.1844 -15.5317 
-15.7298 17.5869 -16.3875 -15.4428 18.0927 -17.1997 -31.7624 12.5636 -21.0674 
-31.6506 12.1413 -20.3988 -31.4562 11.7637 -19.4959 -31.2431 11.5183 -18.5522 
-31.0483 11.36 -17.5844 -30.869 11.1593 -16.622 -30.7158 10.8195 -15.6959 
-30.5879 10.374 -14.8112 -30.5203 9.83704 -13.9729 -30.5615 9.19475 -13.2132 
-30.8044 8.42189 -12.6377 -31.1771 7.60292 -12.2076 -31.571 6.75631 -11.8503 
-31.9538 5.89023 -11.5296 -32.3313 5.00469 -11.2596 -32.7124 4.10599 -11.0453 
-33.1144 3.20033 -10.9116 -33.4972 2.28561 -10.7838 -33.8133 1.35577 -10.6002 
-34.0476 0.420654 -10.3397 -34.1676 -0.499431 -9.97192 -34.1865 -1.39003 -9.52135 
-34.1093 -2.23876 -9.00077 -33.9446 -3.03492 -8.42029 -33.7049 -3.7796 -7.79855 
-33.413 -4.4781 -7.14572 -33.0698 -5.11828 -6.45922 -32.6843 -5.70918 -5.75098 
-32.2511 -6.24326 -5.02571 -31.7671 -6.71838 -4.29162 -31.2267 -7.11064 -3.54849 
-30.6451 -7.429 -2.80115 -30.01 -7.62198 -2.0549 -29.3381 -7.70986 -1.3214 
-28.6327 -7.6908 -0.614424 -27.8927 -7.58716 0.0490854 -27.1142 -7.41715 0.652057 
-26.3025 -7.20749 1.196 -25.4603 -6.95484 1.67143 -24.6021 -6.66072 2.09079 
-23.7486 -6.29906 2.46483 -22.9113 -5.88746 2.82413 -22.0951 -5.41421 3.15354 
-21.3221 -4.8666 3.47 -20.6341 -4.21743 3.7906 -19.9538 -3.32687 4.20871 
-19.518 -2.53162 4.62706 -19.1455 -1.72073 5.0783 -18.772 -0.904682 5.51923 
-18.3922 -0.0730109 5.92378 -18.0179 0.786976 6.26849 -17.6516 1.67949 6.52928 
-17.3099 2.60079 6.70952 -17.0126 3.55072 6.7936 -16.768 4.51934 6.79338 
-16.5943 5.4988 6.70053 -16.4538 6.47406 6.53236 -16.3225 7.43586 6.29416 
-16.2163 8.38248 5.99155 -16.1321 9.29171 5.58573 -16.043 10.1647 5.10749 
-15.9422 10.9799 4.54016 -15.8536 11.7158 3.8708 -15.8103 12.3655 3.11386 
-15.8255 12.9365 2.29422 -15.8849 13.4304 1.42772 -15.9552 13.8591 0.527301 
-16.0275 14.2611 -0.3853 -16.1418 14.6957 -1.27771 -16.3389 15.1661 -2.13749 
-16.564 15.5846 -3.01627 -16.7667 15.7776 -3.9672 -16.9315 15.7058 -4.94455 
-17.0781 15.4623 -5.9026 -17.2211 15.2279 -6.86311 -17.3737 15.1197 -7.84434 
-17.5544 15.0709 -8.82641 -17.7832 15.0171 -9.79813 -17.9907 14.9364 -10.7723 
-18.0147 14.9191 -11.7619 -17.7739 15.077 -12.7102 -17.3493 15.3676 -13.5667 
-16.9073 15.6981 -14.4005 -16.4881 16.0696 -15.2287 -16.0907 16.4848 -16.0467 
-15.7295 16.9633 -16.8457 -29.4178 11.7895 -21.1566 -29.5072 11.404 -20.4623 
-29.5358 11.049 -19.5308 -29.53 10.8262 -18.5574 -29.5539 10.6651 -17.571 
-29.5768 10.4489 -16.5959 -29.5032 10.1089 -15.6619 -29.3646 9.65817 -14.7812 
-29.227 9.10063 -13.9678 -29.2917 8.41124 -13.2693 -29.6614 7.62558 -12.7841 
-30.1508 6.82954 -12.4337 -30.6919 6.03855 -12.1497 -31.2719 5.25792 -11.9187 
-31.8388 4.45418 -11.7394 -32.381 3.62719 -11.5922 -32.8817 2.77003 -11.4742 
-33.3401 1.89068 -11.3497 -33.7347 0.994566 -11.1504 -34.0583 0.0968093 -10.8582 
-34.2639 -0.793628 -10.4577 -34.3618 -1.66137 -9.97352 -34.352 -2.49138 -9.41709 
-34.2729 -3.28578 -8.81639 -34.1075 -4.03236 -8.17366 -33.8751 -4.72996 -7.49656 
-33.5866 -5.37558 -6.79018 -33.2557 -5.97762 -6.06419 -32.8769 -6.52099 -5.31557 
-32.4501 -7.00653 -4.55348 -31.9709 -7.41866 -3.77956 -31.4477 -7.74514 -2.99393 
-30.8788 -7.94668 -2.1983 -30.2743 -8.03625 -1.40784 -29.6352 -8.01416 -0.640434 
-28.9676 -7.91105 0.095707 -28.2646 -7.73058 0.782557 -27.5318 -7.49013 1.41818 
-26.7696 -7.19539 1.99336 -25.9855 -6.86132 2.516 -25.195 -6.48888 3.00176 
-24.416 -6.07318 3.47049 -23.6635 -5.60215 3.93042 -22.9388 -5.08364 4.38309 
-22.2608 -4.49984 4.8284 -21.6207 -3.85895 5.25098 -21.1451 -3.30329 5.57456 
-20.5765 -2.58333 5.97232 -20.0245 -1.84597 6.36156 -19.4887 -1.08378 6.7245 
-18.9685 -0.296928 7.05583 -18.4862 0.527033 7.35158 -18.0436 1.38424 7.61402 
-17.6367 2.27164 7.82913 -17.2621 3.18288 7.99778 -16.936 4.12112 8.10801 
-16.666 5.08172 8.16228 -16.4468 6.05699 8.15648 -16.2556 7.03687 8.1034 
-16.0921 8.01806 8.00307 -15.9513 8.99704 7.85754 -15.8276 9.95908 7.61785 
-15.7116 10.8943 7.28632 -15.5966 11.7822 6.84335 -15.4944 12.6168 6.3047 
-15.4187 13.3902 5.67675 -15.3708 14.1054 4.98048 -15.3511 14.7662 4.23069 
-15.352 15.3863 3.44656 -15.37 15.9695 2.63456 -15.3998 16.5258 1.8042 
-15.4384 17.0666 0.963986 -15.4888 17.6071 0.124149 -15.5685 18.133 -0.722395 
-15.7042 18.589 -1.59942 -15.9091 18.894 -2.52628 -16.1426 19.0156 -3.48099 
-16.4125 18.7171 -4.38401 -16.6526 18.2117 -5.21125 -16.8195 17.6766 -6.03865 
-16.9206 17.1989 -6.91015 -16.9824 16.7935 -7.82163 -17.0592 16.443 -8.75462 
-17.1846 16.1439 -9.69993 -17.3272 15.9298 -10.6641 -17.3542 15.9039 -11.6573 
-17.1796 16.0518 -12.624 -16.8665 16.2998 -13.54 -16.5149 16.5854 -14.4313 
-16.1627 16.9147 -15.3073 -15.8186 17.2876 -16.1686 -15.513 17.777 -16.9832 
-31.0771 12.4276 -21.2976 -31.0555 12.1118 -20.7882 -30.9519 11.6925 -19.8899 
-30.799 11.412 -18.9445 -30.6609 11.2484 -17.9683 -30.5483 11.0847 -16.9886 
-30.4371 10.7957 -16.0394 -30.323 10.3945 -15.1322 -30.2353 9.88212 -14.2798 
-30.2374 9.26742 -13.4955 -30.4517 8.51188 -12.8882 -30.8272 7.70364 -12.4431 
-31.2709 6.87609 -12.1003 -31.7099 6.0308 -11.7965 -32.1417 5.16516 -11.5441 
-32.566 4.28513 -11.3316 -32.9972 3.39508 -11.186 -33.4185 2.49657 -11.064 
-33.7989 1.58653 -10.903 -34.1112 0.669209 -10.6625 -34.31 -0.241735 -10.3085 
-34.4003 -1.12823 -9.85838 -34.3892 -1.98026 -9.33713 -34.2955 -2.79122 -8.7611 
-34.1143 -3.55184 -8.13912 -33.8706 -4.26514 -7.48295 -33.5715 -4.92623 -6.7958 
-33.2271 -5.53794 -6.08412 -32.8408 -6.09339 -5.34838 -32.4093 -6.59499 -4.59918 
-31.9336 -7.03432 -3.838 -31.4145 -7.39414 -3.06395 -30.8487 -7.64702 -2.28055 
-30.2458 -7.78691 -1.49742 -29.6076 -7.80855 -0.729068 -28.939 -7.73376 0.009514 
-28.2347 -7.57537 0.700307 -27.5015 -7.35824 1.34369 -26.7358 -7.07929 1.92261 
-25.9486 -6.76517 2.45238 -25.1491 -6.40632 2.93363 -24.357 -6.00672 3.39446 
-23.5898 -5.55336 3.84742 -22.8465 -5.05245 4.29039 -22.1596 -4.47409 4.72886 
-21.5154 -3.83423 5.14613 -21.0427 -3.27217 5.46288 -20.59 -2.69223 5.77697 
-20.0455 -1.94933 6.16626 -19.5168 -1.18663 6.53838 -19.0011 -0.401441 6.88081 
-18.5147 0.415104 7.19046 -18.0768 1.27327 7.45729 -17.6672 2.15689 7.68273 
-17.293 3.0679 7.85318 -16.9606 4.00341 7.96828 -16.6838 4.96172 8.02718 
-16.462 5.93638 8.02857 -16.2733 6.91696 7.97875 -16.1083 7.89851 7.88527 
-15.9711 8.87691 7.73275 -15.8487 9.84241 7.50655 -15.7362 10.7744 7.16543 
-15.6234 11.6665 6.73064 -15.524 12.4975 6.18539 -15.4473 13.2743 5.56165 
-15.4026 13.983 4.85836 -15.3844 14.6435 4.10834 -15.3918 15.2575 3.31936 
-15.4188 15.8341 2.50305 -15.4614 16.3824 1.66794 -15.5114 16.9177 0.824737 
-15.5764 17.4567 -0.0149357 -15.6702 17.9799 -0.861753 -15.825 18.4227 -1.74249 
-16.0368 18.7253 -2.66881 -16.2711 18.7879 -3.6236 -16.5169 18.458 -4.52165 
-16.7167 17.9409 -5.35292 -16.8578 17.4188 -6.19331 -16.9385 16.9626 -7.07863 
-17.001 16.5744 -7.99752 -17.0942 16.2429 -8.93594 -17.2328 15.9647 -9.88575 
-17.3611 15.8114 -10.8626 -17.3601 15.82 -11.8562 -17.1375 16.0075 -12.8077 
-16.8122 16.267 -13.7164 -16.4546 16.567 -14.6006 -16.1007 16.9049 -15.4724 
-15.7597 17.3047 -16.3222 -15.455 17.8083 -17.1287 -28.7761 12.177 -20.9564 
-28.8724 11.7119 -20.0775 -28.9301 11.357 -19.1461 -28.9897 11.1055 -18.181 
-29.076 10.8875 -17.2089 -29.1378 10.6161 -16.2497 -29.0839 10.2403 -15.3268 
-28.9438 9.79315 -14.4447 -28.8911 9.22529 -13.6393 -29.1642 8.50896 -13.0197 
-29.6041 7.72636 -12.5847 -30.1063 6.92874 -12.2526 -30.6426 6.13178 -11.9754 
-31.1936 5.33233 -11.7369 -31.7328 4.51122 -11.551 -32.2611 3.6741 -11.4113 
-32.7551 2.81069 -11.3118 -33.2097 1.92593 -11.214 -33.6034 1.02443 -11.0411 
-33.9198 0.118305 -10.768 -34.1001 -0.782376 -10.3768 -34.1847 -1.65874 -9.90627 
-34.1583 -2.49481 -9.35947 -34.0642 -3.29246 -8.76536 -33.8787 -4.03627 -8.12462 
-33.6388 -4.73889 -7.45537 -33.34 -5.38556 -6.75424 -32.9995 -5.98697 -6.0322 
-32.6091 -6.53112 -5.29022 -32.169 -7.02004 -4.53796 -31.6668 -7.42355 -3.77394 
-31.122 -7.74399 -3.00076 -30.5272 -7.93306 -2.22073 -29.8944 -8.00758 -1.45196 
-29.2339 -7.98487 -0.701834 -28.5491 -7.89051 0.019337 -27.8264 -7.7126 0.685979 
-27.073 -7.48339 1.30156 -26.2856 -7.19993 1.8479 -25.4768 -6.88921 2.34672 
-24.6657 -6.53154 2.80872 -23.8587 -6.13519 3.24632 -23.0802 -5.67985 3.67726 
-22.3272 -5.16967 4.09169 -21.6311 -4.57854 4.49665 -20.9997 -3.90663 4.88086 
-20.4289 -3.17572 5.25424 -19.9042 -2.41611 5.63781 -19.4047 -1.64508 6.03269 
-18.9165 -0.860674 6.41502 -18.4473 -0.0469333 6.75712 -18.0093 0.795475 7.06995 
-17.6082 1.67384 7.32845 -17.2316 2.57809 7.52684 -16.8917 3.50838 7.66083 
-16.6012 4.46134 7.73922 -16.3761 5.43495 7.75259 -16.1887 6.41627 7.71393 
-16.0243 7.39869 7.62809 -15.8871 8.38005 7.49675 -15.7783 9.34945 7.28007 
-15.6842 10.2955 6.97346 -15.5886 11.1926 6.54485 -15.4841 12.1893 5.88922 
-15.418 12.9517 5.24681 -15.3789 13.6485 4.53193 -15.3735 14.2913 3.76648 
-15.4 14.8873 2.9642 -15.4531 15.4495 2.13915 -15.5325 15.9793 1.29483 
-15.6252 16.5017 0.447269 -15.7322 17.0399 -0.38864 -15.8716 17.5641 -1.22819 
-16.0616 17.9982 -2.1069 -16.2682 18.2782 -3.04043 -16.4723 18.1887 -3.99587 
-16.6467 17.7845 -4.88791 -16.7766 17.2761 -5.73895 -16.8729 16.7852 -6.60421 
-16.9413 16.375 -7.5129 -17.016 16.0272 -8.44724 -17.1369 15.7367 -9.39541 
-17.2918 15.531 -10.3604 -17.3716 15.4889 -11.3517 -17.2766 15.6055 -12.333 
-16.9848 15.8551 -13.2549 -16.6355 16.144 -14.146 -16.2754 16.4728 -15.0188 
-15.9225 16.8391 -15.8795 -15.587 17.2856 -16.7074 -29.358 12.8512 -21.3162 
-29.4014 12.5344 -20.8087 -29.4334 12.0859 -19.9178 -29.4342 11.7497 -18.9773 
-29.459 11.5089 -18.0076 -29.5219 11.2889 -17.0342 -29.5604 11.0026 -16.0784 
-29.5433 10.6205 -15.1558 -29.4934 10.1478 -14.2768 -29.5026 9.57903 -13.4604 
-29.7671 8.86054 -12.8357 -30.183 8.07008 -12.3911 -30.6512 7.25974 -12.0399 
-31.1325 6.43815 -11.7349 -31.5884 5.59154 -11.4611 -32.0437 4.72846 -11.2449 
-32.4958 3.85037 -11.0903 -32.9426 2.96157 -10.9916 -33.3616 2.05903 -10.9002 
-33.7122 1.13881 -10.7339 -33.9671 0.212095 -10.4657 -34.1185 -0.704388 -10.1 
-34.1526 -1.58624 -9.63304 -34.0955 -2.42915 -9.10067 -33.9555 -3.2223 -8.50987 
-33.6906 -4.11033 -7.74932 -33.4079 -4.79613 -7.0795 -33.0715 -5.42375 -6.37795 
-32.6909 -5.9993 -5.65483 -32.2605 -6.52107 -4.91894 -31.7788 -6.97929 -4.17301 
-31.2405 -7.35186 -3.41794 -30.6567 -7.62831 -2.65654 -30.0243 -7.77943 -1.89933 
-29.3572 -7.82421 -1.15661 -28.6557 -7.76452 -0.447589 -27.9193 -7.62877 0.213398 
-27.1446 -7.4333 0.813655 -26.3354 -7.19911 1.35161 -25.503 -6.93231 1.83658 
-24.6549 -6.62883 2.26972 -23.8152 -6.2571 2.66497 -22.987 -5.84261 3.04164 
-22.1874 -5.35655 3.39238 -21.4302 -4.8014 3.73371 -20.7542 -4.14387 4.06318 
-20.1759 -3.40787 4.4091 -19.7101 -2.61736 4.80381 -19.3056 -1.80961 5.2325 
-18.9043 -1.00095 5.66264 -18.5056 -0.180221 6.07137 -18.1105 0.670185 6.41664 
-17.7308 1.55482 6.68486 -17.3758 2.46902 6.8759 -17.0543 3.40884 6.98532 
-16.7837 4.37065 7.00358 -16.5746 5.34589 6.9473 -16.4173 6.32196 6.79986 
-16.2693 7.29045 6.60087 -16.1555 8.24896 6.34181 -16.0659 9.18416 6.00209 
-15.9838 10.0729 5.55261 -15.8918 10.9169 5.02591 -15.8095 11.684 4.39267 
-15.7556 12.3783 3.67673 -15.7651 12.9895 2.88621 -15.8253 13.5352 2.05153 
-15.9231 14.0061 1.17526 -16.0225 14.4362 0.278103 -16.1295 14.8742 -0.61413 
-16.285 15.3423 -1.48364 -16.4875 15.7855 -2.35599 -16.6865 16.12 -3.27286 
-16.8437 16.1508 -4.25176 -16.9746 15.9484 -5.21832 -17.0999 15.6278 -6.15692 
-17.2295 15.3725 -7.1136 -17.3762 15.2404 -8.09291 -17.5625 15.1662 -9.07223 
-17.7857 15.0875 -10.0437 -17.9544 15.0017 -11.0243 -17.8957 15.0374 -12.0107 
-17.588 15.2477 -12.9305 -17.1664 15.5507 -13.7845 -16.7407 15.8869 -14.6243 
-16.3345 16.2663 -15.4553 -15.95 16.6868 -16.277 -15.6079 17.193 -17.0672 
-29.9282 12.2941 -21.2249 -29.9743 11.9047 -20.529 -29.9523 11.5283 -19.605 
-29.9018 11.278 -18.64 -29.892 11.1055 -17.6556 -29.9053 10.9082 -16.6758 
-29.8723 10.5899 -15.7308 -29.7923 10.1669 -14.8296 -29.7235 9.62705 -13.9926 
-29.7971 8.97017 -13.2572 -30.1334 8.187 -12.7425 -30.5722 7.3797 -12.3504 
-31.0649 6.56665 -12.0415 -31.5509 5.73638 -11.7694 -32.0322 4.8884 -11.549 
-32.5047 4.02501 -11.3733 -32.9637 3.14554 -11.2491 -33.4032 2.25437 -11.1383 
-33.7846 1.34798 -10.9618 -34.0942 0.435227 -10.7002 -34.2852 -0.469854 -10.3257 
-34.3799 -1.35093 -9.86596 -34.3692 -2.1949 -9.33251 -34.2726 -2.99584 -8.74335 
-34.0946 -3.75034 -8.11274 -33.8519 -4.45588 -7.44783 -33.5562 -5.11086 -6.75326 
-33.2161 -5.71792 -6.0357 -32.8293 -6.2622 -5.2918 -32.4003 -6.7599 -4.53862 
-31.9154 -7.17448 -3.76961 -31.3878 -7.50883 -2.9902 -30.8112 -7.72061 -2.20286 
-30.201 -7.82897 -1.41914 -29.5553 -7.81849 -0.656811 -28.881 -7.72736 0.0743617 
-28.1691 -7.55411 0.753863 -27.4266 -7.32217 1.38139 -26.652 -7.03387 1.94337 
-25.8554 -6.71198 2.45426 -25.0519 -6.34687 2.92396 -24.2598 -5.93737 3.37586 
-23.4962 -5.46817 3.8189 -22.7662 -4.94301 4.25465 -22.0869 -4.34604 4.67961 
-21.4638 -3.67199 5.07437 -21.113 -3.24343 5.30505 -20.6709 -2.65274 5.61423 
-20.1367 -1.90068 5.99998 -19.6203 -1.1288 6.37057 -19.1157 -0.33678 6.71369 
-18.6468 0.493489 7.01372 -18.2148 1.35655 7.27378 -17.8174 2.25141 7.47519 
-17.4501 3.16831 7.62765 -17.1334 4.11255 7.71097 -16.8742 5.07737 7.73065 
-16.6642 6.05374 7.68778 -16.4763 7.03146 7.59668 -16.316 8.00754 7.45208 
-16.1827 8.97649 7.24742 -16.0734 9.91735 6.93107 -15.9649 10.8198 6.51548 
-15.8589 11.6714 6.00564 -15.7775 12.4563 5.39304 -15.7368 13.165 4.69026 
-15.7379 13.8171 3.93339 -15.7944 14.3979 3.12188 -15.8918 14.9284 2.28057 
-16.0213 15.4064 1.41189 -16.1405 15.8685 0.533131 -16.2584 16.3446 -0.338266 
-16.3966 16.8202 -1.20684 -16.5598 17.2221 -2.10664 -16.7202 17.4826 -3.053 
-16.8568 17.4334 -4.03359 -16.9706 17.1077 -4.96586 -17.0725 16.6662 -5.85718 
-17.174 16.2598 -6.76399 -17.2842 15.9605 -7.71079 -17.4305 15.766 -8.67955 
-17.6283 15.6208 -9.64885 -17.8197 15.4859 -10.6203 -17.8628 15.4346 -11.6109 
-17.6506 15.5678 -12.5673 -17.2628 15.8368 -13.4478 -16.8425 16.147 -14.3003 
-16.4405 16.4965 -15.1465 -16.059 16.8905 -15.9823 -15.7116 17.3535 -16.796 
-29.6814 13.0679 -21.23 -29.7015 12.7484 -20.7227 -29.697 12.2978 -19.8322 
-29.6688 11.9597 -18.8931 -29.6786 11.7209 -17.9226 -29.7289 11.4967 -16.9496 
-29.7623 11.1943 -15.9983 -29.7544 10.8015 -15.0796 -29.7351 10.3255 -14.2015 
-29.7882 9.74489 -13.3932 -30.0527 9.01619 -12.7765 -30.4426 8.22239 -12.313 
-30.8938 7.40526 -11.9557 -31.3344 6.56836 -11.6314 -31.7489 5.70774 -11.3365 
-32.1604 4.82854 -11.098 -32.5741 3.9347 -10.9265 -32.9878 3.03258 -10.8064 
-33.3714 2.11577 -10.7016 -33.6847 1.18184 -10.5364 -33.9017 0.242645 -10.2777 
-34.0138 -0.682773 -9.92028 -34.0304 -1.57842 -9.48036 -33.9606 -2.4367 -8.97319 
-33.8084 -3.23767 -8.39635 -33.5872 -3.99249 -7.77979 -33.3011 -4.68887 -7.12252 
-32.9781 -5.34324 -6.4392 -32.6047 -5.93856 -5.72832 -32.1862 -6.48279 -5.00198 
-31.7141 -6.96461 -4.26476 -31.1872 -7.36685 -3.51758 -30.6065 -7.66921 -2.76328 
-29.979 -7.8541 -2.00881 -29.311 -7.91595 -1.26897 -28.6161 -7.88833 -0.551742 
-27.8826 -7.76205 0.115024 -27.1151 -7.57728 0.727673 -26.3098 -7.34675 1.2728 
-25.4762 -7.07621 1.753 -24.626 -6.7674 2.17832 -23.7794 -6.4051 2.56727 
-22.9471 -5.98483 2.92813 -22.1311 -5.51568 3.26449 -21.3586 -4.966 3.57895 
-20.6496 -4.33605 3.892 -20.0447 -3.61113 4.21348 -19.5524 -2.83324 4.60006 
-19.1575 -2.03255 5.05032 -18.7725 -1.2252 5.49744 -18.3812 -0.40773 5.91969 
-17.9987 0.434501 6.29864 -17.6258 1.31524 6.58858 -17.2713 2.22277 6.81053 
-16.9555 3.16289 6.93049 -16.6879 4.12484 6.96757 -16.487 5.10258 6.92619 
-16.3338 6.08298 6.80787 -16.1946 7.05561 6.62321 -16.0782 8.02123 6.3923 
-15.9933 8.9649 6.07578 -15.9181 9.87035 5.66042 -15.8356 10.7268 5.15265 
-15.7543 11.522 4.55468 -15.6982 12.2322 3.85446 -15.6908 12.8705 3.08629 
-15.743 13.4377 2.26544 -15.8589 14.0274 1.22773 -15.964 14.4672 0.335934 
-16.0759 14.9095 -0.553614 -16.2317 15.3797 -1.42189 -16.436 15.8389 -2.2862 
-16.6382 16.1978 -3.19279 -16.7959 16.2454 -4.17013 -16.9234 16.0304 -5.13295 
-17.0409 15.6962 -6.06778 -17.1597 15.4058 -7.01612 -17.2933 15.2428 -7.99235 
-17.4607 15.1438 -8.97292 -17.6755 15.0506 -9.94495 -17.8696 14.9593 -10.9209 
-17.8349 14.9957 -11.9098 -17.5672 15.1938 -12.8452 -17.1608 15.4918 -13.7081 
-16.7421 15.8242 -14.553 -16.3391 16.1995 -15.3875 -15.9551 16.6143 -16.2122 
-15.6109 17.1128 -17.0064 -28.8551 12.406 -21.0165 -28.9279 12.0204 -20.32 
-28.9817 11.6361 -19.3994 -29.0337 11.3507 -18.4436 -29.1171 11.1282 -17.4725 
-29.1934 10.8757 -16.5085 -29.189 10.5247 -15.5736 -29.1045 10.1017 -14.6729 
-29.0218 9.56783 -13.8373 -29.1772 8.89741 -13.132 -29.5803 8.13086 -12.6396 
-30.0567 7.33404 -12.2709 -30.5736 6.53041 -11.9762 -31.0979 5.72077 -11.713 
-31.6127 4.89079 -11.4997 -32.1266 4.0473 -11.346 -32.6178 3.18323 -11.2383 
-33.0829 2.30172 -11.1593 -33.4904 1.39962 -11.024 -33.8254 0.488014 -10.7926 
-34.0377 -0.422834 -10.4451 -34.1434 -1.31312 -10.0063 -34.1442 -2.16726 -9.48889 
-34.0668 -2.98303 -8.91735 -33.8968 -3.7446 -8.29298 -33.6657 -4.46156 -7.63618 
-33.3803 -5.12846 -6.94873 -33.0495 -5.74735 -6.23704 -32.6669 -6.30541 -5.50112 
-32.2373 -6.81487 -4.75636 -31.7486 -7.24732 -3.99958 -31.215 -7.60594 -3.23496 
-30.6358 -7.85763 -2.46164 -30.0201 -8.00335 -1.6883 -29.3665 -8.02182 -0.933303 
-28.6856 -7.95009 -0.205837 -27.9715 -7.79448 0.475693 -27.2211 -7.57651 1.09864 
-26.4379 -7.3093 1.65886 -25.6285 -7.00938 2.16312 -24.8115 -6.66786 2.62731 
-23.9979 -6.2835 3.06298 -23.2052 -5.84549 3.48605 -22.4382 -5.35019 3.8926 
-21.7112 -4.78622 4.28203 -21.0494 -4.1396 4.65847 -20.5732 -3.56867 4.95294 
-20.1372 -2.96668 5.24803 -19.6381 -2.19362 5.63922 -19.1566 -1.41682 6.04492 
-18.6866 -0.622109 6.42809 -18.2334 0.201618 6.76799 -17.8198 1.06148 7.06596 
-17.4313 1.95008 7.30812 -17.0721 2.86654 7.48056 -16.7533 3.80735 7.58992 
-16.4919 4.77054 7.64064 -16.2864 5.74855 7.6308 -16.1117 6.73096 7.56724 
-15.9558 7.71306 7.46414 -15.8373 8.69167 7.29928 -15.7401 9.65372 7.04813 
-15.654 10.5783 6.68118 -15.5623 11.4555 6.21247 -15.4847 12.2639 5.63079 
-15.4267 13.0062 4.96472 -15.4009 13.6814 4.22847 -15.4078 14.3096 3.45101 
-15.451 14.8913 2.6391 -15.5257 15.438 1.80537 -15.625 15.952 0.953378 
-15.7365 16.469 0.104822 -15.869 17.0047 -0.72899 -16.0394 17.5122 -1.57255 
-16.2388 17.91 -2.46575 -16.434 18.1125 -3.41413 -16.6059 17.8503 -4.35171 
-16.7453 17.3973 -5.23045 -16.8494 16.9036 -6.09364 -16.9279 16.4543 -6.98286 
-17.0014 16.0852 -7.90877 -17.1012 15.7757 -8.85386 -17.2531 15.5429 -9.81372 
-17.3982 15.4081 -10.7913 -17.4118 15.4359 -11.7841 -17.2133 15.6242 -12.7396 
-16.8814 15.8969 -13.6421 -16.5153 16.2029 -14.5208 -16.1516 16.554 -15.3833 
-15.7978 16.9473 -16.2317 -15.4746 17.4422 -17.0367 -28.5628 12.1146 -20.9781 
-28.6511 11.733 -20.2808 -28.7261 11.3522 -19.3612 -28.7887 11.0725 -18.404 
-28.8792 10.8481 -17.4339 -28.9601 10.5845 -16.4734 -28.9302 10.2269 -15.5422 
-28.7975 9.80148 -14.6489 -28.7267 9.26605 -13.8165 -28.958 8.57788 -13.1544 
-29.3886 7.79954 -12.7036 -29.884 7.00455 -12.356 -30.4243 6.21124 -12.0761 
-30.9884 5.42245 -11.8328 -31.5496 4.61703 -11.6431 -32.0983 3.79421 -11.4976 
-32.6079 2.94101 -11.3892 -33.0813 2.06563 -11.294 -33.4932 1.16942 -11.1372 
-33.8316 0.266522 -10.8777 -34.045 -0.634432 -10.5062 -34.1496 -1.51495 -10.0475 
-34.1477 -2.35796 -9.51113 -34.0712 -3.16197 -8.92343 -33.9032 -3.91714 -8.29073 
-33.6756 -4.62832 -7.62647 -33.3901 -5.28546 -6.92955 -33.062 -5.89892 -6.21197 
-32.6806 -6.45219 -5.47179 -32.2506 -6.95286 -4.72151 -31.7598 -7.37526 -3.9602 
-31.2268 -7.72447 -3.19086 -30.6419 -7.94329 -2.41161 -30.0159 -8.04333 -1.64023 
-29.3568 -8.03518 -0.889397 -28.6695 -7.94024 -0.170281 -27.9433 -7.76345 0.492821 
-27.1855 -7.53747 1.10381 -26.3917 -7.26143 1.64517 -25.5745 -6.95836 2.13441 
-24.7525 -6.61072 2.58492 -23.9361 -6.22051 3.00998 -23.1453 -5.76827 3.42174 
-22.3787 -5.26279 3.81662 -21.6687 -4.67372 4.20011 -21.0249 -4.00651 4.5698 
-20.5709 -3.4162 4.86166 -20.0716 -2.63945 5.24425 -19.5996 -1.85317 5.64288 
-19.1396 -1.06128 6.04431 -18.6854 -0.25034 6.41261 -18.2563 0.595756 6.72753 
-17.8599 1.4755 6.98758 -17.4891 2.38411 7.17793 -17.1514 3.31652 7.29981 
-16.8709 4.27476 7.34018 -16.6469 5.24833 7.31725 -16.4625 6.22613 7.22342 
-16.291 7.19874 7.06823 -16.1642 8.16735 6.85682 -16.0637 9.12054 6.57536 
-15.9772 10.0303 6.1731 -15.8883 10.8897 5.67114 -15.803 11.6878 5.07705 
-15.7473 12.41 4.38929 -15.7464 13.0525 3.62441 -15.7979 13.6297 2.81052 
-15.9019 14.1362 1.95555 -16.0239 14.5878 1.07191 -16.137 15.0238 0.179099 
-16.2629 15.4827 -0.700089 -16.428 15.9543 -1.56611 -16.6118 16.3768 -2.45233 
-16.7786 16.6133 -3.40086 -16.9099 16.5639 -4.3826 -17.025 16.2501 -5.32341 
-17.1418 15.8841 -6.24645 -17.2681 15.6062 -7.19689 -17.4123 15.4529 -8.17299 
-17.6024 15.3621 -9.15024 -17.8295 15.2604 -10.1186 -17.9863 15.1616 -11.0993 
-17.9502 15.1653 -12.0901 -17.6082 15.3857 -12.9973 -17.1744 15.689 -13.845 
-16.7398 16.0216 -14.6817 -16.3307 16.3996 -15.5119 -15.948 16.8261 -16.3311 
-15.6062 17.3318 -17.1214 -29.0316 12.4779 -21.3878 -29.1044 12.1678 -20.8798 
-29.1691 11.7298 -19.9842 -29.2012 11.3892 -19.0465 -29.2397 11.1584 -18.0747 
-29.3083 10.947 -17.0998 -29.3427 10.6668 -16.1426 -29.2951 10.2899 -15.219 
-29.1727 9.82015 -14.346 -29.1331 9.23718 -13.5429 -29.4203 8.50405 -12.9457 
-29.8525 7.717 -12.5114 -30.3513 6.91508 -12.1845 -30.8787 6.11312 -11.9044 
-31.4052 5.29688 -11.6679 -31.9253 4.46345 -11.483 -32.4332 3.61234 -11.3515 
-32.9144 2.74109 -11.2576 -33.3547 1.85039 -11.151 -33.7392 0.946611 -10.9697 
-34.0238 0.0382894 -10.672 -34.1928 -0.861151 -10.2733 -34.2494 -1.72868 -9.78159 
-34.2202 -2.56372 -9.23409 -34.1065 -3.35062 -8.62901 -33.9168 -4.09187 -7.98667 
-33.6633 -4.78312 -7.31085 -33.3579 -5.42412 -6.60731 -33.0059 -6.01143 -5.87942 
-32.6085 -6.54655 -5.13449 -32.1568 -7.01722 -4.37762 -31.6537 -7.41232 -3.60971 
-31.1021 -7.70612 -2.83129 -30.5094 -7.88865 -2.0482 -29.8773 -7.94654 -1.27733 
-29.2173 -7.91135 -0.52768 -28.5207 -7.78061 0.1766 -27.7911 -7.58613 0.831161 
-27.0254 -7.33508 1.42229 -26.233 -7.04648 1.95861 -25.4191 -6.71971 2.4388 
-24.6067 -6.35255 2.89118 -23.8122 -5.9301 3.32667 -23.0401 -5.46152 3.75535 
-22.2977 -4.93663 4.16998 -21.6139 -4.33445 4.57942 -21.1119 -3.79387 4.88805 
-20.6557 -3.20999 5.1889 -20.1264 -2.45279 5.57122 -19.6248 -1.68139 5.96281 
-19.1339 -0.899306 6.34641 -18.6549 -0.0938263 6.69462 -18.2107 0.747265 7.00205 
-17.8006 1.61961 7.26622 -17.4189 2.52206 7.46341 -17.0705 3.44866 7.60115 
-16.7757 4.40083 7.67162 -16.5373 5.37129 7.68641 -16.346 6.35137 7.6378 
-16.173 7.3319 7.54753 -16.0337 8.31184 7.40657 -15.9174 9.2834 7.20458 
-15.8219 10.2228 6.87869 -15.7221 11.1229 6.45682 -15.6285 11.963 5.92517 
-15.5562 12.7392 5.30094 -15.5147 13.4448 4.59491 -15.5082 14.0959 3.83658 
-15.5426 14.6905 3.03373 -15.6074 15.2472 2.20586 -15.7043 15.7653 1.35617 
-15.8148 16.2657 0.497581 -15.9356 16.7857 -0.34785 -16.0856 17.3088 -1.18652 
-16.2665 17.7464 -2.06569 -16.4543 18.0635 -2.99286 -16.6305 17.9947 -3.95421 
-16.7788 17.6155 -4.86256 -16.8958 17.1288 -5.72798 -16.9851 16.6549 -6.60364 
-17.063 16.2624 -7.51882 -17.1573 15.9551 -8.46524 -17.3023 15.7146 -9.4243 
-17.4766 15.5332 -10.3914 -17.5549 15.48 -11.3821 -17.4398 15.5864 -12.3612 
-17.118 15.8379 -13.2724 -16.7437 16.1283 -14.1529 -16.3652 16.4616 -15.0161 
-16 16.838 -15.8673 -15.657 17.2843 -16.6923 -30.4972 12.0594 -21.3058 
-30.525 11.7613 -20.7861 -30.4953 11.363 -19.8731 -30.3995 11.1021 -18.9147 
-30.3182 10.9538 -17.9296 -30.2621 10.7945 -16.9446 -30.1855 10.5205 -15.9875 
-30.0751 10.1298 -15.0753 -29.9696 9.63904 -14.2119 -29.9662 9.02285 -13.431 
-30.172 8.27803 -12.8076 -30.5694 7.4769 -12.3719 -31.0487 6.6642 -12.0415 
-31.5323 5.83842 -11.7521 -32.002 4.98891 -11.5135 -32.4657 4.12389 -11.3228 
-32.9195 3.24324 -11.1897 -33.3596 2.35175 -11.0843 -33.7579 1.4465 -10.941 
-34.0943 0.534034 -10.7154 -34.3148 -0.373553 -10.3655 -34.4375 -1.26193 -9.92507 
-34.4548 -2.11224 -9.40192 -34.3957 -2.9285 -8.82837 -34.2442 -3.69224 -8.20256 
-34.0351 -4.41697 -7.54664 -33.761 -5.08258 -6.8533 -33.4393 -5.70064 -6.13667 
-33.0768 -6.26728 -5.3974 -32.6749 -6.78095 -4.63999 -32.2229 -7.22487 -3.86715 
-31.7271 -7.59202 -3.08109 -31.1838 -7.83969 -2.28053 -30.6087 -7.98482 -1.47672 
-29.9989 -8.01613 -0.686601 -29.3584 -7.95589 0.0782911 -28.683 -7.80885 0.799836 
-27.9753 -7.59236 1.47125 -27.2397 -7.31067 2.08662 -26.488 -6.9836 2.65867 
-25.7224 -6.61325 3.18413 -24.9612 -6.20154 3.68471 -24.2162 -5.74743 4.17294 
-23.4978 -5.24449 4.65275 -22.8126 -4.69215 5.12686 -22.1646 -4.08522 5.58605 
-21.5513 -3.43035 6.02697 -20.8509 -2.59544 6.52872 -20.2827 -1.87365 6.92372 
-19.726 -1.12701 7.28699 -19.1952 -0.342716 7.60684 -18.6984 0.477442 7.88961 
-18.2354 1.32608 8.14431 -17.8121 2.20499 8.36282 -17.4312 3.11135 8.54361 
-17.0986 4.04494 8.67343 -16.812 4.99941 8.74806 -16.5738 5.97015 8.75698 
-16.3614 6.94622 8.71605 -16.1736 7.92311 8.6172 -16.0079 8.89812 8.47093 
-15.8633 9.86406 8.25863 -15.7318 10.8128 7.9738 -15.6113 11.7259 7.58681 
-15.4976 12.5966 7.11066 -15.3996 13.4164 6.5479 -15.3272 14.1899 5.91911 
-15.2826 14.9057 5.22285 -15.2555 15.5785 4.48404 -15.2414 16.2082 3.70764 
-15.2374 16.8007 2.90232 -15.239 17.3607 2.07395 -15.2434 17.9018 1.23305 
-15.2631 18.4319 0.385491 -15.3145 18.9418 -0.472994 -15.4322 19.3696 -1.36694 
-15.6167 19.6734 -2.29825 -15.8866 19.7463 -3.25384 -16.2142 19.5373 -4.1624 
-16.5635 19.0682 -4.96952 -16.8787 18.5272 -5.74814 -17.0837 18.0281 -6.58658 
-17.1902 17.6199 -7.49177 -17.2805 17.2912 -8.43159 -17.4012 16.9901 -9.37737 
-17.5495 16.722 -10.3287 -17.6358 16.5448 -11.3048 -17.4965 16.5766 -12.2868 
-17.187 16.7578 -13.2163 -16.8072 17.0153 -14.1046 -16.4371 17.3106 -14.9852 
-16.0964 17.6638 -15.8559 -15.7934 18.0961 -16.7037 -29.3275 12.4291 -21.0936 
-29.39 11.9596 -20.2149 -29.4048 11.591 -19.2867 -29.4194 11.3459 -18.3182 
-29.4694 11.1453 -17.34 -29.5032 10.8816 -16.3775 -29.4786 10.5253 -15.4443 
-29.4055 10.0924 -14.5468 -29.3361 9.57574 -13.6973 -29.5126 8.89456 -13.0042 
-29.8969 8.12603 -12.5052 -30.3607 7.32481 -12.1295 -30.8569 6.51462 -11.8181 
-31.3489 5.68958 -11.5408 -31.8255 4.84133 -11.3113 -32.3029 3.97939 -11.1428 
-32.7663 3.10015 -11.0357 -33.2133 2.20871 -10.965 -33.6041 1.29873 -10.8384 
-33.9108 0.376859 -10.6086 -34.1215 -0.541363 -10.2796 -34.2178 -1.43346 -9.84148 
-34.2182 -2.28913 -9.32686 -34.1331 -3.10122 -8.751 -33.9682 -3.86474 -8.12821 
-33.7386 -4.57841 -7.46773 -33.4538 -5.24177 -6.77636 -33.1163 -5.84892 -6.05759 
-32.7396 -6.40672 -5.31877 -32.3133 -6.90787 -4.56637 -31.842 -7.3461 -3.802 
-31.3113 -7.6792 -3.02388 -30.7444 -7.91986 -2.23764 -30.1372 -8.03117 -1.4526 
-29.4982 -8.03738 -0.684803 -28.8276 -7.94418 0.050115 -28.1245 -7.77335 0.739254 
-27.3882 -7.53627 1.37173 -26.6255 -7.25014 1.95103 -25.8391 -6.92459 2.47562 
-25.0462 -6.56277 2.96548 -24.2638 -6.15226 3.43296 -23.5033 -5.69363 3.89217 
-22.7676 -5.18652 4.34024 -22.0786 -4.61751 4.78786 -21.4375 -3.98019 5.21357 
-20.9593 -3.42706 5.53766 -20.6175 -2.99487 5.77503 -20.0636 -2.26048 6.16699 
-19.5262 -1.50506 6.54161 -19.0023 -0.726026 6.88562 -18.5062 0.0820884 7.20216 
-18.0577 0.930768 7.48091 -17.6421 1.80757 7.72152 -17.2566 2.70901 7.91653 
-16.9073 3.63427 8.06079 -16.6181 4.58721 8.14291 -16.3835 5.55849 8.16837 
-16.1874 6.53828 8.13713 -16.0133 7.52023 8.0652 -15.8686 8.50146 7.94087 
-15.7434 9.47403 7.74823 -15.631 10.4216 7.45304 -15.5224 11.3354 7.06346 
-15.4176 12.1908 6.55867 -15.3314 12.9909 5.9666 -15.2713 13.7295 5.29643 
-15.2344 14.417 4.57188 -15.2244 15.0523 3.80004 -15.2306 15.653 3.00084 
-15.2526 16.2221 2.17894 -15.2856 16.772 1.34442 -15.3308 17.3198 0.509084 
-15.396 17.8658 -0.326057 -15.5019 18.3774 -1.17769 -15.671 18.7799 -2.0747 
-15.8884 19.0079 -3.01831 -16.1468 18.9569 -3.9685 -16.42 18.5072 -4.8136 
-16.6372 17.9629 -5.62296 -16.7772 17.4456 -6.46572 -16.854 16.9928 -7.35328 
-16.9097 16.6125 -8.27609 -16.9903 16.2668 -9.21078 -17.1172 15.9936 -10.1626 
-17.2177 15.8749 -11.1467 -17.1563 15.9521 -12.136 -16.9363 16.1511 -13.0879 
-16.6112 16.4218 -13.9936 -16.2702 16.7255 -14.8831 -15.9313 17.0771 -15.7555 
-15.6102 17.5075 -16.5972 -15.3767 17.9258 -17.2376 -29.4635 12.5503 -21.0179 
-29.5103 12.0727 -20.1417 -29.5144 11.6958 -19.2177 -29.5098 11.4378 -18.2525 
-29.5518 11.2302 -17.2754 -29.5995 10.9897 -16.3071 -29.591 10.6446 -15.3702 
-29.5392 10.2026 -14.4757 -29.5001 9.67525 -13.6307 -29.6891 8.99149 -12.941 
-30.0685 8.21959 -12.4422 -30.5241 7.41506 -12.0635 -31.0059 6.59939 -11.7437 
-31.4689 5.76113 -11.4564 -31.9195 4.90196 -11.2155 -32.3727 4.02781 -11.043 
-32.8176 3.14031 -10.9261 -33.2456 2.24034 -10.8467 -33.6127 1.32107 -10.715 
-33.8909 0.390953 -10.484 -34.0718 -0.534248 -10.1557 -34.1412 -1.42981 -9.72087 
-34.1143 -2.28848 -9.21119 -34.0115 -3.10336 -8.64194 -33.8314 -3.86784 -8.02456 
-33.578 -4.57457 -7.3652 -33.2783 -5.23566 -6.67797 -32.9298 -5.84202 -5.96366 
-32.5396 -6.39754 -5.23024 -32.0972 -6.89405 -4.48422 -31.6091 -7.3253 -3.72644 
-31.0623 -7.65342 -2.95721 -30.4743 -7.87497 -2.18164 -29.8466 -7.97608 -1.41135 
-29.1889 -7.96965 -0.659576 -28.4986 -7.86544 0.0553651 -27.7757 -7.69001 0.722466 
-27.0163 -7.45182 1.32684 -26.2271 -7.16961 1.87113 -25.4143 -6.85433 2.36052 
-24.6013 -6.49805 2.8206 -23.7952 -6.09707 3.25517 -23.0151 -5.64139 3.68299 
-22.2634 -5.1226 4.08925 -21.5647 -4.53117 4.48854 -21.0567 -3.99363 4.79206 
-20.7029 -3.56448 5.01682 -20.2645 -2.96514 5.31392 -19.7545 -2.19797 5.70249 
-19.2646 -1.42282 6.10124 -18.7831 -0.631943 6.4785 -18.3248 0.191989 6.81086 
-17.9017 1.04669 7.11041 -17.5097 1.93504 7.34791 -17.1419 2.84647 7.52963 
-16.8157 3.78412 7.64427 -16.5473 4.745 7.69946 -16.3377 5.72233 7.69304 
-16.1578 6.70407 7.63533 -15.9985 7.68599 7.53504 -15.8724 8.66475 7.37758 
-15.7703 9.62759 7.13156 -15.6809 10.5597 6.78386 -15.586 11.4373 6.31743 
-15.503 12.2543 5.74889 -15.4421 13.0026 5.08926 -15.4088 13.6906 4.36567 
-15.4138 14.3209 3.58992 -15.4473 14.9116 2.7839 -15.516 15.4605 1.95113 
-15.6058 15.9819 1.10267 -15.7096 16.5012 0.254495 -15.8298 17.0365 -0.581442 
-15.987 17.5502 -1.42418 -16.1808 17.985 -2.30237 -16.3812 18.2002 -3.24804 
-16.5743 18.0642 -4.20391 -16.7269 17.6102 -5.07974 -16.8461 17.1092 -5.9368 
-16.9303 16.6392 -6.81449 -17.0007 16.2465 -7.73091 -17.0898 15.9208 -8.67173 
-17.229 15.6628 -9.62683 -17.382 15.5006 -10.5993 -17.4394 15.4792 -11.5921 
-17.2699 15.6429 -12.5578 -16.9552 15.9014 -13.4699 -16.5904 16.2039 -14.3503 
-16.2247 16.5422 -15.2172 -15.8705 16.9293 -16.0682 -15.5396 17.3961 -16.8866 
-28.1996 12.3143 -20.0331 -28.292 11.9231 -19.1186 -28.4043 11.6112 -18.1756 
-28.55 11.3361 -17.2254 -28.6621 11.029 -16.2814 -28.7048 10.6614 -15.3533 
-28.6749 10.2269 -14.4538 -28.7129 9.7018 -13.6112 -29.0334 9.02086 -12.9725 
-29.4832 8.25815 -12.5112 -29.9687 7.46067 -12.1545 -30.4715 6.65161 -11.8509 
-30.9739 5.83049 -11.5806 -31.4754 4.99551 -11.3555 -31.9743 4.14402 -11.1969 
-32.465 3.27886 -11.0968 -32.9256 2.39336 -11.0378 -33.3414 1.49004 -10.9416 
-33.6684 0.570618 -10.7322 -33.8898 -0.348805 -10.4152 -33.9968 -1.24889 -9.99761 
-34.0117 -2.11843 -9.50632 -33.9464 -2.94992 -8.95596 -33.8028 -3.7296 -8.3488 
-33.5813 -4.45691 -7.70024 -33.31 -5.13937 -7.02207 -32.988 -5.76881 -6.31544 
-32.625 -6.35001 -5.58794 -32.2023 -6.87025 -4.84631 -31.7379 -7.33764 -4.09474 
-31.2077 -7.70395 -3.3317 -30.6367 -7.97956 -2.55962 -30.0183 -8.12104 -1.78824 
-29.3651 -8.15277 -1.03341 -28.6805 -8.07902 -0.309906 -27.9678 -7.92839 0.374554 
-27.2176 -7.71063 0.998036 -26.4354 -7.44627 1.56076 -25.625 -7.14436 2.06218 
-24.8043 -6.81132 2.52595 -23.9876 -6.42843 2.95736 -23.1835 -6.0012 3.36974 
-22.4067 -5.51362 3.76683 -21.6553 -4.9673 4.13596 -20.97 -4.33401 4.49225 
-20.3542 -3.62831 4.84009 -19.9149 -3.02459 5.12622 -19.426 -2.24819 5.52356 
-18.9583 -1.46888 5.9404 -18.5047 -0.673159 6.34076 -18.0676 0.1544 6.69222 
-17.6643 1.01656 6.99745 -17.2837 1.9063 7.24771 -16.9299 2.82366 7.42703 
-16.6182 3.76614 7.54088 -16.3654 4.7315 7.59405 -16.168 5.71122 7.58609 
-15.9992 6.69496 7.52679 -15.8506 7.67779 7.42116 -15.7378 8.65661 7.25371 
-15.6488 9.6188 7.00003 -15.5704 10.5433 6.6312 -15.4865 11.4186 6.15789 
-15.4154 12.2234 5.57028 -15.3607 12.9609 4.89874 -15.3359 13.6325 4.15908 
-15.3428 14.2593 3.38041 -15.3864 14.8415 2.56884 -15.4623 15.3897 1.73626 
-15.5635 15.9058 0.885726 -15.6784 16.4282 0.0409185 -15.8193 16.9686 -0.78839 
-15.9951 17.4827 -1.62723 -16.1995 17.8838 -2.51713 -16.3975 18.0729 -3.46631 
-16.5691 17.815 -4.40492 -16.7064 17.3477 -5.27724 -16.8082 16.853 -6.14007 
-16.8847 16.4053 -7.03026 -16.9555 16.0384 -7.9572 -17.0468 15.7198 -8.90044 
-17.1927 15.4807 -9.85949 -17.3359 15.3486 -10.838 -17.3297 15.406 -11.8294 
-17.0709 15.6589 -12.9663 -16.7374 15.9419 -13.865 -16.3779 16.2639 -14.7408 
-16.0226 16.6204 -15.6047 -15.6788 17.0377 -16.4447 -15.3626 17.5491 -17.2425 
-29.2644 12.9238 -21.2233 -29.3027 12.6117 -20.7125 -29.3332 12.166 -19.8197 
-29.3414 11.8359 -18.8773 -29.3857 11.5907 -17.9093 -29.4621 11.3596 -16.9395 
-29.5027 11.0529 -15.9902 -29.4965 10.6679 -15.0676 -29.4637 10.2023 -14.1842 
-29.4762 9.65071 -13.3573 -29.7347 8.947 -12.7097 -30.1515 8.16572 -12.2512 
-30.6135 7.35619 -11.8899 -31.0809 6.53146 -11.5719 -31.5253 5.68376 -11.2831 
-31.9598 4.81734 -11.0382 -32.3972 3.93522 -10.8656 -32.8226 3.03817 -10.749 
-33.2243 2.12625 -10.6685 -33.5574 1.19418 -10.5381 -33.7969 0.252429 -10.3098 
-33.9389 -0.679074 -9.97981 -33.9712 -1.57823 -9.54903 -33.9091 -2.43814 -9.04381 
-33.7654 -3.24172 -8.46837 -33.5513 -3.99952 -7.85299 -33.2716 -4.69957 -7.1969 
-32.9544 -5.35781 -6.51459 -32.5852 -5.95698 -5.80474 -32.1701 -6.50543 -5.07963 
-31.7019 -6.9949 -4.34495 -31.1795 -7.40999 -3.60146 -30.5996 -7.71949 -2.84944 
-29.972 -7.91133 -2.09685 -29.3018 -7.97797 -1.35965 -28.6033 -7.95175 -0.645743 
-27.8678 -7.83131 0.0197984 -27.0981 -7.65217 0.631481 -26.2885 -7.42676 1.17218 
-25.4512 -7.16112 1.64867 -24.5961 -6.85836 2.06868 -23.7412 -6.50418 2.44634 
-22.9012 -6.08515 2.7903 -22.0722 -5.62629 3.10919 -21.2822 -5.0863 3.39634 
-20.5523 -4.46702 3.68149 -19.9361 -3.74793 3.99252 -19.3607 -2.8173 4.47718 
-18.979 -2.02133 4.94623 -18.6005 -1.21441 5.39924 -18.2188 -0.394161 5.82485 
-17.8531 0.458135 6.19674 -17.4927 1.34209 6.49267 -17.1527 2.25815 6.70187 
-16.8461 3.20051 6.82672 -16.6022 4.16919 6.85198 -16.4205 5.15055 6.8074 
-16.284 6.13212 6.67826 -16.1532 7.10461 6.48685 -16.0462 8.06627 6.23701 
-15.9661 9.00524 5.90547 -15.8923 9.90072 5.46781 -15.8105 10.7569 4.95928 
-15.731 11.5416 4.34783 -15.676 12.2472 3.64298 -15.6795 12.8678 2.85985 
-15.7341 13.4253 2.03253 -15.8283 13.9056 1.16114 -15.9279 14.3424 0.267216 
-16.0342 14.7794 -0.625609 -16.192 15.2474 -1.49454 -16.3998 15.7039 -2.35892 
-16.6096 16.0571 -3.26647 -16.7743 16.1052 -4.24273 -16.9049 15.9069 -5.2095 
-17.0237 15.5818 -6.14744 -17.1418 15.3092 -7.10114 -17.2751 15.1524 -8.07877 
-17.4464 15.055 -9.05882 -17.6563 14.9678 -10.0325 -17.8194 14.8951 -11.0152 
-17.7788 14.9478 -12.0052 -17.5052 15.1584 -12.9356 -17.0996 15.4617 -13.7973 
-16.6853 15.799 -14.6425 -16.2859 16.1795 -15.4762 -15.9075 16.6049 -16.2978 
-15.569 17.1175 -17.0858 -28.6995 8.55605 -13.0876 -29.0669 7.93632 -12.7413 
-29.5632 7.14425 -12.3889 -30.1011 6.34989 -12.1073 -30.6594 5.55894 -11.8572 
-31.2314 4.76438 -11.655 -31.7874 3.94917 -11.4951 -32.3146 3.10681 -11.3856 
-32.7999 2.23751 -11.295 -33.2279 1.34358 -11.1701 -33.5869 0.438926 -10.9492 
-33.8264 -0.466606 -10.603 -33.9576 -1.35866 -10.1755 -33.9722 -2.2141 -9.6606 
-33.91 -3.03362 -9.09256 -33.7674 -3.80482 -8.47375 -33.5522 -4.52941 -7.81987 
-33.2801 -5.20355 -7.13426 -32.9588 -5.82926 -6.4241 -32.584 -6.39852 -5.69279 
-32.1628 -6.92111 -4.95247 -31.6766 -7.3665 -4.20142 -31.1411 -7.7385 -3.44459 
-30.55 -7.98494 -2.6785 -29.9164 -8.12051 -1.91888 -29.2439 -8.13966 -1.1804 
-28.5433 -8.0688 -0.471543 -27.804 -7.91117 0.181958 -27.0317 -7.70518 0.781605 
-26.216 -7.45213 1.30089 -25.3782 -7.1671 1.76571 -24.5237 -6.84705 2.17388 
-23.677 -6.47144 2.54956 -22.8433 -6.03931 2.89229 -22.0261 -5.55496 3.20305 
-21.2531 -4.99712 3.50225 -20.5396 -4.36483 3.79959 -19.9281 -3.64308 4.11397 
-19.3724 -2.7058 4.60974 -18.9904 -1.90558 5.07158 -18.6055 -1.09768 5.51763 
-18.2208 -0.276558 5.93888 -17.8497 0.577418 6.30101 -17.4851 1.4636 6.58505 
-17.144 2.38106 6.78496 -16.8387 3.32584 6.89513 -16.5954 4.29488 6.91264 
-16.4097 5.27532 6.86382 -16.271 6.25554 6.72568 -16.1381 7.22785 6.53487 
-16.0342 8.19074 6.28721 -15.955 9.12726 5.95033 -15.8816 10.0204 5.50812 
-15.7994 10.8705 4.98952 -15.7237 11.6436 4.36286 -15.6724 12.3442 3.65283 
-15.6818 12.9622 2.8676 -15.7416 13.5175 2.0391 -15.8409 13.9996 1.16916 
-15.9448 14.4394 0.277229 -16.057 14.8822 -0.612049 -16.2155 15.3528 -1.47958 
-16.4234 15.8079 -2.34474 -16.6278 16.1551 -3.25534 -16.7864 16.1901 -4.23315 
-16.9142 15.9823 -5.1987 -17.0312 15.6479 -6.13355 -17.1483 15.3645 -7.0842 
-17.2812 15.2005 -8.06061 -17.4519 15.0996 -9.04036 -17.6651 15.0073 -10.0129 
-17.8379 14.9257 -10.993 -17.7868 14.9816 -11.9801 -17.5103 15.1929 -12.911 
-17.1063 15.4941 -13.7741 -16.6922 15.8293 -14.6201 -16.293 16.2076 -15.455 
-15.9148 16.6306 -16.278 -15.5762 17.1407 -17.0675 -29.5133 12.2495 -21.2851 
-29.588 11.8547 -20.5942 -29.6128 11.4596 -19.6787 -29.5955 11.1952 -18.716 
-29.6096 11.0086 -17.7341 -29.647 10.8064 -16.7559 -29.6233 10.4927 -15.8093 
-29.5301 10.0795 -14.9048 -29.426 9.56389 -14.0572 -29.4814 8.9134 -13.3166 
-29.8183 8.1398 -12.7876 -30.271 7.33976 -12.3993 -30.7795 6.53549 -12.0932 
-31.3039 5.72639 -11.8286 -31.8177 4.8958 -11.6163 -32.3255 4.05009 -11.4529 
-32.8081 3.183 -11.3317 -33.2646 2.29946 -11.2292 -33.6675 1.39924 -11.0689 
-34.0022 0.492413 -10.8194 -34.2174 -0.411804 -10.4545 -34.3298 -1.29413 -10.0021 
-34.3365 -2.14144 -9.47355 -34.2646 -2.95206 -8.89397 -34.1074 -3.71363 -8.2665 
-33.882 -4.42746 -7.60437 -33.6007 -5.09057 -6.91159 -33.2747 -5.70843 -6.19662 
-32.8986 -6.26271 -5.45471 -32.4781 -6.76708 -4.70116 -32.0018 -7.19326 -3.93323 
-31.4803 -7.54011 -3.15487 -30.9124 -7.77371 -2.36716 -30.3088 -7.89734 -1.58097 
-29.6676 -7.89732 -0.814959 -28.9993 -7.8175 -0.0767443 -28.296 -7.65548 0.614599 
-27.5592 -7.43146 1.25133 -26.7912 -7.1524 1.82652 -25.9968 -6.83386 2.34309 
-25.194 -6.4774 2.82061 -24.3979 -6.07947 3.27576 -23.6305 -5.62122 3.72386 
-22.8918 -5.11034 4.16224 -22.1959 -4.53979 4.59723 -21.5471 -3.90168 5.00976 
-21.1854 -3.48492 5.24482 -20.7293 -2.90569 5.55523 -20.1852 -2.16218 5.94381 
-19.6627 -1.39944 6.3246 -19.1488 -0.619442 6.68119 -18.6598 0.191938 7.00049 
-18.2113 1.039 7.28425 -17.7981 1.91787 7.52108 -17.4137 2.82169 7.70726 
-17.0735 3.75342 7.82946 -16.784 4.70746 7.8961 -16.5538 5.6801 7.90285 
-16.3592 6.65964 7.85765 -16.1886 7.64035 7.76492 -16.0462 8.61906 7.62011 
-15.9254 9.58562 7.39841 -15.8167 10.5261 7.07994 -15.707 11.4187 6.64533 
-15.6059 12.2593 6.11547 -15.5322 13.0314 5.48546 -15.4844 13.7484 4.79136 
-15.4733 14.4029 4.03601 -15.4901 15.0128 3.24406 -15.5329 15.5811 2.42265 
-15.5961 16.1193 1.58231 -15.6704 16.6405 0.73213 -15.7535 17.1721 -0.110685 
-15.8697 17.6895 -0.958228 -16.0275 18.1584 -1.82626 -16.2354 18.456 -2.75463 
-16.4515 18.4861 -3.71201 -16.6554 18.1243 -4.61518 -16.8144 17.6194 -5.46268 
-16.9262 17.116 -6.31918 -17.0034 16.6644 -7.2072 -17.0792 16.3097 -8.13842 
-17.1944 16.014 -9.08619 -17.3543 15.7847 -10.0456 -17.4835 15.6572 -11.0266 
-17.4326 15.7083 -12.0158 -17.1805 15.9116 -12.9566 -16.8273 16.1872 -13.8503 
-16.4562 16.4988 -14.7248 -16.0941 16.8527 -15.5869 -15.7464 17.2623 -16.4292 
-15.5006 17.6731 -17.0695 -32.4872 11.9452 -21.0644 -32.3153 11.4791 -20.1997 
-32.0886 11.1507 -19.2851 -31.8073 10.9739 -18.3431 -31.5143 10.839 -17.3967 
-31.2257 10.6217 -16.4657 -30.9785 10.2609 -15.5698 -30.7976 9.75167 -14.7303 
-30.7141 9.1448 -13.9443 -30.8083 8.4004 -13.2897 -31.09 7.58983 -12.791 
-31.4785 6.74995 -12.4143 -31.9045 5.89911 -12.1094 -32.3605 5.0412 -11.873 
-32.8072 4.17049 -11.6688 -33.2539 3.28972 -11.5119 -33.6796 2.39954 -11.3502 
-34.0624 1.49993 -11.1423 -34.3909 0.600594 -10.8582 -34.6119 -0.289019 -10.4649 
-34.7332 -1.15893 -9.98959 -34.7577 -1.99612 -9.44504 -34.6997 -2.79734 -8.85105 
-34.546 -3.55132 -8.21389 -34.3244 -4.2606 -7.54562 -34.0452 -4.91846 -6.84712 
-33.7194 -5.52859 -6.12542 -33.3512 -6.08522 -5.38119 -32.9446 -6.58527 -4.6173 
-32.4939 -7.01774 -3.83715 -32.0042 -7.37311 -3.04233 -31.4725 -7.62032 -2.23363 
-30.9076 -7.76398 -1.4225 -30.3058 -7.79199 -0.625193 -29.6702 -7.73248 0.142969 
-28.9986 -7.59468 0.870007 -28.2968 -7.39112 1.55167 -27.5644 -7.10981 2.17061 
-26.8141 -6.77745 2.74147 -26.0481 -6.40113 3.262 -25.2857 -5.98354 3.75584 
-24.541 -5.5177 4.23352 -23.8213 -5.00717 4.70319 -23.1333 -4.44424 5.16044 
-22.479 -3.82793 5.59811 -21.8594 -3.16639 6.01958 -21.1518 -2.32784 6.50514 
-20.5781 -1.60556 6.89116 -20.0239 -0.85059 7.24078 -19.4953 -0.0622673 7.55463 
-19.0019 0.762888 7.82862 -18.5429 1.61851 8.06687 -18.126 2.50542 8.26366 
-17.7528 3.41948 8.42019 -17.4283 4.35903 8.52285 -17.1541 5.31925 8.56419 
-16.9207 6.29109 8.54858 -16.7111 7.26644 8.48277 -16.5227 8.24114 8.36534 
-16.3568 9.21181 8.19311 -16.2087 10.1696 7.94956 -16.0712 11.1045 7.62488 
-15.94 11.9973 7.19541 -15.8239 12.8446 6.67974 -15.7383 13.638 6.07857 
-15.6862 14.3745 5.40519 -15.6633 15.0549 4.67332 -15.6579 15.6973 3.90731 
-15.6685 16.2924 3.10406 -15.6845 16.8533 2.27648 -15.6972 17.3842 1.42919 
-15.7143 17.8993 0.572293 -15.7638 18.3897 -0.297274 -15.8812 18.8156 -1.19286 
-16.0907 19.0981 -2.12664 -16.3302 19.26 -3.08208 -16.6014 19.1144 -4.01943 
-16.8738 18.6868 -4.87565 -17.0919 18.1666 -5.70042 -17.2395 17.6992 -6.57034 
-17.3474 17.3409 -7.49629 -17.4596 17.0672 -8.45113 -17.616 16.8222 -9.40776 
-17.7948 16.5832 -10.3619 -17.8733 16.4185 -11.3399 -17.7328 16.4291 -12.3175 
-17.3585 16.6428 -13.2177 -16.9445 16.9099 -14.0877 -16.5465 17.2131 -14.9533 
-16.1844 17.5702 -15.8136 -15.8695 18.0097 -16.6525 -28.9447 12.1931 -21.0087 
-29.032 11.7367 -20.1243 -29.0812 11.3741 -19.1953 -29.1282 11.1317 -18.227 
-29.2022 10.922 -17.2522 -29.2464 10.6471 -16.2934 -29.2071 10.2832 -15.3644 
-29.072 9.82996 -14.4847 -28.9804 9.27382 -13.6642 -29.2311 8.55954 -13.0338 
-29.6592 7.77781 -12.5886 -30.1549 6.97919 -12.2498 -30.684 6.18002 -11.9652 
-31.2288 5.3771 -11.724 -31.761 4.55321 -11.5311 -32.2827 3.71121 -11.396 
-32.7749 2.84698 -11.2947 -33.2253 1.95978 -11.198 -33.625 1.05924 -11.0348 
-33.9404 0.153015 -10.7616 -34.1429 -0.74929 -10.3865 -34.2205 -1.62209 -9.90771 
-34.206 -2.46157 -9.36674 -34.1101 -3.25791 -8.77136 -33.9333 -4.0066 -8.13375 
-33.6892 -4.70467 -7.46123 -33.398 -5.35778 -6.76297 -33.0581 -5.95847 -6.04016 
-32.6744 -6.50739 -5.29817 -32.2337 -6.99146 -4.54306 -31.742 -7.40549 -3.77802 
-31.2016 -7.72536 -3.00174 -30.6196 -7.93563 -2.21765 -29.9954 -8.01659 -1.44223 
-29.3461 -8.01175 -0.682905 -28.6664 -7.91326 0.042923 -27.9532 -7.73767 0.720356 
-27.2069 -7.50168 1.34159 -26.4319 -7.21746 1.90525 -25.6339 -6.8998 2.4168 
-24.8315 -6.54239 2.89411 -24.0374 -6.13746 3.34679 -23.2693 -5.67868 3.79266 
-22.529 -5.16435 4.22447 -21.8351 -4.58766 4.65398 -21.2008 -3.92729 5.05431 
-20.6185 -3.21281 5.44094 -20.0739 -2.46933 5.82872 -19.551 -1.71052 6.21695 
-19.0387 -0.932911 6.58119 -18.5468 -0.129703 6.91642 -18.096 0.70923 7.21965 
-17.6823 1.58242 7.47577 -17.2968 2.48182 7.67961 -16.9433 3.40467 7.83035 
-16.6443 4.35404 7.91996 -16.4018 5.32279 7.95578 -16.2087 6.30341 7.93005 
-16.0368 7.28607 7.86412 -15.8931 8.26821 7.74571 -15.771 9.24272 7.56097 
-15.6659 10.1929 7.27103 -15.5637 11.1099 6.88789 -15.4641 11.9656 6.38276 
-15.3808 12.7674 5.79261 -15.3219 13.5034 5.11947 -15.2892 14.1842 4.38846 
-15.2869 14.8135 3.61162 -15.3048 15.4078 2.80779 -15.3453 15.9665 1.97952 
-15.3988 16.5067 1.13976 -15.4655 17.0499 0.302838 -15.5541 17.5932 -0.531765 
-15.6829 18.0995 -1.38337 -15.8665 18.4958 -2.27962 -16.0913 18.6754 -3.22959 
-16.3355 18.4848 -4.15852 -16.5446 18.0056 -5.00823 -16.6999 17.4721 -5.83906 
-16.7997 16.9772 -6.70157 -16.8638 16.5536 -7.60404 -16.9327 16.2005 -8.53679 
-17.0395 15.8827 -9.47836 -17.1754 15.6725 -10.4436 -17.2496 15.6271 -11.435 
-17.127 15.7703 -12.4111 -16.8567 16.0128 -13.3415 -16.5204 16.3028 -14.2373 
-16.1754 16.6255 -15.1186 -15.8332 16.9967 -15.9812 -15.5103 17.4572 -16.8061 
-29.1344 7.56254 -12.7711 -29.5455 6.92658 -12.5148 -30.0915 6.13648 -12.2373 
-30.6827 5.36619 -11.9997 -31.2885 4.59651 -11.7993 -31.8637 3.795 -11.6378 
-32.4008 2.96207 -11.508 -32.8833 2.09369 -11.3958 -33.314 1.20403 -11.25 
-33.6617 0.304174 -10.9931 -33.9189 -0.594155 -10.6423 -34.0391 -1.47637 -10.191 
-34.0632 -2.32629 -9.66717 -33.9984 -3.13533 -9.085 -33.8577 -3.90174 -8.45962 
-33.6431 -4.6186 -7.79699 -33.3736 -5.28783 -7.10532 -33.0545 -5.90859 -6.38995 
-32.6855 -6.47589 -5.65434 -32.2633 -6.98687 -4.9066 -31.7825 -7.4278 -4.14954 
-31.251 -7.78812 -3.38437 -30.6738 -8.03664 -2.60841 -30.0494 -8.15765 -1.83934 
-29.3891 -8.16852 -1.08951 -28.6966 -8.07747 -0.374643 -27.9738 -7.91695 0.295978 
-27.2144 -7.69696 0.907275 -26.4227 -7.43579 1.45856 -25.5995 -7.13765 1.94099 
-24.7681 -6.80591 2.38604 -23.9416 -6.42469 2.79969 -23.1295 -5.99266 3.19082 
-22.3427 -5.50249 3.56485 -21.5965 -4.93924 3.91675 -20.932 -4.27523 4.25531 
-20.3489 -3.54341 4.60639 -19.8609 -2.76178 4.99094 -19.4193 -1.96557 5.40444 
-18.9884 -1.16717 5.82494 -18.5629 -0.351593 6.21641 -18.1507 0.497238 6.54587 
-17.7647 1.37901 6.81526 -17.4026 2.2886 7.01522 -17.0746 3.22534 7.13013 
-16.8038 4.18672 7.15964 -16.5872 5.16143 7.12554 -16.4176 6.13817 6.99972 
-16.261 7.10806 6.81409 -16.1408 8.07266 6.58135 -16.049 9.01756 6.27144 
-15.9685 9.91438 5.83889 -15.8813 10.7689 5.32805 -15.7991 11.5537 4.71569 
-15.7457 12.2611 4.0134 -15.7459 12.8895 3.23701 -15.8011 13.4501 2.41165 
-15.9019 13.93 1.54089 -16.0045 14.3616 0.644859 -16.1103 14.7982 -0.248361 
-16.2598 15.2659 -1.11902 -16.4503 15.7234 -1.98711 -16.6453 16.0729 -2.9008 
-16.8119 16.1873 -3.87061 -16.9469 16.0251 -4.84256 -17.0784 15.7184 -5.7852 
-17.2133 15.4432 -6.73609 -17.3627 15.3068 -7.71419 -17.541 15.2389 -8.69542 
-17.7641 15.1774 -9.66809 -17.9813 15.0866 -10.6396 -18.0369 15.0494 -11.6289 
-17.8293 15.1778 -12.5881 -17.4113 15.4573 -13.4512 -16.9655 15.7803 -14.2859 
-16.542 16.1415 -15.1164 -16.1432 16.5483 -15.9378 -15.776 17.0096 -16.7447 
-31.802 15.0986 -23.1638 -32.1529 14.1766 -22.4867 -32.3054 13.3884 -21.8946 
-32.2805 12.6868 -21.1881 -32.1381 12.121 -20.3814 -31.9082 11.7434 -19.4872 
-31.6588 11.4911 -18.5536 -31.4109 11.3215 -17.6001 -31.1662 11.1189 -16.6524 
-30.9655 10.7818 -15.7347 -30.8088 10.3402 -14.8528 -30.729 9.792 -14.0234 
-30.7636 9.13542 -13.2752 -30.9843 8.35616 -12.6974 -31.3272 7.52878 -12.2572 
-31.6991 6.67727 -11.8887 -32.0717 5.80496 -11.5728 -32.437 4.91496 -11.3009 
-32.8139 4.01456 -11.0865 -33.2145 3.10872 -10.9496 -33.5918 2.19342 -10.8097 
-33.9036 1.2652 -10.6115 -34.1403 0.33403 -10.3399 -34.2532 -0.578636 -9.9517 
-34.2671 -1.4614 -9.48549 -34.1895 -2.30379 -8.95433 -34.0353 -3.10016 -8.37157 
-33.7969 -3.83916 -7.74261 -33.5043 -4.52965 -7.08177 -33.1645 -5.16729 -6.39105 
-32.7843 -5.75449 -5.67705 -32.3535 -6.28119 -4.94493 -31.8758 -6.75063 -4.20316 
-31.3433 -7.13265 -3.44906 -30.7635 -7.42308 -2.68935 -30.1357 -7.59355 -1.93238 
-29.4713 -7.65553 -1.1885 -28.7701 -7.6076 -0.478564 -28.0349 -7.48456 0.186646 
-27.2619 -7.30071 0.792716 -26.454 -7.07761 1.33724 -25.6145 -6.8114 1.80978 
-24.7626 -6.5022 2.23138 -23.9216 -6.13149 2.62439 -23.0974 -5.70792 2.99919 
-22.3052 -5.21462 3.35652 -21.5657 -4.6484 3.71753 -20.9107 -3.97733 4.05997 
-20.3575 -3.22716 4.41777 -19.9827 -2.59221 4.72721 -19.5812 -1.77637 5.14305 
-19.1848 -0.96145 5.56581 -18.786 -0.137423 5.96778 -18.3902 0.713821 6.31013 
-18.0062 1.59809 6.5738 -17.6409 2.50779 6.76791 -17.321 3.44866 6.86754 
-17.0485 4.41002 6.87952 -16.8438 5.38374 6.79043 -16.6776 6.35563 6.62727 
-16.5265 7.31412 6.38703 -16.4009 8.2575 6.08295 -16.3043 9.16554 5.67709 
-16.2121 10.0354 5.19373 -16.1105 10.8499 4.62521 -16.0128 11.5853 3.95663 
-15.9542 12.2287 3.195 -15.9528 12.7916 2.37037 -15.9975 13.273 1.49569 
-16.0491 13.6938 0.590294 -16.1036 14.0846 -0.328373 -16.203 14.5098 -1.22693 
-16.392 14.9842 -2.08625 -16.6166 15.4193 -2.95707 -16.8271 15.6459 -3.9003 
-17.005 15.6197 -4.87776 -17.1718 15.4153 -5.84163 -17.34 15.2255 -6.80797 
-17.5153 15.1626 -7.78936 -17.719 15.1571 -8.76805 -17.969 15.1389 -9.73566 
-18.1946 15.0823 -10.7071 -18.2373 15.0901 -11.6969 -17.9684 15.2557 -12.6325 
-17.5192 15.536 -13.4793 -17.0504 15.8647 -14.2992 -16.6114 16.2251 -15.1218 
-16.2046 16.6356 -15.9375 -15.8332 17.0997 -16.7407 -29.925 13.0171 -21.3178 
-29.9445 12.5922 -20.641 -29.9197 12.1546 -19.7445 -29.8684 11.8574 -18.7925 
-29.8556 11.6337 -17.8186 -29.8896 11.4145 -16.8439 -29.9077 11.117 -15.8908 
-29.8829 10.7066 -14.98 -29.8575 10.2228 -14.1062 -29.9296 9.61581 -13.3202 
-30.1884 8.88364 -12.7074 -30.5859 8.08248 -12.2638 -31.0356 7.26262 -11.9109 
-31.4606 6.41766 -11.5866 -31.868 5.55222 -11.2961 -32.2736 4.66704 -11.0698 
-32.6828 3.77051 -10.9016 -33.0907 2.86478 -10.7889 -33.4691 1.94592 -10.6798 
-33.7742 1.0115 -10.5028 -33.9967 0.0737535 -10.2425 -34.1133 -0.84738 -9.87544 
-34.1263 -1.73309 -9.41657 -34.0467 -2.57609 -8.88623 -33.8946 -3.37 -8.29947 
-33.6646 -4.11084 -7.66932 -33.3789 -4.80013 -7.00442 -33.0492 -5.43891 -6.30994 
-32.6797 -6.02973 -5.59318 -32.2561 -6.55718 -4.8575 -31.7877 -7.02964 -4.11156 
-31.2588 -7.40689 -3.35312 -30.6838 -7.69119 -2.58749 -30.0629 -7.85018 -1.82109 
-29.4099 -7.90393 -1.06739 -28.7233 -7.84602 -0.344058 -28.0085 -7.71486 0.341904 
-27.2519 -7.50944 0.961559 -26.4634 -7.25849 1.52177 -25.6472 -6.97096 2.02209 
-24.8186 -6.64753 2.47837 -23.9956 -6.26933 2.90189 -23.1849 -5.8497 3.30917 
-22.4087 -5.35828 3.70258 -21.669 -4.80007 4.0764 -21.0003 -4.15 4.43462 
-20.4115 -3.42692 4.79265 -19.999 -2.81002 5.09 -19.5373 -2.01944 5.49219 
-19.0859 -1.22873 5.90576 -18.6448 -0.423495 6.30082 -18.2115 0.410122 6.64235 
-17.8103 1.27925 6.93052 -17.4322 2.17569 7.15956 -17.0843 3.10037 7.31017 
-16.7786 4.04816 7.39301 -16.5377 5.01779 7.40736 -16.3464 5.99761 7.35913 
-16.1771 6.97706 7.25149 -16.0326 7.95512 7.10362 -15.9307 8.92631 6.89229 
-15.8451 9.87106 6.57945 -15.7609 10.7673 6.14694 -15.6775 11.6068 5.613 
-15.6091 12.3801 4.98434 -15.5716 13.0818 4.27416 -15.5787 13.719 3.50475 
-15.6336 14.3012 2.69411 -15.7365 14.8286 1.85112 -15.8644 15.3156 0.987403 
-15.9977 15.7964 0.120884 -16.1454 16.2974 -0.731789 -16.3174 16.7849 -1.58731 
-16.5063 17.1986 -2.47597 -16.6719 17.3904 -3.43119 -16.802 17.2444 -4.40119 
-16.9054 16.8356 -5.30645 -17.0012 16.3853 -6.19413 -17.0921 15.9935 -7.10829 
-17.197 15.7118 -8.06056 -17.3441 15.5177 -9.02991 -17.5345 15.3603 -9.99872 
-17.6799 15.2632 -10.9813 -17.6554 15.297 -11.9723 -17.3784 15.5118 -12.9029 
-16.9982 15.7992 -13.7814 -16.5995 16.12 -14.6403 -16.2134 16.4809 -15.489 
-15.8469 16.8939 -16.3223 -15.5141 17.3944 -17.1198 -31.1496 12.1898 -21.4655 
-31.1458 11.8806 -20.9518 -31.0666 11.4577 -20.0521 -30.9118 11.1915 -19.1035 
-30.7528 11.0344 -18.1293 -30.6208 10.8925 -17.1486 -30.4892 10.6439 -16.1916 
-30.3479 10.26 -15.2807 -30.2293 9.75819 -14.4256 -30.2048 9.14194 -13.6439 
-30.3814 8.39059 -13.0187 -30.7416 7.58531 -12.5623 -31.2003 6.76367 -12.2252 
-31.6667 5.92745 -11.9381 -32.1353 5.0754 -11.7057 -32.591 4.20793 -11.5067 
-33.0431 3.32748 -11.3654 -33.4802 2.43774 -11.2357 -33.8712 1.53529 -11.0575 
-34.2028 0.628983 -10.8008 -34.4228 -0.270833 -10.4314 -34.5401 -1.15069 -9.97403 
-34.5541 -1.99562 -9.44163 -34.4837 -2.80237 -8.85629 -34.3232 -3.56154 -8.22699 
-34.0971 -4.27509 -7.56478 -33.81 -4.9324 -6.86887 -33.4805 -5.54747 -6.15291 
-33.1051 -6.10143 -5.4105 -32.6889 -6.60327 -4.65267 -32.2275 -7.03925 -3.88109 
-31.7189 -7.38633 -3.09454 -31.168 -7.63071 -2.29812 -30.5833 -7.77121 -1.50041 
-29.9617 -7.79249 -0.719224 -29.3081 -7.72338 0.0333385 -28.6156 -7.5651 0.736388 
-27.8947 -7.34701 1.39303 -27.1448 -7.06712 1.99159 -26.3744 -6.74377 2.54026 
-25.5865 -6.37481 3.03279 -24.8077 -5.96257 3.50488 -24.0499 -5.50226 3.96689 
-23.3202 -4.99223 4.42141 -22.6334 -4.41654 4.86424 -21.9888 -3.77826 5.28341 
-21.5023 -3.23289 5.60862 -20.925 -2.51913 6.00476 -20.3658 -1.78519 6.39015 
-19.8219 -1.02758 6.75043 -19.2974 -0.240189 7.0736 -18.8083 0.582654 7.36196 
-18.3517 1.43331 7.62107 -17.9355 2.31776 7.83056 -17.5485 3.22338 8.00237 
-17.2127 4.15809 8.11317 -16.9269 5.1141 8.17083 -16.6978 6.08703 8.16346 
-16.4972 7.06488 8.1076 -16.3221 8.04378 8.00437 -16.1707 9.01986 7.85081 
-16.0377 9.98126 7.61322 -15.9124 10.918 7.28926 -15.7888 11.8101 6.85685 
-15.6793 12.6511 6.32965 -15.6 13.431 5.71047 -15.5499 14.1578 5.02623 
-15.5331 14.8233 4.28061 -15.5385 15.4457 3.49832 -15.5622 16.0253 2.68401 
-15.596 16.5743 1.84903 -15.6336 17.1073 1.00371 -15.6785 17.6343 0.155113 
-15.7529 18.1444 -0.701499 -15.8907 18.5824 -1.58697 -16.103 18.869 -2.51857 
-16.3328 18.9856 -3.47555 -16.5898 18.6925 -4.38441 -16.8155 18.1965 -5.22145 
-16.9728 17.6713 -6.05736 -17.0749 17.2059 -6.93511 -17.1498 16.8346 -7.85971 
-17.251 16.532 -8.80696 -17.4029 16.2717 -9.76013 -17.5499 16.08 -10.7286 
-17.5609 16.0356 -11.7203 -17.3483 16.1758 -12.6793 -16.9975 16.4251 -13.5814 
-16.6189 16.7106 -14.4616 -16.2512 17.0446 -15.3293 -15.9037 17.4297 -16.1835 
-15.6032 17.9198 -17.0003 -29.6318 6.86343 -12.6043 -30.0715 6.23439 -12.3792 
-30.6506 5.46056 -12.1235 -31.2754 4.7068 -11.923 -31.8698 3.92164 -11.7504 
-32.4127 3.09458 -11.608 -32.9096 2.2357 -11.4864 -33.342 1.34916 -11.3279 
-33.7141 0.45269 -11.0916 -33.986 -0.441246 -10.7417 -34.1345 -1.32427 -10.3009 
-34.1839 -2.1773 -9.78451 -34.1456 -2.99405 -9.21046 -34.0186 -3.76352 -8.58572 
-33.8258 -4.49112 -7.92846 -33.5687 -5.16563 -7.23726 -33.2649 -5.79731 -6.52447 
-32.9081 -6.36924 -5.78647 -32.5076 -6.89436 -5.03632 -32.0463 -7.34688 -4.2739 
-31.5387 -7.73034 -3.50345 -30.9813 -7.99703 -2.7193 -30.3843 -8.15264 -1.9341 
-29.744 -8.17784 -1.16802 -29.0756 -8.11114 -0.428243 -28.3759 -7.95931 0.268991 
-27.6423 -7.74512 0.912771 -26.8756 -7.47872 1.49584 -26.0834 -7.17692 2.02535 
-25.2753 -6.83828 2.507 -24.4693 -6.46163 2.96315 -23.6821 -6.02927 3.40224 
-22.9178 -5.54826 3.83084 -22.1934 -4.99654 4.2425 -21.5212 -4.37961 4.6499 
-21.0411 -3.81875 4.95621 -20.5891 -3.23071 5.25578 -20.0637 -2.4731 5.64272 
-19.5606 -1.70356 6.03599 -19.0668 -0.917657 6.40754 -18.5919 -0.10482 6.74416 
-18.1589 0.745469 7.04145 -17.7566 1.62589 7.29167 -17.3806 2.53266 7.48001 
-17.0431 3.46496 7.60367 -16.7612 4.42219 7.6617 -16.5334 5.39513 7.66408 
-16.345 6.37522 7.60712 -16.1772 7.35532 7.50308 -16.0436 8.33303 7.34498 
-15.9374 9.29748 7.10575 -15.8449 10.2253 6.74766 -15.7483 11.1122 6.299 
-15.6643 11.925 5.72405 -15.601 12.6791 5.07224 -15.5757 13.3586 4.33967 
-15.5933 13.9831 3.55998 -15.656 14.552 2.74046 -15.7581 15.0772 1.8961 
-15.8825 15.5639 1.03155 -16.0132 16.0526 0.168991 -16.154 16.5564 -0.683186 
-16.3194 17.0394 -1.5425 -16.5013 17.4111 -2.45107 -16.666 17.5716 -3.41495 
-16.799 17.3782 -4.37694 -16.9105 16.9807 -5.28538 -17.0054 16.523 -6.16925 
-17.0939 16.1204 -7.07939 -17.1955 15.8172 -8.0256 -17.3382 15.6076 -8.99226 
-17.5282 15.4418 -9.95975 -17.6903 15.3239 -10.9379 -17.6506 15.3647 -11.9272 
-17.397 15.5609 -12.8682 -17.0145 15.8482 -13.7457 -16.6153 16.1651 -14.6059 
-16.2312 16.5292 -15.4541 -15.8638 16.9363 -16.29 -15.5364 17.4403 -17.0877 
-32.3689 12.3984 -21.3107 -32.2833 12.0673 -20.8186 -32.0817 11.6345 -19.9429 
-31.8387 11.3407 -19.0204 -31.575 11.162 -18.0729 -31.3054 11.0044 -17.123 
-31.058 10.7542 -16.1898 -30.8577 10.3656 -15.2923 -30.7207 9.85005 -14.4483 
-30.6842 9.23236 -13.6669 -30.819 8.4881 -13.0218 -31.1334 7.67698 -12.5424 
-31.5232 6.83586 -12.1689 -31.9323 5.97772 -11.8601 -32.3403 5.10369 -11.5968 
-32.7428 4.21619 -11.3737 -33.1605 3.32317 -11.2075 -33.5693 2.42198 -11.0646 
-33.9432 1.51146 -10.8907 -34.2603 0.596839 -10.6466 -34.4574 -0.309021 -10.2763 
-34.5653 -1.19329 -9.82539 -34.5645 -2.03891 -9.29355 -34.495 -2.85215 -8.71688 
-34.3309 -3.61201 -8.08937 -34.1074 -4.33077 -7.43196 -33.8259 -4.99587 -6.74077 
-33.4993 -5.61236 -6.02503 -33.1299 -6.17272 -5.2842 -32.7215 -6.67802 -4.52497 
-32.2632 -7.11085 -3.74944 -31.7675 -7.47121 -2.96018 -31.2256 -7.71307 -2.15687 
-30.653 -7.85829 -1.35137 -30.0439 -7.88374 -0.560149 -29.403 -7.82073 0.203915 
-28.723 -7.666 0.919733 -28.0152 -7.45059 1.59142 -27.2804 -7.16845 2.20747 
-26.5307 -6.83999 2.78126 -25.766 -6.46591 3.30542 -25.0068 -6.04741 3.80341 
-24.2652 -5.58442 4.28843 -23.549 -5.07549 4.76534 -22.8643 -4.5188 5.23503 
-22.2172 -3.90586 5.68742 -21.6025 -3.24888 6.12338 -21.0163 -2.5549 6.54096 
-20.4451 -1.83664 6.93815 -19.8834 -1.09711 7.30863 -19.3517 -0.31425 7.63056 
-18.8468 0.498676 7.91984 -18.381 1.3462 8.17275 -17.9503 2.2212 8.39299 
-17.5675 3.12707 8.57163 -17.2303 4.05868 8.70348 -16.9439 5.0136 8.77382 
-16.6996 5.98276 8.7878 -16.4855 6.95827 8.74376 -16.2909 7.93456 8.6518 
-16.1217 8.9084 8.50212 -15.969 9.87678 8.30593 -15.8333 10.8247 8.02052 
-15.7077 11.743 7.6479 -15.5902 12.6179 7.17998 -15.4861 13.4498 6.63624 
-15.4138 14.2248 6.00917 -15.3643 14.9536 5.32704 -15.3355 15.6333 4.59476 
-15.3191 16.2737 3.82711 -15.3142 16.8672 3.02257 -15.3132 17.4284 2.19502 
-15.3123 17.9657 1.3517 -15.322 18.4916 0.501335 -15.3698 18.9907 -0.363461 
-15.4691 19.4319 -1.2538 -15.6579 19.7203 -2.18898 -15.9267 19.8095 -3.14218 
-16.2601 19.6285 -4.05861 -16.6147 19.1992 -4.88446 -16.947 18.6664 -5.66184 
-17.1968 18.1648 -6.48686 -17.3244 17.7802 -7.39931 -17.4323 17.4762 -8.34556 
-17.578 17.1981 -9.29485 -17.7453 16.9259 -10.2423 -17.841 16.7198 -11.2121 
-17.7398 16.6781 -12.1941 -17.3861 16.8607 -13.1082 -16.9786 17.111 -13.9862 
-16.5904 17.4001 -14.8609 -16.2364 17.7411 -15.7309 -15.926 18.1624 -16.5814 
-29.5666 7.26417 -12.7291 -29.9889 6.63033 -12.4847 -30.5437 5.84581 -12.2087 
-31.145 5.07968 -11.9848 -31.7425 4.29863 -11.8047 -32.303 3.48462 -11.6547 
-32.8166 2.63609 -11.5303 -33.2734 1.75776 -11.3938 -33.6719 0.864448 -11.1914 
-33.9877 -0.0308913 -10.8839 -34.1917 -0.920034 -10.4793 -34.276 -1.78292 -9.98373 
-34.2734 -2.6144 -9.42965 -34.1813 -3.40121 -8.82076 -34.0136 -4.14527 -8.17534 
-33.7777 -4.83835 -7.49493 -33.4917 -5.48606 -6.78936 -33.1567 -6.08162 -6.06013 
-32.7741 -6.6228 -5.31173 -32.3395 -7.10286 -4.55049 -31.856 -7.51672 -3.78011 
-31.3228 -7.83168 -2.99676 -30.7491 -8.03374 -2.20462 -30.1338 -8.11118 -1.42197 
-29.4862 -8.08506 -0.661566 -28.8096 -7.9715 0.0645993 -28.1019 -7.78821 0.745705 
-27.3565 -7.53766 1.36289 -26.5853 -7.24411 1.92654 -25.7922 -6.91493 2.43853 
-24.9951 -6.55052 2.91958 -24.2089 -6.13765 3.37861 -23.447 -5.67556 3.83192 
-22.7198 -5.15177 4.27428 -22.0391 -4.56591 4.71237 -21.4124 -3.90355 5.12113 
-20.722 -3.04347 5.5932 -20.1736 -2.30447 5.98438 -19.6436 -1.54699 6.36534 
-19.1233 -0.771011 6.72145 -18.6283 0.0358224 7.04305 -18.1744 0.878374 7.33158 
-17.7573 1.75303 7.57722 -17.3699 2.6534 7.77289 -17.0212 3.57987 7.9112 
-16.7157 4.52741 8.00095 -16.4765 5.49732 8.02622 -16.2783 6.47696 8.00048 
-16.107 7.45899 7.92583 -15.9624 8.44034 7.80176 -15.8384 9.41157 7.60248 
-15.7265 10.3615 7.31406 -15.6171 11.2672 6.9071 -15.5124 12.1231 6.40304 
-15.429 12.9177 5.80308 -15.3692 13.657 5.13372 -15.3404 14.3329 4.39811 
-15.337 14.9644 3.62303 -15.3565 15.5538 2.8157 -15.3922 16.1156 1.98933 
-15.4416 16.6545 1.14842 -15.5005 17.1949 0.309105 -15.5843 17.7317 -0.530158 
-15.709 18.2313 -1.38635 -15.9045 18.5919 -2.29542 -16.1302 18.7846 -3.24374 
-16.3786 18.5671 -4.17204 -16.5971 18.0949 -5.02174 -16.7518 17.5636 -5.85416 
-16.8568 17.0697 -6.71652 -16.9207 16.6509 -7.62146 -16.9865 16.2956 -8.55363 
-17.0968 15.978 -9.49472 -17.2409 15.7502 -10.4557 -17.299 15.7098 -11.4466 
-17.1252 15.8857 -12.6119 -16.8239 16.14 -13.5299 -16.4779 16.4356 -14.4201 
-16.1296 16.7661 -15.2972 -15.7895 17.1523 -16.1538 -15.4769 17.6343 -16.9707 
-29.8255 11.8121 -21.257 -29.8864 11.5225 -20.7353 -29.912 11.1369 -19.8168 
-29.8708 10.8991 -18.8485 -29.8557 10.7479 -17.8604 -29.8622 10.5757 -16.8762 
-29.8047 10.2738 -15.9273 -29.6772 9.85238 -15.0313 -29.5609 9.31692 -14.1967 
-29.5693 8.64892 -13.4653 -29.8534 7.87444 -12.9179 -30.3045 7.07328 -12.5299 
-30.824 6.27386 -12.2292 -31.3765 5.47931 -11.979 -31.9316 4.66796 -11.7966 
-32.4633 3.83631 -11.6383 -32.959 2.977 -11.5139 -33.4184 2.09886 -11.3837 
-33.8214 1.20488 -11.1918 -34.1636 0.309155 -10.9123 -34.3871 -0.579936 -10.5185 
-34.5033 -1.44813 -10.04 -34.5184 -2.28266 -9.49148 -34.4543 -3.08261 -8.89629 
-34.3029 -3.83663 -8.25833 -34.0896 -4.54763 -7.58908 -33.8122 -5.19934 -6.88392 
-33.4923 -5.81122 -6.16103 -33.1239 -6.36261 -5.41318 -32.7132 -6.85952 -4.64935 
-32.25 -7.28326 -3.8719 -31.7421 -7.62144 -3.08113 -31.1945 -7.85416 -2.27888 
-30.6153 -7.98233 -1.47515 -29.9993 -7.99122 -0.688566 -29.3566 -7.92556 0.0737915 
-28.6807 -7.77992 0.795137 -27.9725 -7.56464 1.46636 -27.2362 -7.28407 2.08144 
-26.4837 -6.95797 2.65298 -25.7167 -6.58819 3.17682 -24.9541 -6.17682 3.6756 
-24.2079 -5.72292 4.16216 -23.4886 -5.21989 4.64038 -22.8027 -4.66692 5.11279 
-22.1542 -4.05886 5.56965 -21.5408 -3.40267 6.00853 -20.8405 -2.56664 6.50858 
-20.2725 -1.84439 6.90293 -19.7168 -1.09599 7.26423 -19.1867 -0.311081 7.58381 
-18.6913 0.509951 7.86635 -18.2298 1.35959 8.12045 -17.8077 2.23941 8.3377 
-17.428 3.14664 8.51653 -17.0966 4.08104 8.64375 -16.8116 5.03622 8.71559 
-16.5739 6.00709 8.72347 -16.3631 6.98331 8.679 -16.1768 7.96031 8.57833 
-16.0128 8.93534 8.43036 -15.8693 9.90084 8.21543 -15.7374 10.8509 7.93425 
-15.6169 11.7618 7.54233 -15.5027 12.6318 7.06436 -15.4054 13.4505 6.5003 
-15.3345 14.2206 5.86711 -15.2914 14.933 5.16734 -15.2655 15.6028 4.42576 
-15.2519 16.233 3.6497 -15.2488 16.8224 2.84223 -15.251 17.3805 2.01248 
-15.256 17.9203 1.17079 -15.2763 18.45 0.322941 -15.3333 18.9541 -0.538437 
-15.451 19.3812 -1.43238 -15.6421 19.6724 -2.3662 -15.9179 19.7265 -3.32115 
-16.2482 19.5156 -4.22995 -16.5997 19.0368 -5.03213 -16.9119 18.4994 -5.81415 
-17.1158 18.0007 -6.65398 -17.2222 17.6073 -7.56518 -17.3178 17.2883 -8.50782 
-17.4464 16.993 -9.45443 -17.5917 16.7342 -10.4086 -17.666 16.5665 -11.3871 
-17.5052 16.6108 -12.3655 -17.1805 16.8003 -13.2885 -16.7953 17.0606 -14.1737 
-16.4249 17.358 -15.0534 -16.0856 17.7162 -15.9226 -15.784 18.1519 -16.7686 
-29.2927 12.5364 -21.2345 -29.3597 12.1364 -20.5457 -29.3859 11.7366 -19.6313 
-29.3917 11.4479 -18.6752 -29.4314 11.2338 -17.6996 -29.4879 11.0086 -16.7274 
-29.4882 10.6851 -15.7827 -29.4308 10.2743 -14.874 -29.3487 9.76411 -14.0202 
-29.4272 9.12799 -13.2693 -29.7798 8.36306 -12.7362 -30.225 7.56597 -12.3333 
-30.7211 6.75854 -12.0153 -31.2244 5.94014 -11.7387 -31.7135 5.10024 -11.5048 
-32.2033 4.24637 -11.3301 -32.6759 3.37409 -11.2069 -33.1335 2.48938 -11.1201 
-33.5428 1.58704 -10.9925 -33.8809 0.673123 -10.7741 -34.1008 -0.240619 -10.4394 
-34.2224 -1.13665 -10.0166 -34.2378 -1.99695 -9.50944 -34.1706 -2.81831 -8.94513 
-34.0075 -3.58486 -8.32507 -33.7814 -4.30709 -7.67235 -33.498 -4.9774 -6.98752 
-33.1689 -5.6008 -6.27871 -32.7909 -6.16313 -5.54392 -32.367 -6.67682 -4.79861 
-31.8902 -7.1197 -4.04064 -31.3647 -7.48359 -3.27255 -30.7858 -7.72495 -2.4953 
-30.17 -7.86046 -1.72078 -29.5168 -7.87234 -0.965086 -28.8345 -7.79695 -0.239115 
-28.1153 -7.63999 0.436496 -27.3627 -7.4264 1.05818 -26.574 -7.16044 1.61188 
-25.7588 -6.86744 2.11029 -24.9361 -6.52838 2.56588 -24.119 -6.14534 2.99618 
-23.3268 -5.70108 3.41403 -22.5634 -5.19868 3.81839 -21.8583 -4.60956 4.21073 
-21.2174 -3.94419 4.58949 -20.8765 -3.5023 4.80979 -20.4555 -2.89112 5.10762 
-19.9673 -2.10923 5.49492 -19.4986 -1.32026 5.89225 -19.0366 -0.517365 6.26837 
-18.5889 0.314034 6.59652 -18.1741 1.17922 6.87662 -17.7903 2.07801 7.08613 
-17.4329 2.99926 7.23487 -17.1236 3.94701 7.30193 -16.8752 4.91461 7.2893 
-16.6742 5.8904 7.20751 -16.4911 6.86283 7.06587 -16.3267 7.82795 6.86406 
-16.2054 8.78496 6.60357 -16.1081 9.71332 6.24788 -16.0184 10.6015 5.79894 
-15.9212 11.4287 5.24805 -15.8422 12.1894 4.60568 -15.8103 12.8691 3.87401 
-15.8315 13.4824 3.08584 -15.914 14.0174 2.24594 -16.0322 14.4939 1.37523 
-16.1458 14.928 0.481641 -16.258 15.3735 -0.406433 -16.4087 15.8461 -1.27455 
-16.585 16.2892 -2.15308 -16.7569 16.5968 -3.08413 -16.897 16.6411 -4.06325 
-17.0125 16.3954 -5.02142 -17.1305 16.0352 -5.9463 -17.2561 15.7204 -6.88548 
-17.3964 15.5285 -7.85514 -17.5773 15.4348 -8.83366 -17.8008 15.3473 -9.80419 
-18.0128 15.2317 -10.7736 -18.0286 15.2101 -11.7617 -17.7564 15.3741 -12.7014 
-17.3348 15.6568 -13.5615 -16.8924 15.9806 -14.3977 -16.4719 16.3377 -15.2315 
-16.0819 16.7494 -16.0549 -15.7223 17.2154 -16.8623 -29.3577 11.8925 -21.0847 
-29.4377 11.5112 -20.3867 -29.4658 11.1542 -19.4553 -29.4688 10.9194 -18.4849 
-29.5011 10.7474 -17.5005 -29.5395 10.5393 -16.5243 -29.4918 10.2085 -15.5843 
-29.3638 9.78358 -14.6895 -29.2479 9.24269 -13.8602 -29.3476 8.56525 -13.158 
-29.7065 7.79234 -12.6449 -30.1825 6.99528 -12.2764 -30.7073 6.19618 -11.984 
-31.2491 5.39577 -11.7284 -31.781 4.57295 -11.5299 -32.3069 3.73564 -11.3822 
-32.7968 2.87036 -11.2786 -33.2628 1.98985 -11.1933 -33.6652 1.08971 -11.0334 
-34.004 0.184269 -10.7838 -34.2298 -0.715872 -10.4185 -34.3453 -1.59418 -9.95736 
-34.3619 -2.43588 -9.42085 -34.2939 -3.2387 -8.82979 -34.1369 -3.99161 -8.19186 
-33.9261 -4.70543 -7.52493 -33.6546 -5.36426 -6.82394 -33.3338 -5.97435 -6.10011 
-32.9678 -6.52984 -5.3541 -32.5623 -7.03669 -4.59388 -32.1016 -7.47025 -3.82023 
-31.5956 -7.8202 -3.03333 -31.0467 -8.05408 -2.23227 -30.4614 -8.17552 -1.43272 
-29.839 -8.18232 -0.651353 -29.1847 -8.09389 0.098562 -28.5027 -7.93268 0.811294 
-27.7915 -7.70697 1.47577 -27.0501 -7.41264 2.07832 -26.293 -7.07809 2.6388 
-25.5257 -6.70735 3.16158 -24.7645 -6.29556 3.66223 -24.0238 -5.83378 4.14984 
-23.308 -5.32843 4.63097 -22.6271 -4.77327 5.10786 -21.9856 -4.16214 5.57049 
-21.3775 -3.50237 6.01141 -20.7958 -2.80529 6.43019 -20.2294 -2.08118 6.82346 
-19.6711 -1.33869 7.19282 -19.1357 -0.558268 7.5149 -18.6305 0.254211 7.80495 
-18.1674 1.10168 8.06368 -17.7383 1.97482 8.29374 -17.3544 2.87819 8.48255 
-17.0134 3.80663 8.6264 -16.7218 4.75871 8.71211 -16.4771 5.72746 8.73664 
-16.2647 6.7038 8.7037 -16.0748 7.68151 8.6182 -15.9107 8.65772 8.47844 
-15.7673 9.62654 8.27906 -15.6399 10.578 8.00122 -15.5224 11.5019 7.63972 
-15.4113 12.3784 7.17305 -15.3098 13.2098 6.62823 -15.2377 13.9808 5.99651 
-15.1883 14.7041 5.30865 -15.1591 15.3791 4.57182 -15.1418 16.0177 3.80269 
-15.1366 16.6128 2.99933 -15.1388 17.1791 2.1752 -15.1463 17.7244 1.3371 
-15.1652 18.2638 0.495269 -15.2196 18.7829 -0.357255 -15.32 19.2501 -1.23459 
-15.4924 19.5838 -2.15832 -15.7331 19.732 -3.11239 -16.051 19.5662 -4.03349 
-16.403 19.1388 -4.86016 -16.7336 18.595 -5.63026 -16.9769 18.0681 -6.44267 
-17.0801 17.6387 -7.33791 -17.1539 17.275 -8.26616 -17.2562 16.9536 -9.20733 
-17.3935 16.6671 -10.1553 -17.4862 16.4898 -11.1309 -17.4111 16.4883 -12.1205 
-17.1368 16.6609 -13.0626 -16.7842 16.9046 -13.9655 -16.4234 17.1924 -14.8524 
-16.0831 17.5317 -15.729 -15.775 17.9511 -16.5811 -29.6704 12.4997 -21.212 
-29.7201 12.1024 -20.5205 -29.7161 11.7089 -19.6031 -29.6892 11.4351 -18.6435 
-29.7013 11.2391 -17.6633 -29.7333 11.0227 -16.6882 -29.7181 10.6987 -15.7438 
-29.657 10.2816 -14.8382 -29.59 9.75694 -13.9913 -29.6678 9.11531 -13.2441 
-30.0074 8.3423 -12.7151 -30.4475 7.53854 -12.3192 -30.9358 6.72681 -12.0002 
-31.4223 5.90017 -11.7181 -31.8934 5.05026 -11.4836 -32.3633 4.18701 -11.3002 
-32.8209 3.30686 -11.1771 -33.2699 2.41827 -11.0865 -33.6603 1.51088 -10.9365 
-33.9762 0.594124 -10.699 -34.1792 -0.319069 -10.3518 -34.2754 -1.20847 -9.90887 
-34.2652 -2.06184 -9.38999 -34.1736 -2.87326 -8.81448 -34.0009 -3.63657 -8.1932 
-33.7606 -4.35123 -7.53725 -33.4666 -5.01501 -6.85038 -33.1286 -5.6307 -6.13925 
-32.7395 -6.18246 -5.40199 -32.3058 -6.68603 -4.65547 -31.8216 -7.11867 -3.89617 
-31.289 -7.46768 -3.12665 -30.7036 -7.69393 -2.34913 -30.0811 -7.80953 -1.5776 
-29.4228 -7.8097 -0.82579 -28.7339 -7.72035 -0.107855 -28.0105 -7.55677 0.561752 
-27.2504 -7.33535 1.17157 -26.4575 -7.06567 1.717 -25.6377 -6.76436 2.20313 
-24.8151 -6.4168 2.65234 -23.9995 -6.02598 3.07847 -23.2118 -5.57323 3.49501 
-22.4578 -5.05635 3.89873 -21.7695 -4.44637 4.28957 -21.1504 -3.75908 4.66616 
-20.8139 -3.31365 4.88565 -20.4078 -2.69379 5.18686 -19.9235 -1.91012 5.57557 
-19.4546 -1.1198 5.96998 -18.9927 -0.313538 6.33881 -18.5501 0.525825 6.65361 
-18.1395 1.3974 6.91931 -17.7604 2.30197 7.11143 -17.4126 3.23028 7.2379 
-17.1143 4.18249 7.28593 -16.8764 5.15221 7.25245 -16.6823 6.12596 7.1385 
-16.5021 7.09095 6.95045 -16.357 8.05036 6.71034 -16.2445 8.99337 6.40086 
-16.1518 9.89001 5.97095 -16.056 10.7425 5.45794 -15.9601 11.5256 4.84569 
-15.8944 12.237 4.14785 -15.8904 12.8621 3.36912 -15.944 13.4097 2.53525 
-16.0406 13.8749 1.65603 -16.1335 14.295 0.753437 -16.2262 14.721 -0.146356 
-16.3623 15.1798 -1.02386 -16.5416 15.6337 -1.89622 -16.7295 16 -2.80518 
-16.8928 16.1167 -3.77835 -17.0358 15.9755 -4.75247 -17.1902 15.707 -5.70322 
-17.3514 15.4685 -6.65981 -17.5259 15.3795 -7.63907 -17.7266 15.361 -8.61814 
-17.98 15.3293 -9.58452 -18.2122 15.2616 -10.5541 -18.2876 15.2527 -11.5404 
-18.0666 15.3862 -12.4959 -17.6185 15.6538 -13.3469 -17.1412 15.9765 -14.1642 
-16.6946 16.3262 -14.9875 -16.2832 16.7238 -15.8071 -15.9078 17.1791 -16.6134 
-32.0754 12.4476 -21.4653 -32.0126 12.1 -20.9831 -31.83 11.6473 -20.1127 
-31.6175 11.3283 -19.1912 -31.3802 11.1329 -18.2406 -31.1459 10.9924 -17.2787 
-30.9199 10.8034 -16.3246 -30.7334 10.4574 -15.4083 -30.5856 9.98588 -14.5404 
-30.5172 9.41902 -13.7231 -30.6119 8.7141 -13.026 -30.8918 7.92611 -12.4947 
-31.3035 7.10084 -12.1097 -31.7174 6.25401 -11.7764 -32.1208 5.38623 -11.487 
-32.5177 4.50195 -11.242 -32.9222 3.60567 -11.0629 -33.336 2.70408 -10.9381 
-33.7083 1.78796 -10.7929 -34.0226 0.862377 -10.5861 -34.2376 -0.060847 -10.2752 
-34.3596 -0.966521 -9.87243 -34.3662 -1.8315 -9.37392 -34.2966 -2.66159 -8.82227 
-34.1406 -3.43949 -8.21502 -33.9198 -4.17358 -7.57382 -33.6352 -4.84943 -6.89448 
-33.3077 -5.47796 -6.18989 -32.9376 -6.05346 -5.46118 -32.5275 -6.57516 -4.71375 
-32.0644 -7.02687 -3.9518 -31.5575 -7.4001 -3.17646 -31.0026 -7.66723 -2.39016 
-30.4129 -7.82942 -1.60053 -29.7834 -7.85747 -0.825443 -29.125 -7.79663 -0.0763685 
-28.4309 -7.64673 0.626333 -27.7068 -7.4353 1.28184 -26.9515 -7.16182 1.8768 
-26.1768 -6.8505 2.42637 -25.3846 -6.49573 2.92254 -24.5965 -6.10221 3.39539 
-23.8318 -5.65506 3.85888 -23.0926 -5.15874 4.31319 -22.3981 -4.59829 4.76288 
-21.7444 -3.97672 5.19361 -21.2603 -3.43059 5.52064 -20.6853 -2.71704 5.92072 
-20.1303 -1.98283 6.31147 -19.5911 -1.22648 6.68155 -19.0653 -0.445843 7.01882 
-18.5748 0.371399 7.31965 -18.1252 1.22335 7.58684 -17.7115 2.10535 7.81126 
-17.3296 3.01167 7.99014 -16.9924 3.94454 8.11311 -16.7076 4.89987 8.1823 
-16.4815 5.87349 8.18585 -16.2847 6.85277 8.14283 -16.1165 7.83371 8.04881 
-15.9717 8.81362 7.91316 -15.8454 9.77979 7.6919 -15.7278 10.7203 7.37715 
-15.6128 11.6197 6.9581 -15.505 12.4674 6.44085 -15.4237 13.2514 5.82666 
-15.3687 13.9816 5.14674 -15.3415 14.655 4.40872 -15.337 15.285 3.63241 
-15.3505 15.8748 2.8252 -15.3762 16.4366 1.99849 -15.411 16.9801 1.15979 
-15.4564 17.5218 0.320488 -15.5257 18.0536 -0.523286 -15.6438 18.537 -1.38919 
-15.8404 18.8735 -2.30742 -16.0697 19.0505 -3.25798 -16.3408 18.82 -4.17743 
-16.5944 18.3437 -5.01526 -16.7775 17.804 -5.83637 -16.8953 17.3087 -6.69551 
-16.9607 16.8874 -7.59955 -17.0256 16.5239 -8.52852 -17.1378 16.2107 -9.47083 
-17.2856 15.9649 -10.4282 -17.3494 15.8923 -11.4159 -17.2361 15.9964 -12.3995 
-16.944 16.2308 -13.3248 -16.5973 16.5091 -14.2203 -16.2443 16.8309 -15.0986 
-15.8983 17.1938 -15.9636 -15.5849 17.6567 -16.7909 -28.1876 12.7724 -20.0846 
-28.2709 12.3607 -19.1782 -28.3889 12.0307 -18.2422 -28.5543 11.7381 -17.3006 
-28.7071 11.4261 -16.3636 -28.7958 11.0581 -15.4387 -28.8393 10.6237 -14.5396 
-28.8862 10.1071 -13.6875 -29.1546 9.43926 -13.0057 -29.5779 8.68773 -12.5075 
-30.0463 7.89323 -12.1228 -30.5258 7.07954 -11.7948 -31 6.25 -11.5 
-31.4661 5.40656 -11.2339 -31.9254 4.5435 -11.026 -32.3887 3.66951 -10.8818 
-32.829 2.77572 -10.7991 -33.2399 1.86668 -10.7331 -33.5701 0.936357 -10.587 
-33.8048 0.000461504 -10.3323 -33.9322 -0.921609 -9.97106 -33.9576 -1.81062 -9.51932 
-33.8855 -2.65564 -8.99121 -33.743 -3.45109 -8.40417 -33.5162 -4.19086 -7.77155 
-33.237 -4.88419 -7.10806 -32.9105 -5.52525 -6.41421 -32.54 -6.11699 -5.69904 
-32.1136 -6.65015 -4.96876 -31.6428 -7.13095 -4.2301 -31.1095 -7.52379 -3.4823 
-30.5278 -7.81989 -2.7264 -29.8943 -7.98316 -1.97147 -29.2259 -8.03993 -1.23196 
-28.5262 -7.99276 -0.52031 -27.7947 -7.86475 0.14806 -27.0202 -7.66539 0.747375 
-26.2135 -7.43048 1.28837 -25.3757 -7.15166 1.75681 -24.5224 -6.84205 2.17571 
-23.6753 -6.47045 2.55463 -22.8396 -6.04869 2.90558 -22.0193 -5.57608 3.22584 
-21.2325 -5.03464 3.51979 -20.5129 -4.40649 3.8106 -19.7831 -3.5381 4.18716 
-19.3082 -2.76079 4.59554 -18.9248 -1.96512 5.06432 -18.535 -1.16148 5.51373 
-18.1531 -0.339869 5.93647 -17.7833 0.50903 6.31254 -17.421 1.39507 6.59946 
-17.0784 2.30889 6.81424 -16.7734 3.25281 6.93264 -16.5211 4.21888 6.96956 
-16.3406 5.20073 6.92626 -16.2001 6.18305 6.80806 -16.0684 7.15775 6.62858 
-15.9599 8.12748 6.4111 -15.8855 9.07294 6.09776 -15.8193 9.97866 5.6816 
-15.7446 10.8343 5.17133 -15.6721 11.628 4.57019 -15.621 12.3438 3.87534 
-15.6201 12.9841 3.10875 -15.6799 13.552 2.28873 -15.7812 14.059 1.43342 
-15.8962 14.5143 0.550695 -16.0107 14.9613 -0.336422 -16.1662 15.4372 -1.20169 
-16.3634 15.9093 -2.06067 -16.5665 16.2805 -2.96404 -16.736 16.4251 -3.92853 
-16.8594 16.2271 -4.89426 -16.973 15.8914 -5.82875 -17.0796 15.541 -6.75812 
-17.1971 15.3093 -7.72202 -17.3434 15.1739 -8.70154 -17.5365 15.0669 -9.67665 
-17.7375 14.9679 -10.6507 -17.7872 14.962 -11.6411 -17.5797 15.1346 -12.5957 
-17.2102 15.4115 -13.4812 -16.8001 15.7317 -14.3351 -16.3983 16.0891 -15.178 
-16.0159 16.4944 -16.0081 -15.6611 16.9622 -16.8162 -32.0652 12.2074 -21.0274 
-31.8833 11.7425 -20.1649 -31.6661 11.4168 -19.2472 -31.4272 11.2161 -18.2982 
-31.1909 11.0675 -17.338 -30.9695 10.8413 -16.3914 -30.7819 10.4644 -15.4855 
-30.6329 9.98342 -14.6236 -30.579 9.38999 -13.8245 -30.6712 8.67607 -13.1383 
-30.9837 7.86912 -12.6504 -31.3801 7.03528 -12.2672 -31.7946 6.18306 -11.9494 
-32.2149 5.31602 -11.6821 -32.6248 4.43313 -11.4541 -33.0463 3.54264 -11.2856 
-33.4622 2.6442 -11.1456 -33.8454 1.73659 -10.9761 -34.1583 0.822004 -10.7244 
-34.3802 -0.0879516 -10.3811 -34.482 -0.97382 -9.93192 -34.4931 -1.82995 -9.41703 
-34.415 -2.64454 -8.84418 -34.2533 -3.41371 -8.2274 -34.0151 -4.12868 -7.5712 
-33.726 -4.79768 -6.88713 -33.3855 -5.41134 -6.17519 -33.0099 -5.97829 -5.44271 
-32.5875 -6.48453 -4.69131 -32.1235 -6.93231 -3.92811 -31.6056 -7.28011 -3.1476 
-31.0474 -7.5361 -2.36006 -30.4466 -7.66885 -1.57269 -29.8148 -7.69802 -0.800001 
-29.1498 -7.63137 -0.0575675 -28.4524 -7.48765 0.643547 -27.7164 -7.26594 1.28217 
-26.9546 -6.99718 1.87045 -26.1619 -6.67882 2.38968 -25.3581 -6.32598 2.8682 
-24.5633 -5.92194 3.3204 -23.7875 -5.47712 3.76745 -23.0378 -4.98082 4.20456 
-22.3354 -4.41655 4.63614 -21.6847 -3.77816 5.04565 -21.2028 -3.22173 5.35801 
-20.7501 -2.63943 5.66768 -20.2078 -1.89352 6.05418 -19.6823 -1.12974 6.42874 
-19.1698 -0.343395 6.77293 -18.6849 0.475133 7.07987 -18.2392 1.32826 7.34929 
-17.8301 2.21404 7.56686 -17.4531 3.12484 7.73286 -17.1202 4.06125 7.83926 
-16.8397 5.01901 7.88954 -16.6193 5.9938 7.87385 -16.4268 6.97287 7.81125 
-16.2606 7.952 7.69688 -16.1192 8.92754 7.5309 -15.9979 9.8872 7.28017 
-15.8848 10.8156 6.93009 -15.7703 11.6969 6.47417 -15.6726 12.5201 5.91706 
-15.6041 13.2797 5.27147 -15.5681 13.9794 4.55923 -15.571 14.6176 3.79004 
-15.6 15.2143 2.98838 -15.6574 15.7659 2.15649 -15.7301 16.2921 1.30934 
-15.8093 16.8074 0.456012 -15.9004 17.3308 -0.391079 -16.0312 17.8279 -1.24856 
-16.2087 18.2445 -2.13806 -16.4117 18.4754 -3.08298 -16.6212 18.368 -4.03656 
-16.8002 17.9411 -4.9191 -16.9375 17.4361 -5.77089 -17.0347 16.9542 -6.6408 
-17.1103 16.5595 -7.55527 -17.2098 16.2578 -8.50279 -17.3553 16.0052 -9.45905 
-17.5225 15.8134 -10.4249 -17.6055 15.7291 -11.413 -17.4551 15.8383 -12.3868 
-17.1316 16.0771 -13.3004 -16.7495 16.3668 -14.1778 -16.3712 16.6919 -15.0443 
-16.0078 17.066 -15.8973 -15.6754 17.5155 -16.7243 -32.819 12.5003 -21.4321 
-32.7734 12.1281 -20.9664 -32.5878 11.6574 -20.1066 -32.3487 11.3104 -19.2019 
-32.0579 11.0853 -18.2733 -31.7319 10.9295 -17.3411 -31.4027 10.7158 -16.4233 
-31.1199 10.3738 -15.5296 -30.9211 9.90047 -14.6735 -30.8258 9.31952 -13.8684 
-30.8735 8.62259 -13.1609 -31.1033 7.83138 -12.6063 -31.4788 6.99404 -12.2102 
-31.8754 6.14184 -11.8698 -32.2749 5.27075 -11.5847 -32.6666 4.38342 -11.3428 
-33.0725 3.48759 -11.1636 -33.4828 2.58616 -11.0267 -33.8587 1.67369 -10.8666 
-34.1819 0.75576 -10.6432 -34.3889 -0.156825 -10.296 -34.509 -1.05075 -9.86686 
-34.5177 -1.90479 -9.34963 -34.4513 -2.72484 -8.78276 -34.2966 -3.49437 -8.16453 
-34.0771 -4.22114 -7.51461 -33.7988 -4.89428 -6.82994 -33.4749 -5.51838 -6.11963 
-33.1074 -6.08683 -5.384 -32.7055 -6.6053 -4.63002 -32.2489 -7.04789 -3.85902 
-31.7547 -7.42025 -3.07434 -31.2122 -7.67573 -2.27569 -30.6354 -7.8253 -1.47436 
-30.024 -7.86151 -0.685309 -29.3808 -7.80319 0.0772074 -28.7042 -7.66397 0.799153 
-27.9952 -7.45429 1.47134 -27.2579 -7.17818 2.08713 -26.5042 -6.8561 2.65916 
-25.7326 -6.48583 3.17594 -24.9661 -6.07487 3.66904 -24.2175 -5.61789 4.14914 
-23.4951 -5.11414 4.62189 -22.8069 -4.55885 5.08803 -22.1558 -3.94712 5.53621 
-21.5416 -3.28618 5.96684 -20.9537 -2.59146 6.38091 -20.3855 -1.86929 6.77509 
-19.8257 -1.12775 7.1446 -19.2943 -0.345345 7.46784 -18.7931 0.469639 7.75788 
-18.3316 1.31901 8.01289 -17.9035 2.19476 8.23435 -17.5217 3.10153 8.41109 
-17.1838 4.03319 8.54088 -16.8974 4.98823 8.61056 -16.6539 5.95752 8.62541 
-16.4437 6.93382 8.57993 -16.2539 7.91104 8.4877 -16.091 8.886 8.33842 
-15.9444 9.8551 8.14137 -15.8118 10.8036 7.85677 -15.6882 11.7176 7.47332 
-15.5723 12.5838 6.98956 -15.4727 13.4035 6.42665 -15.4056 14.1645 5.78246 
-15.3623 14.8774 5.08326 -15.3401 15.5404 4.3355 -15.3298 16.1672 3.55669 
-15.3314 16.7509 2.7449 -15.3372 17.3085 1.91492 -15.3458 17.8455 1.07134 
-15.3706 18.3723 0.221878 -15.4356 18.8692 -0.642872 -15.5583 19.2965 -1.53656 
-15.769 19.5508 -2.47548 -16.0458 19.6054 -3.43055 -16.3715 19.3116 -4.31918 
-16.6989 18.8276 -5.12791 -16.9582 18.2909 -5.92935 -17.1213 17.8059 -6.78577 
-17.2109 17.4322 -7.70833 -17.3065 17.1169 -8.65217 -17.4424 16.8307 -9.60044 
-17.5945 16.5777 -10.555 -17.6283 16.4611 -11.5396 -17.454 16.5286 -12.5146 
-17.1062 16.7476 -13.4249 -16.7221 17.0118 -14.3096 -16.3553 17.3234 -15.1858 
-16.0157 17.6898 -16.0515 -15.7237 18.1542 -16.8857 -29.2108 7.52499 -12.7865 
-29.6214 6.88923 -12.5289 -30.1716 6.10175 -12.2522 -30.7624 5.3319 -12.0128 
-31.3701 4.56275 -11.8169 -31.9451 3.76095 -11.6565 -32.4786 2.92583 -11.5254 
-32.9589 2.05679 -11.4098 -33.3826 1.1664 -11.2501 -33.7262 0.267504 -10.9847 
-33.9717 -0.629323 -10.6223 -34.0816 -1.50885 -10.1617 -34.1009 -2.35618 -9.63342 
-34.0332 -3.16278 -9.04815 -33.889 -3.92669 -8.42048 -33.6721 -4.6409 -7.75575 
-33.4002 -5.30703 -7.06205 -33.0789 -5.92444 -6.34476 -32.7085 -6.48841 -5.60728 
-32.2853 -6.99551 -4.85743 -31.8041 -7.43162 -4.09791 -31.273 -7.78608 -3.32962 
-30.6973 -8.02887 -2.55081 -30.0756 -8.14451 -1.77873 -29.4184 -8.15009 -1.02616 
-28.7307 -8.05846 -0.307025 -28.0107 -7.89196 0.36538 -27.255 -7.66741 0.979567 
-26.4683 -7.40065 1.53531 -25.6489 -7.09734 2.02111 -24.824 -6.75935 2.47377 
-24.0043 -6.37553 2.89825 -23.1999 -5.94185 3.3032 -22.4253 -5.44169 3.68939 
-21.6924 -4.87334 4.06062 -21.0289 -4.21854 4.41819 -20.4455 -3.49077 4.77666 
-20.0507 -2.86665 5.08243 -19.5864 -2.07729 5.48406 -19.1325 -1.28775 5.89689 
-18.6868 -0.480039 6.28229 -18.256 0.356869 6.6186 -17.8581 1.23024 6.89744 
-17.4854 2.13273 7.11061 -17.1449 3.06247 7.24525 -16.8522 4.01596 7.30557 
-16.6193 4.98765 7.29953 -16.4331 5.96669 7.22484 -16.267 6.94225 7.08283 
-16.1341 7.91387 6.88934 -16.0356 8.87335 6.62912 -15.9494 9.80543 6.27986 
-15.8684 10.6923 5.82683 -15.7826 11.521 5.27643 -15.7142 12.2793 4.62993 
-15.6847 12.9632 3.90238 -15.7125 13.5739 3.11218 -15.7881 14.1278 2.2839 
-15.9096 14.615 1.4195 -16.0368 15.0624 0.534351 -16.1614 15.5246 -0.343417 
-16.3132 16.0078 -1.2055 -16.4954 16.4561 -2.07973 -16.6741 16.7906 -3.00242 
-16.813 16.8251 -3.97915 -16.9231 16.5786 -4.93658 -17.0288 16.19 -5.85159 
-17.1336 15.8074 -6.76852 -17.2512 15.5551 -7.72749 -17.402 15.4025 -8.70346 
-17.602 15.2869 -9.67627 -17.7938 15.1793 -10.6509 -17.8357 15.1544 -11.6427 
-17.6248 15.3074 -12.5974 -17.2413 15.5844 -13.4772 -16.8244 15.9009 -14.3291 
-16.4197 16.2569 -15.1713 -16.0361 16.6572 -16.0033 -15.6854 17.1293 -16.8108 
-32.3035 12.6208 -21.3662 -32.2411 12.2593 -20.8942 -32.0383 11.8075 -20.0278 
-31.8014 11.4869 -19.1132 -31.547 11.2915 -18.1666 -31.2919 11.1308 -17.2132 
-31.0582 10.8737 -16.2777 -30.8646 10.4956 -15.3737 -30.7254 9.99676 -14.5202 
-30.6816 9.3973 -13.7241 -30.8004 8.66978 -13.0585 -31.1062 7.86066 -12.5686 
-31.4836 7.02094 -12.1794 -31.8796 6.16228 -11.8552 -32.273 5.28549 -11.5791 
-32.6621 4.396 -11.3405 -33.0723 3.49904 -11.1779 -33.4784 2.59574 -11.04 
-33.8443 1.68186 -10.8672 -34.1465 0.76141 -10.6242 -34.3398 -0.151884 -10.2729 
-34.4253 -1.04066 -9.82641 -34.4099 -1.89497 -9.30898 -34.3114 -2.70835 -8.73717 
-34.126 -3.47077 -8.1187 -33.8782 -4.18567 -7.46576 -33.575 -4.84843 -6.78203 
-33.2276 -5.46158 -6.07309 -32.8387 -6.01855 -5.3398 -32.4057 -6.52141 -4.59242 
-31.922 -6.95121 -3.83132 -31.3922 -7.29585 -3.05752 -30.8128 -7.52658 -2.27755 
-30.1981 -7.65411 -1.50033 -29.5453 -7.65657 -0.744141 -28.8641 -7.57918 -0.017504 
-28.1463 -7.41991 0.659144 -27.3934 -7.1989 1.27804 -26.606 -6.92434 1.82866 
-25.7908 -6.61539 2.31796 -24.9719 -6.26365 2.77076 -24.1621 -5.86723 3.20264 
-23.3802 -5.41289 3.62834 -22.6365 -4.88971 4.04283 -21.9521 -4.28349 4.44528 
-21.332 -3.59931 4.82697 -20.9929 -3.15604 5.04665 -20.6733 -2.70073 5.27137 
-20.1654 -1.92948 5.65465 -19.6776 -1.14613 6.0398 -19.197 -0.347267 6.40108 
-18.7365 0.481716 6.71706 -18.3135 1.34838 6.979 -17.9222 2.24654 7.17793 
-17.5639 3.16936 7.31397 -17.2492 4.11532 7.38088 -16.9972 5.08205 7.3632 
-16.7881 6.05553 7.27699 -16.5995 7.02492 7.12131 -16.4272 7.98806 6.91624 
-16.2994 8.93921 6.63783 -16.1937 9.86345 6.27363 -16.0967 10.7369 5.79879 
-15.9946 11.5605 5.24235 -15.9162 12.3131 4.59137 -15.8893 12.9869 3.85449 
-15.926 13.5802 3.05173 -16.0111 14.1085 2.20773 -16.1307 14.5676 1.32776 
-16.2364 14.9941 0.429527 -16.3457 15.4373 -0.459907 -16.4891 15.9008 -1.33416 
-16.659 16.3252 -2.22251 -16.8252 16.6213 -3.16023 -16.96 16.6361 -4.14214 
-17.0793 16.393 -5.09941 -17.206 16.0351 -6.02444 -17.342 15.7313 -6.96551 
-17.4987 15.5862 -7.94061 -17.6912 15.5161 -8.919 -17.9305 15.4354 -9.88626 
-18.1356 15.3332 -10.8586 -18.1105 15.3423 -11.8469 -17.8214 15.5071 -12.7804 
-17.3711 15.7979 -13.624 -16.9156 16.122 -14.4531 -16.4934 16.4846 -15.2836 
-16.0988 16.8965 -16.1046 -15.7485 17.3789 -16.9056 -30.0424 12.6751 -21.0985 
-30.0484 12.1897 -20.2267 -29.9944 11.839 -19.2941 -29.9472 11.608 -18.323 
-29.9506 11.4184 -17.3414 -29.9673 11.1688 -16.3745 -29.9479 10.8159 -15.4402 
-29.9039 10.3655 -14.5494 -29.8951 9.82603 -13.7099 -30.0575 9.14424 -13.0128 
-30.3958 8.3631 -12.4941 -30.834 7.5499 -12.1138 -31.2844 6.72038 -11.7843 
-31.706 5.86544 -11.4829 -32.1227 4.99135 -11.2348 -32.5375 4.10233 -11.043 
-32.959 3.20486 -10.917 -33.3582 2.29443 -10.812 -33.7029 1.36936 -10.6584 
-33.9493 0.435649 -10.4056 -34.0882 -0.487698 -10.0535 -34.1137 -1.37963 -9.60453 
-34.0508 -2.23412 -9.09168 -33.8954 -3.03262 -8.51162 -33.6744 -3.78735 -7.89515 
-33.3842 -4.48396 -7.2396 -33.0513 -5.13183 -6.55519 -32.6722 -5.72759 -5.84778 
-32.2448 -6.26952 -5.1249 -31.7621 -6.74902 -4.39257 -31.2316 -7.16041 -3.65277 
-30.6392 -7.46145 -2.90708 -30.003 -7.66308 -2.16446 -29.3198 -7.73766 -1.43898 
-28.6067 -7.72251 -0.73973 -27.8544 -7.61934 -0.0907706 -27.0644 -7.45728 0.499283 
-26.2313 -7.25073 1.01095 -25.3733 -7.00642 1.46212 -24.5014 -6.70782 1.84893 
-23.6322 -6.35167 2.19032 -22.787 -5.9272 2.51329 -21.9641 -5.44382 2.81012 
-21.2075 -4.86686 3.1107 -20.5377 -4.20081 3.43444 -20.0255 -3.43644 3.81874 
-19.5524 -2.47225 4.35111 -19.2105 -1.65578 4.81612 -18.8674 -0.82679 5.25738 
-18.5104 0.0159455 5.65948 -18.1561 0.891625 5.98488 -17.806 1.79829 6.21709 
-17.4896 2.73459 6.36276 -17.2244 3.69561 6.42462 -17.037 4.67489 6.36998 
-16.903 5.65498 6.22936 -16.7898 6.61734 5.98513 -16.682 7.56046 5.67245 
-16.5976 8.46592 5.25847 -16.515 9.32587 4.75725 -16.4188 10.1074 4.14436 
-16.3186 10.8057 3.43718 -16.2383 11.4027 2.64024 -16.1808 11.9144 1.78452 
-16.1273 12.3419 0.882855 -16.0629 12.6965 -0.0492895 -16.0007 12.9997 -1.00013 
-16.0159 13.3521 -1.93236 -16.2325 13.8807 -2.74369 -16.5549 14.4484 -3.49918 
-16.8763 14.8289 -4.35655 -17.1433 14.9482 -5.30546 -17.3778 14.9152 -6.27663 
-17.5937 14.9204 -7.25241 -17.8082 14.9932 -8.22628 -18.0573 15.0651 -9.19173 
-18.3389 15.0833 -10.1508 -18.5512 15.1065 -11.126 -18.4478 15.2326 -12.0909 
-17.9995 15.482 -12.9385 -17.4952 15.7953 -13.7429 -17.0089 16.1348 -14.5479 
-16.5687 16.5117 -15.3623 -16.1616 16.9368 -16.1705 -15.8088 17.4326 -16.9623 
-28.9547 12.2596 -21.1003 -29.046 11.7932 -20.2215 -29.0967 11.417 -19.298 
-29.1396 11.167 -18.3316 -29.2091 10.9599 -17.3559 -29.2641 10.6982 -16.3935 
-29.2358 10.3432 -15.4612 -29.1083 9.89855 -14.5759 -28.9926 9.36044 -13.745 
-29.209 8.65861 -13.0906 -29.6206 7.88398 -12.6201 -30.1133 7.08512 -12.2771 
-30.6393 6.28516 -11.9889 -31.1804 5.48081 -11.7442 -31.7111 4.65708 -11.5459 
-32.2344 3.81695 -11.4056 -32.729 2.95469 -11.2997 -33.1858 2.07031 -11.2081 
-33.5901 1.17029 -11.052 -33.9068 0.262558 -10.7832 -34.1214 -0.642399 -10.4215 
-34.2088 -1.51968 -9.95278 -34.2035 -2.36406 -9.41953 -34.1146 -3.16564 -8.83008 
-33.9443 -3.9194 -8.19686 -33.7052 -4.62301 -7.52829 -33.4187 -5.28164 -6.83326 
-33.0829 -5.88815 -6.11347 -32.7036 -6.44265 -5.37329 -32.2672 -6.93401 -4.6204 
-31.7778 -7.35317 -3.85682 -31.2388 -7.68051 -3.08232 -30.6558 -7.89425 -2.30001 
-30.0324 -7.98587 -1.52539 -29.3782 -7.97356 -0.770346 -28.6902 -7.86558 -0.0539309 
-27.97 -7.69116 0.616199 -27.2113 -7.45348 1.22167 -26.4251 -7.17474 1.7726 
-25.612 -6.86427 2.26441 -24.7973 -6.51155 2.7241 -23.9924 -6.10934 3.15943 
-23.2118 -5.65437 3.58731 -22.4647 -5.13171 3.99645 -21.7733 -4.53456 4.40088 
-21.1514 -3.85362 4.7836 -20.4939 -2.95623 5.23238 -19.9875 -2.18598 5.61973 
-19.5025 -1.40559 6.01441 -19.024 -0.6096 6.38441 -18.5655 0.216683 6.71066 
-18.1413 1.07535 6.99648 -17.7519 1.96982 7.21468 -17.3879 2.88639 7.3763 
-17.0689 3.82932 7.46454 -16.8022 4.79204 7.49124 -16.5955 5.76872 7.44356 
-16.4126 6.74638 7.34261 -16.2554 7.72085 7.18467 -16.1342 8.68896 6.96892 
-16.037 9.62984 6.6465 -15.9448 10.5409 6.24724 -15.8485 11.3935 5.73635 
-15.7653 12.1866 5.1348 -15.7174 12.9031 4.44021 -15.7125 13.5584 3.68603 
-15.7684 14.1394 2.87485 -15.8688 14.6659 2.03124 -16.0024 15.1407 1.16157 
-16.1286 15.5981 0.281399 -16.2562 16.0741 -0.588623 -16.4107 16.5523 -1.45296 
-16.5861 16.9641 -2.34638 -16.7497 17.2312 -3.28905 -16.874 17.1236 -4.2655 
-16.9771 16.7831 -5.19643 -17.0785 16.3565 -6.09502 -17.1824 15.9841 -7.01624 
-17.3041 15.7427 -7.97718 -17.4626 15.5834 -8.9511 -17.6699 15.4475 -9.91977 
-17.8468 15.3283 -10.8955 -17.8116 15.3423 -11.885 -17.545 15.5251 -12.8237 
-17.141 15.8143 -13.6907 -16.7232 16.1321 -14.5416 -16.3261 16.4971 -15.3834 
-15.9485 16.9041 -16.215 -15.6093 17.3917 -17.0178 -28.6872 12.3194 -21.0378 
-28.7837 11.848 -20.1624 -28.8459 11.475 -19.2383 -28.9072 11.2033 -18.2787 
-29.0007 10.9757 -17.3095 -29.0809 10.7114 -16.3494 -29.0561 10.3456 -15.4207 
-28.9368 9.9101 -14.5305 -28.8794 9.35984 -13.7073 -29.1208 8.66264 -13.0559 
-29.5523 7.88601 -12.6028 -30.043 7.08855 -12.254 -30.5711 6.28849 -11.9698 
-31.1132 5.48596 -11.7209 -31.6464 4.66308 -11.5262 -32.1755 3.82718 -11.3832 
-32.673 2.96578 -11.2841 -33.1348 2.08323 -11.1986 -33.5391 1.18268 -11.0473 
-33.8735 0.275333 -10.799 -34.0797 -0.629512 -10.4321 -34.1779 -1.51064 -9.97425 
-34.165 -2.35309 -9.43702 -34.0845 -3.15736 -8.84987 -33.9123 -3.91149 -8.21755 
-33.6832 -4.6236 -7.55478 -33.3917 -5.27719 -6.85698 -33.0582 -5.88677 -6.13857 
-32.6774 -6.43985 -5.39808 -32.2436 -6.9354 -4.64662 -31.75 -7.3513 -3.88361 
-31.2127 -7.68852 -3.11218 -30.6252 -7.89891 -2.33186 -30.0009 -7.99785 -1.55935 
-29.3424 -7.98371 -0.808034 -28.6533 -7.88116 -0.0919628 -27.9283 -7.70339 0.57223 
-27.1683 -7.47264 1.17888 -26.3764 -7.19524 1.72207 -25.5615 -6.88924 2.2134 
-24.7428 -6.53757 2.66676 -23.9311 -6.13986 3.09382 -23.148 -5.67997 3.51162 
-22.3895 -5.16738 3.91301 -21.6922 -4.56952 4.30609 -21.0606 -3.89461 4.68303 
-20.7197 -3.45285 4.90364 -20.3083 -2.83712 5.20596 -19.8218 -2.0565 5.59813 
-19.3492 -1.27072 5.9971 -18.8836 -0.467479 6.36797 -18.4385 0.366414 6.69335 
-18.0293 1.23556 6.96868 -17.6478 2.13521 7.17904 -17.2901 3.05589 7.33273 
-16.9751 4.00067 7.41629 -16.7137 4.96483 7.4382 -16.5122 5.94237 7.38656 
-16.3333 6.92032 7.28104 -16.1813 7.89562 7.12299 -16.0634 8.86635 6.91594 
-15.9687 9.81021 6.60235 -15.8766 10.7129 6.18589 -15.7843 11.555 5.65712 
-15.7064 12.3389 5.04228 -15.6669 13.0436 4.33542 -15.6707 13.6859 3.57024 
-15.7277 14.2658 2.7582 -15.8323 14.7898 1.91349 -15.9643 15.267 1.0449 
-16.0924 15.7312 0.168564 -16.2285 16.2173 -0.694604 -16.3902 16.6943 -1.55816 
-16.5685 17.0992 -2.45301 -16.7325 17.3275 -3.4046 -16.8561 17.1662 -4.37419 
-16.9595 16.7954 -5.29446 -17.0577 16.3597 -6.18898 -17.1562 15.9846 -7.1096 
-17.2736 15.731 -8.06832 -17.4325 15.5597 -9.04003 -17.6323 15.4194 -10.0097 
-17.7903 15.3111 -10.9898 -17.7337 15.3511 -11.9774 -17.4575 15.5509 -12.911 
-17.0585 15.8429 -13.7797 -16.6488 16.1637 -14.6334 -16.2583 16.5318 -15.477 
-15.8867 16.9433 -16.3089 -15.5584 17.4503 -17.1044 -28.9736 12.5711 -21.4591 
-29.0437 12.2604 -20.9508 -29.1175 11.8104 -20.062 -29.1551 11.4601 -19.128 
-29.195 11.2186 -18.159 -29.2675 11.0074 -17.1843 -29.3146 10.7365 -16.2249 
-29.2816 10.3675 -15.2975 -29.1685 9.90729 -14.418 -29.1125 9.34221 -13.6014 
-29.3801 8.62026 -12.9833 -29.8027 7.83698 -12.5343 -30.2948 7.03554 -12.1964 
-30.8171 6.23252 -11.91 -31.3391 5.41665 -11.6622 -31.8528 4.58183 -11.4662 
-32.3639 3.73541 -11.3186 -32.8488 2.86696 -11.2186 -33.3051 1.98195 -11.1316 
-33.7048 1.07962 -10.9764 -34.0284 0.170677 -10.7196 -34.2407 -0.731086 -10.3519 
-34.3407 -1.60864 -9.88574 -34.3493 -2.45121 -9.3498 -34.2686 -3.24866 -8.75311 
-34.1102 -4.00385 -8.11856 -33.8871 -4.71054 -7.44838 -33.6101 -5.36649 -6.74688 
-33.2781 -5.96761 -6.02045 -32.9115 -6.52439 -5.27565 -32.4956 -7.02108 -4.5146 
-32.0334 -7.45543 -3.74216 -31.5178 -7.7874 -2.95383 -30.964 -8.01281 -2.15388 
-30.3702 -8.11277 -1.35751 -29.7443 -8.11153 -0.578949 -29.0851 -8.01268 0.165864 
-28.3983 -7.84652 0.872426 -27.6786 -7.60915 1.52339 -26.9342 -7.31699 2.12337 
-26.1714 -6.97972 2.67462 -25.4003 -6.60969 3.19228 -24.6387 -6.18955 3.68513 
-23.8951 -5.72797 4.16854 -23.1828 -5.21272 4.64439 -22.5023 -4.65311 5.11664 
-21.8667 -4.02858 5.56978 -21.2615 -3.36064 6.0022 -20.6835 -2.65621 6.41366 
-20.1192 -1.9286 6.80364 -19.5659 -1.17826 7.16459 -19.035 -0.393726 7.48392 
-18.541 0.42747 7.76829 -18.0831 1.27813 8.02585 -17.6658 2.15945 8.24612 
-17.2875 3.06662 8.42794 -16.9588 4.00184 8.55503 -16.6786 4.95855 8.62632 
-16.4454 5.93049 8.63424 -16.2383 6.90765 8.5925 -16.0574 7.88586 8.49379 
-15.8998 8.86208 8.3469 -15.763 9.82792 8.12936 -15.6379 10.7759 7.83949 
-15.5222 11.686 7.44381 -15.4111 12.5508 6.95608 -15.3173 13.3628 6.38176 
-15.2489 14.1251 5.7389 -15.2076 14.8288 5.03035 -15.1836 15.4902 4.28107 
-15.1724 16.1124 3.4986 -15.1718 16.6991 2.68898 -15.1789 17.2566 1.85889 
-15.1917 17.8008 1.02002 -15.2221 18.338 0.17726 -15.2921 18.8464 -0.680365 
-15.4215 19.2739 -1.57257 -15.6186 19.5639 -2.50552 -15.8879 19.6096 -3.459 
-16.2152 19.3524 -4.35757 -16.5536 18.8454 -5.14843 -16.839 18.3016 -5.93658 
-17.0082 17.803 -6.784 -17.0908 17.3962 -7.69258 -17.1668 17.0527 -8.62844 
-17.2816 16.7437 -9.57212 -17.4127 16.5017 -10.5319 -17.464 16.3864 -11.5188 
-17.2984 16.4746 -12.4939 -16.9873 16.6862 -13.419 -16.6268 16.9517 -14.3131 
-16.2712 17.2571 -15.1961 -15.942 17.6281 -16.0637 -15.6501 18.0934 -16.8972 
-28.7383 12.9099 -21.2417 -28.8054 12.5013 -20.5575 -28.8654 12.068 -19.66 
-28.921 11.741 -18.7175 -29.014 11.4844 -17.7559 -29.126 11.2305 -16.7954 
-29.1768 10.9076 -15.852 -29.1623 10.5014 -14.9393 -29.1068 10.0237 -14.0637 
-29.1785 9.42079 -13.2852 -29.5249 8.68971 -12.7164 -29.9793 7.90009 -12.3074 
-30.4654 7.09281 -11.9736 -30.957 6.27259 -11.6814 -31.4382 5.43631 -11.4193 
-31.916 4.58011 -11.225 -32.3932 3.71182 -11.0925 -32.8531 2.8276 -11.014 
-33.2839 1.92904 -10.9385 -33.6382 1.01092 -10.7711 -33.8969 0.0866584 -10.4986 
-34.0384 -0.826069 -10.12 -34.0831 -1.70935 -9.65661 -34.0189 -2.54661 -9.11564 
-33.8784 -3.33662 -8.52052 -33.6631 -4.07781 -7.88594 -33.3939 -4.77351 -7.22074 
-33.0694 -5.41143 -6.52306 -32.6978 -5.99581 -5.80238 -32.2771 -6.52803 -5.06844 
-31.8014 -6.99539 -4.32419 -31.2687 -7.38341 -3.57297 -30.6889 -7.67684 -2.81484 
-30.0621 -7.85131 -2.05778 -29.3976 -7.91468 -1.31451 -28.6979 -7.86752 -0.602867 
-27.9674 -7.7472 0.0677032 -27.1952 -7.5583 0.673276 -26.3843 -7.32726 1.20972 
-25.5444 -7.05743 1.67968 -24.6871 -6.75251 2.09342 -23.8373 -6.38728 2.47213 
-23.0027 -5.96856 2.82914 -22.1902 -5.4837 3.15111 -21.4266 -4.92537 3.47148 
-20.7513 -4.26766 3.79892 -20.1024 -3.35966 4.23136 -19.6745 -2.55906 4.64854 
-19.2932 -1.7458 5.0879 -18.913 -0.927665 5.51919 -18.5287 -0.0943707 5.91567 
-18.1503 0.768162 6.24986 -17.7838 1.66584 6.49167 -17.4399 2.58807 6.66453 
-17.1492 3.54127 6.73343 -16.9161 4.51214 6.71194 -16.7506 5.49062 6.59533 
-16.6108 6.46123 6.40281 -16.4818 7.41332 6.12817 -16.3818 8.34058 5.76949 
-16.2947 9.23386 5.33027 -16.1993 10.0778 4.80465 -16.095 10.8461 4.17575 
-16.0053 11.5252 3.44973 -15.9649 12.0974 2.63159 -15.9625 12.5978 1.76674 
-15.97 13.0193 0.86079 -15.9707 13.3849 -0.0698265 -16 13.75 -1 
-16.0947 14.1582 -1.90654 -16.3255 14.6452 -2.74739 -16.601 15.0822 -3.60009 
-16.849 15.2592 -4.54204 -17.0514 15.1918 -5.5163 -17.2288 15.0419 -6.48868 
-17.4002 14.9614 -7.46966 -17.5861 14.9583 -8.45199 -17.8133 14.9592 -9.42555 
-18.0574 14.909 -10.3932 -18.1894 14.8727 -11.3784 -18.0122 14.997 -12.3457 
-17.6252 15.2401 -13.23 -17.1631 15.5651 -14.055 -16.7196 15.917 -14.8791 
-16.3035 16.3138 -15.6968 -15.9173 16.76 -16.5034 -15.6428 17.1769 -17.1282 
-30.2491 12.4326 -21.3243 -30.2812 12.0314 -20.635 -30.2401 11.6403 -19.7179 
-30.156 11.3815 -18.7574 -30.1115 11.2075 -17.7742 -30.0979 11.0197 -16.7927 
-30.0557 10.7125 -15.8438 -29.9841 10.3008 -14.9366 -29.9256 9.77721 -14.0892 
-29.9868 9.13071 -13.3383 -30.2674 8.35805 -12.7757 -30.6791 7.5515 -12.3594 
-31.1494 6.7323 -12.0323 -31.6118 5.89429 -11.7434 -32.0659 5.03539 -11.5079 
-32.5139 4.16208 -11.3176 -32.9596 3.27713 -11.1846 -33.393 2.38281 -11.0753 
-33.7757 1.47397 -10.9135 -34.0874 0.55788 -10.6682 -34.2832 -0.3513 -10.3081 
-34.375 -1.23655 -9.8551 -34.3639 -2.08534 -9.3294 -34.2663 -2.89102 -8.7469 
-34.0876 -3.64926 -8.12105 -33.8431 -4.35877 -7.46102 -33.5457 -5.01738 -6.77065 
-33.2045 -5.62792 -6.05666 -32.8148 -6.17446 -5.31582 -32.3815 -6.67197 -4.56499 
-31.8991 -7.0972 -3.80036 -31.3706 -7.4376 -3.02413 -30.7917 -7.65645 -2.2405 
-30.1783 -7.77158 -1.46028 -29.5296 -7.76715 -0.700468 -28.8492 -7.674 0.024748 
-28.1336 -7.50601 0.701635 -27.3836 -7.27659 1.32099 -26.6009 -6.99455 1.87472 
-25.7929 -6.67865 2.37147 -24.9807 -6.32041 2.83131 -24.1776 -5.91863 3.27041 
-23.4058 -5.45318 3.70322 -22.6674 -4.92928 4.12598 -21.9864 -4.32581 4.53872 
-21.3667 -3.64451 4.92583 -21.0215 -3.2074 5.1487 -20.69 -2.7609 5.37394 
-20.1682 -1.99957 5.75848 -19.666 -1.22507 6.14297 -19.1716 -0.434888 6.50468 
-18.6957 0.382385 6.8286 -18.2584 1.23691 7.10731 -17.8527 2.12172 7.33498 
-17.4808 3.03505 7.4976 -17.1498 3.97266 7.5982 -16.8733 4.93213 7.63432 
-16.6516 5.90639 7.60785 -16.462 6.88409 7.52036 -16.2928 7.86061 7.389 
-16.1593 8.8317 7.19398 -16.0476 9.78588 6.92045 -15.9465 10.7008 6.53182 
-15.8403 11.569 6.04959 -15.7533 12.3706 5.46048 -15.6949 13.1096 4.79049 
-15.685 13.7731 4.04361 -15.719 14.3797 3.25014 -15.7957 14.9313 2.42009 
-15.9086 15.4415 1.56772 -16.0318 15.917 0.696738 -16.1524 16.4001 -0.17045 
-16.2849 16.892 -1.03087 -16.444 17.3474 -1.906 -16.6141 17.6671 -2.83506 
-16.7703 17.7374 -3.80791 -16.8984 17.4231 -4.74078 -17.0074 16.9739 -5.62688 
-17.1016 16.5275 -6.51587 -17.1971 16.17 -7.44363 -17.3178 15.9213 -8.40388 
-17.486 15.7344 -9.37135 -17.6838 15.5739 -10.3379 -17.7941 15.4804 -11.3228 
-17.646 15.5775 -12.2987 -17.3148 15.8107 -13.2087 -16.9063 16.1124 -14.07 
-16.5056 16.4444 -14.9238 -16.1259 16.8249 -15.7667 -15.7689 17.258 -16.5932 
-15.5212 17.6805 -17.2251 -32.3241 12.6558 -21.4398 -32.2705 12.286 -20.973 
-32.0746 11.8208 -20.1123 -31.841 11.4824 -19.203 -31.5861 11.2831 -18.2577 
-31.3288 11.126 -17.3043 -31.0874 10.8817 -16.3672 -30.8793 10.5251 -15.4576 
-30.7232 10.057 -14.589 -30.6404 9.50113 -13.7652 -30.7145 8.80879 -13.0525 
-30.9694 8.02649 -12.5008 -31.3589 7.19691 -12.1026 -31.7535 6.34635 -11.7557 
-32.1398 5.47498 -11.4538 -32.5187 4.58668 -11.1954 -32.9103 3.68633 -11.0077 
-33.3121 2.78089 -10.8726 -33.6744 1.86075 -10.7272 -33.9779 0.930554 -10.5249 
-34.1856 0.00158417 -10.2258 -34.3019 -0.91026 -9.83548 -34.3001 -1.78066 -9.34645 
-34.2233 -2.61565 -8.80328 -34.0601 -3.39704 -8.20241 -33.8313 -4.13111 -7.56398 
-33.543 -4.81131 -6.89069 -33.2105 -5.44189 -6.19026 -32.8359 -6.01897 -5.46514 
-32.4197 -6.54224 -4.72225 -31.9495 -6.99535 -3.96543 -31.4349 -7.37004 -3.19594 
-30.8718 -7.64134 -2.4169 -30.2709 -7.80072 -1.63546 -29.6327 -7.83698 -0.867755 
-28.9642 -7.77407 -0.127958 -28.2609 -7.62477 0.565824 -27.5276 -7.41575 1.21186 
-26.7605 -7.14538 1.79292 -25.9722 -6.84351 2.32836 -25.1694 -6.49311 2.81026 
-24.3696 -6.10615 3.26856 -23.5967 -5.65876 3.71777 -22.8487 -5.16107 4.15594 
-22.1499 -4.59409 4.59066 -21.5009 -3.9571 5.00462 -21.1395 -3.54038 5.24026 
-20.6838 -2.96111 5.55113 -20.14 -2.21773 5.94033 -19.6177 -1.45524 6.32194 
-19.1038 -0.675595 6.67919 -18.6148 0.135185 7.00025 -18.1669 0.981561 7.28681 
-17.7542 1.85971 7.52723 -17.3711 2.7636 7.71502 -17.0279 3.69349 7.84338 
-16.7372 4.64684 7.91486 -16.5063 5.61926 7.92689 -16.3124 6.59914 7.88696 
-16.1436 7.58052 7.79849 -16.0016 8.56118 7.66541 -15.8803 9.52979 7.45343 
-15.7717 10.4733 7.14371 -15.6634 11.3699 6.7174 -15.562 12.2149 6.19464 
-15.4847 12.9964 5.5767 -15.4344 13.7155 4.88503 -15.4162 14.3778 4.13664 
-15.4261 14.9944 3.3498 -15.4606 15.5704 2.53339 -15.5145 16.1164 1.69745 
-15.5808 16.6444 0.850781 -15.6565 17.1809 0.0103415 -15.7626 17.7053 -0.834191 
-15.9114 18.1809 -1.69946 -16.1214 18.4986 -2.62044 -16.3437 18.5677 -3.57902 
-16.562 18.2438 -4.4896 -16.7336 17.7388 -5.33434 -16.855 17.2289 -6.18554 
-16.9354 16.7645 -7.06674 -17.0011 16.3838 -7.9887 -17.094 16.0553 -8.92818 
-17.2411 15.7971 -9.88221 -17.3814 15.6416 -10.8577 -17.364 15.6771 -11.8495 
-17.1542 15.8636 -12.8036 -16.8212 16.1334 -13.7065 -16.4617 16.4384 -14.5882 
-16.1059 16.7837 -15.4564 -15.7609 17.181 -16.306 -15.4535 17.689 -17.1095 
-30.0987 7.09959 -12.8905 -30.4017 6.62213 -12.69 -30.9424 5.83533 -12.394 
-31.5161 5.05278 -12.1544 -32.1035 4.2631 -11.978 -32.6612 3.44825 -11.8225 
-33.1676 2.59736 -11.6852 -33.6212 1.72353 -11.5129 -34.0126 0.83605 -11.2736 
-34.3382 -0.049202 -10.9471 -34.5466 -0.922388 -10.5111 -34.6508 -1.77464 -10.001 
-34.6519 -2.59179 -9.42575 -34.5813 -3.37661 -8.81147 -34.4224 -4.11567 -8.15848 
-34.2008 -4.81043 -7.4749 -33.9195 -5.44937 -6.75956 -33.5962 -6.04631 -6.02589 
-33.2272 -6.58823 -5.27142 -32.8144 -7.06763 -4.49768 -32.3526 -7.4778 -3.71218 
-31.8474 -7.79548 -2.91127 -31.3054 -8.00089 -2.09795 -30.7292 -8.09995 -1.28754 
-30.1163 -8.09281 -0.49888 -29.4697 -7.99747 0.256936 -28.7897 -7.82811 0.969156 
-28.0805 -7.59433 1.63322 -27.3455 -7.29497 2.24134 -26.5977 -6.9526 2.8094 
-25.838 -6.56504 3.33111 -25.0852 -6.14109 3.8343 -24.3522 -5.66731 4.32212 
-23.643 -5.15243 4.80303 -22.9691 -4.5844 5.27484 -22.3253 -3.97102 5.73153 
-21.7187 -3.30499 6.16511 -21.0205 -2.46664 6.66435 -20.448 -1.75108 7.06445 
-19.8915 -1.00327 7.42593 -19.3603 -0.220104 7.74768 -18.8591 0.597188 8.03114 
-18.3913 1.44369 8.28419 -17.9687 2.32468 8.49546 -17.5859 3.23067 8.67361 
-17.2566 4.16626 8.79721 -16.972 5.1219 8.86525 -16.7302 6.0918 8.87296 
-16.5142 7.0669 8.82866 -16.32 8.04243 8.72882 -16.1473 9.01549 8.57798 
-15.9939 9.98088 8.36858 -15.8545 10.9304 8.08989 -15.7273 11.8489 7.71824 
-15.6098 12.7251 7.25307 -15.509 13.553 6.70283 -15.4335 14.3368 6.08706 
-15.3853 15.0648 5.40397 -15.3542 15.7509 4.6776 -15.3361 16.3948 3.91305 
-15.3279 16.9965 3.11466 -15.323 17.5575 2.28703 -15.3174 18.0955 1.44416 
-15.3251 18.616 0.59048 -15.3648 19.1118 -0.276628 -15.4678 19.5361 -1.1748 
-15.6453 19.8372 -2.10856 -15.9166 19.9237 -3.06164 -16.2533 19.7578 -3.98011 
-16.6177 19.3392 -4.80725 -16.9785 18.816 -5.57879 -17.2552 18.3257 -6.40077 
-17.4176 17.9354 -7.30484 -17.5414 17.6485 -8.25436 -17.6943 17.382 -9.2058 
-17.8843 17.1016 -10.1466 -18.0368 16.8398 -11.0986 -17.9422 16.7668 -12.0759 
-17.5862 16.9165 -12.9887 -17.1522 17.1653 -13.8543 -16.7402 17.4464 -14.7207 
-16.3733 17.7786 -15.5888 -16.0466 18.1813 -16.4431 -28.3636 12.5583 -20.2049 
-28.4245 12.2213 -19.4825 -28.5163 11.8868 -18.5453 -28.6491 11.604 -17.5956 
-28.7915 11.3204 -16.6478 -28.8687 10.9764 -15.7132 -28.8863 10.5631 -14.8036 
-28.8721 10.0801 -13.9294 -29.045 9.45521 -13.1894 -29.4476 8.71264 -12.6617 
-29.9115 7.9239 -12.2611 -30.4011 7.11599 -11.9338 -30.8888 6.29366 -11.6409 
-31.3706 5.45792 -11.3781 -31.8484 4.60191 -11.1834 -32.3294 3.73506 -11.055 
-32.7908 2.85135 -10.9806 -33.2188 1.95098 -10.9095 -33.5727 1.03099 -10.7523 
-33.8293 0.10421 -10.4867 -33.9686 -0.811315 -10.114 -33.9952 -1.6943 -9.64954 
-33.9207 -2.5333 -9.11192 -33.7738 -3.32531 -8.52108 -33.5525 -4.06835 -7.8907 
-33.2784 -4.76624 -7.22982 -32.948 -5.40516 -6.53576 -32.5716 -5.99357 -5.82088 
-32.1436 -6.52833 -5.093 -31.6639 -7.00465 -4.35707 -31.119 -7.39309 -3.61523 
-30.5257 -7.68719 -2.86776 -29.8783 -7.85439 -2.12624 -29.1949 -7.92242 -1.40034 
-28.4768 -7.88441 -0.706756 -27.7219 -7.76881 -0.0629063 -26.9259 -7.59376 0.515119 
-26.0929 -7.38032 1.02409 -25.2316 -7.12253 1.46092 -24.3589 -6.81777 1.84108 
-23.4872 -6.45064 2.16394 -22.6368 -6.02087 2.46587 -21.8097 -5.52979 2.73722 
-21.0306 -4.96737 3.00722 -20.3471 -4.30606 3.30885 -19.727 -3.39952 3.77546 
-19.342 -2.60667 4.24483 -19.006 -1.79839 4.72813 -18.6608 -0.97515 5.17836 
-18.3039 -0.134745 5.58529 -17.9543 0.737289 5.9254 -17.6152 1.64637 6.16531 
-17.2979 2.57885 6.33318 -17.0441 3.54286 6.3916 -16.858 4.52343 6.35347 
-16.7366 5.50614 6.21996 -16.6329 6.47536 6.00065 -16.5325 7.42356 5.70048 
-16.4511 8.34525 5.32368 -16.3717 9.22307 4.85389 -16.2768 10.0379 4.2852 
-16.1734 10.7499 3.59265 -16.0886 11.3672 2.81247 -16.0335 11.8889 1.96285 
-15.9917 12.3342 1.06876 -15.9417 12.7031 0.14136 -15.8871 13.0201 -0.805341 
-15.8936 13.3632 -1.74162 -16.0592 13.8312 -2.60284 -16.3635 14.3801 -3.37985 
-16.6942 14.8249 -4.2037 -16.9548 14.9433 -5.15562 -17.1667 14.887 -6.12916 
-17.3459 14.8306 -7.11067 -17.5184 14.8376 -8.09541 -17.7265 14.856 -9.07302 
-17.9733 14.8318 -10.0412 -18.1534 14.7854 -11.0207 -18.1094 14.8428 -12.0081 
-17.7844 15.0487 -12.9245 -17.334 15.3517 -13.7632 -16.8811 15.6948 -14.5859 
-16.4533 16.0732 -15.4065 -16.0549 16.5055 -16.2152 -15.6968 17.0037 -17.0035 
-30.0683 7.48074 -12.9446 -30.4453 6.83735 -12.6569 -30.9676 6.04108 -12.3532 
-31.5227 5.24766 -12.1055 -32.0985 4.44947 -11.9298 -32.6405 3.62422 -11.7734 
-33.1425 2.77036 -11.6376 -33.5981 1.89522 -11.4781 -33.9921 1.00514 -11.2524 
-34.3226 0.116703 -10.9395 -34.5395 -0.760756 -10.5166 -34.6507 -1.61803 -10.0165 
-34.6583 -2.4404 -9.44884 -34.5945 -3.22987 -8.83982 -34.4439 -3.97636 -8.19329 
-34.2272 -4.67797 -7.51533 -33.9485 -5.32144 -6.80308 -33.6272 -5.92322 -6.07246 
-33.2623 -6.47133 -5.32038 -32.8544 -6.95976 -4.54986 -32.3975 -7.37689 -3.76512 
-31.8993 -7.71228 -2.96699 -31.3622 -7.93465 -2.15467 -30.7915 -8.04763 -1.34261 
-30.1835 -8.05113 -0.55007 -29.5427 -7.96714 0.21201 -28.8673 -7.80824 0.930746 
-28.1618 -7.58429 1.60247 -27.4291 -7.29013 2.21528 -26.6824 -6.94997 2.78622 
-25.9228 -6.56514 3.31022 -25.1683 -6.14575 3.81462 -24.4329 -5.67655 4.30323 
-23.7215 -5.16462 4.78397 -23.0437 -4.60115 5.25561 -22.3974 -3.98973 5.71142 
-21.7858 -3.32957 6.14688 -21.085 -2.49294 6.64533 -20.5134 -1.77165 7.03609 
-19.9607 -1.01785 7.39057 -19.4312 -0.231518 7.70825 -18.9371 0.592573 7.9841 
-18.4762 1.44539 8.22881 -18.0564 2.32862 8.43527 -17.6827 3.24076 8.60196 
-17.3551 4.17763 8.71863 -17.0736 5.13474 8.77823 -16.8401 6.10681 8.77013 
-16.6264 7.08206 8.7184 -16.435 8.05726 8.60968 -16.2636 9.02938 8.45169 
-16.1122 9.99156 8.2274 -15.9728 10.9377 7.93654 -15.8424 11.8517 7.55501 
-15.7204 12.7267 7.08815 -15.6183 13.5516 6.53429 -15.5449 14.3283 5.90939 
-15.4997 15.0496 5.21889 -15.4732 15.7269 4.48425 -15.4603 16.3628 3.71292 
-15.4573 16.9556 2.90786 -15.4559 17.509 2.07517 -15.4529 18.0407 1.22823 
-15.4648 18.5546 0.370717 -15.5119 19.0426 -0.500585 -15.6323 19.4436 -1.40568 
-15.8392 19.6988 -2.34621 -16.1304 19.7277 -3.29634 -16.4605 19.4984 -4.20391 
-16.7976 19.0251 -5.01572 -17.0983 18.4967 -5.80854 -17.2986 18.0339 -6.66901 
-17.4229 17.6842 -7.59594 -17.5494 17.4121 -8.54959 -17.714 17.1505 -9.50047 
-17.887 16.8893 -10.4496 -17.9692 16.6879 -11.4203 -17.7782 16.707 -12.3872 
-17.3894 16.9075 -13.2837 -16.9643 17.1737 -14.1487 -16.5701 17.4699 -15.0184 
-16.219 17.8299 -15.882 -15.9137 18.2654 -16.7268 -32.5258 12.1645 -21.1358 
-32.3529 11.6785 -20.2821 -32.1289 11.3194 -19.3784 -31.8516 11.1136 -18.4412 
-31.5564 10.9627 -17.4979 -31.2652 10.7601 -16.5643 -31.0198 10.4164 -15.6613 
-30.8347 9.9377 -14.8048 -30.7371 9.35784 -14 -30.804 8.63969 -13.3127 
-31.0621 7.83966 -12.7884 -31.4344 7.00136 -12.3919 -31.8419 6.14863 -12.0671 
-32.2715 5.28365 -11.8081 -32.6909 4.40551 -11.5788 -33.1214 3.51865 -11.4124 
-33.5401 2.62365 -11.259 -33.9259 1.7202 -11.0743 -34.2593 0.813331 -10.8202 
-34.488 -0.0872828 -10.4581 -34.615 -0.969128 -10.0071 -34.64 -1.81726 -9.48036 
-34.5791 -2.62918 -8.90149 -34.4247 -3.39242 -8.27495 -34.2046 -4.11184 -7.6175 
-33.9226 -4.7774 -6.92728 -33.598 -5.39801 -6.21389 -33.2278 -5.96219 -5.4765 
-32.82 -6.4729 -4.72013 -32.3655 -6.91622 -3.9488 -31.8661 -7.27466 -3.16087 
-31.3247 -7.53287 -2.36197 -30.7487 -7.68836 -1.56111 -30.1358 -7.72634 -0.77396 
-29.4887 -7.66891 -0.0145645 -28.8067 -7.5294 0.70239 -28.0918 -7.32003 1.36823 
-27.3492 -7.04754 1.97908 -26.583 -6.72509 2.53405 -25.7996 -6.36201 3.03781 
-25.0196 -5.95697 3.51417 -24.2605 -5.50106 3.97839 -23.528 -4.9969 4.43487 
-22.834 -4.43093 4.879 -22.1791 -3.80394 5.2999 -21.5684 -3.12484 5.70638 
-20.9871 -2.41394 6.10189 -20.4255 -1.68019 6.48417 -19.8772 -0.92452 6.84175 
-19.3533 -0.133868 7.15763 -18.8653 0.691884 7.43927 -18.4167 1.55177 7.68161 
-18.0033 2.4397 7.88097 -17.6297 3.35454 8.03135 -17.3032 4.29426 8.12702 
-17.0352 5.25631 8.15834 -16.8145 6.23103 8.13125 -16.6168 7.20825 8.05779 
-16.444 8.18513 7.93459 -16.2939 9.15538 7.74709 -16.1588 10.1095 7.48314 
-16.0311 11.0267 7.1089 -15.9065 11.9015 6.64262 -15.8054 12.7203 6.07944 
-15.736 13.4837 5.43855 -15.707 14.1802 4.72291 -15.7106 14.8241 3.95849 
-15.7459 15.4126 3.151 -15.7987 15.9657 2.31986 -15.8622 16.4842 1.46717 
-15.9258 16.9963 0.61063 -16.0014 17.4993 -0.250247 -16.11 17.9813 -1.11942 
-16.2742 18.3763 -2.02097 -16.4716 18.6301 -2.96531 -16.6848 18.5443 -3.91908 
-16.8799 18.1469 -4.8096 -17.028 17.6341 -5.6549 -17.1416 17.1545 -6.52414 
-17.2309 16.7803 -7.44572 -17.3367 16.5002 -8.39917 -17.498 16.2743 -9.35959 
-17.6831 16.0707 -10.3207 -17.7838 15.9464 -11.3025 -17.6707 15.9867 -12.2872 
-17.323 16.2126 -13.1937 -16.9161 16.4936 -14.0627 -16.5195 16.8135 -14.9228 
-16.1423 17.1768 -15.7744 -15.8061 17.6161 -16.6055 -30.0751 12.1642 -21.3867 
-30.1265 11.7755 -20.6903 -30.1162 11.3827 -19.7733 -30.054 11.1342 -18.8089 
-30.0178 10.9749 -17.8229 -30.0148 10.7954 -16.8399 -29.9679 10.4956 -15.8899 
-29.8653 10.0716 -14.9916 -29.7673 9.54943 -14.1461 -29.8077 8.88788 -13.4115 
-30.0849 8.11538 -12.8533 -30.5195 7.30846 -12.4575 -31.0142 6.49895 -12.1428 
-31.5232 5.67804 -11.8846 -32.0288 4.84235 -11.6716 -32.5194 3.98756 -11.5035 
-32.9942 3.11719 -11.375 -33.4397 2.23088 -11.2525 -33.8386 1.33116 -11.078 
-34.1675 0.427884 -10.8088 -34.3857 -0.46904 -10.4316 -34.4924 -1.34247 -9.9598 
-34.5019 -2.18247 -9.4197 -34.422 -2.9813 -8.82557 -34.263 -3.73872 -8.1932 
-34.032 -4.44385 -7.52379 -33.7472 -5.09755 -6.82346 -33.4142 -5.70371 -6.10181 
-33.039 -6.25384 -5.35639 -32.6177 -6.7472 -4.59586 -32.1534 -7.1784 -3.82329 
-31.6377 -7.51078 -3.03507 -31.0835 -7.74445 -2.23777 -30.4899 -7.85517 -1.4416 
-29.8648 -7.86487 -0.662918 -29.2049 -7.77726 0.0817273 -28.513 -7.61762 0.785252 
-27.785 -7.38261 1.42816 -27.034 -7.09925 2.02366 -26.2582 -6.76581 2.55879 
-25.4713 -6.39762 3.05344 -24.6949 -5.98105 3.52586 -23.9385 -5.52018 3.98947 
-23.2137 -5.00395 4.44474 -22.5257 -4.43352 4.89246 -21.8886 -3.78874 5.31335 
-21.2878 -3.1012 5.72048 -20.8314 -2.52586 6.0378 -20.2752 -1.78896 6.42181 
-19.7327 -1.02983 6.78105 -19.2127 -0.238866 7.10224 -18.7297 0.588665 7.3876 
-18.2862 1.44956 7.63557 -17.8748 2.33693 7.84203 -17.5014 3.25074 7.99846 
-17.1688 4.18718 8.10641 -16.8877 5.14469 8.15975 -16.6602 6.11797 8.1524 
-16.4633 7.09635 8.0929 -16.2909 8.07561 7.98897 -16.1436 9.05081 7.82658 
-16.0114 10.013 7.59098 -15.8875 10.9443 7.25193 -15.7645 11.8398 6.82594 
-15.6593 12.6713 6.28299 -15.5795 13.451 5.66327 -15.5354 14.1657 4.96619 
-15.5195 14.8288 4.21854 -15.5278 15.445 3.43134 -15.5515 16.0266 2.61834 
-15.5876 16.5737 1.78222 -15.627 17.1075 0.937511 -15.677 17.6348 0.0893595 
-15.7531 18.1458 -0.766403 -15.8995 18.5797 -1.65296 -16.1137 18.8749 -2.58142 
-16.3443 18.9801 -3.54166 -16.6038 18.7091 -4.45148 -16.828 18.1928 -5.27689 
-16.9874 17.6688 -6.11279 -17.0824 17.2206 -7.00003 -17.1558 16.8471 -7.9243 
-17.2617 16.5486 -8.87236 -17.4118 16.2883 -9.82582 -17.5515 16.1054 -10.7971 
-17.5463 16.0718 -11.7874 -17.3183 16.2244 -12.7438 -16.9663 16.4734 -13.6452 
-16.5892 16.7641 -14.5243 -16.2224 17.0971 -15.3927 -15.8819 17.4928 -16.2448 
-15.584 17.986 -17.06 -29.8215 12.6033 -21.2183 -29.8601 12.2012 -20.5289 
-29.8413 11.8048 -19.613 -29.8005 11.5287 -18.6545 -29.8024 11.3316 -17.6746 
-29.8326 11.1217 -16.6977 -29.8179 10.7958 -15.7541 -29.7677 10.381 -14.8468 
-29.7177 9.86508 -13.9934 -29.7883 9.2356 -13.2301 -30.1134 8.46776 -12.6897 
-30.5421 7.66284 -12.283 -31.0177 6.84712 -11.9548 -31.4828 6.01298 -11.6594 
-31.9304 5.15509 -11.408 -32.3773 4.28396 -11.2061 -32.8196 3.3988 -11.065 
-33.2616 2.50645 -10.9769 -33.6507 1.59587 -10.8452 -33.9781 0.674275 -10.6402 
-34.197 -0.244459 -10.3192 -34.3212 -1.14481 -9.90531 -34.3336 -2.00527 -9.39902 
-34.2657 -2.82833 -8.83693 -34.1141 -3.6002 -8.22089 -33.8979 -4.32919 -7.5724 
-33.6159 -4.99872 -6.88586 -33.2887 -5.62004 -6.17467 -32.9214 -6.19055 -5.44067 
-32.5117 -6.70774 -4.68998 -32.049 -7.15368 -3.92432 -31.5427 -7.52384 -3.14681 
-30.9875 -7.77966 -2.35722 -30.3982 -7.92904 -1.56496 -29.7698 -7.94738 -0.788544 
-29.1129 -7.87819 -0.038946 -28.42 -7.72144 0.663549 -27.6975 -7.50371 1.31876 
-26.9444 -7.22441 1.91385 -26.173 -6.90786 2.46512 -25.3857 -6.54935 2.96626 
-24.6031 -6.15189 3.44492 -23.8433 -5.70177 3.91372 -23.109 -5.20354 4.37393 
-22.4167 -4.64547 4.83034 -21.7625 -4.03071 5.26979 -21.2781 -3.48829 5.60258 
-20.7005 -2.77922 6.00682 -20.1418 -2.04801 6.39797 -19.5973 -1.29527 6.76755 
-19.0644 -0.52034 7.10695 -18.5713 0.295936 7.40659 -18.1183 1.14582 7.67455 
-17.6995 2.02389 7.90478 -17.3111 2.9253 8.09464 -16.9721 3.85646 8.22532 
-16.6835 4.81009 8.30275 -16.4526 5.78249 8.31385 -16.2521 6.76108 8.275 
-16.0768 7.74144 8.18742 -15.9276 8.72076 8.05326 -15.7985 9.69006 7.84694 
-15.6795 10.6355 7.54762 -15.5653 11.5417 7.1431 -15.4549 12.4007 6.64518 
-15.3673 13.1984 6.04956 -15.304 13.9457 5.38932 -15.2686 14.6341 4.66566 
-15.2539 15.2794 3.90218 -15.2564 15.882 3.10433 -15.2709 16.4534 2.28398 
-15.2941 17.0027 1.44866 -15.3257 17.5474 0.61068 -15.3816 18.0861 -0.229795 
-15.4792 18.5889 -1.08801 -15.6479 18.9763 -1.99136 -15.8691 19.2147 -2.93402 
-16.1395 19.1531 -3.87479 -16.4375 18.7504 -4.73416 -16.687 18.2066 -5.53458 
-16.8569 17.6793 -6.36565 -16.94 17.2343 -7.25639 -16.997 16.8437 -8.17489 
-17.083 16.5023 -9.11042 -17.2143 16.2167 -10.0591 -17.3186 16.0676 -11.0381 
-17.2722 16.1 -12.0296 -17.0299 16.2926 -12.9768 -16.7036 16.5485 -13.8862 
-16.3564 16.8475 -14.7749 -16.0128 17.1831 -15.6518 -15.6924 17.6003 -16.5003 
-15.4097 18.1239 -17.3026 -28.053 11.8868 -19.9911 -28.1604 11.4997 -19.0765 
-28.2769 11.196 -18.1315 -28.4081 10.9257 -17.1777 -28.5035 10.6189 -16.2318 
-28.4667 10.2357 -15.3113 -28.3554 9.80219 -14.4183 -28.4807 9.24886 -13.6175 
-28.8611 8.55292 -13.0215 -29.3245 7.77324 -12.6036 -29.8282 6.97756 -12.2689 
-30.3704 6.18305 -11.9961 -30.9247 5.38694 -11.754 -31.48 4.57728 -11.565 
-32.0233 3.75005 -11.4248 -32.532 2.89511 -11.3265 -33.0019 2.01688 -11.2401 
-33.4121 1.1184 -11.0935 -33.7406 0.21212 -10.8343 -33.9446 -0.691763 -10.4646 
-34.0353 -1.57407 -10.0066 -34.0208 -2.41886 -9.4731 -33.9506 -3.23395 -8.89892 
-33.7968 -3.99803 -8.27403 -33.5811 -4.71895 -7.61639 -33.3068 -5.38651 -6.92483 
-32.984 -6.00413 -6.20831 -32.6126 -6.56804 -5.47161 -32.1927 -7.08191 -4.72394 
-31.719 -7.52668 -3.96506 -31.187 -7.87334 -3.19443 -30.6081 -8.10507 -2.41467 
-29.9911 -8.22967 -1.63878 -29.3351 -8.22731 -0.885604 -28.6514 -8.13623 -0.162826 
-27.9373 -7.9654 0.515124 -27.1917 -7.73633 1.13979 -26.4114 -7.45498 1.69735 
-25.6065 -7.14211 2.20096 -24.7955 -6.7948 2.6713 -23.9875 -6.40868 3.11604 
-23.1996 -5.96564 3.54297 -22.4328 -5.47336 3.95386 -21.6999 -4.91725 4.34352 
-21.0277 -4.28091 4.71953 -20.5336 -3.72172 5.00728 -19.9743 -2.97786 5.37169 
-19.4584 -2.21562 5.76215 -18.9666 -1.44544 6.16801 -18.486 -0.653373 6.54354 
-18.0376 0.174436 6.88005 -17.6238 1.03221 7.18377 -17.2375 1.92128 7.42756 
-16.8745 2.83261 7.61979 -16.5625 3.77448 7.7396 -16.306 4.73793 7.80458 
-16.1066 5.7175 7.80709 -15.9325 6.70109 7.76452 -15.7797 7.68441 7.66911 
-15.6579 8.66372 7.51148 -15.5603 9.62822 7.26969 -15.4749 10.5618 6.92508 
-15.387 11.4437 6.46575 -15.3076 12.266 5.90383 -15.2456 13.0209 5.25198 
-15.2049 13.7156 4.53514 -15.194 14.3575 3.76885 -15.2087 14.9599 2.97111 
-15.2504 15.5276 2.14907 -15.3119 16.0719 1.31256 -15.3904 16.6106 0.473788 
-15.4872 17.1656 -0.352288 -15.62 17.6957 -1.18919 -15.7891 18.1592 -2.05782 
-16.0022 18.4392 -2.99019 -16.233 18.3938 -3.93955 -16.4382 17.9622 -4.81274 
-16.5918 17.437 -5.64909 -16.699 16.9297 -6.50356 -16.7652 16.4847 -7.39575 
-16.8223 16.1273 -8.32753 -16.9053 15.8134 -9.27289 -17.0319 15.5855 -10.2367 
-17.1279 15.5107 -11.2243 -17.0557 15.6424 -12.209 -16.8326 15.8727 -13.1532 
-16.5206 16.1574 -14.0593 -16.1859 16.4752 -14.9462 -15.8505 16.8358 -15.8161 
-15.5222 17.2708 -16.6533 -15.2809 17.6933 -17.2878 -29.5267 12.1434 -21.0829 
-29.6018 11.7467 -20.3935 -29.6201 11.3638 -19.4725 -29.601 11.1067 -18.5077 
-29.617 10.9265 -17.5244 -29.6506 10.7237 -16.5467 -29.6185 10.3987 -15.6037 
-29.52 9.98066 -14.7015 -29.4286 9.45472 -13.8598 -29.4973 8.80238 -13.1175 
-29.8628 8.03129 -12.6093 -30.3258 7.23101 -12.2318 -30.8314 6.42448 -11.926 
-31.3441 5.61034 -11.654 -31.8405 4.77013 -11.437 -32.3358 3.91753 -11.2724 
-32.8108 3.04438 -11.1663 -33.2704 2.15978 -11.0891 -33.6729 1.25597 -10.9498 
-34.0071 0.344189 -10.7183 -34.2266 -0.562355 -10.3665 -34.3421 -1.44817 -9.91915 
-34.3524 -2.29463 -9.38959 -34.2879 -3.10601 -8.80974 -34.1318 -3.86479 -8.17895 
-33.9174 -4.58247 -7.51735 -33.6393 -5.24063 -6.81831 -33.3151 -5.85374 -6.09853 
-32.9511 -6.41595 -5.35659 -32.5436 -6.92572 -4.59939 -32.0825 -7.36215 -3.82762 
-31.5758 -7.71626 -3.04297 -31.023 -7.94898 -2.24455 -30.4362 -8.07284 -1.44618 
-29.814 -8.08481 -0.664773 -29.1606 -8.00127 0.0865552 -28.4764 -7.84029 0.79676 
-27.7617 -7.6159 1.45805 -27.017 -7.32472 2.05813 -26.2565 -6.99467 2.61674 
-25.4846 -6.62722 3.13506 -24.7189 -6.21654 3.62954 -23.9735 -5.75705 4.11217 
-23.2563 -5.24819 4.58743 -22.5738 -4.69008 5.05856 -21.9314 -4.0741 5.51343 
-21.3268 -3.40465 5.94424 -20.7454 -2.7045 6.35841 -20.1807 -1.97789 6.7496 
-19.6253 -1.23226 7.11714 -19.0934 -0.449522 7.43924 -18.5934 0.366154 7.72923 
-18.1364 1.21745 7.98631 -17.7123 2.09395 8.21289 -17.3329 3.0006 8.39483 
-16.9965 3.93207 8.52961 -16.7154 4.88846 8.60086 -16.4761 5.85882 8.6181 
-16.2692 6.83597 8.57546 -16.0839 7.81425 8.48567 -15.925 8.79078 8.34256 
-15.7861 9.75843 8.13484 -15.661 10.706 7.84351 -15.5443 11.6192 7.4561 
-15.4327 12.4859 6.9718 -15.3358 13.3038 6.4061 -15.2693 14.062 5.75839 
-15.2255 14.7715 5.05578 -15.201 15.4345 4.30812 -15.1901 16.0576 3.52628 
-15.1906 16.6425 2.71541 -15.1979 17.2019 1.88658 -15.2115 17.7453 1.04723 
-15.2395 18.2835 0.205005 -15.3094 18.7932 -0.651773 -15.4328 19.2355 -1.53841 
-15.6308 19.518 -2.47235 -15.8938 19.5886 -3.42651 -16.2199 19.317 -4.32299 
-16.556 18.8301 -5.12623 -16.8284 18.2846 -5.9173 -16.9998 17.7803 -6.76152 
-17.0794 17.3725 -7.67026 -17.1531 17.0237 -8.60431 -17.2657 16.7136 -9.54783 
-17.404 16.4589 -10.5038 -17.4445 16.3584 -11.4909 -17.2985 16.4355 -12.4709 
-16.9882 16.6496 -13.396 -16.6304 16.9144 -14.2913 -16.2754 17.2249 -15.1728 
-15.9415 17.587 -16.0427 -15.6471 18.0498 -16.8768 -29.9526 11.8241 -21.2554 
-30.0035 11.5415 -20.7291 -30.0113 11.1695 -19.8043 -29.9557 10.9444 -18.833 
-29.9339 10.7957 -17.8447 -29.9352 10.6252 -16.8602 -29.8776 10.3229 -15.9113 
-29.7586 9.90951 -15.0103 -29.6516 9.37446 -14.1744 -29.6755 8.70413 -13.4439 
-29.9575 7.92916 -12.8958 -30.4035 7.12532 -12.507 -30.9156 6.32196 -12.2043 
-31.4558 5.51783 -11.9576 -31.9958 4.69821 -11.7674 -32.514 3.85837 -11.607 
-33.0044 2.99577 -11.4848 -33.462 2.11661 -11.3562 -33.8617 1.22121 -11.1638 
-34.1983 0.324234 -10.8823 -34.4155 -0.565476 -10.486 -34.5276 -1.4335 -10.0062 
-34.5382 -2.26758 -9.4568 -34.4663 -3.0636 -8.85731 -34.3101 -3.81642 -8.21904 
-34.0926 -4.52592 -7.54961 -33.8114 -5.17634 -6.84467 -33.487 -5.78464 -6.12094 
-33.1147 -6.33213 -5.37199 -32.7013 -6.82714 -4.60835 -32.2362 -7.24813 -3.83052 
-31.7268 -7.58311 -3.0393 -31.178 -7.81278 -2.23715 -30.597 -7.93847 -1.43424 
-29.9761 -7.93787 -0.651833 -29.3257 -7.85796 0.102507 -28.6363 -7.69077 0.806574 
-27.9192 -7.46421 1.46435 -27.1735 -7.17326 2.06306 -26.4092 -6.83863 2.61374 
-25.6313 -6.46317 3.11718 -24.8614 -6.0487 3.60179 -24.114 -5.58169 4.07387 
-23.3935 -5.06806 4.53907 -22.7118 -4.49544 4.99371 -22.066 -3.8691 5.42888 
-21.4605 -3.19174 5.84635 -20.8827 -2.48273 6.2503 -20.3199 -1.75173 6.63593 
-19.77 -0.996405 6.99184 -19.2452 -0.207036 7.3092 -18.7581 0.619407 7.59044 
-18.3096 1.47858 7.83549 -17.8944 2.36406 8.04239 -17.5218 3.27764 8.20165 
-17.1978 4.21733 8.30605 -16.9283 5.17868 8.34884 -16.7009 6.15203 8.33726 
-16.5023 7.12958 8.27025 -16.3259 8.10727 8.15889 -16.1762 9.08076 7.98795 
-16.0401 10.0415 7.74934 -15.913 10.9692 7.4006 -15.7889 11.8568 6.96006 
-15.6811 12.6898 6.41921 -15.6038 13.4656 5.79431 -15.5596 14.1817 5.0992 
-15.5426 14.8475 4.35357 -15.5496 15.4652 3.56747 -15.5723 16.0451 2.75347 
-15.605 16.5912 1.91652 -15.6404 17.1234 1.07059 -15.6853 17.6465 0.219611 
-15.7642 18.1491 -0.640952 -15.9151 18.5665 -1.53479 -16.1283 18.8452 -2.46827 
-16.3589 18.9121 -3.42857 -16.6035 18.6082 -4.33246 -16.801 18.1082 -5.17395 
-16.9389 17.5923 -6.01893 -17.0264 17.1375 -6.90411 -17.0964 16.7656 -7.82888 
-17.1978 16.4632 -8.7762 -17.3475 16.202 -9.72943 -17.4794 16.0364 -10.7041 
-17.4873 16.0073 -11.6994 -17.2932 16.1458 -12.6638 -16.9569 16.3916 -13.5717 
-16.5868 16.6808 -14.4543 -16.222 17.0085 -15.3258 -15.8787 17.3967 -16.1801 
-15.575 17.8811 -16.9986 -29.5 13 -21.25 -29.5429 12.6711 -20.7505 
-29.5598 12.2085 -19.8657 -29.5475 11.8444 -18.9357 -29.5571 11.5932 -17.9686 
-29.6127 11.3756 -16.9944 -29.6532 11.0934 -16.0372 -29.6497 10.7246 -15.1087 
-29.6206 10.2616 -14.2237 -29.6332 9.71374 -13.3927 -29.871 9.01399 -12.7348 
-30.2717 8.23026 -12.267 -30.7248 7.4191 -11.8982 -31.1827 6.5914 -11.5743 
-31.61 5.73763 -11.2775 -32.0315 4.8657 -11.0299 -32.4535 3.97855 -10.8448 
-32.867 3.07745 -10.717 -33.2597 2.16247 -10.6282 -33.5831 1.22757 -10.4924 
-33.8143 0.283584 -10.2644 -33.9501 -0.650047 -9.93759 -33.9751 -1.55079 -9.50969 
-33.9068 -2.41203 -9.0075 -33.7563 -3.21609 -8.43452 -33.5361 -3.97391 -7.82129 
-33.2511 -4.67365 -7.16716 -32.9269 -5.32939 -6.48594 -32.551 -5.92605 -5.77742 
-32.1312 -6.47402 -5.05461 -31.6572 -6.96063 -4.32171 -31.132 -7.37669 -3.58072 
-30.5472 -7.68497 -2.83202 -29.9137 -7.87539 -2.08409 -29.2384 -7.94468 -1.35143 
-28.5357 -7.92412 -0.641649 -27.7935 -7.80425 0.0165545 -27.017 -7.62741 0.620236 
-26.2005 -7.4052 1.152 -25.3574 -7.14211 1.61938 -24.4977 -6.83968 2.02997 
-23.6378 -6.48415 2.39492 -22.795 -6.06177 2.72778 -21.9651 -5.5942 3.03081 
-21.1763 -5.04874 3.30989 -20.451 -4.42223 3.59083 -19.8585 -3.69237 3.91924 
-19.3098 -2.75711 4.42565 -18.9416 -1.9595 4.90298 -18.5745 -1.14975 5.36036 
-18.1985 -0.325756 5.78364 -17.8378 0.530701 6.15073 -17.4825 1.41883 6.44027 
-17.1472 2.33857 6.6406 -16.8481 3.28456 6.75527 -16.6145 4.25596 6.77025 
-16.4391 5.23792 6.71532 -16.3108 6.21818 6.56803 -16.1838 7.18802 6.36137 
-16.0808 8.14465 6.09101 -16.0017 9.0737 5.73261 -15.9228 9.96281 5.28321 
-15.8355 10.8101 4.76159 -15.7523 11.5766 4.12683 -15.6989 12.2678 3.40808 
-15.7075 12.8716 2.61215 -15.7651 13.4105 1.77268 -15.8528 13.8716 0.890002 
-15.9417 14.2971 -0.0105265 -16.0549 14.7357 -0.90158 -16.2227 15.2031 -1.769 
-16.4407 15.6464 -2.63711 -16.6554 15.971 -3.55538 -16.8178 15.9713 -4.53031 
-16.9503 15.7295 -5.48963 -17.0733 15.4279 -6.43459 -17.199 15.2043 -7.39981 
-17.3452 15.0946 -8.38249 -17.5324 15.0143 -9.36127 -17.7477 14.9249 -10.3333 
-17.8718 14.8715 -11.32 -17.737 14.986 -12.2972 -17.4113 15.2285 -13.2061 
-16.9911 15.5464 -14.0558 -16.5772 15.896 -14.8962 -16.1799 16.2872 -15.726 
-15.8071 16.7276 -16.5419 -15.4786 17.2618 -17.3199 -32.1269 12.142 -21.1313 
-31.9562 11.6643 -20.2735 -31.74 11.3384 -19.3557 -31.496 11.134 -18.409 
-31.2499 10.9932 -17.4501 -31.0156 10.7845 -16.5023 -30.8112 10.4212 -15.5946 
-30.645 9.94688 -14.7325 -30.5731 9.35726 -13.9316 -30.6465 8.6471 -13.2395 
-30.9449 7.84129 -12.742 -31.3438 7.00906 -12.3582 -31.7662 6.16077 -12.0404 
-32.205 5.30073 -11.7809 -32.6316 4.42418 -11.559 -33.065 3.53919 -11.3912 
-33.4877 2.64493 -11.2449 -33.88 1.74164 -11.0721 -34.2109 0.834093 -10.8192 
-34.4498 -0.0693095 -10.4701 -34.5719 -0.952025 -10.0193 -34.6049 -1.80546 -9.50146 
-34.5371 -2.61582 -8.92097 -34.3915 -3.38547 -8.30089 -34.1675 -4.10354 -7.64293 
-33.8893 -4.77314 -6.95513 -33.5588 -5.38925 -6.24062 -33.192 -5.95981 -5.50646 
-32.7793 -6.46619 -4.74978 -32.3271 -6.91793 -3.98166 -31.8252 -7.27626 -3.19584 
-31.2837 -7.54474 -2.4001 -30.7021 -7.69416 -1.60179 -30.0869 -7.73446 -0.816548 
-29.4364 -7.67557 -0.0603903 -28.7521 -7.53733 0.654613 -28.0338 -7.32681 1.31653 
-27.2892 -7.05897 1.92686 -26.518 -6.73656 2.47521 -25.7307 -6.37679 2.97503 
-24.9474 -5.97134 3.44582 -24.1823 -5.5233 3.90773 -23.4488 -5.01667 4.35994 
-22.7518 -4.45407 4.80361 -22.101 -3.82065 5.22055 -21.4915 -3.13873 5.62424 
-20.9142 -2.42303 6.01716 -20.356 -1.68701 6.39993 -19.8129 -0.927828 6.75824 
-19.2918 -0.137302 7.0787 -18.8108 0.693105 7.35889 -18.3634 1.55218 7.60624 
-17.9566 2.44433 7.80076 -17.5836 3.35955 7.95082 -17.2642 4.30254 8.03713 
-16.9998 5.26583 8.06471 -16.7814 6.24092 8.03495 -16.5865 7.21859 7.95898 
-16.4163 8.19528 7.83126 -16.2681 9.16561 7.64323 -16.1389 10.1148 7.35935 
-16.0144 11.0321 6.98392 -15.8938 11.9 6.50443 -15.7971 12.712 5.93103 
-15.7395 13.4549 5.26538 -15.7199 14.1379 4.53623 -15.7365 14.7649 3.75826 
-15.7836 15.3426 2.94372 -15.8536 15.8801 2.10357 -15.9341 16.3896 1.24695 
-16.0147 16.8924 0.386312 -16.107 17.3885 -0.476914 -16.238 17.8452 -1.35591 
-16.4127 18.2052 -2.271 -16.6002 18.3613 -3.23117 -16.7856 18.182 -4.18471 
-16.9396 17.756 -5.07408 -17.0637 17.2635 -5.93541 -17.1598 16.8186 -6.82443 
-17.2538 16.4837 -7.76047 -17.3803 16.2422 -8.72207 -17.5571 16.0364 -9.68432 
-17.7349 15.862 -10.6517 -17.7641 15.8027 -11.6409 -17.5443 15.9373 -12.5994 
-17.1744 16.1902 -13.492 -16.7685 16.4905 -14.355 -16.3777 16.8269 -15.2115 
-16.0086 17.2138 -16.0563 -15.6812 17.6783 -16.8772 -28.982 13.1069 -21.2125 
-29.0216 12.7941 -20.7022 -29.0638 12.3421 -19.8126 -29.0973 11.9872 -18.8796 
-29.1707 11.7196 -17.9194 -29.2766 11.4704 -16.9568 -29.3482 11.1632 -16.0091 
-29.3597 10.7701 -15.0907 -29.3424 10.2989 -14.2098 -29.396 9.72221 -13.4 
-29.6904 9.00277 -12.7866 -30.1124 8.21582 -12.3419 -30.5808 7.40585 -11.9902 
-31.0544 6.58191 -11.6795 -31.5045 5.73498 -11.3973 -31.9489 4.87037 -11.1647 
-32.397 3.9913 -11.0041 -32.8369 3.09998 -10.8977 -33.2477 2.19261 -10.8143 
-33.5992 1.26824 -10.6733 -33.845 0.334462 -10.4212 -33.9915 -0.590611 -10.0764 
-34.0176 -1.48313 -9.62879 -33.9567 -2.33833 -9.11669 -33.8042 -3.13588 -8.53506 
-33.5838 -3.88881 -7.91612 -33.3015 -4.58814 -7.26025 -32.9703 -5.2352 -6.57423 
-32.5897 -5.82821 -5.86543 -32.1624 -6.37057 -5.14262 -31.6757 -6.84772 -4.41162 
-31.1364 -7.25423 -3.67529 -30.5371 -7.55217 -2.93392 -29.8928 -7.74993 -2.19726 
-29.2005 -7.82071 -1.48042 -28.4764 -7.80027 -0.792305 -27.7138 -7.69828 -0.155209 
-26.913 -7.54035 0.421246 -26.0718 -7.33703 0.920761 -25.2059 -7.09394 1.3568 
-24.3286 -6.79258 1.72869 -23.4516 -6.43352 2.0458 -22.6003 -5.99838 2.33767 
-21.7709 -5.5071 2.60199 -21.0075 -4.92964 2.88102 -20.3321 -4.26334 3.19198 
-19.8421 -3.49869 3.60183 -19.3942 -2.54333 4.17016 -19.0711 -1.73213 4.65741 
-18.7392 -0.904327 5.10928 -18.3918 -0.0609095 5.51822 -18.0456 0.815245 5.85094 
-17.707 1.72455 6.08977 -17.4014 2.66383 6.23903 -17.1483 3.62787 6.30396 
-16.9805 4.61027 6.24529 -16.8673 5.59306 6.10335 -16.7697 6.55896 5.86596 
-16.6754 7.503 5.5523 -16.599 8.4078 5.13589 -16.5204 9.26163 4.62361 
-16.4257 10.0361 4.00181 -16.3266 10.725 3.28527 -16.2428 11.312 2.48135 
-16.1772 11.8173 1.62208 -16.1086 12.2283 0.713844 -16.0226 12.5597 -0.224939 
-15.9625 12.86 -1.17634 -16.0343 13.269 -2.07651 -16.2998 13.8527 -2.83981 
-16.6413 14.4302 -3.57879 -16.9558 14.7582 -4.45938 -17.2354 14.8577 -5.4109 
-17.4864 14.8757 -6.37837 -17.7142 14.9367 -7.34978 -17.9544 15.0361 -8.31519 
-18.237 15.1187 -9.27063 -18.5313 15.1692 -10.2248 -18.7293 15.2392 -11.1975 
-18.5088 15.4141 -12.1277 -18.0097 15.6832 -12.9502 -17.5005 16.0006 -13.7501 
-17.0165 16.3393 -14.5567 -16.5769 16.7121 -15.3732 -16.1755 17.1381 -16.1834 
-15.8369 17.6373 -16.9794 -29.3641 12.9924 -21.3681 -29.4104 12.67 -20.8647 
-29.4379 12.211 -19.9783 -29.436 11.8653 -19.0417 -29.4581 11.6134 -18.0747 
-29.5234 11.3897 -17.1024 -29.5728 11.1086 -16.1455 -29.5698 10.7378 -15.2177 
-29.5341 10.2707 -14.3353 -29.5526 9.7045 -13.5153 -29.7965 8.99755 -12.8719 
-30.2019 8.20792 -12.4148 -30.6627 7.39725 -12.0554 -31.1364 6.57414 -11.7427 
-31.5845 5.72688 -11.4585 -32.0265 4.86131 -11.2248 -32.4689 3.98051 -11.0581 
-32.9089 3.08948 -10.9499 -33.3201 2.18326 -10.8571 -33.6732 1.2612 -10.705 
-33.9238 0.330589 -10.4457 -34.0694 -0.590648 -10.0899 -34.1041 -1.47989 -9.63734 
-34.0484 -2.33174 -9.11902 -33.9018 -3.12805 -8.53413 -33.6869 -3.87986 -7.91191 
-33.409 -4.57769 -7.25258 -33.0837 -5.22512 -6.56399 -32.7068 -5.81434 -5.85006 
-32.2864 -6.35477 -5.12184 -31.809 -6.83126 -4.38456 -31.2789 -7.2333 -3.63888 
-30.6916 -7.52909 -2.88714 -30.062 -7.72484 -2.1374 -29.3891 -7.80041 -1.40272 
-28.6851 -7.77719 -0.694497 -27.9427 -7.66534 -0.0356698 -27.1647 -7.49465 0.568249 
-26.3423 -7.27732 1.09261 -25.4949 -7.02239 1.55724 -24.6297 -6.72152 1.95713 
-23.7692 -6.36224 2.3172 -22.9296 -5.94185 2.66 -22.1098 -5.46523 2.97527 
-21.3488 -4.899 3.2868 -20.6719 -4.23965 3.60939 -20.1355 -3.48228 3.975 
-19.635 -2.5199 4.48467 -19.2747 -1.7032 4.93505 -18.9161 -0.87834 5.37193 
-18.5464 -0.040768 5.77339 -18.1824 0.831527 6.09697 -17.8236 1.73413 6.33285 
-17.4956 2.66524 6.4863 -17.2148 3.62128 6.5566 -17.0059 4.59716 6.51544 
-16.8531 5.5758 6.38614 -16.7281 6.54225 6.16436 -16.6112 7.48841 5.86502 
-16.5194 8.40347 5.47414 -16.4337 9.27855 5.0001 -16.3367 10.0879 4.42347 
-16.2332 10.8151 3.74703 -16.1525 11.4369 2.96992 -16.1004 11.9792 2.13274 
-16.0697 12.4319 1.24235 -16.0317 12.8108 0.318328 -15.9809 13.1231 -0.630088 
-15.9886 13.4692 -1.56598 -16.1416 13.927 -2.43624 -16.4216 14.4657 -3.22932 
-16.7377 14.8872 -4.07466 -17.0033 15.043 -5.01438 -17.2226 14.9831 -5.98718 
-17.4218 14.9214 -6.96445 -17.614 14.9443 -7.94517 -17.834 14.9904 -8.91932 
-18.0978 15.0033 -9.88334 -18.3297 14.981 -10.8548 -18.3425 15.0399 -11.844 
-18.0168 15.2397 -12.7514 -17.5381 15.5332 -13.5781 -17.0585 15.8687 -14.3888 
-16.6142 16.237 -15.2052 -16.2042 16.6558 -16.0149 -15.8336 17.1306 -16.8123 
-30.8293 12.5544 -21.4127 -30.8305 12.1338 -20.7358 -30.7438 11.7199 -19.8319 
-30.6094 11.4549 -18.8787 -30.4946 11.2787 -17.9017 -30.4135 11.1002 -16.9215 
-30.326 10.8109 -15.9706 -30.2295 10.4011 -15.0648 -30.151 9.89853 -14.2055 
-30.1921 9.26044 -13.4434 -30.4121 8.50674 -12.8348 -30.7989 7.69897 -12.3986 
-31.2474 6.87386 -12.0559 -31.687 6.0286 -11.7531 -32.1201 5.16336 -11.5016 
-32.5443 4.28214 -11.2943 -32.9747 3.39212 -11.1469 -33.3959 2.4927 -11.032 
-33.7724 1.58071 -10.8725 -34.0746 0.661031 -10.6295 -34.2691 -0.253742 -10.2813 
-34.3565 -1.14306 -9.83679 -34.3474 -1.99871 -9.32191 -34.2439 -2.80726 -8.74408 
-34.0659 -3.57176 -8.12603 -33.8167 -4.28192 -7.46824 -33.5168 -4.94401 -6.78241 
-33.1701 -5.55405 -6.07054 -32.7829 -6.10915 -5.33492 -32.3455 -6.60766 -4.58717 
-31.8607 -7.03706 -3.82647 -31.3261 -7.37555 -3.05357 -30.7449 -7.60524 -2.2743 
-30.1229 -7.71427 -1.50091 -29.4686 -7.71739 -0.745896 -28.7814 -7.62805 -0.0266113 
-28.0599 -7.4649 0.645294 -27.2998 -7.23714 1.25301 -26.512 -6.96734 1.80564 
-25.6924 -6.65657 2.28642 -24.8718 -6.30713 2.73796 -24.062 -5.90616 3.16546 
-23.2783 -5.45063 3.58704 -22.5375 -4.91828 3.99476 -21.8533 -4.30857 4.39307 
-21.3573 -3.7604 4.6972 -20.9022 -3.17278 4.99199 -20.4858 -2.55941 5.29251 
-19.9931 -1.77993 5.67905 -19.5152 -0.991606 6.06646 -19.0458 -0.183723 6.42192 
-18.5958 0.653214 6.73254 -18.1861 1.52983 6.98241 -17.8036 2.43414 7.16965 
-17.4575 3.36391 7.28798 -17.1599 4.31685 7.33098 -16.9207 5.28611 7.29401 
-16.7235 6.25925 7.17984 -16.5409 7.22392 6.99285 -16.3895 8.18202 6.75174 
-16.2762 9.11917 6.42472 -16.1794 10.0183 6.0011 -16.081 10.8621 5.47506 
-15.9811 11.6539 4.87368 -15.9116 12.3767 4.1884 -15.8979 13.0217 3.42586 
-15.9484 13.5848 2.60267 -16.0483 14.0751 1.73744 -16.1547 14.5083 0.84264 
-16.2502 14.9351 -0.0566195 -16.3777 15.3923 -0.936377 -16.5448 15.8499 -1.80941 
-16.7259 16.2331 -2.71323 -16.8866 16.4157 -3.67415 -17.0172 16.3118 -4.65568 
-17.1465 16.0221 -5.60223 -17.2851 15.7122 -6.54156 -17.4358 15.5189 -7.50922 
-17.6165 15.445 -8.4894 -17.8429 15.3974 -9.46201 -18.0813 15.309 -10.4284 
-18.2019 15.2491 -11.4132 -18.0149 15.3587 -12.3764 -17.6057 15.6042 -13.2519 
-17.1409 15.9242 -14.0774 -16.6981 16.2689 -14.9048 -16.2906 16.6642 -15.7276 
-15.9119 17.1075 -16.5392 -15.6521 17.5282 -17.1674 -29.7952 12.3607 -21.2341 
-29.8303 12.0659 -20.713 -29.8345 11.6584 -19.8018 -29.7978 11.3701 -18.8468 
-29.7907 11.1838 -17.8649 -29.813 10.995 -16.8835 -29.7978 10.6965 -15.9312 
-29.7319 10.2957 -15.0187 -29.6522 9.78847 -14.1626 -29.6778 9.16611 -13.3885 
-29.9638 8.40854 -12.8155 -30.3899 7.60719 -12.402 -30.8758 6.79686 -12.0761 
-31.3717 5.97621 -11.793 -31.8498 5.13113 -11.5552 -32.3269 4.27262 -11.368 
-32.7884 3.39588 -11.2352 -33.2366 2.50794 -11.1338 -33.6392 1.60437 -10.9927 
-33.97 0.690804 -10.7628 -34.1916 -0.221069 -10.424 -34.311 -1.11386 -9.99355 
-34.3227 -1.97041 -9.48026 -34.2499 -2.78802 -8.9109 -34.0858 -3.55416 -8.29035 
-33.8616 -4.27725 -7.63814 -33.5772 -4.94566 -6.95192 -33.247 -5.56714 -6.24189 
-32.8697 -6.12771 -5.50533 -32.4482 -6.63899 -4.75706 -31.9761 -7.08195 -3.99594 
-31.4589 -7.44812 -3.22359 -30.8868 -7.68822 -2.44093 -30.279 -7.82362 -1.65997 
-29.6333 -7.83437 -0.897846 -28.9605 -7.76357 -0.162718 -28.2485 -7.60288 0.519791 
-27.5037 -7.38471 1.14941 -26.7284 -7.11667 1.7202 -25.9249 -6.81059 2.22973 
-25.112 -6.463 2.69661 -24.3054 -6.07019 3.13776 -23.526 -5.6192 3.5722 
-22.7759 -5.11193 3.99488 -22.0822 -4.52385 4.4091 -21.4443 -3.86356 4.80271 
-21.0974 -3.42817 5.02621 -20.6632 -2.82785 5.328 -20.1444 -2.06465 5.71288 
-19.6488 -1.2857 6.09699 -19.1589 -0.493213 6.45973 -18.695 0.33419 6.77522 
-18.2668 1.19456 7.05013 -17.8698 2.0862 7.26529 -17.502 3.00216 7.42194 
-17.1816 3.94496 7.50587 -16.9209 4.90944 7.5169 -16.7092 5.88483 7.463 
-16.521 6.8602 7.35087 -16.3563 7.83175 7.18303 -16.2281 8.79506 6.95064 
-16.125 9.72821 6.60876 -16.0258 10.6252 6.18031 -15.9245 11.4604 5.64166 
-15.8458 12.2304 5.01115 -15.8106 12.9254 4.29466 -15.8267 13.5534 3.51768 
-15.9029 14.1056 2.68879 -16.0275 14.5943 1.82581 -16.1529 15.041 0.940159 
-16.2618 15.4807 0.048744 -16.3894 15.9453 -0.827371 -16.5462 16.3991 -1.7042 
-16.7124 16.7655 -2.61695 -16.8643 16.9501 -3.5804 -16.9772 16.7952 -4.55491 
-17.0865 16.4473 -5.48458 -17.2033 16.0641 -6.4005 -17.3298 15.7682 -7.34518 
-17.4842 15.6257 -8.322 -17.6819 15.528 -9.29705 -17.9082 15.414 -10.264 
-18.0454 15.3144 -11.2456 -17.9019 15.3833 -12.2223 -17.5388 15.6122 -13.1192 
-17.1007 15.9183 -13.9641 -16.6726 16.2542 -14.8028 -16.2716 16.6345 -15.6358 
-15.8944 17.0625 -16.4568 -15.6316 17.4751 -17.0889 -31.9403 12.6507 -21.4791 
-31.8847 12.2899 -21.0052 -31.7087 11.8323 -20.1358 -31.5026 11.498 -19.2183 
-31.2807 11.3061 -18.2633 -31.0691 11.1577 -17.2974 -30.8748 10.915 -16.3492 
-30.7048 10.5482 -15.4358 -30.5745 10.0612 -14.5737 -30.5276 9.47631 -13.7669 
-30.639 8.76492 -13.0857 -30.9389 7.96434 -12.5773 -31.3424 7.13311 -12.1956 
-31.7507 6.282 -11.8664 -32.1579 5.41162 -11.5904 -32.556 4.52597 -11.352 
-32.9689 3.63159 -11.1827 -33.3839 2.73119 -11.0529 -33.7595 1.81883 -10.8928 
-34.0725 0.898434 -10.6645 -34.2791 -0.0188167 -10.33 -34.3813 -0.914151 -9.90058 
-34.3803 -1.77564 -9.39523 -34.2945 -2.59757 -8.83364 -34.1214 -3.36799 -8.22168 
-33.8798 -4.08944 -7.57381 -33.5807 -4.75859 -6.89434 -33.2414 -5.38201 -6.19032 
-32.8547 -5.94384 -5.45976 -32.4239 -6.45395 -4.71576 -31.9443 -6.89641 -3.95927 
-31.4204 -7.26052 -3.19014 -30.8425 -7.50617 -2.41349 -30.2274 -7.64744 -1.63936 
-29.5743 -7.66491 -0.88372 -28.8932 -7.60042 -0.155642 -28.1723 -7.44658 0.519167 
-27.418 -7.23667 1.14025 -26.6293 -6.97352 1.69473 -25.8118 -6.67797 2.18788 
-24.9873 -6.33643 2.6383 -24.1692 -5.95218 3.06555 -23.3802 -5.5018 3.48281 
-22.6259 -4.98814 3.8898 -21.9343 -4.38351 4.28277 -21.3089 -3.70254 4.66106 
-20.8646 -3.10516 4.9526 -20.4528 -2.48728 5.25004 -19.9693 -1.70237 5.6374 
-19.4993 -0.909984 6.02617 -19.038 -0.0976357 6.38201 -18.5944 0.743667 6.68993 
-18.1888 1.62409 6.93304 -17.8112 2.53226 7.111 -17.4724 3.46672 7.21412 
-17.1814 4.42198 7.24158 -16.9547 5.39248 7.1715 -16.7596 6.36048 7.01863 
-16.5817 7.31854 6.79516 -16.4401 8.26916 6.52083 -16.3305 9.1883 6.14736 
-16.236 10.0625 5.67248 -16.1349 10.8854 5.1153 -16.0389 11.6434 4.47199 
-15.9876 12.3049 3.72575 -15.991 12.8935 2.91909 -16.0472 13.4056 2.0626 
-16.1256 13.8558 1.17354 -16.2003 14.2658 0.264586 -16.2915 14.6918 -0.635015 
-16.4409 15.1543 -1.50854 -16.6334 15.6023 -2.38096 -16.8267 15.9195 -3.30678 
-16.9926 16.0198 -4.28066 -17.1401 15.8445 -5.25151 -17.299 15.581 -6.20267 
-17.4696 15.4142 -7.1719 -17.654 15.3671 -8.15247 -17.8818 15.3608 -9.12582 
-18.1432 15.3202 -10.0899 -18.3291 15.2728 -11.0676 -18.2603 15.3372 -12.05 
-17.8658 15.5599 -12.9343 -17.3899 15.8605 -13.7601 -16.9235 16.1966 -14.5782 
-16.493 16.5659 -15.4013 -16.0986 16.9939 -16.2143 -15.753 17.4894 -17.0094 
-29.6158 12.7085 -21.2817 -29.6536 12.3961 -20.771 -29.6696 11.9573 -19.8749 
-29.6486 11.6345 -18.9305 -29.6545 11.4186 -17.9546 -29.6956 11.2143 -16.9769 
-29.7082 10.9208 -16.0228 -29.6721 10.5289 -15.1045 -29.6134 10.046 -14.2319 
-29.6309 9.46009 -13.4283 -29.8994 8.72737 -12.8216 -30.3132 7.93104 -12.3841 
-30.7843 7.11913 -12.0405 -31.2621 6.29422 -11.7388 -31.7165 5.44407 -11.474 
-32.1713 4.57906 -11.2638 -32.62 3.69866 -11.1129 -33.0672 2.80917 -11.0226 
-33.4702 1.90165 -10.9088 -33.8134 0.982285 -10.7244 -34.0469 0.0591329 -10.4272 
-34.1744 -0.849152 -10.0326 -34.1961 -1.72279 -9.54972 -34.1281 -2.55748 -9.00517 
-33.9666 -3.33614 -8.40007 -33.7393 -4.07018 -7.76126 -33.4541 -4.75374 -7.09011 
-33.1273 -5.3904 -6.39226 -32.7495 -5.9676 -5.66902 -32.3263 -6.49423 -4.93247 
-31.8468 -6.95084 -4.18409 -31.3205 -7.33562 -3.42674 -30.739 -7.60811 -2.66174 
-30.1182 -7.77528 -1.89819 -29.4559 -7.81576 -1.15137 -28.7622 -7.759 -0.434551 
-28.0333 -7.62172 0.234367 -27.2691 -7.42653 0.848442 -26.4667 -7.18414 1.39281 
-25.6376 -6.90961 1.87871 -24.7949 -6.58614 2.3081 -23.9597 -6.21463 2.71296 
-23.1435 -5.78147 3.09429 -22.3541 -5.29065 3.46182 -21.6262 -4.7103 3.82427 
-20.9804 -4.03498 4.17362 -20.5318 -3.43794 4.45985 -20.0634 -2.64504 4.84685 
-19.6456 -1.8339 5.25585 -19.2288 -1.02488 5.67021 -18.8164 -0.201061 6.05856 
-18.4095 0.652651 6.38234 -18.0177 1.53042 6.65675 -17.6504 2.43898 6.85148 
-17.3188 3.37451 6.96535 -17.0411 4.33439 6.97632 -16.815 5.30515 6.91027 
-16.6439 6.27704 6.75129 -16.4858 7.24018 6.5353 -16.3584 8.18916 6.24917 
-16.2575 9.1119 5.87991 -16.167 9.98873 5.40894 -16.0683 10.8237 4.8696 
-15.9674 11.5828 4.22802 -15.9018 12.2646 3.50164 -15.9051 12.8512 2.69279 
-15.957 13.3679 1.83937 -16.032 13.8132 0.947497 -16.1051 14.2191 0.036581 
-16.2065 14.6502 -0.859361 -16.3658 15.1149 -1.72983 -16.5749 15.5528 -2.60277 
-16.7795 15.858 -3.52753 -16.9447 15.8712 -4.50671 -17.0934 15.6742 -5.47382 
-17.2458 15.422 -6.42867 -17.4048 15.2654 -7.4019 -17.5841 15.2251 -8.38442 
-17.8052 15.2002 -9.35907 -18.0494 15.1269 -10.3253 -18.1926 15.0735 -11.3088 
-18.0327 15.1779 -12.281 -17.6522 15.41 -13.1705 -17.1894 15.7294 -13.9971 
-16.7415 16.0709 -14.8233 -16.3266 16.4602 -15.6452 -15.9402 16.8969 -16.4573 
-15.6649 17.3039 -17.0879 -29.5024 7.4234 -12.7773 -30.0207 6.63101 -12.4584 
-30.5761 5.84682 -12.1827 -31.1762 5.07885 -11.9615 -31.7677 4.29289 -11.7825 
-32.3238 3.47538 -11.6348 -32.8344 2.62471 -11.5131 -33.2889 1.74509 -11.3771 
-33.6854 0.850996 -11.1742 -34.0025 -0.0446852 -10.8679 -34.2108 -0.933444 -10.4661 
-34.2929 -1.79534 -9.96839 -34.2882 -2.62576 -9.41273 -34.1945 -3.41158 -8.8028 
-34.0253 -4.15456 -8.15652 -33.7881 -4.84632 -7.4752 -33.5009 -5.49265 -6.7689 
-33.1648 -6.0869 -6.03904 -32.7815 -6.62671 -5.29 -32.3465 -7.10501 -4.52796 
-31.8627 -7.51663 -3.75656 -31.3297 -7.82913 -2.97212 -30.7549 -8.02456 -2.17935 
-30.1388 -8.09603 -1.39627 -29.492 -8.06869 -0.635276 -28.8158 -7.95425 0.0911929 
-28.1082 -7.77019 0.772247 -27.3634 -7.51851 1.38957 -26.593 -7.22381 1.95381 
-25.8012 -6.893 2.46682 -25.0054 -6.52665 2.94854 -24.2215 -6.11138 3.40925 
-23.4613 -5.64756 3.8637 -22.7395 -5.11812 4.30822 -22.062 -4.52902 4.74718 
-21.4362 -3.86628 5.15693 -20.9697 -3.29906 5.47361 -20.6336 -2.86158 5.7095 
-20.0921 -2.11609 6.09789 -19.5639 -1.35383 6.47175 -19.052 -0.565043 6.8113 
-18.5721 0.255818 7.11993 -18.134 1.11324 7.3878 -17.7282 1.99957 7.60972 
-17.3546 2.91088 7.77997 -17.0229 3.8468 7.89325 -16.7491 4.80639 7.94622 
-16.5273 5.78103 7.94459 -16.3403 6.7614 7.88604 -16.1747 7.74224 7.78586 
-16.0395 8.71886 7.62152 -15.9204 9.68272 7.38644 -15.8116 10.609 7.02923 
-15.7017 11.4897 6.5708 -15.6094 12.3082 6.00694 -15.5424 13.0657 5.35869 
-15.5118 13.7516 4.63239 -15.5138 14.3897 3.86305 -15.5476 14.9797 3.05678 
-15.6083 15.5325 2.22594 -15.6923 16.0517 1.37556 -15.7837 16.5653 0.522434 
-15.8901 17.0902 -0.321973 -16.0305 17.6003 -1.17029 -16.2068 18.0309 -2.05344 
-16.4019 18.3132 -2.98926 -16.5992 18.231 -3.94557 -16.7723 17.849 -4.84901 
-16.902 17.3487 -5.70479 -17.0003 16.8581 -6.57032 -17.0763 16.4571 -7.48185 
-17.1688 16.1442 -8.42652 -17.3112 15.8899 -9.38267 -17.4836 15.6915 -10.3468 
-17.5668 15.6196 -11.336 -17.4585 15.7087 -12.3174 -17.1389 15.9522 -13.2313 
-16.7643 16.2388 -14.1129 -16.3866 16.5658 -14.979 -16.0214 16.9347 -15.8334 
-15.686 17.388 -16.6573 -31.0258 12.5135 -21.4209 -31.0134 12.0919 -20.745 
-30.9079 11.6803 -19.8421 -30.7554 11.4197 -18.8904 -30.6198 11.2489 -17.9151 
-30.5146 11.0719 -16.9372 -30.4087 10.7892 -15.9857 -30.2992 10.3782 -15.0819 
-30.2131 9.87152 -14.2253 -30.2438 9.23705 -13.4608 -30.455 8.4828 -12.8496 
-30.8395 7.67382 -12.4148 -31.2878 6.84844 -12.0721 -31.7238 5.99983 -11.7732 
-32.1561 5.13391 -11.5226 -32.5794 4.25228 -11.3156 -33.0098 3.36224 -11.168 
-33.429 2.46248 -11.0479 -33.805 1.55119 -10.8836 -34.1085 0.632467 -10.637 
-34.3247 -0.281673 -10.3003 -34.4266 -1.17015 -9.85572 -34.4354 -2.02585 -9.34115 
-34.3611 -2.8417 -8.7689 -34.2071 -3.61122 -8.15126 -33.9828 -4.33213 -7.49639 
-33.7063 -5.00484 -6.81075 -33.3753 -5.62005 -6.09589 -33.0106 -6.19151 -5.36116 
-32.5994 -6.69953 -4.60525 -32.1416 -7.14391 -3.83599 -31.6355 -7.49992 -3.05166 
-31.0886 -7.75676 -2.25622 -30.5044 -7.8945 -1.45849 -29.8884 -7.92554 -0.672359 
-29.2375 -7.8531 0.0825005 -28.5547 -7.7038 0.796268 -27.8391 -7.48437 1.45836 
-27.0965 -7.20335 2.06541 -26.3345 -6.87391 2.62229 -25.5596 -6.50825 3.1371 
-24.791 -6.09471 3.62496 -24.0385 -5.64302 4.10386 -23.3185 -5.13318 4.57392 
-22.6285 -4.58018 5.0403 -21.9832 -3.96061 5.48603 -21.3756 -3.29069 5.91197 
-20.7948 -2.58751 6.32164 -20.2303 -1.86123 6.71368 -19.6757 -1.1142 7.07987 
-19.1446 -0.331981 7.40414 -18.6515 0.489217 7.69004 -18.1936 1.34011 7.9466 
-17.7733 2.22035 8.16543 -17.3927 3.12743 8.34328 -17.0606 4.06189 8.46787 
-16.7768 5.01756 8.53741 -16.544 5.98961 8.54143 -16.3374 6.96679 8.49691 
-16.157 7.94494 8.39675 -15.9997 8.92122 8.24974 -15.8619 9.88702 8.03267 
-15.7351 10.8328 7.73653 -15.616 11.7382 7.3316 -15.5021 12.6012 6.84153 
-15.4103 13.4066 6.25745 -15.3455 14.1607 5.60493 -15.3077 14.8585 4.88999 
-15.2871 15.5163 4.13754 -15.2814 16.1312 3.34926 -15.2858 16.7109 2.53466 
-15.2964 17.2632 1.70112 -15.3118 17.8026 0.859251 -15.3467 18.3343 0.013148 
-15.4236 18.833 -0.84956 -15.5661 19.2414 -1.7485 -15.7838 19.4805 -2.6898 
-16.0645 19.4835 -3.64193 -16.3872 19.1526 -4.51637 -16.6984 18.6308 -5.30938 
-16.9317 18.0947 -6.11915 -17.0562 17.6271 -6.99171 -17.1313 17.2465 -7.91288 
-17.2191 16.9196 -8.85363 -17.3481 16.6276 -9.80086 -17.482 16.4047 -10.7645 
-17.4813 16.3434 -11.7542 -17.2684 16.4716 -12.7176 -16.9305 16.7036 -13.6287 
-16.5635 16.982 -14.5161 -16.2075 17.3022 -15.3937 -15.8807 17.691 -16.2541 
-15.5928 18.174 -17.0792 -27.7455 12.5203 -20.1307 -27.8577 12.0884 -19.2365 
-28.0039 11.7479 -18.3085 -28.1804 11.4485 -17.3708 -28.3281 11.1317 -16.4347 
-28.4017 10.7639 -15.5084 -28.4113 10.3465 -14.6003 -28.4685 9.86014 -13.7341 
-28.8067 9.21595 -13.0675 -29.264 8.46828 -12.5912 -29.746 7.67633 -12.2177 
-30.247 6.87045 -11.9032 -30.7459 6.05018 -11.624 -31.2519 5.2213 -11.3862 
-31.7536 4.37468 -11.2113 -32.2537 3.51626 -11.1015 -32.7285 2.6381 -11.0466 
-33.1647 1.74163 -10.9783 -33.5196 0.824707 -10.8069 -33.7769 -0.0968552 -10.5253 
-33.9037 -1.00366 -10.1282 -33.9316 -1.88064 -9.65153 -33.8609 -2.71394 -9.10496 
-33.7201 -3.50204 -8.50726 -33.4989 -4.23881 -7.86948 -33.2246 -4.92908 -7.20076 
-32.8928 -5.56054 -6.50049 -32.5179 -6.14517 -5.78163 -32.0897 -6.67682 -5.05179 
-31.6054 -7.14349 -4.3126 -31.0582 -7.52418 -3.5688 -30.4593 -7.80161 -2.81917 
-29.8113 -7.9595 -2.07658 -29.1249 -8.01039 -1.35252 -28.4036 -7.95697 -0.662783 
-27.6472 -7.83231 -0.0223178 -26.8491 -7.64948 0.550448 -26.0143 -7.42885 1.05311 
-25.1521 -7.16216 1.48277 -24.2785 -6.85107 1.85581 -23.4066 -6.4786 2.1722 
-22.5549 -6.04496 2.46434 -21.7257 -5.55188 2.72583 -20.9422 -4.98939 2.98318 
-20.2512 -4.32999 3.27092 -19.6282 -3.42744 3.73948 -19.2479 -2.63938 4.22015 
-18.9133 -1.83567 4.71198 -18.5648 -1.01629 5.16658 -18.2067 -0.177439 5.57563 
-17.8605 0.695984 5.91631 -17.5248 1.60311 6.16742 -17.2137 2.53733 6.3361 
-16.9638 3.50251 6.39344 -16.7778 4.48344 6.36244 -16.6593 5.46723 6.23443 
-16.5585 6.43818 6.02141 -16.459 7.38934 5.73031 -16.3791 8.31614 5.36577 
-16.3008 9.20225 4.91133 -16.2064 10.0286 4.3595 -16.1011 10.7533 3.68075 
-16.013 11.3862 2.91398 -15.9577 11.9318 2.07862 -15.927 12.4011 1.19699 
-15.8973 12.7912 0.27732 -15.859 13.1247 -0.664434 -15.8806 13.481 -1.59591 
-16.0229 13.9258 -2.47772 -16.3079 14.4515 -3.2772 -16.6311 14.886 -4.11363 
-16.895 15.038 -5.05519 -17.0957 14.9586 -6.02963 -17.2641 14.8619 -7.00999 
-17.4249 14.8354 -7.99624 -17.6191 14.8335 -8.97693 -17.8517 14.806 -9.9488 
-18.0416 14.7378 -10.9271 -18.0385 14.7554 -11.9172 -17.7468 14.9493 -12.845 
-17.3135 15.25 -13.6936 -16.8701 15.5901 -14.5227 -16.4478 15.9658 -15.3474 
-16.0508 16.3936 -16.1592 -15.6913 16.8852 -16.951 -15.4328 17.3333 -17.561 
-30.4029 11.8478 -21.292 -30.4479 11.4716 -20.5885 -30.4168 11.1106 -19.6602 
-30.3227 10.9104 -18.6866 -30.2597 10.7762 -17.698 -30.2108 10.6078 -16.7145 
-30.1255 10.3209 -15.7631 -29.9989 9.89135 -14.8704 -29.9081 9.35619 -14.0327 
-29.9406 8.69234 -13.2993 -30.1901 7.92197 -12.7221 -30.6354 7.11457 -12.3407 
-31.1327 6.30575 -12.0277 -31.6386 5.48415 -11.7664 -32.1351 4.64223 -11.5563 
-32.6156 3.78099 -11.3922 -33.0851 2.90603 -11.2764 -33.5212 2.01465 -11.1563 
-33.9133 1.11232 -10.9815 -34.2354 0.207624 -10.7117 -34.4386 -0.687363 -10.3212 
-34.5383 -1.55812 -9.84208 -34.5478 -2.39506 -9.29733 -34.471 -3.19167 -8.69905 
-34.3116 -3.94318 -8.06032 -34.0818 -4.64339 -7.3854 -33.8058 -5.29887 -6.68311 
-33.4752 -5.9 -5.95595 -33.1073 -6.4517 -5.20823 -32.6962 -6.94376 -4.44149 
-32.2424 -7.37348 -3.66181 -31.7395 -7.70861 -2.86631 -31.1994 -7.93679 -2.05766 
-30.626 -8.05517 -1.24853 -30.0173 -8.06672 -0.456608 -29.3746 -7.98513 0.30409 
-28.7011 -7.83038 1.02612 -27.993 -7.59834 1.69177 -27.2625 -7.30811 2.30908 
-26.5171 -6.96758 2.88189 -25.763 -6.59023 3.41886 -25.0153 -6.16137 3.92554 
-24.2842 -5.69207 4.42016 -23.578 -5.17761 4.90607 -22.9021 -4.61982 5.38727 
-22.2635 -4.00685 5.85163 -21.5342 -3.21744 6.38455 -20.9548 -2.52031 6.80655 
-20.3852 -1.80168 7.20485 -19.8298 -1.0534 7.56709 -19.3017 -0.265131 7.88193 
-18.7987 0.55103 8.16541 -18.3345 1.40077 8.41372 -17.9084 2.27905 8.6295 
-17.5325 3.18828 8.80608 -17.2003 4.12175 8.93778 -16.9168 5.07755 9.0077 
-16.6719 6.04661 9.0213 -16.4551 7.0215 8.97737 -16.258 7.99684 8.881 
-16.0845 8.96944 8.72814 -15.9277 9.93676 8.53006 -15.7898 10.885 8.24651 
-15.6638 11.8091 7.88801 -15.5479 12.6904 7.43133 -15.4447 13.5299 6.89906 
-15.367 14.3202 6.29284 -15.3134 15.0632 5.62621 -15.2794 15.7577 4.90795 
-15.2566 16.4122 4.15265 -15.2442 17.0204 3.35929 -15.236 17.5926 2.53941 
-15.2273 18.1329 1.69808 -15.2276 18.6575 0.846774 -15.2579 19.1588 -0.0175882 
-15.3354 19.6105 -0.90554 -15.4865 19.9442 -1.83313 -15.721 20.1031 -2.78596 
-16.0427 20.0214 -3.72372 -16.4226 19.687 -4.5786 -16.8294 19.1936 -5.34627 
-17.2236 18.6758 -6.10507 -17.4786 18.2694 -6.97651 -17.6415 17.9674 -7.91461 
-17.8064 17.7104 -8.86662 -18.0112 17.431 -9.80447 -18.2271 17.1329 -10.7337 
-18.3227 16.9231 -11.6925 -18.008 17.008 -12.6196 -17.5259 17.2359 -13.4651 
-17.069 17.5028 -14.3134 -16.6595 17.7967 -15.1764 -16.3113 18.1662 -16.0367 
-28.6413 13.1409 -21.229 -28.7004 12.7291 -20.546 -28.7571 12.2846 -19.6534 
-28.8191 11.9401 -18.7177 -28.924 11.6664 -17.7621 -29.0579 11.4002 -16.8078 
-29.1411 11.0807 -15.8652 -29.1517 10.6713 -14.9536 -29.1301 10.1959 -14.0751 
-29.2246 9.59254 -13.2935 -29.563 8.86763 -12.7148 -30.012 8.07767 -12.2994 
-30.4883 7.26906 -11.955 -30.9677 6.44429 -11.6554 -31.4329 5.60194 -11.3839 
-31.8949 4.74144 -11.172 -32.3602 3.8687 -11.0264 -32.8119 2.98078 -10.9424 
-33.2343 2.07805 -10.8671 -33.5859 1.15592 -10.717 -33.8486 0.225819 -10.4672 
-33.9874 -0.692864 -10.1028 -34.0317 -1.58455 -9.65592 -33.9618 -2.42771 -9.12521 
-33.8167 -3.22303 -8.53803 -33.5954 -3.96853 -7.91083 -33.3176 -4.66749 -7.25239 
-32.9881 -5.30989 -6.56116 -32.6129 -5.9021 -5.8488 -32.1877 -6.44001 -5.12165 
-31.7062 -6.91489 -4.38595 -31.1649 -7.30973 -3.64472 -30.5746 -7.61215 -2.89823 
-29.9295 -7.78842 -2.15676 -29.2478 -7.86465 -1.43008 -28.5289 -7.82971 -0.7373 
-27.7736 -7.71877 -0.0928057 -26.9785 -7.54989 0.488353 -26.1464 -7.34223 1.00115 
-25.2852 -7.09115 1.44211 -24.4139 -6.79563 1.83245 -23.5422 -6.43219 2.15965 
-22.6929 -6.00519 2.46814 -21.867 -5.51566 2.74614 -21.0907 -4.9536 3.02445 
-20.4199 -4.28747 3.34031 -19.818 -3.3697 3.81478 -19.4291 -2.57259 4.27388 
-19.0908 -1.76088 4.7498 -18.7481 -0.935285 5.19771 -18.3915 -0.0937298 5.60256 
-18.0398 0.776001 5.94748 -17.6925 1.67556 6.20935 -17.3668 2.6036 6.38469 
-17.0922 3.56049 6.46566 -16.8757 4.53545 6.45426 -16.7312 5.51726 6.33947 
-16.6159 6.4904 6.14313 -16.5044 7.44263 5.86119 -16.4117 8.37178 5.50513 
-16.3305 9.26324 5.06037 -16.2378 10.1062 4.53312 -16.1327 10.8644 3.89182 
-16.0433 11.5304 3.15436 -15.9939 12.0948 2.33131 -15.9777 12.582 1.45935 
-15.9699 12.9884 0.546349 -15.954 13.34 -0.389498 -15.979 13.7011 -1.32116 
-16.0996 14.1252 -2.21528 -16.362 14.6268 -3.03849 -16.6546 15.0329 -3.90053 
-16.9 15.15 -4.85265 -17.1045 15.0746 -5.82699 -17.2818 14.9513 -6.80255 
-17.4533 14.9168 -7.78653 -17.646 14.9274 -8.7675 -17.8838 14.9133 -9.73822 
-18.107 14.8506 -10.7098 -18.1473 14.8594 -11.6989 -17.8962 15.0237 -12.6453 
-17.467 15.3043 -13.5012 -17.01 15.6372 -14.3259 -16.5759 15.9999 -15.1502 
-16.1709 16.417 -15.9635 -15.7983 16.8846 -16.764 -15.5357 17.3252 -17.3776 
-29.4354 12.6978 -21.1935 -29.4816 12.2985 -20.5024 -29.4976 11.8855 -19.5938 
-29.495 11.5947 -18.6385 -29.5224 11.3726 -17.6642 -29.5823 11.1526 -16.691 
-29.6049 10.8542 -15.7384 -29.5722 10.4456 -14.8271 -29.5215 9.95895 -13.9559 
-29.6084 9.33979 -13.1882 -29.9063 8.60531 -12.5926 -30.3425 7.80836 -12.1769 
-30.815 6.99658 -11.8349 -31.2818 6.16622 -11.5311 -31.7267 5.31248 -11.2617 
-32.1711 4.44209 -11.0512 -32.6133 3.5586 -10.899 -33.0422 2.65967 -10.8124 
-33.4339 1.74524 -10.7175 -33.7389 0.812437 -10.5333 -33.9529 -0.121624 -10.2542 
-34.0676 -1.03915 -9.87865 -34.0726 -1.91833 -9.40591 -33.9907 -2.75437 -8.86482 
-33.833 -3.53986 -8.26883 -33.6022 -4.27364 -7.63073 -33.3168 -4.9563 -6.95885 
-32.9847 -5.58764 -6.25865 -32.6125 -6.17101 -5.53747 -32.1823 -6.69022 -4.79968 
-31.7094 -7.15458 -4.05148 -31.1752 -7.52331 -3.29235 -30.5941 -7.78961 -2.52541 
-29.9673 -7.92977 -1.76052 -29.3088 -7.96392 -1.01018 -28.6197 -7.89837 -0.290203 
-27.8997 -7.7549 0.387958 -27.1403 -7.54445 1.00278 -26.3486 -7.28875 1.55613 
-25.5291 -6.99641 2.04835 -24.7 -6.66822 2.50015 -23.8767 -6.28514 2.91871 
-23.0648 -5.86242 3.32062 -22.2861 -5.36566 3.70242 -21.5396 -4.81049 4.06777 
-20.866 -4.16028 4.41612 -20.2743 -3.43613 4.76667 -19.8669 -2.81678 5.0657 
-19.4106 -2.02634 5.47424 -18.9655 -1.2354 5.89403 -18.5299 -0.429263 6.29343 
-18.1033 0.406505 6.63802 -17.7075 1.2774 6.92837 -17.3333 2.17486 7.15975 
-16.9911 3.1018 7.30828 -16.6935 4.05246 7.38846 -16.4584 5.02351 7.40452 
-16.272 6.00441 7.35846 -16.1066 6.98496 7.25475 -15.9621 7.96434 7.11531 
-15.8662 8.93468 6.89743 -15.7849 9.88001 6.58516 -15.7045 10.7764 6.15238 
-15.625 11.6155 5.61716 -15.5594 12.3876 4.98686 -15.5223 13.0887 4.27599 
-15.5279 13.7269 3.50724 -15.5798 14.3122 2.69867 -15.6789 14.845 1.85863 
-15.8043 15.3385 0.998198 -15.9379 15.8256 0.135205 -16.0886 16.334 -0.712526 
-16.264 16.8324 -1.56119 -16.4566 17.2597 -2.44244 -16.6274 17.4611 -3.39475 
-16.763 17.3205 -4.36405 -16.8691 16.9084 -5.26754 -16.9643 16.4508 -6.15153 
-17.0504 16.0333 -7.05527 -17.1464 15.7223 -7.9993 -17.2856 15.5101 -8.96591 
-17.4671 15.3418 -9.93454 -17.6167 15.2427 -10.9165 -17.6094 15.2743 -11.9086 
-17.3527 15.4841 -12.8459 -16.9851 15.768 -13.7308 -16.5929 16.0869 -14.5934 
-16.21 16.4452 -15.4447 -15.8453 16.8544 -16.2807 -15.5115 17.3496 -17.081 
-30.4542 12.5398 -21.0299 -30.4266 12.0659 -20.1526 -30.3384 11.719 -19.221 
-30.2518 11.5021 -18.2494 -30.2066 11.3214 -17.2673 -30.1803 11.0941 -16.2951 
-30.1324 10.7491 -15.3593 -30.0759 10.2999 -14.4688 -30.0581 9.76322 -13.6279 
-30.2004 9.08448 -12.9149 -30.52 8.31069 -12.383 -30.949 7.49728 -11.992 
-31.389 6.66677 -11.6512 -31.7898 5.8054 -11.3397 -32.1878 4.92815 -11.0723 
-32.5821 4.03357 -10.8636 -32.9795 3.12792 -10.7186 -33.3536 2.20739 -10.6088 
-33.6655 1.27066 -10.4577 -33.8892 0.326164 -10.2235 -34.0224 -0.608608 -9.89965 
-34.0365 -1.50729 -9.46587 -33.9644 -2.36891 -8.96472 -33.8095 -3.17321 -8.39332 
-33.5854 -3.93063 -7.78097 -33.2966 -4.62927 -7.12729 -32.971 -5.28603 -6.44756 
-32.5957 -5.88365 -5.73962 -32.1757 -6.43003 -5.01576 -31.702 -6.91439 -4.28115 
-31.1739 -7.3201 -3.53676 -30.5915 -7.62695 -2.78552 -29.9615 -7.81666 -2.03445 
-29.2893 -7.88102 -1.29888 -28.5886 -7.85337 -0.587196 -27.8503 -7.73259 0.0753657 
-27.0781 -7.55375 0.683803 -26.2678 -7.32953 1.22393 -25.4291 -7.06459 1.69871 
-24.5738 -6.76348 2.11934 -23.7215 -6.40536 2.49906 -22.8859 -5.98268 2.84916 
-22.0625 -5.51652 3.17171 -21.2838 -4.96909 3.47529 -20.5736 -4.33631 3.77855 
-19.9716 -3.61017 4.10164 -19.4139 -2.6705 4.59119 -19.037 -1.86704 5.0518 
-18.6575 -1.056 5.49676 -18.276 -0.231144 5.91341 -17.9066 0.624176 6.27475 
-17.5417 1.51113 6.55557 -17.2005 2.4298 6.74956 -16.8962 3.37555 6.85444 
-16.6547 4.34509 6.86402 -16.4711 5.32533 6.80462 -16.333 6.30394 6.655 
-16.2003 7.27362 6.45125 -16.0969 8.22984 6.18013 -16.0154 9.15907 5.82244 
-15.9363 10.0494 5.37553 -15.8477 10.8959 4.85201 -15.7675 11.6587 4.21283 
-15.7154 12.3498 3.49385 -15.7295 12.9525 2.69692 -15.7924 13.4907 1.8575 
-15.8855 13.9552 0.977283 -15.9791 14.3818 0.077789 -16.0888 14.8196 -0.814057 
-16.2591 15.2891 -1.6799 -16.4701 15.7306 -2.55066 -16.6751 16.0423 -3.4729 
-16.8329 16.0453 -4.45187 -16.9627 15.8172 -5.41432 -17.085 15.499 -6.35396 
-17.212 15.2601 -7.31489 -17.3592 15.1464 -8.29691 -17.5458 15.0679 -9.27594 
-17.7649 14.9813 -10.2475 -17.9045 14.9168 -11.2322 -17.7898 15.0074 -12.214 
-17.4656 15.2411 -13.1244 -17.0449 15.5518 -13.9765 -16.6268 15.8953 -14.8172 
-16.2271 16.2834 -15.6472 -15.8511 16.7197 -16.464 -15.5168 17.2438 -17.2465 
-28.5324 12.5584 -20.8212 -28.6012 12.1791 -20.121 -28.6696 11.7938 -19.202 
-28.7513 11.5018 -18.2496 -28.8633 11.2474 -17.2892 -28.9782 10.9815 -16.3326 
-29.0158 10.6349 -15.397 -28.9788 10.2108 -14.4932 -28.926 9.70584 -13.6376 
-29.1598 9.03755 -12.9477 -29.5809 8.28316 -12.4564 -30.0569 7.48711 -12.0835 
-30.5498 6.67755 -11.7654 -31.0379 5.85077 -11.4862 -31.5238 5.01019 -11.2479 
-32.0091 4.15325 -11.0769 -32.4925 3.285 -10.9696 -32.9459 2.39563 -10.9132 
-33.3609 1.48999 -10.8396 -33.6825 0.565534 -10.6462 -33.9061 -0.359437 -10.3453 
-34.0107 -1.26387 -9.93539 -34.0191 -2.13417 -9.44639 -33.9461 -2.96421 -8.89484 
-33.7939 -3.74143 -8.28658 -33.5657 -4.46602 -7.63734 -33.288 -5.14548 -6.95867 
-32.9606 -5.77156 -6.2516 -32.5874 -6.34524 -5.52335 -32.1592 -6.86188 -4.78238 
-31.6847 -7.31888 -4.03104 -31.149 -7.67861 -3.26878 -30.5679 -7.93303 -2.49781 
-29.9454 -8.07 -1.72896 -29.2871 -8.09138 -0.978038 -28.5994 -8.01606 -0.257323 
-27.88 -7.85989 0.418293 -27.1232 -7.64086 1.03331 -26.3345 -7.37672 1.5871 
-25.5181 -7.07749 2.08035 -24.6932 -6.7459 2.53758 -23.8735 -6.35992 2.96051 
-23.0681 -5.92941 3.36689 -22.2905 -5.43295 3.75146 -21.5435 -4.87793 4.11524 
-20.8662 -4.23091 4.46336 -20.263 -3.51434 4.80993 -19.8421 -2.90125 5.1035 
-19.3708 -2.11809 5.50892 -18.9163 -1.33286 5.92928 -18.4733 -0.531197 6.3295 
-18.0412 0.299805 6.6793 -17.6438 1.16729 6.97736 -17.2675 2.06095 7.21977 
-16.9204 2.9837 7.38336 -16.6152 3.93007 7.48334 -16.3769 4.89987 7.51696 
-16.1866 5.88088 7.49396 -16.0214 6.86379 7.41484 -15.8776 7.84574 7.29457 
-15.7742 8.82099 7.10295 -15.6913 9.77707 6.82596 -15.6139 10.6903 6.42871 
-15.533 11.5489 5.92552 -15.4657 12.3364 5.31512 -15.4167 13.0585 4.62604 
-15.4042 13.7153 3.87293 -15.4277 14.3273 3.08284 -15.4945 14.8897 2.25914 
-15.5949 15.4154 1.41471 -15.7129 15.9189 0.558812 -15.8451 16.437 -0.286081 
-16.0076 16.9702 -1.11618 -16.2004 17.4562 -1.9672 -16.3957 17.7801 -2.88876 
-16.5711 17.8169 -3.85644 -16.7102 17.4614 -4.77374 -16.8236 16.9895 -5.64771 
-16.912 16.5222 -6.52678 -16.986 16.1161 -7.43713 -17.0733 15.7881 -8.37697 
-17.2035 15.5343 -9.33472 -17.3726 15.3586 -10.3036 -17.4795 15.2968 -11.2915 
-17.369 15.4274 -12.2706 -17.091 15.667 -13.1975 -16.7271 15.9624 -14.0808 
-16.354 16.2922 -14.9478 -15.9914 16.6663 -15.8011 -15.6474 17.1094 -16.6273 
-15.3966 17.5322 -17.258 -29.7422 12.1595 -21.2126 -29.7961 11.7778 -20.5123 
-29.8003 11.3976 -19.5903 -29.7681 11.1549 -18.6223 -29.7714 10.9849 -17.6373 
-29.7877 10.7761 -16.6605 -29.7468 10.4528 -15.7172 -29.6466 10.02 -14.823 
-29.5547 9.48714 -13.984 -29.6464 8.80815 -13.273 -29.9793 8.03083 -12.7517 
-30.4362 7.22644 -12.3751 -30.9432 6.42077 -12.0702 -31.4597 5.604 -11.8137 
-31.9694 4.76892 -11.6087 -32.4657 3.91585 -11.4492 -32.9431 3.04564 -11.3292 
-33.3901 2.15893 -11.216 -33.7865 1.25807 -11.0431 -34.0956 0.35183 -10.7621 
-34.3022 -0.549385 -10.3851 -34.3896 -1.42262 -9.90866 -34.3853 -2.26383 -9.37031 
-34.2972 -3.06333 -8.77798 -34.134 -3.82108 -8.14726 -33.901 -4.52769 -7.47986 
-33.6236 -5.19244 -6.78704 -33.2907 -5.80021 -6.06659 -32.9206 -6.35895 -5.32512 
-32.5042 -6.86084 -4.56767 -32.0458 -7.30514 -3.79852 -31.5307 -7.64643 -3.0137 
-30.9776 -7.88916 -2.21834 -30.3896 -8.01767 -1.42142 -29.7669 -8.03176 -0.640715 
-29.1122 -7.94973 0.109961 -28.425 -7.78821 0.816844 -27.7036 -7.55478 1.46764 
-26.9565 -7.26451 2.06486 -26.1908 -6.93278 2.61555 -25.4153 -6.56745 3.12985 
-24.6474 -6.15315 3.61795 -23.8974 -5.69769 4.09722 -23.1798 -5.18532 4.5682 
-22.4956 -4.62521 5.0345 -21.8547 -4.00271 5.48254 -21.25 -3.33087 5.90947 
-20.6731 -2.62348 6.3175 -20.111 -1.89378 6.70676 -19.5592 -1.14195 7.06716 
-19.0287 -0.358616 7.39001 -18.5371 0.463272 7.67634 -18.0822 1.31536 7.93452 
-17.6642 2.19597 8.15622 -17.2865 3.10402 8.33504 -16.9588 4.04008 8.45806 
-16.6809 4.99774 8.52512 -16.4508 5.97047 8.52927 -16.247 6.9482 8.48479 
-16.0699 7.92697 8.38461 -15.9147 8.90421 8.24139 -15.7807 9.86967 8.02061 
-15.6577 10.8146 7.71991 -15.542 11.718 7.30999 -15.4308 12.5784 6.81455 
-15.3404 13.3821 6.22762 -15.2763 14.1338 5.57233 -15.2377 14.8304 4.8565 
-15.2169 15.4857 4.10181 -15.2105 16.0998 3.31281 -15.2148 16.6791 2.49794 
-15.2267 17.232 1.66481 -15.2451 17.7751 0.825364 -15.284 18.3114 -0.017601 
-15.3652 18.8134 -0.878051 -15.5073 19.2279 -1.77437 -15.7204 19.475 -2.71468 
-16.0001 19.4591 -3.66238 -16.324 19.1114 -4.53218 -16.6302 18.5857 -5.32458 
-16.859 18.0462 -6.13354 -16.9781 17.5745 -7.00528 -17.0458 17.1749 -7.91885 
-17.1213 16.8273 -8.85316 -17.2416 16.5242 -9.79791 -17.3694 16.3071 -10.7632 
-17.3709 16.263 -11.7544 -17.1713 16.4012 -12.7199 -16.854 16.6332 -13.6385 
-16.4993 16.914 -14.5301 -16.1505 17.2351 -15.4103 -15.8242 17.6209 -16.2722 
-15.5373 18.117 -17.0894 -30.3193 11.9415 -21.3956 -30.3778 11.6425 -20.8799 
-30.3741 11.2433 -19.9661 -30.2981 10.9774 -19.0076 -30.2265 10.8273 -18.022 
-30.1853 10.6728 -17.0353 -30.1136 10.4025 -16.0779 -29.9918 10.003 -15.1713 
-29.8829 9.48404 -14.3252 -29.8694 8.83869 -13.5691 -30.0953 8.07144 -12.9862 
-30.5048 7.26439 -12.5672 -31.0046 6.45769 -12.2536 -31.5254 5.64501 -11.9937 
-32.0522 4.81913 -11.7938 -32.559 3.97436 -11.6234 -33.0401 3.10786 -11.4917 
-33.4916 2.22603 -11.3573 -33.8883 1.32954 -11.1631 -34.2283 0.431786 -10.8878 
-34.4513 -0.458837 -10.4969 -34.5694 -1.32849 -10.0215 -34.5861 -2.16494 -9.47597 
-34.5236 -2.96687 -8.88329 -34.3732 -3.72236 -8.24686 -34.1598 -4.43498 -7.57946 
-33.8849 -5.09277 -6.87904 -33.565 -5.70624 -6.15753 -33.1987 -6.26077 -5.41085 
-32.7924 -6.76278 -4.6481 -32.3339 -7.18932 -3.86938 -31.8312 -7.53185 -3.07708 
-31.2891 -7.77099 -2.27304 -30.712 -7.8989 -1.46766 -30.0996 -7.91338 -0.678762 
-29.4548 -7.84169 0.0809937 -28.7727 -7.68594 0.79443 -28.0605 -7.46564 1.45981 
-27.3207 -7.18015 2.06845 -26.5632 -6.84958 2.63078 -25.7915 -6.47762 3.14589 
-25.0245 -6.06386 3.6357 -24.2786 -5.59856 4.11179 -23.5583 -5.08794 4.58068 
-22.8722 -4.52364 5.03926 -22.2205 -3.90736 5.48013 -21.6121 -3.2347 5.90093 
-21.0275 -2.53291 6.30752 -20.4604 -1.80694 6.69637 -19.9041 -1.0593 7.05859 
-19.3745 -0.274544 7.37936 -18.8802 0.546924 7.66275 -18.4243 1.40143 7.91026 
-17.9961 2.27867 8.12641 -17.6113 3.1848 8.29949 -17.2724 4.11688 8.42323 
-16.9876 5.07283 8.48471 -16.748 6.04323 8.48991 -16.5388 7.01955 8.44024 
-16.3512 7.99666 8.34262 -16.1895 8.97118 8.1892 -16.0448 9.93769 7.97943 
-15.9113 10.8832 7.68569 -15.7846 11.7917 7.2906 -15.6655 12.6531 6.79855 
-15.5687 13.4654 6.22498 -15.5045 14.2202 5.57316 -15.4673 14.9214 4.86197 
-15.4518 15.5743 4.10508 -15.4486 16.1927 3.31947 -15.4567 16.7676 2.50152 
-15.4674 17.3158 1.66531 -15.4806 17.8465 0.817876 -15.5116 18.3672 -0.035187 
-15.5974 18.8415 -0.910418 -15.7507 19.2232 -1.81943 -15.9914 19.4137 -2.76685 
-16.278 19.3611 -3.71121 -16.582 18.9823 -4.57866 -16.8573 18.4585 -5.38355 
-17.0405 17.9423 -6.21879 -17.1512 17.5054 -7.10952 -17.2362 17.16 -8.04358 
-17.3407 16.8616 -8.99205 -17.494 16.5944 -9.94325 -17.6297 16.3856 -10.9102 
-17.5843 16.3524 -11.8996 -17.3339 16.4935 -12.851 -16.964 16.7409 -13.7458 
-16.5818 17.0264 -14.6245 -16.2206 17.3606 -15.4946 -15.8899 17.7558 -16.3507 
-15.6136 18.2611 -17.166 -31.0058 11.0726 -20.4832 -30.9592 10.8808 -19.917 
-30.8332 10.6673 -18.9502 -30.7029 10.5448 -17.9667 -30.5803 10.4035 -16.9852 
-30.4193 10.1362 -16.0388 -30.2462 9.69307 -15.1618 -30.1395 9.12375 -14.3499 
-30.134 8.41968 -13.6469 -30.3419 7.6259 -13.0908 -30.758 6.81246 -12.6945 
-31.2589 6.00324 -12.3884 -31.7881 5.19031 -12.1486 -32.3427 4.37826 -11.9686 
-32.8672 3.54051 -11.8176 -33.3584 2.68178 -11.6734 -33.7982 1.80318 -11.4902 
-34.1803 0.914263 -11.2415 -34.485 0.0305558 -10.8917 -34.6853 -0.841717 -10.4494 
-34.777 -1.68887 -9.92823 -34.7853 -2.50711 -9.35472 -34.7023 -3.28433 -8.73246 
-34.5435 -4.02452 -8.08027 -34.3156 -4.71536 -7.39495 -34.0327 -5.35548 -6.68151 
-33.7007 -5.94376 -5.94472 -33.3318 -6.48563 -5.18993 -32.9163 -6.95891 -4.41391 
-32.4581 -7.3668 -3.62485 -31.959 -7.68484 -2.82034 -31.4275 -7.90311 -2.00331 
-30.8597 -8.00254 -1.18755 -30.2605 -8.01065 -0.387901 -29.622 -7.92337 0.375875 
-28.9524 -7.77115 1.10153 -28.2485 -7.54178 1.7727 -27.5224 -7.25163 2.39529 
-26.7814 -6.90612 2.97022 -26.0308 -6.51823 3.50478 -25.2863 -6.08384 4.0112 
-24.5565 -5.60987 4.5037 -23.853 -5.08914 4.98659 -23.178 -4.52522 5.46198 
-22.5374 -3.90687 5.91649 -21.8074 -3.11097 6.43873 -21.223 -2.41469 6.85536 
-20.6504 -1.69508 7.24772 -20.0958 -0.944705 7.60639 -19.5679 -0.156807 7.92242 
-19.0663 0.661838 8.20121 -18.6034 1.51425 8.44335 -18.1786 2.39495 8.65081 
-17.8071 3.30819 8.81572 -17.4784 4.24447 8.93579 -17.198 5.20187 8.9934 
-16.956 6.17185 8.99481 -16.7391 7.14631 8.94135 -16.5385 8.12039 8.8396 
-16.3599 9.09054 8.67743 -16.1985 10.0527 8.45998 -16.054 10.9969 8.16615 
-15.9204 11.9104 7.78413 -15.7982 12.7851 7.31673 -15.6957 13.6143 6.76847 
-15.6243 14.3906 6.14355 -15.5761 15.1201 5.46202 -15.5484 15.8006 4.73018 
-15.5326 16.4426 3.96402 -15.526 17.037 3.16024 -15.5196 17.5937 2.32964 
-15.5093 18.1188 1.47879 -15.5124 18.625 0.616462 -15.5574 19.0954 -0.26407 
-15.6687 19.4914 -1.17334 -15.8876 19.7127 -2.11837 -16.1808 19.7579 -3.07167 
-16.5037 19.5754 -3.99205 -16.8357 19.1529 -4.8294 -17.1351 18.6297 -5.62625 
-17.3711 18.1587 -6.47398 -17.5165 17.8105 -7.39821 -17.6533 17.5527 -8.35429 
-17.8328 17.3094 -9.30727 -18.0379 17.0414 -10.2484 -18.173 16.8088 -11.2069 
-18.0553 16.7612 -12.1821 -17.6584 16.9287 -13.0787 -17.1991 17.188 -13.9281 
-16.7737 17.4754 -14.7858 -16.3994 17.8153 -15.6477 -16.0801 18.2385 -16.4941 
-29.2165 12.1049 -21.0333 -29.2898 11.7242 -20.3342 -29.3229 11.3581 -19.4061 
-29.3403 11.1065 -18.4398 -29.3881 10.9165 -17.4593 -29.4304 10.6779 -16.4902 
-29.3854 10.3251 -15.5573 -29.2617 9.89336 -14.6656 -29.1557 9.35192 -13.8362 
-29.3009 8.66479 -13.1497 -29.7023 7.88438 -12.6802 -30.1863 7.08519 -12.3269 
-30.7115 6.28538 -12.037 -31.2537 5.4831 -11.7881 -31.7876 4.65979 -11.5969 
-32.3128 3.82167 -11.4512 -32.8059 2.95879 -11.3434 -33.2628 2.07572 -11.2406 
-33.6631 1.17616 -11.0718 -33.9948 0.27198 -10.8102 -34.1946 -0.628192 -10.4268 
-34.2935 -1.50449 -9.95959 -34.2825 -2.34291 -9.41599 -34.1982 -3.1425 -8.82338 
-34.0294 -3.89644 -8.18964 -33.8015 -4.60607 -7.52381 -33.5112 -5.25686 -6.82295 
-33.1807 -5.8686 -6.10461 -32.8101 -6.42816 -5.36414 -32.3943 -6.93736 -4.61102 
-31.9237 -7.37084 -3.84362 -31.4047 -7.71854 -3.06407 -30.842 -7.95428 -2.27321 
-30.2431 -8.0759 -1.48393 -29.6079 -8.07998 -0.712875 -28.9435 -7.98959 0.0277825 
-28.245 -7.81794 0.721446 -27.5182 -7.58859 1.36789 -26.7602 -7.29822 1.95126 
-25.9832 -6.97427 2.49044 -25.196 -6.60979 2.98752 -24.4172 -6.20296 3.46415 
-23.6609 -5.74536 3.9313 -22.9301 -5.24078 4.39036 -22.2424 -4.67665 4.846 
-21.5984 -4.04902 5.28209 -21.1175 -3.5023 5.61302 -20.6571 -2.93351 5.93607 
-20.0993 -2.20162 6.32726 -19.555 -1.44907 6.69749 -19.0232 -0.673381 7.037 
-18.5241 0.135838 7.34566 -18.0724 0.985002 7.61783 -17.6528 1.86058 7.85617 
-17.2654 2.76149 8.05031 -16.9165 3.68658 8.19621 -16.6271 4.63951 8.27969 
-16.3905 5.6102 8.30368 -16.1904 6.58915 8.27115 -16.0119 7.57006 8.19618 
-15.8635 8.5497 8.06449 -15.7355 9.52177 7.87047 -15.6196 10.47 7.57848 
-15.509 11.3837 7.19013 -15.4012 12.245 6.69557 -15.3111 13.0509 6.11199 
-15.2479 13.7969 5.45027 -15.2072 14.4935 4.73464 -15.1918 15.1374 3.96997 
-15.1915 15.7446 3.17579 -15.2051 16.3179 2.35667 -15.2285 16.87 1.52331 
-15.262 17.4189 0.688121 -15.3153 17.9661 -0.147175 -15.4117 18.4795 -0.999167 
-15.5622 18.9067 -1.88849 -15.7726 19.1753 -2.8249 -16.0346 19.1692 -3.77549 
-16.3317 18.78 -4.63831 -16.5921 18.2368 -5.43507 -16.7678 17.702 -6.26036 
-16.8626 17.2364 -7.13869 -16.9193 16.8351 -8.05254 -16.9924 16.4791 -8.98394 
-17.1132 16.1797 -9.92953 -17.2323 15.9994 -10.9027 -17.2155 16.0208 -11.8968 
-17.0201 16.1913 -12.8575 -16.705 16.448 -13.7705 -16.365 16.7414 -14.6639 
-16.025 17.0745 -15.543 -15.6972 17.4705 -16.3995 -15.4631 17.8772 -17.0467 
-29.556 12.4886 -21.08 -29.6017 12.0954 -20.3856 -29.6013 11.7155 -19.4623 
-29.5898 11.4483 -18.5002 -29.6212 11.2524 -17.5204 -29.6574 11.0178 -16.5499 
-29.6367 10.6714 -15.6128 -29.5736 10.2423 -14.7131 -29.5219 9.70725 -13.8726 
-29.6376 9.04893 -13.1458 -30.0105 8.26837 -12.6509 -30.4592 7.46344 -12.2645 
-30.9527 6.65078 -11.9555 -31.4346 5.82026 -11.677 -31.908 4.9697 -11.45 
-32.3792 4.1051 -11.277 -32.8387 3.2252 -11.1583 -33.285 2.33505 -11.0688 
-33.6746 1.42726 -10.9191 -33.9848 0.510502 -10.6764 -34.1737 -0.402298 -10.318 
-34.2692 -1.2913 -9.87433 -34.257 -2.14258 -9.35283 -34.1592 -2.94992 -8.77266 
-33.977 -3.70692 -8.14648 -33.7365 -4.41996 -7.48856 -33.439 -5.07969 -6.79927 
-33.0978 -5.6911 -6.08599 -32.7086 -6.24108 -5.34745 -32.273 -6.74086 -4.59965 
-31.7814 -7.16094 -3.83782 -31.2449 -7.5015 -3.06727 -30.6555 -7.71523 -2.28951 
-30.0315 -7.82518 -1.51789 -29.3715 -7.81723 -0.767755 -28.6803 -7.72098 -0.0528409 
-27.9531 -7.54915 0.610474 -27.1912 -7.32349 1.21672 -26.3963 -7.0506 1.75756 
-25.5758 -6.74573 2.24034 -24.7539 -6.39432 2.68787 -23.9408 -5.99639 3.11217 
-23.1557 -5.53849 3.5281 -22.4046 -5.01627 3.93045 -21.7184 -4.40445 4.32204 
-21.1057 -3.71167 4.69791 -20.7708 -3.26494 4.91757 -20.464 -2.80102 5.14256 
-19.9778 -2.01808 5.53032 -19.5082 -1.22907 5.92645 -19.0462 -0.423831 6.2975 
-18.5988 0.409283 6.62165 -18.1848 1.27749 6.89284 -17.8005 2.17699 7.09814 
-17.4495 3.10306 7.23159 -17.1408 4.05121 7.29498 -16.901 5.02096 7.26537 
-16.6999 5.99532 7.17127 -16.5196 6.96302 6.9974 -16.3657 7.92428 6.77049 
-16.2516 8.87065 6.47174 -16.1566 9.77991 6.06998 -16.0618 10.6352 5.56145 
-15.9641 11.435 4.97184 -15.8969 12.1536 4.28184 -15.8776 12.7998 3.52007 
-15.9277 13.3561 2.69191 -16.0215 13.8429 1.8242 -16.1243 14.2825 0.932083 
-16.2145 14.7031 0.0293865 -16.3315 15.1515 -0.856339 -16.4964 15.6135 -1.72747 
-16.6851 16.0228 -2.61837 -16.8608 16.269 -3.56491 -17.0008 16.2123 -4.54745 
-17.1359 15.9501 -5.50095 -17.2794 15.6542 -6.44437 -17.4342 15.4642 -7.412 
-17.6152 15.3979 -8.39266 -17.8397 15.3618 -9.3662 -18.0847 15.2778 -10.3314 
-18.2281 15.2187 -11.3144 -18.0606 15.3205 -12.2849 -17.6702 15.552 -13.1702 
-17.2026 15.8701 -13.9948 -16.7528 16.2104 -14.8204 -16.3394 16.5976 -15.6439 
-15.9536 17.0331 -16.457 -15.6872 17.4476 -17.0863 -28.824 12.9455 -21.2638 
-28.8886 12.5351 -20.5805 -28.9435 12.0962 -19.6851 -28.994 11.7757 -18.7404 
-29.0824 11.5241 -17.7769 -29.1888 11.2729 -16.8151 -29.2478 10.9601 -15.8686 
-29.2375 10.5551 -14.9553 -29.1918 10.0775 -14.0789 -29.26 9.47891 -13.295 
-29.5942 8.74961 -12.7172 -30.041 7.95965 -12.3005 -30.5197 7.15141 -11.9588 
-31.005 6.32836 -11.664 -31.4761 5.48791 -11.3968 -31.9444 4.62784 -11.1968 
-32.4134 3.75582 -11.0591 -32.8673 2.86889 -10.9774 -33.2917 1.96743 -10.8993 
-33.6399 1.04654 -10.7338 -33.893 0.119549 -10.4651 -34.0301 -0.7956 -10.0908 
-34.0695 -1.68106 -9.63123 -34.0011 -2.52016 -9.09365 -33.8558 -3.31101 -8.50085 
-33.6362 -4.05264 -7.86829 -33.3629 -4.74873 -7.20512 -33.0352 -5.38696 -6.50923 
-32.66 -5.97167 -5.79066 -32.2359 -6.504 -5.05879 -31.7564 -6.9716 -4.31714 
-31.2181 -7.35677 -3.56877 -30.6302 -7.6449 -2.81437 -29.9941 -7.81376 -2.06413 
-29.3211 -7.87654 -1.32805 -28.6139 -7.83291 -0.623604 -27.8748 -7.71624 0.0381165 
-27.0941 -7.53299 0.634297 -26.2736 -7.30912 1.15895 -25.426 -7.04379 1.6176 
-24.5626 -6.73667 2.0163 -23.7055 -6.36829 2.37533 -22.8665 -5.94555 2.71692 
-22.0512 -5.45667 3.02505 -21.289 -4.88989 3.33319 -20.6263 -4.21676 3.6552 
-20.0002 -3.30088 4.10195 -19.5917 -2.49659 4.53232 -19.229 -1.6807 4.98248 
-18.8646 -0.857273 5.41718 -18.4924 -0.0181784 5.813 -18.1274 0.855264 6.13272 
-17.7703 1.76019 6.3621 -17.4381 2.68862 6.52394 -17.1528 3.64282 6.60036 
-16.9237 4.61489 6.58582 -16.7643 5.59413 6.46837 -16.6341 6.5655 6.27223 
-16.5108 7.51665 5.99202 -16.4106 8.44416 5.63375 -16.3252 9.33466 5.18783 
-16.2323 10.1837 4.67033 -16.1271 10.9403 4.02715 -16.0382 11.613 3.29521 
-15.9905 12.1932 2.48348 -15.9849 12.6935 1.61866 -15.9923 13.1071 0.708758 
-15.9933 13.4715 -0.222254 -16.0255 13.8383 -1.15112 -16.1479 14.2672 -2.04423 
-16.3923 14.754 -2.88198 -16.666 15.1586 -3.74969 -16.9042 15.2866 -4.70411 
-17.1006 15.195 -5.67832 -17.2777 15.0461 -6.65054 -17.4517 14.9853 -7.63257 
-17.646 14.9922 -8.61331 -17.8825 14.9969 -9.58471 -18.114 14.9481 -10.5551 
-18.2069 14.9277 -11.5439 -17.9967 15.0693 -12.5022 -17.5765 15.3301 -13.3681 
-17.1103 15.6603 -14.1888 -16.6673 16.018 -15.0105 -16.2565 16.4279 -15.8245 
-15.8762 16.885 -16.6277 -15.6097 17.3149 -17.247 -31.0602 12.7544 -21.0529 
-30.9674 12.2626 -20.1911 -30.8144 11.9186 -19.2664 -30.6684 11.6949 -18.3038 
-30.5624 11.5125 -17.3265 -30.4786 11.2578 -16.3645 -30.3958 10.8966 -15.4367 
-30.3226 10.4393 -14.5513 -30.3062 9.89413 -13.7161 -30.4325 9.21547 -13.003 
-30.7215 8.43578 -12.4546 -31.1272 7.61351 -12.0583 -31.5228 6.76728 -11.7018 
-31.899 5.9011 -11.3734 -32.2698 5.01759 -11.088 -32.6403 4.1177 -10.8598 
-33.0219 3.20795 -10.6989 -33.3907 2.28664 -10.5786 -33.6946 1.34809 -10.4214 
-33.9106 0.402263 -10.1861 -34.0345 -0.534405 -9.86372 -34.0426 -1.43589 -9.43555 
-33.9655 -2.30071 -8.94068 -33.8049 -3.10791 -8.37497 -33.5756 -3.86741 -7.76721 
-33.282 -4.56779 -7.11751 -32.9519 -5.22639 -6.44178 -32.5729 -5.82575 -5.73726 
-32.1496 -6.37368 -5.01649 -31.6726 -6.85975 -4.28512 -31.1412 -7.26783 -3.54431 
-30.5553 -7.57794 -2.79722 -29.9203 -7.7711 -2.05119 -29.2436 -7.84263 -1.32016 
-28.5389 -7.82465 -0.612229 -27.7945 -7.70785 0.0440557 -27.0159 -7.53411 0.645905 
-26.1976 -7.3158 1.17645 -25.3537 -7.05698 1.64497 -24.4937 -6.75773 2.05733 
-23.6356 -6.40045 2.42438 -22.7964 -5.97565 2.76339 -21.97 -5.50671 3.07383 
-21.1883 -4.95731 3.36545 -20.4784 -4.32103 3.6617 -19.8843 -3.59037 3.98958 
-19.3396 -2.65016 4.49168 -18.9758 -1.84727 4.96377 -18.6061 -1.03415 5.41298 
-18.2318 -0.206333 5.83022 -17.8696 0.651562 6.1933 -17.5127 1.54274 6.47017 
-17.1782 2.46486 6.6592 -16.8828 3.41399 6.75827 -16.6528 4.38634 6.76108 
-16.4813 5.36808 6.69203 -16.352 6.34606 6.53088 -16.2259 7.31353 6.3131 
-16.1267 8.26409 6.02079 -16.0457 9.1868 5.64634 -15.9629 10.0719 5.18934 
-15.8696 10.905 4.64662 -15.7871 11.6539 3.99159 -15.739 12.3247 3.25356 
-15.7542 12.9111 2.44479 -15.8142 13.4318 1.59396 -15.8954 13.8753 0.701644 
-15.9781 14.2913 -0.203869 -16.0899 14.7258 -1.09691 -16.2686 15.1957 -1.9608 
-16.491 15.6233 -2.83579 -16.6977 15.874 -3.77208 -16.8602 15.8215 -4.75077 
-16.9975 15.5775 -5.7094 -17.127 15.3011 -6.66089 -17.2632 15.132 -7.6355 
-17.4241 15.0497 -8.61873 -17.6283 14.9846 -9.59531 -17.832 14.9045 -10.5701 
-17.9077 14.8661 -11.5607 -17.7091 15.0165 -12.5192 -17.3309 15.2892 -13.4019 
-16.907 15.6131 -14.2475 -16.4944 15.9711 -15.085 -16.1022 16.3771 -15.9101 
-15.7404 16.8437 -16.7158 -15.4783 17.2775 -17.3344 -31.2843 12.3548 -21.4523 
-31.2812 12.0273 -20.9517 -31.179 11.5929 -20.0596 -31.0148 11.3027 -19.1197 
-30.841 11.1386 -18.1492 -30.6944 10.9949 -17.1707 -30.5544 10.7514 -16.2136 
-30.4161 10.3718 -15.3004 -30.3046 9.871 -14.4437 -30.2793 9.26433 -13.6535 
-30.4489 8.52119 -13.0184 -30.8064 7.71423 -12.5595 -31.2474 6.88807 -12.2104 
-31.6944 6.04567 -11.9102 -32.1409 5.1861 -11.6628 -32.5774 4.31178 -11.4512 
-33.0176 3.42653 -11.3032 -33.445 2.53217 -11.172 -33.8341 1.62701 -11.0041 
-34.1616 0.716007 -10.7586 -34.3792 -0.189252 -10.4013 -34.4944 -1.07449 -9.95404 
-34.5045 -1.92434 -9.42948 -34.4299 -2.7356 -8.85095 -34.2662 -3.49818 -8.22666 
-34.0345 -4.2127 -7.56763 -33.7451 -4.87517 -6.87746 -33.4129 -5.49282 -6.165 
-33.0348 -6.0491 -5.42573 -32.615 -6.55344 -4.67162 -32.1479 -6.9895 -3.90365 
-31.6359 -7.34212 -3.12149 -31.0786 -7.58936 -2.33043 -30.4837 -7.72348 -1.53935 
-29.8543 -7.74585 -0.764353 -29.1938 -7.67746 -0.017929 -28.495 -7.52127 0.67956 
-27.7667 -7.30414 1.32824 -27.0094 -7.02958 1.91954 -26.2278 -6.71202 2.45569 
-25.4304 -6.35164 2.93929 -24.6362 -5.96127 3.40458 -23.868 -5.51255 3.86074 
-23.1259 -5.0148 4.30875 -22.4325 -4.44553 4.7487 -21.7795 -3.81526 5.16727 
-21.2978 -3.26265 5.48699 -20.8374 -2.68944 5.80223 -20.2822 -1.95441 6.19124 
-19.744 -1.19906 6.56498 -19.2204 -0.418828 6.90633 -18.7235 0.392433 7.21327 
-18.2741 1.24513 7.47842 -17.8549 2.12397 7.70496 -17.4725 3.03103 7.87857 
-17.1308 3.96252 7.99911 -16.8433 4.91745 8.06209 -16.6111 5.88964 8.06691 
-16.4156 6.86879 8.0163 -16.2428 7.8491 7.92358 -16.0979 8.8263 7.77083 
-15.9683 9.79341 7.55523 -15.85 10.7314 7.23265 -15.7315 11.6304 6.81349 
-15.6257 12.469 6.28168 -15.5448 13.2523 5.66664 -15.497 13.9714 4.97418 
-15.4778 14.638 4.22989 -15.4862 15.2548 3.44322 -15.5129 15.8353 2.62957 
-15.5548 16.3848 1.79522 -15.6028 16.9172 0.950161 -15.6616 17.4493 0.1055 
-15.7449 17.9677 -0.745369 -15.8891 18.4183 -1.62312 -16.1035 18.7274 -2.54708 
-16.3332 18.8072 -3.50178 -16.5779 18.5173 -4.41471 -16.7764 18.0068 -5.25011 
-16.921 17.4841 -6.08979 -17.009 17.0205 -6.97047 -17.0774 16.6343 -7.88954 
-17.1772 16.3231 -8.83413 -17.3241 16.0601 -9.78713 -17.4748 15.8763 -10.7561 
-17.4826 15.8579 -11.7474 -17.2802 16.0151 -12.71 -16.943 16.2684 -13.6153 
-16.5706 16.5647 -14.4946 -16.2047 16.9011 -15.3621 -15.856 17.2943 -16.212 
-15.5469 17.7837 -17.0256 -29.2519 7.93172 -12.8958 -29.6292 7.29749 -12.5888 
-30.1565 6.50407 -12.2863 -30.7213 5.72104 -12.0272 -31.3112 4.94057 -11.8212 
-31.882 4.13737 -11.6522 -32.4239 3.30772 -11.5219 -32.9205 2.44651 -11.4165 
-33.361 1.5596 -11.2822 -33.7413 0.661678 -11.0664 -34.0216 -0.237203 -10.7358 
-34.1929 -1.12637 -10.3169 -34.2463 -1.98314 -9.80694 -34.2127 -2.80633 -9.24133 
-34.0979 -3.58506 -8.62587 -33.9097 -4.31871 -7.97435 -33.6582 -5.00022 -7.28792 
-33.3564 -5.63513 -6.57732 -33.0061 -6.21553 -5.84306 -32.6087 -6.74406 -5.09342 
-32.1558 -7.20459 -4.33076 -31.6529 -7.59115 -3.55882 -31.1021 -7.87072 -2.77465 
-30.509 -8.02893 -1.98655 -29.8783 -8.07232 -1.21346 -29.22 -8.02434 -0.463091 
-28.527 -7.88275 0.242767 -27.8001 -7.67694 0.896707 -27.0411 -7.41821 1.49325 
-26.2554 -7.11912 2.03389 -25.4512 -6.78321 2.52382 -24.648 -6.40767 2.98564 
-23.8623 -5.9806 3.43235 -23.1009 -5.50369 3.87078 -22.3841 -4.95385 4.29817 
-21.7167 -4.33874 4.71622 -21.2307 -3.7861 5.02854 -20.7773 -3.20216 5.33407 
-20.2393 -2.45371 5.72159 -19.7239 -1.68986 6.10983 -19.2181 -0.909176 6.47641 
-18.7341 -0.0994186 6.80714 -18.2899 0.746772 7.09982 -17.8811 1.62626 7.34243 
-17.4989 2.5304 7.53127 -17.1529 3.45881 7.66161 -16.861 4.41247 7.7259 
-16.6252 5.38348 7.73248 -16.4306 6.36259 7.67981 -16.2574 7.34211 7.57931 
-16.1156 8.3197 7.42679 -16.0006 9.28483 7.19565 -15.9034 10.214 6.84136 
-15.8011 11.106 6.40364 -15.7096 11.9298 5.84696 -15.6402 12.6946 5.20754 
-15.6085 13.386 4.48682 -15.621 14.0178 3.71303 -15.6766 14.5934 2.89776 
-15.7761 15.1204 2.05427 -15.8967 15.6117 1.19174 -16.0268 16.0983 0.327884 
-16.1576 16.5954 -0.529814 -16.3057 17.0921 -1.38493 -16.4802 17.5051 -2.27683 
-16.6508 17.7633 -3.22124 -16.7958 17.6327 -4.18954 -16.9183 17.2428 -5.09766 
-17.0205 16.7735 -5.97473 -17.1112 16.3433 -6.87177 -17.2121 16.0313 -7.81515 
-17.348 15.8055 -8.77898 -17.5347 15.6299 -9.74542 -17.7079 15.4921 -10.7193 
-17.7289 15.4678 -11.7112 -17.5072 15.626 -12.664 -17.1309 15.8991 -13.5484 
-16.7264 16.2067 -14.4096 -16.337 16.5577 -15.2609 -15.9645 16.9527 -16.1005 
-15.6319 17.4375 -16.9075 
LINES 182 16335
93 0 1 2 3 4 5 6 7 8 9 10 11 12 13 14 15 16 17 18 19 20 21 22 23 24 25 26 27 28 29 30 31 32 33 34 35 36 37 38 39 40 41 42 43 44 45 46 47 48 49 50 51 52 53 54 55 56 57 58 59 60 61 62 63 64 65 66 67 68 69 70 71 72 73 74 75 76 77 78 79 80 81 82 83 84 85 86 87 88 89 90 91 92 
89 93 94 95 96 97 98 99 100 101 102 103 104 105 106 107 108 109 110 111 112 113 114 115 116 117 118 119 120 121 122 123 124 125 126 127 128 129 130 131 132 133 134 135 136 137 138 139 140 141 142 143 144 145 146 147 148 149 150 151 152 153 154 155 156 157 158 159 160 161 162 163 164 165 166 167 168 169 170 171 172 173 174 175 176 177 178 179 180 181 
79 182 183 184 185 186 187 188 189 190 191 192 193 194 195 196 197 198 199 200 201 202 203 204 205 206 207 208 209 210 211 212 213 214 215 216 217 218 219 220 221 222 223 224 225 226 227 228 229 230 231 232 233 234 235 236 237 238 239 240 241 242 243 244 245 246 247 248 249 250 251 252 253 254 255 256 257 258 259 260 
87 261 262 263 264 265 266 267 268 269 270 271 272 273 274 275 276 277 278 279 280 281 282 283 284 285 286 287 288 289 290 291 292 293 294 295 296 297 298 299 300 301 302 303 304 305 306 307 308 309 310 311 312 313 314 315 316 317 318 319 320 321 322 323 324 325 326 327 328 329 330 331 332 333 334 335 336 337 338 339 340 341 342 343 344 345 346 347 
90 348 349 350 351 352 353 354 355 356 357 358 359 360 361 362 363 364 365 366 367 368 369 370 371 372 373 374 375 376 377 378 379 380 381 382 383 384 385 386 387 388 389 390 391 392 393 394 395 396 397 398 399 400 401 402 403 404 405 406 407 408 409 410 411 412 413 414 415 416 417 418 419 420 421 422 423 424 425 426 427 428 429 430 431 432 433 434 435 436 437 
93 438 439 440 441 442 443 444 445 446 447 448 449 450 451 452 453 454 455 456 457 458 459 460 461 462 463 464 465 466 467 468 469 470 471 472 473 474 475 476 477 478 479 480 481 482 483 484 485 486 487 488 489 490 491 492 493 494 495 496 497 498 499 500 501 502 503 504 505 506 507 508 509 510 511 512 513 514 515 516 517 518 519 520 521 522 523 524 525 526 527 528 529 530 
93 531 532 533 534 535 536 537 538 539 540 541 542 543 544 545 546 547 548 549 550 551 552 553 554 555 556 557 558 559 560 561 562 563 564 565 566 567 568 569 570 571 572 573 574 575 576 577 578 579 580 581 582 583 584 585 586 587 588 589 590 591 592 593 594 595 596 597 598 599 600 601 602 603 604 605 606 607 608 609 610 611 612 613 614 615 616 617 618 619 620 621 622 623 
93 624 625 626 627 628 629 630 631 632 633 634 635 636 637 638 639 640 641 642 643 644 645 646 647 648 649 650 651 652 653 654 655 656 657 658 659 660 661 662 663 664 665 666 667 668 669 670 671 672 673 674 675 676 677 678 679 680 681 682 683 684 685 686 687 688 689 690 691 692 693 694 695 696 697 698 699 700 701 702 703 704 705 706 707 708 709 710 711 712 713 714 715 716 
92 717 718 719 720 721 722 723 724 725 726 727 728 729 730 731 732 733 734 735 736 737 738 739 740 741 742 743 744 745 746 747 748 749 750 751 752 753 754 755 756 757 758 759 760 761 762 763 764 765 766 767 768 769 770 771 772 773 774 775 776 777 778 779 780 781 782 783 784 785 786 787 788 789 790 791 792 793 794 795 796 797 798 799 800 801 802 803 804 805 806 807 808 
81 809 810 811 812 813 814 815 816 817 818 819 820 821 822 823 824 825 826 827 828 829 830 831 832 833 834 835 836 837 838 839 840 841 842 843 844 845 846 847 848 849 850 851 852 853 854 855 856 857 858 859 860 861 862 863 864 865 866 867 868 869 870 871 872 873 874 875 876 877 878 879 880 881 882 883 884 885 886 887 888 889 
93 890 891 892 893 894 895 896 897 898 899 900 901 902 903 904 905 906 907 908 909 910 911 912 913 914 915 916 917 918 919 920 921 922 923 924 925 926 927 928 929 930 931 932 933 934 935 936 937 938 939 940 941 942 943 944 945 946 947 948 949 950 951 952 953 954 955 956 957 958 959 960 961 962 963 964 965 966 967 968 969 970 971 972 973 974 975 976 977 978 979 980 981 982 
89 983 984 985 986 987 988 989 990 991 992 993 994 995 996 997 998 999 1000 1001 1002 1003 1004 1005 1006 1007 1008 1009 1010 1011 1012 1013 1014 1015 1016 1017 1018 1019 1020 1021 1022 1023 1024 1025 1026 1027 1028 1029 1030 1031 1032 1033 1034 1035 1036 1037 1038 1039 1040 1041 1042 1043 1044 1045 1046 1047 1048 1049 1050 1051 1052 1053 1054 1055 1056 1057 1058 1059 1060 1061 1062 1063 1064 1065 1066 1067 1068 1069 1070 1071 
86 1072 1073 1074 1075 1076 1077 1078 1079 1080 1081 1082 1083 1084 1085 1086 1087 1088 1089 1090 1091 1092 1093 1094 1095 1096 1097 1098 1099 1100 1101 1102 1103 1104 1105 1106 1107 1108 1109 1110 1111 1112 1113 1114 1115 1116 1117 1118 1119 1120 1121 1122 1123 1124 1125 1126 1127 1128 1129 1130 1131 1132 1133 1134 1135 1136 1137 1138 1139 1140 1141 1142 1143 1144 1145 1146 1147 1148 1149 1150 1151 1152 1153 1154 1155 1156 1157 
93 1158 1159 1160 1161 1162 1163 1164 1165 1166 1167 1168 1169 1170 1171 1172 1173 1174 1175 1176 1177 1178 1179 1180 1181 1182 1183 1184 1185 1186 1187 1188 1189 1190 1191 1192 1193 1194 1195 1196 1197 1198 1199 1200 1201 1202 1203 1204 1205 1206 1207 1208 1209 1210 1211 1212 1213 1214 1215 1216 1217 1218 1219 1220 1221 1222 1223 1224 1225 1226 1227 1228 1229 1230 1231 1232 1233 1234 1235 1236 1237 1238 1239 1240 1241 1242 1243 1244 1245 1246 1247 1248 1249 1250 
86 1251 1252 1253 1254 1255 1256 1257 1258 1259 1260 1261 1262 1263 1264 1265 1266 1267 1268 1269 1270 1271 1272 1273 1274 1275 1276 1277 1278 1279 1280 1281 1282 1283 1284 1285 1286 1287 1288 1289 1290 1291 1292 1293 1294 1295 1296 1297 1298 1299 1300 1301 1302 1303 1304 1305 1306 1307 1308 1309 1310 1311 1312 1313 1314 1315 1316 1317 1318 1319 1320 1321 1322 1323 1324 1325 1326 1327 1328 1329 1330 1331 1332 1333 1334 1335 1336 
92 1337 1338 1339 1340 1341 1342 1343 1344 1345 1346 1347 1348 1349 1350 1351 1352 1353 1354 1355 1356 1357 1358 1359 1360 1361 1362 1363 1364 1365 1366 1367 1368 1369 1370 1371 1372 1373 1374 1375 1376 1377 1378 1379 1380 1381 1382 1383 1384 1385 1386 1387 1388 1389 1390 1391 1392 1393 1394 1395 1396 1397 1398 1399 1400 1401 1402 1403 1404 1405 1406 1407 1408 1409 1410 1411 1412 1413 1414 1415 1416 1417 1418 1419 1420 1421 1422 1423 1424 1425 1426 1427 1428 
82 1429 1430 1431 1432 1433 1434 1435 1436 1437 1438 1439 1440 1441 1442 1443 1444 1445 1446 1447 1448 1449 1450 1451 1452 1453 1454 1455 1456 1457 1458 1459 1460 1461 1462 1463 1464 1465 1466 1467 1468 1469 1470 1471 1472 1473 1474 1475 1476 1477 1478 1479 1480 1481 1482 1483 1484 1485 1486 1487 1488 1489 1490 1491 1492 1493 1494 1495 1496 1497 1498 1499 1500 1501 1502 1503 1504 1505 1506 1507 1508 1509 1510 
91 1511 1512 1513 1514 1515 1516 1517 1518 1519 1520 1521 1522 1523 1524 1525 1526 1527 1528 1529 1530 1531 1532 1533 1534 1535 1536 1537 1538 1539 1540 1541 1542 1543 1544 1545 1546 1547 1548 1549 1550 1551 1552 1553 1554 1555 1556 1557 1558 1559 1560 1561 1562 1563 1564 1565 1566 1567 1568 1569 1570 1571 1572 1573 1574 1575 1576 1577 1578 1579 1580 1581 1582 1583 1584 1585 1586 1587 1588 1589 1590 1591 1592 1593 1594 1595 1596 1597 1598 1599 1600 1601 
86 1602 1603 1604 1605 1606 1607 1608 1609 1610 1611 1612 1613 1614 1615 1616 1617 1618 1619 1620 1621 1622 1623 1624 1625 1626 1627 1628 1629 1630 1631 1632 1633 1634 1635 1636 1637 1638 1639 1640 1641 1642 1643 1644 1645 1646 1647 1648 1649 1650 1651 1652 1653 1654 1655 1656 1657 1658 1659 1660 1661 1662 1663 1664 1665 1666 1667 1668 1669 1670 1671 1672 1673 1674 1675 1676 1677 1678 1679 1680 1681 1682 1683 1684 1685 1686 1687 
81 1688 1689 1690 1691 1692 1693 1694 1695 1696 1697 1698 1699 1700 1701 1702 1703 1704 1705 1706 1707 1708 1709 1710 1711 1712 1713 1714 1715 1716 1717 1718 1719 1720 1721 1722 1723 1724 1725 1726 1727 1728 1729 1730 1731 1732 1733 1734 1735 1736 1737 1738 1739 1740 1741 1742 1743 1744 1745 1746 1747 1748 1749 1750 1751 1752 1753 1754 1755 1756 1757 1758 1759 1760 1761 1762 1763 1764 1765 1766 1767 1768 
92 1769 1770 1771 1772 1773 1774 1775 1776 1777 1778 1779 1780 1781 1782 1783 1784 1785 1786 1787 1788 1789 1790 1791 1792 1793 1794 1795 1796 1797 1798 1799 1800 1801 1802 1803 1804 1805 1806 1807 1808 1809 1810 1811 1812 1813 1814 1815 1816 1817 1818 1819 1820 1821 1822 1823 1824 1825 1826 1827 1828 1829 1830 1831 1832 1833 1834 1835 1836 1837 1838 1839 1840 1841 1842 1843 1844 1845 1846 1847 1848 1849 1850 1851 1852 1853 1854 1855 1856 1857 1858 1859 1860 
86 1861 1862 1863 1864 1865 1866 1867 1868 1869 1870 1871 1872 1873 1874 1875 1876 1877 1878 1879 1880 1881 1882 1883 1884 1885 1886 1887 1888 1889 1890 1891 1892 1893 1894 1895 1896 1897 1898 1899 1900 1901 1902 1903 1904 1905 1906 1907 1908 1909 1910 1911 1912 1913 1914 1915 1916 1917 1918 1919 1920 1921 1922 1923 1924 1925 1926 1927 1928 1929 1930 1931 1932 1933 1934 1935 1936 1937 1938 1939 1940 1941 1942 1943 1944 1945 1946 
82 1947 1948 1949 1950 1951 1952 1953 1954 1955 1956 1957 1958 1959 1960 1961 1962 1963 1964 1965 1966 1967 1968 1969 1970 1971 1972 1973 1974 1975 1976 1977 1978 1979 1980 1981 1982 1983 1984 1985 1986 1987 1988 1989 1990 1991 1992 1993 1994 1995 1996 1997 1998 1999 2000 2001 2002 2003 2004 2005 2006 2007 2008 2009 2010 2011 2012 2013 2014 2015 2016 2017 2018 2019 2020 2021 2022 2023 2024 2025 2026 2027 2028 
88 2029 2030 2031 2032 2033 2034 2035 2036 2037 2038 2039 2040 2041 2042 2043 2044 2045 2046 2047 2048 2049 2050 2051 2052 2053 2054 2055 2056 2057 2058 2059 2060 2061 2062 2063 2064 2065 2066 2067 2068 2069 2070 2071 2072 2073 2074 2075 2076 2077 2078 2079 2080 2081 2082 2083 2084 2085 2086 2087 2088 2089 2090 2091 2092 2093 2094 2095 2096 2097 2098 2099 2100 2101 2102 2103 2104 2105 2106 2107 2108 2109 2110 2111 2112 2113 2114 2115 2116 
89 2117 2118 2119 2120 2121 2122 2123 2124 2125 2126 2127 2128 2129 2130 2131 2132 2133 2134 2135 2136 2137 2138 2139 2140 2141 2142 2143 2144 2145 2146 2147 2148 2149 2150 2151 2152 2153 2154 2155 2156 2157 2158 2159 2160 2161 2162 2163 2164 2165 2166 2167 2168 2169 2170 2171 2172 2173 2174 2175 2176 2177 2178 2179 2180 2181 2182 2183 2184 2185 2186 2187 2188 2189 2190 2191 2192 2193 2194 2195 2196 2197 2198 2199 2200 2201 2202 2203 2204 2205 
80 2206 2207 2208 2209 2210 2211 2212 2213 2214 2215 2216 2217 2218 2219 2220 2221 2222 2223 2224 2225 2226 2227 2228 2229 2230 2231 2232 2233 2234 2235 2236 2237 2238 2239 2240 2241 2242 2243 2244 2245 2246 2247 2248 2249 2250 2251 2252 2253 2254 2255 2256 2257 2258 2259 2260 2261 2262 2263 2264 2265 2266 2267 2268 2269 2270 2271 2272 2273 2274 2275 2276 2277 2278 2279 2280 2281 2282 2283 2284 2285 
92 2286 2287 2288 2289 2290 2291 2292 2293 2294 2295 2296 2297 2298 2299 2300 2301 2302 2303 2304 2305 2306 2307 2308 2309 2310 2311 2312 2313 2314 2315 2316 2317 2318 2319 2320 2321 2322 2323 2324 2325 2326 2327 2328 2329 2330 2331 2332 2333 2334 2335 2336 2337 2338 2339 2340 2341 2342 2343 2344 2345 2346 2347 2348 2349 2350 2351 2352 2353 2354 2355 2356 2357 2358 2359 2360 2361 2362 2363 2364 2365 2366 2367 2368 2369 2370 2371 2372 2373 2374 2375 2376 2377 
89 2378 2379 2380 2381 2382 2383 2384 2385 2386 2387 2388 2389 2390 2391 2392 2393 2394 2395 2396 2397 2398 2399 2400 2401 2402 2403 2404 2405 2406 2407 2408 2409 2410 2411 2412 2413 2414 2415 2416 2417 2418 2419 2420 2421 2422 2423 2424 2425 2426 2427 2428 2429 2430 2431 2432 2433 2434 2435 2436 2437 2438 2439 2440 2441 2442 2443 2444 2445 2446 2447 2448 2449 2450 2451 2452 2453 2454 2455 2456 2457 2458 2459 2460 2461 2462 2463 2464 2465 2466 
88 2467 2468 2469 2470 2471 2472 2473 2474 2475 2476 2477 2478 2479 2480 2481 2482 2483 2484 2485 2486 2487 2488 2489 2490 2491 2492 2493 2494 2495 2496 2497 2498 2499 2500 2501 2502 2503 2504 2505 2506 2507 2508 2509 2510 2511 2512 2513 2514 2515 2516 2517 2518 2519 2520 2521 2522 2523 2524 2525 2526 2527 2528 2529 2530 2531 2532 2533 2534 2535 2536 2537 2538 2539 2540 2541 2542 2543 2544 2545 2546 2547 2548 2549 2550 2551 2552 2553 2554 
85 2555 2556 2557 2558 2559 2560 2561 2562 2563 2564 2565 2566 2567 2568 2569 2570 2571 2572 2573 2574 2575 2576 2577 2578 2579 2580 2581 2582 2583 2584 2585 2586 2587 2588 2589 2590 2591 2592 2593 2594 2595 2596 2597 2598 2599 2600 2601 2602 2603 2604 2605 2606 2607 2608 2609 2610 2611 2612 2613 2614 2615 2616 2617 2618 2619 2620 2621 2622 2623 2624 2625 2626 2627 2628 2629 2630 2631 2632 2633 2634 2635 2636 2637 2638 2639 
88 2640 2641 2642 2643 2644 2645 2646 2647 2648 2649 2650 2651 2652 2653 2654 2655 2656 2657 2658 2659 2660 2661 2662 2663 2664 2665 2666 2667 2668 2669 2670 2671 2672 2673 2674 2675 2676 2677 2678 2679 2680 2681 2682 2683 2684 2685 2686 2687 2688 2689 2690 2691 2692 2693 2694 2695 2696 2697 2698 2699 2700 2701 2702 2703 2704 2705 2706 2707 2708 2709 2710 2711 2712 2713 2714 2715 2716 2717 2718 2719 2720 2721 2722 2723 2724 2725 2726 2727 
82 2728 2729 2730 2731 2732 2733 2734 2735 2736 2737 2738 2739 2740 2741 2742 2743 2744 2745 2746 2747 2748 2749 2750 2751 2752 2753 2754 2755 2756 2757 2758 2759 2760 2761 2762 2763 2764 2765 2766 2767 2768 2769 2770 2771 2772 2773 2774 2775 2776 2777 2778 2779 2780 2781 2782 2783 2784 2785 2786 2787 2788 2789 2790 2791 2792 2793 2794 2795 2796 2797 2798 2799 2800 2801 2802 2803 2804 2805 2806 2807 2808 2809 
91 2810 2811 2812 2813 2814 2815 2816 2817 2818 2819 2820 2821 2822 2823 2824 2825 2826 2827 2828 2829 2830 2831 2832 2833 2834 2835 2836 2837 2838 2839 2840 2841 2842 2843 2844 2845 2846 2847 2848 2849 2850 2851 2852 2853 2854 2855 2856 2857 2858 2859 2860 2861 2862 2863 2864 2865 2866 2867 2868 2869 2870 2871 2872 2873 2874 2875 2876 2877 2878 2879 2880 2881 2882 2883 2884 2885 2886 2887 2888 2889 2890 2891 2892 2893 2894 2895 2896 2897 2898 2899 2900 
82 2901 2902 2903 2904 2905 2906 2907 2908 2909 2910 2911 2912 2913 2914 2915 2916 2917 2918 2919 2920 2921 2922 2923 2924 2925 2926 2927 2928 2929 2930 2931 2932 2933 2934 2935 2936 2937 2938 2939 2940 2941 2942 2943 2944 2945 2946 2947 2948 2949 2950 2951 2952 2953 2954 2955 2956 2957 2958 2959 2960 2961 2962 2963 2964 2965 2966 2967 2968 2969 2970 2971 2972 2973 2974 2975 2976 2977 2978 2979 2980 2981 2982 
93 2983 2984 2985 2986 2987 2988 2989 2990 2991 2992 2993 2994 2995 2996 2997 2998 2999 3000 3001 3002 3003 3004 3005 3006 3007 3008 3009 3010 3011 3012 3013 3014 3015 3016 3017 3018 3019 3020 3021 3022 3023 3024 3025 3026 3027 3028 3029 3030 3031 3032 3033 3034 3035 3036 3037 3038 3039 3040 3041 3042 3043 3044 3045 3046 3047 3048 3049 3050 3051 3052 3053 3054 3055 3056 3057 3058 3059 3060 3061 3062 3063 3064 3065 3066 3067 3068 3069 3070 3071 3072 3073 3074 3075 
88 3076 3077 3078 3079 3080 3081 3082 3083 3084 3085 3086 3087 3088 3089 3090 3091 3092 3093 3094 3095 3096 3097 3098 3099 3100 3101 3102 3103 3104 3105 3106 3107 3108 3109 3110 3111 3112 3113 3114 3115 3116 3117 3118 3119 3120 3121 3122 3123 3124 3125 3126 3127 3128 3129 3130 3131 3132 3133 3134 3135 3136 3137 3138 3139 3140 3141 3142 3143 3144 3145 3146 3147 3148 3149 3150 3151 3152 3153 3154 3155 3156 3157 3158 3159 3160 3161 3162 3163 
90 3164 3165 3166 3167 3168 3169 3170 3171 3172 3173 3174 3175 3176 3177 3178 3179 3180 3181 3182 3183 3184 3185 3186 3187 3188 3189 3190 3191 3192 3193 3194 3195 3196 3197 3198 3199 3200 3201 3202 3203 3204 3205 3206 3207 3208 3209 3210 3211 3212 3213 3214 3215 3216 3217 3218 3219 3220 3221 3222 3223 3224 3225 3226 3227 3228 3229 3230 3231 3232 3233 3234 3235 3236 3237 3238 3239 3240 3241 3242 3243 3244 3245 3246 3247 3248 3249 3250 3251 3252 3253 
91 3254 3255 3256 3257 3258 3259 3260 3261 3262 3263 3264 3265 3266 3267 3268 3269 3270 3271 3272 3273 3274 3275 3276 3277 3278 3279 3280 3281 3282 3283 3284 3285 3286 3287 3288 3289 3290 3291 3292 3293 3294 3295 3296 3297 3298 3299 3300 3301 3302 3303 3304 3305 3306 3307 3308 3309 3310 3311 3312 3313 3314 3315 3316 3317 3318 3319 3320 3321 3322 3323 3324 3325 3326 3327 3328 3329 3330 3331 3332 3333 3334 3335 3336 3337 3338 3339 3340 3341 3342 3343 3344 
83 3345 3346 3347 3348 3349 3350 3351 3352 3353 3354 3355 3356 3357 3358 3359 3360 3361 3362 3363 3364 3365 3366 3367 3368 3369 3370 3371 3372 3373 3374 3375 3376 3377 3378 3379 3380 3381 3382 3383 3384 3385 3386 3387 3388 3389 3390 3391 3392 3393 3394 3395 3396 3397 3398 3399 3400 3401 3402 3403 3404 3405 3406 3407 3408 3409 3410 3411 3412 3413 3414 3415 3416 3417 3418 3419 3420 3421 3422 3423 3424 3425 3426 3427 
90 3428 3429 3430 3431 3432 3433 3434 3435 3436 3437 3438 3439 3440 3441 3442 3443 3444 3445 3446 3447 3448 3449 3450 3451 3452 3453 3454 3455 3456 3457 3458 3459 3460 3461 3462 3463 3464 3465 3466 3467 3468 3469 3470 3471 3472 3473 3474 3475 3476 3477 3478 3479 3480 3481 3482 3483 3484 3485 3486 3487 3488 3489 3490 3491 3492 3493 3494 3495 3496 3497 3498 3499 3500 3501 3502 3503 3504 3505 3506 3507 3508 3509 3510 3511 3512 3513 3514 3515 3516 3517 
93 3518 3519 3520 3521 3522 3523 3524 3525 3526 3527 3528 3529 3530 3531 3532 3533 3534 3535 3536 3537 3538 3539 3540 3541 3542 3543 3544 3545 3546 3547 3548 3549 3550 3551 3552 3553 3554 3555 3556 3557 3558 3559 3560 3561 3562 3563 3564 3565 3566 3567 3568 3569 3570 3571 3572 3573 3574 3575 3576 3577 3578 3579 3580 3581 3582 3583 3584 3585 3586 3587 3588 3589 3590 3591 3592 3593 3594 3595 3596 3597 3598 3599 3600 3601 3602 3603 3604 3605 3606 3607 3608 3609 3610 
87 3611 3612 3613 3614 3615 3616 3617 3618 3619 3620 3621 3622 3623 3624 3625 3626 3627 3628 3629 3630 3631 3632 3633 3634 3635 3636 3637 3638 3639 3640 3641 3642 3643 3644 3645 3646 3647 3648 3649 3650 3651 3652 3653 3654 3655 3656 3657 3658 3659 3660 3661 3662 3663 3664 3665 3666 3667 3668 3669 3670 3671 3672 3673 3674 3675 3676 3677 3678 3679 3680 3681 3682 3683 3684 3685 3686 3687 3688 3689 3690 3691 3692 3693 3694 3695 3696 3697 
93 3698 3699 3700 3701 3702 3703 3704 3705 3706 3707 3708 3709 3710 3711 3712 3713 3714 3715 3716 3717 3718 3719 3720 3721 3722 3723 3724 3725 3726 3727 3728 3729 3730 3731 3732 3733 3734 3735 3736 3737 3738 3739 3740 3741 3742 3743 3744 3745 3746 3747 3748 3749 3750 3751 3752 3753 3754 3755 3756 3757 3758 3759 3760 3761 3762 3763 3764 3765 3766 3767 3768 3769 3770 3771 3772 3773 3774 3775 3776 3777 3778 3779 3780 3781 3782 3783 3784 3785 3786 3787 3788 3789 3790 
83 3791 3792 3793 3794 3795 3796 3797 3798 3799 3800 3801 3802 3803 3804 3805 3806 3807 3808 3809 3810 3811 3812 3813 3814 3815 3816 3817 3818 3819 3820 3821 3822 3823 3824 3825 3826 3827 3828 3829 3830 3831 3832 3833 3834 3835 3836 3837 3838 3839 3840 3841 3842 3843 3844 3845 3846 3847 3848 3849 3850 3851 3852 3853 3854 3855 3856 3857 3858 3859 3860 3861 3862 3863 3864 3865 3866 3867 3868 3869 3870 3871 3872 3873 
92 3874 3875 3876 3877 3878 3879 3880 3881 3882 3883 3884 3885 3886 3887 3888 3889 3890 3891 3892 3893 3894 3895 3896 3897 3898 3899 3900 3901 3902 3903 3904 3905 3906 3907 3908 3909 3910 3911 3912 3913 3914 3915 3916 3917 3918 3919 3920 3921 3922 3923 3924 3925 3926 3927 3928 3929 3930 3931 3932 3933 3934 3935 3936 3937 3938 3939 3940 3941 3942 3943 3944 3945 3946 3947 3948 3949 3950 3951 3952 3953 3954 3955 3956 3957 3958 3959 3960 3961 3962 3963 3964 3965 
92 3966 3967 3968 3969 3970 3971 3972 3973 3974 3975 3976 3977 3978 3979 3980 3981 3982 3983 3984 3985 3986 3987 3988 3989 3990 3991 3992 3993 3994 3995 3996 3997 3998 3999 4000 4001 4002 4003 4004 4005 4006 4007 4008 4009 4010 4011 4012 4013 4014 4015 4016 4017 4018 4019 4020 4021 4022 4023 4024 4025 4026 4027 4028 4029 4030 4031 4032 4033 4034 4035 4036 4037 4038 4039 4040 4041 4042 4043 4044 4045 4046 4047 4048 4049 4050 4051 4052 4053 4054 4055 4056 4057 
87 4058 4059 4060 4061 4062 4063 4064 4065 4066 4067 4068 4069 4070 4071 4072 4073 4074 4075 4076 4077 4078 4079 4080 4081 4082 4083 4084 4085 4086 4087 4088 4089 4090 4091 4092 4093 4094 4095 4096 4097 4098 4099 4100 4101 4102 4103 4104 4105 4106 4107 4108 4109 4110 4111 4112 4113 4114 4115 4116 4117 4118 4119 4120 4121 4122 4123 4124 4125 4126 4127 4128 4129 4130 4131 4132 4133 4134 4135 4136 4137 4138 4139 4140 4141 4142 4143 4144 
91 4145 4146 4147 4148 4149 4150 4151 4152 4153 4154 4155 4156 4157 4158 4159 4160 4161 4162 4163 4164 4165 4166 4167 4168 4169 4170 4171 4172 4173 4174 4175 4176 4177 4178 4179 4180 4181 4182 4183 4184 4185 4186 4187 4188 4189 4190 4191 4192 4193 4194 4195 4196 4197 4198 4199 4200 4201 4202 4203 4204 4205 4206 4207 4208 4209 4210 4211 4212 4213 4214 4215 4216 4217 4218 4219 4220 4221 4222 4223 4224 4225 4226 4227 4228 4229 4230 4231 4232 4233 4234 4235 
83 4236 4237 4238 4239 4240 4241 4242 4243 4244 4245 4246 4247 4248 4249 4250 4251 4252 4253 4254 4255 4256 4257 4258 4259 4260 4261 4262 4263 4264 4265 4266 4267 4268 4269 4270 4271 4272 4273 4274 4275 4276 4277 4278 4279 4280 4281 4282 4283 4284 4285 4286 4287 4288 4289 4290 4291 4292 4293 4294 4295 4296 4297 4298 4299 4300 4301 4302 4303 4304 4305 4306 4307 4308 4309 4310 4311 4312 4313 4314 4315 4316 4317 4318 
83 4319 4320 4321 4322 4323 4324 4325 4326 4327 4328 4329 4330 4331 4332 4333 4334 4335 4336 4337 4338 4339 4340 4341 4342 4343 4344 4345 4346 4347 4348 4349 4350 4351 4352 4353 4354 4355 4356 4357 4358 4359 4360 4361 4362 4363 4364 4365 4366 4367 4368 4369 4370 4371 4372 4373 4374 4375 4376 4377 4378 4379 4380 4381 4382 4383 4384 4385 4386 4387 4388 4389 4390 4391 4392 4393 4394 4395 4396 4397 4398 4399 4400 4401 
81 4402 4403 4404 4405 4406 4407 4408 4409 4410 4411 4412 4413 4414 4415 4416 4417 4418 4419 4420 4421 4422 4423 4424 4425 4426 4427 4428 4429 4430 4431 4432 4433 4434 4435 4436 4437 4438 4439 4440 4441 4442 4443 4444 4445 4446 4447 4448 4449 4450 4451 4452 4453 4454 4455 4456 4457 4458 4459 4460 4461 4462 4463 4464 4465 4466 4467 4468 4469 4470 4471 4472 4473 4474 4475 4476 4477 4478 4479 4480 4481 4482 
87 4483 4484 4485 4486 4487 4488 4489 4490 4491 4492 4493 4494 4495 4496 4497 4498 4499 4500 4501 4502 4503 4504 4505 4506 4507 4508 4509 4510 4511 4512 4513 4514 4515 4516 4517 4518 4519 4520 4521 4522 4523 4524 4525 4526 4527 4528 4529 4530 4531 4532 4533 4534 4535 4536 4537 4538 4539 4540 4541 4542 4543 4544 4545 4546 4547 4548 4549 4550 4551 4552 4553 4554 4555 4556 4557 4558 4559 4560 4561 4562 4563 4564 4565 4566 4567 4568 4569 
92 4570 4571 4572 4573 4574 4575 4576 4577 4578 4579 4580 4581 4582 4583 4584 4585 4586 4587 4588 4589 4590 4591 4592 4593 4594 4595 4596 4597 4598 4599 4600 4601 4602 4603 4604 4605 4606 4607 4608 4609 4610 4611 4612 4613 4614 4615 4616 4617 4618 4619 4620 4621 4622 4623 4624 4625 4626 4627 4628 4629 4630 4631 4632 4633 4634 4635 4636 4637 4638 4639 4640 4641 4642 4643 4644 4645 4646 4647 4648 4649 4650 4651 4652 4653 4654 4655 4656 4657 4658 4659 4660 4661 
92 4662 4663 4664 4665 4666 4667 4668 4669 4670 4671 4672 4673 4674 4675 4676 4677 4678 4679 4680 4681 4682 4683 4684 4685 4686 4687 4688 4689 4690 4691 4692 4693 4694 4695 4696 4697 4698 4699 4700 4701 4702 4703 4704 4705 4706 4707 4708 4709 4710 4711 4712 4713 4714 4715 4716 4717 4718 4719 4720 4721 4722 4723 4724 4725 4726 4727 4728 4729 4730 4731 4732 4733 4734 4735 4736 4737 4738 4739 4740 4741 4742 4743 4744 4745 4746 4747 4748 4749 4750 4751 4752 4753 
88 4754 4755 4756 4757 4758 4759 4760 4761 4762 4763 4764 4765 4766 4767 4768 4769 4770 4771 4772 4773 4774 4775 4776 4777 4778 4779 4780 4781 4782 4783 4784 4785 4786 4787 4788 4789 4790 4791 4792 4793 4794 4795 4796 4797 4798 4799 4800 4801 4802 4803 4804 4805 4806 4807 4808 4809 4810 4811 4812 4813 4814 4815 4816 4817 4818 4819 4820 4821 4822 4823 4824 4825 4826 4827 4828 4829 4830 4831 4832 4833 4834 4835 4836 4837 4838 4839 4840 4841 
93 4842 4843 4844 4845 4846 4847 4848 4849 4850 4851 4852 4853 4854 4855 4856 4857 4858 4859 4860 4861 4862 4863 4864 4865 4866 4867 4868 4869 4870 4871 4872 4873 4874 4875 4876 4877 4878 4879 4880 4881 4882 4883 4884 4885 4886 4887 4888 4889 4890 4891 4892 4893 4894 4895 4896 4897 4898 4899 4900 4901 4902 4903 4904 4905 4906 4907 4908 4909 4910 4911 4912 4913 4914 4915 4916 4917 4918 4919 4920 4921 4922 4923 4924 4925 4926 4927 4928 4929 4930 4931 4932 4933 4934 
87 4935 4936 4937 4938 4939 4940 4941 4942 4943 4944 4945 4946 4947 4948 4949 4950 4951 4952 4953 4954 4955 4956 4957 4958 4959 4960 4961 4962 4963 4964 4965 4966 4967 4968 4969 4970 4971 4972 4973 4974 4975 4976 4977 4978 4979 4980 4981 4982 4983 4984 4985 4986 4987 4988 4989 4990 4991 4992 4993 4994 4995 4996 4997 4998 4999 5000 5001 5002 5003 5004 5005 5006 5007 5008 5009 5010 5011 5012 5013 5014 5015 5016 5017 5018 5019 5020 5021 
93 5022 5023 5024 5025 5026 5027 5028 5029 5030 5031 5032 5033 5034 5035 5036 5037 5038 5039 5040 5041 5042 5043 5044 5045 5046 5047 5048 5049 5050 5051 5052 5053 5054 5055 5056 5057 5058 5059 5060 5061 5062 5063 5064 5065 5066 5067 5068 5069 5070 5071 5072 5073 5074 5075 5076 5077 5078 5079 5080 5081 5082 5083 5084 5085 5086 5087 5088 5089 5090 5091 5092 5093 5094 5095 5096 5097 5098 5099 5100 5101 5102 5103 5104 5105 5106 5107 5108 5109 5110 5111 5112 5113 5114 
86 5115 5116 5117 5118 5119 5120 5121 5122 5123 5124 5125 5126 5127 5128 5129 5130 5131 5132 5133 5134 5135 5136 5137 5138 5139 5140 5141 5142 5143 5144 5145 5146 5147 5148 5149 5150 5151 5152 5153 5154 5155 5156 5157 5158 5159 5160 5161 5162 5163 5164 5165 5166 5167 5168 5169 5170 5171 5172 5173 5174 5175 5176 5177 5178 5179 5180 5181 5182 5183 5184 5185 5186 5187 5188 5189 5190 5191 5192 5193 5194 5195 5196 5197 5198 5199 5200 
92 5201 5202 5203 5204 5205 5206 5207 5208 5209 5210 5211 5212 5213 5214 5215 5216 5217 5218 5219 5220 5221 5222 5223 5224 5225 5226 5227 5228 5229 5230 5231 5232 5233 5234 5235 5236 5237 5238 5239 5240 5241 5242 5243 5244 5245 5246 5247 5248 5249 5250 5251 5252 5253 5254 5255 5256 5257 5258 5259 5260 5261 5262 5263 5264 5265 5266 5267 5268 5269 5270 5271 5272 5273 5274 5275 5276 5277 5278 5279 5280 5281 5282 5283 5284 5285 5286 5287 5288 5289 5290 5291 5292 
90 5293 5294 5295 5296 5297 5298 5299 5300 5301 5302 5303 5304 5305 5306 5307 5308 5309 5310 5311 5312 5313 5314 5315 5316 5317 5318 5319 5320 5321 5322 5323 5324 5325 5326 5327 5328 5329 5330 5331 5332 5333 5334 5335 5336 5337 5338 5339 5340 5341 5342 5343 5344 5345 5346 5347 5348 5349 5350 5351 5352 5353 5354 5355 5356 5357 5358 5359 5360 5361 5362 5363 5364 5365 5366 5367 5368 5369 5370 5371 5372 5373 5374 5375 5376 5377 5378 5379 5380 5381 5382 
92 5383 5384 5385 5386 5387 5388 5389 5390 5391 5392 5393 5394 5395 5396 5397 5398 5399 5400 5401 5402 5403 5404 5405 5406 5407 5408 5409 5410 5411 5412 5413 5414 5415 5416 5417 5418 5419 5420 5421 5422 5423 5424 5425 5426 5427 5428 5429 5430 5431 5432 5433 5434 5435 5436 5437 5438 5439 5440 5441 5442 5443 5444 5445 5446 5447 5448 5449 5450 5451 5452 5453 5454 5455 5456 5457 5458 5459 5460 5461 5462 5463 5464 5465 5466 5467 5468 5469 5470 5471 5472 5473 5474 
92 5475 5476 5477 5478 5479 5480 5481 5482 5483 5484 5485 5486 5487 5488 5489 5490 5491 5492 5493 5494 5495 5496 5497 5498 5499 5500 5501 5502 5503 5504 5505 5506 5507 5508 5509 5510 5511 5512 5513 5514 5515 5516 5517 5518 5519 5520 5521 5522 5523 5524 5525 5526 5527 5528 5529 5530 5531 5532 5533 5534 5535 5536 5537 5538 5539 5540 5541 5542 5543 5544 5545 5546 5547 5548 5549 5550 5551 5552 5553 5554 5555 5556 5557 5558 5559 5560 5561 5562 5563 5564 5565 5566 
87 5567 5568 5569 5570 5571 5572 5573 5574 5575 5576 5577 5578 5579 5580 5581 5582 5583 5584 5585 5586 5587 5588 5589 5590 5591 5592 5593 5594 5595 5596 5597 5598 5599 5600 5601 5602 5603 5604 5605 5606 5607 5608 5609 5610 5611 5612 5613 5614 5615 5616 5617 5618 5619 5620 5621 5622 5623 5624 5625 5626 5627 5628 5629 5630 5631 5632 5633 5634 5635 5636 5637 5638 5639 5640 5641 5642 5643 5644 5645 5646 5647 5648 5649 5650 5651 5652 5653 
82 5654 5655 5656 5657 5658 5659 5660 5661 5662 5663 5664 5665 5666 5667 5668 5669 5670 5671 5672 5673 5674 5675 5676 5677 5678 5679 5680 5681 5682 5683 5684 5685 5686 5687 5688 5689 5690 5691 5692 5693 5694 5695 5696 5697 5698 5699 5700 5701 5702 5703 5704 5705 5706 5707 5708 5709 5710 5711 5712 5713 5714 5715 5716 5717 5718 5719 5720 5721 5722 5723 5724 5725 5726 5727 5728 5729 5730 5731 5732 5733 5734 5735 
89 5736 5737 5738 5739 5740 5741 5742 5743 5744 5745 5746 5747 5748 5749 5750 5751 5752 5753 5754 5755 5756 5757 5758 5759 5760 5761 5762 5763 5764 5765 5766 5767 5768 5769 5770 5771 5772 5773 5774 5775 5776 5777 5778 5779 5780 5781 5782 5783 5784 5785 5786 5787 5788 5789 5790 5791 5792 5793 5794 5795 5796 5797 5798 5799 5800 5801 5802 5803 5804 5805 5806 5807 5808 5809 5810 5811 5812 5813 5814 5815 5816 5817 5818 5819 5820 5821 5822 5823 5824 
91 5825 5826 5827 5828 5829 5830 5831 5832 5833 5834 5835 5836 5837 5838 5839 5840 5841 5842 5843 5844 5845 5846 5847 5848 5849 5850 5851 5852 5853 5854 5855 5856 5857 5858 5859 5860 5861 5862 5863 5864 5865 5866 5867 5868 5869 5870 5871 5872 5873 5874 5875 5876 5877 5878 5879 5880 5881 5882 5883 5884 5885 5886 5887 5888 5889 5890 5891 5892 5893 5894 5895 5896 5897 5898 5899 5900 5901 5902 5903 5904 5905 5906 5907 5908 5909 5910 5911 5912 5913 5914 5915 
87 5916 5917 5918 5919 5920 5921 5922 5923 5924 5925 5926 5927 5928 5929 5930 5931 5932 5933 5934 5935 5936 5937 5938 5939 5940 5941 5942 5943 5944 5945 5946 5947 5948 5949 5950 5951 5952 5953 5954 5955 5956 5957 5958 5959 5960 5961 5962 5963 5964 5965 5966 5967 5968 5969 5970 5971 5972 5973 5974 5975 5976 5977 5978 5979 5980 5981 5982 5983 5984 5985 5986 5987 5988 5989 5990 5991 5992 5993 5994 5995 5996 5997 5998 5999 6000 6001 6002 
88 6003 6004 6005 6006 6007 6008 6009 6010 6011 6012 6013 6014 6015 6016 6017 6018 6019 6020 6021 6022 6023 6024 6025 6026 6027 6028 6029 6030 6031 6032 6033 6034 6035 6036 6037 6038 6039 6040 6041 6042 6043 6044 6045 6046 6047 6048 6049 6050 6051 6052 6053 6054 6055 6056 6057 6058 6059 6060 6061 6062 6063 6064 6065 6066 6067 6068 6069 6070 6071 6072 6073 6074 6075 6076 6077 6078 6079 6080 6081 6082 6083 6084 6085 6086 6087 6088 6089 6090 
91 6091 6092 6093 6094 6095 6096 6097 6098 6099 6100 6101 6102 6103 6104 6105 6106 6107 6108 6109 6110 6111 6112 6113 6114 6115 6116 6117 6118 6119 6120 6121 6122 6123 6124 6125 6126 6127 6128 6129 6130 6131 6132 6133 6134 6135 6136 6137 6138 6139 6140 6141 6142 6143 6144 6145 6146 6147 6148 6149 6150 6151 6152 6153 6154 6155 6156 6157 6158 6159 6160 6161 6162 6163 6164 6165 6166 6167 6168 6169 6170 6171 6172 6173 6174 6175 6176 6177 6178 6179 6180 6181 
93 6182 6183 6184 6185 6186 6187 6188 6189 6190 6191 6192 6193 6194 6195 6196 6197 6198 6199 6200 6201 6202 6203 6204 6205 6206 6207 6208 6209 6210 6211 6212 6213 6214 6215 6216 6217 6218 6219 6220 6221 6222 6223 6224 6225 6226 6227 6228 6229 6230 6231 6232 6233 6234 6235 6236 6237 6238 6239 6240 6241 6242 6243 6244 6245 6246 6247 6248 6249 6250 6251 6252 6253 6254 6255 6256 6257 6258 6259 6260 6261 6262 6263 6264 6265 6266 6267 6268 6269 6270 6271 6272 6273 6274 
91 6275 6276 6277 6278 6279 6280 6281 6282 6283 6284 6285 6286 6287 6288 6289 6290 6291 6292 6293 6294 6295 6296 6297 6298 6299 6300 6301 6302 6303 6304 6305 6306 6307 6308 6309 6310 6311 6312 6313 6314 6315 6316 6317 6318 6319 6320 6321 6322 6323 6324 6325 6326 6327 6328 6329 6330 6331 6332 6333 6334 6335 6336 6337 6338 6339 6340 6341 6342 6343 6344 6345 6346 6347 6348 6349 6350 6351 6352 6353 6354 6355 6356 6357 6358 6359 6360 6361 6362 6363 6364 6365 
88 6366 6367 6368 6369 6370 6371 6372 6373 6374 6375 6376 6377 6378 6379 6380 6381 6382 6383 6384 6385 6386 6387 6388 6389 6390 6391 6392 6393 6394 6395 6396 6397 6398 6399 6400 6401 6402 6403 6404 6405 6406 6407 6408 6409 6410 6411 6412 6413 6414 6415 6416 6417 6418 6419 6420 6421 6422 6423 6424 6425 6426 6427 6428 6429 6430 6431 6432 6433 6434 6435 6436 6437 6438 6439 6440 6441 6442 6443 6444 6445 6446 6447 6448 6449 6450 6451 6452 6453 
94 6454 6455 6456 6457 6458 6459 6460 6461 6462 6463 6464 6465 6466 6467 6468 6469 6470 6471 6472 6473 6474 6475 6476 6477 6478 6479 6480 6481 6482 6483 6484 6485 6486 6487 6488 6489 6490 6491 6492 6493 6494 6495 6496 6497 6498 6499 6500 6501 6502 6503 6504 6505 6506 6507 6508 6509 6510 6511 6512 6513 6514 6515 6516 6517 6518 6519 6520 6521 6522 6523 6524 6525 6526 6527 6528 6529 6530 6531 6532 6533 6534 6535 6536 6537 6538 6539 6540 6541 6542 6543 6544 6545 6546 6547 
92 6548 6549 6550 6551 6552 6553 6554 6555 6556 6557 6558 6559 6560 6561 6562 6563 6564 6565 6566 6567 6568 6569 6570 6571 6572 6573 6574 6575 6576 6577 6578 6579 6580 6581 6582 6583 6584 6585 6586 6587 6588 6589 6590 6591 6592 6593 6594 6595 6596 6597 6598 6599 6600 6601 6602 6603 6604 6605 6606 6607 6608 6609 6610 6611 6612 6613 6614 6615 6616 6617 6618 6619 6620 6621 6622 6623 6624 6625 6626 6627 6628 6629 6630 6631 6632 6633 6634 6635 6636 6637 6638 6639 
87 6640 6641 6642 6643 6644 6645 6646 6647 6648 6649 6650 6651 6652 6653 6654 6655 6656 6657 6658 6659 6660 6661 6662 6663 6664 6665 6666 6667 6668 6669 6670 6671 6672 6673 6674 6675 6676 6677 6678 6679 6680 6681 6682 6683 6684 6685 6686 6687 6688 6689 6690 6691 6692 6693 6694 6695 6696 6697 6698 6699 6700 6701 6702 6703 6704 6705 6706 6707 6708 6709 6710 6711 6712 6713 6714 6715 6716 6717 6718 6719 6720 6721 6722 6723 6724 6725 6726 
93 6727 6728 6729 6730 6731 6732 6733 6734 6735 6736 6737 6738 6739 6740 6741 6742 6743 6744 6745 6746 6747 6748 6749 6750 6751 6752 6753 6754 6755 6756 6757 6758 6759 6760 6761 6762 6763 6764 6765 6766 6767 6768 6769 6770 6771 6772 6773 6774 6775 6776 6777 6778 6779 6780 6781 6782 6783 6784 6785 6786 6787 6788 6789 6790 6791 6792 6793 6794 6795 6796 6797 6798 6799 6800 6801 6802 6803 6804 6805 6806 6807 6808 6809 6810 6811 6812 6813 6814 6815 6816 6817 6818 6819 
93 6820 6821 6822 6823 6824 6825 6826 6827 6828 6829 6830 6831 6832 6833 6834 6835 6836 6837 6838 6839 6840 6841 6842 6843 6844 6845 6846 6847 6848 6849 6850 6851 6852 6853 6854 6855 6856 6857 6858 6859 6860 6861 6862 6863 6864 6865 6866 6867 6868 6869 6870 6871 6872 6873 6874 6875 6876 6877 6878 6879 6880 6881 6882 6883 6884 6885 6886 6887 6888 6889 6890 6891 6892 6893 6894 6895 6896 6897 6898 6899 6900 6901 6902 6903 6904 6905 6906 6907 6908 6909 6910 6911 6912 
92 6913 6914 6915 6916 6917 6918 6919 6920 6921 6922 6923 6924 6925 6926 6927 6928 6929 6930 6931 6932 6933 6934 6935 6936 6937 6938 6939 6940 6941 6942 6943 6944 6945 6946 6947 6948 6949 6950 6951 6952 6953 6954 6955 6956 6957 6958 6959 6960 6961 6962 6963 6964 6965 6966 6967 6968 6969 6970 6971 6972 6973 6974 6975 6976 6977 6978 6979 6980 6981 6982 6983 6984 6985 6986 6987 6988 6989 6990 6991 6992 6993 6994 6995 6996 6997 6998 6999 7000 7001 7002 7003 7004 
88 7005 7006 7007 7008 7009 7010 7011 7012 7013 7014 7015 7016 7017 7018 7019 7020 7021 7022 7023 7024 7025 7026 7027 7028 7029 7030 7031 7032 7033 7034 7035 7036 7037 7038 7039 7040 7041 7042 7043 7044 7045 7046 7047 7048 7049 7050 7051 7052 7053 7054 7055 7056 7057 7058 7059 7060 7061 7062 7063 7064 7065 7066 7067 7068 7069 7070 7071 7072 7073 7074 7075 7076 7077 7078 7079 7080 7081 7082 7083 7084 7085 7086 7087 7088 7089 7090 7091 7092 
92 7093 7094 7095 7096 7097 7098 7099 7100 7101 7102 7103 7104 7105 7106 7107 7108 7109 7110 7111 7112 7113 7114 7115 7116 7117 7118 7119 7120 7121 7122 7123 7124 7125 7126 7127 7128 7129 7130 7131 7132 7133 7134 7135 7136 7137 7138 7139 7140 7141 7142 7143 7144 7145 7146 7147 7148 7149 7150 7151 7152 7153 7154 7155 7156 7157 7158 7159 7160 7161 7162 7163 7164 7165 7166 7167 7168 7169 7170 7171 7172 7173 7174 7175 7176 7177 7178 7179 7180 7181 7182 7183 7184 
92 7185 7186 7187 7188 7189 7190 7191 7192 7193 7194 7195 7196 7197 7198 7199 7200 7201 7202 7203 7204 7205 7206 7207 7208 7209 7210 7211 7212 7213 7214 7215 7216 7217 7218 7219 7220 7221 7222 7223 7224 7225 7226 7227 7228 7229 7230 7231 7232 7233 7234 7235 7236 7237 7238 7239 7240 7241 7242 7243 7244 7245 7246 7247 7248 7249 7250 7251 7252 7253 7254 7255 7256 7257 7258 7259 7260 7261 7262 7263 7264 7265 7266 7267 7268 7269 7270 7271 7272 7273 7274 7275 7276 
89 7277 7278 7279 7280 7281 7282 7283 7284 7285 7286 7287 7288 7289 7290 7291 7292 7293 7294 7295 7296 7297 7298 7299 7300 7301 7302 7303 7304 7305 7306 7307 7308 7309 7310 7311 7312 7313 7314 7315 7316 7317 7318 7319 7320 7321 7322 7323 7324 7325 7326 7327 7328 7329 7330 7331 7332 7333 7334 7335 7336 7337 7338 7339 7340 7341 7342 7343 7344 7345 7346 7347 7348 7349 7350 7351 7352 7353 7354 7355 7356 7357 7358 7359 7360 7361 7362 7363 7364 7365 
79 7366 7367 7368 7369 7370 7371 7372 7373 7374 7375 7376 7377 7378 7379 7380 7381 7382 7383 7384 7385 7386 7387 7388 7389 7390 7391 7392 7393 7394 7395 7396 7397 7398 7399 7400 7401 7402 7403 7404 7405 7406 7407 7408 7409 7410 7411 7412 7413 7414 7415 7416 7417 7418 7419 7420 7421 7422 7423 7424 7425 7426 7427 7428 7429 7430 7431 7432 7433 7434 7435 7436 7437 7438 7439 7440 7441 7442 7443 7444 
82 7445 7446 7447 7448 7449 7450 7451 7452 7453 7454 7455 7456 7457 7458 7459 7460 7461 7462 7463 7464 7465 7466 7467 7468 7469 7470 7471 7472 7473 7474 7475 7476 7477 7478 7479 7480 7481 7482 7483 7484 7485 7486 7487 7488 7489 7490 7491 7492 7493 7494 7495 7496 7497 7498 7499 7500 7501 7502 7503 7504 7505 7506 7507 7508 7509 7510 7511 7512 7513 7514 7515 7516 7517 7518 7519 7520 7521 7522 7523 7524 7525 7526 
92 7527 7528 7529 7530 7531 7532 7533 7534 7535 7536 7537 7538 7539 7540 7541 7542 7543 7544 7545 7546 7547 7548 7549 7550 7551 7552 7553 7554 7555 7556 7557 7558 7559 7560 7561 7562 7563 7564 7565 7566 7567 7568 7569 7570 7571 7572 7573 7574 7575 7576 7577 7578 7579 7580 7581 7582 7583 7584 7585 7586 7587 7588 7589 7590 7591 7592 7593 7594 7595 7596 7597 7598 7599 7600 7601 7602 7603 7604 7605 7606 7607 7608 7609 7610 7611 7612 7613 7614 7615 7616 7617 7618 
83 7619 7620 7621 7622 7623 7624 7625 7626 7627 7628 7629 7630 7631 7632 7633 7634 7635 7636 7637 7638 7639 7640 7641 7642 7643 7644 7645 7646 7647 7648 7649 7650 7651 7652 7653 7654 7655 7656 7657 7658 7659 7660 7661 7662 7663 7664 7665 7666 7667 7668 7669 7670 7671 7672 7673 7674 7675 7676 7677 7678 7679 7680 7681 7682 7683 7684 7685 7686 7687 7688 7689 7690 7691 7692 7693 7694 7695 7696 7697 7698 7699 7700 7701 
87 7702 7703 7704 7705 7706 7707 7708 7709 7710 7711 7712 7713 7714 7715 7716 7717 7718 7719 7720 7721 7722 7723 7724 7725 7726 7727 7728 7729 7730 7731 7732 7733 7734 7735 7736 7737 7738 7739 7740 7741 7742 7743 7744 7745 7746 7747 7748 7749 7750 7751 7752 7753 7754 7755 7756 7757 7758 7759 7760 7761 7762 7763 7764 7765 7766 7767 7768 7769 7770 7771 7772 7773 7774 7775 7776 7777 7778 7779 7780 7781 7782 7783 7784 7785 7786 7787 7788 
92 7789 7790 7791 7792 7793 7794 7795 7796 7797 7798 7799 7800 7801 7802 7803 7804 7805 7806 7807 7808 7809 7810 7811 7812 7813 7814 7815 7816 7817 7818 7819 7820 7821 7822 7823 7824 7825 7826 7827 7828 7829 7830 7831 7832 7833 7834 7835 7836 7837 7838 7839 7840 7841 7842 7843 7844 7845 7846 7847 7848 7849 7850 7851 7852 7853 7854 7855 7856 7857 7858 7859 7860 7861 7862 7863 7864 7865 7866 7867 7868 7869 7870 7871 7872 7873 7874 7875 7876 7877 7878 7879 7880 
91 7881 7882 7883 7884 7885 7886 7887 7888 7889 7890 7891 7892 7893 7894 7895 7896 7897 7898 7899 7900 7901 7902 7903 7904 7905 7906 7907 7908 7909 7910 7911 7912 7913 7914 7915 7916 7917 7918 7919 7920 7921 7922 7923 7924 7925 7926 7927 7928 7929 7930 7931 7932 7933 7934 7935 7936 7937 7938 7939 7940 7941 7942 7943 7944 7945 7946 7947 7948 7949 7950 7951 7952 7953 7954 7955 7956 7957 7958 7959 7960 7961 7962 7963 7964 7965 7966 7967 7968 7969 7970 7971 
86 7972 7973 7974 7975 7976 7977 7978 7979 7980 7981 7982 7983 7984 7985 7986 7987 7988 7989 7990 7991 7992 7993 7994 7995 7996 7997 7998 7999 8000 8001 8002 8003 8004 8005 8006 8007 8008 8009 8010 8011 8012 8013 8014 8015 8016 8017 8018 8019 8020 8021 8022 8023 8024 8025 8026 8027 8028 8029 8030 8031 8032 8033 8034 8035 8036 8037 8038 8039 8040 8041 8042 8043 8044 8045 8046 8047 8048 8049 8050 8051 8052 8053 8054 8055 8056 8057 
86 8058 8059 8060 8061 8062 8063 8064 8065 8066 8067 8068 8069 8070 8071 8072 8073 8074 8075 8076 8077 8078 8079 8080 8081 8082 8083 8084 8085 8086 8087 8088 8089 8090 8091 8092 8093 8094 8095 8096 8097 8098 8099 8100 8101 8102 8103 8104 8105 8106 8107 8108 8109 8110 8111 8112 8113 8114 8115 8116 8117 8118 8119 8120 8121 8122 8123 8124 8125 8126 8127 8128 8129 8130 8131 8132 8133 8134 8135 8136 8137 8138 8139 8140 8141 8142 8143 
84 8144 8145 8146 8147 8148 8149 8150 8151 8152 8153 8154 8155 8156 8157 8158 8159 8160 8161 8162 8163 8164 8165 8166 8167 8168 8169 8170 8171 8172 8173 8174 8175 8176 8177 8178 8179 8180 8181 8182 8183 8184 8185 8186 8187 8188 8189 8190 8191 8192 8193 8194 8195 8196 8197 8198 8199 8200 8201 8202 8203 8204 8205 8206 8207 8208 8209 8210 8211 8212 8213 8214 8215 8216 8217 8218 8219 8220 8221 8222 8223 8224 8225 8226 8227 
88 8228 8229 8230 8231 8232 8233 8234 8235 8236 8237 8238 8239 8240 8241 8242 8243 8244 8245 8246 8247 8248 8249 8250 8251 8252 8253 8254 8255 8256 8257 8258 8259 8260 8261 8262 8263 8264 8265 8266 8267 8268 8269 8270 8271 8272 8273 8274 8275 8276 8277 8278 8279 8280 8281 8282 8283 8284 8285 8286 8287 8288 8289 8290 8291 8292 8293 8294 8295 8296 8297 8298 8299 8300 8301 8302 8303 8304 8305 8306 8307 8308 8309 8310 8311 8312 8313 8314 8315 
91 8316 8317 8318 8319 8320 8321 8322 8323 8324 8325 8326 8327 8328 8329 8330 8331 8332 8333 8334 8335 8336 8337 8338 8339 8340 8341 8342 8343 8344 8345 8346 8347 8348 8349 8350 8351 8352 8353 8354 8355 8356 8357 8358 8359 8360 8361 8362 8363 8364 8365 8366 8367 8368 8369 8370 8371 8372 8373 8374 8375 8376 8377 8378 8379 8380 8381 8382 8383 8384 8385 8386 8387 8388 8389 8390 8391 8392 8393 8394 8395 8396 8397 8398 8399 8400 8401 8402 8403 8404 8405 8406 
89 8407 8408 8409 8410 8411 8412 8413 8414 8415 8416 8417 8418 8419 8420 8421 8422 8423 8424 8425 8426 8427 8428 8429 8430 8431 8432 8433 8434 8435 8436 8437 8438 8439 8440 8441 8442 8443 8444 8445 8446 8447 8448 8449 8450 8451 8452 8453 8454 8455 8456 8457 8458 8459 8460 8461 8462 8463 8464 8465 8466 8467 8468 8469 8470 8471 8472 8473 8474 8475 8476 8477 8478 8479 8480 8481 8482 8483 8484 8485 8486 8487 8488 8489 8490 8491 8492 8493 8494 8495 
91 8496 8497 8498 8499 8500 8501 8502 8503 8504 8505 8506 8507 8508 8509 8510 8511 8512 8513 8514 8515 8516 8517 8518 8519 8520 8521 8522 8523 8524 8525 8526 8527 8528 8529 8530 8531 8532 8533 8534 8535 8536 8537 8538 8539 8540 8541 8542 8543 8544 8545 8546 8547 8548 8549 8550 8551 8552 8553 8554 8555 8556 8557 8558 8559 8560 8561 8562 8563 8564 8565 8566 8567 8568 8569 8570 8571 8572 8573 8574 8575 8576 8577 8578 8579 8580 8581 8582 8583 8584 8585 8586 
93 8587 8588 8589 8590 8591 8592 8593 8594 8595 8596 8597 8598 8599 8600 8601 8602 8603 8604 8605 8606 8607 8608 8609 8610 8611 8612 8613 8614 8615 8616 8617 8618 8619 8620 8621 8622 8623 8624 8625 8626 8627 8628 8629 8630 8631 8632 8633 8634 8635 8636 8637 8638 8639 8640 8641 8642 8643 8644 8645 8646 8647 8648 8649 8650 8651 8652 8653 8654 8655 8656 8657 8658 8659 8660 8661 8662 8663 8664 8665 8666 8667 8668 8669 8670 8671 8672 8673 8674 8675 8676 8677 8678 8679 
88 8680 8681 8682 8683 8684 8685 8686 8687 8688 8689 8690 8691 8692 8693 8694 8695 8696 8697 8698 8699 8700 8701 8702 8703 8704 8705 8706 8707 8708 8709 8710 8711 8712 8713 8714 8715 8716 8717 8718 8719 8720 8721 8722 8723 8724 8725 8726 8727 8728 8729 8730 8731 8732 8733 8734 8735 8736 8737 8738 8739 8740 8741 8742 8743 8744 8745 8746 8747 8748 8749 8750 8751 8752 8753 8754 8755 8756 8757 8758 8759 8760 8761 8762 8763 8764 8765 8766 8767 
93 8768 8769 8770 8771 8772 8773 8774 8775 8776 8777 8778 8779 8780 8781 8782 8783 8784 8785 8786 8787 8788 8789 8790 8791 8792 8793 8794 8795 8796 8797 8798 8799 8800 8801 8802 8803 8804 8805 8806 8807 8808 8809 8810 8811 8812 8813 8814 8815 8816 8817 8818 8819 8820 8821 8822 8823 8824 8825 8826 8827 8828 8829 8830 8831 8832 8833 8834 8835 8836 8837 8838 8839 8840 8841 8842 8843 8844 8845 8846 8847 8848 8849 8850 8851 8852 8853 8854 8855 8856 8857 8858 8859 8860 
79 8861 8862 8863 8864 8865 8866 8867 8868 8869 8870 8871 8872 8873 8874 8875 8876 8877 8878 8879 8880 8881 8882 8883 8884 8885 8886 8887 8888 8889 8890 8891 8892 8893 8894 8895 8896 8897 8898 8899 8900 8901 8902 8903 8904 8905 8906 8907 8908 8909 8910 8911 8912 8913 8914 8915 8916 8917 8918 8919 8920 8921 8922 8923 8924 8925 8926 8927 8928 8929 8930 8931 8932 8933 8934 8935 8936 8937 8938 8939 
91 8940 8941 8942 8943 8944 8945 8946 8947 8948 8949 8950 8951 8952 8953 8954 8955 8956 8957 8958 8959 8960 8961 8962 8963 8964 8965 8966 8967 8968 8969 8970 8971 8972 8973 8974 8975 8976 8977 8978 8979 8980 8981 8982 8983 8984 8985 8986 8987 8988 8989 8990 8991 8992 8993 8994 8995 8996 8997 8998 8999 9000 9001 9002 9003 9004 9005 9006 9007 9008 9009 9010 9011 9012 9013 9014 9015 9016 9017 9018 9019 9020 9021 9022 9023 9024 9025 9026 9027 9028 9029 9030 
91 9031 9032 9033 9034 9035 9036 9037 9038 9039 9040 9041 9042 9043 9044 9045 9046 9047 9048 9049 9050 9051 9052 9053 9054 9055 9056 9057 9058 9059 9060 9061 9062 9063 9064 9065 9066 9067 9068 9069 9070 9071 9072 9073 9074 9075 9076 9077 9078 9079 9080 9081 9082 9083 9084 9085 9086 9087 9088 9089 9090 9091 9092 9093 9094 9095 9096 9097 9098 9099 9100 9101 9102 9103 9104 9105 9106 9107 9108 9109 9110 9111 9112 9113 9114 9115 9116 9117 9118 9119 9120 9121 
87 9122 9123 9124 9125 9126 9127 9128 9129 9130 9131 9132 9133 9134 9135 9136 9137 9138 9139 9140 9141 9142 9143 9144 9145 9146 9147 9148 9149 9150 9151 9152 9153 9154 9155 9156 9157 9158 9159 9160 9161 9162 9163 9164 9165 9166 9167 9168 9169 9170 9171 9172 9173 9174 9175 9176 9177 9178 9179 9180 9181 9182 9183 9184 9185 9186 9187 9188 9189 9190 9191 9192 9193 9194 9195 9196 9197 9198 9199 9200 9201 9202 9203 9204 9205 9206 9207 9208 
93 9209 9210 9211 9212 9213 9214 9215 9216 9217 9218 9219 9220 9221 9222 9223 9224 9225 9226 9227 9228 9229 9230 9231 9232 9233 9234 9235 9236 9237 9238 9239 9240 9241 9242 9243 9244 9245 9246 9247 9248 9249 9250 9251 9252 9253 9254 9255 9256 9257 9258 9259 9260 9261 9262 9263 9264 9265 9266 9267 9268 9269 9270 9271 9272 9273 9274 9275 9276 9277 9278 9279 9280 9281 9282 9283 9284 9285 9286 9287 9288 9289 9290 9291 9292 9293 9294 9295 9296 9297 9298 9299 9300 9301 
86 9302 9303 9304 9305 9306 9307 9308 9309 9310 9311 9312 9313 9314 9315 9316 9317 9318 9319 9320 9321 9322 9323 9324 9325 9326 9327 9328 9329 9330 9331 9332 9333 9334 9335 9336 9337 9338 9339 9340 9341 9342 9343 9344 9345 9346 9347 9348 9349 9350 9351 9352 9353 9354 9355 9356 9357 9358 9359 9360 9361 9362 9363 9364 9365 9366 9367 9368 9369 9370 9371 9372 9373 9374 9375 9376 9377 9378 9379 9380 9381 9382 9383 9384 9385 9386 9387 
92 9388 9389 9390 9391 9392 9393 9394 9395 9396 9397 9398 9399 9400 9401 9402 9403 9404 9405 9406 9407 9408 9409 9410 9411 9412 9413 9414 9415 9416 9417 9418 9419 9420 9421 9422 9423 9424 9425 9426 9427 9428 9429 9430 9431 9432 9433 9434 9435 9436 9437 9438 9439 9440 9441 9442 9443 9444 9445 9446 9447 9448 9449 9450 9451 9452 9453 9454 9455 9456 9457 9458 9459 9460 9461 9462 9463 9464 9465 9466 9467 9468 9469 9470 9471 9472 9473 9474 9475 9476 9477 9478 9479 
92 9480 9481 9482 9483 9484 9485 9486 9487 9488 9489 9490 9491 9492 9493 9494 9495 9496 9497 9498 9499 9500 9501 9502 9503 9504 9505 9506 9507 9508 9509 9510 9511 9512 9513 9514 9515 9516 9517 9518 9519 9520 9521 9522 9523 9524 9525 9526 9527 9528 9529 9530 9531 9532 9533 9534 9535 9536 9537 9538 9539 9540 9541 9542 9543 9544 9545 9546 9547 9548 9549 9550 9551 9552 9553 9554 9555 9556 9557 9558 9559 9560 9561 9562 9563 9564 9565 9566 9567 9568 9569 9570 9571 
90 9572 9573 9574 9575 9576 9577 9578 9579 9580 9581 9582 9583 9584 9585 9586 9587 9588 9589 9590 9591 9592 9593 9594 9595 9596 9597 9598 9599 9600 9601 9602 9603 9604 9605 9606 9607 9608 9609 9610 9611 9612 9613 9614 9615 9616 9617 9618 9619 9620 9621 9622 9623 9624 9625 9626 9627 9628 9629 9630 9631 9632 9633 9634 9635 9636 9637 9638 9639 9640 9641 9642 9643 9644 9645 9646 9647 9648 9649 9650 9651 9652 9653 9654 9655 9656 9657 9658 9659 9660 9661 
88 9662 9663 9664 9665 9666 9667 9668 9669 9670 9671 9672 9673 9674 9675 9676 9677 9678 9679 9680 9681 9682 9683 9684 9685 9686 9687 9688 9689 9690 9691 9692 9693 9694 9695 9696 9697 9698 9699 9700 9701 9702 9703 9704 9705 9706 9707 9708 9709 9710 9711 9712 9713 9714 9715 9716 9717 9718 9719 9720 9721 9722 9723 9724 9725 9726 9727 9728 9729 9730 9731 9732 9733 9734 9735 9736 9737 9738 9739 9740 9741 9742 9743 9744 9745 9746 9747 9748 9749 
90 9750 9751 9752 9753 9754 9755 9756 9757 9758 9759 9760 9761 9762 9763 9764 9765 9766 9767 9768 9769 9770 9771 9772 9773 9774 9775 9776 9777 9778 9779 9780 9781 9782 9783 9784 9785 9786 9787 9788 9789 9790 9791 9792 9793 9794 9795 9796 9797 9798 9799 9800 9801 9802 9803 9804 9805 9806 9807 9808 9809 9810 9811 9812 9813 9814 9815 9816 9817 9818 9819 9820 9821 9822 9823 9824 9825 9826 9827 9828 9829 9830 9831 9832 9833 9834 9835 9836 9837 9838 9839 
88 9840 9841 9842 9843 9844 9845 9846 9847 9848 9849 9850 9851 9852 9853 9854 9855 9856 9857 9858 9859 9860 9861 9862 9863 9864 9865 9866 9867 9868 9869 9870 9871 9872 9873 9874 9875 9876 9877 9878 9879 9880 9881 9882 9883 9884 9885 9886 9887 9888 9889 9890 9891 9892 9893 9894 9895 9896 9897 9898 9899 9900 9901 9902 9903 9904 9905 9906 9907 9908 9909 9910 9911 9912 9913 9914 9915 9916 9917 9918 9919 9920 9921 9922 9923 9924 9925 9926 9927 
91 9928 9929 9930 9931 9932 9933 9934 9935 9936 9937 9938 9939 9940 9941 9942 9943 9944 9945 9946 9947 9948 9949 9950 9951 9952 9953 9954 9955 9956 9957 9958 9959 9960 9961 9962 9963 9964 9965 9966 9967 9968 9969 9970 9971 9972 9973 9974 9975 9976 9977 9978 9979 9980 9981 9982 9983 9984 9985 9986 9987 9988 9989 9990 9991 9992 9993 9994 9995 9996 9997 9998 9999 10000 10001 10002 10003 10004 10005 10006 10007 10008 10009 10010 10011 10012 10013 10014 10015 10016 10017 10018 
89 10019 10020 10021 10022 10023 10024 10025 10026 10027 10028 10029 10030 10031 10032 10033 10034 10035 10036 10037 10038 10039 10040 10041 10042 10043 10044 10045 10046 10047 10048 10049 10050 10051 10052 10053 10054 10055 10056 10057 10058 10059 10060 10061 10062 10063 10064 10065 10066 10067 10068 10069 10070 10071 10072 10073 10074 10075 10076 10077 10078 10079 10080 10081 10082 10083 10084 10085 10086 10087 10088 10089 10090 10091 10092 10093 10094 10095 10096 10097 10098 10099 10100 10101 10102 10103 10104 10105 10106 10107 
91 10108 10109 10110 10111 10112 10113 10114 10115 10116 10117 10118 10119 10120 10121 10122 10123 10124 10125 10126 10127 10128 10129 10130 10131 10132 10133 10134 10135 10136 10137 10138 10139 10140 10141 10142 10143 10144 10145 10146 10147 10148 10149 10150 10151 10152 10153 10154 10155 10156 10157 10158 10159 10160 10161 10162 10163 10164 10165 10166 10167 10168 10169 10170 10171 10172 10173 10174 10175 10176 10177 10178 10179 10180 10181 10182 10183 10184 10185 10186 10187 10188 10189 10190 10191 10192 10193 10194 10195 10196 10197 10198 
93 10199 10200 10201 10202 10203 10204 10205 10206 10207 10208 10209 10210 10211 10212 10213 10214 10215 10216 10217 10218 10219 10220 10221 10222 10223 10224 10225 10226 10227 10228 10229 10230 10231 10232 10233 10234 10235 10236 10237 10238 10239 10240 10241 10242 10243 10244 10245 10246 10247 10248 10249 10250 10251 10252 10253 10254 10255 10256 10257 10258 10259 10260 10261 10262 10263 10264 10265 10266 10267 10268 10269 10270 10271 10272 10273 10274 10275 10276 10277 10278 10279 10280 10281 10282 10283 10284 10285 10286 10287 10288 10289 10290 10291 
93 10292 10293 10294 10295 10296 10297 10298 10299 10300 10301 10302 10303 10304 10305 10306 10307 10308 10309 10310 10311 10312 10313 10314 10315 10316 10317 10318 10319 10320 10321 10322 10323 10324 10325 10326 10327 10328 10329 10330 10331 10332 10333 10334 10335 10336 10337 10338 10339 10340 10341 10342 10343 10344 10345 10346 10347 10348 10349 10350 10351 10352 10353 10354 10355 10356 10357 10358 10359 10360 10361 10362 10363 10364 10365 10366 10367 10368 10369 10370 10371 10372 10373 10374 10375 10376 10377 10378 10379 10380 10381 10382 10383 10384 
91 10385 10386 10387 10388 10389 10390 10391 10392 10393 10394 10395 10396 10397 10398 10399 10400 10401 10402 10403 10404 10405 10406 10407 10408 10409 10410 10411 10412 10413 10414 10415 10416 10417 10418 10419 10420 10421 10422 10423 10424 10425 10426 10427 10428 10429 10430 10431 10432 10433 10434 10435 10436 10437 10438 10439 10440 10441 10442 10443 10444 10445 10446 10447 10448 10449 10450 10451 10452 10453 10454 10455 10456 10457 10458 10459 10460 10461 10462 10463 10464 10465 10466 10467 10468 10469 10470 10471 10472 10473 10474 10475 
90 10476 10477 10478 10479 10480 10481 10482 10483 10484 10485 10486 10487 10488 10489 10490 10491 10492 10493 10494 10495 10496 10497 10498 10499 10500 10501 10502 10503 10504 10505 10506 10507 10508 10509 10510 10511 10512 10513 10514 10515 10516 10517 10518 10519 10520 10521 10522 10523 10524 10525 10526 10527 10528 10529 10530 10531 10532 10533 10534 10535 10536 10537 10538 10539 10540 10541 10542 10543 10544 10545 10546 10547 10548 10549 10550 10551 10552 10553 10554 10555 10556 10557 10558 10559 10560 10561 10562 10563 10564 10565 
88 10566 10567 10568 10569 10570 10571 10572 10573 10574 10575 10576 10577 10578 10579 10580 10581 10582 10583 10584 10585 10586 10587 10588 10589 10590 10591 10592 10593 10594 10595 10596 10597 10598 10599 10600 10601 10602 10603 10604 10605 10606 10607 10608 10609 10610 10611 10612 10613 10614 10615 10616 10617 10618 10619 10620 10621 10622 10623 10624 10625 10626 10627 10628 10629 10630 10631 10632 10633 10634 10635 10636 10637 10638 10639 10640 10641 10642 10643 10644 10645 10646 10647 10648 10649 10650 10651 10652 10653 
79 10654 10655 10656 10657 10658 10659 10660 10661 10662 10663 10664 10665 10666 10667 10668 10669 10670 10671 10672 10673 10674 10675 10676 10677 10678 10679 10680 10681 10682 10683 10684 10685 10686 10687 10688 10689 10690 10691 10692 10693 10694 10695 10696 10697 10698 10699 10700 10701 10702 10703 10704 10705 10706 10707 10708 10709 10710 10711 10712 10713 10714 10715 10716 10717 10718 10719 10720 10721 10722 10723 10724 10725 10726 10727 10728 10729 10730 10731 10732 
92 10733 10734 10735 10736 10737 10738 10739 10740 10741 10742 10743 10744 10745 10746 10747 10748 10749 10750 10751 10752 10753 10754 10755 10756 10757 10758 10759 10760 10761 10762 10763 10764 10765 10766 10767 10768 10769 10770 10771 10772 10773 10774 10775 10776 10777 10778 10779 10780 10781 10782 10783 10784 10785 10786 10787 10788 10789 10790 10791 10792 10793 10794 10795 10796 10797 10798 10799 10800 10801 10802 10803 10804 10805 10806 10807 10808 10809 10810 10811 10812 10813 10814 10815 10816 10817 10818 10819 10820 10821 10822 10823 10824 
91 10825 10826 10827 10828 10829 10830 10831 10832 10833 10834 10835 10836 10837 10838 10839 10840 10841 10842 10843 10844 10845 10846 10847 10848 10849 10850 10851 10852 10853 10854 10855 10856 10857 10858 10859 10860 10861 10862 10863 10864 10865 10866 10867 10868 10869 10870 10871 10872 10873 10874 10875 10876 10877 10878 10879 10880 10881 10882 10883 10884 10885 10886 10887 10888 10889 10890 10891 10892 10893 10894 10895 10896 10897 10898 10899 10900 10901 10902 10903 10904 10905 10906 10907 10908 10909 10910 10911 10912 10913 10914 10915 
91 10916 10917 10918 10919 10920 10921 10922 10923 10924 10925 10926 10927 10928 10929 10930 10931 10932 10933 10934 10935 10936 10937 10938 10939 10940 10941 10942 10943 10944 10945 10946 10947 10948 10949 10950 10951 10952 10953 10954 10955 10956 10957 10958 10959 10960 10961 10962 10963 10964 10965 10966 10967 10968 10969 10970 10971 10972 10973 10974 10975 10976 10977 10978 10979 10980 10981 10982 10983 10984 10985 10986 10987 10988 10989 10990 10991 10992 10993 10994 10995 10996 10997 10998 10999 11000 11001 11002 11003 11004 11005 11006 
78 11007 11008 11009 11010 11011 11012 11013 11014 11015 11016 11017 11018 11019 11020 11021 11022 11023 11024 11025 11026 11027 11028 11029 11030 11031 11032 11033 11034 11035 11036 11037 11038 11039 11040 11041 11042 11043 11044 11045 11046 11047 11048 11049 11050 11051 11052 11053 11054 11055 11056 11057 11058 11059 11060 11061 11062 11063 11064 11065 11066 11067 11068 11069 11070 11071 11072 11073 11074 11075 11076 11077 11078 11079 11080 11081 11082 11083 11084 
89 11085 11086 11087 11088 11089 11090 11091 11092 11093 11094 11095 11096 11097 11098 11099 11100 11101 11102 11103 11104 11105 11106 11107 11108 11109 11110 11111 11112 11113 11114 11115 11116 11117 11118 11119 11120 11121 11122 11123 11124 11125 11126 11127 11128 11129 11130 11131 11132 11133 11134 11135 11136 11137 11138 11139 11140 11141 11142 11143 11144 11145 11146 11147 11148 11149 11150 11151 11152 11153 11154 11155 11156 11157 11158 11159 11160 11161 11162 11163 11164 11165 11166 11167 11168 11169 11170 11171 11172 11173 
90 11174 11175 11176 11177 11178 11179 11180 11181 11182 11183 11184 11185 11186 11187 11188 11189 11190 11191 11192 11193 11194 11195 11196 11197 11198 11199 11200 11201 11202 11203 11204 11205 11206 11207 11208 11209 11210 11211 11212 11213 11214 11215 11216 11217 11218 11219 11220 11221 11222 11223 11224 11225 11226 11227 11228 11229 11230 11231 11232 11233 11234 11235 11236 11237 11238 11239 11240 11241 11242 11243 11244 11245 11246 11247 11248 11249 11250 11251 11252 11253 11254 11255 11256 11257 11258 11259 11260 11261 11262 11263 
92 11264 11265 11266 11267 11268 11269 11270 11271 11272 11273 11274 11275 11276 11277 11278 11279 11280 11281 11282 11283 11284 11285 11286 11287 11288 11289 11290 11291 11292 11293 11294 11295 11296 11297 11298 11299 11300 11301 11302 11303 11304 11305 11306 11307 11308 11309 11310 11311 11312 11313 11314 11315 11316 11317 11318 11319 11320 11321 11322 11323 11324 11325 11326 11327 11328 11329 11330 11331 11332 11333 11334 11335 11336 11337 11338 11339 11340 11341 11342 11343 11344 11345 11346 11347 11348 11349 11350 11351 11352 11353 11354 11355 
80 11356 11357 11358 11359 11360 11361 11362 11363 11364 11365 11366 11367 11368 11369 11370 11371 11372 11373 11374 11375 11376 11377 11378 11379 11380 11381 11382 11383 11384 11385 11386 11387 11388 11389 11390 11391 11392 11393 11394 11395 11396 11397 11398 11399 11400 11401 11402 11403 11404 11405 11406 11407 11408 11409 11410 11411 11412 11413 11414 11415 11416 11417 11418 11419 11420 11421 11422 11423 11424 11425 11426 11427 11428 11429 11430 11431 11432 11433 11434 11435 
93 11436 11437 11438 11439 11440 11441 11442 11443 11444 11445 11446 11447 11448 11449 11450 11451 11452 11453 11454 11455 11456 11457 11458 11459 11460 11461 11462 11463 11464 11465 11466 11467 11468 11469 11470 11471 11472 11473 11474 11475 11476 11477 11478 11479 11480 11481 11482 11483 11484 11485 11486 11487 11488 11489 11490 11491 11492 11493 11494 11495 11496 11497 11498 11499 11500 11501 11502 11503 11504 11505 11506 11507 11508 11509 11510 11511 11512 11513 11514 11515 11516 11517 11518 11519 11520 11521 11522 11523 11524 11525 11526 11527 11528 
81 11529 11530 11531 11532 11533 11534 11535 11536 11537 11538 11539 11540 11541 11542 11543 11544 11545 11546 11547 11548 11549 11550 11551 11552 11553 11554 11555 11556 11557 11558 11559 11560 11561 11562 11563 11564 11565 11566 11567 11568 11569 11570 11571 11572 11573 11574 11575 11576 11577 11578 11579 11580 11581 11582 11583 11584 11585 11586 11587 11588 11589 11590 11591 11592 11593 11594 11595 11596 11597 11598 11599 11600 11601 11602 11603 11604 11605 11606 11607 11608 11609 
93 11610 11611 11612 11613 11614 11615 11616 11617 11618 11619 11620 11621 11622 11623 11624 11625 11626 11627 11628 11629 11630 11631 11632 11633 11634 11635 11636 11637 11638 11639 11640 11641 11642 11643 11644 11645 11646 11647 11648 11649 11650 11651 11652 11653 11654 11655 11656 11657 11658 11659 11660 11661 11662 11663 11664 11665 11666 11667 11668 11669 11670 11671 11672 11673 11674 11675 11676 11677 11678 11679 11680 11681 11682 11683 11684 11685 11686 11687 11688 11689 11690 11691 11692 11693 11694 11695 11696 11697 11698 11699 11700 11701 11702 
89 11703 11704 11705 11706 11707 11708 11709 11710 11711 11712 11713 11714 11715 11716 11717 11718 11719 11720 11721 11722 11723 11724 11725 11726 11727 11728 11729 11730 11731 11732 11733 11734 11735 11736 11737 11738 11739 11740 11741 11742 11743 11744 11745 11746 11747 11748 11749 11750 11751 11752 11753 11754 11755 11756 11757 11758 11759 11760 11761 11762 11763 11764 11765 11766 11767 11768 11769 11770 11771 11772 11773 11774 11775 11776 11777 11778 11779 11780 11781 11782 11783 11784 11785 11786 11787 11788 11789 11790 11791 
93 11792 11793 11794 11795 11796 11797 11798 11799 11800 11801 11802 11803 11804 11805 11806 11807 11808 11809 11810 11811 11812 11813 11814 11815 11816 11817 11818 11819 11820 11821 11822 11823 11824 11825 11826 11827 11828 11829 11830 11831 11832 11833 11834 11835 11836 11837 11838 11839 11840 11841 11842 11843 11844 11845 11846 11847 11848 11849 11850 11851 11852 11853 11854 11855 11856 11857 11858 11859 11860 11861 11862 11863 11864 11865 11866 11867 11868 11869 11870 11871 11872 11873 11874 11875 11876 11877 11878 11879 11880 11881 11882 11883 11884 
88 11885 11886 11887 11888 11889 11890 11891 11892 11893 11894 11895 11896 11897 11898 11899 11900 11901 11902 11903 11904 11905 11906 11907 11908 11909 11910 11911 11912 11913 11914 11915 11916 11917 11918 11919 11920 11921 11922 11923 11924 11925 11926 11927 11928 11929 11930 11931 11932 11933 11934 11935 11936 11937 11938 11939 11940 11941 11942 11943 11944 11945 11946 11947 11948 11949 11950 11951 11952 11953 11954 11955 11956 11957 11958 11959 11960 11961 11962 11963 11964 11965 11966 11967 11968 11969 11970 11971 11972 
92 11973 11974 11975 11976 11977 11978 11979 11980 11981 11982 11983 11984 11985 11986 11987 11988 11989 11990 11991 11992 11993 11994 11995 11996 11997 11998 11999 12000 12001 12002 12003 12004 12005 12006 12007 12008 12009 12010 12011 12012 12013 12014 12015 12016 12017 12018 12019 12020 12021 12022 12023 12024 12025 12026 12027 12028 12029 12030 12031 12032 12033 12034 12035 12036 12037 12038 12039 12040 12041 12042 12043 12044 12045 12046 12047 12048 12049 12050 12051 12052 12053 12054 12055 12056 12057 12058 12059 12060 12061 12062 12063 12064 
87 12065 12066 12067 12068 12069 12070 12071 12072 12073 12074 12075 12076 12077 12078 12079 12080 12081 12082 12083 12084 12085 12086 12087 12088 12089 12090 12091 12092 12093 12094 12095 12096 12097 12098 12099 12100 12101 12102 12103 12104 12105 12106 12107 12108 12109 12110 12111 12112 12113 12114 12115 12116 12117 12118 12119 12120 12121 12122 12123 12124 12125 12126 12127 12128 12129 12130 12131 12132 12133 12134 12135 12136 12137 12138 12139 12140 12141 12142 12143 12144 12145 12146 12147 12148 12149 12150 12151 
90 12152 12153 12154 12155 12156 12157 12158 12159 12160 12161 12162 12163 12164 12165 12166 12167 12168 12169 12170 12171 12172 12173 12174 12175 12176 12177 12178 12179 12180 12181 12182 12183 12184 12185 12186 12187 12188 12189 12190 12191 12192 12193 12194 12195 12196 12197 12198 12199 12200 12201 12202 12203 12204 12205 12206 12207 12208 12209 12210 12211 12212 12213 12214 12215 12216 12217 12218 12219 12220 12221 12222 12223 12224 12225 12226 12227 12228 12229 12230 12231 12232 12233 12234 12235 12236 12237 12238 12239 12240 12241 
93 12242 12243 12244 12245 12246 12247 12248 12249 12250 12251 12252 12253 12254 12255 12256 12257 12258 12259 12260 12261 12262 12263 12264 12265 12266 12267 12268 12269 12270 12271 12272 12273 12274 12275 12276 12277 12278 12279 12280 12281 12282 12283 12284 12285 12286 12287 12288 12289 12290 12291 12292 12293 12294 12295 12296 12297 12298 12299 12300 12301 12302 12303 12304 12305 12306 12307 12308 12309 12310 12311 12312 12313 12314 12315 12316 12317 12318 12319 12320 12321 12322 12323 12324 12325 12326 12327 12328 12329 12330 12331 12332 12333 12334 
79 12335 12336 12337 12338 12339 12340 12341 12342 12343 12344 12345 12346 12347 12348 12349 12350 12351 12352 12353 12354 12355 12356 12357 12358 12359 12360 12361 12362 12363 12364 12365 12366 12367 12368 12369 12370 12371 12372 12373 12374 12375 12376 12377 12378 12379 12380 12381 12382 12383 12384 12385 12386 12387 12388 12389 12390 12391 12392 12393 12394 12395 12396 12397 12398 12399 12400 12401 12402 12403 12404 12405 12406 12407 12408 12409 12410 12411 12412 12413 
89 12414 12415 12416 12417 12418 12419 12420 12421 12422 12423 12424 12425 12426 12427 12428 12429 12430 12431 12432 12433 12434 12435 12436 12437 12438 12439 12440 12441 12442 12443 12444 12445 12446 12447 12448 12449 12450 12451 12452 12453 12454 12455 12456 12457 12458 12459 12460 12461 12462 12463 12464 12465 12466 12467 12468 12469 12470 12471 12472 12473 12474 12475 12476 12477 12478 12479 12480 12481 12482 12483 12484 12485 12486 12487 12488 12489 12490 12491 12492 12493 12494 12495 12496 12497 12498 12499 12500 12501 12502 
85 12503 12504 12505 12506 12507 12508 12509 12510 12511 12512 12513 12514 12515 12516 12517 12518 12519 12520 12521 12522 12523 12524 12525 12526 12527 12528 12529 12530 12531 12532 12533 12534 12535 12536 12537 12538 12539 12540 12541 12542 12543 12544 12545 12546 12547 12548 12549 12550 12551 12552 12553 12554 12555 12556 12557 12558 12559 12560 12561 12562 12563 12564 12565 12566 12567 12568 12569 12570 12571 12572 12573 12574 12575 12576 12577 12578 12579 12580 12581 12582 12583 12584 12585 12586 12587 
89 12588 12589 12590 12591 12592 12593 12594 12595 12596 12597 12598 12599 12600 12601 12602 12603 12604 12605 12606 12607 12608 12609 12610 12611 12612 12613 12614 12615 12616 12617 12618 12619 12620 12621 12622 12623 12624 12625 12626 12627 12628 12629 12630 12631 12632 12633 12634 12635 12636 12637 12638 12639 12640 12641 12642 12643 12644 12645 12646 12647 12648 12649 12650 12651 12652 12653 12654 12655 12656 12657 12658 12659 12660 12661 12662 12663 12664 12665 12666 12667 12668 12669 12670 12671 12672 12673 12674 12675 12676 
90 12677 12678 12679 12680 12681 12682 12683 12684 12685 12686 12687 12688 12689 12690 12691 12692 12693 12694 12695 12696 12697 12698 12699 12700 12701 12702 12703 12704 12705 12706 12707 12708 12709 12710 12711 12712 12713 12714 12715 12716 12717 12718 12719 12720 12721 12722 12723 12724 12725 12726 12727 12728 12729 12730 12731 12732 12733 12734 12735 12736 12737 12738 12739 12740 12741 12742 12743 12744 12745 12746 12747 12748 12749 12750 12751 12752 12753 12754 12755 12756 12757 12758 12759 12760 12761 12762 12763 12764 12765 12766 
94 12767 12768 12769 12770 12771 12772 12773 12774 12775 12776 12777 12778 12779 12780 12781 12782 12783 12784 12785 12786 12787 12788 12789 12790 12791 12792 12793 12794 12795 12796 12797 12798 12799 12800 12801 12802 12803 12804 12805 12806 12807 12808 12809 12810 12811 12812 12813 12814 12815 12816 12817 12818 12819 12820 12821 12822 12823 12824 12825 12826 12827 12828 12829 12830 12831 12832 12833 12834 12835 12836 12837 12838 12839 12840 12841 12842 12843 12844 12845 12846 12847 12848 12849 12850 12851 12852 12853 12854 12855 12856 12857 12858 12859 12860 
87 12861 12862 12863 12864 12865 12866 12867 12868 12869 12870 12871 12872 12873 12874 12875 12876 12877 12878 12879 12880 12881 12882 12883 12884 12885 12886 12887 12888 12889 12890 12891 12892 12893 12894 12895 12896 12897 12898 12899 12900 12901 12902 12903 12904 12905 12906 12907 12908 12909 12910 12911 12912 12913 12914 12915 12916 12917 12918 12919 12920 12921 12922 12923 12924 12925 12926 12927 12928 12929 12930 12931 12932 12933 12934 12935 12936 12937 12938 12939 12940 12941 12942 12943 12944 12945 12946 12947 
91 12948 12949 12950 12951 12952 12953 12954 12955 12956 12957 12958 12959 12960 12961 12962 12963 12964 12965 12966 12967 12968 12969 12970 12971 12972 12973 12974 12975 12976 12977 12978 12979 12980 12981 12982 12983 12984 12985 12986 12987 12988 12989 12990 12991 12992 12993 12994 12995 12996 12997 12998 12999 13000 13001 13002 13003 13004 13005 13006 13007 13008 13009 13010 13011 13012 13013 13014 13015 13016 13017 13018 13019 13020 13021 13022 13023 13024 13025 13026 13027 13028 13029 13030 13031 13032 13033 13034 13035 13036 13037 13038 
92 13039 13040 13041 13042 13043 13044 13045 13046 13047 13048 13049 13050 13051 13052 13053 13054 13055 13056 13057 13058 13059 13060 13061 13062 13063 13064 13065 13066 13067 13068 13069 13070 13071 13072 13073 13074 13075 13076 13077 13078 13079 13080 13081 13082 13083 13084 13085 13086 13087 13088 13089 13090 13091 13092 13093 13094 13095 13096 13097 13098 13099 13100 13101 13102 13103 13104 13105 13106 13107 13108 13109 13110 13111 13112 13113 13114 13115 13116 13117 13118 13119 13120 13121 13122 13123 13124 13125 13126 13127 13128 13129 13130 
83 13131 13132 13133 13134 13135 13136 13137 13138 13139 13140 13141 13142 13143 13144 13145 13146 13147 13148 13149 13150 13151 13152 13153 13154 13155 13156 13157 13158 13159 13160 13161 13162 13163 13164 13165 13166 13167 13168 13169 13170 13171 13172 13173 13174 13175 13176 13177 13178 13179 13180 13181 13182 13183 13184 13185 13186 13187 13188 13189 13190 13191 13192 13193 13194 13195 13196 13197 13198 13199 13200 13201 13202 13203 13204 13205 13206 13207 13208 13209 13210 13211 13212 13213 
85 13214 13215 13216 13217 13218 13219 13220 13221 13222 13223 13224 13225 13226 13227 13228 13229 13230 13231 13232 13233 13234 13235 13236 13237 13238 13239 13240 13241 13242 13243 13244 13245 13246 13247 13248 13249 13250 13251 13252 13253 13254 13255 13256 13257 13258 13259 13260 13261 13262 13263 13264 13265 13266 13267 13268 13269 13270 13271 13272 13273 13274 13275 13276 13277 13278 13279 13280 13281 13282 13283 13284 13285 13286 13287 13288 13289 13290 13291 13292 13293 13294 13295 13296 13297 13298 
83 13299 13300 13301 13302 13303 13304 13305 13306 13307 13308 13309 13310 13311 13312 13313 13314 13315 13316 13317 13318 13319 13320 13321 13322 13323 13324 13325 13326 13327 13328 13329 13330 13331 13332 13333 13334 13335 13336 13337 13338 13339 13340 13341 13342 13343 13344 13345 13346 13347 13348 13349 13350 13351 13352 13353 13354 13355 13356 13357 13358 13359 13360 13361 13362 13363 13364 13365 13366 13367 13368 13369 13370 13371 13372 13373 13374 13375 13376 13377 13378 13379 13380 13381 
90 13382 13383 13384 13385 13386 13387 13388 13389 13390 13391 13392 13393 13394 13395 13396 13397 13398 13399 13400 13401 13402 13403 13404 13405 13406 13407 13408 13409 13410 13411 13412 13413 13414 13415 13416 13417 13418 13419 13420 13421 13422 13423 13424 13425 13426 13427 13428 13429 13430 13431 13432 13433 13434 13435 13436 13437 13438 13439 13440 13441 13442 13443 13444 13445 13446 13447 13448 13449 13450 13451 13452 13453 13454 13455 13456 13457 13458 13459 13460 13461 13462 13463 13464 13465 13466 13467 13468 13469 13470 13471 
92 13472 13473 13474 13475 13476 13477 13478 13479 13480 13481 13482 13483 13484 13485 13486 13487 13488 13489 13490 13491 13492 13493 13494 13495 13496 13497 13498 13499 13500 13501 13502 13503 13504 13505 13506 13507 13508 13509 13510 13511 13512 13513 13514 13515 13516 13517 13518 13519 13520 13521 13522 13523 13524 13525 13526 13527 13528 13529 13530 13531 13532 13533 13534 13535 13536 13537 13538 13539 13540 13541 13542 13543 13544 13545 13546 13547 13548 13549 13550 13551 13552 13553 13554 13555 13556 13557 13558 13559 13560 13561 13562 13563 
93 13564 13565 13566 13567 13568 13569 13570 13571 13572 13573 13574 13575 13576 13577 13578 13579 13580 13581 13582 13583 13584 13585 13586 13587 13588 13589 13590 13591 13592 13593 13594 13595 13596 13597 13598 13599 13600 13601 13602 13603 13604 13605 13606 13607 13608 13609 13610 13611 13612 13613 13614 13615 13616 13617 13618 13619 13620 13621 13622 13623 13624 13625 13626 13627 13628 13629 13630 13631 13632 13633 13634 13635 13636 13637 13638 13639 13640 13641 13642 13643 13644 13645 13646 13647 13648 13649 13650 13651 13652 13653 13654 13655 13656 
91 13657 13658 13659 13660 13661 13662 13663 13664 13665 13666 13667 13668 13669 13670 13671 13672 13673 13674 13675 13676 13677 13678 13679 13680 13681 13682 13683 13684 13685 13686 13687 13688 13689 13690 13691 13692 13693 13694 13695 13696 13697 13698 13699 13700 13701 13702 13703 13704 13705 13706 13707 13708 13709 13710 13711 13712 13713 13714 13715 13716 13717 13718 13719 13720 13721 13722 13723 13724 13725 13726 13727 13728 13729 13730 13731 13732 13733 13734 13735 13736 13737 13738 13739 13740 13741 13742 13743 13744 13745 13746 13747 
93 13748 13749 13750 13751 13752 13753 13754 13755 13756 13757 13758 13759 13760 13761 13762 13763 13764 13765 13766 13767 13768 13769 13770 13771 13772 13773 13774 13775 13776 13777 13778 13779 13780 13781 13782 13783 13784 13785 13786 13787 13788 13789 13790 13791 13792 13793 13794 13795 13796 13797 13798 13799 13800 13801 13802 13803 13804 13805 13806 13807 13808 13809 13810 13811 13812 13813 13814 13815 13816 13817 13818 13819 13820 13821 13822 13823 13824 13825 13826 13827 13828 13829 13830 13831 13832 13833 13834 13835 13836 13837 13838 13839 13840 
92 13841 13842 13843 13844 13845 13846 13847 13848 13849 13850 13851 13852 13853 13854 13855 13856 13857 13858 13859 13860 13861 13862 13863 13864 13865 13866 13867 13868 13869 13870 13871 13872 13873 13874 13875 13876 13877 13878 13879 13880 13881 13882 13883 13884 13885 13886 13887 13888 13889 13890 13891 13892 13893 13894 13895 13896 13897 13898 13899 13900 13901 13902 13903 13904 13905 13906 13907 13908 13909 13910 13911 13912 13913 13914 13915 13916 13917 13918 13919 13920 13921 13922 13923 13924 13925 13926 13927 13928 13929 13930 13931 13932 
88 13933 13934 13935 13936 13937 13938 13939 13940 13941 13942 13943 13944 13945 13946 13947 13948 13949 13950 13951 13952 13953 13954 13955 13956 13957 13958 13959 13960 13961 13962 13963 13964 13965 13966 13967 13968 13969 13970 13971 13972 13973 13974 13975 13976 13977 13978 13979 13980 13981 13982 13983 13984 13985 13986 13987 13988 13989 13990 13991 13992 13993 13994 13995 13996 13997 13998 13999 14000 14001 14002 14003 14004 14005 14006 14007 14008 14009 14010 14011 14012 14013 14014 14015 14016 14017 14018 14019 14020 
90 14021 14022 14023 14024 14025 14026 14027 14028 14029 14030 14031 14032 14033 14034 14035 14036 14037 14038 14039 14040 14041 14042 14043 14044 14045 14046 14047 14048 14049 14050 14051 14052 14053 14054 14055 14056 14057 14058 14059 14060 14061 14062 14063 14064 14065 14066 14067 14068 14069 14070 14071 14072 14073 14074 14075 14076 14077 14078 14079 14080 14081 14082 14083 14084 14085 14086 14087 14088 14089 14090 14091 14092 14093 14094 14095 14096 14097 14098 14099 14100 14101 14102 14103 14104 14105 14106 14107 14108 14109 14110 
86 14111 14112 14113 14114 14115 14116 14117 14118 14119 14120 14121 14122 14123 14124 14125 14126 14127 14128 14129 14130 14131 14132 14133 14134 14135 14136 14137 14138 14139 14140 14141 14142 14143 14144 14145 14146 14147 14148 14149 14150 14151 14152 14153 14154 14155 14156 14157 14158 14159 14160 14161 14162 14163 14164 14165 14166 14167 14168 14169 14170 14171 14172 14173 14174 14175 14176 14177 14178 14179 14180 14181 14182 14183 14184 14185 14186 14187 14188 14189 14190 14191 14192 14193 14194 14195 14196 
86 14197 14198 14199 14200 14201 14202 14203 14204 14205 14206 14207 14208 14209 14210 14211 14212 14213 14214 14215 14216 14217 14218 14219 14220 14221 14222 14223 14224 14225 14226 14227 14228 14229 14230 14231 14232 14233 14234 14235 14236 14237 14238 14239 14240 14241 14242 14243 14244 14245 14246 14247 14248 14249 14250 14251 14252 14253 14254 14255 14256 14257 14258 14259 14260 14261 14262 14263 14264 14265 14266 14267 14268 14269 14270 14271 14272 14273 14274 14275 14276 14277 14278 14279 14280 14281 14282 
89 14283 14284 14285 14286 14287 14288 14289 14290 14291 14292 14293 14294 14295 14296 14297 14298 14299 14300 14301 14302 14303 14304 14305 14306 14307 14308 14309 14310 14311 14312 14313 14314 14315 14316 14317 14318 14319 14320 14321 14322 14323 14324 14325 14326 14327 14328 14329 14330 14331 14332 14333 14334 14335 14336 14337 14338 14339 14340 14341 14342 14343 14344 14345 14346 14347 14348 14349 14350 14351 14352 14353 14354 14355 14356 14357 14358 14359 14360 14361 14362 14363 14364 14365 14366 14367 14368 14369 14370 14371 
90 14372 14373 14374 14375 14376 14377 14378 14379 14380 14381 14382 14383 14384 14385 14386 14387 14388 14389 14390 14391 14392 14393 14394 14395 14396 14397 14398 14399 14400 14401 14402 14403 14404 14405 14406 14407 14408 14409 14410 14411 14412 14413 14414 14415 14416 14417 14418 14419 14420 14421 14422 14423 14424 14425 14426 14427 14428 14429 14430 14431 14432 14433 14434 14435 14436 14437 14438 14439 14440 14441 14442 14443 14444 14445 14446 14447 14448 14449 14450 14451 14452 14453 14454 14455 14456 14457 14458 14459 14460 14461 
88 14462 14463 14464 14465 14466 14467 14468 14469 14470 14471 14472 14473 14474 14475 14476 14477 14478 14479 14480 14481 14482 14483 14484 14485 14486 14487 14488 14489 14490 14491 14492 14493 14494 14495 14496 14497 14498 14499 14500 14501 14502 14503 14504 14505 14506 14507 14508 14509 14510 14511 14512 14513 14514 14515 14516 14517 14518 14519 14520 14521 14522 14523 14524 14525 14526 14527 14528 14529 14530 14531 14532 14533 14534 14535 14536 14537 14538 14539 14540 14541 14542 14543 14544 14545 14546 14547 14548 14549 
88 14550 14551 14552 14553 14554 14555 14556 14557 14558 14559 14560 14561 14562 14563 14564 14565 14566 14567 14568 14569 14570 14571 14572 14573 14574 14575 14576 14577 14578 14579 14580 14581 14582 14583 14584 14585 14586 14587 14588 14589 14590 14591 14592 14593 14594 14595 14596 14597 14598 14599 14600 14601 14602 14603 14604 14605 14606 14607 14608 14609 14610 14611 14612 14613 14614 14615 14616 14617 14618 14619 14620 14621 14622 14623 14624 14625 14626 14627 14628 14629 14630 14631 14632 14633 14634 14635 14636 14637 
81 14638 14639 14640 14641 14642 14643 14644 14645 14646 14647 14648 14649 14650 14651 14652 14653 14654 14655 14656 14657 14658 14659 14660 14661 14662 14663 14664 14665 14666 14667 14668 14669 14670 14671 14672 14673 14674 14675 14676 14677 14678 14679 14680 14681 14682 14683 14684 14685 14686 14687 14688 14689 14690 14691 14692 14693 14694 14695 14696 14697 14698 14699 14700 14701 14702 14703 14704 14705 14706 14707 14708 14709 14710 14711 14712 14713 14714 14715 14716 14717 14718 
93 14719 14720 14721 14722 14723 14724 14725 14726 14727 14728 14729 14730 14731 14732 14733 14734 14735 14736 14737 14738 14739 14740 14741 14742 14743 14744 14745 14746 14747 14748 14749 14750 14751 14752 14753 14754 14755 14756 14757 14758 14759 14760 14761 14762 14763 14764 14765 14766 14767 14768 14769 14770 14771 14772 14773 14774 14775 14776 14777 14778 14779 14780 14781 14782 14783 14784 14785 14786 14787 14788 14789 14790 14791 14792 14793 14794 14795 14796 14797 14798 14799 14800 14801 14802 14803 14804 14805 14806 14807 14808 14809 14810 14811 
86 14812 14813 14814 14815 14816 14817 14818 14819 14820 14821 14822 14823 14824 14825 14826 14827 14828 14829 14830 14831 14832 14833 14834 14835 14836 14837 14838 14839 14840 14841 14842 14843 14844 14845 14846 14847 14848 14849 14850 14851 14852 14853 14854 14855 14856 14857 14858 14859 14860 14861 14862 14863 14864 14865 14866 14867 14868 14869 14870 14871 14872 14873 14874 14875 14876 14877 14878 14879 14880 14881 14882 14883 14884 14885 14886 14887 14888 14889 14890 14891 14892 14893 14894 14895 14896 14897 
93 14898 14899 14900 14901 14902 14903 14904 14905 14906 14907 14908 14909 14910 14911 14912 14913 14914 14915 14916 14917 14918 14919 14920 14921 14922 14923 14924 14925 14926 14927 14928 14929 14930 14931 14932 14933 14934 14935 14936 14937 14938 14939 14940 14941 14942 14943 14944 14945 14946 14947 14948 14949 14950 14951 14952 14953 14954 14955 14956 14957 14958 14959 14960 14961 14962 14963 14964 14965 14966 14967 14968 14969 14970 14971 14972 14973 14974 14975 14976 14977 14978 14979 14980 14981 14982 14983 14984 14985 14986 14987 14988 14989 14990 
87 14991 14992 14993 14994 14995 14996 14997 14998 14999 15000 15001 15002 15003 15004 15005 15006 15007 15008 15009 15010 15011 15012 15013 15014 15015 15016 15017 15018 15019 15020 15021 15022 15023 15024 15025 15026 15027 15028 15029 15030 15031 15032 15033 15034 15035 15036 15037 15038 15039 15040 15041 15042 15043 15044 15045 15046 15047 15048 15049 15050 15051 15052 15053 15054 15055 15056 15057 15058 15059 15060 15061 15062 15063 15064 15065 15066 15067 15068 15069 15070 15071 15072 15073 15074 15075 15076 15077 
90 15078 15079 15080 15081 15082 15083 15084 15085 15086 15087 15088 15089 15090 15091 15092 15093 15094 15095 15096 15097 15098 15099 15100 15101 15102 15103 15104 15105 15106 15107 15108 15109 15110 15111 15112 15113 15114 15115 15116 15117 15118 15119 15120 15121 15122 15123 15124 15125 15126 15127 15128 15129 15130 15131 15132 15133 15134 15135 15136 15137 15138 15139 15140 15141 15142 15143 15144 15145 15146 15147 15148 15149 15150 15151 15152 15153 15154 15155 15156 15157 15158 15159 15160 15161 15162 15163 15164 15165 15166 15167 
87 15168 15169 15170 15171 15172 15173 15174 15175 15176 15177 15178 15179 15180 15181 15182 15183 15184 15185 15186 15187 15188 15189 15190 15191 15192 15193 15194 15195 15196 15197 15198 15199 15200 15201 15202 15203 15204 15205 15206 15207 15208 15209 15210 15211 15212 15213 15214 15215 15216 15217 15218 15219 15220 15221 15222 15223 15224 15225 15226 15227 15228 15229 15230 15231 15232 15233 15234 15235 15236 15237 15238 15239 15240 15241 15242 15243 15244 15245 15246 15247 15248 15249 15250 15251 15252 15253 15254 
91 15255 15256 15257 15258 15259 15260 15261 15262 15263 15264 15265 15266 15267 15268 15269 15270 15271 15272 15273 15274 15275 15276 15277 15278 15279 15280 15281 15282 15283 15284 15285 15286 15287 15288 15289 15290 15291 15292 15293 15294 15295 15296 15297 15298 15299 15300 15301 15302 15303 15304 15305 15306 15307 15308 15309 15310 15311 15312 15313 15314 15315 15316 15317 15318 15319 15320 15321 15322 15323 15324 15325 15326 15327 15328 15329 15330 15331 15332 15333 15334 15335 15336 15337 15338 15339 15340 15341 15342 15343 15344 15345 
93 15346 15347 15348 15349 15350 15351 15352 15353 15354 15355 15356 15357 15358 15359 15360 15361 15362 15363 15364 15365 15366 15367 15368 15369 15370 15371 15372 15373 15374 15375 15376 15377 15378 15379 15380 15381 15382 15383 15384 15385 15386 15387 15388 15389 15390 15391 15392 15393 15394 15395 15396 15397 15398 15399 15400 15401 15402 15403 15404 15405 15406 15407 15408 15409 15410 15411 15412 15413 15414 15415 15416 15417 15418 15419 15420 15421 15422 15423 15424 15425 15426 15427 15428 15429 15430 15431 15432 15433 15434 15435 15436 15437 15438 
93 15439 15440 15441 15442 15443 15444 15445 15446 15447 15448 15449 15450 15451 15452 15453 15454 15455 15456 15457 15458 15459 15460 15461 15462 15463 15464 15465 15466 15467 15468 15469 15470 15471 15472 15473 15474 15475 15476 15477 15478 15479 15480 15481 15482 15483 15484 15485 15486 15487 15488 15489 15490 15491 15492 15493 15494 15495 15496 15497 15498 15499 15500 15501 15502 15503 15504 15505 15506 15507 15508 15509 15510 15511 15512 15513 15514 15515 15516 15517 15518 15519 15520 15521 15522 15523 15524 15525 15526 15527 15528 15529 15530 15531 
92 15532 15533 15534 15535 15536 15537 15538 15539 15540 15541 15542 15543 15544 15545 15546 15547 15548 15549 15550 15551 15552 15553 15554 15555 15556 15557 15558 15559 15560 15561 15562 15563 15564 15565 15566 15567 15568 15569 15570 15571 15572 15573 15574 15575 15576 15577 15578 15579 15580 15581 15582 15583 15584 15585 15586 15587 15588 15589 15590 15591 15592 15593 15594 15595 15596 15597 15598 15599 15600 15601 15602 15603 15604 15605 15606 15607 15608 15609 15610 15611 15612 15613 15614 15615 15616 15617 15618 15619 15620 15621 15622 15623 
93 15624 15625 15626 15627 15628 15629 15630 15631 15632 15633 15634 15635 15636 15637 15638 15639 15640 15641 15642 15643 15644 15645 15646 15647 15648 15649 15650 15651 15652 15653 15654 15655 15656 15657 15658 15659 15660 15661 15662 15663 15664 15665 15666 15667 15668 15669 15670 15671 15672 15673 15674 15675 15676 15677 15678 15679 15680 15681 15682 15683 15684 15685 15686 15687 15688 15689 15690 15691 15692 15693 15694 15695 15696 15697 15698 15699 15700 15701 15702 15703 15704 15705 15706 15707 15708 15709 15710 15711 15712 15713 15714 15715 15716 
89 15717 15718 15719 15720 15721 15722 15723 15724 15725 15726 15727 15728 15729 15730 15731 15732 15733 15734 15735 15736 15737 15738 15739 15740 15741 15742 15743 15744 15745 15746 15747 15748 15749 15750 15751 15752 15753 15754 15755 15756 15757 15758 15759 15760 15761 15762 15763 15764 15765 15766 15767 15768 15769 15770 15771 15772 15773 15774 15775 15776 15777 15778 15779 15780 15781 15782 15783 15784 15785 15786 15787 15788 15789 15790 15791 15792 15793 15794 15795 15796 15797 15798 15799 15800 15801 15802 15803 15804 15805 
87 15806 15807 15808 15809 15810 15811 15812 15813 15814 15815 15816 15817 15818 15819 15820 15821 15822 15823 15824 15825 15826 15827 15828 15829 15830 15831 15832 15833 15834 15835 15836 15837 15838 15839 15840 15841 15842 15843 15844 15845 15846 15847 15848 15849 15850 15851 15852 15853 15854 15855 15856 15857 15858 15859 15860 15861 15862 15863 15864 15865 15866 15867 15868 15869 15870 15871 15872 15873 15874 15875 15876 15877 15878 15879 15880 15881 15882 15883 15884 15885 15886 15887 15888 15889 15890 15891 15892 
87 15893 15894 15895 15896 15897 15898 15899 15900 15901 15902 15903 15904 15905 15906 15907 15908 15909 15910 15911 15912 15913 15914 15915 15916 15917 15918 15919 15920 15921 15922 15923 15924 15925 15926 15927 15928 15929 15930 15931 15932 15933 15934 15935 15936 15937 15938 15939 15940 15941 15942 15943 15944 15945 15946 15947 15948 15949 15950 15951 15952 15953 15954 15955 15956 15957 15958 15959 15960 15961 15962 15963 15964 15965 15966 15967 15968 15969 15970 15971 15972 15973 15974 15975 15976 15977 15978 15979 
92 15980 15981 15982 15983 15984 15985 15986 15987 15988 15989 15990 15991 15992 15993 15994 15995 15996 15997 15998 15999 16000 16001 16002 16003 16004 16005 16006 16007 16008 16009 16010 16011 16012 16013 16014 16015 16016 16017 16018 16019 16020 16021 16022 16023 16024 16025 16026 16027 16028 16029 16030 16031 16032 16033 16034 16035 16036 16037 16038 16039 16040 16041 16042 16043 16044 16045 16046 16047 16048 16049 16050 16051 16052 16053 16054 16055 16056 16057 16058 16059 16060 16061 16062 16063 16064 16065 16066 16067 16068 16069 16070 16071 
81 16072 16073 16074 16075 16076 16077 16078 16079 16080 16081 16082 16083 16084 16085 16086 16087 16088 16089 16090 16091 16092 16093 16094 16095 16096 16097 16098 16099 16100 16101 16102 16103 16104 16105 16106 16107 16108 16109 16110 16111 16112 16113 16114 16115 16116 16117 16118 16119 16120 16121 16122 16123 16124 16125 16126 16127 16128 16129 16130 16131 16132 16133 16134 16135 16136 16137 16138 16139 16140 16141 16142 16143 16144 16145 16146 16147 16148 16149 16150 16151 16152 

POINT_DATA 16153
SCALARS FiberLocationIndex int
LOOKUP_TABLE default
2 3 4 5 6 7 8 9 10 
11 12 13 14 15 16 17 18 19 
20 21 22 23 24 25 26 27 28 
29 30 31 32 33 34 35 36 37 
38 39 40 41 42 43 44 45 46 
47 48 49 50 51 52 53 54 55 
56 57 58 59 60 61 62 63 64 
65 66 67 68 69 70 71 72 73 
74 75 76 77 78 79 80 81 82 
83 84 85 86 87 88 89 90 91 
92 93 94 2 3 4 5 6 7 
8 9 10 11 12 13 14 15 16 
17 18 19 20 21 22 23 24 25 
26 27 28 29 30 31 32 33 34 
35 36 37 38 39 40 41 42 43 
44 45 46 47 48 49 50 51 52 
53 54 55 56 57 58 59 60 61 
62 63 64 65 66 67 68 69 70 
71 72 73 74 75 76 77 78 79 
80 81 82 83 84 85 86 87 88 
89 90 10 11 12 13 14 15 16 
17 18 19 20 21 22 23 24 25 
26 27 28 29 30 31 32 33 34 
35 36 37 38 39 40 41 42 43 
44 45 46 47 48 49 50 51 52 
53 54 55 56 57 58 59 60 61 
62 63 64 65 66 67 68 69 70 
71 72 73 74 75 76 77 78 79 
80 81 82 83 84 85 86 87 88 
3 4 5 6 7 8 9 10 11 
12 13 14 15 16 17 18 19 20 
21 22 23 24 25 26 27 28 29 
30 31 32 33 34 35 36 37 38 
39 40 41 42 43 44 45 46 47 
48 49 50 51 52 53 54 55 56 
57 58 59 60 61 62 63 64 65 
66 67 68 69 70 71 72 73 74 
75 76 77 78 79 80 81 82 83 
84 85 86 87 88 89 2 3 4 
5 6 7 8 9 10 11 12 13 
14 15 16 17 18 19 20 21 22 
23 24 25 26 27 28 29 30 31 
32 33 34 35 36 37 38 39 40 
41 42 43 44 45 46 47 48 49 
50 51 52 53 54 55 56 57 58 
59 60 61 62 63 64 65 66 67 
68 69 70 71 72 73 74 75 76 
77 78 79 80 81 82 83 84 85 
86 87 88 89 90 91 2 3 4 
5 6 7 8 9 10 11 12 13 
14 15 16 17 18 19 20 21 22 
23 24 25 26 27 28 29 30 31 
32 33 34 35 36 37 38 39 40 
41 42 43 44 45 46 47 48 49 
50 51 52 53 54 55 56 57 58 
59 60 61 62 63 64 65 66 67 
68 69 70 71 72 73 74 75 76 
77 78 79 80 81 82 83 84 85 
86 87 88 89 90 91 92 93 94 
2 3 4 5 6 7 8 9 10 
11 12 13 14 15 16 17 18 19 
20 21 22 23 24 25 26 27 28 
29 30 31 32 33 34 35 36 37 
38 39 40 41 42 43 44 45 46 
47 48 49 50 51 52 53 54 55 
56 57 58 59 60 61 62 63 64 
65 66 67 68 69 70 71 72 73 
74 75 76 77 78 79 80 81 82 
83 84 85 86 87 88 89 90 91 
92 93 94 2 3 4 5 6 7 
8 9 10 11 12 13 14 15 16 
17 18 19 20 21 22 23 24 25 
26 27 28 29 30 31 32 33 34 
35 36 37 38 39 40 41 42 43 
44 45 46 47 48 49 50 51 52 
53 54 55 56 57 58 59 60 61 
62 63 64 65 66 67 68 69 70 
71 72 73 74 75 76 77 78 79 
80 81 82 83 84 85 86 87 88 
89 90 91 92 93 94 1 2 3 
4 5 6 7 8 9 10 11 12 
13 14 15 16 17 18 19 20 21 
22 23 24 25 26 27 28 29 30 
31 32 33 34 35 36 37 38 39 
40 41 42 43 44 45 46 47 49 
50 51 52 53 54 55 56 57 58 
59 60 61 62 63 64 65 66 67 
68 69 70 71 72 73 74 75 76 
77 78 79 80 81 82 83 84 85 
86 87 88 89 90 91 92 93 11 
12 13 14 15 16 17 18 19 20 
21 22 23 24 25 26 27 28 29 
30 31 32 33 34 35 36 37 38 
39 40 41 42 43 44 45 46 47 
48 49 50 51 52 53 54 55 56 
57 58 59 60 61 62 63 64 65 
66 67 68 69 70 71 72 73 74 
75 76 77 78 79 80 81 82 83 
84 85 86 87 88 89 90 91 2 
3 4 5 6 7 8 9 10 11 
12 13 14 15 16 17 18 19 20 
21 22 23 24 25 26 27 28 29 
30 31 32 33 34 35 36 37 38 
39 40 41 42 43 44 45 46 47 
48 49 50 51 52 53 54 55 56 
57 58 59 60 61 62 63 64 65 
66 67 68 69 70 71 72 73 74 
75 76 77 78 79 80 81 82 83 
84 85 86 87 88 89 90 91 92 
93 94 2 3 4 5 6 7 8 
9 10 11 12 13 14 15 16 17 
18 19 20 21 22 23 24 25 26 
27 28 29 30 31 32 33 34 35 
36 37 38 39 40 41 42 43 44 
45 46 47 48 49 50 51 52 53 
54 55 56 57 58 59 60 61 62 
63 64 65 66 67 68 69 70 71 
72 73 74 75 76 77 78 79 80 
81 82 83 84 85 86 87 88 89 
90 3 4 5 6 7 8 9 10 
11 12 13 14 15 16 17 18 19 
20 21 22 23 24 25 26 27 28 
29 30 31 32 33 34 35 36 37 
38 39 40 41 42 43 44 45 46 
47 48 49 50 51 52 53 54 55 
56 57 58 59 60 61 62 63 64 
65 66 67 68 69 70 71 72 73 
74 75 76 77 78 79 80 81 82 
83 84 85 86 87 88 2 3 4 
5 6 7 8 9 10 11 12 13 
14 15 16 17 18 19 20 21 22 
23 24 25 26 27 28 29 30 31 
32 33 34 35 36 37 38 39 40 
41 42 43 44 45 46 47 48 49 
50 51 52 53 54 55 56 57 58 
59 60 61 62 63 64 65 66 67 
68 69 70 71 72 73 74 75 76 
77 78 79 80 81 82 83 84 85 
86 87 88 89 90 91 92 93 94 
2 3 4 5 6 7 8 9 10 
11 12 13 14 15 16 17 18 19 
20 21 22 23 24 25 26 27 28 
29 30 31 32 33 34 35 36 37 
38 39 40 41 42 43 44 45 46 
47 48 49 50 51 52 53 54 55 
56 57 58 59 60 61 62 63 64 
65 66 67 68 69 70 71 72 73 
74 75 76 77 78 79 80 81 82 
83 84 85 86 87 2 3 4 5 
6 7 8 9 10 11 12 13 14 
15 16 17 18 19 20 21 22 23 
24 25 26 27 28 29 30 31 32 
33 34 35 36 37 38 39 40 41 
42 43 44 45 46 47 48 49 50 
51 52 53 54 55 56 57 58 59 
60 61 62 63 64 65 66 67 68 
69 70 71 72 73 74 75 76 77 
78 79 80 81 82 83 84 85 86 
87 88 89 90 91 92 93 11 12 
13 14 15 16 17 18 19 20 21 
22 23 24 25 26 27 28 29 30 
31 32 33 34 35 36 37 38 39 
40 41 42 43 44 45 46 47 48 
49 50 51 52 53 54 55 56 57 
58 59 60 61 62 63 64 65 66 
67 68 69 70 71 72 73 74 75 
76 77 78 79 80 81 82 83 84 
85 86 87 88 89 90 91 92 3 
4 5 6 7 8 9 10 11 12 
13 14 15 16 17 18 19 20 21 
22 23 24 25 26 27 28 29 30 
31 32 33 34 35 36 37 38 39 
40 41 42 43 44 45 46 47 48 
49 50 51 52 53 54 55 56 57 
58 59 60 61 62 63 64 65 66 
67 68 69 70 71 72 73 74 75 
76 77 78 79 80 81 82 83 84 
85 86 87 88 89 90 91 92 93 
2 3 4 5 6 7 8 9 10 
11 12 13 14 15 16 17 18 19 
20 21 22 23 24 25 26 27 28 
29 30 31 32 33 34 35 36 37 
38 39 40 41 42 43 44 45 46 
47 48 49 50 51 52 53 54 55 
56 57 58 59 60 61 62 63 64 
65 66 67 68 69 70 71 72 73 
74 75 76 77 78 79 80 81 82 
83 84 85 86 87 13 14 15 16 
17 18 19 20 21 22 23 24 25 
26 27 28 29 30 31 32 33 34 
35 36 37 38 39 40 41 42 43 
44 45 46 47 48 49 50 51 52 
53 54 55 56 57 58 59 60 61 
62 63 64 65 66 67 68 69 70 
71 72 73 74 75 76 77 78 79 
80 81 82 83 84 85 86 87 88 
89 90 91 92 93 2 3 4 5 
6 7 8 9 10 11 12 13 14 
15 16 17 18 19 20 21 22 23 
24 25 26 27 28 29 30 31 32 
33 34 35 36 37 38 39 40 41 
42 43 44 45 46 47 48 49 50 
51 52 53 54 55 56 57 58 59 
60 61 62 63 64 65 66 67 68 
69 70 71 72 73 74 75 76 77 
78 79 80 81 82 83 84 85 86 
87 88 89 90 91 92 93 3 4 
5 6 7 8 9 10 11 12 13 
14 15 16 17 18 19 20 21 22 
23 24 25 26 27 28 29 30 31 
32 33 34 35 36 37 38 39 40 
41 42 43 44 45 46 47 48 49 
50 51 52 53 54 55 56 57 58 
59 60 61 62 63 64 65 66 67 
68 69 70 71 72 73 74 75 76 
77 78 79 80 81 82 83 84 85 
86 87 88 11 12 13 14 15 16 
17 18 19 20 21 22 23 24 25 
26 27 28 29 30 31 32 33 34 
35 36 37 38 39 40 41 42 43 
44 45 46 47 48 49 50 51 52 
53 54 55 56 57 58 59 60 61 
62 63 64 65 66 67 68 69 70 
71 72 73 74 75 76 77 78 79 
80 81 82 83 84 85 86 87 88 
89 90 91 92 2 3 4 5 6 
7 8 9 10 11 12 13 14 15 
16 17 18 19 20 21 22 23 24 
25 26 27 28 29 30 31 32 33 
34 35 36 37 38 39 40 41 42 
43 44 45 46 47 48 49 50 51 
52 53 54 55 56 57 58 59 60 
61 62 63 64 65 66 67 68 69 
70 71 72 73 74 75 76 77 78 
79 80 81 82 83 84 85 86 87 
88 89 2 3 4 5 6 7 8 
9 10 11 12 13 14 15 16 17 
18 19 20 21 22 23 24 25 26 
27 28 29 30 31 32 33 34 35 
36 37 38 39 40 41 42 43 44 
45 46 47 48 49 50 51 52 53 
54 55 56 57 58 59 60 61 62 
63 64 65 66 67 68 69 70 71 
72 73 74 75 76 77 78 79 80 
81 82 83 84 85 86 87 88 89 
90 12 13 14 15 16 17 18 19 
20 21 22 23 24 25 26 27 28 
29 30 31 32 33 34 35 36 37 
38 39 40 41 42 43 44 45 46 
47 48 49 50 51 52 53 54 55 
56 57 58 59 60 61 62 63 64 
65 66 67 68 69 70 71 72 73 
74 75 76 77 78 79 80 81 82 
83 84 85 86 87 88 89 90 91 
2 3 4 5 6 7 8 9 10 
11 12 13 14 15 16 17 18 19 
20 21 22 23 24 25 26 27 28 
29 30 31 32 33 34 35 36 37 
38 39 40 41 42 43 44 45 46 
47 48 49 50 51 52 53 54 55 
56 57 58 59 60 61 62 63 64 
65 66 67 68 69 70 71 72 73 
74 75 76 77 78 79 80 81 82 
83 84 85 86 87 88 89 90 91 
92 93 2 3 4 5 6 7 8 
9 10 11 12 13 14 15 16 17 
18 19 20 21 22 23 24 25 26 
27 28 29 30 31 32 33 34 35 
36 37 38 39 40 41 42 43 44 
45 46 47 49 50 51 52 53 54 
55 56 57 58 59 60 61 62 63 
64 65 66 67 68 69 70 71 72 
73 74 75 76 77 78 79 80 81 
82 83 84 85 86 87 88 89 90 
91 3 4 5 6 7 8 9 10 
11 12 13 14 15 16 17 18 19 
20 21 22 23 24 25 26 27 28 
29 30 31 32 33 34 35 36 37 
38 39 40 41 42 43 44 45 46 
47 48 49 50 51 52 53 54 55 
56 57 58 59 60 61 62 63 64 
65 66 67 68 69 70 71 72 73 
74 75 76 77 78 79 80 81 82 
83 84 85 86 87 88 89 90 3 
4 5 6 7 8 9 10 11 12 
13 14 15 16 17 18 19 20 21 
22 23 24 25 26 27 28 29 30 
31 32 33 34 35 36 37 38 39 
40 41 42 43 44 45 46 47 48 
49 50 51 52 53 54 55 56 57 
58 59 60 61 62 63 64 65 66 
67 68 69 70 71 72 73 74 75 
76 77 78 79 80 81 82 83 84 
85 86 87 3 4 5 6 7 8 
9 10 11 12 13 14 15 16 17 
18 19 20 21 22 23 24 25 26 
27 28 29 30 31 32 33 34 35 
36 37 38 39 40 41 42 43 44 
45 46 47 48 49 50 51 52 53 
54 55 56 57 58 59 60 61 62 
63 64 65 66 67 68 69 70 71 
72 73 74 75 76 77 78 79 80 
81 82 83 84 85 86 87 88 89 
90 12 13 14 15 16 17 18 19 
20 21 22 23 24 25 26 27 28 
29 30 31 32 33 34 35 36 37 
38 39 40 41 42 43 44 45 46 
47 48 49 50 51 52 53 54 55 
56 57 58 59 60 61 62 63 64 
65 66 67 68 69 70 71 72 73 
74 75 76 77 78 79 80 81 82 
83 84 85 86 87 88 89 90 91 
92 93 3 4 5 6 7 8 9 
10 11 12 13 14 15 16 17 18 
19 20 21 22 23 24 25 26 27 
28 29 30 31 32 33 34 35 36 
37 38 39 40 41 42 43 44 45 
46 47 48 49 50 51 52 53 54 
55 56 57 58 59 60 61 62 63 
64 65 66 67 68 69 70 71 72 
73 74 75 76 77 78 79 80 81 
82 83 84 85 86 87 88 89 90 
91 92 93 13 14 15 16 17 18 
19 20 21 22 23 24 25 26 27 
28 29 30 31 32 33 34 35 36 
37 38 39 40 41 42 43 44 45 
46 47 48 49 50 51 52 53 54 
55 56 57 58 59 60 61 62 63 
64 65 66 67 68 69 70 71 72 
73 74 75 76 77 78 79 80 81 
82 83 84 85 86 87 88 89 90 
91 92 93 94 2 3 4 5 6 
7 8 9 10 11 12 13 14 15 
16 17 18 19 20 21 22 23 24 
25 26 27 28 29 30 31 32 33 
34 35 36 37 38 39 40 41 42 
43 44 45 46 47 48 49 50 51 
52 53 54 55 56 57 58 59 60 
61 62 63 64 65 66 67 68 69 
70 71 72 73 74 75 76 77 78 
79 80 81 82 83 84 85 86 87 
88 89 90 91 92 93 94 2 3 
4 5 6 7 8 9 10 11 12 
13 14 15 16 17 18 19 20 21 
22 23 24 25 26 27 28 29 30 
31 32 33 34 35 36 37 38 39 
40 41 42 43 44 45 46 47 48 
49 50 51 52 53 54 55 56 57 
58 59 60 61 62 63 64 65 66 
67 68 69 70 71 72 73 74 75 
76 77 78 79 80 81 82 83 84 
85 86 87 88 89 3 4 5 6 
7 8 9 10 11 12 13 14 15 
16 17 18 19 20 21 22 23 24 
25 26 27 28 29 30 31 32 33 
34 35 36 37 38 39 40 41 42 
43 44 45 46 47 48 49 50 51 
52 53 54 55 56 57 58 59 60 
61 62 63 64 65 66 67 68 69 
70 71 72 73 74 75 76 77 78 
79 80 81 82 83 84 85 86 87 
88 89 90 91 92 2 3 4 5 
6 7 8 9 10 11 12 13 14 
15 16 17 18 19 20 21 22 23 
24 25 26 27 28 29 30 31 32 
33 34 35 36 37 38 39 40 41 
42 43 44 45 46 47 48 49 50 
51 52 53 54 55 56 57 58 59 
60 61 62 63 64 65 66 67 68 
69 70 71 72 73 74 75 76 77 
78 79 80 81 82 83 84 85 86 
87 88 89 90 91 92 12 13 14 
15 16 17 18 19 20 21 22 23 
24 25 26 27 28 29 30 31 32 
33 34 35 36 37 38 39 40 41 
42 43 44 45 46 47 48 49 50 
51 52 53 54 55 56 57 58 59 
60 61 62 63 64 65 66 67 68 
69 70 71 72 73 74 75 76 77 
78 79 80 81 82 83 84 85 86 
87 88 89 90 91 92 93 94 2 
3 4 5 6 7 8 9 10 11 
12 13 14 15 16 17 18 19 20 
21 22 23 24 25 26 27 28 29 
30 31 32 33 34 35 36 37 38 
39 40 41 42 43 44 45 46 47 
48 49 50 51 52 53 54 55 56 
57 58 59 60 61 62 63 64 65 
66 67 68 69 70 71 72 73 74 
75 76 77 78 79 80 81 82 83 
84 85 86 87 88 89 90 91 2 
3 4 5 6 7 8 9 10 11 
12 13 14 15 16 17 18 19 20 
21 22 23 24 25 26 27 28 29 
30 31 32 33 34 35 36 37 38 
39 40 41 42 43 44 45 46 47 
48 49 50 51 52 53 54 55 56 
57 58 59 60 61 62 63 64 65 
66 67 68 69 70 71 72 73 74 
75 76 77 78 79 80 81 82 83 
84 85 86 87 88 89 90 91 92 
93 94 2 3 4 5 6 7 8 
9 10 11 12 13 14 15 16 17 
18 19 20 21 22 23 24 25 26 
27 28 29 30 31 32 33 34 35 
36 37 38 39 40 41 42 43 44 
45 46 47 48 49 50 51 52 53 
54 55 56 57 58 59 60 61 62 
63 64 65 66 67 68 69 70 71 
72 73 74 75 76 77 78 79 80 
81 82 83 84 85 86 87 88 2 
3 4 5 6 7 8 9 10 11 
12 13 14 15 16 17 18 19 20 
21 22 23 24 25 26 27 28 29 
30 31 32 33 34 35 36 37 38 
39 40 41 42 43 44 45 46 47 
48 49 50 51 52 53 54 55 56 
57 58 59 60 61 62 63 64 65 
66 67 68 69 70 71 72 73 74 
75 76 77 78 79 80 81 82 83 
84 85 86 87 88 89 90 91 92 
93 94 12 13 14 15 16 17 18 
19 20 21 22 23 24 25 26 27 
28 29 30 31 32 33 34 35 36 
37 38 39 40 41 42 43 44 45 
46 47 48 49 50 51 52 53 54 
55 56 57 58 59 60 61 62 63 
64 65 66 67 68 69 70 71 72 
73 74 75 76 77 78 79 80 81 
82 83 84 85 86 87 88 89 90 
91 92 93 94 3 4 5 6 7 
8 9 10 11 12 13 14 15 16 
17 18 19 20 21 22 23 24 25 
26 27 28 29 30 31 32 33 34 
35 36 37 38 39 40 41 42 43 
44 45 46 47 48 49 50 51 52 
53 54 55 56 57 58 59 60 61 
62 63 64 65 66 67 68 69 70 
71 72 73 74 75 76 77 78 79 
80 81 82 83 84 85 86 87 88 
89 90 91 92 93 94 2 3 4 
5 6 7 8 9 10 11 12 13 
14 15 16 17 18 19 20 21 22 
23 24 25 26 27 28 29 30 31 
32 33 34 35 36 37 38 39 40 
41 42 43 44 45 46 47 48 49 
50 51 52 53 54 55 56 57 58 
59 60 61 62 63 64 65 66 67 
68 69 70 71 72 73 74 75 76 
77 78 79 80 81 82 83 84 85 
86 87 88 89 90 91 92 93 2 
3 4 5 6 7 8 9 10 11 
12 13 14 15 16 17 18 19 20 
21 22 23 24 25 26 27 28 29 
30 31 32 33 34 35 36 37 38 
39 40 41 42 43 44 45 46 47 
48 49 50 51 52 53 54 55 56 
57 58 59 60 61 62 63 64 65 
66 67 68 69 70 71 72 73 74 
75 76 77 78 79 80 81 82 83 
84 85 86 87 88 2 3 4 5 
6 7 8 9 10 11 12 13 14 
15 16 17 18 19 20 21 22 23 
24 25 26 27 28 29 30 31 32 
33 34 35 36 37 38 39 40 41 
42 43 44 45 46 47 48 49 50 
51 52 53 54 55 56 57 58 59 
60 61 62 63 64 65 66 67 68 
69 70 71 72 73 74 75 76 77 
78 79 80 81 82 83 84 85 86 
87 88 89 90 91 92 12 13 14 
15 16 17 18 19 20 21 22 23 
24 25 26 27 28 29 30 31 32 
33 34 35 36 37 38 39 40 41 
42 43 44 45 46 47 48 49 50 
51 52 53 54 55 56 57 58 59 
60 61 62 63 64 65 66 67 68 
69 70 71 72 73 74 75 76 77 
78 79 80 81 82 83 84 85 86 
87 88 89 90 91 92 93 94 12 
13 14 15 16 17 18 19 20 21 
22 23 24 25 26 27 28 29 30 
31 32 33 34 35 36 37 38 39 
40 41 42 43 44 45 46 47 48 
49 50 51 52 53 54 55 56 57 
58 59 60 61 62 63 64 65 66 
67 68 69 70 71 72 73 74 75 
76 77 78 79 80 81 82 83 84 
85 86 87 88 89 90 91 92 93 
94 11 12 13 14 15 16 17 18 
19 20 21 22 23 24 25 26 27 
28 29 30 31 32 33 34 35 36 
37 38 39 40 41 42 43 44 45 
46 47 49 50 51 52 53 54 55 
56 57 58 59 60 61 62 63 64 
65 66 67 68 69 70 71 72 73 
74 75 76 77 78 79 80 81 82 
83 84 85 86 87 88 89 90 91 
92 2 3 4 5 6 7 8 9 
10 11 12 13 14 15 16 17 18 
19 20 21 22 23 24 25 26 27 
28 29 30 31 32 33 34 35 36 
37 38 39 40 41 42 43 44 45 
46 47 48 49 50 51 52 53 54 
55 56 57 58 59 60 61 62 63 
64 65 66 67 68 69 70 71 72 
73 74 75 76 77 78 79 80 81 
82 83 84 85 86 87 88 2 3 
4 5 6 7 8 9 10 11 12 
13 14 15 16 17 18 19 20 21 
22 23 24 25 26 27 28 29 30 
31 32 33 34 35 36 37 38 39 
40 41 42 43 44 45 46 47 48 
49 50 51 52 53 54 55 56 57 
58 59 60 61 62 63 64 65 66 
67 68 69 70 71 72 73 74 75 
76 77 78 79 80 81 82 83 84 
85 86 87 88 89 90 91 92 93 
2 3 4 5 6 7 8 9 10 
11 12 13 14 15 16 17 18 19 
20 21 22 23 24 25 26 27 28 
29 30 31 32 33 34 35 36 37 
38 39 40 41 42 43 44 45 46 
47 48 49 50 51 52 53 54 55 
56 57 58 59 60 61 62 63 64 
65 66 67 68 69 70 71 72 73 
74 75 76 77 78 79 80 81 82 
83 84 85 86 87 88 89 90 91 
92 93 3 4 5 6 7 8 9 
10 11 12 13 14 15 16 17 18 
19 20 21 22 23 24 25 26 27 
28 29 30 31 32 33 34 35 36 
37 38 39 40 41 42 43 44 45 
46 47 48 49 50 51 52 53 54 
55 56 57 58 59 60 61 62 63 
64 65 66 67 68 69 70 71 72 
73 74 75 76 77 78 79 80 81 
82 83 84 85 86 87 88 89 90 
2 3 4 5 6 7 8 9 10 
11 12 13 14 15 16 17 18 19 
20 21 22 23 24 25 26 27 28 
29 30 31 32 33 34 35 36 37 
38 39 40 41 42 43 44 45 46 
47 48 49 50 51 52 53 54 55 
56 57 58 59 60 61 62 63 64 
65 66 67 68 69 70 71 72 73 
74 75 76 77 78 79 80 81 82 
83 84 85 86 87 88 89 90 91 
92 93 94 3 4 5 6 7 8 
9 10 11 12 13 14 15 16 17 
18 19 20 21 22 23 24 25 26 
27 28 29 30 31 32 33 34 35 
36 37 38 39 40 41 42 43 44 
45 46 47 48 49 50 51 52 53 
54 55 56 57 58 59 60 61 62 
63 64 65 66 67 68 69 70 71 
72 73 74 75 76 77 78 79 80 
81 82 83 84 85 86 87 88 89 
2 3 4 5 6 7 8 9 10 
11 12 13 14 15 16 17 18 19 
20 21 22 23 24 25 26 27 28 
29 30 31 32 33 34 35 36 37 
38 39 40 41 42 43 44 45 46 
47 48 49 50 51 52 53 54 55 
56 57 58 59 60 61 62 63 64 
65 66 67 68 69 70 71 72 73 
74 75 76 77 78 79 80 81 82 
83 84 85 86 87 88 89 90 91 
92 93 94 3 4 5 6 7 8 
9 10 11 12 13 14 15 16 17 
18 19 20 21 22 23 24 25 26 
27 28 29 30 31 32 33 34 35 
36 37 38 39 40 41 42 43 44 
45 46 47 48 49 50 51 52 53 
54 55 56 57 58 59 60 61 62 
63 64 65 66 67 68 69 70 71 
72 73 74 75 76 77 78 79 80 
81 82 83 84 85 86 87 88 2 
3 4 5 6 7 8 9 10 11 
12 13 14 15 16 17 18 19 20 
21 22 23 24 25 26 27 28 29 
30 31 32 33 34 35 36 37 38 
39 40 41 42 43 44 45 46 47 
48 49 50 51 52 53 54 55 56 
57 58 59 60 61 62 63 64 65 
66 67 68 69 70 71 72 73 74 
75 76 77 78 79 80 81 82 83 
84 85 86 87 88 89 90 91 92 
93 3 4 5 6 7 8 9 10 
11 12 13 14 15 16 17 18 19 
20 21 22 23 24 25 26 27 28 
29 30 31 32 33 34 35 36 37 
38 39 40 41 42 43 44 45 46 
47 48 49 50 51 52 53 54 55 
56 57 58 59 60 61 62 63 64 
65 66 67 68 69 70 71 72 73 
74 75 76 77 78 79 80 81 82 
83 84 85 86 87 88 89 90 91 
92 2 3 4 5 6 7 8 9 
10 11 12 13 14 15 16 17 18 
19 20 21 22 23 24 25 26 27 
28 29 30 31 32 33 34 35 36 
37 38 39 40 41 42 43 44 45 
46 47 48 49 50 51 52 53 54 
55 56 57 58 59 60 61 62 63 
64 65 66 67 68 69 70 71 72 
73 74 75 76 77 78 79 80 81 
82 83 84 85 86 87 88 89 90 
91 92 93 2 3 4 5 6 7 
8 9 10 11 12 13 14 15 16 
17 18 19 20 21 22 23 24 25 
26 27 28 29 30 31 32 33 34 
35 36 37 38 39 40 41 42 43 
44 45 46 47 48 49 50 51 52 
53 54 55 56 57 58 59 60 61 
62 63 64 65 66 67 68 69 70 
71 72 73 74 75 76 77 78 79 
80 81 82 83 84 85 86 87 88 
89 90 91 92 93 2 3 4 5 
6 7 8 9 10 11 12 13 14 
15 16 17 18 19 20 21 22 23 
24 25 26 27 28 29 30 31 32 
33 34 35 36 37 38 39 40 41 
42 43 44 45 46 47 48 49 50 
51 52 53 54 55 56 57 58 59 
60 61 62 63 64 65 66 67 68 
69 70 71 72 73 74 75 76 77 
78 79 80 81 82 83 84 85 86 
87 88 13 14 15 16 17 18 19 
20 21 22 23 24 25 26 27 28 
29 30 31 32 33 34 35 36 37 
38 39 40 41 42 43 44 45 46 
47 48 49 50 51 52 53 54 55 
56 57 58 59 60 61 62 63 64 
65 66 67 68 69 70 71 72 73 
74 75 76 77 78 79 80 81 82 
83 84 85 86 87 88 89 90 91 
92 93 94 2 3 4 5 6 7 
8 9 10 11 12 13 14 15 16 
17 18 19 20 21 22 23 24 25 
26 27 28 29 30 31 32 33 34 
35 36 37 38 39 40 41 42 43 
44 45 46 47 48 49 50 51 52 
53 54 55 56 57 58 59 60 61 
62 63 64 65 66 67 68 69 70 
71 72 73 74 75 76 77 78 79 
80 81 82 83 84 85 86 87 88 
89 90 3 4 5 6 7 8 9 
10 11 12 13 14 15 16 17 18 
19 20 21 22 23 24 25 26 27 
28 29 30 31 32 33 34 35 36 
37 38 39 40 41 42 43 44 45 
46 47 48 49 50 51 52 53 54 
55 56 57 58 59 60 61 62 63 
64 65 66 67 68 69 70 71 72 
73 74 75 76 77 78 79 80 81 
82 83 84 85 86 87 88 89 90 
91 92 93 2 3 4 5 6 7 
8 9 10 11 12 13 14 15 16 
17 18 19 20 21 22 23 24 25 
26 27 28 29 30 31 32 33 34 
35 36 37 38 39 40 41 42 43 
44 45 46 47 48 49 50 51 52 
53 54 55 56 57 58 59 60 61 
62 63 64 65 66 67 68 69 70 
71 72 73 74 75 76 77 78 79 
80 81 82 83 84 85 86 87 88 
2 3 4 5 6 7 8 9 10 
11 12 13 14 15 16 17 18 19 
20 21 22 23 24 25 26 27 28 
29 30 31 32 33 34 35 36 37 
38 39 40 41 42 43 44 45 46 
47 48 49 50 51 52 53 54 55 
56 57 58 59 60 61 62 63 64 
65 66 67 68 69 70 71 72 73 
74 75 76 77 78 79 80 81 82 
83 84 85 86 87 88 89 3 4 
5 6 7 8 9 10 11 12 13 
14 15 16 17 18 19 20 21 22 
23 24 25 26 27 28 29 30 31 
32 33 34 35 36 37 38 39 40 
41 42 43 44 45 46 47 48 49 
50 51 52 53 54 55 56 57 58 
59 60 61 62 63 64 65 66 67 
68 69 70 71 72 73 74 75 76 
77 78 79 80 81 82 83 84 85 
86 87 88 89 90 91 92 93 2 
3 4 5 6 7 8 9 10 11 
12 13 14 15 16 17 18 19 20 
21 22 23 24 25 26 27 28 29 
30 31 32 33 34 35 36 37 38 
39 40 41 42 43 44 45 46 47 
48 49 50 51 52 53 54 55 56 
57 58 59 60 61 62 63 64 65 
66 67 68 69 70 71 72 73 74 
75 76 77 78 79 80 81 82 83 
84 85 86 87 88 89 90 91 92 
93 94 3 4 5 6 7 8 9 
10 11 12 13 14 15 16 17 18 
19 20 21 22 23 24 25 26 27 
28 29 30 31 32 33 34 35 36 
37 38 39 40 41 42 43 44 45 
46 47 48 49 50 51 52 53 54 
55 56 57 58 59 60 61 62 63 
64 65 66 67 68 69 70 71 72 
73 74 75 76 77 78 79 80 81 
82 83 84 85 86 87 88 89 90 
91 92 93 2 3 4 5 6 7 
8 9 10 11 12 13 14 15 16 
17 18 19 20 21 22 23 24 25 
26 27 28 29 30 31 32 33 34 
35 36 37 38 39 40 41 42 43 
44 45 46 47 48 49 50 51 52 
53 54 55 56 57 58 59 60 61 
62 63 64 65 66 67 68 69 70 
71 72 73 74 75 76 77 78 79 
80 81 82 83 84 85 86 87 88 
89 2 3 4 5 6 7 8 9 
10 11 12 13 14 15 16 17 18 
19 20 21 22 23 24 25 26 27 
28 29 30 31 32 33 34 35 36 
37 38 39 40 41 42 43 44 45 
46 47 48 49 50 51 52 53 54 
55 56 57 58 59 60 61 62 63 
64 65 66 67 68 69 70 71 72 
73 74 75 76 77 78 79 80 81 
82 83 84 85 86 87 88 89 90 
91 92 93 94 95 3 4 5 6 
7 8 9 10 11 12 13 14 15 
16 17 18 19 20 21 22 23 24 
25 26 27 28 29 30 31 32 33 
34 35 36 37 38 39 40 41 42 
43 44 45 46 47 48 49 50 51 
52 53 54 55 56 57 58 59 60 
61 62 63 64 65 66 67 68 69 
70 71 72 73 74 75 76 77 78 
79 80 81 82 83 84 85 86 87 
88 89 90 91 92 93 94 2 3 
4 5 6 7 8 9 10 11 12 
13 14 15 16 17 18 19 20 21 
22 23 24 25 26 27 28 29 30 
31 32 33 34 35 36 37 38 39 
40 41 42 43 44 45 46 47 48 
49 50 51 52 53 54 55 56 57 
58 59 60 61 62 63 64 65 66 
67 68 69 70 71 72 73 74 75 
76 77 78 79 80 81 82 83 84 
85 86 87 88 2 3 4 5 6 
7 8 9 10 11 12 13 14 15 
16 17 18 19 20 21 22 23 24 
25 26 27 28 29 30 31 32 33 
34 35 36 37 38 39 40 41 42 
43 44 45 46 47 48 49 50 51 
52 53 54 55 56 57 58 59 60 
61 62 63 64 65 66 67 68 69 
70 71 72 73 74 75 76 77 78 
79 80 81 82 83 84 85 86 87 
88 89 90 91 92 93 94 2 3 
4 5 6 7 8 9 10 11 12 
13 14 15 16 17 18 19 20 21 
22 23 24 25 26 27 28 29 30 
31 32 33 34 35 36 37 38 39 
40 41 42 43 44 45 46 47 48 
49 50 51 52 53 54 55 56 57 
58 59 60 61 62 63 64 65 66 
67 68 69 70 71 72 73 74 75 
76 77 78 79 80 81 82 83 84 
85 86 87 88 89 90 91 92 93 
94 2 3 4 5 6 7 8 9 
10 11 12 13 14 15 16 17 18 
19 20 21 22 23 24 25 26 27 
28 29 30 31 32 33 34 35 36 
37 38 39 40 41 42 43 44 45 
46 47 48 49 50 51 52 53 54 
55 56 57 58 59 60 61 62 63 
64 65 66 67 68 69 70 71 72 
73 74 75 76 77 78 79 80 81 
82 83 84 85 86 87 88 89 90 
91 92 93 2 3 4 5 6 7 
8 9 10 11 12 13 14 15 16 
17 18 19 20 21 22 23 24 25 
26 27 28 29 30 31 32 33 34 
35 36 37 38 39 40 41 42 43 
44 45 46 47 48 49 50 51 52 
53 54 55 56 57 58 59 60 61 
62 63 64 65 66 67 68 69 70 
71 72 73 74 75 76 77 78 79 
80 81 82 83 84 85 86 87 88 
89 2 3 4 5 6 7 8 9 
10 11 12 13 14 15 16 17 18 
19 20 21 22 23 24 25 26 27 
28 29 30 31 32 33 34 35 36 
37 38 39 40 41 42 43 44 45 
46 47 48 49 50 51 52 53 54 
55 56 57 58 59 60 61 62 63 
64 65 66 67 68 69 70 71 72 
73 74 75 76 77 78 79 80 81 
82 83 84 85 86 87 88 89 90 
91 92 93 2 3 4 5 6 7 
8 9 10 11 12 13 14 15 16 
17 18 19 20 21 22 23 24 25 
26 27 28 29 30 31 32 33 34 
35 36 37 38 39 40 41 42 43 
44 45 46 47 48 49 50 51 52 
53 54 55 56 57 58 59 60 61 
62 63 64 65 66 67 68 69 70 
71 72 73 74 75 76 77 78 79 
80 81 82 83 84 85 86 87 88 
89 90 91 92 93 2 3 4 5 
6 7 8 9 10 11 12 13 14 
15 16 17 18 19 20 21 22 23 
24 25 26 27 28 29 30 31 32 
33 34 35 36 37 38 39 40 41 
42 43 44 45 46 47 48 49 50 
51 52 53 54 55 56 57 58 59 
60 61 62 63 64 65 66 67 68 
69 70 71 72 73 74 75 76 77 
78 79 80 81 82 83 84 85 86 
87 88 89 90 13 14 15 16 17 
18 19 20 21 22 23 24 25 26 
27 28 29 30 31 32 33 34 35 
36 37 38 39 40 41 42 43 44 
45 46 47 48 49 50 51 52 53 
54 55 56 57 58 59 60 61 62 
63 64 65 66 67 68 69 70 71 
72 73 74 75 76 77 78 79 80 
81 82 83 84 85 86 87 88 89 
90 91 13 14 15 16 17 18 19 
20 21 22 23 24 25 26 27 28 
29 30 31 32 33 34 35 36 37 
38 39 40 41 42 43 44 45 46 
47 48 49 50 51 52 53 54 55 
56 57 58 59 60 61 62 63 64 
65 66 67 68 69 70 71 72 73 
74 75 76 77 78 79 80 81 82 
83 84 85 86 87 88 89 90 91 
92 93 94 3 4 5 6 7 8 
9 10 11 12 13 14 15 16 17 
18 19 20 21 22 23 24 25 26 
27 28 29 30 31 32 33 34 35 
36 37 38 39 40 41 42 43 44 
45 46 47 48 49 50 51 52 53 
54 55 56 57 58 59 60 61 62 
63 64 65 66 67 68 69 70 71 
72 73 74 75 76 77 78 79 80 
81 82 83 84 85 86 87 88 89 
90 91 92 93 94 12 13 14 15 
16 17 18 19 20 21 22 23 24 
25 26 27 28 29 30 31 32 33 
34 35 36 37 38 39 40 41 42 
43 44 45 46 47 48 49 50 51 
52 53 54 55 56 57 58 59 60 
61 62 63 64 65 66 67 68 69 
70 71 72 73 74 75 76 77 78 
79 80 81 82 83 84 85 86 87 
88 89 90 91 92 93 94 3 4 
5 6 7 8 9 10 11 12 13 
14 15 16 17 18 19 20 21 22 
23 24 25 26 27 28 29 30 31 
32 33 34 35 36 37 38 39 40 
41 42 43 44 45 46 47 48 49 
50 51 52 53 54 55 56 57 58 
59 60 61 62 63 64 65 66 67 
68 69 70 71 72 73 74 75 76 
77 78 79 80 81 82 83 84 85 
86 87 88 89 2 3 4 5 6 
7 8 9 10 11 12 13 14 15 
16 17 18 19 20 21 22 23 24 
25 26 27 28 29 30 31 32 33 
34 35 36 37 38 39 40 41 42 
43 44 45 46 47 48 49 50 51 
52 53 54 55 56 57 58 59 60 
61 62 63 64 65 66 67 68 69 
70 71 72 73 74 75 76 77 78 
79 80 81 82 83 84 85 86 87 
88 89 90 91 92 93 3 4 5 
6 7 8 9 10 11 12 13 14 
15 16 17 18 19 20 21 22 23 
24 25 26 27 28 29 30 31 32 
33 34 35 36 37 38 39 40 41 
42 43 44 45 46 47 48 49 50 
51 52 53 54 55 56 57 58 59 
60 61 62 63 64 65 66 67 68 
69 70 71 72 73 74 75 76 77 
78 79 80 81 82 83 84 85 86 
87 88 89 90 91 92 93 3 4 
5 6 7 8 9 10 11 12 13 
14 15 16 17 18 19 20 21 22 
23 24 25 26 27 28 29 30 31 
32 33 34 35 36 37 38 39 40 
41 42 43 44 45 46 47 48 49 
50 51 52 53 54 55 56 57 58 
59 60 61 62 63 64 65 66 67 
68 69 70 71 72 73 74 75 76 
77 78 79 80 81 82 83 84 85 
86 87 88 3 4 5 6 7 8 
9 10 11 12 13 14 15 16 17 
18 19 20 21 22 23 24 25 26 
27 28 29 30 31 32 33 34 35 
36 37 38 39 40 41 42 43 44 
45 46 47 48 49 50 51 52 53 
54 55 56 57 58 59 60 61 62 
63 64 65 66 67 68 69 70 71 
72 73 74 75 76 77 78 79 80 
81 82 83 84 85 86 87 88 11 
12 13 14 15 16 17 18 19 20 
21 22 23 24 25 26 27 28 29 
30 31 32 33 34 35 36 37 38 
39 40 41 42 43 44 45 46 47 
48 49 50 51 52 53 54 55 56 
57 58 59 60 61 62 63 64 65 
66 67 68 69 70 71 72 73 74 
75 76 77 78 79 80 81 82 83 
84 85 86 87 88 89 90 91 92 
93 94 2 3 4 5 6 7 8 
9 10 11 12 13 14 15 16 17 
18 19 20 21 22 23 24 25 26 
27 28 29 30 31 32 33 34 35 
36 37 38 39 40 41 42 43 44 
45 46 47 48 49 50 51 52 53 
54 55 56 57 58 59 60 61 62 
63 64 65 66 67 68 69 70 71 
72 73 74 75 76 77 78 79 80 
81 82 83 84 85 86 87 88 89 
3 4 5 6 7 8 9 10 11 
12 13 14 15 16 17 18 19 20 
21 22 23 24 25 26 27 28 29 
30 31 32 33 34 35 36 37 38 
39 40 41 42 43 44 45 46 47 
48 49 50 51 52 53 54 55 56 
57 58 59 60 61 62 63 64 65 
66 67 68 69 70 71 72 73 74 
75 76 77 78 79 80 81 82 83 
84 85 86 87 88 89 90 91 92 
93 2 3 4 5 6 7 8 9 
10 11 12 13 14 15 16 17 18 
19 20 21 22 23 24 25 26 27 
28 29 30 31 32 33 34 35 36 
37 38 39 40 41 42 43 44 45 
46 47 48 49 50 51 52 53 54 
55 56 57 58 59 60 61 62 63 
64 65 66 67 68 69 70 71 72 
73 74 75 76 77 78 79 80 81 
82 83 84 85 86 87 88 89 90 
3 4 5 6 7 8 9 10 11 
12 13 14 15 16 17 18 19 20 
21 22 23 24 25 26 27 28 29 
30 31 32 33 34 35 36 37 38 
39 40 41 42 43 44 45 46 47 
48 49 50 51 52 53 54 55 56 
57 58 59 60 61 62 63 64 65 
66 67 68 69 70 71 72 73 74 
75 76 77 78 79 80 81 82 83 
84 85 86 87 88 89 90 91 92 
93 2 3 4 5 6 7 8 9 
10 11 12 13 14 15 16 17 18 
19 20 21 22 23 24 25 26 27 
28 29 30 31 32 33 34 35 36 
37 38 39 40 41 42 43 44 45 
46 47 48 49 50 51 52 53 54 
55 56 57 58 59 60 61 62 63 
64 65 66 67 68 69 70 71 72 
73 74 75 76 77 78 79 80 81 
82 83 84 85 86 87 88 89 90 
91 92 93 94 2 3 4 5 6 
7 8 9 10 11 12 13 14 15 
16 17 18 19 20 21 22 23 24 
25 26 27 28 29 30 31 32 33 
34 35 36 37 38 39 40 41 42 
43 44 45 46 47 48 49 50 51 
52 53 54 55 56 57 58 59 60 
61 62 63 64 65 66 67 68 69 
70 71 72 73 74 75 76 77 78 
79 80 81 82 83 84 85 86 87 
88 89 2 3 4 5 6 7 8 
9 10 11 12 13 14 15 16 17 
18 19 20 21 22 23 24 25 26 
27 28 29 30 31 32 33 34 35 
36 37 38 39 40 41 42 43 44 
45 46 47 48 49 50 51 52 53 
54 55 56 57 58 59 60 61 62 
63 64 65 66 67 68 69 70 71 
72 73 74 75 76 77 78 79 80 
81 82 83 84 85 86 87 88 89 
90 91 92 93 94 11 12 13 14 
15 16 17 18 19 20 21 22 23 
24 25 26 27 28 29 30 31 32 
33 34 35 36 37 38 39 40 41 
42 43 44 45 46 47 48 49 50 
51 52 53 54 55 56 57 58 59 
60 61 62 63 64 65 66 67 68 
69 70 71 72 73 74 75 76 77 
78 79 80 81 82 83 84 85 86 
87 88 89 1 2 3 4 5 6 
7 8 9 10 11 12 13 14 15 
16 17 18 19 20 21 22 23 24 
25 26 27 28 29 30 31 32 33 
34 35 36 37 38 39 40 41 42 
43 44 45 46 47 49 50 51 52 
53 54 55 56 57 58 59 60 61 
62 63 64 65 66 67 68 69 70 
71 72 73 74 75 76 77 78 79 
80 81 82 83 84 85 86 87 88 
89 90 91 92 2 3 4 5 6 
7 8 9 10 11 12 13 14 15 
16 17 18 19 20 21 22 23 24 
25 26 27 28 29 30 31 32 33 
34 35 36 37 38 39 40 41 42 
43 44 45 46 47 48 49 50 51 
52 53 54 55 56 57 58 59 60 
61 62 63 64 65 66 67 68 69 
70 71 72 73 74 75 76 77 78 
79 80 81 82 83 84 85 86 87 
88 89 90 91 92 2 3 4 5 
6 7 8 9 10 11 12 13 14 
15 16 17 18 19 20 21 22 23 
24 25 26 27 28 29 30 31 32 
33 34 35 36 37 38 39 40 41 
42 43 44 45 46 47 48 49 50 
51 52 53 54 55 56 57 58 59 
60 61 62 63 64 65 66 67 68 
69 70 71 72 73 74 75 76 77 
78 79 80 81 82 83 84 85 86 
87 88 2 3 4 5 6 7 8 
9 10 11 12 13 14 15 16 17 
18 19 20 21 22 23 24 25 26 
27 28 29 30 31 32 33 34 35 
36 37 38 39 40 41 42 43 44 
45 46 47 48 49 50 51 52 53 
54 55 56 57 58 59 60 61 62 
63 64 65 66 67 68 69 70 71 
72 73 74 75 76 77 78 79 80 
81 82 83 84 85 86 87 88 89 
90 91 92 93 94 3 4 5 6 
7 8 9 10 11 12 13 14 15 
16 17 18 19 20 21 22 23 24 
25 26 27 28 29 30 31 32 33 
34 35 36 37 38 39 40 41 42 
43 44 45 46 47 48 49 50 51 
52 53 54 55 56 57 58 59 60 
61 62 63 64 65 66 67 68 69 
70 71 72 73 74 75 76 77 78 
79 80 81 82 83 84 85 86 87 
88 2 3 4 5 6 7 8 9 
10 11 12 13 14 15 16 17 18 
19 20 21 22 23 24 25 26 27 
28 29 30 31 32 33 34 35 36 
37 38 39 40 41 42 43 44 45 
46 47 48 49 50 51 52 53 54 
55 56 57 58 59 60 61 62 63 
64 65 66 67 68 69 70 71 72 
73 74 75 76 77 78 79 80 81 
82 83 84 85 86 87 88 89 90 
91 92 93 2 3 4 5 6 7 
8 9 10 11 12 13 14 15 16 
17 18 19 20 21 22 23 24 25 
26 27 28 29 30 31 32 33 34 
35 36 37 38 39 40 41 42 43 
44 45 46 47 48 49 50 51 52 
53 54 55 56 57 58 59 60 61 
62 63 64 65 66 67 68 69 70 
71 72 73 74 75 76 77 78 79 
80 81 82 83 84 85 86 87 88 
89 90 91 92 93 2 3 4 5 
6 7 8 9 10 11 12 13 14 
15 16 17 18 19 20 21 22 23 
24 25 26 27 28 29 30 31 32 
33 34 35 36 37 38 39 40 41 
42 43 44 45 46 47 49 50 51 
52 53 54 55 56 57 58 59 60 
61 62 63 64 65 66 67 68 69 
70 71 72 73 74 75 76 77 78 
79 80 81 82 83 84 85 86 87 
88 89 90 91 92 2 3 4 5 
6 7 8 9 10 11 12 13 14 
15 16 17 18 19 20 21 22 23 
24 25 26 27 28 29 30 31 32 
33 34 35 36 37 38 39 40 41 
42 43 44 45 46 47 48 49 50 
51 52 53 54 55 56 57 58 59 
60 61 62 63 64 65 66 67 68 
69 70 71 72 73 74 75 76 77 
78 79 80 81 82 83 84 85 86 
87 88 89 2 3 4 5 6 7 
8 9 10 11 12 13 14 15 16 
17 18 19 20 21 22 23 24 25 
26 27 28 29 30 31 32 33 34 
35 36 37 38 39 40 41 42 43 
44 45 46 47 48 49 50 51 52 
53 54 55 56 57 58 59 60 61 
62 63 64 65 66 67 68 69 70 
71 72 73 74 75 76 77 78 79 
80 81 82 83 84 85 86 87 88 
89 90 91 2 3 4 5 6 7 
8 9 10 11 12 13 14 15 16 
17 18 19 20 21 22 23 24 25 
26 27 28 29 30 31 32 33 34 
35 36 37 38 39 40 41 42 43 
44 45 46 47 48 49 50 51 52 
53 54 55 56 57 58 59 60 61 
62 63 64 65 66 67 68 69 70 
71 72 73 74 75 76 77 78 79 
80 81 82 83 84 85 86 87 88 
89 2 3 4 5 6 7 8 9 
10 11 12 13 14 15 16 17 18 
19 20 21 22 23 24 25 26 27 
28 29 30 31 32 33 34 35 36 
37 38 39 40 41 42 43 44 45 
46 47 48 49 50 51 52 53 54 
55 56 57 58 59 60 61 62 63 
64 65 66 67 68 69 70 71 72 
73 74 75 76 77 78 79 80 81 
82 83 84 85 86 87 88 89 90 
91 92 2 3 4 5 6 7 8 
9 10 11 12 13 14 15 16 17 
18 19 20 21 22 23 24 25 26 
27 28 29 30 31 32 33 34 35 
36 37 38 39 40 41 42 43 44 
45 46 47 48 49 50 51 52 53 
54 55 56 57 58 59 60 61 62 
63 64 65 66 67 68 69 70 71 
72 73 74 75 76 77 78 79 80 
81 82 83 84 85 86 87 88 89 
90 1 2 3 4 5 6 7 8 
9 10 11 12 13 14 15 16 17 
18 19 20 21 22 23 24 25 26 
27 28 29 30 31 32 33 34 35 
36 37 38 39 40 41 42 43 44 
45 46 47 49 50 51 52 53 54 
55 56 57 58 59 60 61 62 63 
64 65 66 67 68 69 70 71 72 
73 74 75 76 77 78 79 80 81 
82 83 84 85 86 87 88 89 90 
91 92 2 3 4 5 6 7 8 
9 10 11 12 13 14 15 16 17 
18 19 20 21 22 23 24 25 26 
27 28 29 30 31 32 33 34 35 
36 37 38 39 40 41 42 43 44 
45 46 47 48 49 50 51 52 53 
54 55 56 57 58 59 60 61 62 
63 64 65 66 67 68 69 70 71 
72 73 74 75 76 77 78 79 80 
81 82 83 84 85 86 87 88 89 
90 91 92 93 94 2 3 4 5 
6 7 8 9 10 11 12 13 14 
15 16 17 18 19 20 21 22 23 
24 25 26 27 28 29 30 31 32 
33 34 35 36 37 38 39 40 41 
42 43 44 45 46 47 48 49 50 
51 52 53 54 55 56 57 58 59 
60 61 62 63 64 65 66 67 68 
69 70 71 72 73 74 75 76 77 
78 79 80 81 82 83 84 85 86 
87 88 89 90 91 92 93 94 2 
3 4 5 6 7 8 9 10 11 
12 13 14 15 16 17 18 19 20 
21 22 23 24 25 26 27 28 29 
30 31 32 33 34 35 36 37 38 
39 40 41 42 43 44 45 46 47 
48 49 50 51 52 53 54 55 56 
57 58 59 60 61 62 63 64 65 
66 67 68 69 70 71 72 73 74 
75 76 77 78 79 80 81 82 83 
84 85 86 87 88 89 90 91 92 
3 4 5 6 7 8 9 10 11 
12 13 14 15 16 17 18 19 20 
21 22 23 24 25 26 27 28 29 
30 31 32 33 34 35 36 37 38 
39 40 41 42 43 44 45 46 47 
48 49 50 51 52 53 54 55 56 
57 58 59 60 61 62 63 64 65 
66 67 68 69 70 71 72 73 74 
75 76 77 78 79 80 81 82 83 
84 85 86 87 88 89 90 91 92 
2 3 4 5 6 7 8 9 10 
11 12 13 14 15 16 17 18 19 
20 21 22 23 24 25 26 27 28 
29 30 31 32 33 34 35 36 37 
38 39 40 41 42 43 44 45 46 
47 48 49 50 51 52 53 54 55 
56 57 58 59 60 61 62 63 64 
65 66 67 68 69 70 71 72 73 
74 75 76 77 78 79 80 81 82 
83 84 85 86 87 88 89 11 12 
13 14 15 16 17 18 19 20 21 
22 23 24 25 26 27 28 29 30 
31 32 33 34 35 36 37 38 39 
40 41 42 43 44 45 46 47 48 
49 50 51 52 53 54 55 56 57 
58 59 60 61 62 63 64 65 66 
67 68 69 70 71 72 73 74 75 
76 77 78 79 80 81 82 83 84 
85 86 87 88 89 2 3 4 5 
6 7 8 9 10 11 12 13 14 
15 16 17 18 19 20 21 22 23 
24 25 26 27 28 29 30 31 32 
33 34 35 36 37 38 39 40 41 
42 43 44 45 46 47 48 49 50 
51 52 53 54 55 56 57 58 59 
60 61 62 63 64 65 66 67 68 
69 70 71 72 73 74 75 76 77 
78 79 80 81 82 83 84 85 86 
87 88 89 90 91 92 93 3 4 
5 6 7 8 9 10 11 12 13 
14 15 16 17 18 19 20 21 22 
23 24 25 26 27 28 29 30 31 
32 33 34 35 36 37 38 39 40 
41 42 43 44 45 46 47 48 49 
50 51 52 53 54 55 56 57 58 
59 60 61 62 63 64 65 66 67 
68 69 70 71 72 73 74 75 76 
77 78 79 80 81 82 83 84 85 
86 87 88 89 90 91 92 93 2 
3 4 5 6 7 8 9 10 11 
12 13 14 15 16 17 18 19 20 
21 22 23 24 25 26 27 28 29 
30 31 32 33 34 35 36 37 38 
39 40 41 42 43 44 45 46 47 
49 50 51 52 53 54 55 56 57 
58 59 60 61 62 63 64 65 66 
67 68 69 70 71 72 73 74 75 
76 77 78 79 80 81 82 83 84 
85 86 87 88 89 90 91 92 93 
12 13 14 15 16 17 18 19 20 
21 22 23 24 25 26 27 28 29 
30 31 32 33 34 35 36 37 38 
39 40 41 42 43 44 45 46 47 
48 49 50 51 52 53 54 55 56 
57 58 59 60 61 62 63 64 65 
66 67 68 69 70 71 72 73 74 
75 76 77 78 79 80 81 82 83 
84 85 86 87 88 89 0 1 2 
3 4 5 6 7 8 9 10 11 
12 13 14 15 16 17 18 19 20 
21 22 23 24 25 26 27 28 29 
30 31 32 33 34 35 36 37 38 
39 40 41 42 43 44 45 46 47 
48 49 50 51 52 53 54 55 56 
57 58 59 60 61 62 63 64 65 
66 67 68 69 70 71 72 73 74 
75 76 77 78 79 80 81 82 83 
84 85 86 87 88 2 3 4 5 
6 7 8 9 10 11 12 13 14 
15 16 17 18 19 20 21 22 23 
24 25 26 27 28 29 30 31 32 
33 34 35 36 37 38 39 40 41 
42 43 44 45 46 47 48 49 50 
51 52 53 54 55 56 57 58 59 
60 61 62 63 64 65 66 67 68 
69 70 71 72 73 74 75 76 77 
78 79 80 81 82 83 84 85 86 
87 88 89 90 91 2 3 4 5 
6 7 8 9 10 11 12 13 14 
15 16 17 18 19 20 21 22 23 
24 25 26 27 28 29 30 31 32 
33 34 35 36 37 38 39 40 41 
42 43 44 45 46 47 48 49 50 
51 52 53 54 55 56 57 58 59 
60 61 62 63 64 65 66 67 68 
69 70 71 72 73 74 75 76 77 
78 79 80 81 82 83 84 85 86 
87 88 89 90 91 92 93 12 13 
14 15 16 17 18 19 20 21 22 
23 24 25 26 27 28 29 30 31 
32 33 34 35 36 37 38 39 40 
41 42 43 44 45 46 47 49 50 
51 52 53 54 55 56 57 58 59 
60 61 62 63 64 65 66 67 68 
69 70 71 72 73 74 75 76 77 
78 79 80 81 82 83 84 85 86 
87 88 89 90 91 92 2 3 4 
5 6 7 8 9 10 11 12 13 
14 15 16 17 18 19 20 21 22 
23 24 25 26 27 28 29 30 31 
32 33 34 35 36 37 38 39 40 
41 42 43 44 45 46 47 48 49 
50 51 52 53 54 55 56 57 58 
59 60 61 62 63 64 65 66 67 
68 69 70 71 72 73 74 75 76 
77 78 79 80 81 82 83 84 85 
86 87 88 89 90 91 92 93 94 
12 13 14 15 16 17 18 19 20 
21 22 23 24 25 26 27 28 29 
30 31 32 33 34 35 36 37 38 
39 40 41 42 43 44 45 46 47 
49 50 51 52 53 54 55 56 57 
58 59 60 61 62 63 64 65 66 
67 68 69 70 71 72 73 74 75 
76 77 78 79 80 81 82 83 84 
85 86 87 88 89 90 91 92 93 
2 3 4 5 6 7 8 9 10 
11 12 13 14 15 16 17 18 19 
20 21 22 23 24 25 26 27 28 
29 30 31 32 33 34 35 36 37 
38 39 40 41 42 43 44 45 46 
47 48 49 50 51 52 53 54 55 
56 57 58 59 60 61 62 63 64 
65 66 67 68 69 70 71 72 73 
74 75 76 77 78 79 80 81 82 
83 84 85 86 87 88 89 90 91 
92 93 94 2 3 4 5 6 7 
8 9 10 11 12 13 14 15 16 
17 18 19 20 21 22 23 24 25 
26 27 28 29 30 31 32 33 34 
35 36 37 38 39 40 41 42 43 
44 45 46 47 48 49 50 51 52 
53 54 55 56 57 58 59 60 61 
62 63 64 65 66 67 68 69 70 
71 72 73 74 75 76 77 78 79 
80 81 82 83 84 85 86 87 88 
89 90 2 3 4 5 6 7 8 
9 10 11 12 13 14 15 16 17 
18 19 20 21 22 23 24 25 26 
27 28 29 30 31 32 33 34 35 
36 37 38 39 40 41 42 43 44 
45 46 47 48 49 50 51 52 53 
54 55 56 57 58 59 60 61 62 
63 64 65 66 67 68 69 70 71 
72 73 74 75 76 77 78 79 80 
81 82 83 84 85 86 87 88 89 
90 91 92 93 94 2 3 4 5 
6 7 8 9 10 11 12 13 14 
15 16 17 18 19 20 21 22 23 
24 25 26 27 28 29 30 31 32 
33 34 35 36 37 38 39 40 41 
42 43 44 45 46 47 48 49 50 
51 52 53 54 55 56 57 58 59 
60 61 62 63 64 65 66 67 68 
69 70 71 72 73 74 75 76 77 
78 79 80 81 82 83 84 85 86 
87 88 89 2 3 4 5 6 7 
8 9 10 11 12 13 14 15 16 
17 18 19 20 21 22 23 24 25 
26 27 28 29 30 31 32 33 34 
35 36 37 38 39 40 41 42 43 
44 45 46 47 48 49 50 51 52 
53 54 55 56 57 58 59 60 61 
62 63 64 65 66 67 68 69 70 
71 72 73 74 75 76 77 78 79 
80 81 82 83 84 85 86 87 88 
89 90 91 92 93 3 4 5 6 
7 8 9 10 11 12 13 14 15 
16 17 18 19 20 21 22 23 24 
25 26 27 28 29 30 31 32 33 
34 35 36 37 38 39 40 41 42 
43 44 45 46 47 48 49 50 51 
52 53 54 55 56 57 58 59 60 
61 62 63 64 65 66 67 68 69 
70 71 72 73 74 75 76 77 78 
79 80 81 82 83 84 85 86 87 
88 89 3 4 5 6 7 8 9 
10 11 12 13 14 15 16 17 18 
19 20 21 22 23 24 25 26 27 
28 29 30 31 32 33 34 35 36 
37 38 39 40 41 42 43 44 45 
46 47 48 49 50 51 52 53 54 
55 56 57 58 59 60 61 62 63 
64 65 66 67 68 69 70 71 72 
73 74 75 76 77 78 79 80 81 
82 83 84 85 86 87 88 89 90 
91 92 2 3 4 5 6 7 8 
9 10 11 12 13 14 15 16 17 
18 19 20 21 22 23 24 25 26 
27 28 29 30 31 32 33 34 35 
36 37 38 39 40 41 42 43 44 
45 46 47 48 49 50 51 52 53 
54 55 56 57 58 59 60 61 62 
63 64 65 66 67 68 69 70 71 
72 73 74 75 76 77 78 79 80 
81 82 83 84 85 86 87 88 89 
90 91 92 93 94 12 13 14 15 
16 17 18 19 20 21 22 23 24 
25 26 27 28 29 30 31 32 33 
34 35 36 37 38 39 40 41 42 
43 44 45 46 47 48 49 50 51 
52 53 54 55 56 57 58 59 60 
61 62 63 64 65 66 67 68 69 
70 71 72 73 74 75 76 77 78 
79 80 81 82 83 84 85 86 87 
88 89 90 2 3 4 5 6 7 
8 9 10 11 12 13 14 15 16 
17 18 19 20 21 22 23 24 25 
26 27 28 29 30 31 32 33 34 
35 36 37 38 39 40 41 42 43 
44 45 46 47 48 49 50 51 52 
53 54 55 56 57 58 59 60 61 
62 63 64 65 66 67 68 69 70 
71 72 73 74 75 76 77 78 79 
80 81 82 83 84 85 86 87 88 
89 90 3 4 5 6 7 8 9 
10 11 12 13 14 15 16 17 18 
19 20 21 22 23 24 25 26 27 
28 29 30 31 32 33 34 35 36 
37 38 39 40 41 42 43 44 45 
46 47 48 49 50 51 52 53 54 
55 56 57 58 59 60 61 62 63 
64 65 66 67 68 69 70 71 72 
73 74 75 76 77 78 79 80 81 
82 83 84 85 86 87 2 3 4 
5 6 7 8 9 10 11 12 13 
14 15 16 17 18 19 20 21 22 
23 24 25 26 27 28 29 30 31 
32 33 34 35 36 37 38 39 40 
41 42 43 44 45 46 47 49 50 
51 52 53 54 55 56 57 58 59 
60 61 62 63 64 65 66 67 68 
69 70 71 72 73 74 75 76 77 
78 79 80 81 82 83 84 85 86 
87 88 89 90 91 2 3 4 5 
6 7 8 9 10 11 12 13 14 
15 16 17 18 19 20 21 22 23 
24 25 26 27 28 29 30 31 32 
33 34 35 36 37 38 39 40 41 
42 43 44 45 46 47 48 49 50 
51 52 53 54 55 56 57 58 59 
60 61 62 63 64 65 66 67 68 
69 70 71 72 73 74 75 76 77 
78 79 80 81 82 83 84 85 86 
87 88 89 90 91 1 2 3 4 
5 6 7 8 9 10 11 12 13 
14 15 16 17 18 19 20 21 22 
23 24 25 26 27 28 29 30 31 
32 33 34 35 36 37 38 39 40 
41 42 43 44 45 46 47 48 49 
50 51 52 53 54 55 56 57 58 
59 60 61 62 63 64 65 66 67 
68 69 70 71 72 73 74 75 76 
77 78 79 80 81 82 83 84 85 
86 87 88 89 90 91 92 93 94 
2 3 4 5 6 7 8 9 10 
11 12 13 14 15 16 17 18 19 
20 21 22 23 24 25 26 27 28 
29 30 31 32 33 34 35 36 37 
38 39 40 41 42 43 44 45 46 
47 48 49 50 51 52 53 54 55 
56 57 58 59 60 61 62 63 64 
65 66 67 68 69 70 71 72 73 
74 75 76 77 78 79 80 81 82 
83 84 85 86 87 88 2 3 4 
5 6 7 8 9 10 11 12 13 
14 15 16 17 18 19 20 21 22 
23 24 25 26 27 28 29 30 31 
32 33 34 35 36 37 38 39 40 
41 42 43 44 45 46 47 48 49 
50 51 52 53 54 55 56 57 58 
59 60 61 62 63 64 65 66 67 
68 69 70 71 72 73 74 75 76 
77 78 79 80 81 82 83 84 85 
86 87 88 89 90 91 92 2 3 
4 5 6 7 8 9 10 11 12 
13 14 15 16 17 18 19 20 21 
22 23 24 25 26 27 28 29 30 
31 32 33 34 35 36 37 38 39 
40 41 42 43 44 45 46 47 48 
49 50 51 52 53 54 55 56 57 
58 59 60 61 62 63 64 65 66 
67 68 69 70 71 72 73 74 75 
76 77 78 79 80 81 82 83 84 
85 86 87 88 89 90 91 92 93 
12 13 14 15 16 17 18 19 20 
21 22 23 24 25 26 27 28 29 
30 31 32 33 34 35 36 37 38 
39 40 41 42 43 44 45 46 47 
48 49 50 51 52 53 54 55 56 
57 58 59 60 61 62 63 64 65 
66 67 68 69 70 71 72 73 74 
75 76 77 78 79 80 81 82 83 
84 85 86 87 88 89 90 91 92 
93 94 3 4 5 6 7 8 9 
10 11 12 13 14 15 16 17 18 
19 20 21 22 23 24 25 26 27 
28 29 30 31 32 33 34 35 36 
37 38 39 40 41 42 43 44 45 
46 47 48 49 50 51 52 53 54 
55 56 57 58 59 60 61 62 63 
64 65 66 67 68 69 70 71 72 
73 74 75 76 77 78 79 80 81 
82 83 84 85 86 87 12 13 14 
15 16 17 18 19 20 21 22 23 
24 25 26 27 28 29 30 31 32 
33 34 35 36 37 38 39 40 41 
42 43 44 45 46 47 48 49 50 
51 52 53 54 55 56 57 58 59 
60 61 62 63 64 65 66 67 68 
69 70 71 72 73 74 75 76 77 
78 79 80 81 82 83 84 85 86 
87 88 89 90 91 92 93 94 3 
4 5 6 7 8 9 10 11 12 
13 14 15 16 17 18 19 20 21 
22 23 24 25 26 27 28 29 30 
31 32 33 34 35 36 37 38 39 
40 41 42 43 44 45 46 47 48 
49 50 51 52 53 54 55 56 57 
58 59 60 61 62 63 64 65 66 
67 68 69 70 71 72 73 74 75 
76 77 78 79 80 81 82 83 84 
85 86 87 88 89 90 91 92 2 
3 4 5 6 7 8 9 10 11 
12 13 14 15 16 17 18 19 20 
21 22 23 24 25 26 27 28 29 
30 31 32 33 34 35 36 37 38 
39 40 41 42 43 44 45 46 47 
48 49 50 51 52 53 54 55 56 
57 58 59 60 61 62 63 64 65 
66 67 68 69 70 71 72 73 74 
75 76 77 78 79 80 81 82 83 
84 85 86 87 88 89 90 91 92 
93 2 3 4 5 6 7 8 9 
10 11 12 13 14 15 16 17 18 
19 20 21 22 23 24 25 26 27 
28 29 30 31 32 33 34 35 36 
37 38 39 40 41 42 43 44 45 
46 47 48 49 50 51 52 53 54 
55 56 57 58 59 60 61 62 63 
64 65 66 67 68 69 70 71 72 
73 74 75 76 77 78 79 80 81 
82 83 84 85 86 87 88 89 90 
91 92 93 94 3 4 5 6 7 
8 9 10 11 12 13 14 15 16 
17 18 19 20 21 22 23 24 25 
26 27 28 29 30 31 32 33 34 
35 36 37 38 39 40 41 42 43 
44 45 46 47 48 49 50 51 52 
53 54 55 56 57 58 59 60 61 
62 63 64 65 66 67 68 69 70 
71 72 73 74 75 76 77 78 79 
80 81 82 83 84 85 86 87 88 
89 90 91 92 93 2 3 4 5 
6 7 8 9 10 11 12 13 14 
15 16 17 18 19 20 21 22 23 
24 25 26 27 28 29 30 31 32 
33 34 35 36 37 38 39 40 41 
42 43 44 45 46 47 48 49 50 
51 52 53 54 55 56 57 58 59 
60 61 62 63 64 65 66 67 68 
69 70 71 72 73 74 75 76 77 
78 79 80 81 82 83 84 85 86 
87 88 89 90 91 92 93 94 2 
3 4 5 6 7 8 9 10 11 
12 13 14 15 16 17 18 19 20 
21 22 23 24 25 26 27 28 29 
30 31 32 33 34 35 36 37 38 
39 40 41 42 43 44 45 46 47 
48 49 50 51 52 53 54 55 56 
57 58 59 60 61 62 63 64 65 
66 67 68 69 70 71 72 73 74 
75 76 77 78 79 80 81 82 83 
84 85 86 87 88 89 90 91 92 
93 2 3 4 5 6 7 8 9 
10 11 12 13 14 15 16 17 18 
19 20 21 22 23 24 25 26 27 
28 29 30 31 32 33 34 35 36 
37 38 39 40 41 42 43 44 45 
46 47 48 49 50 51 52 53 54 
55 56 57 58 59 60 61 62 63 
64 65 66 67 68 69 70 71 72 
73 74 75 76 77 78 79 80 81 
82 83 84 85 86 87 88 89 3 
4 5 6 7 8 9 10 11 12 
13 14 15 16 17 18 19 20 21 
22 23 24 25 26 27 28 29 30 
31 32 33 34 35 36 37 38 39 
40 41 42 43 44 45 46 47 48 
49 50 51 52 53 54 55 56 57 
58 59 60 61 62 63 64 65 66 
67 68 69 70 71 72 73 74 75 
76 77 78 79 80 81 82 83 84 
85 86 87 88 89 90 91 92 2 
3 4 5 6 7 8 9 10 11 
12 13 14 15 16 17 18 19 20 
21 22 23 24 25 26 27 28 29 
30 31 32 33 34 35 36 37 38 
39 40 41 42 43 44 45 46 47 
48 49 50 51 52 53 54 55 56 
57 58 59 60 61 62 63 64 65 
66 67 68 69 70 71 72 73 74 
75 76 77 78 79 80 81 82 83 
84 85 86 87 2 3 4 5 6 
7 8 9 10 11 12 13 14 15 
16 17 18 19 20 21 22 23 24 
25 26 27 28 29 30 31 32 33 
34 35 36 37 38 39 40 41 42 
43 44 45 46 47 48 49 50 51 
52 53 54 55 56 57 58 59 60 
61 62 63 64 65 66 67 68 69 
70 71 72 73 74 75 76 77 78 
79 80 81 82 83 84 85 86 87 
2 3 4 5 6 7 8 9 10 
11 12 13 14 15 16 17 18 19 
20 21 22 23 24 25 26 27 28 
29 30 31 32 33 34 35 36 37 
38 39 40 41 42 43 44 45 46 
47 48 49 50 51 52 53 54 55 
56 57 58 59 60 61 62 63 64 
65 66 67 68 69 70 71 72 73 
74 75 76 77 78 79 80 81 82 
83 84 85 86 87 88 89 90 2 
3 4 5 6 7 8 9 10 11 
12 13 14 15 16 17 18 19 20 
21 22 23 24 25 26 27 28 29 
30 31 32 33 34 35 36 37 38 
39 40 41 42 43 44 45 46 47 
48 49 50 51 52 53 54 55 56 
57 58 59 60 61 62 63 64 65 
66 67 68 69 70 71 72 73 74 
75 76 77 78 79 80 81 82 83 
84 85 86 87 88 89 90 91 2 
3 4 5 6 7 8 9 10 11 
12 13 14 15 16 17 18 19 20 
21 22 23 24 25 26 27 28 29 
30 31 32 33 34 35 36 37 38 
39 40 41 42 43 44 45 46 47 
48 49 50 51 52 53 54 55 56 
57 58 59 60 61 62 63 64 65 
66 67 68 69 70 71 72 73 74 
75 76 77 78 79 80 81 82 83 
84 85 86 87 88 89 2 3 4 
5 6 7 8 9 10 11 12 13 
14 15 16 17 18 19 20 21 22 
23 24 25 26 27 28 29 30 31 
32 33 34 35 36 37 38 39 40 
41 42 43 44 45 46 47 48 49 
50 51 52 53 54 55 56 57 58 
59 60 61 62 63 64 65 66 67 
68 69 70 71 72 73 74 75 76 
77 78 79 80 81 82 83 84 85 
86 87 88 89 12 13 14 15 16 
17 18 19 20 21 22 23 24 25 
26 27 28 29 30 31 32 33 34 
35 36 37 38 39 40 41 42 43 
44 45 46 47 48 49 50 51 52 
53 54 55 56 57 58 59 60 61 
62 63 64 65 66 67 68 69 70 
71 72 73 74 75 76 77 78 79 
80 81 82 83 84 85 86 87 88 
89 90 91 92 2 3 4 5 6 
7 8 9 10 11 12 13 14 15 
16 17 18 19 20 21 22 23 24 
25 26 27 28 29 30 31 32 33 
34 35 36 37 38 39 40 41 42 
43 44 45 46 47 48 49 50 51 
52 53 54 55 56 57 58 59 60 
61 62 63 64 65 66 67 68 69 
70 71 72 73 74 75 76 77 78 
79 80 81 82 83 84 85 86 87 
88 89 90 91 92 93 94 3 4 
5 6 7 8 9 10 11 12 13 
14 15 16 17 18 19 20 21 22 
23 24 25 26 27 28 29 30 31 
32 33 34 35 36 37 38 39 40 
41 42 43 44 45 46 47 48 49 
50 51 52 53 54 55 56 57 58 
59 60 61 62 63 64 65 66 67 
68 69 70 71 72 73 74 75 76 
77 78 79 80 81 82 83 84 85 
86 87 88 2 3 4 5 6 7 
8 9 10 11 12 13 14 15 16 
17 18 19 20 21 22 23 24 25 
26 27 28 29 30 31 32 33 34 
35 36 37 38 39 40 41 42 43 
44 45 46 47 48 49 50 51 52 
53 54 55 56 57 58 59 60 61 
62 63 64 65 66 67 68 69 70 
71 72 73 74 75 76 77 78 79 
80 81 82 83 84 85 86 87 88 
89 90 91 92 93 94 2 3 4 
5 6 7 8 9 10 11 12 13 
14 15 16 17 18 19 20 21 22 
23 24 25 26 27 28 29 30 31 
32 33 34 35 36 37 38 39 40 
41 42 43 44 45 46 47 48 49 
50 51 52 53 54 55 56 57 58 
59 60 61 62 63 64 65 66 67 
68 69 70 71 72 73 74 75 76 
77 78 79 80 81 82 83 84 85 
86 87 88 2 3 4 5 6 7 
8 9 10 11 12 13 14 15 16 
17 18 19 20 21 22 23 24 25 
26 27 28 29 30 31 32 33 34 
35 36 37 38 39 40 41 42 43 
44 45 46 47 48 49 50 51 52 
53 54 55 56 57 58 59 60 61 
62 63 64 65 66 67 68 69 70 
71 72 73 74 75 76 77 78 79 
80 81 82 83 84 85 86 87 88 
89 90 91 3 4 5 6 7 8 
9 10 11 12 13 14 15 16 17 
18 19 20 21 22 23 24 25 26 
27 28 29 30 31 32 33 34 35 
36 37 38 39 40 41 42 43 44 
45 46 47 48 49 50 51 52 53 
54 55 56 57 58 59 60 61 62 
63 64 65 66 67 68 69 70 71 
72 73 74 75 76 77 78 79 80 
81 82 83 84 85 86 87 88 89 
2 3 4 5 6 7 8 9 10 
11 12 13 14 15 16 17 18 19 
20 21 22 23 24 25 26 27 28 
29 30 31 32 33 34 35 36 37 
38 39 40 41 42 43 44 45 46 
47 48 49 50 51 52 53 54 55 
56 57 58 59 60 61 62 63 64 
65 66 67 68 69 70 71 72 73 
74 75 76 77 78 79 80 81 82 
83 84 85 86 87 88 89 90 91 
92 2 3 4 5 6 7 8 9 
10 11 12 13 14 15 16 17 18 
19 20 21 22 23 24 25 26 27 
28 29 30 31 32 33 34 35 36 
37 38 39 40 41 42 43 44 45 
46 47 48 49 50 51 52 53 54 
55 56 57 58 59 60 61 62 63 
64 65 66 67 68 69 70 71 72 
73 74 75 76 77 78 79 80 81 
82 83 84 85 86 87 88 89 90 
91 92 93 94 2 3 4 5 6 
7 8 9 10 11 12 13 14 15 
16 17 18 19 20 21 22 23 24 
25 26 27 28 29 30 31 32 33 
34 35 36 37 38 39 40 41 42 
43 44 45 46 47 48 49 50 51 
52 53 54 55 56 57 58 59 60 
61 62 63 64 65 66 67 68 69 
70 71 72 73 74 75 76 77 78 
79 80 81 82 83 84 85 86 87 
88 89 90 91 92 93 94 3 4 
5 6 7 8 9 10 11 12 13 
14 15 16 17 18 19 20 21 22 
23 24 25 26 27 28 29 30 31 
32 33 34 35 36 37 38 39 40 
41 42 43 44 45 46 47 48 49 
50 51 52 53 54 55 56 57 58 
59 60 61 62 63 64 65 66 67 
68 69 70 71 72 73 74 75 76 
77 78 79 80 81 82 83 84 85 
86 87 88 89 90 91 92 93 94 
2 3 4 5 6 7 8 9 10 
11 12 13 14 15 16 17 18 19 
20 21 22 23 24 25 26 27 28 
29 30 31 32 33 34 35 36 37 
38 39 40 41 42 43 44 45 46 
47 48 49 50 51 52 53 54 55 
56 57 58 59 60 61 62 63 64 
65 66 67 68 69 70 71 72 73 
74 75 76 77 78 79 80 81 82 
83 84 85 86 87 88 89 90 91 
92 93 94 2 3 4 5 6 7 
8 9 10 11 12 13 14 15 16 
17 18 19 20 21 22 23 24 25 
26 27 28 29 30 31 32 33 34 
35 36 37 38 39 40 41 42 43 
44 45 46 47 48 49 50 51 52 
53 54 55 56 57 58 59 60 61 
62 63 64 65 66 67 68 69 70 
71 72 73 74 75 76 77 78 79 
80 81 82 83 84 85 86 87 88 
89 90 2 3 4 5 6 7 8 
9 10 11 12 13 14 15 16 17 
18 19 20 21 22 23 24 25 26 
27 28 29 30 31 32 33 34 35 
36 37 38 39 40 41 42 43 44 
45 46 47 48 49 50 51 52 53 
54 55 56 57 58 59 60 61 62 
63 64 65 66 67 68 69 70 71 
72 73 74 75 76 77 78 79 80 
81 82 83 84 85 86 87 88 3 
4 5 6 7 8 9 10 11 12 
13 14 15 16 17 18 19 20 21 
22 23 24 25 26 27 28 29 30 
31 32 33 34 35 36 37 38 39 
40 41 42 43 44 45 46 47 48 
49 50 51 52 53 54 55 56 57 
58 59 60 61 62 63 64 65 66 
67 68 69 70 71 72 73 74 75 
76 77 78 79 80 81 82 83 84 
85 86 87 88 89 2 3 4 5 
6 7 8 9 10 11 12 13 14 
15 16 17 18 19 20 21 22 23 
24 25 26 27 28 29 30 31 32 
33 34 35 36 37 38 39 40 41 
42 43 44 45 46 47 48 49 50 
51 52 53 54 55 56 57 58 59 
60 61 62 63 64 65 66 67 68 
69 70 71 72 73 74 75 76 77 
78 79 80 81 82 83 84 85 86 
87 88 89 90 91 92 93 11 12 
13 14 15 16 17 18 19 20 21 
22 23 24 25 26 27 28 29 30 
31 32 33 34 35 36 37 38 39 
40 41 42 43 44 45 46 47 49 
50 51 52 53 54 55 56 57 58 
59 60 61 62 63 64 65 66 67 
68 69 70 71 72 73 74 75 76 
77 78 79 80 81 82 83 84 85 
86 87 88 89 90 91 92 
FIELD FieldData 1
SamplingDistance2Origin 1 16153 float
-45.4748 -44.8748 -43.8751 -42.8756 -41.8757 -40.8758 -39.8762 -38.8765 -37.8768 
-36.877 -35.8781 -34.8788 -33.8788 -32.8789 -31.8789 -30.8789 -29.8789 -28.879 
-27.8791 -26.8792 -25.8796 -24.8797 -23.8799 -22.8799 -21.8801 -20.8801 -19.8802 
-18.8803 -17.8803 -16.8804 -15.8805 -14.8805 -13.8807 -12.8808 -11.881 -10.8811 
-9.88114 -8.8812 -7.88129 -6.88132 -5.88129 -4.88132 -3.88134 -2.88141 -1.88145 
-0.881478 0.0606299 1.23166 2.23163 3.23162 4.23157 5.23156 6.23154 7.23147 
8.23141 9.23136 10.2313 11.2313 12.2312 13.2312 14.2311 15.2311 16.231 
17.2309 18.2308 19.2307 20.2307 21.2306 22.2306 23.2305 24.2305 25.2305 
26.2304 27.2305 28.2304 29.2303 30.2298 31.2289 32.2283 33.2278 34.2277 
35.2272 36.2268 37.2267 38.2267 39.2267 40.2264 41.2248 42.2238 43.2238 
44.2237 45.2236 46.2236 -45.6564 -44.8566 -43.8567 -42.8568 -41.8568 -40.8568 
-39.8571 -38.8572 -37.8577 -36.8605 -35.8606 -34.8608 -33.8608 -32.8608 -31.8609 
-30.8609 -29.861 -28.861 -27.8611 -26.8613 -25.8616 -24.8619 -23.862 -22.8621 
-21.8622 -20.8623 -19.8624 -18.8624 -17.8625 -16.8625 -15.8625 -14.8627 -13.8628 
-12.8631 -11.8632 -10.8633 -9.86335 -8.86353 -7.86358 -6.86364 -5.86366 -4.86372 
-3.86375 -2.86385 -1.86392 -0.864029 0.105183 1.28953 2.28952 3.28952 4.28949 
5.28945 6.28941 7.28929 8.28918 9.28908 10.2889 11.2889 12.2889 13.2888 
14.2887 15.2885 16.2884 17.2882 18.2881 19.2879 20.2878 21.2877 22.2877 
23.2877 24.2877 25.2876 26.2875 27.2865 28.284 29.2836 30.2836 31.2835 
32.2833 33.2832 34.2833 35.2829 36.2814 37.2807 38.2806 39.2806 40.2806 
41.2805 42.2804 -37.3066 -36.7067 -35.7068 -34.707 -33.707 -32.707 -31.707 
-30.7071 -29.7071 -28.7071 -27.7073 -26.7075 -25.7078 -24.7081 -23.7081 -22.7083 
-21.7085 -20.7085 -19.7086 -18.7087 -17.7087 -16.7088 -15.7089 -14.709 -13.7091 
-12.7092 -11.7093 -10.7095 -9.70955 -8.7097 -7.70975 -6.70978 -5.70983 -4.70986 
-3.70991 -2.7099 -1.71007 -0.710452 0.19206 1.14335 2.14331 3.14332 4.14326 
5.14325 6.1432 7.14308 8.14286 9.14275 10.1426 11.1425 12.1424 13.1424 
14.1423 15.1423 16.142 17.1417 18.1415 19.1413 20.1412 21.1412 22.1412 
23.1411 24.1409 25.1405 26.1392 27.1387 28.1386 29.1385 30.1384 31.1384 
32.1383 33.1378 34.1364 35.1359 36.1359 37.1359 38.1358 39.1358 40.1356 
-44.7898 -43.7902 -42.7904 -41.7905 -40.7906 -39.7908 -38.7909 -37.7911 -36.7912 
-35.7918 -34.7925 -33.7926 -32.7927 -31.7927 -30.7928 -29.7928 -28.7929 -27.7929 
-26.793 -25.7932 -24.7935 -23.7938 -22.7939 -21.794 -20.7941 -19.7942 -18.7942 
-17.7943 -16.7943 -15.7944 -14.7945 -13.7946 -12.7948 -11.7949 -10.795 -9.79516 
-8.79524 -7.79532 -6.79538 -5.79544 -4.79546 -3.79551 -2.79559 -1.79576 -0.796089 
0.076321 1.2125 2.21248 3.21248 4.21242 5.21239 6.2123 7.21222 8.21215 
9.21199 10.2119 11.2118 12.2117 13.2116 14.2115 15.2115 16.2112 17.2111 
18.2109 19.2108 20.2107 21.2107 22.2106 23.2105 24.2104 25.2103 26.2092 
27.2081 28.2079 29.2078 30.2077 31.2076 32.2076 33.2075 34.206 35.205 
36.2048 37.2048 38.2048 39.2048 40.2046 41.0045 -45.5173 -44.7175 -43.7177 
-42.718 -41.7181 -40.7181 -39.7184 -38.7186 -37.7188 -36.7199 -35.7203 -34.7207 
-33.7208 -32.7208 -31.7208 -30.7208 -29.7209 -28.7209 -27.721 -26.7211 -25.7214 
-24.7216 -23.7218 -22.722 -21.722 -20.7221 -19.7222 -18.7222 -17.7223 -16.7224 
-15.7224 -14.7226 -13.7227 -12.7228 -11.723 -10.7231 -9.72316 -8.72323 -7.72326 
-6.72328 -5.72332 -4.72335 -3.7234 -2.72345 -1.72362 -0.923743 0.387573 1.1876 
2.18756 3.18756 4.18753 5.18748 6.18746 7.18743 8.18734 9.18725 10.1872 
11.1871 12.1871 13.187 14.1869 15.1869 16.1867 17.1865 18.1863 19.1861 
20.186 21.186 22.1859 23.1859 24.1859 25.1859 26.1859 27.1857 28.1848 
29.1818 30.1813 31.1812 32.181 33.1809 34.1808 35.1808 36.1806 37.1798 
38.1788 39.1784 40.1784 41.1784 42.1784 43.1782 -45.5195 -44.7198 -43.72 
-42.7203 -41.7204 -40.7205 -39.721 -38.7211 -37.7214 -36.7228 -35.7242 -34.7246 
-33.7246 -32.7247 -31.7247 -30.7247 -29.7248 -28.7249 -27.725 -26.725 -25.7253 
-24.7255 -23.7256 -22.7257 -21.7259 -20.7259 -19.726 -18.7261 -17.7261 -16.7262 
-15.7263 -14.7263 -13.7266 -12.7268 -11.7269 -10.7269 -9.72702 -8.72708 -7.72715 
-6.72718 -5.72721 -4.72724 -3.72726 -2.72727 -1.72731 -0.727412 0.268378 1.26836 
2.26835 3.26834 4.26829 5.26825 6.26821 7.2682 8.26814 9.26807 10.268 
11.268 12.2679 13.2679 14.2679 15.2678 16.2677 17.2675 18.2673 19.2672 
20.2671 21.2671 22.267 23.267 24.267 25.267 26.267 27.267 28.2669 
29.2666 30.2659 31.2652 32.2643 33.2641 34.2639 35.2638 36.2637 37.2637 
38.2636 39.2634 40.262 41.2613 42.2611 43.2612 44.2611 45.261 46.2609 
-45.3661 -44.7663 -43.7667 -42.7669 -41.7671 -40.7671 -39.7673 -38.7676 -37.7677 
-36.7688 -35.7694 -34.7699 -33.7699 -32.77 -31.7701 -30.7701 -29.7702 -28.7703 
-27.7704 -26.7705 -25.7708 -24.7709 -23.7712 -22.7712 -21.7714 -20.7714 -19.7715 
-18.7716 -17.7716 -16.7717 -15.7717 -14.7718 -13.772 -12.7722 -11.7724 -10.7726 
-9.77269 -8.77274 -7.77279 -6.77282 -5.77285 -4.7729 -3.77291 -2.773 -1.77307 
-0.773087 0.0856398 1.1444 2.14437 3.14436 4.14431 5.14426 6.14419 7.14417 
8.14411 9.14402 10.1439 11.1439 12.1439 13.1438 14.1438 15.1437 16.1436 
17.1435 18.1433 19.1432 20.1431 21.1431 22.143 23.143 24.143 25.143 
26.143 27.143 28.1429 29.1426 30.1421 31.1419 32.1416 33.1414 34.1412 
35.141 36.141 37.1409 38.1409 39.1404 40.1395 41.1388 42.1388 43.1387 
44.1387 45.1385 46.1383 -45.6495 -44.8498 -43.85 -42.8502 -41.8503 -40.8504 
-39.8507 -38.8508 -37.8511 -36.8536 -35.854 -34.8542 -33.8542 -32.8543 -31.8543 
-30.8543 -29.8544 -28.8544 -27.8545 -26.8547 -25.8551 -24.8553 -23.8554 -22.8555 
-21.8557 -20.8557 -19.8557 -18.8558 -17.8558 -16.8559 -15.856 -14.8561 -13.8562 
-12.8564 -11.8565 -10.8566 -9.8566 -8.85665 -7.8567 -6.85675 -5.85676 -4.85681 
-3.8568 -2.85687 -1.85687 -0.856986 0.123196 1.11328 2.11323 3.11322 4.11319 
5.11314 6.11314 7.11312 8.11304 9.11298 10.1129 11.1129 12.1128 13.1128 
14.1128 15.1127 16.1126 17.1125 18.1124 19.1123 20.1121 21.1121 22.112 
23.112 24.1119 25.1119 26.1119 27.1119 28.1119 29.1118 30.1114 31.1106 
32.1086 33.1077 34.1074 35.1073 36.1073 37.1072 38.1072 39.1072 40.1068 
41.1058 42.1051 43.105 44.105 45.1049 46.1047 -46.4678 -45.8678 -44.8679 
-43.8681 -42.8681 -41.8681 -40.8682 -39.8685 -38.8686 -37.8687 -36.8689 -35.8694 
-34.8694 -33.8694 -32.8695 -31.8695 -30.8696 -29.8696 -28.8697 -27.8698 -26.8701 
-25.8705 -24.8707 -23.8708 -22.8709 -21.871 -20.8711 -19.8712 -18.8713 -17.8714 
-16.8714 -15.8715 -14.8717 -13.8719 -12.872 -11.8721 -10.8722 -9.87233 -8.87237 
-7.8724 -6.87242 -5.87248 -4.87249 -3.8725 -2.8726 -1.87267 -0.872768 1.20852 
2.20853 3.20852 4.20847 5.20844 6.2084 7.2084 8.20829 9.20822 10.2082 
11.2082 12.2081 13.2081 14.208 15.2079 16.2078 17.2076 18.2074 19.2073 
20.2072 21.2071 22.2071 23.2071 24.2071 25.2071 26.2071 27.2071 28.2069 
29.2064 30.206 31.2031 32.2027 33.2026 34.2024 35.2024 36.2023 37.2023 
38.202 39.2011 40.2006 41.2004 42.2004 43.2003 44.2003 45.2001 -36.8931 
-35.8932 -34.8934 -33.8934 -32.8934 -31.8935 -30.8935 -29.8936 -28.8936 -27.8938 
-26.894 -25.8943 -24.8944 -23.8945 -22.8946 -21.8947 -20.8948 -19.8948 -18.8949 
-17.8949 -16.895 -15.8951 -14.8952 -13.8953 -12.8954 -11.8956 -10.8957 -9.89573 
-8.89586 -7.89597 -6.89601 -5.89607 -4.8961 -3.8961 -2.89615 -1.89625 -0.896248 
0.269955 1.25251 2.25249 3.25248 4.25239 5.25233 6.25227 7.25222 8.25212 
9.25203 10.2519 11.2519 12.2519 13.2518 14.2518 15.2516 16.2514 17.2512 
18.2511 19.251 20.251 21.2509 22.2509 23.2509 24.2508 25.2508 26.2508 
27.2506 28.2491 29.2475 30.247 31.247 32.2469 33.2469 34.2468 35.2467 
36.2463 37.2453 38.2446 39.2445 40.2445 41.2445 42.2444 43.2444 -45.6003 
-44.8006 -43.8009 -42.801 -41.801 -40.8012 -39.8014 -38.8016 -37.8018 -36.8038 
-35.804 -34.8041 -33.8041 -32.8041 -31.8042 -30.8042 -29.8043 -28.8043 -27.8044 
-26.8046 -25.805 -24.8052 -23.8052 -22.8054 -21.8055 -20.8055 -19.8056 -18.8057 
-17.8057 -16.8057 -15.8058 -14.8059 -13.806 -12.8062 -11.8063 -10.8064 -9.80644 
-8.80649 -7.80656 -6.80659 -5.80661 -4.80666 -3.80664 -2.80673 -1.80676 -0.806819 
0.185264 1.18132 2.18127 3.1812 4.18116 5.18116 6.18114 7.18113 8.18106 
9.18098 10.1809 11.1808 12.1808 13.1807 14.1807 15.1806 16.1805 17.1804 
18.1803 19.1802 20.1801 21.18 22.18 23.18 24.1799 25.1799 26.1799 
27.1799 28.1799 29.1797 30.1792 31.1783 32.1769 33.1764 34.1762 35.176 
36.1758 37.1758 38.1758 39.1757 40.1752 41.1738 42.1735 43.1734 44.1735 
45.1733 46.1732 -45.3568 -44.7574 -43.7578 -42.7581 -41.7582 -40.7582 -39.7582 
-38.7584 -37.7586 -36.7588 -35.7598 -34.7612 -33.7613 -32.7613 -31.7613 -30.7613 
-29.7614 -28.7614 -27.7615 -26.7617 -25.7618 -24.7619 -23.7621 -22.7622 -21.7623 
-20.7624 -19.7624 -18.7625 -17.7625 -16.7625 -15.7626 -14.7628 -13.763 -12.7631 
-11.7632 -10.7633 -9.76338 -8.7635 -7.76353 -6.76357 -5.76362 -4.76366 -3.76366 
-2.76376 -1.76384 -0.76414 0.246342 1.24629 2.2463 3.2463 4.24622 5.24618 
6.2461 7.246 8.2459 9.24585 10.2458 11.2457 12.2457 13.2456 14.2454 
15.2453 16.2452 17.245 18.2449 19.2448 20.2447 21.2446 22.2446 23.2446 
24.2445 25.2445 26.2444 27.2441 28.2426 29.2424 30.2423 31.2423 32.2421 
33.242 34.242 35.2418 36.2409 37.2399 38.2395 39.2395 40.2396 41.2395 
42.2394 -44.5538 -43.7542 -42.7543 -41.7544 -40.7545 -39.7546 -38.7548 -37.7549 
-36.7552 -35.7561 -34.7572 -33.7574 -32.7574 -31.7575 -30.7575 -29.7576 -28.7576 
-27.7577 -26.7577 -25.7579 -24.7581 -23.7582 -22.7583 -21.7585 -20.7585 -19.7586 
-18.7586 -17.7587 -16.7587 -15.7588 -14.7589 -13.7591 -12.7593 -11.7594 -10.7595 
-9.75956 -8.75963 -7.75968 -6.75976 -5.75984 -4.75989 -3.75992 -2.76004 -1.76014 
-0.760378 0.22569 1.2256 2.22559 3.22558 4.22555 5.22545 6.22537 7.22532 
8.22512 9.225 10.2249 11.2249 12.2248 13.2247 14.2247 15.2246 16.2244 
17.2242 18.2242 19.224 20.2239 21.2239 22.2238 23.2237 24.2236 25.2232 
26.2223 27.222 28.222 29.2217 30.2216 31.2216 32.2215 33.221 34.2185 
35.2179 36.2179 37.2179 38.2179 39.2179 40.2178 -45.3961 -44.7965 -43.797 
-42.797 -41.7971 -40.7972 -39.7977 -38.7979 -37.7981 -36.7988 -35.8 -34.8004 
-33.8004 -32.8005 -31.8006 -30.8007 -29.8007 -28.8008 -27.8009 -26.801 -25.8013 
-24.8014 -23.8016 -22.8016 -21.8017 -20.8019 -19.8019 -18.802 -17.802 -16.8021 
-15.8021 -14.8023 -13.8024 -12.8025 -11.8026 -10.8028 -9.80291 -8.80302 -7.80307 
-6.80313 -5.80315 -4.80319 -3.80323 -2.80324 -1.80327 -0.803316 0.110045 1.26668 
2.26668 3.26663 4.26661 5.26658 6.2665 7.26648 8.26645 9.26635 10.2663 
11.2662 12.2662 13.2662 14.2661 15.2661 16.2659 17.2659 18.2658 19.2657 
20.2656 21.2656 22.2656 23.2655 24.2655 25.2655 26.2655 27.2655 28.2653 
29.2649 30.2643 31.2638 32.2632 33.2626 34.2625 35.2623 36.2621 37.262 
38.262 39.262 40.2612 41.2579 42.2576 43.2576 44.2576 45.2575 46.2572 
-45.3381 -44.7381 -43.7383 -42.7384 -41.7385 -40.7386 -39.7388 -38.7389 -37.7391 
-36.7396 -35.741 -34.7412 -33.7414 -32.7414 -31.7414 -30.7415 -29.7415 -28.7416 
-27.7416 -26.7418 -25.7421 -24.7423 -23.7424 -22.7425 -21.7427 -20.7428 -19.7429 
-18.7429 -17.7429 -16.743 -15.7431 -14.7432 -13.7433 -12.7436 -11.7436 -10.7437 
-9.74387 -8.74401 -7.7441 -6.7442 -5.74427 -4.74429 -3.74433 -2.74441 -1.74467 
-0.745311 0.128612 1.2657 2.26568 3.26566 4.26561 5.26547 6.26541 7.26532 
8.26507 9.26491 10.2648 11.2647 12.2646 13.2645 14.2644 15.2641 16.2639 
17.2638 18.2636 19.2636 20.2634 21.2633 22.2626 23.2619 24.2612 25.26 
26.2596 27.2595 28.2594 29.2594 30.2593 31.2592 32.2588 33.2549 34.2546 
35.2546 36.2545 37.2545 38.2544 39.2544 -45.5856 -44.7859 -43.7861 -42.7863 
-41.7863 -40.7864 -39.7864 -38.7866 -37.7869 -36.7883 -35.7892 -34.7894 -33.7895 
-32.7895 -31.7896 -30.7897 -29.7897 -28.7898 -27.7899 -26.7901 -25.7902 -24.7904 
-23.7905 -22.7906 -21.7907 -20.7908 -19.7908 -18.7908 -17.7908 -16.7909 -15.7911 
-14.7912 -13.7914 -12.7915 -11.7916 -10.7916 -9.79174 -8.79185 -7.79185 -6.79189 
-5.79193 -4.79194 -3.792 -2.79206 -1.79217 -0.992246 0.468935 1.26892 2.26892 
3.26889 4.2689 5.26886 6.2688 7.26876 8.26867 9.26859 10.2685 11.2684 
12.2684 13.2684 14.2683 15.2682 16.2681 17.268 18.2678 19.2677 20.2677 
21.2676 22.2676 23.2675 24.2675 25.2675 26.2675 27.2674 28.2673 29.2668 
30.2641 31.2636 32.2635 33.2635 34.2634 35.2633 36.2632 37.263 38.2624 
39.2615 40.261 41.261 42.261 43.261 44.261 45.0608 -36.4895 -35.8898 
-34.8903 -33.8904 -32.8904 -31.8904 -30.8905 -29.8905 -28.8905 -27.8907 -26.8907 
-25.8909 -24.8911 -23.8911 -22.8913 -21.8914 -20.8915 -19.8916 -18.8917 -17.8917 
-16.8918 -15.8918 -14.892 -13.8922 -12.8922 -11.8923 -10.8924 -9.89255 -8.89258 
-7.89265 -6.89269 -5.89272 -4.89277 -3.89281 -2.89288 -1.89297 -0.893051 -0.0931534 
1.15283 2.1528 3.1528 4.15276 5.15275 6.15272 7.15269 8.15264 9.15255 
10.1524 11.1524 12.1523 13.1523 14.1522 15.1522 16.1522 17.152 18.1518 
19.1517 20.1516 21.1515 22.1514 23.1514 24.1514 25.1514 26.1514 27.1513 
28.1511 29.1508 30.1485 31.1483 32.1483 33.1482 34.1481 35.148 36.148 
37.1478 38.1468 39.1456 40.1453 41.1452 42.1452 43.1452 44.1449 -44.7697 
-43.77 -42.7704 -41.7706 -40.7707 -39.7711 -38.7714 -37.7717 -36.772 -35.7726 
-34.7728 -33.7729 -32.7729 -31.773 -30.773 -29.773 -28.773 -27.7731 -26.7732 
-25.7734 -24.7737 -23.774 -22.774 -21.7742 -20.7742 -19.7742 -18.7743 -17.7744 
-16.7744 -15.7745 -14.7746 -13.7748 -12.775 -11.7751 -10.7752 -9.77524 -8.77535 
-7.77539 -6.77547 -5.77549 -4.77553 -3.77555 -2.77557 -1.77558 -0.775652 0.227488 
1.22749 2.22748 3.22746 4.2274 5.22739 6.22732 7.22729 8.22725 9.22715 
10.2271 11.2271 12.227 13.227 14.2269 15.2268 16.2266 17.2266 18.2265 
19.2264 20.2262 21.2262 22.2261 23.2261 24.2261 25.2261 26.2261 27.226 
28.2256 29.2252 30.2229 31.2226 32.2224 33.2223 34.2222 35.2221 36.2221 
37.2219 38.2213 39.2199 40.2197 41.2197 42.2197 43.2197 44.2194 45.0193 
-45.4679 -44.868 -43.8681 -42.8683 -41.8684 -40.8684 -39.8685 -38.8686 -37.8688 
-36.8708 -35.8717 -34.8719 -33.872 -32.872 -31.8721 -30.8721 -29.8721 -28.8722 
-27.8722 -26.8724 -25.8727 -24.8729 -23.8731 -22.8733 -21.8734 -20.8735 -19.8736 
-18.8736 -17.8736 -16.8737 -15.8738 -14.8738 -13.8739 -12.8742 -11.8743 -10.8745 
-9.87459 -8.87467 -7.87473 -6.8748 -5.87485 -4.87496 -3.87496 -2.87497 -1.87505 
-0.875273 0.0686979 1.24063 2.24061 3.24059 4.24057 5.24051 6.24047 7.24034 
8.24017 9.24008 10.24 11.2399 12.2398 13.2398 14.2397 15.2396 16.2393 
17.2392 18.2391 19.239 20.2389 21.2389 22.2388 23.2383 24.2381 25.2377 
26.2365 27.2362 28.2361 29.236 30.236 31.2359 32.2358 33.2343 34.2327 
35.2327 36.2326 37.2327 38.2326 39.2326 -34.6599 -33.8599 -32.86 -31.86 
-30.8601 -29.8602 -28.8602 -27.8604 -26.8604 -25.8606 -24.8608 -23.861 -22.8611 
-21.8612 -20.8613 -19.8614 -18.8614 -17.8615 -16.8615 -15.8616 -14.8617 -13.8618 
-12.862 -11.862 -10.8621 -9.86216 -8.86219 -7.86231 -6.86232 -5.86237 -4.86241 
-3.86242 -2.86245 -1.86247 -0.862568 0.144856 1.15225 2.15223 3.15224 4.15218 
5.15215 6.15211 7.15206 8.15201 9.15193 10.1519 11.1518 12.1518 13.1518 
14.1517 15.1517 16.1516 17.1514 18.1513 19.1511 20.151 21.151 22.151 
23.1509 24.1509 25.1509 26.1509 27.1509 28.1507 29.1502 30.1502 31.148 
32.1478 33.1476 34.1474 35.1474 36.1474 37.1473 38.1472 39.1464 40.1455 
41.145 42.145 43.145 44.1449 45.1448 -45.4648 -44.865 -43.8654 -42.8658 
-41.8659 -40.866 -39.8662 -38.8664 -37.8667 -36.8675 -35.869 -34.8693 -33.8694 
-32.8693 -31.8694 -30.8694 -29.8695 -28.8695 -27.8696 -26.8698 -25.8701 -24.8703 
-23.8705 -22.8706 -21.8708 -20.8708 -19.8709 -18.871 -17.871 -16.871 -15.8711 
-14.8712 -13.8714 -12.8715 -11.8716 -10.8717 -9.87173 -8.87184 -7.87187 -6.87188 
-5.87199 -4.87203 -3.87203 -2.8721 -1.87212 -0.87216 0.145596 1.15453 2.1545 
3.15449 4.15442 5.15441 6.15435 7.15433 8.15426 9.15418 10.1541 11.154 
12.154 13.154 14.1539 15.1538 16.1538 17.1536 18.1535 19.1534 20.1533 
21.1532 22.1531 23.1531 24.1531 25.1531 26.1531 27.1531 28.1529 29.1527 
30.1505 31.1482 32.1479 33.1479 34.1478 35.1477 36.1477 37.1476 38.1476 
39.1463 40.1457 41.1455 42.1455 43.1455 44.1454 45.1452 -44.6678 -43.8679 
-42.868 -41.8681 -40.8682 -39.8684 -38.8686 -37.869 -36.8716 -35.8719 -34.8721 
-33.8721 -32.8721 -31.8722 -30.8722 -29.8723 -28.8723 -27.8724 -26.8727 -25.8731 
-24.8733 -23.8734 -22.8736 -21.8737 -20.8738 -19.8739 -18.874 -17.874 -16.8741 
-15.8742 -14.8743 -13.8744 -12.8747 -11.8749 -10.875 -9.87513 -8.87525 -7.87533 
-6.87536 -5.87541 -4.87548 -3.87554 -2.87558 -1.87565 -0.875811 0.0585352 1.22574 
2.22571 3.22571 4.22567 5.22563 6.22551 7.22539 8.22523 9.22506 10.2249 
11.2248 12.2248 13.2247 14.2246 15.2245 16.2241 17.2239 18.2239 19.2238 
20.2237 21.2237 22.2237 23.2235 24.2234 25.2228 26.2217 27.2214 28.2213 
29.221 30.221 31.2209 32.2209 33.2202 34.2193 35.2193 36.2192 37.2192 
38.2192 39.2191 40.219 -36.3126 -35.7131 -34.7131 -33.7132 -32.7132 -31.7132 
-30.7133 -29.7133 -28.7134 -27.7135 -26.7137 -25.7138 -24.7139 -23.7141 -22.7141 
-21.7141 -20.7142 -19.7143 -18.7143 -17.7144 -16.7144 -15.7145 -14.7147 -13.7147 
-12.7148 -11.7149 -10.715 -9.71512 -8.71511 -7.71521 -6.71526 -5.71528 -4.71529 
-3.71535 -2.71536 -1.71548 -0.915674 0.279455 1.27933 2.27931 3.27931 4.27926 
5.2792 6.27917 7.2791 8.279 9.27892 10.2788 11.2788 12.2787 13.2787 
14.2786 15.2784 16.2783 17.278 18.2779 19.2777 20.2776 21.2776 22.2776 
23.2775 24.2775 25.2775 26.2775 27.2773 28.277 29.2744 30.2721 31.2719 
32.2719 33.2717 34.2716 35.2716 36.2715 37.2709 38.27 39.2695 40.2694 
41.2694 42.2693 43.2693 44.2691 -45.4139 -44.8144 -43.8148 -42.8152 -41.8153 
-40.8153 -39.8153 -38.8155 -37.8156 -36.8159 -35.8167 -34.8174 -33.8174 -32.8174 
-31.8174 -30.8175 -29.8176 -28.8175 -27.8176 -26.8178 -25.8181 -24.8182 -23.8184 
-22.8185 -21.8186 -20.8187 -19.8187 -18.8188 -17.8188 -16.8189 -15.819 -14.8191 
-13.8192 -12.8194 -11.8195 -10.8196 -9.81965 -8.81972 -7.81977 -6.81979 -5.81987 
-4.81992 -3.81999 -2.82006 -1.82009 -0.820244 0.406388 1.20635 2.20636 3.20634 
4.20629 5.20623 6.20612 7.20604 8.20591 9.20579 10.2057 11.2056 12.2056 
13.2055 14.2053 15.2052 16.2051 17.2049 18.2047 19.2046 20.2046 21.2045 
22.2045 23.2045 24.2044 25.2042 26.2032 27.2024 28.2024 29.2022 30.202 
31.202 32.2019 33.2018 34.2008 35.1992 36.1988 37.1987 38.1987 39.1987 
40.1986 41.1985 -45.5779 -44.7779 -43.7781 -42.7783 -41.7784 -40.7784 -39.7787 
-38.7789 -37.7793 -36.7815 -35.7819 -34.7822 -33.7823 -32.7822 -31.7823 -30.7823 
-29.7824 -28.7824 -27.7825 -26.7827 -25.7828 -24.7831 -23.7833 -22.7834 -21.7836 
-20.7836 -19.7838 -18.7838 -17.7839 -16.784 -15.784 -14.7842 -13.7843 -12.7845 
-11.7846 -10.7846 -9.78475 -8.78485 -7.78485 -6.78493 -5.78498 -4.78501 -3.78503 
-2.78511 -1.78517 -0.785372 -0.18536 1.22343 2.22339 3.2234 4.22339 5.22335 
6.2233 7.22326 8.22317 9.22305 10.223 11.2229 12.2229 13.2228 14.2227 
15.2226 16.2225 17.2224 18.2222 19.222 20.222 21.2219 22.2219 23.2219 
24.2218 25.2218 26.2218 27.2209 28.2188 29.2184 30.2184 31.2183 32.218 
33.2179 34.2179 35.2177 36.2158 37.2148 38.2144 39.2144 40.2144 41.2143 
42.2143 -35.8485 -34.8488 -33.8488 -32.8488 -31.8489 -30.8489 -29.8489 -28.849 
-27.8491 -26.8492 -25.8494 -24.8495 -23.8496 -22.8497 -21.8498 -20.8499 -19.85 
-18.8501 -17.8501 -16.8502 -15.8503 -14.8505 -13.8507 -12.8509 -11.851 -10.8511 
-9.85114 -8.85121 -7.85129 -6.8513 -5.85135 -4.85135 -3.8514 -2.85152 -1.8516 
-0.851772 0.289659 1.28962 2.2896 3.28961 4.28953 5.28948 6.28948 7.28942 
8.28933 9.28922 10.2891 11.2891 12.289 13.289 14.289 15.2888 16.2886 
17.2885 18.2884 19.2883 20.2882 21.2882 22.2881 23.2881 24.2881 25.2881 
26.288 27.2877 28.2864 29.2834 30.2832 31.2832 32.283 33.283 34.2829 
35.2828 36.2825 37.2811 38.2803 39.2802 40.2802 41.2802 42.2801 43.28 
-45.3384 -44.7385 -43.7386 -42.7387 -41.7388 -40.7389 -39.739 -38.7391 -37.7413 
-36.7415 -35.7417 -34.7418 -33.7418 -32.7418 -31.7419 -30.742 -29.742 -28.7421 
-27.7421 -26.7425 -25.7428 -24.743 -23.7431 -22.7433 -21.7434 -20.7435 -19.7435 
-18.7436 -17.7437 -16.7437 -15.7438 -14.744 -13.7441 -12.7442 -11.7443 -10.7444 
-9.74437 -8.74441 -7.74447 -6.7445 -5.74454 -4.74459 -3.74463 -2.74468 -1.74482 
-0.745039 0.373453 1.17332 2.17329 3.17325 4.17321 5.17317 6.17314 7.1731 
8.17302 9.17297 10.1728 11.1728 12.1728 13.1727 14.1726 15.1725 16.1724 
17.1723 18.1721 19.172 20.172 21.1719 22.1719 23.1719 24.1718 25.1718 
26.1718 27.1717 28.1717 29.1713 30.1685 31.168 32.1679 33.1679 34.1677 
35.1676 36.1676 37.1675 38.1668 39.166 40.1658 41.1658 42.1658 43.1657 
44.1656 44.9656 -45.7639 -44.7642 -43.7644 -42.7645 -41.7645 -40.7648 -39.765 
-38.7653 -37.767 -36.7687 -35.7691 -34.7692 -33.7692 -32.7693 -31.7693 -30.7694 
-29.7694 -28.7695 -27.7697 -26.7698 -25.7701 -24.7701 -23.7703 -22.7705 -21.7705 
-20.7707 -19.7707 -18.7708 -17.7708 -16.7709 -15.771 -14.7711 -13.7713 -12.7714 
-11.7715 -10.7716 -9.77172 -8.77177 -7.7718 -6.77184 -5.77186 -4.7719 -3.77196 
-2.77199 -1.77209 -0.97223 1.26171 2.26169 3.26168 4.26166 5.26163 6.2616 
7.26157 8.26149 9.26141 10.2613 11.2613 12.2612 13.2612 14.2611 15.261 
16.2609 17.2608 18.2607 19.2606 20.2605 21.2604 22.2603 23.2603 24.2603 
25.2603 26.2603 27.2602 28.2599 29.2575 30.2564 31.2562 32.2561 33.256 
34.2559 35.2559 36.2557 37.255 38.2539 39.2533 40.2533 41.2533 42.2533 
43.2532 -44.8927 -43.893 -42.8934 -41.8936 -40.8936 -39.8936 -38.8938 -37.8939 
-36.8942 -35.8952 -34.8957 -33.8958 -32.8958 -31.8959 -30.8959 -29.896 -28.896 
-27.896 -26.8962 -25.8966 -24.8968 -23.897 -22.8971 -21.8973 -20.8974 -19.8975 
-18.8975 -17.8975 -16.8976 -15.8977 -14.8979 -13.898 -12.8981 -11.8982 -10.8984 
-9.89843 -8.89853 -7.89856 -6.89858 -5.89862 -4.89864 -3.89869 -2.89874 -1.89881 
-0.898993 0.195957 1.29099 2.29095 3.29094 4.29091 5.29084 6.29077 7.29075 
8.29063 9.29055 10.2904 11.2903 12.2903 13.2902 14.2901 15.2899 16.2899 
17.2899 18.2898 19.2896 20.2895 21.2894 22.2894 23.2894 24.2894 25.2893 
26.2891 27.2883 28.2867 29.2867 30.2866 31.2862 32.2861 33.286 34.286 
35.2856 36.2842 37.2839 38.2839 39.2839 40.2839 41.2838 42.2837 -44.8078 
-43.8082 -42.8083 -41.8085 -40.8086 -39.8088 -38.809 -37.8091 -36.8092 -35.81 
-34.8105 -33.8107 -32.8107 -31.8107 -30.8108 -29.8109 -28.8109 -27.811 -26.8111 
-25.8114 -24.8115 -23.8118 -22.812 -21.8121 -20.8122 -19.8122 -18.8123 -17.8123 
-16.8124 -15.8125 -14.8126 -13.8127 -12.8129 -11.8131 -10.8132 -9.81335 -8.81343 
-7.81354 -6.81358 -5.81366 -4.81375 -3.81385 -2.81395 -1.81407 -0.814451 0.0693835 
1.21139 2.21136 3.21136 4.21131 5.21118 6.21112 7.211 8.21083 9.21073 
10.2106 11.2105 12.2104 13.2103 14.2103 15.21 16.2099 17.2097 18.2096 
19.2095 20.2094 21.2094 22.2094 23.209 24.2089 25.2083 26.2076 27.2075 
28.2075 29.2075 30.2074 31.2074 32.207 33.2058 34.2044 35.2044 36.2044 
37.2043 38.2043 39.2043 -44.6379 -43.8383 -42.8385 -41.8388 -40.8389 -39.8389 
-38.8389 -37.8392 -36.8394 -35.84 -34.8405 -33.8408 -32.8409 -31.8409 -30.8409 
-29.841 -28.841 -27.841 -26.8412 -25.8415 -24.8417 -23.8419 -22.842 -21.8421 
-20.8422 -19.8422 -18.8423 -17.8423 -16.8423 -15.8424 -14.8425 -13.8426 -12.8428 
-11.8429 -10.843 -9.84313 -8.84322 -7.84324 -6.84327 -5.84328 -4.84334 -3.84343 
-2.84347 -1.84359 -0.843719 0.298597 1.24094 2.24093 3.24093 4.2409 5.24081 
6.24075 7.24069 8.24059 9.24051 10.2404 11.2404 12.2403 13.2403 14.2401 
15.24 16.2399 17.2398 18.2397 19.2395 20.2394 21.2394 22.2393 23.2393 
24.2393 25.2392 26.239 27.2379 28.2374 29.2374 30.2373 31.237 32.2369 
33.2369 34.2367 35.2348 36.2339 37.2337 38.2337 39.2338 40.2337 41.2336 
42.0335 -35.5649 -34.765 -33.7651 -32.7651 -31.7651 -30.7653 -29.7653 -28.7654 
-27.7656 -26.7656 -25.766 -24.7662 -23.7663 -22.7664 -21.7666 -20.7666 -19.7667 
-18.7667 -17.7668 -16.7668 -15.7669 -14.7671 -13.7672 -12.7674 -11.7676 -10.7677 
-9.76786 -8.76795 -7.76806 -6.76809 -5.76809 -4.76813 -3.76815 -2.76821 -1.76824 
-0.768268 0.238326 1.23831 2.23829 3.23827 4.23824 5.23822 6.23819 7.23814 
8.23812 9.23805 10.2379 11.2379 12.2379 13.2378 14.2378 15.2377 16.2376 
17.2375 18.2373 19.2372 20.2372 21.2371 22.2371 23.2371 24.237 25.237 
26.2371 27.237 28.237 29.2366 30.2339 31.2335 32.2333 33.2333 34.2332 
35.2331 36.233 37.2329 38.2324 39.2313 40.2308 41.2308 42.2308 43.2307 
44.2305 45.0304 -44.7654 -43.7658 -42.7661 -41.7662 -40.7662 -39.7664 -38.7667 
-37.7667 -36.7667 -35.7671 -34.7673 -33.7674 -32.7674 -31.7675 -30.7675 -29.7676 
-28.7676 -27.7676 -26.7679 -25.7683 -24.7685 -23.7688 -22.7688 -21.769 -20.769 
-19.7691 -18.7692 -17.7692 -16.7693 -15.7693 -14.7694 -13.7696 -12.7698 -11.7699 
-10.77 -9.77007 -8.77013 -7.77019 -6.77024 -5.77026 -4.77032 -3.77034 -2.77041 
-1.77043 -0.770507 0.287569 1.28752 2.28752 3.28751 4.28746 5.28746 6.28738 
7.28738 8.28732 9.28721 10.2871 11.2871 12.2871 13.287 14.287 15.2868 
16.2868 17.2867 18.2866 19.2865 20.2863 21.2863 22.2862 23.2862 24.2862 
25.2862 26.2862 27.2861 28.2857 29.2848 30.2815 31.2811 32.281 33.2809 
34.2808 35.2807 36.2807 37.2805 38.2798 39.2784 40.2781 41.2781 42.2781 
43.278 44.2778 45.0777 -34.8856 -33.8857 -32.8858 -31.8858 -30.8859 -29.8859 
-28.8859 -27.886 -26.8863 -25.8867 -24.8868 -23.887 -22.887 -21.8871 -20.8873 
-19.8873 -18.8874 -17.8874 -16.8875 -15.8876 -14.8876 -13.8878 -12.8879 -11.8881 
-10.8882 -9.8882 -8.88827 -7.88833 -6.88836 -5.88838 -4.88846 -3.88843 -2.88848 
-1.8885 -0.888612 0.0876106 1.2757 2.27568 3.27564 4.27558 5.27554 6.27553 
7.27547 8.27542 9.27533 10.2753 11.2753 12.2752 13.2752 14.2751 15.275 
16.275 17.2748 18.2747 19.2746 20.2745 21.2745 22.2744 23.2745 24.2744 
25.2744 26.2744 27.2744 28.2743 29.274 30.2733 31.2722 32.2715 33.2714 
34.2712 35.271 36.2709 37.2709 38.2709 39.2705 40.2695 41.2686 42.2684 
43.2685 44.2684 45.2683 46.2681 -45.8408 -44.841 -43.8413 -42.8415 -41.8415 
-40.8417 -39.842 -38.8421 -37.8423 -36.8443 -35.8445 -34.8446 -33.8447 -32.8447 
-31.8447 -30.8448 -29.8449 -28.8449 -27.845 -26.8452 -25.8456 -24.8458 -23.8459 
-22.846 -21.8462 -20.8463 -19.8463 -18.8464 -17.8464 -16.8465 -15.8466 -14.8467 
-13.8467 -12.8469 -11.847 -10.8472 -9.84723 -8.84724 -7.84734 -6.84735 -5.84736 
-4.8474 -3.84744 -2.84748 -1.84754 -0.847607 0.197774 1.22047 2.22045 3.22044 
4.22042 5.22037 6.22033 7.22031 8.22024 9.22024 10.2201 11.2201 12.22 
13.22 14.22 15.2199 16.2198 17.2196 18.2195 19.2194 20.2193 21.2193 
22.2193 23.2192 24.2192 25.2192 26.2192 27.2192 28.2191 29.219 30.2184 
31.2172 32.2147 33.2145 34.2143 35.2142 36.214 37.214 38.214 39.2137 
40.2129 41.2119 42.2116 43.2116 44.2116 45.2116 46.2112 -45.7156 -44.7158 
-43.716 -42.7162 -41.7162 -40.7162 -39.7164 -38.7166 -37.7172 -36.7178 -35.7182 
-34.7184 -33.7184 -32.7184 -31.7185 -30.7185 -29.7186 -28.7186 -27.7187 -26.7189 
-25.7193 -24.7196 -23.7197 -22.7198 -21.7198 -20.7199 -19.72 -18.7201 -17.7201 
-16.7202 -15.7203 -14.7205 -13.7206 -12.7208 -11.7209 -10.7209 -9.721 -8.72108 
-7.72112 -6.72118 -5.7212 -4.72126 -3.72124 -2.72137 -1.72146 -0.72167 0.330421 
1.13024 2.13023 3.13023 4.13022 5.13015 6.1301 7.13005 8.13001 9.12986 
10.1297 11.1296 12.1296 13.1295 14.1293 15.1292 16.1291 17.129 18.1288 
19.1286 20.1285 21.1285 22.1285 23.1284 24.1283 25.1282 26.1277 27.1262 
28.1259 29.1258 30.1254 31.1253 32.1253 33.1251 34.1248 35.1226 36.1222 
37.1221 38.1221 39.1221 40.122 41.1219 -44.7723 -43.7728 -42.7732 -41.7733 
-40.7733 -39.7737 -38.7739 -37.7741 -36.7745 -35.7753 -34.7761 -33.7762 -32.7762 
-31.7762 -30.7763 -29.7763 -28.7763 -27.7763 -26.7764 -25.7767 -24.777 -23.7772 
-22.7773 -21.7774 -20.7774 -19.7775 -18.7775 -17.7776 -16.7777 -15.7778 -14.7778 
-13.778 -12.7781 -11.7782 -10.7784 -9.77848 -8.77853 -7.7786 -6.77868 -5.77872 
-4.77876 -3.7788 -2.77876 -1.77888 -0.778909 0.4056 1.20557 2.20559 3.20558 
4.20552 5.20552 6.20545 7.20539 8.20531 9.20524 10.2051 11.2051 12.205 
13.205 14.2049 15.2048 16.2048 17.2046 18.2046 19.2045 20.2044 21.2043 
22.2043 23.2043 24.2043 25.2043 26.2043 27.2041 28.2039 29.201 30.1997 
31.1995 32.1994 33.1992 34.199 35.199 36.1989 37.1985 38.1971 39.1963 
40.1963 41.1962 42.1962 43.1961 44.1959 -45.6698 -44.8698 -43.8701 -42.8705 
-41.8705 -40.8706 -39.8711 -38.8712 -37.8713 -36.8727 -35.8732 -34.8733 -33.8733 
-32.8734 -31.8734 -30.8735 -29.8735 -28.8735 -27.8737 -26.8738 -25.8741 -24.8743 
-23.8745 -22.8745 -21.8747 -20.8747 -19.8748 -18.8749 -17.8749 -16.8749 -15.875 
-14.8752 -13.8753 -12.8754 -11.8756 -10.8758 -9.87591 -8.876 -7.8761 -6.87613 
-5.87616 -4.87619 -3.87621 -2.87624 -1.87635 -0.876405 0.39808 1.19806 2.19807 
3.19806 4.198 5.19794 6.19788 7.19783 8.19774 9.19767 10.1976 11.1976 
12.1976 13.1975 14.1975 15.1974 16.1972 17.197 18.1968 19.1968 20.1967 
21.1966 22.1966 23.1966 24.1966 25.1966 26.1966 27.1965 28.1962 29.196 
30.1922 31.1911 32.1909 33.1909 34.1909 35.1908 36.1907 37.1906 38.1898 
39.1884 40.1881 41.1881 42.188 43.188 44.1878 -35.3268 -34.7268 -33.7269 
-32.7269 -31.7269 -30.727 -29.7271 -28.7272 -27.7273 -26.7274 -25.7277 -24.7279 
-23.7281 -22.7282 -21.7283 -20.7284 -19.7284 -18.7285 -17.7286 -16.7286 -15.7288 
-14.7289 -13.7291 -12.7292 -11.7294 -10.7294 -9.72943 -8.72954 -7.72957 -6.72962 
-5.72962 -4.72967 -3.72968 -2.72971 -1.72971 -0.729803 0.208488 1.17762 2.1776 
3.17755 4.17749 5.17746 6.17745 7.17741 8.17736 9.17728 10.1772 11.1772 
12.1771 13.1771 14.1771 15.177 16.177 17.1769 18.1768 19.1767 20.1765 
21.1764 22.1764 23.1764 24.1764 25.1763 26.1763 27.1763 28.1763 29.1761 
30.1754 31.175 32.174 33.1736 34.1735 35.1732 36.1731 37.173 38.173 
39.173 40.1722 41.1708 42.1701 43.1701 44.17 45.1699 46.1698 -45.3924 
-44.7929 -43.7933 -42.7936 -41.7936 -40.7937 -39.7937 -38.7939 -37.794 -36.7943 
-35.7955 -34.7966 -33.7967 -32.7967 -31.7967 -30.7968 -29.7968 -28.7968 -27.7969 
-26.797 -25.7972 -24.7973 -23.7975 -22.7976 -21.7978 -20.7978 -19.7979 -18.7979 
-17.798 -16.798 -15.7982 -14.7984 -13.7985 -12.7986 -11.7988 -10.7989 -9.79898 
-8.79904 -7.79911 -6.79913 -5.79915 -4.79922 -3.79925 -2.79933 -1.79942 -0.799635 
0.147499 1.29444 2.29443 3.29442 4.29437 5.2943 6.29424 7.29419 8.29408 
9.29405 10.2939 11.2939 12.2939 13.2938 14.2938 15.2936 16.2935 17.2932 
18.2931 19.293 20.2929 21.2928 22.2928 23.2927 24.2927 25.2927 26.2926 
27.2926 28.2904 29.2893 30.2891 31.289 32.2888 33.2886 34.2886 35.2885 
36.2879 37.2862 38.2856 39.2856 40.2856 41.2855 42.2854 43.0853 -45.4707 
-44.8708 -43.8714 -42.8716 -41.8717 -40.8718 -39.8721 -38.8723 -37.8726 -36.8732 
-35.8737 -34.8739 -33.874 -32.874 -31.874 -30.8741 -29.8741 -28.8742 -27.8744 
-26.8745 -25.8748 -24.875 -23.8751 -22.8752 -21.8753 -20.8754 -19.8755 -18.8756 
-17.8756 -16.8756 -15.8757 -14.8757 -13.8759 -12.8761 -11.8762 -10.8762 -9.87628 
-8.87634 -7.87641 -6.87644 -5.87645 -4.87646 -3.87649 -2.87653 -1.87656 -0.876636 
0.0540565 1.21941 2.21939 3.21939 4.21933 5.2193 6.21927 7.21922 8.21917 
9.21908 10.219 11.219 12.2189 13.2189 14.2189 15.2189 16.2188 17.2187 
18.2186 19.2185 20.2184 21.2184 22.2183 23.2183 24.2183 25.2183 26.2183 
27.2183 28.2182 29.2181 30.2176 31.2171 32.2161 33.2158 34.2155 35.2154 
36.2146 37.2145 38.2145 39.2145 40.2144 41.2132 42.2125 43.2123 44.2123 
45.2122 46.2121 -45.602 -44.8022 -43.8024 -42.8026 -41.8028 -40.8028 -39.8031 
-38.8033 -37.8034 -36.8045 -35.8058 -34.8061 -33.8062 -32.8062 -31.8063 -30.8063 
-29.8063 -28.8064 -27.8064 -26.8066 -25.8069 -24.8071 -23.8074 -22.8076 -21.8076 
-20.8077 -19.8078 -18.8078 -17.8079 -16.8079 -15.808 -14.8081 -13.8083 -12.8084 
-11.8086 -10.8087 -9.80872 -8.8088 -7.80891 -6.80894 -5.80898 -4.80903 -3.80906 
-2.80913 -1.80926 -0.809483 0.212572 1.23468 2.23467 3.23467 4.23467 5.23458 
6.23449 7.2344 8.23427 9.23412 10.2341 11.234 12.2339 13.2338 14.2337 
15.2336 16.2334 17.2332 18.2331 19.2331 20.233 21.233 22.2329 23.2327 
24.2325 25.2323 26.2314 27.2305 28.2305 29.2303 30.2302 31.2302 32.2302 
33.2296 34.2271 35.2266 36.2266 37.2265 38.2265 39.2265 40.2265 -45.5859 
-44.7866 -43.7868 -42.787 -41.7872 -40.7873 -39.7875 -38.7878 -37.7881 -36.7884 
-35.7888 -34.7891 -33.7893 -32.7893 -31.7893 -30.7894 -29.7894 -28.7895 -27.7895 
-26.7897 -25.7901 -24.7901 -23.7903 -22.7904 -21.7905 -20.7905 -19.7905 -18.7906 
-17.7906 -16.7906 -15.7908 -14.7908 -13.791 -12.7911 -11.7912 -10.7913 -9.79142 
-8.7915 -7.79155 -6.79162 -5.7916 -4.79162 -3.79166 -2.79171 -1.79172 -0.79176 
0.140098 1.10604 2.10601 3.10595 4.10589 5.10588 6.10584 7.10577 8.10575 
9.10567 10.1056 11.1055 12.1055 13.1054 14.1054 15.1054 16.1052 17.1052 
18.1051 19.1049 20.1048 21.1048 22.1048 23.1048 24.1047 25.1047 26.1047 
27.1046 28.1046 29.1044 30.1039 31.1032 32.1027 33.1021 34.1019 35.1017 
36.1012 37.1011 38.1011 39.1011 40.1011 41.0994 42.0982 43.0982 44.0981 
45.0981 46.098 -35.6845 -34.8857 -33.8858 -32.8859 -31.8859 -30.886 -29.886 
-28.8861 -27.8862 -26.8864 -25.8868 -24.8869 -23.887 -22.8871 -21.8872 -20.8873 
-19.8873 -18.8874 -17.8874 -16.8875 -15.8876 -14.8877 -13.8879 -12.8879 -11.8881 
-10.8881 -9.88827 -8.8884 -7.88841 -6.88849 -5.8885 -4.88854 -3.88856 -2.88861 
-1.88864 -0.888662 0.222763 1.17845 2.17844 3.17839 4.17835 5.17833 6.17832 
7.17825 8.17822 9.17813 10.1781 11.178 12.178 13.178 14.1779 15.1779 
16.1778 17.1777 18.1776 19.1775 20.1774 21.1773 22.1773 23.1773 24.1772 
25.1772 26.1772 27.1772 28.1771 29.1769 30.1763 31.1761 32.175 33.1748 
34.1748 35.1747 36.1745 37.1744 38.1744 39.1743 40.1735 41.1722 42.1716 
43.1715 44.1715 45.1714 46.1713 -44.8748 -43.8752 -42.8757 -41.8758 -40.8759 
-39.8761 -38.8764 -37.8767 -36.877 -35.8781 -34.8783 -33.8784 -32.8785 -31.8786 
-30.8786 -29.8786 -28.8787 -27.8787 -26.8789 -25.8792 -24.8795 -23.8797 -22.8798 
-21.8798 -20.8799 -19.88 -18.8801 -17.8801 -16.8801 -15.8802 -14.8804 -13.8806 
-12.8807 -11.8808 -10.8809 -9.88098 -8.88108 -7.88114 -6.88117 -5.88126 -4.88126 
-3.8813 -2.88128 -1.88134 -0.881374 0.0695174 1.24499 2.24496 3.24493 4.24488 
5.24486 6.24481 7.2448 8.24475 9.24468 10.2446 11.2446 12.2445 13.2445 
14.2445 15.2444 16.2443 17.2442 18.2441 19.244 20.2439 21.2438 22.2437 
23.2437 24.2437 25.2437 26.2437 27.2436 28.2435 29.243 30.2425 31.2418 
32.241 33.2408 34.2407 35.2407 36.2406 37.2406 38.2405 39.2402 40.239 
41.2378 42.2377 43.2377 44.2376 45.2376 46.2374 -45.5081 -44.7082 -43.7083 
-42.7085 -41.7085 -40.7089 -39.7093 -38.7097 -37.7124 -36.7125 -35.7126 -34.7126 
-33.7126 -32.7126 -31.7127 -30.7128 -29.7128 -28.7129 -27.7131 -26.7136 -25.7139 
-24.7139 -23.7141 -22.7143 -21.7143 -20.7144 -19.7145 -18.7145 -17.7146 -16.7147 
-15.7147 -14.715 -13.7151 -12.7153 -11.7154 -10.7155 -9.71557 -8.71564 -7.71569 
-6.71572 -5.71571 -4.71578 -3.71579 -2.71583 -1.71597 -0.916107 0.481511 1.28147 
2.28145 3.28144 4.2814 5.28139 6.28136 7.28132 8.28126 9.28117 10.2811 
11.281 12.281 13.281 14.2809 15.2808 16.2806 17.2805 18.2803 19.2803 
20.2802 21.2801 22.2801 23.2801 24.2801 25.2801 26.2801 27.28 28.2799 
29.2793 30.2785 31.277 32.2768 33.2767 34.2766 35.2765 36.2765 37.2764 
38.2759 39.2751 40.2747 41.2746 42.2746 43.2745 44.2745 45.2743 -45.6086 
-44.8088 -43.809 -42.8091 -41.8092 -40.8092 -39.8094 -38.8094 -37.8101 -36.8129 
-35.8131 -34.8133 -33.8133 -32.8134 -31.8134 -30.8135 -29.8135 -28.8135 -27.8136 
-26.8138 -25.8141 -24.8143 -23.8144 -22.8146 -21.8147 -20.8148 -19.8149 -18.8149 
-17.8149 -16.815 -15.815 -14.8152 -13.8154 -12.8156 -11.8158 -10.8159 -9.81596 
-8.81611 -7.81618 -6.81624 -5.81626 -4.81626 -3.81632 -2.81642 -1.81648 -0.816698 
0.213223 1.22814 2.22813 3.22811 4.22809 5.22799 6.22792 7.22783 8.22767 
9.22753 10.2274 11.2273 12.2272 13.2271 14.227 15.227 16.2268 17.2267 
18.2265 19.2264 20.2263 21.2262 22.2262 23.2261 24.226 25.2259 26.2246 
27.2235 28.2234 29.2231 30.2229 31.2229 32.2228 33.2228 34.222 35.2216 
36.2215 37.2215 38.2214 39.2214 40.2213 -45.5169 -44.7173 -43.7176 -42.7179 
-41.7181 -40.7182 -39.7185 -38.7187 -37.7187 -36.7196 -35.7202 -34.7207 -33.7207 
-32.7208 -31.7208 -30.7209 -29.7209 -28.7209 -27.7209 -26.721 -25.7213 -24.7216 
-23.7218 -22.7219 -21.722 -20.722 -19.722 -18.7221 -17.7222 -16.7222 -15.7223 
-14.7225 -13.7226 -12.7227 -11.7229 -10.7231 -9.72317 -8.72326 -7.72333 -6.72331 
-5.72339 -4.72336 -3.72344 -2.72342 -1.72359 -0.723659 0.623643 1.22363 2.22361 
3.22361 4.22358 5.22358 6.22352 7.22346 8.22338 9.22328 10.2232 11.2231 
12.2231 13.2231 14.2229 15.2229 16.2228 17.2226 18.2225 19.2224 20.2222 
21.2222 22.2221 23.2221 24.2221 25.2221 26.2221 27.222 28.2214 29.2194 
30.2189 31.2188 32.2186 33.2184 34.2183 35.2183 36.218 37.2172 38.216 
39.2155 40.2154 41.2154 42.2154 43.2152 44.015 -35.8599 -34.8606 -33.8607 
-32.8607 -31.8608 -30.8608 -29.8608 -28.8609 -27.861 -26.8611 -25.8615 -24.8616 
-23.8617 -22.8619 -21.862 -20.8621 -19.8621 -18.8622 -17.8622 -16.8623 -15.8624 
-14.8624 -13.8626 -12.8627 -11.8628 -10.8629 -9.86298 -8.86302 -7.86311 -6.86315 
-5.86315 -4.86322 -3.86323 -2.86329 -1.86333 -0.863367 0.142535 1.14847 2.14849 
3.14846 4.14843 5.14837 6.14836 7.14833 8.14826 9.14818 10.1481 11.148 
12.148 13.148 14.1479 15.1479 16.1478 17.1477 18.1476 19.1475 20.1475 
21.1473 22.1473 23.1473 24.1473 25.1472 26.1473 27.1473 28.1472 29.1469 
30.1464 31.1453 32.1447 33.1443 34.1441 35.1441 36.144 37.144 38.144 
39.1437 40.143 41.1421 42.1417 43.1417 44.1417 45.1416 46.1413 -35.582 
-34.782 -33.7821 -32.7821 -31.7822 -30.7822 -29.7822 -28.7823 -27.7825 -26.7826 
-25.783 -24.7831 -23.7832 -22.7833 -21.7835 -20.7836 -19.7836 -18.7837 -17.7837 
-16.7838 -15.7838 -14.7839 -13.7841 -12.7842 -11.7843 -10.7844 -9.78446 -8.78459 
-7.78461 -6.78465 -5.78466 -4.78469 -3.78474 -2.78473 -1.78479 -0.784818 0.13898 
1.10092 2.10087 3.10083 4.1008 5.10077 6.10073 7.10068 8.10063 9.10055 
10.1005 11.1005 12.1004 13.1004 14.1003 15.1003 16.1003 17.1002 18.1001 
19.1 20.0999 21.0999 22.0999 23.0998 24.0998 25.0998 26.0998 27.0997 
28.0997 29.0996 30.0994 31.099 32.0982 33.0978 34.0974 35.0974 36.0964 
37.0961 38.0961 39.096 40.096 41.0959 42.0947 43.2941 44.294 45.294 
46.2939 -36.5941 -35.7944 -34.7945 -33.7946 -32.7946 -31.7947 -30.7947 -29.7948 
-28.7949 -27.7951 -26.7951 -25.7954 -24.7955 -23.7957 -22.7957 -21.7959 -20.7959 
-19.796 -18.7961 -17.7961 -16.7961 -15.7963 -14.7965 -13.7965 -12.7966 -11.7967 
-10.7967 -9.79686 -8.79693 -7.797 -6.79699 -5.79705 -4.79711 -3.79713 -2.79721 
-1.7973 -0.797373 1.18091 2.18092 3.18089 4.18087 5.18085 6.18079 7.18078 
8.18071 9.18065 10.1805 11.1804 12.1804 13.1804 14.1803 15.1802 16.1802 
17.18 18.1798 19.1796 20.1796 21.1794 22.1794 23.1794 24.1793 25.1793 
26.1793 27.1793 28.1791 29.1781 30.1745 31.1742 32.1741 33.174 34.1738 
35.1738 36.1737 37.1735 38.1727 39.1718 40.1713 41.1713 42.1713 43.1713 
44.1711 -45.6879 -44.888 -43.8881 -42.8883 -41.8884 -40.8885 -39.8887 -38.8888 
-37.8889 -36.8902 -35.8914 -34.8915 -33.8916 -32.8916 -31.8916 -30.8917 -29.8917 
-28.8917 -27.8918 -26.892 -25.8923 -24.8926 -23.8929 -22.893 -21.8931 -20.8932 
-19.8933 -18.8933 -17.8934 -16.8935 -15.8935 -14.8937 -13.8938 -12.894 -11.8942 
-10.8943 -9.89449 -8.89461 -7.89465 -6.8947 -5.8947 -4.89477 -3.8948 -2.89487 
-1.89506 -0.895187 0.237196 1.20344 2.20341 3.20339 4.20337 5.20333 6.20325 
7.2031 8.20292 9.20282 10.2027 11.2026 12.2026 13.2025 14.2024 15.2023 
16.2021 17.202 18.2019 19.2018 20.2017 21.2016 22.2014 23.2013 24.2011 
25.2004 26.2004 27.2004 28.2002 29.2002 30.2002 31.2001 32.1999 33.1975 
34.1962 35.1961 36.196 37.196 38.196 39.1959 39.9958 -45.3295 -44.7296 
-43.7297 -42.7298 -41.7298 -40.73 -39.7301 -38.7302 -37.7331 -36.7356 -35.7361 
-34.7361 -33.7362 -32.7362 -31.7362 -30.7363 -29.7364 -28.7364 -27.7365 -26.7369 
-25.7371 -24.7373 -23.7374 -22.7375 -21.7376 -20.7377 -19.7378 -18.7379 -17.7379 
-16.738 -15.738 -14.7382 -13.7383 -12.7384 -11.7385 -10.7385 -9.73857 -8.73863 
-7.73867 -6.73865 -5.7387 -4.73874 -3.73874 -2.73881 -1.73895 -0.739097 -0.139095 
1.23595 2.23593 3.2359 4.23589 5.23584 6.23582 7.2358 8.2357 9.23562 
10.2355 11.2355 12.2354 13.2354 14.2353 15.2352 16.2351 17.2349 18.2346 
19.2346 20.2345 21.2345 22.2345 23.2344 24.2344 25.2344 26.2344 27.2344 
28.2342 29.2338 30.2335 31.231 32.2306 33.2305 34.2304 35.2304 36.2303 
37.2303 38.23 39.2292 40.2285 41.2285 42.2285 43.2285 44.2284 45.2282 
-45.3272 -44.7279 -43.728 -42.7284 -41.7285 -40.7285 -39.7285 -38.7287 -37.7289 
-36.7294 -35.7299 -34.7301 -33.7302 -32.7302 -31.7302 -30.7303 -29.7303 -28.7303 
-27.7304 -26.7305 -25.7309 -24.7311 -23.7313 -22.7314 -21.7315 -20.7316 -19.7316 
-18.7316 -17.7317 -16.7317 -15.7318 -14.7319 -13.7321 -12.7323 -11.7325 -10.7327 
-9.7327 -8.73274 -7.73281 -6.73284 -5.73291 -4.73291 -3.73294 -2.73299 -1.73305 
-0.733044 0.114188 1.16142 2.16142 3.16141 4.16138 5.16132 6.1613 7.16125 
8.16122 9.16117 10.1611 11.1611 12.161 13.161 14.1609 15.1609 16.1608 
17.1606 18.1604 19.1603 20.1602 21.1602 22.1602 23.1602 24.1602 25.1601 
26.1601 27.1601 28.1599 29.1594 30.1589 31.1557 32.1549 33.1547 34.1546 
35.1545 36.1545 37.1544 38.1543 39.1535 40.1522 41.1518 42.1519 43.1518 
44.1518 45.1517 -44.7098 -43.71 -42.7101 -41.7101 -40.7103 -39.7105 -38.7106 
-37.7112 -36.7123 -35.7124 -34.7126 -33.7126 -32.7126 -31.7126 -30.7127 -29.7127 
-28.7127 -27.713 -26.7132 -25.7137 -24.7138 -23.714 -22.714 -21.7141 -20.7142 
-19.7143 -18.7143 -17.7144 -16.7144 -15.7145 -14.7147 -13.7148 -12.715 -11.7151 
-10.7152 -9.71523 -8.71533 -7.71543 -6.71546 -5.71553 -4.71558 -3.71562 -2.71574 
-1.71582 -0.715975 0.258288 1.24546 2.24544 3.24545 4.24543 5.24536 6.24529 
7.24524 8.24522 9.24514 10.245 11.245 12.2449 13.2449 14.2448 15.2445 
16.2445 17.2443 18.2443 19.2442 20.2441 21.2441 22.244 23.244 24.244 
25.2439 26.2437 27.2431 28.2413 29.2407 30.2407 31.2407 32.2405 33.2404 
34.2404 35.2401 36.2393 37.2383 38.2382 39.2381 40.2381 41.2381 42.238 
-45.8176 -44.8177 -43.818 -42.8182 -41.8182 -40.8184 -39.8187 -38.8188 -37.8196 
-36.8209 -35.8215 -34.8216 -33.8216 -32.8217 -31.8217 -30.8217 -29.8218 -28.8218 
-27.8219 -26.8221 -25.8224 -24.8226 -23.8227 -22.8229 -21.823 -20.8231 -19.8232 
-18.8232 -17.8233 -16.8234 -15.8234 -14.8236 -13.8237 -12.8238 -11.824 -10.8241 
-9.82421 -8.82426 -7.82434 -6.82438 -5.82439 -4.82442 -3.82444 -2.8245 -1.82452 
-0.82456 0.202691 1.2027 2.20267 3.20267 4.20263 5.2026 6.20258 7.20254 
8.20246 9.20242 10.2023 11.2023 12.2023 13.2022 14.2022 15.2021 16.202 
17.2019 18.2018 19.2017 20.2016 21.2016 22.2015 23.2015 24.2015 25.2015 
26.2015 27.2015 28.2014 29.2011 30.2006 31.199 32.1973 33.1968 34.1966 
35.1965 36.1964 37.1964 38.1963 39.196 40.1953 41.1945 42.1942 43.1942 
44.1942 45.1941 46.1937 -44.7892 -43.7895 -42.7899 -41.79 -40.7901 -39.79 
-38.7902 -37.7904 -36.7907 -35.7921 -34.793 -33.7931 -32.7931 -31.7931 -30.7932 
-29.7933 -28.7933 -27.7933 -26.7935 -25.7936 -24.7939 -23.794 -22.7941 -21.7943 
-20.7943 -19.7944 -18.7944 -17.7944 -16.7945 -15.7945 -14.7947 -13.7948 -12.7949 
-11.7951 -10.7952 -9.79525 -8.79532 -7.79537 -6.79539 -5.79543 -4.79546 -3.79551 
-2.79559 -1.79565 -0.795955 0.176298 1.14852 2.14851 3.14852 4.14849 5.14842 
6.14832 7.14826 8.14816 9.14803 10.1479 11.1478 12.1478 13.1477 14.1474 
15.1473 16.1472 17.147 18.1469 19.1468 20.1467 21.1467 22.1467 23.1466 
24.1465 25.1463 26.1455 27.1448 28.1448 29.1447 30.1445 31.1444 32.1443 
33.1442 34.1432 35.1412 36.1405 37.1405 38.1404 39.1403 40.1403 41.1402 
-45.7333 -44.7334 -43.7338 -42.7339 -41.734 -40.7341 -39.7344 -38.7345 -37.7355 
-36.7368 -35.7376 -34.7376 -33.7377 -32.7377 -31.7378 -30.7378 -29.7379 -28.7379 
-27.7379 -26.7382 -25.7386 -24.7388 -23.7389 -22.739 -21.7391 -20.7392 -19.7392 
-18.7393 -17.7394 -16.7394 -15.7395 -14.7396 -13.7398 -12.7399 -11.7401 -10.7403 
-9.74034 -8.74046 -7.74047 -6.7405 -5.74052 -4.74053 -3.7406 -2.74064 -1.74069 
-0.740707 0.366697 1.16668 2.16668 3.16665 4.16662 5.16661 6.16656 7.16656 
8.16648 9.16648 10.1664 11.1663 12.1663 13.1662 14.1662 15.1661 16.1661 
17.1659 18.1658 19.1658 20.1656 21.1656 22.1656 23.1655 24.1655 25.1655 
26.1655 27.1655 28.1654 29.1653 30.1647 31.1633 32.1622 33.1621 34.162 
35.1618 36.1618 37.1617 38.1617 39.1612 40.1604 41.1596 42.1594 43.1594 
44.1594 45.1594 46.1592 -44.748 -43.7481 -42.7482 -41.7482 -40.7482 -39.7483 
-38.7485 -37.7491 -36.7518 -35.7519 -34.7521 -33.7521 -32.7521 -31.7522 -30.7522 
-29.7522 -28.7523 -27.7524 -26.7526 -25.753 -24.7533 -23.7534 -22.7535 -21.7536 
-20.7537 -19.7538 -18.7539 -17.7539 -16.754 -15.754 -14.7542 -13.7544 -12.7547 
-11.7548 -10.7549 -9.75502 -8.75512 -7.75513 -6.75521 -5.75525 -4.7553 -3.75534 
-2.75538 -1.75553 -0.755635 0.216902 1.20315 2.20312 3.20311 4.20308 5.20297 
6.20288 7.20277 8.20261 9.20246 10.2024 11.2023 12.2022 13.2021 14.2021 
15.202 16.2016 17.2015 18.2013 19.2011 20.2011 21.2011 22.201 23.2009 
24.2008 25.2005 26.1992 27.1984 28.1983 29.198 30.198 31.1979 32.1978 
33.1976 34.1963 35.1963 36.1963 37.1963 38.1963 39.1962 40.1961 -45.5455 
-44.7457 -43.7462 -42.7464 -41.7465 -40.7466 -39.7471 -38.7473 -37.7476 -36.7491 
-35.7491 -34.7493 -33.7493 -32.7494 -31.7494 -30.7494 -29.7495 -28.7496 -27.7496 
-26.7498 -25.7501 -24.7503 -23.7504 -22.7505 -21.7506 -20.7507 -19.7508 -18.7508 
-17.7508 -16.7509 -15.7509 -14.751 -13.7512 -12.7513 -11.7515 -10.7517 -9.75177 
-8.75178 -7.75188 -6.75192 -5.75196 -4.75197 -3.752 -2.75205 -1.75219 -0.752306 
0.33556 1.13553 2.13553 3.13552 4.1355 5.13541 6.13535 7.13529 8.13522 
9.13515 10.1351 11.1351 12.1351 13.135 14.1349 15.1349 16.1348 17.1346 
18.1345 19.1344 20.1342 21.1342 22.1341 23.1341 24.1341 25.1341 26.1341 
27.134 28.1335 29.1332 30.1295 31.1283 32.1281 33.128 34.128 35.1279 
36.1278 37.1278 38.1272 39.1258 40.1254 41.1254 42.1254 43.1253 44.1252 
45.125 -44.8961 -43.8964 -42.8969 -41.8971 -40.8971 -39.8974 -38.8978 -37.8981 
-36.8984 -35.8988 -34.8991 -33.8992 -32.8993 -31.8993 -30.8994 -29.8994 -28.8994 
-27.8994 -26.8994 -25.8997 -24.9 -23.9002 -22.9003 -21.9004 -20.9005 -19.9005 
-18.9005 -17.9006 -16.9006 -15.9007 -14.9008 -13.901 -12.9011 -11.9013 -10.9014 
-9.90146 -8.90152 -7.90162 -6.90171 -5.90175 -4.90178 -3.90181 -2.90184 -1.9019 
-0.901962 0.167633 1.20247 2.20244 3.20243 4.20241 5.20241 6.20234 7.20228 
8.20222 9.20218 10.2021 11.2021 12.202 13.202 14.2019 15.2018 16.2016 
17.2015 18.2013 19.2012 20.2011 21.2011 22.201 23.201 24.201 25.201 
26.201 27.2009 28.2008 29.1996 30.1963 31.1961 32.1961 33.1961 34.196 
35.1959 36.1958 37.1954 38.1946 39.1933 40.1932 41.1931 42.1931 43.1931 
44.1927 -45.6995 -44.8995 -43.8997 -42.9 -41.9001 -40.9002 -39.9005 -38.9008 
-37.901 -36.9031 -35.9033 -34.9035 -33.9035 -32.9036 -31.9036 -30.9037 -29.9037 
-28.9038 -27.904 -26.9042 -25.9043 -24.9045 -23.9046 -22.9047 -21.9048 -20.9049 
-19.905 -18.9051 -17.9051 -16.9052 -15.9052 -14.7054 -13.7056 -12.7056 -11.7057 
-10.7058 -9.70599 -8.70608 -7.7061 -6.70616 -5.7062 -4.70627 -3.70627 -2.7063 
-1.70637 -0.706428 0.462358 1.26238 2.26238 3.26233 4.26229 5.26225 6.26218 
7.26215 8.26209 9.26203 10.262 11.2619 12.2619 13.2618 14.2618 15.2618 
16.2615 17.2614 18.2613 19.2612 20.2611 21.261 22.261 23.261 24.261 
25.261 26.261 27.2609 28.2608 29.2604 30.2601 31.2601 32.2598 33.2597 
34.2594 35.2594 36.2593 37.2593 38.259 39.2586 40.2579 41.2574 42.2574 
43.2574 44.2574 45.2571 -45.7747 -44.7749 -43.7753 -42.7754 -41.7754 -40.7756 
-39.776 -38.7762 -37.7775 -36.7791 -35.7793 -34.7794 -33.7794 -32.7795 -31.7795 
-30.7795 -29.7796 -28.7797 -27.7798 -26.7798 -25.78 -24.7801 -23.7802 -22.7804 
-21.7805 -20.7807 -19.7807 -18.7808 -17.7808 -16.7809 -15.781 -14.7812 -13.7813 
-12.7815 -11.7816 -10.7817 -9.78176 -8.78183 -7.78188 -6.7819 -5.78193 -4.78197 
-3.782 -2.78203 -1.78217 -0.982179 0.319596 1.11959 2.11959 3.11956 4.11954 
5.1195 6.11943 7.11942 8.11934 9.11927 10.1192 11.1191 12.1191 13.119 
14.119 15.1189 16.1187 17.1186 18.1185 19.1184 20.1183 21.1182 22.1182 
23.1182 24.1181 25.1181 26.1181 27.1181 28.118 29.1174 30.1148 31.1144 
32.1142 33.1142 34.1141 35.114 36.114 37.1138 38.1132 39.1118 40.1114 
41.1114 42.1113 43.1113 44.111 44.9109 -45.5179 -44.7181 -43.7182 -42.7184 
-41.7185 -40.7186 -39.7186 -38.7188 -37.7189 -36.7204 -35.7214 -34.7216 -33.7217 
-32.7217 -31.7218 -30.7218 -29.7219 -28.7219 -27.722 -26.7222 -25.7223 -24.7226 
-23.7228 -22.7229 -21.7229 -20.723 -19.7231 -18.7232 -17.7232 -16.7233 -15.7234 
-14.7235 -13.7237 -12.7238 -11.724 -10.724 -9.72408 -8.72418 -7.72421 -6.72419 
-5.72424 -4.72428 -3.72432 -2.72444 -1.72455 -0.724657 0.303611 1.10355 2.10355 
3.10354 4.10354 5.10348 6.10342 7.10335 8.10321 9.10308 10.103 11.1029 
12.1029 13.1028 14.1025 15.1024 16.1023 17.1022 18.1022 19.102 20.102 
21.1019 22.1019 23.1018 24.1017 25.1014 26.1007 27.0999 28.0999 29.0996 
30.0994 31.0994 32.0993 33.0992 34.0975 35.0956 36.0955 37.0954 38.0955 
39.0954 40.0954 -34.8781 -33.8782 -32.8783 -31.8783 -30.8784 -29.8784 -28.8785 
-27.8786 -26.8788 -25.8792 -24.8792 -23.8794 -22.8795 -21.8796 -20.8797 -19.8798 
-18.8798 -17.8799 -16.8799 -15.88 -14.8802 -13.8804 -12.8805 -11.8807 -10.8807 
-9.88075 -8.88088 -7.88093 -6.88095 -5.88098 -4.88099 -3.88104 -2.88105 -1.88109 
-0.881169 0.235649 1.19409 2.19407 3.19403 4.19396 5.19393 6.19391 7.19386 
8.19382 9.19374 10.1937 11.1936 12.1936 13.1936 14.1935 15.1935 16.1934 
17.1933 18.1932 19.1931 20.1931 21.193 22.193 23.1929 24.1929 25.1929 
26.1929 27.1929 28.1929 29.1927 30.1924 31.1916 32.1912 33.1911 34.1907 
35.1907 36.1899 37.1897 38.1896 39.1896 40.1895 41.1861 42.1827 43.1826 
44.1826 45.1826 46.1825 -45.3203 -44.7202 -43.7204 -42.7204 -41.7204 -40.7206 
-39.7207 -38.7208 -37.7214 -36.7217 -35.7218 -34.7218 -33.7219 -32.7219 -31.7219 
-30.722 -29.722 -28.7221 -27.7222 -26.7224 -25.7227 -24.723 -23.7232 -22.7234 
-21.7234 -20.7235 -19.7236 -18.7237 -17.7237 -16.7238 -15.7238 -14.724 -13.7241 
-12.7243 -11.7244 -10.7245 -9.72459 -8.72473 -7.72475 -6.72486 -5.72491 -4.72492 
-3.72501 -2.72502 -1.72529 -0.725566 0.176364 1.12673 2.12672 3.12669 4.12665 
5.12662 6.12652 7.12637 8.12629 9.12617 10.1261 11.126 12.1259 13.1259 
14.1257 15.1255 16.1254 17.1252 18.1249 19.1248 20.1247 21.1246 22.1246 
23.1246 24.1246 25.1246 26.1243 27.1229 28.1221 29.122 30.1219 31.1217 
32.1216 33.1216 34.1214 35.1199 36.1191 37.1187 38.1187 39.1187 40.1187 
41.1186 41.9185 -44.8719 -43.8721 -42.8725 -41.8726 -40.8727 -39.8729 -38.8731 
-37.8733 -36.8742 -35.8755 -34.8765 -33.8766 -32.8766 -31.8767 -30.8767 -29.8768 
-28.8769 -27.8769 -26.8772 -25.8775 -24.8777 -23.878 -22.878 -21.8781 -20.8782 
-19.8782 -18.8783 -17.8783 -16.8784 -15.8784 -14.8786 -13.8788 -12.8789 -11.8791 
-10.8792 -9.87933 -8.87939 -7.8795 -6.87955 -5.8796 -4.87959 -3.87962 -2.8797 
-1.87975 -0.879816 0.262988 1.26299 2.263 3.26296 4.26292 5.26288 6.26282 
7.2628 8.26277 9.2627 10.2626 11.2625 12.2625 13.2625 14.2625 15.2623 
16.2622 17.2621 18.2619 19.2618 20.2617 21.2616 22.2616 23.2616 24.2616 
25.2616 26.2616 27.2615 28.2613 29.2608 30.2603 31.2583 32.2581 33.2579 
34.2577 35.2576 36.2575 37.2575 38.2572 39.2564 40.2557 41.2553 42.2552 
43.2553 44.2553 45.255 -45.4154 -44.8156 -43.8159 -42.8161 -41.8163 -40.8163 
-39.8166 -38.8168 -37.8169 -36.8174 -35.819 -34.8192 -33.8193 -32.8193 -31.8193 
-30.8194 -29.8194 -28.8195 -27.8196 -26.8198 -25.8199 -24.8201 -23.8203 -22.8204 
-21.8206 -20.8206 -19.8207 -18.8207 -17.8208 -16.8208 -15.8209 -14.821 -13.8211 
-12.8213 -11.8214 -10.8215 -9.8216 -8.82169 -7.82176 -6.82186 -5.82188 -4.82197 
-3.82195 -2.82206 -1.82216 -0.8225 0.176205 1.17545 2.17541 3.17539 4.17538 
5.17529 6.17524 7.17515 8.17497 9.17481 10.1747 11.1746 12.1745 13.1744 
14.1743 15.1741 16.1739 17.1738 18.1735 19.1734 20.1733 21.1733 22.1732 
23.1729 24.1728 25.1725 26.1712 27.1708 28.1707 29.1706 30.1705 31.1705 
32.1704 33.1699 34.1678 35.1673 36.1673 37.1673 38.1673 39.1672 40.1672 
-45.5006 -44.9007 -43.901 -42.9014 -41.9014 -40.9014 -39.9014 -38.9016 -37.9017 
-36.9035 -35.9047 -34.9051 -33.9052 -32.9052 -31.9052 -30.7053 -29.7053 -28.7054 
-27.7054 -26.7057 -25.7059 -24.7063 -23.7065 -22.7066 -21.7067 -20.7067 -19.7068 
-18.7069 -17.7069 -16.707 -15.707 -14.7072 -13.7074 -12.7075 -11.7076 -10.7077 
-9.7078 -8.70783 -7.7079 -6.70795 -5.70799 -4.70801 -3.70806 -2.70818 -1.70821 
-0.708373 0.389717 1.18973 2.1897 3.1897 4.18969 5.18962 6.18959 7.18954 
8.18946 9.18933 10.1893 11.1893 12.1892 13.1891 14.1888 15.1888 16.1886 
17.1885 18.1884 19.1882 20.1882 21.1882 22.1882 23.188 24.188 25.1878 
26.1871 27.1863 28.1861 29.1859 30.1856 31.1855 32.1855 33.1853 34.1845 
35.1823 36.1821 37.1821 38.1821 39.1821 40.1821 40.9819 -44.8746 -43.8748 
-42.8749 -41.8749 -40.8751 -39.8753 -38.8755 -37.8789 -36.8807 -35.881 -34.881 
-33.881 -32.8811 -31.8811 -30.8812 -29.8812 -28.8812 -27.8814 -26.8817 -25.882 
-24.8822 -23.8822 -22.8823 -21.8824 -20.8825 -19.8826 -18.8827 -17.8827 -16.8828 
-15.8829 -14.8831 -13.8832 -12.8833 -11.8835 -10.8835 -9.88359 -8.8836 -7.88367 
-6.8837 -5.88374 -4.88375 -3.88377 -2.8838 -1.88395 -0.884091 -0.284093 1.15274 
2.15274 3.15274 4.1527 5.15269 6.1527 7.15265 8.15261 9.15252 10.1524 
11.1523 12.1523 13.1523 14.1522 15.1521 16.152 17.1518 18.1516 19.1515 
20.1514 21.1513 22.1513 23.1513 24.1513 25.1513 26.1512 27.1512 28.1511 
29.1507 30.1502 31.1469 32.1465 33.1464 34.1463 35.1461 36.1461 37.146 
38.1458 39.1454 40.145 41.1448 42.1448 43.1447 44.1447 45.1445 -45.4064 
-44.8068 -43.8073 -42.8075 -41.8075 -40.8077 -39.8082 -38.8085 -37.8088 -36.8093 
-35.8106 -34.811 -33.8111 -32.8112 -31.8113 -30.8113 -29.8113 -28.8113 -27.8114 
-26.8115 -25.8118 -24.8119 -23.812 -22.8122 -21.8124 -20.8125 -19.8125 -18.8125 
-17.8126 -16.8127 -15.8128 -14.813 -13.8131 -12.8132 -11.8133 -10.8133 -9.81347 
-8.81361 -7.81366 -6.81368 -5.81373 -4.81376 -3.81378 -2.81381 -1.81385 -0.813884 
0.0794261 1.22607 2.22605 3.22601 4.22598 5.22594 6.22592 7.22583 8.2258 
9.22571 10.2257 11.2256 12.2256 13.2256 14.2255 15.2255 16.2254 17.2253 
18.2253 19.2252 20.2251 21.225 22.225 23.225 24.225 25.2249 26.2249 
27.2249 28.2249 29.2247 30.2243 31.2238 32.2233 33.2227 34.2225 35.2222 
36.2216 37.2215 38.2215 39.2214 40.2214 41.1569 42.1247 43.1246 44.1245 
45.1245 46.1243 -44.7671 -43.7676 -42.7681 -41.7682 -40.7682 -39.7685 -38.7688 
-37.769 -36.7694 -35.7707 -34.7715 -33.7716 -32.7717 -31.7717 -30.7717 -29.7718 
-28.7718 -27.7718 -26.772 -25.7724 -24.7725 -23.7726 -22.7727 -21.7728 -20.7729 
-19.773 -18.773 -17.773 -16.7731 -15.7732 -14.7733 -13.7735 -12.7736 -11.7737 
-10.7738 -9.77393 -8.77404 -7.77408 -6.77408 -5.77412 -4.77417 -3.7742 -2.77422 
-1.77426 -0.774273 0.171984 1.14508 2.14506 3.14504 4.14499 5.14495 6.14493 
7.14491 8.14486 9.14479 10.1447 11.1447 12.1446 13.1446 14.1445 15.1445 
16.1444 17.1443 18.1443 19.1441 20.144 21.144 22.144 23.1439 24.1439 
25.1439 26.1439 27.1439 28.1437 29.1437 30.1429 31.1415 32.1412 33.1411 
34.1409 35.1408 36.1408 37.1407 38.1404 39.1397 40.1388 41.1385 42.1385 
43.1384 44.1384 45.1382 -45.5997 -44.7998 -43.8 -42.8001 -41.8002 -40.8002 
-39.8004 -38.8006 -37.8008 -36.8028 -35.8032 -34.8033 -33.8034 -32.8034 -31.8034 
-30.8034 -29.8035 -28.8035 -27.8036 -26.8039 -25.8041 -24.8043 -23.8045 -22.8045 
-21.8047 -20.8048 -19.8049 -18.805 -17.805 -16.8051 -15.8052 -14.8054 -13.8056 
-12.8058 -11.8059 -10.8059 -9.80598 -8.80611 -7.80616 -6.80621 -5.80625 -4.80626 
-3.80629 -2.80641 -1.80648 -0.806648 0.309924 1.10986 2.10986 3.10987 4.10984 
5.10971 6.10969 7.10961 8.10954 9.10942 10.1093 11.1092 12.1092 13.1091 
14.1089 15.1089 16.1087 17.1085 18.1084 19.1082 20.1081 21.1081 22.108 
23.108 24.1079 25.1079 26.1075 27.1072 28.1069 29.1068 30.1064 31.1063 
32.1063 33.1062 34.1058 35.1037 36.103 37.1029 38.1029 39.1028 40.1028 
41.1027 -45.6688 -44.869 -43.8692 -42.8694 -41.8695 -40.8698 -39.8702 -38.8703 
-37.8705 -36.8733 -35.8741 -34.8744 -33.8745 -32.8745 -31.8746 -30.8746 -29.8747 
-28.8747 -27.8748 -26.8749 -25.8752 -24.8754 -23.8755 -22.8756 -21.8757 -20.8758 
-19.8759 -18.8759 -17.876 -16.8761 -15.8762 -14.8762 -13.8763 -12.8764 -11.8766 
-10.8766 -9.87674 -8.87682 -7.87686 -6.87688 -5.87692 -4.87693 -3.87696 -2.87698 
-1.877 -0.877057 0.0443216 1.205 2.205 3.20497 4.20492 5.2049 6.20486 
7.20482 8.20474 9.20465 10.2046 11.2046 12.2045 13.2045 14.2045 15.2045 
16.2043 17.2043 18.2042 19.2041 20.204 21.204 22.2039 23.2039 24.2039 
25.2039 26.2039 27.2038 28.2039 29.2038 30.2037 31.2032 32.2023 33.2017 
34.2013 35.2012 36.2004 37.2 38.1999 39.1999 40.1998 41.1997 42.1998 
43.1997 44.1996 45.1996 46.1995 46.9993 -44.8332 -43.8337 -42.8337 -41.8338 
-40.8339 -39.8342 -38.8343 -37.8345 -36.8351 -35.8358 -34.8367 -33.8368 -32.8368 
-31.8369 -30.8369 -29.837 -28.837 -27.837 -26.8372 -25.8375 -24.8378 -23.838 
-22.838 -21.8382 -20.8382 -19.8382 -18.8383 -17.8383 -16.8384 -15.8384 -14.8386 
-13.8388 -12.8389 -11.8391 -10.8392 -9.83927 -8.83931 -7.83941 -6.83942 -5.83948 
-4.8395 -3.83952 -2.83957 -1.83967 -0.839686 0.316248 1.11625 2.11624 3.11623 
4.11617 5.11616 6.11612 7.11607 8.11607 9.11599 10.1159 11.1158 12.1158 
13.1157 14.1157 15.1156 16.1155 17.1153 18.1152 19.1151 20.115 21.1149 
22.1149 23.1149 24.1149 25.1149 26.1148 27.1148 28.1147 29.1142 30.1137 
31.1116 32.1115 33.1113 34.111 35.1109 36.1109 37.1108 38.1106 39.1101 
40.1091 41.1087 42.1086 43.1086 44.1086 45.1083 45.9082 -45.6535 -44.8536 
-43.8537 -42.8539 -41.8539 -40.854 -39.8541 -38.8542 -37.8543 -36.8557 -35.8559 
-34.856 -33.8561 -32.8561 -31.8561 -30.8562 -29.8562 -28.8563 -27.8563 -26.8565 
-25.8569 -24.8571 -23.8573 -22.8574 -21.8574 -20.8576 -19.8577 -18.8577 -17.8578 
-16.8578 -15.8578 -14.8579 -13.858 -12.8582 -11.8584 -10.8585 -9.85871 -8.8588 
-7.85889 -6.8589 -5.85895 -4.85898 -3.85903 -2.85907 -1.85928 -0.859396 0.26456 
1.2266 2.22658 3.22657 4.22653 5.2265 6.22642 7.22626 8.22608 9.22591 
10.2258 11.2257 12.2257 13.2256 14.2255 15.2253 16.2252 17.2249 18.2248 
19.2247 20.2247 21.2246 22.2245 23.2243 24.2242 25.2234 26.2218 27.2216 
28.2215 29.2214 30.2214 31.2213 32.2211 33.2192 34.2183 35.2182 36.2182 
37.2182 38.2181 39.2181 40.018 -45.8742 -44.8742 -43.8746 -42.8747 -41.8747 
-40.875 -39.8753 -38.8755 -37.8776 -36.8796 -35.8796 -34.8798 -33.8798 -32.8798 
-31.8799 -30.88 -29.8801 -28.8801 -27.8802 -26.8803 -25.8805 -24.8807 -23.8808 
-22.881 -21.8811 -20.8812 -19.8812 -18.8813 -17.8813 -16.8814 -15.8815 -14.8817 
-13.8818 -12.882 -11.8822 -10.8823 -9.88243 -8.8825 -7.88261 -6.88261 -5.88265 
-4.88263 -3.88268 -2.88267 -1.88274 -0.882799 0.251693 1.18626 2.18623 3.18621 
4.18618 5.18615 6.18609 7.18605 8.186 9.18597 10.1859 11.1858 12.1858 
13.1857 14.1857 15.1856 16.1855 17.1853 18.1852 19.1851 20.1849 21.1849 
22.1849 23.1848 24.1848 25.1848 26.1848 27.1848 28.1847 29.1844 30.1842 
31.1807 32.1793 33.179 34.1789 35.1787 36.1787 37.1786 38.1786 39.1786 
40.1775 41.1773 42.1772 43.1772 44.1772 45.177 46.1768 -45.3113 -44.7115 
-43.712 -42.7122 -41.7123 -40.7126 -39.713 -38.7131 -37.7134 -36.714 -35.7149 
-34.7151 -33.7151 -32.7152 -31.7152 -30.7153 -29.7153 -28.7154 -27.7155 -26.7157 
-25.716 -24.7162 -23.7163 -22.7164 -21.7165 -20.7166 -19.7167 -18.7168 -17.7168 
-16.7168 -15.7169 -14.7169 -13.7172 -12.7174 -11.7174 -10.7176 -9.71769 -8.71776 
-7.71782 -6.71784 -5.71788 -4.71787 -3.71791 -2.71792 -1.71793 -0.717973 0.0922744 
1.10255 2.10253 3.10254 4.10247 5.10241 6.10236 7.10231 8.10225 9.10218 
10.1021 11.1021 12.102 13.102 14.102 15.1019 16.1018 17.1017 18.1015 
19.1015 20.1014 21.1014 22.1013 23.1013 24.1013 25.1013 26.1013 27.1013 
28.1011 29.1009 30.1004 31.0979 32.0973 33.0971 34.097 35.0968 36.0967 
37.0967 38.0967 39.0961 40.2945 41.294 42.294 43.2939 44.2939 45.2936 
46.0934 -45.8005 -44.8006 -43.8009 -42.801 -41.801 -40.8012 -39.8014 -38.8015 
-37.8022 -36.8047 -35.8053 -34.8054 -33.8054 -32.8054 -31.8055 -30.8055 -29.8056 
-28.8056 -27.8058 -26.806 -25.8063 -24.8066 -23.8068 -22.8068 -21.8069 -20.807 
-19.8071 -18.8071 -17.8072 -16.8073 -15.8074 -14.8075 -13.8076 -12.8078 -11.8079 
-10.8079 -9.80801 -8.80802 -7.80806 -6.8081 -5.80815 -4.80823 -3.80826 -2.80829 
-1.80835 -1.00835 0.311194 1.11117 2.1112 3.11117 4.11116 5.11111 6.11107 
7.11102 8.11094 9.11092 10.1108 11.1107 12.1107 13.1107 14.1107 15.1105 
16.1104 17.1102 18.1101 19.11 20.1099 21.1098 22.1098 23.1097 24.1097 
25.1097 26.1097 27.1097 28.1095 29.109 30.108 31.106 32.1057 33.1056 
34.1054 35.1053 36.1053 37.1053 38.1048 39.1041 40.1035 41.1034 42.1034 
43.1033 44.1033 45.1031 -45.3464 -44.7465 -43.7468 -42.7469 -41.747 -40.747 
-39.7471 -38.7472 -37.7474 -36.7479 -35.7485 -34.7488 -33.7489 -32.7489 -31.749 
-30.749 -29.7491 -28.7492 -27.7492 -26.7494 -25.7497 -24.7498 -23.7499 -22.7499 
-21.75 -20.7501 -19.7502 -18.7502 -17.7503 -16.7503 -15.7503 -14.7505 -13.7506 
-12.7508 -11.751 -10.7512 -9.75133 -8.75144 -7.75149 -6.75148 -5.75153 -4.75163 
-3.75165 -2.75173 -1.7518 -0.752026 0.183418 1.15112 2.15111 3.15108 4.15107 
5.15105 6.15101 7.1509 8.15069 9.15058 10.1505 11.1504 12.1503 13.1503 
14.1501 15.1501 16.15 17.1497 18.1496 19.1494 20.1493 21.1492 22.1492 
23.1492 24.1492 25.1491 26.1487 27.1468 28.1463 29.1463 30.146 31.1459 
32.1458 33.1458 34.1456 35.1445 36.1442 37.1441 38.144 39.1439 40.1439 
41.1437 -45.3169 -44.7169 -43.7173 -42.7177 -41.7179 -40.7179 -39.7183 -38.7186 
-37.7187 -36.7188 -35.7194 -34.7197 -33.7197 -32.7197 -31.7198 -30.7199 -29.7199 
-28.7199 -27.72 -26.7201 -25.7205 -24.7206 -23.7208 -22.7209 -21.721 -20.7211 
-19.7211 -18.7212 -17.7212 -16.7213 -15.7214 -14.7214 -13.7216 -12.7218 -11.7219 
-10.722 -9.72208 -8.72217 -7.72222 -6.72228 -5.7223 -4.72233 -3.72234 -2.72238 
-1.72241 -0.722428 0.10882 1.14014 2.14011 3.1401 4.14008 5.14005 6.13999 
7.13993 8.13991 9.13982 10.1397 11.1397 12.1396 13.1396 14.1395 15.1394 
16.1393 17.1392 18.139 19.1389 20.1388 21.1387 22.1387 23.1387 24.1386 
25.1387 26.1386 27.1386 28.1385 29.1383 30.1347 31.1334 32.1331 33.1331 
34.1329 35.1328 36.1327 37.1326 38.1322 39.1312 40.1309 41.1309 42.1308 
43.1308 44.1306 45.1304 -45.4257 -44.8257 -43.826 -42.8264 -41.8265 -40.8265 
-39.8265 -38.8267 -37.8268 -36.8279 -35.8286 -34.8289 -33.829 -32.8291 -31.8291 
-30.8292 -29.8292 -28.8293 -27.8293 -26.8294 -25.8297 -24.8298 -23.83 -22.8301 
-21.8302 -20.8303 -19.8304 -18.8304 -17.8304 -16.8305 -15.8306 -14.8307 -13.8309 
-12.831 -11.8311 -10.8312 -9.83138 -8.83148 -7.83158 -6.83155 -5.8316 -4.83162 
-3.83163 -2.83168 -1.83173 -0.831788 0.106422 1.24467 2.24467 3.24465 4.24463 
5.24461 6.24455 7.24453 8.2445 9.24445 10.2444 11.2443 12.2443 13.2442 
14.2442 15.2442 16.244 17.2439 18.2438 19.2437 20.2435 21.2435 22.2435 
23.2434 24.2434 25.2434 26.2434 27.2434 28.2433 29.2429 30.2425 31.2425 
32.2423 33.2421 34.2419 35.2418 36.2418 37.2417 38.2415 39.2407 40.24 
41.2395 42.2395 43.2395 44.2394 45.2393 -45.7506 -44.7507 -43.7508 -42.751 
-41.751 -40.7511 -39.7511 -38.7513 -37.7513 -36.7539 -35.7551 -34.7552 -33.7553 
-32.7552 -31.7553 -30.7553 -29.7554 -28.7554 -27.7554 -26.7556 -25.7559 -24.7562 
-23.7563 -22.7564 -21.7564 -20.7565 -19.7566 -18.7567 -17.7568 -16.7568 -15.7569 
-14.7571 -13.7572 -12.7574 -11.7574 -10.7575 -9.75759 -8.75766 -7.7577 -6.75775 
-5.7578 -4.7578 -3.75783 -2.75796 -1.75805 -0.758259 0.487857 1.28777 2.28778 
3.28778 4.28775 5.28766 6.28763 7.28755 8.28742 9.28734 10.2872 11.2871 
12.2871 13.287 14.2869 15.2867 16.2865 17.2864 18.2863 19.2862 20.2861 
21.286 22.286 23.286 24.2859 25.2859 26.2857 27.2839 28.283 29.2826 
30.2824 31.2821 32.282 33.282 34.2819 35.2817 36.2816 37.2812 38.2812 
39.2812 40.2811 41.2811 42.0808 -34.9021 -33.9021 -32.9023 -31.9024 -30.9025 
-29.9025 -28.9026 -27.9028 -26.9029 -25.9032 -24.9033 -23.9036 -22.9036 -21.9037 
-20.9038 -19.9038 -18.9039 -17.9039 -16.904 -15.9041 -14.9043 -13.9044 -12.9046 
-11.9047 -10.9047 -9.90482 -8.90488 -7.90493 -6.90495 -5.90496 -4.90504 -3.90509 
-2.90519 -1.7053 -0.705616 0.40527 1.20527 2.20528 3.20527 4.20528 5.20521 
6.20519 7.20511 8.205 9.20498 10.2049 11.2048 12.2048 13.2047 14.2047 
15.2045 16.2042 17.2041 18.204 19.2038 20.2037 21.2036 22.2036 23.2036 
24.2036 25.2035 26.2035 27.2031 28.2027 29.2023 30.2021 31.202 32.2018 
33.2016 34.2016 35.2015 36.2009 37.1992 38.1987 39.1987 40.1987 41.1987 
42.1986 42.9985 -34.8335 -33.8335 -32.8336 -31.8336 -30.8337 -29.8337 -28.8338 
-27.8339 -26.8341 -25.8344 -24.8346 -23.8348 -22.835 -21.8352 -20.8352 -19.8353 
-18.8353 -17.8354 -16.8354 -15.8355 -14.8357 -13.8357 -12.8359 -11.836 -10.8362 
-9.83619 -8.83631 -7.83636 -6.83639 -5.83643 -4.83646 -3.83651 -2.83652 -1.83655 
-0.836617 0.26612 1.16893 2.16889 3.16886 4.16884 5.1688 6.16874 7.16873 
8.16867 9.16864 10.1686 11.1685 12.1685 13.1684 14.1684 15.1683 16.1682 
17.168 18.1679 19.1678 20.1677 21.1677 22.1677 23.1676 24.1676 25.1676 
26.1676 27.1676 28.1675 29.1673 30.1667 31.1645 32.1645 33.1643 34.164 
35.1638 36.1637 37.1637 38.1637 39.1632 40.1621 41.1616 42.1615 43.1615 
44.1615 45.1614 46.1612 -44.7989 -43.7993 -42.7996 -41.7997 -40.7998 -39.7998 
-38.8 -37.8002 -36.8007 -35.8015 -34.8016 -33.8016 -32.8017 -31.8017 -30.8017 
-29.8018 -28.8018 -27.8019 -26.8022 -25.8025 -24.8027 -23.8029 -22.803 -21.8031 
-20.8032 -19.8032 -18.8033 -17.8033 -16.8034 -15.8035 -14.8036 -13.8038 -12.804 
-11.8041 -10.8042 -9.80426 -8.80433 -7.80441 -6.80442 -5.80444 -4.80448 -3.80449 
-2.80452 -1.80457 -0.80463 0.15886 1.12236 2.12235 3.12234 4.12229 5.12227 
6.12224 7.12216 8.12211 9.12204 10.122 11.1219 12.1219 13.1219 14.1218 
15.1218 16.1217 17.1216 18.1215 19.1214 20.1213 21.1212 22.1212 23.1211 
24.1211 25.1211 26.1211 27.1211 28.1211 29.1209 30.1205 31.1196 32.1187 
33.1183 34.118 35.1177 36.1176 37.1175 38.1175 39.1174 40.1168 41.1151 
42.1146 43.1145 44.1145 45.1144 46.1143 -35.3479 -34.748 -33.748 -32.7482 
-31.7482 -30.7482 -29.7483 -28.7484 -27.7486 -26.7486 -25.749 -24.7491 -23.7493 
-22.7495 -21.7496 -20.7497 -19.7497 -18.7498 -17.7498 -16.7499 -15.75 -14.7502 
-13.7504 -12.7505 -11.7506 -10.7506 -9.75073 -8.75085 -7.75091 -6.75093 -5.75095 
-4.75101 -3.75102 -2.75105 -1.75107 -0.751125 0.170907 1.1319 2.1319 3.13185 
4.13179 5.13177 6.13174 7.13168 8.13162 9.13155 10.1315 11.1314 12.1314 
13.1313 14.1313 15.1312 16.1311 17.1311 18.131 19.1309 20.1308 21.1308 
22.1307 23.1307 24.1307 25.1307 26.1306 27.1306 28.1306 29.1305 30.1301 
31.1296 32.1293 33.1289 34.1285 35.1284 36.1277 37.1275 38.1275 39.1275 
40.1274 41.1253 42.1231 43.123 44.1229 45.1229 46.1227 -44.8305 -43.8309 
-42.8313 -41.8314 -40.8315 -39.8316 -38.8318 -37.8319 -36.8323 -35.8327 -34.833 
-33.8331 -32.8331 -31.8331 -30.8332 -29.8332 -28.8333 -27.8334 -26.8336 -25.8337 
-24.8339 -23.8341 -22.8342 -21.8343 -20.8344 -19.8345 -18.8345 -17.8345 -16.8346 
-15.8346 -14.8347 -13.8348 -12.8351 -11.8352 -10.8354 -9.83555 -8.83567 -7.83566 
-6.83578 -5.83581 -4.83584 -3.8359 -2.83592 -1.83617 -0.836387 0.0922167 1.25619 
2.25616 3.25617 4.25613 5.25612 6.25606 7.25592 8.25579 9.25565 10.2555 
11.2555 12.2554 13.2553 14.2551 15.255 16.2548 17.2546 18.2544 19.2542 
20.2541 21.2541 22.2541 23.254 24.254 25.2538 26.2531 27.2513 28.251 
29.2509 30.2506 31.2505 32.2504 33.2504 34.2502 35.249 36.2487 37.2487 
38.2487 39.2486 40.2485 41.2484 -45.7595 -44.7597 -43.7599 -42.76 -41.76 
-40.76 -39.7601 -38.7603 -37.7608 -36.7637 -35.7644 -34.7645 -33.7645 -32.7645 
-31.7646 -30.7646 -29.7646 -28.7647 -27.7649 -26.7651 -25.7655 -24.7657 -23.7659 
-22.766 -21.766 -20.7662 -19.7662 -18.7663 -17.7664 -16.7665 -15.7665 -14.7668 
-13.7669 -12.7671 -11.7672 -10.7672 -9.76738 -8.76745 -7.76755 -6.76758 -5.76764 
-4.76762 -3.76764 -2.7677 -1.76771 -0.767887 -0.167878 1.28546 2.28545 3.28544 
4.2854 5.28536 6.28532 7.28528 8.28518 9.28511 10.285 11.2849 12.2849 
13.2849 14.2848 15.2847 16.2845 17.2845 18.2842 19.2841 20.284 21.284 
22.284 23.284 24.2839 25.284 26.2839 27.2839 28.2837 29.2834 30.2797 
31.2786 32.2786 33.2786 34.2785 35.2784 36.2784 37.2781 38.2775 39.2767 
40.2762 41.2761 42.2761 43.2761 44.2761 45.076 -44.8249 -43.8254 -42.8257 
-41.8259 -40.8259 -39.8263 -38.8266 -37.8267 -36.8272 -35.8279 -34.8282 -33.8283 
-32.8283 -31.8283 -30.8284 -29.8284 -28.8284 -27.8285 -26.8286 -25.829 -24.8292 
-23.8294 -22.8295 -21.8296 -20.8297 -19.8297 -18.8297 -17.8298 -16.8298 -15.8299 
-14.83 -13.8302 -12.8303 -11.8304 -10.8306 -9.83062 -8.8307 -7.83073 -6.83081 
-5.83082 -4.83087 -3.83088 -2.83093 -1.83096 -0.831009 0.206033 1.24313 2.24312 
3.24312 4.24304 5.24304 6.24296 7.24295 8.24289 9.24278 10.2427 11.2427 
12.2427 13.2426 14.2426 15.2425 16.2423 17.2421 18.242 19.2419 20.2418 
21.2417 22.2417 23.2417 24.2417 25.2417 26.2417 27.2415 28.2411 29.2402 
30.2365 31.2361 32.236 33.2359 34.2359 35.2358 36.2357 37.2356 38.2349 
39.2334 40.2335 41.2334 42.2334 43.2334 44.2331 45.0331 -44.6793 -43.8793 
-42.8795 -41.8795 -40.8796 -39.8797 -38.8799 -37.88 -36.8816 -35.8817 -34.8818 
-33.8819 -32.8819 -31.8819 -30.882 -29.882 -28.8821 -27.8821 -26.8824 -25.8827 
-24.8829 -23.8832 -22.8832 -21.8833 -20.8834 -19.8835 -18.8836 -17.8836 -16.8837 
-15.8837 -14.8838 -13.884 -12.8843 -11.8845 -10.8846 -9.88481 -8.88494 -7.88498 
-6.88505 -5.88507 -4.88507 -3.88512 -2.88519 -1.8854 -0.885481 0.239593 1.2021 
2.20208 3.20207 4.20203 5.202 6.20193 7.20174 8.20159 9.2014 10.2013 
11.2012 12.2011 13.2011 14.2009 15.2009 16.2007 17.2004 18.2004 19.2003 
20.2002 21.2002 22.2002 23.1999 24.1998 25.1995 26.1984 27.1978 28.1977 
29.1975 30.1975 31.1974 32.1973 33.1965 34.1944 35.1944 36.1944 37.1943 
38.1943 39.1942 39.9941 -44.5424 -43.7425 -42.7426 -41.7426 -40.7427 -39.743 
-38.743 -37.7432 -36.7437 -35.7444 -34.7445 -33.7445 -32.7445 -31.7446 -30.7446 
-29.7447 -28.7447 -27.7448 -26.7451 -25.7455 -24.7457 -23.7458 -22.746 -21.7461 
-20.7461 -19.7462 -18.7463 -17.7463 -16.7464 -15.7465 -14.7466 -13.7467 -12.7469 
-11.7471 -10.7472 -9.74734 -8.74743 -7.7475 -6.74755 -5.74763 -4.74765 -3.74769 
-2.74774 -1.74787 -0.748163 0.126498 1.26381 2.2638 3.2638 4.26376 5.26372 
6.26365 7.26348 8.26332 9.26316 10.2631 11.263 12.2629 13.2628 14.2628 
15.2627 16.2625 17.2624 18.2622 19.2621 20.262 21.262 22.262 23.2618 
24.2617 25.2613 26.2598 27.2592 28.2592 29.259 30.2589 31.2589 32.2588 
33.2585 34.2572 35.2565 36.2565 37.2565 38.2565 39.2564 40.2563 -36.8134 
-35.8135 -34.8137 -33.8137 -32.8137 -31.8137 -30.8138 -29.8139 -28.8139 -27.8141 
-26.8142 -25.8145 -24.8146 -23.8148 -22.8149 -21.8151 -20.815 -19.8151 -18.8151 
-17.8152 -16.8152 -15.8153 -14.8154 -13.8156 -12.8159 -11.8159 -10.816 -9.81608 
-8.81609 -7.81617 -6.81623 -5.81623 -4.81625 -3.81627 -2.81632 -1.81634 -0.816424 
0.148271 1.1306 2.13057 3.13057 4.13052 5.13052 6.13049 7.13046 8.1304 
9.13033 10.1303 11.1302 12.1302 13.1301 14.1301 15.13 16.1299 17.1298 
18.1297 19.1296 20.1294 21.1294 22.1293 23.1293 24.1292 25.1292 26.1293 
27.1292 28.1292 29.1292 30.1287 31.1281 32.1265 33.1257 34.1255 35.1252 
36.1248 37.1247 38.1247 39.1247 40.1244 41.1229 42.1222 43.1221 44.122 
45.122 46.1219 -45.3495 -44.7496 -43.7498 -42.7502 -41.7502 -40.7502 -39.7504 
-38.7506 -37.7507 -36.7518 -35.7524 -34.7529 -33.753 -32.753 -31.7531 -30.7531 
-29.7532 -28.7532 -27.7533 -26.7535 -25.7538 -24.754 -23.7543 -22.7544 -21.7545 
-20.7545 -19.7546 -18.7547 -17.7547 -16.7548 -15.7549 -14.7551 -13.7552 -12.7553 
-11.7555 -10.7555 -9.75564 -8.75575 -7.75575 -6.75574 -5.75583 -4.75585 -3.75587 
-2.75601 -1.75612 -0.756187 0.30555 1.10548 2.1055 3.10548 4.1055 5.10542 
6.10535 7.1053 8.10516 9.10501 10.1049 11.1049 12.1048 13.1047 14.1045 
15.1044 16.1043 17.1041 18.1039 19.1038 20.1038 21.1038 22.1038 23.1037 
24.1036 25.1034 26.1024 27.1021 28.102 29.1017 30.1016 31.1015 32.1015 
33.1013 34.0991 35.0965 36.0964 37.0964 38.0964 39.0963 40.0963 41.0961 
-44.8746 -43.8751 -42.8755 -41.8756 -40.8757 -39.8759 -38.8761 -37.8764 -36.8769 
-35.878 -34.8782 -33.8783 -32.8783 -31.8784 -30.8784 -29.8785 -28.8785 -27.8786 
-26.8788 -25.879 -24.8793 -23.8794 -22.8795 -21.8796 -20.8797 -19.8798 -18.8798 
-17.8799 -16.8799 -15.88 -14.88 -13.8802 -12.8804 -11.8805 -10.8806 -9.88075 
-8.88084 -7.88091 -6.88096 -5.88099 -4.88104 -3.88101 -2.88105 -1.88107 -0.881158 
0.129019 1.13919 2.13916 3.13914 4.1391 5.13904 6.139 7.13895 8.13893 
9.13883 10.1387 11.1387 12.1386 13.1386 14.1386 15.1385 16.1384 17.1383 
18.1382 19.1381 20.1379 21.1378 22.1378 23.1378 24.1377 25.1377 26.1377 
27.1377 28.1374 29.1373 30.1359 31.1346 32.1343 33.1343 34.1342 35.134 
36.134 37.134 38.1338 39.133 40.1321 41.1321 42.1321 43.1321 44.132 
45.1317 -45.5813 -44.7814 -43.7817 -42.782 -41.7821 -40.7821 -39.7823 -38.7824 
-37.7827 -36.7844 -35.7845 -34.7846 -33.7847 -32.7847 -31.7848 -30.7848 -29.7849 
-28.785 -27.7851 -26.7852 -25.7855 -24.7857 -23.786 -22.7861 -21.7862 -20.7862 
-19.7863 -18.7864 -17.7864 -16.7865 -15.7866 -14.7868 -13.7869 -12.787 -11.7871 
-10.7872 -9.78729 -8.78733 -7.78741 -6.78744 -5.78751 -4.78748 -3.78758 -2.78761 
-1.78781 -0.787921 0.535294 1.13527 2.13523 3.13522 4.13519 5.13518 6.13507 
7.13504 8.13496 9.13483 10.1347 11.1346 12.1345 13.1345 14.1343 15.1341 
16.134 17.1339 18.1337 19.1335 20.1335 21.1333 22.1333 23.1333 24.1333 
25.1332 26.1331 27.1325 28.1318 29.1316 30.1314 31.1311 32.131 33.1309 
34.1308 35.1301 36.1277 37.1276 38.1276 39.1276 40.1275 41.1275 41.9274 
-44.8827 -43.8835 -42.8837 -41.884 -40.8841 -39.8842 -38.8846 -37.8847 -36.8849 
-35.885 -34.8856 -33.8859 -32.886 -31.8861 -30.8861 -29.8861 -28.8861 -27.8862 
-26.8862 -25.8866 -24.8867 -23.8868 -22.8869 -21.887 -20.8871 -19.8872 -18.8872 
-17.8873 -16.8873 -15.8874 -14.8875 -13.8876 -12.8877 -11.8878 -10.8879 -9.88802 
-8.88806 -7.88812 -6.88818 -5.88819 -4.88821 -3.88823 -2.88827 -1.88834 -0.888373 
0.261619 1.23662 2.2366 3.23659 4.23652 5.2365 6.23648 7.23641 8.23637 
9.23629 10.2362 11.2362 12.2361 13.2361 14.236 15.236 16.2358 17.2358 
18.2357 19.2356 20.2355 21.2354 22.2354 23.2354 24.2354 25.2354 26.2354 
27.2352 28.2349 29.2344 30.2335 31.2322 32.232 33.232 34.2317 35.2315 
36.2315 37.2315 38.2313 39.2304 40.2293 41.229 42.2289 43.2289 44.2288 
45.2287 -45.8199 -44.82 -43.8202 -42.8204 -41.8204 -40.8207 -39.8209 -38.8211 
-37.823 -36.8254 -35.8257 -34.8258 -33.8258 -32.8258 -31.8259 -30.8259 -29.826 
-28.826 -27.8263 -26.8266 -25.8268 -24.8269 -23.827 -22.8271 -21.8273 -20.8274 
-19.8274 -18.8275 -17.8276 -16.8276 -15.8277 -14.8279 -13.828 -12.8283 -11.8284 
-10.8284 -9.82848 -8.82855 -7.82861 -6.82859 -5.82865 -4.82872 -3.82874 -2.82876 
-1.82883 -0.828863 0.2016 1.2321 2.23209 3.23206 4.23203 5.23202 6.23197 
7.23194 8.23184 9.23182 10.2317 11.2316 12.2316 13.2316 14.2315 15.2315 
16.2313 17.2312 18.2311 19.231 20.2309 21.2308 22.2307 23.2307 24.2307 
25.2307 26.2307 27.2307 28.2306 29.2301 30.2292 31.2277 32.2273 33.2271 
34.227 35.2269 36.2268 37.2268 38.2268 39.2264 40.2257 41.2257 42.2257 
43.2256 44.2256 45.2253 46.0253 -45.6239 -44.8241 -43.8243 -42.8244 -41.8245 
-40.8244 -39.8247 -38.8248 -37.8254 -36.8265 -35.8267 -34.8268 -33.8269 -32.8269 
-31.8269 -30.827 -29.827 -28.8271 -27.8272 -26.8273 -25.8277 -24.8281 -23.8283 
-22.8284 -21.8286 -20.8286 -19.8287 -18.8288 -17.8288 -16.8289 -15.8289 -14.8291 
-13.8293 -12.8294 -11.8295 -10.8296 -9.82967 -8.82978 -7.8298 -6.82985 -5.82991 
-4.82994 -3.82993 -2.83002 -1.83011 -0.830328 0.0834616 1.19709 2.19707 3.19707 
4.19706 5.19699 6.19695 7.19689 8.19685 9.1967 10.1966 11.1965 12.1965 
13.1964 14.1962 15.1962 16.1961 17.1959 18.1958 19.1956 20.1955 21.1954 
22.1954 23.1954 24.1953 25.1951 26.1946 27.1933 28.193 29.1929 30.1926 
31.1926 32.1925 33.1924 34.192 35.1901 36.1894 37.1894 38.1894 39.1894 
40.1894 41.1893 -45.3115 -44.7117 -43.7122 -42.7127 -41.7127 -40.7128 -39.7132 
-38.7133 -37.7137 -36.7155 -35.7168 -34.7177 -33.7177 -32.7179 -31.718 -30.718 
-29.718 -28.7181 -27.7182 -26.7183 -25.7186 -24.7187 -23.7188 -22.7189 -21.7191 
-20.7192 -19.7193 -18.7193 -17.7194 -16.7194 -15.7195 -14.7196 -13.7198 -12.7199 
-11.7201 -10.7201 -9.72025 -8.72038 -7.72039 -6.72044 -5.72045 -4.7205 -3.72056 
-2.72058 -1.72063 -0.72068 0.194634 1.15225 2.15227 3.15222 4.15216 5.15213 
6.15208 7.15205 8.152 9.15192 10.1518 11.1518 12.1518 13.1518 14.1517 
15.1516 16.1516 17.1515 18.1514 19.1514 20.1513 21.1512 22.1511 23.1511 
24.1511 25.1511 26.1511 27.151 28.151 29.1508 30.1502 31.1491 32.148 
33.1473 34.1472 35.147 36.1465 37.1464 38.1464 39.1463 40.1458 41.1425 
42.1425 43.1426 44.1425 45.1423 46.1422 -36.4707 -35.8707 -34.8708 -33.8708 
-32.8708 -31.8709 -30.8709 -29.871 -28.871 -27.8712 -26.8714 -25.8716 -24.8718 
-23.8719 -22.872 -21.8722 -20.8722 -19.8723 -18.8724 -17.8724 -16.8725 -15.8725 
-14.8727 -13.8729 -12.873 -11.8731 -10.8731 -9.87315 -8.87323 -7.8733 -6.87335 
-5.87337 -4.87344 -3.87347 -2.87357 -1.87365 -0.873811 0.219717 1.21966 2.21963 
3.21966 4.21957 5.2195 6.21945 7.21939 8.21927 9.21921 10.2191 11.219 
12.219 13.2189 14.2187 15.2186 16.2185 17.2184 18.2183 19.2181 20.2179 
21.2179 22.2179 23.2179 24.2179 25.2178 26.2176 27.2157 28.215 29.2149 
30.2146 31.2145 32.2144 33.2144 34.2141 35.2131 36.2117 37.2115 38.2115 
39.2114 40.2114 41.2114 -46.4467 -45.8467 -44.8468 -43.8471 -42.8471 -41.8471 
-40.8475 -39.8477 -38.8478 -37.8495 -36.8496 -35.8499 -34.8499 -33.8499 -32.85 
-31.85 -30.85 -29.85 -28.8502 -27.8503 -26.8506 -25.851 -24.8511 -23.8513 
-22.8514 -21.8515 -20.8516 -19.8516 -18.8517 -17.8518 -16.8519 -15.8519 -14.8521 
-13.8522 -12.8523 -11.8525 -10.8526 -9.85264 -8.8527 -7.85277 -6.85278 -5.85281 
-4.8529 -3.85293 -2.85295 -1.85306 -1.05316 1.13529 2.13528 3.13528 4.13525 
5.13525 6.1352 7.1352 8.13511 9.13504 10.1349 11.1349 12.1348 13.1348 
14.1347 15.1346 16.1345 17.1344 18.1341 19.1339 20.1337 21.1337 22.1336 
23.1335 24.1335 25.1336 26.1335 27.1335 28.1332 29.1321 30.1289 31.1285 
32.1285 33.1283 34.1282 35.1281 36.128 37.1276 38.1268 39.1257 40.1256 
41.1256 42.1256 43.1256 44.1253 -45.3359 -44.736 -43.7364 -42.7367 -41.7367 
-40.7367 -39.737 -38.7373 -37.7376 -36.7383 -35.7398 -34.7403 -33.7403 -32.7404 
-31.7404 -30.7404 -29.7405 -28.7406 -27.7407 -26.7407 -25.7409 -24.7411 -23.7412 
-22.7414 -21.7415 -20.7416 -19.7417 -18.7418 -17.7418 -16.7418 -15.7419 -14.742 
-13.7421 -12.7423 -11.7424 -10.7425 -9.74262 -8.74275 -7.74283 -6.74283 -5.74286 
-4.74289 -3.7429 -2.74299 -1.74308 -0.743145 0.223154 1.18951 2.1895 3.1895 
4.18947 5.18942 6.18936 7.18934 8.18928 9.18919 10.1891 11.1891 12.189 
13.189 14.1889 15.1888 16.1887 17.1886 18.1885 19.1884 20.1883 21.1882 
22.1882 23.1882 24.1882 25.1882 26.1881 27.1881 28.1879 29.1874 30.1837 
31.1828 32.1827 33.1827 34.1826 35.1825 36.1825 37.1823 38.1816 39.1806 
40.1801 41.1801 42.1801 43.18 44.1799 -45.5541 -44.7542 -43.7544 -42.7546 
-41.7546 -40.7547 -39.7547 -38.7549 -37.755 -36.7571 -35.7585 -34.7588 -33.7589 
-32.7589 -31.7589 -30.7589 -29.759 -28.759 -27.7591 -26.7593 -25.7597 -24.76 
-23.7602 -22.7604 -21.7604 -20.7605 -19.7606 -18.7607 -17.7607 -16.7608 -15.7608 
-14.7609 -13.7611 -12.7613 -11.7614 -10.7615 -9.76161 -8.76173 -7.76184 -6.76183 
-5.76195 -4.76199 -3.76199 -2.76211 -1.76215 -0.762375 0.21507 1.21499 2.21497 
3.21497 4.21495 5.21484 6.21479 7.21466 8.21451 9.21442 10.2143 11.2142 
12.2142 13.214 14.2139 15.2138 16.2134 17.2132 18.213 19.2129 20.2128 
21.2128 22.2127 23.2125 24.2124 25.2118 26.2108 27.21 28.2099 29.2096 
30.2096 31.2095 32.2095 33.209 34.2082 35.208 36.208 37.2079 38.2079 
39.2079 40.2079 -45.7023 -44.9024 -43.9027 -42.9029 -41.903 -40.9031 -39.9032 
-38.9035 -37.7043 -36.7056 -35.7061 -34.7062 -33.7063 -32.7063 -31.7063 -30.7064 
-29.7064 -28.7064 -27.7067 -26.7069 -25.7071 -24.7074 -23.7075 -22.7076 -21.7077 
-20.7079 -19.7079 -18.708 -17.708 -16.7081 -15.7082 -14.7083 -13.7085 -12.7087 
-11.7088 -10.709 -9.70904 -8.70912 -7.70921 -6.70922 -5.70926 -4.70931 -3.70932 
-2.70941 -1.70942 -0.7094 0.164329 1.23807 2.23806 3.23804 4.23798 5.23794 
6.2379 7.23786 8.23778 9.23773 10.2377 11.2376 12.2376 13.2375 14.2375 
15.2375 16.2373 17.2371 18.237 19.2369 20.2368 21.2368 22.2368 23.2367 
24.2367 25.2367 26.2367 27.2367 28.2366 29.2364 30.2358 31.2339 32.2336 
33.2335 34.2333 35.233 36.233 37.233 38.2329 39.2323 40.2314 41.2308 
42.2307 43.2307 44.2307 45.2306 46.2304 -44.6072 -43.8077 -42.8081 -41.8084 
-40.8084 -39.8085 -38.8086 -37.8088 -36.809 -35.8101 -34.8109 -33.8115 -32.8115 
-31.8115 -30.8115 -29.8116 -28.8116 -27.8116 -26.8117 -25.8119 -24.8121 -23.8123 
-22.8124 -21.8124 -20.8125 -19.8125 -18.8126 -17.8126 -16.8126 -15.8127 -14.8128 
-13.8129 -12.8132 -11.8134 -10.8136 -9.81373 -8.81384 -7.81388 -6.81393 -5.81401 
-4.81409 -3.81408 -2.81414 -1.8142 -0.814361 0.312972 1.27654 2.27652 3.27651 
4.27648 5.27638 6.27635 7.27619 8.27605 9.27597 10.2759 11.2758 12.2757 
13.2757 14.2756 15.2755 16.2754 17.2752 18.2751 19.275 20.2749 21.2749 
22.2749 23.2748 24.2747 25.2744 26.2729 27.2721 28.2721 29.2719 30.2718 
31.2717 32.2717 33.2714 34.2706 35.27 36.2699 37.2698 38.2698 39.2698 
40.2697 -45.5919 -44.7922 -43.7925 -42.7926 -41.7926 -40.7928 -39.7933 -38.7934 
-37.7936 -36.7968 -35.7976 -34.7979 -33.798 -32.798 -31.7981 -30.7981 -29.7981 
-28.7982 -27.7983 -26.7984 -25.7988 -24.7989 -23.799 -22.7992 -21.7993 -20.7993 
-19.7994 -18.7995 -17.7995 -16.7995 -15.7996 -14.7998 -13.7999 -12.8 -11.8001 
-10.8002 -9.80035 -8.80043 -7.80053 -6.80051 -5.80055 -4.80061 -3.80061 -2.80067 
-1.80076 -0.800779 0.251615 1.25158 2.25159 3.2516 4.25156 5.2515 6.25147 
7.25145 8.25136 9.2513 10.2512 11.2511 12.2511 13.2511 14.2511 15.251 
16.2508 17.2507 18.2505 19.2504 20.2503 21.2502 22.2502 23.2502 24.2502 
25.2502 26.2502 27.2501 28.2498 29.2494 30.2479 31.2463 32.2461 33.246 
34.2458 35.2458 36.2457 37.2456 38.2454 39.2447 40.2439 41.2438 42.2437 
43.2437 44.2437 45.2435 -45.4795 -44.8797 -43.8802 -42.8805 -41.8807 -40.8807 
-39.8808 -38.881 -37.8811 -36.882 -35.8826 -34.883 -33.8831 -32.8831 -31.8832 
-30.8832 -29.8833 -28.8833 -27.8834 -26.8837 -25.8841 -24.8842 -23.8844 -22.8845 
-21.8846 -20.8846 -19.8847 -18.8847 -17.8848 -16.8849 -15.885 -14.8851 -13.8852 
-12.8855 -11.8855 -10.8857 -9.88584 -8.88589 -7.88596 -6.88603 -5.88609 -4.88611 
-3.88614 -2.88611 -1.88623 -0.88628 0.37924 1.17925 2.17924 3.17921 4.17923 
5.1792 6.17915 7.17913 8.17907 9.17898 10.1789 11.1789 12.1788 13.1788 
14.1788 15.1787 16.1785 17.1784 18.1783 19.1782 20.1781 21.178 22.178 
23.178 24.178 25.178 26.178 27.1779 28.1775 29.1772 30.1754 31.1741 
32.174 33.1739 34.1738 35.1737 36.1736 37.1735 38.1729 39.172 40.1714 
41.1714 42.1713 43.1713 44.1712 45.171 -45.8424 -44.8425 -43.8428 -42.843 
-41.8429 -40.8433 -39.8435 -38.8436 -37.8452 -36.8459 -35.8463 -34.8464 -33.8464 
-32.8464 -31.8464 -30.8465 -29.8466 -28.8466 -27.8467 -26.847 -25.8471 -24.8473 
-23.8474 -22.8475 -21.8476 -20.8477 -19.8477 -18.8478 -17.8479 -16.848 -15.848 
-14.8482 -13.8483 -12.8483 -11.8483 -10.8484 -9.84847 -8.84852 -7.84859 -6.8486 
-5.84866 -4.84868 -3.8487 -2.84877 -1.84891 -0.8492 1.09594 2.09593 3.09591 
4.09589 5.09584 6.09581 7.09579 8.09571 9.09566 10.0956 11.0955 12.0955 
13.0955 14.0954 15.0953 16.0952 17.0951 18.2948 19.2947 20.2946 21.2946 
22.2945 23.2945 24.2945 25.2945 26.2945 27.2944 28.2941 29.2933 30.2907 
31.2905 32.2904 33.2904 34.2903 35.2903 36.2902 37.2899 38.2892 39.2884 
40.288 41.288 42.288 43.2879 44.2879 -45.4991 -44.8991 -43.8994 -42.8995 
-41.8996 -40.8997 -39.8999 -38.9001 -37.9002 -36.9016 -35.9033 -34.9035 -33.9036 
-32.9036 -31.9037 -30.9037 -29.9037 -28.9038 -27.9039 -26.904 -25.9044 -24.9047 
-23.9049 -22.9051 -21.9053 -20.7054 -19.7055 -18.7055 -17.7055 -16.7056 -15.7056 
-14.7057 -13.7059 -12.7061 -11.7063 -10.7064 -9.70646 -8.70657 -7.70665 -6.70667 
-5.70667 -4.70675 -3.70677 -2.70689 -1.70695 -0.707157 0.266755 1.26665 2.26663 
3.26664 4.26661 5.26657 6.26647 7.26635 8.26624 9.26625 10.2662 11.2661 
12.2661 13.266 14.2659 15.2659 16.2657 17.2654 18.2652 19.2651 20.265 
21.2649 22.2649 23.2649 24.2649 25.2647 26.264 27.2622 28.2619 29.2619 
30.2615 31.2614 32.2614 33.2613 34.261 35.2595 36.2585 37.2584 38.2584 
39.2584 40.2584 41.2583 -45.5353 -44.7355 -43.7358 -42.736 -41.7362 -40.7363 
-39.7367 -38.737 -37.7372 -36.7389 -35.7389 -34.739 -33.7391 -32.7391 -31.7392 
-30.7392 -29.7393 -28.7393 -27.7393 -26.7395 -25.7398 -24.74 -23.7403 -22.7403 
-21.7404 -20.7405 -19.7406 -18.7406 -17.7407 -16.7408 -15.7408 -14.741 -13.7411 
-12.7413 -11.7415 -10.7417 -9.74179 -8.7419 -7.74194 -6.74201 -5.74206 -4.74207 
-3.74213 -2.74214 -1.74227 -0.742264 0.479786 1.27976 2.27973 3.27973 4.27969 
5.27966 6.27962 7.27956 8.27949 9.27941 10.2794 11.2793 12.2793 13.2792 
14.2791 15.279 16.279 17.2786 18.2785 19.2784 20.2783 21.2783 22.2782 
23.2782 24.2782 25.2782 26.2781 27.278 28.2775 29.2756 30.275 31.2751 
32.2748 33.2748 34.2747 35.2747 36.2744 37.2735 38.272 39.2719 40.2718 
41.2718 42.2717 43.2716 -45.405 -44.805 -43.8053 -42.8056 -41.8056 -40.8057 
-39.8058 -38.8059 -37.806 -36.8065 -35.8069 -34.8072 -33.8072 -32.8072 -31.8073 
-30.8073 -29.8073 -28.8074 -27.8074 -26.8076 -25.8079 -24.8081 -23.8084 -22.8085 
-21.8086 -20.8087 -19.8088 -18.8088 -17.8088 -16.8088 -15.8089 -14.8091 -13.8092 
-12.8094 -11.8096 -10.8097 -9.80981 -8.80992 -7.80993 -6.81004 -5.8101 -4.81016 
-3.81022 -2.81024 -1.81038 -0.810525 0.127499 1.09653 2.09652 3.09652 4.09649 
5.0965 6.09644 7.09635 8.09614 9.09604 10.0959 11.0958 12.0958 13.0957 
14.0956 15.0955 16.0954 17.0952 18.0949 19.0947 20.0947 21.2946 22.2947 
23.2946 24.2946 25.2946 26.2941 27.2922 28.2915 29.2914 30.2911 31.291 
32.2909 33.2909 34.2909 35.2891 36.2882 37.2882 38.2881 39.2881 40.2881 
41.288 -45.57 -44.7701 -43.7702 -42.7704 -41.7705 -40.7706 -39.7708 -38.7709 
-37.771 -36.7731 -35.7739 -34.774 -33.774 -32.774 -31.7741 -30.7741 -29.7741 
-28.7741 -27.7742 -26.7744 -25.7746 -24.7747 -23.7749 -22.775 -21.7751 -20.7751 
-19.7752 -18.7753 -17.7754 -16.7755 -15.7755 -14.7758 -13.776 -12.7761 -11.7762 
-10.7763 -9.77635 -8.77646 -7.77647 -6.77652 -5.77654 -4.77661 -3.77663 -2.77668 
-1.77674 -0.776928 0.234675 1.24622 2.24622 3.2462 4.24617 5.24612 6.24608 
7.24602 8.24591 9.24583 10.2457 11.2457 12.2457 13.2456 14.2456 15.2454 
16.2453 17.2451 18.245 19.2449 20.2447 21.2447 22.2447 23.2447 24.2447 
25.2446 26.2446 27.2444 28.2442 29.2428 30.2396 31.2394 32.2394 33.2392 
34.2391 35.2391 36.239 37.2384 38.2378 39.237 40.2369 41.2369 42.2369 
43.2368 44.2367 -45.6768 -44.8768 -43.877 -42.8772 -41.8772 -40.8773 -39.8777 
-38.878 -37.8791 -36.8811 -35.8811 -34.8813 -33.8813 -32.8813 -31.8813 -30.8814 
-29.8814 -28.8814 -27.8817 -26.8818 -25.882 -24.8821 -23.8822 -22.8823 -21.8824 
-20.8824 -19.8825 -18.8826 -17.8826 -16.8827 -15.8827 -14.8829 -13.8831 -12.8831 
-11.8833 -10.8833 -9.88338 -8.88347 -7.88353 -6.88359 -5.88363 -4.88366 -3.88366 
-2.88376 -1.88389 -0.884197 0.213922 1.21388 2.21386 3.21386 4.21383 5.21376 
6.21371 7.21364 8.21355 9.21347 10.2134 11.2133 12.2133 13.2132 14.2131 
15.213 16.2129 17.2127 18.2126 19.2125 20.2124 21.2123 22.2123 23.2123 
24.2122 25.2122 26.2121 27.2108 28.2094 29.2089 30.2088 31.2084 32.2082 
33.2082 34.2081 35.2079 36.2079 37.2074 38.2073 39.2073 40.2072 41.2072 
42.2071 -46.4541 -45.8542 -44.8543 -43.8546 -42.8547 -41.8547 -40.855 -39.8553 
-38.8554 -37.8567 -36.858 -35.8583 -34.8584 -33.8584 -32.8584 -31.8585 -30.8585 
-29.8585 -28.8586 -27.8588 -26.859 -25.8592 -24.8593 -23.8595 -22.8597 -21.8597 
-20.8598 -19.8599 -18.86 -17.86 -16.8601 -15.8601 -14.8603 -13.8604 -12.8605 
-11.8607 -10.8608 -9.86084 -8.86092 -7.86098 -6.861 -5.86101 -4.86104 -3.86112 
-2.86113 -1.86124 -1.06128 1.11485 2.11483 3.11483 4.11481 5.1148 6.11475 
7.11473 8.11466 9.11459 10.1145 11.1144 12.1143 13.1143 14.1143 15.1142 
16.114 17.1138 18.1137 19.1136 20.1134 21.1134 22.1133 23.1133 24.1133 
25.1132 26.1132 27.1131 28.1129 29.1127 30.1091 31.1081 32.1081 33.108 
34.1079 35.1078 36.1078 37.1076 38.1069 39.1061 40.1056 41.1056 42.1056 
43.1055 44.1055 -45.4828 -44.883 -43.8835 -42.8839 -41.884 -40.884 -39.8843 
-38.8845 -37.8845 -36.8855 -35.8854 -34.8856 -33.8857 -32.8857 -31.8858 -30.8858 
-29.8859 -28.8859 -27.886 -26.8862 -25.8865 -24.8867 -23.8868 -22.8869 -21.887 
-20.887 -19.8871 -18.8872 -17.8872 -16.8872 -15.8873 -14.8874 -13.8876 -12.8877 
-11.8878 -10.8878 -9.88786 -8.88794 -7.88801 -6.88801 -5.88807 -4.88811 -3.8881 
-2.88814 -1.88815 -0.888255 0.0807403 1.26523 2.26522 3.26518 4.26511 5.2651 
6.26505 7.26502 8.26496 9.26491 10.2648 11.2648 12.2648 13.2647 14.2647 
15.2646 16.2645 17.2643 18.2642 19.2641 20.264 21.264 22.2639 23.2639 
24.2638 25.2638 26.2638 27.2638 28.2638 29.2634 30.263 31.2621 32.2612 
33.2607 34.2605 35.2602 36.26 37.26 38.26 39.2599 40.2593 41.2577 
42.2574 43.2574 44.2573 45.2572 46.257 -45.8128 -44.813 -43.8132 -42.8134 
-41.8134 -40.8134 -39.8135 -38.8136 -37.8143 -36.8172 -35.818 -34.818 -33.818 
-32.8181 -31.8181 -30.8181 -29.8182 -28.8182 -27.8185 -26.8187 -25.8188 -24.819 
-23.8191 -22.8192 -21.8193 -20.8194 -19.8194 -18.8195 -17.8196 -16.8197 -15.8198 
-14.82 -13.8201 -12.8202 -11.8203 -10.8204 -9.82048 -8.82055 -7.82065 -6.82064 
-5.82068 -4.82076 -3.82078 -2.82081 -1.82086 -0.820873 0.529753 1.12972 2.1297 
3.12969 4.12965 5.12962 6.12957 7.12953 8.12948 9.12943 10.1293 11.1293 
12.1292 13.1292 14.1292 15.1291 16.129 17.1289 18.1287 19.1286 20.1285 
21.1284 22.1284 23.1283 24.1283 25.1283 26.1283 27.1283 28.1282 29.1278 
30.1267 31.1251 32.1247 33.1245 34.1244 35.1243 36.1242 37.1242 38.124 
39.1232 40.1226 41.1225 42.1225 43.1225 44.1224 45.1222 45.9222 -45.7732 
-44.7735 -43.7738 -42.774 -41.774 -40.7741 -39.7743 -38.7745 -37.7751 -36.7774 
-35.778 -34.778 -33.778 -32.7781 -31.7782 -30.7782 -29.7782 -28.7783 -27.7785 
-26.7788 -25.7791 -24.7793 -23.7795 -22.7795 -21.7796 -20.7797 -19.7797 -18.7798 
-17.7799 -16.78 -15.78 -14.7802 -13.7804 -12.7805 -11.7806 -10.7807 -9.78073 
-8.78084 -7.78091 -6.78095 -5.78098 -4.78101 -3.78102 -2.78107 -1.7812 -0.981406 
0.308556 1.10855 2.10854 3.10852 4.1085 5.10846 6.1084 7.10834 8.10829 
9.10825 10.1081 11.1081 12.108 13.108 14.1079 15.1078 16.1078 17.1075 
18.1074 19.1072 20.1072 21.1071 22.1071 23.1071 24.107 25.107 26.107 
27.1069 28.1069 29.1056 30.1039 31.1037 32.1037 33.1036 34.1036 35.1036 
36.1035 37.1031 38.1024 39.1017 40.1014 41.1014 42.1014 43.1013 44.1012 
-44.8369 -43.8369 -42.837 -41.837 -40.8371 -39.8373 -38.8374 -37.8384 -36.8405 
-35.8407 -34.8407 -33.8408 -32.8408 -31.8408 -30.8409 -29.841 -28.841 -27.8411 
-26.8414 -25.8418 -24.8421 -23.8424 -22.8424 -21.8425 -20.8426 -19.8427 -18.8427 
-17.8428 -16.8429 -15.8428 -14.843 -13.8431 -12.8432 -11.8433 -10.8434 -9.84341 
-8.84348 -7.84357 -6.84359 -5.84361 -4.84363 -3.84366 -2.84372 -1.84376 -0.84389 
0.229241 1.10243 2.10243 3.10241 4.10239 5.10231 6.10227 7.10219 8.10211 
9.10204 10.102 11.1019 12.1019 13.1018 14.1018 15.1016 16.1015 17.1013 
18.1012 19.101 20.1009 21.1008 22.1008 23.1008 24.1008 25.1008 26.1008 
27.1006 28.1004 29.099 30.0975 31.0973 32.0972 33.0971 34.097 35.097 
36.0968 37.0965 38.0953 39.2946 40.2945 41.2945 42.2945 43.2944 44.2943 
-45.4446 -44.8447 -43.8449 -42.845 -41.8451 -40.8451 -39.8453 -38.8453 -37.8455 
-36.8462 -35.847 -34.8472 -33.8472 -32.8472 -31.8473 -30.8473 -29.8473 -28.8474 
-27.8474 -26.8477 -25.8479 -24.8481 -23.8482 -22.8483 -21.8485 -20.8485 -19.8486 
-18.8486 -17.8487 -16.8487 -15.8488 -14.8489 -13.849 -12.8492 -11.8494 -10.8496 
-9.84973 -8.84984 -7.84993 -6.84996 -5.84999 -4.85005 -3.85012 -2.85009 -1.85026 
-0.850468 0.0513628 1.20232 2.20233 3.20228 4.20224 5.20214 6.20205 7.20192 
8.20179 9.20164 10.2015 11.2014 12.2014 13.2013 14.2012 15.2011 16.201 
17.2009 18.2007 19.2005 20.2005 21.2004 22.2004 23.2003 24.2003 25.2001 
26.1995 27.1976 28.1972 29.1971 30.1968 31.1967 32.1967 33.1966 34.1962 
35.1952 36.1949 37.1948 38.1948 39.1947 40.1947 41.1945 -36.58 -35.7801 
-34.7803 -33.7803 -32.7803 -31.7803 -30.7804 -29.7804 -28.7805 -27.7806 -26.7808 
-25.781 -24.7812 -23.7814 -22.7815 -21.7817 -20.7818 -19.7819 -18.7819 -17.782 
-16.7821 -15.7821 -14.7823 -13.7825 -12.7827 -11.7829 -10.783 -9.78305 -8.78315 
-7.7832 -6.78326 -5.78334 -4.78339 -3.78344 -2.78349 -1.78375 -0.784054 0.132457 
1.29023 2.2902 3.29019 4.29017 5.29011 6.29004 7.28988 8.28973 9.28959 
10.2895 11.2894 12.2894 13.2893 14.2891 15.2891 16.2889 17.2886 18.2884 
19.2883 20.2882 21.2882 22.2882 23.2881 24.2881 25.288 26.2874 27.2854 
28.2851 29.285 30.2848 31.2846 32.2846 33.2846 34.2844 35.2826 36.2819 
37.2818 38.2818 39.2817 40.2817 41.2815 -45.5914 -44.7915 -43.7919 -42.7921 
-41.7922 -40.7923 -39.7927 -38.7929 -37.7932 -36.795 -35.7955 -34.7957 -33.7957 
-32.7958 -31.7958 -30.7958 -29.7959 -28.7959 -27.796 -26.796 -25.7962 -24.7964 
-23.7966 -22.7967 -21.7969 -20.7969 -19.797 -18.7971 -17.7972 -16.7972 -15.7973 
-14.7974 -13.7975 -12.7976 -11.7978 -10.7979 -9.79807 -8.79818 -7.79823 -6.79823 
-5.79827 -4.7983 -3.79835 -2.79837 -1.79843 -0.798514 -0.198576 1.18726 2.18724 
3.18722 4.18721 5.18717 6.18709 7.1871 8.18704 9.18695 10.1868 11.1868 
12.1867 13.1867 14.1866 15.1865 16.1863 17.1862 18.186 19.1859 20.1858 
21.1857 22.1857 23.1856 24.1856 25.1856 26.1856 27.1856 28.1856 29.1851 
30.1815 31.1802 32.1801 33.1801 34.1801 35.18 36.1799 37.1798 38.1792 
39.1782 40.1775 41.1776 42.1776 43.1775 44.1774 44.9772 -44.827 -43.8276 
-42.828 -41.8281 -40.8282 -39.8284 -38.8287 -37.8288 -36.8292 -35.8299 -34.8306 
-33.8308 -32.8309 -31.8309 -30.8309 -29.8309 -28.831 -27.831 -26.8312 -25.8316 
-24.8318 -23.832 -22.8321 -21.8322 -20.8323 -19.8324 -18.8324 -17.8325 -16.8325 
-15.8326 -14.8327 -13.8329 -12.8331 -11.8331 -10.8333 -9.83336 -8.8335 -7.83354 
-6.8336 -5.8336 -4.83366 -3.83366 -2.8337 -1.83369 -0.833706 0.0945461 1.25871 
2.25869 3.25868 4.25865 5.25861 6.25861 7.25855 8.25852 9.25842 10.2584 
11.2583 12.2583 13.2582 14.2582 15.2581 16.258 17.2579 18.2578 19.2576 
20.2575 21.2575 22.2575 23.2574 24.2574 25.2574 26.2574 27.2574 28.2571 
29.257 30.2566 31.2548 32.2547 33.2546 34.2543 35.2541 36.2541 37.254 
38.2539 39.2532 40.2519 41.2513 42.2512 43.2512 44.2512 45.2509 -45.7431 
-44.7431 -43.7435 -42.7437 -41.7437 -40.7438 -39.7441 -38.7442 -37.7454 -36.7469 
-35.7471 -34.7472 -33.7473 -32.7473 -31.7474 -30.7474 -29.7474 -28.7475 -27.7477 
-26.7481 -25.7485 -24.7486 -23.7488 -22.7489 -21.749 -20.749 -19.7491 -18.7492 
-17.7493 -16.7494 -15.7494 -14.7497 -13.7499 -12.7501 -11.7502 -10.7503 -9.75043 
-8.75047 -7.75053 -6.75056 -5.75056 -4.75062 -3.75066 -2.75072 -1.7508 -0.750912 
1.12655 2.12654 3.12653 4.12651 5.12649 6.12646 7.1264 8.12634 9.1263 
10.1262 11.1262 12.1261 13.1261 14.126 15.126 16.1258 17.1257 18.1255 
19.1255 20.1253 21.1253 22.1253 23.1252 24.1252 25.1252 26.1252 27.1252 
28.1251 29.1247 30.1234 31.1195 32.1192 33.1192 34.1191 35.119 36.119 
37.1189 38.1184 39.1177 40.1169 41.1166 42.1166 43.1166 44.1166 45.1164 
-35.6662 -34.8663 -33.8664 -32.8664 -31.8664 -30.8665 -29.8665 -28.8666 -27.8668 
-26.8669 -25.8673 -24.8675 -23.8676 -22.8677 -21.8679 -20.8679 -19.868 -18.868 
-17.8681 -16.8682 -15.8682 -14.8684 -13.8686 -12.8688 -11.8689 -10.8689 -9.86901 
-8.86912 -7.86921 -6.86923 -5.8693 -4.86931 -3.86934 -2.86945 -1.8695 -0.869507 
0.1697 1.20869 2.20868 3.20869 4.20866 5.20861 6.20857 7.20846 8.20836 
9.2083 10.2081 11.2081 12.208 13.208 14.2078 15.2076 16.2075 17.2073 
18.2072 19.207 20.2069 21.2068 22.2068 23.2068 24.2067 25.2067 26.2067 
27.2051 28.2044 29.2044 30.2042 31.204 32.2039 33.2039 34.2037 35.2029 
36.2023 37.2021 38.2021 39.202 40.202 41.202 -47.9056 -46.7059 -45.7061 
-44.7064 -43.7072 -42.7075 -41.7077 -40.7077 -39.7078 -38.7079 -37.7082 -36.7083 
-35.7088 -34.7094 -33.7097 -32.7097 -31.7097 -30.7098 -29.7099 -28.7099 -27.7099 
-26.71 -25.7103 -24.7105 -23.7107 -22.7109 -21.7111 -20.7111 -19.7112 -18.7112 
-17.7113 -16.7113 -15.7114 -14.7115 -13.7116 -12.7118 -11.7119 -10.712 -9.71202 
-8.71212 -7.71221 -6.7123 -5.71238 -4.71241 -3.71245 -2.71265 -1.71283 -0.713096 
0.303414 1.10333 2.10331 3.10329 4.10329 5.10317 6.10312 7.10304 8.1029 
9.1028 10.1027 11.1026 12.1026 13.1024 14.1023 15.1023 16.1021 17.102 
18.1018 19.1017 20.1016 21.1016 22.1016 23.1015 24.1014 25.1012 26.0999 
27.0991 28.0991 29.0988 30.0987 31.0987 32.0986 33.0982 34.097 35.0957 
36.0956 37.0956 38.0956 39.0956 40.0955 -45.6965 -44.8966 -43.8969 -42.897 
-41.8972 -40.8973 -39.8975 -38.8975 -37.8976 -36.8984 -35.8992 -34.8996 -33.8996 
-32.8996 -31.8997 -30.8997 -29.8997 -28.8998 -27.8999 -26.9 -25.9002 -24.9004 
-23.9006 -22.9007 -21.9008 -20.9009 -19.901 -18.901 -17.901 -16.9011 -15.9011 
-14.9013 -13.9015 -12.9017 -11.9018 -10.9019 -9.90199 -8.90207 -7.90217 -6.90223 
-5.90223 -4.90228 -3.9023 -2.90238 -1.90251 -0.902642 0.310813 1.11076 2.11074 
3.11073 4.11071 5.11065 6.11063 7.11059 8.11051 9.11046 10.1104 11.1103 
12.1103 13.1102 14.1102 15.11 16.1098 17.1097 18.1096 19.1095 20.1094 
21.1093 22.1093 23.1093 24.1092 25.1092 26.1091 27.1089 28.1071 29.1052 
30.1048 31.1047 32.1046 33.1044 34.1043 35.1043 36.1039 37.1028 38.1021 
39.102 40.102 41.102 42.102 43.1019 -45.3401 -44.74 -43.7405 -42.7406 
-41.7407 -40.7407 -39.7412 -38.7415 -37.7418 -36.7424 -35.7435 -34.7444 -33.7444 
-32.7445 -31.7445 -30.7445 -29.7445 -28.7446 -27.7447 -26.7449 -25.7452 -24.7455 
-23.7457 -22.7458 -21.7459 -20.746 -19.746 -18.746 -17.746 -16.7461 -15.7462 
-14.7463 -13.7465 -12.7466 -11.7469 -10.747 -9.74702 -8.74715 -7.74723 -6.74728 
-5.74734 -4.74733 -3.74736 -2.74741 -1.74742 -0.747452 0.0928038 1.13309 2.13308 
3.13307 4.13305 5.13302 6.13297 7.13292 8.13289 9.13282 10.1328 11.1327 
12.1327 13.1327 14.1326 15.1325 16.1324 17.1322 18.1321 19.132 20.1319 
21.1319 22.1319 23.1318 24.1318 25.1318 26.1317 27.1317 28.1313 29.131 
30.1295 31.128 32.1277 33.1277 34.1276 35.1275 36.1275 37.1274 38.1269 
39.1262 40.1252 41.1251 42.1251 43.1251 44.125 45.1247 -35.5247 -34.7248 
-33.7248 -32.7249 -31.7249 -30.725 -29.725 -28.7251 -27.7253 -26.7255 -25.7256 
-24.7259 -23.726 -22.7261 -21.7262 -20.7262 -19.7263 -18.7264 -17.7264 -16.7265 
-15.7267 -14.7269 -13.7271 -12.7272 -11.7273 -10.7274 -9.72746 -8.72755 -7.72762 
-6.72766 -5.72769 -4.72771 -3.72774 -2.72784 -1.72799 -0.928056 1.13422 2.1342 
3.13421 4.13418 5.13416 6.13411 7.13407 8.13398 9.13394 10.1339 11.1338 
12.1337 13.1337 14.1336 15.1335 16.1334 17.1333 18.1332 19.1331 20.133 
21.1329 22.1329 23.1328 24.1328 25.1327 26.1327 27.1327 28.1324 29.1311 
30.1287 31.1285 32.1284 33.1282 34.1282 35.1281 36.1281 37.1279 38.1263 
39.1256 40.1255 41.1255 42.1255 43.1255 44.1253 -45.3482 -44.7482 -43.7485 
-42.7487 -41.7488 -40.7488 -39.7493 -38.7496 -37.7498 -36.7502 -35.7512 -34.7521 
-33.7522 -32.7522 -31.7522 -30.7523 -29.7523 -28.7524 -27.7524 -26.7526 -25.7529 
-24.7531 -23.7533 -22.7534 -21.7535 -20.7535 -19.7536 -18.7536 -17.7537 -16.7537 
-15.7539 -14.7539 -13.7541 -12.7542 -11.7543 -10.7544 -9.75454 -8.75464 -7.75471 
-6.75469 -5.75477 -4.75475 -3.7548 -2.75482 -1.75483 -0.754919 0.194423 1.16909 
2.16909 3.16909 4.16902 5.16899 6.16894 7.16892 8.16887 9.16879 10.1687 
11.1687 12.1686 13.1686 14.1685 15.1686 16.1684 17.1683 18.1681 19.1681 
20.168 21.168 22.1679 23.1679 24.1678 25.1678 26.1678 27.1678 28.1677 
29.1676 30.167 31.1659 32.1659 33.1654 34.1653 35.1651 36.1649 37.1648 
38.1648 39.1647 40.1641 41.1627 42.1617 43.1617 44.1616 45.1615 46.1614 
-35.6521 -34.8521 -33.8522 -32.8523 -31.8523 -30.8524 -29.8524 -28.8525 -27.8526 
-26.8527 -25.853 -24.8531 -23.8533 -22.8533 -21.8534 -20.8535 -19.8535 -18.8536 
-17.8536 -16.8536 -15.8537 -14.8539 -13.8541 -12.8542 -11.8543 -10.8545 -9.85462 
-8.85465 -7.85471 -6.85476 -5.85478 -4.85483 -3.8549 -2.85494 -1.85502 -0.855112 
1.10412 2.10408 3.10409 4.10405 5.10402 6.10394 7.10393 8.10387 9.10381 
10.1038 11.1038 12.1037 13.1037 14.1036 15.1035 16.1034 17.1032 18.103 
19.1029 20.1028 21.1028 22.1028 23.1027 24.1027 25.1027 26.1027 27.1027 
28.1025 29.102 30.1007 31.0968 32.0964 33.0963 34.0962 35.0962 36.0961 
37.0961 38.0959 39.095 40.294 41.2938 42.2937 43.2937 44.2936 45.2934 
-45.4704 -44.8705 -43.8711 -42.8713 -41.8713 -40.8713 -39.8717 -38.8718 -37.8721 
-36.8729 -35.8741 -34.8743 -33.8744 -32.8744 -31.8744 -30.8744 -29.8744 -28.8745 
-27.8746 -26.8748 -25.8751 -24.8753 -23.8755 -22.8756 -21.8758 -20.8759 -19.8759 
-18.876 -17.8761 -16.8761 -15.8762 -14.8763 -13.8764 -12.8767 -11.8768 -10.8769 
-9.87692 -8.87703 -7.87707 -6.87709 -5.87712 -4.87716 -3.87718 -2.8772 -1.87722 
-0.877308 0.0967509 1.28379 2.28376 3.28375 4.2837 5.28364 6.28361 7.28358 
8.2835 9.28346 10.2834 11.2834 12.2833 13.2833 14.2832 15.2832 16.2832 
17.283 18.2829 19.2828 20.2827 21.2827 22.2826 23.2826 24.2825 25.2826 
26.2825 27.2825 28.2825 29.2822 30.2817 31.2808 32.2807 33.2802 34.28 
35.2799 36.2799 37.2798 38.2798 39.2796 40.2789 41.2773 42.2771 43.2771 
44.2771 45.277 46.2769 -45.566 -44.7661 -43.7663 -42.7664 -41.7665 -40.7665 
-39.7667 -38.7669 -37.767 -36.7687 -35.769 -34.7694 -33.7694 -32.7694 -31.7695 
-30.7695 -29.7695 -28.7696 -27.7697 -26.7699 -25.77 -24.7703 -23.7706 -22.7708 
-21.7708 -20.7709 -19.771 -18.771 -17.7711 -16.7712 -15.7713 -14.7714 -13.7715 
-12.7716 -11.7718 -10.7719 -9.77194 -8.77203 -7.77206 -6.77213 -5.77217 -4.77223 
-3.77224 -2.77233 -1.77238 -0.772646 -0.172617 1.13797 2.13794 3.13795 4.13795 
5.13791 6.13785 7.13781 8.13771 9.13758 10.1375 11.1375 12.1374 13.1374 
14.1373 15.1371 16.1371 17.137 18.1368 19.1366 20.1365 21.1365 22.1365 
23.1364 24.1364 25.1364 26.1363 27.1357 28.1338 29.1334 30.1334 31.133 
32.1328 33.1327 34.1327 35.1326 36.1308 37.1298 38.1296 39.1296 40.1295 
41.1295 42.1295 -45.6692 -44.8694 -43.8698 -42.8701 -41.8701 -40.8703 -39.8705 
-38.8708 -37.8718 -36.8762 -35.8765 -34.8766 -33.8767 -32.8767 -31.8767 -30.8768 
-29.8768 -28.8768 -27.877 -26.8773 -25.8774 -24.8775 -23.8776 -22.8778 -21.878 
-20.878 -19.8781 -18.8781 -17.8782 -16.8782 -15.8783 -14.8784 -13.8785 -12.8787 
-11.8788 -10.8789 -9.87888 -8.87895 -7.87898 -6.87899 -5.87904 -4.87906 -3.87909 
-2.87912 -1.87917 -0.879267 0.117595 1.11596 2.11594 3.11591 4.11589 5.11586 
6.11581 7.1158 8.11572 9.11565 10.1156 11.1155 12.1155 13.1155 14.1154 
15.1153 16.1153 17.1152 18.1151 19.115 20.1149 21.1148 22.1148 23.1147 
24.1147 25.1147 26.1147 27.1147 28.1146 29.1145 30.1139 31.113 32.1116 
33.1111 34.111 35.1108 36.1106 37.1106 38.1105 39.1105 40.11 41.1086 
42.1082 43.1082 44.1081 45.1081 46.108 -45.6384 -44.8386 -43.8388 -42.8391 
-41.8391 -40.8392 -39.8394 -38.8396 -37.8398 -36.8416 -35.8419 -34.8421 -33.8422 
-32.8422 -31.8422 -30.8423 -29.8423 -28.8425 -27.8425 -26.8426 -25.8428 -24.843 
-23.8431 -22.8432 -21.8433 -20.8434 -19.8435 -18.8436 -17.8436 -16.8436 -15.8438 
-14.8439 -13.844 -12.8442 -11.8443 -10.8443 -9.84446 -8.84454 -7.84462 -6.84465 
-5.8447 -4.84474 -3.8448 -2.84487 -1.84491 -0.845019 0.427206 1.2272 2.22717 
3.22718 4.22714 5.22711 6.22703 7.22697 8.2269 9.22675 10.2267 11.2266 
12.2266 13.2265 14.2264 15.2262 16.2261 17.226 18.2258 19.2257 20.2256 
21.2256 22.2256 23.2256 24.2255 25.2255 26.2253 27.2247 28.2244 29.2244 
30.2241 31.2239 32.2239 33.2238 34.2237 35.222 36.2203 37.2202 38.2202 
39.2202 40.2202 41.2201 -45.4765 -44.8772 -43.8775 -42.8779 -41.878 -40.8781 
-39.8781 -38.8784 -37.8785 -36.8789 -35.8799 -34.8805 -33.8805 -32.8806 -31.8805 
-30.8806 -29.8807 -28.8807 -27.8808 -26.8809 -25.8812 -24.8813 -23.8815 -22.8816 
-21.8817 -20.8818 -19.8819 -18.8819 -17.882 -16.882 -15.8821 -14.8822 -13.8824 
-12.8825 -11.8827 -10.8829 -9.88301 -8.88312 -7.88319 -6.88322 -5.88324 -4.88324 
-3.88326 -2.88334 -1.88337 -0.883427 0.0718313 1.22712 2.2271 3.22709 4.22706 
5.22702 6.22697 7.22694 8.22686 9.22681 10.2268 11.2267 12.2267 13.2266 
14.2266 15.2265 16.2263 17.2262 18.2261 19.2259 20.2258 21.2258 22.2258 
23.2257 24.2257 25.2257 26.2257 27.2257 28.2255 29.225 30.2237 31.2199 
32.2195 33.2194 34.2192 35.2192 36.2191 37.2191 38.219 39.2182 40.2175 
41.2173 42.2173 43.2172 44.2172 45.217 -44.8494 -43.8495 -42.8496 -41.8497 
-40.8497 -39.8498 -38.8498 -37.8499 -36.8502 -35.8507 -34.8508 -33.8508 -32.8509 
-31.8509 -30.851 -29.851 -28.8511 -27.8511 -26.8513 -25.8517 -24.8519 -23.8521 
-22.8522 -21.8523 -20.8524 -19.8525 -18.8526 -17.8526 -16.8527 -15.8527 -14.8529 
-13.853 -12.8532 -11.8534 -10.8535 -9.85352 -8.85367 -7.85374 -6.85381 -5.85384 
-4.85389 -3.85395 -2.85399 -1.85411 -0.854291 0.257117 1.21288 2.21285 3.21282 
4.21276 5.21273 6.21263 7.21251 8.21244 9.21234 10.2122 11.2121 12.2121 
13.212 14.2119 15.2119 16.2117 17.2115 18.2114 19.2112 20.2111 21.211 
22.2111 23.2111 24.211 25.2109 26.2105 27.209 28.2083 29.2082 30.2081 
31.2079 32.2078 33.2078 34.2078 35.2064 36.2054 37.2051 38.205 39.2051 
40.205 41.2048 -44.8623 -43.8624 -42.8629 -41.863 -40.8631 -39.8631 -38.8632 
-37.8634 -36.8638 -35.8644 -34.8647 -33.8647 -32.8648 -31.8648 -30.8648 -29.8649 
-28.8649 -27.8649 -26.865 -25.8653 -24.8655 -23.8657 -22.8658 -21.8659 -20.8659 
-19.866 -18.866 -17.8661 -16.8661 -15.8662 -14.8663 -13.8664 -12.8666 -11.8668 
-10.8669 -9.86706 -8.86707 -7.8672 -6.86723 -5.86727 -4.86728 -3.8673 -2.86732 
-1.86742 -0.867464 0.356358 1.15636 2.15637 3.15634 4.15629 5.15625 6.15621 
7.15617 8.15611 9.15606 10.156 11.1559 12.1559 13.1558 14.1558 15.1557 
16.1556 17.1555 18.1553 19.1553 20.1552 21.1552 22.1552 23.1551 24.1551 
25.1551 26.1551 27.1551 28.1548 29.1538 30.1501 31.1498 32.1498 33.1498 
34.1496 35.1496 36.1495 37.1492 38.1484 39.1474 40.147 41.147 42.1469 
43.1469 44.1467 -45.4181 -44.8186 -43.8188 -42.8192 -41.8194 -40.8194 -39.8197 
-38.82 -37.8202 -36.8207 -35.821 -34.8212 -33.8213 -32.8214 -31.8214 -30.8214 
-29.8215 -28.8215 -27.8215 -26.8216 -25.822 -24.8221 -23.8223 -22.8224 -21.8225 
-20.8226 -19.8226 -18.8226 -17.8227 -16.8227 -15.8228 -14.8229 -13.8231 -12.8233 
-11.8234 -10.8235 -9.82354 -8.82366 -7.8237 -6.82372 -5.82377 -4.82383 -3.82383 
-2.82385 -1.82391 -0.824008 0.157079 1.14762 2.14761 3.1476 4.1475 5.14748 
6.14744 7.14738 8.14732 9.14724 10.1472 11.1472 12.1471 13.1471 14.147 
15.147 16.147 17.1468 18.1467 19.1466 20.1464 21.1463 22.1463 23.1462 
24.1462 25.1462 26.1462 27.1462 28.1461 29.1459 30.1454 31.1449 32.1436 
33.1435 34.1432 35.1431 36.143 37.1429 38.1429 39.1428 40.1416 41.1405 
42.1403 43.1403 44.1403 45.1402 46.14 -35.6091 -34.8092 -33.8092 -32.8093 
-31.8094 -30.8094 -29.8095 -28.8095 -27.8096 -26.8098 -25.81 -24.81 -23.8101 
-22.8103 -21.8104 -20.8104 -19.8105 -18.8106 -17.8106 -16.8107 -15.8107 -14.8109 
-13.8111 -12.8113 -11.8114 -10.8115 -9.81155 -8.81167 -7.81177 -6.81175 -5.81176 
-4.8118 -3.81184 -2.81192 -1.81195 -0.812235 0.275953 1.16424 2.16424 3.16421 
4.16418 5.16413 6.16403 7.16401 8.16391 9.16385 10.1637 11.1636 12.1636 
13.1636 14.1634 15.1634 16.1633 17.1631 18.163 19.1628 20.1627 21.1627 
22.1626 23.1626 24.1626 25.1625 26.1624 27.1619 28.1597 29.1589 30.1589 
31.1588 32.1587 33.1586 34.1585 35.1582 36.1574 37.1561 38.1558 39.1558 
40.1558 41.1558 42.1556 -45.3189 -44.7195 -43.7196 -42.7198 -41.72 -40.72 
-39.72 -38.7203 -37.7204 -36.7206 -35.7212 -34.7213 -33.7214 -32.7214 -31.7214 
-30.7215 -29.7215 -28.7215 -27.7216 -26.7218 -25.7222 -24.7222 -23.7224 -22.7225 
-21.7226 -20.7227 -19.7228 -18.7228 -17.7229 -16.7229 -15.723 -14.7231 -13.7232 
-12.7234 -11.7235 -10.7237 -9.72383 -8.72391 -7.72392 -6.72393 -5.72395 -4.72403 
-3.72415 -2.72413 -1.72429 -0.724403 0.56491 1.1649 2.16487 3.16486 4.16483 
5.16477 6.16472 7.16468 8.16459 9.16448 10.1644 11.1643 12.1642 13.1642 
14.1641 15.164 16.1638 17.1637 18.1636 19.1634 20.1632 21.1632 22.1631 
23.1631 24.1631 25.1631 26.163 27.1624 28.1613 29.161 30.161 31.1608 
32.1605 33.1604 34.1604 35.1602 36.158 37.1574 38.1572 39.1572 40.1572 
41.1572 42.1571 -44.7679 -43.7682 -42.7683 -41.7683 -40.7684 -39.7685 -38.7687 
-37.7688 -36.7691 -35.7703 -34.7708 -33.7709 -32.7709 -31.771 -30.771 -29.7711 
-28.7711 -27.7711 -26.7714 -25.7716 -24.7716 -23.7718 -22.7719 -21.7719 -20.7721 
-19.7721 -18.7721 -17.7722 -16.7722 -15.7722 -14.7724 -13.7725 -12.7727 -11.7728 
-10.773 -9.77309 -8.77318 -7.77327 -6.77324 -5.77335 -4.77343 -3.77352 -2.7736 
-1.77376 -0.774223 0.12074 1.26837 2.26835 3.26833 4.26829 5.26815 6.26808 
7.268 8.26776 9.26762 10.2675 11.2674 12.2673 13.2671 14.267 15.2668 
16.2665 17.2664 18.2663 19.2662 20.266 21.266 22.2656 23.2645 24.264 
25.2625 26.2619 27.2618 28.2617 29.2617 30.2617 31.2615 32.2611 33.2583 
34.2577 35.2577 36.2577 37.2576 38.2576 39.2575 -45.8017 -44.8018 -43.8021 
-42.8022 -41.8022 -40.8025 -39.8027 -38.8028 -37.8039 -36.8054 -35.8059 -34.806 
-33.806 -32.806 -31.806 -30.8061 -29.8061 -28.8062 -27.8063 -26.8064 -25.8069 
-24.807 -23.8072 -22.8073 -21.8074 -20.8075 -19.8075 -18.8076 -17.8077 -16.8078 
-15.8078 -14.808 -13.8081 -12.8083 -11.8084 -10.8085 -9.80855 -8.80859 -7.80868 
-6.80871 -5.80875 -4.80874 -3.80883 -2.80885 -1.80896 -0.80912 1.28163 2.2816 
3.28161 4.2816 5.28157 6.2815 7.28146 8.28138 9.28128 10.2811 11.2811 
12.281 13.281 14.2809 15.2808 16.2806 17.2805 18.2803 19.2802 20.2801 
21.28 22.2799 23.2799 24.2799 25.2799 26.2798 27.2797 28.279 29.2767 
30.2764 31.2764 32.2762 33.2759 34.2758 35.2758 36.2756 37.2738 38.2729 
39.2728 40.2728 41.2728 42.2728 43.2728 -45.8892 -44.8892 -43.8895 -42.8896 
-41.8896 -40.8899 -39.8902 -38.8904 -37.8912 -36.8927 -35.8932 -34.8933 -33.8933 
-32.8933 -31.8934 -30.8935 -29.8935 -28.8935 -27.8937 -26.8941 -25.8944 -24.8946 
-23.8947 -22.8949 -21.895 -20.8951 -19.8952 -18.8952 -17.8953 -16.8954 -15.8954 
-14.8956 -13.8957 -12.8958 -11.8959 -10.896 -9.89611 -8.89617 -7.8963 -6.89634 
-5.89637 -4.89639 -3.89642 -2.8965 -1.89663 -0.896958 0.339192 1.13916 2.13916 
3.13917 4.13913 5.13909 6.13904 7.13898 8.13887 9.13881 10.1387 11.1387 
12.1386 13.1386 14.1386 15.1384 16.1382 17.1381 18.138 19.1379 20.1378 
21.1378 22.1377 23.1377 24.1377 25.1377 26.1376 27.1374 28.1364 29.134 
30.1337 31.1337 32.1335 33.1333 34.1332 35.1332 36.1328 37.1311 38.1303 
39.1303 40.1303 41.1303 42.1302 43.1301 -46.3263 -45.7264 -44.7264 -43.7266 
-42.7268 -41.7268 -40.7271 -39.7273 -38.7275 -37.7286 -36.7299 -35.7303 -34.7304 
-33.7304 -32.7305 -31.7305 -30.7305 -29.7306 -28.7307 -27.7309 -26.731 -25.7313 
-24.7315 -23.7316 -22.7318 -21.7319 -20.732 -19.732 -18.7321 -17.7322 -16.7322 
-15.7322 -14.7324 -13.7326 -12.7328 -11.733 -10.7331 -9.73318 -8.7332 -7.73328 
-6.73329 -5.73329 -4.73333 -3.73334 -2.73341 -1.73346 -0.733537 0.289213 1.28919 
2.28917 3.28914 4.28911 5.28908 6.28903 7.28902 8.28894 9.28888 10.2888 
11.2887 12.2887 13.2886 14.2886 15.2885 16.2885 17.2883 18.2882 19.2882 
20.2881 21.288 22.288 23.288 24.2879 25.2879 26.2879 27.2879 28.2878 
29.2875 30.287 31.2859 32.2853 33.2849 34.2846 35.2846 36.2846 37.2846 
38.2845 39.2842 40.2835 41.2826 42.2823 43.2823 44.2823 45.2822 46.2818 
-45.6885 -44.8885 -43.8886 -42.8888 -41.8888 -40.8889 -39.889 -38.8891 -37.8892 
-36.8919 -35.8932 -34.8935 -33.8935 -32.8935 -31.8936 -30.8936 -29.8937 -28.8937 
-27.8938 -26.894 -25.8943 -24.8946 -23.8949 -22.895 -21.8951 -20.8952 -19.8953 
-18.8954 -17.8954 -16.8955 -15.8955 -14.8956 -13.8958 -12.8961 -11.8963 -10.8964 
-9.89657 -8.89667 -7.89674 -6.89679 -5.89683 -4.89691 -3.89695 -2.89698 -1.89717 
-0.897386 0.249801 1.2234 2.22337 3.22339 4.22333 5.2232 6.22313 7.22298 
8.22281 9.22265 10.2225 11.2225 12.2224 13.2223 14.2222 15.2221 16.2219 
17.2217 18.2216 19.2216 20.2214 21.2214 22.2214 23.2214 24.2212 25.2209 
26.2198 27.2192 28.2191 29.219 30.219 31.2189 32.2188 33.218 34.2159 
35.2159 36.2159 37.2159 38.2158 39.2157 40.0157 -45.6019 -44.802 -43.8023 
-42.8025 -41.8026 -40.8026 -39.8029 -38.8031 -37.8032 -36.8041 -35.8046 -34.8052 
-33.8052 -32.8053 -31.8053 -30.8054 -29.8054 -28.8055 -27.8056 -26.8058 -25.8062 
-24.8064 -23.8067 -22.8067 -21.8069 -20.8069 -19.807 -18.8071 -17.8071 -16.8071 
-15.8073 -14.8074 -13.8076 -12.8078 -11.8079 -10.808 -9.80809 -8.80817 -7.80822 
-6.80821 -5.80824 -4.8083 -3.80833 -2.80836 -1.80848 -0.80855 0.606915 1.20695 
2.20692 3.20692 4.20688 5.20686 6.20683 7.20679 8.20672 9.20662 10.2066 
11.2065 12.2065 13.2064 14.2063 15.2063 16.2062 17.206 18.2059 19.2058 
20.2056 21.2056 22.2055 23.2055 24.2055 25.2055 26.2055 27.2054 28.2048 
29.2028 30.2022 31.2021 32.202 33.2018 34.2017 35.2017 36.2016 37.2009 
38.1992 39.1989 40.1989 41.1988 42.1988 43.1987 43.9986 -45.4959 -44.8964 
-43.8965 -42.8969 -41.897 -40.8971 -39.8971 -38.8972 -37.8973 -36.8975 -35.8983 
-34.8991 -33.8991 -32.8992 -31.8992 -30.8992 -29.8993 -28.8993 -27.8994 -26.8996 
-25.8999 -24.9 -23.9002 -22.9003 -21.9004 -20.9005 -19.9005 -18.9006 -17.9006 
-16.9007 -15.9008 -14.9009 -13.901 -12.9011 -11.9013 -10.9014 -9.90155 -8.90157 
-7.90168 -6.9017 -5.9017 -4.90174 -3.90177 -2.90184 -1.90192 -0.902025 -0.302047 
1.2316 2.23157 3.23158 4.23154 5.23153 6.23144 7.23143 8.23137 9.2313 
10.2312 11.2311 12.2311 13.231 14.231 15.2309 16.2308 17.2306 18.2304 
19.2303 20.2302 21.2301 22.2301 23.2301 24.2301 25.2301 26.23 27.23 
28.2298 29.2294 30.2258 31.2242 32.2239 33.2239 34.2238 35.2238 36.2237 
37.2236 38.2232 39.222 40.2213 41.2212 42.2212 43.2211 44.221 45.2209 
-35.4077 -34.8077 -33.8078 -32.8078 -31.8078 -30.8079 -29.808 -28.808 -27.8082 
-26.8084 -25.8088 -24.809 -23.8091 -22.8092 -21.8093 -20.8094 -19.8095 -18.8095 
-17.8096 -16.8096 -15.8097 -14.8098 -13.8099 -12.81 -11.8101 -10.8101 -9.8102 
-8.81028 -7.8103 -6.81035 -5.81037 -4.81037 -3.81039 -2.81043 -1.81046 -0.810526 
0.122209 1.28855 2.28855 3.28852 4.28848 5.28847 6.28844 7.28838 8.28831 
9.28823 10.2881 11.2881 12.2881 13.288 14.288 15.2879 16.2879 17.2878 
18.2877 19.2876 20.2875 21.2874 22.2874 23.2874 24.2874 25.2874 26.2873 
27.2873 28.2873 29.287 30.2865 31.2859 32.2853 33.2848 34.2847 35.2843 
36.2839 37.2839 38.2838 39.2838 40.2838 41.2818 42.2807 43.2807 44.2806 
45.2806 46.2805 -44.6485 -43.8486 -42.8487 -41.8487 -40.8488 -39.8488 -38.8489 
-37.849 -36.8506 -35.8507 -34.8509 -33.8509 -32.8509 -31.8509 -30.851 -29.851 
-28.8511 -27.8511 -26.8513 -25.8516 -24.8519 -23.852 -22.852 -21.8521 -20.8522 
-19.8523 -18.8524 -17.8524 -16.8525 -15.8526 -14.8527 -13.8528 -12.853 -11.8531 
-10.8533 -9.85337 -8.85347 -7.85359 -6.85367 -5.85367 -4.85376 -3.85379 -2.85389 
-1.85423 -0.854954 0.221734 1.16041 2.1604 3.16041 4.16036 5.16024 6.16022 
7.16003 8.15989 9.15979 10.1597 11.1596 12.1595 13.1594 14.1592 15.159 
16.1589 17.1587 18.1586 19.1585 20.1584 21.1584 22.1581 23.1573 24.1569 
25.1557 26.1539 27.1539 28.1538 29.1537 30.1537 31.1535 32.153 33.1509 
34.1509 35.1509 36.1509 37.1508 38.1508 39.1507 -35.6471 -34.8471 -33.8472 
-32.8473 -31.8473 -30.8474 -29.8474 -28.8475 -27.8476 -26.8478 -25.8481 -24.8483 
-23.8484 -22.8485 -21.8487 -20.8488 -19.8489 -18.8489 -17.849 -16.8491 -15.8492 
-14.8493 -13.8495 -12.8496 -11.8497 -10.8498 -9.84989 -8.85001 -7.85007 -6.85009 
-5.85009 -4.85012 -3.85016 -2.85021 -1.85023 -0.850278 0.0763632 1.2397 2.23967 
3.23965 4.2396 5.2396 6.23958 7.23953 8.2395 9.23941 10.2393 11.2393 
12.2393 13.2392 14.2392 15.2391 16.239 17.2389 18.2388 19.2387 20.2386 
21.2386 22.2385 23.2385 24.2385 25.2385 26.2385 27.2384 28.2384 29.2381 
30.2375 31.237 32.2364 33.236 34.2359 35.2356 36.2355 37.2354 38.2354 
39.2352 40.2343 41.2327 42.232 43.232 44.232 45.2318 46.2317 -44.8435 
-43.8437 -42.8441 -41.8443 -40.8444 -39.8447 -38.8449 -37.8451 -36.8456 -35.8462 
-34.8467 -33.8469 -32.847 -31.847 -30.847 -29.847 -28.847 -27.8471 -26.8472 
-25.8476 -24.8478 -23.8481 -22.8482 -21.8482 -20.8483 -19.8484 -18.8484 -17.8485 
-16.8485 -15.8486 -14.8486 -13.8488 -12.849 -11.8491 -10.8492 -9.84931 -8.84933 
-7.84945 -6.84946 -5.84954 -4.84956 -3.84958 -2.84965 -1.84967 -0.849694 0.160819 
1.1661 2.1661 3.16607 4.16605 5.16601 6.16597 7.16592 8.16587 9.1658 
10.1657 11.1657 12.1656 13.1656 14.1656 15.1655 16.1653 17.1652 18.165 
19.1649 20.1647 21.1646 22.1646 23.1646 24.1646 25.1646 26.1646 27.1645 
28.1642 29.1638 30.1602 31.1592 32.1591 33.159 34.1588 35.1587 36.1587 
37.1585 38.1581 39.1573 40.157 41.157 42.157 43.157 44.1568 -45.5202 
-44.7203 -43.7206 -42.721 -41.7211 -40.7213 -39.7214 -38.7215 -37.7217 -36.7229 
-35.7233 -34.7236 -33.7237 -32.7237 -31.7238 -30.7238 -29.7239 -28.724 -27.724 
-26.7244 -25.7247 -24.725 -23.7251 -22.7252 -21.7253 -20.7254 -19.7254 -18.7255 
-17.7255 -16.7256 -15.7257 -14.7258 -13.7259 -12.7261 -11.7262 -10.7263 -9.72642 
-8.72645 -7.72653 -6.72658 -5.7266 -4.72664 -3.72666 -2.72676 -1.72682 -0.726861 
0.390331 1.19033 2.19031 3.1903 4.19029 5.19028 6.19021 7.19016 8.19009 
9.18999 10.19 11.1899 12.1899 13.1898 14.1898 15.1897 16.1895 17.1895 
18.1893 19.1891 20.189 21.1889 22.1889 23.1889 24.1889 25.1889 26.1889 
27.1888 28.1886 29.1884 30.1883 31.1882 32.1879 33.1879 34.1877 35.1876 
36.1876 37.1875 38.1871 39.1856 40.185 41.1849 42.1849 43.1848 44.1847 
45.1845 -45.6757 -44.8759 -43.8762 -42.8764 -41.8766 -40.8766 -39.8768 -38.877 
-37.8772 -36.8791 -35.8797 -34.8799 -33.88 -32.88 -31.8801 -30.8801 -29.8802 
-28.8803 -27.8804 -26.8805 -25.8808 -24.8809 -23.8811 -22.8812 -21.8813 -20.8814 
-19.8815 -18.8816 -17.8816 -16.8817 -15.8818 -14.8818 -13.882 -12.8821 -11.8824 
-10.8825 -9.88266 -8.88274 -7.88283 -6.88284 -5.88289 -4.88291 -3.88292 -2.88295 
-1.88299 -0.883026 0.0367152 1.15646 2.15644 3.15644 4.15642 5.15639 6.15633 
7.15633 8.15629 9.15625 10.1562 11.1561 12.1561 13.1561 14.156 15.156 
16.1558 17.1557 18.1556 19.1555 20.1554 21.1553 22.1553 23.1553 24.1553 
25.1553 26.1553 27.1552 28.1551 29.1547 30.1543 31.153 32.1523 33.1522 
34.1521 35.1519 36.1518 37.1518 38.1517 39.1511 40.1498 41.1494 42.1493 
43.1492 44.1493 45.1491 46.1489 -44.8739 -43.8741 -42.8742 -41.8742 -40.8745 
-39.8747 -38.875 -37.8772 -36.8784 -35.8785 -34.8786 -33.8786 -32.8786 -31.8786 
-30.8787 -29.8787 -28.8787 -27.879 -26.8792 -25.8794 -24.8795 -23.8796 -22.8797 
-21.8798 -20.8798 -19.8799 -18.88 -17.88 -16.8801 -15.8801 -14.8804 -13.8806 
-12.8807 -11.8808 -10.8809 -9.88096 -8.88101 -7.88111 -6.88116 -5.88118 -4.8812 
-3.88124 -2.88125 -1.88132 -0.881467 0.105699 1.29282 2.29278 3.29277 4.29273 
5.2927 6.29267 7.29259 8.29261 9.2925 10.2924 11.2923 12.2923 13.2923 
14.2922 15.2921 16.2919 17.2918 18.2916 19.2915 20.2915 21.2914 22.2914 
23.2914 24.2914 25.2914 26.2913 27.2912 28.2912 29.2908 30.288 31.2877 
32.2877 33.2876 34.2876 35.2874 36.2874 37.2871 38.2865 39.2855 40.2854 
41.2854 42.2854 43.2853 44.2852 45.0852 -45.6224 -44.8224 -43.8228 -42.8231 
-41.8231 -40.8233 -39.8235 -38.8236 -37.8243 -36.8253 -35.8264 -34.8266 -33.8266 
-32.8266 -31.8267 -30.8267 -29.8268 -28.8268 -27.8269 -26.8271 -25.8273 -24.8275 
-23.8276 -22.8277 -21.8278 -20.8279 -19.8279 -18.828 -17.828 -16.8281 -15.8281 
-14.8282 -13.8284 -12.8287 -11.8288 -10.8289 -9.82893 -8.829 -7.82903 -6.82904 
-5.82906 -4.82912 -3.82909 -2.82918 -1.82922 -0.829306 0.193891 1.20551 2.2055 
3.20547 4.20544 5.20542 6.20539 7.20537 8.20529 9.20522 10.2051 11.2051 
12.205 13.205 14.205 15.2049 16.2048 17.2046 18.2045 19.2045 20.2043 
21.2043 22.2042 23.2042 24.2042 25.2042 26.2042 27.2041 28.2041 29.2039 
30.2033 31.2021 32.2012 33.201 34.2008 35.2007 36.2007 37.2007 38.2006 
39.2004 40.1995 41.1985 42.1983 43.1983 44.1983 45.1982 46.198 -45.3777 
-44.7778 -43.7781 -42.7781 -41.7782 -40.7782 -39.7785 -38.7788 -37.7791 -36.7797 
-35.7808 -34.781 -33.7811 -32.7811 -31.7812 -30.7812 -29.7812 -28.7813 -27.7815 
-26.7816 -25.7819 -24.7821 -23.7823 -22.7823 -21.7825 -20.7826 -19.7827 -18.7827 
-17.7828 -16.7828 -15.7829 -14.7829 -13.7831 -12.7833 -11.7834 -10.7835 -9.78353 
-8.78368 -7.78369 -6.78375 -5.78373 -4.7838 -3.78378 -2.78383 -1.78388 -0.783962 
0.229889 1.23679 2.2368 3.2368 4.23672 5.2367 6.23666 7.23659 8.23651 
9.23644 10.2364 11.2363 12.2362 13.2362 14.2362 15.2361 16.236 17.2358 
18.2357 19.2356 20.2355 21.2354 22.2354 23.2354 24.2354 25.2354 26.2353 
27.2353 28.2349 29.2345 30.2323 31.23 32.2297 33.2297 34.2295 35.2294 
36.2293 37.2293 38.229 39.228 40.2278 41.2276 42.2276 43.2277 44.2275 
45.2273 -45.3944 -44.7945 -43.7948 -42.7949 -41.795 -40.795 -39.7953 -38.7954 
-37.7955 -36.7962 -35.7974 -34.7979 -33.798 -32.798 -31.798 -30.7981 -29.7981 
-28.7982 -27.7982 -26.7984 -25.7986 -24.7988 -23.799 -22.7991 -21.7993 -20.7993 
-19.7994 -18.7994 -17.7995 -16.7995 -15.7996 -14.7997 -13.7998 -12.8 -11.8002 
-10.8003 -9.80045 -8.80058 -7.80063 -6.8007 -5.80072 -4.80079 -3.80084 -2.80089 
-1.80107 -0.801367 0.0907397 1.23704 2.23704 3.23703 4.23698 5.23688 6.23678 
7.23666 8.23653 9.23638 10.2363 11.2362 12.2361 13.2361 14.236 15.2359 
16.2358 17.2357 18.2356 19.2355 20.2354 21.2353 22.2353 23.2353 24.2353 
25.235 26.2348 27.2343 28.2339 29.2337 30.2335 31.2333 32.2333 33.2332 
34.2326 35.231 36.2309 37.2309 38.2309 39.2308 40.2308 41.2307 -44.8422 
-43.8424 -42.8427 -41.8429 -40.8429 -39.8429 -38.843 -37.8432 -36.8436 -35.8443 
-34.8445 -33.8446 -32.8446 -31.8447 -30.8447 -29.8448 -28.8448 -27.8448 -26.8449 
-25.8453 -24.8455 -23.8457 -22.8458 -21.8459 -20.846 -19.846 -18.8461 -17.8461 
-16.8461 -15.8462 -14.8463 -13.8465 -12.8467 -11.8468 -10.8469 -9.84694 -8.84702 
-7.84712 -6.84715 -5.84721 -4.84722 -3.84727 -2.84732 -1.84737 -0.847371 0.176267 
1.19991 2.19991 3.19989 4.19985 5.19984 6.19978 7.19973 8.19969 9.19965 
10.1996 11.1995 12.1995 13.1995 14.1994 15.1993 16.1991 17.199 18.1988 
19.1987 20.1987 21.1986 22.1985 23.1985 24.1985 25.1985 26.1985 27.1985 
28.1983 29.1972 30.1942 31.1942 32.1942 33.1941 34.1939 35.1938 36.1938 
37.1936 38.192 39.191 40.1909 41.1908 42.1908 43.1908 44.1906 -45.3505 
-44.7505 -43.7507 -42.7509 -41.7511 -40.7511 -39.7513 -38.7513 -37.7515 -36.7521 
-35.7533 -34.7536 -33.7536 -32.7537 -31.7537 -30.7538 -29.7538 -28.7538 -27.7539 
-26.7541 -25.7543 -24.7545 -23.7547 -22.7549 -21.755 -20.7551 -19.7552 -18.7552 
-17.7552 -16.7553 -15.7553 -14.7554 -13.7555 -12.7558 -11.7558 -10.7559 -9.75607 
-8.75615 -7.7563 -6.75637 -5.75642 -4.75656 -3.75659 -2.75662 -1.75684 -0.757383 
0.111802 1.24653 2.24652 3.24651 4.24647 5.24632 6.24625 7.24615 8.24591 
9.24584 10.2457 11.2456 12.2455 13.2454 14.2453 15.2451 16.2449 17.2447 
18.2446 19.2445 20.2444 21.2443 22.2441 23.2432 24.2426 25.2416 26.2412 
27.2411 28.241 29.241 30.241 31.2409 32.2405 33.2364 34.2361 35.2361 
36.2361 37.236 38.2359 39.2357 -45.4167 -44.8168 -43.817 -42.8171 -41.8173 
-40.8173 -39.8175 -38.8177 -37.8178 -36.8184 -35.8199 -34.82 -33.8201 -32.8201 
-31.8202 -30.8202 -29.8203 -28.8203 -27.8204 -26.8206 -25.8208 -24.8209 -23.8211 
-22.8213 -21.8214 -20.8215 -19.8216 -18.8216 -17.8216 -16.8217 -15.8218 -14.8218 
-13.8219 -12.8222 -11.8224 -10.8225 -9.82262 -8.82271 -7.8228 -6.82285 -5.82289 
-4.82291 -3.82302 -2.82309 -1.82328 -0.823582 0.092993 1.25133 2.25131 3.2513 
4.25124 5.25118 6.25115 7.25106 8.25083 9.25065 10.2505 11.2504 12.2503 
13.2502 14.2501 15.2499 16.2497 17.2496 18.2495 19.2494 20.2493 21.2492 
22.2487 23.2483 24.248 25.2473 26.2466 27.2465 28.2464 29.2464 30.2463 
31.2463 32.2461 33.2451 34.2447 35.2446 36.2446 37.2446 38.2445 39.2445 
-45.5883 -44.7887 -43.7889 -42.7892 -41.7893 -40.7894 -39.7895 -38.7898 -37.7898 
-36.7903 -35.7909 -34.7917 -33.7917 -32.7918 -31.7918 -30.7918 -29.7919 -28.7919 
-27.792 -26.7922 -25.7924 -24.7927 -23.7929 -22.793 -21.7931 -20.7932 -19.7932 
-18.7933 -17.7933 -16.7934 -15.7935 -14.7936 -13.7937 -12.7939 -11.794 -10.7941 
-9.79423 -8.79426 -7.7943 -6.79431 -5.79437 -4.79439 -3.79442 -2.79446 -1.79452 
-0.99461 0.328375 1.12837 2.12834 3.12835 4.12828 5.12824 6.12815 7.1281 
8.12799 9.12791 10.1277 11.1277 12.1276 13.1275 14.1274 15.1272 16.1271 
17.1269 18.1268 19.1267 20.1266 21.1265 22.1265 23.1265 24.1264 25.1264 
26.1262 27.1246 28.1241 29.1241 30.1239 31.1236 32.1235 33.1234 34.1233 
35.1224 36.1209 37.1205 38.1205 39.1205 40.1205 41.1203 41.9203 -45.4242 
-44.8242 -43.8244 -42.8248 -41.8249 -40.8249 -39.8252 -38.8254 -37.8254 -36.8271 
-35.8283 -34.8286 -33.8286 -32.8287 -31.8287 -30.8288 -29.8288 -28.8289 -27.829 
-26.829 -25.8294 -24.8296 -23.8299 -22.83 -21.83 -20.8301 -19.8302 -18.8303 
-17.8303 -16.8304 -15.8305 -14.8307 -13.8308 -12.831 -11.831 -10.8312 -9.83127 
-8.83133 -7.83145 -6.83146 -5.83148 -4.83149 -3.83152 -2.83158 -1.83161 -0.831761 
-0.231789 1.25526 2.25524 3.25524 4.2552 5.25516 6.2551 7.25503 8.25493 
9.25483 10.2548 11.2547 12.2547 13.2546 14.2545 15.2544 16.2542 17.2541 
18.254 19.2538 20.2537 21.2535 22.2535 23.2534 24.2534 25.2534 26.2533 
27.253 28.252 29.251 30.2509 31.2508 32.2507 33.2504 34.2504 35.2503 
36.2496 37.2475 38.2469 39.2468 40.2468 41.2468 42.2468 43.0466 -45.4754 
-44.8759 -43.876 -42.8763 -41.8765 -40.8766 -39.8766 -38.8768 -37.8769 -36.8772 
-35.878 -34.8787 -33.8788 -32.8788 -31.8788 -30.8788 -29.8789 -28.8789 -27.879 
-26.879 -25.8793 -24.8794 -23.8797 -22.8798 -21.8799 -20.8799 -19.88 -18.88 
-17.88 -16.8801 -15.8802 -14.8803 -13.8804 -12.8806 -11.8807 -10.8808 -9.88087 
-8.88094 -7.88099 -6.88106 -5.88109 -4.88111 -3.88116 -2.88122 -1.88125 -0.881379 
0.457326 1.25727 2.25727 3.25726 4.25721 5.25715 6.25706 7.25704 8.25692 
9.25679 10.2567 11.2567 12.2566 13.2566 14.2564 15.2563 16.2562 17.2559 
18.2558 19.2556 20.2556 21.2555 22.2555 23.2554 24.2554 25.2553 26.2549 
27.2549 28.2549 29.2547 30.2543 31.2542 32.2541 33.2541 34.2535 35.2506 
36.2502 37.2502 38.2502 39.2502 40.2502 41.25 -45.3708 -44.7708 -43.7711 
-42.7715 -41.7715 -40.7716 -39.7717 -38.7718 -37.7719 -36.7733 -35.7748 -34.7749 
-33.775 -32.7751 -31.7751 -30.7752 -29.7752 -28.7752 -27.7753 -26.7755 -25.7757 
-24.7759 -23.7762 -22.7763 -21.7763 -20.7763 -19.7764 -18.7765 -17.7766 -16.7766 
-15.7767 -14.7768 -13.777 -12.7773 -11.7774 -10.7775 -9.77761 -8.77771 -7.77779 
-6.77787 -5.7779 -4.77793 -3.77793 -2.77804 -1.7782 -0.77828 0.0678957 1.1141 
2.11407 3.11409 4.11408 5.11401 6.11396 7.11388 8.11374 9.11361 10.1136 
11.1135 12.1134 13.1133 14.1132 15.1131 16.1131 17.113 18.1129 19.1127 
20.1126 21.1126 22.1126 23.1125 24.1125 25.1123 26.1116 27.1107 28.1105 
29.1103 30.11 31.1099 32.1099 33.1097 34.1089 35.1068 36.1068 37.1067 
38.1068 39.1067 40.1067 40.9067 -35.7274 -34.7276 -33.7276 -32.7277 -31.7277 
-30.7278 -29.7278 -28.7279 -27.728 -26.7282 -25.7286 -24.7288 -23.7289 -22.729 
-21.7291 -20.7291 -19.7292 -18.7292 -17.7292 -16.7293 -15.7294 -14.7296 -13.7297 
-12.7298 -11.7299 -10.73 -9.73014 -8.7302 -7.73027 -6.73027 -5.7303 -4.7304 
-3.73045 -2.73043 -1.73054 -0.730595 0.68152 1.28153 2.28152 3.28151 4.28148 
5.28145 6.28138 7.28136 8.28129 9.28121 10.2811 11.281 12.281 13.2809 
14.2809 15.2807 16.2806 17.2805 18.2803 19.2802 20.2802 21.2801 22.28 
23.28 24.28 25.28 26.28 27.2799 28.2797 29.2791 30.2754 31.2747 
32.2747 33.2747 34.2746 35.2745 36.2745 37.2743 38.2735 39.2727 40.2722 
41.2722 42.2722 43.2721 44.2718 -45.5732 -44.7736 -43.7738 -42.774 -41.7742 
-40.7742 -39.7744 -38.7746 -37.7748 -36.7753 -35.776 -34.7768 -33.7768 -32.7768 
-31.7768 -30.7769 -29.7769 -28.7769 -27.777 -26.7773 -25.7777 -24.7779 -23.7781 
-22.7782 -21.7783 -20.7783 -19.7783 -18.7784 -17.7784 -16.7785 -15.7786 -14.7787 
-13.7789 -12.779 -11.7791 -10.7792 -9.77926 -8.7793 -7.7794 -6.7794 -5.77945 
-4.77951 -3.7795 -2.77955 -1.77957 -0.779623 0.2334 1.23337 2.23336 3.23336 
4.23332 5.23327 6.23323 7.23319 8.23314 9.23308 10.233 11.233 12.2329 
13.2329 14.2328 15.2328 16.2326 17.2325 18.2324 19.2323 20.2322 21.2321 
22.2321 23.2321 24.232 25.232 26.232 27.232 28.232 29.2318 30.231 
31.2308 32.2303 33.2302 34.2299 35.2298 36.2297 37.2297 38.2296 39.2295 
40.2281 41.2275 42.2273 43.2273 44.2272 45.2271 46.227 -44.8305 -43.8306 
-42.8307 -41.8306 -40.8307 -39.8308 -38.8309 -37.8322 -36.835 -35.8352 -34.8352 
-33.8353 -32.8353 -31.8353 -30.8354 -29.8355 -28.8355 -27.8355 -26.8358 -25.8362 
-24.8364 -23.8366 -22.8368 -21.8369 -20.8371 -19.8371 -18.8372 -17.8372 -16.8373 
-15.8374 -14.8375 -13.8376 -12.8379 -11.838 -10.8381 -9.83817 -8.83826 -7.83843 
-6.83848 -5.83854 -4.83861 -3.83868 -2.83873 -1.83907 -0.839837 0.229859 1.16511 
2.1651 3.16508 4.16503 5.16499 6.16487 7.16476 8.16465 9.16452 10.1644 
11.1643 12.1643 13.1641 14.164 15.1637 16.1636 17.1634 18.1633 19.1632 
20.1631 21.1631 22.1627 23.1624 24.1621 25.1612 26.1611 27.161 28.1609 
29.1608 30.1608 31.1607 32.1606 33.1593 34.1591 35.1589 36.1589 37.1589 
38.1589 39.1588 39.9588 -45.6142 -44.8145 -43.8149 -42.8151 -41.8151 -40.8153 
-39.8156 -38.8158 -37.8161 -36.8169 -35.8172 -34.8175 -33.8175 -32.8175 -31.8176 
-30.8176 -29.8177 -28.8177 -27.8178 -26.818 -25.8183 -24.8184 -23.8186 -22.8186 
-21.8188 -20.8189 -19.8189 -18.819 -17.819 -16.8191 -15.8192 -14.8192 -13.8195 
-12.8195 -11.8197 -10.8197 -9.81972 -8.81983 -7.81986 -6.81988 -5.81989 -4.81993 
-3.81998 -2.82001 -1.82003 -0.820094 0.299427 1.25916 2.25915 3.25915 4.25911 
5.2591 6.25903 7.259 8.25892 9.25883 10.2588 11.2587 12.2587 13.2586 
14.2586 15.2586 16.2585 17.2584 18.2583 19.2582 20.2582 21.2582 22.2581 
23.2581 24.258 25.258 26.258 27.258 28.2579 29.2578 30.2573 31.2564 
32.2561 33.2557 34.2555 35.2555 36.2547 37.2545 38.2545 39.2545 40.2544 
41.2521 42.2496 43.2495 44.2495 45.2494 46.2493 -45.6607 -44.8608 -43.861 
-42.8612 -41.8612 -40.8613 -39.8615 -38.8615 -37.8617 -36.863 -35.8642 -34.8643 
-33.8644 -32.8644 -31.8644 -30.8645 -29.8645 -28.8645 -27.8646 -26.8649 -25.8652 
-24.8654 -23.8657 -22.8658 -21.8659 -20.866 -19.8661 -18.8661 -17.8661 -16.8662 
-15.8662 -14.8663 -13.8665 -12.8666 -11.8667 -10.8668 -9.86689 -8.867 -7.86708 
-6.86717 -5.86731 -4.8674 -3.86743 -2.86753 -1.86787 -0.868119 0.21665 1.15895 
2.15893 3.15895 4.15889 5.1588 6.15875 7.15861 8.15846 9.15837 10.1583 
11.1582 12.1581 13.158 14.1579 15.1577 16.1576 17.1574 18.1572 19.1571 
20.157 21.157 22.1569 23.1568 24.1565 25.1557 26.1541 27.154 28.1539 
29.1538 30.1538 31.1537 32.1535 33.1515 34.1508 35.1507 36.1507 37.1507 
38.1507 39.1506 39.9505 -45.5588 -44.759 -43.7592 -42.7595 -41.7595 -40.7596 
-39.7598 -38.7599 -37.76 -36.7621 -35.7626 -34.7628 -33.7628 -32.7628 -31.7628 
-30.7629 -29.7629 -28.763 -27.7631 -26.7634 -25.7637 -24.7637 -23.764 -22.7641 
-21.7642 -20.7642 -19.7643 -18.7644 -17.7644 -16.7645 -15.7645 -14.7647 -13.7649 
-12.7652 -11.7653 -10.7654 -9.76546 -8.76551 -7.76559 -6.76561 -5.76566 -4.7657 
-3.76568 -2.76579 -1.76579 -0.765924 0.381291 1.18121 2.18122 3.1812 4.18117 
5.1811 6.18107 7.18103 8.18095 9.18086 10.1808 11.1807 12.1807 13.1807 
14.1805 15.1804 16.1802 17.18 18.1799 19.1798 20.1798 21.1797 22.1796 
23.1796 24.1796 25.1796 26.1795 27.1793 28.1775 29.1755 30.1751 31.1751 
32.1751 33.1749 34.1749 35.1748 36.1744 37.1734 38.1726 39.1726 40.1726 
41.1725 42.1725 43.1724 -44.7841 -43.7846 -42.785 -41.7851 -40.7852 -39.7853 
-38.7854 -37.7856 -36.786 -35.7871 -34.7876 -33.7877 -32.7877 -31.7877 -30.7878 
-29.7878 -28.7879 -27.7879 -26.7881 -25.7883 -24.7885 -23.7887 -22.7888 -21.789 
-20.789 -19.7891 -18.7891 -17.7892 -16.7892 -15.7893 -14.7894 -13.7895 -12.7898 
-11.79 -10.7901 -9.79029 -8.79042 -7.79042 -6.7905 -5.7905 -4.79059 -3.79063 
-2.79068 -1.79074 -0.790958 0.12813 1.28767 2.28764 3.28762 4.28758 5.28755 
6.28748 7.28734 8.2872 9.28706 10.287 11.2869 12.2868 13.2867 14.2866 
15.2866 16.2865 17.2863 18.2862 19.286 20.2859 21.2859 22.2859 23.2859 
24.2858 25.2856 26.2848 27.2838 28.2836 29.2835 30.2834 31.2832 32.2832 
33.2831 34.2825 35.2809 36.2807 37.2806 38.2806 39.2806 40.2805 41.2805 
-45.5974 -44.7975 -43.7976 -42.7977 -41.7977 -40.7977 -39.7978 -38.7979 -37.7992 
-36.8024 -35.8026 -34.8026 -33.8026 -32.8026 -31.8027 -30.8027 -29.8027 -28.8028 
-27.8029 -26.8032 -25.8035 -24.8038 -23.8041 -22.8041 -21.8042 -20.8043 -19.8043 
-18.8044 -17.8044 -16.8045 -15.8046 -14.8048 -13.805 -12.8051 -11.8053 -10.8053 
-9.80546 -8.80548 -7.80556 -6.80562 -5.80562 -4.80564 -3.80569 -2.80577 -1.80586 
-0.805995 0.336289 1.13624 2.13621 3.13622 4.13617 5.13615 6.13611 7.13608 
8.13599 9.13594 10.1358 11.1358 12.1357 13.1357 14.1356 15.1355 16.1354 
17.1351 18.135 19.1349 20.1348 21.1348 22.1348 23.1347 24.1347 25.1347 
26.1347 27.1346 28.1339 29.1313 30.1309 31.1308 32.1307 33.1307 34.1306 
35.1306 36.1304 37.1298 38.1285 39.1282 40.1282 41.1282 42.1282 43.128 
43.928 -45.5639 -44.7641 -43.7644 -42.7647 -41.7648 -40.7649 -39.7651 -38.7653 
-37.7655 -36.7671 -35.7674 -34.7676 -33.7676 -32.7677 -31.7677 -30.7678 -29.7678 
-28.7679 -27.768 -26.768 -25.7683 -24.7684 -23.7686 -22.7687 -21.7689 -20.7689 
-19.769 -18.7691 -17.7691 -16.7692 -15.7692 -14.7694 -13.7696 -12.7696 -11.7697 
-10.7698 -9.76984 -8.76991 -7.77001 -6.77005 -5.77006 -4.7701 -3.77008 -2.77014 
-1.77022 -0.770279 0.288949 1.28893 2.28891 3.28889 4.28887 5.28882 6.28879 
7.28878 8.28872 9.28864 10.2885 11.2885 12.2885 13.2884 14.2884 15.2883 
16.2882 17.288 18.2879 19.2878 20.2878 21.2877 22.2877 23.2877 24.2877 
25.2877 26.2877 27.2877 28.2875 29.2874 30.2866 31.2852 32.2842 33.284 
34.2837 35.2836 36.2835 37.2835 38.2834 39.2832 40.2819 41.2814 42.2812 
43.2813 44.2812 45.2811 46.2808 -45.4397 -44.8399 -43.8404 -42.8408 -41.8409 
-40.841 -39.8414 -38.8417 -37.842 -36.8428 -35.8441 -34.8445 -33.8446 -32.8446 
-31.8446 -30.8447 -29.8447 -28.8447 -27.8448 -26.8449 -25.8453 -24.8454 -23.8456 
-22.8457 -21.8459 -20.846 -19.8461 -18.8462 -17.8463 -16.8463 -15.8464 -14.8464 
-13.8466 -12.8467 -11.8468 -10.847 -9.84702 -8.84712 -7.84717 -6.84722 -5.84728 
-4.84733 -3.84734 -2.84736 -1.8474 -0.847483 0.130509 1.11949 2.11948 3.11946 
4.11939 5.11938 6.11932 7.11932 8.11925 9.11918 10.1191 11.119 12.119 
13.119 14.1189 15.1188 16.1188 17.1186 18.1185 19.1185 20.1184 21.1183 
22.1183 23.1183 24.1182 25.1182 26.1182 27.1182 28.1181 29.1177 30.1171 
31.1149 32.1139 33.1137 34.1134 35.1131 36.1131 37.1131 38.1131 39.1128 
40.1112 41.1105 42.1104 43.1104 44.1104 45.1102 46.1101 -44.449 -43.849 
-42.8493 -41.8493 -40.8495 -39.8501 -38.8503 -37.8507 -36.8517 -35.8527 -34.8535 
-33.8535 -32.8537 -31.8537 -30.8537 -29.8538 -28.8538 -27.8539 -26.854 -25.8542 
-24.8543 -23.8544 -22.8545 -21.8546 -20.8548 -19.8548 -18.8548 -17.8549 -16.8549 
-15.855 -14.8551 -13.8553 -12.8554 -11.8556 -10.8557 -9.85579 -8.85589 -7.85601 
-6.85604 -5.85606 -4.8561 -3.85611 -2.85615 -1.8562 -0.856195 0.240876 1.18944 
2.18942 3.18935 4.18929 5.18926 6.18922 7.18917 8.18914 9.18909 10.189 
11.189 12.1889 13.1889 14.1888 15.1888 16.1887 17.1886 18.1886 19.1885 
20.1884 21.1883 22.1883 23.1883 24.1882 25.1882 26.1882 27.1882 28.1881 
29.1879 30.1875 31.1872 32.1863 33.1858 34.1856 35.1854 36.1852 37.1851 
38.185 39.185 40.1843 41.1808 42.1808 43.1808 44.1808 45.1806 46.1805 
-45.558 -44.7582 -43.7585 -42.7588 -41.7587 -40.7589 -39.7592 -38.7594 -37.7603 
-36.762 -35.7623 -34.7624 -33.7625 -32.7625 -31.7625 -30.7625 -29.7626 -28.7626 
-27.7628 -26.763 -25.7632 -24.7634 -23.7635 -22.7636 -21.7637 -20.7638 -19.7639 
-18.764 -17.764 -16.7641 -15.7641 -14.7643 -13.7645 -12.7647 -11.7648 -10.7649 
-9.76502 -8.76506 -7.76517 -6.7652 -5.76522 -4.76529 -3.76528 -2.76533 -1.76539 
-0.765446 0.175959 1.11738 2.11736 3.11733 4.11734 5.11727 6.11722 7.11719 
8.11715 9.11713 10.1171 11.117 12.117 13.1169 14.1169 15.1168 16.1167 
17.1165 18.1164 19.1163 20.1162 21.1162 22.1161 23.1161 24.116 25.116 
26.116 27.116 28.1159 29.1157 30.1154 31.1129 32.1127 33.1124 34.1123 
35.1121 36.1121 37.1121 38.1119 39.1115 40.1108 41.1105 42.1104 43.1104 
44.1104 45.1103 45.9101 -45.5145 -44.7148 -43.715 -42.7153 -41.7153 -40.7153 
-39.7154 -38.7156 -37.7159 -36.7179 -35.7179 -34.718 -33.718 -32.7181 -31.7181 
-30.7181 -29.7182 -28.7183 -27.7184 -26.7185 -25.7187 -24.719 -23.7192 -22.7193 
-21.7194 -20.7195 -19.7196 -18.7196 -17.7197 -16.7198 -15.7198 -14.72 -13.7201 
-12.7202 -11.7204 -10.7204 -9.72056 -8.72062 -7.72065 -6.72072 -5.72073 -4.72074 
-3.72083 -2.72089 -1.72099 -0.72115 0.582414 1.18242 2.18239 3.18239 4.18236 
5.18232 6.18224 7.18221 8.1821 9.18199 10.182 11.1819 12.1818 13.1817 
14.1816 15.1814 16.1814 17.1812 18.1811 19.1809 20.1808 21.1808 22.1808 
23.1808 24.1807 25.1807 26.1806 27.1799 28.1793 29.1791 30.1788 31.1785 
32.1784 33.1784 34.1782 35.1774 36.1751 37.1751 38.1751 39.1751 40.175 
41.175 41.9749 -45.6383 -44.8384 -43.8386 -42.8386 -41.8386 -40.8387 -39.8389 
-38.839 -37.8392 -36.8415 -35.8429 -34.8431 -33.8432 -32.8432 -31.8432 -30.8433 
-29.8433 -28.8434 -27.8434 -26.8437 -25.8439 -24.8442 -23.8445 -22.8447 -21.8447 
-20.8449 -19.845 -18.845 -17.845 -16.8451 -15.8451 -14.8452 -13.8453 -12.8455 
-11.8457 -10.8458 -9.84599 -8.84609 -7.84619 -6.84621 -5.84624 -4.84628 -3.84631 
-2.84637 -1.84663 -0.846793 0.27327 1.23336 2.23334 3.23333 4.23329 5.23329 
6.23324 7.23309 8.23295 9.23286 10.2327 11.2327 12.2326 13.2325 14.2324 
15.2323 16.2319 17.2317 18.2316 19.2315 20.2314 21.2313 22.2312 23.2311 
24.231 25.2306 26.2298 27.2295 28.2294 29.2294 30.2293 31.2293 32.2291 
33.228 34.2273 35.2273 36.2273 37.2273 38.2272 39.2272 40.0271 -44.7546 
-43.755 -42.7551 -41.7553 -40.7553 -39.7554 -38.7555 -37.7557 -36.7558 -35.7564 
-34.757 -33.7572 -32.7572 -31.7572 -30.7572 -29.7572 -28.7573 -27.7573 -26.7575 
-25.7577 -24.758 -23.7582 -22.7583 -21.7585 -20.7585 -19.7586 -18.7586 -17.7587 
-16.7587 -15.7587 -14.7589 -13.759 -12.7593 -11.7595 -10.7595 -9.75969 -8.75984 
-7.75988 -6.75997 -5.75993 -4.76003 -3.76006 -2.76012 -1.76022 -0.760477 0.142506 
1.29405 2.29402 3.29399 4.29395 5.29392 6.29385 7.29371 8.29355 9.29339 
10.2933 11.2932 12.2932 13.2931 14.293 15.293 16.2929 17.2927 18.2925 
19.2924 20.2924 21.2923 22.2923 23.2922 24.2922 25.292 26.2904 27.2895 
28.2893 29.2892 30.289 31.289 32.289 33.2888 34.2879 35.2868 36.2864 
37.2863 38.2863 39.2863 40.2861 41.0861 -45.3129 -44.7134 -43.7138 -42.7141 
-41.7142 -40.7143 -39.7148 -38.715 -37.7152 -36.7157 -35.7163 -34.7166 -33.7167 
-32.7166 -31.7167 -30.7167 -29.7168 -28.7168 -27.7168 -26.717 -25.7174 -24.7176 
-23.7179 -22.718 -21.7181 -20.7181 -19.7182 -18.7182 -17.7183 -16.7183 -15.7184 
-14.7184 -13.7187 -12.7188 -11.719 -10.7191 -9.71917 -8.71925 -7.71938 -6.71947 
-5.71951 -4.71952 -3.71953 -2.71961 -1.71972 -0.719779 0.194292 1.10841 2.10842 
3.10841 4.1084 5.10834 6.10829 7.10827 8.10821 9.10812 10.1081 11.108 
12.108 13.108 14.1079 15.1078 16.1077 17.1077 18.1075 19.1074 20.1072 
21.1072 22.1071 23.1071 24.1071 25.1071 26.1071 27.107 28.1067 29.1063 
30.1038 31.1013 32.101 33.101 34.1009 35.1008 36.1008 37.1007 38.1005 
39.0991 40.0987 41.0987 42.0987 43.0986 44.0985 45.0983 -36.6946 -35.8948 
-34.8949 -33.8949 -32.8949 -31.8949 -30.8951 -29.8951 -28.8952 -27.8954 -26.8955 
-25.8959 -24.896 -23.8962 -22.8963 -21.8964 -20.8965 -19.8965 -18.8966 -17.8966 
-16.8967 -15.8968 -14.8969 -13.8969 -12.8971 -11.8972 -10.8973 -9.89734 -8.89742 
-7.89746 -6.89752 -5.89752 -4.89759 -3.89764 -2.89766 -1.89775 -1.09777 1.12003 
2.12001 3.11999 4.11997 5.11994 6.11991 7.11989 8.11983 9.11974 10.1196 
11.1195 12.1195 13.1195 14.1194 15.1194 16.1193 17.1192 18.119 19.1189 
20.1187 21.1186 22.1186 23.1185 24.1185 25.1186 26.1185 27.1185 28.1183 
29.1173 30.1143 31.1139 32.1139 33.1137 34.1136 35.1135 36.1134 37.1131 
38.1122 39.1111 40.1109 41.1109 42.1109 43.1109 44.1106 
