# vtk DataFile Version 4.2
vtk output
ASCII
DATASET POLYDATA
POINTS 10806 float
-38.1595 44.8248 -1.62434 -37.4459 44.5917 -1.35129 -36.5899 44.3873 -0.880177 
-35.7996 44.2121 -0.296367 -35.1495 43.9932 0.42629 -34.6134 43.7159 1.22248 
-34.158 43.3632 2.03813 -33.7348 42.9477 2.84253 -33.1981 42.5385 3.57425 
-32.4893 42.2144 4.19486 -31.674 42.0194 4.73324 -30.8169 41.739 5.13563 
-30.0702 41.1093 5.25645 -29.3574 40.4101 5.2215 -28.6079 39.7585 5.10874 
-27.8466 39.1251 4.97024 -27.0685 38.5161 4.81764 -26.2612 37.9466 4.66442 
-25.4257 37.4218 4.50365 -24.5806 36.921 4.3168 -23.734 36.4316 4.10736 
-22.8845 35.9514 3.88928 -22.0211 35.4958 3.67294 -21.1421 35.0697 3.45975 
-20.2447 34.6826 3.24864 -19.3323 34.3278 3.04497 -18.4053 34.0094 2.84791 
-17.4643 33.7298 2.65807 -16.509 33.4916 2.48351 -15.5453 33.2777 2.32429 
-14.5718 33.1074 2.17963 -13.5882 33.0958 2.03959 -12.8153 33.281 1.95853 
-11.8573 33.5651 1.93049 -10.8997 33.8523 1.94889 -9.9482 34.156 1.99584 
-9.00883 34.4918 2.06266 -8.0845 34.8636 2.14746 -7.17017 35.2561 2.2466 
-6.26656 35.67 2.35635 -5.37493 36.1077 2.47122 -4.50021 36.5768 2.59231 
-3.63291 37.058 2.71981 -2.75922 37.5298 2.83766 -1.87507 37.9885 2.92431 
-1.00318 38.4737 2.97593 -0.19556 39.0563 3.03608 0.504481 39.7632 3.12849 
1.16865 40.5076 3.19212 1.806 41.2776 3.18591 2.40344 42.0733 3.09797 
3.01621 42.7846 2.81975 3.74406 43.0723 2.2511 4.4638 43.1666 1.56519 
5.13967 43.3464 0.851421 5.76788 43.5744 0.107807 6.38196 43.8258 -0.640205 
7.01334 44.094 -1.36735 7.70395 44.3494 -2.04264 8.46408 44.5791 -2.64896 
9.26858 44.8005 -3.19962 10.106 45.0203 -3.69971 -38.2219 44.8191 -1.09135 
-37.3637 44.4633 -0.729234 -36.5318 44.2079 -0.242205 -35.7975 44.0064 0.401082 
-35.1865 43.774 1.15397 -34.7266 43.4553 1.98121 -34.3415 43.0475 2.80727 
-34.0057 42.5468 3.60473 -33.6392 42.0077 4.36222 -33.1363 41.4846 5.03902 
-32.4261 41.0675 5.59829 -31.5748 40.8916 6.08333 -30.6829 40.6989 6.45658 
-29.8986 40.1204 6.49034 -29.1408 39.479 6.37492 -28.3456 38.8943 6.21661 
-27.5312 38.3455 6.02868 -26.7028 37.8255 5.82094 -25.8612 37.3316 5.60301 
-25.0139 36.8573 5.36397 -24.1672 36.3908 5.10825 -23.3148 35.9411 4.84164 
-22.4514 35.5117 4.57726 -21.5672 35.1187 4.32542 -20.6651 34.7622 4.08251 
-19.7465 34.4424 3.85112 -18.8159 34.1521 3.62904 -17.8709 33.9046 3.4153 
-16.915 33.6936 3.21239 -15.9469 33.5244 3.02834 -14.9698 33.3913 2.86357 
-14.378 33.3477 2.77752 -13.7833 33.3549 2.70591 -12.9937 33.4645 2.65159 
-12.0147 33.6656 2.65115 -11.0416 33.8898 2.70004 -10.0772 34.1393 2.78575 
-9.12375 34.4184 2.89861 -8.18321 34.7292 3.03506 -7.25321 35.0623 3.18991 
-6.33568 35.4209 3.36118 -5.43324 35.8083 3.54902 -4.54689 36.2232 3.754 
-3.66953 36.6524 3.96865 -2.79516 37.0881 4.18207 -1.91707 37.5266 4.37313 
-1.04865 37.9941 4.5367 -0.217097 38.523 4.70032 0.571055 39.1155 4.86497 
1.33188 39.7509 4.99406 2.06095 40.4313 5.04031 2.93219 41.2005 4.86988 
3.75278 41.4285 4.39644 4.5428 41.5291 3.79596 5.28191 41.7797 3.17476 
5.89761 42.1055 2.45974 6.44509 42.4213 1.68554 7.04622 42.6647 0.925498 
7.7325 42.8428 0.223576 8.50914 42.9625 -0.393214 9.34785 43.0634 -0.926271 
10.2604 43.1882 -1.30974 11.1979 43.3993 -1.57697 -38.0682 44.5532 -0.74045 
-37.2276 44.208 -0.329421 -36.4284 43.9544 0.211506 -35.7252 43.7539 0.889372 
-35.1474 43.5075 1.66342 -34.7299 43.1494 2.4957 -34.3881 42.6875 3.3127 
-34.0825 42.1493 4.0973 -33.7829 41.5638 4.85028 -33.4224 40.9484 5.54981 
-32.8656 40.3993 6.15468 -32.0881 40.0359 6.64368 -31.2106 40.0537 7.08825 
-30.3335 39.9213 7.33074 -29.5472 39.3175 7.24736 -28.7437 38.7486 7.07606 
-27.9074 38.2383 6.8776 -27.0574 37.764 6.64863 -26.2094 37.2975 6.39769 
-25.3625 36.8401 6.12622 -24.5177 36.3883 5.83992 -23.6686 35.9512 5.54337 
-22.8085 35.5357 5.24759 -21.9286 35.1534 4.96614 -21.0264 34.8112 4.70483 
-20.1062 34.5055 4.46056 -19.1739 34.2305 4.22607 -18.2293 33.9946 3.99866 
-17.2737 33.7968 3.7811 -16.3037 33.6482 3.58968 -15.3243 33.5368 3.4227 
-14.5331 33.493 3.31558 -13.5387 33.5347 3.23307 -12.548 33.6618 3.22201 
-11.5648 33.8322 3.2819 -10.5907 34.0315 3.38572 -9.62784 34.2617 3.52565 
-8.67605 34.5204 3.68971 -7.73579 34.8064 3.87372 -6.807 35.1171 4.07545 
-5.89271 35.4543 4.29914 -4.99408 35.8172 4.54509 -4.11327 36.2063 4.81462 
-3.24286 36.6125 5.09266 -2.37699 37.0347 5.36068 -1.51374 37.4743 5.60837 
-0.660016 37.9397 5.84168 0.178637 38.4363 6.06423 0.989546 38.991 6.24854 
1.76147 39.611 6.37414 2.53905 40.1889 6.31976 3.42261 40.3684 5.95235 
4.2742 40.4232 5.43476 5.08088 40.6206 4.88311 5.72499 41.0223 4.24528 
6.19836 41.5057 3.5127 6.64116 41.9293 2.72326 7.1359 42.2793 1.92905 
7.77984 42.5263 1.20999 8.54271 42.7008 0.591881 9.39345 42.8233 0.0833052 
10.2885 42.9448 -0.344122 11.0145 43.1027 -0.639269 -38.2686 44.902 -1.65305 
-37.3828 44.6053 -1.30272 -36.5251 44.3936 -0.838781 -35.7497 44.2113 -0.239645 
-35.0967 43.9934 0.481693 -34.5705 43.7077 1.28141 -34.116 43.353 2.09713 
-33.6738 42.9335 2.88868 -33.1138 42.5359 3.6094 -32.3787 42.2429 4.21644 
-31.5547 42.0669 4.75055 -30.7228 41.701 5.09232 -29.9923 41.0326 5.18672 
-29.2773 40.3363 5.13797 -28.5314 39.68 5.02742 -27.7712 39.0463 4.88541 
-26.9916 38.4385 4.73602 -26.1723 37.8852 4.58736 -25.3316 37.3681 4.42712 
-24.485 36.8725 4.23384 -23.6375 36.3846 4.02517 -22.7841 35.91 3.80981 
-21.9175 35.4583 3.59785 -21.033 35.0423 3.38773 -20.1326 34.6601 3.1804 
-19.2152 34.3157 2.9815 -18.2836 34.008 2.78913 -17.3355 33.7474 2.60731 
-16.3774 33.517 2.4377 -15.4099 33.3149 2.28636 -14.4309 33.1748 2.14708 
-13.6422 33.2241 2.04542 -12.8665 33.4037 1.98514 -11.902 33.6665 1.96768 
-10.9412 33.9422 1.99082 -9.98771 34.2388 2.04186 -9.04622 34.5681 2.1111 
-8.11903 34.9322 2.19821 -7.20238 35.3185 2.30017 -6.29622 35.7259 2.4131 
-5.40288 36.1589 2.53248 -4.52668 36.6236 2.65978 -3.65821 37.1008 2.79367 
-2.78452 37.5708 2.91896 -1.90295 38.0315 3.02057 -1.03191 38.5178 3.08443 
-0.222929 39.096 3.16112 0.493729 39.7846 3.26374 1.17109 40.5161 3.33647 
1.81389 41.2814 3.33563 2.41167 42.0772 3.25179 3.04226 42.7299 2.95419 
3.936 42.9564 2.22667 4.65273 43.0538 1.53787 5.31858 43.2466 0.817711 
5.94427 43.474 0.0717563 6.57009 43.7128 -0.670608 7.21526 43.9562 -1.39468 
7.93137 44.1775 -2.05538 8.70814 44.3792 -2.65052 9.5287 44.5765 -3.18623 
-38.0847 44.309 -0.681057 -37.2474 43.9937 -0.239223 -36.4529 43.7577 0.317623 
-35.7498 43.5604 0.995973 -35.1738 43.3169 1.77306 -34.7618 42.9521 2.60511 
-34.4176 42.4891 3.42065 -34.113 41.9463 4.20246 -33.8153 41.354 4.95079 
-33.4698 40.7303 5.65104 -32.9462 40.1606 6.26791 -32.1593 39.7869 6.73894 
-31.2691 39.7311 7.1649 -30.3683 39.6308 7.44278 -29.5687 39.0833 7.38047 
-28.7646 38.5155 7.20789 -27.9258 38.0086 7.01181 -27.0725 37.5389 6.78548 
-26.2208 37.0807 6.53129 -25.3717 36.6308 6.25486 -24.5259 36.1855 5.9614 
-23.6769 35.7549 5.65503 -22.8176 35.3442 5.35034 -21.9382 34.9672 5.06075 
-21.0372 34.6274 4.79169 -20.1183 34.324 4.53988 -19.1876 34.0506 4.29745 
-18.2468 33.8078 4.06141 -17.2943 33.6049 3.83501 -16.3283 33.4491 3.63021 
-15.3519 33.3319 3.44965 -14.5645 33.2719 3.32395 -13.5732 33.2984 3.21551 
-12.5847 33.4382 3.18519 -11.6036 33.6232 3.23506 -10.6297 33.828 3.33028 
-9.66651 34.0609 3.46423 -8.71394 34.3203 3.62231 -7.77457 34.6109 3.80381 
-6.84593 34.9247 4.00135 -5.92988 35.2613 4.21877 -5.02999 35.6245 4.45956 
-4.14545 36.011 4.72063 -3.27136 36.4133 4.99267 -2.40173 36.8306 5.25629 
-1.53018 37.2597 5.49298 -0.672222 37.7242 5.71142 0.165316 38.2261 5.92665 
0.974668 38.7828 6.11056 1.74969 39.4003 6.23391 2.50744 40.0306 6.22375 
3.37404 40.3414 5.92183 4.22922 40.4148 5.412 5.18468 40.6742 4.74665 
5.80137 41.0944 4.09346 6.26479 41.5661 3.34513 6.72097 41.9786 2.55738 
7.24896 42.3012 1.77455 7.91372 42.5346 1.06962 8.70251 42.6902 0.478671 
9.56302 42.8032 -0.0154631 10.4645 42.9318 -0.426389 -38.3306 44.9821 -1.05436 
-37.6506 44.6502 -0.79813 -36.8071 44.3523 -0.358837 -36.0294 44.1355 0.225971 
-35.3841 43.913 0.951342 -34.8899 43.6214 1.76807 -34.4946 43.2315 2.59806 
-34.094 42.6464 3.56435 -33.7621 42.0962 4.33018 -33.3567 41.5282 5.04356 
-32.7444 41.0373 5.64599 -31.9349 40.7665 6.14998 -31.0501 40.7063 6.60318 
-30.1841 40.4588 6.82523 -29.4151 39.8376 6.73497 -28.6285 39.2434 6.57009 
-27.8107 38.7022 6.37657 -26.9791 38.1922 6.1573 -26.1404 37.7009 5.92221 
-25.2974 37.2235 5.67459 -24.4539 36.7563 5.40952 -23.606 36.3024 5.13586 
-22.7457 35.8716 4.86383 -21.8644 35.4759 4.6063 -20.9634 35.1171 4.36324 
-20.0426 34.8019 4.13403 -19.1088 34.5195 3.91478 -18.1629 34.2732 3.70454 
-17.2054 34.0671 3.50367 -16.2341 33.9114 3.32562 -15.2527 33.7971 3.17277 
-14.4597 33.7589 3.07806 -13.6633 33.7873 3.0146 -12.6712 33.902 2.99059 
-11.6856 34.0653 3.02733 -10.7099 34.2653 3.11252 -9.74462 34.4971 3.23177 
-8.79131 34.7616 3.37622 -7.8488 35.0527 3.53992 -6.91861 35.3709 3.72247 
-6.00142 35.7141 3.92394 -5.1051 36.0929 4.15393 -4.22081 36.4911 4.39764 
-3.34722 36.9063 4.65137 -2.4801 37.3363 4.90261 -1.6171 37.7859 5.13249 
-0.766289 38.2643 5.34939 0.061418 38.7856 5.55609 0.867679 39.3475 5.73895 
1.62741 39.9839 5.86302 2.35792 40.6596 5.87989 3.18278 41.0058 5.58796 
4.02591 40.9861 5.05296 4.82266 41.0952 4.46693 5.53863 41.395 3.84574 
6.04926 41.8201 3.101 6.5222 42.2091 2.31161 7.0663 42.5109 1.53042 
7.71233 42.7393 0.805657 8.47984 42.8916 0.185965 9.32339 43.0023 -0.337313 
10.2276 43.1352 -0.739291 11.147 43.3552 -1.06042 -38.1544 44.8036 -1.07314 
-37.2949 44.4641 -0.69767 -36.4631 44.2137 -0.206845 -35.7304 44.0159 0.4394 
-35.136 43.7769 1.20308 -34.6815 43.4518 2.0302 -34.3003 43.0396 2.85591 
-33.9648 42.5375 3.65254 -33.5924 41.9985 4.407 -33.0663 41.4861 5.07268 
-32.3371 41.0895 5.62268 -31.4792 40.9308 6.10316 -30.5976 40.6618 6.43193 
-29.8256 40.0482 6.43691 -29.0657 39.4099 6.31777 -28.2688 38.8279 6.15797 
-27.4555 38.2772 5.97088 -26.6251 37.7599 5.76437 -25.7808 37.269 5.54985 
-24.9334 36.7952 5.31044 -24.0863 36.3287 5.05622 -23.2325 35.8808 4.79084 
-22.3673 35.4537 4.52874 -21.4816 35.0631 4.27829 -20.5779 34.7099 4.03668 
-19.659 34.3904 3.80574 -18.7272 34.1031 3.58487 -17.7804 33.8614 3.37307 
-16.8218 33.6587 3.17399 -15.8509 33.4998 2.99599 -14.8709 33.3825 2.83794 
-14.2774 33.354 2.75654 -13.8804 33.38 2.71529 -13.0904 33.4862 2.66478 
-12.1103 33.6817 2.66419 -11.1372 33.9047 2.71896 -10.1711 34.1483 2.80324 
-9.21693 34.4245 2.91714 -8.27356 34.7276 3.05107 -7.34202 35.0564 3.20603 
-6.42255 35.4101 3.37686 -5.51868 35.7937 3.56553 -4.63021 36.2039 3.77104 
-3.75281 36.6315 3.98858 -2.8792 37.0662 4.20716 -2.0028 37.5057 4.40338 
-1.13183 37.9658 4.57494 -0.298606 38.4909 4.74372 0.499043 39.0696 4.91205 
1.26682 39.6955 5.04434 2.00357 40.3673 5.10663 2.70643 41.069 5.02284 
3.50768 41.3856 4.63494 4.31475 41.467 4.05296 5.07802 41.6739 3.44477 
5.72643 41.9911 2.7573 6.27261 42.3275 1.99134 6.84503 42.5985 1.21854 
7.49259 42.8058 0.487949 8.24568 42.941 -0.153686 9.06326 43.0476 -0.717798 
9.95628 43.1561 -1.14924 10.8893 43.3345 -1.45472 -38.1306 44.8024 -0.818285 
-37.2885 44.4211 -0.446312 -36.4728 44.1523 0.0600166 -35.7588 43.9407 0.722429 
-35.1729 43.696 1.4919 -34.7463 43.3473 2.32378 -34.399 42.8958 3.14394 
-34.0914 42.3667 3.93426 -33.7872 41.7884 4.69085 -33.4255 41.1823 5.39746 
-32.91 40.6145 6.02526 -32.1486 40.2327 6.52725 -31.2743 40.183 6.97647 
-30.3802 40.2283 7.31381 -29.5767 39.7318 7.2901 -28.7914 39.1413 7.111 
-27.9606 38.626 6.90243 -27.1171 38.1422 6.66925 -26.2726 37.6713 6.41446 
-25.43 37.2067 6.14223 -24.5881 36.7486 5.85695 -23.7406 36.3058 5.56449 
-22.8797 35.8875 5.27528 -21.9995 35.5009 5.00036 -21.1005 35.1477 4.74252 
-20.1809 34.8356 4.50445 -19.2468 34.5585 4.27971 -18.3016 34.3153 4.06253 
-17.3456 34.1113 3.85276 -16.3778 33.9501 3.6605 -15.3981 33.8341 3.49925 
-14.4079 33.7772 3.3779 -13.4118 33.7969 3.30272 -12.4183 33.9035 3.29722 
-11.4314 34.0531 3.35109 -10.4555 34.2427 3.45629 -9.48987 34.4624 3.59408 
-8.53663 34.7155 3.75837 -7.59341 34.9932 3.94037 -6.66207 35.2971 4.14048 
-5.74508 35.6286 4.36155 -4.84712 35.9921 4.60931 -3.96406 36.3776 4.8764 
-3.0944 36.7845 5.15583 -2.23067 37.2071 5.43 -1.36994 37.6508 5.67935 
-0.519691 38.1208 5.91572 0.313468 38.6277 6.13573 1.125 39.1804 6.32325 
1.88051 39.8238 6.42931 2.68223 40.3363 6.31938 3.57023 40.4063 5.8853 
4.41683 40.4588 5.36016 5.19704 40.7054 4.79379 5.81239 41.1251 4.1402 
6.25122 41.6065 3.38274 6.69271 42.0256 2.59007 7.21759 42.3478 1.80491 
7.87228 42.5879 1.09282 8.6571 42.7491 0.499059 9.51522 42.8688 0.0017452 
10.4143 43.0091 -0.409543 11.3191 43.2519 -0.753834 -38.1819 45.2313 -1.83211 
-37.6424 45.0472 -1.64629 -36.7677 44.8087 -1.22942 -35.95 44.6236 -0.68824 
-35.2462 44.4123 -0.0159265 -34.6763 44.138 0.756027 -34.2035 43.7885 1.56394 
-33.767 43.388 2.36907 -33.2322 43.0021 3.11398 -32.5371 42.712 3.76782 
-31.7234 42.5969 4.33202 -30.8703 42.4142 4.77926 -30.1224 41.7829 4.92321 
-29.4184 41.0742 4.91307 -28.6792 40.4082 4.81597 -27.9172 39.7748 4.68318 
-27.1375 39.1671 4.53365 -26.3337 38.5919 4.38252 -25.5068 38.0521 4.22585 
-24.6705 37.5332 4.04912 -23.8258 37.0342 3.85579 -22.9738 36.5497 3.65779 
-22.1076 36.0896 3.46317 -21.2243 35.6613 3.27308 -20.3204 35.2772 3.08596 
-19.4007 34.9296 2.90379 -18.4646 34.6243 2.73076 -17.5144 34.3614 2.56466 
-16.551 34.1455 2.40701 -15.5758 33.9806 2.26269 -14.5869 33.9006 2.14181 
-13.594 33.9296 2.04388 -12.8027 34.0303 1.98795 -11.8211 34.217 1.96274 
-10.8492 34.4502 1.98022 -9.88875 34.7242 2.02591 -8.94272 35.041 2.09178 
-8.01115 35.3944 2.17553 -7.08967 35.7706 2.2715 -6.18064 36.1732 2.37808 
-5.28776 36.6077 2.49505 -4.41136 37.0716 2.62382 -3.54313 37.5488 2.7598 
-2.67225 38.023 2.8888 -1.79789 38.4959 2.99686 -0.944371 39.0081 3.08545 
-0.149955 39.6042 3.18843 0.577413 40.2817 3.29128 1.26791 41.0015 3.35759 
1.89931 41.7746 3.33704 2.46372 42.5911 3.22879 3.03198 43.2665 2.94732 
3.76497 43.312 2.34278 4.47986 43.3718 1.64936 5.1462 43.5483 0.926162 
5.75122 43.7898 0.167973 6.32478 44.0704 -0.60125 6.91507 44.3916 -1.34134 
7.55775 44.7182 -2.03351 8.28291 45.0245 -2.64818 9.05681 45.3199 -3.20793 
-38.2068 44.9868 -1.23717 -37.5122 44.6997 -0.966451 -36.6592 44.4342 -0.522983 
-35.8822 44.2306 0.0671783 -35.2307 44.0088 0.786663 -34.7427 43.7098 1.60558 
-34.3297 43.3307 2.43191 -33.9741 42.8626 3.23993 -33.5902 42.3561 4.01065 
-33.0434 41.8827 4.68978 -32.291 41.5469 5.24879 -31.4345 41.3818 5.7332 
-30.5831 41.0312 6.03077 -29.8371 40.369 6.02797 -29.0793 39.726 5.92188 
-28.2966 39.1212 5.77633 -27.4984 38.5449 5.60141 -26.6813 38.0009 5.4119 
-25.845 37.489 5.21641 -25 37 5 -24.154 36.5207 4.76639 
-23.3042 36.0551 4.51956 -22.4439 35.6095 4.27244 -21.5663 35.1943 4.03326 
-20.673 34.8116 3.79817 -19.7605 34.4696 3.5743 -18.8349 34.158 3.35977 
-17.8961 33.8843 3.15176 -16.9438 33.6535 2.95267 -15.9784 33.4653 2.77318 
-15.0041 33.3087 2.61244 -14.4139 33.2492 2.52508 -13.8197 33.2564 2.44611 
-12.8381 33.4144 2.3686 -11.8659 33.6462 2.3606 -10.8992 33.898 2.40288 
-9.94011 34.171 2.47558 -8.99374 34.4783 2.57397 -8.05948 34.8146 2.69141 
-7.13622 35.1737 2.82746 -6.22435 35.5555 2.97769 -5.32858 35.9686 3.14103 
-4.448 36.4092 3.31516 -3.57421 36.8608 3.49559 -2.69894 37.3108 3.67261 
-1.81703 37.7581 3.82062 -0.943462 38.2282 3.94509 -0.131147 38.7934 4.07466 
0.616093 39.4419 4.21592 1.33049 40.1333 4.3183 1.99799 40.8755 4.34012 
2.63621 41.6238 4.22736 3.39337 42.0705 3.84914 4.18002 42.1349 3.23624 
4.92241 42.2963 2.58939 5.58182 42.5478 1.88318 6.16653 42.8127 1.11707 
6.76632 43.0411 0.350924 7.42002 43.2248 -0.381934 8.15539 43.3674 -1.04335 
8.95472 43.4981 -1.62764 9.82551 43.641 -2.09443 10.7572 43.8156 -2.39654 
-37.7661 45.3622 -2.24766 -36.8757 45.1661 -1.84484 -36.0566 44.9834 -1.30327 
-35.3137 44.7728 -0.670265 -34.7052 44.4896 0.0677643 -34.1769 44.1506 0.845243 
-33.6869 43.7761 1.63212 -33.1005 43.4338 2.3616 -32.3734 43.197 3.00114 
-31.5676 43.088 3.58005 -30.7536 42.7621 3.99169 -30.0497 42.0826 4.15589 
-29.3702 41.3504 4.17139 -28.6586 40.6514 4.10845 -27.9301 39.9744 4.00506 
-27.1809 39.3225 3.89024 -26.3839 38.7293 3.7797 -25.5596 38.1756 3.66416 
-24.7218 37.6481 3.52358 -23.8792 37.1329 3.36685 -23.0305 36.6316 3.19839 
-22.1718 36.1482 3.0286 -21.2938 35.7008 2.85948 -20.3988 35.2878 2.69207 
-19.4838 34.9188 2.52953 -18.5542 34.5865 2.37131 -17.6086 34.3001 2.21818 
-16.6515 34.0525 2.069 -15.6808 33.858 1.92958 -14.6969 33.7332 1.80779 
-13.7054 33.7488 1.70362 -12.7212 33.9026 1.62927 -11.7472 34.1259 1.60131 
-10.7827 34.3893 1.60506 -9.83094 34.6943 1.63108 -8.89267 35.0372 1.67203 
-7.96934 35.4169 1.72798 -7.05657 35.8198 1.79378 -6.15822 36.2527 1.86795 
-5.27276 36.7103 1.94758 -4.40338 37.1963 2.03624 -3.54041 37.6929 2.12912 
-2.67354 38.1836 2.21664 -1.80195 38.669 2.28418 -0.95297 39.1935 2.33479 
-0.178622 39.8182 2.40438 0.516162 40.5323 2.48194 1.17686 41.2817 2.5156 
1.79717 42.0639 2.4709 2.3485 42.8857 2.3408 2.83777 43.6994 2.05306 
3.4952 43.9332 1.49299 4.2095 43.9732 0.795396 4.89108 44.1142 0.0794047 
5.52436 44.376 -0.645911 6.09037 44.7607 -1.37264 6.62777 45.2487 -2.05952 
7.19174 45.7861 -2.68516 -38.367 44.6693 -1.04447 -37.6797 44.3856 -0.751996 
-36.839 44.1047 -0.293947 -36.0731 43.8959 0.311142 -35.4084 43.6884 1.0245 
-34.9023 43.4033 1.83492 -34.5002 43.024 2.66665 -34.1591 42.5418 3.47308 
-33.8224 42.0054 4.24635 -33.4228 41.4421 4.96637 -32.8052 40.9527 5.56609 
-32.0027 40.6435 6.06124 -31.1175 40.4848 6.49584 -30.2716 40.1208 6.69128 
-29.5192 39.4704 6.62082 -28.7393 38.8621 6.47873 -27.9312 38.2995 6.30583 
-27.1026 37.7778 6.10296 -26.2613 37.2825 5.8867 -25.4097 36.8136 5.65298 
-24.5604 36.3499 5.40051 -23.7119 35.8963 5.12817 -22.8573 35.4574 4.85108 
-21.9863 35.0481 4.57934 -21.0979 34.6706 4.31905 -20.1901 34.3327 4.07095 
-19.2704 34.0229 3.83041 -18.3374 33.7473 3.5996 -17.3904 33.5139 3.37992 
-16.4295 33.326 3.1776 -15.4597 33.1695 2.99042 -14.4817 33.0642 2.81839 
-13.6923 33.0662 2.6955 -12.91 33.2198 2.6416 -11.9385 33.4547 2.64327 
-10.9713 33.7013 2.70095 -10.0108 33.9637 2.79125 -9.06171 34.2551 2.91004 
-8.12276 34.5703 3.04761 -7.1969 34.9123 3.20753 -6.2822 35.2762 3.38275 
-5.38226 35.6674 3.57468 -4.49661 36.083 3.78138 -3.61878 36.511 3.99655 
-2.74262 36.9431 4.21017 -1.86186 37.3783 4.3957 -0.989559 37.8419 4.5497 
-0.160905 38.3774 4.70489 0.6173 38.9846 4.86259 1.36812 39.6336 4.98158 
2.09434 40.3179 5.03049 2.79918 41.0146 4.9292 3.59836 41.3495 4.5311 
4.40032 41.4512 3.94535 5.15393 41.6832 3.33492 5.79686 42.0055 2.64333 
6.34712 42.3298 1.87478 6.9331 42.5891 1.10812 7.59765 42.7838 0.389686 
8.36139 42.9123 -0.240379 9.19204 43.0128 -0.78644 10.09 43.124 -1.20738 
11.0244 43.3191 -1.49717 -38.4667 45.1156 -1.47049 -37.7693 44.8103 -1.22781 
-36.9 44.5352 -0.824744 -36.0891 44.3312 -0.281005 -35.3923 44.1234 0.401024 
-34.8548 43.8512 1.196 -34.4016 43.5114 2.01869 -34.0192 43.0809 2.8354 
-33.6257 42.6039 3.62046 -33.0767 42.155 4.31794 -32.3512 41.8288 4.91065 
-31.4944 41.7059 5.41007 -30.6264 41.4235 5.76781 -29.8708 40.7908 5.81659 
-29.1301 40.1262 5.7295 -28.3517 39.5152 5.58675 -27.5564 38.9342 5.41483 
-26.7454 38.3795 5.22908 -25.9173 37.8523 5.03911 -25.0794 37.3456 4.83639 
-24.2369 36.8549 4.61438 -23.3891 36.38 4.37884 -22.5327 35.9214 4.14153 
-21.657 35.4963 3.91337 -20.7637 35.1059 3.69153 -19.8528 34.7537 3.47672 
-18.9268 34.4369 3.27275 -17.986 34.1612 3.07585 -17.0336 33.9249 2.88457 
-16.0667 33.7371 2.71241 -15.09 33.588 2.55998 -14.2997 33.5309 2.4569 
-13.5058 33.56 2.37354 -12.5217 33.7243 2.32456 -11.5454 33.9392 2.33023 
-10.578 34.1866 2.38109 -9.62068 34.4642 2.45935 -8.6776 34.7807 2.56047 
-7.7452 35.1219 2.67869 -6.82513 35.489 2.81493 -5.91796 35.8822 2.96392 
-5.02826 36.3085 3.12642 -4.15156 36.7573 3.29922 -3.27969 37.2138 3.47657 
-2.4038 37.6667 3.64293 -1.52651 38.1252 3.7836 -0.673229 38.6296 3.90983 
0.111074 39.2309 4.05709 0.853617 39.8867 4.1901 1.55746 40.5905 4.26755 
2.2015 41.3536 4.25363 2.83523 42.091 4.08965 3.61295 42.2967 3.60595 
4.3813 42.3497 2.97077 5.09916 42.5344 2.30236 5.72957 42.7828 1.56924 
6.29347 43.0406 0.784893 6.90611 43.2557 0.0252494 7.57932 43.4341 -0.691014 
8.32471 43.5853 -1.33837 9.1403 43.729 -1.897 10.0257 43.8853 -2.32847 
10.9674 44.0659 -2.60118 -38.2882 45.072 -1.98823 -37.563 44.8532 -1.73392 
-36.6944 44.6458 -1.28916 -35.8854 44.4743 -0.729697 -35.1815 44.2703 -0.0542448 
-34.6011 44.0026 0.712318 -34.111 43.6618 1.51402 -33.6346 43.2841 2.30751 
-33.037 42.941 3.02451 -32.3028 42.6862 3.65104 -31.4841 42.5412 4.2027 
-30.6763 42.1395 4.56853 -29.9816 41.4342 4.65905 -29.2868 40.7167 4.63684 
-28.5657 40.0305 4.54497 -27.833 39.3611 4.42243 -27.0682 38.7306 4.29328 
-26.2649 38.1488 4.16938 -25.4296 37.6159 4.03472 -24.5853 37.1059 3.87138 
-23.7395 36.6055 3.68604 -22.8899 36.1145 3.49367 -22.0263 35.6484 3.30213 
-21.1483 35.2103 3.1102 -20.2521 34.8113 2.91686 -19.341 34.4432 2.732 
-18.4123 34.1182 2.55432 -17.4692 33.8333 2.38336 -16.514 33.5844 2.22396 
-15.5511 33.3575 2.07882 -14.5752 33.1899 1.94896 -13.5905 33.2264 1.82436 
-12.6227 33.4591 1.748 -11.6613 33.7327 1.72849 -10.7051 34.0245 1.74541 
-9.75857 34.3443 1.78571 -8.82623 34.7009 1.8421 -7.90778 35.0894 1.91461 
-7 35.5 2 -6.10069 35.9277 2.09029 -5.21662 36.3855 2.18346 
-4.3455 36.8664 2.28258 -3.48003 37.3564 2.38662 -2.6082 37.8368 2.48127 
-1.72788 38.3063 2.5469 -0.864344 38.8083 2.5844 -0.0883407 39.4295 2.64779 
0.595104 40.1541 2.72957 1.24146 40.9159 2.76637 1.86387 41.6963 2.73357 
2.4311 42.5069 2.59822 2.96486 43.3092 2.34315 3.67542 43.5402 1.74321 
4.39407 43.6214 1.05345 5.06392 43.8041 0.334727 5.69876 44.031 -0.403462 
6.29521 44.3427 -1.14202 6.90561 44.7052 -1.84574 7.55696 45.0775 -2.50529 
-38.0177 45.4479 -1.4785 -37.3091 45.1702 -1.23726 -36.4396 44.9221 -0.817358 
-35.6676 44.7176 -0.223283 -35.0472 44.4587 0.510517 -34.5727 44.1241 1.32327 
-34.1693 43.7222 2.14437 -33.7979 43.2504 2.94352 -33.3357 42.7921 3.70026 
-32.6743 42.4405 4.35456 -31.8821 42.2576 4.91971 -31.0035 42.2081 5.37706 
-30.2039 41.7234 5.57394 -29.487 41.0298 5.53925 -28.7395 40.3769 5.42234 
-27.9567 39.775 5.26669 -27.1591 39.198 5.09149 -26.3487 38.6421 4.90634 
-25.5253 38.1079 4.71552 -24.6905 37.5979 4.50871 -23.8469 37.1063 4.29259 
-22.9908 36.6388 4.07249 -22.1199 36.1963 3.85928 -21.2264 35.7958 3.65721 
-20.3162 35.431 3.46167 -19.3911 35.1018 3.27315 -18.4531 34.8072 3.09133 
-17.4991 34.5635 2.91799 -16.5341 34.3602 2.75363 -15.5571 34.2068 2.6084 
-14.5691 34.1172 2.488 -13.574 34.1298 2.40248 -12.581 34.2323 2.35587 
-11.5962 34.4029 2.36233 -10.6211 34.6185 2.40833 -9.6586 34.878 2.48547 
-8.70787 35.1723 2.58097 -7.77075 35.5014 2.69663 -6.84416 35.8542 2.8261 
-5.93173 36.2369 2.97013 -5.03794 36.6552 3.13089 -4.15994 37.1004 3.30636 
-3.28751 37.5549 3.48612 -2.41594 38.0135 3.65936 -1.5472 38.4841 3.81286 
-0.705396 39.0038 3.95637 0.0928785 39.5849 4.11021 0.850162 40.2231 4.24596 
1.55999 40.9211 4.32559 2.18524 41.6988 4.30677 2.80733 42.36 4.12901 
3.59339 42.3121 3.58683 4.36388 42.3524 2.9522 5.07785 42.5413 2.28065 
5.70656 42.7882 1.5454 6.279 43.0412 0.765773 6.88978 43.2589 0.0053085 
7.56791 43.4358 -0.706666 8.30499 43.5885 -1.36364 9.12055 43.7338 -1.92234 
9.99563 43.8887 -2.37616 10.9386 44.0708 -2.64058 -38.1849 44.2765 -0.714426 
-37.3456 43.9617 -0.275249 -36.5422 43.7205 0.265792 -35.8266 43.526 0.932029 
-35.2317 43.2943 1.69851 -34.8072 42.9432 2.52998 -34.4549 42.4916 3.34828 
-34.1453 41.9574 4.13406 -33.8435 41.3694 4.88401 -33.4982 40.7504 5.58833 
-32.9792 40.1786 6.20897 -32.1995 39.7901 6.68243 -31.3088 39.6944 7.10311 
-30.4082 39.5414 7.36986 -29.6141 38.9788 7.31053 -28.8133 38.4035 7.14767 
-27.9735 37.8952 6.95943 -27.1245 37.4151 6.73952 -26.2722 36.9541 6.49265 
-25.4207 36.5041 6.22366 -24.573 36.0594 5.93468 -23.7237 35.6279 5.63076 
-22.8654 35.2154 5.32577 -21.9859 34.839 5.03486 -21.0881 34.4944 4.76146 
-20.1728 34.1851 4.50383 -19.2452 33.9063 4.25549 -18.3056 33.6635 4.0149 
-17.3545 33.4587 3.78464 -16.3884 33.3045 3.57844 -15.4146 33.1797 3.38877 
-14.4323 33.1089 3.2221 -13.4435 33.1547 3.09911 -12.6567 33.2933 3.07295 
-11.6793 33.4981 3.11913 -10.7073 33.715 3.20701 -9.74486 33.9552 3.33318 
-8.79247 34.2201 3.48308 -7.85413 34.5178 3.6584 -6.92641 34.8381 3.84963 
-6.01046 35.1798 4.05956 -5.10957 35.5465 4.29146 -4.22487 35.9381 4.54396 
-3.34958 36.3442 4.80633 -2.47788 36.7625 5.0615 -1.60327 37.1917 5.28622 
-0.742344 37.6581 5.48805 0.0918791 38.1698 5.69254 0.891887 38.742 5.86964 
1.67183 39.3518 6.00771 2.42184 40.0047 6.02861 3.24875 40.456 5.80119 
4.10435 40.5423 5.29303 4.92049 40.7083 4.74307 5.6113 41.0664 4.12449 
6.13534 41.5172 3.40676 6.59996 41.9289 2.62385 7.1192 42.2606 1.83805 
7.7786 42.4935 1.12718 8.5462 42.658 0.511891 9.39787 42.7705 0.0024782 
10.2962 42.8833 -0.420151 11.0244 43.0458 -0.706709 -37.9832 44.9533 -0.740517 
-37.1451 44.5514 -0.385305 -36.3366 44.2918 0.136762 -35.6308 44.0734 0.805866 
-35.094 43.7975 1.59861 -34.6826 43.4302 2.43054 -34.3476 42.9588 3.24478 
-34.0507 42.4191 4.03189 -33.7509 41.8286 4.78075 -33.4095 41.2127 5.49001 
-32.8656 40.6525 6.10103 -32.113 40.2736 6.61049 -31.2334 40.3161 7.05867 
-30.3625 40.5743 7.47313 -29.609 40.0908 7.43721 -28.8528 39.4676 7.24368 
-28.0364 38.9352 7.02312 -27.1973 38.4468 6.78362 -26.3567 37.9741 6.51928 
-25.5177 37.506 6.24166 -24.6787 37.0452 5.95271 -23.8336 36.5984 5.65905 
-22.9735 36.1774 5.37157 -22.0919 35.7916 5.10046 -21.1837 35.4532 4.85535 
-20.258 35.1509 4.62832 -19.3169 34.888 4.41654 -18.3667 34.6535 4.21148 
-17.4056 34.4607 4.01468 -16.4338 34.3076 3.83666 -15.4505 34.1989 3.69265 
-14.4582 34.141 3.58866 -13.4601 34.1548 3.53989 -12.4639 34.231 3.54884 
-11.4758 34.3622 3.62379 -10.4979 34.5321 3.74286 -9.53129 34.7366 3.89666 
-8.57489 34.9695 4.07204 -7.62905 35.2311 4.26391 -6.69366 35.5173 4.47112 
-5.77468 35.8347 4.70413 -4.87533 36.1838 4.96653 -3.99606 36.563 5.25429 
-3.13164 36.966 5.55476 -2.27693 37.3914 5.85187 -1.42829 37.8386 6.13422 
-0.58561 38.3075 6.39853 0.249798 38.7999 6.64182 1.05562 39.3531 6.84643 
1.78479 40.0178 6.9953 2.5321 40.3336 6.85766 3.40185 40.1886 6.39754 
4.26001 40.2083 5.88873 5.07549 40.4009 5.3511 5.68888 40.8393 4.71408 
6.11905 41.3754 3.99099 6.49103 41.8586 3.1996 6.92 42.2582 2.39107 
7.4681 42.5663 1.61892 8.15777 42.7953 0.935043 8.9719 42.958 0.381605 
9.84902 43.1014 -0.0748844 10.7521 43.3099 -0.445928 -37.9333 45.2528 -1.09705 
-37.0667 44.8995 -0.755189 -36.2276 44.6509 -0.276551 -35.5124 44.4319 0.38122 
-34.9514 44.1576 1.15578 -34.5307 43.7924 1.98518 -34.1675 43.3481 2.80293 
-33.8323 42.8344 3.59227 -33.4305 42.3091 4.34089 -32.8557 41.8442 5.00022 
-32.0865 41.5465 5.54939 -31.2075 41.4947 6.01924 -30.3229 41.3411 6.35034 
-29.5752 40.6963 6.31176 -28.8155 40.0632 6.17102 -28.0142 39.4934 5.99062 
-27.1978 38.9533 5.7868 -26.374 38.4309 5.56637 -25.5438 37.9224 5.33821 
-24.7075 37.4295 5.09815 -23.864 36.9538 4.84877 -23.0074 36.5015 4.60091 
-22.1326 36.0795 4.36355 -21.2356 35.6987 4.14059 -20.3188 35.3608 3.92857 
-19.3859 35.062 3.72807 -18.4402 34.7992 3.53746 -17.4837 34.573 3.3542 
-16.5167 34.3865 3.18166 -15.5382 34.2463 3.03219 -14.5497 34.1618 2.91189 
-13.5536 34.1713 2.83679 -12.5586 34.2604 2.80748 -11.571 34.4113 2.83608 
-10.5928 34.6051 2.90729 -9.62654 34.8392 3.01314 -8.67106 35.105 3.13982 
-7.72835 35.4038 3.28771 -6.79574 35.7261 3.44953 -5.88021 36.0836 3.63309 
-4.98143 36.4712 3.83707 -4.09788 36.8833 4.05927 -3.22438 37.3124 4.28902 
-2.35727 37.757 4.51347 -1.49506 38.2189 4.72089 -0.653649 38.7222 4.91648 
0.166777 39.2619 5.1042 0.954179 39.8575 5.2599 1.69499 40.519 5.3575 
2.38825 41.2145 5.32509 3.20171 41.5401 4.99551 4.02166 41.4984 4.429 
4.80501 41.6115 3.82439 5.50237 41.8938 3.17216 6.0533 42.2451 2.41807 
6.58011 42.5608 1.63015 7.16605 42.8137 0.860886 7.86075 42.9904 0.167072 
8.6477 43.1145 -0.434082 9.51479 43.2233 -0.916355 10.4355 43.3639 -1.2744 
11.1849 43.5648 -1.46535 -38.2005 44.9897 -0.893402 -37.3562 44.5877 -0.546701 
-36.5327 44.3057 -0.062475 -35.8026 44.0892 0.579834 -35.216 43.8401 1.3473 
-34.7789 43.5009 2.17762 -34.418 43.0673 3.00145 -34.1113 42.545 3.79655 
-33.81 41.9731 4.55917 -33.4607 41.3698 5.27497 -32.942 40.8083 5.90569 
-32.1905 40.4214 6.41996 -31.3173 40.3323 6.87494 -30.4239 40.3967 7.23515 
-29.6208 39.9371 7.2333 -28.8424 39.3373 7.05365 -28.018 38.8116 6.84593 
-27.1791 38.3193 6.61406 -26.3379 37.842 6.36024 -25.4969 37.3721 6.09208 
-24.6564 36.9094 5.8103 -23.81 36.4613 5.5224 -22.9515 36.0354 5.23734 
-22.0703 35.6475 4.96798 -21.1672 35.2985 4.71872 -20.2433 34.993 4.48894 
-19.3069 34.7185 4.27059 -18.3588 34.4811 4.05999 -17.4009 34.279 3.8564 
-16.4301 34.1242 3.67477 -15.4478 34.0152 3.52522 -14.4564 33.9592 3.41207 
-13.4597 33.9696 3.34182 -12.4645 34.0599 3.33517 -11.4758 34.1976 3.38741 
-10.4983 34.3792 3.49217 -9.5311 34.5921 3.62928 -8.57593 34.8385 3.79261 
-7.63058 35.1096 3.97358 -6.69774 35.409 4.17322 -5.77845 35.7353 4.39264 
-4.87913 36.0955 4.64013 -3.99553 36.4792 4.90805 -3.12608 36.885 5.18953 
-2.26395 37.3097 5.4657 -1.4063 37.7553 5.72194 -0.557461 38.2243 5.96556 
0.275307 38.7307 6.18826 1.08713 39.2811 6.38087 1.83669 39.9301 6.49529 
2.63982 40.4173 6.37856 3.5279 40.4472 5.93731 4.3756 40.4823 5.41257 
5.1594 40.7184 4.84677 5.78174 41.1315 4.19594 6.21728 41.6171 3.43944 
6.64684 42.0441 2.64447 7.16074 42.3737 1.855 7.80138 42.6222 1.13286 
8.56886 42.7956 0.52037 9.41932 42.9221 0.0118772 10.3188 43.0624 -0.399407 
11.2248 43.2976 -0.744877 -38.1345 45.0215 -1.38155 -37.4339 44.7362 -1.12599 
-36.5758 44.4996 -0.675276 -35.7974 44.3061 -0.0841904 -35.157 44.0774 0.64388 
-34.6529 43.7805 1.4528 -34.2306 43.4035 2.27549 -33.8502 42.9506 3.08112 
-33.3931 42.4849 3.83501 -32.749 42.0914 4.48269 -31.9413 41.9145 5.03177 
-31.068 41.8225 5.50637 -30.2425 41.401 5.73289 -29.5121 40.7235 5.69851 
-28.7557 40.0821 5.57776 -27.9685 39.4865 5.41883 -27.1663 38.9176 5.23802 
-26.3523 38.368 5.05027 -25.5226 37.8457 4.85393 -24.6847 37.3429 4.64178 
-23.8395 36.8584 4.41612 -22.9859 36.3908 4.18699 -22.1146 35.9539 3.96418 
-21.2252 35.5503 3.75024 -20.3154 35.1905 3.54403 -19.3905 34.8661 3.34622 
-18.4506 34.5821 3.15754 -17.4971 34.3429 2.97599 -16.5305 34.1509 2.80685 
-15.5528 34.0062 2.65785 -14.5625 33.9406 2.5395 -13.5681 33.97 2.45278 
-12.7754 34.0685 2.41794 -11.7911 34.2419 2.42291 -10.8161 34.4577 2.47088 
-9.85348 34.7153 2.55207 -8.90237 35.0066 2.65322 -7.96442 35.331 2.77525 
-7.03666 35.678 2.91166 -6.12702 36.0627 3.06759 -5.23166 36.4744 3.23671 
-4.35231 36.9131 3.42174 -3.47969 37.3624 3.61299 -2.60841 37.8169 3.79815 
-1.73963 38.2833 3.9639 -0.898411 38.8003 4.11933 -0.0911751 39.367 4.28314 
0.682161 39.9829 4.4309 1.41804 40.6498 4.53662 2.0798 41.3971 4.54829 
2.70179 42.0769 4.4197 3.51347 42.1177 3.91645 4.29802 42.1382 3.30065 
5.03099 42.3166 2.64688 5.67451 42.5771 1.92985 6.24479 42.847 1.15433 
6.83354 43.0826 0.381912 7.49732 43.2616 -0.342443 8.231 43.4053 -1.00583 
9.04241 43.5351 -1.57259 9.92549 43.6779 -2.01421 10.8728 43.8647 -2.25739 
-37.1409 45.329 -1.05848 -36.2717 45.071 -0.646126 -35.5331 44.8399 -0.0222297 
-34.9641 44.5469 0.739994 -34.5279 44.1794 1.56082 -34.1539 43.7447 2.37877 
-33.8067 43.2424 3.17018 -33.3717 42.7553 3.92434 -32.7498 42.3563 4.58846 
-31.9493 42.1936 5.14349 -31.0692 42.2135 5.61472 -30.2222 42.0312 5.90934 
-29.5312 41.3117 5.85435 -28.797 40.6465 5.72684 -28.0165 40.0448 5.56008 
-27.2147 39.4781 5.37095 -26.404 38.9294 5.16697 -25.5858 38.3939 4.95806 
-24.7584 37.8761 4.74045 -23.9193 37.3809 4.51587 -23.0669 36.9098 4.28907 
-22.1976 36.4674 4.06974 -21.3057 36.0651 3.86395 -20.3931 35.7064 3.66946 
-19.4624 35.3909 3.48505 -18.5192 35.1102 3.30821 -17.562 34.8761 3.13925 
-16.5949 34.6797 2.97789 -15.6167 34.53 2.83649 -14.6283 34.4349 2.72265 
-13.6317 34.4294 2.65 -12.6355 34.4986 2.61562 -11.6461 34.6404 2.63459 
-10.6658 34.8279 2.69065 -9.6981 35.0625 2.78087 -8.74135 35.3313 2.89068 
-7.79745 35.6344 3.02102 -6.86435 35.9632 3.16565 -5.9476 36.3275 3.32857 
-5.04848 36.7252 3.51045 -4.16564 37.1501 3.71038 -3.29165 37.5897 3.91744 
-2.42321 38.0414 4.12167 -1.56129 38.5117 4.31025 -0.723133 39.0267 4.48857 
0.0878736 39.5842 4.66477 0.871321 40.1866 4.81493 1.60117 40.8608 4.90572 
2.25014 41.6181 4.88948 2.90065 42.1498 4.68774 3.6991 41.9531 4.13662 
4.47914 41.9843 3.51833 5.20226 42.1934 2.86323 5.81699 42.483 2.13315 
6.36532 42.7719 1.34894 6.94767 43.0159 0.573959 7.61686 43.1953 -0.144721 
8.36831 43.3305 -0.788507 9.19801 43.4492 -1.33053 10.1021 43.5885 -1.72782 
11.0532 43.7976 -1.93861 -38.2779 45.3362 -1.17966 -37.7664 45.0676 -1.01964 
-36.9041 44.7365 -0.646877 -36.0859 44.5066 -0.126785 -35.4069 44.2846 0.568809 
-34.8859 43.9966 1.36679 -34.4728 43.623 2.19596 -34.1202 43.1647 3.01054 
-33.7796 42.6439 3.79278 -33.3711 42.1124 4.53336 -32.7329 41.6737 5.1534 
-31.94 41.3979 5.68155 -31.0563 41.3186 6.13077 -30.2019 40.9697 6.35504 
-29.463 40.3018 6.27329 -28.6902 39.6845 6.13158 -27.8852 39.1195 5.95277 
-27.0662 38.583 5.74961 -26.2379 38.0661 5.53355 -25.4014 37.5662 5.30918 
-24.5608 37.082 5.06662 -23.715 36.6123 4.81397 -22.856 36.1662 4.56279 
-21.9792 35.7508 4.32156 -21.0815 35.3746 4.09257 -20.1656 35.0394 3.87266 
-19.2351 34.7388 3.66414 -18.292 34.4731 3.46504 -17.3343 34.257 3.27582 
-16.3661 34.0805 3.09961 -15.384 33.9646 2.9542 -14.3928 33.91 2.83808 
-13.5963 33.9426 2.77788 -12.8017 34.0248 2.74411 -11.8142 34.1791 2.75403 
-10.8357 34.3751 2.81288 -9.86848 34.6097 2.90815 -8.91173 34.875 3.02619 
-7.96764 35.173 3.16653 -7.03513 35.4977 3.32415 -6.11742 35.8535 3.50003 
-5.21624 36.2399 3.69539 -4.33129 36.6532 3.90975 -3.45551 37.0807 4.13365 
-2.58467 37.52 4.35415 -1.71526 37.9703 4.55755 -0.863342 38.4588 4.74464 
-0.0387745 38.9933 4.92867 0.75972 39.5715 5.09324 1.52313 40.2047 5.21215 
2.21825 40.9214 5.21972 3.14969 41.4683 4.90361 3.97609 41.5023 4.35515 
4.7574 41.6173 3.74846 5.46554 41.8918 3.10241 6.04113 42.2288 2.35962 
6.57787 42.5395 1.57588 7.18284 42.7772 0.817356 7.87821 42.952 0.123163 
8.66865 43.0703 -0.474551 9.53618 43.1742 -0.957643 10.4573 43.3217 -1.30963 
-38.1908 44.9682 -0.92551 -37.3434 44.5756 -0.575283 -36.5137 44.295 -0.100677 
-35.7835 44.0815 0.542648 -35.1967 43.8339 1.3104 -34.7559 43.4977 2.14017 
-34.3906 43.069 2.96463 -34.0778 42.5515 3.76058 -33.7631 41.9863 4.5227 
-33.3836 41.3958 5.23298 -32.8098 40.8693 5.84492 -32.0126 40.5579 6.34315 
-31.1365 40.5257 6.79587 -30.2494 40.3491 7.03578 -29.4713 39.7584 6.95475 
-28.6812 39.1711 6.78521 -27.8563 38.6427 6.58513 -27.0198 38.1438 6.35909 
-26.1792 37.6595 6.11625 -25.3365 37.1874 5.85786 -24.4949 36.7214 5.58492 
-23.6473 36.271 5.30442 -22.7902 35.8396 5.02332 -21.9122 35.4432 4.75564 
-21.0133 35.0844 4.50519 -20.0963 34.7633 4.26892 -19.1656 34.4756 4.04363 
-18.2219 34.2264 3.82666 -17.2672 34.0149 3.61841 -16.2997 33.8491 3.42899 
-15.3204 33.7285 3.26788 -14.5299 33.6723 3.16194 -13.5356 33.6942 3.07449 
-12.5436 33.8112 3.04735 -11.5589 33.9788 3.08683 -10.5825 34.1767 3.17014 
-9.61826 34.4106 3.29384 -8.66465 34.6732 3.43993 -7.72369 34.9665 3.60856 
-6.79256 35.2812 3.79229 -5.87713 35.6262 3.99913 -4.97725 35.9977 4.22694 
-4.09424 36.3961 4.47473 -3.2211 36.8106 4.73116 -2.35397 37.2404 4.98267 
-1.48778 37.6856 5.20901 -0.636473 38.165 5.42153 0.19204 38.6852 5.62732 
0.993032 39.2565 5.80345 1.75437 39.8917 5.92422 2.50643 40.5207 5.88932 
3.36148 40.7995 5.54333 4.19626 40.8389 4.99699 4.98911 41.0167 4.42031 
5.65363 41.3717 3.77267 6.16083 41.8027 3.02971 6.64445 42.1778 2.2402 
7.19767 42.4748 1.46393 7.88259 42.6828 0.768391 8.66639 42.8277 0.169136 
9.53405 42.9338 -0.313946 10.4413 43.0695 -0.708876 11.1728 43.2672 -0.963017 
-38.0225 44.8688 -1.64148 -37.3106 44.6458 -1.35546 -36.461 44.4475 -0.870239 
-35.6825 44.2687 -0.27199 -35.043 44.0415 0.457977 -34.5147 43.7515 1.25434 
-34.0633 43.3878 2.06783 -33.6177 42.9763 2.86176 -33.0378 42.5927 3.57395 
-32.3008 42.312 4.18314 -31.4678 42.1509 4.70856 -30.6408 41.763 5.0453 
-29.9161 41.0866 5.11568 -29.1995 40.3917 5.06485 -28.4468 39.7439 4.95048 
-27.6875 39.1077 4.81343 -26.9067 38.5016 4.66349 -26.0938 37.9391 4.51451 
-25.2562 37.4175 4.35332 -24.4114 36.916 4.16724 -23.5647 36.4248 3.96268 
-22.7141 35.944 3.75009 -21.8479 35.4904 3.54107 -20.9653 35.0688 3.33389 
-20.0652 34.6847 3.12902 -19.1519 34.3291 2.93069 -18.2209 34.0181 2.74055 
-17.2759 33.7471 2.55865 -16.3184 33.5132 2.39031 -15.3525 33.3044 2.23819 
-14.5728 33.1674 2.12689 -13.5882 33.157 1.9921 -12.6207 33.3784 1.90136 
-11.6607 33.6576 1.88644 -10.7031 33.9445 1.90639 -9.75473 34.2573 1.95651 
-8.8182 34.6012 2.02231 -7.89647 34.9798 2.10575 -6.98461 35.3785 2.2028 
-6.08421 35.8003 2.30879 -5.19666 36.2473 2.41903 -4.32524 36.7237 2.53601 
-3.45846 37.2072 2.65776 -2.58302 37.6782 2.76551 -1.6996 38.14 2.84274 
-0.838471 38.6439 2.88884 -0.0547962 39.2568 2.95917 0.632603 39.9772 3.04568 
1.28998 40.7286 3.09611 1.91744 41.5055 3.0702 2.50301 42.3071 2.95843 
3.10471 42.9972 2.64354 3.83512 43.2062 2.04152 4.54785 43.3057 1.34977 
5.21389 43.4975 0.629681 5.83769 43.7316 -0.115828 6.44535 43.9992 -0.863345 
7.07924 44.289 -1.57967 7.77248 44.5646 -2.24415 8.53932 44.8136 -2.8349 
9.33895 45.0597 -3.38229 10.159 45.3162 -3.8938 -37.312 45.4635 -2.50938 
-36.6376 45.3295 -2.10228 -35.844 45.1432 -1.52417 -35.1244 44.9086 -0.873573 
-34.5081 44.6031 -0.149825 -33.9671 44.2444 0.61034 -33.4121 43.8976 1.36562 
-32.7539 43.5999 2.05295 -31.9878 43.4068 2.66141 -31.1736 43.2066 3.2006 
-30.4421 42.6265 3.49715 -29.7758 41.8929 3.60579 -29.1026 41.1542 3.60489 
-28.4148 40.4305 3.54996 -27.7202 39.7164 3.46512 -26.9915 39.037 3.3859 
-26.1956 38.4369 3.31601 -25.3652 37.8856 3.23883 -24.5228 37.3582 3.12849 
-23.6808 36.8354 2.99537 -22.8359 36.3213 2.84818 -21.9814 35.8246 2.69631 
-21.1079 35.363 2.54278 -20.2188 34.9325 2.38766 -19.3135 34.5368 2.23478 
-18.3924 34.1782 2.08343 -17.4563 33.8596 1.93623 -16.5077 33.5752 1.79763 
-15.5497 33.3159 1.67592 -14.5826 33.0871 1.5724 -13.6018 33.0709 1.45846 
-12.6425 33.3217 1.35046 -11.6909 33.6252 1.30507 -10.741 33.9371 1.28782 
-9.80075 34.2771 1.29191 -8.87315 34.6501 1.30681 -7.95956 35.0557 1.33179 
-7.05677 35.4844 1.36494 -6.16574 35.9366 1.40306 -5.28773 36.4133 1.44313 
-4.42325 36.914 1.4865 -3.56376 37.4232 1.53125 -2.69545 37.9178 1.56766 
-1.81871 38.3983 1.58348 -0.960114 38.9098 1.57481 -0.20729 39.5571 1.59299 
0.41894 40.3345 1.63941 1.02233 41.1317 1.64758 1.61347 41.9354 1.58884 
2.16375 42.7578 1.45434 2.62834 43.6069 1.2107 3.09719 44.3098 0.805153 
3.82274 44.4345 0.128586 4.53746 44.5971 -0.549109 5.20877 44.8989 -1.22389 
5.79164 45.3652 -1.88199 6.28222 45.9873 -2.48896 -38.3881 45.3394 -2.05902 
-37.6553 45.1133 -1.83657 -36.7746 44.8898 -1.42515 -35.9544 44.7078 -0.886098 
-35.2229 44.5056 -0.239567 -34.6431 44.2249 0.522982 -34.1445 43.8842 1.31878 
-33.6711 43.5005 2.11117 -33.1045 43.1416 2.84701 -32.3691 42.9138 3.4817 
-31.5569 42.8044 4.04942 -30.7326 42.4954 4.44603 -30.0212 41.8162 4.57427 
-29.3293 41.0958 4.5633 -28.604 40.4133 4.47782 -27.8584 39.7583 4.35639 
-27.0949 39.1265 4.22336 -26.2975 38.5379 4.09303 -25.4746 37.9848 3.96395 
-24.6381 37.46 3.80712 -23.7948 36.952 3.63143 -22.9458 36.4575 3.44571 
-22.0855 35.9828 3.25995 -21.2074 35.5413 3.0764 -20.3138 35.1323 2.89261 
-19.4007 34.7657 2.71468 -18.4726 34.4354 2.54399 -17.5283 34.1512 2.37951 
-16.5721 33.9057 2.22074 -15.6042 33.7027 2.07433 -14.6247 33.554 1.94404 
-13.634 33.5599 1.83053 -12.6519 33.7179 1.7492 -11.6808 33.9542 1.72211 
-10.7168 34.219 1.72745 -9.76603 34.5265 1.76294 -8.82847 34.8702 1.81351 
-7.90442 35.2466 1.87863 -6.99247 35.6491 1.95722 -6.09127 36.0738 2.04282 
-5.20556 36.5288 2.1331 -4.33494 37.011 2.23065 -3.46943 37.5013 2.333 
-2.5985 37.9836 2.42688 -1.72175 38.4591 2.49747 -0.865626 38.9728 2.54452 
-0.0871699 39.5914 2.61436 0.601142 40.3115 2.69406 1.25686 41.0652 2.73445 
1.87658 41.8472 2.69018 2.43784 42.6618 2.55532 3.00894 43.3564 2.22955 
3.73054 43.591 1.61661 4.44117 43.6855 0.920709 5.11104 43.867 0.201691 
5.74227 44.1048 -0.53526 6.3303 44.4375 -1.27115 6.94 44.8209 -1.96461 
7.58778 45.2139 -2.61554 -38.1799 44.7254 -0.937931 -37.4972 44.4355 -0.641093 
-36.6662 44.1575 -0.164898 -35.9204 43.951 0.464241 -35.292 43.7279 1.20546 
-34.8274 43.4159 2.03117 -34.4454 43.0117 2.86019 -34.1208 42.5095 3.66111 
-33.7984 41.952 4.42568 -33.4124 41.3705 5.13975 -32.8306 40.8519 5.7507 
-32.0337 40.5288 6.24636 -31.1561 40.4397 6.69424 -30.2834 40.2975 6.96256 
-29.5063 39.6989 6.88739 -28.717 39.1083 6.72503 -27.8944 38.5743 6.53096 
-27.0587 38.0714 6.31066 -26.2179 37.5849 6.07357 -25.3733 37.1131 5.82048 
-24.529 36.6503 5.55046 -23.6804 36.201 5.27114 -22.8202 35.7746 4.99193 
-21.9398 35.3819 4.72648 -21.0406 35.0239 4.47558 -20.1224 34.7066 4.23953 
-19.1911 34.4214 4.01346 -18.2461 34.1771 3.79662 -17.2899 33.9714 3.5894 
-16.3194 33.816 3.4058 -15.3397 33.6978 3.24583 -14.5478 33.652 3.14412 
-13.5532 33.6915 3.06316 -12.5622 33.8164 3.0455 -11.5788 33.9886 3.09573 
-10.6047 34.193 3.18985 -9.64124 34.4282 3.31655 -8.68938 34.6943 3.46791 
-7.74753 34.9844 3.63709 -6.81588 35.297 3.82184 -5.89939 35.6388 4.02903 
-4.99946 36.009 4.25866 -4.11587 36.4053 4.50786 -3.24271 36.8183 4.76654 
-2.37641 37.2472 5.02229 -1.51133 37.6926 5.25247 -0.659981 38.17 5.46929 
0.17 38.6868 5.67806 0.973523 39.2535 5.85726 1.7371 39.8853 5.98209 
2.49145 40.5097 5.95078 3.34967 40.7736 5.60434 4.18783 40.8015 5.06094 
4.9855 40.9634 4.48728 5.65096 41.3212 3.84248 6.15612 41.7585 3.10198 
6.634 42.1416 2.3128 7.18004 42.4454 1.53408 7.85831 42.6592 0.833856 
8.63788 42.8088 0.230309 9.50255 42.9167 -0.257631 10.4079 43.0497 -0.658072 
11.1388 43.2421 -0.917894 -38.2187 44.7142 -1.0517 -37.5298 44.4342 -0.759651 
-36.6921 44.1657 -0.289633 -35.9369 43.9638 0.32989 -35.2904 43.7483 1.05699 
-34.8117 43.4468 1.87976 -34.4146 43.057 2.70866 -34.0754 42.5667 3.51105 
-33.7218 42.0297 4.27631 -33.2728 41.4866 4.97839 -32.5917 41.048 5.55029 
-31.7618 40.801 6.04066 -30.8843 40.6015 6.43818 -30.0909 40.0171 6.50765 
-29.3476 39.3556 6.41743 -28.5635 38.752 6.27573 -27.7606 38.1813 6.10475 
-26.9383 37.6472 5.90929 -26.0964 37.1491 5.70302 -25.243 36.681 5.47365 
-24.3922 36.2187 5.22431 -23.5412 35.7672 4.95617 -22.6812 35.3351 4.68508 
-21.8045 34.9327 4.42152 -20.9106 34.5638 4.16784 -19.9996 34.2319 3.92364 
-19.0748 33.9322 3.68948 -18.1374 33.6672 3.46455 -17.1861 33.4449 3.25174 
-16.222 33.2656 3.05639 -15.251 33.1111 2.87455 -14.4663 33.0364 2.74121 
-13.6777 33.0887 2.63458 -12.7021 33.2925 2.58298 -11.7323 33.5338 2.60714 
-10.7673 33.7863 2.67538 -9.80894 34.0553 2.77112 -8.86225 34.3535 2.89135 
-7.9262 34.6763 3.03082 -7.00233 35.0238 3.1908 -6.08977 35.3935 3.36517 
-5.19361 35.7936 3.55638 -4.31023 36.2153 3.76054 -3.43395 36.6484 3.97164 
-2.55778 37.0836 4.17879 -1.67585 37.5223 4.35004 -0.806015 37.9928 4.49658 
0.00502419 38.5546 4.65214 0.773243 39.1762 4.80276 1.51245 39.841 4.90586 
2.22383 40.5414 4.92715 2.93288 41.2157 4.77288 3.73816 41.4837 4.31944 
4.52475 41.5974 3.71775 5.26822 41.8441 3.0978 5.88671 42.1586 2.38154 
6.43569 42.4678 1.60558 7.03961 42.7066 0.846253 7.72666 42.8812 0.144085 
8.50069 42.9994 -0.476236 9.34013 43.1004 -1.00778 10.2522 43.2278 -1.39136 
11.192 43.438 -1.65049 -38.1753 44.7422 -1.59965 -37.4617 44.5143 -1.32212 
-36.607 44.3118 -0.847755 -35.818 44.138 -0.261698 -35.1655 43.923 0.460225 
-34.6256 43.6504 1.25544 -34.1669 43.303 2.07165 -33.7338 42.8914 2.87273 
-33.1935 42.482 3.60176 -32.483 42.1538 4.21834 -31.6689 41.9511 4.75634 
-30.8202 41.6488 5.15753 -30.0768 41.0116 5.274 -29.3671 40.3092 5.23799 
-28.6234 39.6502 5.12927 -27.8679 39.0096 4.99321 -27.0924 38.3969 4.843 
-26.2778 37.8373 4.6931 -25.4361 37.3227 4.53086 -24.5885 36.8279 4.33978 
-23.7408 36.3414 4.1282 -22.8893 35.8659 3.90756 -22.0235 35.4153 3.69038 
-21.1418 34.9959 3.47441 -20.2432 34.6128 3.26138 -19.3302 34.2606 3.05621 
-18.4001 33.9516 2.85853 -17.4562 33.681 2.66999 -16.4994 33.4481 2.4968 
-15.5351 33.2356 2.33926 -14.5611 33.0676 2.1948 -13.58 33.1124 2.05877 
-12.8087 33.3064 1.98554 -11.8493 33.586 1.95945 -10.891 33.8703 1.97987 
-9.93921 34.1728 2.02948 -8.99996 34.5084 2.09928 -8.07482 34.8776 2.18658 
-7.15964 35.2674 2.28834 -6.25542 35.6792 2.40102 -5.36341 36.1152 2.51939 
-4.48841 36.5827 2.64465 -3.62082 37.0622 2.77631 -2.74683 37.5325 2.89805 
-1.86275 37.9907 2.98819 -0.99162 38.4766 3.04473 -0.19359 39.07 3.1177 
0.51341 39.7691 3.21611 1.18376 40.5075 3.28421 1.82299 41.2758 3.27971 
2.42016 42.0719 3.19279 3.02573 42.7815 2.92965 3.76628 43.0199 2.35897 
4.48634 43.1045 1.6724 5.16348 43.2801 0.958687 5.79011 43.5069 0.213412 
6.40354 43.7528 -0.536959 7.03632 44.012 -1.26619 7.72713 44.2572 -1.94482 
8.48735 44.4768 -2.55471 9.2948 44.6884 -3.10479 10.1419 44.8946 -3.59393 
-38.3575 45.3149 -1.95267 -37.6294 45.0754 -1.73004 -36.7518 44.8476 -1.3146 
-35.9333 44.6635 -0.774193 -35.218 44.456 -0.113182 -34.6566 44.1715 0.662806 
-34.1699 43.8276 1.46448 -33.7169 43.4326 2.26323 -33.1729 43.0564 3.00763 
-32.4492 42.8041 3.64662 -31.6424 42.6853 4.21916 -30.8018 42.4265 4.63591 
-30.0693 41.7833 4.77774 -29.3712 41.069 4.76556 -28.6387 40.395 4.67507 
-27.883 39.7531 4.54626 -27.1085 39.1373 4.40383 -26.3004 38.5658 4.26147 
-25.4738 38.0229 4.11438 -24.6361 37.505 3.9411 -23.792 37.0026 3.75403 
-22.9401 36.5158 3.56105 -22.0761 36.0501 3.37018 -21.1929 35.6206 3.18321 
-20.2916 35.2292 2.99793 -19.3711 34.8821 2.81965 -18.4389 34.5638 2.64766 
-17.491 34.2922 2.48264 -16.5313 34.0608 2.32385 -15.5593 33.8795 2.1771 
-14.5753 33.7621 2.04843 -13.7814 33.7555 1.96025 -12.7942 33.8878 1.8841 
-11.8148 34.0847 1.84891 -10.8463 34.3323 1.86126 -9.8891 34.6183 1.90069 
-8.94617 34.9456 1.95921 -8.01587 35.3048 2.03207 -7.09936 35.6946 2.12105 
-6.19275 36.1051 2.21768 -5.30252 36.5482 2.32286 -4.42696 37.0175 2.43682 
-3.5592 37.4996 2.55721 -2.68917 37.9788 2.67324 -1.81415 38.4542 2.76311 
-0.955069 38.9605 2.83325 -0.16967 39.5698 2.92049 0.550276 40.2564 3.01556 
1.22627 40.9911 3.06666 1.86352 41.7595 3.04767 2.43323 42.5704 2.92649 
2.9816 43.3532 2.66912 3.71378 43.4698 2.05518 4.42887 43.5425 1.36226 
5.0924 43.724 0.637456 5.70716 43.9605 -0.114408 6.28395 44.2642 -0.871837 
6.87065 44.6231 -1.59707 7.50439 44.9979 -2.27276 8.20679 45.3654 -2.88048 
-38.1409 45.0801 -1.30771 -37.2717 44.7202 -0.979347 -36.4278 44.4907 -0.498121 
-35.675 44.2887 0.121904 -35.0697 44.043 0.874488 -34.5877 43.7313 1.69163 
-34.1925 43.3262 2.51483 -33.8276 42.8542 3.31675 -33.3815 42.3685 4.06505 
-32.7461 41.9607 4.7087 -31.9253 41.7803 5.24198 -31.048 41.6812 5.70873 
-30.2155 41.2746 5.92604 -29.4777 40.6061 5.87727 -28.7135 39.9756 5.74788 
-27.9207 39.3891 5.58314 -27.1125 38.8316 5.39372 -26.2938 38.2925 5.196 
-25.4625 37.7768 4.98902 -24.6241 37.279 4.76733 -23.7783 36.8002 4.53214 
-22.923 36.3389 4.29648 -22.0519 35.9047 4.06743 -21.1637 35.5021 3.84697 
-20.2546 35.1437 3.63548 -19.3316 34.8174 3.4319 -18.3926 34.5335 3.23904 
-17.4404 34.2922 3.05274 -16.4754 34.0975 2.8782 -15.4995 33.9464 2.72248 
-14.5115 33.8677 2.59727 -13.7159 33.8667 2.5173 -12.922 33.9512 2.47161 
-11.9354 34.1101 2.45721 -10.9588 34.3197 2.4977 -9.99267 34.5661 2.57175 
-9.03977 34.8518 2.67147 -8.0975 35.1654 2.78829 -7.16834 35.5083 2.92555 
-6.25057 35.8755 3.07615 -5.35169 36.2798 3.24444 -4.46801 36.7107 3.42667 
-3.59396 37.157 3.61854 -2.72134 37.607 3.80833 -1.84752 38.0624 3.97839 
-0.986782 38.5474 4.13129 -0.168842 39.0996 4.2892 0.607976 39.7096 4.44168 
1.34446 40.376 4.54712 2.02002 41.1108 4.56827 2.6606 41.8641 4.45243 
3.42805 42.0755 4.03858 4.21537 42.0872 3.42584 4.9625 42.2395 2.78231 
5.61237 42.5011 2.07178 6.18693 42.7779 1.3021 6.77042 43.0192 0.527173 
7.41418 43.2117 -0.211886 8.14851 43.3538 -0.874795 8.94588 43.4809 -1.46213 
9.8266 43.6204 -1.90889 10.767 43.7971 -2.18253 -38.2079 45.1932 -1.18095 
-37.5221 44.8653 -0.939147 -36.6677 44.5851 -0.508804 -35.8801 44.3719 0.0635549 
-35.2417 44.138 0.790835 -34.7562 43.8328 1.60749 -34.3586 43.4395 2.4351 
-34.016 42.9616 3.24274 -33.6507 42.4407 4.01336 -33.1779 41.9293 4.72411 
-32.4612 41.5472 5.30044 -31.6266 41.353 5.80276 -30.7478 41.171 6.17227 
-29.9654 40.578 6.2359 -29.2127 39.9292 6.13329 -28.4258 39.331 5.98409 
-27.6154 38.7748 5.8004 -26.7953 38.2388 5.60046 -25.9603 37.7302 5.39054 
-25.119 37.2379 5.16756 -24.2748 36.7613 4.92273 -23.4262 36.2961 4.67074 
-22.5626 35.8582 4.42142 -21.6814 35.4506 4.18259 -20.7808 35.0827 3.9518 
-19.8639 34.7508 3.73053 -18.9317 34.4557 3.52169 -17.987 34.1978 3.32007 
-17.0276 33.9912 3.12934 -16.056 33.829 2.95798 -15.074 33.7146 2.81162 
-14.2814 33.6747 2.71478 -13.6846 33.7102 2.66494 -12.8922 33.8072 2.62714 
-11.909 33.9872 2.63946 -10.934 34.2008 2.69734 -9.97007 34.4492 2.79069 
-9.01695 34.7281 2.90664 -8.07727 35.0398 3.04681 -7.14789 35.3741 3.20281 
-6.23213 35.7368 3.37468 -5.33342 36.1313 3.56551 -4.44975 36.5506 3.77341 
-3.57442 36.983 3.98972 -2.7026 37.4244 4.20203 -1.83162 37.8758 4.39538 
-0.980316 38.3701 4.5701 -0.157013 38.9094 4.74524 0.635006 39.4977 4.90574 
1.40229 40.1282 5.01919 2.11199 40.8292 5.04638 2.8174 41.4664 4.91519 
3.6509 41.5655 4.40737 4.44287 41.6208 3.80364 5.18566 41.858 3.17944 
5.82547 42.1618 2.47813 6.36653 42.4766 1.69885 6.9517 42.7308 0.92975 
7.62438 42.9154 0.215804 8.37841 43.0467 -0.425657 9.21777 43.1503 -0.95689 
10.1197 43.2681 -1.36667 11.0598 43.4756 -1.62701 -38.3926 45.3157 -1.95848 
-37.6719 45.0629 -1.72865 -36.7932 44.8338 -1.31398 -35.971 44.6502 -0.779108 
-35.25 44.4465 -0.123102 -34.6848 44.1663 0.651619 -34.1956 43.826 1.45342 
-33.7479 43.4304 2.25473 -33.2152 43.048 3.00477 -32.5003 42.7825 3.64821 
-31.5271 42.636 4.32634 -30.6845 42.3357 4.71964 -29.972 41.6567 4.81691 
-29.2687 40.9478 4.79567 -28.5287 40.2835 4.69251 -27.7699 39.6462 4.55945 
-26.9875 39.0408 4.41497 -26.1788 38.4708 4.27077 -25.3493 37.9347 4.11499 
-24.511 37.4185 3.94019 -23.6656 36.9192 3.75049 -22.8134 36.4338 3.55542 
-21.9458 35.9751 3.36408 -21.0606 35.5499 3.1761 -20.1551 35.1687 2.99048 
-19.2333 34.8251 2.81181 -18.295 34.5248 2.64164 -17.3438 34.2645 2.47746 
-16.3791 34.0527 2.32213 -15.4037 33.8867 2.17854 -14.6132 33.8174 2.08085 
-13.621 33.8474 1.98006 -12.635 33.9969 1.92012 -11.6579 34.2074 1.90943 
-10.6908 34.4598 1.93544 -9.73677 34.7542 1.98671 -8.79729 35.0892 2.05647 
-7.86976 35.4529 2.14129 -6.95255 35.8393 2.23758 -6.05032 36.2569 2.34472 
-5.16283 36.7023 2.46147 -4.29147 37.1755 2.591 -3.42395 37.6548 2.72397 
-2.55304 38.1301 2.84878 -1.68076 38.6082 2.95041 -0.832143 39.1285 3.03728 
-0.0496175 39.7401 3.14009 0.672185 40.4242 3.23814 1.35375 41.1533 3.29011 
1.973 41.9358 3.25067 2.5248 42.7583 3.12597 3.14193 43.3135 2.77023 
3.89962 43.3401 2.12552 4.60225 43.4382 1.42402 5.25504 43.634 0.693249 
5.8549 43.8825 -0.0669643 6.43017 44.1749 -0.830414 7.0253 44.5095 -1.56036 
7.68221 44.8423 -2.23557 8.41971 45.1563 -2.83228 -38.1238 44.4762 -0.784418 
-37.2794 44.1415 -0.371755 -36.4761 43.8926 0.165733 -35.763 43.6915 0.83219 
-35.1742 43.4543 1.60181 -34.7454 43.1089 2.43358 -34.3933 42.6582 3.25245 
-34.0787 42.1287 4.03938 -33.7682 41.5506 4.79364 -33.383 40.9473 5.48978 
-32.7915 40.4218 6.08185 -31.9932 40.0807 6.55841 -31.1061 40.0281 6.99148 
-30.2529 39.6555 7.13122 -29.4817 39.033 7.04026 -28.6768 38.4619 6.88074 
-27.8472 37.9357 6.69584 -27.0052 37.442 6.479 -26.1546 36.9727 6.24197 
-25.3021 36.5172 5.98607 -24.4538 36.0675 5.70669 -23.6043 35.6305 5.41119 
-22.7446 35.2139 5.11588 -21.8649 34.8321 4.83316 -20.9673 34.4821 4.56597 
-20.0523 34.1682 4.31253 -19.1248 33.8863 4.0675 -18.1845 33.6419 3.83124 
-17.2323 33.4351 3.60713 -16.2658 33.2773 3.4061 -15.2914 33.1499 3.22106 
-14.5051 33.0941 3.08788 -13.5175 33.1703 2.97288 -12.5367 33.3554 2.94973 
-11.562 33.5704 3.00675 -10.5934 33.7997 3.10111 -9.63448 34.0527 3.22781 
-8.68717 34.3342 3.37993 -7.75155 34.642 3.55225 -6.82679 34.9718 3.74147 
-5.91689 35.328 3.95361 -5.02131 35.7077 4.18505 -4.14036 36.1098 4.4343 
-3.26646 36.5235 4.68956 -2.39421 36.9494 4.92935 -1.52249 37.3933 5.13602 
-0.671368 37.8792 5.33285 0.149645 38.4142 5.53057 0.94098 39.0022 5.69529 
1.69905 39.6434 5.80585 2.43968 40.3058 5.79561 3.26116 40.7472 5.53482 
4.10419 40.8059 5.00174 4.90437 40.9639 4.43039 5.5922 41.3035 3.79778 
6.12406 41.7272 3.06853 6.61438 42.1017 2.2825 7.16599 42.4027 1.50672 
7.8474 42.6119 0.808066 8.62781 42.7562 0.204216 9.49225 42.8574 -0.285571 
10.3987 42.9756 -0.689558 11.1309 43.1539 -0.954298 -38.2014 45.2236 -2.49227 
-37.6514 45.1002 -2.28753 -36.7858 44.9208 -1.82429 -35.9707 44.7517 -1.27161 
-35.2365 44.5514 -0.625768 -34.606 44.2917 0.102697 -34.0658 43.9629 0.876632 
-33.5391 43.6129 1.65088 -32.8926 43.3067 2.34592 -32.1486 43.0912 2.97261 
-31.3336 42.9343 3.52269 -30.5497 42.499 3.89699 -29.8762 41.7713 4.00344 
-29.1963 41.0395 4.00109 -28.4937 40.3317 3.92779 -27.7868 39.6312 3.83066 
-27.0386 38.9769 3.73208 -26.2373 38.3862 3.63962 -25.403 37.846 3.53171 
-24.5598 37.325 3.39933 -23.7159 36.8113 3.24527 -22.8688 36.3057 3.08144 
-22.0083 35.8247 2.91396 -21.132 35.3732 2.74676 -20.2367 34.9608 2.57916 
-19.3261 34.5813 2.41637 -18.399 34.2424 2.25716 -17.4584 33.941 2.10204 
-16.5044 33.6795 1.95615 -15.5413 33.4453 1.82459 -14.564 33.2746 1.71026 
-13.5781 33.3064 1.59584 -12.6105 33.5401 1.51565 -11.6487 33.8108 1.48196 
-10.6936 34.1068 1.48198 -9.74932 34.4349 1.50222 -8.81933 34.8004 1.53608 
-7.90297 35.1978 1.58248 -6.99771 35.6188 1.63905 -6.10333 36.0616 1.70054 
-5.2244 36.5339 1.76579 -4.35843 37.0289 1.83632 -3.49694 37.5314 1.9089 
-2.62717 38.021 1.96968 -1.75089 38.5016 1.99966 -0.893281 39.015 2.01087 
-0.139964 39.6644 2.05559 0.523756 40.4086 2.12084 1.15288 41.1853 2.13537 
1.7624 41.9754 2.08316 2.31878 42.7928 1.94234 2.80964 43.6135 1.67047 
3.43013 44.0345 1.12043 4.15096 44.1012 0.431946 4.84185 44.2639 -0.271219 
5.49928 44.5301 -0.97369 6.07654 44.9539 -1.66855 6.62251 45.4688 -2.32817 
7.19614 46.0428 -2.91185 -38.2758 44.7122 -1.09279 -37.585 44.4309 -0.806409 
-36.7435 44.162 -0.343636 -35.9807 43.9608 0.267039 -35.323 43.7509 0.985716 
-34.8207 43.4642 1.79888 -34.4125 43.0882 2.62913 -34.0646 42.6095 3.43436 
-33.7003 42.0812 4.20057 -33.2322 41.5523 4.89963 -32.5514 41.1157 5.47684 
-31.7119 40.9049 5.96768 -30.8233 40.788 6.38659 -30.0182 40.2684 6.48232 
-29.262 39.6237 6.37903 -28.4718 39.0314 6.22496 -27.66 38.4773 6.04126 
-26.8334 37.954 5.83527 -25.9953 37.4526 5.62018 -25.1491 36.9724 5.38976 
-24.3027 36.5022 5.13992 -23.4539 36.0436 4.87671 -22.5956 35.6046 4.61154 
-21.7173 35.1999 4.35736 -20.8232 34.8262 4.11109 -19.9119 34.4895 3.87444 
-18.9858 34.187 3.64948 -18.0463 33.9224 3.43282 -17.094 33.6988 3.22608 
-16.1278 33.5224 3.03881 -15.1529 33.3796 2.86964 -14.3647 33.3181 2.75278 
-13.7698 33.3188 2.67633 -13.1772 33.3988 2.63112 -12.1981 33.5979 2.61657 
-11.225 33.8235 2.65703 -10.2593 34.0705 2.73539 -9.30448 34.3472 2.84197 
-8.36249 34.656 2.97277 -7.43119 34.9875 3.12299 -6.5121 35.3441 3.29011 
-5.60664 35.7271 3.47227 -4.71915 36.1418 3.6728 -3.84152 36.5723 3.88373 
-2.96682 37.008 4.09584 -2.08931 37.4459 4.29087 -1.21687 37.9057 4.45528 
-0.377227 38.4229 4.61526 0.415127 39.0094 4.78109 1.17797 39.641 4.91617 
1.90693 40.3209 4.97464 2.59836 41.0392 4.92045 3.37236 41.4663 4.58755 
4.18674 41.5308 4.01271 4.94841 41.7242 3.3996 5.63773 42.0126 2.73827 
6.19241 42.3353 1.97263 6.76397 42.6074 1.1996 7.40795 42.8134 0.465296 
8.13911 42.9579 -0.19972 8.95076 43.0644 -0.771335 9.82933 43.1661 -1.23507 
10.7623 43.3415 -1.54071 -37.3649 45.7982 -2.85328 -36.697 45.6727 -2.43455 
-35.9158 45.4668 -1.84607 -35.1947 45.2088 -1.2051 -34.5661 44.8791 -0.502842 
-34.0167 44.4998 0.240812 -33.4671 44.1338 0.991153 -32.8145 43.8366 1.68575 
-32.0617 43.6263 2.30516 -31.2568 43.4108 2.84676 -30.5055 42.9 3.20936 
-29.8477 42.1591 3.33343 -29.1821 41.4139 3.35872 -28.4981 40.6859 3.31517 
-27.8089 39.9649 3.24502 -27.0817 39.2834 3.17642 -26.2867 38.6812 3.11591 
-25.4549 38.1313 3.04311 -24.6141 37.599 2.94461 -23.773 37.0721 2.82326 
-22.9273 36.5555 2.68947 -22.0691 36.0615 2.55063 -21.1949 35.5972 2.40958 
-20.3011 35.1721 2.26779 -19.3918 34.7813 2.12592 -18.4655 34.4322 1.98461 
-17.5252 34.1216 1.84754 -16.5702 33.8556 1.71675 -15.6045 33.6265 1.59651 
-14.6236 33.473 1.49046 -13.6336 33.4948 1.38513 -12.6578 33.6898 1.30172 
-11.6924 33.9459 1.25628 -10.7342 34.2307 1.23501 -9.7879 34.5532 1.2324 
-8.85706 34.9183 1.24306 -7.93866 35.3131 1.26184 -7.03359 35.7374 1.2894 
-6.13853 36.182 1.32142 -5.26037 36.6588 1.35842 -4.39467 37.1575 1.39995 
-3.53434 37.6654 1.4433 -2.66802 38.1633 1.48143 -1.79526 38.651 1.4974 
-0.941482 39.1709 1.5034 -0.202456 39.8375 1.53569 0.442681 40.5993 1.57808 
1.05776 41.3874 1.57968 1.6505 42.1895 1.51865 2.17171 43.0255 1.35542 
2.60832 43.8894 1.11055 3.07624 44.4823 0.693736 3.93021 44.5997 -0.0990221 
4.64159 44.7805 -0.773495 5.29256 45.1296 -1.44192 5.8293 45.674 -2.07936 
6.29031 46.3545 -2.64546 -38.287 44.8294 -1.20645 -37.5958 44.5413 -0.930249 
-36.7486 44.2817 -0.471305 -35.9654 44.0752 0.110623 -35.3214 43.8563 0.840065 
-34.8101 43.5737 1.64889 -34.3976 43.199 2.47773 -34.0397 42.7361 3.28739 
-33.6639 42.221 4.05678 -33.1744 41.7096 4.75809 -32.462 41.3125 5.32538 
-31.6306 41.0828 5.82151 -30.7649 40.7965 6.16433 -29.993 40.1817 6.22359 
-29.2442 39.5271 6.12362 -28.4652 38.9156 5.9884 -27.6691 38.3353 5.81687 
-26.8531 37.789 5.62936 -26.0137 37.2831 5.43191 -25.1635 36.8043 5.21346 
-24.3145 36.3338 4.97305 -23.4646 35.874 4.71603 -22.6047 35.4342 4.45714 
-21.7285 35.0237 4.20547 -20.8335 34.6506 3.9611 -19.9242 34.3083 3.72513 
-19 34 3.5 -18.0648 33.7217 3.28143 -17.1145 33.4902 3.07452 
-16.153 33.2944 2.88214 -15.1827 33.1267 2.70818 -14.4004 33.0282 2.57742 
-13.6128 33.0703 2.46292 -12.6404 33.277 2.38736 -11.6751 33.537 2.39957 
-10.7125 33.8028 2.45058 -9.75834 34.0894 2.53543 -8.8153 34.4044 2.64085 
-7.88465 34.7476 2.76701 -6.96346 35.1094 2.90988 -6.05522 35.4963 3.0684 
-5.16179 35.912 3.23807 -4.28307 36.3538 3.41851 -3.40849 36.8022 3.60293 
-2.52998 37.2466 3.77793 -1.64541 37.6897 3.92256 -0.782033 38.1791 4.03706 
0.0113505 38.7694 4.17105 0.749353 39.4293 4.30926 1.46232 40.1235 4.4053 
2.12435 40.8708 4.41071 2.77555 41.6052 4.28349 3.55752 41.9582 3.84648 
4.34261 42.0359 3.23449 5.07455 42.233 2.58446 5.71838 42.4976 1.86895 
6.29834 42.7631 1.09909 6.90548 42.9871 0.337467 7.58033 43.157 -0.378685 
8.32311 43.291 -1.03403 9.14214 43.4145 -1.59112 10.0311 43.5547 -2.02151 
10.9805 43.7451 -2.25331 -38.2292 45.1285 -1.8441 -37.5104 44.8922 -1.58807 
-36.6406 44.6708 -1.15296 -35.8419 44.4926 -0.581725 -35.1485 44.2822 0.101585 
-34.6037 43.995 0.888286 -34.1265 43.6499 1.69545 -33.6769 43.251 2.49401 
-33.1069 42.8828 3.22156 -32.3774 42.6265 3.85013 -31.5565 42.4968 4.4022 
-30.7311 42.1684 4.77349 -30.0139 41.4861 4.87841 -29.3059 40.7817 4.84791 
-28.5682 40.1147 4.74836 -27.8107 39.4761 4.61384 -27.0315 38.8664 4.47001 
-26.2213 38.2982 4.32739 -25.3893 37.7651 4.1748 -24.5478 37.255 3.99743 
-23.7023 36.7572 3.80443 -22.8499 36.2734 3.60586 -21.9837 35.8141 3.40962 
-21.0996 35.389 3.21658 -20.1991 34.9997 3.02369 -19.2798 34.6523 2.83931 
-18.347 34.3392 2.66198 -17.3976 34.0756 2.49219 -16.4366 33.8514 2.33145 
-15.4642 33.6694 2.18643 -14.4796 33.5602 2.05865 -13.6866 33.5924 1.97113 
-12.7046 33.7598 1.90286 -11.7315 33.9883 1.88732 -10.7675 34.2523 1.91222 
-9.81413 34.5496 1.96065 -8.87551 34.8877 2.02801 -7.94741 35.251 2.10823 
-7.03156 35.6409 2.20341 -6.12625 36.0527 2.30664 -5.23758 36.4972 2.41833 
-4.36258 36.9659 2.53885 -3.49446 37.4459 2.66521 -2.62294 37.9212 2.78532 
-1.7461 38.3931 2.87578 -0.887034 38.8996 2.94536 -0.101744 39.509 3.03467 
0.616108 40.1974 3.1311 1.29047 40.9335 3.18259 1.92507 41.7046 3.16269 
2.49891 42.5136 3.04578 3.09289 43.2012 2.75744 3.85046 43.2772 2.11374 
4.56166 43.3704 1.41938 5.22133 43.5636 0.693868 5.83465 43.8018 -0.0587576 
6.42296 44.0822 -0.817002 7.03595 44.3905 -1.54389 7.71461 44.6924 -2.21201 
8.46539 44.9707 -2.80938 9.25497 45.2443 -3.35826 -37.351 45.6591 -2.34219 
-36.8245 45.5593 -2.07306 -36.0067 45.366 -1.53416 -35.2729 45.1261 -0.902125 
-34.677 44.8003 -0.170128 -34.1582 44.4261 0.597775 -33.6619 44.0404 1.37497 
-33.0816 43.6937 2.108 -32.3624 43.4438 2.75193 -31.5605 43.3237 3.33258 
-30.7536 43.0129 3.75686 -30.063 42.3174 3.92087 -29.3853 41.5833 3.94192 
-28.6753 40.8821 3.88871 -27.9486 40.2021 3.79295 -27.202 39.5458 3.68602 
-26.4068 38.9488 3.58359 -25.5839 38.3909 3.47726 -24.7499 37.8538 3.35163 
-23.9104 37.3297 3.20854 -23.0653 36.8185 3.0525 -22.2092 36.3269 2.89329 
-21.3371 35.8643 2.73443 -20.4444 35.4424 2.57778 -19.5331 35.0607 2.42414 
-18.6075 34.7146 2.27248 -17.664 34.4181 2.12515 -16.7097 34.1568 1.98083 
-15.7416 33.9491 1.84279 -14.5621 33.7967 1.6975 -13.5695 33.8033 1.59328 
-12.5847 33.9538 1.51724 -11.6095 34.1698 1.47639 -10.6468 34.4395 1.4735 
-9.69536 34.7463 1.48855 -8.76016 35.0987 1.5196 -7.83759 35.4819 1.56174 
-6.92698 35.8918 1.61376 -6.0284 36.3265 1.67214 -5.14687 36.7938 1.73731 
-4.27837 37.2842 1.80882 -3.4166 37.7859 1.88397 -2.55031 38.2806 1.95303 
-1.67787 38.7674 1.99457 -0.830233 39.2949 2.02625 -0.0869993 39.9576 2.08679 
0.585352 40.6945 2.14706 1.22731 41.4605 2.15898 1.83419 42.2514 2.09797 
2.36073 43.0838 1.93412 2.79384 43.9409 1.66301 3.46942 44.0288 1.08726 
4.18863 44.1016 0.397365 4.88088 44.2674 -0.303548 5.53458 44.5424 -1.00613 
6.10839 44.9724 -1.70034 6.65478 45.4893 -2.35811 7.23157 46.0625 -2.93945 
-38.2319 45.0002 -1.61433 -37.3469 44.6974 -1.26712 -36.4899 44.484 -0.802362 
-35.7185 44.2967 -0.200345 -35.0764 44.0699 0.527729 -34.5686 43.7728 1.33558 
-34.126 43.409 2.15359 -33.7014 42.9752 2.94728 -33.1757 42.5555 3.68351 
-32.4627 42.2389 4.30246 -31.6442 42.077 4.84487 -30.7882 41.8081 5.22548 
-30.0322 41.1846 5.34688 -29.3112 40.4948 5.28951 -28.5573 39.849 5.17502 
-27.7825 39.2348 5.02627 -26.991 38.6456 4.86424 -26.1745 38.0924 4.70007 
-25.3395 37.5706 4.52625 -24.4962 37.0717 4.32651 -23.6495 36.5845 4.11261 
-22.7941 36.1149 3.89439 -21.9241 35.6705 3.6813 -21.0355 35.2622 3.47323 
-20.1293 34.8924 3.26891 -19.2079 34.5574 3.07277 -18.2724 34.2595 2.88348 
-17.3207 34.0119 2.70323 -16.3582 33.8007 2.53419 -15.3831 33.6368 2.38611 
-14.3973 33.5397 2.25657 -13.6042 33.5838 2.17483 -12.8172 33.7125 2.12386 
-11.842 33.932 2.1162 -10.8743 34.1813 2.1498 -9.9179 34.4658 2.21354 
-8.97337 34.7833 2.29524 -8.0432 35.1358 2.39697 -7.12294 35.5095 2.51266 
-6.21542 35.9093 2.64038 -5.32325 36.3391 2.77876 -4.44583 36.7949 2.92793 
-3.57647 37.2635 3.08453 -2.70306 37.7274 3.2328 -1.82513 38.1885 3.36109 
-0.964176 38.6848 3.46703 -0.152569 39.2551 3.58519 0.586062 39.9168 3.70915 
1.28949 40.621 3.79718 1.93485 41.383 3.79919 2.52465 42.1841 3.7116 
3.24374 42.6197 3.31594 4.01978 42.7126 2.70156 4.73643 42.8369 2.01769 
5.39733 43.0326 1.29425 6.00224 43.2645 0.532743 6.60886 43.4959 -0.227552 
7.25548 43.7114 -0.959124 7.95919 43.9097 -1.63949 8.7355 44.0886 -2.24258 
9.56708 44.268 -2.76613 10.2745 44.4077 -3.11048 -38.1348 44.9723 -1.60302 
-37.249 44.6762 -1.25385 -36.3988 44.4702 -0.773255 -35.6385 44.2863 -0.155375 
-35.0062 44.0543 0.578983 -34.5036 43.7493 1.38712 -34.0714 43.3735 2.20526 
-33.6433 42.9427 2.99852 -33.0931 42.5377 3.72131 -32.3518 42.25 4.32384 
-31.5235 42.0955 4.85536 -30.6811 41.7732 5.20085 -29.9439 41.1124 5.28857 
-29.22 40.4262 5.22951 -28.4624 39.7853 5.10909 -27.688 39.1707 4.95984 
-26.8956 38.5822 4.79982 -26.0767 38.0321 4.63765 -25.2404 37.5123 4.46363 
-24.3965 37.0145 4.26396 -23.5492 36.5277 4.05133 -22.6929 36.059 3.835 
-21.821 35.6169 3.62458 -20.9315 35.2102 3.41737 -20.0246 34.8414 3.21442 
-19.102 34.5087 3.02001 -18.1646 34.216 2.83271 -17.2115 33.9721 2.65462 
-16.2477 33.7637 2.48851 -15.2718 33.6031 2.34307 -14.4834 33.5208 2.2392 
-13.6907 33.5565 2.15501 -12.7081 33.7239 2.09179 -11.7341 33.9487 2.08573 
-10.7685 34.2053 2.12373 -9.81365 34.4948 2.18695 -8.87127 34.8188 2.26847 
-7.94366 35.1779 2.37087 -7.02469 35.5553 2.48466 -6.11922 35.9603 2.6105 
-5.2292 36.3951 2.74654 -4.35541 36.858 2.89527 -3.4858 37.3277 3.04769 
-2.61145 37.792 3.18827 -1.73456 38.2588 3.30218 -0.884668 38.7741 3.40409 
-0.096756 39.3758 3.52628 0.637853 40.0429 3.64541 1.33397 40.7556 3.72313 
1.97286 41.5226 3.71503 2.55495 42.3281 3.61656 3.27134 42.7033 3.20081 
4.04208 42.7825 2.57405 4.75705 42.9017 1.88704 5.41926 43.092 1.16355 
6.02286 43.3254 0.401299 6.63376 43.5566 -0.355663 7.28348 43.7765 -1.08283 
7.99699 43.977 -1.75241 8.77557 44.1612 -2.35105 9.60833 44.3438 -2.87169 
10.3151 44.4848 -3.21737 -38.4089 44.8317 -1.08545 -37.7239 44.5256 -0.810982 
-36.8778 44.2304 -0.372984 -36.102 44.0146 0.215172 -35.4327 43.8061 0.924541 
-34.9205 43.5242 1.7323 -34.5107 43.1558 2.56544 -34.1689 42.6811 3.37562 
-33.8373 42.1488 4.15395 -33.4411 41.5872 4.87779 -32.843 41.0893 5.49218 
-32.0412 40.8015 5.99932 -31.1623 40.7055 6.45741 -30.2964 40.479 6.71668 
-29.5289 39.8578 6.65031 -28.7489 39.2518 6.49916 -27.9383 38.6945 6.32041 
-27.1114 38.1719 6.1131 -26.2761 37.6693 5.89046 -25.4323 37.1878 5.65387 
-24.5879 36.7169 5.39848 -23.7413 36.2584 5.12853 -22.8869 35.8163 4.85549 
-22.0134 35.4073 4.59212 -21.1216 35.0313 4.34143 -20.2099 34.6967 4.10343 
-19.2857 34.3914 3.87429 -18.3473 34.1243 3.65586 -17.3973 33.8952 3.44481 
-16.4327 33.7159 3.25245 -15.4577 33.5755 3.08137 -14.4721 33.4971 2.93859 
-13.6778 33.5014 2.84738 -12.8864 33.6074 2.81005 -11.9033 33.7873 2.81907 
-10.9279 33.9982 2.88102 -9.96155 34.236 2.97709 -9.00714 34.5061 3.10251 
-8.06481 34.8062 3.24996 -7.13425 35.1319 3.41687 -6.21589 35.4823 3.60012 
-5.31381 35.8623 3.804 -4.42639 36.2661 4.02602 -3.54892 36.6861 4.2576 
-2.67623 37.1162 4.48855 -1.80262 37.557 4.69422 -0.940257 38.0279 4.87889 
-0.110864 38.5549 5.06233 0.690611 39.1266 5.23561 1.45412 39.7587 5.36162 
2.18292 40.4397 5.40497 2.93222 41.0476 5.23757 3.77021 41.2183 4.77507 
4.56807 41.303 4.18496 5.31557 41.5548 3.57551 5.90207 41.9224 2.85703 
6.42142 42.2742 2.07905 6.99087 42.5502 1.306 7.63941 42.7641 0.578434 
8.40106 42.9041 -0.0517059 9.23721 43.0078 -0.588228 10.1417 43.1277 -0.992714 
11.0704 43.3368 -1.29175 -37.1917 46.1749 -3.20877 -36.5835 45.9897 -2.72418 
-35.8524 45.7153 -2.09961 -35.1488 45.415 -1.45603 -34.526 45.0539 -0.76373 
-33.9659 44.6544 -0.038431 -33.3978 44.2834 0.695285 -32.7455 43.9851 1.38893 
-31.9877 43.7838 2.00593 -31.1902 43.5506 2.55407 -30.4815 42.944 2.86785 
-29.8299 42.2022 3.01564 -29.1724 41.4503 3.04714 -28.5093 40.7026 3.02097 
-27.8476 39.9549 2.96689 -27.1554 39.2359 2.9189 -26.3709 38.6185 2.88556 
-25.5426 38.061 2.83837 -24.701 37.5266 2.76056 -23.8602 36.9951 2.6585 
-23.0163 36.4721 2.53909 -22.1627 35.9675 2.41141 -21.2931 35.4918 2.27918 
-20.4074 35.0477 2.14445 -19.504 34.6413 2.00887 -18.5859 34.2693 1.87303 
-17.6519 33.9377 1.7418 -16.7041 33.644 1.6186 -15.7475 33.374 1.50918 
-14.5858 33.1 1.40269 -13.604 33.1212 1.29111 -12.6447 33.3792 1.19315 
-11.6924 33.6796 1.14288 -10.7447 33.9979 1.12008 -9.8074 34.346 1.11364 
-8.88367 34.7286 1.1161 -7.97353 35.1425 1.12616 -7.07427 35.5795 1.14241 
-6.18645 36.0391 1.16237 -5.31418 36.5274 1.18604 -4.45309 37.0351 1.21313 
-3.595 37.5478 1.24013 -2.72946 38.0481 1.26239 -1.85567 38.5342 1.26358 
-1.00275 39.0551 1.2535 -0.266212 39.7238 1.27006 0.362742 40.4991 1.30322 
0.961429 41.3 1.29907 1.54687 42.108 1.24083 2.0792 42.9397 1.09101 
2.53689 43.7966 0.861988 2.95538 44.5723 0.473384 3.63785 44.7795 -0.161436 
4.36757 44.9302 -0.825986 5.04418 45.2567 -1.47806 5.59807 45.8078 -2.09559 
6.06007 46.4967 -2.64947 -37.4009 45.6168 -2.50093 -36.8783 45.5175 -2.22495 
-36.0686 45.3283 -1.67091 -35.3236 45.1009 -1.04653 -34.6983 44.794 -0.330807 
-34.1566 44.4314 0.426151 -33.6355 44.0603 1.19432 -33.0381 43.7278 1.92093 
-32.3117 43.49 2.56029 -31.506 43.3605 3.13532 -30.7028 43.041 3.57217 
-30.0175 42.3536 3.74281 -29.3419 41.6174 3.76535 -28.6378 40.9099 3.7171 
-27.9172 40.2226 3.62781 -27.1744 39.5607 3.52914 -26.3792 38.9622 3.43606 
-25.5553 38.4043 3.33817 -24.7197 37.8682 3.2191 -23.8794 37.3437 3.0822 
-23.0318 36.8349 2.93164 -22.1731 36.3454 2.78031 -21.3005 35.8815 2.62853 
-20.4072 35.4583 2.47855 -19.4957 35.0749 2.3308 -18.5699 34.7271 2.18389 
-17.6266 34.4279 2.0405 -16.6723 34.1649 1.90033 -15.7029 33.9603 1.767 
-14.7208 33.8204 1.64687 -13.7282 33.8169 1.54248 -12.7409 33.9404 1.45804 
-11.7649 34.1515 1.41077 -10.7994 34.4102 1.39546 -9.84806 34.7176 1.40448 
-8.91001 35.063 1.42632 -7.98644 35.4446 1.46003 -7.07446 35.8524 1.50275 
-6.17512 36.2866 1.55245 -5.29101 36.7503 1.60827 -4.42271 37.2422 1.67117 
-3.56158 37.7461 1.73817 -2.69616 38.2432 1.80063 -1.82589 38.7337 1.84446 
-0.976796 39.2593 1.87311 -0.210201 39.8954 1.92051 0.465879 40.6288 1.97926 
1.10887 41.3941 1.99832 1.71562 42.1854 1.93948 2.257 43.012 1.79546 
2.68398 43.8771 1.54098 3.28732 44.223 1.03293 4.0112 44.2735 0.349505 
4.71275 44.4219 -0.345486 5.37166 44.708 -1.03784 5.9452 45.1488 -1.72397 
6.45172 45.7294 -2.35896 -38.3128 44.9355 -1.22596 -37.6199 44.6414 -0.958738 
-36.7656 44.3683 -0.521952 -35.9808 44.1636 0.0575905 -35.3123 43.9513 0.764767 
-34.8162 43.6601 1.58117 -34.398 43.2902 2.40934 -34.0401 42.8276 3.21927 
-33.6675 42.3165 3.99298 -33.1764 41.8127 4.69531 -32.4683 41.4189 5.26992 
-31.6253 41.2275 5.76506 -30.7531 40.9804 6.13236 -29.9911 40.3429 6.17152 
-29.2441 39.6855 6.0818 -28.4595 39.0829 5.93888 -27.6601 38.508 5.7647 
-26.8441 37.9628 5.57368 -26.0079 37.452 5.37516 -25.1599 36.9688 5.15767 
-24.3123 36.4951 4.9188 -23.4622 36.0331 4.66587 -22.6017 35.5915 4.41222 
-21.7242 35.18 4.16654 -20.8288 34.8055 3.9266 -19.9163 34.4667 3.69762 
-18.9909 34.1581 3.47806 -18.0497 33.895 3.26722 -17.096 33.6716 3.06675 
-16.129 33.4926 2.88598 -15.1537 33.3448 2.72309 -14.3656 33.2787 2.60792 
-13.7714 33.3098 2.54004 -13.181 33.4021 2.49753 -12.205 33.6179 2.4847 
-11.2336 33.8516 2.52307 -10.2715 34.1119 2.60164 -9.31899 34.3985 2.70336 
-8.38016 34.7189 2.82863 -7.45211 35.0618 2.97356 -6.53643 35.4297 3.13486 
-5.63435 35.8242 3.30907 -4.75017 36.2503 3.50017 -3.87376 36.6888 3.69908 
-2.99979 37.1317 3.89917 -2.12313 37.5747 4.0865 -1.24924 38.0346 4.24299 
-0.409981 38.5546 4.39451 0.377328 39.1491 4.55573 1.12932 39.7943 4.68713 
1.84566 40.4867 4.74966 2.51326 41.2269 4.70356 3.28761 41.66 4.35036 
4.09809 41.7536 3.78308 4.85568 41.9236 3.15731 5.5368 42.1875 2.47828 
6.11137 42.4838 1.7161 6.69142 42.7417 0.943965 7.33274 42.9418 0.204872 
8.05469 43.085 -0.470303 8.85205 43.1982 -1.06134 9.72103 43.3158 -1.5361 
10.6536 43.4802 -1.84706 -38.1321 44.7839 -0.847885 -37.4552 44.4686 -0.565321 
-36.6315 44.1932 -0.0751751 -35.8823 43.9785 0.54636 -35.2756 43.7426 1.30124 
-34.8147 43.4236 2.12602 -34.4519 42.9928 2.95057 -34.1346 42.4837 3.75021 
-33.8249 41.9151 4.51184 -33.4715 41.3189 5.2318 -32.9181 40.7778 5.84848 
-32.1523 40.4061 6.35571 -31.2705 40.3384 6.8032 -30.2194 40.0484 7.06858 
-29.4409 39.4406 6.98057 -28.6364 38.8721 6.81073 -27.8073 38.3489 6.61465 
-26.9655 37.8575 6.39192 -26.1202 37.3809 6.15075 -25.2735 36.9163 5.89182 
-24.4286 36.4582 5.61543 -23.5791 36.0157 5.3285 -22.7159 35.5981 5.04484 
-21.8331 35.214 4.77513 -20.93 34.8679 4.52198 -20.0098 34.5579 4.28326 
-19.0775 34.2792 4.05338 -18.1319 34.0417 3.83171 -17.1747 33.8435 3.62177 
-16.2043 33.6918 3.43521 -15.224 33.5791 3.27379 -14.432 33.5406 3.17117 
-13.6365 33.5749 3.10343 -12.6461 33.7031 3.08336 -11.6624 33.8755 3.12861 
-10.6879 34.0784 3.22112 -9.72371 34.3106 3.34822 -8.77149 34.5743 3.50126 
-7.83012 34.864 3.67368 -6.90218 35.1823 3.86726 -5.98726 35.5246 4.08048 
-5.08855 35.8943 4.31582 -4.20416 36.2861 4.56916 -3.33237 36.698 4.83413 
-2.4662 37.125 5.09354 -1.60168 37.5706 5.32566 -0.750977 38.0471 5.54675 
0.0776467 38.5654 5.75715 0.882928 39.1296 5.9364 1.64002 39.7713 6.04785 
2.38125 40.4358 6.0254 3.24223 40.6572 5.64193 4.08724 40.7278 5.11409 
4.8874 40.8942 4.54238 5.60573 41.2141 3.93096 6.11918 41.6516 3.19622 
6.59921 42.0451 2.41324 7.14153 42.3542 1.63422 7.80456 42.5787 0.924085 
8.58138 42.7299 0.317103 9.43859 42.8337 -0.184751 10.3455 42.9536 -0.586962 
11.2583 43.1669 -0.928261 -38.163 44.8309 -1.43725 -37.2833 44.5271 -1.07908 
-36.4336 44.3119 -0.601742 -35.6835 44.1262 0.0287731 -35.0644 43.8958 0.774761 
-34.5691 43.5941 1.58849 -34.1445 43.2171 2.41009 -33.7382 42.7677 3.20486 
-33.2327 42.3231 3.9385 -32.5124 41.9859 4.53962 -31.6871 41.8047 5.06575 
-30.8322 41.5166 5.44905 -30.0697 40.9033 5.56915 -29.3492 40.2136 5.51143 
-28.594 39.5697 5.39215 -27.8205 38.9545 5.24086 -27.0299 38.365 5.07614 
-26.2053 37.825 4.90887 -25.3639 37.315 4.73034 -24.5174 36.826 4.52012 
-23.6698 36.3452 4.29569 -22.8174 35.8761 4.06473 -21.9527 35.4286 3.83757 
-21.0684 35.0186 3.61474 -20.1686 34.6413 3.39598 -19.2519 34.301 3.18741 
-18.3222 33.9939 2.98464 -17.3776 33.7306 2.78973 -16.4198 33.5065 2.61017 
-15.4523 33.3127 2.44871 -14.476 33.1602 2.30161 -13.6866 33.1576 2.19367 
-12.7153 33.3732 2.11404 -11.751 33.6362 2.09717 -10.7904 33.9117 2.13146 
-9.83682 34.2062 2.1918 -8.8966 34.5362 2.27406 -7.96884 34.8957 2.37312 
-7.05189 35.2774 2.48871 -6.14541 35.6801 2.61537 -5.25474 36.1138 2.75086 
-4.3785 36.5738 2.89394 -3.50907 37.0452 3.04181 -2.63366 37.508 3.18054 
-1.74875 37.9615 3.28596 -0.876593 38.4436 3.36428 -0.0856159 39.0431 3.46383 
0.630566 39.7308 3.57546 1.30768 40.4624 3.64537 1.95113 41.2271 3.64897 
2.54651 42.0212 3.54376 3.19782 42.6485 3.24247 3.97065 42.7437 2.61755 
4.69286 42.8526 1.93678 5.36102 43.0444 1.21876 5.97381 43.2729 0.462681 
6.58811 43.5005 -0.292586 7.23384 43.7172 -1.02458 7.94894 43.9122 -1.69402 
8.72164 44.0917 -2.30176 9.55194 44.2711 -2.82801 10.4326 44.4456 -3.26499 
-38.3532 45.2781 -2.04876 -37.7995 45.1059 -1.89631 -36.9172 44.8797 -1.49095 
-36.0829 44.696 -0.974029 -35.3396 44.502 -0.338205 -34.7293 44.2407 0.405529 
-34.2188 43.9103 1.19801 -33.7473 43.5333 1.99492 -33.1929 43.1706 2.73899 
-32.4846 42.9099 3.38949 -31.6811 42.781 3.96534 -30.8333 42.561 4.42027 
-30.1043 41.929 4.58259 -29.4169 41.2039 4.58811 -28.6929 40.5196 4.5071 
-27.9471 39.8646 4.38768 -27.1804 39.2371 4.25347 -26.3819 38.6504 4.12067 
-25.5557 38.1047 3.98214 -24.7192 37.5808 3.82151 -23.8755 37.074 3.64468 
-23.0257 36.5806 3.45966 -22.1633 36.1092 3.27538 -21.2849 35.6675 3.09345 
-20.3861 35.2687 2.91275 -19.471 34.9058 2.73754 -18.5385 34.5864 2.57018 
-17.5918 34.3086 2.40866 -16.6316 34.0771 2.25379 -15.6595 33.8938 2.10906 
-14.6746 33.7848 1.98312 -13.6822 33.804 1.87822 -12.6967 33.952 1.81231 
-11.7201 34.1653 1.79352 -10.7539 34.4215 1.81006 -9.79963 34.7169 1.85109 
-8.86016 35.0539 1.9097 -7.93373 35.4228 1.9834 -7.01875 35.8168 2.06984 
-6.1126 36.2294 2.16214 -5.2242 36.6769 2.26344 -4.3497 37.1491 2.37361 
-3.48304 37.6342 2.49006 -2.61337 38.1152 2.60054 -1.74 38.5948 2.68433 
-0.886624 39.1107 2.75364 -0.10997 39.7311 2.84189 0.605576 40.4228 2.93394 
1.27913 41.1599 2.97809 1.90942 41.9342 2.94611 2.46168 42.7553 2.81396 
3.06475 43.401 2.46987 3.80927 43.5126 1.82888 4.51985 43.6044 1.13304 
5.1768 43.7976 0.405207 5.79467 44.0363 -0.343508 6.37523 44.3556 -1.09167 
6.97656 44.7209 -1.8017 7.62198 45.0982 -2.46416 -38.2509 45.3766 -1.57461 
-37.3702 45.014 -1.27951 -36.5031 44.767 -0.854663 -35.7129 44.5727 -0.279507 
-35.0761 44.3307 0.444901 -34.5802 44.0151 1.25236 -34.1569 43.6312 2.07207 
-33.7623 43.1811 2.87249 -33.2836 42.7405 3.629 -32.6006 42.4094 4.27243 
-31.7928 42.2636 4.82946 -30.9108 42.1745 5.27113 -30.1314 41.6676 5.44455 
-29.4181 40.9696 5.4059 -28.6685 40.3186 5.29113 -27.8842 39.7184 5.13552 
-27.0905 39.1345 4.96523 -26.2832 38.5716 4.78817 -25.4603 38.0338 4.6057 
-24.6259 37.5196 4.40726 -23.7832 37.0246 4.19605 -22.9303 36.5497 3.97918 
-22.0626 36.1 3.76778 -21.1761 35.685 3.5645 -20.2696 35.3117 3.3682 
-19.3473 34.9754 3.17808 -18.4109 34.6766 2.99514 -17.4589 34.4263 2.82056 
-16.4949 34.2184 2.65529 -15.5187 34.0622 2.50808 -14.5311 33.9744 2.38405 
-13.7355 33.9785 2.30621 -12.7435 34.0807 2.24441 -11.7589 34.2517 2.23143 
-10.7854 34.4765 2.26872 -9.82242 34.7376 2.33325 -8.87333 35.0399 2.41969 
-7.93661 35.3738 2.52356 -7.01184 35.7348 2.64331 -6.09808 36.1191 2.77421 
-5.20496 36.5436 2.92203 -4.32592 36.9927 3.08187 -3.45468 37.4544 3.24848 
-2.5825 37.916 3.41023 -1.71014 38.3846 3.54857 -0.857139 38.8908 3.6733 
-0.0555102 39.4707 3.81076 0.696858 40.1152 3.9449 1.40451 40.8153 4.02732 
2.04468 41.5811 4.02543 2.63627 42.3131 3.89649 3.54535 42.5248 3.31974 
4.30621 42.5821 2.67527 5.00974 42.7588 1.98859 5.64392 42.9842 1.25028 
6.22909 43.2254 0.476341 6.84375 43.4463 -0.280355 7.5086 43.6431 -1.0001 
8.24012 43.8176 -1.65748 9.03897 43.9834 -2.23482 9.89416 44.1524 -2.72182 
10.822 44.3241 -3.04211 -38.0723 45.0757 -1.60128 -37.1894 44.7809 -1.24221 
-36.3401 44.5714 -0.761923 -35.5866 44.3803 -0.138335 -34.9669 44.1378 0.603191 
-34.4765 43.8208 1.4142 -34.0538 43.4338 2.23229 -33.6299 42.9962 3.0241 
-33.0823 42.5902 3.74798 -32.3399 42.3112 4.35264 -31.5078 42.1753 4.8826 
-30.6584 41.8781 5.22981 -29.9183 41.2222 5.31722 -29.1907 40.5407 5.24658 
-28.4318 39.9018 5.12465 -27.6508 39.2971 4.9688 -26.8537 38.716 4.80508 
-26.0357 38.1661 4.63747 -25.2024 37.6432 4.45844 -24.3602 37.143 4.25745 
-23.5128 36.6565 4.04479 -22.6555 36.1889 3.83016 -21.7822 35.7485 3.62205 
-20.8912 35.3427 3.4192 -19.9845 34.9717 3.21943 -19.0611 34.6396 3.02765 
-18.1237 34.3448 2.84308 -17.1708 34.0991 2.66699 -16.2073 33.8902 2.50028 
-15.2314 33.731 2.35308 -14.4425 33.6533 2.25065 -13.6484 33.6754 2.16665 
-12.6618 33.8119 2.09695 -11.6851 34.0249 2.08711 -10.7164 34.2704 2.1158 
-9.76027 34.5564 2.177 -8.8167 34.8776 2.25575 -7.8857 35.2296 2.35139 
-6.96602 35.6061 2.46224 -6.05901 36.0089 2.5844 -5.16744 36.4417 2.71654 
-4.2927 36.9042 2.86107 -3.42314 37.3749 3.01029 -2.54912 37.8403 3.14942 
-1.67202 38.3062 3.26547 -0.816747 38.8146 3.36104 -0.023626 39.4097 3.47621 
0.702105 40.0874 3.58932 1.38986 40.809 3.65872 2.02749 41.5775 3.64398 
2.61179 42.3786 3.52996 3.32765 42.72 3.08357 4.09135 42.8035 2.44594 
4.80096 42.93 1.75469 5.46189 43.1224 1.03017 6.06889 43.3557 0.270622 
6.68838 43.5848 -0.479878 7.34416 43.8047 -1.20147 8.06653 44.0026 -1.8623 
8.84976 44.1873 -2.45473 9.68377 44.3706 -2.97382 -38.1411 44.9077 -0.829406 
-37.3003 44.5098 -0.473443 -36.48 44.2351 0.0218066 -35.7621 44.0206 0.678551 
-35.1873 43.7674 1.4537 -34.7597 43.4193 2.28523 -34.406 42.9756 3.10689 
-34.1014 42.4462 3.89824 -33.8022 41.8677 4.65675 -33.4575 41.2581 5.36965 
-32.9478 40.6885 5.99999 -32.2005 40.2925 6.511 -31.3289 40.235 6.96412 
-30.4462 40.3841 7.34347 -29.6522 39.969 7.35636 -28.8822 39.3597 7.17108 
-28.0623 38.8287 6.96098 -27.2216 38.3406 6.72682 -26.3791 37.8676 6.46923 
-25.5382 37.4003 6.1964 -24.6978 36.9395 5.91083 -23.852 36.4934 5.61871 
-22.994 36.0687 5.33003 -22.1143 35.6802 5.05664 -21.2126 35.3301 4.80384 
-20.2884 35.0264 4.57333 -19.3516 34.7535 4.35483 -18.4032 34.5167 4.14447 
-17.445 34.3162 3.94124 -16.4743 34.1617 3.75843 -15.4926 34.0495 3.60637 
-14.4999 34.002 3.50132 -13.5027 34.0046 3.43101 -12.5067 34.0828 3.42256 
-11.5171 34.213 3.47589 -10.5387 34.3878 3.58308 -9.57047 34.5945 3.72339 
-8.61417 34.8339 3.89027 -7.66803 35.0993 4.07528 -6.73414 35.3935 4.27792 
-5.81326 35.7133 4.50004 -4.91249 36.0672 4.75138 -4.02812 36.4453 5.02468 
-3.1596 36.8485 5.31271 -2.29852 37.2699 5.59715 -1.44214 37.7122 5.8632 
-0.59392 38.1778 6.11514 0.241024 38.6778 6.34422 1.05596 39.2214 6.54272 
1.80684 39.8672 6.66613 2.61617 40.3084 6.54082 3.50761 40.3188 6.09874 
4.36265 40.3535 5.58583 5.15929 40.587 5.03322 5.87099 41.1111 4.24532 
6.28575 41.6112 3.48724 6.71215 42.0323 2.68797 7.20669 42.3769 1.89159 
7.85908 42.623 1.17992 8.6295 42.8001 0.571968 9.486 42.9327 0.0754077 
10.3819 43.0757 -0.343113 11.1046 43.2718 -0.622465 -38.3284 45.1022 -1.37227 
-37.6321 44.7984 -1.12722 -36.7664 44.5317 -0.71042 -35.9721 44.3295 -0.144126 
-35.2923 44.1165 0.553822 -34.778 43.8324 1.36045 -34.3473 43.4737 2.18702 
-33.9775 43.0239 2.99884 -33.5843 42.5349 3.77646 -33.0272 42.082 4.4642 
-32.2902 41.7636 5.04619 -31.4281 41.6405 5.53648 -30.5646 41.3318 5.86823 
-29.8181 40.6813 5.88032 -29.0723 40.0234 5.78495 -28.2906 39.4179 5.63759 
-27.4914 38.8436 5.46091 -26.6776 38.2939 5.27251 -25.8466 37.7725 5.07919 
-25.0065 37.2739 4.86603 -24.1623 36.7903 4.63505 -23.3128 36.3199 4.3961 
-22.45 35.8733 4.15965 -21.5672 35.4625 3.93274 -20.6675 35.0867 3.71125 
-19.7496 34.751 3.50027 -18.82 34.4433 3.29778 -17.8764 34.1771 3.10197 
-16.921 33.9515 2.91252 -15.9522 33.7722 2.74209 -14.9728 33.6372 2.59405 
-14.3797 33.5946 2.51773 -13.7839 33.5993 2.45332 -12.9924 33.6956 2.39785 
-12.0111 33.8847 2.38382 -11.036 34.104 2.41273 -10.073 34.3631 2.48365 
-9.12079 34.6535 2.57666 -8.18275 34.98 2.69191 -7.25535 35.3296 2.82436 
-6.34019 35.7045 2.97176 -5.44009 36.109 3.13263 -4.55747 36.5453 3.30731 
-3.68365 36.9957 3.49053 -2.81014 37.4476 3.67139 -1.93253 37.8989 3.83234 
-1.06496 38.376 3.97034 -0.241738 38.9241 4.11098 0.525518 39.5468 4.26038 
1.2575 40.2178 4.37325 1.92914 40.9563 4.39567 2.55754 41.7265 4.31388 
3.28648 42.1442 3.9632 4.08154 42.1595 3.35902 4.82753 42.2962 2.71123 
5.50323 42.5386 2.01735 6.08606 42.8056 1.25062 6.66807 43.0482 0.475132 
7.31473 43.2378 -0.262661 8.03214 43.389 -0.941433 8.82468 43.5219 -1.53415 
9.68303 43.6627 -2.02416 10.6098 43.8316 -2.34436 -38.3592 45.3262 -2.12222 
-37.8045 45.1623 -1.96505 -36.918 44.9372 -1.56742 -36.0842 44.7537 -1.04943 
-35.3375 44.5586 -0.417825 -34.7229 44.2957 0.321655 -34.2078 43.9641 1.11077 
-33.7289 43.5901 1.90471 -33.1668 43.2336 2.64609 -32.4504 42.99 3.29323 
-31.6366 42.9201 3.86701 -30.7896 42.7039 4.3188 -30.0655 42.0641 4.48363 
-29.3794 41.3382 4.49334 -28.6537 40.6556 4.41303 -27.9088 39.9987 4.29768 
-27.1406 39.3727 4.16561 -26.3405 38.7876 4.03504 -25.5165 38.2375 3.90014 
-24.6821 37.7091 3.74428 -23.839 37.1998 3.57178 -22.9897 36.7038 3.39124 
-22.1278 36.2296 3.21215 -21.2522 35.7804 3.0349 -20.3555 35.3745 2.85965 
-19.441 35.0076 2.68948 -18.51 34.6825 2.52551 -17.5638 34.4008 2.36744 
-16.6042 34.1647 2.21539 -15.6343 33.9703 2.06967 -14.6512 33.8479 1.9409 
-13.6589 33.841 1.8332 -12.6721 33.9799 1.75969 -11.6933 34.179 1.72448 
-10.7266 34.4341 1.73474 -9.77089 34.726 1.76639 -8.83122 35.0638 1.81728 
-7.90452 35.4336 1.88223 -6.99008 35.8306 1.95978 -6.08647 36.2504 2.04436 
-5.20003 36.7036 2.1367 -4.32716 37.1811 2.23705 -3.46186 37.6709 2.34321 
-2.593 38.1557 2.44331 -1.71978 38.6372 2.51638 -0.864178 39.1508 2.57644 
-0.0947024 39.7806 2.65753 0.606236 40.4882 2.73902 1.27106 41.2336 2.77542 
1.89523 42.0125 2.73498 2.43877 42.8377 2.5932 2.97652 43.6062 2.28671 
3.696 43.6903 1.66875 4.40948 43.7509 0.971659 5.07552 43.9301 0.24842 
5.70009 44.1763 -0.491067 6.2727 44.529 -1.22991 6.84998 44.9458 -1.93147 
7.33207 45.3008 -2.46104 -38.4844 45.4408 -2.53014 -37.7452 45.248 -2.29925 
-36.8634 45.0601 -1.87287 -36.0499 44.8828 -1.32029 -35.3026 44.6807 -0.689597 
-34.6835 44.4082 0.0437788 -34.1406 44.0804 0.816158 -33.6275 43.7202 1.59496 
-33.0185 43.3934 2.31301 -32.2839 43.1644 2.94618 -31.4772 43.0536 3.52318 
-30.6748 42.6784 3.9191 -29.9879 41.982 4.06042 -29.3074 41.2508 4.06689 
-28.5972 40.5507 3.99834 -27.8774 39.864 3.89759 -27.1312 39.2077 3.79034 
-26.3297 38.6189 3.68871 -25.5023 38.0687 3.57788 -24.6638 37.5407 3.44434 
-23.8216 37.0228 3.29418 -22.9754 36.5159 3.13006 -22.1205 36.0248 2.96299 
-21.2469 35.5683 2.79579 -20.3551 35.1479 2.62934 -19.4456 34.7659 2.46614 
-18.5214 34.4194 2.30699 -17.5811 34.1169 2.15223 -16.6293 33.8499 2.00119 
-15.6656 33.6229 1.86217 -14.6899 33.4451 1.73992 -13.7001 33.4304 1.6271 
-12.721 33.5959 1.53568 -11.7551 33.8511 1.49586 -10.7951 34.1307 1.487 
-9.84742 34.4487 1.50401 -8.91256 34.802 1.53425 -7.99111 35.188 1.57636 
-7.08189 35.6007 1.6297 -6.18429 36.0373 1.68962 -5.30071 36.5009 1.75306 
-4.43234 36.992 1.82172 -3.57073 37.4944 1.89422 -2.70354 37.9879 1.95986 
-1.82747 38.4678 2.00415 -0.965916 38.9744 2.01865 -0.19284 39.5992 2.05622 
0.468744 40.3454 2.12083 1.10161 41.119 2.14478 1.71247 41.9082 2.0947 
2.27787 42.7215 1.96591 2.78314 43.5161 1.69552 3.43589 43.8874 1.13141 
4.15383 43.996 0.444318 4.85386 44.1418 -0.253559 5.52013 44.3949 -0.952633 
6.12973 44.7696 -1.64901 6.72169 45.2351 -2.30624 7.34751 45.7238 -2.91349 
-38.0356 44.6096 -0.820073 -37.3558 44.3262 -0.510866 -36.5427 44.068 0.00593956 
-35.8109 43.8661 0.653134 -35.2173 43.6279 1.41779 -34.7606 43.306 2.24357 
-34.3988 42.8718 3.06652 -34.0798 42.3575 3.86193 -33.7594 41.7845 4.61588 
-33.377 41.1926 5.3238 -32.7522 40.6938 5.90675 -31.9479 40.3702 6.39116 
-31.0555 40.2539 6.80418 -30.2211 39.8036 6.92348 -29.4607 39.1639 6.8233 
-28.6698 38.5712 6.67405 -27.8501 38.0287 6.4927 -27.0156 37.5187 6.2844 
-26.1679 37.039 6.05827 -25.3151 36.5764 5.8165 -24.4653 36.1237 5.54668 
-23.615 35.681 5.26223 -22.7544 35.2598 4.9761 -21.8771 34.8686 4.69858 
-20.9795 34.5144 4.43673 -20.0678 34.1904 4.18472 -19.142 33.9009 3.94178 
-18.2048 33.6432 3.70727 -17.2522 33.4336 3.48803 -16.288 33.2629 3.28581 
-15.3144 33.1291 3.10129 -14.3321 33.0623 2.93307 -13.5427 33.1354 2.8419 
-12.7604 33.2959 2.81419 -11.7866 33.5188 2.84635 -10.8176 33.7532 2.9236 
-9.85798 34.0102 3.03668 -8.90882 34.2931 3.17374 -7.97251 34.6053 3.33407 
-7.04637 34.9383 3.51062 -6.13346 35.296 3.70655 -5.23429 35.6775 3.92055 
-4.35118 36.0841 4.15437 -3.47539 36.5026 4.39486 -2.60122 36.9274 4.62998 
-1.7255 37.3613 4.84101 -0.863044 37.8347 5.01882 -0.0331155 38.3607 5.20175 
0.75876 38.9471 5.37014 1.51987 39.5823 5.49388 2.24393 40.2694 5.51293 
3.01551 40.8533 5.33757 3.86088 41.0234 4.86114 4.6624 41.1515 4.28339 
5.3869 41.4421 3.66586 5.96119 41.8269 2.94759 6.47047 42.189 2.16778 
7.03067 42.4768 1.39222 7.69185 42.6872 0.676404 8.45536 42.8299 0.0485135 
9.30649 42.9299 -0.463793 10.2075 43.0467 -0.877962 10.9483 43.1996 -1.13656 
-38.133 44.8693 -0.794325 -37.2938 44.4738 -0.431626 -36.4769 44.1987 0.0689374 
-35.7626 43.9841 0.729885 -35.1791 43.7362 1.50006 -34.7555 43.3845 2.33217 
-34.4052 42.9363 3.153 -34.1025 42.4037 3.94276 -33.8056 41.8219 4.69971 
-33.4605 41.2095 5.40959 -32.9805 40.6222 6.04931 -32.244 40.2133 6.56367 
-31.3729 40.1537 7.01755 -30.4943 40.3385 7.41124 -29.6962 39.9515 7.43972 
-28.9297 39.3383 7.25307 -28.1115 38.8054 7.04146 -27.2688 38.3207 6.8078 
-26.4244 37.8513 6.54919 -25.583 37.3866 6.27373 -24.7429 36.9273 5.98518 
-23.8976 36.4821 5.68989 -23.0406 36.058 5.39766 -22.1621 35.6694 5.12057 
-21.2593 35.3232 4.86659 -20.3353 35.02 4.63404 -19.3986 34.748 4.41426 
-18.4504 34.5114 4.20282 -17.4921 34.3121 3.99875 -16.5215 34.1591 3.81436 
-15.5403 34.0462 3.66019 -14.5478 33.9959 3.55315 -13.3507 34.0162 3.48403 
-12.3551 34.0993 3.48552 -11.3671 34.2351 3.55238 -10.3897 34.4111 3.66697 
-9.42375 34.6215 3.81641 -8.46763 34.8588 3.98776 -7.52309 35.1259 4.17821 
-6.58958 35.419 4.38428 -5.67327 35.7446 4.61672 -4.77286 36.0961 4.87249 
-3.89099 36.475 5.15268 -3.024 36.8781 5.44543 -2.16443 37.3001 5.73345 
-1.30954 37.7423 6.00442 -0.462868 38.2096 6.25859 0.373195 38.7068 6.48919 
1.17996 39.2648 6.67802 1.92743 39.9157 6.79492 2.77413 40.2059 6.57167 
3.66052 40.2068 6.11617 4.50623 40.2833 5.59581 5.29895 40.5351 5.04585 
5.85933 41.0098 4.37983 6.26806 41.5294 3.63181 6.67685 41.9703 2.8336 
7.14647 42.3354 2.03126 7.77659 42.5965 1.30516 8.52481 42.7895 0.674374 
9.37173 42.9296 0.164024 10.2634 43.0703 -0.264542 10.9863 43.2541 -0.551643 
-37.6106 45.427 -2.48033 -36.7397 45.2559 -2.02702 -35.9369 45.0738 -1.46092 
-35.205 44.851 -0.818836 -34.5876 44.5554 -0.0926185 -34.0485 44.2055 0.672688 
-33.5185 43.8487 1.44136 -32.8832 43.5377 2.14355 -32.1346 43.3175 2.76476 
-31.3243 43.166 3.32753 -30.5578 42.6665 3.6716 -29.8817 41.9496 3.80579 
-29.2046 41.2149 3.80885 -28.5055 40.5026 3.74956 -27.7984 39.8014 3.65958 
-27.0581 39.1368 3.56681 -26.2529 38.5506 3.48068 -25.4216 38.0035 3.38491 
-24.5799 37.4783 3.26005 -23.7376 36.959 3.11582 -22.8905 36.4507 2.96048 
-22.0327 35.9619 2.80226 -21.1558 35.5084 2.64392 -20.262 35.0893 2.48557 
-19.3496 34.711 2.33037 -18.4234 34.3667 2.17732 -17.4807 34.0686 2.02872 
-16.5258 33.8084 1.88632 -15.5593 33.5872 1.7577 -14.5788 33.4333 1.64434 
-13.5895 33.4745 1.53484 -12.6143 33.6712 1.45533 -11.649 33.9291 1.42061 
-10.6922 34.2195 1.41763 -9.74722 34.5457 1.43248 -8.81565 34.9078 1.45991 
-7.89959 35.3067 1.50067 -6.99269 35.7251 1.54884 -6.0998 36.1718 1.60351 
-5.22005 36.6434 1.66231 -4.35512 37.1409 1.72793 -3.49313 37.6434 1.79487 
-2.62397 38.1346 1.85112 -1.74985 38.6191 1.88146 -0.910707 39.16 1.90212 
-0.159517 39.814 1.94944 0.494119 40.5685 1.99941 1.12555 41.3436 2.00438 
1.73215 42.1353 1.94797 2.27545 42.9606 1.80295 2.71497 43.8177 1.54244 
3.32589 44.1703 1.02585 4.04858 44.2363 0.340454 4.74879 44.3895 -0.355042 
5.40821 44.6741 -1.04756 5.98433 45.1107 -1.73448 6.50266 45.6785 -2.37184 
7.02888 46.3114 -2.93902 -38.0001 44.5714 -0.866592 -37.3169 44.3021 -0.551893 
-36.5043 44.0537 -0.0293731 -35.7743 43.8546 0.620926 -35.1869 43.6148 1.38914 
-34.7369 43.2909 2.21869 -34.3706 42.8606 3.04178 -34.0452 42.3508 3.83749 
-33.7086 41.7848 4.58952 -33.29 41.2082 5.28849 -32.6265 40.7412 5.85627 
-31.7944 40.488 6.33531 -30.9015 40.4042 6.74937 -30.0576 40.0315 6.89394 
-29.2937 39.3979 6.77735 -28.4923 38.8241 6.61201 -27.6679 38.2921 6.41954 
-26.8317 37.7878 6.20444 -25.9883 37.3047 5.97002 -25.1406 36.8354 5.7222 
-24.2944 36.3764 5.45202 -23.445 35.9291 5.17194 -22.5846 35.5037 4.89189 
-21.7058 35.1096 4.62302 -20.8065 34.754 4.3695 -19.8904 34.434 4.12854 
-18.9619 34.1449 3.89584 -18.0216 33.8899 3.6708 -17.066 33.6852 3.46029 
-16.0988 33.5199 3.26819 -15.1209 33.3975 3.10006 -14.3331 33.3311 2.97875 
-13.7382 33.3453 2.90885 -12.7515 33.492 2.86169 -11.7714 33.687 2.88048 
-10.7992 33.9081 2.95545 -9.83461 34.1501 3.05949 -8.88301 34.4257 3.19434 
-7.94294 34.7287 3.34997 -7.01438 35.0563 3.5241 -6.09752 35.4067 3.71479 
-5.19782 35.7872 3.92803 -4.31158 36.189 4.15813 -3.43551 36.6078 4.39726 
-2.56325 37.0352 4.63477 -1.68895 37.4744 4.84053 -0.826115 37.9449 5.0243 
-0.000301173 38.4767 5.20955 0.795898 39.0565 5.38016 1.55653 39.6924 5.50045 
2.28231 40.3777 5.52561 3.06117 40.9236 5.31575 3.9049 41.066 4.83424 
4.70017 41.2032 4.25009 5.43701 41.4781 3.63891 5.99214 41.8695 2.90789 
6.49824 42.231 2.12577 7.06752 42.5109 1.3545 7.72949 42.7224 0.63871 
8.5044 42.8588 0.0244814 9.35201 42.9606 -0.493698 10.2569 43.0805 -0.899433 
11.1812 43.2961 -1.20675 -37.8504 45.067 -1.16348 -36.9803 44.7492 -0.795288 
-36.1573 44.5248 -0.279493 -35.4513 44.31 0.390213 -34.9073 44.0317 1.17659 
-34.4722 43.6787 2.00377 -34.106 43.2359 2.82113 -33.7484 42.7372 3.61011 
-33.2888 42.2381 4.34159 -32.6371 41.8362 4.96865 -31.8122 41.6394 5.48918 
-30.9291 41.5249 5.93289 -30.1062 41.0483 6.09251 -29.3638 40.3848 6.02347 
-28.5815 39.7801 5.8764 -27.7805 39.208 5.70108 -26.9656 38.6633 5.50314 
-26.1414 38.1358 5.29749 -25.3066 37.63 5.08038 -24.4674 37.1379 4.84902 
-23.6209 36.6643 4.60597 -22.7631 36.2112 4.36399 -21.8838 35.7946 4.13355 
-20.9855 35.4156 3.91235 -20.0694 35.0756 3.70015 -19.139 34.7704 3.49846 
-18.1938 34.5069 3.30651 -17.2365 34.2854 3.12183 -16.2654 34.1161 2.9552 
-15.2836 33.9952 2.81176 -14.4895 33.9583 2.72289 -13.6932 33.9829 2.6578 
-12.7012 34.0987 2.62553 -11.7155 34.2643 2.64425 -10.7402 34.4738 2.70824 
-9.77558 34.7191 2.80324 -8.82384 35.0012 2.92252 -7.88406 35.3127 3.06268 
-6.95535 35.6493 3.21753 -6.04043 36.0146 3.3882 -5.1435 36.4134 3.57871 
-4.25947 36.8333 3.78368 -3.38561 37.2694 3.99861 -2.51519 37.7138 4.21024 
-1.64794 38.1725 4.40315 -0.798226 38.6674 4.58331 0.0180805 39.2165 4.76157 
0.807307 39.8099 4.91652 1.56254 40.4549 5.01991 2.25315 41.175 5.02365 
2.98471 41.6573 4.7809 3.80912 41.6687 4.23759 4.58651 41.7499 3.62112 
5.31995 41.9859 2.9855 5.91366 42.2979 2.24704 6.46445 42.5943 1.46742 
7.06918 42.8279 0.707107 7.75357 43.0016 0.0013905 8.52681 43.1244 -0.618014 
9.37429 43.2304 -1.13472 10.2929 43.3701 -1.49811 11.2367 43.5905 -1.73268 
-38.3227 45.3017 -1.12204 -37.6434 44.9481 -0.896411 -36.7861 44.6304 -0.500677 
-35.9916 44.4101 0.0581563 -35.3162 44.189 0.755966 -34.8327 43.8837 1.57327 
-34.4306 43.4977 2.4021 -34.0915 43.0181 3.21027 -33.7558 42.4888 3.98891 
-33.332 41.9487 4.71326 -32.717 41.4791 5.33348 -31.9143 41.2252 5.8509 
-31.0289 41.1772 6.30986 -30.1883 40.8497 6.5098 -29.4454 40.1863 6.43173 
-28.6684 39.5767 6.27833 -27.8624 39.0143 6.09583 -27.0391 38.4874 5.88516 
-26.2083 37.9773 5.66276 -25.3693 37.4862 5.42858 -24.5278 37.0071 5.1793 
-23.6806 36.5433 4.92025 -22.8225 36.0999 4.66121 -21.9425 35.6935 4.41636 
-21.0444 35.3213 4.18308 -20.1266 34.9929 3.96041 -19.1957 34.6962 3.74841 
-18.2499 34.4413 3.54746 -17.2929 34.2253 3.3545 -16.3226 34.0593 3.18046 
-15.3409 33.9424 3.03262 -14.5478 33.8995 2.93937 -13.5523 33.9353 2.86338 
-12.5601 34.0495 2.83933 -11.5754 34.2174 2.87753 -10.6003 34.4229 2.95726 
-9.6373 34.666 3.07217 -8.68536 34.9398 3.20848 -7.74558 35.2432 3.36551 
-6.81464 35.5665 3.53502 -5.89804 35.9186 3.72354 -4.99834 36.3008 3.93366 
-4.1145 36.7085 4.16264 -3.24065 37.1329 4.3997 -2.37298 37.5728 4.63116 
-1.50784 38.0271 4.84323 -0.661012 38.5198 5.04245 0.162579 39.0534 5.23385 
0.953144 39.6426 5.39652 1.70561 40.2895 5.50811 2.41426 40.9755 5.48123 
3.23432 41.3302 5.15975 4.06327 41.3167 4.60355 4.84948 41.4565 4.00863 
5.52645 41.7652 3.34957 6.06606 42.1393 2.59763 6.5814 42.4687 1.80759 
7.15577 42.7353 1.03451 7.84508 42.9218 0.33804 8.62408 43.0525 -0.272257 
9.49011 43.1624 -0.755681 10.4098 43.3032 -1.11723 11.1546 43.5039 -1.32595 
-38.0742 44.8131 -1.64407 -37.3614 44.5916 -1.35983 -36.5101 44.3936 -0.877196 
-35.7273 44.2177 -0.283615 -35.0791 43.9967 0.440727 -34.543 43.7143 1.23454 
-34.0863 43.3574 2.04795 -33.642 42.9489 2.84423 -33.0681 42.5612 3.55921 
-32.3363 42.2687 4.16916 -31.5071 42.0979 4.69771 -30.68 41.7132 5.04393 
-29.9545 41.0391 5.1212 -29.242 40.3399 5.07435 -28.496 39.684 4.96148 
-27.7395 39.0452 4.82215 -26.9578 38.4396 4.67554 -26.1386 37.8853 4.53063 
-25.2971 37.3692 4.37193 -24.4505 36.8722 4.18195 -23.6034 36.3828 3.97456 
-22.7512 35.9053 3.76089 -21.8837 35.4544 3.55158 -21.0004 35.0349 3.34322 
-20.0994 34.6532 3.13753 -19.1821 34.3075 2.94048 -18.25 34 2.75 
-17.3054 33.7284 2.56718 -16.3485 33.4923 2.39791 -15.3834 33.2802 2.24484 
-14.6047 33.1377 2.13268 -13.6206 33.141 1.99363 -12.653 33.3592 1.89996 
-11.6935 33.6398 1.88305 -10.7363 33.9281 1.90262 -9.78728 34.2392 1.95105 
-8.85037 34.5824 2.0161 -7.92838 34.9604 2.09874 -7.01634 35.3588 2.19512 
-6.1156 35.7801 2.3006 -5.2275 36.2262 2.41027 -4.35589 36.7023 2.52661 
-3.48979 37.187 2.64839 -2.61471 37.6586 2.75651 -1.73138 38.1204 2.83477 
-0.86838 38.6212 2.88064 -0.0806601 39.2293 2.94859 0.607721 39.9486 3.03556 
1.26529 40.6999 3.08717 1.89379 41.476 3.06424 2.48077 42.2771 2.9561 
3.07713 42.979 2.65358 3.80623 43.2023 2.0582 4.52069 43.3032 1.36818 
5.1888 43.4927 0.649445 5.81426 43.7254 -0.0950837 6.42218 43.9921 -0.842736 
7.04841 44.2835 -1.5651 7.73935 44.5606 -2.23138 8.50402 44.8114 -2.82413 
9.30237 45.0583 -3.37303 10.1211 45.3154 -3.88626 -37.8309 45.3654 -1.35458 
-37.3016 45.1468 -1.17936 -36.4346 44.8964 -0.755769 -35.6558 44.6869 -0.171764 
-35.0514 44.4223 0.573853 -34.5739 44.091 1.38573 -34.1798 43.6809 2.20714 
-33.8093 43.2101 3.00735 -33.3414 42.7506 3.75811 -32.691 42.3819 4.41421 
-31.8886 42.2171 4.96857 -31.0065 42.1947 5.43689 -30.1928 41.8024 5.65361 
-29.4842 41.0995 5.61808 -28.7356 40.449 5.49447 -27.9506 39.8512 5.33425 
-27.1509 39.2787 5.15353 -26.341 38.7239 4.96307 -25.5174 38.1921 4.76655 
-24.6845 37.6799 4.55712 -23.8404 37.1903 4.33878 -22.9867 36.7194 4.1168 
-22.1185 36.2728 3.9012 -21.2306 35.8612 3.69625 -20.3208 35.4955 3.50099 
-19.3946 35.1688 3.3136 -18.4536 34.8829 3.13402 -17.4991 34.6402 2.96151 
-16.5326 34.4425 2.79965 -15.5557 34.2872 2.65431 -14.5668 34.204 2.53873 
-13.5712 34.2063 2.4545 -12.5778 34.3062 2.41564 -11.5911 34.4663 2.42254 
-10.6159 34.6801 2.47526 -9.65084 34.9297 2.55277 -8.69931 35.2201 2.65264 
-7.75936 35.5404 2.76986 -6.83206 35.8896 2.90392 -5.91761 36.2661 3.05152 
-5.02515 36.6844 3.21959 -4.1453 37.1239 3.40005 -3.2729 37.5758 3.58643 
-2.40159 38.0321 3.76698 -1.53622 38.5059 3.92894 -0.692297 39.0199 4.08101 
0.105027 39.6013 4.23984 0.871488 40.2273 4.38177 1.57769 40.9294 4.45439 
2.21562 41.6967 4.44499 2.8509 42.2266 4.23343 3.65261 42.1988 3.7023 
4.42226 42.2608 3.07016 5.14407 42.4496 2.40702 5.76638 42.7099 1.67078 
6.32535 42.9737 0.884932 6.93627 43.19 0.124278 7.61217 43.3643 -0.590163 
8.35767 43.5085 -1.2395 9.17284 43.646 -1.7992 10.0615 43.7985 -2.22556 
11.0094 43.9881 -2.46452 -38.4732 44.9204 -1.55218 -37.9474 44.6993 -1.36883 
-37.0735 44.4347 -0.967041 -36.2427 44.2346 -0.450489 -35.5276 44.039 0.215684 
-34.9357 43.7971 0.981593 -34.4543 43.481 1.79772 -34.045 43.0846 2.61825 
-33.6243 42.6286 3.40148 -33.0793 42.1957 4.1109 -32.3318 41.8823 4.69138 
-31.4949 41.694 5.19875 -30.6485 41.3445 5.53981 -29.909 40.6964 5.59896 
-29.1802 40.0173 5.51993 -28.4221 39.3777 5.39475 -27.6433 38.7713 5.23539 
-26.8473 38.1895 5.06983 -26.0178 37.6575 4.901 -25.1743 37.1541 4.71451 
-24.3272 36.6682 4.49916 -23.4798 36.1891 4.27063 -22.6231 35.7288 4.03818 
-21.7502 35.2968 3.81187 -20.8599 34.9006 3.58841 -19.9548 34.5353 3.37112 
-19.0346 34.204 3.16291 -18.1028 33.9038 2.95957 -17.1539 33.6543 2.76728 
-16.1938 33.4386 2.5905 -15.2246 33.2508 2.43144 -14.4422 33.1368 2.31371 
-13.6531 33.1618 2.20532 -12.6804 33.3611 2.12006 -11.717 33.6287 2.11376 
-10.7565 33.9045 2.14634 -9.80395 34.2017 2.2098 -8.86381 34.5318 2.29293 
-7.93656 34.8921 2.39399 -7.01941 35.2729 2.51067 -6.11457 35.6785 2.64 
-5.2231 36.11 2.77702 -4.34904 36.5733 2.92292 -3.48082 37.0461 3.07352 
-2.60439 37.507 3.21207 -1.71973 37.9597 3.32275 -0.854138 38.4516 3.40466 
-0.0648248 39.0523 3.50951 0.647992 39.7437 3.62221 1.33186 40.4683 3.70126 
1.96987 41.2373 3.69378 2.5653 42.0339 3.59987 3.2642 42.5716 3.2327 
4.03207 42.7087 2.62424 4.75079 42.8367 1.94262 5.41308 43.0331 1.22079 
6.0211 43.2635 0.461217 6.63408 43.4912 -0.29507 7.28747 43.7029 -1.02141 
8.00299 43.8946 -1.69152 8.78044 44.0711 -2.29423 9.61334 44.2486 -2.81613 
10.5082 44.4223 -3.22144 -38.1843 45.0929 -1.92358 -37.641 44.9232 -1.73504 
-36.7673 44.7029 -1.30755 -35.9513 44.527 -0.759798 -35.2392 44.3251 -0.0927227 
-34.6529 44.062 0.670963 -34.1624 43.7233 1.47283 -33.7018 43.3393 2.27257 
-33.1298 42.9811 3.00341 -32.4123 42.7108 3.64226 -31.5987 42.5897 4.20653 
-30.7611 42.2929 4.62325 -30.0464 41.6216 4.74014 -29.3464 40.9092 4.72676 
-28.6155 40.2338 4.63118 -27.8663 39.5839 4.50483 -27.0929 38.9658 4.36663 
-26.2881 38.3884 4.23056 -25.4573 37.8515 4.08488 -24.6174 37.3353 3.91743 
-23.7721 36.8344 3.73151 -22.9215 36.3454 3.53866 -22.0593 35.8767 3.3464 
-21.1819 35.4367 3.15654 -20.2874 35.0325 2.96563 -19.3758 34.6658 2.78121 
-18.4467 34.3409 2.60567 -17.5033 34.0563 2.43573 -16.5469 33.8143 2.27407 
-15.5804 33.6062 2.12472 -14.6021 33.4526 1.99262 -13.6132 33.4378 1.87355 
-12.8307 33.5847 1.80595 -11.8612 33.8258 1.77072 -10.8969 34.0905 1.77411 
-9.94415 34.3915 1.80902 -9.00434 34.7286 1.86116 -8.07911 35.1015 1.92942 
-7.16504 35.4986 2.01103 -6.26299 35.9204 2.10184 -5.37414 36.3684 2.19681 
-4.50041 36.844 2.29832 -3.63433 37.332 2.40647 -2.76391 37.8137 2.50827 
-1.88526 38.2844 2.58589 -1.02035 38.7832 2.63422 -0.215683 39.3688 2.69506 
0.482192 40.0788 2.78295 1.14316 40.827 2.83463 1.77822 41.5979 2.8167 
2.36243 42.4012 2.71173 2.90262 43.1974 2.45999 3.5884 43.521 1.91675 
4.30923 43.6043 1.22978 4.98493 43.7697 0.512901 5.61597 43.9969 -0.228351 
6.20978 44.2912 -0.976084 6.80719 44.6568 -1.68922 7.43507 45.0378 -2.3674 
8.00008 45.334 -2.84906 -37.9469 45.2052 -1.12414 -37.0809 44.8432 -0.793032 
-36.2467 44.6043 -0.303071 -35.5252 44.3903 0.349842 -34.9726 44.1144 1.13011 
-34.539 43.7641 1.95921 -34.1756 43.3217 2.77787 -33.8395 42.8146 3.57108 
-33.4301 42.2926 4.31777 -32.8376 41.841 4.96993 -32.0527 41.561 5.50981 
-31.1821 41.4846 5.98666 -30.3198 41.1591 6.23652 -29.5717 40.5138 6.19944 
-28.8051 39.8874 6.06536 -28.0044 39.314 5.89295 -27.1881 38.7724 5.6926 
-26.3647 38.2458 5.48137 -25.531 37.7394 5.26131 -24.6922 37.2482 5.02657 
-23.8469 36.7752 4.77847 -22.9918 36.3197 4.53074 -22.1172 35.8979 4.29276 
-21.2236 35.5107 4.06621 -20.3099 35.1675 3.84921 -19.3813 34.8595 3.643 
-18.4386 34.5901 3.44733 -17.4835 34.3619 3.25939 -16.5157 34.1812 3.0852 
-15.537 34.046 2.9334 -14.5463 33.9861 2.81692 -13.5507 34.0109 2.7365 
-12.7554 34.0851 2.70127 -11.7682 34.2414 2.71522 -10.7896 34.437 2.77185 
-9.82316 34.6751 2.8669 -8.86798 34.9461 2.98461 -7.92512 35.2484 3.12408 
-6.99298 35.5754 3.27892 -6.07614 35.9347 3.45213 -5.17514 36.3237 3.6434 
-4.29092 36.7406 3.85381 -3.41586 37.1719 4.07332 -2.54524 37.6142 4.28852 
-1.67634 38.0674 4.48727 -0.826525 38.5609 4.67074 -0.004311 39.0998 4.85242 
0.79002 39.6853 5.01251 1.55301 40.3195 5.12628 2.24305 41.0401 5.11863 
3.00778 41.5418 4.87325 3.83754 41.5889 4.33136 4.6243 41.665 3.72407 
5.34412 41.9213 3.08282 5.94036 42.2431 2.35072 6.48225 42.5493 1.56894 
7.07225 42.7972 0.801109 7.76029 42.9715 0.0996754 8.53448 43.0956 -0.518438 
9.38539 43.2013 -1.02922 10.2987 43.3334 -1.40854 11.0527 43.5119 -1.60289 
-37.2986 46.2834 -3.18176 -36.6743 46.11 -2.71444 -35.9406 45.8277 -2.09739 
-35.2452 45.5131 -1.45201 -34.6217 45.1535 -0.759441 -34.0789 44.7444 -0.0265986 
-33.542 44.3499 0.718635 -32.9112 44.0376 1.42578 -32.1772 43.8178 2.06374 
-31.3701 43.6411 2.62381 -30.6138 43.17 3.01528 -29.959 42.4314 3.16641 
-29.2985 41.6834 3.2156 -28.6181 40.9516 3.18521 -27.9305 40.2282 3.12434 
-27.209 39.5398 3.05869 -26.4284 38.9189 3.00276 -25.5999 38.3626 2.93991 
-24.7628 37.8225 2.85317 -23.9238 37.2899 2.74262 -23.0802 36.7678 2.61756 
-22.2245 36.2673 2.48677 -21.3512 35.7992 2.35257 -20.4594 35.3676 2.21787 
-19.5518 34.9708 2.08223 -18.6292 34.6104 1.94536 -17.6928 34.2863 1.8121 
-16.7404 34.0102 1.68409 -15.7773 33.7718 1.56109 -14.7986 33.6017 1.45287 
-13.6104 33.581 1.32774 -12.6304 33.7465 1.23749 -11.6634 33.9956 1.18615 
-10.7046 34.2776 1.15868 -9.76061 34.6069 1.15293 -8.82991 34.9723 1.15717 
-7.91348 35.372 1.16992 -7.00844 35.7968 1.1894 -6.11606 36.2472 1.21398 
-5.23864 36.7257 1.24323 -4.37561 37.2297 1.2777 -3.5171 37.7411 1.31392 
-2.65056 38.2393 1.34329 -1.77955 38.7303 1.35598 -0.937553 39.2668 1.36098 
-0.198694 39.9347 1.3893 0.442212 40.7005 1.4275 1.05317 41.4919 1.4239 
1.63835 42.2983 1.35034 2.1665 43.1319 1.19587 2.59038 44.0004 0.945161 
3.07281 44.5319 0.525196 3.78767 44.6909 -0.143168 4.5077 44.8615 -0.81218 
5.16845 45.2054 -1.47294 5.71264 45.754 -2.09994 6.1698 46.4415 -2.66088 
-38.4386 45.0921 -2.15235 -37.7063 44.8865 -1.90794 -36.8277 44.6851 -1.48073 
-36.0064 44.5169 -0.937885 -35.2613 44.3327 -0.300712 -34.6598 44.0735 0.452283 
-34.1398 43.7521 1.24269 -33.6397 43.3907 2.02916 -33.0507 43.0532 2.75818 
-32.3054 42.8265 3.38122 -31.4934 42.6845 3.94283 -30.6883 42.2726 4.31847 
-29.9922 41.5813 4.4406 -29.3057 40.8556 4.42421 -28.5961 40.1558 4.34497 
-27.8754 39.4719 4.2319 -27.1235 38.8242 4.11407 -26.3225 38.2365 4.00368 
-25.4893 37.6972 3.88366 -24.6453 37.1831 3.73151 -23.8008 36.6768 3.55722 
-22.9522 36.1806 3.37389 -22.0934 35.7029 3.18928 -21.2184 35.2557 3.0047 
-20.3258 34.8453 2.81849 -19.4156 34.4718 2.64016 -18.4909 34.1332 2.46673 
-17.5503 33.8383 2.29989 -16.5984 33.5754 2.14283 -15.6381 33.3355 2.0016 
-14.6673 33.1323 1.87748 -13.6855 33.1416 1.75206 -12.7204 33.3802 1.66302 
-11.7619 33.6629 1.63368 -10.8071 33.9596 1.64268 -9.86182 34.2839 1.67458 
-8.92883 34.6404 1.72045 -8.01105 35.0324 1.78226 -7.10348 35.4456 1.85571 
-6.20697 35.8813 1.93538 -5.32488 36.3452 2.01635 -4.45464 36.8304 2.10135 
-3.59103 37.3262 2.19214 -2.72126 37.8126 2.27519 -1.84111 38.2835 2.33153 
-0.976785 38.7837 2.35975 -0.198847 39.403 2.41214 0.478769 40.1334 2.49046 
1.12027 40.8991 2.53008 1.73986 41.6822 2.49621 2.3178 42.4886 2.38107 
2.8325 43.3066 2.13313 3.48674 43.6856 1.60389 4.20388 43.7742 0.913385 
4.88813 43.9324 0.20285 5.53556 44.1588 -0.52312 6.13546 44.491 -1.24924 
6.72548 44.9064 -1.94114 7.34375 45.3428 -2.59359 -38.2789 45.1448 -2.00214 
-37.7325 44.978 -1.82074 -36.8551 44.7556 -1.40051 -36.0304 44.5788 -0.865944 
-35.3024 44.383 -0.214271 -34.709 44.1205 0.543697 -34.2075 43.7915 1.34279 
-33.7386 43.4156 2.14158 -33.1828 43.0504 2.88331 -32.4809 42.7717 3.53402 
-31.6776 42.6213 4.10537 -30.6813 42.2603 4.59794 -29.9674 41.5923 4.71374 
-29.2647 40.8829 4.68285 -28.535 40.2058 4.58931 -27.7843 39.5583 4.45942 
-27.012 38.9385 4.32225 -26.2031 38.3666 4.18743 -25.3724 37.8295 4.04214 
-24.532 37.3147 3.87302 -23.687 36.813 3.68781 -22.835 36.3258 3.4964 
-21.9695 35.8626 3.30647 -21.086 35.4336 3.11899 -20.1844 35.044 2.93203 
-19.2649 34.6942 2.75331 -18.332 34.3787 2.58101 -17.3825 34.1126 2.4157 
-16.4214 33.8861 2.25814 -15.449 33.7035 2.11537 -14.4634 33.6039 1.99005 
-13.6698 33.6445 1.90527 -12.6872 33.8089 1.83706 -11.7136 34.0351 1.81876 
-10.7497 34.3 1.83948 -9.79695 34.5999 1.8837 -8.85925 34.9411 1.94603 
-7.9358 35.3163 2.02561 -7.02212 35.7124 2.11602 -6.12122 36.1348 2.21459 
-5.23506 36.5856 2.32102 -4.36308 37.0611 2.43712 -3.49651 37.5453 2.55788 
-2.62467 38.0226 2.66755 -1.75082 38.5015 2.74979 -0.895428 39.0144 2.81756 
-0.116642 39.6319 2.90581 0.600495 40.3217 3.00116 1.27544 41.0571 3.05065 
1.90723 41.8304 3.02331 2.47608 42.6406 2.8973 3.04435 43.3689 2.60465 
3.79558 43.4585 1.96695 4.50652 43.5462 1.27172 5.16482 43.7372 0.54438 
5.78059 43.9746 -0.206499 6.35706 44.2845 -0.961798 6.95066 44.6403 -1.68297 
7.59476 45.0053 -2.35378 8.31517 45.3549 -2.95111 -38.3321 44.8918 -1.09136 
-37.4784 44.5088 -0.747279 -36.6413 44.2377 -0.27833 -35.8938 44.0325 0.348369 
-35.2649 43.8065 1.08841 -34.7958 43.4969 1.91371 -34.4033 43.1015 2.74254 
-34.0688 42.6075 3.54433 -33.7221 42.0648 4.30873 -33.2817 41.5135 5.01256 
-32.6282 41.0554 5.5985 -31.802 40.8111 6.09417 -30.9149 40.6687 6.51328 
-30.0885 40.1689 6.62231 -29.3338 39.5215 6.52747 -28.5413 38.9327 6.37208 
-27.7268 38.3828 6.18812 -26.8985 37.8622 5.9814 -26.0579 37.3673 5.76185 
-25.2092 36.8954 5.52329 -24.362 36.4305 5.2662 -23.5113 35.9797 4.99602 
-22.6497 35.5499 4.72606 -21.7699 35.1521 4.46675 -20.8722 34.7889 4.218 
-19.9568 34.4643 3.98057 -19.029 34.1694 3.75232 -18.0864 33.9175 3.53431 
-17.1309 33.7076 3.32813 -16.1627 33.5413 3.1416 -15.1854 33.4126 2.97515 
-14.3962 33.3582 2.86016 -13.801 33.385 2.79626 -13.0111 33.4965 2.75329 
-12.0306 33.6901 2.7622 -11.0573 33.91 2.82522 -10.0928 34.155 2.92211 
-9.14072 34.4324 3.04918 -8.19943 34.7362 3.19607 -7.27095 35.0672 3.36398 
-6.35279 35.4189 3.54589 -5.45123 35.8008 3.74867 -4.56437 36.2064 3.96967 
-3.68756 36.628 4.20066 -2.81553 37.0602 4.43026 -1.9419 37.5014 4.63481 
-1.07905 37.9717 4.81849 -0.25 38.5 5 0.554582 39.0671 5.1754 
1.32537 39.6882 5.30935 2.05925 40.3633 5.37074 2.78539 41.0288 5.2617 
3.6129 41.2628 4.84582 4.41877 41.3318 4.26341 5.17694 41.5583 3.65674 
5.79371 41.9095 2.95644 6.31855 42.263 2.18341 6.87293 42.5529 1.40429 
7.50152 42.7792 0.662621 8.2504 42.9252 0.0183679 9.06833 43.0346 -0.544336 
9.96711 43.1478 -0.962773 10.8972 43.3309 -1.2749 -38.2023 44.7643 -1.5705 
-37.3193 44.4853 -1.19943 -36.4711 44.2826 -0.713753 -35.7079 44.1054 -0.0967497 
-35.0757 43.8821 0.640693 -34.5613 43.5924 1.44693 -34.1195 43.2308 2.26644 
-33.6882 42.8022 3.05932 -33.1596 42.3792 3.79073 -32.4375 42.0594 4.39591 
-31.6074 41.8852 4.91965 -30.7688 41.5459 5.27647 -30.0288 40.8916 5.37549 
-29.3151 40.1946 5.32152 -28.5698 39.5379 5.20892 -27.8101 38.9035 5.06655 
-27.028 38.2997 4.91461 -26.2058 37.7523 4.76045 -25.3631 37.2405 4.59451 
-24.5149 36.75 4.39462 -23.6672 36.2658 4.17803 -22.8138 35.7956 3.95313 
-21.9474 35.3481 3.73204 -21.0622 34.9382 3.51285 -20.1614 34.5613 3.29821 
-19.2453 34.2179 3.0916 -18.3144 33.9129 2.89127 -17.3679 33.652 2.7023 
-16.4104 33.4232 2.52688 -15.4444 33.2184 2.36989 -14.4681 33.0656 2.22365 
-13.6809 33.1113 2.11345 -12.7136 33.3432 2.0366 -11.7524 33.618 2.02852 
-10.7947 33.9029 2.06366 -9.84464 34.2085 2.12577 -8.90785 34.5485 2.20684 
-7.98251 34.9149 2.30355 -7.06902 35.3052 2.41797 -6.16539 35.7153 2.54088 
-5.27913 36.1589 2.67307 -4.40569 36.6255 2.81241 -3.53583 37.0977 2.95474 
-2.65884 37.5604 3.08376 -1.77621 38.0201 3.18087 -0.913931 38.5189 3.25616 
-0.138757 39.1388 3.35909 0.573425 39.8317 3.46934 1.24634 40.5684 3.52709 
1.87918 41.3411 3.51147 2.46559 42.1439 3.41394 3.12341 42.7648 3.09697 
3.88384 42.9029 2.47978 4.6091 42.9834 1.7971 5.27667 43.164 1.07603 
5.89663 43.3911 0.325245 6.50912 43.6291 -0.428315 7.15131 43.8641 -1.15765 
7.85342 44.084 -1.83334 8.62348 44.2819 -2.43844 9.44409 44.475 -2.97534 
10.3062 44.6621 -3.44454 -38.1865 44.7378 -0.858973 -37.3422 44.3676 -0.478985 
-36.5283 44.1 0.0303534 -35.811 43.8962 0.693743 -35.2161 43.6558 1.45669 
-34.781 43.316 2.2876 -34.428 42.8726 3.10963 -34.1175 42.3483 3.90195 
-33.8147 41.7722 4.66083 -33.4589 41.1662 5.37068 -32.959 40.5912 6.0054 
-32.2082 40.1937 6.51209 -31.3349 40.119 6.96148 -30.4414 40.1907 7.31637 
-29.6354 39.7207 7.31188 -28.8515 39.1272 7.13675 -28.0214 38.6096 6.93079 
-27.177 38.1261 6.70038 -26.3313 37.6563 6.44732 -25.4881 37.1914 6.17758 
-24.6467 36.7319 5.8933 -23.801 36.2864 5.59944 -22.9457 35.8595 5.30634 
-22.0693 35.4677 5.02672 -21.1725 35.1115 4.76527 -20.2551 34.796 4.52351 
-19.3228 34.5155 4.29554 -18.3793 34.2687 4.07526 -17.4249 34.0607 3.86196 
-16.4576 33.8992 3.66807 -15.4791 33.7788 3.50169 -14.49 33.7157 3.3736 
-13.4946 33.7292 3.29079 -12.5012 33.8356 3.27906 -11.5138 33.9853 3.32625 
-10.5371 34.1733 3.42539 -9.57096 34.3929 3.56012 -8.6173 34.6458 3.72227 
-7.67425 34.9247 3.90319 -6.74301 35.2294 4.10247 -5.82615 35.5618 4.32288 
-4.92637 35.9229 4.56732 -4.04194 36.3071 4.8319 -3.17089 36.7122 5.10955 
-2.30581 37.1325 5.3831 -1.44341 37.5731 5.6321 -0.59075 38.0389 5.86821 
0.244657 38.5415 6.08947 1.05653 39.0941 6.2757 1.81836 39.7287 6.39031 
2.58688 40.3182 6.34871 3.4766 40.4238 5.93891 4.32786 40.4655 5.41968 
5.11695 40.6943 4.85759 5.73585 41.1065 4.20469 6.18729 41.587 3.45455 
6.62132 42.0151 2.66259 7.13517 42.3459 1.87344 7.77778 42.5924 1.15348 
8.54783 42.763 0.542585 9.39621 42.8882 0.0303193 10.2951 43.0227 -0.384356 
11.2013 43.2495 -0.735201 -37.8624 44.54 -0.949764 -37.0072 44.2431 -0.531397 
-36.2144 44.0273 0.0341315 -35.5124 43.831 0.715958 -34.9736 43.5671 1.51223 
-34.5399 43.2212 2.34262 -34.181 42.7683 3.15757 -33.8294 42.2551 3.93998 
-33.4079 41.7162 4.66742 -32.796 41.2428 5.28495 -32.001 40.9496 5.79984 
-31.1185 40.7937 6.24195 -30.2825 40.381 6.43902 -29.534 39.7253 6.373 
-28.7603 39.1074 6.23867 -27.9581 38.5345 6.07119 -27.1389 37.9957 5.87549 
-26.3047 37.4846 5.66876 -25.4556 37.0053 5.4472 -24.6069 36.5357 5.20417 
-23.7576 36.0761 4.94469 -22.9007 35.6343 4.67919 -22.0277 35.221 4.42086 
-21.1357 34.8442 4.17202 -20.2267 34.5033 3.93229 -19.3049 34.1916 3.70249 
-18.3675 33.9218 3.48299 -17.4181 33.6894 3.27214 -16.4549 33.5035 3.0794 
-15.4825 33.3502 2.90421 -14.4994 33.2587 2.75165 -13.7075 33.2553 2.64417 
-13.1165 33.3467 2.59992 -12.1399 33.5582 2.58836 -11.1684 33.7909 2.62949 
-10.2047 34.0451 2.70951 -9.25146 34.327 2.81614 -8.31105 34.6408 2.94657 
-7.38118 34.9766 3.0963 -6.46357 35.3372 3.26292 -5.55965 35.7243 3.44418 
-4.67358 36.1428 3.643 -3.79553 36.5741 3.85034 -2.92034 37.011 4.05799 
-2.04139 37.4488 4.24684 -1.16839 37.9099 4.40416 -0.331758 38.4332 4.55886 
0.45378 39.0297 4.72122 1.20933 39.6709 4.85182 1.93024 40.3597 4.90453 
2.61345 41.0854 4.84514 3.38241 41.5175 4.50832 4.19395 41.5847 3.9298 
4.95273 41.7789 3.313 5.63992 42.0618 2.64693 6.1983 42.3768 1.88061 
6.77273 42.6445 1.1079 7.41851 42.8474 0.374501 8.15147 42.9878 -0.289573 
8.96855 43.0934 -0.853468 9.85238 43.201 -1.3047 10.7871 43.3801 -1.60227 
-38.2404 45.3254 -1.53917 -37.3617 44.9696 -1.23082 -36.4973 44.7255 -0.797365 
-35.7223 44.5256 -0.20561 -35.0886 44.2843 0.524689 -34.6052 43.9665 1.33941 
-34.1842 43.5849 2.16094 -33.8037 43.1251 2.96281 -33.3477 42.6674 3.7237 
-32.6837 42.307 4.37091 -31.8932 42.11 4.93491 -31.0196 42.026 5.39178 
-30.2004 41.5686 5.61415 -29.4771 40.8818 5.57127 -28.7261 40.2331 5.45342 
-27.9399 39.6363 5.29444 -27.1416 39.0603 5.11868 -26.329 38.5075 4.93467 
-25.5025 37.9785 4.74246 -24.666 37.4717 4.53434 -23.8216 36.9835 4.31419 
-22.9669 36.5147 4.09118 -22.0961 36.0738 3.8747 -21.205 35.6702 3.66784 
-20.2961 35.3047 3.46785 -19.3686 34.9839 3.27712 -18.4284 34.6972 3.09367 
-17.4729 34.4607 2.91823 -16.5066 34.2639 2.75372 -15.5278 34.1204 2.60972 
-14.5382 34.0491 2.49259 -13.7419 34.0685 2.42419 -12.7496 34.1748 2.37875 
-11.7642 34.3435 2.38386 -10.7895 34.5596 2.43204 -9.82546 34.8135 2.50837 
-8.87553 35.1091 2.60823 -7.93642 35.4322 2.72463 -7.00866 35.781 2.85676 
-6.09186 36.1532 3.00071 -5.19622 36.5665 3.16418 -4.31475 37.0042 3.34106 
-3.44179 37.4557 3.52553 -2.57036 37.9114 3.70713 -1.70126 38.3788 3.86818 
-0.851807 38.8846 4.01652 -0.0443065 39.4523 4.1727 0.724732 40.0741 4.31875 
1.44714 40.7572 4.41175 2.09473 41.5163 4.41572 2.71218 42.2643 4.27867 
3.48137 42.3351 3.81519 4.25497 42.3351 3.18421 4.98677 42.4849 2.5238 
5.6264 42.7333 1.7988 6.19179 42.998 1.01814 6.78558 43.2277 0.247958 
7.44168 43.4166 -0.481315 8.17423 43.5712 -1.14296 8.97553 43.7146 -1.72139 
9.84833 43.8652 -2.17991 10.7871 44.0439 -2.45723 -37.2569 45.692 -2.69623 
-36.5951 45.5576 -2.26793 -35.8103 45.3604 -1.68159 -35.0958 45.1034 -1.03393 
-34.4757 44.774 -0.324009 -33.9403 44.394 0.42986 -33.3839 44.0396 1.1804 
-32.7214 43.7487 1.86666 -31.9583 43.5425 2.47626 -31.1547 43.2856 2.99347 
-30.4342 42.6836 3.28884 -29.7753 41.9425 3.40264 -29.1089 41.198 3.41662 
-28.4325 40.4632 3.36627 -27.7542 39.732 3.29559 -27.0313 39.0461 3.2313 
-26.2373 38.4423 3.17606 -25.4011 37.8991 3.10193 -24.5574 37.3722 3.00008 
-23.7155 36.8477 2.87312 -22.8703 36.3315 2.73507 -22.0123 35.8389 2.59068 
-21.1382 35.3759 2.44454 -20.2465 34.9484 2.29634 -19.3402 34.5522 2.1498 
-18.4174 34.1963 2.00358 -17.4798 33.879 1.86247 -16.529 33.5986 1.73167 
-15.5702 33.3393 1.61556 -14.5994 33.1264 1.5189 -13.6167 33.1455 1.40407 
-12.6549 33.3953 1.31015 -11.7003 33.6894 1.26565 -10.75 34 1.25 
-9.80739 34.3335 1.24915 -8.88024 34.7077 1.26142 -7.9647 35.1093 1.28144 
-7.06241 35.5393 1.31068 -6.17023 35.9896 1.34421 -5.29309 36.4682 1.3805 
-4.42796 36.9681 1.42019 -3.56771 37.4764 1.46072 -2.70098 37.9739 1.4956 
-1.82469 38.4552 1.50576 -0.967581 38.9694 1.49957 -0.226056 39.632 1.5227 
0.410467 40.4006 1.56927 1.01343 41.1981 1.57076 1.60421 42.0023 1.51423 
2.14189 42.8312 1.36788 2.60139 43.6848 1.13109 3.08293 44.3079 0.713008 
3.92877 44.5036 -0.0791141 4.6424 44.6889 -0.751107 5.30419 45.0232 -1.41732 
5.85992 45.5429 -2.05964 6.34166 46.1944 -2.64311 -38.2203 44.7791 -1.18476 
-37.5259 44.5112 -0.894228 -36.6804 44.2539 -0.43099 -35.9143 44.0506 0.172969 
-35.2687 43.8329 0.901027 -34.7785 43.5384 1.71977 -34.3658 43.1655 2.54925 
-34.013 42.6913 3.35514 -33.6346 42.1764 4.12339 -33.1112 41.6763 4.80477 
-32.397 41.2803 5.37162 -31.5486 41.0851 5.85684 -30.676 40.7866 6.19508 
-29.9127 40.1617 6.22192 -29.1632 39.5079 6.1222 -28.3763 38.9088 5.9766 
-27.5766 38.3344 5.80221 -26.7576 37.7942 5.61006 -25.9177 37.2901 5.41001 
-25.0677 36.8125 5.1878 -24.2192 36.3424 4.94483 -23.3677 35.8856 4.68762 
-22.5054 35.4492 4.43102 -21.6259 35.0441 4.18179 -20.729 34.6749 3.93887 
-19.8163 34.3392 3.70657 -18.8904 34.0347 3.48378 -17.9493 33.7735 3.26992 
-16.9954 33.5528 3.06748 -16.0284 33.3753 2.88514 -15.0548 33.2212 2.71757 
-14.2682 33.1553 2.59592 -13.4781 33.1991 2.49514 -12.5026 33.4081 2.44677 
-11.5332 33.6521 2.46385 -10.5693 33.9109 2.52473 -9.6134 34.1907 2.61244 
-8.67155 34.5065 2.72604 -7.73999 34.8452 2.85749 -6.81987 35.2065 3.00816 
-5.91265 35.5933 3.1728 -5.02143 36.0105 3.35027 -4.14234 36.4486 3.53808 
-3.26762 36.8935 3.73006 -2.38941 37.3361 3.91094 -1.50838 37.7851 4.0583 
-0.649305 38.2789 4.18654 0.136926 38.8773 4.33596 0.883485 39.5272 4.47512 
1.59859 40.22 4.55734 2.26413 40.9645 4.55499 2.95892 41.6174 4.35037 
3.76417 41.8544 3.85892 4.53716 41.9555 3.23616 5.26155 42.1743 2.58483 
5.87499 42.4584 1.84938 6.45045 42.7266 1.07714 7.07087 42.9411 0.323535 
7.75627 43.1043 -0.384218 8.52178 43.228 -1.01413 9.35649 43.3445 -1.54888 
10.2681 43.4894 -1.92797 11.2204 43.6864 -2.14366 -38.1681 44.9417 -1.09255 
-37.6522 44.7063 -0.897529 -36.8026 44.4139 -0.466891 -36.0114 44.1969 0.0997199 
-35.3602 43.9757 0.819914 -34.8579 43.6877 1.63324 -34.4516 43.3089 2.46319 
-34.1054 42.8418 3.27543 -33.7556 42.3137 4.04864 -33.3313 41.7722 4.77231 
-32.678 41.3221 5.36889 -31.8802 41.0445 5.88662 -30.996 40.9462 6.31315 
-30.161 40.4999 6.48067 -29.407 39.8513 6.38919 -28.6263 39.2447 6.24244 
-27.815 38.6896 6.06009 -26.993 38.158 5.85684 -26.1565 37.655 5.63909 
-25.3123 37.1702 5.41066 -24.4672 36.6976 5.16119 -23.6189 36.2364 4.90127 
-22.7584 35.7994 4.63949 -21.8818 35.3899 4.38762 -20.9838 35.0219 4.14697 
-20.0688 34.6912 3.91608 -19.1403 34.3925 3.69647 -18.1993 34.1286 3.48514 
-17.2435 33.9147 3.28476 -16.2765 33.7397 3.10034 -15.2969 33.6169 2.94389 
-14.308 33.5566 2.81324 -13.7119 33.5867 2.75926 -12.9206 33.6945 2.72578 
-11.9375 33.875 2.73519 -10.9632 34.0894 2.79936 -9.99803 34.3322 2.89547 
-9.04601 34.6108 3.02103 -8.10512 34.9161 3.16689 -7.17637 35.2479 3.33189 
-6.25838 35.6018 3.51037 -5.35902 35.9896 3.71149 -4.47415 36.4007 3.93026 
-3.59915 36.8276 4.15844 -2.72733 37.2617 4.38542 -1.85573 37.7065 4.59082 
-0.993201 38.1758 4.77956 -0.164544 38.7041 4.96245 0.639673 39.2722 5.13498 
1.40624 39.9008 5.26123 2.12503 40.5918 5.30002 2.86601 41.1906 5.13948 
3.70251 41.3513 4.66397 4.50069 41.4288 4.07194 5.25031 41.6647 3.45823 
5.85297 42.011 2.74251 6.38335 42.3491 1.96582 6.95799 42.6176 1.19386 
7.61579 42.8208 0.471871 8.37332 42.9575 -0.164575 9.20349 43.0638 -0.708704 
10.1117 43.1833 -1.10552 11.0441 43.3895 -1.39429 -38.4621 45.2374 -1.46218 
-37.9461 44.979 -1.3014 -37.0736 44.6715 -0.930845 -36.2365 44.4544 -0.432364 
-35.5196 44.2497 0.228926 -34.9361 43.9949 0.995468 -34.4766 43.6613 1.81735 
-34.0848 43.2492 2.63876 -33.7011 42.7736 3.42957 -33.2034 42.3101 4.15794 
-32.494 41.9713 4.76444 -31.6618 41.8234 5.28926 -30.7862 41.6338 5.69263 
-29.9988 41.0751 5.81608 -29.2639 40.4027 5.73827 -28.4909 39.7844 5.6 
-27.6965 39.2016 5.43019 -26.8883 38.6431 5.24356 -26.0666 38.1069 5.05096 
-25.2332 37.5926 4.84851 -24.3917 37.1005 4.62613 -23.5439 36.6236 4.39403 
-22.6841 36.1687 4.16266 -21.8066 35.7446 3.93923 -20.9099 35.3584 3.72394 
-19.9967 35.0088 3.51577 -19.067 34.6984 3.31811 -18.1232 34.4283 3.12838 
-17.1648 34.2086 2.9476 -16.1954 34.0298 2.78084 -15.2154 33.8969 2.63437 
-14.4242 33.8382 2.53607 -13.6286 33.8615 2.46286 -12.6373 33.9722 2.40591 
-11.6545 34.1542 2.40957 -10.6807 34.3759 2.45573 -9.71958 34.6393 2.53642 
-8.76985 34.9353 2.6363 -7.83308 35.2637 2.75661 -6.9074 35.6163 2.89293 
-5.99645 35.9995 3.04488 -5.10202 36.4143 3.21117 -4.2233 36.8561 3.39174 
-3.35039 37.3071 3.57771 -2.47686 37.7601 3.75566 -1.6037 38.2211 3.91331 
-0.755771 38.7306 4.05611 0.0498735 39.3011 4.21203 0.808425 39.937 4.35132 
1.52593 40.6261 4.43692 2.17802 41.3822 4.42976 2.81404 42.0586 4.2738 
3.62212 42.1098 3.74072 4.39851 42.1594 3.11405 5.11901 42.361 2.45325 
5.75667 42.6211 1.73041 6.32785 42.8827 0.952686 6.93377 43.1058 0.189716 
7.61089 43.2755 -0.524511 8.35719 43.4142 -1.17427 9.18244 43.5457 -1.72086 
10.068 43.6912 -2.15795 11.0168 43.883 -2.39223 -38.0698 44.9507 -1.01368 
-37.3852 44.6385 -0.747261 -36.5486 44.3744 -0.272603 -35.7905 44.1671 0.340137 
-35.1873 43.9247 1.09303 -34.7241 43.6093 1.91963 -34.3452 43.1952 2.74567 
-34.0156 42.695 3.54559 -33.6584 42.1516 4.30458 -33.201 41.6122 5.00489 
-32.4956 41.1926 5.56828 -31.6633 40.9989 6.0689 -30.7693 40.8782 6.46598 
-29.9521 40.3885 6.56705 -29.1937 39.7487 6.44503 -28.4082 39.1513 6.28773 
-27.5923 38.6051 6.09866 -26.767 38.0809 5.88909 -25.9303 37.5814 5.66476 
-25.0876 37.0989 5.42621 -24.2436 36.6274 5.17053 -23.3958 36.1682 4.90581 
-22.5334 35.7361 4.64238 -21.6532 35.3341 4.39045 -20.752 34.9736 4.15076 
-19.837 34.6437 3.91902 -18.9061 34.3518 3.6999 -17.9626 34.0969 3.48897 
-17.0062 33.8859 3.28807 -16.0377 33.7179 3.10558 -15.0581 33.5949 2.94797 
-14.2676 33.544 2.84137 -13.6715 33.5604 2.78123 -12.8798 33.6627 2.74016 
-11.8968 33.8438 2.74774 -10.9206 34.0527 2.80148 -9.95549 34.2961 2.89618 
-9.00162 34.5704 3.01696 -8.06064 34.8761 3.16142 -7.1299 35.2042 3.32259 
-6.21285 35.5603 3.50124 -5.31016 35.9433 3.69692 -4.42395 36.3535 3.91173 
-3.54746 36.7792 4.13657 -2.67481 37.2135 4.35968 -1.80131 37.6559 4.56232 
-0.941317 38.1329 4.74206 -0.113707 38.6638 4.92146 0.68259 39.2447 5.08736 
1.44695 39.8761 5.21495 2.16522 40.5683 5.23888 2.88608 41.2402 5.11773 
3.72003 41.3717 4.63328 4.52022 41.4515 4.04321 5.26146 41.6983 3.42395 
5.87898 42.0361 2.71836 6.39991 42.3762 1.93622 6.97088 42.6474 1.1624 
7.62971 42.8494 0.441409 8.38626 42.9858 -0.196262 9.22853 43.0908 -0.721586 
10.1311 43.2043 -1.13305 11.0652 43.4166 -1.41154 -38.3132 44.8169 -1.75683 
-37.5979 44.5867 -1.48621 -36.7334 44.3767 -1.0344 -35.9283 44.2028 -0.470241 
-35.2419 44.0017 0.223615 -34.674 43.7442 1.00385 -34.1913 43.4127 1.81321 
-33.7428 43.0195 2.61507 -33.1782 42.6337 3.34003 -32.4694 42.3221 3.9671 
-31.6518 42.1465 4.51266 -30.8144 41.8213 4.91683 -30.0888 41.159 5.02227 
-29.3818 40.4537 4.99846 -28.6453 39.7854 4.89487 -27.9026 39.1282 4.76728 
-27.1374 38.5005 4.62658 -26.3307 37.9265 4.49008 -25.4895 37.406 4.3443 
-24.6423 36.9057 4.16658 -23.795 36.4136 3.96643 -22.945 35.9303 3.75715 
-22.082 35.4701 3.54907 -21.2037 35.0398 3.34132 -20.3071 34.6483 3.13492 
-19.396 34.2878 2.93561 -18.4686 33.9673 2.74371 -17.5272 33.6846 2.56029 
-16.5728 33.439 2.39113 -15.6117 33.2103 2.23733 -14.6409 33.0249 2.09554 
-13.659 33.0617 1.95152 -12.6967 33.3112 1.86703 -11.739 33.5979 1.85057 
-10.7842 33.8934 1.8748 -9.83714 34.2104 1.92444 -8.90444 34.5641 1.9924 
-7.984 34.9459 2.07555 -7.07393 35.3486 2.1729 -6.17364 35.771 2.2773 
-5.29008 36.2261 2.38705 -4.41827 36.702 2.5028 -3.55076 37.1847 2.62291 
-2.67584 37.6567 2.73049 -1.79278 38.1193 2.8073 -0.92271 38.6094 2.85385 
-0.137176 39.2193 2.92311 0.560824 39.9288 3.00893 1.21747 40.681 3.05754 
1.85406 41.4509 3.04601 2.43932 42.2528 2.93493 3.02504 43.0068 2.66428 
3.75057 43.2389 2.06895 4.46801 43.3422 1.38161 5.13788 43.529 0.663734 
5.7654 43.7587 -0.0798151 6.368 44.0292 -0.830386 6.99059 44.3279 -1.55318 
7.67622 44.6175 -2.21967 8.42929 44.8823 -2.82046 9.22332 45.1425 -3.36958 
10.0323 45.4151 -3.8901 -38.0958 45.0534 -1.06313 -37.4093 44.7419 -0.799744 
-36.5663 44.4716 -0.340822 -35.7999 44.2635 0.260978 -35.1921 44.0205 1.00934 
-34.7281 43.7062 1.83597 -34.3452 43.2981 2.66329 -34.0126 42.8037 3.46549 
-33.6589 42.2654 4.22963 -33.1876 41.7356 4.92783 -32.4791 41.3258 5.49485 
-31.645 41.134 5.99409 -30.7612 40.975 6.37063 -29.9693 40.4035 6.43402 
-29.2133 39.7595 6.32324 -28.4255 39.1639 6.16873 -27.6116 38.6145 5.98062 
-26.7862 38.0894 5.77349 -25.9481 37.5897 5.55529 -25.1043 37.106 5.32294 
-24.2591 36.6351 5.07038 -23.41 36.1754 4.81018 -22.5465 35.7424 4.55184 
-21.6649 35.3407 4.30511 -20.7632 34.9795 4.06813 -19.8456 34.6537 3.8409 
-18.913 34.364 3.62615 -17.9683 34.1107 3.4188 -17.0085 33.9096 3.22412 
-16.0381 33.7463 3.04745 -15.0554 33.6381 2.89945 -14.2631 33.5996 2.79992 
-13.6665 33.6381 2.75019 -12.8745 33.7393 2.71502 -11.8917 33.921 2.73218 
-10.9148 34.127 2.78718 -9.94912 34.3686 2.88073 -8.99479 34.6418 2.99996 
-8.05334 34.9468 3.14289 -7.12208 35.2742 3.30216 -6.20474 35.6307 3.47879 
-5.30215 36.0147 3.6727 -4.41606 36.4263 3.88552 -3.5399 36.8535 4.10863 
-2.66777 37.2897 4.3302 -1.7952 37.7344 4.53196 -0.93499 38.2102 4.71374 
-0.108137 38.7422 4.89345 0.691801 39.3177 5.06197 1.45785 39.9474 5.18538 
2.17276 40.6431 5.20566 2.89377 41.3116 5.07714 3.72693 41.4243 4.58512 
4.52511 41.5005 3.99203 5.26428 41.7453 3.36937 5.87677 42.0781 2.65766 
6.39753 42.4121 1.87272 6.97179 42.679 1.09975 7.64236 42.8716 0.386894 
8.40067 43.0053 -0.249363 9.24395 43.1104 -0.772845 10.1484 43.2245 -1.17996 
11.0838 43.4389 -1.45225 -38.0738 45.2693 -1.7043 -37.3587 45.0169 -1.45565 
-36.496 44.7996 -1.00261 -35.7068 44.6105 -0.422466 -35.0619 44.3696 0.29558 
-34.5441 44.062 1.09252 -34.1051 43.6847 1.90714 -33.6885 43.2578 2.70915 
-33.1394 42.865 3.44059 -32.4296 42.5868 4.07957 -31.5957 42.498 4.62114 
-30.7324 42.2814 5.01624 -30.0082 41.6027 5.10281 -29.2927 40.9067 5.07062 
-28.5386 40.2606 4.95555 -27.7644 39.6448 4.81073 -26.9737 39.0536 4.65263 
-26.1621 38.492 4.49207 -25.3331 37.9592 4.32282 -24.4978 37.4419 4.13634 
-23.6535 36.9449 3.93652 -22.8011 36.464 3.73171 -21.9326 36.0105 3.53192 
-21.0471 35.5889 3.33732 -20.141 35.2115 3.14715 -19.221 34.8667 2.96136 
-18.2841 34.566 2.78462 -17.3325 34.3102 2.61551 -16.3686 34.0982 2.45526 
-15.3941 33.9313 2.30757 -14.6048 33.8532 2.2068 -13.6115 33.8702 2.10512 
-12.6226 33.9929 2.03559 -11.6431 34.1919 2.02191 -10.6732 34.4328 2.04779 
-9.71653 34.7179 2.10443 -8.77168 35.0368 2.17674 -7.84162 35.3925 2.26783 
-6.922 35.7711 2.37176 -6.01533 36.1768 2.48642 -5.12479 36.6138 2.61167 
-4.2502 37.0787 2.74912 -3.38058 37.5517 2.89062 -2.50794 38.0217 3.02287 
-1.63366 38.4948 3.13037 -0.786915 39.0171 3.22397 -0.003897 39.6263 3.33694 
0.72153 40.3053 3.44422 1.40693 41.0304 3.50256 2.03113 41.8093 3.47462 
2.59565 42.6228 3.3494 3.24019 43.0548 2.96942 3.99861 43.0512 2.32293 
4.7062 43.1439 1.6255 5.3636 43.3371 0.897915 5.96789 43.577 0.138408 
6.57027 43.8314 -0.617987 7.19893 44.0961 -1.34851 7.8981 44.3418 -2.01806 
8.67229 44.5628 -2.6097 9.48647 44.7786 -3.14794 10.1695 44.9447 -3.5296 
-38.1535 45.1255 -0.862707 -37.3122 44.7089 -0.529279 -36.4824 44.4208 -0.0594236 
-35.7504 44.2027 0.580617 -35.1756 43.9429 1.35084 -34.7543 43.5907 2.18511 
-34.3988 43.1477 3.00636 -34.0983 42.6153 3.79734 -33.799 42.041 4.55892 
-33.4532 41.4359 5.27501 -32.9405 40.8712 5.90798 -32.1933 40.4839 6.42646 
-31.3214 40.4084 6.88464 -30.4384 40.5441 7.26671 -29.499 40.0016 7.24878 
-28.7346 39.3847 7.06397 -27.9195 38.8457 6.85431 -27.0826 38.3508 6.62072 
-26.2423 37.873 6.36504 -25.4027 37.4016 6.09509 -24.5634 36.9374 5.81224 
-23.7188 36.4869 5.5232 -22.8598 36.0618 5.238 -21.9824 35.6673 4.96558 
-21.0788 35.319 4.71733 -20.157 35.0081 4.48652 -19.2199 34.7353 4.26958 
-18.2725 34.4942 4.05947 -17.3144 34.2926 3.85692 -16.3447 34.133 3.67341 
-15.3631 34.0199 3.52135 -14.3717 33.9644 3.40887 -13.3747 33.9846 3.34613 
-12.3798 34.0769 3.3427 -11.3922 34.2195 3.40229 -10.4151 34.4022 3.50912 
-9.44957 34.6197 3.65056 -8.4945 34.866 3.81469 -7.55087 35.1408 3.99878 
-6.61765 35.4391 4.19836 -5.70192 35.7716 4.4233 -4.80186 36.1303 4.67021 
-3.92053 36.517 4.94138 -3.05145 36.9234 5.22325 -2.18977 37.3501 5.49762 
-1.33308 37.7971 5.75484 -0.487058 38.2717 5.99713 0.345668 38.7775 6.22117 
1.14979 39.3408 6.40595 1.89705 39.9927 6.52062 2.7208 40.4191 6.35178 
3.605 40.4519 5.90858 4.44779 40.5133 5.38088 5.23013 40.7498 4.814 
5.79935 41.199 4.13519 6.23139 41.6875 3.37902 6.66425 42.1037 2.5807 
7.17527 42.4349 1.78986 7.83692 42.6703 1.08202 8.60818 42.8419 0.473373 
9.46327 42.9697 -0.0271964 10.3602 43.1117 -0.4433 11.0859 43.3084 -0.713934 
-38.3171 45.3726 -2.26536 -37.7589 45.2215 -2.10662 -36.8781 45.0152 -1.6884 
-36.0527 44.8335 -1.15553 -35.3146 44.6293 -0.515434 -34.6973 44.3618 0.220081 
-34.1786 44.0257 1.00482 -33.6989 43.6506 1.79781 -33.1142 43.3054 2.52762 
-32.3943 43.0614 3.1721 -31.5819 42.9738 3.74444 -30.7492 42.6997 4.18155 
-30.039 42.0333 4.33664 -29.3556 41.3047 4.34746 -28.6348 40.6165 4.2711 
-27.898 39.9495 4.16152 -27.1367 39.3136 4.0377 -26.3375 38.7253 3.91686 
-25.5114 38.1765 3.78966 -24.675 37.6495 3.63997 -23.8317 37.1384 3.47361 
-22.9822 36.6408 3.29862 -22.12 36.1655 3.12365 -21.2401 35.7237 2.94984 
-20.3398 35.3238 2.77898 -19.4235 34.9599 2.61273 -18.4895 34.6409 2.45265 
-17.5421 34.3619 2.29748 -16.5812 34.1294 2.14779 -15.6086 33.9473 2.00693 
-14.6218 33.8504 1.88563 -13.629 33.8778 1.78445 -12.6431 34.0248 1.71824 
-11.6663 34.2362 1.6949 -10.7008 34.495 1.70645 -9.74752 34.7946 1.74056 
-8.80908 35.1357 1.79121 -7.88344 35.5084 1.85569 -6.97099 35.91 1.9328 
-6.07049 36.3365 2.01717 -5.18389 36.7897 2.10823 -4.31108 37.2674 2.20773 
-3.44607 37.758 2.31292 -2.57806 38.2443 2.41268 -1.70692 38.7295 2.48656 
-0.854719 39.2484 2.54921 -0.0866307 39.88 2.63171 0.615635 40.5864 2.71177 
1.27935 41.333 2.74096 1.90089 42.1139 2.69452 2.43489 42.9444 2.54891 
2.96123 43.7165 2.23753 3.6789 43.7612 1.62004 4.39151 43.8153 0.921605 
5.05754 43.9901 0.197333 5.68145 44.2408 -0.54081 6.24599 44.6094 -1.27772 
6.8068 45.0524 -1.97653 7.27712 45.4311 -2.50025 -38.1037 44.6586 -0.913988 
-37.42 44.3717 -0.617105 -36.598 44.1132 -0.114393 -35.8535 43.9128 0.518673 
-35.2408 43.6825 1.26934 -34.7748 43.368 2.09329 -34.4036 42.9448 2.91803 
-34.0751 42.4436 3.71811 -33.7392 41.8862 4.4769 -33.3291 41.313 5.18398 
-32.67 40.845 5.75719 -31.8484 40.5784 6.24428 -30.959 40.5066 6.67059 
-30.1073 40.1799 6.8505 -29.3471 39.5415 6.73354 -28.5525 38.9579 6.57137 
-27.7295 38.4247 6.37644 -26.8954 37.9174 6.15985 -26.0528 37.4322 5.9266 
-25.2066 36.9613 5.6776 -24.3609 36.5 5.4094 -23.5103 36.0526 5.13334 
-22.6475 35.6292 4.85736 -21.7667 35.2359 4.59439 -20.8648 34.8829 4.34638 
-19.948 34.5616 4.10924 -19.019 34.2709 3.88096 -18.0775 34.0159 3.66091 
-17.1219 33.8083 3.45313 -16.1547 33.6406 3.26343 -15.176 33.5185 3.09969 
-14.3875 33.4522 2.98328 -13.5938 33.4818 2.90347 -12.6054 33.6206 2.86326 
-11.6249 33.8127 2.89766 -10.6511 34.0274 2.97115 -9.68777 34.2715 3.08022 
-8.73631 34.5472 3.21585 -7.79806 34.8541 3.37506 -6.86938 35.1813 3.54929 
-5.95532 35.537 3.74353 -5.05686 35.9198 3.95804 -4.17323 36.3258 4.1908 
-3.29784 36.7459 4.4298 -2.42583 37.1768 4.66186 -1.55322 37.62 4.86635 
-0.700226 38.1074 5.05155 0.122288 38.6433 5.24003 0.916332 39.2272 5.40713 
1.67406 39.8679 5.52274 2.40359 40.5448 5.51444 3.1947 41.0371 5.26552 
4.03397 41.1013 4.72825 4.82329 41.26 4.1418 5.52347 41.5668 3.50659 
6.07099 41.957 2.76897 6.58307 42.2997 1.98249 7.15906 42.5727 1.21374 
7.8455 42.7671 0.516111 8.6296 42.8967 -0.0877664 9.48991 42.9994 -0.584303 
10.3991 43.1239 -0.978645 11.1399 43.3083 -1.21373 -38.3025 45.0173 -1.08795 
-37.6206 44.6875 -0.834328 -36.7749 44.3939 -0.396694 -35.9965 44.1798 0.188263 
-35.3542 43.9548 0.915218 -34.8616 43.6609 1.73234 -34.4647 43.2712 2.56178 
-34.1259 42.7944 3.37162 -33.7905 42.2551 4.14354 -33.3839 41.699 4.8659 
-32.7803 41.2083 5.48032 -31.9816 40.9366 5.99825 -31.0968 40.8521 6.44941 
-30.2236 40.5622 6.69129 -29.4629 39.9233 6.60166 -28.6825 39.3184 6.44658 
-27.8665 38.773 6.25668 -27.04 38.2512 6.04585 -26.2037 37.753 5.81729 
-25.3611 37.2701 5.57874 -24.5177 36.7991 5.32051 -23.6702 36.3401 5.05373 
-22.8133 35.9 4.78599 -21.9386 35.4901 4.52802 -21.0423 35.1199 4.28454 
-20.13 34.7844 4.05056 -19.2029 34.4836 3.82738 -18.2623 34.2198 3.61442 
-17.3094 33.9969 3.40949 -16.3438 33.819 3.22146 -15.3663 33.6865 3.05833 
-14.3787 33.6167 2.92429 -13.5836 33.6367 2.8473 -12.7908 33.7327 2.81154 
-11.807 33.9097 2.82993 -10.8302 34.114 2.89077 -9.8646 34.3528 2.99169 
-8.91005 34.6223 3.11768 -7.96835 34.9235 3.267 -7.03722 35.2479 3.43307 
-6.12057 35.6017 3.61823 -5.21872 35.9824 3.82197 -4.33252 36.3883 4.04496 
-3.45596 36.8101 4.27677 -2.58401 37.243 4.50533 -1.71217 37.6865 4.71264 
-0.85624 38.1679 4.90004 -0.027632 38.6953 5.08636 0.770463 39.2727 5.25563 
1.53296 39.9067 5.37862 2.24885 40.6011 5.39008 3.00048 41.2055 5.221 
3.84344 41.2759 4.70614 4.64096 41.3718 4.11665 5.36482 41.641 3.48916 
5.9509 42.0045 2.76833 6.46663 42.3456 1.9832 7.03621 42.6195 1.20938 
7.70134 42.8216 0.494586 8.4692 42.9567 -0.128981 9.317 43.0612 -0.646043 
10.2234 43.1787 -1.04804 10.9688 43.3447 -1.28238 -38.4416 45.2628 -1.36924 
-37.93 44.9944 -1.21101 -37.0617 44.6749 -0.841684 -36.2285 44.4509 -0.339808 
-35.5107 44.2454 0.320541 -34.9341 43.9869 1.08986 -34.485 43.6458 1.91434 
-34.1027 43.223 2.73479 -33.7325 42.7357 3.52503 -33.262 42.2508 4.25856 
-32.5766 41.8808 4.8727 -31.7465 41.7188 5.39553 -30.8641 41.5841 5.82353 
-30.0545 41.0998 5.98109 -29.318 40.4289 5.90448 -28.5447 39.8113 5.76592 
-27.7464 39.235 5.5923 -26.9345 38.6843 5.39881 -26.1115 38.1534 5.19695 
-25.2787 37.642 4.9858 -24.438 37.1513 4.75654 -23.5908 36.6764 4.51861 
-22.7313 36.2236 4.2821 -21.8532 35.8028 4.05467 -20.9528 35.4261 3.83778 
-20.0379 35.0816 3.62795 -19.1057 34.7791 3.43007 -18.1608 34.5134 3.23991 
-17.2021 34.2952 3.05838 -16.2328 34.1171 2.88993 -15.25 34 2.75 
-14.4578 33.9471 2.65485 -13.6617 33.9661 2.58562 -12.6687 34.0648 2.53519 
-11.6837 34.2343 2.54619 -10.7075 34.4433 2.59787 -9.74367 34.6946 2.68531 
-8.79058 34.9773 2.79212 -7.85105 35.294 2.92155 -6.9213 35.6327 3.06562 
-6.00748 36.005 3.22697 -5.11014 36.4088 3.40439 -4.22908 36.84 3.59836 
-3.35528 37.2829 3.79919 -2.48307 37.7313 3.99442 -1.61255 38.1901 4.17182 
-0.765038 38.695 4.33351 0.0488035 39.2504 4.50201 0.82281 39.8656 4.64892 
1.55725 40.5356 4.7416 2.2196 41.2824 4.72636 2.93467 41.9002 4.5125 
3.7518 41.9471 3.97698 4.53114 42.0038 3.35769 5.25464 42.2114 2.7027 
5.97564 42.5565 1.81148 6.53695 42.8278 1.03006 7.1535 43.0434 0.273725 
7.8506 43.2037 -0.42227 8.63245 43.3261 -1.03179 9.48264 43.4447 -1.54051 
10.405 43.6025 -1.88046 -38.2179 44.5362 -0.885956 -37.3692 44.1972 -0.48548 
-36.5573 43.9426 0.0346258 -35.8285 43.7448 0.686722 -35.2234 43.5152 1.44519 
-34.7789 43.1853 2.27495 -34.4144 42.7522 3.09753 -34.0909 42.2369 3.89053 
-33.7683 41.6693 4.6476 -33.3664 41.0817 5.34626 -32.7439 40.5786 5.92865 
-31.929 40.2662 6.40229 -31.0327 40.1298 6.81738 -30.1932 39.7404 6.95159 
-29.436 39.0966 6.84908 -28.6404 38.5106 6.69659 -27.8182 37.9719 6.51521 
-26.9816 37.4664 6.30494 -26.1326 36.9887 6.07943 -25.2798 36.5291 5.83176 
-24.43 36.0768 5.56139 -23.5799 35.6357 5.27368 -22.719 35.2163 4.98589 
-21.8388 34.8312 4.70898 -20.9422 34.4761 4.44527 -20.0288 34.1566 4.19336 
-19.1027 33.8689 3.94961 -18.1642 33.616 3.71525 -17.2127 33.4036 3.49348 
-16.2471 33.2391 3.29323 -15.2743 33.1027 3.10659 -14.4886 33.048 2.97021 
-13.6985 33.1048 2.86708 -12.719 33.2909 2.82413 -11.7452 33.5142 2.86018 
-10.7771 33.7504 2.9416 -9.81772 34.0075 3.05642 -8.8702 34.2939 3.1977 
-7.93325 34.6042 3.35793 -7.00828 34.939 3.53718 -6.09541 35.2962 3.73433 
-5.19814 35.6799 3.95226 -4.31464 36.0849 4.18722 -3.43898 36.5031 4.42882 
-2.56464 36.929 4.66131 -1.68932 37.3692 4.86014 -0.829324 37.8488 5.03335 
-0.000597525 38.3772 5.21477 0.791719 38.9628 5.38357 1.55136 39.6 5.50398 
2.27612 40.2864 5.53167 3.04847 40.8448 5.33313 3.89005 41.0071 4.85627 
4.68535 41.1519 4.274 5.42286 41.4319 3.66531 5.98485 41.8239 2.93991 
6.49164 42.1909 2.16097 7.05726 42.476 1.38868 7.71766 42.689 0.671894 
8.49126 42.8265 0.0562146 9.33772 42.9274 -0.464016 10.2455 43.047 -0.863668 
11.1684 43.2593 -1.17751 -37.9839 44.9103 -1.39169 -37.1079 44.6118 -1.02043 
-36.2677 44.3999 -0.525488 -35.5409 44.2028 0.127822 -34.9416 43.9577 0.885504 
-34.465 43.6373 1.70287 -34.0595 43.2387 2.52416 -33.6536 42.7786 3.31296 
-33.1264 42.3429 4.034 -32.3974 42.0323 4.63462 -31.557 41.9163 5.15623 
-30.6999 41.6592 5.52596 -29.9413 41.0314 5.61533 -29.2098 40.3551 5.53967 
-28.4413 39.73 5.40627 -27.6528 39.1375 5.24196 -26.8503 38.5674 5.06645 
-26.0274 38.0289 4.88572 -25.1922 37.5142 4.69297 -24.3491 37.0213 4.47796 
-23.5011 36.5416 4.25257 -22.6432 36.081 4.02535 -21.7676 35.6507 3.80634 
-20.873 35.2584 3.59358 -19.9608 34.9047 3.38727 -19.0333 34.5873 3.19049 
-18.0915 34.3106 3.00069 -17.1354 34.0815 2.81947 -16.1688 33.8893 2.65077 
-15.1907 33.7441 2.50333 -14.4008 33.6761 2.40142 -13.8045 33.6848 2.3378 
-12.8156 33.8047 2.27025 -11.8347 33.996 2.2563 -10.863 34.2286 2.29123 
-9.90171 34.4955 2.35721 -8.95374 34.8007 2.44595 -8.0174 35.1352 2.55154 
-7.0938 35.4977 2.67577 -6.18239 35.8854 2.81275 -5.28848 36.3071 2.96391 
-4.4095 36.7552 3.12634 -3.53781 37.2152 3.29548 -2.66419 37.6734 3.45924 
-1.78742 38.1333 3.59883 -0.925861 38.6256 3.72024 -0.119777 39.1998 3.856 
0.632666 39.843 3.99337 1.34339 40.5387 4.0846 2.00218 41.2897 4.09933 
2.59773 42.0859 4.00478 3.33873 42.443 3.61939 4.11422 42.4774 2.9913 
4.84019 42.6233 2.32259 5.4949 42.8471 1.60245 6.07748 43.0951 0.828876 
6.67726 43.3222 0.0624351 7.3235 43.521 -0.673737 8.03636 43.6956 -1.35163 
8.82128 43.8545 -1.94873 9.66378 44.0173 -2.46006 10.5762 44.1867 -2.81993 
-38.0079 44.9265 -1.52314 -37.3001 44.6847 -1.24246 -36.4467 44.475 -0.76921 
-35.6722 44.2896 -0.169214 -35.045 44.0556 0.569046 -34.5322 43.757 1.37227 
-34.0972 43.3816 2.18923 -33.6769 42.9509 2.987 -33.1307 42.541 3.71078 
-32.4111 42.2305 4.32531 -31.5777 42.0955 4.85483 -30.714 41.8268 5.23854 
-29.9694 41.1885 5.32991 -29.2484 40.4986 5.27586 -28.4882 39.8614 5.15206 
-27.7108 39.2513 5.00034 -26.9141 38.6694 4.83687 -26.0975 38.1166 4.67172 
-25.2612 37.5989 4.4919 -24.4191 37.0981 4.29239 -23.5724 36.6106 4.07907 
-22.7194 36.1358 3.8626 -21.851 35.6881 3.65018 -20.964 35.2756 3.44339 
-20.0598 34.9004 3.23961 -19.1409 34.5586 3.04327 -18.2063 34.2578 2.8549 
-17.2571 34.0008 2.67379 -16.2956 33.7856 2.50443 -15.3228 33.6115 2.3534 
-14.5361 33.5172 2.24698 -13.7432 33.5113 2.15417 -12.7598 33.6694 2.0813 
-11.7852 33.8901 2.0594 -10.8183 34.1431 2.08531 -9.86164 34.4285 2.14152 
-8.9187 34.7519 2.21829 -7.9877 35.1048 2.31052 -7.06934 35.4849 2.42018 
-6.16136 35.8863 2.53958 -5.26962 36.3196 2.66907 -4.39326 36.7806 2.80828 
-3.52395 37.253 2.95374 -2.6505 37.7199 3.09119 -1.77086 38.1831 3.1987 
-0.906644 38.678 3.28498 -0.108592 39.2678 3.38877 0.617527 39.9451 3.50287 
1.30312 40.6685 3.57243 1.94972 41.4305 3.57216 2.53802 42.229 3.46123 
3.17884 42.8415 3.14999 3.94806 42.8892 2.51437 4.66817 42.973 1.82768 
5.32831 43.161 1.10144 5.94137 43.3915 0.346047 6.55133 43.6297 -0.409492 
7.18822 43.8651 -1.14354 7.88727 44.0851 -1.82191 8.65891 44.2821 -2.42524 
9.4819 44.4748 -2.95854 -38.1417 45.0821 -1.43176 -37.265 44.744 -1.09992 
-36.4089 44.5166 -0.641142 -35.6537 44.3252 -0.0197804 -35.0349 44.0854 0.722816 
-34.5533 43.7697 1.53962 -34.1389 43.3814 2.36124 -33.7449 42.9236 3.15748 
-33.2553 42.4741 3.89932 -32.5535 42.13 4.51794 -31.7355 41.9871 5.05913 
-30.8575 41.8386 5.48428 -30.066 41.3121 5.64524 -29.3397 40.6289 5.57806 
-28.5779 39.995 5.45121 -27.7891 39.4026 5.28841 -26.987 38.8328 5.10991 
-26.1729 38.282 4.92613 -25.3456 37.7535 4.73658 -24.5072 37.2505 4.52676 
-23.6621 36.7645 4.30405 -22.8077 36.2968 4.07781 -21.9405 35.851 3.85615 
-21.0501 35.4485 3.64471 -20.1432 35.0816 3.43876 -19.2202 34.7516 3.24092 
-18.2822 34.4622 3.05173 -17.3295 34.2194 2.86968 -16.3654 34.0169 2.69846 
-15.3897 33.8622 2.54641 -14.4019 33.7808 2.42085 -13.6068 33.7963 2.34226 
-12.8153 33.8983 2.29415 -11.8328 34.0819 2.28232 -10.8593 34.3064 2.31687 
-9.89733 34.5703 2.38484 -8.94774 34.8703 2.47372 -8.01089 35.2026 2.58147 
-7.08501 35.5594 2.70527 -6.17353 35.9462 2.84417 -5.27765 36.3635 2.99595 
-4.39845 36.8102 3.16126 -3.52755 37.2701 3.33448 -2.65448 37.7284 3.50074 
-1.77947 38.1892 3.64835 -0.923504 38.6891 3.77688 -0.111557 39.2545 3.91655 
0.643324 39.8944 4.05702 1.3615 40.5819 4.15549 2.01727 41.3348 4.1646 
2.61379 42.13 4.06887 3.34173 42.4909 3.67531 4.11641 42.477 3.04761 
4.84142 42.6174 2.37732 5.50449 42.8382 1.66388 6.08108 43.0884 0.886433 
6.67589 43.32 0.117205 7.32442 43.5181 -0.616773 8.03132 43.6935 -1.30124 
8.82065 43.8512 -1.89266 9.66848 44.0137 -2.39482 10.5862 44.1844 -2.73806 
-38.1207 45.1951 -1.3056 -37.2487 44.8455 -0.97222 -36.3944 44.6022 -0.517775 
-35.6501 44.3992 0.112803 -35.0441 44.1498 0.862292 -34.5885 43.8176 1.68726 
-34.1954 43.4142 2.5123 -33.8421 42.9271 3.31034 -33.4198 42.4321 4.06711 
-32.8028 42.0138 4.72056 -31.9968 41.8107 5.26459 -31.1185 41.7273 5.72998 
-30.1146 41.2622 5.99412 -29.3777 40.5919 5.93372 -28.6043 39.9754 5.79062 
-27.8059 39.3989 5.61722 -26.995 38.8471 5.42307 -26.1751 38.3119 5.21988 
-25.3443 37.7984 5.00546 -24.506 37.303 4.77798 -23.6596 36.826 4.54159 
-22.802 36.3694 4.30499 -21.9244 35.947 4.07917 -21.0265 35.5637 3.8639 
-20.1099 35.2213 3.65798 -19.1776 34.9175 3.46252 -18.2317 34.6529 3.27589 
-17.2737 34.4302 3.09649 -16.3029 34.2562 2.93275 -15.3218 34.1272 2.79063 
-14.5282 34.0831 2.70281 -13.5324 34.1156 2.62884 -12.5397 34.226 2.60118 
-11.555 34.3956 2.62958 -10.5802 34.6069 2.69643 -9.61571 34.853 2.79097 
-8.66242 35.1319 2.90549 -7.72208 35.4434 3.04176 -6.79204 35.7785 3.19162 
-5.87945 36.1504 3.36086 -4.9833 36.5526 3.54755 -4.10271 36.9803 3.7513 
-3.22937 37.4198 3.96136 -2.3593 37.8685 4.16516 -1.49364 38.3328 4.35149 
-0.652027 38.843 4.52718 0.160637 39.3982 4.70228 0.940981 40.0058 4.84868 
1.67709 40.6739 4.93417 2.35032 41.4074 4.8987 3.10896 41.7783 4.58288 
3.92546 41.7761 4.00746 4.69578 41.8848 3.38573 5.40368 42.1292 2.72628 
5.99168 42.4318 1.97885 6.55473 42.7065 1.19997 7.16597 42.9316 0.442421 
7.86383 43.0919 -0.254018 8.64329 43.2126 -0.866121 9.5034 43.3249 -1.35886 
10.4236 43.4734 -1.71353 11.1867 43.6562 -1.86231 -38.2789 45.0075 -1.72018 
-37.3891 44.7104 -1.37921 -36.5305 44.4977 -0.918149 -35.749 44.317 -0.324809 
-35.096 44.0951 0.39391 -34.5758 43.8019 1.19514 -34.1196 43.4468 2.0098 
-33.6846 43.0288 2.8063 -33.1457 42.6256 3.54164 -32.4194 42.3332 4.15716 
-31.5986 42.1651 4.69818 -30.7578 41.8564 5.07197 -30.0155 41.2084 5.18394 
-29.2974 40.515 5.13283 -28.5477 39.8635 5.02305 -27.78 39.2392 4.8794 
-26.9942 38.6408 4.72465 -26.1788 38.0832 4.56973 -25.3433 37.5592 4.40539 
-24.4995 37.0582 4.21334 -23.6526 36.5685 4.00586 -22.7981 36.0946 3.79369 
-21.9297 35.6449 3.5854 -21.0431 35.2304 3.38067 -20.1391 34.8539 3.1786 
-19.2191 34.5141 2.98473 -18.285 34.2103 2.79787 -17.3342 33.9573 2.62017 
-16.3729 33.7387 2.45324 -15.4003 33.5603 2.30499 -14.4157 33.4553 2.17395 
-13.6235 33.4989 2.08695 -12.8386 33.6371 2.0306 -11.8662 33.8689 2.01612 
-10.9011 34.1282 2.04477 -9.9465 34.42 2.10223 -9.00382 34.7447 2.1769 
-8.07582 35.1049 2.27082 -7.15767 35.4862 2.37842 -6.25158 35.8921 2.4968 
-5.36014 36.3268 2.62399 -4.4853 36.7907 2.76277 -3.61595 37.2635 2.90672 
-2.74213 37.7309 3.04039 -1.86382 38.1971 3.14494 -1.00646 38.7026 3.23343 
-0.216513 39.3033 3.34392 0.508947 39.9819 3.45378 1.19492 40.7058 3.51987 
1.82903 41.4769 3.5035 2.40356 42.2873 3.39793 3.05219 42.8407 3.04424 
3.81711 42.952 2.41233 4.53102 43.0469 1.7197 5.20762 43.2196 1.0051 
5.83207 43.4464 0.258001 6.4478 43.6867 -0.492287 7.08525 43.934 -1.22191 
7.7772 44.1679 -1.90319 8.54149 44.3757 -2.51214 9.35144 44.5776 -3.06239 
10.0299 44.7345 -3.45565 -37.8237 45.3683 -1.22394 -37.1209 45.0903 -0.971676 
-36.2638 44.8417 -0.526829 -35.537 44.6198 0.116137 -34.9606 44.3441 0.879967 
-34.524 43.9882 1.70491 -34.1507 43.5597 2.5269 -33.8036 43.0594 3.31949 
-33.3758 42.5639 4.07265 -32.7554 42.1514 4.72845 -31.9534 41.977 5.27968 
-31.0727 41.9892 5.74885 -30.2353 41.6456 5.98451 -29.5057 40.9688 5.9314 
-28.7529 40.3252 5.79792 -27.9588 39.7429 5.62559 -27.1524 39.1838 5.43388 
-26.3362 38.6437 5.22819 -25.5121 38.1187 5.01618 -24.6782 37.6148 4.79127 
-23.8349 37.1296 4.56016 -22.9775 36.6705 4.32797 -22.1044 36.2376 4.10452 
-21.2061 35.8515 3.8953 -20.2911 35.5018 3.69511 -19.3582 35.1958 3.50593 
-18.4122 34.9275 3.32504 -17.4529 34.7047 3.15245 -16.4831 34.5224 2.99184 
-15.5016 34.3901 2.85497 -14.5105 34.3198 2.74843 -13.5135 34.3409 2.68409 
-12.5191 34.4361 2.66419 -11.5324 34.593 2.69694 -10.5557 34.794 2.76702 
-9.58841 35.0286 2.86225 -8.63262 35.2982 2.97841 -7.68947 35.6009 3.11492 
-6.75733 35.9297 3.26573 -5.84161 36.2934 3.43552 -4.9444 36.6916 3.62589 
-4.06263 37.1148 3.83374 -3.18925 37.552 4.0483 -2.32167 38.0025 4.25889 
-1.46204 38.4747 4.45284 -0.624285 38.9882 4.63737 0.189035 39.5412 4.81691 
0.973452 40.1433 4.96367 1.70481 40.8164 5.04766 2.36275 41.5665 5.01807 
3.12438 41.8295 4.68278 3.93567 41.7704 4.10518 4.70751 41.8665 3.4844 
5.415 42.1117 2.82531 5.9949 42.4226 2.07523 6.54858 42.7057 1.2927 
7.1509 42.9386 0.530354 7.8425 43.106 -0.170406 8.62151 43.229 -0.782421 
9.48253 43.342 -1.27326 10.4035 43.4902 -1.62668 11.1639 43.6775 -1.78358 
-37.3766 45.7716 -2.84199 -36.7075 45.6466 -2.42465 -35.9242 45.4442 -1.83788 
-35.201 45.19 -1.19777 -34.5705 44.8638 -0.495521 -34.0199 44.487 0.248515 
-33.4702 44.1222 0.999326 -32.8176 43.8248 1.69382 -32.0649 43.6134 2.31311 
-31.2602 43.3975 2.85479 -30.5087 42.887 3.21755 -29.8509 42.1461 3.34138 
-29.1856 41.4006 3.36655 -28.5026 40.6717 3.32311 -27.8147 39.9494 3.25298 
-27.0888 39.2666 3.18458 -26.2942 38.6638 3.12443 -25.4622 38.1142 3.05201 
-24.6211 37.5825 2.95358 -23.7798 37.0558 2.8319 -22.9342 36.5391 2.69762 
-22.0764 36.0448 2.55815 -21.2026 35.5798 2.41655 -20.3092 35.154 2.27402 
-19.4018 34.7589 2.1314 -18.4763 34.4084 1.98942 -17.5366 34.096 1.85165 
-16.5823 33.8276 1.72064 -15.6176 33.5942 1.60055 -14.6378 33.4331 1.49501 
-13.6481 33.451 1.38874 -12.6734 33.6498 1.30383 -11.7092 33.9099 1.25795 
-10.7543 34.206 1.24302 -9.81038 34.5358 1.24428 -8.87918 34.8998 1.25565 
-7.96045 35.2939 1.27528 -7.05504 35.7173 1.30385 -6.15954 36.1611 1.33696 
-5.28091 36.6369 1.37499 -4.41484 37.1349 1.41753 -3.55444 37.6425 1.46205 
-2.68821 38.1405 1.50148 -1.81516 38.6277 1.51881 -0.959736 39.1449 1.52522 
-0.216889 39.8072 1.55714 0.430195 40.5672 1.60088 1.04615 41.3546 1.60466 
1.64261 42.1544 1.54442 2.17337 42.986 1.39023 2.62052 43.8457 1.1508 
3.07261 44.5433 0.73821 3.77381 44.6474 0.0863913 4.48816 44.7864 -0.594204 
5.14956 45.1006 -1.27006 5.6833 45.6434 -1.91167 6.13047 46.3147 -2.49922 
-38.1571 44.9942 -1.70463 -37.4444 44.7604 -1.4292 -36.5823 44.5428 -0.977397 
-35.7928 44.362 -0.394585 -35.1235 44.1459 0.311458 -34.5909 43.8575 1.10535 
-34.1292 43.5065 1.91868 -33.6923 43.0931 2.71665 -33.1545 42.6938 3.45512 
-32.4305 42.4066 4.07567 -31.6122 42.2407 4.62152 -30.7709 41.9355 5.00147 
-30.0275 41.2913 5.12063 -29.31 40.597 5.07493 -28.562 39.9429 4.96842 
-27.7964 39.3156 4.8267 -27.0113 38.7156 4.67432 -26.1976 38.1553 4.52121 
-25.3634 37.6282 4.35953 -24.5206 37.1244 4.17081 -23.674 36.6329 3.96627 
-22.8198 36.1571 3.75713 -21.952 35.705 3.55141 -21.0658 35.2882 3.34968 
-20.1623 34.9096 3.14986 -19.2423 34.5681 2.95815 -18.3082 34.2627 2.77386 
-17.3581 34.0061 2.59774 -16.3971 33.7854 2.43165 -15.4243 33.6078 2.28421 
-14.4395 33.5032 2.15444 -13.6468 33.5422 2.06788 -12.861 33.6742 2.01056 
-11.8877 33.902 1.99461 -10.9199 34.1523 2.01454 -9.96307 34.438 2.06503 
-9.0188 34.7592 2.13442 -8.08842 35.1151 2.22135 -7.16843 35.4937 2.32224 
-6.26107 35.8984 2.43499 -5.36818 36.3317 2.55612 -4.4915 36.7944 2.68732 
-3.62309 37.2704 2.82612 -2.75046 37.7408 2.95734 -1.8722 38.2058 3.06788 
-1.00806 38.702 3.14741 -0.196854 39.2761 3.23799 0.527548 39.9559 3.34858 
1.21609 40.6765 3.42374 1.8581 41.4415 3.42023 2.44664 42.2436 3.33033 
3.0608 42.9071 3.03894 3.81324 43.0286 2.45155 4.53337 43.0911 1.76267 
5.2078 43.2627 1.04588 5.82598 43.4931 0.294707 6.43253 43.7399 -0.460948 
7.05909 43.9982 -1.19613 7.74098 44.2451 -1.88277 8.49876 44.4648 -2.49554 
9.30473 44.6765 -3.04792 9.98001 44.8408 -3.44367 -38.1218 44.3028 -0.75221 
-37.2793 43.9941 -0.315753 -36.4795 43.7601 0.234623 -35.7685 43.5656 0.90561 
-35.1808 43.3301 1.67649 -34.757 42.9782 2.50825 -34.4026 42.5276 3.32631 
-34.0877 41.9954 4.11129 -33.7741 41.4131 4.8609 -33.3926 40.8069 5.55652 
-32.8074 40.2746 6.15095 -32.0167 39.917 6.62642 -31.1259 39.8403 7.04738 
-30.2577 39.6503 7.27094 -29.4803 39.0432 7.17992 -28.6724 38.4787 7.01372 
-27.8335 37.9702 6.82113 -26.9851 37.491 6.59705 -26.1337 37.0276 6.35127 
-25.2828 36.5745 6.08592 -24.436 36.1255 5.8008 -23.5865 35.6913 5.50123 
-22.7257 35.2789 5.20305 -21.8456 34.8996 4.91829 -20.9456 34.5555 4.65149 
-20.0277 34.2485 4.40042 -19.0983 33.9712 4.1575 -18.1559 33.7334 3.92288 
-17.2015 33.5351 3.70061 -16.2329 33.3854 3.50301 -15.2559 33.2689 3.32486 
-14.4669 33.2238 3.20343 -13.4761 33.2921 3.10757 -12.491 33.4557 3.0954 
-11.5126 33.6519 3.15684 -10.5417 33.8682 3.25769 -9.58163 34.1116 3.39414 
-8.63272 34.383 3.55409 -7.6958 34.682 3.73463 -6.77091 35.0055 3.93391 
-5.86124 35.3556 4.15706 -4.96356 35.7253 4.39647 -4.08015 36.1164 4.65426 
-3.20685 36.5238 4.92125 -2.33813 36.946 5.18018 -1.46878 37.3822 5.41163 
-0.61372 37.853 5.62812 0.219496 38.3636 5.83897 1.02342 38.9309 6.0161 
1.794 39.5543 6.13386 2.54804 40.1852 6.1098 3.41102 40.4712 5.78288 
4.25709 40.5384 5.25696 5.06469 40.7257 4.70216 5.71755 41.1154 4.06337 
6.20987 41.5778 3.32944 6.67426 41.9812 2.5421 7.20092 42.3045 1.75815 
7.877 42.5286 1.06025 8.65731 42.687 0.459289 9.51761 42.7982 -0.0360706 
10.4193 42.9198 -0.448786 11.1466 43.0875 -0.734963 -38.3684 45.3378 -1.44859 
-37.8507 45.0791 -1.29383 -36.9753 44.7712 -0.930373 -36.1394 44.5576 -0.431432 
-35.4283 44.3511 0.234372 -34.8769 44.0776 1.01804 -34.4339 43.7248 1.84135 
-34.0516 43.2987 2.65999 -33.6597 42.8188 3.44399 -33.1421 42.3658 4.16464 
-32.4276 42.0382 4.77169 -31.5933 41.9137 5.29656 -30.7178 41.7342 5.69001 
-29.9374 41.1579 5.79663 -29.2033 40.4855 5.70624 -28.4412 39.8522 5.57489 
-27.6477 39.2676 5.40665 -26.8419 38.7054 5.22101 -26.0222 38.1661 5.02881 
-25.1912 37.6479 4.8268 -24.3523 37.1502 4.60688 -23.5068 36.6688 4.37619 
-22.6484 36.2105 4.14564 -21.774 35.7802 3.922 -20.8779 35.3916 3.7085 
-19.9655 35.039 3.50159 -19.0368 34.725 3.30455 -18.0951 34.448 3.11511 
-17.1391 34.2186 2.93296 -16.1721 34.0294 2.7632 -15.192 33.8976 2.61822 
-14.4006 33.8405 2.52058 -13.605 33.8661 2.44792 -12.6139 33.9793 2.39168 
-11.6313 34.1627 2.39598 -10.6579 34.3859 2.44233 -9.69719 34.6507 2.5227 
-8.74743 34.9473 2.62123 -7.81153 35.2782 2.74145 -6.8863 35.6324 2.87689 
-5.97627 36.0179 3.02812 -5.08314 36.4358 3.19384 -4.20488 36.8789 3.37322 
-3.33214 37.3309 3.55766 -2.45862 37.7847 3.73367 -1.58559 38.2466 3.88916 
-0.738636 38.7581 4.03051 0.0651987 39.3314 4.18577 0.821949 39.9697 4.32361 
1.53695 40.6616 4.40685 2.1856 41.4206 4.3969 2.81805 42.0972 4.23878 
3.62366 42.1397 3.70308 4.39867 42.1909 3.07481 5.11766 42.3921 2.41217 
5.75449 42.6499 1.6877 6.32457 42.9107 0.908762 6.9325 43.1309 0.146803 
7.61732 43.2981 -0.560771 8.36358 43.4378 -1.21031 9.1891 43.5712 -1.75609 
10.0746 43.718 -2.19281 11.0233 43.91 -2.42711 -38.2504 44.6848 -0.911635 
-37.4029 44.3217 -0.531197 -36.5855 44.0559 -0.0258482 -35.8588 43.8552 0.628347 
-35.249 43.6245 1.38259 -34.8015 43.2967 2.21158 -34.4385 42.866 3.03597 
-34.12 42.3511 3.83121 -33.8087 41.7826 4.59239 -33.4353 41.1869 5.3014 
-32.9025 40.6332 5.92687 -32.1314 40.2578 6.42439 -31.2528 40.144 6.86694 
-30.3818 39.8338 7.06412 -29.6089 39.2074 6.98493 -28.8129 38.6223 6.83213 
-27.9915 38.0813 6.65387 -27.1515 37.5811 6.44422 -26.3044 37.1026 6.21329 
-25.4525 36.6425 5.96326 -24.6033 36.1897 5.69174 -23.7538 35.7487 5.40222 
-22.896 35.3255 5.11076 -22.0185 34.9376 4.82947 -21.1235 34.5806 4.56264 
-20.2113 34.2589 4.30933 -19.287 33.9667 4.06404 -18.349 33.7134 3.82812 
-17.3994 33.4962 3.60268 -16.435 33.3286 3.39923 -15.4619 33.1937 3.2132 
-14.4795 33.123 3.04801 -13.4916 33.2 2.9374 -12.707 33.3515 2.91794 
-11.7309 33.5633 2.95801 -10.7608 33.7898 3.04399 -9.80012 34.0396 3.16322 
-8.85031 34.3165 3.3078 -7.91326 34.6226 3.47524 -6.9865 34.9501 3.65889 
-6.07334 35.3025 3.86319 -5.1764 35.6819 4.08964 -4.29412 36.084 4.3341 
-3.41957 36.4985 4.58593 -2.54788 36.9244 4.82795 -1.67579 37.3669 5.03591 
-0.821795 37.849 5.23012 0.003536 38.3777 5.42694 0.798614 38.9589 5.59765 
1.56151 39.5923 5.7208 2.29189 40.2715 5.73561 3.09702 40.7529 5.51104 
3.94358 40.8542 5.00124 4.7472 40.985 4.42783 5.47627 41.2813 3.81871 
6.03215 41.6892 3.10013 6.53317 42.0631 2.32068 7.08137 42.3669 1.54242 
7.74538 42.5836 0.830074 8.51488 42.7305 0.212978 9.37086 42.8296 -0.291565 
10.2737 42.9432 -0.703884 11.0093 43.097 -0.976336 -37.8718 45.0844 -1.15675 
-37.0022 44.7602 -0.793251 -36.1771 44.5333 -0.281884 -35.468 44.3189 0.384624 
-34.9219 44.0416 1.16974 -34.4866 43.6896 1.99728 -34.1212 43.247 2.81502 
-33.7688 42.7463 3.6051 -33.3206 42.2416 4.34018 -32.6816 41.8272 4.97235 
-31.8632 41.6162 5.49588 -30.9799 41.5155 5.94894 -30.1469 41.0912 6.1366 
-29.4065 40.4256 6.07588 -28.6274 39.8164 5.93191 -27.8256 39.2453 5.75665 
-27.0105 38.7016 5.5573 -26.187 38.1741 5.34878 -25.3532 37.6672 5.13031 
-24.5138 37.1762 4.89759 -23.6671 36.7036 4.65311 -22.8097 36.2506 4.40929 
-21.9311 35.8336 4.17729 -21.0331 35.4544 3.95516 -20.1172 35.1145 3.74222 
-19.1874 34.8078 3.53944 -18.2447 34.5364 3.34573 -17.2892 34.3089 3.15958 
-16.3222 34.1239 2.98489 -15.344 33.986 2.83257 -14.553 33.9241 2.73291 
-13.7572 33.926 2.65779 -12.7643 34.0277 2.61021 -11.7773 34.1854 2.61217 
-10.8011 34.3933 2.66884 -9.83478 34.6349 2.75593 -8.88103 34.9133 2.86782 
-7.93865 35.2205 2.99948 -7.00892 35.5563 3.14991 -6.09186 35.9191 3.31462 
-5.19272 36.3161 3.49808 -4.30889 36.739 3.69773 -3.43475 37.1773 3.9069 
-2.56334 37.6224 4.11295 -1.69323 38.0795 4.29679 -0.839805 38.5718 4.46637 
-0.0219674 39.1201 4.63917 0.764112 39.7172 4.79523 1.5116 40.3716 4.89531 
2.20096 41.094 4.90917 2.93133 41.6345 4.67945 3.91357 41.7307 4.03346 
4.68592 41.8457 3.41503 5.39626 42.0931 2.75929 5.98657 42.3971 2.01431 
6.55007 42.6735 1.23636 7.16141 42.8997 0.479206 7.85904 43.0606 -0.217335 
8.63807 43.1809 -0.830076 9.49757 43.2918 -1.32424 10.417 43.4381 -1.68227 
11.1791 43.6202 -1.83685 -38.3432 45.4339 -2.35068 -37.6019 45.2462 -2.12157 
-36.7248 45.0513 -1.689 -35.9187 44.8698 -1.12806 -35.1876 44.658 -0.482536 
-34.5996 44.3662 0.269333 -34.0831 44.0216 1.0523 -33.5841 43.6496 1.83396 
-32.9787 43.3158 2.55189 -32.2314 43.114 3.17784 -31.4118 43.0265 3.74145 
-30.6017 42.6328 4.1111 -29.9071 41.9405 4.24224 -29.22 41.2149 4.23441 
-28.5036 40.5215 4.16383 -27.7688 39.8524 4.05351 -27.0153 39.2059 3.93466 
-26.2186 38.6131 3.81989 -25.3937 38.0609 3.70025 -24.5569 37.533 3.55623 
-23.7144 37.0191 3.3946 -22.8658 36.5189 3.22262 -22.006 36.0387 3.04958 
-21.1298 35.5892 2.87677 -20.2334 35.1805 2.70622 -19.3196 34.8101 2.5401 
-18.3902 34.479 2.37914 -17.445 34.1924 2.22323 -16.4883 33.9444 2.07164 
-15.5196 33.7419 1.9308 -14.538 33.603 1.80736 -13.7446 33.594 1.71901 
-12.7617 33.7509 1.6364 -11.7881 33.9735 1.59245 -10.8245 34.24 1.59032 
-9.87206 34.5433 1.61194 -8.93379 34.8866 1.64986 -8.00894 35.2632 1.70055 
-7.09736 35.6692 1.76429 -6.196 36.0964 1.83463 -5.31055 36.5547 1.91026 
-4.43931 37.0387 1.99135 -3.57581 37.5356 2.07723 -2.70915 38.0277 2.15929 
-1.83432 38.5086 2.21555 -0.97453 39.0173 2.25129 -0.201499 39.6438 2.3098 
0.488903 40.362 2.38603 1.13547 41.1239 2.41453 1.75603 41.9062 2.37667 
2.31743 42.7213 2.24631 2.80841 43.554 1.9983 3.47239 43.8999 1.43624 
4.19058 43.9538 0.743996 4.87346 44.1032 0.0301157 5.51826 44.3503 -0.690802 
6.09919 44.7295 -1.40886 6.6526 45.1999 -2.09559 7.24037 45.7162 -2.71702 
-37.1602 45.3132 -1.09631 -36.2894 45.0576 -0.685442 -35.5458 44.8302 -0.0657528 
-34.9692 44.5414 0.692398 -34.5272 44.1784 1.51205 -34.1483 43.7495 2.33081 
-33.7942 43.2534 3.12306 -33.3475 42.7758 3.87605 -32.6919 42.4066 4.52861 
-31.9007 42.2229 5.0913 -31.0179 42.2249 5.55678 -30.1797 41.9608 5.82325 
-29.482 41.2484 5.7646 -28.7402 40.5919 5.63437 -27.9563 39.9943 5.46839 
-27.1539 39.4275 5.2817 -26.3436 38.8766 5.08217 -25.524 38.3418 4.87666 
-24.6934 37.8286 4.66128 -23.8511 37.3376 4.43944 -22.9949 36.8718 4.21585 
-22.1217 36.4348 4.00091 -21.2248 36.0415 3.80022 -20.3087 35.6894 3.60945 
-19.375 35.3805 3.42852 -18.4303 35.1035 3.25394 -17.472 34.8727 3.08707 
-16.5035 34.6811 2.92869 -15.5241 34.5361 2.79138 -14.5344 34.4487 2.68217 
-13.5378 34.4488 2.6125 -12.5419 34.5275 2.58287 -11.5534 34.6736 2.6033 
-10.5744 34.8678 2.66216 -9.60777 35.1066 2.75167 -8.65272 35.3815 2.86154 
-7.70967 35.688 2.99027 -6.7763 36.0176 3.13174 -5.86169 36.3876 3.29369 
-4.96494 36.791 3.47447 -4.08368 37.2204 3.6719 -3.21093 37.6639 3.87575 
-2.34277 38.1179 4.0761 -1.48305 38.5941 4.25988 -0.645868 39.1116 4.43509 
0.161556 39.6753 4.60768 0.935719 40.2907 4.75123 1.65556 40.9775 4.83591 
2.28934 41.7477 4.81996 2.95527 42.0809 4.559 3.76885 41.962 3.99676 
4.54568 42.0142 3.37401 5.26801 42.2219 2.71793 5.87558 42.5103 1.98105 
6.42828 42.7911 1.19693 7.02657 43.0219 0.430348 7.70673 43.1931 -0.279617 
8.47081 43.3212 -0.910677 9.31276 43.4392 -1.43291 10.2194 43.583 -1.82125 
10.9844 43.7475 -1.98021 -38.1566 44.7698 -1.03159 -37.2996 44.4192 -0.66264 
-36.4704 44.1684 -0.167429 -35.7435 43.9689 0.485354 -35.1447 43.7321 1.24646 
-34.6916 43.406 2.07388 -34.3122 42.9915 2.89932 -33.9766 42.4862 3.69376 
-33.6129 41.9425 4.44932 -33.1003 41.4191 5.1178 -32.3746 41.0218 5.6684 
-31.5118 40.8705 6.1466 -30.6221 40.639 6.49268 -29.8432 40.042 6.50527 
-29.0828 39.4048 6.38441 -28.2844 38.8255 6.2224 -27.4686 38.2792 6.03302 
-26.6371 37.7646 5.82381 -25.7928 37.2753 5.60603 -24.9457 36.8026 5.36354 
-24.0987 36.3372 5.10652 -23.245 35.8906 4.83893 -22.3796 35.465 4.57468 
-21.4936 35.0762 4.32289 -20.59 34.7236 4.0803 -19.67 34.4074 3.84906 
-18.7376 34.1221 3.6275 -17.7906 33.8823 3.41507 -16.8317 33.6814 3.21551 
-15.86 33.5263 3.03827 -14.8791 33.4146 2.88206 -14.2854 33.3875 2.80167 
-13.8882 33.4121 2.76134 -13.0974 33.5139 2.7124 -12.1161 33.7033 2.71341 
-11.142 33.9215 2.7701 -10.1768 34.1654 2.86146 -9.22305 34.4404 2.98193 
-8.28074 34.7435 3.12317 -7.35154 35.0748 3.28636 -6.43254 35.4271 3.46309 
-5.5274 35.8052 3.65656 -4.63786 36.2098 3.86827 -3.75901 36.6312 4.0919 
-2.88599 37.0635 4.31775 -2.01143 37.5026 4.52282 -1.14265 37.963 4.7043 
-0.307755 38.4831 4.88117 0.49832 39.048 5.05667 1.26743 39.6718 5.19024 
2.00477 40.3425 5.2578 2.71631 41.0332 5.17119 3.53082 41.3218 4.78258 
4.34026 41.3867 4.20245 5.10707 41.5935 3.59873 5.74768 41.9248 2.9116 
6.27851 42.2787 2.14293 6.83863 42.5627 1.36583 7.46672 42.7869 0.622936 
8.21373 42.9315 -0.0234516 9.03036 43.0407 -0.588302 9.92352 43.1499 -1.02072 
10.8526 43.3256 -1.33871 -38.1205 44.8402 -0.813912 -37.2791 44.4538 -0.445983 
-36.4627 44.1834 0.0583666 -35.7495 43.9708 0.72104 -35.1667 43.7234 1.492 
-34.742 43.3727 2.32401 -34.39 42.9263 3.14506 -34.084 42.3957 3.93496 
-33.7804 41.8166 4.69125 -33.4191 41.2102 5.39771 -32.8542 40.6697 6.00469 
-32.0785 40.3105 6.5021 -31.2042 40.2811 6.95117 -30.322 40.2494 7.24463 
-29.5438 39.6801 7.17432 -28.7528 39.0952 7.00096 -27.9236 38.575 6.798 
-27.0814 38.0875 6.56794 -26.2376 37.613 6.31736 -25.3943 37.1471 6.04977 
-24.5517 36.6883 5.7677 -23.7036 36.2446 5.4784 -22.8425 35.825 5.19155 
-21.9605 35.4401 4.92015 -21.0584 35.0917 4.66648 -20.1349 34.7881 4.43273 
-19.2002 34.5124 4.20845 -18.2527 34.2782 3.99203 -17.295 34.0798 3.78414 
-16.3235 33.9307 3.60111 -15.342 33.8216 3.44581 -14.5489 33.7803 3.35148 
-13.5528 33.8088 3.28119 -12.559 33.9117 3.27176 -11.5732 34.0658 3.33211 
-10.5968 34.2537 3.43623 -9.63159 34.4744 3.57482 -8.67755 34.7252 3.7381 
-7.73479 35.0035 3.92124 -6.80321 35.3066 4.1214 -5.88483 35.6354 4.34104 
-4.98277 35.9919 4.58368 -4.09881 36.3758 4.85012 -3.22714 36.7785 5.12925 
-2.36441 37.2021 5.4053 -1.50356 37.6419 5.66089 -0.653174 38.109 5.90262 
0.182942 38.6086 6.1281 0.994987 39.1596 6.31828 1.75943 39.7876 6.44745 
2.54075 40.3306 6.37217 3.42664 40.4279 5.97334 4.27603 40.4644 5.45087 
5.08172 40.6559 4.89615 5.72183 41.0575 4.25472 6.18843 41.5428 3.51915 
6.62342 41.9684 2.72646 7.1126 42.3203 1.92967 7.75058 42.5701 1.20627 
8.50905 42.7479 0.583782 9.35736 42.8745 0.072333 10.2513 42.9965 -0.357796 
10.9772 43.1637 -0.646717 -38.2254 44.9811 -1.76709 -37.5097 44.748 -1.49894 
-36.6448 44.5396 -1.04669 -35.8429 44.3671 -0.4778 -35.1656 44.1547 0.219785 
-34.6214 43.8744 1.00907 -34.1523 43.5275 1.82012 -33.7198 43.1253 2.62646 
-33.1633 42.7384 3.35602 -32.4543 42.4403 3.98864 -31.6308 42.2987 4.53522 
-30.7889 41.9955 4.92686 -30.0696 41.3105 5.01568 -29.3569 40.6106 4.98952 
-28.6248 39.9359 4.90172 -27.8722 39.2906 4.77176 -27.1024 38.6694 4.6262 
-26.3003 38.0905 4.48123 -25.4682 37.5572 4.3307 -24.625 37.0488 4.15629 
-23.7788 36.5542 3.95791 -22.9297 36.0688 3.74963 -22.0679 35.606 3.54247 
-21.1903 35.1729 3.33804 -20.2961 34.7752 3.13275 -19.3871 34.4091 2.93445 
-18.4612 34.083 2.74447 -17.5215 33.795 2.5609 -16.5675 33.5486 2.39085 
-15.6048 33.3273 2.23529 -14.633 33.1419 2.09613 -13.6499 33.1058 1.95881 
-12.6858 33.3475 1.86864 -11.7269 33.6285 1.84024 -10.7702 33.9188 1.85964 
-9.82058 34.229 1.90294 -8.88526 34.5765 1.96598 -7.9624 34.9537 2.04303 
-7.05213 35.3568 2.13684 -6.15057 35.7774 2.23761 -5.26338 36.2265 2.34262 
-4.39061 36.7019 2.45297 -3.52414 37.1874 2.56889 -2.65106 37.6631 2.67501 
-1.76735 38.1254 2.74558 -0.897541 38.6164 2.78548 -0.117264 39.233 2.85132 
0.573454 39.95 2.93432 1.22458 40.7072 2.98071 1.85312 41.4832 2.96063 
2.43636 42.2861 2.84565 3.01219 43.0496 2.57616 3.73401 43.3035 1.98613 
4.45149 43.4121 1.29974 5.12105 43.5991 0.581591 5.75146 43.8293 -0.159305 
6.34975 44.1118 -0.90883 6.96885 44.4253 -1.62824 7.64998 44.7318 -2.29134 
8.39956 45.016 -2.88815 9.18938 45.2946 -3.43423 -38.2615 44.7915 -1.0494 
-37.5752 44.4941 -0.768274 -36.737 44.2191 -0.303435 -35.9717 44.0102 0.300644 
-35.3329 43.7904 1.0338 -34.8388 43.4975 1.84895 -34.4451 43.107 2.67932 
-34.1061 42.6273 3.48779 -33.7621 42.0848 4.25353 -33.3454 41.5277 4.96881 
-32.709 41.0575 5.5634 -31.8989 40.7734 6.06448 -31.018 40.6168 6.4813 
-30.187 40.1438 6.63011 -29.4366 39.4908 6.53848 -28.6528 38.8881 6.3943 
-27.8426 38.3301 6.21613 -27.0167 37.8037 6.01481 -26.1758 37.3075 5.79897 
-25.3257 36.8359 5.56504 -24.4768 36.3732 5.31 -23.6266 35.9208 5.04082 
-22.7663 35.4898 4.7687 -21.8909 35.0856 4.50384 -20.9934 34.7238 4.25249 
-20.0826 34.3904 4.00916 -19.1575 34.0912 3.77599 -18.2201 33.8254 3.55151 
-17.2671 33.6087 3.34091 -16.3027 33.4303 3.14628 -15.3276 33.2939 2.97288 
-14.3439 33.214 2.81787 -13.75 33.25 2.75 -12.9622 33.3741 2.69961 
-11.9847 33.5824 2.69981 -11.0137 33.8133 2.75755 -10.0492 34.0619 2.84528 
-9.09763 34.3444 2.96529 -8.15714 34.6535 3.10598 -7.22897 34.9884 3.26749 
-6.31213 35.3461 3.44446 -5.41049 35.7318 3.63926 -4.52386 36.1429 3.85075 
-3.64631 36.5683 4.07201 -2.77174 37 4.29281 -1.89428 37.4373 4.48906 
-1.02487 37.9012 4.65761 -0.191587 38.4266 4.82467 0.599711 39.0149 4.98948 
1.36028 39.6512 5.11188 2.08892 40.333 5.16127 2.80243 41.0177 5.05562 
3.612 41.3111 4.6459 4.41545 41.4061 4.06156 5.172 41.6339 3.45283 
5.7969 41.9702 2.75164 6.33823 42.3053 1.98145 6.91488 42.5737 1.21094 
7.5714 42.7769 0.487549 8.32702 42.9132 -0.150822 9.16059 43.0148 -0.691167 
10.0622 43.1282 -1.1037 10.9941 43.3233 -1.4019 -37.7648 45.3356 -2.04944 
-36.8709 45.1161 -1.66603 -36.0457 44.9267 -1.1365 -35.2987 44.7185 -0.508617 
-34.7067 44.4322 0.241572 -34.1926 44.0904 1.02726 -33.7194 43.7056 1.81925 
-33.1681 43.3402 2.56639 -32.4497 43.0977 3.21179 -31.6441 43.0086 3.792 
-30.8075 42.7526 4.21883 -30.0816 42.1101 4.39664 -29.3981 41.3816 4.40835 
-28.6792 40.691 4.33843 -27.9367 40.0312 4.22477 -27.1749 39.3963 4.09688 
-26.3748 38.8101 3.97151 -25.552 38.2571 3.84169 -24.7167 37.7293 3.68812 
-23.8745 37.2169 3.52087 -23.0239 36.7218 3.34389 -22.1619 36.2466 3.16778 
-21.2794 35.8104 2.9933 -20.3802 35.4082 2.82133 -19.4618 35.0496 2.65551 
-18.5277 34.7309 2.49514 -17.5782 34.4587 2.34069 -16.6172 34.2266 2.19147 
-15.6433 34.0512 2.05182 -14.6575 33.9434 1.92656 -13.6643 33.9543 1.82336 
-12.6751 34.0714 1.7483 -11.6962 34.2718 1.72153 -10.7268 34.516 1.72706 
-9.77137 34.8088 1.76016 -8.82828 35.1375 1.80752 -7.90097 35.5059 1.87176 
-6.98507 35.8999 1.94761 -6.08095 36.3187 2.0313 -5.19295 36.769 2.12277 
-4.3216 37.249 2.22415 -3.456 37.7383 2.33027 -2.58708 38.2233 2.42915 
-1.71552 38.7071 2.50719 -0.867838 39.2319 2.5724 -0.0933838 39.856 2.65521 
0.610968 40.5601 2.7374 1.27901 41.3027 2.77374 1.8991 42.0848 2.72669 
2.44703 42.9087 2.59517 3.00081 43.5038 2.25224 3.87794 43.6302 1.48928 
4.58216 43.7325 0.788319 5.23998 43.9305 0.0619266 5.85781 44.1928 -0.677423 
6.43664 44.5554 -1.40695 7.03722 44.9572 -2.09792 7.55952 45.2859 -2.6054 
-38.1591 44.5247 -0.776913 -37.1522 44.1161 -0.277568 -36.3603 43.8761 0.280205 
-35.6682 43.6766 0.9698 -35.1038 43.4249 1.75186 -34.6941 43.0574 2.58413 
-34.3535 42.5886 3.39787 -34.0462 42.0466 4.17925 -33.7354 41.4582 4.9252 
-33.3532 40.8482 5.61696 -32.7678 40.3123 6.2086 -31.9654 40.0011 6.68731 
-31.0795 40.0464 7.12564 -30.2237 39.881 7.33726 -29.4555 39.2525 7.22766 
-28.6488 38.6891 7.05371 -27.8092 38.1849 6.85317 -26.9594 37.7114 6.62181 
-26.1106 37.2469 6.3693 -25.2638 36.7908 6.09593 -24.4192 36.339 5.80878 
-23.5712 35.9002 5.51161 -22.7119 35.4831 5.21603 -21.8323 35.1001 4.93411 
-20.9335 34.7514 4.66935 -20.0144 34.4437 4.42374 -19.0838 34.1648 4.18731 
-18.1417 33.9216 3.95691 -17.188 33.7177 3.73682 -16.2197 33.564 3.54121 
-15.2414 33.449 3.37004 -14.4522 33.3949 3.25386 -13.6579 33.4088 3.16895 
-12.6682 33.5418 3.13959 -11.6847 33.7164 3.17511 -10.7098 33.9189 3.26611 
-9.74352 34.1451 3.38763 -8.79098 34.4068 3.54222 -7.84921 34.6944 3.71606 
-6.91949 35.0079 3.90875 -6.0011 35.3427 4.11917 -5.10093 35.7084 4.35501 
-4.21446 36.0954 4.60855 -3.34112 36.5023 4.87623 -2.47282 36.9216 5.14112 
-1.6042 37.356 5.3789 -0.745762 37.8193 5.5983 0.0896634 38.3254 5.8114 
0.899822 38.8806 5.99729 1.67752 39.4928 6.12605 2.59336 40.23 6.08738 
3.46288 40.4774 5.73079 4.3066 40.5435 5.20028 5.10794 40.7441 4.64291 
5.75115 41.1404 3.99833 6.23993 41.6006 3.2602 6.71163 41.9981 2.47427 
7.25064 42.3121 1.69511 7.93203 42.5327 1.0003 8.71706 42.6866 0.404972 
9.58261 42.7935 -0.0823022 10.4869 42.9165 -0.488412 11.2139 43.0962 -0.766546 
-38.14 45.1425 -1.14823 -37.2786 44.7653 -0.817968 -36.4326 44.5048 -0.359277 
-35.6928 44.3004 0.27624 -35.0922 44.052 1.03016 -34.6411 43.7232 1.85848 
-34.2579 43.3087 2.68258 -33.9228 42.8079 3.48009 -33.5411 42.2818 4.23902 
-33.0008 41.7917 4.91266 -32.2695 41.4249 5.47538 -31.4077 41.2978 5.95752 
-30.5366 41.0324 6.26781 -29.7827 40.3799 6.25648 -29.0212 39.7438 6.13893 
-28.2254 39.1607 5.97787 -27.4131 38.6087 5.7897 -26.5915 38.0766 5.58577 
-25.7573 37.5676 5.37358 -24.915 37.0798 5.14457 -24.0709 36.6022 4.90104 
-23.2199 36.1427 4.64678 -22.3561 35.7066 4.39532 -21.4727 35.3047 4.15496 
-20.5731 34.9366 3.92051 -19.6557 34.6075 3.69747 -18.7248 34.3104 3.48512 
-17.7793 34.0577 3.28081 -16.8218 33.8462 3.08565 -15.8525 33.6768 2.9091 
-14.8721 33.5533 2.75751 -14.2785 33.5191 2.68021 -13.8812 33.5164 2.6341 
-13.2867 33.5804 2.59016 -12.3027 33.7528 2.56339 -11.3255 33.9618 2.59174 
-10.3573 34.2012 2.66165 -9.40044 34.4734 2.76125 -8.45662 34.7796 2.88446 
-7.52309 35.1085 3.02675 -6.60199 35.4634 3.18593 -5.69489 35.8465 3.3596 
-4.80467 36.2604 3.54963 -3.92653 36.6937 3.75199 -3.05292 37.1346 3.95806 
-2.17752 37.5783 4.1495 -1.30304 38.0346 4.31317 -0.460863 38.5482 4.4714 
0.334316 39.131 4.63679 1.09522 39.7646 4.77317 1.82086 40.4468 4.84192 
2.49817 41.1782 4.80104 3.27974 41.6009 4.45029 4.08764 41.6856 3.87842 
4.84858 41.8576 3.25764 5.54332 42.1213 2.5919 6.11366 42.4262 1.83002 
6.68896 42.6912 1.05682 7.32869 42.8952 0.318019 8.04982 43.0395 -0.358202 
8.85367 43.1498 -0.940197 9.72774 43.2623 -1.40756 10.6595 43.4262 -1.72252 
-38.0102 44.7857 -1.41386 -37.1329 44.5031 -1.032 -36.2942 44.2971 -0.53174 
-35.5642 44.1052 0.119879 -34.9672 43.8645 0.881037 -34.4801 43.5541 1.69592 
-34.0667 43.1646 2.51761 -33.6445 42.7119 3.30188 -33.1012 42.2833 4.01581 
-32.3611 41.975 4.60696 -31.5231 41.815 5.12268 -30.6669 41.5294 5.48943 
-29.9151 40.9045 5.57536 -29.1845 40.2273 5.49808 -28.4194 39.5969 5.36907 
-27.6339 39.0001 5.20649 -26.8317 38.4278 5.03635 -26.0054 37.8928 4.86138 
-25.1663 37.3835 4.67083 -24.3223 36.8922 4.45601 -23.4751 36.4114 4.23024 
-22.6162 35.9526 4.00305 -21.7406 35.5227 3.78321 -20.8469 35.1298 3.56779 
-19.9367 34.7726 3.35838 -19.0109 34.4521 3.15889 -18.0708 34.1719 2.9657 
-17.1155 33.9411 2.78243 -16.149 33.7475 2.61428 -15.1713 33.6005 2.46717 
-14.3813 33.5346 2.36427 -13.7856 33.5654 2.30171 -12.8002 33.7133 2.24016 
-11.823 33.9238 2.23305 -10.8553 34.1714 2.2786 -9.89667 34.4468 2.34804 
-8.95198 34.7611 2.44041 -8.01956 35.1047 2.55152 -7.09775 35.4709 2.67805 
-6.18775 35.8613 2.81668 -5.29712 36.2889 2.97046 -4.42001 36.74 3.13516 
-3.5492 37.2009 3.30623 -2.67521 37.6587 3.46896 -1.79837 38.1182 3.60965 
-0.936305 38.6095 3.73189 -0.129246 39.1822 3.86783 0.62403 39.8243 4.00599 
1.33562 40.519 4.0984 1.9958 41.2687 4.11487 2.59267 42.0641 4.02188 
3.33399 42.4331 3.64061 4.11133 42.4596 3.0137 4.84048 42.5949 2.34685 
5.49669 42.8208 1.6288 6.07966 43.0699 0.855917 6.67951 43.2967 0.0894267 
7.32665 43.4935 -0.646415 8.0406 43.6653 -1.32396 8.82619 43.8215 -1.92078 
9.67372 43.9822 -2.42341 10.59 44.1517 -2.77419 -38.2268 44.8295 -1.24401 
-37.7042 44.6194 -1.03866 -36.8476 44.3519 -0.60252 -36.049 44.1444 -0.0421849 
-35.3759 43.9358 0.662732 -34.8418 43.6658 1.46094 -34.4099 43.3091 2.28741 
-34.0442 42.8594 3.10111 -33.6612 42.3599 3.87698 -33.1514 41.87 4.57923 
-32.422 41.5075 5.14732 -31.5831 41.2884 5.64032 -30.7354 40.9573 5.96806 
-29.9873 40.3025 6.0037 -29.2422 39.6423 5.91201 -28.4739 39.0157 5.7835 
-27.6899 38.4172 5.61967 -26.8825 37.8551 5.44218 -26.0471 37.3376 5.25871 
-25.1969 36.8526 5.05433 -24.347 36.3782 4.82524 -23.4967 35.9135 4.57841 
-22.6385 35.4661 4.32681 -21.765 35.0463 4.08101 -20.8714 34.6671 3.84131 
-19.9644 34.3158 3.60942 -19.0418 34.0005 3.38784 -18.1061 33.7209 3.17372 
-17.1549 33.4881 2.9719 -16.1931 33.2878 2.78557 -15.2247 33.1073 2.61417 
-14.4456 32.9804 2.48436 -13.658 33.0048 2.3618 -12.6881 33.2114 2.26834 
-11.7275 33.4883 2.27089 -10.7678 33.7658 2.31324 -9.81549 34.0609 2.38907 
-8.87404 34.3839 2.48456 -7.94525 34.7358 2.59964 -7.02587 35.1065 2.73098 
-6.11955 35.5025 2.87781 -5.22554 35.9226 3.03297 -4.34844 36.3739 3.19733 
-3.47561 36.8321 3.36526 -2.5972 37.2827 3.5239 -1.7114 37.7281 3.65323 
-0.841641 38.2092 3.75271 -0.0505847 38.8053 3.86834 0.671923 39.4835 3.99946 
1.36482 40.198 4.0918 2.01307 40.958 4.09757 2.62361 41.744 4.01252 
3.33448 42.2251 3.66048 4.11795 42.3001 3.04539 4.84872 42.4635 2.38585 
5.51989 42.6955 1.68349 6.10539 42.9469 0.91312 6.70771 43.173 0.148258 
7.36889 43.3566 -0.578071 8.08718 43.5142 -1.25512 8.88251 43.6577 -1.84198 
9.73849 43.8108 -2.33199 10.6615 43.9806 -2.66662 -38.2271 44.9912 -1.85052 
-37.5081 44.7676 -1.58319 -36.6435 44.5646 -1.1277 -35.8391 44.3946 -0.561291 
-35.1558 44.1841 0.13121 -34.6035 43.9055 0.915397 -34.1251 43.5632 1.7231 
-33.677 43.1716 2.52616 -33.0849 42.8108 3.24016 -32.3591 42.5334 3.86649 
-31.5381 42.3789 4.41241 -30.7216 41.9935 4.77206 -30.0122 41.2982 4.8647 
-29.3063 40.5919 4.83367 -28.574 39.9188 4.73344 -27.8307 39.2625 4.6041 
-27.0602 38.6407 4.46662 -26.2519 38.068 4.33286 -25.4137 37.5425 4.18828 
-24.5702 37.0321 4.02111 -23.7244 36.5345 3.82918 -22.8757 36.0456 3.62726 
-22.0145 35.5788 3.4265 -21.1382 35.1404 3.22754 -20.2456 34.7372 3.02662 
-19.3359 34.3699 2.83347 -18.4106 34.04 2.64767 -17.4715 33.7477 2.46823 
-16.5184 33.4948 2.30224 -15.5575 33.2631 2.15067 -14.5883 33.0602 2.01437 
-13.6063 33.0037 1.87209 -12.6494 33.2654 1.77249 -11.6962 33.565 1.74081 
-10.7431 33.867 1.75574 -9.79657 34.1871 1.79251 -8.86438 34.5444 1.84819 
-7.94496 34.9312 1.91776 -7.03707 35.3417 2.00208 -6.1382 35.7703 2.09278 
-5.25336 36.2267 2.18549 -4.38257 36.7086 2.28187 -3.51687 37.199 2.38269 
-2.64421 37.6786 2.47358 -1.75977 38.1416 2.52842 -0.889425 38.6327 2.55102 
-0.116515 39.2587 2.60381 0.55758 39.992 2.67869 1.19274 40.7631 2.71719 
1.81205 41.5463 2.68918 2.38551 42.3542 2.56207 2.92261 43.162 2.32747 
3.61952 43.4806 1.75282 4.34086 43.5814 1.06882 5.01648 43.7607 0.354703 
5.65905 43.9822 -0.378471 6.26493 44.2819 -1.11442 6.88364 44.6307 -1.81779 
7.54769 44.9841 -2.47517 8.27901 45.3219 -3.06673 -38.128 44.8276 -0.893192 
-37.2798 44.4482 -0.530552 -36.4655 44.1912 -0.0155616 -35.7458 43.9819 0.641502 
-35.1766 43.7289 1.4204 -34.7378 43.3935 2.25152 -34.3823 42.9514 3.07306 
-34.0697 42.4318 3.8676 -33.7534 41.8558 4.62099 -33.3792 41.2599 5.33019 
-32.7676 40.7532 5.92012 -31.9686 40.4302 6.41133 -31.0754 40.3739 6.84382 
-30.2241 40.0177 6.9986 -29.4613 39.3811 6.89023 -28.6665 38.7958 6.73427 
-27.8418 38.2637 6.54441 -27.0023 37.7657 6.32751 -26.1571 37.2862 6.09186 
-25.3087 36.8212 5.83927 -24.4617 36.3646 5.56698 -23.6115 35.9212 5.28355 
-22.75 35.5 5 -21.8748 35.1028 4.72442 -20.9802 34.7403 4.46357 
-20.0669 34.4159 4.21759 -19.1406 34.1237 3.98055 -18.2034 33.8624 3.75037 
-17.2514 33.6479 3.53255 -16.2865 33.477 3.33439 -15.3112 33.3454 3.15782 
-14.3271 33.2673 3.00248 -13.5349 33.2954 2.90873 -12.7465 33.4221 2.87234 
-11.7685 33.6272 2.9012 -10.7962 33.8486 2.97314 -9.83309 34.0944 3.08136 
-8.88153 34.3697 3.21708 -7.94232 34.674 3.37531 -7.01398 35.0014 3.55094 
-6.0991 35.3545 3.74616 -5.1978 35.7312 3.95957 -4.31169 36.1321 4.19195 
-3.43473 36.5479 4.43275 -2.56121 36.9732 4.6695 -1.68652 37.4086 4.88167 
-0.826306 37.8846 5.06319 0.0029395 38.4106 5.24986 0.796546 38.9943 5.41923 
1.55831 39.6287 5.54169 2.28517 40.3121 5.56474 3.0719 40.8487 5.35848 
3.91519 40.9815 4.85729 4.71761 41.1012 4.27816 5.43619 41.4027 3.65937 
6.00226 41.7945 2.93794 6.51421 42.1556 2.15944 7.07858 42.4408 1.38596 
7.74557 42.6491 0.674342 8.5177 42.7871 0.0569135 9.37108 42.8858 -0.451505 
10.2759 42.9971 -0.860676 11.0151 43.1487 -1.12367 -38.1782 45.0278 -0.895811 
-37.334 44.6266 -0.549915 -36.5052 44.3455 -0.0735319 -35.772 44.1304 0.566566 
-35.1833 43.8804 1.33069 -34.7488 43.538 2.1613 -34.3882 43.1029 2.98443 
-34.0812 42.5762 3.77676 -33.7715 42.0076 4.53846 -33.4031 41.4119 5.25057 
-32.8451 40.875 5.86825 -32.0581 40.5468 6.37046 -31.1814 40.4943 6.82541 
-30.2941 40.3909 7.10323 -29.5166 39.8133 7.03168 -28.7265 39.2265 6.85844 
-27.9026 38.6977 6.65629 -27.0655 38.2006 6.4284 -26.2249 37.7185 6.18139 
-25.3828 37.2469 5.91986 -24.5404 36.7838 5.64454 -23.6925 36.3354 5.36193 
-22.8316 35.9114 5.08127 -21.9475 35.5256 4.81769 -21.0455 35.1732 4.56966 
-20.1222 34.8658 4.33953 -19.1878 34.5868 4.11864 -18.2429 34.3396 3.90465 
-17.2865 34.1327 3.69953 -16.3183 33.9687 3.51163 -15.3383 33.8507 3.35365 
-14.5469 33.7973 3.25289 -13.5515 33.8128 3.1721 -12.5576 33.9133 3.14819 
-11.5705 34.0655 3.18821 -10.5927 34.2542 3.27645 -9.62708 34.4798 3.40452 
-8.67184 34.734 3.55491 -7.72942 35.0197 3.7281 -6.79704 35.3277 3.91685 
-5.87902 35.6635 4.12706 -4.97864 36.03 4.36098 -4.0951 36.4229 4.61559 
-3.22287 36.8337 4.8808 -2.35808 37.2625 5.1418 -1.49472 37.7075 5.3793 
-0.644274 38.1826 5.60459 0.187214 38.6946 5.8188 0.996709 39.2512 6.00398 
1.76192 39.8798 6.13163 2.52642 40.4777 6.08331 3.39562 40.6667 5.70889 
4.2363 40.6976 5.16988 5.0366 40.8702 4.60254 5.70499 41.2329 3.96529 
6.18972 41.6862 3.22054 6.65645 42.0814 2.43047 7.19354 42.394 1.64926 
7.86657 42.6161 0.946718 8.64436 42.7727 0.342708 9.50592 42.8831 -0.150513 
10.4088 43.008 -0.560266 11.1373 43.1917 -0.831768 -37.1959 46.1325 -2.99828 
-36.5674 45.9563 -2.53678 -35.8221 45.6933 -1.92465 -35.1279 45.3884 -1.27409 
-34.5214 45.0226 -0.570141 -33.9891 44.6162 0.172005 -33.4463 44.2357 0.919714 
-32.8066 43.9318 1.62229 -32.0543 43.7298 2.24468 -31.2474 43.5283 2.78924 
-30.51 42.9841 3.1285 -29.8524 42.2443 3.25936 -29.1863 41.4997 3.28927 
-28.503 40.7711 3.24778 -27.8129 40.0508 3.17931 -27.0852 39.3695 3.11223 
-26.2913 38.7656 3.05335 -25.4603 38.2144 2.98109 -24.6208 37.6796 2.88484 
-23.7803 37.1507 2.76767 -22.9347 36.6329 2.63807 -22.0762 36.1384 2.50347 
-21.2016 35.6737 2.36603 -20.307 35.2489 2.2283 -19.3969 34.8586 2.0898 
-18.4697 34.5109 1.95163 -17.528 34.2029 1.81795 -16.571 33.9435 1.68966 
-15.6027 33.7251 1.56981 -14.6196 33.5868 1.46315 -13.6285 33.6108 1.3601 
-12.6499 33.7925 1.27868 -11.6823 34.0396 1.23343 -10.7251 34.3282 1.21619 
-9.7801 34.6547 1.21555 -8.84968 35.0206 1.22615 -7.93198 35.4172 1.24516 
-7.0263 35.8402 1.27191 -6.13135 36.2851 1.3032 -5.2525 36.7605 1.3402 
-4.38646 37.2587 1.38227 -3.52596 37.7661 1.42673 -2.66031 38.2651 1.46676 
-1.78995 38.7569 1.48637 -0.940318 39.2833 1.49792 -0.201125 39.9505 1.53395 
0.450651 40.7067 1.57601 1.07139 41.4903 1.5758 1.66451 42.2918 1.51145 
2.17863 43.1312 1.34342 2.60046 44.0014 1.0959 3.04124 44.5877 0.69461 
3.89119 44.6611 -0.0878435 4.603 44.8338 -0.763628 5.24441 45.1986 -1.43041 
5.76881 45.7612 -2.06331 6.21398 46.4574 -2.62249 -38.2993 45.3669 -1.28659 
-37.7844 45.1 -1.13412 -36.9147 44.7862 -0.763663 -36.0894 44.5616 -0.252481 
-35.4016 44.3422 0.435259 -34.8709 44.0578 1.22812 -34.4485 43.6922 2.05631 
-34.0872 43.2449 2.87309 -33.7338 42.7376 3.65858 -33.2854 42.2327 4.39313 
-32.6085 41.8484 5.00765 -31.7833 41.6722 5.53104 -30.9025 41.5662 5.95759 
-30.0864 41.0757 6.10884 -29.3476 40.4079 6.03037 -28.5692 39.7978 5.88692 
-27.7676 39.2269 5.71019 -26.9529 38.6821 5.51173 -26.1286 38.1558 5.30355 
-25.2953 37.6471 5.08709 -24.4553 37.1576 4.85351 -23.6083 36.6847 4.61084 
-22.7485 36.2346 4.37023 -21.8697 35.8172 4.13968 -20.97 35.4405 3.91957 
-20.0543 35.0997 3.7076 -19.1212 34.8008 3.50814 -18.1758 34.5381 3.3167 
-17.2167 34.3225 3.13425 -16.2462 34.1503 2.96689 -15.2632 34.0354 2.82713 
-14.2703 33.9984 2.72042 -13.4738 34.0392 2.66508 -12.4824 34.1633 2.64368 
-11.4982 34.3353 2.6729 -10.5252 34.5525 2.74717 -9.56252 34.8034 2.84773 
-8.61401 35.0931 2.97432 -7.67559 35.4072 3.11804 -6.74894 35.7476 3.27651 
-5.83908 36.1219 3.45439 -4.94665 36.5273 3.65203 -4.06668 36.9524 3.86385 
-3.19523 37.392 4.08112 -2.3263 37.8408 4.28986 -1.46375 38.3086 4.48153 
-0.621359 38.8155 4.66313 0.191723 39.369 4.84194 0.978412 39.9675 4.99115 
1.71123 40.64 5.06697 2.38625 41.3738 5.03664 3.1466 41.7639 4.73201 
3.9659 41.7195 4.16269 4.73977 41.816 3.54369 5.45761 42.061 2.89465 
6.02667 42.3824 2.13993 6.57407 42.6751 1.35686 7.17987 42.907 0.597064 
7.86878 43.0788 -0.104971 8.66152 43.1966 -0.699961 9.52612 43.3028 -1.18705 
10.451 43.4593 -1.52477 -38.1547 44.9975 -1.67133 -37.4433 44.7596 -1.39637 
-36.5812 44.5392 -0.945864 -35.7933 44.3571 -0.361509 -35.1265 44.1398 0.346565 
-34.5977 43.85 1.14242 -34.1397 43.4967 1.95691 -33.7096 43.0783 2.756 
-33.1819 42.6713 3.49774 -32.4636 42.3739 4.11984 -31.6467 42.2078 4.66674 
-30.7987 41.9266 5.05697 -30.0475 41.2976 5.1853 -29.3296 40.6039 5.13894 
-28.5802 39.9519 5.03096 -27.8104 39.3305 4.88515 -27.0233 38.7337 4.72979 
-26.2096 38.1744 4.57301 -25.3759 37.6476 4.40794 -24.5334 37.1442 4.21658 
-23.687 36.6537 4.00969 -22.8325 36.1791 3.79846 -21.9643 35.7285 3.59085 
-21.0777 35.3134 3.38796 -20.1748 34.9338 3.18688 -19.2543 34.5943 2.99428 
-18.3199 34.2908 2.80909 -17.3692 34.0365 2.63223 -16.4077 33.8187 2.46525 
-15.4342 33.6456 2.31733 -14.4488 33.5453 2.18815 -13.6557 33.5822 2.10327 
-12.8687 33.7083 2.04745 -11.894 33.9297 2.03286 -10.9267 34.1811 2.05985 
-9.97068 34.4683 2.11716 -9.02658 34.7888 2.19197 -8.09724 35.1455 2.28613 
-7.17783 35.5237 2.39393 -6.2707 35.927 2.51295 -5.37831 36.3594 2.6414 
-4.50323 36.8222 2.78248 -3.63432 37.2948 2.92944 -2.76072 37.762 3.06547 
-1.88367 38.2295 3.17509 -1.02691 38.7351 3.2693 -0.23399 39.3314 3.38335 
0.49932 40.0009 3.49916 1.20159 40.7068 3.58367 1.84957 41.4666 3.58771 
2.43599 42.271 3.50546 3.0607 42.8992 3.20923 3.81668 42.9556 2.62239 
4.53967 43.011 1.936 5.21241 43.1787 1.21709 5.82651 43.4085 0.462331 
6.42568 43.6526 -0.300039 7.05651 43.8973 -1.0361 7.73503 44.1347 -1.7297 
8.49501 44.3425 -2.34413 9.30242 44.5451 -2.89769 9.98456 44.7004 -3.28484 
-38.2851 44.925 -1.21526 -37.4203 44.5726 -0.864372 -36.5779 44.3184 -0.394071 
-35.8178 44.1157 0.218005 -35.1971 43.8849 0.962061 -34.7221 43.5763 1.78479 
-34.3196 43.1889 2.61264 -33.9729 42.7039 3.41486 -33.5908 42.1844 4.17824 
-33.0583 41.6893 4.85487 -32.3343 41.305 5.41689 -31.4799 41.1278 5.8989 
-30.6092 40.8208 6.21924 -29.8467 40.1907 6.23149 -29.0897 39.5471 6.12312 
-28.2988 38.9546 5.97204 -27.4939 38.389 5.79245 -26.6716 37.8556 5.59557 
-25.8293 37.3564 5.3927 -24.9821 36.8757 5.16715 -24.1354 36.404 4.9211 
-23.2843 35.9467 4.66353 -22.4215 35.5108 4.40788 -21.5388 35.1104 4.16222 
-20.639 34.7459 3.92278 -19.7233 34.4155 3.69469 -18.7938 34.1185 3.4769 
-17.849 33.8672 3.26734 -16.8924 33.6546 3.06921 -15.9225 33.4877 2.89304 
-14.9443 33.3561 2.73452 -14.3517 33.3166 2.65089 -13.9549 33.3377 2.6051 
-13.1655 33.4419 2.54551 -12.1872 33.6452 2.53411 -11.2153 33.8757 2.57942 
-10.2521 34.1311 2.66023 -9.30044 34.4182 2.76835 -8.35978 34.7323 2.89585 
-7.43178 35.0729 3.04649 -6.51442 35.4354 3.21044 -5.61321 35.829 3.39107 
-4.72693 36.2486 3.58658 -3.85022 36.6835 3.79208 -2.97662 37.1246 3.99762 
-2.10031 37.5689 4.18324 -1.22881 38.0314 4.3454 -0.389493 38.5501 4.50186 
0.40254 39.1372 4.6669 1.15904 39.7775 4.79712 1.8838 40.4615 4.86207 
2.56626 41.179 4.79013 3.34138 41.639 4.46086 4.14612 41.6947 3.87226 
4.90872 41.87 3.25379 5.58497 42.1426 2.57445 6.1541 42.4506 1.81297 
6.73259 42.7092 1.04008 7.36572 42.9175 0.296216 8.09394 43.0602 -0.372378 
8.89713 43.1719 -0.955413 9.7799 43.2876 -1.40577 10.7122 43.4586 -1.71259 
-38.1668 44.7574 -0.968554 -37.4828 44.4556 -0.688074 -36.6527 44.191 -0.202616 
-35.8946 43.9812 0.410114 -35.2747 43.753 1.15669 -34.797 43.4471 1.97706 
-34.4142 43.0403 2.80489 -34.0808 42.5494 3.60907 -33.7422 41.9999 4.37222 
-33.3281 41.4356 5.08296 -32.6554 40.9798 5.65477 -31.8331 40.7355 6.15137 
-30.9438 40.6632 6.58146 -30.0959 40.3179 6.76002 -29.3379 39.6766 6.64499 
-28.5469 39.0879 6.48361 -27.7259 38.5512 6.28954 -26.8955 38.0375 6.07446 
-26.0555 37.5469 5.84279 -25.2112 37.0707 5.59721 -24.3662 36.6056 5.33317 
-23.5165 36.1534 5.062 -22.6531 35.7276 4.79193 -21.7715 35.3324 4.53454 
-20.8697 34.9764 4.29058 -19.952 34.6551 4.05722 -19.0187 34.3729 3.83595 
-18.0739 34.1248 3.62251 -17.1152 33.9244 3.42105 -16.1473 33.7568 3.23528 
-15.1674 33.6374 3.07719 -14.3777 33.5751 2.96674 -13.583 33.6028 2.89266 
-12.5931 33.7314 2.85471 -11.6109 33.915 2.88747 -10.6364 34.126 2.96081 
-9.67277 34.3691 3.07024 -8.72065 34.6432 3.2045 -7.78143 34.9481 3.3618 
-6.8524 35.2751 3.53453 -5.93799 35.6308 3.72695 -5.03976 36.0146 3.94027 
-4.15621 36.4219 4.17145 -3.2813 36.8438 4.40917 -2.41037 37.2771 4.64049 
-1.53956 37.7235 4.84576 -0.686709 38.2093 5.03575 0.135761 38.7453 5.22453 
0.929231 39.3298 5.39083 1.68505 39.9735 5.50321 2.41157 40.6523 5.48851 
3.20809 41.1218 5.22241 4.04471 41.1667 4.67882 4.8343 41.3194 4.09068 
5.5333 41.621 3.45246 6.07717 42.0071 2.70991 6.59131 42.3448 1.92261 
7.17045 42.6136 1.15475 7.85976 42.805 0.459015 8.64107 42.9365 -0.14819 
9.50362 43.04 -0.640675 10.417 43.1684 -1.02342 11.1592 43.3566 -1.25129 
-38.1557 44.9494 -0.911394 -37.4795 44.6148 -0.65082 -36.6467 44.333 -0.180888 
-35.8865 44.1157 0.425865 -35.2864 43.8737 1.18501 -34.8195 43.5582 2.00801 
-34.4472 43.1395 2.83459 -34.1275 42.6381 3.6378 -33.8146 42.0759 4.40287 
-33.4554 41.488 5.12632 -32.9195 40.9428 5.7558 -32.1507 40.5932 6.27044 
-31.2721 40.5393 6.72669 -30.3699 40.4337 7.03199 -29.5854 39.8516 6.9678 
-28.8032 39.2509 6.8059 -27.9809 38.7179 6.60862 -27.1455 38.2143 6.38865 
-26.3045 37.7305 6.14633 -25.4613 37.257 5.89207 -24.6191 36.7918 5.61984 
-23.7729 36.3388 5.33912 -22.9134 35.9111 5.0601 -22.0349 35.5151 4.79319 
-21.1347 35.1585 4.54418 -20.2159 34.8412 4.3103 -19.2826 34.5594 4.08766 
-18.3391 34.3087 3.87186 -17.3819 34.1051 3.66753 -16.4124 33.945 3.4824 
-15.4314 33.8312 3.32731 -14.441 33.776 3.2064 -13.6442 33.802 3.14719 
-12.6511 33.9093 3.12942 -11.6646 34.0646 3.1733 -10.6881 34.2575 3.26648 
-9.72228 34.4823 3.39419 -8.76821 34.7392 3.5472 -7.82479 35.0223 3.71932 
-6.89376 35.3327 3.91085 -5.97721 35.6706 4.12393 -5.07868 36.0393 4.36136 
-4.19428 36.43 4.61642 -3.32348 36.8421 4.8843 -2.45961 37.2713 5.14779 
-1.59935 37.7207 5.3883 -0.750984 38.1979 5.61709 0.0802395 38.7093 5.83431 
0.895559 39.2544 6.02809 1.65765 39.8862 6.1582 2.57468 40.5849 6.09978 
3.44616 40.6908 5.68851 4.28282 40.7161 5.14337 5.07963 40.8945 4.57322 
5.73618 41.2656 3.92883 6.21197 41.7201 3.17865 6.67974 42.1106 2.38699 
7.22109 42.4193 1.60725 7.9002 42.6377 0.909375 8.68239 42.7916 0.310379 
9.54725 42.9017 -0.177232 10.4515 43.0309 -0.582471 11.1796 43.2215 -0.850134 
-38.0622 44.8354 -1.51433 -37.1805 44.5534 -1.14276 -36.3336 44.3503 -0.655118 
-35.5878 44.1643 -0.0200806 -34.981 43.9262 0.733894 -34.484 43.619 1.54457 
-34.0571 43.2373 2.36272 -33.6197 42.8007 3.14777 -33.06 42.3915 3.8606 
-32.3088 42.1084 4.45028 -31.4666 41.9711 4.96559 -30.6196 41.6213 5.30044 
-29.8812 40.9714 5.37864 -29.1543 40.2896 5.30699 -28.3935 39.6536 5.18056 
-27.6156 39.0447 5.02581 -26.8182 38.4634 4.86453 -25.9953 37.9201 4.70023 
-25.1566 37.4061 4.52079 -24.3123 36.9116 4.31448 -23.4653 36.4268 4.09657 
-22.6077 35.9622 3.87616 -21.7345 35.5247 3.66211 -20.8424 35.1254 3.45161 
-19.9341 34.7616 3.24597 -19.0099 34.4344 3.04953 -18.0711 34.1477 2.85959 
-17.1172 33.9083 2.67893 -16.1545 33.6977 2.50964 -15.1803 33.5298 2.36069 
-14.3931 33.4423 2.25392 -13.7985 33.4417 2.18314 -12.8156 33.5989 2.10625 
-11.8421 33.8244 2.08513 -10.8758 34.0797 2.11223 -9.91885 34.3638 2.16907 
-8.97519 34.6848 2.24712 -8.0444 35.0374 2.34228 -7.12532 35.4151 2.45418 
-6.2171 35.815 2.57677 -5.32481 36.2462 2.70971 -4.44758 36.7046 2.85184 
-3.57833 37.1759 3.0008 -2.70491 37.6418 3.14234 -1.8248 38.1026 3.25566 
-0.95752 38.5916 3.34609 -0.155473 39.1761 3.45356 0.576927 39.8456 3.56969 
1.26824 40.5629 3.64963 1.91932 41.3207 3.65978 2.51079 42.1185 3.55883 
3.19053 42.6241 3.20515 3.96143 42.7462 2.58471 4.68366 42.8577 1.90415 
5.35275 43.0489 1.18684 5.96828 43.2761 0.432586 6.58409 43.505 -0.320994 
7.23223 43.7216 -1.05093 7.94825 43.9169 -1.71933 8.72101 44.0969 -2.32688 
9.55085 44.2765 -2.85385 10.4296 44.4515 -3.29474 -38.3869 45.2105 -2.07492 
-37.6556 44.9928 -1.83906 -36.7782 44.7782 -1.41577 -35.9593 44.6023 -0.872319 
-35.2256 44.4072 -0.225764 -34.6387 44.1358 0.534711 -34.1318 43.8033 1.32872 
-33.6466 43.4285 2.11824 -33.0675 43.0797 2.84934 -32.3263 42.8512 3.47742 
-31.5131 42.7135 4.03846 -30.7037 42.3458 4.41626 -30.0049 41.6472 4.5309 
-29.313 40.9268 4.51349 -28.5942 40.2369 4.43013 -27.8594 39.5695 4.31062 
-27.1008 38.931 4.18429 -26.297 38.349 4.06346 -25.466 37.8084 3.93371 
-24.6245 37.2919 3.77612 -23.7803 36.786 3.5993 -22.9309 36.2919 3.41374 
-22.0696 35.8191 3.22788 -21.1916 35.378 3.04317 -20.2967 34.9727 2.85729 
-19.3825 34.6085 2.67992 -18.4569 34.2724 2.50721 -17.5157 33.9789 2.34006 
-16.5625 33.7227 2.18036 -15.5989 33.4994 2.0344 -14.6252 33.3167 1.90334 
-13.6375 33.3138 1.7812 -12.6628 33.5037 1.69073 -11.6995 33.77 1.66188 
-10.7404 34.0526 1.66522 -9.79231 34.3685 1.696 -8.85749 34.7202 1.74199 
-7.93709 35.1061 1.803 -7.02758 35.5152 1.87621 -6.12999 35.9485 1.95645 
-5.24493 36.4063 2.0389 -4.37578 36.893 2.12644 -3.51248 37.3891 2.21941 
-2.64179 37.8737 2.3029 -1.763 38.3469 2.36204 -0.901057 38.8521 2.39147 
-0.122373 39.4706 2.44566 0.550462 40.2057 2.51981 1.19218 40.9714 2.55861 
1.8085 41.7565 2.51606 2.37372 42.569 2.38419 2.90505 43.3595 2.10587 
3.57605 43.6975 1.54081 4.29174 43.7852 0.848812 4.97116 43.9494 0.135084 
5.61167 44.1853 -0.593684 6.20379 44.5302 -1.32047 6.79637 44.9463 -2.00988 
7.42842 45.3804 -2.64981 -38.2991 45.084 -1.00258 -37.4534 44.6667 -0.678967 
-36.6166 44.3755 -0.223083 -35.8671 44.164 0.399302 -35.2565 43.9249 1.14849 
-34.8042 43.6016 1.978 -34.4254 43.1893 2.80492 -34.1074 42.6809 3.60444 
-33.7904 42.1236 4.3714 -33.4064 41.5416 5.08656 -32.8694 41.0025 5.72009 
-32.0749 40.6899 6.22696 -31.1997 40.6133 6.68698 -30.3106 40.4486 6.9547 
-29.5338 39.8612 6.88888 -28.7502 39.2629 6.72604 -27.9306 38.7252 6.53012 
-27.0969 38.2194 6.30868 -26.258 37.7307 6.06938 -25.4152 37.2553 5.81698 
-24.5721 36.7893 5.54889 -23.7243 36.3373 5.27155 -22.8646 35.9084 4.99449 
-21.9847 35.5133 4.73132 -21.0854 35.1537 4.48359 -20.165 34.8388 4.25206 
-19.2327 34.5538 4.02987 -18.2868 34.3094 3.81721 -17.3305 34.1011 3.61303 
-16.3608 33.9407 3.42949 -15.3816 33.8181 3.26972 -14.5909 33.76 3.16549 
-13.5963 33.7739 3.07846 -12.6031 33.8792 3.04804 -11.6172 34.0402 3.08642 
-10.6398 34.2336 3.16802 -9.67437 34.4637 3.28953 -8.71943 34.7225 3.43357 
-7.77741 35.0132 3.60074 -6.84579 35.3269 3.78379 -5.92826 35.6679 3.98763 
-5.02702 36.0372 4.2137 -4.14296 36.4341 4.46011 -3.26936 36.8479 4.71604 
-2.40257 37.2777 4.96885 -1.53755 37.7233 5.19887 -0.686447 38.2017 5.41431 
0.142838 38.7202 5.62162 0.946829 39.2858 5.8021 1.7096 39.9184 5.92795 
2.45856 40.5536 5.9037 3.31107 40.8458 5.56969 4.14824 40.8652 5.02426 
4.94499 41.0147 4.44637 5.61949 41.3611 3.80417 6.13338 41.7906 3.06538 
6.61371 42.1699 2.2759 7.16199 42.4708 1.49752 7.8393 42.6831 0.795859 
8.61742 42.8314 0.190136 9.48117 42.9387 -0.299516 10.3867 43.0721 -0.699465 
11.1189 43.2637 -0.955731 -38.232 44.7593 -0.906479 -37.386 44.386 -0.533681 
-36.5676 44.117 -0.0322973 -35.8424 43.913 0.622523 -35.2373 43.6779 1.37906 
-34.7929 43.3466 2.20847 -34.4268 42.9204 3.03394 -34.1116 42.4028 3.82878 
-33.8025 41.8331 4.58988 -33.4325 41.236 5.29957 -32.9054 40.6796 5.92762 
-32.1377 40.304 6.42891 -31.2602 40.203 6.87529 -30.381 39.9666 7.10263 
-29.6026 39.3482 7.02941 -28.804 38.7679 6.87336 -27.9795 38.2338 6.68853 
-27.1362 37.7424 6.4709 -26.29 37.2654 6.23413 -25.4404 36.8039 5.97864 
-24.5933 36.3489 5.70449 -23.744 35.9065 5.41628 -22.8857 35.4834 5.12646 
-22.0072 35.0953 4.84828 -21.1106 34.7397 4.58496 -20.1956 34.4217 4.33712 
-19.2688 34.1327 4.09785 -18.3285 33.8832 3.86667 -17.3768 33.6711 3.64606 
-16.4102 33.5084 3.44835 -15.4343 33.3821 3.272 -14.4481 33.3194 3.12405 
-13.457 33.3784 3.02953 -12.6686 33.51 3.01693 -11.6886 33.7021 3.06137 
-10.7161 33.9158 3.15177 -9.75448 34.1583 3.279 -8.80368 34.4284 3.43 
-7.86455 34.7256 3.6016 -6.93628 35.0458 3.79036 -6.02311 35.3936 4.00217 
-5.12487 35.7663 4.23454 -4.24265 36.1636 4.48699 -3.3689 36.5744 4.74738 
-2.5 37 5 -1.63051 37.4362 5.23123 -0.77343 37.9062 5.44177 
0.0614525 38.4152 5.64991 0.867516 38.978 5.831 1.64061 39.5966 5.96066 
2.38576 40.2536 5.97451 3.21635 40.6726 5.72484 4.06647 40.7127 5.20087 
4.87471 40.8554 4.63659 5.57761 41.1833 4.01734 6.1054 41.6222 3.29398 
6.57372 42.0251 2.50872 7.0976 42.3485 1.72178 7.74735 42.5821 1.00206 
8.51099 42.744 0.381745 9.36238 42.8542 -0.128502 10.2612 42.9733 -0.548073 
10.992 43.1425 -0.823853 -38.1943 45.3422 -2.03326 -37.6431 45.1752 -1.86663 
-36.7634 44.9503 -1.4559 -35.9406 44.7641 -0.921724 -35.225 44.5511 -0.262168 
-34.6394 44.2736 0.496762 -34.146 43.9251 1.29243 -33.6821 43.5368 2.0882 
-33.1123 43.1771 2.82171 -32.3909 42.9377 3.46548 -31.5726 42.861 4.03072 
-30.7272 42.6105 4.45736 -30.0088 41.9517 4.59302 -29.3179 41.2299 4.58592 
-28.5874 40.5533 4.49755 -27.835 39.9067 4.37344 -27.0612 39.2886 4.23669 
-26.2572 38.7099 4.10117 -25.4314 38.1651 3.95661 -24.5956 37.6415 3.79221 
-23.7515 37.1357 3.61453 -22.8995 36.6455 3.43057 -22.0329 36.1808 3.24931 
-21.1471 35.7529 3.0705 -20.2415 35.3673 2.89494 -19.3207 35.0167 2.72511 
-18.3822 34.7126 2.56269 -17.4305 34.4492 2.40591 -16.4659 34.2327 2.25627 
-15.49 34.0674 2.11748 -14.6987 34.0056 2.02201 -13.7049 34.0046 1.91711 
-12.7142 34.1072 1.8414 -11.7337 34.2999 1.81751 -10.7625 34.5366 1.82748 
-9.80517 34.8224 1.86665 -8.8601 35.1442 1.92099 -7.93073 35.506 1.9932 
-7.01227 35.8923 2.07719 -6.10653 36.3055 2.17036 -5.21663 36.7497 2.27242 
-4.34326 37.2234 2.3854 -3.47616 37.7072 2.50367 -2.60694 38.1886 2.61636 
-1.73557 38.6704 2.70786 -0.889356 39.1964 2.7843 -0.10738 39.8103 2.87587 
0.608943 40.5013 2.96552 1.2877 41.2336 3.01105 1.91562 42.0098 2.97402 
2.46928 42.8302 2.84856 3.02972 43.4025 2.52144 3.90934 43.4809 1.75626 
4.61394 43.587 1.0568 5.26685 43.7875 0.327179 5.87945 44.0326 -0.42383 
6.46154 44.3542 -1.16996 7.07527 44.7082 -1.87512 7.74559 45.067 -2.52327 
8.4832 45.4081 -3.10477 -38.263 44.909 -1.83958 -37.5428 44.6919 -1.57048 
-36.6749 44.4835 -1.12448 -35.8765 44.3123 -0.55026 -35.1766 44.1132 0.130394 
-34.619 43.8409 0.913422 -34.1284 43.5094 1.71822 -33.6621 43.1236 2.51331 
-33.0686 42.7646 3.22775 -32.3323 42.4992 3.84537 -31.5135 42.3267 4.38915 
-30.7045 41.9283 4.74335 -29.9928 41.2392 4.84543 -29.2893 40.53 4.80656 
-28.5623 39.8506 4.71226 -27.8231 39.1892 4.58601 -27.0587 38.5592 4.45145 
-26.2465 37.9912 4.32194 -25.4078 37.4645 4.18405 -24.5616 36.9615 4.00914 
-23.7154 36.4651 3.81523 -22.8648 35.9796 3.61357 -22.0027 35.5145 3.41325 
-21.123 35.0831 3.21337 -20.228 34.685 3.01318 -19.3145 34.3262 2.8219 
-18.3874 34.001 2.63643 -17.4437 33.7213 2.46027 -16.4897 33.4711 2.296 
-15.5276 33.2417 2.14878 -14.555 33.0595 2.01253 -13.5724 33.1265 1.87478 
-12.6092 33.3729 1.79462 -11.651 33.6576 1.77859 -10.6964 33.9543 1.80077 
-9.7513 34.2775 1.84678 -8.81872 34.6329 1.90759 -7.90106 35.0221 1.9863 
-6.99304 35.431 2.07726 -6.09557 35.8611 2.17397 -5.21195 36.3184 2.27373 
-4.34271 36.8008 2.38145 -3.47636 37.2878 2.49204 -2.60141 37.7623 2.58785 
-1.71903 38.2283 2.6497 -0.867201 38.7476 2.69303 -0.103916 39.3854 2.76813 
0.583871 40.1057 2.85054 1.23989 40.8586 2.8988 1.86503 41.637 2.86606 
2.44639 42.4411 2.75136 3.0133 43.1837 2.45688 3.72901 43.4418 1.86895 
4.44328 43.5387 1.17742 5.11278 43.7206 0.458138 5.73796 43.9548 -0.285868 
6.33004 44.2507 -1.03468 6.94543 44.5941 -1.74358 7.60854 44.9404 -2.4061 
8.34383 45.2687 -2.9978 -37.7188 45.3683 -2.17592 -36.8262 45.1696 -1.7785 
-36.0045 44.9879 -1.24137 -35.2665 44.7747 -0.604608 -34.6697 44.483 0.139723 
-34.1498 44.1371 0.919968 -33.6589 43.7602 1.70482 -33.0765 43.4153 2.43643 
-32.3454 43.1853 3.07341 -31.536 43.0854 3.64897 -30.7212 42.7614 4.05256 
-30.0189 42.0766 4.20688 -29.3367 41.3468 4.21607 -28.6214 40.652 4.14871 
-27.8876 39.9814 4.04171 -27.1302 39.3396 3.92407 -26.3283 38.7534 3.80975 
-25.5038 38.2008 3.68921 -24.6668 37.6734 3.54436 -23.8251 37.1579 3.38354 
-22.9762 36.6577 3.21333 -22.1165 36.1765 3.04253 -21.236 35.7342 2.87321 
-20.3383 35.3266 2.70626 -19.4209 34.9635 2.54434 -18.4888 34.6381 2.38679 
-17.5409 34.3588 2.23456 -16.5816 34.1191 2.08662 -15.6101 33.9304 1.94459 
-14.6272 33.8022 1.81923 -13.6346 33.8138 1.71417 -12.6481 33.9471 1.63574 
-11.6717 34.159 1.60032 -10.7057 34.4161 1.59949 -9.75347 34.7201 1.6247 
-8.81479 35.0621 1.66415 -7.89047 35.4397 1.71774 -6.97744 35.8423 1.78201 
-6.07691 36.2709 1.85376 -5.19199 36.7298 1.9317 -4.32256 37.2163 2.01717 
-3.45895 37.7124 2.10676 -2.59094 38.202 2.18894 -1.71841 38.6866 2.24944 
-0.873052 39.217 2.29553 -0.105944 39.851 2.36401 0.582054 40.572 2.43698 
1.23612 41.3274 2.46354 1.84982 42.1142 2.40862 2.39492 42.9383 2.26741 
2.92598 43.6718 1.93115 3.62949 43.8821 1.31449 4.33885 43.9619 0.615268 
5.01561 44.1254 -0.101511 5.64698 44.4016 -0.823497 6.22027 44.7946 -1.54035 
6.78022 45.2737 -2.21582 -37.8883 45.4033 -1.60899 -37.3514 45.2035 -1.43454 
-36.4857 44.971 -0.998321 -35.6971 44.7721 -0.42024 -35.063 44.5163 0.301505 
-34.5603 44.1932 1.10208 -34.1427 43.797 1.91903 -33.7522 43.3517 2.72413 
-33.2287 42.9395 3.46299 -32.5396 42.6397 4.11771 -31.724 42.5154 4.67277 
-30.8458 42.4316 5.10789 -30.0733 41.8517 5.25559 -29.3693 41.1433 5.22707 
-28.6219 40.4892 5.11564 -27.842 39.8813 4.96873 -27.0495 39.2944 4.80378 
-26.2453 38.7254 4.63232 -25.4236 38.1836 4.456 -24.5924 37.6616 4.26514 
-23.7493 37.1641 4.06096 -22.8976 36.6835 3.85196 -22.0283 36.2329 3.64984 
-21.1425 35.812 3.45491 -20.2337 35.44 3.2672 -19.3094 35.105 3.08517 
-18.3701 34.8107 2.90996 -17.4163 34.5621 2.74289 -16.4501 34.3584 2.58571 
-15.4735 34.1999 2.44284 -14.6833 34.125 2.34665 -13.6884 34.1292 2.25479 
-12.6955 34.2229 2.19661 -11.7109 34.3953 2.19142 -10.7354 34.6117 2.22297 
-9.77324 34.8758 2.28684 -8.82254 35.1747 2.36776 -7.88622 35.5109 2.46815 
-6.9607 35.8717 2.58212 -6.04913 36.2623 2.7095 -5.15477 36.6863 2.85113 
-4.27778 37.1404 3.00802 -3.40665 37.604 3.16959 -2.53503 38.069 3.32464 
-1.66463 38.5422 3.46009 -0.820005 39.0619 3.58425 -0.0253525 39.652 3.72045 
0.721934 40.3036 3.84647 1.42471 41.0099 3.92056 2.05112 41.787 3.90694 
2.75263 42.5842 3.71268 3.48492 42.7381 3.22763 4.2413 42.7669 2.57621 
4.94432 42.9055 1.88131 5.58123 43.1157 1.14081 6.17044 43.3564 0.369682 
6.78244 43.5859 -0.386828 7.43225 43.805 -1.11434 8.15741 43.9997 -1.77306 
8.94451 44.1831 -2.3606 9.79491 44.3638 -2.85208 -38.0991 44.5118 -0.787924 
-37.4202 44.231 -0.473917 -36.6096 43.9717 0.0470338 -35.8627 43.7681 0.676617 
-35.2589 43.5375 1.43566 -34.796 43.2212 2.25977 -34.437 42.783 3.08221 
-34.1152 42.2712 3.87801 -33.8025 41.6985 4.63542 -33.4299 41.1027 5.34506 
-32.8645 40.5659 5.95224 -32.0825 40.2001 6.44135 -31.1894 40.0982 6.86903 
-30.1619 39.7631 7.09585 -29.3944 39.1331 6.98479 -28.5874 38.5662 6.82098 
-27.7555 38.0464 6.62878 -26.9125 37.5554 6.4095 -26.0646 37.0815 6.17198 
-25.2143 36.6212 5.91709 -24.3666 36.1683 5.64106 -23.5167 35.7291 5.35016 
-22.657 35.3096 5.05888 -21.7794 34.9212 4.77837 -20.8816 34.569 4.51462 
-19.9666 34.2527 4.26488 -19.0397 33.966 4.02289 -18.1 33.7171 3.78914 
-17.1481 33.507 3.56744 -16.1818 33.3452 3.36796 -15.2068 33.2174 3.18678 
-14.421 33.1525 3.05524 -13.6299 33.1777 2.95128 -12.648 33.3553 2.91116 
-11.6714 33.5666 2.9411 -10.7016 33.7947 3.02497 -9.73899 34.0409 3.13695 
-8.78939 34.3197 3.27925 -7.85123 34.625 3.44202 -6.92455 34.9543 3.62279 
-6.00969 35.3056 3.82121 -5.11054 35.6837 4.0411 -4.2247 36.0829 4.27716 
-3.34934 36.4991 4.52335 -2.47586 36.9227 4.76315 -1.6009 37.3593 4.9714 
-0.739397 37.8321 5.1548 0.085289 38.3645 5.3436 0.876817 38.9512 5.51233 
1.63222 39.595 5.62285 2.35781 40.2804 5.63877 3.15884 40.7748 5.39673 
3.99808 40.898 4.89343 4.7958 41.0562 4.31669 5.52154 41.3535 3.70387 
6.06414 41.7589 2.97061 6.57156 42.1248 2.19139 7.14032 42.4097 1.42161 
7.81231 42.6194 0.715084 8.597 42.7536 0.112714 9.45277 42.8505 -0.392885 
10.3642 42.9691 -0.784561 11.2835 43.1832 -1.10735 -37.2817 45.9398 -3.04674 
-36.6381 45.8018 -2.5937 -35.8773 45.572 -1.98747 -35.1574 45.3019 -1.34893 
-34.5307 44.9561 -0.652479 -33.9681 44.5699 0.0778254 -33.3995 44.2071 0.815161 
-32.7469 43.9116 1.51059 -31.9923 43.7052 2.12867 -31.1917 43.4772 2.67542 
-30.4794 42.8742 2.98217 -29.8274 42.1287 3.11009 -29.1671 41.3788 3.13837 
-28.503 40.632 3.10799 -27.8405 39.8851 3.05293 -27.1416 39.1735 3.00414 
-26.3489 38.5658 2.96818 -25.5189 38.0113 2.91549 -24.6763 37.4795 2.83167 
-23.8349 36.95 2.72344 -22.9911 36.4282 2.5982 -22.138 35.9239 2.46569 
-21.2677 35.4508 2.32951 -20.3813 35.0093 2.19073 -19.4772 34.6055 2.05175 
-18.5589 34.2355 1.91224 -17.6232 33.9095 1.77836 -16.6754 33.617 1.65271 
-15.719 33.3471 1.54172 -14.5574 33.0737 1.43331 -13.5769 33.1043 1.31942 
-12.6199 33.3692 1.21415 -11.6684 33.6703 1.15624 -10.7196 33.9853 1.13245 
-9.77931 34.3251 1.12262 -8.85508 34.7066 1.12515 -7.94236 35.1149 1.13407 
-7.04287 35.5514 1.15059 -6.1536 36.0082 1.17062 -5.27921 36.4927 1.19321 
-4.41638 36.9975 1.21888 -3.55746 37.509 1.24422 -2.69104 38.0079 1.26393 
-1.81575 38.4912 1.26058 -0.963001 39.012 1.24567 -0.234641 39.689 1.26067 
0.386786 40.4704 1.297 0.979547 41.2756 1.29085 1.56155 42.086 1.23077 
2.09269 42.9182 1.07934 2.55177 43.7742 0.849037 2.98914 44.5189 0.450188 
3.6756 44.751 -0.193487 4.40445 44.9126 -0.856423 5.07975 45.2467 -1.50675 
5.63294 45.7997 -2.12326 6.0999 46.4829 -2.68049 -38.2477 44.9206 -1.81357 
-37.5315 44.6922 -1.54398 -36.6679 44.4845 -1.08949 -35.8641 44.3113 -0.523388 
-35.1833 44.1033 0.173742 -34.6277 43.8311 0.957959 -34.1474 43.4932 1.76622 
-33.7029 43.1019 2.57139 -33.1325 42.725 3.29565 -32.417 42.4319 3.9238 
-31.5954 42.2725 4.4686 -30.7717 41.9081 4.84219 -30.0554 41.2214 4.94112 
-29.3499 40.5141 4.91956 -28.6171 39.8416 4.81953 -27.8749 39.1838 4.69236 
-27.1067 38.5593 4.55334 -26.2995 37.9855 4.41827 -25.4596 37.4628 4.27345 
-24.6133 36.9599 4.09814 -23.7669 36.4658 3.89952 -22.9167 35.9812 3.69396 
-22.0534 35.5199 3.48977 -21.1747 35.0886 3.28581 -20.2778 34.6961 3.08251 
-19.366 34.3356 2.88703 -18.4379 34.0146 2.69888 -17.4953 33.7339 2.51908 
-16.5402 33.4892 2.35268 -15.5779 33.2635 2.20138 -14.6067 33.0744 2.06401 
-13.626 33.1017 1.92656 -12.6625 33.3492 1.84583 -11.7038 33.6327 1.83001 
-10.7488 33.9276 1.85374 -9.80225 34.2461 1.90339 -8.86945 34.5998 1.9694 
-7.94894 34.9819 2.05013 -7.03834 35.3842 2.14431 -6.13663 35.8045 2.24545 
-5.24945 36.2533 2.35109 -4.37667 36.7285 2.46249 -3.50945 37.2126 2.57876 
-2.63597 37.6875 2.6853 -1.75256 38.1503 2.75659 -0.88402 38.6433 2.7984 
-0.104791 39.2611 2.86714 0.587204 39.9768 2.95113 1.23998 40.7326 2.99723 
1.87409 41.5044 2.98404 2.45661 42.3074 2.86648 3.04186 43.0556 2.58335 
3.76793 43.292 1.985 4.48384 43.4013 1.29712 5.15135 43.5909 0.577723 
5.77964 43.8227 -0.164479 6.37729 44.1054 -0.91451 6.99811 44.4159 -1.63366 
7.6826 44.718 -2.29533 8.43556 44.9965 -2.89061 9.22732 45.2709 -3.43603 
-37.509 45.3881 -2.12877 -36.8001 45.2364 -1.79425 -35.9821 45.0504 -1.25354 
-35.2529 44.8263 -0.60976 -34.6619 44.5268 0.136169 -34.147 44.1745 0.916909 
-33.6599 43.7936 1.70219 -33.0802 43.4459 2.4346 -32.35 43.215 3.07203 
-31.5403 43.1186 3.64759 -30.7237 42.826 4.06495 -30.0174 42.1478 4.22278 
-29.3339 41.4192 4.23273 -28.6159 40.7274 4.16463 -27.8774 40.0621 4.05605 
-27.1134 39.4286 3.93615 -26.3122 38.8422 3.81903 -25.4876 38.2898 3.69813 
-24.6526 37.7593 3.55187 -23.8116 37.2429 3.39086 -22.9619 36.744 3.22067 
-22.1005 36.2655 3.05072 -21.2181 35.8266 2.88248 -20.3182 35.4232 2.71751 
-19.4023 35.0558 2.55679 -18.4721 34.7246 2.39962 -17.5248 34.4431 2.24805 
-16.5658 34.2017 2.10081 -15.5953 34.0075 1.95938 -14.6119 33.8847 1.83327 
-13.6189 33.9004 1.73015 -12.6308 34.0255 1.6521 -11.6536 34.2329 1.62029 
-10.6863 34.4857 1.62115 -9.73321 34.7866 1.64783 -8.79297 35.1242 1.68834 
-7.86831 35.5005 1.74436 -6.95449 35.9011 1.81051 -6.05339 36.3281 1.8844 
-5.16723 36.7842 1.96467 -4.29723 37.2692 2.05319 -3.43342 37.7643 2.14622 
-2.5654 38.2533 2.23173 -1.6939 38.7393 2.29592 -0.848066 39.2682 2.34794 
-0.0823155 39.9037 2.42101 0.604969 40.6258 2.49032 1.2628 41.378 2.51685 
1.87568 42.1651 2.45999 2.41593 42.9921 2.31685 2.95668 43.6471 1.96978 
3.67265 43.8169 1.34245 4.37966 43.9092 0.642692 5.05549 44.0784 -0.0740681 
5.68584 44.3503 -0.798773 6.26234 44.7333 -1.51877 6.83531 45.1922 -2.19744 
-38.2105 44.8004 -1.01853 -37.5251 44.5041 -0.734532 -36.6893 44.2304 -0.264613 
-35.9297 44.022 0.346626 -35.3013 43.7965 1.0869 -34.8163 43.4961 1.90498 
-34.4286 43.0968 2.73407 -34.0937 42.611 3.54058 -33.7554 42.0649 4.30637 
-33.3451 41.503 5.02147 -32.6833 41.0432 5.60197 -31.8614 40.8074 6.1036 
-30.9751 40.7571 6.54512 -30.121 40.4606 6.75117 -29.3652 39.8157 6.64574 
-28.5788 39.2206 6.48295 -27.7593 38.6825 6.28725 -26.9302 38.167 6.07129 
-26.0922 37.6735 5.83847 -25.2495 37.1938 5.59414 -24.4056 36.726 5.33177 
-23.5567 36.2714 5.06227 -22.6937 35.8436 4.79406 -21.8124 35.4462 4.53871 
-20.9098 35.0899 4.29804 -19.9907 34.7702 4.06822 -19.0566 34.4882 3.85021 
-18.111 34.2401 3.64034 -17.1523 34.0378 3.44185 -16.1816 33.8786 3.26291 
-15.1993 33.77 3.11325 -14.4068 33.7271 3.01521 -13.6107 33.7734 2.95807 
-12.6192 33.8954 2.93468 -11.6351 34.066 2.97339 -10.6607 34.2728 3.06024 
-9.6967 34.5102 3.17806 -8.74436 34.7795 3.32044 -7.80353 35.0765 3.48301 
-6.87343 35.397 3.66177 -5.9592 35.7483 3.86308 -5.06247 36.129 4.0881 
-4.17979 36.5323 4.32904 -3.30718 36.9522 4.57833 -2.44067 37.3883 4.82114 
-1.57865 37.8438 5.0429 -0.729355 38.3276 5.25326 0.0981195 38.8511 5.45566 
0.899982 39.4203 5.63331 1.65997 40.0567 5.75799 2.3835 40.7425 5.75983 
3.20023 41.1201 5.47592 4.03312 41.1031 4.92553 4.82562 41.2344 4.33852 
5.5217 41.5423 3.70176 6.03755 41.9507 2.9524 6.52535 42.3125 2.15906 
7.07507 42.6046 1.37764 7.72982 42.822 0.657519 8.49529 42.9697 0.0344083 
9.34487 43.0804 -0.477913 10.2507 43.2133 -0.875942 10.9918 43.3856 -1.12121 
-37.4193 45.4674 -2.52379 -36.7345 45.3364 -2.13346 -35.9357 45.1553 -1.56111 
-35.2055 44.9287 -0.919367 -34.5881 44.6258 -0.195185 -34.0455 44.2714 0.56559 
-33.5062 43.9171 1.3289 -32.8806 43.6012 2.03834 -32.1328 43.3777 2.65966 
-31.322 43.1994 3.21428 -30.5616 42.689 3.55999 -29.8884 41.9701 3.69918 
-29.2156 41.2314 3.70783 -28.5234 40.512 3.65429 -27.8255 39.8008 3.57035 
-27.1007 39.1179 3.4835 -26.3116 38.5099 3.40634 -25.4842 37.9548 3.32414 
-24.6429 37.4258 3.21351 -23.8001 36.9047 3.07868 -22.9563 36.3897 2.92885 
-22.1036 35.891 2.77337 -21.2322 35.4264 2.61649 -20.3449 34.9937 2.4582 
-19.4405 34.5969 2.30205 -18.5213 34.235 2.14792 -17.587 33.9122 1.99728 
-16.6402 33.6245 1.85405 -15.6825 33.3664 1.72708 -14.7164 33.1346 1.61761 
-13.732 33.0855 1.5026 -12.7663 33.2965 1.39191 -11.8139 33.5966 1.34164 
-10.8626 33.9044 1.32431 -9.91897 34.2348 1.32701 -8.98892 34.6014 1.34338 
-8.07357 35.0029 1.37075 -7.16866 35.4269 1.40642 -6.27538 35.8743 1.44815 
-5.39484 36.3461 1.49183 -4.52813 36.8426 1.53856 -3.66785 37.35 1.58752 
-2.80071 37.8463 1.62947 -1.92294 38.3246 1.64929 -1.06001 38.8287 1.64261 
-0.289274 39.456 1.65719 0.35275 40.2199 1.70846 0.959148 41.0146 1.7259 
1.55487 41.8157 1.67768 2.11538 42.6332 1.55575 2.59085 43.48 1.32482 
3.05191 44.2483 0.943679 3.76361 44.4101 0.276113 4.4806 44.5348 -0.407749 
5.15347 44.8225 -1.086 5.74327 45.2663 -1.75401 6.23394 45.8767 -2.37309 
-37.9783 45.3725 -1.21132 -37.1072 45.0055 -0.899572 -36.2567 44.7575 -0.441486 
-35.5356 44.5372 0.208742 -34.9632 44.2635 0.976357 -34.5295 43.9072 1.80261 
-34.1587 43.4743 2.62331 -33.8139 42.9712 3.41538 -33.3931 42.4662 4.16705 
-32.788 42.0413 4.82412 -31.992 41.8181 5.37385 -31.1108 41.7768 5.84182 
-30.2441 41.5404 6.13526 -29.5095 40.8712 6.07937 -28.7523 40.234 5.94057 
-27.9545 39.6581 5.76378 -27.1443 39.1063 5.56652 -26.3249 38.5736 5.3551 
-25.4984 38.0545 5.13712 -24.6661 37.5504 4.90671 -23.8254 37.0639 4.66945 
-22.9711 36.6024 4.43039 -22.0994 36.1699 4.2007 -21.2082 35.7728 3.98252 
-20.2958 35.4203 3.77547 -19.3662 35.1087 3.57907 -18.4235 34.8336 3.39166 
-17.4671 34.6037 3.21287 -16.5001 34.4138 3.04388 -15.5214 34.2723 2.89757 
-14.5322 34.1903 2.78062 -13.5363 34.2008 2.70485 -12.5417 34.2929 2.67267 
-11.5546 34.4485 2.69619 -10.5772 34.6481 2.76084 -9.61167 34.8892 2.85777 
-8.65731 35.1632 2.97562 -7.71542 35.4689 3.11424 -6.78432 35.7997 3.26709 
-5.86915 36.1642 3.43838 -4.97222 36.5624 3.62983 -4.09109 36.9862 3.83906 
-3.21791 37.4231 4.05517 -2.34914 37.8716 4.26497 -1.48506 38.3362 4.45805 
-0.644184 38.8453 4.64032 0.170912 39.3958 4.81941 0.955339 39.9981 4.96509 
1.69492 40.6623 5.05053 2.36656 41.4003 5.02264 3.1274 41.7331 4.70842 
3.94328 41.7039 4.13335 4.71642 41.8106 3.51576 5.42468 42.0636 2.8605 
6.00406 42.3783 2.1116 6.56022 42.6615 1.33112 7.16781 42.8917 0.572098 
7.86256 43.0583 -0.125824 8.64391 43.1795 -0.735129 9.50714 43.29 -1.22269 
10.4288 43.4365 -1.57529 11.1877 43.6256 -1.73755 -37.7694 45.2277 -2.34887 
-36.8855 45.0394 -1.92694 -36.0719 44.8649 -1.3733 -35.32 44.6675 -0.746379 
-34.6872 44.4035 -0.0215696 -34.1361 44.0791 0.746228 -33.6137 43.7252 1.52156 
-32.9976 43.4041 2.23649 -32.2611 43.1735 2.86759 -31.4557 43.0457 3.44287 
-30.6627 42.6306 3.83244 -29.974 41.9356 3.98319 -29.2938 41.2041 3.98508 
-28.5895 40.4975 3.91874 -27.8789 39.8005 3.82378 -27.1397 39.1357 3.72268 
-26.3388 38.5446 3.62854 -25.5101 37.9953 3.52429 -24.669 37.4706 3.39396 
-23.8264 36.9538 3.24265 -22.9799 36.4467 3.08047 -22.1231 35.9586 2.91484 
-21.2495 35.501 2.74993 -20.36 35.0752 2.58468 -19.4532 34.6867 2.42223 
-18.531 34.3344 2.26366 -17.5933 34.0237 2.10897 -16.6441 33.7473 1.95937 
-15.6827 33.5081 1.824 -14.7108 33.3079 1.705 -13.723 33.2786 1.58993 
-12.7484 33.4604 1.49127 -11.7877 33.734 1.44772 -10.8313 34.0254 1.43712 
-9.88494 34.3479 1.44953 -8.95174 34.7059 1.47548 -8.0327 35.098 1.5134 
-7.12454 35.5137 1.56102 -6.22887 35.9549 1.61564 -5.34641 36.4216 1.67298 
-4.47832 36.9141 1.7344 -3.61695 37.4179 1.79918 -2.74963 37.9122 1.85704 
-1.8721 38.3901 1.89061 -1.01033 38.8963 1.89537 -0.236696 39.5207 1.92209 
0.419613 40.2716 1.98568 1.04361 41.0522 2.01215 1.65117 41.8442 1.96392 
2.21653 42.6574 1.83686 2.70211 43.4918 1.58808 3.2357 44.1097 1.13275 
3.95991 44.1759 0.448207 4.66694 44.3063 -0.245016 5.33413 44.5706 -0.93915 
5.9277 44.9783 -1.62861 6.46233 45.5161 -2.27849 7.00468 46.1226 -2.85888 
-38.3066 45.0651 -1.14102 -37.4506 44.6692 -0.816798 -36.6072 44.3936 -0.362907 
-35.844 44.1846 0.24275 -35.2119 43.9545 0.976883 -34.7443 43.6407 1.80185 
-34.3482 43.2467 2.62976 -34.0112 42.7567 3.43297 -33.6473 42.2267 4.19827 
-33.1585 41.7069 4.89038 -32.4688 41.2856 5.46814 -31.6227 41.1195 5.96332 
-30.7377 40.969 6.347 -29.9545 40.3647 6.39002 -29.201 39.7169 6.28564 
-28.4102 39.1256 6.13015 -27.5986 38.5716 5.94542 -26.7743 38.0444 5.74027 
-25.9365 37.543 5.52454 -25.0916 37.0609 5.29262 -24.2463 36.5886 5.04317 
-23.3956 36.1318 4.78298 -22.5322 35.6983 4.52547 -21.6499 35.2977 4.27922 
-20.7489 34.9354 4.04106 -19.8313 34.6096 3.81391 -18.9006 34.3151 3.59744 
-17.9548 34.066 3.3901 -16.9966 33.8594 3.19342 -16.0261 33.6961 3.01672 
-15.0455 33.5775 2.86365 -14.4519 33.5407 2.7855 -13.6576 33.5793 2.71184 
-12.6698 33.724 2.67462 -11.6898 33.9185 2.70039 -10.7183 34.1441 2.77251 
-9.75717 34.3995 2.87468 -8.80838 34.688 3.00225 -7.87128 35.0034 3.1512 
-6.94442 35.3409 3.31508 -6.03213 35.7077 3.49647 -5.13778 36.1063 3.69879 
-4.25651 36.5258 3.91641 -3.3824 36.9569 4.14015 -2.51085 37.3971 4.35574 
-1.64067 37.8503 4.54842 -0.793868 38.3509 4.72643 0.0242195 38.8973 4.90446 
0.811027 39.4949 5.05691 1.56954 40.1362 5.16326 2.27434 40.8429 5.16666 
3.0372 41.3806 4.94057 3.86725 41.4627 4.40664 4.65648 41.5575 3.80507 
5.37568 41.8278 3.1693 5.97495 42.1618 2.44455 6.51293 42.4752 1.66305 
7.10708 42.7224 0.898423 7.79925 42.8983 0.20168 8.57438 43.0217 -0.415664 
9.43058 43.1255 -0.918199 10.3441 43.2533 -1.29918 11.0949 43.4355 -1.50275 
-38.1668 45.1646 -0.902849 -37.326 44.7415 -0.57968 -36.4891 44.4512 -0.122469 
-35.7568 44.2368 0.518234 -35.1767 43.9793 1.28505 -34.7507 43.6317 2.11899 
-34.3905 43.1947 2.94132 -34.0865 42.6669 3.73407 -33.7806 42.0981 4.49709 
-33.4211 41.5014 5.21314 -32.9189 40.9367 5.85416 -32.1441 40.5863 6.36304 
-31.2711 40.5195 6.82277 -30.3807 40.6021 7.18437 -29.5903 40.1469 7.18651 
-28.8173 39.5415 7.00229 -28.003 39.0013 6.79191 -27.1682 38.5032 6.55759 
-26.3306 38.0193 6.30417 -25.4922 37.5445 6.03667 -24.6526 37.0784 5.75761 
-23.8066 36.6275 5.47337 -22.9478 36.1986 5.19344 -22.0634 35.8127 4.93185 
-21.1585 35.4635 4.68942 -20.2334 35.157 4.46585 -19.2946 34.8855 4.25436 
-18.3446 34.6497 4.05057 -17.3852 34.4484 3.85388 -16.4134 34.2922 3.6782 
-15.431 34.1781 3.53245 -14.4381 34.1258 3.43047 -13.4406 34.1421 3.3758 
-12.4453 34.2318 3.38463 -11.4573 34.3685 3.44946 -10.4808 34.5493 3.56425 
-9.5142 34.761 3.70777 -8.55964 35.0058 3.87702 -7.61453 35.2747 4.06222 
-6.68105 35.5705 4.26434 -5.7635 35.8974 4.48993 -4.86611 36.2576 4.7441 
-3.98414 36.6409 5.018 -3.11909 37.0516 5.30592 -2.26138 37.4809 5.58847 
-1.41073 37.9338 5.85546 -0.566633 38.4055 6.10977 0.264849 38.911 6.3399 
1.0659 39.4736 6.53865 1.79695 40.1401 6.6734 2.58529 40.5108 6.52689 
3.47127 40.4635 6.07016 4.32341 40.4729 5.55167 5.11311 40.696 4.98947 
5.74218 41.104 4.3432 6.16633 41.6034 3.58958 6.56957 42.0502 2.79173 
7.05757 42.3984 1.99364 7.67288 42.6628 1.25621 8.4221 42.8509 0.625353 
9.25773 42.9929 0.0970497 10.1497 43.1339 -0.329986 11.056 43.3673 -0.677199 
-38.1502 44.8475 -1.6508 -37.436 44.6159 -1.37843 -36.5797 44.4126 -0.907196 
-35.7887 44.2378 -0.324262 -35.1306 44.021 0.392141 -34.5897 43.7438 1.18433 
-34.1266 43.3946 1.99752 -33.6896 42.9865 2.79809 -33.1163 42.5973 3.514 
-32.393 42.2979 4.13064 -31.5678 42.1334 4.66685 -30.7272 41.7942 5.04005 
-29.995 41.1342 5.13256 -29.2819 40.4352 5.09114 -28.5329 39.7829 4.9785 
-27.7728 39.1485 4.83838 -26.9879 38.5475 4.68926 -26.1732 37.9874 4.54108 
-25.3333 37.4699 4.3779 -24.4888 36.9689 4.18951 -23.6421 36.4789 3.98183 
-22.7893 36.002 3.7694 -21.9211 35.5516 3.56131 -21.0374 35.1319 3.35483 
-20.1346 34.7536 3.15123 -19.2171 34.4077 2.95546 -18.2834 34.1037 2.76734 
-17.3366 33.8381 2.58639 -16.3764 33.6138 2.42072 -15.4078 33.4171 2.26967 
-14.6235 33.3056 2.16156 -13.637 33.3348 2.04169 -12.6628 33.5428 1.97212 
-11.696 33.797 1.96218 -10.7356 34.073 1.99449 -9.78557 34.3793 2.05289 
-8.8477 34.7178 2.12729 -7.9238 35.0887 2.22013 -7.00924 35.479 2.32544 
-6.10704 35.8945 2.44047 -5.2196 36.3386 2.56275 -4.34719 36.809 2.69529 
-3.48011 37.2878 2.83277 -2.60577 37.7565 2.95836 -1.72617 38.2213 3.05826 
-0.867601 38.727 3.13196 -0.0721702 39.3228 3.22622 0.639027 40.0176 3.32763 
1.31528 40.7509 3.39046 1.94827 41.5231 3.37226 2.53193 42.3266 3.26578 
3.18237 42.933 2.91043 3.93052 43.0578 2.29121 4.64193 43.1478 1.59712 
5.30508 43.3373 0.873782 5.91728 43.5732 0.119347 6.52417 43.826 -0.634007 
7.15516 44.0905 -1.36269 7.85338 44.3373 -2.03299 8.62135 44.5582 -2.63272 
9.43309 44.7743 -3.17464 10.1113 44.9426 -3.56395 -38.2641 44.6757 -1.06783 
-37.5764 44.3911 -0.778383 -36.7396 44.1272 -0.304127 -35.9754 43.9233 0.30362 
-35.3325 43.7095 1.0351 -34.8327 43.4216 1.84846 -34.4339 43.0362 2.67883 
-34.0874 42.5615 3.48705 -33.7302 42.0251 4.2509 -33.2851 41.4808 4.95716 
-32.5889 41.0504 5.52219 -31.7573 40.816 6.01379 -30.8737 40.5944 6.39664 
-30.0708 40.0603 6.4971 -29.3258 39.401 6.40046 -28.5445 38.7942 6.25904 
-27.7398 38.2268 6.08518 -26.9172 37.6935 5.88886 -26.075 37.1971 5.67921 
-25.2238 36.7254 5.44959 -24.3737 36.2627 5.19825 -23.523 35.8092 4.93261 
-22.6622 35.3773 4.66351 -21.7849 34.9753 4.40191 -20.8901 34.6066 4.15034 
-19.983 34.265 3.90518 -19.061 33.9573 3.67029 -18.1267 33.6824 3.44415 
-17.1766 33.4555 3.23097 -16.215 33.2663 3.03268 -15.245 33.1068 2.84976 
-14.2674 32.9971 2.67961 -13.4801 33.0488 2.56659 -12.5091 33.2773 2.51672 
-11.5425 33.5317 2.53873 -10.5801 33.7943 2.60549 -9.62502 34.0749 2.70003 
-8.68309 34.3881 2.82017 -7.75134 34.7235 2.95855 -6.83092 35.0811 3.1162 
-5.92305 35.4631 3.28844 -5.03145 35.8753 3.47521 -4.15148 36.3072 3.67283 
-3.27558 36.7457 3.87405 -2.39759 37.1839 4.06643 -1.51527 37.6279 4.22084 
-0.654456 38.1176 4.35355 0.135129 38.7107 4.50529 0.889156 39.3512 4.64944 
1.61093 40.0368 4.73476 2.29348 40.7654 4.73137 3.00207 41.4028 4.53532 
3.81177 41.6388 4.04122 4.58922 41.763 3.42983 5.31929 42.0077 2.79311 
5.92393 42.3068 2.05755 6.49302 42.5861 1.28479 7.11154 42.808 0.532199 
7.80676 42.9697 -0.166048 8.58339 43.086 -0.783747 9.42647 43.1907 -1.30767 
10.3442 43.3324 -1.67174 11.2934 43.5456 -1.88923 -38.2948 45.2475 -1.81951 
-37.5803 44.9873 -1.57634 -36.7103 44.7553 -1.14649 -35.8965 44.5702 -0.599187 
-35.2135 44.3516 0.0916393 -34.6619 44.0707 0.875214 -34.2032 43.7141 1.68825 
-33.7795 43.304 2.49542 -33.2618 42.9021 3.24569 -32.5739 42.5993 3.89737 
-31.7655 42.4461 4.46065 -30.9081 42.2638 4.90764 -30.1636 41.6209 5.03776 
-29.4521 40.9204 5.03063 -28.7078 40.2609 4.92853 -27.9427 39.6319 4.79213 
-27.1621 39.026 4.63975 -26.3573 38.453 4.48578 -25.5279 37.9184 4.32474 
-24.6896 37.4039 4.14433 -23.8447 36.9069 3.94684 -22.9935 36.4234 3.7428 
-22.1275 35.966 3.54167 -21.2447 35.5394 3.34561 -20.3423 35.155 3.15178 
-19.4243 34.8062 2.96332 -18.49 34.4986 2.78425 -17.5416 34.2332 2.61218 
-16.5794 34.0158 2.44947 -15.606 33.8425 2.30111 -14.6202 33.7432 2.17415 
-13.6277 33.7709 2.07185 -12.8384 33.8843 2.01864 -11.8592 34.0848 1.9969 
-10.8876 34.3199 2.01219 -9.9289 34.5993 2.06184 -8.98317 34.9164 2.13025 
-8.05097 35.2677 2.21558 -7.12982 35.6439 2.31511 -6.22092 36.0458 2.42555 
-5.32735 36.478 2.54561 -4.45056 36.9403 2.67731 -3.58164 37.4154 2.81616 
-2.70985 37.887 2.94842 -1.83373 38.3558 3.06043 -0.972941 38.8566 3.14708 
-0.172422 39.4436 3.24784 0.556891 40.1179 3.35946 1.24739 40.837 3.42984 
1.8893 41.6017 3.42132 2.47035 42.4085 3.32545 3.095 43.0342 3.00344 
3.84249 43.1096 2.39622 4.55649 43.178 1.70268 5.22452 43.3586 0.981772 
5.83629 43.5942 0.227004 6.43404 43.8521 -0.531952 7.05079 44.1272 -1.26893 
7.73164 44.3907 -1.95056 8.48532 44.629 -2.56141 9.28833 44.8584 -3.11085 
10.1302 45.0833 -3.60083 -38.4749 45.4993 -2.57633 -37.7339 45.3123 -2.34727 
-36.8485 45.1248 -1.92798 -36.035 44.9474 -1.37596 -35.2906 44.7413 -0.742743 
-34.6668 44.4654 -0.014511 -34.124 44.1309 0.754838 -33.6066 43.7711 1.5309 
-32.9922 43.4474 2.24595 -32.2554 43.2188 2.87691 -31.4482 43.0982 3.45146 
-30.6496 42.6986 3.84316 -29.9593 42.0063 3.99335 -29.2753 41.2783 3.9942 
-28.5633 40.5795 3.92758 -27.8434 39.8925 3.82965 -27.0958 39.2375 3.72488 
-26.2922 38.6512 3.6256 -25.4636 38.1019 3.51929 -24.6242 37.5752 3.38521 
-23.7821 37.0578 3.23373 -22.9343 36.5528 3.07172 -22.075 36.0687 2.90743 
-21.1974 35.6183 2.74387 -20.3019 35.2043 2.58187 -19.3879 34.8312 2.42338 
-18.4589 34.4956 2.26849 -17.514 34.2054 2.11812 -16.5582 33.9517 1.97069 
-15.5913 33.7378 1.83332 -14.611 33.5863 1.71315 -13.6198 33.5942 1.60455 
-12.6381 33.7533 1.52005 -11.6682 33.9928 1.48218 -10.7059 34.264 1.47284 
-9.75772 34.5808 1.48982 -8.82281 34.9339 1.5197 -7.90221 35.3218 1.56218 
-6.99271 35.7341 1.61441 -6.09565 36.172 1.67299 -5.21301 36.6374 1.73621 
-4.34569 37.1302 1.80573 -3.48495 37.6339 1.87904 -2.61784 38.1276 1.94476 
-1.74396 38.6116 1.9869 -0.892405 39.1331 2.01039 -0.13212 39.7757 2.05925 
0.534817 40.5171 2.12212 1.17115 41.2879 2.13986 1.77945 42.0787 2.08043 
2.33265 42.8982 1.94069 2.79633 43.7361 1.66166 3.41984 43.9934 1.13344 
4.13702 44.0745 0.441849 4.8333 44.2272 -0.258053 5.49196 44.4938 -0.958967 
6.07911 44.9004 -1.65569 6.63712 45.408 -2.31085 7.22091 45.9586 -2.90685 
-38.022 44.9835 -1.27416 -37.1517 44.6604 -0.912686 -36.3116 44.4346 -0.423286 
-35.5854 44.2327 0.228849 -34.992 43.9835 0.989344 -34.5301 43.6557 1.81215 
-34.137 43.2477 2.63493 -33.7683 42.7669 3.42986 -33.3054 42.284 4.16994 
-32.62 41.9167 4.78509 -31.7906 41.7601 5.31242 -30.9103 41.6384 5.75216 
-30.0963 41.1769 5.93136 -29.3626 40.5029 5.85357 -28.5927 39.8804 5.71932 
-27.7984 39.2967 5.55184 -26.9923 38.7354 5.36479 -26.1725 38.1979 5.1673 
-25.342 37.6798 4.9627 -24.5038 37.1817 4.74128 -23.6588 36.7009 4.50706 
-22.8028 36.2416 4.27041 -21.9324 35.8065 4.04001 -21.0397 35.4136 3.82024 
-20.1305 35.0564 3.60743 -19.2041 34.7388 3.40539 -18.2642 34.4584 3.21191 
-17.3103 34.224 3.02564 -16.3451 34.0308 2.8506 -15.3679 33.8858 2.69723 
-14.3793 33.8129 2.57315 -13.7825 33.8136 2.51257 -12.9888 33.8972 2.4648 
-12.0023 34.0562 2.44482 -11.0258 34.267 2.48323 -10.0592 34.5123 2.55456 
-9.10587 34.7973 2.65248 -8.16331 35.1105 2.76759 -7.23391 35.4535 2.90362 
-6.31555 35.8196 3.05286 -5.41616 36.2233 3.21982 -4.5322 36.6543 3.4006 
-3.65892 37.1023 3.5921 -2.78621 37.5522 3.7815 -1.91173 38.0062 3.952 
-1.04836 38.4868 4.10407 -0.22706 39.0347 4.25927 0.551185 39.6426 4.41274 
1.28956 40.3064 4.52245 1.9703 41.0362 4.55173 2.60264 41.8017 4.45493 
3.36846 42.0849 4.06698 4.1595 42.0916 3.45896 4.90996 42.2343 2.817 
5.56738 42.4916 2.1118 6.14614 42.7682 1.34531 6.727 43.0111 0.56912 
7.36906 43.2039 -0.171465 8.09889 43.3481 -0.838832 8.8914 43.476 -1.43271 
9.76708 43.6144 -1.88995 10.7041 43.7877 -2.17698 -38.158 44.7084 -0.875305 
-37.3106 44.3461 -0.495125 -36.4939 44.0853 0.0144255 -35.7792 43.8841 0.681361 
-35.1876 43.6432 1.44674 -34.7518 43.3036 2.27749 -34.3959 42.8619 3.09926 
-34.08 42.3404 3.89138 -33.7642 41.7691 4.64851 -33.3756 41.1757 5.3504 
-32.771 40.6623 5.9422 -31.963 40.3553 6.42639 -31.0761 40.3065 6.86664 
-30.2358 39.9084 6.98853 -29.4751 39.2677 6.89287 -28.6769 38.6869 6.73625 
-27.8539 38.1504 6.55147 -27.0141 37.6525 6.33519 -26.1673 37.174 6.10366 
-25.3163 36.7124 5.85294 -24.4685 36.2565 5.58251 -23.6193 35.8129 5.29588 
-22.7588 35.3916 5.00979 -21.879 35.0041 4.73522 -20.9804 34.651 4.47556 
-20.0651 34.333 4.22865 -19.1378 34.0452 3.98959 -18.1976 33.7949 3.75949 
-17.2448 33.5847 3.54147 -16.2775 33.4236 3.34634 -15.3018 33.2954 3.16923 
-14.5139 33.2406 3.04542 -13.7215 33.2788 2.95343 -12.7365 33.4372 2.91646 
-11.7582 33.6393 2.95374 -10.7869 33.8614 3.03746 -9.82528 34.1081 3.15576 
-8.87554 34.3851 3.30081 -7.93637 34.6866 3.46477 -7.00802 35.011 3.64604 
-6.0906 35.3561 3.84343 -5.18926 35.7291 4.0632 -4.30192 36.1244 4.30017 
-3.42624 36.5385 4.54854 -2.55488 36.9625 4.79525 -1.68183 37.4004 5.00891 
-0.820781 37.87 5.20285 0.0100884 38.3904 5.39803 0.810103 38.9633 5.57438 
1.57627 39.5912 5.7001 2.30674 40.271 5.72815 3.11005 40.7637 5.49682 
3.95415 40.8775 5.00022 4.75634 41.019 4.42524 5.48888 41.3067 3.81636 
6.03113 41.721 3.08818 6.52588 42.1051 2.30973 7.07979 42.4023 1.5337 
7.73522 42.6245 0.815498 8.50855 42.7697 0.201148 9.35654 42.8722 -0.316082 
10.2627 42.9902 -0.720275 11.1798 43.2034 -1.0498 -38.1537 45.0406 -1.45375 
-37.4502 44.7598 -1.20072 -36.5878 44.5281 -0.755981 -35.7981 44.34 -0.17714 
-35.1561 44.1113 0.549126 -34.6436 43.8178 1.35395 -34.2127 43.4469 2.17507 
-33.8198 43.0043 2.98052 -33.3425 42.5557 3.73119 -32.6779 42.1868 4.3735 
-31.876 42.0002 4.92599 -31.002 41.8803 5.38378 -30.1973 41.3729 5.57432 
-29.4722 40.688 5.53842 -28.718 40.0433 5.42165 -27.9354 39.4404 5.26751 
-27.1377 38.8629 5.09409 -26.3242 38.3097 4.91533 -25.4933 37.7857 4.72837 
-24.6541 37.2822 4.52346 -23.8083 36.7968 4.30193 -22.955 36.3263 4.07763 
-22.0829 35.8884 3.85957 -21.1947 35.4806 3.64852 -20.2868 35.1155 3.44343 
-19.365 34.7826 3.24549 -18.4262 34.4948 3.05715 -17.4735 34.2515 2.87593 
-16.5082 34.0537 2.70708 -15.5314 33.9025 2.55705 -14.5426 33.8269 2.43428 
-13.5491 33.8605 2.34271 -12.7584 33.9724 2.30643 -11.7766 34.1603 2.30875 
-10.8043 34.3885 2.35373 -9.84345 34.6548 2.42795 -8.89487 34.9563 2.52242 
-7.95971 35.2911 2.63728 -7.03455 35.648 2.76599 -6.12567 36.0384 2.91142 
-5.23403 36.4616 3.07181 -4.35672 36.9089 3.24548 -3.48493 37.365 3.42423 
-2.61254 37.8231 3.5946 -1.74109 38.2904 3.74292 -0.896451 38.8055 3.88349 
-0.103085 39.3939 4.03622 0.652476 40.0339 4.17299 1.36363 40.7304 4.2557 
1.99666 41.5025 4.24728 2.60414 42.2341 4.13474 3.37933 42.4741 3.68372 
4.15792 42.4586 3.06006 4.88139 42.6039 2.38937 5.54054 42.8296 1.67393 
6.11264 43.0823 0.893989 6.70721 43.3136 0.124542 7.35754 43.5097 -0.60828 
8.0681 43.6819 -1.28978 8.86115 43.8374 -1.87668 9.71396 43.9982 -2.37061 
10.6358 44.1687 -2.70678 -38.1969 45.0261 -1.17948 -37.5056 44.7285 -0.912006 
-36.6548 44.4547 -0.469774 -35.8802 44.2471 0.121851 -35.2339 44.0219 0.844891 
-34.7567 43.7161 1.66736 -34.3513 43.3349 2.49677 -34.0041 42.8568 3.30259 
-33.6338 42.3378 4.07206 -33.1209 41.8404 4.76163 -32.4072 41.4527 5.33734 
-31.5566 41.287 5.8278 -30.666 41.0996 6.20637 -29.9026 40.4909 6.23346 
-29.1465 39.8465 6.12845 -28.356 39.254 5.97536 -27.5473 38.6953 5.79207 
-26.7259 38.1622 5.59 -25.8907 37.6544 5.37925 -25.0483 37.1655 5.15277 
-24.2037 36.6891 4.90844 -23.3529 36.2283 4.656 -22.4894 35.7904 4.40625 
-21.6065 35.3866 4.16727 -20.7055 35.0206 3.93514 -19.7871 34.6926 3.71439 
-18.8555 34.3968 3.50414 -17.9089 34.1461 3.30242 -16.9492 33.941 3.11119 
-15.9776 33.7795 2.93985 -14.9958 33.6636 2.79227 -14.4014 33.6316 2.71838 
-13.8052 33.6523 2.66174 -12.8156 33.7822 2.61715 -11.8328 33.9649 2.62698 
-10.8597 34.1853 2.68894 -9.8961 34.4358 2.78112 -8.94574 34.7227 2.90028 
-8.00698 35.037 3.04085 -7.07922 35.3753 3.19787 -6.16459 35.7407 3.36996 
-5.26869 36.1406 3.56276 -4.38575 36.5618 3.77006 -3.5117 36.9969 3.986 
-2.63987 37.4391 4.19658 -1.76982 37.8943 4.38513 -0.917037 38.386 4.5593 
-0.100064 38.9351 4.73378 0.689003 39.5281 4.89209 1.43914 40.1809 4.98463 
2.13368 40.8987 4.99393 2.86404 41.5001 4.80268 3.68927 41.6539 4.31156 
4.47554 41.7289 3.70401 5.21999 41.9495 3.07571 5.8322 42.2552 2.35045 
6.37867 42.5625 1.57197 6.971 42.8062 0.804618 7.63479 42.9938 0.0829354 
8.39459 43.1223 -0.55175 9.22626 43.2283 -1.09462 10.1334 43.3579 -1.48876 
11.0767 43.5651 -1.73575 -38.4647 45.4773 -1.22782 -37.7925 45.0976 -1.02838 
-36.929 44.7551 -0.668152 -36.1144 44.5241 -0.142379 -35.4114 44.3063 0.52919 
-34.9023 44.0134 1.3345 -34.484 43.6472 2.16454 -34.1328 43.1857 2.97818 
-33.7955 42.669 3.76464 -33.3712 42.142 4.49793 -32.751 41.694 5.13045 
-31.9533 41.4394 5.65804 -31.0705 41.3901 6.12137 -30.2115 41.1101 6.37033 
-29.4656 40.4594 6.31727 -28.696 39.8398 6.16866 -27.893 39.2722 5.98815 
-27.0729 38.7395 5.77957 -26.2472 38.22 5.55981 -25.4132 37.7183 5.33019 
-24.5745 37.2305 5.08819 -23.7286 36.7611 4.8354 -22.8708 36.3124 4.58495 
-21.9922 35.8989 4.3467 -21.0943 35.5218 4.12064 -20.1752 35.1917 3.90586 
-19.2425 34.8948 3.70183 -18.2958 34.6383 3.50836 -17.3378 34.4204 3.32268 
-16.367 34.2508 3.15419 -15.3856 34.1275 3.00981 -14.5919 34.0841 2.92234 
-13.5956 34.1087 2.85008 -12.6017 34.2085 2.82675 -11.6151 34.3651 2.86069 
-10.6385 34.5646 2.93885 -9.67391 34.8025 3.05052 -8.72026 35.0721 3.18326 
-7.77782 35.3699 3.33456 -6.84626 35.6926 3.50128 -5.93181 36.0499 3.69051 
-5.03363 36.4358 3.90046 -4.15214 36.8483 4.13008 -3.27957 37.276 4.36597 
-2.4133 37.7199 4.59501 -1.55465 38.1853 4.80896 -0.715545 38.6903 5.01013 
0.102535 39.2329 5.19958 0.888993 39.8286 5.35846 1.62724 40.493 5.46121 
2.3055 41.2135 5.41104 3.11063 41.4891 5.05753 3.93202 41.4751 4.49026 
4.71615 41.5959 3.88549 5.42822 41.8611 3.24188 6.00423 42.2073 2.50424 
6.52884 42.5274 1.71623 7.11043 42.7841 0.945295 7.7951 42.9681 0.243425 
8.57455 43.0958 -0.366541 9.43477 43.2045 -0.861127 10.3512 43.3391 -1.23222 
11.1003 43.5312 -1.43364 -38.3762 45.4653 -1.19324 -37.8742 45.1703 -1.05346 
-37.0097 44.8222 -0.700073 -36.1789 44.5774 -0.206598 -35.4759 44.3577 0.463989 
-34.9398 44.0766 1.25357 -34.5258 43.7067 2.08442 -34.1679 43.2578 2.90167 
-33.8414 42.7377 3.69069 -33.4511 42.2029 4.4387 -32.8609 41.7334 5.08366 
-32.094 41.4209 5.62741 -31.2151 41.3603 6.0965 -30.1779 41.0732 6.42213 
-29.4324 40.4213 6.36001 -28.6567 39.811 6.20347 -27.8525 39.2465 6.01941 
-27.0311 38.7167 5.80815 -26.2047 38.1996 5.58572 -25.3704 37.6998 5.35308 
-24.5315 37.2137 5.10848 -23.6851 36.7459 4.85389 -22.8265 36.2996 4.60243 
-21.9461 35.8897 4.36428 -21.0464 35.5165 4.13865 -20.1264 35.1892 3.92434 
-19.192 34.8969 3.72117 -18.2441 34.6442 3.52813 -17.2852 34.4299 3.34309 
-16.3136 34.2637 3.17616 -15.3319 34.1414 3.03267 -14.538 34.0986 2.946 
-13.5416 34.1269 2.87757 -12.5477 34.2282 2.85876 -11.5615 34.3861 2.89894 
-10.5849 34.5844 2.97947 -9.62063 34.8222 3.09432 -8.66727 35.0914 3.22996 
-7.72502 35.3884 3.38388 -6.79408 35.7113 3.55394 -5.87953 36.0667 3.74583 
-4.98186 36.4517 3.95961 -4.1 36.862 4.19169 -3.22797 37.2892 4.43057 
-2.3624 37.7332 4.66191 -1.50523 38.2002 4.8783 -0.666454 38.7058 5.07971 
0.157741 39.2368 5.27623 0.947308 39.8268 5.4408 1.68729 40.4879 5.54679 
2.38027 41.1651 5.51743 3.20303 41.4195 5.16989 4.0301 41.3754 4.61316 
4.81711 41.4985 4.01627 5.51242 41.7856 3.3678 6.05134 42.159 2.61516 
6.56264 42.491 1.8235 7.13204 42.7605 1.04773 7.81517 42.9508 0.34625 
8.5903 43.0844 -0.268191 9.45479 43.1959 -0.753904 10.374 43.3372 -1.11628 
11.1193 43.5368 -1.3243 -37.2951 46.2087 -3.24808 -36.6785 46.0362 -2.77008 
-35.9419 45.7647 -2.15074 -35.2409 45.4613 -1.50596 -34.6054 45.1119 -0.818936 
-34.047 44.712 -0.092808 -33.4924 44.3282 0.644982 -32.849 44.0258 1.34531 
-32.108 43.807 1.97658 -31.3099 43.5902 2.52821 -30.5616 43.0907 2.91708 
-29.9102 42.3473 3.06079 -29.2521 41.5968 3.10686 -28.5805 40.8567 3.0792 
-27.9065 40.1202 3.02432 -27.1946 39.4213 2.96919 -26.4119 38.8022 2.9237 
-25.5836 38.245 2.87013 -24.7449 37.7065 2.79061 -23.9049 37.1743 2.68478 
-23.0616 36.6508 2.56384 -22.2068 36.148 2.43581 -21.3368 35.6732 2.30359 
-20.4475 35.2361 2.17007 -19.5434 34.831 2.03527 -18.6221 34.4669 1.89985 
-17.6855 34.1427 1.76877 -16.7328 33.866 1.64377 -15.7699 33.6231 1.5272 
-14.7931 33.4405 1.42529 -13.6079 33.4407 1.30222 -12.635 33.6491 1.21529 
-11.6726 33.9156 1.16706 -10.7189 34.215 1.14639 -9.77732 34.5515 1.14083 
-8.84924 34.9234 1.14521 -7.93575 35.3299 1.15818 -7.03276 35.7589 1.17726 
-6.14433 36.2172 1.20162 -5.26814 36.6982 1.23011 -4.40599 37.2036 1.26377 
-3.54733 37.715 1.2987 -2.68157 38.2145 1.32826 -1.81059 38.7055 1.34099 
-0.966337 39.2386 1.34455 -0.223601 39.9023 1.37067 0.418302 40.6671 1.40755 
1.03152 41.4569 1.40776 1.61676 42.2635 1.33634 2.14726 43.0962 1.18501 
2.57588 43.9633 0.937257 3.04585 44.5406 0.527046 3.74464 44.7179 -0.128455 
4.46709 44.8785 -0.797311 5.1304 45.2175 -1.45774 5.6768 45.7646 -2.08398 
6.13305 46.4528 -2.64463 -38.2643 45.0517 -0.923506 -37.4218 44.6342 -0.591527 
-36.5905 44.3408 -0.126982 -35.8501 44.1271 0.505249 -35.2431 43.8861 1.2579 
-34.7977 43.5554 2.0872 -34.43 43.1315 2.91294 -34.1217 42.6105 3.70841 
-33.8142 42.0424 4.47137 -33.4587 41.4464 5.19013 -32.9277 40.8959 5.81995 
-32.1511 40.5422 6.3257 -31.2774 40.4499 6.78252 -30.3827 40.4239 7.10916 
-29.5819 39.8978 7.07943 -28.7958 39.306 6.90381 -27.9744 38.7733 6.70199 
-27.1377 38.2753 6.4744 -26.2976 37.7929 6.22663 -25.456 37.3206 5.96485 
-24.6143 36.8564 5.68929 -23.7672 36.4067 5.40626 -22.9083 35.9789 5.12509 
-22.0261 35.5901 4.8598 -21.1243 35.2369 4.61176 -20.202 34.9271 4.38128 
-19.2674 34.648 4.16138 -18.3198 34.4095 3.94972 -17.3622 34.2062 3.74635 
-16.3911 34.0515 3.56567 -15.4106 33.9347 3.40957 -14.42 33.877 3.2916 
-13.4237 33.8955 3.21767 -12.6279 33.9722 3.20252 -11.6392 34.1141 3.24 
-10.66 34.295 3.32763 -9.69288 34.514 3.45607 -8.736 34.7616 3.60715 
-7.79181 35.0409 3.78118 -6.85793 35.3435 3.97123 -5.93868 35.6749 4.18305 
-5.03625 36.0357 4.41779 -4.1513 36.4239 4.67458 -3.27868 36.8314 4.94365 
-2.41458 37.2578 5.21071 -1.55264 37.7009 5.45694 -0.702921 38.1744 5.68825 
0.130604 38.6812 5.90749 0.941527 39.2335 6.09745 1.85083 39.9996 6.23765 
2.63185 40.5572 6.14715 3.5116 40.6455 5.71355 4.35106 40.6798 5.17458 
5.1421 40.8846 4.60279 5.77684 41.2731 3.9485 6.24042 41.7322 3.19237 
6.6981 42.131 2.39898 7.24742 42.4334 1.62317 7.92381 42.6556 0.924711 
8.71619 42.8068 0.337323 9.57801 42.9228 -0.153858 10.4823 43.0664 -0.552893 
-37.6865 45.3149 -2.09922 -36.8 45.1133 -1.68789 -35.9817 44.928 -1.14703 
-35.2438 44.7165 -0.509285 -34.6549 44.4248 0.241566 -34.1411 44.0791 1.0258 
-33.6545 43.6996 1.81203 -33.0724 43.3519 2.5424 -32.3395 43.1264 3.17852 
-31.5281 43.0365 3.75275 -30.7109 42.7181 4.15179 -30.007 42.0333 4.29992 
-29.3224 41.3056 4.30305 -28.6042 40.6144 4.23104 -27.8683 39.9464 4.12185 
-27.113 39.3025 4.00044 -26.3206 38.7048 3.8816 -25.4984 38.1493 3.75946 
-24.6627 37.6198 3.61407 -23.8204 37.1059 3.45174 -22.9726 36.6048 3.27831 
-22.1136 36.1236 3.10388 -21.2391 35.6714 2.92967 -20.3442 35.26 2.75774 
-19.432 34.8866 2.58995 -18.5044 34.5506 2.42736 -17.5602 34.2617 2.27045 
-16.6047 34.0103 2.11772 -15.6367 33.8059 1.97355 -14.6563 33.6608 1.84628 
-13.6646 33.6634 1.73714 -12.6802 33.807 1.65524 -11.7073 34.0347 1.62273 
-10.7427 34.2974 1.62243 -9.79141 34.6042 1.64929 -8.85343 34.9479 1.69055 
-7.92993 35.3271 1.74638 -7.01758 35.7309 1.81339 -6.11757 36.1602 1.88766 
-5.23209 36.6178 1.96681 -4.36246 37.1038 2.05294 -3.50002 37.6015 2.14462 
-2.6319 38.0905 2.22925 -1.7576 38.5717 2.29101 -0.906967 39.0939 2.33408 
-0.134514 39.7215 2.39967 0.552709 40.4428 2.47484 1.20498 41.1997 2.50629 
1.8207 41.9849 2.45409 2.3731 42.8042 2.31422 2.89291 43.589 2.01662 
3.57127 43.8521 1.43216 4.28454 43.9178 0.735435 4.96544 44.0704 0.020517 
5.59874 44.334 -0.704231 6.17058 44.7165 -1.42783 6.73123 45.1893 -2.10701 
7.32503 45.6919 -2.73393 -38.2622 45.2811 -2.14023 -37.7099 45.1256 -1.96666 
-36.8345 44.914 -1.53584 -36.0079 44.732 -1.00585 -35.2726 44.5315 -0.362596 
-34.6672 44.2628 0.382683 -34.1576 43.9251 1.17275 -33.6797 43.5479 1.96557 
-33.1019 43.1984 2.69813 -32.3787 42.9605 3.34097 -31.5641 42.8671 3.90908 
-30.7322 42.562 4.32604 -30.0231 41.8881 4.46239 -29.3363 41.1624 4.46061 
-28.6139 40.4763 4.37865 -27.8732 39.8149 4.26176 -27.1089 39.1835 4.13375 
-26.3083 38.598 4.00919 -25.4795 38.0544 3.87725 -24.6416 37.5314 3.72176 
-23.7974 37.0239 3.54899 -22.9472 36.5295 3.3684 -22.0843 36.0575 3.18827 
-21.2047 35.6171 3.00932 -20.304 35.2208 2.8323 -19.3872 34.8601 2.66114 
-18.4541 34.541 2.49667 -17.507 34.2631 2.33754 -16.5462 34.0324 2.1847 
-15.5742 33.8473 2.04216 -14.5883 33.7426 1.91936 -13.5966 33.771 1.81594 
-12.6129 33.9321 1.75177 -11.6383 34.1542 1.73363 -10.6741 34.4179 1.74893 
-9.72202 34.7209 1.78709 -8.78475 35.0646 1.84204 -7.86028 35.4392 1.91131 
-6.94872 35.8418 1.99352 -6.04897 36.2689 2.08253 -5.1647 36.7255 2.17929 
-4.29459 37.2066 2.28571 -3.42861 37.6945 2.39531 -2.55823 38.1766 2.49531 
-1.68788 38.663 2.57004 -0.850529 39.2038 2.63581 -0.0897611 39.845 2.72342 
0.611727 40.5524 2.804 1.27457 41.3 2.8255 1.88848 42.0856 2.77334 
2.42234 42.9181 2.63277 2.93483 43.7129 2.34143 3.64523 43.7838 1.72729 
4.36007 43.8224 1.03037 5.02475 43.9924 0.304009 5.64773 44.2302 -0.439564 
6.19842 44.6081 -1.18188 6.74323 45.061 -1.88686 7.19261 45.4559 -2.41699 
-38.0583 44.8382 -1.4028 -37.181 44.5381 -1.036 -36.3455 44.3338 -0.528885 
-35.6021 44.1404 0.105705 -35.0064 43.8973 0.867099 -34.5152 43.5918 1.68189 
-34.1067 43.1955 2.50293 -33.7047 42.7407 3.29688 -33.1726 42.3034 4.01312 
-32.4649 41.954 4.62222 -31.6263 41.8101 5.13977 -30.5989 41.4601 5.57426 
-29.8542 40.8186 5.63259 -29.1191 40.1471 5.55082 -28.3507 39.5219 5.41674 
-27.5617 38.9307 5.25014 -26.7565 38.3641 5.07584 -25.9283 37.8332 4.89717 
-25.0889 37.3259 4.7027 -24.2442 36.8375 4.48363 -23.3959 36.36 4.25495 
-22.5348 35.9062 4.02626 -21.6567 35.482 3.80507 -20.7606 35.0952 3.58846 
-19.8482 34.744 3.37888 -18.92 34.4303 3.17943 -17.9785 34.1554 2.98581 
-17.0215 33.9312 2.8026 -16.0536 33.7443 2.63555 -15.0743 33.6068 2.4905 
-14.2831 33.5533 2.38993 -13.8857 33.576 2.34984 -13.0952 33.6762 2.29323 
-12.115 33.8703 2.27327 -11.1434 34.1035 2.30835 -10.181 34.3664 2.37316 
-9.23098 34.6652 2.46232 -8.29364 34.9961 2.5701 -7.36831 35.3533 2.69693 
-6.45169 35.7286 2.83402 -5.55074 36.1352 2.98478 -4.66584 36.5714 3.14754 
-3.79312 37.0277 3.32103 -2.92038 37.4846 3.4931 -2.04328 37.9399 3.64538 
-1.17414 38.4165 3.77527 -0.346966 38.9612 3.90479 0.421764 39.5825 4.05214 
1.14748 40.2608 4.16242 1.82546 40.9929 4.20249 2.43969 41.778 4.14279 
3.30236 42.2401 3.71793 4.09075 42.3017 3.10776 4.82399 42.4583 2.44942 
5.49799 42.6888 1.74938 6.08185 42.9424 0.978534 6.68005 43.1707 0.211273 
7.33866 43.3556 -0.51712 8.05354 43.5151 -1.19731 8.84589 43.6588 -1.78804 
9.70067 43.811 -2.28034 10.6229 43.9805 -2.61783 -37.3997 45.5612 -2.58027 
-36.7198 45.4289 -2.18241 -35.9194 45.242 -1.614 -35.1968 45.0029 -0.968369 
-34.5688 44.6983 -0.253969 -34.0311 44.3334 0.505488 -33.4883 43.977 1.26547 
-32.8449 43.6715 1.96311 -32.0937 43.4559 2.58291 -31.2822 43.2615 3.1234 
-30.5326 42.7278 3.45832 -29.8658 41.9968 3.58343 -29.1969 41.2547 3.60396 
-28.5101 40.53 3.55124 -27.8183 39.8125 3.4711 -27.0896 39.1339 3.39181 
-26.2971 38.5292 3.32108 -25.4637 37.9836 3.23635 -24.621 37.4565 3.12677 
-23.7788 36.9342 2.99335 -22.9337 36.4199 2.84778 -22.0758 35.9288 2.69704 
-21.2022 35.4668 2.54542 -20.3095 35.0431 2.39268 -19.4025 34.6504 2.24174 
-18.4785 34.2987 2.09217 -17.5401 33.9858 1.9465 -16.5873 33.7152 1.80971 
-15.6255 33.4715 1.68593 -14.6495 33.2893 1.57844 -13.6621 33.3022 1.46678 
-12.6916 33.5187 1.37903 -11.7309 33.7923 1.33644 -10.7768 34.0909 1.3245 
-9.83302 34.421 1.33085 -8.90442 34.7912 1.3507 -7.98898 35.1923 1.38065 
-7.08453 35.6171 1.41896 -6.19161 36.0649 1.46232 -5.31469 36.5431 1.5102 
-4.44989 37.0424 1.56273 -3.58995 37.5498 1.61735 -2.7219 38.0441 1.66314 
-1.84741 38.5284 1.68379 -0.998961 39.0553 1.69315 -0.254195 39.7167 1.73076 
0.396534 40.4729 1.78568 1.01848 41.2555 1.78998 1.61582 42.0541 1.72927 
2.13907 42.8885 1.56602 2.57716 43.7521 1.32186 3.09417 44.2951 0.835511 
3.81953 44.4093 0.157497 4.5301 44.5909 -0.520162 5.20375 44.884 -1.19504 
5.77678 45.3636 -1.8539 6.26497 45.9787 -2.47073 -38.1556 44.6688 -0.943978 
-37.471 44.3781 -0.653093 -36.6451 44.1174 -0.158049 -35.8991 43.9143 0.471672 
-35.2805 43.6875 1.21986 -34.8055 43.38 2.04112 -34.4297 42.9642 2.8675 
-34.099 42.4679 3.66972 -33.7661 41.9128 4.43141 -33.3652 41.3387 5.14349 
-32.7672 40.8326 5.74679 -31.962 40.5258 6.23819 -31.0749 40.3706 6.65165 
-30.2267 39.9455 6.81085 -29.4779 39.2913 6.71 -28.6946 38.6874 6.56668 
-27.8811 38.1343 6.38908 -27.0506 37.6161 6.18546 -26.2046 37.1307 5.96561 
-25.351 36.666 5.73003 -24.501 36.2097 5.46726 -23.6507 35.7626 5.18952 
-22.791 35.3364 4.90832 -21.916 34.9378 4.63393 -21.0205 34.5769 4.37433 
-20.1096 34.2486 4.12477 -19.1838 33.9568 3.88486 -18.2472 33.6943 3.65316 
-17.2953 33.4795 3.43585 -16.3317 33.3037 3.235 -15.3586 33.1647 3.05208 
-14.378 33.0774 2.8826 -13.5884 33.1427 2.78806 -12.805 33.2943 2.74381 
-11.8314 33.52 2.7603 -10.8622 33.7564 2.82591 -9.90122 34.0135 2.92673 
-8.95004 34.2953 3.05172 -8.01271 34.6093 3.20211 -7.08552 34.9444 3.36908 
-6.17152 35.3049 3.55464 -5.27129 35.6901 3.75697 -4.38581 36.0995 3.97663 
-3.50832 36.5215 4.20438 -2.63259 36.9496 4.42744 -1.75425 37.3837 4.62678 
-0.888303 37.8554 4.79165 -0.0610639 38.3893 4.96179 0.725095 38.985 5.12448 
1.48002 39.6289 5.24196 2.20234 40.3178 5.2712 2.94077 40.9654 5.12969 
3.77085 41.1905 4.6687 4.5722 41.3102 4.08637 5.30624 41.5779 3.46848 
5.91638 41.9332 2.76354 6.44452 42.2704 1.98503 7.02097 42.5412 1.21518 
7.69024 42.7394 0.503044 8.45936 42.8706 -0.119947 9.31067 42.9677 -0.633715 
10.2112 43.0762 -1.05131 10.9562 43.233 -1.2932 -38.2398 45.3158 -2.16625 
-37.6871 45.1631 -1.99142 -36.8075 44.9504 -1.57173 -35.9835 44.7683 -1.03764 
-35.2546 44.563 -0.389773 -34.659 44.288 0.36211 -34.1494 43.9484 1.15137 
-33.6695 43.5712 1.94304 -33.0888 43.2234 2.67407 -32.3597 42.999 3.31358 
-31.5399 42.9257 3.87895 -30.7086 42.6191 4.29142 -30.0021 41.941 4.42517 
-29.3155 41.215 4.42321 -28.5919 40.5302 4.34114 -27.8507 39.8694 4.22485 
-27.088 39.2355 4.09795 -26.2944 38.6404 3.97333 -25.4708 38.088 3.84639 
-24.6359 37.5583 3.69726 -23.793 37.0477 3.52724 -22.9454 36.5481 3.34864 
-22.0848 36.0716 3.16927 -21.2091 35.6232 2.9913 -20.3141 35.2141 2.81434 
-19.4025 34.8413 2.64202 -18.4728 34.5127 2.47691 -17.5287 34.2249 2.31687 
-16.572 33.979 2.1622 -15.6051 33.7712 2.0153 -14.6237 33.6344 1.8884 
-13.6328 33.6225 1.77688 -12.6511 33.7907 1.70072 -11.6775 34.0146 1.66471 
-10.714 34.2816 1.67081 -9.76157 34.5844 1.69929 -8.82462 34.9305 1.7457 
-7.90031 35.3071 1.80512 -6.98871 35.7116 1.87757 -6.08748 36.1376 1.9564 
-5.20224 36.5948 2.04051 -4.33139 37.0777 2.13153 -3.46687 37.5711 2.22728 
-2.59816 38.0581 2.31747 -1.72246 38.5368 2.37862 -0.86648 39.0512 2.42156 
-0.10221 39.6873 2.49163 0.58839 40.4053 2.57186 1.23924 41.1634 2.59986 
1.85892 41.9459 2.55681 2.4144 42.764 2.41885 2.9266 43.5701 2.13827 
3.6312 43.7167 1.53536 4.34472 43.7964 0.840351 5.01717 43.9731 0.122121 
5.65369 44.2164 -0.60784 6.23806 44.5767 -1.33341 6.81934 45.0044 -2.02517 
7.30758 45.3647 -2.54556 -38.1761 44.8328 -1.49396 -37.2934 44.5353 -1.13762 
-36.4406 44.3246 -0.663883 -35.6828 44.1429 -0.041856 -35.0613 43.9131 0.70242 
-34.5583 43.6152 1.51285 -34.1264 43.2441 2.33343 -33.708 42.8047 3.12737 
-33.196 42.3689 3.86343 -32.4829 42.0381 4.47239 -31.6532 41.8747 4.9987 
-30.8019 41.5793 5.37472 -30.0466 40.9518 5.48761 -29.3266 40.2616 5.43081 
-28.5716 39.6171 5.31202 -27.7994 39.0001 5.16219 -27.0098 38.4084 5.00008 
-26.1884 37.8627 4.83619 -25.3478 37.3506 4.66024 -24.5016 36.8597 4.45327 
-23.654 36.3772 4.23232 -22.7992 35.9105 4.00617 -21.9296 35.4693 3.78448 
-21.0423 35.0633 3.56628 -20.139 34.6919 3.35261 -19.2195 34.3566 3.14826 
-18.2851 34.0609 2.95015 -17.3356 33.8108 2.76193 -16.375 33.5949 2.58722 
-15.4039 33.4144 2.43229 -14.4213 33.3013 2.29346 -13.6301 33.3484 2.20151 
-12.8475 33.4976 2.14583 -11.8774 33.7391 2.13807 -10.9125 33.9991 2.17108 
-9.95768 34.2885 2.23694 -9.0143 34.6088 2.32101 -8.08463 34.9622 2.42435 
-7.16526 35.3369 2.54343 -6.25811 35.7364 2.67503 -5.36717 36.1674 2.81713 
-4.49184 36.626 2.97008 -3.62203 37.0932 3.1285 -2.74694 37.5538 3.27687 
-1.86707 38.0123 3.40065 -1.00114 38.502 3.49952 -0.188107 39.0702 3.61138 
0.550812 39.7307 3.73937 1.25358 40.4351 3.83285 1.90439 41.1932 3.8414 
2.50378 41.9884 3.76388 3.20509 42.5304 3.41885 3.98209 42.6432 2.8208 
4.70525 42.7679 2.14393 5.37811 42.9632 1.43131 5.97969 43.1975 0.668076 
6.58002 43.4293 -0.0969922 7.22443 43.6397 -0.831883 7.92537 43.8321 -1.51701 
8.70092 44.0056 -2.12292 9.53062 44.1804 -2.65057 10.4231 44.3517 -3.06199 
-38.2391 45.0917 -1.94476 -37.5156 44.8723 -1.68686 -36.6469 44.6615 -1.2446 
-35.8456 44.4875 -0.67496 -35.1439 44.282 0.0015945 -34.5866 43.9999 0.781399 
-34.0964 43.6614 1.58356 -33.6263 43.2772 2.37743 -33.0314 42.9301 3.09553 
-32.2913 42.6926 3.71891 -31.4692 42.5609 4.26902 -30.6499 42.1791 4.6267 
-29.9427 41.4952 4.72949 -29.2385 40.7875 4.69397 -28.5078 40.1121 4.59692 
-27.7577 39.4638 4.46697 -26.9814 38.8489 4.33059 -26.1722 38.277 4.19741 
-25.3431 37.7355 4.05901 -24.503 37.2198 3.89155 -23.6579 36.7187 3.70547 
-22.8071 36.2302 3.51169 -21.9459 35.76 3.31862 -21.0654 35.3265 3.12796 
-20.1711 34.9227 2.93578 -19.2569 34.5619 2.75213 -18.3274 34.2384 2.57582 
-17.3832 33.957 2.40555 -16.4272 33.7132 2.24379 -15.4602 33.5051 2.09768 
-14.4824 33.3475 1.96661 -13.6912 33.3397 1.86913 -12.716 33.5358 1.78485 
-11.7494 33.7886 1.75114 -10.7893 34.0675 1.76329 -9.83827 34.3741 1.79922 
-8.90152 34.7194 1.85312 -7.97746 35.0954 1.92068 -7.06624 35.4988 2.00359 
-6.1649 35.9223 2.09335 -5.2793 36.3769 2.18728 -4.40707 36.8556 2.28723 
-3.54132 37.3448 2.39274 -2.67021 37.826 2.4903 -1.79091 38.2967 2.56119 
-0.925758 38.7956 2.60396 -0.140887 39.4059 2.66756 0.550075 40.1231 2.75109 
1.20237 40.8794 2.79437 1.82865 41.657 2.76788 2.39969 42.4662 2.6404 
2.93162 43.275 2.39954 3.64151 43.5151 1.80835 4.36261 43.596 1.12103 
5.03401 43.7753 0.403028 5.67048 43.9996 -0.334535 6.26788 44.3041 -1.07538 
6.87662 44.6616 -1.78307 7.52714 45.0279 -2.44697 8.25117 45.3792 -3.03926 
-38.0856 44.9564 -1.34613 -37.3848 44.681 -1.08002 -36.5326 44.4484 -0.616227 
-35.7627 44.2542 -0.0142765 -35.1313 44.023 0.721143 -34.6269 43.7291 1.53115 
-34.2136 43.3464 2.35615 -33.8371 42.8914 3.1624 -33.3833 42.4214 3.91502 
-32.7313 42.0308 4.55483 -31.9264 41.8266 5.09985 -31.0533 41.7018 5.56556 
-30.2331 41.2453 5.77431 -29.5019 40.5674 5.74375 -28.7426 39.9294 5.62236 
-27.956 39.3326 5.46472 -27.1519 38.767 5.28218 -26.3357 38.2206 5.09457 
-25.5033 37.7022 4.89892 -24.6635 37.2035 4.68489 -23.8176 36.7226 4.45458 
-22.9637 36.2571 4.22182 -22.0908 35.825 3.99592 -21.2017 35.423 3.77746 
-20.2929 35.0636 3.5661 -19.3703 34.7361 3.36318 -18.4315 34.4514 3.17014 
-17.479 34.2114 2.98393 -16.5129 34.0203 2.81122 -15.536 33.8723 2.65873 
-14.5474 33.7973 2.53463 -13.7524 33.8124 2.45817 -12.9601 33.9091 2.41553 
-11.9762 34.0849 2.41102 -11.0013 34.3023 2.45444 -10.037 34.5554 2.52956 
-9.08543 34.8458 2.629 -8.14676 35.1686 2.74924 -7.21868 35.5149 2.88549 
-6.30428 35.8899 3.03712 -5.4074 36.2988 3.20492 -4.52462 36.732 3.38614 
-3.65165 37.1808 3.57714 -2.77932 37.6319 3.76577 -1.90611 38.0883 3.93647 
-1.04498 38.5724 4.08981 -0.224809 39.1216 4.24677 0.553985 39.729 4.39998 
1.29202 40.393 4.50866 1.96991 41.1257 4.53623 2.59592 41.896 4.43844 
3.35332 42.1292 4.04529 4.14372 42.1301 3.43681 4.89361 42.2691 2.79335 
5.55186 42.5232 2.08773 6.13126 42.7974 1.32089 6.71061 43.0404 0.543589 
7.35158 43.2342 -0.197743 8.07871 43.3811 -0.867478 8.8686 43.5117 -1.46425 
9.7418 43.6518 -1.92577 10.6771 43.8242 -2.21915 -38.3099 45.4233 -2.44918 
-37.7505 45.289 -2.28035 -36.8656 45.0957 -1.86417 -36.046 44.9191 -1.32132 
-35.3034 44.7132 -0.686372 -34.6767 44.4412 0.0392935 -34.1425 44.1045 0.814046 
-33.6377 43.7407 1.59658 -33.0292 43.413 2.31536 -32.3029 43.1761 2.95458 
-31.4874 43.0625 3.51935 -30.6855 42.6736 3.91627 -30.0037 41.9624 4.04061 
-29.3274 41.227 4.05351 -28.6209 40.5229 3.98593 -27.906 39.8308 3.88734 
-27.1633 39.1704 3.78221 -26.3708 38.5696 3.68299 -25.5407 38.0224 3.57674 
-24.7001 37.4972 3.44502 -23.8568 36.9821 3.292 -23.0104 36.4754 3.12797 
-22.1526 35.9898 2.96025 -21.279 35.533 2.79309 -20.3849 35.1179 2.62623 
-19.4743 34.7383 2.46342 -18.5477 34.398 2.30458 -17.607 34.0965 2.14983 
-16.6522 33.8397 2.00159 -15.6869 33.6174 1.86527 -14.7079 33.4594 1.74591 
-13.7181 33.4643 1.63413 -12.7404 33.6482 1.5531 -11.7727 33.897 1.517 
-10.814 34.1806 1.51779 -9.86527 34.4958 1.53724 -8.93223 34.8533 1.57307 
-8.01186 35.2411 1.62085 -7.10294 35.6539 1.67921 -6.20563 36.0904 1.74382 
-5.3247 36.5583 1.81377 -4.45688 37.0492 1.88962 -3.59577 37.5513 1.96937 
-2.72987 38.0458 2.04417 -1.8558 38.5288 2.09426 -0.996072 39.038 2.12355 
-0.223922 39.666 2.17518 0.46205 40.3887 2.24727 1.1043 41.1544 2.27198 
1.72232 41.9387 2.23147 2.28152 42.7548 2.09851 2.77886 43.5801 1.84961 
3.40119 43.9706 1.31647 4.12354 44.0028 0.629582 4.81457 44.1456 -0.0772921 
5.4707 44.3924 -0.787766 6.06078 44.7755 -1.49613 6.62129 45.2548 -2.1705 
7.21335 45.7808 -2.78033 -37.3929 45.445 -2.47083 -36.7098 45.3105 -2.0787 
-35.9089 45.1279 -1.50982 -35.1822 44.9002 -0.864771 -34.5704 44.5959 -0.136292 
-34.0309 44.2414 0.626697 -33.491 43.8874 1.38967 -32.862 43.5728 2.09654 
-32.1114 43.3534 2.7159 -31.2989 43.1763 3.26801 -30.5416 42.6549 3.60309 
-29.8692 41.9334 3.73593 -29.1948 41.196 3.74028 -28.5014 40.478 3.68414 
-27.8013 39.7693 3.59811 -27.0664 39.0982 3.51066 -26.2657 38.5052 3.43105 
-25.4333 37.9586 3.34119 -24.5906 37.4341 3.22084 -23.7483 36.9139 3.07973 
-22.9016 36.4045 2.92626 -22.0448 35.9133 2.76996 -21.1692 35.4568 2.6132 
-20.2764 35.0351 2.45576 -19.365 34.6539 2.30144 -18.4407 34.3045 2.14864 
-17.5 34 2 -16.55 33.723 1.85646 -15.5881 33.4823 1.72832 
-14.6148 33.2857 1.61654 -13.6268 33.2801 1.50229 -12.6551 33.4806 1.40518 
-11.6958 33.7591 1.36211 -10.7406 34.054 1.34677 -9.79666 34.3837 1.35414 
-8.86618 34.7491 1.37373 -7.94994 35.1484 1.40424 -7.04459 35.5711 1.44351 
-6.15073 36.017 1.48817 -5.27071 36.4894 1.53571 -4.40516 36.9874 1.58762 
-3.54501 37.4945 1.64176 -2.67708 37.989 1.68832 -1.80152 38.4711 1.71427 
-0.944818 38.986 1.71623 -0.187443 39.629 1.74415 0.452142 40.3951 1.79687 
1.06755 41.183 1.81208 1.66635 41.9809 1.75346 2.2181 42.8017 1.61584 
2.68353 43.6468 1.36257 3.17651 44.2695 0.928452 3.9035 44.3249 0.252233 
4.61281 44.4803 -0.432709 5.2831 44.7666 -1.11407 5.86622 45.214 -1.78612 
6.36699 45.8115 -2.41029 -38.1773 45.0843 -1.99353 -37.4532 44.8761 -1.72826 
-36.5905 44.6791 -1.26615 -35.7848 44.5071 -0.702242 -35.0911 44.2953 -0.0196101 
-34.5205 44.0161 0.750515 -34.0346 43.6667 1.5512 -33.5417 43.2917 2.33572 
-32.9208 42.9629 3.04024 -32.1758 42.7335 3.66228 -31.3472 42.5732 4.19397 
-30.5675 42.0956 4.5024 -29.8833 41.3718 4.57329 -29.1887 40.6543 4.54166 
-28.4691 39.9668 4.44645 -27.7395 39.2937 4.32598 -26.9712 38.6663 4.20334 
-26.1632 38.0896 4.08631 -25.3251 37.5606 3.95469 -24.4804 37.0508 3.79213 
-23.6353 36.5487 3.60825 -22.7852 36.0575 3.41842 -21.9216 35.5903 3.22982 
-21.0434 35.1517 3.03992 -20.1454 34.7547 2.85044 -19.2331 34.3883 2.66878 
-18.3033 34.0651 2.49346 -17.3605 33.778 2.32449 -16.4053 33.5272 2.16824 
-15.4431 33.2949 2.02672 -14.6678 33.1294 1.92287 -13.684 33.1044 1.79029 
-12.7173 33.3193 1.68691 -11.7611 33.6095 1.65481 -10.8064 33.9066 1.6575 
-9.85951 34.2264 1.68649 -8.9257 34.5809 1.73156 -8.0067 34.9702 1.79189 
-7.09811 35.3815 1.86435 -6.2007 35.8152 1.94422 -5.3154 36.2729 2.02532 
-4.44608 36.7598 2.10948 -3.58312 37.257 2.19945 -2.71218 37.7418 2.27914 
-1.83052 38.2101 2.33386 -0.964088 38.7068 2.35469 -0.1772 39.3158 2.39609 
0.488628 40.0572 2.472 1.12107 40.8306 2.50977 1.74031 41.6137 2.48037 
2.31561 42.4214 2.35969 2.83536 43.2372 2.11401 3.48592 43.6502 1.59086 
4.20319 43.7492 0.901964 4.88883 43.9101 0.19326 5.53877 44.135 -0.531051 
6.14362 44.4617 -1.25576 6.74269 44.8659 -1.94653 7.37101 45.2877 -2.59898 
-37.3081 46.0609 -2.98285 -36.6581 45.915 -2.54223 -35.8956 45.6708 -1.94391 
-35.1908 45.3799 -1.29846 -34.5755 45.0252 -0.596649 -34.0378 44.6251 0.145058 
-33.4975 44.2448 0.894894 -32.8677 43.9345 1.6037 -32.1226 43.7255 2.23188 
-31.3142 43.5494 2.78696 -30.5636 43.0443 3.15016 -29.9044 42.3086 3.29435 
-29.2402 41.563 3.3294 -28.555 40.836 3.28949 -27.8629 40.1177 3.22169 
-27.1358 39.4359 3.15037 -26.3451 38.8284 3.08771 -25.5159 38.2743 3.01593 
-24.6772 37.7383 2.91962 -23.8369 37.2093 2.80151 -22.9929 36.6894 2.67066 
-22.1372 36.1901 2.5352 -21.2656 35.7201 2.39678 -20.375 35.2873 2.25789 
-19.4693 34.8872 2.11871 -18.5476 34.526 1.97894 -17.6106 34.2048 1.8424 
-16.6576 33.9321 1.71158 -15.694 33.6959 1.58801 -14.7155 33.5251 1.48047 
-13.529 33.5138 1.35629 -12.5528 33.7048 1.26775 -11.588 33.9625 1.21974 
-10.6311 34.2515 1.19741 -9.68837 34.5847 1.19574 -8.75788 34.9506 1.20325 
-7.84275 35.3531 1.22031 -6.93882 35.7799 1.24444 -6.0474 36.232 1.27343 
-5.17019 36.7108 1.30656 -4.30697 37.2141 1.34456 -3.44672 37.7225 1.38345 
-2.57892 38.2184 1.41439 -1.70662 38.7069 1.42658 -0.866752 39.2464 1.43176 
-0.136478 39.9231 1.46366 0.498234 40.6941 1.50426 1.10776 41.4865 1.49985 
1.69181 42.2934 1.42326 2.21729 43.1279 1.26433 2.63423 43.9958 1.00226 
3.14138 44.4538 0.556656 3.86844 44.5655 -0.1168 4.58479 44.7512 -0.78618 
5.24847 45.0884 -1.44864 5.80267 45.6176 -2.08399 6.27842 46.2852 -2.65312 
-38.0254 44.8701 -1.60839 -37.3146 44.6428 -1.32329 -36.4649 44.4421 -0.839336 
-35.6876 44.2621 -0.239964 -35.0503 44.0341 0.4916 -34.5253 43.743 1.28965 
-34.0778 43.377 2.10427 -33.64 42.9602 2.8999 -33.0713 42.5678 3.61613 
-32.3401 42.2756 4.22668 -31.5077 42.1211 4.75469 -30.67 41.7659 5.10795 
-29.9396 41.0991 5.18472 -29.2224 40.4049 5.13342 -28.4678 39.7602 5.01422 
-27.7013 39.1349 4.86835 -26.9109 38.5421 4.71519 -26.0938 37.9869 4.56166 
-25.2549 37.4691 4.39452 -24.4106 36.9694 4.20154 -23.5633 36.4817 3.99154 
-22.7085 36.0087 3.77832 -21.8376 35.5636 3.57004 -20.951 35.1501 3.36381 
-20.0452 34.7782 3.16133 -19.1255 34.4378 2.96645 -18.1897 34.1395 2.77935 
-17.2394 33.8853 2.60055 -16.2768 33.6704 2.43634 -15.3053 33.4874 2.28738 
-14.5178 33.3987 2.18202 -13.7257 33.4265 2.08851 -12.7465 33.6064 2.01848 
-11.7759 33.846 2.00601 -10.8132 34.1134 2.03964 -9.85942 34.408 2.0967 
-8.92011 34.7418 2.17409 -7.99342 35.1052 2.2686 -7.07701 35.4905 2.37695 
-6.17214 35.8992 2.4951 -5.28517 36.3424 2.62382 -4.41075 36.8076 2.76139 
-3.54212 37.282 2.90439 -2.66799 37.7494 3.03601 -1.78944 38.2165 3.13426 
-0.932441 38.7232 3.21953 -0.154939 39.3403 3.33099 0.568129 40.0217 3.43959 
1.25 40.75 3.5 1.89344 41.5142 3.49705 2.47692 42.3178 3.39275 
3.13932 42.8503 3.04925 3.90307 42.9501 2.4183 4.62528 43.0266 1.73204 
5.29045 43.2097 1.0094 5.90918 43.4383 0.258045 6.52108 43.6792 -0.495085 
7.16159 43.9207 -1.22374 7.86467 44.1463 -1.89663 8.63534 44.3492 -2.49928 
9.45365 44.547 -3.03802 10.3139 44.7382 -3.50918 -38.3203 45.0312 -1.27275 
-37.4547 44.6654 -0.938228 -36.6054 44.4069 -0.483337 -35.8362 44.2042 0.117106 
-35.1954 43.9787 0.845178 -34.7133 43.6751 1.66597 -34.3049 43.2902 2.49183 
-33.9491 42.8184 3.29778 -33.5578 42.3116 4.06439 -32.9939 41.8467 4.73388 
-32.2276 41.5278 5.28445 -31.367 41.3672 5.76373 -30.5256 40.9898 6.0377 
-29.7829 40.3232 6.02259 -29.0225 39.6838 5.91236 -28.2383 39.0818 5.76401 
-27.4395 38.507 5.58738 -26.6184 37.9692 5.39679 -25.7795 37.4613 5.20165 
-24.9344 36.9732 4.98409 -24.0881 36.4961 4.74716 -23.2371 36.0334 4.49912 
-22.3743 35.5919 4.25311 -21.4916 35.1866 4.01572 -20.5919 34.8174 3.7836 
-19.6759 34.4828 3.56278 -18.7459 34.1824 3.35164 -17.8017 33.9252 3.14733 
-16.8433 33.7144 2.95551 -15.8738 33.5413 2.78366 -14.8946 33.4097 2.63141 
-14.3014 33.3738 2.55152 -13.9044 33.3978 2.50833 -13.3113 33.4677 2.45822 
-12.3323 33.6668 2.43775 -11.3589 33.8932 2.46686 -10.3948 34.1484 2.53756 
-9.44098 34.4327 2.63288 -8.5006 34.7513 2.75113 -7.56907 35.0891 2.88521 
-6.64997 35.4523 3.03741 -5.74349 35.8409 3.20178 -4.85419 36.2616 3.38068 
-3.97686 36.7022 3.57072 -3.10325 37.1486 3.76429 -2.22655 37.5948 3.94361 
-1.35042 38.0525 4.09357 -0.502884 38.5631 4.23193 0.280509 39.1634 4.39019 
1.02914 39.8122 4.52334 1.74189 40.5078 4.59399 2.39696 41.2606 4.56353 
3.11762 41.8315 4.29043 3.92483 41.9284 3.74699 4.68982 42.0464 3.11721 
5.39969 42.2734 2.45367 5.98834 42.5606 1.6991 6.55922 42.8232 0.921668 
7.18624 43.0297 0.171413 7.88741 43.1856 -0.522253 8.66731 43.3082 -1.134 
9.51699 43.4284 -1.64331 10.437 43.5822 -1.99355 -38.2076 44.5415 -0.792469 
-37.3653 44.1901 -0.389398 -36.555 43.9253 0.128716 -35.8322 43.7208 0.78375 
-35.2299 43.4899 1.54484 -34.7922 43.1561 2.37676 -34.4352 42.7164 3.19894 
-34.1223 42.1921 3.99003 -33.8186 41.6124 4.74573 -33.4616 41.0031 5.45214 
-32.814 40.3346 6.18679 -32.0331 39.9762 6.67377 -31.1412 39.9855 7.10489 
-30.2635 39.8845 7.36538 -29.4972 39.2542 7.24703 -28.7027 38.6708 7.08287 
-27.87 38.1524 6.88965 -27.0207 37.6728 6.66992 -26.1714 37.2084 6.41912 
-25.3223 36.7525 6.15237 -24.4777 36.3012 5.86435 -23.6302 35.8629 5.56518 
-22.7704 35.4486 5.26694 -21.8938 35.0625 4.97997 -20.9949 34.7158 4.7132 
-20.0781 34.4045 4.46355 -19.1476 34.1271 4.22481 -18.208 33.8771 3.99127 
-17.2552 33.6725 3.76813 -16.2887 33.5141 3.56732 -15.3115 33.3969 3.39185 
-14.325 33.3363 3.24554 -13.5308 33.3651 3.16417 -12.5424 33.5078 3.14234 
-11.5606 33.6907 3.18888 -10.5876 33.899 3.2853 -9.62385 34.1319 3.41442 
-8.67318 34.3981 3.573 -7.73274 34.6883 3.74947 -6.805 35.0058 3.94547 
-5.88952 35.3454 4.16059 -4.99087 35.7131 4.39926 -4.10558 36.1011 4.65528 
-3.23263 36.5087 4.92325 -2.36323 36.9284 5.18396 -1.49397 37.3637 5.41741 
-0.636831 37.8306 5.63411 0.195521 38.3425 5.84542 1.00201 38.9047 6.02599 
1.77107 39.531 6.14189 2.52591 40.173 6.1374 3.38853 40.4702 5.81401 
4.24268 40.5342 5.3005 5.04153 40.7341 4.74031 5.71568 41.1078 4.1128 
6.19655 41.572 3.37157 6.65015 41.9884 2.58429 7.17946 42.3087 1.80109 
7.83243 42.5474 1.0867 8.60728 42.7103 0.480449 9.46204 42.8243 -0.0238761 
10.3648 42.9529 -0.432129 11.2725 43.1728 -0.783504 -38.2044 45.037 -1.88146 
-37.4844 44.8151 -1.61548 -36.6205 44.6126 -1.15841 -35.8168 44.4415 -0.59139 
-35.135 44.2281 0.101695 -34.5767 43.9506 0.882038 -34.0984 43.6054 1.6887 
-33.6437 43.2157 2.48895 -33.0389 42.8667 3.198 -32.3052 42.6066 3.8225 
-31.4811 42.4616 4.36649 -30.6725 42.0564 4.71229 -29.9718 41.3509 4.79613 
-29.2701 40.6403 4.76704 -28.5385 39.9665 4.66668 -27.7949 39.3106 4.53786 
-27.0223 38.6911 4.40179 -26.2146 38.1171 4.26945 -25.3787 37.5877 4.12548 
-24.5348 37.0794 3.95426 -23.6883 36.5827 3.7626 -22.8376 36.0958 3.56465 
-21.9716 35.6358 3.36896 -21.0918 35.203 3.1734 -20.1918 34.8135 2.97818 
-19.2778 34.4538 2.79085 -18.3467 34.1371 2.61112 -17.4014 33.8613 2.43833 
-16.4438 33.6222 2.27752 -15.4779 33.4094 2.13127 -14.6964 33.2767 2.0259 
-13.7108 33.2349 1.8981 -12.7369 33.422 1.80272 -11.7748 33.6926 1.7755 
-10.8161 33.9763 1.78648 -9.86656 34.2872 1.82507 -8.92986 34.6325 1.88029 
-8.00749 35.0119 1.95152 -7.09528 35.4128 2.03556 -6.19516 35.8382 2.12877 
-5.3083 36.2898 2.22511 -4.43652 36.7688 2.32723 -3.57142 37.2585 2.43563 
-2.69911 37.7375 2.53368 -1.81848 38.2054 2.60638 -0.954066 38.7046 2.64786 
-0.162155 39.3067 2.70861 0.52374 40.0286 2.79507 1.17734 40.7834 2.8435 
1.80781 41.5581 2.82173 2.39147 42.3615 2.71359 2.942 43.1452 2.45163 
3.63413 43.4733 1.89953 4.35305 43.5666 1.21192 5.02746 43.7386 0.495125 
5.65784 43.9679 -0.246096 6.25325 44.2603 -0.99348 6.86039 44.6132 -1.70478 
7.50207 44.976 -2.37997 8.22929 45.3202 -2.97246 -38.1913 45.2549 -1.97401 
-37.6441 45.0835 -1.79883 -36.7697 44.8628 -1.37263 -35.9506 44.6809 -0.83164 
-35.2374 44.4715 -0.168322 -34.6545 44.1986 0.594375 -34.1732 43.8485 1.39679 
-33.7225 43.4565 2.19847 -33.1748 43.0846 2.94193 -32.4733 42.8112 3.59473 
-31.659 42.7169 4.16199 -30.8027 42.523 4.61058 -30.0659 41.8997 4.76078 
-29.3708 41.182 4.75402 -28.6371 40.5094 4.66302 -27.879 39.8704 4.53407 
-27.1018 39.2582 4.39009 -26.2972 38.6824 4.24563 -25.4717 38.1388 4.09509 
-24.6365 37.6161 3.92438 -23.7924 37.113 3.73949 -22.9402 36.6259 3.54857 
-22.0736 36.1638 3.36095 -21.19 35.7336 3.17677 -20.2843 35.3506 2.996 
-19.3636 35.0027 2.82054 -18.4253 34.6998 2.65361 -17.4741 34.4378 2.49282 
-16.5096 34.2227 2.33991 -15.5339 34.0573 2.19872 -14.5448 33.9833 2.07951 
-13.5513 34.0133 1.98211 -12.5622 34.1388 1.91919 -11.5816 34.3321 1.90181 
-10.6127 34.5772 1.92488 -9.65543 34.8619 1.97162 -8.71302 35.1895 2.03695 
-7.78349 35.549 2.11765 -6.86607 35.9355 2.21152 -5.96043 36.3468 2.31383 
-5.07319 36.7935 2.42767 -4.19945 37.2637 2.55175 -3.33234 37.7447 2.68112 
-2.46209 38.222 2.80255 -1.59263 38.7064 2.89782 -0.748968 39.2351 2.98283 
0.020945 39.8634 3.08589 0.738127 40.5532 3.17769 1.41482 41.2873 3.21937 
2.03369 42.0697 3.17724 2.56909 42.9004 3.03584 3.17839 43.3186 2.65241 
3.92913 43.3429 1.99446 4.63436 43.4437 1.29576 5.28434 43.6471 0.564293 
5.89344 43.8899 -0.19043 6.47492 44.1882 -0.946914 7.08626 44.5135 -1.66765 
7.76303 44.8327 -2.32944 8.50825 45.1321 -2.92425 9.13682 45.365 -3.36071 
-38.1165 45.0992 -0.854443 -37.2775 44.6694 -0.532869 -36.4558 44.3957 -0.0401346 
-35.7251 44.1804 0.602745 -35.1684 43.9139 1.38402 -34.7423 43.5686 2.21869 
-34.3939 43.1156 3.03718 -34.0917 42.5886 3.83113 -33.7895 42.0102 4.58842 
-33.4436 41.4042 5.3039 -32.9325 40.8405 5.9344 -32.1914 40.4321 6.45292 
-31.3182 40.402 6.90653 -30.4411 40.6097 7.32203 -29.6606 40.1127 7.30317 
-28.8974 39.4934 7.12446 -28.081 38.9571 6.9128 -27.244 38.4623 6.67958 
-26.404 37.9848 6.42213 -25.5646 37.5132 6.15197 -24.7251 37.0498 5.8682 
-23.8802 36.5996 5.57928 -23.0215 36.1736 5.29491 -22.141 35.7839 5.02584 
-21.238 35.4341 4.77751 -20.3155 35.124 4.54848 -19.3773 34.8527 4.33407 
-18.4307 34.6069 4.12611 -17.4739 34.3986 3.92415 -16.5062 34.2304 3.73703 
-15.5261 34.1101 3.58225 -14.536 34.0401 3.46387 -13.5392 34.0455 3.39683 
-12.5427 34.1203 3.38367 -11.5534 34.2521 3.43711 -10.5737 34.4239 3.53865 
-9.60588 34.6326 3.67737 -8.6483 34.8703 3.83961 -7.70177 35.1363 4.02173 
-6.76592 35.4275 4.21964 -5.84633 35.7513 4.44139 -4.942 36.1014 4.68502 
-4.05839 36.4829 4.95604 -3.1889 36.8864 5.24069 -2.32876 37.3105 5.52389 
-1.47248 37.7537 5.78886 -0.624943 38.2216 6.03874 0.210407 38.7201 6.26947 
1.0208 39.271 6.46445 1.77305 39.9133 6.59923 2.55596 40.3942 6.50267 
3.61301 40.3969 5.97194 4.4577 40.4341 5.44362 5.23383 40.6891 4.87667 
5.83052 41.1244 4.21704 6.24974 41.618 3.45631 6.67371 42.0473 2.65966 
7.18487 42.3788 1.86931 7.83194 42.6253 1.15368 8.60744 42.7971 0.550074 
9.46026 42.9268 0.0462914 10.3572 43.0674 -0.370273 11.2616 43.3086 -0.715937 
-38.1712 45.2316 -1.27744 -37.6516 44.9908 -1.1003 -36.7854 44.7089 -0.693745 
-35.9764 44.4928 -0.153261 -35.3139 44.2652 0.556457 -34.7985 43.9716 1.35709 
-34.3834 43.5947 2.18381 -34.0252 43.1383 2.99724 -33.6476 42.6342 3.77291 
-33.166 42.1411 4.49339 -32.4498 41.7946 5.0851 -31.608 41.6364 5.59273 
-30.7347 41.4384 5.96752 -29.9671 40.8253 6.02003 -29.2194 40.1696 5.92139 
-28.4398 39.5602 5.77963 -27.6372 38.9913 5.60098 -26.8224 38.4448 5.40762 
-25.9942 37.9215 5.20733 -25.1569 37.4179 4.99506 -24.3146 36.9321 4.76163 
-23.467 36.46 4.51946 -22.606 36.0123 4.27881 -21.7264 35.5965 4.04828 
-20.8261 35.2227 3.82594 -19.9098 34.8844 3.61243 -18.9782 34.5828 3.41029 
-18.0338 34.3189 3.21538 -17.0752 34.104 3.02947 -16.1042 33.9352 2.86147 
-15.122 33.8177 2.71845 -14.3292 33.7751 2.62389 -13.7323 33.8054 2.57322 
-12.7418 33.9271 2.52881 -11.7584 34.1064 2.54022 -10.785 34.3266 2.59795 
-9.82196 34.5805 2.6858 -8.87115 34.8694 2.79678 -7.93017 35.1825 2.92467 
-7.00084 35.5214 3.07055 -6.0858 35.8906 3.23218 -5.18805 36.2929 3.41087 
-4.30535 36.7209 3.60461 -3.43163 37.163 3.80735 -2.5596 37.6098 4.00725 
-1.68768 38.0664 4.18347 -0.832279 38.5574 4.34604 -0.0196864 39.1149 4.51401 
0.759615 39.7216 4.66691 1.49924 40.3853 4.76456 2.18058 41.1154 4.77738 
2.89284 41.7082 4.56645 3.71479 41.8364 4.05788 4.49466 41.9103 3.44176 
5.22323 42.1238 2.79359 5.8321 42.4159 2.05828 6.39532 42.6963 1.28148 
6.9986 42.9251 0.518252 7.66928 43.101 -0.200333 8.43099 43.2276 -0.83443 
9.2582 43.3418 -1.38134 10.1664 43.4841 -1.76786 11.1182 43.6873 -1.97922 
-38.2396 45.1887 -1.28669 -37.5464 44.8819 -1.03678 -36.6847 44.6097 -0.613752 
-35.9003 44.4002 -0.0371934 -35.2409 44.1742 0.675778 -34.7517 43.8692 1.49034 
-34.3405 43.4886 2.31733 -33.9862 43.0205 3.12581 -33.6055 42.5153 3.89916 
-33.0888 42.0332 4.59846 -32.3612 41.6888 5.1793 -31.5073 41.5481 5.67399 
-30.6212 41.3419 6.0476 -29.8611 40.7247 6.07336 -29.1071 40.0778 5.96946 
-28.3191 39.4815 5.81746 -27.5162 38.9124 5.6405 -26.6996 38.3701 5.4433 
-25.8724 37.8468 5.23892 -25.0349 37.346 5.02047 -24.1935 36.8591 4.7864 
-23.3454 36.3896 4.54086 -22.4869 35.9393 4.29567 -21.608 35.5238 4.0623 
-20.7111 35.144 3.83659 -19.7961 34.804 3.61959 -18.8663 34.4992 3.41418 
-17.9219 34.2369 3.21688 -16.9649 34.0184 3.02719 -15.9954 33.8451 2.85484 
-15.0152 33.7173 2.70643 -14.4216 33.677 2.6312 -13.8251 33.6847 2.5693 
-12.8345 33.7954 2.50885 -11.8512 33.9747 2.50531 -10.877 34.1941 2.55252 
-9.91301 34.4468 2.63283 -8.96167 34.7357 2.73844 -8.02238 35.0545 2.86443 
-7.09432 35.3976 3.00873 -6.17838 35.7662 3.16675 -5.28008 36.169 3.3415 
-4.397 36.5982 3.53051 -3.52263 37.0414 3.72826 -2.64938 37.4879 3.92318 
-1.77381 37.9384 4.0973 -0.911651 38.4206 4.25092 -0.0970435 38.9767 4.41122 
0.678154 39.5886 4.56452 1.41998 40.2491 4.67236 2.10089 40.9783 4.68833 
2.77862 41.682 4.53819 3.57342 41.9064 4.08579 4.36174 41.9544 3.47613 
5.10749 42.1314 2.83608 5.73975 42.4105 2.11675 6.30225 42.6968 1.34163 
6.89768 42.9319 0.574142 7.55668 43.1154 -0.153458 8.31172 43.2445 -0.795096 
9.13097 43.3595 -1.35398 10.0271 43.496 -1.7691 10.9758 43.6864 -2.00424 
-38.2029 44.935 -1.73353 -37.4902 44.6996 -1.46102 -36.6274 44.493 -1.00389 
-35.8292 44.3204 -0.429837 -35.1564 44.1077 0.272101 -34.6148 43.8275 1.06334 
-34.1476 43.4799 1.87511 -33.7106 43.0768 2.67835 -33.1444 42.6906 3.40155 
-32.4315 42.3918 4.02946 -31.6062 42.242 4.5714 -30.7696 41.9121 4.94968 
-30.0536 41.222 5.03111 -29.3411 40.5223 5.00306 -28.5984 39.8617 4.89527 
-27.846 39.2171 4.76062 -27.0703 38.6033 4.61576 -26.26 38.0355 4.47299 
-25.4212 37.5134 4.31948 -24.5762 37.0105 4.13832 -23.7293 36.5183 3.93718 
-22.8783 36.0363 3.72918 -22.0131 35.5791 3.5234 -21.1318 35.1534 3.31927 
-20.2321 34.7671 3.11634 -19.3174 34.4135 2.92141 -18.3865 34.1006 2.73416 
-17.4412 33.8289 2.55472 -16.4833 33.5949 2.38847 -15.517 33.3868 2.23738 
-14.5388 33.2378 2.10167 -13.5527 33.2726 1.97598 -12.7729 33.4289 1.90384 
-11.8091 33.6937 1.87956 -10.8489 33.9719 1.89577 -9.89768 34.2765 1.94157 
-8.95916 34.6152 2.00519 -8.03533 34.989 2.08642 -7.12139 35.3836 2.18107 
-6.21849 35.8005 2.28505 -5.32807 36.2422 2.39394 -4.4543 36.7143 2.51001 
-3.58748 37.1976 2.63247 -2.71409 37.6714 2.74473 -1.8323 38.1347 2.83197 
-0.96552 38.6286 2.88598 -0.168209 39.2233 2.95521 0.529742 39.9327 3.0482 
1.19659 40.675 3.10723 1.83146 41.4464 3.09408 2.42385 42.2458 3.00107 
3.01399 42.9787 2.73235 3.7408 43.2273 2.15482 4.457 43.3168 1.46479 
5.12977 43.4971 0.748134 5.75324 43.729 0.00188186 6.35171 43.9955 -0.753451 
6.97045 44.2917 -1.48045 7.64616 44.5802 -2.15754 8.40004 44.844 -2.75805 
9.19306 45.1006 -3.31025 10.007 45.3665 -3.82663 -37.9816 45.1865 -1.19812 
-37.1119 44.832 -0.868177 -36.2729 44.5985 -0.383498 -35.5431 44.3896 0.262028 
-34.9777 44.1223 1.03635 -34.5362 43.7785 1.86375 -34.1647 43.3477 2.6848 
-33.8194 42.8502 3.48004 -33.3931 42.3437 4.2268 -32.7832 41.9091 4.87825 
-31.9881 41.6768 5.42079 -31.1115 41.6146 5.89493 -30.2695 41.2064 6.10482 
-29.5261 40.5473 6.07085 -28.7539 39.9279 5.93438 -27.9567 39.3486 5.76581 
-27.1438 38.8004 5.56977 -26.3221 38.2693 5.3631 -25.4896 37.7587 5.14817 
-24.6515 37.2639 4.91893 -23.806 36.7883 4.67625 -22.9505 36.3309 4.43357 
-22.0756 35.9071 4.20027 -21.1813 35.5194 3.97741 -20.2668 35.1759 3.76428 
-19.3381 34.8661 3.56129 -18.395 34.5956 3.36831 -17.4396 34.367 3.1829 
-16.4712 34.187 3.01168 -15.4914 34.0546 2.86353 -14.4999 34.0028 2.75099 
-13.5043 34.0225 2.66724 -12.7096 34.1042 2.63445 -11.723 34.2645 2.64809 
-10.7451 34.4647 2.7032 -9.77966 34.7077 2.79537 -8.82565 34.9842 2.90945 
-7.88391 35.2917 3.04507 -6.95295 35.6239 3.19605 -6.03778 35.9893 3.36503 
-5.13848 36.3848 3.55114 -4.25551 36.8074 3.75514 -3.38097 37.2432 3.9678 
-2.50974 37.6881 4.17517 -1.64122 38.1458 4.36495 -0.793542 38.6459 4.54031 
0.026222 39.19 4.71762 0.81187 39.7887 4.8707 1.56209 40.4402 4.97 
2.24356 41.1691 4.95675 2.99534 41.6887 4.71174 3.81999 41.7342 4.16497 
4.59952 41.8237 3.55127 5.32124 42.059 2.90358 5.92037 42.3644 2.16695 
6.46993 42.6565 1.38503 7.06549 42.8951 0.618465 7.74137 43.0721 -0.0949045 
8.50883 43.1983 -0.720783 9.35784 43.3102 -1.23252 10.2703 43.4497 -1.61097 
11.03 43.6233 -1.78667 -38.2741 45.332 -1.94839 -37.5474 45.0981 -1.71552 
-36.6736 44.8739 -1.2899 -35.8664 44.6901 -0.73226 -35.1642 44.4741 -0.0603541 
-34.616 44.1789 0.72101 -34.1424 43.8241 1.52615 -33.6969 43.4248 2.32689 
-33.1535 43.0471 3.06994 -32.4261 42.8007 3.70696 -31.6154 42.6884 4.27536 
-30.7729 42.4319 4.68423 -30.0404 41.7853 4.81787 -29.3395 41.0739 4.80022 
-28.6035 40.4042 4.70595 -27.8439 39.7677 4.57415 -27.0659 39.1567 4.42896 
-26.2568 38.5876 4.28303 -25.4304 38.0455 4.13154 -24.593 37.5282 3.95547 
-23.7485 37.0271 3.76683 -22.8955 36.5425 3.57316 -22.0296 36.0803 3.38241 
-21.1441 35.6552 3.19587 -20.2405 35.2687 3.01174 -19.3173 34.928 2.83482 
-18.3808 34.6216 2.66496 -17.4285 34.364 2.50251 -16.465 34.1467 2.34737 
-15.4878 33.9908 2.20688 -14.499 33.913 2.08628 -13.7043 33.9458 2.00929 
-12.7168 34.0886 1.95165 -11.7365 34.2836 1.93675 -10.7671 34.5267 1.96132 
-9.80902 34.8083 2.01113 -8.86413 35.1283 2.07758 -7.93227 35.4813 2.15982 
-7.01237 35.8614 2.25574 -6.10395 36.2658 2.36082 -5.21311 36.7045 2.47745 
-4.33663 37.1687 2.60472 -3.4682 37.6461 2.73865 -2.59771 38.1213 2.8665 
-1.72485 38.5985 2.96776 -0.871632 39.1118 3.05535 -0.0886128 39.7225 3.15927 
0.641281 40.3972 3.26383 1.3248 41.1242 3.31831 1.95324 41.8998 3.2935 
2.50252 42.7247 3.17128 3.27344 43.1745 2.69427 4.02571 43.2162 2.03785 
4.7229 43.3384 1.33434 5.37246 43.5423 0.602562 5.97641 43.789 -0.15505 
6.56999 44.0653 -0.910759 7.20152 44.3608 -1.62666 7.89398 44.6429 -2.28966 
8.66433 44.9001 -2.87207 9.46483 45.155 -3.41409 10.1199 45.3682 -3.82072 
-38.2418 45.127 -1.31901 -37.722 44.8856 -1.14262 -36.8566 44.6041 -0.735968 
-36.0437 44.3924 -0.199091 -35.3656 44.1766 0.499837 -34.8306 43.9002 1.29374 
-34.3988 43.5412 2.11951 -34.0297 43.0991 2.93595 -33.6416 42.6051 3.71266 
-33.1432 42.1246 4.42978 -32.4163 41.7917 5.01692 -31.5726 41.6315 5.52308 
-30.7025 41.3977 5.89258 -29.9305 40.7925 5.95611 -29.1861 40.1324 5.86369 
-28.4077 39.5212 5.72237 -27.607 38.9493 5.545 -26.7934 38.4002 5.35426 
-25.9649 37.8762 5.15728 -25.1266 37.3738 4.94567 -24.2835 36.8886 4.7141 
-23.4354 36.4165 4.47386 -22.5733 35.9697 4.23537 -21.6931 35.5544 4.00608 
-20.7937 35.1782 3.78413 -19.8778 34.8387 3.571 -18.9465 34.5359 3.36894 
-18.0024 34.2711 3.17376 -17.0433 34.0582 2.98822 -16.0732 33.8857 2.81894 
-15.0913 33.7661 2.67562 -14.2986 33.7235 2.58009 -13.702 33.7574 2.52872 
-12.9096 33.8532 2.48659 -11.9265 34.034 2.48958 -10.9515 34.2501 2.53637 
-9.98831 34.505 2.61994 -9.03625 34.7917 2.7248 -8.09791 35.1126 2.85275 
-7.16977 35.4556 2.99687 -6.25556 35.8277 3.1565 -5.35844 36.2327 3.33245 
-4.47645 36.6632 3.52378 -3.60219 37.1058 3.72319 -2.72948 37.5534 3.91798 
-1.85747 38.0108 4.09163 -1.00089 38.5016 4.24962 -0.177282 39.0442 4.41127 
0.604848 39.6463 4.56832 1.35381 40.2977 4.68351 2.03557 41.0267 4.70267 
2.70309 41.7226 4.57205 3.52105 41.9275 4.10184 4.31372 41.9562 3.49604 
5.05361 42.1393 2.85153 5.69938 42.4121 2.14151 6.26861 42.6937 1.36957 
6.85778 42.9338 0.598743 7.51542 43.1169 -0.130241 8.25485 43.2541 -0.787634 
9.06798 43.3723 -1.3548 9.95555 43.5064 -1.79038 10.9033 43.6909 -2.03632 
-38.2596 45.3125 -1.10709 -37.5785 44.9646 -0.877924 -36.7225 44.6516 -0.47554 
-35.9348 44.4311 0.0924696 -35.2719 44.2034 0.800026 -34.7975 43.8905 1.62006 
-34.4017 43.4959 2.44782 -34.0658 43.0103 3.25383 -33.7266 42.4791 4.0297 
-33.2805 41.948 4.74395 -32.6212 41.5085 5.34453 -31.8033 41.2821 5.85398 
-30.9124 41.2143 6.29572 -30.1011 40.6914 6.40067 -29.3506 40.0391 6.31711 
-28.5661 39.4388 6.163 -27.7566 38.8815 5.98048 -26.9344 38.3511 5.77401 
-26.1014 37.8426 5.55647 -25.2608 37.352 5.32711 -24.4179 36.8744 5.07966 
-23.57 36.4105 4.82276 -22.7093 35.9703 4.56766 -21.8284 35.5644 4.32483 
-20.9297 35.1933 4.09153 -20.0119 34.8656 3.86832 -19.0809 34.5689 3.65646 
-18.1357 34.3128 3.4544 -17.1782 34.1002 3.26113 -16.2069 33.9383 3.08764 
-15.2252 33.8219 2.93938 -14.4321 33.7832 2.84518 -13.6361 33.8151 2.77984 
-12.8426 33.9061 2.74863 -11.8564 34.0699 2.76139 -10.8785 34.269 2.81893 
-9.91161 34.505 2.91414 -8.9551 34.7711 3.03273 -8.01195 35.071 3.17535 
-7.07924 35.3946 3.33396 -6.16132 35.7492 3.51109 -5.2582 36.1315 3.70586 
-4.37269 36.5431 3.9212 -3.49628 36.9689 4.14602 -2.6248 37.406 4.36824 
-1.75446 37.854 4.57219 -0.898294 38.335 4.75962 -0.0723132 38.8674 4.9431 
0.727455 39.4433 5.10962 1.49323 40.074 5.23059 2.19997 40.7783 5.24948 
2.95601 41.3577 5.05976 3.78874 41.4388 4.54216 4.58342 41.5233 3.94612 
5.31028 41.7765 3.31408 5.91243 42.1147 2.59385 6.44175 42.4388 1.81045 
7.0208 42.7005 1.03933 7.69915 42.8877 0.332563 8.46494 43.0164 -0.295782 
9.31467 43.1207 -0.808624 10.2242 43.2433 -1.20026 10.9731 43.4157 -1.41923 

LINES 176 10982
62 0 1 2 3 4 5 6 7 8 9 10 11 12 13 14 15 16 17 18 19 20 21 22 23 24 25 26 27 28 29 30 31 32 33 34 35 36 37 38 39 40 41 42 43 44 45 46 47 48 49 50 51 52 53 54 55 56 57 58 59 60 61 
63 62 63 64 65 66 67 68 69 70 71 72 73 74 75 76 77 78 79 80 81 82 83 84 85 86 87 88 89 90 91 92 93 94 95 96 97 98 99 100 101 102 103 104 105 106 107 108 109 110 111 112 113 114 115 116 117 118 119 120 121 122 123 124 
63 125 126 127 128 129 130 131 132 133 134 135 136 137 138 139 140 141 142 143 144 145 146 147 148 149 150 151 152 153 154 155 156 157 158 159 160 161 162 163 164 165 166 167 168 169 170 171 172 173 174 175 176 177 178 179 180 181 182 183 184 185 186 187 
61 188 189 190 191 192 193 194 195 196 197 198 199 200 201 202 203 204 205 206 207 208 209 210 211 212 213 214 215 216 217 218 219 220 221 222 223 224 225 226 227 228 229 230 231 232 233 234 235 236 237 238 239 240 241 242 243 244 245 246 247 248 
62 249 250 251 252 253 254 255 256 257 258 259 260 261 262 263 264 265 266 267 268 269 270 271 272 273 274 275 276 277 278 279 280 281 282 283 284 285 286 287 288 289 290 291 292 293 294 295 296 297 298 299 300 301 302 303 304 305 306 307 308 309 310 
63 311 312 313 314 315 316 317 318 319 320 321 322 323 324 325 326 327 328 329 330 331 332 333 334 335 336 337 338 339 340 341 342 343 344 345 346 347 348 349 350 351 352 353 354 355 356 357 358 359 360 361 362 363 364 365 366 367 368 369 370 371 372 373 
63 374 375 376 377 378 379 380 381 382 383 384 385 386 387 388 389 390 391 392 393 394 395 396 397 398 399 400 401 402 403 404 405 406 407 408 409 410 411 412 413 414 415 416 417 418 419 420 421 422 423 424 425 426 427 428 429 430 431 432 433 434 435 436 
63 437 438 439 440 441 442 443 444 445 446 447 448 449 450 451 452 453 454 455 456 457 458 459 460 461 462 463 464 465 466 467 468 469 470 471 472 473 474 475 476 477 478 479 480 481 482 483 484 485 486 487 488 489 490 491 492 493 494 495 496 497 498 499 
61 500 501 502 503 504 505 506 507 508 509 510 511 512 513 514 515 516 517 518 519 520 521 522 523 524 525 526 527 528 529 530 531 532 533 534 535 536 537 538 539 540 541 542 543 544 545 546 547 548 549 550 551 552 553 554 555 556 557 558 559 560 
63 561 562 563 564 565 566 567 568 569 570 571 572 573 574 575 576 577 578 579 580 581 582 583 584 585 586 587 588 589 590 591 592 593 594 595 596 597 598 599 600 601 602 603 604 605 606 607 608 609 610 611 612 613 614 615 616 617 618 619 620 621 622 623 
58 624 625 626 627 628 629 630 631 632 633 634 635 636 637 638 639 640 641 642 643 644 645 646 647 648 649 650 651 652 653 654 655 656 657 658 659 660 661 662 663 664 665 666 667 668 669 670 671 672 673 674 675 676 677 678 679 680 681 
63 682 683 684 685 686 687 688 689 690 691 692 693 694 695 696 697 698 699 700 701 702 703 704 705 706 707 708 709 710 711 712 713 714 715 716 717 718 719 720 721 722 723 724 725 726 727 728 729 730 731 732 733 734 735 736 737 738 739 740 741 742 743 744 
63 745 746 747 748 749 750 751 752 753 754 755 756 757 758 759 760 761 762 763 764 765 766 767 768 769 770 771 772 773 774 775 776 777 778 779 780 781 782 783 784 785 786 787 788 789 790 791 792 793 794 795 796 797 798 799 800 801 802 803 804 805 806 807 
59 808 809 810 811 812 813 814 815 816 817 818 819 820 821 822 823 824 825 826 827 828 829 830 831 832 833 834 835 836 837 838 839 840 841 842 843 844 845 846 847 848 849 850 851 852 853 854 855 856 857 858 859 860 861 862 863 864 865 866 
62 867 868 869 870 871 872 873 874 875 876 877 878 879 880 881 882 883 884 885 886 887 888 889 890 891 892 893 894 895 896 897 898 899 900 901 902 903 904 905 906 907 908 909 910 911 912 913 914 915 916 917 918 919 920 921 922 923 924 925 926 927 928 
63 929 930 931 932 933 934 935 936 937 938 939 940 941 942 943 944 945 946 947 948 949 950 951 952 953 954 955 956 957 958 959 960 961 962 963 964 965 966 967 968 969 970 971 972 973 974 975 976 977 978 979 980 981 982 983 984 985 986 987 988 989 990 991 
63 992 993 994 995 996 997 998 999 1000 1001 1002 1003 1004 1005 1006 1007 1008 1009 1010 1011 1012 1013 1014 1015 1016 1017 1018 1019 1020 1021 1022 1023 1024 1025 1026 1027 1028 1029 1030 1031 1032 1033 1034 1035 1036 1037 1038 1039 1040 1041 1042 1043 1044 1045 1046 1047 1048 1049 1050 1051 1052 1053 1054 
62 1055 1056 1057 1058 1059 1060 1061 1062 1063 1064 1065 1066 1067 1068 1069 1070 1071 1072 1073 1074 1075 1076 1077 1078 1079 1080 1081 1082 1083 1084 1085 1086 1087 1088 1089 1090 1091 1092 1093 1094 1095 1096 1097 1098 1099 1100 1101 1102 1103 1104 1105 1106 1107 1108 1109 1110 1111 1112 1113 1114 1115 1116 
63 1117 1118 1119 1120 1121 1122 1123 1124 1125 1126 1127 1128 1129 1130 1131 1132 1133 1134 1135 1136 1137 1138 1139 1140 1141 1142 1143 1144 1145 1146 1147 1148 1149 1150 1151 1152 1153 1154 1155 1156 1157 1158 1159 1160 1161 1162 1163 1164 1165 1166 1167 1168 1169 1170 1171 1172 1173 1174 1175 1176 1177 1178 1179 
62 1180 1181 1182 1183 1184 1185 1186 1187 1188 1189 1190 1191 1192 1193 1194 1195 1196 1197 1198 1199 1200 1201 1202 1203 1204 1205 1206 1207 1208 1209 1210 1211 1212 1213 1214 1215 1216 1217 1218 1219 1220 1221 1222 1223 1224 1225 1226 1227 1228 1229 1230 1231 1232 1233 1234 1235 1236 1237 1238 1239 1240 1241 
61 1242 1243 1244 1245 1246 1247 1248 1249 1250 1251 1252 1253 1254 1255 1256 1257 1258 1259 1260 1261 1262 1263 1264 1265 1266 1267 1268 1269 1270 1271 1272 1273 1274 1275 1276 1277 1278 1279 1280 1281 1282 1283 1284 1285 1286 1287 1288 1289 1290 1291 1292 1293 1294 1295 1296 1297 1298 1299 1300 1301 1302 
62 1303 1304 1305 1306 1307 1308 1309 1310 1311 1312 1313 1314 1315 1316 1317 1318 1319 1320 1321 1322 1323 1324 1325 1326 1327 1328 1329 1330 1331 1332 1333 1334 1335 1336 1337 1338 1339 1340 1341 1342 1343 1344 1345 1346 1347 1348 1349 1350 1351 1352 1353 1354 1355 1356 1357 1358 1359 1360 1361 1362 1363 1364 
63 1365 1366 1367 1368 1369 1370 1371 1372 1373 1374 1375 1376 1377 1378 1379 1380 1381 1382 1383 1384 1385 1386 1387 1388 1389 1390 1391 1392 1393 1394 1395 1396 1397 1398 1399 1400 1401 1402 1403 1404 1405 1406 1407 1408 1409 1410 1411 1412 1413 1414 1415 1416 1417 1418 1419 1420 1421 1422 1423 1424 1425 1426 1427 
62 1428 1429 1430 1431 1432 1433 1434 1435 1436 1437 1438 1439 1440 1441 1442 1443 1444 1445 1446 1447 1448 1449 1450 1451 1452 1453 1454 1455 1456 1457 1458 1459 1460 1461 1462 1463 1464 1465 1466 1467 1468 1469 1470 1471 1472 1473 1474 1475 1476 1477 1478 1479 1480 1481 1482 1483 1484 1485 1486 1487 1488 1489 
57 1490 1491 1492 1493 1494 1495 1496 1497 1498 1499 1500 1501 1502 1503 1504 1505 1506 1507 1508 1509 1510 1511 1512 1513 1514 1515 1516 1517 1518 1519 1520 1521 1522 1523 1524 1525 1526 1527 1528 1529 1530 1531 1532 1533 1534 1535 1536 1537 1538 1539 1540 1541 1542 1543 1544 1545 1546 
59 1547 1548 1549 1550 1551 1552 1553 1554 1555 1556 1557 1558 1559 1560 1561 1562 1563 1564 1565 1566 1567 1568 1569 1570 1571 1572 1573 1574 1575 1576 1577 1578 1579 1580 1581 1582 1583 1584 1585 1586 1587 1588 1589 1590 1591 1592 1593 1594 1595 1596 1597 1598 1599 1600 1601 1602 1603 1604 1605 
63 1606 1607 1608 1609 1610 1611 1612 1613 1614 1615 1616 1617 1618 1619 1620 1621 1622 1623 1624 1625 1626 1627 1628 1629 1630 1631 1632 1633 1634 1635 1636 1637 1638 1639 1640 1641 1642 1643 1644 1645 1646 1647 1648 1649 1650 1651 1652 1653 1654 1655 1656 1657 1658 1659 1660 1661 1662 1663 1664 1665 1666 1667 1668 
63 1669 1670 1671 1672 1673 1674 1675 1676 1677 1678 1679 1680 1681 1682 1683 1684 1685 1686 1687 1688 1689 1690 1691 1692 1693 1694 1695 1696 1697 1698 1699 1700 1701 1702 1703 1704 1705 1706 1707 1708 1709 1710 1711 1712 1713 1714 1715 1716 1717 1718 1719 1720 1721 1722 1723 1724 1725 1726 1727 1728 1729 1730 1731 
62 1732 1733 1734 1735 1736 1737 1738 1739 1740 1741 1742 1743 1744 1745 1746 1747 1748 1749 1750 1751 1752 1753 1754 1755 1756 1757 1758 1759 1760 1761 1762 1763 1764 1765 1766 1767 1768 1769 1770 1771 1772 1773 1774 1775 1776 1777 1778 1779 1780 1781 1782 1783 1784 1785 1786 1787 1788 1789 1790 1791 1792 1793 
60 1794 1795 1796 1797 1798 1799 1800 1801 1802 1803 1804 1805 1806 1807 1808 1809 1810 1811 1812 1813 1814 1815 1816 1817 1818 1819 1820 1821 1822 1823 1824 1825 1826 1827 1828 1829 1830 1831 1832 1833 1834 1835 1836 1837 1838 1839 1840 1841 1842 1843 1844 1845 1846 1847 1848 1849 1850 1851 1852 1853 
62 1854 1855 1856 1857 1858 1859 1860 1861 1862 1863 1864 1865 1866 1867 1868 1869 1870 1871 1872 1873 1874 1875 1876 1877 1878 1879 1880 1881 1882 1883 1884 1885 1886 1887 1888 1889 1890 1891 1892 1893 1894 1895 1896 1897 1898 1899 1900 1901 1902 1903 1904 1905 1906 1907 1908 1909 1910 1911 1912 1913 1914 1915 
63 1916 1917 1918 1919 1920 1921 1922 1923 1924 1925 1926 1927 1928 1929 1930 1931 1932 1933 1934 1935 1936 1937 1938 1939 1940 1941 1942 1943 1944 1945 1946 1947 1948 1949 1950 1951 1952 1953 1954 1955 1956 1957 1958 1959 1960 1961 1962 1963 1964 1965 1966 1967 1968 1969 1970 1971 1972 1973 1974 1975 1976 1977 1978 
60 1979 1980 1981 1982 1983 1984 1985 1986 1987 1988 1989 1990 1991 1992 1993 1994 1995 1996 1997 1998 1999 2000 2001 2002 2003 2004 2005 2006 2007 2008 2009 2010 2011 2012 2013 2014 2015 2016 2017 2018 2019 2020 2021 2022 2023 2024 2025 2026 2027 2028 2029 2030 2031 2032 2033 2034 2035 2036 2037 2038 
63 2039 2040 2041 2042 2043 2044 2045 2046 2047 2048 2049 2050 2051 2052 2053 2054 2055 2056 2057 2058 2059 2060 2061 2062 2063 2064 2065 2066 2067 2068 2069 2070 2071 2072 2073 2074 2075 2076 2077 2078 2079 2080 2081 2082 2083 2084 2085 2086 2087 2088 2089 2090 2091 2092 2093 2094 2095 2096 2097 2098 2099 2100 2101 
59 2102 2103 2104 2105 2106 2107 2108 2109 2110 2111 2112 2113 2114 2115 2116 2117 2118 2119 2120 2121 2122 2123 2124 2125 2126 2127 2128 2129 2130 2131 2132 2133 2134 2135 2136 2137 2138 2139 2140 2141 2142 2143 2144 2145 2146 2147 2148 2149 2150 2151 2152 2153 2154 2155 2156 2157 2158 2159 2160 
63 2161 2162 2163 2164 2165 2166 2167 2168 2169 2170 2171 2172 2173 2174 2175 2176 2177 2178 2179 2180 2181 2182 2183 2184 2185 2186 2187 2188 2189 2190 2191 2192 2193 2194 2195 2196 2197 2198 2199 2200 2201 2202 2203 2204 2205 2206 2207 2208 2209 2210 2211 2212 2213 2214 2215 2216 2217 2218 2219 2220 2221 2222 2223 
57 2224 2225 2226 2227 2228 2229 2230 2231 2232 2233 2234 2235 2236 2237 2238 2239 2240 2241 2242 2243 2244 2245 2246 2247 2248 2249 2250 2251 2252 2253 2254 2255 2256 2257 2258 2259 2260 2261 2262 2263 2264 2265 2266 2267 2268 2269 2270 2271 2272 2273 2274 2275 2276 2277 2278 2279 2280 
63 2281 2282 2283 2284 2285 2286 2287 2288 2289 2290 2291 2292 2293 2294 2295 2296 2297 2298 2299 2300 2301 2302 2303 2304 2305 2306 2307 2308 2309 2310 2311 2312 2313 2314 2315 2316 2317 2318 2319 2320 2321 2322 2323 2324 2325 2326 2327 2328 2329 2330 2331 2332 2333 2334 2335 2336 2337 2338 2339 2340 2341 2342 2343 
61 2344 2345 2346 2347 2348 2349 2350 2351 2352 2353 2354 2355 2356 2357 2358 2359 2360 2361 2362 2363 2364 2365 2366 2367 2368 2369 2370 2371 2372 2373 2374 2375 2376 2377 2378 2379 2380 2381 2382 2383 2384 2385 2386 2387 2388 2389 2390 2391 2392 2393 2394 2395 2396 2397 2398 2399 2400 2401 2402 2403 2404 
58 2405 2406 2407 2408 2409 2410 2411 2412 2413 2414 2415 2416 2417 2418 2419 2420 2421 2422 2423 2424 2425 2426 2427 2428 2429 2430 2431 2432 2433 2434 2435 2436 2437 2438 2439 2440 2441 2442 2443 2444 2445 2446 2447 2448 2449 2450 2451 2452 2453 2454 2455 2456 2457 2458 2459 2460 2461 2462 
62 2463 2464 2465 2466 2467 2468 2469 2470 2471 2472 2473 2474 2475 2476 2477 2478 2479 2480 2481 2482 2483 2484 2485 2486 2487 2488 2489 2490 2491 2492 2493 2494 2495 2496 2497 2498 2499 2500 2501 2502 2503 2504 2505 2506 2507 2508 2509 2510 2511 2512 2513 2514 2515 2516 2517 2518 2519 2520 2521 2522 2523 2524 
62 2525 2526 2527 2528 2529 2530 2531 2532 2533 2534 2535 2536 2537 2538 2539 2540 2541 2542 2543 2544 2545 2546 2547 2548 2549 2550 2551 2552 2553 2554 2555 2556 2557 2558 2559 2560 2561 2562 2563 2564 2565 2566 2567 2568 2569 2570 2571 2572 2573 2574 2575 2576 2577 2578 2579 2580 2581 2582 2583 2584 2585 2586 
63 2587 2588 2589 2590 2591 2592 2593 2594 2595 2596 2597 2598 2599 2600 2601 2602 2603 2604 2605 2606 2607 2608 2609 2610 2611 2612 2613 2614 2615 2616 2617 2618 2619 2620 2621 2622 2623 2624 2625 2626 2627 2628 2629 2630 2631 2632 2633 2634 2635 2636 2637 2638 2639 2640 2641 2642 2643 2644 2645 2646 2647 2648 2649 
57 2650 2651 2652 2653 2654 2655 2656 2657 2658 2659 2660 2661 2662 2663 2664 2665 2666 2667 2668 2669 2670 2671 2672 2673 2674 2675 2676 2677 2678 2679 2680 2681 2682 2683 2684 2685 2686 2687 2688 2689 2690 2691 2692 2693 2694 2695 2696 2697 2698 2699 2700 2701 2702 2703 2704 2705 2706 
57 2707 2708 2709 2710 2711 2712 2713 2714 2715 2716 2717 2718 2719 2720 2721 2722 2723 2724 2725 2726 2727 2728 2729 2730 2731 2732 2733 2734 2735 2736 2737 2738 2739 2740 2741 2742 2743 2744 2745 2746 2747 2748 2749 2750 2751 2752 2753 2754 2755 2756 2757 2758 2759 2760 2761 2762 2763 
63 2764 2765 2766 2767 2768 2769 2770 2771 2772 2773 2774 2775 2776 2777 2778 2779 2780 2781 2782 2783 2784 2785 2786 2787 2788 2789 2790 2791 2792 2793 2794 2795 2796 2797 2798 2799 2800 2801 2802 2803 2804 2805 2806 2807 2808 2809 2810 2811 2812 2813 2814 2815 2816 2817 2818 2819 2820 2821 2822 2823 2824 2825 2826 
63 2827 2828 2829 2830 2831 2832 2833 2834 2835 2836 2837 2838 2839 2840 2841 2842 2843 2844 2845 2846 2847 2848 2849 2850 2851 2852 2853 2854 2855 2856 2857 2858 2859 2860 2861 2862 2863 2864 2865 2866 2867 2868 2869 2870 2871 2872 2873 2874 2875 2876 2877 2878 2879 2880 2881 2882 2883 2884 2885 2886 2887 2888 2889 
62 2890 2891 2892 2893 2894 2895 2896 2897 2898 2899 2900 2901 2902 2903 2904 2905 2906 2907 2908 2909 2910 2911 2912 2913 2914 2915 2916 2917 2918 2919 2920 2921 2922 2923 2924 2925 2926 2927 2928 2929 2930 2931 2932 2933 2934 2935 2936 2937 2938 2939 2940 2941 2942 2943 2944 2945 2946 2947 2948 2949 2950 2951 
59 2952 2953 2954 2955 2956 2957 2958 2959 2960 2961 2962 2963 2964 2965 2966 2967 2968 2969 2970 2971 2972 2973 2974 2975 2976 2977 2978 2979 2980 2981 2982 2983 2984 2985 2986 2987 2988 2989 2990 2991 2992 2993 2994 2995 2996 2997 2998 2999 3000 3001 3002 3003 3004 3005 3006 3007 3008 3009 3010 
62 3011 3012 3013 3014 3015 3016 3017 3018 3019 3020 3021 3022 3023 3024 3025 3026 3027 3028 3029 3030 3031 3032 3033 3034 3035 3036 3037 3038 3039 3040 3041 3042 3043 3044 3045 3046 3047 3048 3049 3050 3051 3052 3053 3054 3055 3056 3057 3058 3059 3060 3061 3062 3063 3064 3065 3066 3067 3068 3069 3070 3071 3072 
61 3073 3074 3075 3076 3077 3078 3079 3080 3081 3082 3083 3084 3085 3086 3087 3088 3089 3090 3091 3092 3093 3094 3095 3096 3097 3098 3099 3100 3101 3102 3103 3104 3105 3106 3107 3108 3109 3110 3111 3112 3113 3114 3115 3116 3117 3118 3119 3120 3121 3122 3123 3124 3125 3126 3127 3128 3129 3130 3131 3132 3133 
63 3134 3135 3136 3137 3138 3139 3140 3141 3142 3143 3144 3145 3146 3147 3148 3149 3150 3151 3152 3153 3154 3155 3156 3157 3158 3159 3160 3161 3162 3163 3164 3165 3166 3167 3168 3169 3170 3171 3172 3173 3174 3175 3176 3177 3178 3179 3180 3181 3182 3183 3184 3185 3186 3187 3188 3189 3190 3191 3192 3193 3194 3195 3196 
63 3197 3198 3199 3200 3201 3202 3203 3204 3205 3206 3207 3208 3209 3210 3211 3212 3213 3214 3215 3216 3217 3218 3219 3220 3221 3222 3223 3224 3225 3226 3227 3228 3229 3230 3231 3232 3233 3234 3235 3236 3237 3238 3239 3240 3241 3242 3243 3244 3245 3246 3247 3248 3249 3250 3251 3252 3253 3254 3255 3256 3257 3258 3259 
59 3260 3261 3262 3263 3264 3265 3266 3267 3268 3269 3270 3271 3272 3273 3274 3275 3276 3277 3278 3279 3280 3281 3282 3283 3284 3285 3286 3287 3288 3289 3290 3291 3292 3293 3294 3295 3296 3297 3298 3299 3300 3301 3302 3303 3304 3305 3306 3307 3308 3309 3310 3311 3312 3313 3314 3315 3316 3317 3318 
59 3319 3320 3321 3322 3323 3324 3325 3326 3327 3328 3329 3330 3331 3332 3333 3334 3335 3336 3337 3338 3339 3340 3341 3342 3343 3344 3345 3346 3347 3348 3349 3350 3351 3352 3353 3354 3355 3356 3357 3358 3359 3360 3361 3362 3363 3364 3365 3366 3367 3368 3369 3370 3371 3372 3373 3374 3375 3376 3377 
63 3378 3379 3380 3381 3382 3383 3384 3385 3386 3387 3388 3389 3390 3391 3392 3393 3394 3395 3396 3397 3398 3399 3400 3401 3402 3403 3404 3405 3406 3407 3408 3409 3410 3411 3412 3413 3414 3415 3416 3417 3418 3419 3420 3421 3422 3423 3424 3425 3426 3427 3428 3429 3430 3431 3432 3433 3434 3435 3436 3437 3438 3439 3440 
63 3441 3442 3443 3444 3445 3446 3447 3448 3449 3450 3451 3452 3453 3454 3455 3456 3457 3458 3459 3460 3461 3462 3463 3464 3465 3466 3467 3468 3469 3470 3471 3472 3473 3474 3475 3476 3477 3478 3479 3480 3481 3482 3483 3484 3485 3486 3487 3488 3489 3490 3491 3492 3493 3494 3495 3496 3497 3498 3499 3500 3501 3502 3503 
58 3504 3505 3506 3507 3508 3509 3510 3511 3512 3513 3514 3515 3516 3517 3518 3519 3520 3521 3522 3523 3524 3525 3526 3527 3528 3529 3530 3531 3532 3533 3534 3535 3536 3537 3538 3539 3540 3541 3542 3543 3544 3545 3546 3547 3548 3549 3550 3551 3552 3553 3554 3555 3556 3557 3558 3559 3560 3561 
63 3562 3563 3564 3565 3566 3567 3568 3569 3570 3571 3572 3573 3574 3575 3576 3577 3578 3579 3580 3581 3582 3583 3584 3585 3586 3587 3588 3589 3590 3591 3592 3593 3594 3595 3596 3597 3598 3599 3600 3601 3602 3603 3604 3605 3606 3607 3608 3609 3610 3611 3612 3613 3614 3615 3616 3617 3618 3619 3620 3621 3622 3623 3624 
62 3625 3626 3627 3628 3629 3630 3631 3632 3633 3634 3635 3636 3637 3638 3639 3640 3641 3642 3643 3644 3645 3646 3647 3648 3649 3650 3651 3652 3653 3654 3655 3656 3657 3658 3659 3660 3661 3662 3663 3664 3665 3666 3667 3668 3669 3670 3671 3672 3673 3674 3675 3676 3677 3678 3679 3680 3681 3682 3683 3684 3685 3686 
63 3687 3688 3689 3690 3691 3692 3693 3694 3695 3696 3697 3698 3699 3700 3701 3702 3703 3704 3705 3706 3707 3708 3709 3710 3711 3712 3713 3714 3715 3716 3717 3718 3719 3720 3721 3722 3723 3724 3725 3726 3727 3728 3729 3730 3731 3732 3733 3734 3735 3736 3737 3738 3739 3740 3741 3742 3743 3744 3745 3746 3747 3748 3749 
62 3750 3751 3752 3753 3754 3755 3756 3757 3758 3759 3760 3761 3762 3763 3764 3765 3766 3767 3768 3769 3770 3771 3772 3773 3774 3775 3776 3777 3778 3779 3780 3781 3782 3783 3784 3785 3786 3787 3788 3789 3790 3791 3792 3793 3794 3795 3796 3797 3798 3799 3800 3801 3802 3803 3804 3805 3806 3807 3808 3809 3810 3811 
62 3812 3813 3814 3815 3816 3817 3818 3819 3820 3821 3822 3823 3824 3825 3826 3827 3828 3829 3830 3831 3832 3833 3834 3835 3836 3837 3838 3839 3840 3841 3842 3843 3844 3845 3846 3847 3848 3849 3850 3851 3852 3853 3854 3855 3856 3857 3858 3859 3860 3861 3862 3863 3864 3865 3866 3867 3868 3869 3870 3871 3872 3873 
63 3874 3875 3876 3877 3878 3879 3880 3881 3882 3883 3884 3885 3886 3887 3888 3889 3890 3891 3892 3893 3894 3895 3896 3897 3898 3899 3900 3901 3902 3903 3904 3905 3906 3907 3908 3909 3910 3911 3912 3913 3914 3915 3916 3917 3918 3919 3920 3921 3922 3923 3924 3925 3926 3927 3928 3929 3930 3931 3932 3933 3934 3935 3936 
60 3937 3938 3939 3940 3941 3942 3943 3944 3945 3946 3947 3948 3949 3950 3951 3952 3953 3954 3955 3956 3957 3958 3959 3960 3961 3962 3963 3964 3965 3966 3967 3968 3969 3970 3971 3972 3973 3974 3975 3976 3977 3978 3979 3980 3981 3982 3983 3984 3985 3986 3987 3988 3989 3990 3991 3992 3993 3994 3995 3996 
62 3997 3998 3999 4000 4001 4002 4003 4004 4005 4006 4007 4008 4009 4010 4011 4012 4013 4014 4015 4016 4017 4018 4019 4020 4021 4022 4023 4024 4025 4026 4027 4028 4029 4030 4031 4032 4033 4034 4035 4036 4037 4038 4039 4040 4041 4042 4043 4044 4045 4046 4047 4048 4049 4050 4051 4052 4053 4054 4055 4056 4057 4058 
57 4059 4060 4061 4062 4063 4064 4065 4066 4067 4068 4069 4070 4071 4072 4073 4074 4075 4076 4077 4078 4079 4080 4081 4082 4083 4084 4085 4086 4087 4088 4089 4090 4091 4092 4093 4094 4095 4096 4097 4098 4099 4100 4101 4102 4103 4104 4105 4106 4107 4108 4109 4110 4111 4112 4113 4114 4115 
59 4116 4117 4118 4119 4120 4121 4122 4123 4124 4125 4126 4127 4128 4129 4130 4131 4132 4133 4134 4135 4136 4137 4138 4139 4140 4141 4142 4143 4144 4145 4146 4147 4148 4149 4150 4151 4152 4153 4154 4155 4156 4157 4158 4159 4160 4161 4162 4163 4164 4165 4166 4167 4168 4169 4170 4171 4172 4173 4174 
60 4175 4176 4177 4178 4179 4180 4181 4182 4183 4184 4185 4186 4187 4188 4189 4190 4191 4192 4193 4194 4195 4196 4197 4198 4199 4200 4201 4202 4203 4204 4205 4206 4207 4208 4209 4210 4211 4212 4213 4214 4215 4216 4217 4218 4219 4220 4221 4222 4223 4224 4225 4226 4227 4228 4229 4230 4231 4232 4233 4234 
63 4235 4236 4237 4238 4239 4240 4241 4242 4243 4244 4245 4246 4247 4248 4249 4250 4251 4252 4253 4254 4255 4256 4257 4258 4259 4260 4261 4262 4263 4264 4265 4266 4267 4268 4269 4270 4271 4272 4273 4274 4275 4276 4277 4278 4279 4280 4281 4282 4283 4284 4285 4286 4287 4288 4289 4290 4291 4292 4293 4294 4295 4296 4297 
62 4298 4299 4300 4301 4302 4303 4304 4305 4306 4307 4308 4309 4310 4311 4312 4313 4314 4315 4316 4317 4318 4319 4320 4321 4322 4323 4324 4325 4326 4327 4328 4329 4330 4331 4332 4333 4334 4335 4336 4337 4338 4339 4340 4341 4342 4343 4344 4345 4346 4347 4348 4349 4350 4351 4352 4353 4354 4355 4356 4357 4358 4359 
63 4360 4361 4362 4363 4364 4365 4366 4367 4368 4369 4370 4371 4372 4373 4374 4375 4376 4377 4378 4379 4380 4381 4382 4383 4384 4385 4386 4387 4388 4389 4390 4391 4392 4393 4394 4395 4396 4397 4398 4399 4400 4401 4402 4403 4404 4405 4406 4407 4408 4409 4410 4411 4412 4413 4414 4415 4416 4417 4418 4419 4420 4421 4422 
62 4423 4424 4425 4426 4427 4428 4429 4430 4431 4432 4433 4434 4435 4436 4437 4438 4439 4440 4441 4442 4443 4444 4445 4446 4447 4448 4449 4450 4451 4452 4453 4454 4455 4456 4457 4458 4459 4460 4461 4462 4463 4464 4465 4466 4467 4468 4469 4470 4471 4472 4473 4474 4475 4476 4477 4478 4479 4480 4481 4482 4483 4484 
62 4485 4486 4487 4488 4489 4490 4491 4492 4493 4494 4495 4496 4497 4498 4499 4500 4501 4502 4503 4504 4505 4506 4507 4508 4509 4510 4511 4512 4513 4514 4515 4516 4517 4518 4519 4520 4521 4522 4523 4524 4525 4526 4527 4528 4529 4530 4531 4532 4533 4534 4535 4536 4537 4538 4539 4540 4541 4542 4543 4544 4545 4546 
57 4547 4548 4549 4550 4551 4552 4553 4554 4555 4556 4557 4558 4559 4560 4561 4562 4563 4564 4565 4566 4567 4568 4569 4570 4571 4572 4573 4574 4575 4576 4577 4578 4579 4580 4581 4582 4583 4584 4585 4586 4587 4588 4589 4590 4591 4592 4593 4594 4595 4596 4597 4598 4599 4600 4601 4602 4603 
63 4604 4605 4606 4607 4608 4609 4610 4611 4612 4613 4614 4615 4616 4617 4618 4619 4620 4621 4622 4623 4624 4625 4626 4627 4628 4629 4630 4631 4632 4633 4634 4635 4636 4637 4638 4639 4640 4641 4642 4643 4644 4645 4646 4647 4648 4649 4650 4651 4652 4653 4654 4655 4656 4657 4658 4659 4660 4661 4662 4663 4664 4665 4666 
63 4667 4668 4669 4670 4671 4672 4673 4674 4675 4676 4677 4678 4679 4680 4681 4682 4683 4684 4685 4686 4687 4688 4689 4690 4691 4692 4693 4694 4695 4696 4697 4698 4699 4700 4701 4702 4703 4704 4705 4706 4707 4708 4709 4710 4711 4712 4713 4714 4715 4716 4717 4718 4719 4720 4721 4722 4723 4724 4725 4726 4727 4728 4729 
63 4730 4731 4732 4733 4734 4735 4736 4737 4738 4739 4740 4741 4742 4743 4744 4745 4746 4747 4748 4749 4750 4751 4752 4753 4754 4755 4756 4757 4758 4759 4760 4761 4762 4763 4764 4765 4766 4767 4768 4769 4770 4771 4772 4773 4774 4775 4776 4777 4778 4779 4780 4781 4782 4783 4784 4785 4786 4787 4788 4789 4790 4791 4792 
63 4793 4794 4795 4796 4797 4798 4799 4800 4801 4802 4803 4804 4805 4806 4807 4808 4809 4810 4811 4812 4813 4814 4815 4816 4817 4818 4819 4820 4821 4822 4823 4824 4825 4826 4827 4828 4829 4830 4831 4832 4833 4834 4835 4836 4837 4838 4839 4840 4841 4842 4843 4844 4845 4846 4847 4848 4849 4850 4851 4852 4853 4854 4855 
62 4856 4857 4858 4859 4860 4861 4862 4863 4864 4865 4866 4867 4868 4869 4870 4871 4872 4873 4874 4875 4876 4877 4878 4879 4880 4881 4882 4883 4884 4885 4886 4887 4888 4889 4890 4891 4892 4893 4894 4895 4896 4897 4898 4899 4900 4901 4902 4903 4904 4905 4906 4907 4908 4909 4910 4911 4912 4913 4914 4915 4916 4917 
63 4918 4919 4920 4921 4922 4923 4924 4925 4926 4927 4928 4929 4930 4931 4932 4933 4934 4935 4936 4937 4938 4939 4940 4941 4942 4943 4944 4945 4946 4947 4948 4949 4950 4951 4952 4953 4954 4955 4956 4957 4958 4959 4960 4961 4962 4963 4964 4965 4966 4967 4968 4969 4970 4971 4972 4973 4974 4975 4976 4977 4978 4979 4980 
62 4981 4982 4983 4984 4985 4986 4987 4988 4989 4990 4991 4992 4993 4994 4995 4996 4997 4998 4999 5000 5001 5002 5003 5004 5005 5006 5007 5008 5009 5010 5011 5012 5013 5014 5015 5016 5017 5018 5019 5020 5021 5022 5023 5024 5025 5026 5027 5028 5029 5030 5031 5032 5033 5034 5035 5036 5037 5038 5039 5040 5041 5042 
63 5043 5044 5045 5046 5047 5048 5049 5050 5051 5052 5053 5054 5055 5056 5057 5058 5059 5060 5061 5062 5063 5064 5065 5066 5067 5068 5069 5070 5071 5072 5073 5074 5075 5076 5077 5078 5079 5080 5081 5082 5083 5084 5085 5086 5087 5088 5089 5090 5091 5092 5093 5094 5095 5096 5097 5098 5099 5100 5101 5102 5103 5104 5105 
59 5106 5107 5108 5109 5110 5111 5112 5113 5114 5115 5116 5117 5118 5119 5120 5121 5122 5123 5124 5125 5126 5127 5128 5129 5130 5131 5132 5133 5134 5135 5136 5137 5138 5139 5140 5141 5142 5143 5144 5145 5146 5147 5148 5149 5150 5151 5152 5153 5154 5155 5156 5157 5158 5159 5160 5161 5162 5163 5164 
63 5165 5166 5167 5168 5169 5170 5171 5172 5173 5174 5175 5176 5177 5178 5179 5180 5181 5182 5183 5184 5185 5186 5187 5188 5189 5190 5191 5192 5193 5194 5195 5196 5197 5198 5199 5200 5201 5202 5203 5204 5205 5206 5207 5208 5209 5210 5211 5212 5213 5214 5215 5216 5217 5218 5219 5220 5221 5222 5223 5224 5225 5226 5227 
63 5228 5229 5230 5231 5232 5233 5234 5235 5236 5237 5238 5239 5240 5241 5242 5243 5244 5245 5246 5247 5248 5249 5250 5251 5252 5253 5254 5255 5256 5257 5258 5259 5260 5261 5262 5263 5264 5265 5266 5267 5268 5269 5270 5271 5272 5273 5274 5275 5276 5277 5278 5279 5280 5281 5282 5283 5284 5285 5286 5287 5288 5289 5290 
62 5291 5292 5293 5294 5295 5296 5297 5298 5299 5300 5301 5302 5303 5304 5305 5306 5307 5308 5309 5310 5311 5312 5313 5314 5315 5316 5317 5318 5319 5320 5321 5322 5323 5324 5325 5326 5327 5328 5329 5330 5331 5332 5333 5334 5335 5336 5337 5338 5339 5340 5341 5342 5343 5344 5345 5346 5347 5348 5349 5350 5351 5352 
63 5353 5354 5355 5356 5357 5358 5359 5360 5361 5362 5363 5364 5365 5366 5367 5368 5369 5370 5371 5372 5373 5374 5375 5376 5377 5378 5379 5380 5381 5382 5383 5384 5385 5386 5387 5388 5389 5390 5391 5392 5393 5394 5395 5396 5397 5398 5399 5400 5401 5402 5403 5404 5405 5406 5407 5408 5409 5410 5411 5412 5413 5414 5415 
62 5416 5417 5418 5419 5420 5421 5422 5423 5424 5425 5426 5427 5428 5429 5430 5431 5432 5433 5434 5435 5436 5437 5438 5439 5440 5441 5442 5443 5444 5445 5446 5447 5448 5449 5450 5451 5452 5453 5454 5455 5456 5457 5458 5459 5460 5461 5462 5463 5464 5465 5466 5467 5468 5469 5470 5471 5472 5473 5474 5475 5476 5477 
61 5478 5479 5480 5481 5482 5483 5484 5485 5486 5487 5488 5489 5490 5491 5492 5493 5494 5495 5496 5497 5498 5499 5500 5501 5502 5503 5504 5505 5506 5507 5508 5509 5510 5511 5512 5513 5514 5515 5516 5517 5518 5519 5520 5521 5522 5523 5524 5525 5526 5527 5528 5529 5530 5531 5532 5533 5534 5535 5536 5537 5538 
62 5539 5540 5541 5542 5543 5544 5545 5546 5547 5548 5549 5550 5551 5552 5553 5554 5555 5556 5557 5558 5559 5560 5561 5562 5563 5564 5565 5566 5567 5568 5569 5570 5571 5572 5573 5574 5575 5576 5577 5578 5579 5580 5581 5582 5583 5584 5585 5586 5587 5588 5589 5590 5591 5592 5593 5594 5595 5596 5597 5598 5599 5600 
62 5601 5602 5603 5604 5605 5606 5607 5608 5609 5610 5611 5612 5613 5614 5615 5616 5617 5618 5619 5620 5621 5622 5623 5624 5625 5626 5627 5628 5629 5630 5631 5632 5633 5634 5635 5636 5637 5638 5639 5640 5641 5642 5643 5644 5645 5646 5647 5648 5649 5650 5651 5652 5653 5654 5655 5656 5657 5658 5659 5660 5661 5662 
62 5663 5664 5665 5666 5667 5668 5669 5670 5671 5672 5673 5674 5675 5676 5677 5678 5679 5680 5681 5682 5683 5684 5685 5686 5687 5688 5689 5690 5691 5692 5693 5694 5695 5696 5697 5698 5699 5700 5701 5702 5703 5704 5705 5706 5707 5708 5709 5710 5711 5712 5713 5714 5715 5716 5717 5718 5719 5720 5721 5722 5723 5724 
62 5725 5726 5727 5728 5729 5730 5731 5732 5733 5734 5735 5736 5737 5738 5739 5740 5741 5742 5743 5744 5745 5746 5747 5748 5749 5750 5751 5752 5753 5754 5755 5756 5757 5758 5759 5760 5761 5762 5763 5764 5765 5766 5767 5768 5769 5770 5771 5772 5773 5774 5775 5776 5777 5778 5779 5780 5781 5782 5783 5784 5785 5786 
57 5787 5788 5789 5790 5791 5792 5793 5794 5795 5796 5797 5798 5799 5800 5801 5802 5803 5804 5805 5806 5807 5808 5809 5810 5811 5812 5813 5814 5815 5816 5817 5818 5819 5820 5821 5822 5823 5824 5825 5826 5827 5828 5829 5830 5831 5832 5833 5834 5835 5836 5837 5838 5839 5840 5841 5842 5843 
62 5844 5845 5846 5847 5848 5849 5850 5851 5852 5853 5854 5855 5856 5857 5858 5859 5860 5861 5862 5863 5864 5865 5866 5867 5868 5869 5870 5871 5872 5873 5874 5875 5876 5877 5878 5879 5880 5881 5882 5883 5884 5885 5886 5887 5888 5889 5890 5891 5892 5893 5894 5895 5896 5897 5898 5899 5900 5901 5902 5903 5904 5905 
63 5906 5907 5908 5909 5910 5911 5912 5913 5914 5915 5916 5917 5918 5919 5920 5921 5922 5923 5924 5925 5926 5927 5928 5929 5930 5931 5932 5933 5934 5935 5936 5937 5938 5939 5940 5941 5942 5943 5944 5945 5946 5947 5948 5949 5950 5951 5952 5953 5954 5955 5956 5957 5958 5959 5960 5961 5962 5963 5964 5965 5966 5967 5968 
63 5969 5970 5971 5972 5973 5974 5975 5976 5977 5978 5979 5980 5981 5982 5983 5984 5985 5986 5987 5988 5989 5990 5991 5992 5993 5994 5995 5996 5997 5998 5999 6000 6001 6002 6003 6004 6005 6006 6007 6008 6009 6010 6011 6012 6013 6014 6015 6016 6017 6018 6019 6020 6021 6022 6023 6024 6025 6026 6027 6028 6029 6030 6031 
63 6032 6033 6034 6035 6036 6037 6038 6039 6040 6041 6042 6043 6044 6045 6046 6047 6048 6049 6050 6051 6052 6053 6054 6055 6056 6057 6058 6059 6060 6061 6062 6063 6064 6065 6066 6067 6068 6069 6070 6071 6072 6073 6074 6075 6076 6077 6078 6079 6080 6081 6082 6083 6084 6085 6086 6087 6088 6089 6090 6091 6092 6093 6094 
62 6095 6096 6097 6098 6099 6100 6101 6102 6103 6104 6105 6106 6107 6108 6109 6110 6111 6112 6113 6114 6115 6116 6117 6118 6119 6120 6121 6122 6123 6124 6125 6126 6127 6128 6129 6130 6131 6132 6133 6134 6135 6136 6137 6138 6139 6140 6141 6142 6143 6144 6145 6146 6147 6148 6149 6150 6151 6152 6153 6154 6155 6156 
59 6157 6158 6159 6160 6161 6162 6163 6164 6165 6166 6167 6168 6169 6170 6171 6172 6173 6174 6175 6176 6177 6178 6179 6180 6181 6182 6183 6184 6185 6186 6187 6188 6189 6190 6191 6192 6193 6194 6195 6196 6197 6198 6199 6200 6201 6202 6203 6204 6205 6206 6207 6208 6209 6210 6211 6212 6213 6214 6215 
61 6216 6217 6218 6219 6220 6221 6222 6223 6224 6225 6226 6227 6228 6229 6230 6231 6232 6233 6234 6235 6236 6237 6238 6239 6240 6241 6242 6243 6244 6245 6246 6247 6248 6249 6250 6251 6252 6253 6254 6255 6256 6257 6258 6259 6260 6261 6262 6263 6264 6265 6266 6267 6268 6269 6270 6271 6272 6273 6274 6275 6276 
63 6277 6278 6279 6280 6281 6282 6283 6284 6285 6286 6287 6288 6289 6290 6291 6292 6293 6294 6295 6296 6297 6298 6299 6300 6301 6302 6303 6304 6305 6306 6307 6308 6309 6310 6311 6312 6313 6314 6315 6316 6317 6318 6319 6320 6321 6322 6323 6324 6325 6326 6327 6328 6329 6330 6331 6332 6333 6334 6335 6336 6337 6338 6339 
63 6340 6341 6342 6343 6344 6345 6346 6347 6348 6349 6350 6351 6352 6353 6354 6355 6356 6357 6358 6359 6360 6361 6362 6363 6364 6365 6366 6367 6368 6369 6370 6371 6372 6373 6374 6375 6376 6377 6378 6379 6380 6381 6382 6383 6384 6385 6386 6387 6388 6389 6390 6391 6392 6393 6394 6395 6396 6397 6398 6399 6400 6401 6402 
61 6403 6404 6405 6406 6407 6408 6409 6410 6411 6412 6413 6414 6415 6416 6417 6418 6419 6420 6421 6422 6423 6424 6425 6426 6427 6428 6429 6430 6431 6432 6433 6434 6435 6436 6437 6438 6439 6440 6441 6442 6443 6444 6445 6446 6447 6448 6449 6450 6451 6452 6453 6454 6455 6456 6457 6458 6459 6460 6461 6462 6463 
63 6464 6465 6466 6467 6468 6469 6470 6471 6472 6473 6474 6475 6476 6477 6478 6479 6480 6481 6482 6483 6484 6485 6486 6487 6488 6489 6490 6491 6492 6493 6494 6495 6496 6497 6498 6499 6500 6501 6502 6503 6504 6505 6506 6507 6508 6509 6510 6511 6512 6513 6514 6515 6516 6517 6518 6519 6520 6521 6522 6523 6524 6525 6526 
58 6527 6528 6529 6530 6531 6532 6533 6534 6535 6536 6537 6538 6539 6540 6541 6542 6543 6544 6545 6546 6547 6548 6549 6550 6551 6552 6553 6554 6555 6556 6557 6558 6559 6560 6561 6562 6563 6564 6565 6566 6567 6568 6569 6570 6571 6572 6573 6574 6575 6576 6577 6578 6579 6580 6581 6582 6583 6584 
63 6585 6586 6587 6588 6589 6590 6591 6592 6593 6594 6595 6596 6597 6598 6599 6600 6601 6602 6603 6604 6605 6606 6607 6608 6609 6610 6611 6612 6613 6614 6615 6616 6617 6618 6619 6620 6621 6622 6623 6624 6625 6626 6627 6628 6629 6630 6631 6632 6633 6634 6635 6636 6637 6638 6639 6640 6641 6642 6643 6644 6645 6646 6647 
63 6648 6649 6650 6651 6652 6653 6654 6655 6656 6657 6658 6659 6660 6661 6662 6663 6664 6665 6666 6667 6668 6669 6670 6671 6672 6673 6674 6675 6676 6677 6678 6679 6680 6681 6682 6683 6684 6685 6686 6687 6688 6689 6690 6691 6692 6693 6694 6695 6696 6697 6698 6699 6700 6701 6702 6703 6704 6705 6706 6707 6708 6709 6710 
62 6711 6712 6713 6714 6715 6716 6717 6718 6719 6720 6721 6722 6723 6724 6725 6726 6727 6728 6729 6730 6731 6732 6733 6734 6735 6736 6737 6738 6739 6740 6741 6742 6743 6744 6745 6746 6747 6748 6749 6750 6751 6752 6753 6754 6755 6756 6757 6758 6759 6760 6761 6762 6763 6764 6765 6766 6767 6768 6769 6770 6771 6772 
63 6773 6774 6775 6776 6777 6778 6779 6780 6781 6782 6783 6784 6785 6786 6787 6788 6789 6790 6791 6792 6793 6794 6795 6796 6797 6798 6799 6800 6801 6802 6803 6804 6805 6806 6807 6808 6809 6810 6811 6812 6813 6814 6815 6816 6817 6818 6819 6820 6821 6822 6823 6824 6825 6826 6827 6828 6829 6830 6831 6832 6833 6834 6835 
60 6836 6837 6838 6839 6840 6841 6842 6843 6844 6845 6846 6847 6848 6849 6850 6851 6852 6853 6854 6855 6856 6857 6858 6859 6860 6861 6862 6863 6864 6865 6866 6867 6868 6869 6870 6871 6872 6873 6874 6875 6876 6877 6878 6879 6880 6881 6882 6883 6884 6885 6886 6887 6888 6889 6890 6891 6892 6893 6894 6895 
63 6896 6897 6898 6899 6900 6901 6902 6903 6904 6905 6906 6907 6908 6909 6910 6911 6912 6913 6914 6915 6916 6917 6918 6919 6920 6921 6922 6923 6924 6925 6926 6927 6928 6929 6930 6931 6932 6933 6934 6935 6936 6937 6938 6939 6940 6941 6942 6943 6944 6945 6946 6947 6948 6949 6950 6951 6952 6953 6954 6955 6956 6957 6958 
63 6959 6960 6961 6962 6963 6964 6965 6966 6967 6968 6969 6970 6971 6972 6973 6974 6975 6976 6977 6978 6979 6980 6981 6982 6983 6984 6985 6986 6987 6988 6989 6990 6991 6992 6993 6994 6995 6996 6997 6998 6999 7000 7001 7002 7003 7004 7005 7006 7007 7008 7009 7010 7011 7012 7013 7014 7015 7016 7017 7018 7019 7020 7021 
57 7022 7023 7024 7025 7026 7027 7028 7029 7030 7031 7032 7033 7034 7035 7036 7037 7038 7039 7040 7041 7042 7043 7044 7045 7046 7047 7048 7049 7050 7051 7052 7053 7054 7055 7056 7057 7058 7059 7060 7061 7062 7063 7064 7065 7066 7067 7068 7069 7070 7071 7072 7073 7074 7075 7076 7077 7078 
62 7079 7080 7081 7082 7083 7084 7085 7086 7087 7088 7089 7090 7091 7092 7093 7094 7095 7096 7097 7098 7099 7100 7101 7102 7103 7104 7105 7106 7107 7108 7109 7110 7111 7112 7113 7114 7115 7116 7117 7118 7119 7120 7121 7122 7123 7124 7125 7126 7127 7128 7129 7130 7131 7132 7133 7134 7135 7136 7137 7138 7139 7140 
62 7141 7142 7143 7144 7145 7146 7147 7148 7149 7150 7151 7152 7153 7154 7155 7156 7157 7158 7159 7160 7161 7162 7163 7164 7165 7166 7167 7168 7169 7170 7171 7172 7173 7174 7175 7176 7177 7178 7179 7180 7181 7182 7183 7184 7185 7186 7187 7188 7189 7190 7191 7192 7193 7194 7195 7196 7197 7198 7199 7200 7201 7202 
63 7203 7204 7205 7206 7207 7208 7209 7210 7211 7212 7213 7214 7215 7216 7217 7218 7219 7220 7221 7222 7223 7224 7225 7226 7227 7228 7229 7230 7231 7232 7233 7234 7235 7236 7237 7238 7239 7240 7241 7242 7243 7244 7245 7246 7247 7248 7249 7250 7251 7252 7253 7254 7255 7256 7257 7258 7259 7260 7261 7262 7263 7264 7265 
63 7266 7267 7268 7269 7270 7271 7272 7273 7274 7275 7276 7277 7278 7279 7280 7281 7282 7283 7284 7285 7286 7287 7288 7289 7290 7291 7292 7293 7294 7295 7296 7297 7298 7299 7300 7301 7302 7303 7304 7305 7306 7307 7308 7309 7310 7311 7312 7313 7314 7315 7316 7317 7318 7319 7320 7321 7322 7323 7324 7325 7326 7327 7328 
63 7329 7330 7331 7332 7333 7334 7335 7336 7337 7338 7339 7340 7341 7342 7343 7344 7345 7346 7347 7348 7349 7350 7351 7352 7353 7354 7355 7356 7357 7358 7359 7360 7361 7362 7363 7364 7365 7366 7367 7368 7369 7370 7371 7372 7373 7374 7375 7376 7377 7378 7379 7380 7381 7382 7383 7384 7385 7386 7387 7388 7389 7390 7391 
62 7392 7393 7394 7395 7396 7397 7398 7399 7400 7401 7402 7403 7404 7405 7406 7407 7408 7409 7410 7411 7412 7413 7414 7415 7416 7417 7418 7419 7420 7421 7422 7423 7424 7425 7426 7427 7428 7429 7430 7431 7432 7433 7434 7435 7436 7437 7438 7439 7440 7441 7442 7443 7444 7445 7446 7447 7448 7449 7450 7451 7452 7453 
59 7454 7455 7456 7457 7458 7459 7460 7461 7462 7463 7464 7465 7466 7467 7468 7469 7470 7471 7472 7473 7474 7475 7476 7477 7478 7479 7480 7481 7482 7483 7484 7485 7486 7487 7488 7489 7490 7491 7492 7493 7494 7495 7496 7497 7498 7499 7500 7501 7502 7503 7504 7505 7506 7507 7508 7509 7510 7511 7512 
63 7513 7514 7515 7516 7517 7518 7519 7520 7521 7522 7523 7524 7525 7526 7527 7528 7529 7530 7531 7532 7533 7534 7535 7536 7537 7538 7539 7540 7541 7542 7543 7544 7545 7546 7547 7548 7549 7550 7551 7552 7553 7554 7555 7556 7557 7558 7559 7560 7561 7562 7563 7564 7565 7566 7567 7568 7569 7570 7571 7572 7573 7574 7575 
63 7576 7577 7578 7579 7580 7581 7582 7583 7584 7585 7586 7587 7588 7589 7590 7591 7592 7593 7594 7595 7596 7597 7598 7599 7600 7601 7602 7603 7604 7605 7606 7607 7608 7609 7610 7611 7612 7613 7614 7615 7616 7617 7618 7619 7620 7621 7622 7623 7624 7625 7626 7627 7628 7629 7630 7631 7632 7633 7634 7635 7636 7637 7638 
60 7639 7640 7641 7642 7643 7644 7645 7646 7647 7648 7649 7650 7651 7652 7653 7654 7655 7656 7657 7658 7659 7660 7661 7662 7663 7664 7665 7666 7667 7668 7669 7670 7671 7672 7673 7674 7675 7676 7677 7678 7679 7680 7681 7682 7683 7684 7685 7686 7687 7688 7689 7690 7691 7692 7693 7694 7695 7696 7697 7698 
60 7699 7700 7701 7702 7703 7704 7705 7706 7707 7708 7709 7710 7711 7712 7713 7714 7715 7716 7717 7718 7719 7720 7721 7722 7723 7724 7725 7726 7727 7728 7729 7730 7731 7732 7733 7734 7735 7736 7737 7738 7739 7740 7741 7742 7743 7744 7745 7746 7747 7748 7749 7750 7751 7752 7753 7754 7755 7756 7757 7758 
57 7759 7760 7761 7762 7763 7764 7765 7766 7767 7768 7769 7770 7771 7772 7773 7774 7775 7776 7777 7778 7779 7780 7781 7782 7783 7784 7785 7786 7787 7788 7789 7790 7791 7792 7793 7794 7795 7796 7797 7798 7799 7800 7801 7802 7803 7804 7805 7806 7807 7808 7809 7810 7811 7812 7813 7814 7815 
61 7816 7817 7818 7819 7820 7821 7822 7823 7824 7825 7826 7827 7828 7829 7830 7831 7832 7833 7834 7835 7836 7837 7838 7839 7840 7841 7842 7843 7844 7845 7846 7847 7848 7849 7850 7851 7852 7853 7854 7855 7856 7857 7858 7859 7860 7861 7862 7863 7864 7865 7866 7867 7868 7869 7870 7871 7872 7873 7874 7875 7876 
63 7877 7878 7879 7880 7881 7882 7883 7884 7885 7886 7887 7888 7889 7890 7891 7892 7893 7894 7895 7896 7897 7898 7899 7900 7901 7902 7903 7904 7905 7906 7907 7908 7909 7910 7911 7912 7913 7914 7915 7916 7917 7918 7919 7920 7921 7922 7923 7924 7925 7926 7927 7928 7929 7930 7931 7932 7933 7934 7935 7936 7937 7938 7939 
57 7940 7941 7942 7943 7944 7945 7946 7947 7948 7949 7950 7951 7952 7953 7954 7955 7956 7957 7958 7959 7960 7961 7962 7963 7964 7965 7966 7967 7968 7969 7970 7971 7972 7973 7974 7975 7976 7977 7978 7979 7980 7981 7982 7983 7984 7985 7986 7987 7988 7989 7990 7991 7992 7993 7994 7995 7996 
61 7997 7998 7999 8000 8001 8002 8003 8004 8005 8006 8007 8008 8009 8010 8011 8012 8013 8014 8015 8016 8017 8018 8019 8020 8021 8022 8023 8024 8025 8026 8027 8028 8029 8030 8031 8032 8033 8034 8035 8036 8037 8038 8039 8040 8041 8042 8043 8044 8045 8046 8047 8048 8049 8050 8051 8052 8053 8054 8055 8056 8057 
57 8058 8059 8060 8061 8062 8063 8064 8065 8066 8067 8068 8069 8070 8071 8072 8073 8074 8075 8076 8077 8078 8079 8080 8081 8082 8083 8084 8085 8086 8087 8088 8089 8090 8091 8092 8093 8094 8095 8096 8097 8098 8099 8100 8101 8102 8103 8104 8105 8106 8107 8108 8109 8110 8111 8112 8113 8114 
63 8115 8116 8117 8118 8119 8120 8121 8122 8123 8124 8125 8126 8127 8128 8129 8130 8131 8132 8133 8134 8135 8136 8137 8138 8139 8140 8141 8142 8143 8144 8145 8146 8147 8148 8149 8150 8151 8152 8153 8154 8155 8156 8157 8158 8159 8160 8161 8162 8163 8164 8165 8166 8167 8168 8169 8170 8171 8172 8173 8174 8175 8176 8177 
57 8178 8179 8180 8181 8182 8183 8184 8185 8186 8187 8188 8189 8190 8191 8192 8193 8194 8195 8196 8197 8198 8199 8200 8201 8202 8203 8204 8205 8206 8207 8208 8209 8210 8211 8212 8213 8214 8215 8216 8217 8218 8219 8220 8221 8222 8223 8224 8225 8226 8227 8228 8229 8230 8231 8232 8233 8234 
62 8235 8236 8237 8238 8239 8240 8241 8242 8243 8244 8245 8246 8247 8248 8249 8250 8251 8252 8253 8254 8255 8256 8257 8258 8259 8260 8261 8262 8263 8264 8265 8266 8267 8268 8269 8270 8271 8272 8273 8274 8275 8276 8277 8278 8279 8280 8281 8282 8283 8284 8285 8286 8287 8288 8289 8290 8291 8292 8293 8294 8295 8296 
58 8297 8298 8299 8300 8301 8302 8303 8304 8305 8306 8307 8308 8309 8310 8311 8312 8313 8314 8315 8316 8317 8318 8319 8320 8321 8322 8323 8324 8325 8326 8327 8328 8329 8330 8331 8332 8333 8334 8335 8336 8337 8338 8339 8340 8341 8342 8343 8344 8345 8346 8347 8348 8349 8350 8351 8352 8353 8354 
63 8355 8356 8357 8358 8359 8360 8361 8362 8363 8364 8365 8366 8367 8368 8369 8370 8371 8372 8373 8374 8375 8376 8377 8378 8379 8380 8381 8382 8383 8384 8385 8386 8387 8388 8389 8390 8391 8392 8393 8394 8395 8396 8397 8398 8399 8400 8401 8402 8403 8404 8405 8406 8407 8408 8409 8410 8411 8412 8413 8414 8415 8416 8417 
63 8418 8419 8420 8421 8422 8423 8424 8425 8426 8427 8428 8429 8430 8431 8432 8433 8434 8435 8436 8437 8438 8439 8440 8441 8442 8443 8444 8445 8446 8447 8448 8449 8450 8451 8452 8453 8454 8455 8456 8457 8458 8459 8460 8461 8462 8463 8464 8465 8466 8467 8468 8469 8470 8471 8472 8473 8474 8475 8476 8477 8478 8479 8480 
62 8481 8482 8483 8484 8485 8486 8487 8488 8489 8490 8491 8492 8493 8494 8495 8496 8497 8498 8499 8500 8501 8502 8503 8504 8505 8506 8507 8508 8509 8510 8511 8512 8513 8514 8515 8516 8517 8518 8519 8520 8521 8522 8523 8524 8525 8526 8527 8528 8529 8530 8531 8532 8533 8534 8535 8536 8537 8538 8539 8540 8541 8542 
63 8543 8544 8545 8546 8547 8548 8549 8550 8551 8552 8553 8554 8555 8556 8557 8558 8559 8560 8561 8562 8563 8564 8565 8566 8567 8568 8569 8570 8571 8572 8573 8574 8575 8576 8577 8578 8579 8580 8581 8582 8583 8584 8585 8586 8587 8588 8589 8590 8591 8592 8593 8594 8595 8596 8597 8598 8599 8600 8601 8602 8603 8604 8605 
62 8606 8607 8608 8609 8610 8611 8612 8613 8614 8615 8616 8617 8618 8619 8620 8621 8622 8623 8624 8625 8626 8627 8628 8629 8630 8631 8632 8633 8634 8635 8636 8637 8638 8639 8640 8641 8642 8643 8644 8645 8646 8647 8648 8649 8650 8651 8652 8653 8654 8655 8656 8657 8658 8659 8660 8661 8662 8663 8664 8665 8666 8667 
59 8668 8669 8670 8671 8672 8673 8674 8675 8676 8677 8678 8679 8680 8681 8682 8683 8684 8685 8686 8687 8688 8689 8690 8691 8692 8693 8694 8695 8696 8697 8698 8699 8700 8701 8702 8703 8704 8705 8706 8707 8708 8709 8710 8711 8712 8713 8714 8715 8716 8717 8718 8719 8720 8721 8722 8723 8724 8725 8726 
62 8727 8728 8729 8730 8731 8732 8733 8734 8735 8736 8737 8738 8739 8740 8741 8742 8743 8744 8745 8746 8747 8748 8749 8750 8751 8752 8753 8754 8755 8756 8757 8758 8759 8760 8761 8762 8763 8764 8765 8766 8767 8768 8769 8770 8771 8772 8773 8774 8775 8776 8777 8778 8779 8780 8781 8782 8783 8784 8785 8786 8787 8788 
63 8789 8790 8791 8792 8793 8794 8795 8796 8797 8798 8799 8800 8801 8802 8803 8804 8805 8806 8807 8808 8809 8810 8811 8812 8813 8814 8815 8816 8817 8818 8819 8820 8821 8822 8823 8824 8825 8826 8827 8828 8829 8830 8831 8832 8833 8834 8835 8836 8837 8838 8839 8840 8841 8842 8843 8844 8845 8846 8847 8848 8849 8850 8851 
62 8852 8853 8854 8855 8856 8857 8858 8859 8860 8861 8862 8863 8864 8865 8866 8867 8868 8869 8870 8871 8872 8873 8874 8875 8876 8877 8878 8879 8880 8881 8882 8883 8884 8885 8886 8887 8888 8889 8890 8891 8892 8893 8894 8895 8896 8897 8898 8899 8900 8901 8902 8903 8904 8905 8906 8907 8908 8909 8910 8911 8912 8913 
63 8914 8915 8916 8917 8918 8919 8920 8921 8922 8923 8924 8925 8926 8927 8928 8929 8930 8931 8932 8933 8934 8935 8936 8937 8938 8939 8940 8941 8942 8943 8944 8945 8946 8947 8948 8949 8950 8951 8952 8953 8954 8955 8956 8957 8958 8959 8960 8961 8962 8963 8964 8965 8966 8967 8968 8969 8970 8971 8972 8973 8974 8975 8976 
63 8977 8978 8979 8980 8981 8982 8983 8984 8985 8986 8987 8988 8989 8990 8991 8992 8993 8994 8995 8996 8997 8998 8999 9000 9001 9002 9003 9004 9005 9006 9007 9008 9009 9010 9011 9012 9013 9014 9015 9016 9017 9018 9019 9020 9021 9022 9023 9024 9025 9026 9027 9028 9029 9030 9031 9032 9033 9034 9035 9036 9037 9038 9039 
63 9040 9041 9042 9043 9044 9045 9046 9047 9048 9049 9050 9051 9052 9053 9054 9055 9056 9057 9058 9059 9060 9061 9062 9063 9064 9065 9066 9067 9068 9069 9070 9071 9072 9073 9074 9075 9076 9077 9078 9079 9080 9081 9082 9083 9084 9085 9086 9087 9088 9089 9090 9091 9092 9093 9094 9095 9096 9097 9098 9099 9100 9101 9102 
57 9103 9104 9105 9106 9107 9108 9109 9110 9111 9112 9113 9114 9115 9116 9117 9118 9119 9120 9121 9122 9123 9124 9125 9126 9127 9128 9129 9130 9131 9132 9133 9134 9135 9136 9137 9138 9139 9140 9141 9142 9143 9144 9145 9146 9147 9148 9149 9150 9151 9152 9153 9154 9155 9156 9157 9158 9159 
62 9160 9161 9162 9163 9164 9165 9166 9167 9168 9169 9170 9171 9172 9173 9174 9175 9176 9177 9178 9179 9180 9181 9182 9183 9184 9185 9186 9187 9188 9189 9190 9191 9192 9193 9194 9195 9196 9197 9198 9199 9200 9201 9202 9203 9204 9205 9206 9207 9208 9209 9210 9211 9212 9213 9214 9215 9216 9217 9218 9219 9220 9221 
58 9222 9223 9224 9225 9226 9227 9228 9229 9230 9231 9232 9233 9234 9235 9236 9237 9238 9239 9240 9241 9242 9243 9244 9245 9246 9247 9248 9249 9250 9251 9252 9253 9254 9255 9256 9257 9258 9259 9260 9261 9262 9263 9264 9265 9266 9267 9268 9269 9270 9271 9272 9273 9274 9275 9276 9277 9278 9279 
59 9280 9281 9282 9283 9284 9285 9286 9287 9288 9289 9290 9291 9292 9293 9294 9295 9296 9297 9298 9299 9300 9301 9302 9303 9304 9305 9306 9307 9308 9309 9310 9311 9312 9313 9314 9315 9316 9317 9318 9319 9320 9321 9322 9323 9324 9325 9326 9327 9328 9329 9330 9331 9332 9333 9334 9335 9336 9337 9338 
62 9339 9340 9341 9342 9343 9344 9345 9346 9347 9348 9349 9350 9351 9352 9353 9354 9355 9356 9357 9358 9359 9360 9361 9362 9363 9364 9365 9366 9367 9368 9369 9370 9371 9372 9373 9374 9375 9376 9377 9378 9379 9380 9381 9382 9383 9384 9385 9386 9387 9388 9389 9390 9391 9392 9393 9394 9395 9396 9397 9398 9399 9400 
57 9401 9402 9403 9404 9405 9406 9407 9408 9409 9410 9411 9412 9413 9414 9415 9416 9417 9418 9419 9420 9421 9422 9423 9424 9425 9426 9427 9428 9429 9430 9431 9432 9433 9434 9435 9436 9437 9438 9439 9440 9441 9442 9443 9444 9445 9446 9447 9448 9449 9450 9451 9452 9453 9454 9455 9456 9457 
63 9458 9459 9460 9461 9462 9463 9464 9465 9466 9467 9468 9469 9470 9471 9472 9473 9474 9475 9476 9477 9478 9479 9480 9481 9482 9483 9484 9485 9486 9487 9488 9489 9490 9491 9492 9493 9494 9495 9496 9497 9498 9499 9500 9501 9502 9503 9504 9505 9506 9507 9508 9509 9510 9511 9512 9513 9514 9515 9516 9517 9518 9519 9520 
59 9521 9522 9523 9524 9525 9526 9527 9528 9529 9530 9531 9532 9533 9534 9535 9536 9537 9538 9539 9540 9541 9542 9543 9544 9545 9546 9547 9548 9549 9550 9551 9552 9553 9554 9555 9556 9557 9558 9559 9560 9561 9562 9563 9564 9565 9566 9567 9568 9569 9570 9571 9572 9573 9574 9575 9576 9577 9578 9579 
62 9580 9581 9582 9583 9584 9585 9586 9587 9588 9589 9590 9591 9592 9593 9594 9595 9596 9597 9598 9599 9600 9601 9602 9603 9604 9605 9606 9607 9608 9609 9610 9611 9612 9613 9614 9615 9616 9617 9618 9619 9620 9621 9622 9623 9624 9625 9626 9627 9628 9629 9630 9631 9632 9633 9634 9635 9636 9637 9638 9639 9640 9641 
60 9642 9643 9644 9645 9646 9647 9648 9649 9650 9651 9652 9653 9654 9655 9656 9657 9658 9659 9660 9661 9662 9663 9664 9665 9666 9667 9668 9669 9670 9671 9672 9673 9674 9675 9676 9677 9678 9679 9680 9681 9682 9683 9684 9685 9686 9687 9688 9689 9690 9691 9692 9693 9694 9695 9696 9697 9698 9699 9700 9701 
62 9702 9703 9704 9705 9706 9707 9708 9709 9710 9711 9712 9713 9714 9715 9716 9717 9718 9719 9720 9721 9722 9723 9724 9725 9726 9727 9728 9729 9730 9731 9732 9733 9734 9735 9736 9737 9738 9739 9740 9741 9742 9743 9744 9745 9746 9747 9748 9749 9750 9751 9752 9753 9754 9755 9756 9757 9758 9759 9760 9761 9762 9763 
59 9764 9765 9766 9767 9768 9769 9770 9771 9772 9773 9774 9775 9776 9777 9778 9779 9780 9781 9782 9783 9784 9785 9786 9787 9788 9789 9790 9791 9792 9793 9794 9795 9796 9797 9798 9799 9800 9801 9802 9803 9804 9805 9806 9807 9808 9809 9810 9811 9812 9813 9814 9815 9816 9817 9818 9819 9820 9821 9822 
57 9823 9824 9825 9826 9827 9828 9829 9830 9831 9832 9833 9834 9835 9836 9837 9838 9839 9840 9841 9842 9843 9844 9845 9846 9847 9848 9849 9850 9851 9852 9853 9854 9855 9856 9857 9858 9859 9860 9861 9862 9863 9864 9865 9866 9867 9868 9869 9870 9871 9872 9873 9874 9875 9876 9877 9878 9879 
59 9880 9881 9882 9883 9884 9885 9886 9887 9888 9889 9890 9891 9892 9893 9894 9895 9896 9897 9898 9899 9900 9901 9902 9903 9904 9905 9906 9907 9908 9909 9910 9911 9912 9913 9914 9915 9916 9917 9918 9919 9920 9921 9922 9923 9924 9925 9926 9927 9928 9929 9930 9931 9932 9933 9934 9935 9936 9937 9938 
57 9939 9940 9941 9942 9943 9944 9945 9946 9947 9948 9949 9950 9951 9952 9953 9954 9955 9956 9957 9958 9959 9960 9961 9962 9963 9964 9965 9966 9967 9968 9969 9970 9971 9972 9973 9974 9975 9976 9977 9978 9979 9980 9981 9982 9983 9984 9985 9986 9987 9988 9989 9990 9991 9992 9993 9994 9995 
62 9996 9997 9998 9999 10000 10001 10002 10003 10004 10005 10006 10007 10008 10009 10010 10011 10012 10013 10014 10015 10016 10017 10018 10019 10020 10021 10022 10023 10024 10025 10026 10027 10028 10029 10030 10031 10032 10033 10034 10035 10036 10037 10038 10039 10040 10041 10042 10043 10044 10045 10046 10047 10048 10049 10050 10051 10052 10053 10054 10055 10056 10057 
63 10058 10059 10060 10061 10062 10063 10064 10065 10066 10067 10068 10069 10070 10071 10072 10073 10074 10075 10076 10077 10078 10079 10080 10081 10082 10083 10084 10085 10086 10087 10088 10089 10090 10091 10092 10093 10094 10095 10096 10097 10098 10099 10100 10101 10102 10103 10104 10105 10106 10107 10108 10109 10110 10111 10112 10113 10114 10115 10116 10117 10118 10119 10120 
63 10121 10122 10123 10124 10125 10126 10127 10128 10129 10130 10131 10132 10133 10134 10135 10136 10137 10138 10139 10140 10141 10142 10143 10144 10145 10146 10147 10148 10149 10150 10151 10152 10153 10154 10155 10156 10157 10158 10159 10160 10161 10162 10163 10164 10165 10166 10167 10168 10169 10170 10171 10172 10173 10174 10175 10176 10177 10178 10179 10180 10181 10182 10183 
60 10184 10185 10186 10187 10188 10189 10190 10191 10192 10193 10194 10195 10196 10197 10198 10199 10200 10201 10202 10203 10204 10205 10206 10207 10208 10209 10210 10211 10212 10213 10214 10215 10216 10217 10218 10219 10220 10221 10222 10223 10224 10225 10226 10227 10228 10229 10230 10231 10232 10233 10234 10235 10236 10237 10238 10239 10240 10241 10242 10243 
61 10244 10245 10246 10247 10248 10249 10250 10251 10252 10253 10254 10255 10256 10257 10258 10259 10260 10261 10262 10263 10264 10265 10266 10267 10268 10269 10270 10271 10272 10273 10274 10275 10276 10277 10278 10279 10280 10281 10282 10283 10284 10285 10286 10287 10288 10289 10290 10291 10292 10293 10294 10295 10296 10297 10298 10299 10300 10301 10302 10303 10304 
63 10305 10306 10307 10308 10309 10310 10311 10312 10313 10314 10315 10316 10317 10318 10319 10320 10321 10322 10323 10324 10325 10326 10327 10328 10329 10330 10331 10332 10333 10334 10335 10336 10337 10338 10339 10340 10341 10342 10343 10344 10345 10346 10347 10348 10349 10350 10351 10352 10353 10354 10355 10356 10357 10358 10359 10360 10361 10362 10363 10364 10365 10366 10367 
63 10368 10369 10370 10371 10372 10373 10374 10375 10376 10377 10378 10379 10380 10381 10382 10383 10384 10385 10386 10387 10388 10389 10390 10391 10392 10393 10394 10395 10396 10397 10398 10399 10400 10401 10402 10403 10404 10405 10406 10407 10408 10409 10410 10411 10412 10413 10414 10415 10416 10417 10418 10419 10420 10421 10422 10423 10424 10425 10426 10427 10428 10429 10430 
63 10431 10432 10433 10434 10435 10436 10437 10438 10439 10440 10441 10442 10443 10444 10445 10446 10447 10448 10449 10450 10451 10452 10453 10454 10455 10456 10457 10458 10459 10460 10461 10462 10463 10464 10465 10466 10467 10468 10469 10470 10471 10472 10473 10474 10475 10476 10477 10478 10479 10480 10481 10482 10483 10484 10485 10486 10487 10488 10489 10490 10491 10492 10493 
62 10494 10495 10496 10497 10498 10499 10500 10501 10502 10503 10504 10505 10506 10507 10508 10509 10510 10511 10512 10513 10514 10515 10516 10517 10518 10519 10520 10521 10522 10523 10524 10525 10526 10527 10528 10529 10530 10531 10532 10533 10534 10535 10536 10537 10538 10539 10540 10541 10542 10543 10544 10545 10546 10547 10548 10549 10550 10551 10552 10553 10554 10555 
62 10556 10557 10558 10559 10560 10561 10562 10563 10564 10565 10566 10567 10568 10569 10570 10571 10572 10573 10574 10575 10576 10577 10578 10579 10580 10581 10582 10583 10584 10585 10586 10587 10588 10589 10590 10591 10592 10593 10594 10595 10596 10597 10598 10599 10600 10601 10602 10603 10604 10605 10606 10607 10608 10609 10610 10611 10612 10613 10614 10615 10616 10617 
62 10618 10619 10620 10621 10622 10623 10624 10625 10626 10627 10628 10629 10630 10631 10632 10633 10634 10635 10636 10637 10638 10639 10640 10641 10642 10643 10644 10645 10646 10647 10648 10649 10650 10651 10652 10653 10654 10655 10656 10657 10658 10659 10660 10661 10662 10663 10664 10665 10666 10667 10668 10669 10670 10671 10672 10673 10674 10675 10676 10677 10678 10679 
63 10680 10681 10682 10683 10684 10685 10686 10687 10688 10689 10690 10691 10692 10693 10694 10695 10696 10697 10698 10699 10700 10701 10702 10703 10704 10705 10706 10707 10708 10709 10710 10711 10712 10713 10714 10715 10716 10717 10718 10719 10720 10721 10722 10723 10724 10725 10726 10727 10728 10729 10730 10731 10732 10733 10734 10735 10736 10737 10738 10739 10740 10741 10742 
63 10743 10744 10745 10746 10747 10748 10749 10750 10751 10752 10753 10754 10755 10756 10757 10758 10759 10760 10761 10762 10763 10764 10765 10766 10767 10768 10769 10770 10771 10772 10773 10774 10775 10776 10777 10778 10779 10780 10781 10782 10783 10784 10785 10786 10787 10788 10789 10790 10791 10792 10793 10794 10795 10796 10797 10798 10799 10800 10801 10802 10803 10804 10805 

POINT_DATA 10806
SCALARS FiberLocationIndex int
LOOKUP_TABLE default
1 2 3 4 5 6 7 8 9 
10 11 12 13 14 15 16 17 18 
19 20 21 22 23 24 25 26 27 
28 29 30 31 32 33 34 35 36 
37 38 39 40 41 42 43 44 45 
46 47 48 49 50 51 52 53 54 
55 56 57 58 59 60 61 62 0 
1 2 3 4 5 6 7 8 9 
10 11 12 13 14 15 16 17 18 
19 20 21 22 23 24 25 26 27 
28 29 30 31 32 33 34 35 36 
37 38 39 40 41 42 43 44 45 
46 47 48 49 50 51 52 53 54 
55 56 57 58 59 60 61 62 0 
1 2 3 4 5 6 7 8 9 
10 11 12 13 14 15 16 17 18 
19 20 21 22 23 24 25 26 27 
28 29 30 31 32 33 34 35 36 
37 38 39 40 41 42 43 44 45 
46 47 48 49 50 51 52 53 54 
55 56 57 58 59 60 61 62 1 
2 3 4 5 6 7 8 9 10 
11 12 13 14 15 16 17 18 19 
20 21 22 23 24 25 26 27 28 
29 30 31 32 33 34 35 36 37 
38 39 40 41 42 43 44 45 46 
47 48 49 50 51 52 53 54 55 
56 57 58 59 60 61 0 1 2 
3 4 5 6 7 8 9 10 11 
12 13 14 15 16 17 18 19 20 
21 22 23 24 25 26 27 28 29 
30 31 32 33 34 35 36 37 38 
39 40 41 42 43 44 45 46 47 
48 49 50 51 52 53 54 55 56 
57 58 59 60 61 0 1 2 3 
4 5 6 7 8 9 10 11 12 
13 14 15 16 17 18 19 20 21 
22 23 24 25 26 27 28 29 30 
31 32 33 34 35 36 37 38 39 
40 41 42 43 44 45 46 47 48 
49 50 51 52 53 54 55 56 57 
58 59 60 61 62 0 1 2 3 
4 5 6 7 8 9 10 11 12 
13 14 15 16 17 18 19 20 21 
22 23 24 25 26 27 28 29 30 
31 32 33 34 35 36 37 38 39 
40 41 42 43 44 45 46 47 48 
49 50 51 52 53 54 55 56 57 
58 59 60 61 62 0 1 2 3 
4 5 6 7 8 9 10 11 12 
13 14 15 16 17 18 19 20 21 
22 23 24 25 26 27 28 29 30 
31 32 33 34 35 36 37 38 39 
40 41 42 43 44 45 46 47 48 
49 50 51 52 53 54 55 56 57 
58 59 60 61 62 1 2 3 4 
5 6 7 8 9 10 11 12 13 
14 15 16 17 18 19 20 21 22 
23 24 25 26 27 28 29 30 31 
32 33 34 35 36 37 38 39 40 
41 42 43 44 45 46 47 48 49 
50 51 52 53 54 55 56 57 58 
59 60 61 0 1 2 3 4 5 
6 7 8 9 10 11 12 13 14 
15 16 17 18 19 20 21 22 23 
24 25 26 27 28 29 30 31 32 
33 34 35 36 37 38 39 40 41 
42 43 44 45 46 47 48 49 50 
51 52 53 54 55 56 57 58 59 
60 61 62 2 3 4 5 6 7 
8 9 10 11 12 13 14 15 16 
17 18 19 20 21 22 23 24 25 
26 27 28 29 30 31 32 33 34 
35 36 37 38 39 40 41 42 43 
44 45 46 47 48 49 50 51 52 
53 54 55 56 57 58 59 0 1 
2 3 4 5 6 7 8 9 10 
11 12 13 14 15 16 17 18 19 
20 21 22 23 24 25 26 27 28 
29 30 31 32 33 34 35 36 37 
38 39 40 41 42 43 44 45 46 
47 48 49 50 51 52 53 54 55 
56 57 58 59 60 61 62 0 1 
2 3 4 5 6 7 8 9 10 
11 12 13 14 15 16 17 18 19 
20 21 22 23 24 25 26 27 28 
29 30 31 32 33 34 35 36 37 
38 39 40 41 42 43 44 45 46 
47 48 49 50 51 52 53 54 55 
56 57 58 59 60 61 62 1 2 
3 4 5 6 7 8 9 10 11 
12 13 14 15 16 17 18 19 20 
21 22 23 24 25 26 27 28 29 
30 31 32 33 34 35 36 37 38 
39 40 41 42 43 44 45 46 47 
48 49 50 51 52 53 54 55 56 
57 58 59 1 2 3 4 5 6 
7 8 9 10 11 12 13 14 15 
16 17 18 19 20 21 22 23 24 
25 26 27 28 29 30 31 32 33 
34 35 36 37 38 39 40 41 42 
43 44 45 46 47 48 49 50 51 
52 53 54 55 56 57 58 59 60 
61 62 0 1 2 3 4 5 6 
7 8 9 10 11 12 13 14 15 
16 17 18 19 20 21 22 23 24 
25 26 27 28 29 30 31 32 33 
34 35 36 37 38 39 40 41 42 
43 44 45 46 47 48 49 50 51 
52 53 54 55 56 57 58 59 60 
61 62 0 1 2 3 4 5 6 
7 8 9 10 11 12 13 14 15 
16 17 18 19 20 21 22 23 24 
25 26 27 28 29 30 31 32 33 
34 35 36 37 38 39 40 41 42 
43 44 45 46 47 48 49 50 51 
52 53 54 55 56 57 58 59 60 
61 62 1 2 3 4 5 6 7 
8 9 10 11 12 13 14 15 16 
17 18 19 20 21 22 23 24 25 
26 27 28 29 30 31 32 33 34 
35 36 37 38 39 40 41 42 43 
44 45 46 47 48 49 50 51 52 
53 54 55 56 57 58 59 60 61 
62 0 1 2 3 4 5 6 7 
8 9 10 11 12 13 14 15 16 
17 18 19 20 21 22 23 24 25 
26 27 28 29 30 31 32 33 34 
35 36 37 38 39 40 41 42 43 
44 45 46 47 48 49 50 51 52 
53 54 55 56 57 58 59 60 61 
62 1 2 3 4 5 6 7 8 
9 10 11 12 13 14 15 16 17 
18 19 20 21 22 23 24 25 26 
27 28 29 30 31 32 33 34 35 
36 37 38 39 40 41 42 43 44 
45 46 47 48 49 50 51 52 53 
54 55 56 57 58 59 60 61 62 
2 3 4 5 6 7 8 9 10 
11 12 13 14 15 16 17 18 19 
20 21 22 23 24 25 26 27 28 
29 30 31 32 33 34 35 36 37 
38 39 40 41 42 43 44 45 46 
47 48 49 50 51 52 53 54 55 
56 57 58 59 60 61 62 0 1 
2 3 4 5 6 7 8 9 10 
11 12 13 14 15 16 17 18 19 
20 21 22 23 24 25 26 27 28 
29 30 31 32 33 34 35 36 37 
38 39 40 41 42 43 44 45 46 
47 48 49 50 51 52 53 54 55 
56 57 58 59 60 61 0 1 2 
3 4 5 6 7 8 9 10 11 
12 13 14 15 16 17 18 19 20 
21 22 23 24 25 26 27 28 29 
30 31 32 33 34 35 36 37 38 
39 40 41 42 43 44 45 46 47 
48 49 50 51 52 53 54 55 56 
57 58 59 60 61 62 1 2 3 
4 5 6 7 8 9 10 11 12 
13 14 15 16 17 18 19 20 21 
22 23 24 25 26 27 28 29 30 
31 32 33 34 35 36 37 38 39 
40 41 42 43 44 45 46 47 48 
49 50 51 52 53 54 55 56 57 
58 59 60 61 62 2 3 4 5 
6 7 8 9 10 11 12 13 14 
15 16 17 18 19 20 21 22 23 
24 25 26 27 28 29 30 31 32 
33 34 35 36 37 38 39 40 41 
42 43 44 45 46 47 48 49 50 
51 52 53 54 55 56 57 58 1 
2 3 4 5 6 7 8 9 10 
11 12 13 14 15 16 17 18 19 
20 21 22 23 24 25 26 27 28 
29 30 31 32 33 34 35 36 37 
38 39 40 41 42 43 44 45 46 
47 48 49 50 51 52 53 54 55 
56 57 58 59 0 1 2 3 4 
5 6 7 8 9 10 11 12 13 
14 15 16 17 18 19 20 21 22 
23 24 25 26 27 28 29 30 31 
32 33 34 35 36 37 38 39 40 
41 42 43 44 45 46 47 48 49 
50 51 52 53 54 55 56 57 58 
59 60 61 62 0 1 2 3 4 
5 6 7 8 9 10 11 12 13 
14 15 16 17 18 19 20 21 22 
23 24 25 26 27 28 29 30 31 
32 33 34 35 36 37 38 39 40 
41 42 43 44 45 46 47 48 49 
50 51 52 53 54 55 56 57 58 
59 60 61 62 1 2 3 4 5 
6 7 8 9 10 11 12 13 14 
15 16 17 18 19 20 21 22 23 
24 25 26 27 28 29 30 31 32 
33 34 35 36 37 38 39 40 41 
42 43 44 45 46 47 48 49 50 
51 52 53 54 55 56 57 58 59 
60 61 62 1 2 3 4 5 6 
7 8 9 10 11 12 13 14 15 
16 17 18 19 20 21 22 23 24 
25 26 27 28 29 30 31 32 33 
34 35 36 37 38 39 40 41 42 
43 44 45 46 47 48 49 50 51 
52 53 54 55 56 57 58 59 60 
1 2 3 4 5 6 7 8 9 
10 11 12 13 14 15 16 17 18 
19 20 21 22 23 24 25 26 27 
28 29 30 31 32 33 34 35 36 
37 38 39 40 41 42 43 44 45 
46 47 48 49 50 51 52 53 54 
55 56 57 58 59 60 61 62 0 
1 2 3 4 5 6 7 8 9 
10 11 12 13 14 15 16 17 18 
19 20 21 22 23 24 25 26 27 
28 29 30 31 32 33 34 35 36 
37 38 39 40 41 42 43 44 45 
46 47 48 49 50 51 52 53 54 
55 56 57 58 59 60 61 62 1 
2 3 4 5 6 7 8 9 10 
11 12 13 14 15 16 17 18 19 
20 21 22 23 24 25 26 27 28 
29 30 31 32 33 34 35 36 37 
38 39 40 41 42 43 44 45 46 
47 48 49 50 51 52 53 54 55 
56 57 58 59 60 0 1 2 3 
4 5 6 7 8 9 10 11 12 
13 14 15 16 17 18 19 20 21 
22 23 24 25 26 27 28 29 30 
31 32 33 34 35 36 37 38 39 
40 41 42 43 44 45 46 47 48 
49 50 51 52 53 54 55 56 57 
58 59 60 61 62 1 2 3 4 
5 6 7 8 9 10 11 12 13 
14 15 16 17 18 19 20 21 22 
23 24 25 26 27 28 29 30 31 
32 33 34 35 36 37 38 39 40 
41 42 43 44 45 46 47 48 49 
50 51 52 53 54 55 56 57 58 
59 0 1 2 3 4 5 6 7 
8 9 10 11 12 13 14 15 16 
17 18 19 20 21 22 23 24 25 
26 27 28 29 30 31 32 33 34 
35 36 37 38 39 40 41 42 43 
44 45 46 47 48 49 50 51 52 
53 54 55 56 57 58 59 60 61 
62 2 3 4 5 6 7 8 9 
10 11 12 13 14 15 16 17 18 
19 20 21 22 23 24 25 26 27 
28 29 30 31 32 33 34 35 36 
37 38 39 40 41 42 43 44 45 
46 47 48 49 50 51 52 53 54 
55 56 57 58 0 1 2 3 4 
5 6 7 8 9 10 11 12 13 
14 15 16 17 18 19 20 21 22 
23 24 25 26 27 28 29 30 31 
32 33 34 35 36 37 38 39 40 
41 42 43 44 45 46 47 48 49 
50 51 52 53 54 55 56 57 58 
59 60 61 62 1 2 3 4 5 
6 7 8 9 10 11 12 13 14 
15 16 17 18 19 20 21 22 23 
24 25 26 27 28 29 30 31 32 
33 34 35 36 37 38 39 40 41 
42 43 44 45 46 47 48 49 50 
51 52 53 54 55 56 57 58 59 
60 61 2 3 4 5 6 7 8 
9 10 11 12 13 14 15 16 17 
18 19 20 21 22 23 24 25 26 
27 28 29 30 31 32 33 34 35 
36 37 38 39 40 41 42 43 44 
45 46 47 48 49 50 51 52 53 
54 55 56 57 58 59 1 2 3 
4 5 6 7 8 9 10 11 12 
13 14 15 16 17 18 19 20 21 
22 23 24 25 26 27 28 29 30 
31 32 33 34 35 36 37 38 39 
40 41 42 43 44 45 46 47 48 
49 50 51 52 53 54 55 56 57 
58 59 60 61 62 1 2 3 4 
5 6 7 8 9 10 11 12 13 
14 15 16 17 18 19 20 21 22 
23 24 25 26 27 28 29 30 31 
32 33 34 35 36 37 38 39 40 
41 42 43 44 45 46 47 48 49 
50 51 52 53 54 55 56 57 58 
59 60 61 62 0 1 2 3 4 
5 6 7 8 9 10 11 12 13 
14 15 16 17 18 19 20 21 22 
23 24 25 26 27 28 29 30 31 
32 33 34 35 36 37 38 39 40 
41 42 43 44 45 46 47 48 49 
50 51 52 53 54 55 56 57 58 
59 60 61 62 2 3 4 5 6 
7 8 9 10 11 12 13 14 15 
16 17 18 19 20 21 22 23 24 
25 26 27 28 29 30 31 32 33 
34 35 36 37 38 39 40 41 42 
43 44 45 46 47 48 49 50 51 
52 53 54 55 56 57 58 2 3 
4 5 6 7 8 9 10 11 12 
13 14 15 16 17 18 19 20 21 
22 23 24 25 26 27 28 29 30 
31 32 33 34 35 36 37 38 39 
40 41 42 43 44 45 46 47 48 
49 50 51 52 53 54 55 56 57 
58 0 1 2 3 4 5 6 7 
8 9 10 11 12 13 14 15 16 
17 18 19 20 21 22 23 24 25 
26 27 28 29 30 31 32 33 34 
35 36 37 38 39 40 41 42 43 
44 45 46 47 48 49 50 51 52 
53 54 55 56 57 58 59 60 61 
62 0 1 2 3 4 5 6 7 
8 9 10 11 12 13 14 15 16 
17 18 19 20 21 22 23 24 25 
26 27 28 29 30 31 32 33 34 
35 36 37 38 39 40 41 42 43 
44 45 46 47 48 49 50 51 52 
53 54 55 56 57 58 59 60 61 
62 1 2 3 4 5 6 7 8 
9 10 11 12 13 14 15 16 17 
18 19 20 21 22 23 24 25 26 
27 28 29 30 31 32 33 34 35 
36 37 38 39 40 41 42 43 44 
45 46 47 48 49 50 51 52 53 
54 55 56 57 58 59 60 61 62 
1 2 3 4 5 6 7 8 9 
10 11 12 13 14 15 16 17 18 
19 20 21 22 23 24 25 26 27 
28 29 30 31 32 33 34 35 36 
37 38 39 40 41 42 43 44 45 
46 47 48 49 50 51 52 53 54 
55 56 57 58 59 1 2 3 4 
5 6 7 8 9 10 11 12 13 
14 15 16 17 18 19 20 21 22 
23 24 25 26 27 28 29 30 31 
32 33 34 35 36 37 38 39 40 
41 42 43 44 45 46 47 48 49 
50 51 52 53 54 55 56 57 58 
59 60 61 62 1 2 3 4 5 
6 7 8 9 10 11 12 13 14 
15 16 17 18 19 20 21 22 23 
24 25 26 27 28 29 30 31 32 
33 34 35 36 37 38 39 40 41 
42 43 44 45 46 47 48 49 50 
51 52 53 54 55 56 57 58 59 
60 61 0 1 2 3 4 5 6 
7 8 9 10 11 12 13 14 15 
16 17 18 19 20 21 22 23 24 
25 26 27 28 29 30 31 32 33 
34 35 36 37 38 39 40 41 42 
43 44 45 46 47 48 49 50 51 
52 53 54 55 56 57 58 59 60 
61 62 0 1 2 3 4 5 6 
7 8 9 10 11 12 13 14 15 
16 17 18 19 20 21 22 23 24 
25 26 27 28 29 30 31 32 33 
34 35 36 37 38 39 40 41 42 
43 44 45 46 47 48 49 50 51 
52 53 54 55 56 57 58 59 60 
61 62 1 2 3 4 5 6 7 
8 9 10 11 12 13 14 15 16 
17 18 19 20 21 22 23 24 25 
26 27 28 29 30 31 32 33 34 
35 36 37 38 39 40 41 42 43 
44 45 46 47 48 49 50 51 52 
53 54 55 56 57 58 59 1 2 
3 4 5 6 7 8 9 10 11 
12 13 14 15 16 17 18 19 20 
21 22 23 24 25 26 27 28 29 
30 31 32 33 34 35 36 37 38 
39 40 41 42 43 44 45 46 47 
48 49 50 51 52 53 54 55 56 
57 58 59 0 1 2 3 4 5 
6 7 8 9 10 11 12 13 14 
15 16 17 18 19 20 21 22 23 
24 25 26 27 28 29 30 31 32 
33 34 35 36 37 38 39 40 41 
42 43 44 45 46 47 48 49 50 
51 52 53 54 55 56 57 58 59 
60 61 62 0 1 2 3 4 5 
6 7 8 9 10 11 12 13 14 
15 16 17 18 19 20 21 22 23 
24 25 26 27 28 29 30 31 32 
33 34 35 36 37 38 39 40 41 
42 43 44 45 46 47 48 49 50 
51 52 53 54 55 56 57 58 59 
60 61 62 2 3 4 5 6 7 
8 9 10 11 12 13 14 15 16 
17 18 19 20 21 22 23 24 25 
26 27 28 29 30 31 32 33 34 
35 36 37 38 39 40 41 42 43 
44 45 46 47 48 49 50 51 52 
53 54 55 56 57 58 59 0 1 
2 3 4 5 6 7 8 9 10 
11 12 13 14 15 16 17 18 19 
20 21 22 23 24 25 26 27 28 
29 30 31 32 33 34 35 36 37 
38 39 40 41 42 43 44 45 46 
47 48 49 50 51 52 53 54 55 
56 57 58 59 60 61 62 1 2 
3 4 5 6 7 8 9 10 11 
12 13 14 15 16 17 18 19 20 
21 22 23 24 25 26 27 28 29 
30 31 32 33 34 35 36 37 38 
39 40 41 42 43 44 45 46 47 
48 49 50 51 52 53 54 55 56 
57 58 59 60 61 62 0 1 2 
3 4 5 6 7 8 9 10 11 
12 13 14 15 16 17 18 19 20 
21 22 23 24 25 26 27 28 29 
30 31 32 33 34 35 36 37 38 
39 40 41 42 43 44 45 46 47 
48 49 50 51 52 53 54 55 56 
57 58 59 60 61 62 1 2 3 
4 5 6 7 8 9 10 11 12 
13 14 15 16 17 18 19 20 21 
22 23 24 25 26 27 28 29 30 
31 32 33 34 35 36 37 38 39 
40 41 42 43 44 45 46 47 48 
49 50 51 52 53 54 55 56 57 
58 59 60 61 62 1 2 3 4 
5 6 7 8 9 10 11 12 13 
14 15 16 17 18 19 20 21 22 
23 24 25 26 27 28 29 30 31 
32 33 34 35 36 37 38 39 40 
41 42 43 44 45 46 47 48 49 
50 51 52 53 54 55 56 57 58 
59 60 61 62 0 1 2 3 4 
5 6 7 8 9 10 11 12 13 
14 15 16 17 18 19 20 21 22 
23 24 25 26 27 28 29 30 31 
32 33 34 35 36 37 38 39 40 
41 42 43 44 45 46 47 48 49 
50 51 52 53 54 55 56 57 58 
59 60 61 62 1 2 3 4 5 
6 7 8 9 10 11 12 13 14 
15 16 17 18 19 20 21 22 23 
24 25 26 27 28 29 30 31 32 
33 34 35 36 37 38 39 40 41 
42 43 44 45 46 47 48 49 50 
51 52 53 54 55 56 57 58 59 
60 1 2 3 4 5 6 7 8 
9 10 11 12 13 14 15 16 17 
18 19 20 21 22 23 24 25 26 
27 28 29 30 31 32 33 34 35 
36 37 38 39 40 41 42 43 44 
45 46 47 48 49 50 51 52 53 
54 55 56 57 58 59 60 61 62 
2 3 4 5 6 7 8 9 10 
11 12 13 14 15 16 17 18 19 
20 21 22 23 24 25 26 27 28 
29 30 31 32 33 34 35 36 37 
38 39 40 41 42 43 44 45 46 
47 48 49 50 51 52 53 54 55 
56 57 58 1 2 3 4 5 6 
7 8 9 10 11 12 13 14 15 
16 17 18 19 20 21 22 23 24 
25 26 27 28 29 30 31 32 33 
34 35 36 37 38 39 40 41 42 
43 44 45 46 47 48 49 50 51 
52 53 54 55 56 57 58 59 1 
2 3 4 5 6 7 8 9 10 
11 12 13 14 15 16 17 18 19 
20 21 22 23 24 25 26 27 28 
29 30 31 32 33 34 35 36 37 
38 39 40 41 42 43 44 45 46 
47 48 49 50 51 52 53 54 55 
56 57 58 59 60 0 1 2 3 
4 5 6 7 8 9 10 11 12 
13 14 15 16 17 18 19 20 21 
22 23 24 25 26 27 28 29 30 
31 32 33 34 35 36 37 38 39 
40 41 42 43 44 45 46 47 48 
49 50 51 52 53 54 55 56 57 
58 59 60 61 62 1 2 3 4 
5 6 7 8 9 10 11 12 13 
14 15 16 17 18 19 20 21 22 
23 24 25 26 27 28 29 30 31 
32 33 34 35 36 37 38 39 40 
41 42 43 44 45 46 47 48 49 
50 51 52 53 54 55 56 57 58 
59 60 61 62 0 1 2 3 4 
5 6 7 8 9 10 11 12 13 
14 15 16 17 18 19 20 21 22 
23 24 25 26 27 28 29 30 31 
32 33 34 35 36 37 38 39 40 
41 42 43 44 45 46 47 48 49 
50 51 52 53 54 55 56 57 58 
59 60 61 62 1 2 3 4 5 
6 7 8 9 10 11 12 13 14 
15 16 17 18 19 20 21 22 23 
24 25 26 27 28 29 30 31 32 
33 34 35 36 37 38 39 40 41 
42 43 44 45 46 47 48 49 50 
51 52 53 54 55 56 57 58 59 
60 61 62 1 2 3 4 5 6 
7 8 9 10 11 12 13 14 15 
16 17 18 19 20 21 22 23 24 
25 26 27 28 29 30 31 32 33 
34 35 36 37 38 39 40 41 42 
43 44 45 46 47 48 49 50 51 
52 53 54 55 56 57 58 59 60 
61 62 2 3 4 5 6 7 8 
9 10 11 12 13 14 15 16 17 
18 19 20 21 22 23 24 25 26 
27 28 29 30 31 32 33 34 35 
36 37 38 39 40 41 42 43 44 
45 46 47 48 49 50 51 52 53 
54 55 56 57 58 0 1 2 3 
4 5 6 7 8 9 10 11 12 
13 14 15 16 17 18 19 20 21 
22 23 24 25 26 27 28 29 30 
31 32 33 34 35 36 37 38 39 
40 41 42 43 44 45 46 47 48 
49 50 51 52 53 54 55 56 57 
58 59 60 61 62 0 1 2 3 
4 5 6 7 8 9 10 11 12 
13 14 15 16 17 18 19 20 21 
22 23 24 25 26 27 28 29 30 
31 32 33 34 35 36 37 38 39 
40 41 42 43 44 45 46 47 48 
49 50 51 52 53 54 55 56 57 
58 59 60 61 62 0 1 2 3 
4 5 6 7 8 9 10 11 12 
13 14 15 16 17 18 19 20 21 
22 23 24 25 26 27 28 29 30 
31 32 33 34 35 36 37 38 39 
40 41 42 43 44 45 46 47 48 
49 50 51 52 53 54 55 56 57 
58 59 60 61 62 0 1 2 3 
4 5 6 7 8 9 10 11 12 
13 14 15 16 17 18 19 20 21 
22 23 24 25 26 27 28 29 30 
31 32 33 34 35 36 37 38 39 
40 41 42 43 44 45 46 47 48 
49 50 51 52 53 54 55 56 57 
58 59 60 61 62 1 2 3 4 
5 6 7 8 9 10 11 12 13 
14 15 16 17 18 19 20 21 22 
23 24 25 26 27 28 29 30 31 
32 33 34 35 36 37 38 39 40 
41 42 43 44 45 46 47 48 49 
50 51 52 53 54 55 56 57 58 
59 60 61 62 0 1 2 3 4 
5 6 7 8 9 10 11 12 13 
14 15 16 17 18 19 20 21 22 
23 24 25 26 27 28 29 30 31 
32 33 34 35 36 37 38 39 40 
41 42 43 44 45 46 47 48 49 
50 51 52 53 54 55 56 57 58 
59 60 61 62 1 2 3 4 5 
6 7 8 9 10 11 12 13 14 
15 16 17 18 19 20 21 22 23 
24 25 26 27 28 29 30 31 32 
33 34 35 36 37 38 39 40 41 
42 43 44 45 46 47 48 49 50 
51 52 53 54 55 56 57 58 59 
60 61 62 0 1 2 3 4 5 
6 7 8 9 10 11 12 13 14 
15 16 17 18 19 20 21 22 23 
24 25 26 27 28 29 30 31 32 
33 34 35 36 37 38 39 40 41 
42 43 44 45 46 47 48 49 50 
51 52 53 54 55 56 57 58 59 
60 61 62 1 2 3 4 5 6 
7 8 9 10 11 12 13 14 15 
16 17 18 19 20 21 22 23 24 
25 26 27 28 29 30 31 32 33 
34 35 36 37 38 39 40 41 42 
43 44 45 46 47 48 49 50 51 
52 53 54 55 56 57 58 59 0 
1 2 3 4 5 6 7 8 9 
10 11 12 13 14 15 16 17 18 
19 20 21 22 23 24 25 26 27 
28 29 30 31 32 33 34 35 36 
37 38 39 40 41 42 43 44 45 
46 47 48 49 50 51 52 53 54 
55 56 57 58 59 60 61 62 0 
1 2 3 4 5 6 7 8 9 
10 11 12 13 14 15 16 17 18 
19 20 21 22 23 24 25 26 27 
28 29 30 31 32 33 34 35 36 
37 38 39 40 41 42 43 44 45 
46 47 48 49 50 51 52 53 54 
55 56 57 58 59 60 61 62 0 
1 2 3 4 5 6 7 8 9 
10 11 12 13 14 15 16 17 18 
19 20 21 22 23 24 25 26 27 
28 29 30 31 32 33 34 35 36 
37 38 39 40 41 42 43 44 45 
46 47 48 49 50 51 52 53 54 
55 56 57 58 59 60 61 0 1 
2 3 4 5 6 7 8 9 10 
11 12 13 14 15 16 17 18 19 
20 21 22 23 24 25 26 27 28 
29 30 31 32 33 34 35 36 37 
38 39 40 41 42 43 44 45 46 
47 48 49 50 51 52 53 54 55 
56 57 58 59 60 61 62 1 2 
3 4 5 6 7 8 9 10 11 
12 13 14 15 16 17 18 19 20 
21 22 23 24 25 26 27 28 29 
30 31 32 33 34 35 36 37 38 
39 40 41 42 43 44 45 46 47 
48 49 50 51 52 53 54 55 56 
57 58 59 60 61 62 1 2 3 
4 5 6 7 8 9 10 11 12 
13 14 15 16 17 18 19 20 21 
22 23 24 25 26 27 28 29 30 
31 32 33 34 35 36 37 38 39 
40 41 42 43 44 45 46 47 48 
49 50 51 52 53 54 55 56 57 
58 59 60 61 1 2 3 4 5 
6 7 8 9 10 11 12 13 14 
15 16 17 18 19 20 21 22 23 
24 25 26 27 28 29 30 31 32 
33 34 35 36 37 38 39 40 41 
42 43 44 45 46 47 48 49 50 
51 52 53 54 55 56 57 58 59 
60 61 62 1 2 3 4 5 6 
7 8 9 10 11 12 13 14 15 
16 17 18 19 20 21 22 23 24 
25 26 27 28 29 30 31 32 33 
34 35 36 37 38 39 40 41 42 
43 44 45 46 47 48 49 50 51 
52 53 54 55 56 57 58 59 60 
61 62 1 2 3 4 5 6 7 
8 9 10 11 12 13 14 15 16 
17 18 19 20 21 22 23 24 25 
26 27 28 29 30 31 32 33 34 
35 36 37 38 39 40 41 42 43 
44 45 46 47 48 49 50 51 52 
53 54 55 56 57 58 59 60 61 
62 1 2 3 4 5 6 7 8 
9 10 11 12 13 14 15 16 17 
18 19 20 21 22 23 24 25 26 
27 28 29 30 31 32 33 34 35 
36 37 38 39 40 41 42 43 44 
45 46 47 48 49 50 51 52 53 
54 55 56 57 58 59 60 61 62 
2 3 4 5 6 7 8 9 10 
11 12 13 14 15 16 17 18 19 
20 21 22 23 24 25 26 27 28 
29 30 31 32 33 34 35 36 37 
38 39 40 41 42 43 44 45 46 
47 48 49 50 51 52 53 54 55 
56 57 58 1 2 3 4 5 6 
7 8 9 10 11 12 13 14 15 
16 17 18 19 20 21 22 23 24 
25 26 27 28 29 30 31 32 33 
34 35 36 37 38 39 40 41 42 
43 44 45 46 47 48 49 50 51 
52 53 54 55 56 57 58 59 60 
61 62 0 1 2 3 4 5 6 
7 8 9 10 11 12 13 14 15 
16 17 18 19 20 21 22 23 24 
25 26 27 28 29 30 31 32 33 
34 35 36 37 38 39 40 41 42 
43 44 45 46 47 48 49 50 51 
52 53 54 55 56 57 58 59 60 
61 62 0 1 2 3 4 5 6 
7 8 9 10 11 12 13 14 15 
16 17 18 19 20 21 22 23 24 
25 26 27 28 29 30 31 32 33 
34 35 36 37 38 39 40 41 42 
43 44 45 46 47 48 49 50 51 
52 53 54 55 56 57 58 59 60 
61 62 0 1 2 3 4 5 6 
7 8 9 10 11 12 13 14 15 
16 17 18 19 20 21 22 23 24 
25 26 27 28 29 30 31 32 33 
34 35 36 37 38 39 40 41 42 
43 44 45 46 47 48 49 50 51 
52 53 54 55 56 57 58 59 60 
61 62 1 2 3 4 5 6 7 
8 9 10 11 12 13 14 15 16 
17 18 19 20 21 22 23 24 25 
26 27 28 29 30 31 32 33 34 
35 36 37 38 39 40 41 42 43 
44 45 46 47 48 49 50 51 52 
53 54 55 56 57 58 59 60 61 
62 1 2 3 4 5 6 7 8 
9 10 11 12 13 14 15 16 17 
18 19 20 21 22 23 24 25 26 
27 28 29 30 31 32 33 34 35 
36 37 38 39 40 41 42 43 44 
45 46 47 48 49 50 51 52 53 
54 55 56 57 58 59 2 3 4 
5 6 7 8 9 10 11 12 13 
14 15 16 17 18 19 20 21 22 
23 24 25 26 27 28 29 30 31 
32 33 34 35 36 37 38 39 40 
41 42 43 44 45 46 47 48 49 
50 51 52 53 54 55 56 57 58 
59 60 61 62 0 1 2 3 4 
5 6 7 8 9 10 11 12 13 
14 15 16 17 18 19 20 21 22 
23 24 25 26 27 28 29 30 31 
32 33 34 35 36 37 38 39 40 
41 42 43 44 45 46 47 48 49 
50 51 52 53 54 55 56 57 58 
59 60 61 62 0 1 2 3 4 
5 6 7 8 9 10 11 12 13 
14 15 16 17 18 19 20 21 22 
23 24 25 26 27 28 29 30 31 
32 33 34 35 36 37 38 39 40 
41 42 43 44 45 46 47 48 49 
50 51 52 53 54 55 56 57 58 
59 60 61 62 1 2 3 4 5 
6 7 8 9 10 11 12 13 14 
15 16 17 18 19 20 21 22 23 
24 25 26 27 28 29 30 31 32 
33 34 35 36 37 38 39 40 41 
42 43 44 45 46 47 48 49 50 
51 52 53 54 55 56 57 58 59 
60 61 0 1 2 3 4 5 6 
7 8 9 10 11 12 13 14 15 
16 17 18 19 20 21 22 23 24 
25 26 27 28 29 30 31 32 33 
34 35 36 37 38 39 40 41 42 
43 44 45 46 47 48 49 50 51 
52 53 54 55 56 57 58 59 60 
61 62 2 3 4 5 6 7 8 
9 10 11 12 13 14 15 16 17 
18 19 20 21 22 23 24 25 26 
27 28 29 30 31 32 33 34 35 
36 37 38 39 40 41 42 43 44 
45 46 47 48 49 50 51 52 53 
54 55 56 57 58 59 0 1 2 
3 4 5 6 7 8 9 10 11 
12 13 14 15 16 17 18 19 20 
21 22 23 24 25 26 27 28 29 
30 31 32 33 34 35 36 37 38 
39 40 41 42 43 44 45 46 47 
48 49 50 51 52 53 54 55 56 
57 58 59 60 61 62 0 1 2 
3 4 5 6 7 8 9 10 11 
12 13 14 15 16 17 18 19 20 
21 22 23 24 25 26 27 28 29 
30 31 32 33 34 35 36 37 38 
39 40 41 42 43 44 45 46 47 
48 49 50 51 52 53 54 55 56 
57 58 59 60 61 62 1 2 3 
4 5 6 7 8 9 10 11 12 
13 14 15 16 17 18 19 20 21 
22 23 24 25 26 27 28 29 30 
31 32 33 34 35 36 37 38 39 
40 41 42 43 44 45 46 47 48 
49 50 51 52 53 54 55 56 57 
58 59 60 61 62 0 1 2 3 
4 5 6 7 8 9 10 11 12 
13 14 15 16 17 18 19 20 21 
22 23 24 25 26 27 28 29 30 
31 32 33 34 35 36 37 38 39 
40 41 42 43 44 45 46 47 48 
49 50 51 52 53 54 55 56 57 
58 59 60 61 62 1 2 3 4 
5 6 7 8 9 10 11 12 13 
14 15 16 17 18 19 20 21 22 
23 24 25 26 27 28 29 30 31 
32 33 34 35 36 37 38 39 40 
41 42 43 44 45 46 47 48 49 
50 51 52 53 54 55 56 57 58 
59 60 0 1 2 3 4 5 6 
7 8 9 10 11 12 13 14 15 
16 17 18 19 20 21 22 23 24 
25 26 27 28 29 30 31 32 33 
34 35 36 37 38 39 40 41 42 
43 44 45 46 47 48 49 50 51 
52 53 54 55 56 57 58 59 60 
61 62 0 1 2 3 4 5 6 
7 8 9 10 11 12 13 14 15 
16 17 18 19 20 21 22 23 24 
25 26 27 28 29 30 31 32 33 
34 35 36 37 38 39 40 41 42 
43 44 45 46 47 48 49 50 51 
52 53 54 55 56 57 58 59 60 
61 62 2 3 4 5 6 7 8 
9 10 11 12 13 14 15 16 17 
18 19 20 21 22 23 24 25 26 
27 28 29 30 31 32 33 34 35 
36 37 38 39 40 41 42 43 44 
45 46 47 48 49 50 51 52 53 
54 55 56 57 58 0 1 2 3 
4 5 6 7 8 9 10 11 12 
13 14 15 16 17 18 19 20 21 
22 23 24 25 26 27 28 29 30 
31 32 33 34 35 36 37 38 39 
40 41 42 43 44 45 46 47 48 
49 50 51 52 53 54 55 56 57 
58 59 60 61 1 2 3 4 5 
6 7 8 9 10 11 12 13 14 
15 16 17 18 19 20 21 22 23 
24 25 26 27 28 29 30 31 32 
33 34 35 36 37 38 39 40 41 
42 43 44 45 46 47 48 49 50 
51 52 53 54 55 56 57 58 59 
60 61 62 0 1 2 3 4 5 
6 7 8 9 10 11 12 13 14 
15 16 17 18 19 20 21 22 23 
24 25 26 27 28 29 30 31 32 
33 34 35 36 37 38 39 40 41 
42 43 44 45 46 47 48 49 50 
51 52 53 54 55 56 57 58 59 
60 61 62 0 1 2 3 4 5 
6 7 8 9 10 11 12 13 14 
15 16 17 18 19 20 21 22 23 
24 25 26 27 28 29 30 31 32 
33 34 35 36 37 38 39 40 41 
42 43 44 45 46 47 48 49 50 
51 52 53 54 55 56 57 58 59 
60 61 62 0 1 2 3 4 5 
6 7 8 9 10 11 12 13 14 
15 16 17 18 19 20 21 22 23 
24 25 26 27 28 29 30 31 32 
33 34 35 36 37 38 39 40 41 
42 43 44 45 46 47 48 49 50 
51 52 53 54 55 56 57 58 59 
60 61 62 1 2 3 4 5 6 
7 8 9 10 11 12 13 14 15 
16 17 18 19 20 21 22 23 24 
25 26 27 28 29 30 31 32 33 
34 35 36 37 38 39 40 41 42 
43 44 45 46 47 48 49 50 51 
52 53 54 55 56 57 58 59 60 
61 62 1 2 3 4 5 6 7 
8 9 10 11 12 13 14 15 16 
17 18 19 20 21 22 23 24 25 
26 27 28 29 30 31 32 33 34 
35 36 37 38 39 40 41 42 43 
44 45 46 47 48 49 50 51 52 
53 54 55 56 57 58 59 0 1 
2 3 4 5 6 7 8 9 10 
11 12 13 14 15 16 17 18 19 
20 21 22 23 24 25 26 27 28 
29 30 31 32 33 34 35 36 37 
38 39 40 41 42 43 44 45 46 
47 48 49 50 51 52 53 54 55 
56 57 58 59 60 61 62 0 1 
2 3 4 5 6 7 8 9 10 
11 12 13 14 15 16 17 18 19 
20 21 22 23 24 25 26 27 28 
29 30 31 32 33 34 35 36 37 
38 39 40 41 42 43 44 45 46 
47 48 49 50 51 52 53 54 55 
56 57 58 59 60 61 62 1 2 
3 4 5 6 7 8 9 10 11 
12 13 14 15 16 17 18 19 20 
21 22 23 24 25 26 27 28 29 
30 31 32 33 34 35 36 37 38 
39 40 41 42 43 44 45 46 47 
48 49 50 51 52 53 54 55 56 
57 58 59 60 1 2 3 4 5 
6 7 8 9 10 11 12 13 14 
15 16 17 18 19 20 21 22 23 
24 25 26 27 28 29 30 31 32 
33 34 35 36 37 38 39 40 41 
42 43 44 45 46 47 48 49 50 
51 52 53 54 55 56 57 58 59 
60 2 3 4 5 6 7 8 9 
10 11 12 13 14 15 16 17 18 
19 20 21 22 23 24 25 26 27 
28 29 30 31 32 33 34 35 36 
37 38 39 40 41 42 43 44 45 
46 47 48 49 50 51 52 53 54 
55 56 57 58 1 2 3 4 5 
6 7 8 9 10 11 12 13 14 
15 16 17 18 19 20 21 22 23 
24 25 26 27 28 29 30 31 32 
33 34 35 36 37 38 39 40 41 
42 43 44 45 46 47 48 49 50 
51 52 53 54 55 56 57 58 59 
60 61 0 1 2 3 4 5 6 
7 8 9 10 11 12 13 14 15 
16 17 18 19 20 21 22 23 24 
25 26 27 28 29 30 31 32 33 
34 35 36 37 38 39 40 41 42 
43 44 45 46 47 48 49 50 51 
52 53 54 55 56 57 58 59 60 
61 62 2 3 4 5 6 7 8 
9 10 11 12 13 14 15 16 17 
18 19 20 21 22 23 24 25 26 
27 28 29 30 31 32 33 34 35 
36 37 38 39 40 41 42 43 44 
45 46 47 48 49 50 51 52 53 
54 55 56 57 58 1 2 3 4 
5 6 7 8 9 10 11 12 13 
14 15 16 17 18 19 20 21 22 
23 24 25 26 27 28 29 30 31 
32 33 34 35 36 37 38 39 40 
41 42 43 44 45 46 47 48 49 
50 51 52 53 54 55 56 57 58 
59 60 61 2 3 4 5 6 7 
8 9 10 11 12 13 14 15 16 
17 18 19 20 21 22 23 24 25 
26 27 28 29 30 31 32 33 34 
35 36 37 38 39 40 41 42 43 
44 45 46 47 48 49 50 51 52 
53 54 55 56 57 58 0 1 2 
3 4 5 6 7 8 9 10 11 
12 13 14 15 16 17 18 19 20 
21 22 23 24 25 26 27 28 29 
30 31 32 33 34 35 36 37 38 
39 40 41 42 43 44 45 46 47 
48 49 50 51 52 53 54 55 56 
57 58 59 60 61 62 2 3 4 
5 6 7 8 9 10 11 12 13 
14 15 16 17 18 19 20 21 22 
23 24 25 26 27 28 29 30 31 
32 33 34 35 36 37 38 39 40 
41 42 43 44 45 46 47 48 49 
50 51 52 53 54 55 56 57 58 
1 2 3 4 5 6 7 8 9 
10 11 12 13 14 15 16 17 18 
19 20 21 22 23 24 25 26 27 
28 29 30 31 32 33 34 35 36 
37 38 39 40 41 42 43 44 45 
46 47 48 49 50 51 52 53 54 
55 56 57 58 59 60 61 62 2 
3 4 5 6 7 8 9 10 11 
12 13 14 15 16 17 18 19 20 
21 22 23 24 25 26 27 28 29 
30 31 32 33 34 35 36 37 38 
39 40 41 42 43 44 45 46 47 
48 49 50 51 52 53 54 55 56 
57 58 59 0 1 2 3 4 5 
6 7 8 9 10 11 12 13 14 
15 16 17 18 19 20 21 22 23 
24 25 26 27 28 29 30 31 32 
33 34 35 36 37 38 39 40 41 
42 43 44 45 46 47 48 49 50 
51 52 53 54 55 56 57 58 59 
60 61 62 0 1 2 3 4 5 
6 7 8 9 10 11 12 13 14 
15 16 17 18 19 20 21 22 23 
24 25 26 27 28 29 30 31 32 
33 34 35 36 37 38 39 40 41 
42 43 44 45 46 47 48 49 50 
51 52 53 54 55 56 57 58 59 
60 61 62 1 2 3 4 5 6 
7 8 9 10 11 12 13 14 15 
16 17 18 19 20 21 22 23 24 
25 26 27 28 29 30 31 32 33 
34 35 36 37 38 39 40 41 42 
43 44 45 46 47 48 49 50 51 
52 53 54 55 56 57 58 59 60 
61 62 0 1 2 3 4 5 6 
7 8 9 10 11 12 13 14 15 
16 17 18 19 20 21 22 23 24 
25 26 27 28 29 30 31 32 33 
34 35 36 37 38 39 40 41 42 
43 44 45 46 47 48 49 50 51 
52 53 54 55 56 57 58 59 60 
61 62 1 2 3 4 5 6 7 
8 9 10 11 12 13 14 15 16 
17 18 19 20 21 22 23 24 25 
26 27 28 29 30 31 32 33 34 
35 36 37 38 39 40 41 42 43 
44 45 46 47 48 49 50 51 52 
53 54 55 56 57 58 59 60 61 
62 1 2 3 4 5 6 7 8 
9 10 11 12 13 14 15 16 17 
18 19 20 21 22 23 24 25 26 
27 28 29 30 31 32 33 34 35 
36 37 38 39 40 41 42 43 44 
45 46 47 48 49 50 51 52 53 
54 55 56 57 58 59 1 2 3 
4 5 6 7 8 9 10 11 12 
13 14 15 16 17 18 19 20 21 
22 23 24 25 26 27 28 29 30 
31 32 33 34 35 36 37 38 39 
40 41 42 43 44 45 46 47 48 
49 50 51 52 53 54 55 56 57 
58 59 60 61 62 0 1 2 3 
4 5 6 7 8 9 10 11 12 
13 14 15 16 17 18 19 20 21 
22 23 24 25 26 27 28 29 30 
31 32 33 34 35 36 37 38 39 
40 41 42 43 44 45 46 47 48 
49 50 51 52 53 54 55 56 57 
58 59 60 61 62 1 2 3 4 
5 6 7 8 9 10 11 12 13 
14 15 16 17 18 19 20 21 22 
23 24 25 26 27 28 29 30 31 
32 33 34 35 36 37 38 39 40 
41 42 43 44 45 46 47 48 49 
50 51 52 53 54 55 56 57 58 
59 60 61 62 0 1 2 3 4 
5 6 7 8 9 10 11 12 13 
14 15 16 17 18 19 20 21 22 
23 24 25 26 27 28 29 30 31 
32 33 34 35 36 37 38 39 40 
41 42 43 44 45 46 47 48 49 
50 51 52 53 54 55 56 57 58 
59 60 61 62 0 1 2 3 4 
5 6 7 8 9 10 11 12 13 
14 15 16 17 18 19 20 21 22 
23 24 25 26 27 28 29 30 31 
32 33 34 35 36 37 38 39 40 
41 42 43 44 45 46 47 48 49 
50 51 52 53 54 55 56 57 58 
59 60 61 62 0 1 2 3 4 
5 6 7 8 9 10 11 12 13 
14 15 16 17 18 19 20 21 22 
23 24 25 26 27 28 29 30 31 
32 33 34 35 36 37 38 39 40 
41 42 43 44 45 46 47 48 49 
50 51 52 53 54 55 56 57 58 
59 60 61 62 2 3 4 5 6 
7 8 9 10 11 12 13 14 15 
16 17 18 19 20 21 22 23 24 
25 26 27 28 29 30 31 32 33 
34 35 36 37 38 39 40 41 42 
43 44 45 46 47 48 49 50 51 
52 53 54 55 56 57 58 0 1 
2 3 4 5 6 7 8 9 10 
11 12 13 14 15 16 17 18 19 
20 21 22 23 24 25 26 27 28 
29 30 31 32 33 34 35 36 37 
38 39 40 41 42 43 44 45 46 
47 48 49 50 51 52 53 54 55 
56 57 58 59 60 61 2 3 4 
5 6 7 8 9 10 11 12 13 
14 15 16 17 18 19 20 21 22 
23 24 25 26 27 28 29 30 31 
32 33 34 35 36 37 38 39 40 
41 42 43 44 45 46 47 48 49 
50 51 52 53 54 55 56 57 58 
59 1 2 3 4 5 6 7 8 
9 10 11 12 13 14 15 16 17 
18 19 20 21 22 23 24 25 26 
27 28 29 30 31 32 33 34 35 
36 37 38 39 40 41 42 43 44 
45 46 47 48 49 50 51 52 53 
54 55 56 57 58 59 1 2 3 
4 5 6 7 8 9 10 11 12 
13 14 15 16 17 18 19 20 21 
22 23 24 25 26 27 28 29 30 
31 32 33 34 35 36 37 38 39 
40 41 42 43 44 45 46 47 48 
49 50 51 52 53 54 55 56 57 
58 59 60 61 62 2 3 4 5 
6 7 8 9 10 11 12 13 14 
15 16 17 18 19 20 21 22 23 
24 25 26 27 28 29 30 31 32 
33 34 35 36 37 38 39 40 41 
42 43 44 45 46 47 48 49 50 
51 52 53 54 55 56 57 58 0 
1 2 3 4 5 6 7 8 9 
10 11 12 13 14 15 16 17 18 
19 20 21 22 23 24 25 26 27 
28 29 30 31 32 33 34 35 36 
37 38 39 40 41 42 43 44 45 
46 47 48 49 50 51 52 53 54 
55 56 57 58 59 60 61 62 1 
2 3 4 5 6 7 8 9 10 
11 12 13 14 15 16 17 18 19 
20 21 22 23 24 25 26 27 28 
29 30 31 32 33 34 35 36 37 
38 39 40 41 42 43 44 45 46 
47 48 49 50 51 52 53 54 55 
56 57 58 59 1 2 3 4 5 
6 7 8 9 10 11 12 13 14 
15 16 17 18 19 20 21 22 23 
24 25 26 27 28 29 30 31 32 
33 34 35 36 37 38 39 40 41 
42 43 44 45 46 47 48 49 50 
51 52 53 54 55 56 57 58 59 
60 61 62 1 2 3 4 5 6 
7 8 9 10 11 12 13 14 15 
16 17 18 19 20 21 22 23 24 
25 26 27 28 29 30 31 32 33 
34 35 36 37 38 39 40 41 42 
43 44 45 46 47 48 49 50 51 
52 53 54 55 56 57 58 59 60 
1 2 3 4 5 6 7 8 9 
10 11 12 13 14 15 16 17 18 
19 20 21 22 23 24 25 26 27 
28 29 30 31 32 33 34 35 36 
37 38 39 40 41 42 43 44 45 
46 47 48 49 50 51 52 53 54 
55 56 57 58 59 60 61 62 1 
2 3 4 5 6 7 8 9 10 
11 12 13 14 15 16 17 18 19 
20 21 22 23 24 25 26 27 28 
29 30 31 32 33 34 35 36 37 
38 39 40 41 42 43 44 45 46 
47 48 49 50 51 52 53 54 55 
56 57 58 59 2 3 4 5 6 
7 8 9 10 11 12 13 14 15 
16 17 18 19 20 21 22 23 24 
25 26 27 28 29 30 31 32 33 
34 35 36 37 38 39 40 41 42 
43 44 45 46 47 48 49 50 51 
52 53 54 55 56 57 58 1 2 
3 4 5 6 7 8 9 10 11 
12 13 14 15 16 17 18 19 20 
21 22 23 24 25 26 27 28 29 
30 31 32 33 34 35 36 37 38 
39 40 41 42 43 44 45 46 47 
48 49 50 51 52 53 54 55 56 
57 58 59 2 3 4 5 6 7 
8 9 10 11 12 13 14 15 16 
17 18 19 20 21 22 23 24 25 
26 27 28 29 30 31 32 33 34 
35 36 37 38 39 40 41 42 43 
44 45 46 47 48 49 50 51 52 
53 54 55 56 57 58 1 2 3 
4 5 6 7 8 9 10 11 12 
13 14 15 16 17 18 19 20 21 
22 23 24 25 26 27 28 29 30 
31 32 33 34 35 36 37 38 39 
40 41 42 43 44 45 46 47 48 
49 50 51 52 53 54 55 56 57 
58 59 60 61 62 0 1 2 3 
4 5 6 7 8 9 10 11 12 
13 14 15 16 17 18 19 20 21 
22 23 24 25 26 27 28 29 30 
31 32 33 34 35 36 37 38 39 
40 41 42 43 44 45 46 47 48 
49 50 51 52 53 54 55 56 57 
58 59 60 61 62 0 1 2 3 
4 5 6 7 8 9 10 11 12 
13 14 15 16 17 18 19 20 21 
22 23 24 25 26 27 28 29 30 
31 32 33 34 35 36 37 38 39 
40 41 42 43 44 45 46 47 48 
49 50 51 52 53 54 55 56 57 
58 59 60 61 62 1 2 3 4 
5 6 7 8 9 10 11 12 13 
14 15 16 17 18 19 20 21 22 
23 24 25 26 27 28 29 30 31 
32 33 34 35 36 37 38 39 40 
41 42 43 44 45 46 47 48 49 
50 51 52 53 54 55 56 57 58 
59 60 1 2 3 4 5 6 7 
8 9 10 11 12 13 14 15 16 
17 18 19 20 21 22 23 24 25 
26 27 28 29 30 31 32 33 34 
35 36 37 38 39 40 41 42 43 
44 45 46 47 48 49 50 51 52 
53 54 55 56 57 58 59 60 61 
0 1 2 3 4 5 6 7 8 
9 10 11 12 13 14 15 16 17 
18 19 20 21 22 23 24 25 26 
27 28 29 30 31 32 33 34 35 
36 37 38 39 40 41 42 43 44 
45 46 47 48 49 50 51 52 53 
54 55 56 57 58 59 60 61 62 
0 1 2 3 4 5 6 7 8 
9 10 11 12 13 14 15 16 17 
18 19 20 21 22 23 24 25 26 
27 28 29 30 31 32 33 34 35 
36 37 38 39 40 41 42 43 44 
45 46 47 48 49 50 51 52 53 
54 55 56 57 58 59 60 61 62 
0 1 2 3 4 5 6 7 8 
9 10 11 12 13 14 15 16 17 
18 19 20 21 22 23 24 25 26 
27 28 29 30 31 32 33 34 35 
36 37 38 39 40 41 42 43 44 
45 46 47 48 49 50 51 52 53 
54 55 56 57 58 59 60 61 62 
1 2 3 4 5 6 7 8 9 
10 11 12 13 14 15 16 17 18 
19 20 21 22 23 24 25 26 27 
28 29 30 31 32 33 34 35 36 
37 38 39 40 41 42 43 44 45 
46 47 48 49 50 51 52 53 54 
55 56 57 58 59 60 61 62 1 
2 3 4 5 6 7 8 9 10 
11 12 13 14 15 16 17 18 19 
20 21 22 23 24 25 26 27 28 
29 30 31 32 33 34 35 36 37 
38 39 40 41 42 43 44 45 46 
47 48 49 50 51 52 53 54 55 
56 57 58 59 60 61 62 1 2 
3 4 5 6 7 8 9 10 11 
12 13 14 15 16 17 18 19 20 
21 22 23 24 25 26 27 28 29 
30 31 32 33 34 35 36 37 38 
39 40 41 42 43 44 45 46 47 
48 49 50 51 52 53 54 55 56 
57 58 59 60 61 62 0 1 2 
3 4 5 6 7 8 9 10 11 
12 13 14 15 16 17 18 19 20 
21 22 23 24 25 26 27 28 29 
30 31 32 33 34 35 36 37 38 
39 40 41 42 43 44 45 46 47 
48 49 50 51 52 53 54 55 56 
57 58 59 60 61 62 0 1 2 
3 4 5 6 7 8 9 10 11 
12 13 14 15 16 17 18 19 20 
21 22 23 24 25 26 27 28 29 
30 31 32 33 34 35 36 37 38 
39 40 41 42 43 44 45 46 47 
48 49 50 51 52 53 54 55 56 
57 58 59 60 61 62 
FIELD FieldData 1
SamplingDistance2Origin 1 10806 float
-30.2642 -29.4646 -28.4648 -27.465 -26.4652 -25.4652 -24.4654 -23.4654 -22.466 
-21.4663 -20.4673 -19.4714 -18.4767 -17.4769 -16.4769 -15.4769 -14.477 -13.477 
-12.477 -11.477 -10.477 -9.47706 -8.47708 -7.4771 -6.47711 -5.47712 -4.47715 
-3.47715 -2.47718 -1.4772 -0.477475 0.682141 1.4818 2.48174 3.48171 4.48174 
5.48173 6.48172 7.4817 8.48172 9.4817 10.4817 11.4817 12.4817 13.4816 
14.4814 15.4811 16.4811 17.4811 18.481 19.481 20.4749 21.4715 22.4713 
23.4711 24.4711 25.471 26.471 27.4708 28.4708 29.4708 30.4707 -31.4589 
-30.4593 -29.4596 -28.4597 -27.4601 -26.4602 -25.4603 -24.4603 -23.4604 -22.4606 
-21.4615 -20.4618 -19.4695 -18.4786 -17.4786 -16.4786 -15.4787 -14.4787 -13.4787 
-12.4787 -11.4787 -10.4787 -9.47872 -8.47875 -7.47875 -6.4788 -5.47883 -4.4788 
-3.47886 -2.47885 -1.47886 -0.879014 0.651437 1.45105 2.45099 3.45095 4.45095 
5.45094 6.45093 7.45094 8.45092 9.4509 10.4509 11.4509 12.4509 13.4509 
14.4508 15.4507 16.4507 17.4506 18.4506 19.6454 20.6424 21.6423 22.642 
23.6418 24.6418 25.6416 26.6412 27.6411 28.641 29.6408 30.6405 -31.4319 
-30.4324 -29.4326 -28.4329 -27.4335 -26.4338 -25.4339 -24.434 -23.434 -22.4342 
-21.4344 -20.4366 -19.4372 -18.4379 -17.4393 -16.4393 -15.4393 -14.4393 -13.4394 
-12.4393 -11.4393 -10.4394 -9.43937 -8.43943 -7.43944 -6.43946 -5.43945 -4.43946 
-3.43952 -2.43953 -1.43957 -0.639689 0.514444 1.51431 2.51425 3.5142 4.5142 
5.51417 6.51415 7.51414 8.51413 9.5141 10.5141 11.5141 12.5141 13.5141 
14.514 15.514 16.5139 17.5136 18.5064 19.4974 20.4972 21.4968 22.4957 
23.4957 24.4956 25.4956 26.4951 27.4947 28.4946 29.4945 30.2944 -30.3679 
-29.3683 -28.3686 -27.3688 -26.3692 -25.3693 -24.3694 -23.3695 -22.3699 -21.3703 
-20.3709 -19.3715 -18.3726 -17.3727 -16.3728 -15.3728 -14.3728 -13.3729 -12.3729 
-11.3729 -10.3729 -9.37293 -8.37291 -7.37296 -6.37301 -5.37299 -4.37299 -3.37301 
-2.37299 -1.37305 -0.37324 0.665976 1.4657 2.46568 3.46563 4.46565 5.46561 
6.4656 7.46559 8.46557 9.46557 10.4656 11.4656 12.4656 13.4655 14.4655 
15.4652 16.4651 17.4651 18.465 19.465 20.4513 21.6421 22.642 23.642 
24.6419 25.6419 26.6419 27.6418 28.6418 29.6417 -31.4317 -30.4319 -29.432 
-28.4324 -27.4329 -26.4331 -25.4333 -24.4334 -23.4334 -22.4336 -21.4338 -20.4348 
-19.4363 -18.4551 -17.4654 -16.4655 -15.4656 -14.4656 -13.4656 -12.4656 -11.4656 
-10.4656 -9.46564 -8.46568 -7.46567 -6.46569 -5.46572 -4.46573 -3.46574 -2.4658 
-1.4658 -0.665882 0.460089 1.45987 2.45982 3.45976 4.45977 5.45975 6.45972 
7.45971 8.45972 9.45968 10.4597 11.4597 12.4597 13.4597 14.4596 15.4596 
16.4596 17.4593 18.4559 19.4495 20.4493 21.6487 22.6473 23.6472 24.6471 
25.6471 26.6465 27.6463 28.6462 29.6461 -31.3502 -30.5504 -29.5509 -28.5511 
-27.5514 -26.5515 -25.5517 -24.3518 -23.3518 -22.3522 -21.3526 -20.3537 -19.3546 
-18.3767 -17.3792 -16.3794 -15.3794 -14.3794 -13.3794 -12.3794 -11.3794 -10.3794 
-9.37947 -8.37949 -7.37952 -6.37956 -5.37952 -4.37958 -3.37961 -2.37966 -1.37969 
-0.579783 0.510967 1.51077 2.51075 3.51069 4.51067 5.51063 6.51063 7.51062 
8.51058 9.51058 10.5106 11.5106 12.5105 13.5105 14.5105 15.5105 16.5104 
17.5102 18.5089 19.5077 20.5076 21.5074 22.507 23.5063 24.5063 25.5061 
26.5059 27.5056 28.5056 29.5054 30.5053 -31.3839 -30.3841 -29.3845 -28.3848 
-27.3851 -26.3853 -25.3855 -24.3856 -23.3856 -22.386 -21.3869 -20.3875 -19.3922 
-18.3973 -17.3974 -16.3975 -15.3975 -14.3975 -13.3975 -12.3975 -11.3975 -10.3975 
-9.39753 -8.39756 -7.39756 -6.39755 -5.39762 -4.39759 -3.39763 -2.39763 -1.39772 
-0.797876 0.782321 1.58193 2.58184 3.58183 4.58181 5.5818 6.58178 7.58177 
8.58176 9.58175 10.5817 11.5817 12.5817 13.5817 14.5817 15.5815 16.5815 
17.5815 18.5814 19.5812 20.5806 21.5799 22.5795 23.5791 24.5791 25.579 
26.5787 27.5784 28.5783 29.5782 30.5779 -31.3586 -30.3592 -29.3596 -28.3599 
-27.3603 -26.3606 -25.3607 -24.3608 -23.3608 -22.3609 -21.3625 -20.3643 -19.3658 
-18.3824 -17.3996 -16.3997 -15.3997 -14.3997 -13.3997 -12.3997 -11.3997 -10.3997 
-9.39972 -8.39975 -7.39977 -6.39979 -5.39981 -4.39983 -3.39986 -2.39985 -1.39993 
-0.399979 0.636898 1.63679 2.63675 3.63672 4.63667 5.63665 6.63665 7.63664 
8.63662 9.63661 10.6366 11.6366 12.6366 13.6366 14.6365 15.6365 16.6365 
17.6362 18.6235 19.6182 20.6179 21.6172 22.6162 23.6159 24.6159 25.6156 
26.6151 27.6148 28.6146 29.6144 30.6142 -30.0559 -29.4559 -28.4562 -27.4563 
-26.4569 -25.4572 -24.4574 -23.4575 -22.4578 -21.4582 -20.4584 -19.4586 -18.4613 
-17.4614 -16.4615 -15.4615 -14.4615 -13.4615 -12.4616 -11.4616 -10.4616 -9.46157 
-8.46161 -7.46163 -6.46165 -5.46166 -4.4617 -3.46169 -2.46179 -1.46178 -0.461877 
0.662613 1.46245 2.46242 3.46234 4.46236 5.46233 6.46231 7.4623 8.4623 
9.46228 10.4623 11.4623 12.4623 13.4623 14.4622 15.4619 16.4618 17.4617 
18.4614 19.4612 20.46 21.4574 22.4572 23.457 24.4569 25.4569 26.4568 
27.4568 28.4566 29.4566 -31.2195 -30.4196 -29.4199 -28.4204 -27.421 -26.4211 
-25.4213 -24.4214 -23.4216 -22.4219 -21.4223 -20.4228 -19.4229 -18.4234 -17.4234 
-16.4234 -15.4235 -14.4235 -13.4235 -12.4235 -11.4235 -10.4235 -9.42353 -8.42357 
-7.4236 -6.42363 -5.42361 -4.42364 -3.42367 -2.42366 -1.42369 -0.823861 0.51252 
1.51225 2.51217 3.51211 4.5121 5.51212 6.51208 7.5121 8.51208 9.51208 
10.5121 11.5121 12.5121 13.512 14.512 15.512 16.5118 17.5117 18.5114 
19.5076 20.5005 21.5003 22.5002 23.5 24.4999 25.4998 26.4998 27.4997 
28.4994 29.4992 30.4986 -29.5274 -28.5276 -27.5277 -26.5279 -25.5281 -24.5282 
-23.5283 -22.5284 -21.5288 -20.5293 -19.5302 -18.5321 -17.5324 -16.5324 -15.5324 
-14.5325 -13.5326 -12.5327 -11.5326 -10.5327 -9.53264 -8.53263 -7.53265 -6.53272 
-5.53271 -4.53274 -3.53277 -2.53278 -1.53279 -0.532915 0.489922 1.48976 2.48972 
3.48974 4.48969 5.48966 6.48964 7.48962 8.48964 9.4896 10.4896 11.4896 
12.4896 13.4896 14.4894 15.4889 16.4888 17.4888 18.4886 19.4885 20.4867 
21.4822 22.482 23.4819 24.4815 25.4812 26.4812 27.4811 -31.2373 -30.4374 
-29.4377 -28.4379 -27.4383 -26.4386 -25.4387 -24.4388 -23.4388 -22.4391 -21.4391 
-20.4397 -19.4399 -18.4609 -17.4618 -16.462 -15.462 -14.462 -13.462 -12.4621 
-11.462 -10.4621 -9.46209 -8.46204 -7.46209 -6.46211 -5.46212 -4.46213 -3.46216 
-2.46219 -1.46219 -0.462462 0.673806 1.47343 2.47342 3.47338 4.47336 5.47333 
6.47334 7.47332 8.4733 9.47327 10.4733 11.4733 12.4733 13.4732 14.4732 
15.4731 16.473 17.473 18.473 19.4728 20.4716 21.4714 22.4711 23.4709 
24.4708 25.4706 26.4704 27.4702 28.4701 29.47 30.4696 -31.2883 -30.4883 
-29.4886 -28.4889 -27.4892 -26.4894 -25.4895 -24.4897 -23.4899 -22.4905 -21.4914 
-20.4914 -19.4952 -18.4997 -17.4999 -16.5 -15.5 -14.5 -13.5 -12.5 
-11.5 -10.5 -9.5 -8.50003 -7.50007 -6.50003 -5.50009 -4.5001 -3.50009 
-2.50009 -1.50018 -0.441598 0.61702 1.61686 2.61682 3.61678 4.61674 5.61673 
6.61672 7.6167 8.61667 9.61666 10.6166 11.6167 12.6167 13.6166 14.6165 
15.6163 16.6163 17.6161 18.6159 19.6156 20.6148 21.6147 22.6145 23.6144 
24.6144 25.6143 26.6142 27.614 28.6138 29.6135 30.6133 -30.2245 -29.4247 
-28.4251 -27.4252 -26.4257 -25.4259 -24.426 -23.4261 -22.4265 -21.427 -20.4276 
-19.4294 -18.4307 -17.4309 -16.4309 -15.4309 -14.431 -13.431 -12.4311 -11.4311 
-10.4311 -9.43108 -8.4311 -7.4311 -6.43115 -5.43114 -4.43118 -3.43117 -2.43117 
-1.43118 -0.43143 0.639439 1.63898 2.63895 3.63892 4.63894 5.63891 6.63889 
7.63889 8.63887 9.63887 10.6389 11.6389 12.6389 13.6388 14.6387 15.6385 
16.6384 17.6384 18.6382 19.638 20.6378 21.6376 22.6376 23.6376 24.6375 
25.6375 26.6375 27.6374 -30.3437 -29.5439 -28.5441 -27.5447 -26.5452 -25.5453 
-24.5454 -23.5454 -22.5457 -21.5464 -20.5485 -19.5488 -18.5492 -17.5496 -16.5496 
-15.5497 -14.5497 -13.5497 -12.5497 -11.5498 -10.5498 -9.54976 -8.54976 -7.54978 
-6.54983 -5.54984 -4.54984 -3.54986 -2.54992 -1.54998 -0.550098 0.605738 1.60563 
2.60558 3.60551 4.6055 5.60547 6.60545 7.60545 8.60543 9.60541 10.6054 
11.6054 12.6054 13.6054 14.6054 15.6053 16.6053 17.6051 18.6048 19.5713 
20.5391 21.5389 22.5388 23.5385 24.5385 25.5384 26.5382 27.5381 28.5379 
29.5377 30.5373 -31.398 -30.3981 -29.3983 -28.3986 -27.3992 -26.3994 -25.3995 
-24.3996 -23.3997 -22.3998 -21.3999 -20.4007 -19.4021 -18.4198 -17.4291 -16.4292 
-15.4293 -14.4293 -13.4293 -12.4293 -11.4293 -10.4293 -9.42933 -8.42935 -7.42935 
-6.42936 -5.42935 -4.4294 -3.42942 -2.42948 -1.42951 -0.429655 0.708407 1.50822 
2.50815 3.50813 4.5081 5.50811 6.5081 7.50807 8.50808 9.50808 10.5081 
11.5081 12.5081 13.508 14.508 15.508 16.5079 17.5079 18.5068 19.5045 
20.5041 21.5038 22.5028 23.5028 24.5027 25.5025 26.5018 27.5015 28.5014 
29.5013 30.301 -31.4139 -30.4147 -29.4151 -28.4155 -27.4159 -26.4161 -25.4163 
-24.4164 -23.4164 -22.4166 -21.4169 -20.4187 -19.4195 -18.4204 -17.4211 -16.4212 
-15.4213 -14.4213 -13.4213 -12.4213 -11.4214 -10.4214 -9.42138 -8.42142 -7.42142 
-6.42144 -5.42143 -4.42149 -3.42146 -2.42153 -1.42159 -0.421656 0.510881 1.51077 
2.51067 3.51066 4.51063 5.51062 6.51062 7.5106 8.51057 9.51055 10.5106 
11.5105 12.5105 13.5105 14.5105 15.5105 16.5104 17.51 18.51 19.5098 
20.5095 21.5088 22.5067 23.5064 24.5063 25.5061 26.5058 27.5055 28.5051 
29.505 30.5047 -30.5214 -29.5214 -28.5219 -27.5225 -26.5234 -25.5235 -24.5236 
-23.5237 -22.5239 -21.5249 -20.5262 -19.5263 -18.5442 -17.549 -16.5491 -15.5492 
-14.5491 -13.5491 -12.5492 -11.5491 -10.5491 -9.54914 -8.54913 -7.54925 -6.54925 
-5.54927 -4.54927 -3.54928 -2.54931 -1.54933 -0.549442 0.55259 1.55253 2.55242 
3.55239 4.55235 5.55233 6.55231 7.5523 8.55228 9.55225 10.5522 11.5522 
12.5522 13.5522 14.5522 15.5521 16.552 17.5516 18.5442 19.5296 20.5292 
21.5285 22.5281 23.5278 24.5277 25.5276 26.5273 27.527 28.5268 29.5266 
30.3263 -31.404 -30.4043 -29.4046 -28.4049 -27.4051 -26.4053 -25.4055 -24.4056 
-23.4057 -22.4058 -21.4059 -20.4075 -19.4099 -18.4283 -17.4523 -16.4524 -15.4524 
-14.4524 -13.4524 -12.4524 -11.4524 -10.4524 -9.45243 -8.45244 -7.45249 -6.45248 
-5.45249 -4.45253 -3.45256 -2.45261 -1.4526 -0.452707 0.550923 1.55084 2.5508 
3.55074 4.55069 5.55069 6.55068 7.55066 8.55064 9.55063 10.5506 11.5506 
12.5506 13.5506 14.5506 15.5505 16.5505 17.5502 18.5328 19.5281 20.5278 
21.527 22.5259 23.5256 24.5255 25.5253 26.5248 27.5246 28.5244 29.5243 
30.524 -30.3002 -29.5007 -28.5011 -27.5013 -26.5019 -25.5021 -24.5023 -23.5024 
-22.5027 -21.503 -20.5032 -19.5034 -18.5181 -17.5189 -16.519 -15.519 -14.519 
-13.5191 -12.519 -11.5191 -10.5191 -9.5191 -8.51912 -7.51911 -6.51914 -5.51915 
-4.51918 -3.51918 -2.51923 -1.51928 -0.519338 0.752171 1.55204 2.55199 3.55196 
4.5519 5.55189 6.55189 7.55186 8.55185 9.55184 10.5518 11.5518 12.5518 
13.5518 14.5518 15.5518 16.5517 17.5516 18.5515 19.5155 20.4794 21.4792 
22.4789 23.4785 24.4785 25.4785 26.4783 27.4782 28.478 29.4776 30.477 
-29.4924 -28.4933 -27.4939 -26.4945 -25.4946 -24.4947 -23.4948 -22.4948 -21.496 
-20.4967 -19.4971 -18.5218 -17.5219 -16.5221 -15.5222 -14.5222 -13.5222 -12.5222 
-11.5222 -10.5222 -9.52225 -8.52229 -7.52229 -6.52232 -5.52236 -4.52239 -3.5224 
-2.52239 -1.52245 -0.522491 0.46432 1.46422 2.46417 3.46414 4.46409 5.46408 
6.46406 7.46403 8.46404 9.46399 10.464 11.464 12.464 13.464 14.4639 
15.4639 16.4639 17.4636 18.4633 19.4629 20.4628 21.4618 22.4614 23.461 
24.4609 25.4609 26.4606 27.4605 28.4604 29.4599 30.4595 -31.0187 -30.4186 
-29.4192 -28.4197 -27.4201 -26.4206 -25.4207 -24.4209 -23.4209 -22.4212 -21.4216 
-20.4232 -19.4234 -18.4372 -17.4373 -16.4374 -15.4375 -14.4375 -13.4375 -12.4375 
-11.4375 -10.4375 -9.43749 -8.43753 -7.43756 -6.43755 -5.43759 -4.43759 -3.43761 
-2.4377 -1.43763 -0.437813 0.664713 1.46457 2.4645 3.46448 4.46445 5.46444 
6.46445 7.46442 8.46441 9.46437 10.4644 11.4643 12.4644 13.4644 14.4643 
15.4643 16.4642 17.4641 18.4637 19.646 20.6458 21.6457 22.6451 23.6451 
24.645 25.6448 26.6445 27.6443 28.644 29.6437 -31.4466 -30.4469 -29.4475 
-28.4478 -27.4479 -26.4482 -25.4484 -24.4485 -23.4485 -22.4488 -21.4494 -20.4509 
-19.4525 -18.4673 -17.4746 -16.4748 -15.4748 -14.4748 -13.4748 -12.4748 -11.4748 
-10.4748 -9.47484 -8.47482 -7.4749 -6.47488 -5.47491 -4.47493 -3.47493 -2.47499 
-1.47503 -0.675084 0.578363 1.57824 2.57819 3.57816 4.57813 5.57811 6.57809 
7.57808 8.57808 9.57806 10.5781 11.578 12.578 13.578 14.578 15.578 
16.5779 17.5777 18.5718 19.5613 20.5609 21.5603 22.5593 23.5591 24.559 
25.5589 26.5584 27.5582 28.558 29.5578 30.3574 -30.1598 -29.3602 -28.3604 
-27.3606 -26.361 -25.3612 -24.3613 -23.3614 -22.3623 -21.3628 -20.3633 -19.3648 
-18.3666 -17.3667 -16.3667 -15.3668 -14.3668 -13.3668 -12.3669 -11.3669 -10.3669 
-9.36683 -8.36688 -7.3669 -6.36695 -5.36693 -4.36693 -3.367 -2.36696 -1.36701 
-0.567147 0.639862 1.63958 2.63955 3.63952 4.63952 5.6395 6.6395 7.63949 
8.63948 9.63947 10.6395 11.6394 12.6394 13.6394 14.6392 15.6389 16.6389 
17.6389 18.6388 19.6386 20.637 21.636 22.6359 23.6358 24.6358 25.6357 
26.6356 27.6355 28.6354 29.6354 30.6354 -29.1616 -28.3618 -27.3619 -26.3619 
-25.3622 -24.3623 -23.3624 -22.3625 -21.3628 -20.3634 -19.3648 -18.3654 -17.3655 
-16.3655 -15.3656 -14.3657 -13.3657 -12.3658 -11.3658 -10.3658 -9.36581 -8.3658 
-7.36584 -6.36585 -5.36588 -4.36587 -3.36591 -2.3659 -1.36593 -0.366144 0.571054 
1.57028 2.57025 3.57023 4.57021 5.5702 6.57019 7.57019 8.57018 9.57014 
10.5701 11.5701 12.5701 13.5701 14.57 15.5693 16.5691 17.569 18.569 
19.5689 20.5686 21.5684 22.5683 23.5679 24.5677 25.5674 26.5673 -30.3371 
-29.5372 -28.5375 -27.5378 -26.5385 -25.5388 -24.5389 -23.539 -22.5396 -21.54 
-20.5407 -19.5418 -18.5432 -17.5434 -16.5435 -15.5435 -14.5436 -13.5436 -12.5436 
-11.5436 -10.5436 -9.54364 -8.54364 -7.54366 -6.5437 -5.54371 -4.54373 -3.54377 
-2.54379 -1.5438 -0.543918 0.582984 1.58281 2.58276 3.58275 4.58272 5.58271 
6.5827 7.58269 8.58269 9.58265 10.5826 11.5827 12.5826 13.5826 14.5826 
15.5823 16.5822 17.5822 18.582 19.5817 20.5678 21.5609 22.5609 23.5608 
24.5608 25.5606 26.5606 27.5605 -31.2801 -30.4804 -29.4808 -28.481 -27.4813 
-26.4815 -25.4818 -24.4819 -23.4819 -22.4822 -21.4827 -20.4838 -19.4847 -18.507 
-17.5128 -16.5129 -15.5129 -14.5129 -13.513 -12.513 -11.513 -10.5129 -9.51297 
-8.51298 -7.51299 -6.51306 -5.51304 -4.51307 -3.51306 -2.51311 -1.51315 -0.713213 
0.553223 1.55308 2.55306 3.553 4.553 5.55298 6.55297 7.55295 8.55295 
9.55291 10.5529 11.5529 12.5529 13.5529 14.5529 15.5528 16.5527 17.5526 
18.5462 19.535 20.5348 21.5346 22.5336 23.5334 24.5333 25.5331 26.5327 
27.5324 28.5322 29.532 30.3317 -31.2217 -30.422 -29.4224 -28.4226 -27.423 
-26.4231 -25.4233 -24.4233 -23.4234 -22.4238 -21.4239 -20.425 -19.4256 -18.4298 
-17.43 -16.43 -15.43 -14.4301 -13.4301 -12.4301 -11.4301 -10.4302 -9.43016 
-8.43014 -7.4302 -6.43023 -5.4302 -4.43024 -3.43026 -2.43026 -1.43029 -0.630434 
0.644771 1.64432 2.64426 3.64426 4.64424 5.64422 6.64421 7.64421 8.6442 
9.64417 10.6442 11.6442 12.6442 13.6441 14.6441 15.644 16.6439 17.6439 
18.6438 19.6432 20.6427 21.6423 22.6421 23.642 24.642 25.6418 26.6414 
27.6413 28.6411 29.6409 30.6406 -30.2504 -29.4508 -28.451 -27.4513 -26.4514 
-25.4514 -24.4516 -23.4517 -22.4523 -21.4526 -20.4537 -19.4574 -18.4621 -17.4622 
-16.4623 -15.4623 -14.4623 -13.4624 -12.4624 -11.4624 -10.4624 -9.46248 -8.46247 
-7.46246 -6.46249 -5.46254 -4.46252 -3.46254 -2.46258 -1.46258 -0.462907 0.7041 
1.50357 2.50355 3.50351 4.50353 5.5035 6.50349 7.50349 8.50346 9.50346 
10.5035 11.5034 12.5035 13.5034 14.5032 15.5026 16.5026 17.5025 18.5024 
19.5024 20.5009 21.4989 22.4986 23.4985 24.4985 25.4984 26.4984 27.4982 
28.4982 29.4981 30.498 -30.3024 -29.5027 -28.5029 -27.5032 -26.5038 -25.5039 
-24.504 -23.5041 -22.5045 -21.505 -20.5057 -19.5074 -18.5103 -17.5105 -16.5106 
-15.5106 -14.5107 -13.5106 -12.5107 -11.5107 -10.5107 -9.51067 -8.5107 -7.51073 
-6.51073 -5.51075 -4.51077 -3.51077 -2.51083 -1.51087 -0.510977 0.453521 1.45324 
2.45328 3.45318 4.45318 5.45317 6.45317 7.45315 8.45314 9.45314 10.4531 
11.4531 12.4531 13.4531 14.453 15.4527 16.4526 17.4525 18.4524 19.4521 
20.4519 21.4508 22.4503 23.4502 24.4501 25.4501 26.45 27.4499 28.4498 
-30.4202 -29.4206 -28.4208 -27.421 -26.4217 -25.4219 -24.4221 -23.4222 -22.4226 
-21.423 -20.423 -19.4232 -18.439 -17.4398 -16.4399 -15.4399 -14.4399 -13.4399 
-12.4399 -11.4399 -10.44 -9.43993 -8.43999 -7.43996 -6.44001 -5.44002 -4.44007 
-3.44008 -2.44008 -1.44015 -0.44025 0.676826 1.47676 2.4767 3.47666 4.47666 
5.47659 6.47661 7.47658 8.47658 9.47656 10.4765 11.4766 12.4765 13.4765 
14.4765 15.4764 16.4764 17.4762 18.4758 19.4747 20.4742 21.474 22.4738 
23.4734 24.4733 25.4733 26.4733 27.4731 28.473 29.4726 30.4719 -31.2272 
-30.4273 -29.4277 -28.4282 -27.4288 -26.429 -25.4292 -24.4293 -23.4294 -22.4298 
-21.4305 -20.4314 -19.4314 -18.4323 -17.4324 -16.4325 -15.4325 -14.4325 -13.4325 
-12.4325 -11.4325 -10.4325 -9.43254 -8.43257 -7.43256 -6.43255 -5.43259 -4.4326 
-3.43262 -2.43262 -1.43268 -0.632888 0.794655 1.59445 2.5944 3.59437 4.59434 
5.59432 6.59431 7.5943 8.59429 9.59428 10.5943 11.5943 12.5943 13.5942 
14.5942 15.5942 16.5941 17.594 18.5938 19.5813 20.5687 21.5684 22.5682 
23.5681 24.568 25.5679 26.5676 27.5675 28.5673 29.567 30.5667 -30.3489 
-29.5491 -28.5492 -27.5495 -26.55 -25.5502 -24.5503 -23.5504 -22.5508 -21.5512 
-20.3518 -19.3551 -18.3582 -17.3584 -16.3585 -15.3585 -14.3585 -13.3585 -12.3586 
-11.3586 -10.3586 -9.35855 -8.35859 -7.35862 -6.35863 -5.35865 -4.35864 -3.35874 
-2.35874 -1.3588 -0.558893 0.597121 1.597 2.59696 3.59696 4.59692 5.59691 
6.59688 7.59688 8.59686 9.59685 10.5969 11.5969 12.5969 13.5968 14.5967 
15.5965 16.5964 17.5963 18.596 19.5957 20.5954 21.5947 22.5942 23.5941 
24.594 25.594 26.594 27.5938 28.5937 -31.4358 -30.4362 -29.4364 -28.4368 
-27.4373 -26.4376 -25.4377 -24.4378 -23.4379 -22.4381 -21.4384 -20.4405 -19.4425 
-18.4455 -17.4471 -16.4471 -15.4472 -14.4472 -13.4472 -12.4472 -11.4472 -10.4472 
-9.44727 -8.44729 -7.44734 -6.44732 -5.44732 -4.44731 -3.44737 -2.44741 -1.4474 
-0.647575 0.621837 1.62154 2.62154 3.62152 4.62147 5.62147 6.62146 7.62145 
8.62143 9.62143 10.6214 11.6214 12.6214 13.6214 14.6214 15.6213 16.6213 
17.6211 18.6193 19.6163 20.616 21.6157 22.6148 23.6146 24.6145 25.6144 
26.6139 27.6137 28.6135 29.6134 30.4131 -29.961 -29.3611 -28.3613 -27.3615 
-26.3616 -25.3619 -24.362 -23.3621 -22.3622 -21.3626 -20.3632 -19.3717 -18.3724 
-17.3725 -16.3725 -15.3726 -14.3727 -13.3727 -12.3728 -11.3727 -10.3728 -9.37276 
-8.37277 -7.3728 -6.37279 -5.37283 -4.37282 -3.3729 -2.37286 -1.37289 -0.377281 
0.613963 1.61372 2.61367 3.61367 4.61364 5.61361 6.6136 7.6136 8.61358 
9.61357 10.6136 11.6136 12.6136 13.6135 14.6134 15.6127 16.6126 17.6125 
18.6124 19.6124 20.6105 21.6083 22.6079 23.6076 24.6074 25.6072 26.6071 
27.607 -31.2659 -30.4662 -29.4666 -28.4668 -27.4673 -26.4677 -25.4679 -24.468 
-23.468 -22.4686 -21.4694 -20.4696 -19.477 -18.4894 -17.4896 -16.4896 -15.4896 
-14.4897 -13.4897 -12.4897 -11.4896 -10.4897 -9.48967 -8.48973 -7.4897 -6.48972 
-5.48975 -4.48973 -3.48976 -2.48977 -1.48984 -0.690094 0.871289 1.47106 2.47098 
3.47094 4.47091 5.47088 6.47088 7.47086 8.47085 9.47083 10.4708 11.4708 
12.4708 13.4708 14.4707 15.4706 16.4705 17.4705 18.4702 19.4699 20.4696 
21.4693 22.469 23.4689 24.4688 25.4687 26.4685 27.4683 28.4681 29.468 
30.4677 -29.2078 -28.4082 -27.4082 -26.4084 -25.4085 -24.4086 -23.4087 -22.4087 
-21.4089 -20.4094 -19.4133 -18.4136 -17.4136 -16.4136 -15.4136 -14.4138 -13.4139 
-12.4139 -11.4139 -10.4139 -9.41387 -8.41392 -7.41394 -6.41395 -5.41399 -4.41398 
-3.41404 -2.41403 -1.41406 -0.414261 0.512338 1.51204 2.51199 3.51201 4.51196 
5.51195 6.51192 7.51192 8.5119 9.51189 10.5119 11.5119 12.5119 13.5119 
14.5118 15.5112 16.511 17.511 18.5109 19.5105 20.5102 21.4617 22.6361 
23.6357 24.6355 25.6349 26.6348 -31.1986 -30.3987 -29.399 -28.3993 -27.3996 
-26.3997 -25.3999 -24.4 -23.4001 -22.4009 -21.4021 -20.4027 -19.4041 -18.4072 
-17.4072 -16.4073 -15.4073 -14.4073 -13.4074 -12.4074 -11.4074 -10.4074 -9.40738 
-8.40743 -7.40745 -6.40742 -5.40745 -4.40747 -3.4075 -2.40753 -1.40752 -0.607756 
0.585212 1.58498 2.58489 3.5849 4.58489 5.58485 6.58484 7.58484 8.58482 
9.58481 10.5848 11.5848 12.5848 13.5848 14.5846 15.5843 16.5843 17.5842 
18.584 19.5801 20.5765 21.5763 22.576 23.5757 24.5757 25.5756 26.5755 
27.5755 28.5752 29.5748 30.5742 -30.2127 -29.4131 -28.4134 -27.4136 -26.4142 
-25.4142 -24.4144 -23.4146 -22.4148 -21.4152 -20.4154 -19.4157 -18.4161 -17.4162 
-16.4162 -15.4163 -14.4162 -13.4163 -12.4163 -11.4163 -10.4163 -9.4163 -8.41634 
-7.41636 -6.4164 -5.41639 -4.41646 -3.41645 -2.41647 -1.4165 -0.416683 0.607329 
1.60709 2.60703 3.60699 4.607 5.60698 6.60699 7.60698 8.60696 9.60694 
10.6069 11.6069 12.6069 13.6069 14.6068 15.6066 16.6065 17.6065 18.6063 
19.6062 20.6062 21.6061 22.6057 23.6056 24.6056 25.6056 26.6055 27.6054 
28.6053 29.6053 -29.1394 -28.5394 -27.5397 -26.5399 -25.54 -24.5401 -23.5402 
-22.5405 -21.5412 -20.5419 -19.5423 -18.5427 -17.5428 -16.5428 -15.5428 -14.5429 
-13.543 -12.543 -11.543 -10.543 -9.54299 -8.54301 -7.543 -6.543 -5.54304 
-4.54304 -3.54307 -2.54306 -1.54309 -0.35269 0.628279 1.62814 2.62814 3.62812 
4.62808 5.62803 6.62803 7.62802 8.628 9.62799 10.628 11.628 12.628 
13.628 14.6278 15.6272 16.6271 17.627 18.6268 19.6267 20.6262 21.6259 
22.6256 23.6255 24.6252 25.625 26.625 27.6249 -30.3726 -29.3728 -28.373 
-27.3733 -26.3736 -25.3737 -24.3739 -23.3739 -22.3747 -21.3756 -20.3762 -19.3776 
-18.3808 -17.3809 -16.381 -15.381 -14.381 -13.381 -12.381 -11.381 -10.381 
-9.38103 -8.38103 -7.38108 -6.38108 -5.38111 -4.38112 -3.38115 -2.38121 -1.38118 
-0.381456 0.839826 1.6396 2.63955 3.63957 4.63951 5.63947 6.63947 7.63947 
8.63946 9.63944 10.6394 11.6394 12.6394 13.6394 14.6393 15.6392 16.6391 
17.6391 18.6389 19.6386 20.6062 21.6061 22.6058 23.6057 24.6057 25.6057 
26.6056 27.6055 28.6055 29.6053 30.4051 -30.4463 -29.4468 -28.447 -27.4474 
-26.4478 -25.4479 -24.448 -23.4481 -22.4487 -21.4493 -20.4501 -19.4508 -18.4522 
-17.4524 -16.4523 -15.4524 -14.4524 -13.4524 -12.4524 -11.4525 -10.4525 -9.45246 
-8.45246 -7.45253 -6.45252 -5.4525 -4.45258 -3.4526 -2.45259 -1.45262 -0.652831 
0.504906 1.50476 2.50472 3.50467 4.50466 5.50465 6.50464 7.50463 8.5046 
9.50458 10.5046 11.5046 12.5046 13.5045 14.5044 15.5043 16.5043 17.5042 
18.504 19.5038 20.4546 21.4545 22.4543 23.4543 24.4543 25.4542 26.4542 
27.454 28.4539 29.4537 30.2536 -31.2471 -30.4471 -29.4475 -28.4477 -27.448 
-26.4483 -25.4486 -24.4487 -23.4488 -22.4489 -21.4492 -20.4493 -19.4495 -18.4693 
-17.4728 -16.4729 -15.4729 -14.4729 -13.4729 -12.4729 -11.473 -10.473 -9.47299 
-8.47297 -7.47302 -6.47304 -5.47301 -4.47308 -3.47306 -2.47309 -1.47313 -0.473268 
0.792379 1.59214 2.59205 3.59206 4.59205 5.59204 6.59201 7.59201 8.59199 
9.59196 10.592 11.592 12.592 13.5919 14.5919 15.5918 16.5918 17.5917 
18.5916 19.5904 20.5903 21.59 22.5896 23.5889 24.5889 25.5887 26.5886 
27.5885 28.5884 29.5881 30.5878 -29.275 -28.475 -27.475 -26.4751 -25.4751 
-24.4752 -23.4753 -22.4754 -21.4758 -20.4771 -19.4777 -18.478 -17.4781 -16.4781 
-15.4781 -14.4784 -13.4786 -12.4786 -11.4787 -10.4787 -9.47868 -8.47873 -7.47871 
-6.47871 -5.47872 -4.47874 -3.47877 -2.4788 -1.47878 -0.314431 0.614278 1.61379 
2.61376 3.61378 4.61375 5.61372 6.61372 7.61371 8.61368 9.61369 10.6137 
11.6137 12.6137 13.6136 14.6135 15.6127 16.6125 17.6125 18.6124 19.6123 
20.6121 21.6053 22.6019 23.6015 24.6007 25.6003 26.6001 -29.0743 -28.4746 
-27.4746 -26.4748 -25.475 -24.4752 -23.4752 -22.4754 -21.4758 -20.4761 -19.4823 
-18.4853 -17.4853 -16.4854 -15.4854 -14.4855 -13.4855 -12.4855 -11.4856 -10.4855 
-9.48555 -8.48555 -7.48556 -6.48559 -5.4856 -4.4856 -3.48566 -2.48567 -1.48573 
-0.485787 0.470689 1.47061 2.47057 3.47048 4.47048 5.47047 6.47045 7.47042 
8.47042 9.47039 10.4704 11.4704 12.4704 13.4704 14.4702 15.4697 16.4697 
17.4697 18.4695 19.4693 20.469 21.4689 22.4687 23.4685 24.4683 25.4681 
26.468 -31.2258 -30.4259 -29.4262 -28.4267 -27.4273 -26.4273 -25.4275 -24.4276 
-23.4277 -22.4283 -21.4288 -20.4291 -19.4292 -18.4308 -17.4309 -16.4309 -15.4309 
-14.431 -13.431 -12.431 -11.431 -10.431 -9.43104 -8.43102 -7.43108 -6.43109 
-5.43106 -4.4311 -3.43111 -2.43112 -1.43114 -0.631433 0.909347 1.50901 2.50897 
3.50898 4.50892 5.5089 6.50887 7.50887 8.50886 9.50884 10.5088 11.5088 
12.5088 13.5088 14.5088 15.5086 16.5086 17.5085 18.5083 19.5079 20.4925 
21.4924 22.4921 23.4917 24.4915 25.4914 26.4913 27.4911 28.491 29.4907 
30.4903 -31.3451 -30.5457 -29.546 -28.5464 -27.5468 -26.547 -25.5472 -24.5472 
-23.5473 -22.5474 -21.5474 -20.5483 -19.5495 -18.3557 -17.3588 -16.3587 -15.3588 
-14.3588 -13.3588 -12.3588 -11.3588 -10.3588 -9.35881 -8.35886 -7.35887 -6.35891 
-5.35892 -4.35893 -3.35893 -2.35898 -1.35901 -0.559133 0.533093 1.5329 2.53282 
3.5328 4.53281 5.53278 6.53277 7.53276 8.53276 9.53274 10.5327 11.5327 
12.5327 13.5327 14.5327 15.5326 16.5326 17.5325 18.5312 19.53 20.5298 
21.5296 22.5296 23.5293 24.5292 25.5291 26.5286 27.5284 28.5282 29.5281 
30.528 -30.5255 -29.526 -28.5264 -27.5266 -26.5268 -25.5269 -24.527 -23.5271 
-22.5276 -21.5278 -20.5283 -19.5299 -18.5335 -17.5336 -16.5337 -15.5337 -14.5337 
-13.5337 -12.5337 -11.5337 -10.5337 -9.5337 -8.53374 -7.53374 -6.53379 -5.53381 
-4.53381 -3.53382 -2.53381 -1.53385 -0.534049 0.640025 1.63942 2.63938 3.63937 
4.63938 5.63935 6.63933 7.63934 8.63933 9.63931 10.6393 11.6393 12.6393 
13.6393 14.6392 15.6389 16.6389 17.6388 18.6387 19.6383 20.6376 21.6374 
22.6372 23.6372 24.6372 25.6372 26.6371 27.637 28.6369 29.6368 30.6367 
-30.1332 -29.5334 -28.5337 -27.5339 -26.5345 -25.5349 -24.5351 -23.5352 -22.5357 
-21.536 -20.537 -19.5422 -18.5489 -17.5491 -16.5492 -15.5493 -14.5493 -13.5493 
-12.5494 -11.5493 -10.5493 -9.54933 -8.54935 -7.54936 -6.54941 -5.54941 -4.54943 
-3.54949 -2.54951 -1.54954 -0.54971 0.552129 1.55194 2.55189 3.55188 4.55186 
5.55182 6.5518 7.55178 8.55178 9.55177 10.5518 11.5518 12.5518 13.5517 
14.5517 15.5514 16.5513 17.5512 18.551 19.5508 20.5286 21.5285 22.5282 
23.5282 24.5281 25.5281 26.5281 27.528 -30.5182 -29.5186 -28.5191 -27.5199 
-26.5203 -25.5205 -24.5206 -23.5206 -22.5213 -21.522 -20.5225 -19.5272 -18.5363 
-17.5365 -16.5365 -15.5366 -14.5366 -13.5366 -12.5366 -11.5366 -10.5366 -9.53663 
-8.53664 -7.5367 -6.53666 -5.53672 -4.53676 -3.53675 -2.53675 -1.53679 -0.536964 
0.509676 1.50959 2.50951 3.50946 4.50946 5.50943 6.50942 7.5094 8.50939 
9.50938 10.5094 11.5094 12.5094 13.5094 14.5093 15.5093 16.5092 17.5091 
18.5088 19.4825 20.63 21.6297 22.6294 23.6293 24.6293 25.6293 26.6292 
27.629 28.629 29.6289 30.6285 -30.3711 -29.3712 -28.3715 -27.3718 -26.3723 
-25.3723 -24.3724 -23.3726 -22.3733 -21.3739 -20.3748 -19.3756 -18.3773 -17.3774 
-16.3774 -15.3774 -14.3774 -13.3775 -12.3774 -11.3775 -10.3775 -9.37749 -8.37746 
-7.37754 -6.37752 -5.37758 -4.37759 -3.37764 -2.37763 -1.37771 -0.577887 0.591068 
1.59095 2.59088 3.59084 4.59081 5.59081 6.5908 7.59079 8.59077 9.59075 
10.5908 11.5908 12.5907 13.5907 14.5907 15.5905 16.5904 17.5903 18.5903 
19.5899 20.543 21.5428 22.5426 23.5426 24.5426 25.5426 26.5426 27.5424 
28.5424 29.5423 -31.4442 -30.4449 -29.4453 -28.4456 -27.4458 -26.446 -25.4462 
-24.4463 -23.4463 -22.4465 -21.4467 -20.4483 -19.4498 -18.4668 -17.4979 -16.498 
-15.4981 -14.4981 -13.4981 -12.4981 -11.4981 -10.4982 -9.49813 -8.49815 -7.49821 
-6.49826 -5.49827 -4.49829 -3.49829 -2.49835 -1.49839 -0.49846 0.478317 1.47826 
2.47814 3.4781 4.47811 5.47809 6.47806 7.47804 8.47803 9.47802 10.478 
11.478 12.478 13.478 14.4779 15.4779 16.4779 17.4776 18.4527 19.4496 
20.4493 21.4488 22.648 23.6479 24.6477 25.6476 26.6471 27.6467 28.6466 
29.6465 30.4462 -31.2143 -30.4146 -29.4149 -28.4152 -27.4158 -26.416 -25.4162 
-24.4164 -23.4166 -22.4173 -21.4184 -20.4185 -19.4214 -18.4243 -17.4245 -16.4245 
-15.4245 -14.4245 -13.4245 -12.4245 -11.4245 -10.4245 -9.42454 -8.42457 -7.42457 
-6.4246 -5.42459 -4.42464 -3.42467 -2.42464 -1.42469 -0.824904 0.744558 1.54431 
2.54425 3.54422 4.54422 5.5442 6.54419 7.54418 8.54415 9.54414 10.5441 
11.5442 12.5441 13.5441 14.5441 15.544 16.5439 17.5438 18.5434 19.5427 
20.542 21.5418 22.5417 23.5415 24.5414 25.5414 26.5413 27.5412 28.541 
29.5407 30.5403 -30.0891 -29.4891 -28.4896 -27.4897 -26.4904 -25.4908 -24.4909 
-23.491 -22.4915 -21.4916 -20.4917 -19.4971 -18.5038 -17.504 -16.5041 -15.5041 
-14.5042 -13.5042 -12.5042 -11.5042 -10.5042 -9.5042 -8.50427 -7.50425 -6.50426 
-5.50425 -4.50428 -3.50431 -2.50434 -1.50433 -0.5044 0.560478 1.56027 2.56025 
3.56019 4.56019 5.56015 6.56013 7.56013 8.56012 9.56009 10.5601 11.5601 
12.5601 13.56 14.56 15.5597 16.5596 17.5595 18.5593 19.5591 20.5553 
21.5552 22.5552 23.5551 24.5549 25.5548 26.5548 27.3547 -30.3065 -29.5068 
-28.507 -27.5071 -26.5072 -25.5073 -24.5075 -23.5076 -22.5077 -21.5082 -20.5086 
-19.5142 -18.5171 -17.5173 -16.5173 -15.5173 -14.5174 -13.5174 -12.5174 -11.5175 
-10.5174 -9.51746 -8.51748 -7.51751 -6.51755 -5.51753 -4.51758 -3.51761 -2.51762 
-1.51765 -0.517794 0.495349 1.4951 2.49507 3.49508 4.495 5.49498 6.49499 
7.49498 8.49497 9.49495 10.4949 11.4949 12.4949 13.4949 14.4949 15.4943 
16.4941 17.4941 18.494 19.494 20.4847 21.4637 22.4637 23.4636 24.4635 
25.4634 26.4633 27.4632 -31.1737 -30.3742 -29.3744 -28.3747 -27.3751 -26.3756 
-25.3758 -24.3759 -23.3759 -22.3761 -21.3763 -20.3774 -19.3797 -18.3808 -17.3811 
-16.3812 -15.3812 -14.3812 -13.3813 -12.3813 -11.3813 -10.3813 -9.38131 -8.38137 
-7.38134 -6.38141 -5.38135 -4.38142 -3.38139 -2.38143 -1.38142 -0.381609 0.763879 
1.56369 2.56356 3.56358 4.56356 5.56354 6.56353 7.56351 8.56348 9.56347 
10.5635 11.5635 12.5635 13.5634 14.5634 15.5633 16.5633 17.5632 18.5628 
19.5571 20.5571 21.5566 22.5559 23.555 24.555 25.5549 26.5547 27.5545 
28.5543 29.5541 30.354 -31.5023 -30.503 -29.5034 -28.5037 -27.5042 -26.5044 
-25.5046 -24.5047 -23.5047 -22.5048 -21.5058 -20.5075 -19.5088 -18.521 -17.5442 
-16.5443 -15.5444 -14.5444 -13.5444 -12.5444 -11.5444 -10.5444 -9.54444 -8.5445 
-7.54447 -6.5445 -5.54454 -4.54453 -3.54456 -2.54461 -1.54464 -0.544687 0.621322 
1.62125 2.62116 3.62112 4.62111 5.6211 6.62108 7.62108 8.62104 9.62103 
10.621 11.621 12.621 13.621 14.621 15.6209 16.6209 17.6205 18.5915 
19.5895 20.589 21.5886 22.5877 23.5877 24.5875 25.5875 26.587 27.5868 
28.5867 29.5866 30.3863 -29.3771 -28.3775 -27.3776 -26.3777 -25.378 -24.3781 
-23.3782 -22.3783 -21.3788 -20.3795 -19.3821 -18.3836 -17.3837 -16.3838 -15.3838 
-14.3839 -13.3839 -12.384 -11.384 -10.384 -9.38396 -8.38396 -7.38399 -6.38407 
-5.38408 -4.38405 -3.38408 -2.38408 -1.38413 -0.384359 0.60414 1.60379 2.60378 
3.60374 4.60373 5.6037 6.60372 7.60371 8.60369 9.60368 10.6037 11.6037 
12.6037 13.6036 14.6034 15.6028 16.6027 17.6027 18.6026 19.6024 20.6021 
21.602 22.6019 23.6017 24.6015 25.6013 26.6012 27.6012 -31.1937 -30.3941 
-29.3944 -28.3946 -27.3949 -26.3951 -25.3954 -24.3954 -23.3955 -22.3959 -21.3965 
-20.3967 -19.4044 -18.4228 -17.423 -16.423 -15.4231 -14.4231 -13.4231 -12.4231 
-11.4231 -10.4231 -9.42314 -8.42312 -7.42319 -6.42318 -5.42317 -4.42318 -3.42326 
-2.42326 -1.42329 -0.623296 0.49244 1.49208 2.49204 3.49203 4.492 5.492 
6.49197 7.49197 8.49196 9.49193 10.4919 11.4919 12.4919 13.4919 14.4919 
15.4918 16.4917 17.4916 18.4914 19.4885 20.4885 21.4875 22.4872 23.4865 
24.4865 25.4863 26.486 27.4858 28.4857 29.4856 30.4854 -30.3535 -29.3535 
-28.354 -27.3543 -26.3549 -25.355 -24.3551 -23.3552 -22.3558 -21.3565 -20.3575 
-19.3577 -18.3704 -17.3708 -16.3708 -15.3708 -14.3708 -13.3708 -12.3708 -11.3708 
-10.3709 -9.37087 -8.37086 -7.37093 -6.37089 -5.37094 -4.37099 -3.37104 -2.37101 
-1.37108 -0.571078 0.542465 1.54241 2.54239 3.54233 4.5423 5.54228 6.54227 
7.54226 8.54224 9.54221 10.5422 11.5422 12.5422 13.5422 14.5421 15.5421 
16.542 17.5419 18.5417 19.5239 20.515 21.5147 22.5145 23.5142 24.5141 
25.5139 26.5136 27.5135 28.5132 29.5128 30.5125 -31.2536 -30.4538 -29.4543 
-28.4549 -27.4558 -26.4561 -25.4562 -24.4564 -23.4564 -22.4568 -21.4577 -20.459 
-19.4593 -18.4747 -17.4748 -16.4749 -15.475 -14.475 -13.475 -12.475 -11.475 
-10.4751 -9.47505 -8.47507 -7.4751 -6.4751 -5.47517 -4.47515 -3.47515 -2.47525 
-1.47524 -0.675333 0.597465 1.59734 2.59727 3.59726 4.59721 5.5972 6.5972 
7.59719 8.59717 9.59715 10.5972 11.5971 12.5971 13.5971 14.5971 15.5971 
16.597 17.5968 18.5921 19.5828 20.5825 21.5815 22.5802 23.5798 24.5797 
25.5797 26.5793 27.5792 28.5789 29.5786 30.3782 -30.1945 -29.395 -28.3951 
-27.3954 -26.3957 -25.3959 -24.396 -23.3961 -22.3969 -21.3974 -20.3978 -19.3996 
-18.4015 -17.4016 -16.4017 -15.4017 -14.4017 -13.4017 -12.4018 -11.4018 -10.4018 
-9.40177 -8.40182 -7.40183 -6.40184 -5.40185 -4.40187 -3.40195 -2.40191 -1.40191 
-0.602048 0.589901 1.58959 2.58956 3.58953 4.58952 5.58952 6.5895 7.58949 
8.5895 9.58948 10.5895 11.5895 12.5894 13.5894 14.5892 15.5889 16.5889 
17.5889 18.5887 19.5886 20.5871 21.5856 22.5855 23.5854 24.5853 25.5853 
26.5853 27.5852 28.5851 29.5851 30.5851 -30.0567 -29.4573 -28.4578 -27.4584 
-26.4589 -25.4591 -24.4592 -23.4592 -22.4594 -21.4598 -20.4611 -19.4613 -18.478 
-17.4782 -16.4782 -15.4783 -14.4783 -13.4783 -12.4783 -11.4783 -10.4783 -9.47832 
-8.47836 -7.47831 -6.47837 -5.47836 -4.47842 -3.47843 -2.47848 -1.47853 -0.478643 
0.613576 1.61347 2.61345 3.61333 4.61333 5.61332 6.61332 7.6133 8.61329 
9.61329 10.6133 11.6133 12.6133 13.6132 14.6132 15.6132 16.6132 17.6129 
18.6128 19.5499 20.5184 21.5181 22.5178 23.5177 24.5176 25.5175 26.5174 
27.5173 28.5171 29.5169 30.5162 -30.98 -30.3801 -29.3804 -28.3807 -27.3808 
-26.3811 -25.3813 -24.3814 -23.3816 -22.3824 -21.3831 -20.3841 -19.3905 -18.3943 
-17.3944 -16.3945 -15.3945 -14.3945 -13.3945 -12.3946 -11.3946 -10.3946 -9.39463 
-8.39459 -7.39465 -6.39467 -5.39468 -4.39467 -3.39471 -2.39473 -1.39476 -0.594945 
0.546779 1.54642 2.54643 3.54641 4.54638 5.54637 6.54637 7.54633 8.54635 
9.54632 10.5463 11.5463 12.5463 13.5463 14.5461 15.5457 16.5456 17.5455 
18.5454 19.5453 20.5348 21.5347 22.5345 23.5345 24.5344 25.5344 26.5343 
27.5341 28.5341 29.534 30.5336 -30.065 -29.4652 -28.4656 -27.4657 -26.4663 
-25.4666 -24.4666 -23.4667 -22.4671 -21.4675 -20.4679 -19.4715 -18.475 -17.4752 
-16.4752 -15.4753 -14.4753 -13.4753 -12.4753 -11.4753 -10.4753 -9.47536 -8.47536 
-7.4754 -6.47536 -5.47539 -4.47544 -3.47539 -2.47546 -1.47552 -0.4756 0.658409 
1.45806 2.458 3.45802 4.458 5.45795 6.45794 7.45793 8.45792 9.4579 
10.4579 11.4579 12.4579 13.4579 14.4578 15.4576 16.4575 17.4575 18.4574 
19.4572 20.4569 21.4568 22.4566 23.4565 24.4564 25.4564 26.4564 27.4563 
28.2563 -30.5137 -29.5139 -28.5145 -27.5148 -26.5154 -25.5155 -24.5157 -23.5157 
-22.516 -21.5163 -20.5179 -19.5185 -18.5255 -17.5291 -16.5292 -15.5293 -14.5293 
-13.5293 -12.5293 -11.5293 -10.5293 -9.52925 -8.52931 -7.52933 -6.52933 -5.52937 
-4.5294 -3.52942 -2.52945 -1.52949 -0.529628 0.691457 1.49145 2.49138 3.49129 
4.49128 5.49124 6.49124 7.49123 8.4912 9.4912 10.4912 11.4912 12.4912 
13.4912 14.4911 15.4911 16.491 17.4909 18.4903 19.4679 20.4678 21.4676 
22.4672 23.4669 24.4668 25.4668 26.4665 27.4663 28.4661 29.4659 30.2655 
-29.3474 -28.5477 -27.5479 -26.5479 -25.548 -24.5481 -23.5482 -22.5483 -21.5485 
-20.549 -19.5495 -18.5496 -17.5497 -16.5497 -15.5497 -14.5498 -13.5499 -12.5499 
-11.55 -10.55 -9.54996 -8.54995 -7.54998 -6.55001 -5.54998 -4.55004 -3.55005 
-2.55007 -1.5501 -0.550223 0.571899 1.57175 2.57169 3.57171 4.57164 5.57162 
6.5716 7.57159 8.57159 9.57156 10.5716 11.5716 12.5716 13.5715 14.5714 
15.5707 16.5707 17.5706 18.5705 19.5704 20.5702 21.4575 22.4573 23.4566 
24.4564 25.4557 26.4557 -30.3286 -29.5287 -28.529 -27.5293 -26.5299 -25.5301 
-24.5301 -23.5303 -22.5308 -21.531 -20.5312 -19.5359 -18.5387 -17.5388 -16.5389 
-15.5389 -14.5389 -13.539 -12.539 -11.539 -10.539 -9.53903 -8.53905 -7.53907 
-6.53907 -5.53908 -4.53909 -3.53914 -2.53915 -1.53914 -0.539329 0.499664 1.49938 
2.4993 3.49927 4.49929 5.49927 6.49926 7.49923 8.49924 9.49922 10.4992 
11.4992 12.4992 13.4992 14.499 15.4981 16.4979 17.4979 18.4977 19.4977 
20.4974 21.4972 22.4971 23.497 24.4968 25.4966 26.4965 27.4965 -30.1437 
-29.5437 -28.544 -27.5441 -26.5446 -25.5448 -24.5449 -23.545 -22.5455 -21.5461 
-20.5471 -19.3539 -18.3578 -17.3579 -16.358 -15.358 -14.358 -13.3581 -12.3581 
-11.3581 -10.3581 -9.35808 -8.35812 -7.35814 -6.35817 -5.35814 -4.35818 -3.35823 
-2.3582 -1.35829 -0.358289 0.597803 1.59751 2.59753 3.59746 4.59746 5.59745 
6.59745 7.59744 8.59743 9.59741 10.5974 11.5974 12.5974 13.5974 14.5973 
15.597 16.5969 17.5969 18.5967 19.5965 20.5962 21.5959 22.5955 23.5954 
24.5954 25.5954 26.5953 27.5953 28.5952 -31.4934 -30.4938 -29.4942 -28.4943 
-27.4947 -26.4948 -25.495 -24.4951 -23.4951 -22.4957 -21.4966 -20.4977 -19.4986 
-18.5092 -17.5095 -16.5095 -15.5095 -14.5095 -13.5096 -12.5096 -11.5096 -10.5096 
-9.50954 -8.50963 -7.50962 -6.50964 -5.50968 -4.5097 -3.50975 -2.50971 -1.50977 
-0.709992 0.744941 1.54461 2.54453 3.54448 4.54446 5.54444 6.54442 7.54441 
8.5444 9.54438 10.5444 11.5444 12.5444 13.5443 14.5443 15.5443 16.5442 
17.5441 18.5441 19.5437 20.5436 21.543 22.5423 23.5415 24.5414 25.5413 
26.5412 27.5409 28.5409 29.5405 30.5402 -30.4405 -29.4407 -28.4409 -27.4412 
-26.4412 -25.4414 -24.4415 -23.4416 -22.4426 -21.4433 -20.4434 -19.4446 -18.4463 
-17.4464 -16.4465 -15.4465 -14.4465 -13.4465 -12.4465 -11.4466 -10.4466 -9.44654 
-8.44654 -7.44659 -6.44664 -5.44664 -4.44661 -3.44666 -2.44665 -1.44668 -0.446897 
0.600122 1.59952 2.5995 3.59947 4.59944 5.59945 6.59944 7.59943 8.59943 
9.5994 10.5994 11.5994 12.5994 13.5994 14.5993 15.599 16.5989 17.5989 
18.5988 19.5986 20.5814 21.5811 22.5811 23.581 24.581 25.581 26.5809 
27.5807 28.5806 29.5805 30.5805 -31.4633 -30.4636 -29.4639 -28.464 -27.4643 
-26.4646 -25.4647 -24.4648 -23.4648 -22.4649 -21.466 -20.4676 -19.4688 -18.4849 
-17.5056 -16.5057 -15.5057 -14.5057 -13.5057 -12.5057 -11.5058 -10.5058 -9.5058 
-8.50581 -7.50584 -6.50586 -5.50587 -4.50591 -3.50593 -2.50598 -1.50598 -0.506048 
0.576643 1.57654 2.57647 3.57643 4.57645 5.57643 6.57641 7.57641 8.57637 
9.57636 10.5763 11.5763 12.5763 13.5763 14.5763 15.5763 16.5762 17.5759 
18.569 19.5621 20.5618 21.5609 22.5589 23.5586 24.5585 25.5583 26.5576 
27.5573 28.5571 29.557 30.5567 -30.5276 -29.528 -28.5282 -27.5286 -26.5288 
-25.529 -24.5291 -23.5291 -22.5295 -21.5302 -20.5309 -19.5309 -18.5473 -17.548 
-16.5481 -15.5481 -14.5481 -13.5481 -12.5481 -11.5481 -10.5482 -9.54819 -8.54818 
-7.54822 -6.54818 -5.54822 -4.54821 -3.54823 -2.54828 -1.54826 -0.548492 0.864343 
1.4641 2.46401 3.46399 4.46396 5.46394 6.46393 7.46392 8.46392 9.46389 
10.4639 11.4639 12.4638 13.4638 14.4638 15.4636 16.4636 17.4635 18.4633 
19.463 20.4625 21.4622 22.462 23.4619 24.4618 25.4617 26.4616 27.4614 
28.4611 29.4608 30.4604 -30.5326 -29.5328 -28.5331 -27.5335 -26.5338 -25.5339 
-24.534 -23.5341 -22.5346 -21.5352 -20.5372 -19.5373 -18.5442 -17.5445 -16.5445 
-15.5446 -14.5445 -13.5446 -12.5446 -11.5446 -10.5446 -9.5446 -8.54461 -7.54465 
-6.54467 -5.54469 -4.54471 -3.54472 -2.54477 -1.54482 -0.544977 0.463691 1.46354 
2.46354 3.46346 4.46344 5.46341 6.46341 7.46338 8.46339 9.46337 10.4634 
11.4633 12.4634 13.4633 14.4633 15.4632 16.4632 17.4631 18.4627 19.4626 
20.4624 21.462 22.4619 23.4617 24.4616 25.4615 26.4614 27.4612 28.461 
29.4608 30.4601 -29.201 -28.4011 -27.4012 -26.4014 -25.4017 -24.4017 -23.4018 
-22.402 -21.4024 -20.4027 -19.4029 -18.4033 -17.4034 -16.4034 -15.4034 -14.4037 
-13.4039 -12.4039 -11.4038 -10.4039 -9.4039 -8.40389 -7.40393 -6.40392 -5.40393 
-4.40392 -3.40398 -2.40402 -1.40399 -0.404424 0.51335 1.51281 2.51277 3.51277 
4.51277 5.51274 6.51273 7.51273 8.51273 9.5127 10.5127 11.5127 12.5127 
13.5127 14.5125 15.5116 16.5114 17.5114 18.5114 19.5111 20.5109 21.4673 
22.6454 23.6451 24.6449 25.6444 26.6443 -31.1952 -30.3953 -29.3956 -28.3959 
-27.3962 -26.3963 -25.3965 -24.3966 -23.3967 -22.3973 -21.3983 -20.3986 -19.4026 
-18.4071 -17.4072 -16.4072 -15.4073 -14.4073 -13.4074 -12.4074 -11.4073 -10.4074 
-9.40738 -8.4074 -7.40738 -6.40741 -5.40745 -4.40745 -3.40749 -2.40751 -1.40751 
-0.382388 0.642796 1.64259 2.64254 3.64251 4.64252 5.64248 6.64248 7.64248 
8.64245 9.64245 10.6424 11.6424 12.6424 13.6424 14.6423 15.642 16.642 
17.6419 18.6417 19.6343 20.6307 21.6305 22.6303 23.63 24.63 25.6299 
26.6299 27.6298 28.6295 29.6291 30.6291 -30.9859 -30.3861 -29.3867 -28.3871 
-27.3874 -26.3875 -25.3876 -24.3878 -23.3879 -22.3882 -21.3889 -20.3909 -19.3909 
-18.3967 -17.3969 -16.397 -15.397 -14.397 -13.397 -12.397 -11.3971 -10.397 
-9.39705 -8.39708 -7.39707 -6.39707 -5.39712 -4.39711 -3.39716 -2.39718 -1.39722 
-0.397386 0.831364 1.63123 2.63119 3.6311 4.63109 5.63108 6.63104 7.63105 
8.63104 9.63102 10.631 11.631 12.631 13.631 14.631 15.6309 16.6309 
17.6308 18.6304 19.622 20.6176 21.6172 22.6168 23.6161 24.6161 25.6159 
26.6156 27.6155 28.6155 29.6151 30.6147 -31.0025 -30.4026 -29.403 -28.4034 
-27.4036 -26.4042 -25.4044 -24.4045 -23.4047 -22.4053 -21.4061 -20.4069 -19.4103 
-18.4176 -17.4178 -16.4178 -15.4178 -14.4178 -13.4178 -12.4178 -11.4178 -10.4179 
-9.41785 -8.41786 -7.41792 -6.41797 -5.41796 -4.41798 -3.41802 -2.41803 -1.41807 
-0.618199 0.585115 1.58499 2.58494 3.58494 4.58491 5.58489 6.58487 7.58485 
8.58483 9.58482 10.5848 11.5848 12.5848 13.5848 14.5847 15.5847 16.5846 
17.5844 18.5842 19.5602 20.5362 21.5361 22.536 23.5358 24.5357 25.5357 
26.5356 27.5355 28.5352 29.535 30.5346 -31.2282 -30.4289 -29.4293 -28.4297 
-27.4303 -26.4304 -25.4306 -24.4307 -23.4307 -22.431 -21.4318 -20.4327 -19.4387 
-18.451 -17.4511 -16.4512 -15.4512 -14.4512 -13.4511 -12.4512 -11.4512 -10.4512 
-9.4512 -8.45124 -7.45126 -6.45128 -5.45128 -4.45127 -3.45135 -2.45135 -1.45137 
-0.651511 0.835245 1.63499 2.63495 3.63492 4.63491 5.6349 6.63487 7.63487 
8.63484 9.63484 10.6348 11.6348 12.6348 13.6348 14.6347 15.6347 16.6346 
17.6346 18.6341 19.6339 20.6339 21.633 22.6327 23.6324 24.6324 25.6323 
26.6321 27.6319 28.6317 29.6316 30.6313 -30.3365 -29.5368 -28.537 -27.5372 
-26.5375 -25.5376 -24.5377 -23.5378 -22.5381 -21.5385 -20.5387 -19.5421 -18.5454 
-17.5455 -16.5455 -15.5455 -14.5456 -13.5457 -12.5456 -11.5457 -10.5457 -9.54565 
-8.54569 -7.54567 -6.54571 -5.54572 -4.54573 -3.54572 -2.54574 -1.54577 -0.545792 
0.568064 1.56741 2.56738 3.56739 4.56739 5.56737 6.56736 7.56735 8.56736 
9.56734 10.5673 11.5673 12.5673 13.5673 14.5672 15.5668 16.5668 17.5667 
18.5666 19.5665 20.5641 21.5635 22.5631 23.563 24.5629 25.5629 26.5629 
27.5628 28.5627 29.5627 30.5626 -31.2322 -30.4324 -29.4328 -28.4333 -27.4339 
-26.434 -25.4343 -24.4344 -23.4345 -22.4345 -21.4353 -20.4363 -19.4368 -18.4378 
-17.4379 -16.438 -15.4381 -14.438 -13.4381 -12.4381 -11.4381 -10.4381 -9.43807 
-8.43813 -7.43812 -6.43815 -5.43818 -4.43818 -3.43821 -2.43827 -1.43827 -0.638441 
0.826632 1.62641 2.62637 3.62633 4.62633 5.62628 6.62627 7.62625 8.62625 
9.62622 10.6262 11.6262 12.6262 13.6262 14.6262 15.6261 16.6261 17.6261 
18.6256 19.6254 20.6254 21.6245 22.6243 23.6239 24.6239 25.6237 26.6234 
27.6232 28.6229 29.6228 30.6225 -30.2006 -29.401 -28.4011 -27.4014 -26.402 
-25.4022 -24.4023 -23.4024 -22.4029 -21.4034 -20.4035 -19.4037 -18.4038 -17.404 
-16.404 -15.4041 -14.4041 -13.4041 -12.4041 -11.4041 -10.4041 -9.40411 -8.40415 
-7.40418 -6.40417 -5.40418 -4.40424 -3.40424 -2.40425 -1.40429 -0.604389 0.615129 
1.61502 2.61498 3.61496 4.61492 5.6149 6.6149 7.61488 8.61488 9.61487 
10.6149 11.6149 12.6149 13.6148 14.6147 15.6145 16.6144 17.6144 18.6142 
19.6138 20.6136 21.6134 22.6133 23.6132 24.6132 25.6132 26.6131 27.613 
28.6129 29.6128 30.4127 -31.5157 -30.516 -29.5165 -28.517 -27.5172 -26.5173 
-25.5175 -24.5176 -23.5176 -22.5177 -21.5179 -20.5195 -19.522 -18.5405 -17.3727 
-16.3728 -15.3729 -14.3728 -13.3729 -12.3729 -11.3729 -10.3729 -9.37292 -8.37292 
-7.37296 -6.37297 -5.37301 -4.373 -3.37306 -2.37309 -1.37311 -0.373206 0.643294 
1.64318 2.64315 3.6431 4.64308 5.64304 6.64305 7.64302 8.643 9.64299 
10.643 11.643 12.643 13.6429 14.6429 15.6429 16.6428 17.6425 18.6265 
19.6215 20.621 21.6198 22.6177 23.6175 24.6175 25.6173 26.6166 27.6162 
28.6161 29.616 30.4157 -30.0454 -29.4456 -28.4458 -27.4459 -26.4463 -25.4466 
-24.4468 -23.4468 -22.4471 -21.4476 -20.4479 -19.4519 -18.4566 -17.4568 -16.4569 
-15.4569 -14.457 -13.457 -12.457 -11.4571 -10.457 -9.45703 -8.45704 -7.45705 
-6.45709 -5.4571 -4.45711 -3.45717 -2.45716 -1.45718 -0.457338 0.573205 1.57299 
2.57292 3.57292 4.57286 5.57284 6.57284 7.57282 8.57282 9.57278 10.5728 
11.5728 12.5728 13.5728 14.5727 15.5724 16.5723 17.5722 18.572 19.5718 
20.5678 21.5677 22.5676 23.5676 24.5673 25.5672 26.5672 27.3671 -31.275 
-30.4754 -29.4757 -28.4759 -27.4764 -26.4767 -25.4768 -24.4769 -23.4769 -22.4772 
-21.4778 -20.4783 -19.4839 -18.5033 -17.5033 -16.5034 -15.5034 -14.5034 -13.5034 
-12.5034 -11.5035 -10.5034 -9.50348 -8.50351 -7.50355 -6.50353 -5.50355 -4.50356 
-3.50364 -2.50365 -1.50369 -0.703699 0.566438 1.56621 2.56617 3.56614 4.56613 
5.56611 6.5661 7.56608 8.56609 9.56606 10.5661 11.566 12.566 13.566 
14.5659 15.5659 16.5659 17.5658 18.5647 19.5627 20.5623 21.5614 22.5608 
23.5604 24.5603 25.5601 26.5598 27.5596 28.5595 29.5595 30.3592 -31.3246 
-30.5248 -29.5254 -28.5255 -27.5259 -26.5259 -25.5261 -24.5263 -23.5263 -22.5264 
-21.5278 -20.5283 -19.5291 -18.5483 -17.549 -16.5491 -15.5491 -14.5491 -13.5491 
-12.5491 -11.5491 -10.5491 -9.54917 -8.54921 -7.54919 -6.54925 -5.54925 -4.54928 
-3.54927 -2.5493 -1.5493 -0.549502 0.835931 1.6358 2.63575 3.6357 4.6357 
5.6357 6.63569 7.63568 8.63565 9.63564 10.6356 11.6356 12.6356 13.6356 
14.6356 15.6355 16.6355 17.6354 18.6348 19.6343 20.6342 21.6336 22.633 
23.6325 24.6324 25.6323 26.6321 27.6318 28.6317 29.6316 30.4314 -30.9653 
-30.3655 -29.3658 -28.3662 -27.3667 -26.3675 -25.3676 -24.3678 -23.368 -22.3684 
-21.3691 -20.3693 -19.3742 -18.3859 -17.3862 -16.3862 -15.3863 -14.3863 -13.3863 
-12.3863 -11.3863 -10.3863 -9.38631 -8.38628 -7.38631 -6.38633 -5.38634 -4.38637 
-3.38642 -2.38646 -1.38646 -0.586503 0.463349 1.46329 2.46321 3.46317 4.46313 
5.46313 6.46311 7.46312 8.4631 9.4631 10.4631 11.4631 12.4631 13.4631 
14.463 15.463 16.4629 17.4626 18.4622 19.4494 20.4491 21.4485 22.4484 
23.6481 24.6481 25.648 26.6478 27.6477 28.6474 29.6469 -31.4178 -30.4181 
-29.4183 -28.4186 -27.4189 -26.4192 -25.4193 -24.4194 -23.4194 -22.4195 -21.4196 
-20.4203 -19.4215 -18.4433 -17.4435 -16.4435 -15.4435 -14.4435 -13.4436 -12.4436 
-11.4436 -10.4436 -9.44358 -8.4436 -7.44362 -6.44366 -5.44364 -4.44367 -3.4437 
-2.44376 -1.44378 -0.643741 0.499939 1.4995 2.49947 3.49947 4.49942 5.49942 
6.49941 7.49938 8.49938 9.49936 10.4994 11.4994 12.4993 13.4993 14.4993 
15.4993 16.4992 17.4991 18.4988 19.4965 20.4962 21.4952 22.4948 23.4941 
24.4941 25.4939 26.4937 27.4935 28.4934 29.4932 30.493 -30.4472 -29.4477 
-28.4481 -27.4483 -26.4489 -25.449 -24.4491 -23.4493 -22.45 -21.4506 -20.4509 
-19.4522 -18.455 -17.4552 -16.4552 -15.4552 -14.4552 -13.4552 -12.4553 -11.4553 
-10.4552 -9.45528 -8.45527 -7.45533 -6.45531 -5.45534 -4.45537 -3.45541 -2.45544 
-1.45549 -0.655623 0.521118 1.52095 2.52086 3.52087 4.52081 5.52081 6.52079 
7.52078 8.52076 9.52075 10.5207 11.5207 12.5207 13.5207 14.5206 15.5205 
16.5205 17.5204 18.5202 19.5201 20.5199 21.5195 22.5191 23.519 24.5189 
25.5188 26.5188 27.5187 28.5186 29.5186 30.5179 -30.2418 -29.4423 -28.4426 
-27.443 -26.4434 -25.4436 -24.4437 -23.4438 -22.4445 -21.445 -20.4454 -19.4494 
-18.4543 -17.4544 -16.4544 -15.4545 -14.4544 -13.4545 -12.4545 -11.4545 -10.4545 
-9.45453 -8.45455 -7.45451 -6.45455 -5.45457 -4.45458 -3.45459 -2.45464 -1.45468 
-0.654764 0.617591 1.61723 2.61717 3.61716 4.61717 5.61714 6.61714 7.61713 
8.6171 9.6171 10.6171 11.6171 12.6171 13.6171 14.617 15.6169 16.6168 
17.6167 18.6167 19.6163 20.6154 21.6152 22.6151 23.615 24.615 25.6149 
26.6149 27.6149 28.6147 29.6147 -30.4032 -29.4038 -28.4043 -27.4047 -26.4052 
-25.4053 -24.4054 -23.4055 -22.4059 -21.4065 -20.4072 -19.4114 -18.421 -17.4211 
-16.4212 -15.4212 -14.4212 -13.4212 -12.4212 -11.4212 -10.4212 -9.42122 -8.42122 
-7.42124 -6.42132 -5.42125 -4.42132 -3.42133 -2.42135 -1.42143 -0.421537 0.821153 
1.62099 2.62097 3.6209 4.62088 5.62084 6.62084 7.62083 8.62081 9.62079 
10.6208 11.6208 12.6208 13.6208 14.6207 15.6206 16.6206 17.6205 18.6204 
19.6202 20.6185 21.6174 22.6171 23.617 24.6169 25.6168 26.6167 27.6167 
28.6165 29.6163 30.6158 -30.5331 -29.5331 -28.5336 -27.5338 -26.5345 -25.5346 
-24.5348 -23.5348 -22.5351 -21.5359 -20.5359 -19.5361 -18.3521 -17.3527 -16.3527 
-15.3527 -14.3527 -13.3528 -12.3528 -11.3527 -10.3528 -9.3528 -8.35281 -7.35285 
-6.35285 -5.35282 -4.3529 -3.35293 -2.35297 -1.35303 -0.553057 0.638921 1.63881 
2.63876 3.63874 4.63868 5.63865 6.63864 7.63863 8.63861 9.63859 10.6386 
11.6386 12.6386 13.6385 14.6385 15.6385 16.6384 17.6381 18.637 19.5985 
20.5983 21.5979 22.5978 23.5975 24.5974 25.5973 26.5972 27.597 28.5967 
29.5963 30.3958 -30.3687 -29.369 -28.3692 -27.3695 -26.3697 -25.3698 -24.3699 
-23.37 -22.3709 -21.3715 -20.372 -19.3731 -18.3751 -17.3751 -16.3752 -15.3752 
-14.3753 -13.3753 -12.3753 -11.3753 -10.3753 -9.37533 -8.37534 -7.37533 -6.37534 
-5.37539 -4.37538 -3.37541 -2.37543 -1.37546 -0.375603 0.761663 1.56136 2.56134 
3.56132 4.56131 5.56128 6.56124 7.56126 8.56123 9.56121 10.5612 11.5612 
12.5612 13.5612 14.5611 15.5611 16.5609 17.5609 18.5607 19.5607 20.5597 
21.5595 22.5594 23.5594 24.5594 25.5593 26.5593 27.5592 28.5592 29.5591 
30.3591 -30.2403 -29.4408 -28.4413 -27.4416 -26.4423 -25.4424 -24.4426 -23.4426 
-22.4428 -21.4442 -20.4449 -19.445 -18.4461 -17.4471 -16.4472 -15.4472 -14.4473 
-13.4472 -12.4472 -11.4473 -10.4473 -9.44729 -8.44728 -7.44729 -6.44734 -5.44735 
-4.44739 -3.4474 -2.44742 -1.44746 -0.44752 0.595388 1.59524 2.59518 3.59516 
4.59514 5.59512 6.59511 7.5951 8.59508 9.59507 10.5951 11.5951 12.5951 
13.595 14.595 15.595 16.5949 17.5946 18.5944 19.5848 20.5846 21.5841 
22.5839 23.5836 24.5835 25.5834 26.5833 27.5831 28.5829 29.5825 30.382 
-29.2214 -28.4217 -27.4218 -26.4219 -25.422 -24.4222 -23.4222 -22.4223 -21.4224 
-20.423 -19.4269 -18.4271 -17.4271 -16.4272 -15.4272 -14.4274 -13.4274 -12.4274 
-11.4275 -10.4274 -9.42743 -8.42746 -7.42751 -6.42749 -5.42755 -4.42755 -3.4276 
-2.42758 -1.42763 -0.427804 0.501242 1.50087 2.50082 3.50082 4.50079 5.50077 
6.50077 7.50075 8.50076 9.50074 10.5007 11.5007 12.5007 13.5007 14.5007 
15.5 16.4998 17.4998 18.4997 19.4995 20.4993 21.4979 22.4949 23.4945 
24.4939 25.4928 26.4927 -30.1999 -29.4001 -28.4003 -27.4006 -26.401 -25.4012 
-24.4014 -23.4014 -22.4023 -21.4029 -20.4033 -19.4046 -18.4068 -17.4068 -16.4069 
-15.4069 -14.407 -13.407 -12.407 -11.407 -10.407 -9.40697 -8.40699 -7.407 
-6.40703 -5.40704 -4.40705 -3.40706 -2.40709 -1.40713 -0.4073 0.71541 1.51512 
2.5151 3.5151 4.51505 5.51503 6.51502 7.51501 8.515 9.51498 10.515 
11.515 12.515 13.5149 14.5149 15.5148 16.5147 17.5147 18.5145 19.5144 
20.5131 21.5131 22.513 23.513 24.513 25.5129 26.5129 27.5128 28.5128 
29.5127 30.3127 -31.3527 -30.3529 -29.353 -28.3533 -27.3539 -26.3541 -25.3542 
-24.3543 -23.3544 -22.3546 -21.3553 -20.3574 -19.3591 -18.3842 -17.3877 -16.3877 
-15.3878 -14.3878 -13.3878 -12.3879 -11.3878 -10.3878 -9.38787 -8.3879 -7.38791 
-6.38791 -5.38793 -4.38798 -3.38802 -2.38804 -1.38802 -0.588126 0.646767 1.64656 
2.64652 3.64648 4.64644 5.64643 6.64641 7.64641 8.64641 9.64639 10.6464 
11.6464 12.6464 13.6463 14.6463 15.6463 16.6462 17.6459 18.642 19.6344 
20.6341 21.6339 22.633 23.6329 24.6329 25.6327 26.632 27.6317 28.6316 
29.6314 30.4313 -30.9661 -30.3662 -29.3667 -28.3673 -27.3678 -26.3681 -25.3681 
-24.3683 -23.3683 -22.369 -21.3705 -20.3718 -19.3751 -18.3817 -17.3818 -16.3818 
-15.3818 -14.3818 -13.3819 -12.3819 -11.3819 -10.3819 -9.38189 -8.3819 -7.38194 
-6.38201 -5.38198 -4.38202 -3.38202 -2.38207 -1.38214 -0.582291 0.639563 1.63949 
2.63947 3.63944 4.63938 5.63938 6.63936 7.63935 8.63934 9.63931 10.6393 
11.6393 12.6393 13.6393 14.6392 15.6392 16.6391 17.6389 18.6387 19.6138 
20.5889 21.5888 22.5886 23.5885 24.5884 25.5884 26.5882 27.5881 28.5878 
29.5876 30.5872 -31.4849 -30.4852 -29.4854 -28.4855 -27.4859 -26.4861 -25.4862 
-24.4863 -23.4864 -22.4864 -21.4882 -20.4896 -19.4921 -18.4938 -17.4942 -16.4942 
-15.4942 -14.4943 -13.4943 -12.4943 -11.4943 -10.4943 -9.49432 -8.49434 -7.49431 
-6.49437 -5.49435 -4.49437 -3.49444 -2.49447 -1.49448 -0.494562 0.7891 1.58899 
2.58892 3.58889 4.58885 5.58883 6.58881 7.58881 8.58879 9.5888 10.5888 
11.5888 12.5888 13.5888 14.5888 15.5887 16.5887 17.5885 18.5878 19.5753 
20.5749 21.5744 22.5743 23.5737 24.5736 25.5735 26.5733 27.573 28.5728 
29.5727 30.3726 -30.4685 -29.4685 -28.469 -27.4693 -26.4699 -25.47 -24.4702 
-23.4703 -22.4708 -21.4714 -20.4722 -19.4725 -18.4885 -17.4892 -16.4893 -15.4893 
-14.4893 -13.4893 -12.4893 -11.4894 -10.4893 -9.48935 -8.4894 -7.4894 -6.48944 
-5.48946 -4.48945 -3.48947 -2.48948 -1.48957 -0.689593 0.460993 1.46083 2.4608 
3.46072 4.46071 5.4607 6.46068 7.46067 8.46065 9.46064 10.4606 11.4606 
12.4606 13.4606 14.4605 15.4605 16.4605 17.4602 18.46 19.4387 20.6284 
21.628 22.6279 23.6276 24.6275 25.6274 26.6273 27.6271 28.6268 29.6265 
30.4259 -30.1755 -29.3757 -28.376 -27.3761 -26.3765 -25.3767 -24.3768 -23.3769 
-22.3773 -21.3776 -20.3778 -19.383 -18.3861 -17.3863 -16.3863 -15.3864 -14.3863 
-13.3864 -12.3864 -11.3864 -10.3864 -9.3864 -8.38645 -7.38644 -6.38646 -5.38648 
-4.38654 -3.38652 -2.38655 -1.38661 -0.38677 0.467823 1.46747 2.46744 3.46744 
4.46742 5.46739 6.46738 7.46739 8.46738 9.46735 10.4674 11.4674 12.4674 
13.4673 14.4672 15.4667 16.4666 17.4665 18.4663 19.4663 20.466 21.4655 
22.4651 23.4649 24.4646 25.4645 26.4644 27.4644 -29.394 -28.3948 -27.3954 
-26.396 -25.3961 -24.3962 -23.3963 -22.3964 -21.397 -20.3997 -19.4001 -18.4314 
-17.4315 -16.4316 -15.4316 -14.4316 -13.4316 -12.4316 -11.4317 -10.4317 -9.43166 
-8.43171 -7.43176 -6.43178 -5.4318 -4.43181 -3.43185 -2.43188 -1.43193 -0.432025 
0.561318 1.56127 2.56114 3.56112 4.56109 5.56107 6.56105 7.56105 8.56103 
9.56099 10.561 11.561 12.561 13.561 14.5609 15.5609 16.5608 17.5606 
18.5605 19.4631 20.463 21.4623 22.4623 23.4619 24.4619 25.4618 26.4617 
27.4616 28.4613 29.4609 30.2603 -31.3532 -30.3537 -29.3542 -28.3544 -27.3547 
-26.3549 -25.3552 -24.3552 -23.3553 -22.3556 -21.3561 -20.3561 -19.3624 -18.3695 
-17.3695 -16.3696 -15.3696 -14.3696 -13.3696 -12.3696 -11.3696 -10.3696 -9.3696 
-8.36967 -7.36968 -6.36966 -5.36969 -4.3697 -3.36975 -2.36973 -1.36976 -0.770018 
0.696296 1.49599 2.49591 3.49589 4.49583 5.49582 6.49581 7.4958 8.49578 
9.49576 10.4958 11.4957 12.4957 13.4957 14.4957 15.4956 16.4956 17.4955 
18.4954 19.4952 20.4951 21.4945 22.4941 23.4936 24.4936 25.4935 26.4934 
27.493 28.493 29.4928 30.4926 -31.3687 -30.3694 -29.3697 -28.37 -27.3706 
-26.3708 -25.371 -24.3711 -23.3711 -22.3712 -21.3712 -20.3732 -19.375 -18.3918 
-17.4002 -16.4003 -15.4003 -14.4004 -13.4004 -12.4004 -11.4004 -10.4004 -9.40036 
-8.40042 -7.40043 -6.40047 -5.40045 -4.40049 -3.40054 -2.40055 -1.40062 -0.600624 
0.479159 1.47903 2.47906 3.47898 4.47897 5.47895 6.47894 7.47892 8.47891 
9.47888 10.4789 11.4789 12.4788 13.4788 14.4788 15.4788 16.4787 17.4784 
18.4672 19.4578 20.4576 21.4572 22.4561 23.456 24.4559 25.4559 26.4554 
27.4551 28.455 29.4549 30.2547 -30.3441 -29.5443 -28.5445 -27.5447 -26.5452 
-25.5452 -24.5453 -23.5455 -22.5459 -21.5463 -20.5465 -19.5466 -18.5468 -17.5468 
-16.5468 -15.5468 -14.5469 -13.5468 -12.5469 -11.5469 -10.5469 -9.5469 -8.54692 
-7.54695 -6.54694 -5.54695 -4.54696 -3.54702 -2.547 -1.54702 -0.547181 0.591963 
1.5913 2.59125 3.59126 4.59126 5.59123 6.59122 7.59123 8.59119 9.59121 
10.5912 11.5912 12.5912 13.5911 14.5911 15.5906 16.5906 17.5906 18.5903 
19.5902 20.5883 21.5875 22.5871 23.587 24.587 25.587 26.5869 27.5868 
28.5866 29.5866 -31.2669 -30.4671 -29.4675 -28.4677 -27.468 -26.4682 -25.4685 
-24.4686 -23.4686 -22.4688 -21.4706 -20.472 -19.4731 -18.4783 -17.4786 -16.4786 
-15.4786 -14.4787 -13.4787 -12.4787 -11.4787 -10.4787 -9.47868 -8.47871 -7.47874 
-6.47876 -5.47876 -4.47875 -3.4788 -2.4788 -1.4788 -0.479124 0.754946 1.55461 
2.55457 3.55453 4.55454 5.55452 6.55451 7.55448 8.55448 9.55443 10.5544 
11.5544 12.5544 13.5544 14.5544 15.5543 16.5543 17.5542 18.5541 19.5538 
20.5533 21.5528 22.5523 23.5517 24.5516 25.5515 26.5512 27.5511 28.5508 
29.5505 30.5501 -29.5005 -28.5008 -27.501 -26.5015 -25.5017 -24.5018 -23.5019 
-22.5025 -21.503 -20.5035 -19.5051 -18.5086 -17.5089 -16.509 -15.509 -14.5091 
-13.5091 -12.5091 -11.5091 -10.5091 -9.50913 -8.50914 -7.50915 -6.50915 -5.50922 
-4.50915 -3.50923 -2.50924 -1.5093 -0.509328 0.525971 1.5259 2.52579 3.52577 
4.52575 5.52572 6.52572 7.5257 8.52571 9.52568 10.5257 11.5257 12.5257 
13.5256 14.5256 15.5252 16.5252 17.5251 18.5249 19.5248 20.4723 21.6462 
22.6462 23.6461 24.6459 25.6458 26.6457 27.4455 -31.5519 -30.3523 -29.3525 
-28.3528 -27.3534 -26.3537 -25.3538 -24.3539 -23.3539 -22.3542 -21.355 -20.3564 
-19.3568 -18.3639 -17.364 -16.3641 -15.3641 -14.3642 -13.3641 -12.3642 -11.3642 
-10.3642 -9.36421 -8.3642 -7.36426 -6.36424 -5.36428 -4.36425 -3.36428 -2.36434 
-1.36437 -0.564425 0.459829 1.45956 2.4595 3.45951 4.45947 5.45945 6.45945 
7.45943 8.45943 9.45939 10.4594 11.4594 12.4594 13.4594 14.4594 15.4593 
16.4593 17.459 18.6532 19.6442 20.644 21.6438 22.643 23.6429 24.6428 
25.6426 26.6422 27.6419 28.6418 29.6416 30.4415 -31.496 -30.4963 -29.4969 
-28.4971 -27.4978 -26.4979 -25.4981 -24.4982 -23.4983 -22.4994 -21.5011 -20.5018 
-19.5018 -18.5026 -17.5027 -16.5027 -15.5027 -14.5027 -13.5027 -12.5027 -11.5027 
-10.5027 -9.50278 -8.50278 -7.50278 -6.50283 -5.50282 -4.50285 -3.50289 -2.50292 
-1.50297 -0.903097 0.919153 1.5189 2.51876 3.51873 4.51873 5.51869 6.51869 
7.51866 8.51865 9.51865 10.5187 11.5186 12.5186 13.5186 14.5186 15.5185 
16.5184 17.5183 18.5182 19.5177 20.5023 21.502 22.5017 23.5016 24.5013 
25.5012 26.5011 27.5009 28.5007 29.5003 30.4999 -30.4669 -29.4673 -28.4677 
-27.4679 -26.468 -25.4682 -24.4684 -23.4684 -22.4691 -21.4697 -20.4706 -19.4786 
-18.4838 -17.4839 -16.4839 -15.4839 -14.484 -13.484 -12.484 -11.484 -10.484 
-9.48399 -8.484 -7.48405 -6.48404 -5.48405 -4.48408 -3.48414 -2.48415 -1.48418 
-0.684411 0.617612 1.61728 2.61722 3.61721 4.61721 5.61718 6.6172 7.61718 
8.61714 9.61713 10.6171 11.6171 12.6171 13.6171 14.617 15.6169 16.6169 
17.6168 18.6166 19.6166 20.6163 21.616 22.6158 23.6157 24.6156 25.6155 
26.6155 27.6154 28.6153 29.6151 30.6144 -30.9851 -30.3851 -29.3854 -28.3858 
-27.3862 -26.3865 -25.3867 -24.3868 -23.3869 -22.3876 -21.3885 -20.389 -19.3891 
-18.3894 -17.3894 -16.3894 -15.3895 -14.3895 -13.3895 -12.3895 -11.3895 -10.3895 
-9.38956 -8.38958 -7.38956 -6.38957 -5.3896 -4.38961 -3.38961 -2.38966 -1.38966 
-0.589645 0.487001 1.48701 2.48692 3.48694 4.48689 5.48688 6.48686 7.48686 
8.48684 9.48683 10.4868 11.4868 12.4868 13.4868 14.4866 15.4862 16.4861 
17.4861 18.4858 19.4857 20.4856 21.4853 22.4851 23.485 24.4849 25.4849 
26.4848 27.4847 28.4846 29.4843 30.4839 -30.2602 -29.4603 -28.4606 -27.4608 
-26.4612 -25.4612 -24.4614 -23.4615 -22.4616 -21.4621 -20.4625 -19.4628 -18.4634 
-17.4634 -16.4635 -15.4635 -14.4635 -13.4635 -12.4636 -11.4636 -10.4636 -9.46362 
-8.4636 -7.46364 -6.46364 -5.46364 -4.46367 -3.46371 -2.46373 -1.46369 -0.463831 
0.591917 1.59164 2.59165 3.59164 4.59162 5.59157 6.59155 7.59156 8.59155 
9.59155 10.5915 11.5915 12.5915 13.5915 14.5914 15.5909 16.5908 17.5908 
18.5906 19.5904 20.5902 21.5867 22.5867 23.5866 24.5866 25.5866 26.5865 
27.5865 28.5864 -31.4041 -30.4046 -29.4049 -28.4049 -27.4052 -26.4054 -25.4056 
-24.4057 -23.4057 -22.4059 -21.406 -20.4072 -19.4096 -18.4104 -17.4105 -16.4106 
-15.4106 -14.4106 -13.4107 -12.4107 -11.4107 -10.4107 -9.41066 -8.41069 -7.41065 
-6.41066 -5.4107 -4.41073 -3.41075 -2.41075 -1.41077 -0.410927 0.814414 1.61424 
2.61417 3.61416 4.61413 5.61411 6.61409 7.61409 8.61407 9.61405 10.614 
11.614 12.614 13.614 14.614 15.614 16.6139 17.6138 18.6134 19.6045 
20.6041 21.604 22.6034 23.6027 24.6026 25.6025 26.6023 27.6021 28.602 
29.6019 30.4019 -31.387 -30.3873 -29.3878 -28.3882 -27.3886 -26.3888 -25.3891 
-24.3891 -23.3891 -22.3893 -21.3898 -20.3913 -19.3943 -18.4142 -17.4234 -16.4235 
-15.4236 -14.4236 -13.4235 -12.4235 -11.4236 -10.4236 -9.42357 -8.42358 -7.42363 
-6.42365 -5.42366 -4.42368 -3.42369 -2.42372 -1.42374 -0.623845 0.508671 1.50851 
2.50848 3.50851 4.50846 5.50845 6.50842 7.50841 8.50841 9.50837 10.5084 
11.5084 12.5083 13.5083 14.5083 15.5083 16.5083 17.5081 18.5004 19.4885 
20.4883 21.4881 22.488 23.4877 24.4876 25.4874 26.487 27.4867 28.4866 
29.4865 30.2863 -29.2037 -28.4037 -27.4037 -26.4038 -25.4039 -24.404 -23.4041 
-22.4044 -21.4045 -20.405 -19.4051 -18.4053 -17.4054 -16.4054 -15.4054 -14.4056 
-13.4057 -12.4056 -11.4056 -10.4057 -9.40565 -8.40566 -7.40568 -6.40571 -5.4057 
-4.40573 -3.40576 -2.40581 -1.40584 -0.405983 0.511484 1.51121 2.51119 3.51118 
4.51117 5.51115 6.51114 7.51112 8.51112 9.51109 10.5111 11.5111 12.5111 
13.5111 14.511 15.5105 16.5103 17.5103 18.5102 19.5099 20.5095 21.4427 
22.6065 23.606 24.6053 25.6044 26.6043 -30.956 -30.3561 -29.3565 -28.357 
-27.3574 -26.3578 -25.3579 -24.3581 -23.3581 -22.3585 -21.359 -20.3596 -19.3598 
-18.3638 -17.364 -16.3641 -15.3641 -14.3641 -13.3641 -12.3642 -11.3641 -10.3642 
-9.36418 -8.36421 -7.36418 -6.36425 -5.36424 -4.36425 -3.36428 -2.36433 -1.36437 
-0.271318 0.621645 1.62155 2.62148 3.62142 4.62144 5.62142 6.62142 7.6214 
8.62138 9.62138 10.6214 11.6213 12.6213 13.6213 14.6213 15.6213 16.6212 
17.6208 18.6201 19.6195 20.6192 21.6191 22.619 23.6188 24.6187 25.6186 
26.6185 27.6183 28.6179 29.6176 -30.234 -29.4343 -28.4345 -27.4348 -26.4352 
-25.4354 -24.4356 -23.4356 -22.4364 -21.437 -20.4374 -19.439 -18.4419 -17.442 
-16.4421 -15.4421 -14.442 -13.4421 -12.4421 -11.4421 -10.4421 -9.44213 -8.44211 
-7.44217 -6.44218 -5.44221 -4.44227 -3.44225 -2.44229 -1.44232 -0.442455 0.719637 
1.51938 2.51932 3.5193 4.51927 5.51925 6.51924 7.51924 8.51922 9.5192 
10.5192 11.5192 12.5192 13.5192 14.5191 15.519 16.519 17.519 18.5188 
19.5186 20.5164 21.5164 22.5163 23.5162 24.5161 25.5161 26.516 27.5159 
28.5158 29.5157 30.3157 -31.4967 -30.4968 -29.4971 -28.4975 -27.4978 -26.4978 
-25.4981 -24.4981 -23.4982 -22.4991 -21.5003 -20.5007 -19.5039 -18.5077 -17.5078 
-16.5078 -15.5078 -14.5078 -13.5078 -12.5078 -11.5079 -10.5078 -9.50789 -8.50792 
-7.50789 -6.5079 -5.50799 -4.50794 -3.50796 -2.50803 -1.50807 -0.908227 0.750352 
1.54991 2.54979 3.54978 4.54976 5.54973 6.54972 7.54971 8.54971 9.54968 
10.5497 11.5497 12.5497 13.5497 14.5496 15.5496 16.5495 17.5494 18.5491 
19.547 20.5428 21.5425 22.542 23.5418 24.5416 25.5415 26.5414 27.5413 
28.541 29.5407 30.5402 -31.2504 -30.4509 -29.4512 -28.4516 -27.452 -26.4523 
-25.4525 -24.4526 -23.4526 -22.4528 -21.4531 -20.4536 -19.459 -18.4773 -17.4773 
-16.4773 -15.4774 -14.4774 -13.4774 -12.4774 -11.4774 -10.4773 -9.47743 -8.47747 
-7.47747 -6.47747 -5.47752 -4.4775 -3.47753 -2.4776 -1.4776 -0.677656 0.599327 
1.59914 2.59909 3.59907 4.59901 5.599 6.59898 7.59899 8.59897 9.59893 
10.5989 11.5989 12.5989 13.5989 14.5989 15.5988 16.5988 17.5987 18.5973 
19.5947 20.5943 21.5934 22.5929 23.5925 24.5924 25.5922 26.5919 27.5918 
28.5917 29.5916 30.3914 -31.2896 -30.4902 -29.4905 -28.4909 -27.4911 -26.4912 
-25.4915 -24.4916 -23.4917 -22.4918 -21.4926 -20.493 -19.494 -18.5029 -17.5114 
-16.5115 -15.5116 -14.5116 -13.5115 -12.5116 -11.5116 -10.5116 -9.51161 -8.5116 
-7.51162 -6.51171 -5.51165 -4.51167 -3.51177 -2.51172 -1.51179 -0.511876 0.466034 
1.4659 2.46589 3.4658 4.46579 5.46576 6.46576 7.46573 8.46573 9.46572 
10.4657 11.4657 12.4657 13.4657 14.4657 15.4656 16.4656 17.4654 18.6547 
19.6432 20.643 21.6428 22.6427 23.6424 24.6424 25.6421 26.6417 27.6414 
28.6413 29.6412 30.441 -30.364 -29.3645 -28.3649 -27.3652 -26.3653 -25.3654 
-24.3655 -23.3656 -22.3663 -21.3666 -20.3667 -19.373 -18.3768 -17.3769 -16.377 
-15.377 -14.377 -13.377 -12.377 -11.377 -10.3771 -9.37704 -8.37708 -7.3771 
-6.37713 -5.37715 -4.37715 -3.37719 -2.37718 -1.37722 -0.577462 0.518942 1.51848 
2.51846 3.51842 4.51841 5.51837 6.51837 7.51836 8.51834 9.51833 10.5183 
11.5183 12.5183 13.5183 14.5182 15.518 16.5179 17.5179 18.5178 19.5176 
20.4815 21.4807 22.4806 23.4806 24.4806 25.4805 26.4805 27.4804 28.4803 
29.4802 30.4801 -30.3197 -29.5197 -28.5201 -27.5203 -26.521 -25.5213 -24.5214 
-23.5215 -22.5221 -21.5225 -20.5231 -19.5243 -18.5251 -17.5252 -16.5253 -15.5253 
-14.5254 -13.5255 -12.5254 -11.5254 -10.5255 -9.52548 -8.52545 -7.52547 -6.52552 
-5.52552 -4.52558 -3.52556 -2.52558 -1.5256 -0.525721 0.567775 1.56757 2.56753 
3.56747 4.56747 5.56746 6.56745 7.56744 8.56744 9.56743 10.5674 11.5674 
12.5674 13.5674 14.5673 15.5669 16.5669 17.5668 18.5667 19.5664 20.5648 
21.564 22.5639 23.5639 24.5637 25.5635 26.5634 27.5632 -31.4836 -30.4841 
-29.4845 -28.4848 -27.485 -26.4851 -25.4853 -24.4855 -23.4855 -22.4856 -21.4878 
-20.4887 -19.4911 -18.5088 -17.5171 -16.5172 -15.5172 -14.5172 -13.5173 -12.5173 
-11.5173 -10.5173 -9.51724 -8.5173 -7.51736 -6.51736 -5.51736 -4.51737 -3.51741 
-2.51743 -1.51746 -0.717542 0.468588 1.46849 2.46841 3.46836 4.46835 5.46833 
6.46832 7.4683 8.46828 9.46828 10.4683 11.4682 12.4682 13.4682 14.4682 
15.4682 16.4681 17.4679 18.4623 19.4518 20.4517 21.4514 22.4504 23.4502 
24.4501 25.4499 26.4495 27.4492 28.4491 29.4488 30.2485 -31.432 -30.4324 
-29.4326 -28.4327 -27.4331 -26.4333 -25.4335 -24.4336 -23.4337 -22.4338 -21.4354 
-20.4369 -19.4395 -18.4412 -17.442 -16.442 -15.4421 -14.4421 -13.4421 -12.4421 
-11.4422 -10.4421 -9.44214 -8.44216 -7.44218 -6.44222 -5.44225 -4.44219 -3.44226 
-2.44226 -1.44233 -0.442501 0.808371 1.60825 2.60819 3.60817 4.60816 5.60815 
6.60813 7.60812 8.60811 9.6081 10.6081 11.6081 12.6081 13.6081 14.6081 
15.608 16.608 17.6078 18.606 19.6026 20.6025 21.6021 22.6016 23.6013 
24.6013 25.6012 26.6009 27.6007 28.6005 29.6004 30.4001 -29.9542 -29.3545 
-28.355 -27.3552 -26.3558 -25.356 -24.3562 -23.3562 -22.3568 -21.3573 -20.3576 
-19.3621 -18.3674 -17.3675 -16.3676 -15.3676 -14.3676 -13.3677 -12.3677 -11.3677 
-10.3677 -9.36766 -8.36772 -7.36768 -6.36771 -5.36771 -4.36778 -3.36777 -2.36781 
-1.36787 -0.567888 0.47313 1.47316 2.47306 3.473 4.47299 5.47299 6.47298 
7.47298 8.47295 9.47292 10.4729 11.4729 12.4729 13.4729 14.4728 15.4725 
16.4724 17.4724 18.4721 19.4719 20.4181 21.5908 22.5905 23.5905 24.5905 
25.5904 26.5904 27.5902 28.5902 -30.2639 -29.4643 -28.4645 -27.4647 -26.4652 
-25.4653 -24.4655 -23.4655 -22.4655 -21.4659 -20.4662 -19.4676 -18.4685 -17.4685 
-16.4686 -15.4686 -14.4686 -13.4686 -12.4686 -11.4687 -10.4687 -9.46872 -8.46875 
-7.46871 -6.46873 -5.46876 -4.46878 -3.46883 -2.46882 -1.46886 -0.468786 0.637613 
1.63704 2.637 3.63703 4.63698 5.63697 6.63695 7.63694 8.63694 9.63692 
10.6369 11.6369 12.6369 13.6369 14.6367 15.6364 16.6364 17.6364 18.6361 
19.636 20.6354 21.6353 22.6352 23.6351 24.635 25.635 26.635 27.6348 
28.6348 -29.4583 -28.4587 -27.459 -26.4592 -25.4594 -24.4595 -23.4596 -22.4599 
-21.4604 -20.461 -19.4618 -18.4635 -17.4637 -16.4637 -15.4638 -14.4638 -13.4638 
-12.4638 -11.4639 -10.4638 -9.46385 -8.46388 -7.46391 -6.46394 -5.46392 -4.46398 
-3.46398 -2.46404 -1.464 -0.46415 0.564387 1.56426 2.56427 3.56421 4.56418 
5.56416 6.56414 7.56414 8.56413 9.5641 10.5641 11.5641 12.5641 13.5641 
14.5639 15.5634 16.5634 17.5633 18.5632 19.5631 20.5521 21.5463 22.5461 
23.546 24.5457 25.5456 26.5455 -30.0184 -29.4191 -28.4192 -27.4194 -26.4202 
-25.4203 -24.4204 -23.4205 -22.4205 -21.4211 -20.4224 -19.4225 -18.429 -17.4292 
-16.4293 -15.4293 -14.4294 -13.4294 -12.4294 -11.4294 -10.4294 -9.42936 -8.42941 
-7.4294 -6.42942 -5.42946 -4.42945 -3.42953 -2.42954 -1.42959 -0.629654 0.459459 
1.45937 2.45925 3.45929 4.45922 5.45919 6.45921 7.45917 8.45916 9.45916 
10.4591 11.4591 12.4591 13.4591 14.459 15.4589 16.4588 17.4587 18.4585 
19.5831 20.5426 21.5424 22.5422 23.5422 24.5421 25.5421 26.542 27.5419 
28.5418 29.5416 -31.3225 -30.5229 -29.5231 -28.5236 -27.5241 -26.5246 -25.5247 
-24.5248 -23.5248 -22.5249 -21.5257 -20.5266 -19.5281 -18.3529 -17.3529 -16.353 
-15.353 -14.353 -13.3531 -12.3531 -11.3531 -10.3531 -9.3531 -8.35314 -7.35316 
-6.35316 -5.35316 -4.3532 -3.35328 -2.35326 -1.35327 -0.553373 0.593591 1.59321 
2.5932 3.59318 4.59315 5.59314 6.59312 7.59311 8.59311 9.5931 10.5931 
11.5931 12.5931 13.5931 14.593 15.593 16.5929 17.5927 18.5923 19.5873 
20.5868 21.5863 22.586 23.5854 24.5853 25.5852 26.5849 27.5847 28.5846 
29.5844 30.5843 -29.2633 -28.4634 -27.4634 -26.4636 -25.4636 -24.4638 -23.4639 
-22.464 -21.4645 -20.4657 -19.4661 -18.4662 -17.4662 -16.4663 -15.4663 -14.4664 
-13.4665 -12.4666 -11.4666 -10.4666 -9.46656 -8.46659 -7.46664 -6.46663 -5.46664 
-4.4667 -3.46669 -2.46669 -1.46671 -0.299878 0.633706 1.63325 2.63322 3.63319 
4.6332 5.63317 6.63317 7.63316 8.63314 9.63313 10.6331 11.6331 12.6331 
13.6331 14.6329 15.632 16.6319 17.6318 18.6318 19.6317 20.6315 21.6169 
22.6097 23.6093 24.6087 25.6083 26.6082 -30.293 -29.4932 -28.4935 -27.4937 
-26.494 -25.494 -24.4942 -23.4943 -22.4947 -21.4951 -20.4954 -19.4956 -18.4964 
-17.4965 -16.4965 -15.4966 -14.4966 -13.4966 -12.4967 -11.4967 -10.4967 -9.49665 
-8.4967 -7.49669 -6.49669 -5.49677 -4.49674 -3.49674 -2.49678 -1.49677 -0.497131 
0.608182 1.60767 2.60766 3.60763 4.60763 5.6076 6.60757 7.60758 8.60757 
9.60755 10.6076 11.6076 12.6075 13.6075 14.6074 15.607 16.607 17.607 
18.6069 19.6067 20.604 21.6034 22.6031 23.603 24.6029 25.6029 26.6029 
27.6027 28.6026 29.6026 -29.2372 -28.4375 -27.4378 -26.4379 -25.4381 -24.4382 
-23.4383 -22.4387 -21.4391 -20.4397 -19.4409 -18.4429 -17.4432 -16.4432 -15.4432 
-14.4433 -13.4433 -12.4433 -11.4433 -10.4433 -9.4433 -8.44332 -7.44335 -6.44338 
-5.44337 -4.44341 -3.44345 -2.44348 -1.44344 -0.443509 0.576638 1.57655 2.57648 
3.57651 4.57646 5.57644 6.57641 7.5764 8.57639 9.57637 10.5764 11.5764 
12.5764 13.5763 14.5762 15.5758 16.5757 17.5757 18.5756 19.5754 20.5362 
21.5166 22.5164 23.5163 24.516 25.5159 26.5159 -31.1787 -30.3788 -29.3792 
-28.3794 -27.3798 -26.38 -25.3802 -24.3804 -23.3804 -22.3806 -21.3809 -20.3811 
-19.3849 -18.4055 -17.4056 -16.4057 -15.4057 -14.4057 -13.4057 -12.4057 -11.4057 
-10.4057 -9.40576 -8.40575 -7.40579 -6.40582 -5.40584 -4.40586 -3.40588 -2.40588 
-1.40594 -0.606034 0.481742 1.48167 2.48165 3.48163 4.48159 5.48158 6.48156 
7.48154 8.48153 9.48151 10.4815 11.4815 12.4815 13.4815 14.4815 15.4814 
16.4814 17.4813 18.4809 19.4806 20.48 21.4788 22.4781 23.4773 24.4771 
25.477 26.4769 27.4766 28.4766 29.4764 30.2763 -29.2812 -28.4814 -27.4815 
-26.4815 -25.4817 -24.4817 -23.4818 -22.4823 -21.4828 -20.4832 -19.4856 -18.487 
-17.4871 -16.4872 -15.4871 -14.4873 -13.4874 -12.4874 -11.4874 -10.4874 -9.48741 
-8.48743 -7.48745 -6.4875 -5.48748 -4.48753 -3.48752 -2.48752 -1.48755 -0.487711 
0.458866 1.45845 2.45837 3.4584 4.45837 5.45835 6.45832 7.45833 8.45831 
9.4583 10.4583 11.4583 12.4583 13.4583 14.4582 15.4572 16.457 17.457 
18.4569 19.4569 20.4566 21.4563 22.4559 23.4558 24.4554 25.4549 26.4547 
-30.4871 -29.4875 -28.488 -27.4883 -26.489 -25.4891 -24.4893 -23.4893 -22.4895 
-21.4906 -20.4917 -19.4921 -18.5143 -17.5159 -16.516 -15.516 -14.516 -13.516 
-12.516 -11.516 -10.516 -9.51606 -8.5161 -7.51611 -6.51611 -5.51612 -4.51614 
-3.51621 -2.51624 -1.51626 -0.516349 0.595365 1.59528 2.59521 3.59515 4.59516 
5.59513 6.59513 7.5951 8.5951 9.59507 10.595 11.5951 12.595 13.595 
14.595 15.595 16.5949 17.5945 18.5943 19.5681 20.5679 21.5675 22.5673 
23.5671 24.5669 25.5668 26.5667 27.5665 28.5662 29.5658 30.3654 -29.5108 
-28.5112 -27.5112 -26.5114 -25.5116 -24.5118 -23.5119 -22.512 -21.5124 -20.5129 
-19.5176 -18.5204 -17.5205 -16.5205 -15.5205 -14.5206 -13.5206 -12.5206 -11.5207 
-10.5207 -9.52066 -8.52071 -7.52072 -6.52071 -5.52073 -4.52075 -3.52076 -2.52076 
-1.52078 -0.520917 0.468906 1.46857 2.46853 3.46853 4.46852 5.4685 6.46847 
7.46846 8.46847 9.46844 10.4684 11.4684 12.4684 13.4684 14.4683 15.4676 
16.4674 17.4674 18.4673 19.4672 20.4664 21.4647 22.4641 23.464 24.4637 
25.4634 26.4633 27.4632 -31.5023 -30.5027 -29.5031 -28.5036 -27.5043 -26.5043 
-25.5046 -24.5046 -23.5047 -22.5052 -21.5062 -20.5067 -19.5067 -18.5096 -17.5097 
-16.5097 -15.5097 -14.5098 -13.5098 -12.5098 -11.5098 -10.5098 -9.50983 -8.50989 
-7.50986 -6.50986 -5.50988 -4.50991 -3.50995 -2.50994 -1.51002 -0.910123 0.496721 
1.49663 2.49652 3.49655 4.49649 5.49649 6.49648 7.49646 8.49644 9.49644 
10.4964 11.4965 12.4964 13.4964 14.4964 15.4963 16.4963 17.4961 18.4959 
19.4822 20.482 21.4819 22.4815 23.4813 24.4813 25.4811 26.4808 27.4807 
28.4805 29.4803 30.2799 -31.3685 -30.369 -29.3695 -28.3698 -27.3701 -26.3702 
-25.3704 -24.3704 -23.3705 -22.3706 -21.3722 -20.3732 -19.3758 -18.3971 -17.4282 
-16.4282 -15.4283 -14.4283 -13.4283 -12.4283 -11.4283 -10.4283 -9.42834 -8.42838 
-7.42837 -6.42841 -5.4284 -4.42842 -3.42847 -2.42849 -1.42856 -0.428597 0.52689 
1.52676 2.52675 3.52668 4.52668 5.52667 6.52665 7.52664 8.52662 9.5266 
10.5266 11.5266 12.5266 13.5266 14.5265 15.5265 16.5264 17.5262 18.478 
19.4768 20.4764 21.4753 22.474 23.4737 24.4736 25.4734 26.4727 27.4724 
28.4722 29.4721 30.4718 -30.2763 -29.4768 -28.477 -27.4773 -26.4776 -25.4777 
-24.478 -23.4781 -22.4785 -21.4789 -20.4792 -19.4819 -18.485 -17.4851 -16.4851 
-15.4851 -14.4852 -13.4852 -12.4852 -11.4852 -10.4852 -9.48522 -8.48522 -7.48523 
-6.48527 -5.48529 -4.48526 -3.48531 -2.48529 -1.48538 -0.685491 0.594904 1.59471 
2.59467 3.59461 4.59463 5.5946 6.59459 7.59458 8.59455 9.59452 10.5945 
11.5945 12.5945 13.5945 14.5944 15.5942 16.5941 17.5941 18.5939 19.5937 
20.5887 21.5886 22.5885 23.5884 24.5883 25.5883 26.5883 27.5881 28.5881 
29.588 30.388 -31.2501 -30.4503 -29.4507 -28.4508 -27.4512 -26.4514 -25.4517 
-24.4518 -23.4518 -22.4521 -21.4523 -20.4524 -19.4566 -18.4657 -17.4658 -16.4659 
-15.4659 -14.4659 -13.466 -12.4659 -11.466 -10.466 -9.46598 -8.46596 -7.466 
-6.46604 -5.46602 -4.46607 -3.46608 -2.46608 -1.46611 -0.331492 0.602874 1.60261 
2.60259 3.60254 4.60253 5.6025 6.60249 7.60249 8.60248 9.60245 10.6025 
11.6024 12.6024 13.6024 14.6023 15.602 16.602 17.6018 18.6016 19.5948 
20.591 21.5908 22.5907 23.5905 24.5904 25.5903 26.5901 27.59 28.5899 
29.5894 30.5891 -30.3391 -29.5391 -28.5394 -27.5396 -26.5399 -25.5401 -24.5401 
-23.5402 -22.5407 -21.5413 -20.542 -19.5422 -18.5424 -17.5427 -16.5427 -15.5427 
-14.5428 -13.5428 -12.5428 -11.5428 -10.5428 -9.54285 -8.54285 -7.54291 -6.54291 
-5.54286 -4.54292 -3.54297 -2.54297 -1.54298 -0.543158 0.688211 1.48799 2.48793 
3.48792 4.48792 5.48787 6.48785 7.48786 8.48784 9.48784 10.4878 11.4878 
12.4878 13.4878 14.4878 15.4875 16.4875 17.4874 18.4872 19.4871 20.484 
21.4839 22.4837 23.4836 24.4835 25.4835 26.4834 27.4833 28.4832 29.4832 
30.4831 -30.2193 -29.4197 -28.4201 -27.4202 -26.4203 -25.4205 -24.4207 -23.4208 
-22.4209 -21.4214 -20.4218 -19.427 -18.4301 -17.4301 -16.4302 -15.4302 -14.4302 
-13.4303 -12.4303 -11.4303 -10.4303 -9.43032 -8.43032 -7.43032 -6.43041 -5.4304 
-4.43043 -3.43045 -2.43046 -1.43047 -0.430604 0.580033 1.57987 2.57979 3.57983 
4.5798 5.57976 6.57975 7.57976 8.57974 9.5797 10.5797 11.5797 12.5797 
13.5797 14.5795 15.5789 16.5788 17.5788 18.5787 19.5787 20.5782 21.578 
22.5779 23.5778 24.5775 25.5773 26.5772 27.5771 -30.3992 -29.3996 -28.4 
-27.4003 -26.4009 -25.401 -24.4012 -23.4014 -22.4017 -21.402 -20.402 -19.4068 
-18.4191 -17.4192 -16.4193 -15.4193 -14.4194 -13.4194 -12.4193 -11.4193 -10.4194 
-9.41942 -8.41937 -7.41941 -6.41944 -5.41944 -4.41953 -3.41952 -2.41957 -1.41954 
-0.419703 0.653318 1.45316 2.4531 3.45309 4.45305 5.45304 6.45301 7.45301 
8.453 9.45299 10.453 11.453 12.453 13.4529 14.4529 15.4528 16.4528 
17.4526 18.4522 19.4517 20.4515 21.4513 22.451 23.4506 24.4505 25.4505 
26.4504 27.4502 28.4501 29.4497 30.4491 -31.532 -30.5326 -29.5329 -28.533 
-27.5333 -26.5336 -25.5337 -24.5338 -23.5338 -22.5339 -21.534 -20.5348 -19.5363 
-18.5363 -17.5364 -16.5365 -15.5365 -14.5365 -13.5366 -12.5365 -11.5366 -10.5366 
-9.53655 -8.53658 -7.5366 -6.5366 -5.53665 -4.53666 -3.53668 -2.53674 -1.53675 
-0.736874 0.470948 1.47058 2.47056 3.47055 4.47052 5.4705 6.4705 7.47049 
8.47047 9.47046 10.4704 11.4704 12.4705 13.4704 14.4704 15.4703 16.4703 
17.4701 18.4698 19.4649 20.4646 21.4639 22.4636 23.4629 24.4629 25.4627 
26.4625 27.4622 28.4622 29.462 30.4617 -30.257 -29.4575 -28.4579 -27.4584 
-26.4588 -25.459 -24.4591 -23.4592 -22.4596 -21.4599 -20.461 -19.461 -18.4709 
-17.4713 -16.4714 -15.4714 -14.4715 -13.4715 -12.4714 -11.4715 -10.4714 -9.4715 
-8.47146 -7.47149 -6.4715 -5.47153 -4.47155 -3.4716 -2.4716 -1.47163 -0.471727 
0.840322 1.64021 2.6402 3.64012 4.64013 5.64009 6.64007 7.64008 8.64005 
9.64005 10.6401 11.6401 12.64 13.64 14.64 15.64 16.6399 17.6398 
18.6395 19.6156 20.5903 21.5894 22.5891 23.5891 24.589 25.5889 26.5888 
27.5887 28.5886 29.5884 30.5881 -31.225 -30.425 -29.4254 -28.4259 -27.4265 
-26.4266 -25.4268 -24.427 -23.427 -22.4272 -21.428 -20.4284 -19.4349 -18.4414 
-17.4415 -16.4416 -15.4416 -14.4416 -13.4416 -12.4416 -11.4416 -10.4416 -9.44161 
-8.44165 -7.44166 -6.44166 -5.44174 -4.44174 -3.44174 -2.44179 -1.44179 -0.841929 
0.546627 1.54651 2.54645 3.54639 4.54638 5.54637 6.54636 7.54635 8.54632 
9.54633 10.5463 11.5463 12.5463 13.5463 14.5463 15.5462 16.5461 17.5461 
18.5459 19.5345 20.529 21.5285 22.5283 23.5279 24.5278 25.5277 26.5275 
27.5274 28.5273 29.527 30.5265 -31.2034 -30.4036 -29.404 -28.4045 -27.4053 
-26.4055 -25.4056 -24.4057 -23.4058 -22.4059 -21.4062 -20.4074 -19.4074 -18.4255 
-17.4286 -16.4288 -15.4288 -14.4288 -13.4288 -12.4288 -11.4288 -10.4288 -9.42883 
-8.42886 -7.42888 -6.4289 -5.42893 -4.42895 -3.429 -2.42901 -1.42906 -0.629111 
0.502182 1.50209 2.50201 3.502 4.50196 5.50196 6.50194 7.50192 8.50191 
9.50188 10.5019 11.5019 12.5019 13.5018 14.5018 15.5018 16.5017 17.5013 
18.4971 19.4834 20.4832 21.4827 22.4824 23.4822 24.4821 25.482 26.4816 
27.4814 28.4812 29.481 30.2807 -31.1342 -30.5345 -29.5347 -28.5353 -27.5359 
-26.5363 -25.5364 -24.5366 -23.5366 -22.5368 -21.5371 -20.5384 -19.5385 -18.3575 
-17.3603 -16.3603 -15.3604 -14.3604 -13.3604 -12.3604 -11.3604 -10.3604 -9.36045 
-8.36047 -7.36049 -6.36053 -5.36055 -4.36054 -3.3606 -2.3606 -1.36069 -0.560741 
0.566864 1.5668 2.56671 3.5667 4.56667 5.56665 6.56663 7.56661 8.56658 
9.56657 10.5665 11.5666 12.5665 13.5665 14.5665 15.5665 16.5664 17.566 
18.5521 19.5245 20.524 21.5229 22.5224 23.522 24.5219 25.5218 26.5215 
27.5214 28.5211 29.5208 30.3204 -29.3377 -28.5377 -27.5377 -26.5377 -25.5378 
-24.5379 -23.538 -22.538 -21.5383 -20.539 -19.5429 -18.543 -17.5431 -16.5431 
-15.5431 -14.5432 -13.5433 -12.5433 -11.5433 -10.5433 -9.54332 -8.54333 -7.54337 
-6.54338 -5.5434 -4.54341 -3.54346 -2.54346 -1.54347 -0.543651 0.572682 1.5725 
2.57248 3.57243 4.57243 5.5724 6.5724 7.57238 8.57238 9.57236 10.5724 
11.5724 12.5724 13.5723 14.5721 15.5715 16.5714 17.5714 18.5713 19.5712 
20.5711 21.4662 22.4653 23.4646 24.4643 25.4636 26.4636 -31.3649 -30.3652 
-29.3657 -28.366 -27.3664 -26.3666 -25.3669 -24.3669 -23.3669 -22.367 -21.3671 
-20.3681 -19.3704 -18.3885 -17.4008 -16.4008 -15.4009 -14.4009 -13.4009 -12.4009 
-11.4009 -10.4009 -9.40094 -8.40093 -7.40095 -6.40096 -5.40099 -4.40099 -3.40102 
-2.40105 -1.4011 -0.401155 0.648787 1.44871 2.44866 3.44862 4.44859 5.44859 
6.44857 7.44854 8.44854 9.44852 10.4485 11.4485 12.4485 13.4485 14.4484 
15.4484 16.4483 17.648 18.636 19.6278 20.6275 21.6273 22.6266 23.6265 
24.6265 25.6261 26.6255 27.6252 28.6251 29.625 -29.5137 -28.5138 -27.514 
-26.5145 -25.5147 -24.5148 -23.5148 -22.5152 -21.5157 -20.5163 -19.5171 -18.5187 
-17.5189 -16.519 -15.5191 -14.5191 -13.5191 -12.5191 -11.5192 -10.5191 -9.51918 
-8.51916 -7.51922 -6.51922 -5.51926 -4.51923 -3.51925 -2.51933 -1.51933 -0.519431 
0.536925 1.53676 2.53668 3.53669 4.53667 5.53663 6.53661 7.5366 8.53661 
9.53658 10.5366 11.5365 12.5366 13.5365 14.5364 15.5359 16.5358 17.5357 
18.5355 19.5353 20.5322 21.5297 22.5297 23.5296 24.5292 25.5289 26.5288 
27.5287 -30.0179 -29.4178 -28.4179 -27.4181 -26.4187 -25.4191 -24.4192 -23.4193 
-22.4198 -21.4202 -20.4206 -19.4238 -18.4277 -17.4279 -16.4279 -15.4279 -14.428 
-13.4281 -12.4281 -11.4281 -10.4281 -9.42809 -8.42808 -7.42811 -6.42814 -5.42813 
-4.42814 -3.42816 -2.42822 -1.42822 -0.42843 0.629977 1.62983 2.62974 3.62973 
4.62972 5.62969 6.62967 7.62965 8.62964 9.62964 10.6296 11.6296 12.6296 
13.6296 14.6296 15.6293 16.6292 17.6291 18.629 19.6289 20.6264 21.6225 
22.6224 23.6224 24.6223 25.6219 26.6218 27.4217 -30.5408 -29.5411 -28.5413 
-27.5415 -26.5418 -25.542 -24.5421 -23.5422 -22.5425 -21.5431 -20.5435 -19.3506 
-18.3549 -17.3551 -16.3552 -15.3552 -14.3552 -13.3552 -12.3552 -11.3552 -10.3552 
-9.35524 -8.35528 -7.35528 -6.35528 -5.35529 -4.35532 -3.35534 -2.35536 -1.35543 
-0.55566 0.65514 1.45479 2.45471 3.45467 4.45467 5.45464 6.45462 7.45461 
8.4546 9.45458 10.4546 11.4546 12.4546 13.4546 14.4545 15.4544 16.4543 
17.4543 18.4541 19.454 20.606 21.6058 22.6055 23.6054 24.6053 25.6053 
26.6052 27.6051 28.6049 29.6046 30.6042 -29.248 -28.4483 -27.4484 -26.4485 
-25.4487 -24.4488 -23.4488 -22.4491 -21.4494 -20.4495 -19.45 -18.4507 -17.4508 
-16.4509 -15.4509 -14.4511 -13.4512 -12.4512 -11.4512 -10.4512 -9.45122 -8.4512 
-7.45128 -6.45128 -5.45133 -4.45133 -3.45135 -2.45135 -1.45139 -0.451568 0.497621 
1.49719 2.4972 3.49712 4.49709 5.4971 6.49708 7.49709 8.49706 9.49706 
10.4971 11.4971 12.4971 13.497 14.4969 15.4963 16.4961 17.4961 18.496 
19.4958 20.4955 21.4953 22.4951 23.4948 24.4944 25.4939 26.4938 -31.2665 
-30.467 -29.4673 -28.4673 -27.4677 -26.468 -25.4681 -24.4682 -23.4682 -22.4685 
-21.4705 -20.4709 -19.4723 -18.4809 -17.481 -16.4811 -15.4812 -14.4811 -13.4812 
-12.4812 -11.4812 -10.4812 -9.48119 -8.48121 -7.48126 -6.4813 -5.48126 -4.48132 
-3.48134 -2.48134 -1.48136 -0.481666 0.749063 1.5487 2.54865 3.54864 4.5486 
5.54859 6.54858 7.54856 8.54854 9.54854 10.5485 11.5485 12.5485 13.5485 
14.5485 15.5484 16.5484 17.5483 18.5481 19.5457 20.5456 21.5449 22.5444 
23.5439 24.5438 25.5437 26.5435 27.5432 28.543 29.543 30.3428 -30.0625 
-29.4625 -28.4629 -27.4631 -26.4635 -25.4637 -24.4638 -23.4638 -22.4644 -21.4646 
-20.4647 -19.4678 -18.4715 -17.4717 -16.4718 -15.4718 -14.4718 -13.4719 -12.4719 
-11.4719 -10.4718 -9.47189 -8.47188 -7.47197 -6.47193 -5.47195 -4.47196 -3.47196 
-2.47199 -1.47204 -0.472147 0.598407 1.59814 2.59807 3.59808 4.59805 5.59803 
6.59802 7.598 8.598 9.59801 10.598 11.598 12.598 13.598 14.5979 
15.5974 16.5973 17.5972 18.5971 19.597 20.5959 21.5958 22.5957 23.5956 
24.5954 25.5952 26.5951 27.3951 -30.4559 -29.4564 -28.4568 -27.4571 -26.4572 
-25.4573 -24.4575 -23.4576 -22.4586 -21.4592 -20.4593 -19.4607 -18.4635 -17.4637 
-16.4637 -15.4637 -14.4637 -13.4638 -12.4638 -11.4638 -10.4638 -9.46384 -8.46383 
-7.46383 -6.46387 -5.46391 -4.46389 -3.46395 -2.46396 -1.46399 -0.464174 0.819385 
1.619 2.61895 3.61893 4.61892 5.6189 6.61887 7.61886 8.61885 9.61884 
10.6188 11.6188 12.6188 13.6188 14.6187 15.6185 16.6185 17.6184 18.6183 
19.6182 20.6081 21.608 22.6077 23.6077 24.6076 25.6076 26.6076 27.6075 
28.6074 29.6072 30.6071 -30.1733 -29.3737 -28.374 -27.3742 -26.3747 -25.3748 
-24.3749 -23.3751 -22.3753 -21.3758 -20.376 -19.3812 -18.384 -17.3841 -16.3841 
-15.3842 -14.3842 -13.3842 -12.3842 -11.3842 -10.3843 -9.38421 -8.38422 -7.38426 
-6.38423 -5.38428 -4.38432 -3.38433 -2.38435 -1.38438 -0.384516 0.560034 1.55953 
2.55948 3.55948 4.55946 5.55944 6.55942 7.55944 8.55943 9.5594 10.5594 
11.5594 12.5594 13.5594 14.5593 15.5591 16.5589 17.559 18.5588 19.5585 
20.5583 21.5582 22.5581 23.5581 24.558 25.558 26.5579 27.5579 28.5578 
-30.3117 -29.5121 -28.5125 -27.5127 -26.5133 -25.5136 -24.5138 -23.5139 -22.5143 
-21.5144 -20.5153 -19.5154 -18.5281 -17.5288 -16.5289 -15.5289 -14.5289 -13.5289 
-12.5289 -11.5289 -10.529 -9.52896 -8.52896 -7.52898 -6.52898 -5.52902 -4.52908 
-3.52907 -2.52909 -1.52914 -0.529252 0.683511 1.48339 2.48336 3.48331 4.48329 
5.48326 6.48325 7.48323 8.48322 9.48319 10.4832 11.4832 12.4832 13.4832 
14.4831 15.4831 16.483 17.4828 18.4825 19.482 20.4817 21.4815 22.4812 
23.4808 24.4807 25.4807 26.4806 27.4805 28.4803 29.4799 30.4793 -30.1318 
-29.532 -28.5325 -27.5326 -26.5329 -25.5332 -24.5333 -23.5334 -22.5337 -21.5342 
-20.5343 -19.5361 -18.5378 -17.538 -16.538 -15.5381 -14.5381 -13.5382 -12.5383 
-11.5383 -10.5383 -9.53824 -8.53827 -7.53827 -6.53834 -5.53831 -4.53837 -3.53838 
-2.5384 -1.53841 -0.538551 0.480932 1.48053 2.48051 3.48048 4.48049 5.48045 
6.48043 7.48042 8.48043 9.48044 10.4804 11.4804 12.4804 13.4804 14.4803 
15.4797 16.4796 17.4795 18.4794 19.4793 20.4778 21.4763 22.4763 23.4762 
24.4759 25.4757 26.4756 27.4755 -29.2026 -28.4028 -27.4029 -26.403 -25.4031 
-24.4032 -23.4033 -22.4038 -21.4043 -20.4048 -19.4069 -18.4081 -17.4083 -16.4083 
-15.4084 -14.4085 -13.4085 -12.4086 -11.4086 -10.4086 -9.40857 -8.40862 -7.40864 
-6.40867 -5.40866 -4.40867 -3.4087 -2.40868 -1.40873 -0.408899 0.56149 1.56123 
2.56122 3.56118 4.56116 5.56114 6.56114 7.56112 8.5611 9.56111 10.5611 
11.5611 12.5611 13.5611 14.561 15.5604 16.5602 17.5602 18.5601 19.56 
20.5596 21.5589 22.5589 23.5585 24.5583 25.5579 26.5577 -30.1538 -29.3539 
-28.3542 -27.3544 -26.3551 -25.3554 -24.3554 -23.3555 -22.3561 -21.3569 -20.3575 
-19.3581 -18.3584 -17.3585 -16.3586 -15.3586 -14.3586 -13.3587 -12.3587 -11.3587 
-10.3587 -9.3587 -8.35873 -7.35876 -6.35876 -5.3588 -4.35878 -3.3588 -2.35887 
-1.35885 -0.559021 0.498116 1.4978 2.49772 3.49767 4.49768 5.49766 6.49765 
7.49764 8.49762 9.49763 10.4976 11.4976 12.4976 13.4976 14.4974 15.4969 
16.4967 17.4967 18.4965 19.4964 20.4961 21.4948 22.4946 23.4945 24.4944 
25.4942 26.4941 27.494 -29.2883 -28.4883 -27.4884 -26.4885 -25.4885 -24.4886 
-23.4887 -22.4889 -21.4891 -20.4895 -19.4896 -18.4899 -17.49 -16.49 -15.4901 
-14.4902 -13.4902 -12.4903 -11.4902 -10.4903 -9.49029 -8.49028 -7.49029 -6.49032 
-5.4903 -4.49035 -3.49033 -2.49039 -1.49045 -0.490545 0.639315 1.63897 2.63896 
3.63893 4.63892 5.63891 6.63888 7.63887 8.63888 9.63885 10.6389 11.6389 
12.6389 13.6388 14.6386 15.6379 16.6379 17.6379 18.6378 19.6377 20.6373 
21.5442 22.5441 23.5437 24.5434 25.5429 26.5428 -30.1589 -29.3593 -28.3594 
-27.3597 -26.3601 -25.3603 -24.3604 -23.3605 -22.3613 -21.3618 -20.3622 -19.3644 
-18.3668 -17.3669 -16.3669 -15.367 -14.367 -13.367 -12.367 -11.3671 -10.3671 
-9.36705 -8.36707 -7.36714 -6.36712 -5.3671 -4.36716 -3.36714 -2.36715 -1.36724 
-0.567382 0.609058 1.60866 2.60865 3.60861 4.60859 5.60856 6.60855 7.60857 
8.60855 9.60852 10.6085 11.6085 12.6085 13.6085 14.6084 15.6083 16.6082 
17.6082 18.608 19.6078 20.5672 21.567 22.567 23.567 24.5669 25.5669 
26.5668 27.5667 28.5666 29.5666 30.5665 -31.4977 -30.4978 -29.4981 -28.4986 
-27.4992 -26.4993 -25.4995 -24.4996 -23.4998 -22.5001 -21.5006 -20.5011 -19.5013 
-18.5017 -17.5016 -16.5017 -15.5018 -14.5017 -13.5018 -12.5018 -11.5018 -10.5018 
-9.50181 -8.50184 -7.50185 -6.50186 -5.50189 -4.50192 -3.5019 -2.50198 -1.50197 
-0.902223 0.901818 1.50139 2.50128 3.50125 4.50123 5.5012 6.50118 7.50116 
8.50115 9.50113 10.5011 11.5011 12.5011 13.5011 14.5011 15.501 16.5009 
17.5008 18.5007 19.5005 20.4964 21.4964 22.4959 23.4958 24.4955 25.4955 
26.4954 27.4953 28.4952 29.4949 30.4947 -31.5487 -30.549 -29.5493 -28.5497 
-27.5502 -26.5505 -25.5507 -24.5509 -23.5509 -22.551 -21.3525 -20.3543 -19.3551 
-18.3755 -17.3756 -16.3757 -15.3757 -14.3757 -13.3757 -12.3758 -11.3757 -10.3757 
-9.37576 -8.37577 -7.37582 -6.37582 -5.37582 -4.37585 -3.37585 -2.37587 -1.37592 
-0.376085 0.623563 1.62343 2.62337 3.62334 4.6233 5.62327 6.62328 7.62327 
8.62324 9.62323 10.6232 11.6232 12.6232 13.6232 14.6232 15.6232 16.6231 
17.6228 18.6203 19.6179 20.6175 21.6168 22.616 23.6159 24.6158 25.6156 
26.6151 27.6149 28.6147 29.6146 30.6144 -30.2591 -29.4592 -28.4595 -27.4597 
-26.4601 -25.4603 -24.4604 -23.4606 -22.4607 -21.4612 -20.4617 -19.462 -18.4626 
-17.4627 -16.4627 -15.4627 -14.4628 -13.4628 -12.4628 -11.4628 -10.4629 -9.46286 
-8.46288 -7.46287 -6.4629 -5.46291 -4.46293 -3.46297 -2.46296 -1.463 -0.663115 
0.46621 1.46587 2.46579 3.46578 4.46579 5.46577 6.46576 7.46574 8.46573 
9.46572 10.4657 11.4657 12.4657 13.4657 14.4655 15.4651 16.465 17.4649 
18.4648 19.4647 20.4643 21.4642 22.464 23.4639 24.4639 25.4638 26.4638 
27.4638 28.4637 -30.0294 -29.4296 -28.4299 -27.43 -26.4305 -25.4308 -24.4309 
-23.4309 -22.4316 -21.4322 -20.4324 -19.4383 -18.4456 -17.4458 -16.4459 -15.4459 
-14.446 -13.446 -12.446 -11.446 -10.446 -9.44603 -8.44605 -7.44608 -6.4461 
-5.44614 -4.44609 -3.44618 -2.44614 -1.44619 -0.427352 0.61057 1.61053 2.61044 
3.61043 4.6104 5.6104 6.61038 7.61036 8.61035 9.61032 10.6103 11.6103 
12.6103 13.6103 14.6101 15.6099 16.6098 17.6098 18.6095 19.6093 20.5342 
21.5335 22.5332 23.5332 24.5331 25.5331 26.533 27.5329 28.5329 29.3328 
-31.5016 -30.5024 -29.5027 -28.5031 -27.5032 -26.5033 -25.5035 -24.5036 -23.5036 
-22.5037 -21.5042 -20.5065 -19.5088 -18.5114 -17.5131 -16.5133 -15.5133 -14.5134 
-13.5133 -12.5133 -11.5133 -10.5133 -9.51336 -8.51333 -7.5134 -6.51343 -5.51347 
-4.5135 -3.51351 -2.51352 -1.51358 -0.513671 0.466945 1.46683 2.46676 3.46675 
4.4667 5.46668 6.46668 7.46666 8.46663 9.46662 10.4666 11.4666 12.4666 
13.4666 14.4665 15.4665 16.4665 17.4662 18.4495 19.64 20.6398 21.639 
22.638 23.6377 24.6376 25.6374 26.6368 27.6364 28.6362 29.6361 30.6359 
-30.9784 -30.3784 -29.3785 -28.379 -27.3794 -26.3798 -25.3799 -24.3801 -23.3801 
-22.381 -21.3819 -20.3826 -19.383 -18.383 -17.383 -16.3831 -15.3831 -14.3831 
-13.3831 -12.3832 -11.3832 -10.3832 -9.38318 -8.38323 -7.38317 -6.38325 -5.38323 
-4.38327 -3.38329 -2.3833 -1.38336 -0.583496 0.622314 1.62213 2.62206 3.62204 
4.622 5.62199 6.62198 7.62199 8.62197 9.62196 10.622 11.6219 12.6219 
13.6219 14.6219 15.6218 16.6217 17.6215 18.6213 19.6037 20.5951 21.5948 
22.5945 23.594 24.5939 25.5938 26.5938 27.5937 28.5935 29.5931 30.5924 
-31.1986 -30.3986 -29.3987 -28.3991 -27.3997 -26.3999 -25.4 -24.4002 -23.4002 
-22.4011 -21.4017 -20.4022 -19.4086 -18.4148 -17.4149 -16.4149 -15.4149 -14.415 
-13.415 -12.4149 -11.415 -10.415 -9.41499 -8.41498 -7.41501 -6.41501 -5.41505 
-4.41506 -3.41511 -2.4151 -1.41518 -0.815289 0.473063 1.47289 2.47279 3.47278 
4.47274 5.47273 6.47272 7.47271 8.47271 9.4727 10.4727 11.4727 12.4727 
13.4727 14.4726 15.4725 16.4725 17.4724 18.472 19.4688 20.4671 21.4667 
22.4665 23.4661 24.4661 25.466 26.4659 27.4657 28.4655 29.4651 30.4644 
-30.2024 -29.4026 -28.4028 -27.403 -26.4035 -25.4035 -24.4036 -23.4038 -22.4041 
-21.4045 -20.4047 -19.4049 -18.405 -17.4051 -16.4051 -15.4051 -14.4052 -13.4052 
-12.4052 -11.4052 -10.4052 -9.40524 -8.40524 -7.40528 -6.40529 -5.40528 -4.40533 
-3.40535 -2.40535 -1.40533 -0.40565 0.750432 1.55041 2.55038 3.55035 4.55034 
5.55029 6.55028 7.55026 8.55025 9.55027 10.5502 11.5502 12.5502 13.5502 
14.5501 15.5497 16.5496 17.5495 18.5494 19.5493 20.5489 21.5487 22.5484 
23.5483 24.5483 25.5483 26.5482 27.5481 28.548 29.548 30.548 -30.4242 
-29.4245 -28.425 -27.4253 -26.4259 -25.426 -24.4262 -23.4263 -22.4266 -21.4272 
-20.4283 -19.4285 -18.432 -17.4339 -16.434 -15.434 -14.434 -13.4341 -12.4341 
-11.4341 -10.4341 -9.43405 -8.43412 -7.4341 -6.43411 -5.43412 -4.43416 -3.4342 
-2.4342 -1.43422 -0.434286 0.757397 1.55736 2.55722 3.55721 4.55718 5.55716 
6.55715 7.55713 8.5571 9.55709 10.5571 11.5571 12.5571 13.5571 14.557 
15.557 16.5569 17.5566 18.5561 19.5321 20.5319 21.5312 22.5311 23.5307 
24.5307 25.5306 26.5306 27.5304 28.5302 29.5299 30.3294 -30.1912 -29.3916 
-28.3918 -27.392 -26.3926 -25.3926 -24.3927 -23.3929 -22.3935 -21.3939 -20.3946 
-19.3962 -18.3989 -17.3991 -16.3992 -15.3993 -14.3993 -13.3993 -12.3993 -11.3993 
-10.3993 -9.39931 -8.39934 -7.39937 -6.39936 -5.39937 -4.39941 -3.39945 -2.39948 
-1.39954 -0.399647 0.525885 1.52585 2.52582 3.52573 4.52573 5.52572 6.5257 
7.52568 8.52568 9.52564 10.5256 11.5256 12.5256 13.5256 14.5256 15.5253 
16.5253 17.5252 18.5249 19.5247 20.6413 21.6412 22.6408 23.6407 24.6407 
25.6407 26.6406 27.6405 28.6405 29.6405 30.4405 -30.9738 -30.374 -29.3743 
-28.3747 -27.3751 -26.3755 -25.3757 -24.3758 -23.3759 -22.3769 -21.3778 -20.3784 
-19.3804 -18.3841 -17.3843 -16.3844 -15.3844 -14.3843 -13.3844 -12.3843 -11.3844 
-10.3844 -9.38439 -8.38438 -7.38442 -6.38443 -5.38446 -4.38449 -3.38449 -2.3845 
-1.38457 -0.584694 0.74861 1.54843 2.54836 3.54834 4.54831 5.54828 6.54827 
7.54827 8.54825 9.54825 10.5482 11.5482 12.5482 13.5482 14.5482 15.5481 
16.5481 17.548 18.5476 19.535 20.5228 21.5225 22.5223 23.5218 24.5218 
25.5217 26.5217 27.5216 28.5215 29.5211 30.5207 -31.1816 -30.3818 -29.3823 
-28.3829 -27.3838 -26.384 -25.3842 -24.3843 -23.3844 -22.3845 -21.3848 -20.3864 
-19.3869 -18.3878 -17.3883 -16.3883 -15.3884 -14.3884 -13.3884 -12.3884 -11.3884 
-10.3884 -9.3884 -8.38844 -7.38843 -6.38846 -5.38848 -4.38849 -3.38851 -2.38853 
-1.38858 -0.588671 0.693245 1.49309 2.49304 3.49301 4.49296 5.49296 6.49294 
7.49294 8.49292 9.49291 10.4929 11.4929 12.4929 13.4929 14.4928 15.4928 
16.4928 17.4927 18.4924 19.4829 20.4828 21.4821 22.4816 23.4811 24.481 
25.4809 26.4805 27.4803 28.48 29.4798 30.2794 
