# vtk DataFile Version 4.2
vtk output
ASCII
DATASET POLYDATA
POINTS 15620 float
-25.6372 7.7597 33.2584 -25.7717 7.83128 32.6781 -25.9944 7.94004 31.7093 
-26.2415 8.07022 30.7494 -26.5556 8.23733 29.8157 -26.939 8.42768 28.9126 
-27.3734 8.62765 28.0344 -27.8214 8.82936 27.1634 -28.253 9.02584 26.2831 
-28.6562 9.22623 25.3904 -29.0128 9.43909 24.4809 -29.327 9.67181 23.5607 
-29.6011 9.90846 22.6288 -29.9587 10.0927 21.7207 -30.5944 10.2 20.9622 
-31.2922 10.3188 20.2561 -31.9344 10.4731 19.5066 -32.4952 10.6606 18.7013 
-32.9615 10.8718 17.844 -33.3117 11.0894 16.9344 -33.5282 11.2764 15.9785 
-33.5979 11.4107 14.9932 -33.489 11.4633 14.0033 -33.2393 11.4419 13.0376 
-32.8644 11.3401 12.1181 -32.4086 11.1654 11.2463 -31.8954 10.9276 10.4219 
-31.379 10.6685 9.6058 -30.8903 10.4201 8.7698 -30.4491 10.1974 7.90119 
-30.0751 10.0142 6.99253 -29.745 9.86285 6.06098 -29.4413 9.73423 5.11699 
-29.1481 9.61318 4.16863 -28.8565 9.48877 3.22022 -28.5612 9.3587 2.27373 
-28.2658 9.22753 1.32739 -27.9774 9.10291 0.378063 -27.6964 8.97958 -0.573669 
-27.4083 8.83982 -1.52097 -27.0969 8.67673 -2.45705 -26.7661 8.50867 -3.38562 
-26.4301 8.3451 -4.31317 -26.0907 8.18564 -5.24018 -25.7242 8.0074 -6.15293 
-25.303 7.78049 -7.02983 -24.8078 7.45397 -7.83238 -24.1355 6.92775 -8.66928 
-23.5392 6.38284 -9.25815 -22.9659 5.76853 -9.79697 -22.4413 5.08708 -10.3068 
-21.9842 4.37382 -10.8372 -21.5555 3.64738 -11.374 -21.102 2.95013 -11.929 
-20.6398 2.28292 -12.511 -20.1727 1.67824 -13.1559 -19.7256 1.1272 -13.8582 
-19.3222 0.6884 -14.6579 -18.9901 0.32671 -15.5283 -18.7382 -0.000622948 -16.4384 
-18.5517 -0.322803 -17.3661 -18.4142 -0.672455 -18.2927 -18.2966 -1.04111 -19.2148 
-18.1978 -1.42553 -20.1326 -18.1239 -1.81092 -21.0522 -18.0825 -2.18223 -21.9796 
-18.0842 -2.53706 -22.9144 -18.0987 -2.87049 -23.8569 -18.0863 -3.17548 -24.809 
-18.0374 -3.42034 -25.7769 -17.9484 -3.60752 -26.7542 -17.7728 -3.70339 -27.7322 
-17.4654 -3.69303 -28.6792 -17.0063 -3.55189 -29.5529 -16.5158 -3.26739 -30.3725 
-16.1395 -2.7639 -31.1456 -15.8454 -2.23754 -31.9401 -15.5985 -2.25728 -32.8761 
-15.3713 -2.47474 -33.8252 -15.1548 -2.67272 -34.781 -14.9517 -2.84852 -35.7441 
-14.7906 -3.02877 -36.7143 -14.6812 -3.25602 -37.6813 -14.6191 -3.54544 -38.636 
-14.5977 -3.89174 -39.5733 -14.6177 -4.27927 -40.4948 -14.6698 -4.67023 -41.4136 
-14.7432 -5.04301 -42.3385 -14.8153 -5.37762 -43.2778 -14.8616 -5.67583 -44.2309 
-14.8531 -6.01404 -45.171 -25.2112 9.67023 33.2312 -25.3925 9.70454 32.4528 
-25.6266 9.76475 31.4825 -25.8926 9.8557 30.5231 -26.2093 9.96867 29.5817 
-26.5916 10.0963 28.6669 -27.0176 10.2202 27.7708 -27.4583 10.3377 26.8809 
-27.8878 10.4496 25.985 -28.2866 10.5643 25.0752 -28.656 10.7022 24.1565 
-28.9874 10.8698 23.2282 -29.2789 11.0457 22.2881 -29.6643 11.169 21.3848 
-30.3295 11.2097 20.6565 -31.0654 11.2665 19.9823 -31.7615 11.3663 19.2724 
-32.3736 11.5186 18.4976 -32.8993 11.6978 17.6677 -33.2917 11.8952 16.7714 
-33.5435 12.0751 15.8234 -33.6201 12.2013 14.8374 -33.5312 12.2584 13.8467 
-33.2642 12.2228 12.8861 -32.8708 12.1047 11.9769 -32.3754 11.8914 11.1359 
-31.8352 11.6277 10.3372 -31.2906 11.3419 9.54874 -30.7676 11.0638 8.7433 
-30.3 10.8114 7.89682 -29.8945 10.5951 7.00949 -29.5468 10.4159 6.08949 
-29.2351 10.2597 5.15238 -28.941 10.1152 4.2076 -28.6477 9.96928 3.26278 
-28.3504 9.81677 2.32025 -28.0543 9.66611 1.37706 -27.7684 9.52566 0.429172 
-27.4879 9.38188 -0.519812 -27.2001 9.2176 -1.46326 -26.8896 9.0327 -2.39553 
-26.5614 8.83953 -3.32016 -26.2332 8.65112 -4.24576 -25.9053 8.46901 -5.17275 
-25.5565 8.27461 -6.08926 -25.1506 8.02515 -6.96702 -24.5729 7.60996 -7.92929 
-24.0225 7.14581 -8.61856 -23.4347 6.57185 -9.18814 -22.8734 5.92777 -9.70467 
-22.3836 5.21144 -10.2003 -21.9525 4.46494 -10.7068 -21.5345 3.71764 -11.2231 
-21.0983 2.9869 -11.7481 -20.6512 2.29004 -12.307 -20.1996 1.65787 -12.9354 
-19.766 1.1058 -13.6445 -19.3697 0.676445 -14.4531 -19.052 0.324023 -15.3319 
-18.8146 0.0108185 -16.2509 -18.6362 -0.301628 -17.1837 -18.4981 -0.636585 -18.1155 
-18.3877 -0.999386 -19.0408 -18.2938 -1.37777 -19.9616 -18.2259 -1.75895 -20.8835 
-18.1947 -2.12697 -21.8126 -18.216 -2.47922 -22.748 -18.2569 -2.81495 -23.689 
-18.2774 -3.12445 -24.6395 -18.2699 -3.38669 -25.604 -18.217 -3.5779 -26.583 
-18.0981 -3.68966 -27.5682 -17.8522 -3.67961 -28.5329 -17.4399 -3.53643 -29.4261 
-16.8351 -3.23357 -30.1566 -16.2521 -2.81644 -30.8461 -15.8677 -2.30267 -31.6043 
-15.5746 -2.08531 -32.5041 -15.3316 -2.30692 -33.448 -15.1026 -2.52663 -34.3962 
-14.8926 -2.71218 -35.356 -14.7247 -2.88716 -36.3258 -14.6083 -3.09263 -37.2972 
-14.5347 -3.35177 -38.2597 -14.5035 -3.67574 -39.2048 -14.5052 -4.04665 -40.1331 
-14.5391 -4.4366 -41.0533 -14.5918 -4.82041 -41.9752 -14.6488 -5.18636 -42.9039 
-14.6903 -5.53127 -43.8416 -14.6859 -5.91173 -44.7654 -14.6362 -6.37185 -45.6506 
-24.1219 16.2386 32.8967 -24.4571 16.1546 31.9584 -24.8188 16.0633 31.0307 
-25.2041 15.9978 30.1104 -25.602 15.9674 29.1936 -26.0107 15.9594 28.281 
-26.4217 15.9624 27.3694 -26.8266 15.9636 26.455 -27.224 15.9533 25.5375 
-27.6139 15.9326 24.6169 -27.98 15.9182 23.6866 -28.2958 15.9205 22.7381 
-28.5479 15.9308 21.771 -28.7468 15.9356 20.7918 -29.2849 15.8383 19.9779 
-29.9559 15.7217 19.2458 -30.6214 15.6321 18.505 -31.2592 15.5769 17.7374 
-31.8388 15.5665 16.9239 -32.3398 15.5941 16.0599 -32.7303 15.6406 15.1425 
-32.9772 15.6912 14.1777 -33.0384 15.7108 13.1834 -32.9 15.651 12.1989 
-32.5645 15.4939 11.2749 -32.0808 15.2474 10.4396 -31.4929 14.8998 9.70992 
-30.8937 14.5275 9.00119 -30.3077 14.1437 8.2877 -29.7552 13.7631 7.5464 
-29.2565 13.3988 6.76086 -28.8273 13.0632 5.92332 -28.4652 12.7597 5.0424 
-28.1471 12.4826 4.136 -27.8556 12.2324 3.21286 -27.582 12.0016 2.27917 
-27.3223 11.7825 1.33868 -27.0726 11.5695 0.394085 -26.8196 11.3465 -0.547251 
-26.5465 11.0985 -1.47651 -26.2414 10.8235 -2.38817 -25.9287 10.5407 -3.29498 
-25.6339 10.2661 -4.21011 -25.3656 9.99951 -5.13573 -25.1184 9.7337 -6.06748 
-24.8593 9.45247 -6.99134 -24.6059 9.1872 -7.70132 -24.3095 8.86907 -8.37157 
-23.9675 8.47292 -8.97536 -23.4994 7.91206 -9.65717 -23.0135 7.31025 -10.2906 
-22.526 6.70126 -10.916 -22.0512 6.10022 -11.559 -21.5843 5.50011 -12.2081 
-21.0825 4.93363 -12.8614 -20.5659 4.37343 -13.5087 -20.0457 3.81781 -14.1571 
-19.5474 3.25421 -14.8157 -19.0566 2.68775 -15.4776 -18.5743 2.08713 -16.1151 
-18.1127 1.48073 -16.7614 -17.7448 0.894253 -17.4791 -17.5002 0.359612 -18.2862 
-17.3456 -0.158358 -19.1272 -17.2377 -0.669063 -19.9799 -17.165 -1.15292 -20.8517 
-17.139 -1.60464 -21.743 -17.1429 -2.01831 -22.6533 -17.1488 -2.39505 -23.5794 
-17.1278 -2.73723 -24.5182 -17.0458 -3.03928 -25.4675 -16.8903 -3.27137 -26.4264 
-16.6488 -3.43148 -27.382 -16.2689 -3.50899 -28.3017 -15.7892 -3.5239 -29.1773 
-15.2965 -3.43039 -30.0409 -14.8559 -3.22971 -30.9139 -14.5409 -2.80993 -31.7596 
-14.3361 -2.31638 -32.6024 -14.1753 -1.99968 -33.5276 -14.0133 -1.96894 -34.5088 
-13.9167 -2.06093 -35.4988 -13.8726 -2.21125 -36.4862 -13.8545 -2.40673 -37.4664 
-13.8556 -2.65403 -38.435 -13.8708 -2.95638 -39.3879 -13.8917 -3.29181 -40.3297 
-13.9129 -3.6578 -41.26 -13.9265 -4.03214 -42.1871 -13.928 -4.41614 -43.1104 
-13.9083 -4.85439 -44.0081 -13.8699 -5.37919 -44.8571 -13.823 -5.99067 -45.646 
-23.6385 17.855 33.8187 -23.9787 17.763 32.8829 -24.3313 17.6549 31.9535 
-24.7128 17.5425 31.0361 -25.1221 17.4493 30.1286 -25.5322 17.3862 29.2188 
-25.9421 17.3489 28.3075 -26.3507 17.3243 27.3951 -26.7537 17.3052 26.4801 
-27.1521 17.2778 25.5634 -27.5437 17.2387 24.644 -27.9168 17.1964 23.7174 
-28.2318 17.1675 22.7691 -28.4776 17.1472 21.8007 -28.6457 17.1312 20.8157 
-28.8832 17.0812 19.8657 -29.5122 16.9402 19.1019 -30.1437 16.8116 18.3373 
-30.7481 16.7118 17.5474 -31.304 16.6485 16.7192 -31.7924 16.618 15.8482 
-32.1876 16.6168 14.9311 -32.4645 16.619 13.9718 -32.6017 16.5945 12.9848 
-32.5219 16.4914 11.9983 -32.243 16.3038 11.0626 -31.75 16 10.25 
-31.1874 15.6287 9.51266 -30.5985 15.2217 8.81445 -30.0192 14.7982 8.11806 
-29.4736 14.3751 7.39511 -28.9654 13.9618 6.63987 -28.523 13.5754 5.8315 
-28.1474 13.2211 4.97592 -27.8222 12.902 4.08609 -27.5306 12.6175 3.17303 
-27.2618 12.358 2.24551 -27.004 12.1143 1.3106 -26.7546 11.8791 0.371202 
-26.4988 11.6276 -0.562109 -26.2154 11.347 -1.4789 -25.9027 11.0443 -2.37913 
-25.5874 10.7313 -3.27501 -25.2894 10.4197 -4.17723 -25.0172 10.1129 -5.0892 
-24.7563 9.80403 -6.0038 -24.4627 9.46717 -6.89792 -24.1914 9.15891 -7.58341 
-23.8761 8.78583 -8.21545 -23.4296 8.2297 -8.91325 -22.9493 7.58213 -9.50262 
-22.4768 6.86812 -10.018 -22.0651 6.10098 -10.5082 -21.7114 5.31083 -11.0084 
-21.3487 4.53524 -11.5245 -20.9507 3.77035 -12.0306 -20.5196 3.03559 -12.5528 
-20.084 2.32101 -13.1001 -19.6651 1.64175 -13.6961 -19.2509 1.0809 -14.411 
-18.9022 0.613551 -15.2212 -18.6288 0.230838 -16.102 -18.426 -0.12558 -17.0137 
-18.2678 -0.501163 -17.9267 -18.1378 -0.893767 -18.8371 -18.0197 -1.29335 -19.7461 
-17.9202 -1.69553 -20.6561 -17.8508 -2.09016 -21.5722 -17.8266 -2.4655 -22.4986 
-17.8224 -2.82097 -23.4332 -17.7957 -3.14662 -24.3781 -17.7412 -3.43044 -25.335 
-17.6388 -3.6462 -26.3055 -17.4757 -3.7991 -27.2789 -17.1914 -3.85603 -28.2338 
-16.7938 -3.82905 -29.1486 -16.3647 -3.65539 -30.031 -16.0543 -3.27853 -30.8946 
-15.8302 -2.72156 -31.6931 -15.5921 -2.41288 -32.5681 -15.349 -2.55112 -33.5256 
-15.1234 -2.74218 -34.4809 -14.9178 -2.91286 -35.4443 -14.7514 -3.08318 -36.4153 
-14.6405 -3.29772 -37.3852 -14.5707 -3.56657 -38.3453 -14.5465 -3.9035 -39.2862 
-14.5562 -4.27952 -40.2124 -14.6082 -4.6681 -41.1323 -14.6827 -5.04688 -42.0547 
-14.7628 -5.38331 -42.9927 -14.8279 -5.68383 -43.9441 -14.8431 -6.00685 -44.8897 
-14.8022 -6.40606 -45.8043 -23.7678 19.8898 33.0461 -24.1251 19.7194 32.1281 
-24.5078 19.5171 31.2268 -24.9288 19.3309 30.3393 -25.3573 19.1824 29.4482 
-25.7767 19.0784 28.5465 -26.1847 18.9972 27.6372 -26.5876 18.9345 26.7241 
-26.9909 18.8759 25.8109 -27.3918 18.8059 24.8975 -27.78 18.7323 23.979 
-28.1292 18.6697 23.0444 -28.412 18.6187 22.0872 -28.6031 18.5756 21.1075 
-28.7057 18.5355 20.1143 -28.9088 18.4515 19.1691 -29.4623 18.2896 18.3655 
-30.0324 18.1354 17.5589 -30.5632 18.002 16.7222 -31.0379 17.9016 15.8485 
-31.4581 17.8263 14.9447 -31.7957 17.7643 14.0065 -32.0238 17.6928 13.0373 
-32.0948 17.5707 12.051 -31.935 17.352 11.0961 -31.5513 17.0247 10.2385 
-31.0326 16.611 9.49347 -30.4696 16.1535 8.80527 -29.9108 15.6891 8.11823 
-29.3718 15.2231 7.41683 -28.8692 14.767 6.68279 -28.4202 14.3325 5.9029 
-28.0316 13.9286 5.07571 -27.707 13.5714 4.20044 -27.4222 13.2524 3.29677 
-27.1672 12.9721 2.37152 -26.9249 12.7156 1.43586 -26.6912 12.4639 0.496717 
-26.4501 12.1934 -0.435217 -26.1838 11.8968 -1.35213 -25.8844 11.5802 -2.25207 
-25.5744 11.2523 -3.1444 -25.2809 10.9261 -4.04294 -25.024 10.6112 -4.95646 
-24.7894 10.3028 -5.87833 -24.5472 9.98311 -6.79421 -24.2584 9.61759 -7.67767 
-23.9816 9.27134 -8.34307 -23.5767 8.75104 -9.09262 -23.1247 8.14915 -9.74891 
-22.6588 7.49454 -10.344 -22.1929 6.84722 -10.9471 -21.7551 6.19115 -11.5617 
-21.3172 5.55132 -12.1931 -20.8462 4.93376 -12.8228 -20.3539 4.32615 -13.4459 
-19.8624 3.70667 -14.0576 -19.3832 3.08125 -14.6733 -18.9129 2.43511 -15.2737 
-18.4522 1.78043 -15.8726 -18.0399 1.17204 -16.5471 -17.7382 0.611732 -17.316 
-17.5489 0.0930048 -18.1493 -17.4075 -0.417747 -18.997 -17.3051 -0.919544 -19.8558 
-17.2296 -1.40015 -20.7291 -17.1923 -1.85014 -21.6212 -17.175 -2.26627 -22.5301 
-17.1708 -2.6454 -23.4553 -17.1391 -2.99503 -24.3914 -17.0489 -3.29413 -25.3408 
-16.9116 -3.53656 -26.3004 -16.6879 -3.70439 -27.2593 -16.3671 -3.81059 -28.1985 
-15.9293 -3.83318 -29.0962 -15.4939 -3.75692 -29.9914 -15.1363 -3.52624 -30.8931 
-14.8166 -3.18509 -31.7755 -14.5762 -2.80816 -32.6656 -14.3848 -2.6656 -33.6286 
-14.2297 -2.7198 -34.6142 -14.1153 -2.83777 -35.6001 -14.0429 -3.00458 -36.5831 
-14.0028 -3.21813 -37.559 -13.9909 -3.49547 -38.5192 -13.9956 -3.8258 -39.4628 
-14.0145 -4.19396 -40.3923 -14.0406 -4.56691 -41.3199 -14.0599 -4.9472 -42.2444 
-14.0616 -5.36611 -43.152 -14.0215 -5.89321 -43.9984 -13.943 -6.54605 -44.7479 
-13.8424 -7.28568 -45.4128 -23.7775 20.3632 32.8911 -24.1432 20.1406 31.9877 
-24.5325 19.8992 31.0989 -24.9528 19.6857 30.2174 -25.3812 19.5283 29.3278 
-25.8018 19.4058 28.4289 -26.2092 19.3106 27.5207 -26.614 19.2339 26.6096 
-27.0196 19.1639 25.6982 -27.423 19.0851 24.7866 -27.8076 19.0072 23.8669 
-28.1485 18.9422 22.9294 -28.4172 18.8889 21.9684 -28.5975 18.8428 20.987 
-28.6264 18.8107 19.9911 -28.6544 18.7551 19.0361 -29.2568 18.5806 18.258 
-29.8399 18.4139 17.4632 -30.3671 18.2685 16.6264 -30.8419 18.1489 15.7552 
-31.2453 18.063 14.8448 -31.5825 17.9856 13.9074 -31.8016 17.8905 12.938 
-31.8827 17.7438 11.956 -31.7419 17.4956 11.0031 -31.396 17.151 10.1372 
-30.8947 16.7237 9.38722 -30.342 16.2551 8.69835 -29.7874 15.7809 8.01464 
-29.2513 15.3058 7.31705 -28.7496 14.8387 6.58942 -28.2936 14.3894 5.82182 
-27.9061 13.9744 4.9992 -27.5717 13.5999 4.13515 -27.2848 13.272 3.2354 
-27.0204 12.9759 2.31773 -26.7711 12.7065 1.38758 -26.5317 12.4461 0.452228 
-26.2844 12.1674 -0.475617 -26.0134 11.8656 -1.38952 -25.7045 11.5369 -2.28187 
-25.3911 11.1961 -3.16826 -25.0965 10.8563 -4.06131 -24.8302 10.5246 -4.9662 
-24.578 10.1931 -5.87535 -24.3116 9.84286 -6.77296 -24.0638 9.52293 -7.46231 
-23.6912 9.04439 -8.25623 -23.2651 8.48071 -8.96023 -22.804 7.81863 -9.54865 
-22.35 7.09075 -10.0613 -21.9543 6.30752 -10.5395 -21.6245 5.49937 -11.0267 
-21.2862 4.70428 -11.5297 -20.9105 3.91856 -12.0205 -20.4915 3.16651 -12.5277 
-20.0663 2.43079 -13.0548 -19.6559 1.72669 -13.6274 -19.2467 1.14395 -14.3267 
-18.8924 0.65331 -15.1204 -18.6169 0.259876 -15.9955 -18.4115 -0.10036 -16.9051 
-18.2507 -0.479038 -17.8163 -18.1189 -0.875125 -18.725 -17.9991 -1.27786 -19.6324 
-17.8988 -1.68434 -20.5404 -17.8269 -2.08366 -21.4543 -17.7975 -2.46498 -22.3781 
-17.79 -2.82624 -23.3104 -17.7641 -3.15784 -24.2533 -17.7126 -3.44916 -25.2082 
-17.6142 -3.67405 -26.177 -17.4559 -3.83564 -27.1502 -17.1918 -3.91196 -28.1093 
-16.8156 -3.90351 -29.0337 -16.3938 -3.75052 -29.9244 -16.0841 -3.40112 -30.7969 
-15.8849 -2.83895 -31.5977 -15.6665 -2.39676 -32.4361 -15.4247 -2.51043 -33.3943 
-15.1995 -2.70378 -34.3492 -14.989 -2.87685 -35.3113 -14.8104 -3.0466 -36.2802 
-14.6885 -3.25402 -37.2504 -14.6091 -3.51406 -38.2121 -14.5783 -3.84365 -39.1552 
-14.5822 -4.21791 -40.0823 -14.6286 -4.60786 -41.0018 -14.7022 -4.98941 -41.9232 
-14.7857 -5.33066 -42.8591 -14.8579 -5.62789 -43.811 -14.8821 -5.93275 -44.7623 
-14.8474 -6.30554 -45.6885 -24.7681 11.4561 32.8372 -25.0565 11.4461 31.88 
-25.3483 11.4906 30.9247 -25.668 11.5734 29.9812 -26.0354 11.6772 29.0571 
-26.4396 11.775 28.1479 -26.866 11.8529 27.2467 -27.2914 11.9086 26.3435 
-27.6961 11.9486 25.4299 -28.0728 11.9984 24.5052 -28.4165 12.0802 23.5698 
-28.7137 12.1911 22.622 -28.9484 12.3083 21.6582 -29.4726 12.3102 20.8468 
-30.2256 12.2761 20.1906 -30.9767 12.2882 19.5314 -31.6761 12.3587 18.821 
-32.3048 12.4781 18.0542 -32.8398 12.6275 17.2246 -33.2584 12.7964 16.3342 
-33.4989 12.9509 15.3793 -33.5751 13.0635 14.3919 -33.4376 13.088 13.4052 
-33.1418 13.0278 12.4556 -32.7021 12.8672 11.5743 -32.1795 12.624 10.7592 
-31.6117 12.3234 9.99324 -31.045 12.0142 9.22956 -30.5088 11.714 8.4409 
-30.0236 11.4363 7.6127 -29.609 11.1989 6.73499 -29.2542 10.9937 5.82335 
-28.9449 10.8149 4.88942 -28.6505 10.6465 3.94872 -28.3582 10.4762 3.00768 
-28.0631 10.3043 2.06779 -27.774 10.1414 1.12448 -27.4949 9.98236 0.177515 
-27.2185 9.81221 -0.768277 -26.9257 9.6186 -1.70454 -26.6081 9.40512 -2.62837 
-26.2842 9.18772 -3.54915 -25.9729 8.98101 -4.47667 -25.6622 8.77845 -5.4053 
-25.3271 8.55266 -6.31961 -24.9376 8.26688 -7.19372 -24.4679 7.88385 -7.98595 
-23.9415 7.39017 -8.67449 -23.3766 6.79552 -9.24582 -22.8356 6.13494 -9.76372 
-22.3589 5.40964 -10.2598 -21.9393 4.65876 -10.7689 -21.5258 3.91285 -11.2908 
-21.0917 3.18141 -11.8166 -20.6434 2.48243 -12.3722 -20.1933 1.8341 -12.9855 
-19.7579 1.25913 -13.6757 -19.354 0.798694 -14.4629 -19.027 0.422661 -15.3281 
-18.7776 0.0940857 -16.2386 -18.5933 -0.230705 -17.1659 -18.4482 -0.575195 -18.0933 
-18.3321 -0.944606 -19.0152 -18.231 -1.32713 -19.9335 -18.1545 -1.71239 -20.8531 
-18.1054 -2.08818 -21.7784 -18.104 -2.44444 -22.7125 -18.1268 -2.78404 -23.6527 
-18.1287 -3.09568 -24.6026 -18.0986 -3.36241 -25.5655 -18.0241 -3.55911 -26.5424 
-17.8857 -3.68157 -27.5237 -17.6123 -3.68789 -28.4813 -17.1871 -3.57583 -29.3751 
-16.6735 -3.30983 -30.1875 -16.2209 -2.87738 -30.9621 -15.908 -2.34015 -31.7424 
-15.6489 -2.20273 -32.649 -15.419 -2.41769 -33.598 -15.2003 -2.62851 -34.5506 
-14.993 -2.8069 -35.5124 -14.8182 -2.98146 -36.4812 -14.6988 -3.19696 -37.4498 
-14.6251 -3.46926 -38.4086 -14.5965 -3.80654 -39.3492 -14.6038 -4.18544 -40.2743 
-14.6512 -4.57709 -41.1932 -14.7199 -4.95785 -42.1152 -14.7931 -5.30124 -43.0512 
-14.8497 -5.6045 -44.0023 -14.8533 -5.9327 -44.946 -25.533 8.75722 32.7421 
-25.7521 8.84422 31.7703 -25.9931 8.94208 30.805 -26.2888 9.0701 29.8589 
-26.6574 9.22245 28.9424 -27.0783 9.3823 28.0497 -27.5234 9.54165 27.1685 
-27.9605 9.69487 26.2824 -28.3677 9.84728 25.3819 -28.7396 10.0188 24.4698 
-29.0613 10.2189 23.5447 -29.3359 10.4293 22.6067 -29.6212 10.6093 21.67 
-30.2121 10.688 20.8986 -30.9416 10.7591 20.2188 -31.632 10.8702 19.5047 
-32.2317 11.0373 18.7235 -32.7557 11.2283 17.895 -33.1557 11.4384 17.0042 
-33.4344 11.6305 16.0658 -33.5429 11.7705 15.085 -33.4781 11.8353 14.0929 
-33.241 11.813 13.1241 -32.8758 11.7129 12.2006 -32.4093 11.524 11.338 
-31.8887 11.2794 10.5208 -31.3571 11.0052 9.7195 -30.8489 10.7373 8.90121 
-30.3877 10.4916 8.0493 -29.9879 10.2816 7.15777 -29.6455 10.1108 6.2342 
-29.3369 9.96507 5.29433 -29.0423 9.82916 4.34842 -28.7493 9.69239 3.40218 
-28.4511 9.54775 2.45869 -28.1524 9.40192 1.51556 -27.8609 9.26453 0.568909 
-27.576 9.1289 -0.379995 -27.2865 8.97673 -1.32491 -26.976 8.80161 -2.25906 
-26.6448 8.61789 -3.18457 -26.3078 8.43614 -4.10838 -25.9649 8.25887 -5.03083 
-25.5941 8.06894 -5.93943 -25.1473 7.81676 -6.79653 -24.5216 7.41351 -7.73353 
-23.9255 6.97079 -8.39904 -23.3 6.4243 -8.95307 -22.7223 5.76647 -9.43185 
-22.2639 4.99925 -9.87533 -21.8726 4.1855 -10.3046 -21.4797 3.38349 -10.7544 
-21.0826 2.58948 -11.2147 -20.6611 1.85576 -11.7447 -20.2206 1.20758 -12.3638 
-19.7916 0.659297 -13.0779 -19.3978 0.245147 -13.8946 -19.0993 -0.0651704 -14.7956 
-18.886 -0.335965 -15.7339 -18.734 -0.609431 -16.6834 -18.6207 -0.907436 -17.631 
-18.5316 -1.24212 -18.569 -18.448 -1.60208 -19.4981 -18.3675 -1.97682 -20.4218 
-18.3151 -2.35371 -21.3464 -18.2978 -2.71803 -22.2774 -18.2947 -3.05958 -23.2171 
-18.2985 -3.37441 -24.1662 -18.2857 -3.6475 -25.1276 -18.2231 -3.85183 -26.1039 
-18.1077 -3.99366 -27.0862 -17.89 -4.0344 -28.0598 -17.5655 -3.96633 -29 
-17.2024 -3.73135 -29.8957 -17.0103 -3.26682 -30.744 -16.9152 -2.57176 -31.452 
-16.84 -2.03281 -32.2603 -16.7497 -2.0038 -33.2496 -16.6541 -2.12916 -34.2365 
-16.5069 -2.29761 -35.2108 -16.3088 -2.46607 -36.1761 -16.0898 -2.64889 -37.1345 
-15.8861 -2.86966 -38.088 -15.7457 -3.15505 -39.0351 -15.6913 -3.50581 -39.9689 
-15.7122 -3.91689 -40.8796 -15.7772 -4.34612 -41.78 -15.8924 -4.7228 -42.6985 
-16.0361 -5.02213 -43.6409 -16.1935 -5.15786 -44.6168 -16.3004 -5.23155 -45.6078 
-23.6823 21.1852 32.8981 -24.0632 20.8644 32.0311 -24.4469 20.5391 31.1669 
-24.8605 20.2652 30.2993 -25.2901 20.0576 29.4209 -25.7127 19.9052 28.5276 
-26.1245 19.7802 27.6251 -26.5322 19.6797 26.7175 -26.943 19.5937 25.8099 
-27.3521 19.5045 24.9018 -27.749 19.4163 23.9883 -28.1058 19.3431 23.0573 
-28.3989 19.2829 22.1038 -28.5944 19.2297 21.1256 -28.6716 19.1833 20.132 
-28.7188 19.1183 19.1552 -29.2038 18.9542 18.3225 -29.763 18.7801 17.5122 
-30.2821 18.622 16.6726 -30.7502 18.486 15.8 -31.1599 18.3804 14.8944 
-31.5034 18.288 13.9604 -31.7635 18.1863 13.0016 -31.8799 18.04 12.0224 
-31.7976 17.8116 11.0599 -31.4575 17.4661 10.192 -30.9635 17.0332 9.44172 
-30.4149 16.5529 8.75741 -29.8648 16.0726 8.0743 -29.3308 15.5909 7.37962 
-28.8305 15.1184 6.65446 -28.383 14.6665 5.88339 -27.9903 14.2422 5.06843 
-27.6663 13.8677 4.2004 -27.3853 13.5323 3.30146 -27.1349 13.2372 2.37955 
-26.8996 12.9708 1.44498 -26.6748 12.7129 0.505325 -26.4422 12.4353 -0.426638 
-26.1793 12.129 -1.34128 -25.8778 11.8015 -2.23659 -25.5725 11.4678 -3.12841 
-25.2882 11.1393 -4.02899 -25.0456 10.8264 -4.94713 -24.8254 10.5219 -5.87381 
-24.5958 10.2065 -6.79424 -24.3135 9.84126 -7.68042 -23.9561 9.38438 -8.49268 
-23.5419 8.84372 -9.22295 -23.0904 8.23892 -9.87748 -22.6245 7.59988 -10.4892 
-22.1639 6.97121 -11.1157 -21.7108 6.3469 -11.7519 -21.2444 5.74885 -12.4035 
-20.75 5.16373 -13.0461 -20.2407 4.5831 -13.6812 -19.7487 3.97927 -14.3081 
-19.2672 3.37131 -14.9389 -18.7962 2.72307 -15.5367 -18.3152 2.05113 -16.0986 
-17.8964 1.37458 -16.6996 -17.6188 0.793761 -17.4605 -17.4257 0.253563 -18.279 
-17.2943 -0.272942 -19.1187 -17.1951 -0.786564 -19.9708 -17.1331 -1.2653 -20.8462 
-17.1089 -1.7147 -21.739 -17.1044 -2.11697 -22.6543 -17.1051 -2.48941 -23.5822 
-17.0624 -2.82594 -24.5225 -16.9587 -3.11577 -25.4732 -16.7896 -3.33733 -26.4327 
-16.5285 -3.4936 -27.3834 -16.1364 -3.57415 -28.2969 -15.6502 -3.58381 -29.1698 
-15.1821 -3.48764 -30.0466 -14.7826 -3.2249 -30.9185 -14.5035 -2.74616 -31.7487 
-14.3094 -2.21314 -32.5706 -14.1552 -1.84676 -33.4741 -13.9923 -1.78314 -34.4532 
-13.8988 -1.86575 -35.444 -13.8583 -2.01015 -36.4325 -13.8406 -2.19567 -37.4147 
-13.8404 -2.43152 -38.3862 -13.8551 -2.73244 -39.3395 -13.8766 -3.0631 -40.2829 
-13.8993 -3.42144 -41.2162 -13.9132 -3.7936 -42.1442 -13.918 -4.16808 -43.0714 
-13.903 -4.57925 -43.9822 -13.8714 -5.0772 -44.8481 -13.8388 -5.65427 -45.6627 
-23.5732 19.0203 33.7538 -23.7757 18.9618 33.1921 -24.1293 18.8414 32.2646 
-24.5092 18.6989 31.3507 -24.9264 18.5586 30.453 -25.3489 18.4492 29.5533 
-25.7648 18.3727 28.6473 -26.1731 18.3177 27.7361 -26.5766 18.2762 26.8221 
-26.9782 18.235 25.9072 -27.3769 18.1807 24.9918 -27.7645 18.1198 24.072 
-28.1103 18.0659 23.1357 -28.3904 18.0228 22.1773 -28.5848 17.9888 21.1976 
-28.7104 17.958 20.2064 -29.0344 17.8654 19.3033 -29.6418 17.7076 18.5248 
-30.2303 17.5697 17.7284 -30.7826 17.4552 16.9033 -31.2714 17.3814 16.0344 
-31.7044 17.3304 15.1353 -32.0366 17.3004 14.1939 -32.2626 17.2617 13.2218 
-32.312 17.1667 12.2315 -32.1602 16.9917 11.2657 -31.7608 16.7035 10.3989 
-31.2386 16.3266 9.63834 -30.6627 15.8959 8.9438 -30.092 15.4511 8.25355 
-29.546 15.0041 7.54525 -29.0389 14.5665 6.80314 -28.5832 14.1499 6.01726 
-28.1882 13.7608 5.18586 -27.8611 13.4179 4.30586 -27.5718 13.1111 3.39942 
-27.3138 12.838 2.4728 -27.0693 12.5858 1.53657 -26.8352 12.3473 0.594116 
-26.5964 12.0914 -0.342532 -26.3282 11.8027 -1.2614 -26.0285 11.4947 -2.16419 
-25.7187 11.1782 -3.06079 -25.4298 10.8654 -3.96548 -25.1718 10.5631 -4.88296 
-24.9417 10.2685 -5.81045 -24.6974 9.95856 -6.72898 -24.409 9.6089 -7.6195 
-24.1233 9.26254 -8.28047 -23.704 8.72961 -9.01286 -23.2474 8.13803 -9.67626 
-22.7771 7.48668 -10.271 -22.313 6.84225 -10.8785 -21.8714 6.19667 -11.5015 
-21.4284 5.56635 -12.1389 -20.9494 4.95992 -12.7732 -20.4496 4.36368 -13.4014 
-19.9553 3.75187 -14.0183 -19.4721 3.13742 -14.6416 -19.0012 2.49817 -15.2489 
-18.5382 1.85087 -15.854 -18.1099 1.24955 -16.5254 -17.7828 0.690513 -17.2848 
-17.5778 0.172831 -18.1149 -17.4265 -0.335304 -18.9624 -17.3207 -0.836408 -19.8211 
-17.2426 -1.31684 -20.6945 -17.2058 -1.76616 -21.5868 -17.1913 -2.18049 -22.4966 
-17.1897 -2.55951 -23.4218 -17.1629 -2.90813 -24.3583 -17.0775 -3.21212 -25.3067 
-16.9422 -3.45702 -26.2659 -16.7202 -3.6249 -27.2252 -16.3928 -3.72691 -28.1626 
-15.9536 -3.75191 -29.0591 -15.5024 -3.67897 -29.9468 -15.1234 -3.45604 -30.842 
-14.799 -3.10331 -31.7171 -14.5578 -2.71424 -32.6006 -14.3659 -2.54226 -33.5602 
-14.2083 -2.58973 -34.5455 -14.0908 -2.70267 -35.5317 -14.0191 -2.86593 -36.5154 
-13.9797 -3.07404 -37.4923 -13.9703 -3.34554 -38.4544 -13.9755 -3.66712 -39.401 
-13.9934 -4.03322 -40.3313 -14.0161 -4.40818 -41.2581 -14.0325 -4.78864 -42.1826 
-14.0349 -5.19937 -43.0942 -13.9962 -5.71886 -43.945 -13.9214 -6.34639 -44.7178 
-13.8263 -7.06385 -45.4072 -24.4053 15.0781 32.3086 -24.6708 15.0299 31.5555 
-25.0267 14.9937 30.6219 -25.4026 14.9904 29.6954 -25.8046 15.0038 28.7799 
-26.2218 15.0206 27.8713 -26.6359 15.0354 26.9611 -27.0396 15.0401 26.0463 
-27.4315 15.0306 25.1264 -27.8105 15.0179 24.201 -28.15 15.0257 23.2609 
-28.4351 15.0524 22.3032 -28.6278 15.0923 21.3239 -28.8598 15.0951 20.3939 
-29.5919 14.9724 19.7243 -30.2989 14.8866 19.0226 -30.9826 14.8388 18.2952 
-31.625 14.8314 17.5295 -32.19 14.8732 16.7071 -32.6597 14.9417 15.8289 
-32.9681 15.0235 14.8843 -33.111 15.0891 13.8996 -33.0419 15.0806 12.907 
-32.7862 14.9792 11.9496 -32.3588 14.7718 11.0737 -31.814 14.4674 10.295 
-31.2228 14.1057 9.57442 -30.6279 13.7358 8.86082 -30.0585 13.3633 8.12828 
-29.5294 13.0059 7.35936 -29.075 12.6787 6.53162 -28.6916 12.3854 5.6567 
-28.3666 12.1239 4.74822 -28.067 11.8835 3.825 -27.7782 11.6584 2.89449 
-27.4968 11.4411 1.9598 -27.2268 11.232 1.01995 -26.9626 11.0229 0.0784495 
-26.6869 10.7966 -0.855633 -26.3864 10.5428 -1.77483 -26.066 10.2668 -2.68102 
-25.7501 9.98973 -3.58845 -25.4506 9.71808 -4.50302 -25.1566 9.44243 -5.41819 
-24.841 9.14074 -6.31748 -24.4721 8.79651 -7.17984 -24.1292 8.45947 -7.81744 
-23.7378 8.03518 -8.36887 -23.2148 7.41638 -8.95073 -22.7057 6.70411 -9.43151 
-22.3032 5.89901 -9.8587 -21.9791 5.04169 -10.2582 -21.6306 4.21293 -10.6955 
-21.2501 3.40453 -11.1444 -20.8488 2.61725 -11.6115 -20.4272 1.89083 -12.1517 
-19.9992 1.23988 -12.7772 -19.5814 0.692059 -13.4969 -19.2198 0.296776 -14.3384 
-18.9493 -0.0257301 -15.2442 -18.7543 -0.31651 -16.1805 -18.6084 -0.618809 -17.1222 
-18.5019 -0.953202 -18.0585 -18.4085 -1.31322 -18.9867 -18.3206 -1.69165 -19.9081 
-18.2421 -2.07388 -20.8288 -18.1991 -2.45121 -21.7537 -18.1859 -2.81261 -22.6859 
-18.1764 -3.14648 -23.6284 -18.1656 -3.45143 -24.5806 -18.1191 -3.69669 -25.5484 
-18.0251 -3.88064 -26.5261 -17.8535 -3.98395 -27.5042 -17.5697 -3.99026 -28.4605 
-17.1645 -3.87008 -29.3647 -16.7993 -3.57524 -30.2411 -16.5905 -3.02875 -31.0399 
-16.4305 -2.38575 -31.787 -16.2754 -2.26802 -32.7303 -16.1129 -2.44822 -33.6981 
-15.9258 -2.64545 -34.6602 -15.7169 -2.81438 -35.6234 -15.5181 -2.9919 -36.587 
-15.3573 -3.21437 -37.5482 -15.2534 -3.50369 -38.499 -15.1983 -3.84518 -39.4366 
-15.2097 -4.23956 -40.3551 -15.2788 -4.64492 -41.2663 -15.3951 -5.02015 -42.1855 
-15.5197 -5.31771 -43.1309 -15.6389 -5.51419 -44.1034 -15.7263 -5.67055 -45.087 
-15.7532 -5.81016 -45.874 -23.5319 19.1894 33.767 -23.7356 19.1302 33.2058 
-24.0902 19.0074 32.2791 -24.4701 18.8609 31.3658 -24.8873 18.7142 30.4691 
-25.3111 18.597 29.571 -25.7279 18.5137 28.666 -26.136 18.4525 27.7551 
-26.5392 18.4055 26.8412 -26.9408 18.3605 25.9266 -27.3392 18.3034 25.0112 
-27.7261 18.2392 24.0913 -28.0729 18.1823 23.1555 -28.3577 18.1371 22.1985 
-28.5434 18.1033 21.2175 -28.6325 18.0787 20.2231 -28.9174 17.9889 19.306 
-29.5261 17.8289 18.5296 -30.119 17.6837 17.7378 -30.6726 17.5618 16.9146 
-31.1646 17.479 16.0486 -31.5984 17.4214 15.15 -31.9428 17.383 14.2132 
-32.1784 17.3387 13.2438 -32.2388 17.2391 12.2545 -32.1106 17.0644 11.2835 
-31.7313 16.7758 10.4105 -31.2148 16.3938 9.64875 -30.642 15.9576 8.95497 
-30.0732 15.5082 8.26622 -29.5279 15.0566 7.56027 -29.0204 14.6143 6.82121 
-28.5634 14.1928 6.03878 -28.1721 13.802 5.20634 -27.8435 13.455 4.32858 
-27.5531 13.1443 3.42384 -27.2941 12.8682 2.49837 -27.0487 12.6138 1.56299 
-26.8142 12.3734 0.621117 -26.5753 12.1159 -0.315073 -26.3072 11.826 -1.23359 
-26.0076 11.5164 -2.13587 -25.6972 11.1972 -3.03124 -25.4073 10.8811 -3.93449 
-25.148 10.5753 -4.85048 -24.9158 10.2773 -5.7763 -24.6701 9.96368 -6.69325 
-24.3815 9.61086 -7.58253 -24.0965 9.26206 -8.24247 -23.6788 8.73043 -8.97668 
-23.2213 8.1335 -9.63424 -22.7521 7.48132 -10.2292 -22.284 6.82702 -10.8229 
-21.848 6.16231 -11.4294 -21.4179 5.50877 -12.0521 -20.9565 4.88108 -12.6787 
-20.4694 4.26561 -13.2983 -19.9747 3.65024 -13.9116 -19.4952 3.0203 -14.5222 
-19.026 2.38424 -15.1343 -18.5728 1.73527 -15.7441 -18.1647 1.1605 -16.4505 
-17.8485 0.625298 -17.2321 -17.6438 0.120206 -18.0701 -17.4916 -0.377128 -18.9239 
-17.3839 -0.869476 -19.7874 -17.3041 -1.34386 -20.6638 -17.2649 -1.78942 -21.558 
-17.2485 -2.20116 -22.4689 -17.2475 -2.57891 -23.3947 -17.2225 -2.92669 -24.3316 
-17.1404 -3.2303 -25.2803 -17.0136 -3.47805 -26.2404 -16.8012 -3.64705 -27.2014 
-16.4823 -3.74665 -28.1419 -16.0474 -3.7718 -29.0406 -15.594 -3.70247 -29.9272 
-15.2224 -3.46912 -30.8223 -14.8942 -3.1182 -31.698 -14.6347 -2.75109 -32.5854 
-14.4298 -2.60357 -33.5466 -14.2666 -2.66001 -34.5306 -14.1432 -2.77602 -35.5158 
-14.0656 -2.93998 -36.4989 -14.0212 -3.1491 -37.4754 -14.007 -3.42235 -38.4369 
-14.0093 -3.74635 -39.3827 -14.0271 -4.1147 -40.3121 -14.0522 -4.48917 -41.239 
-14.073 -4.86793 -42.1643 -14.0782 -5.27902 -43.0755 -14.0425 -5.7938 -43.9294 
-13.9678 -6.42477 -44.6986 -13.8705 -7.15527 -45.3739 -25.2763 9.56141 33.106 
-25.4566 9.59989 32.3277 -25.6937 9.66752 31.3586 -25.9606 9.76062 30.3997 
-26.2882 9.87966 29.4627 -26.6737 10.009 28.5497 -27.1053 10.1353 27.6565 
-27.547 10.2575 26.7677 -27.9718 10.3738 25.8701 -28.3696 10.4949 24.9607 
-28.7324 10.6433 24.041 -29.0583 10.8172 23.1119 -29.3537 10.994 22.1732 
-29.7552 11.1154 21.278 -30.4648 11.1526 20.5814 -31.1936 11.2204 19.9006 
-31.8704 11.3358 19.1749 -32.4752 11.4923 18.3952 -32.9723 11.6792 17.5496 
-33.3512 11.8775 16.6475 -33.5789 12.0518 15.6928 -33.6364 12.1728 14.7049 
-33.5116 12.2143 13.7174 -33.2303 12.1716 12.7612 -32.8245 12.0441 11.8593 
-32.3288 11.832 11.0184 -31.7866 11.565 10.2218 -31.2434 11.281 9.43175 
-30.7297 11.0101 8.61797 -30.2673 10.7633 7.76694 -29.8696 10.5539 6.87449 
-29.5254 10.3788 5.95241 -29.2185 10.2278 5.0128 -28.9254 10.0859 4.06732 
-28.6321 9.94127 3.12232 -28.3358 9.79163 2.17899 -28.0413 9.64369 1.23491 
-27.755 9.50386 0.287029 -27.4759 9.36299 -0.662807 -27.1894 9.20214 -1.60718 
-26.8815 9.01937 -2.54084 -26.556 8.82924 -3.46706 -26.2295 8.64462 -4.39404 
-25.9065 8.46706 -5.32364 -25.566 8.27807 -6.24439 -25.1803 8.04595 -7.13661 
-24.7302 7.72683 -7.96828 -24.2169 7.30103 -8.70959 -23.663 6.76463 -9.34493 
-23.1052 6.17669 -9.92999 -22.5835 5.52639 -10.4812 -22.1094 4.85871 -11.0546 
-21.6703 4.17676 -11.6391 -21.2079 3.52138 -12.2361 -20.72 2.90153 -12.8506 
-20.2305 2.3203 -13.5 -19.7585 1.76222 -14.1815 -19.3175 1.27787 -14.9349 
-18.9275 0.836412 -15.7425 -18.6137 0.442142 -16.6042 -18.3807 0.0728404 -17.5035 
-18.195 -0.309582 -18.4085 -18.0495 -0.706436 -19.3147 -17.9292 -1.1052 -20.2236 
-17.8652 -1.50395 -21.1382 -17.8523 -1.88743 -22.0613 -17.8761 -2.24432 -22.995 
-17.9259 -2.5837 -23.9342 -17.9406 -2.89085 -24.8852 -17.9001 -3.14942 -25.8498 
-17.7965 -3.32611 -26.8274 -17.586 -3.40911 -27.7975 -17.1785 -3.37412 -28.7033 
-16.5806 -3.24358 -29.4888 -15.9285 -3.03409 -30.2168 -15.3516 -2.71635 -30.9647 
-14.8896 -2.31485 -31.7537 -14.5633 -1.90948 -32.595 -14.3238 -1.84974 -33.5591 
-14.1357 -1.92538 -34.5374 -14.0159 -2.03621 -35.5237 -13.9451 -2.18458 -36.5098 
-13.9136 -2.38051 -37.4895 -13.9058 -2.62888 -38.4579 -13.9152 -2.93183 -39.4106 
-13.9322 -3.26711 -40.3524 -13.9521 -3.63309 -41.2828 -13.9652 -4.00834 -42.2096 
-13.9666 -4.39366 -43.1323 -13.9454 -4.83545 -44.0282 -13.9047 -5.36568 -44.8736 
-13.8555 -5.9823 -45.6584 -24.6175 13.133 32.4142 -24.9344 13.1314 31.4659 
-25.2598 13.1692 30.5212 -25.6177 13.2412 29.5904 -26.0116 13.3155 28.6745 
-26.4287 13.3766 27.7677 -26.8472 13.4209 26.8606 -27.251 13.4391 25.946 
-27.6412 13.4483 25.0254 -28.0059 13.4682 24.0947 -28.3361 13.5138 23.1521 
-28.6128 13.5836 22.194 -28.8703 13.6456 21.2323 -29.4982 13.5816 20.4819 
-30.2378 13.516 19.8125 -30.9721 13.4933 19.1346 -31.6728 13.5166 18.4222 
-32.3005 13.5939 17.6488 -32.8422 13.6995 16.8167 -33.2397 13.8323 15.9112 
-33.4939 13.962 14.9564 -33.5196 14.0438 13.9628 -33.3815 14.0585 12.9768 
-33.0498 13.9693 12.0411 -32.6003 13.7945 11.1671 -32.0627 13.5361 10.366 
-31.4791 13.2254 9.61616 -30.8902 12.9012 8.87584 -30.3256 12.5794 8.11604 
-29.8082 12.2722 7.31788 -29.3545 11.9924 6.47287 -28.9768 11.7448 5.58136 
-28.6553 11.526 4.66034 -28.3618 11.3256 3.72564 -28.0732 11.1293 2.78853 
-27.785 10.9395 1.85 -27.5074 10.7577 0.906686 -27.2397 10.5748 -0.0392848 
-26.9693 10.3787 -0.981836 -26.6756 10.157 -1.91148 -26.3619 9.91608 -2.8299 
-26.0472 9.67285 -3.74734 -25.7474 9.44078 -4.67263 -25.4599 9.21306 -5.60295 
-25.1717 8.97393 -6.5301 -24.8354 8.68277 -7.42418 -24.4299 8.31161 -8.25732 
-24.0543 7.9228 -8.84551 -23.553 7.35678 -9.49868 -23.0359 6.75003 -10.1016 
-22.5371 6.1096 -10.6854 -22.0721 5.46031 -11.2869 -21.633 4.80292 -11.8993 
-21.1649 4.1763 -12.5215 -20.6677 3.57469 -13.1466 -20.1644 2.99844 -13.7902 
-19.6776 2.42142 -14.4452 -19.2036 1.87657 -15.1367 -18.765 1.33881 -15.8554 
-18.3846 0.863396 -16.6469 -18.0974 0.419828 -17.4952 -17.8687 -0.0228194 -18.3619 
-17.7112 -0.471784 -19.2412 -17.5975 -0.921949 -20.1267 -17.5318 -1.3593 -21.0232 
-17.5179 -1.77483 -21.9323 -17.5324 -2.15699 -22.8562 -17.5591 -2.51138 -23.7908 
-17.5557 -2.83565 -24.7363 -17.4902 -3.11471 -25.6936 -17.3539 -3.31715 -26.6622 
-17.1131 -3.43218 -27.6231 -16.7178 -3.44929 -28.5374 -16.1931 -3.39316 -29.385 
-15.6574 -3.23347 -30.2122 -15.1876 -2.92113 -31.0341 -14.8025 -2.50607 -31.8556 
-14.5271 -2.14858 -32.7373 -14.3116 -2.08485 -33.7071 -14.1439 -2.16156 -34.6891 
-14.0346 -2.28333 -35.6752 -13.9671 -2.44327 -36.6598 -13.9368 -2.65234 -37.6369 
-13.932 -2.91723 -38.6007 -13.9425 -3.23185 -39.5497 -13.9597 -3.58267 -40.4859 
-13.9786 -3.95539 -41.4136 -13.9901 -4.33463 -42.3389 -13.9865 -4.74146 -43.2519 
-13.9599 -5.21402 -44.1319 -13.9005 -5.80336 -44.9355 -13.835 -6.46651 -45.6804 
-24.29 23.1673 31.2422 -24.5347 22.939 30.7442 -24.9386 22.5852 29.9008 
-25.3312 22.2788 29.034 -25.7113 22.0168 28.1471 -26.096 21.7832 27.2542 
-26.5029 21.5818 26.3634 -26.9289 21.4105 25.475 -27.3608 21.2633 24.5853 
-27.7803 21.1364 23.6866 -28.1588 21.0366 22.7667 -28.4729 20.9539 21.8219 
-28.6672 20.8822 20.8451 -28.7339 20.8144 19.8517 -28.6801 20.7334 18.8584 
-28.77 20.6046 17.9492 -29.295 20.4017 17.1229 -29.7789 20.2024 16.271 
-30.2128 20.0154 15.39 -30.6024 19.8354 14.4871 -30.9309 19.6605 13.5594 
-31.1888 19.4651 12.6138 -31.3408 19.2126 11.6611 -31.2996 18.8731 10.7276 
-31.0027 18.4265 9.89458 -30.5541 17.8858 9.18464 -30.0512 17.335 8.5189 
-29.5271 16.7999 7.85635 -29.0158 16.2718 7.17858 -28.5346 15.7568 6.46953 
-28.0965 15.2593 5.72167 -27.7162 14.7957 4.92206 -27.3902 14.3731 4.07713 
-27.1087 13.9984 3.19428 -26.861 13.6762 2.28075 -26.6302 13.3786 1.35446 
-26.4082 13.0889 0.423444 -26.1769 12.7837 -0.500233 -25.9097 12.4515 -1.40451 
-25.6094 12.0972 -2.28996 -25.3093 11.7385 -3.17383 -25.031 11.3883 -4.06805 
-24.79 11.0526 -4.9785 -24.5715 10.7234 -5.89717 -24.3407 10.3788 -6.8067 
-24.0621 9.98435 -7.68116 -23.7103 9.50644 -8.48479 -23.3021 8.94332 -9.19986 
-22.8573 8.29907 -9.82055 -22.4025 7.62239 -10.3994 -21.9701 6.93562 -10.9832 
-21.5544 6.25529 -11.5865 -21.135 5.59219 -12.2063 -20.6812 4.9439 -12.8175 
-20.2054 4.29776 -13.414 -19.7409 3.62434 -13.9887 -19.2842 2.94339 -14.561 
-18.8464 2.23399 -15.1126 -18.4215 1.59094 -15.7467 -18.0634 1.0213 -16.4834 
-17.8135 0.495343 -17.2951 -17.632 -0.00494775 -18.1413 -17.5004 -0.499825 -19.0002 
-17.3933 -0.988862 -19.8657 -17.3196 -1.45806 -20.7455 -17.2798 -1.90038 -21.6412 
-17.2644 -2.30619 -22.5548 -17.2631 -2.68249 -23.4812 -17.2291 -3.02571 -24.4194 
-17.1464 -3.32487 -25.3695 -17.0079 -3.55615 -26.332 -16.8017 -3.72769 -27.2939 
-16.4685 -3.8152 -28.231 -16.0324 -3.83487 -29.129 -15.5973 -3.73912 -30.0214 
-15.2442 -3.49311 -30.9206 -14.9278 -3.12785 -31.7956 -14.6617 -2.79561 -32.6953 
-14.4576 -2.70126 -33.6647 -14.2954 -2.76707 -34.6483 -14.1755 -2.8914 -35.6329 
-14.095 -3.05761 -36.6153 -14.0543 -3.28255 -37.5884 -14.0388 -3.56263 -38.548 
-14.0423 -3.899 -39.4894 -14.0608 -4.26831 -40.4184 -14.0906 -4.64087 -41.346 
-14.1163 -5.01915 -42.2713 -14.1204 -5.44131 -43.1771 -14.0851 -5.96006 -44.0288 
-14.0064 -6.62256 -44.7698 -13.9072 -7.36887 -45.427 -25.1161 10.0831 33.1437 
-25.304 10.1002 32.3662 -25.5469 10.1545 31.3979 -25.821 10.2403 30.4403 
-26.1483 10.3503 29.5021 -26.5279 10.4699 28.5851 -26.9519 10.582 27.6865 
-27.391 10.6829 26.7938 -27.8161 10.7763 25.8936 -28.2147 10.8721 24.9816 
-28.5803 10.9946 24.0592 -28.9091 11.1468 23.1274 -29.1911 11.3078 22.1817 
-29.5309 11.4275 21.2598 -30.2298 11.4426 20.5596 -30.9754 11.4803 19.895 
-31.6707 11.5737 19.1836 -32.293 11.7169 18.4152 -32.8198 11.8923 17.5852 
-33.2322 12.0867 16.6971 -33.4958 12.2616 15.7518 -33.5878 12.388 14.7671 
-33.4897 12.4361 13.7774 -33.2363 12.4051 12.8131 -32.8391 12.2817 11.9067 
-32.3478 12.0731 11.0628 -31.7963 11.7958 10.2763 -31.2443 11.5028 9.49573 
-30.7202 11.2206 8.69238 -30.2397 10.9572 7.85664 -29.8364 10.7388 6.96854 
-29.4827 10.5513 6.0526 -29.1714 10.3896 5.11624 -28.8768 10.2393 4.17254 
-28.5835 10.0878 3.22862 -28.286 9.92971 2.28706 -27.9916 9.77654 1.34376 
-27.7057 9.63161 0.396522 -27.4263 9.48173 -0.551861 -27.1382 9.31199 -1.49422 
-26.8254 9.11927 -2.42419 -26.4986 8.92 -3.34803 -26.1736 8.72628 -4.27364 
-25.8493 8.54013 -5.20113 -25.5006 8.337 -6.11568 -25.1025 8.08392 -6.99601 
-24.6186 7.72945 -7.79429 -23.9634 7.16678 -8.61947 -23.3769 6.59075 -9.18802 
-22.8206 5.93892 -9.70015 -22.3363 5.21291 -10.187 -21.9189 4.45226 -10.6837 
-21.5071 3.69438 -11.1896 -21.076 2.95473 -11.7062 -20.638 2.23093 -12.2378 
-20.188 1.58654 -12.8552 -19.7519 0.983541 -13.5216 -19.3527 0.540736 -14.3208 
-19.0229 0.184334 -15.1937 -18.7814 -0.128922 -16.1114 -18.607 -0.435955 -17.0466 
-18.4789 -0.769969 -17.9803 -18.3713 -1.1262 -18.9084 -18.2753 -1.50582 -19.8285 
-18.1916 -1.89066 -20.7477 -18.1332 -2.26863 -21.6714 -18.1159 -2.63313 -22.6024 
-18.1121 -2.97598 -23.5416 -18.0958 -3.29193 -24.4901 -18.0552 -3.55581 -25.4532 
-17.9726 -3.75983 -26.4282 -17.821 -3.88624 -27.4069 -17.5733 -3.92807 -28.3728 
-17.1897 -3.84082 -29.2891 -16.7819 -3.61045 -30.1696 -16.5588 -3.12662 -31.0039 
-16.4188 -2.49405 -31.7635 -16.2824 -2.15957 -32.6288 -16.12 -2.33197 -33.5969 
-15.9485 -2.55047 -34.5574 -15.7496 -2.73285 -35.5201 -15.5464 -2.90668 -36.4836 
-15.3705 -3.11118 -37.4461 -15.2493 -3.38113 -38.4005 -15.1825 -3.71154 -39.3413 
-15.1844 -4.10216 -40.2615 -15.24 -4.50976 -41.1726 -15.3384 -4.89748 -42.0889 
-15.449 -5.22548 -43.0261 -15.5547 -5.44723 -43.9947 -15.6347 -5.62585 -44.9752 
-15.6506 -5.78737 -45.7578 -23.7251 16.8781 33.8502 -24.1329 16.7869 32.7254 
-24.4767 16.6909 31.7914 -24.8526 16.5959 30.8698 -25.2495 16.5242 29.9548 
-25.653 16.4874 29.0407 -26.0627 16.4706 28.1287 -26.4722 16.465 27.2163 
-26.8755 16.4587 26.3013 -27.2721 16.4406 25.3835 -27.6606 16.4132 24.4625 
-28.0208 16.3921 23.53 -28.33 16.3843 22.5795 -28.564 16.3841 21.6077 
-28.7688 16.3729 20.6298 -29.235 16.2826 19.7801 -29.8939 16.1577 19.0384 
-30.5427 16.0587 18.2841 -31.1574 15.998 17.4984 -31.7162 15.9754 16.6703 
-32.1959 15.9896 15.7941 -32.5553 16.0224 14.8632 -32.7895 16.0518 13.894 
-32.8276 16.0377 12.8985 -32.6601 15.9363 11.9235 -32.3 15.7403 11.0163 
-31.7841 15.4429 10.2169 -31.199 15.0688 9.49828 -30.6044 14.6736 8.79817 
-30.0294 14.2691 8.08718 -29.4916 13.8708 7.34452 -29.0115 13.4943 6.55308 
-28.5979 13.148 5.71188 -28.2546 12.839 4.82554 -27.9466 12.5581 3.91675 
-27.6646 12.3062 2.99106 -27.3972 12.0693 2.05711 -27.1437 11.8459 1.11591 
-26.8944 11.6226 0.173593 -26.6335 11.3801 -0.7606 -26.3442 11.1095 -1.67862 
-26.0294 10.8176 -2.58173 -25.7197 10.5243 -3.48623 -25.4325 10.2376 -4.40004 
-25.1707 9.95579 -5.32306 -24.9138 9.66594 -6.24487 -24.62 9.34636 -7.14493 
-24.4115 9.12255 -7.66087 -24.0833 8.74269 -8.2822 -23.6286 8.18832 -8.97673 
-23.1374 7.5518 -9.57019 -22.6542 6.85855 -10.104 -22.2001 6.14994 -10.6434 
-21.7977 5.41925 -11.1944 -21.3981 4.69849 -11.7606 -20.976 3.98509 -12.3197 
-20.5134 3.30952 -12.8935 -20.0475 2.64387 -13.4763 -19.5987 2.00072 -14.0955 
-19.1713 1.4285 -14.7934 -18.7905 0.913489 -15.5593 -18.4799 0.486583 -16.4065 
-18.2526 0.0880229 -17.2949 -18.0661 -0.319481 -18.1886 -17.9169 -0.737524 -19.0846 
-17.7953 -1.15946 -19.983 -17.7161 -1.57958 -20.8868 -17.6721 -1.98352 -21.8004 
-17.6622 -2.3607 -22.7262 -17.6683 -2.7143 -23.6615 -17.6436 -3.0373 -24.6072 
-17.5732 -3.31457 -25.5649 -17.4487 -3.52127 -26.5343 -17.2452 -3.65516 -27.5026 
-16.9144 -3.6969 -28.4428 -16.4632 -3.64926 -29.3316 -16.0071 -3.45935 -30.1979 
-15.6432 -3.08284 -31.0431 -15.3342 -2.60885 -31.8672 -15.0303 -2.40233 -32.7687 
-14.7614 -2.52493 -33.7225 -14.5602 -2.66875 -34.691 -14.4105 -2.81491 -35.6687 
-14.3057 -2.98794 -36.6477 -14.2424 -3.20943 -37.6203 -14.2124 -3.4907 -38.579 
-14.2083 -3.82851 -39.5199 -14.2253 -4.20372 -40.4466 -14.2584 -4.58355 -41.3711 
-14.2941 -4.96335 -42.2954 -14.3158 -5.36082 -43.2126 -14.3048 -5.81538 -44.1022 
-14.2482 -6.38014 -44.9226 -14.1679 -7.05659 -45.6527 -23.7777 19.723 33.0479 
-24.1349 19.5635 32.128 -24.5187 19.374 31.2243 -24.9405 19.198 30.335 
-25.3685 19.0576 29.4424 -25.7874 18.9603 28.5397 -26.1953 18.8835 27.63 
-26.5984 18.824 26.7168 -27.0014 18.7681 25.8034 -27.4018 18.7005 24.8894 
-27.7893 18.6292 23.9704 -28.1325 18.5699 23.0334 -28.413 18.5204 22.0755 
-28.602 18.4791 21.0952 -28.7065 18.4402 20.1021 -28.9317 18.3534 19.1628 
-29.4951 18.1923 18.3642 -30.0676 18.0416 17.5585 -30.6011 17.9115 16.723 
-31.0797 17.8139 15.8512 -31.5008 17.742 14.9476 -31.8358 17.6843 14.0083 
-32.0467 17.6134 13.0352 -32.1076 17.4919 12.0484 -31.9352 17.272 11.0961 
-31.5331 16.9345 10.2516 -31.0063 16.5133 9.51481 -30.4432 16.0544 8.82763 
-29.8844 15.5907 8.13996 -29.3487 15.1246 7.43623 -28.8484 14.6709 6.69909 
-28.4003 14.2388 5.91738 -28.0185 13.8417 5.08378 -27.6943 13.4882 4.20682 
-27.4078 13.1722 3.30261 -27.1482 12.891 2.37885 -26.899 12.6295 1.44641 
-26.6598 12.3772 0.508815 -26.4174 12.1113 -0.424104 -26.1497 11.8177 -1.34158 
-25.8472 11.5016 -2.24062 -25.5352 11.1723 -3.13177 -25.2396 10.8438 -4.02878 
-24.9763 10.5245 -4.93901 -24.7323 10.2096 -5.8562 -24.478 9.87959 -6.76511 
-24.1755 9.50005 -7.63789 -23.8857 9.13583 -8.28742 -23.4672 8.59436 -9.01429 
-23.0079 7.9679 -9.64185 -22.5435 7.28001 -10.1991 -22.0949 6.57783 -10.7515 
-21.7007 5.85156 -11.3143 -21.3056 5.14211 -11.8978 -20.8911 4.43828 -12.4739 
-20.4312 3.76431 -13.0519 -19.9676 3.08781 -13.624 -19.5164 2.40926 -14.2029 
-19.0816 1.77002 -14.8369 -18.6855 1.18781 -15.5417 -18.3544 0.717461 -16.3579 
-18.101 0.2747 -17.2175 -17.9043 -0.168912 -18.0916 -17.7554 -0.617748 -18.9725 
-17.6405 -1.06739 -19.8582 -17.5577 -1.5094 -20.7512 -17.5132 -1.93036 -21.657 
-17.4989 -2.32264 -22.5765 -17.5003 -2.68662 -23.5078 -17.4757 -3.02343 -24.4488 
-17.4004 -3.31107 -25.403 -17.2783 -3.53861 -26.3683 -17.0715 -3.68734 -27.3344 
-16.7661 -3.76483 -28.281 -16.3243 -3.74482 -29.1763 -15.8694 -3.62914 -30.0578 
-15.5208 -3.30707 -30.9317 -15.2196 -2.86374 -31.7753 -14.9196 -2.54095 -32.6595 
-14.6595 -2.55465 -33.6184 -14.4692 -2.67245 -34.5928 -14.3246 -2.80787 -35.5727 
-14.2287 -2.97753 -36.5533 -14.1689 -3.19037 -37.5281 -14.1437 -3.46835 -38.488 
-14.1397 -3.79787 -39.4319 -14.1559 -4.16891 -40.3602 -14.1854 -4.54705 -41.2855 
-14.2159 -4.92691 -42.21 -14.2341 -5.32638 -43.1264 -14.2171 -5.79718 -44.0073 
-14.1556 -6.38502 -44.8098 -14.0669 -7.08979 -45.5123 -24.4479 22.6374 30.959 
-24.8497 22.2656 30.1225 -25.2474 21.9604 29.2576 -25.6369 21.7022 28.3737 
-26.0271 21.4832 27.4795 -26.4313 21.2918 26.5851 -26.8541 21.1316 25.6934 
-27.284 20.9926 24.8013 -27.7028 20.8704 23.9015 -28.0894 20.7702 22.9851 
-28.4109 20.6896 22.0425 -28.6334 20.6185 21.0716 -28.7179 20.5513 20.0793 
-28.6888 20.4778 19.0833 -28.7565 20.3599 18.161 -29.3367 20.1332 17.1747 
-29.8252 19.9404 16.3241 -30.2666 19.7586 15.4456 -30.6622 19.5863 14.5438 
-30.9913 19.4251 13.6139 -31.2504 19.244 12.6659 -31.3889 19.0021 11.7094 
-31.3198 18.6614 10.777 -31.0103 18.216 9.94744 -30.5542 17.6806 9.23804 
-30.0461 17.1356 8.57134 -29.5215 16.6037 7.90666 -29.0089 16.0793 7.22696 
-28.5226 15.5679 6.51869 -28.0825 15.0754 5.76874 -27.6966 14.6151 4.97005 
-27.3685 14.2012 4.12152 -27.0844 13.8358 3.23552 -26.8287 13.515 2.32377 
-26.5898 13.2196 1.39883 -26.3595 12.9316 0.469312 -26.1199 12.6296 -0.45331 
-25.8476 12.301 -1.35743 -25.5428 11.9478 -2.24169 -25.2371 11.5866 -3.12263 
-24.9529 11.2313 -4.01299 -24.7026 10.887 -4.91781 -24.4669 10.5437 -5.82696 
-24.214 10.1765 -6.72158 -23.9094 9.74995 -7.57214 -23.5409 9.24934 -8.35349 
-23.1169 8.64715 -9.02477 -22.6623 7.95111 -9.57958 -22.2295 7.19946 -10.0747 
-21.8834 6.38054 -10.5315 -21.5787 5.55731 -11.0102 -21.2487 4.75013 -11.4993 
-20.8848 3.94888 -11.9739 -20.4771 3.18076 -12.4661 -20.0604 2.43152 -12.9807 
-19.6583 1.71265 -13.5396 -19.2519 1.12285 -14.2343 -18.9004 0.62826 -15.0267 
-18.6278 0.236073 -15.9031 -18.4253 -0.120684 -16.8148 -18.2676 -0.496445 -17.7278 
-18.1392 -0.890739 -18.6377 -18.0212 -1.2929 -19.5456 -17.9191 -1.69913 -20.4536 
-17.8428 -2.09949 -21.3666 -17.8114 -2.4831 -22.2894 -17.7997 -2.84789 -23.2203 
-17.7742 -3.1827 -24.1621 -17.725 -3.47619 -25.1165 -17.6332 -3.70883 -26.084 
-17.4827 -3.87724 -27.0574 -17.2328 -3.96354 -28.0196 -16.8741 -3.96648 -28.951 
-16.4588 -3.82688 -29.8472 -16.1547 -3.4952 -30.7285 -15.9813 -2.93633 -31.537 
-15.7861 -2.44813 -32.3581 -15.5554 -2.54537 -33.3156 -15.3354 -2.73238 -34.273 
-15.1237 -2.90435 -35.235 -14.9331 -3.07208 -36.2021 -14.7957 -3.27543 -37.171 
-14.7064 -3.53395 -38.1323 -14.6669 -3.85887 -39.0766 -14.6715 -4.23499 -40.0027 
-14.7232 -4.62737 -40.9209 -14.8076 -5.01117 -41.8403 -14.9093 -5.34152 -42.7781 
-15.0031 -5.60738 -43.7372 -15.0562 -5.85461 -44.704 -15.0402 -6.15399 -45.6572 
-24.1919 15.7431 32.7653 -24.5238 15.6689 31.825 -24.883 15.5982 30.8946 
-25.2626 15.5564 29.9706 -25.6603 15.5465 29.0531 -26.0721 15.5497 28.1418 
-26.4855 15.5584 27.2314 -26.8911 15.5622 26.3173 -27.2865 15.5521 25.3989 
-27.6718 15.534 24.4764 -28.0276 15.5275 23.542 -28.3319 15.5389 22.5899 
-28.5611 15.562 21.6175 -28.7314 15.5772 20.6343 -29.3258 15.4728 19.8738 
-30.0229 15.3628 19.1656 -30.6994 15.2881 18.4333 -31.3428 15.2503 17.6693 
-31.9209 15.2602 16.855 -32.4128 15.3055 15.9868 -32.7814 15.3653 15.0615 
-32.9945 15.4225 14.0893 -33.012 15.4341 13.0937 -32.8337 15.3592 12.1179 
-32.4588 15.1782 11.2128 -31.9371 14.894 10.4126 -31.3485 14.5324 9.68984 
-30.7519 14.1555 8.98133 -30.1741 13.7707 8.26165 -29.6273 13.3954 7.51373 
-29.1443 13.0428 6.71336 -28.7318 12.7215 5.86177 -28.3908 12.4374 4.96616 
-28.0841 12.1777 4.05055 -27.7954 11.942 3.12266 -27.5168 11.7163 2.18914 
-27.2504 11.5003 1.24983 -26.9909 11.288 0.307732 -26.7271 11.0653 -0.630726 
-26.4396 10.8151 -1.555 -26.1259 10.5388 -2.46337 -25.8082 10.2557 -3.36833 
-25.5075 9.97714 -4.28042 -25.2239 9.70139 -5.1988 -24.9442 9.41518 -6.11516 
-24.6319 9.10197 -7.01161 -24.4213 8.893 -7.53297 -24.0913 8.54197 -8.17076 
-23.6335 8.01245 -8.88095 -23.1336 7.38609 -9.4773 -22.636 6.70393 -10.012 
-22.1866 5.97553 -10.5282 -21.7983 5.2183 -11.0527 -21.4114 4.47077 -11.5921 
-20.9937 3.73523 -12.1253 -20.5449 3.03216 -12.6758 -20.0917 2.35077 -13.2505 
-19.6576 1.6983 -13.8683 -19.241 1.15548 -14.5946 -18.8795 0.685644 -15.3982 
-18.5942 0.292942 -16.2708 -18.3875 -0.0725455 -17.1781 -18.2222 -0.455498 -18.0868 
-18.0857 -0.852812 -18.9942 -17.9615 -1.25368 -19.9019 -17.8724 -1.65787 -20.812 
-17.8152 -2.05031 -21.7299 -17.7982 -2.4222 -22.6578 -17.7999 -2.77255 -23.5943 
-17.775 -3.09309 -24.5409 -17.7139 -3.36939 -25.4995 -17.6032 -3.57681 -26.4706 
-17.4209 -3.71354 -27.443 -17.1141 -3.75528 -28.3912 -16.6884 -3.70358 -29.2921 
-16.2429 -3.49924 -30.1603 -15.8918 -3.11839 -31.0092 -15.6189 -2.59163 -31.8134 
-15.3488 -2.37874 -32.711 -15.0898 -2.54276 -33.662 -14.8618 -2.72502 -34.6181 
-14.6801 -2.88603 -35.588 -14.5441 -3.05791 -36.5634 -14.4575 -3.28007 -37.534 
-14.4084 -3.55845 -38.4928 -14.3944 -3.89727 -39.4331 -14.4092 -4.27437 -40.3591 
-14.4548 -4.65838 -41.2812 -14.5115 -5.03732 -42.2049 -14.5642 -5.3997 -43.1354 
-14.5928 -5.76776 -44.0646 -14.5727 -6.2045 -44.9621 -23.8438 22.4908 32.3004 
-24.0826 22.2333 31.8139 -24.4694 21.8189 30.9903 -24.8697 21.4575 30.149 
-25.2849 21.1843 29.2817 -25.6945 20.9629 28.397 -26.0979 20.7847 27.4996 
-26.5072 20.6325 26.6 -26.927 20.5043 25.7016 -27.3494 20.387 24.8028 
-27.7581 20.2811 23.8964 -28.1309 20.1947 22.9729 -28.4353 20.124 22.0238 
-28.6403 20.0578 21.0487 -28.6923 19.9962 20.0546 -28.6579 19.9262 19.0585 
-28.8206 19.8013 18.1609 -29.355 19.6163 17.3569 -29.8644 19.4334 16.5165 
-30.3232 19.2617 15.6451 -30.7265 19.108 14.7436 -31.063 18.9743 13.8119 
-31.3317 18.8243 12.8613 -31.5019 18.6257 11.8977 -31.4794 18.3425 10.9456 
-31.2139 17.9606 10.069 -30.765 17.4904 9.3131 -30.2448 16.9746 8.63283 
-29.7102 16.4644 7.95912 -29.1843 15.9583 7.27558 -28.6886 15.462 6.56335 
-28.2288 14.9789 5.81847 -27.8272 14.5239 5.0247 -27.4878 14.1131 4.17937 
-27.1972 13.7486 3.29509 -26.935 13.4238 2.38661 -26.6942 13.1352 1.46001 
-26.4644 12.8587 0.526901 -26.2284 12.5673 -0.400032 -25.9702 12.2544 -1.31389 
-25.6709 11.914 -2.20506 -25.3624 11.5618 -3.08873 -25.0754 11.2142 -3.98121 
-24.8156 10.876 -4.88563 -24.5827 10.5448 -5.8 -24.3418 10.2002 -6.70705 
-24.0596 9.80941 -7.5822 -23.7194 9.35142 -8.40175 -23.3073 8.79057 -9.11748 
-22.862 8.15691 -9.74811 -22.4077 7.46755 -10.3122 -21.9679 6.76616 -10.8729 
-21.5734 6.04831 -11.4461 -21.1815 5.34579 -12.0402 -20.7584 4.65741 -12.6286 
-20.2975 3.98724 -13.2102 -19.8407 3.29561 -13.7695 -19.3938 2.59598 -14.3265 
-18.9668 1.91102 -14.9165 -18.5717 1.28939 -15.5843 -18.2387 0.791514 -16.3831 
-17.9828 0.317245 -17.2251 -17.795 -0.149963 -18.0886 -17.6553 -0.618248 -18.9609 
-17.5462 -1.08373 -19.8391 -17.4661 -1.53788 -20.7262 -17.421 -1.96788 -21.6277 
-17.402 -2.3696 -22.5431 -17.3985 -2.73952 -23.472 -17.3657 -3.07905 -24.4117 
-17.2837 -3.36795 -25.3651 -17.1582 -3.60189 -26.3284 -16.9456 -3.75611 -27.2921 
-16.636 -3.84362 -28.2369 -16.2047 -3.84242 -29.1378 -15.7634 -3.7467 -30.0285 
-15.4304 -3.45368 -30.9192 -15.1383 -3.0392 -31.7805 -14.8501 -2.71777 -32.671 
-14.6093 -2.68409 -33.6354 -14.4286 -2.78119 -34.6138 -14.2928 -2.91203 -35.5955 
-14.2029 -3.0836 -36.5762 -14.1486 -3.30256 -37.55 -14.1262 -3.58533 -38.5085 
-14.1248 -3.92057 -39.4503 -14.1447 -4.29355 -40.3779 -14.1782 -4.66881 -41.3042 
-14.211 -5.04858 -42.2287 -14.2295 -5.45093 -43.1439 -14.2105 -5.93242 -44.0185 
-14.1481 -6.53637 -44.8087 -14.0579 -7.25752 -45.4943 -24.1334 15.6323 33.0109 
-24.4626 15.5629 32.0693 -24.811 15.4895 31.1349 -25.1865 15.4464 30.2092 
-25.5773 15.4331 29.289 -25.9878 15.438 28.3772 -26.4028 15.4487 27.4674 
-26.8103 15.4559 26.5543 -27.2089 15.4518 25.6371 -27.5976 15.4363 24.716 
-27.9661 15.426 23.7865 -28.2862 15.4357 22.8396 -28.5466 15.4578 21.8749 
-28.7745 15.4677 20.9038 -29.2899 15.387 20.0872 -29.9841 15.2782 19.376 
-30.6681 15.1995 18.6509 -31.3192 15.1635 17.8933 -31.9234 15.166 17.0976 
-32.4389 15.212 16.2434 -32.851 15.2752 15.3362 -33.0898 15.344 14.3706 
-33.1701 15.3864 13.3778 -33.0263 15.3421 12.3939 -32.7038 15.2084 11.4604 
-32.214 14.9677 10.6271 -31.6389 14.6473 9.8757 -31.0395 14.2842 9.16239 
-30.4489 13.912 8.44639 -29.891 13.543 7.70348 -29.3813 13.1898 6.91981 
-28.9546 12.8692 6.07492 -28.5884 12.5779 5.19164 -28.2779 12.3197 4.27705 
-27.9869 12.0823 3.35032 -27.7121 11.8635 2.41408 -27.4492 11.653 1.47253 
-27.198 11.4483 0.526474 -26.9446 11.2353 -0.417082 -26.6692 10.9962 -1.34798 
-26.364 10.7299 -2.26219 -26.0527 10.4566 -3.17228 -25.7561 10.1917 -4.08979 
-25.4888 9.93695 -5.01899 -25.2388 9.6833 -5.95342 -24.9695 9.40565 -6.87505 
-24.6427 9.07418 -7.75877 -24.4068 8.82502 -8.2506 -24.0595 8.43385 -8.85347 
-23.583 7.87156 -9.528 -23.0897 7.26588 -10.1518 -22.5984 6.65113 -10.7686 
-22.1297 6.0371 -11.4036 -21.6688 5.42377 -12.0449 -21.1743 4.84289 -12.6911 
-20.6604 4.27531 -13.3343 -20.1475 3.70928 -13.9795 -19.651 3.1383 -14.6332 
-19.1618 2.57193 -15.2962 -18.6832 1.97678 -15.9416 -18.2385 1.40197 -16.6263 
-17.87 0.852677 -17.3745 -17.6259 0.341764 -18.1976 -17.4514 -0.158897 -19.0449 
-17.339 -0.655548 -19.9054 -17.2591 -1.1339 -20.7796 -17.2333 -1.57942 -21.6742 
-17.2387 -1.99104 -22.5854 -17.2502 -2.36515 -23.5125 -17.2453 -2.71005 -24.4508 
-17.1753 -3.0104 -25.4013 -17.0375 -3.24817 -26.3618 -16.8066 -3.40402 -27.3205 
-16.4555 -3.48372 -28.2508 -15.965 -3.48158 -29.1208 -15.4548 -3.3919 -29.9748 
-14.9981 -3.17342 -30.8351 -14.6297 -2.79929 -31.6796 -14.4078 -2.31253 -32.5214 
-14.2299 -1.99154 -33.4451 -14.0653 -1.97513 -34.4277 -13.9531 -2.06581 -35.4166 
-13.8996 -2.21474 -36.4037 -13.8738 -2.40337 -37.3852 -13.8727 -2.65233 -38.3534 
-13.8843 -2.94734 -39.3086 -13.904 -3.28449 -40.2497 -13.9254 -3.64808 -41.181 
-13.9389 -4.02314 -42.1079 -13.9425 -4.40448 -43.0322 -13.923 -4.84424 -43.9291 
-13.8837 -5.36852 -44.7783 -13.8333 -5.98391 -45.5641 -23.6842 16.8395 33.8962 
-24.0244 16.7687 32.9586 -24.3634 16.68 32.022 -24.7286 16.5844 31.0961 
-25.1206 16.5089 30.1794 -25.5213 16.4657 29.2643 -25.9293 16.4457 28.3516 
-26.3396 16.4376 27.4397 -26.7444 16.4311 26.5253 -27.1414 16.4141 25.6077 
-27.5316 16.3863 24.6873 -27.899 16.3612 23.7579 -28.2187 16.3516 22.8108 
-28.4598 16.3529 21.8409 -28.6154 16.3595 20.8544 -28.9099 16.3085 19.9521 
-29.5819 16.1747 19.2244 -30.243 16.0676 18.4821 -30.8765 15.9923 17.7126 
-31.456 15.958 16.899 -31.9674 15.9581 16.0411 -32.3689 15.987 15.1273 
-32.6683 16.0189 14.1747 -32.7892 16.026 13.1854 -32.7495 15.9811 12.19 
-32.4696 15.8306 11.2467 -32.0286 15.5988 10.3838 -31.4667 15.275 9.62511 
-30.8675 14.9004 8.91772 -30.2798 14.5085 8.20993 -29.7178 14.1138 7.48346 
-29.2049 13.7285 6.71686 -28.7498 13.3645 5.90488 -28.3754 13.0368 5.0383 
-28.0518 12.7398 4.14027 -27.7632 12.4767 3.21988 -27.4951 12.2341 2.28759 
-27.2413 12.0062 1.34759 -26.9964 11.7862 0.40332 -26.7475 11.5543 -0.536875 
-26.4771 11.2953 -1.46393 -26.1732 11.0101 -2.3729 -25.8615 10.7185 -3.27723 
-25.5687 10.4334 -4.18982 -25.3032 10.1567 -5.11326 -25.0626 9.8836 -6.04462 
-24.8118 9.59616 -6.96877 -24.5663 9.32846 -7.68068 -24.2808 9.0141 -8.35809 
-23.8598 8.51437 -9.11229 -23.3939 7.94926 -9.79221 -22.9117 7.34413 -10.4255 
-22.427 6.7434 -11.0611 -21.9528 6.14924 -11.7108 -21.48 5.55928 -12.365 
-20.967 5.00486 -13.0201 -20.4447 4.45405 -13.671 -19.9285 3.8961 -14.3205 
-19.4311 3.33525 -14.9822 -18.9448 2.75887 -15.6387 -18.4601 2.15178 -16.2681 
-17.9852 1.51308 -16.8727 -17.6268 0.906875 -17.5751 -17.4002 0.359476 -18.3792 
-17.2496 -0.173309 -19.2116 -17.1509 -0.69266 -20.0602 -17.0784 -1.18544 -20.9271 
-17.0583 -1.63734 -21.8186 -17.0571 -2.05246 -22.7281 -17.0572 -2.42944 -23.6542 
-17.0261 -2.77219 -24.5926 -16.9293 -3.06852 -25.5421 -16.771 -3.30349 -26.5002 
-16.5101 -3.46009 -27.4506 -16.1321 -3.54828 -28.3702 -15.6492 -3.56286 -29.2447 
-15.1734 -3.47915 -30.1188 -14.7648 -3.25985 -30.9991 -14.4683 -2.83801 -31.8512 
-14.2899 -2.34872 -32.7026 -14.1353 -2.06824 -33.6373 -13.9859 -2.06429 -34.6243 
-13.8998 -2.16208 -35.6146 -13.8629 -2.3212 -36.601 -13.8476 -2.52062 -37.5805 
-13.8533 -2.7809 -38.5457 -13.8705 -3.08873 -39.4968 -13.8919 -3.43447 -40.4348 
-13.9128 -3.80291 -41.3641 -13.9242 -4.17899 -42.2906 -13.9243 -4.56794 -43.2117 
-13.8993 -5.02933 -44.0976 -13.8551 -5.57744 -44.9314 -13.8121 -6.07966 -45.5521 
-25.5749 7.91794 33.2894 -25.7071 7.99277 32.709 -25.9272 8.10043 31.7395 
-26.1688 8.2224 30.7771 -26.4748 8.38069 29.8392 -26.8512 8.56318 28.9314 
-27.2858 8.75561 28.0517 -27.7337 8.95037 27.1791 -28.1671 9.13726 26.2976 
-28.5725 9.32714 25.4035 -28.9328 9.53092 24.4935 -29.2463 9.75693 23.5715 
-29.5107 9.98944 22.6358 -29.7919 10.1853 21.6992 -30.4173 10.2808 20.9437 
-31.1261 10.3816 20.246 -31.7779 10.5258 19.5026 -32.3504 10.7085 18.7045 
-32.8318 10.9161 17.8547 -33.201 11.1348 16.9528 -33.4418 11.3248 16.0035 
-33.5254 11.4582 15.0193 -33.4289 11.5101 14.0284 -33.1938 11.4914 13.0583 
-32.8379 11.4007 12.1301 -32.391 11.233 11.2534 -31.8824 11.0027 10.424 
-31.3598 10.743 9.61202 -30.8619 10.4876 8.7835 -30.409 10.2549 7.92346 
-30.0218 10.0592 7.0231 -29.6821 9.89591 6.09716 -29.3753 9.75956 5.15528 
-29.0803 9.63201 4.20831 -28.7879 9.50289 3.26081 -28.491 9.36716 2.31561 
-28.1923 9.22853 1.37138 -27.8991 9.09571 0.424606 -27.614 8.96777 -0.525312 
-27.3259 8.82652 -1.47237 -27.0169 8.66124 -2.40888 -26.6881 8.48732 -3.33707 
-26.3492 8.31611 -4.26219 -26.0062 8.14862 -5.18645 -25.6363 7.96835 -6.09746 
-25.2095 7.74203 -6.972 -24.7166 7.43199 -7.78266 -24.0432 6.92704 -8.63309 
-23.4489 6.39405 -9.23306 -22.871 5.77466 -9.76192 -22.3551 5.08023 -10.2619 
-21.9154 4.34136 -10.7719 -21.4972 3.5939 -11.2877 -21.0556 2.87151 -11.8198 
-20.6063 2.17821 -12.3808 -20.1493 1.55319 -13.0133 -19.7103 0.989678 -13.7099 
-19.3146 0.557915 -14.5169 -18.9936 0.207985 -15.3961 -18.7601 -0.104301 -16.3163 
-18.5836 -0.416313 -17.2496 -18.4549 -0.757426 -18.1806 -18.3444 -1.11967 -19.106 
-18.2485 -1.50116 -20.0254 -18.1707 -1.88566 -20.9452 -18.1219 -2.25966 -21.8711 
-18.1161 -2.618 -22.8045 -18.1214 -2.95417 -23.7462 -18.1056 -3.25903 -24.6982 
-18.0622 -3.5134 -25.6639 -17.9718 -3.70135 -26.6409 -17.8084 -3.81015 -27.6201 
-17.5286 -3.81927 -28.5766 -17.1197 -3.69989 -29.4783 -16.6982 -3.42099 -30.3354 
-16.4297 -2.88611 -31.1301 -16.2284 -2.28976 -31.9054 -16.0415 -2.24419 -32.8342 
-15.8558 -2.47098 -33.7899 -15.6629 -2.67941 -34.7485 -15.4575 -2.85242 -35.7117 
-15.2659 -3.02668 -36.6774 -15.117 -3.24835 -37.6404 -15.0203 -3.53614 -38.5926 
-14.9728 -3.88153 -39.5292 -14.9886 -4.27834 -40.4467 -15.0525 -4.68038 -41.3598 
-15.1572 -5.04974 -42.2828 -15.2647 -5.35353 -43.2286 -15.3541 -5.57574 -44.1993 
-15.398 -5.79708 -45.173 -24.5269 14.9242 32.0269 -24.8664 14.8754 31.0876 
-25.2285 14.8603 30.1558 -25.6169 14.8753 29.2346 -26.0283 14.8949 28.3233 
-26.4465 14.9147 27.4152 -26.856 14.9272 26.5031 -27.2534 14.9248 25.5854 
-27.6403 14.9131 24.6634 -28.003 14.9114 23.7317 -28.3183 14.9314 22.7832 
-28.5643 14.9688 21.8154 -28.8155 14.9858 20.8563 -29.4602 14.8829 20.1066 
-30.1616 14.7924 19.4 -30.8585 14.7366 18.6853 -31.523 14.7189 17.9389 
-32.1209 14.7502 17.1394 -32.6401 14.8137 16.2881 -33.0102 14.9006 15.366 
-33.2337 14.9888 14.398 -33.2549 15.0315 13.4016 -33.0892 14.9932 12.4218 
-32.7328 14.8541 11.5 -32.2519 14.6273 10.6575 -31.6728 14.305 9.91011 
-31.0731 13.9522 9.19197 -30.485 13.5937 8.46706 -29.9301 13.2406 7.71423 
-29.4311 12.9071 6.91514 -28.9993 12.5989 6.06858 -28.6449 12.3276 5.17427 
-28.3358 12.0827 4.25551 -28.0465 11.858 3.32502 -27.766 11.6453 2.38904 
-27.4985 11.4425 1.4471 -27.2409 11.243 0.501678 -26.9814 11.0334 -0.440989 
-26.7021 10.8006 -1.3724 -26.3961 10.5424 -2.28866 -26.0814 10.2743 -3.19917 
-25.7859 10.0173 -4.11919 -25.5117 9.76853 -5.04808 -25.2506 9.51777 -5.98023 
-24.9701 9.2429 -6.89949 -24.702 8.98074 -7.60521 -24.3815 8.65245 -8.25988 
-24.0254 8.25482 -8.8528 -23.5353 7.67593 -9.50415 -23.0359 7.05964 -10.1121 
-22.5445 6.42304 -10.7062 -22.0868 5.78101 -11.3209 -21.6409 5.13988 -11.9453 
-21.1637 4.53045 -12.578 -20.6611 3.93896 -13.2083 -20.1543 3.36018 -13.847 
-19.665 2.78098 -14.4987 -19.1866 2.21096 -15.1665 -18.734 1.63687 -15.8473 
-18.3312 1.12551 -16.6046 -18.0208 0.642866 -17.4225 -17.7917 0.175453 -18.2756 
-17.6376 -0.291267 -19.1461 -17.5275 -0.755314 -20.0248 -17.4716 -1.19817 -20.9193 
-17.4697 -1.61811 -21.8264 -17.5 -2 -22.75 -17.5406 -2.35777 -23.6828 
-17.5679 -2.69062 -24.6251 -17.5294 -2.97876 -25.581 -17.4064 -3.19171 -26.5485 
-17.1798 -3.31606 -27.5121 -16.7819 -3.33421 -28.4242 -16.2316 -3.28007 -29.2551 
-15.6366 -3.14683 -30.0464 -15.0821 -2.90621 -30.8412 -14.6772 -2.4788 -31.6394 
-14.4291 -1.88912 -32.4038 -14.2643 -1.39369 -33.2413 -14.0679 -1.27026 -34.1975 
-13.9326 -1.32444 -35.1851 -13.886 -1.44945 -36.1756 -13.8623 -1.61859 -37.1608 
-13.8514 -1.82736 -38.1385 -13.8454 -2.08902 -39.1032 -13.8564 -2.40621 -40.0512 
-13.8815 -2.753 -40.9887 -13.9062 -3.11253 -41.9216 -13.9158 -3.48084 -42.8512 
-13.9127 -3.83627 -43.7857 -13.8831 -4.20237 -44.7133 -13.8597 -4.70187 -45.5774 
-24.6394 14.0435 31.9767 -24.898 14.0331 31.2197 -25.2427 14.0578 30.2816 
-25.6173 14.1052 29.3558 -26.0273 14.1492 28.4448 -26.4469 14.186 27.5379 
-26.8602 14.2095 26.6277 -27.26 14.2171 25.7111 -27.6453 14.2159 24.7884 
-28.0089 14.2229 23.857 -28.3251 14.2564 22.9092 -28.587 14.3078 21.946 
-28.8535 14.3386 20.9918 -29.4385 14.2681 20.2308 -30.1682 14.1907 19.5516 
-30.887 14.1491 18.858 -31.5663 14.1553 18.125 -32.18 14.208 17.3384 
-32.7009 14.2932 16.4906 -33.1009 14.3997 15.5829 -33.3292 14.5027 14.6186 
-33.368 14.5653 13.6248 -33.2032 14.5449 12.6437 -32.8652 14.4333 11.7125 
-32.3901 14.2208 10.8628 -31.8219 13.9183 10.0992 -31.2259 13.5774 9.37216 
-30.638 13.2364 8.63873 -30.0829 12.8996 7.87867 -29.5802 12.5822 7.07534 
-29.1534 12.2948 6.21887 -28.7963 12.0402 5.32085 -28.4922 11.8159 4.39508 
-28.2019 11.6031 3.46213 -27.9181 11.4015 2.52471 -27.6417 11.2079 1.58338 
-27.3774 11.0186 0.637697 -27.117 10.8232 -0.307797 -26.8404 10.6058 -1.24374 
-26.5395 10.3652 -2.16639 -26.2238 10.1092 -3.08007 -25.9208 9.86168 -4.00025 
-25.6382 9.62528 -4.92987 -25.3693 9.38929 -5.86366 -25.0858 9.12994 -6.78639 
-24.7414 8.80982 -7.66772 -24.4984 8.57309 -8.16186 -24.1382 8.18968 -8.76153 
-23.6503 7.62907 -9.42911 -23.1438 7.02267 -10.0411 -22.6433 6.39171 -10.6337 
-22.1811 5.75506 -11.2507 -21.7331 5.11475 -11.8745 -21.2594 4.50472 -12.5088 
-20.758 3.9154 -13.1423 -20.2478 3.34799 -13.7883 -19.7499 2.77326 -14.4373 
-19.2671 2.22369 -15.1189 -18.8016 1.6534 -15.795 -18.3865 1.13834 -16.5427 
-18.0423 0.66013 -17.3501 -17.7984 0.188896 -18.1968 -17.6217 -0.278553 -19.0626 
-17.5058 -0.748044 -19.9377 -17.4226 -1.20565 -20.8228 -17.4029 -1.63542 -21.7251 
-17.4124 -2.03376 -22.6421 -17.4337 -2.39851 -23.5728 -17.4399 -2.73644 -24.5137 
-17.3805 -3.02901 -25.4673 -17.2547 -3.25753 -26.4316 -17.029 -3.39691 -27.3938 
-16.6798 -3.454 -28.3262 -16.1715 -3.42573 -29.1853 -15.6386 -3.31378 -30.0226 
-15.1661 -3.04769 -30.8594 -14.7775 -2.65395 -31.6885 -14.5142 -2.21854 -32.5426 
-14.3029 -2.02166 -33.4907 -14.1294 -2.06768 -34.4733 -14.0085 -2.17099 -35.4603 
-13.9419 -2.32172 -36.4462 -13.9096 -2.51526 -37.4265 -13.9041 -2.7676 -38.3937 
-13.9141 -3.06868 -39.3471 -13.9321 -3.41199 -40.286 -13.952 -3.77818 -41.2163 
-13.9652 -4.15521 -42.1424 -13.9673 -4.54358 -43.0638 -13.9451 -4.99881 -43.9528 
-13.8992 -5.5443 -44.7877 -13.8373 -6.18124 -45.5555 -25.4892 7.9726 33.4948 
-25.675 8.08612 32.7251 -25.8942 8.1972 31.7559 -26.1276 8.30836 30.7901 
-26.4153 8.45579 29.8444 -26.7803 8.6325 28.931 -27.1989 8.8185 28.0424 
-27.6449 9.00842 27.1677 -28.0865 9.19324 26.2899 -28.4955 9.37459 25.3956 
-28.8668 9.56713 24.4876 -29.1835 9.78511 23.5648 -29.4475 10.0198 22.6296 
-29.6817 10.2306 21.6837 -30.1613 10.3467 20.8398 -30.8919 10.4188 20.1615 
-31.5709 10.5371 19.4385 -32.1673 10.7041 18.6547 -32.6808 10.9037 17.8214 
-33.0902 11.1193 16.9363 -33.3717 11.319 16 -33.4798 11.4587 15.0192 
-33.4249 11.5277 14.0263 -33.1917 11.5095 13.0568 -32.8531 11.4317 12.1202 
-32.4018 11.2602 11.2462 -31.8937 11.0317 10.4163 -31.3711 10.7716 9.60448 
-30.8689 10.5142 8.77919 -30.4186 10.2834 7.9172 -30.0261 10.0849 7.01975 
-29.6856 9.92125 6.09421 -29.3768 9.7831 5.15324 -29.0824 9.65559 4.20612 
-28.7897 9.52637 3.25867 -28.4929 9.39033 2.3135 -28.1949 9.25211 1.36899 
-27.9028 9.11992 0.421788 -27.6185 8.9931 -0.528498 -27.3295 8.85026 -1.47503 
-27.0233 8.6853 -2.41249 -26.6929 8.51067 -3.34004 -26.3555 8.33885 -4.26558 
-26.0134 8.17183 -5.19025 -25.6515 7.99539 -6.10545 -25.2275 7.76737 -6.98076 
-24.7461 7.46419 -7.80107 -24.1959 7.05377 -8.5252 -23.6105 6.53671 -9.14705 
-23.0239 5.94488 -9.69846 -22.4894 5.27497 -10.2115 -22.0308 4.55618 -10.7331 
-21.61 3.81893 -11.2614 -21.1641 3.10923 -11.8067 -20.709 2.41981 -12.3686 
-20.2453 1.79715 -12.9985 -19.798 1.2124 -13.6729 -19.3866 0.755325 -14.4584 
-19.0392 0.380836 -15.3172 -18.7792 0.0510127 -16.224 -18.5817 -0.268609 -17.1503 
-18.4367 -0.61206 -18.078 -18.3176 -0.978472 -19.0007 -18.215 -1.36169 -19.9186 
-18.1324 -1.74884 -20.8369 -18.0788 -2.12381 -21.7622 -18.0672 -2.48316 -22.6951 
-18.0793 -2.82316 -23.6354 -18.07 -3.13678 -24.5847 -18.0269 -3.39809 -25.5484 
-17.9434 -3.59832 -26.5239 -17.7835 -3.71439 -27.5022 -17.511 -3.73783 -28.4613 
-17.0894 -3.6354 -29.3586 -16.6171 -3.3935 -30.2025 -16.2539 -2.92391 -31.0011 
-15.9787 -2.36944 -31.7845 -15.7429 -2.20187 -32.693 -15.5236 -2.41924 -33.6437 
-15.3118 -2.62699 -34.5985 -15.1049 -2.80463 -35.5606 -14.9283 -2.98417 -36.5281 
-14.7957 -3.19741 -37.4956 -14.7179 -3.47685 -38.452 -14.6819 -3.81198 -39.393 
-14.6912 -4.19588 -40.3161 -14.738 -4.59033 -41.2337 -14.8147 -4.96968 -42.1557 
-14.8969 -5.30576 -43.0934 -14.9608 -5.58246 -44.052 -14.9758 -5.86685 -45.0099 
-14.9412 -6.13607 -45.762 -23.7321 20.2728 33.0614 -24.0937 20.0698 32.1518 
-24.4776 19.8361 31.2587 -24.8941 19.6192 30.376 -25.323 19.4558 29.4878 
-25.7446 19.3326 28.5896 -26.1541 19.2377 27.6823 -26.5583 19.1637 26.7706 
-26.9631 19.0973 25.8587 -27.3661 19.023 24.9465 -27.7535 18.9455 24.028 
-28.1045 18.8794 23.0942 -28.3915 18.825 22.1385 -28.5894 18.7788 21.1605 
-28.6809 18.7372 20.1662 -28.7897 18.6689 19.1893 -29.3195 18.507 18.3792 
-29.8918 18.3441 17.576 -30.4196 18.2014 16.739 -30.9002 18.0848 15.8705 
-31.3077 18.0048 14.9612 -31.652 17.9335 14.0258 -31.8885 17.8513 13.0594 
-31.9842 17.7226 12.0756 -31.8613 17.5012 11.1158 -31.5125 17.1742 10.2444 
-30.9982 16.749 9.50193 -30.4457 16.2903 8.80634 -29.889 15.8188 8.12245 
-29.3482 15.3461 7.42677 -28.8402 14.879 6.70352 -28.3777 14.4303 5.93936 
-27.9781 14.0108 5.12506 -27.6376 13.6334 4.26486 -27.3451 13.3014 3.36842 
-27.0779 13.0016 2.4527 -26.827 12.7307 1.52346 -26.5867 12.4715 0.588005 
-26.3429 12.1978 -0.34233 -26.0768 11.9011 -1.25924 -25.7736 11.5791 -2.15597 
-25.4597 11.2418 -3.04349 -25.1639 10.9041 -3.93698 -24.8926 10.573 -4.84066 
-24.6424 10.2458 -5.7519 -24.3834 9.90464 -6.65526 -24.0754 9.50956 -7.51954 
-23.7118 9.04453 -8.32551 -23.3718 8.59769 -8.89371 -22.9126 7.95005 -9.49908 
-22.4519 7.24094 -10.0319 -22.0305 6.48526 -10.5319 -21.6756 5.69831 -11.0359 
-21.3267 4.92173 -11.5602 -20.9488 4.14817 -12.0685 -20.5256 3.40704 -12.5883 
-20.0919 2.6803 -13.1207 -19.6763 1.96203 -13.6754 -19.2622 1.3452 -14.3415 
-18.8985 0.825754 -15.1127 -18.6023 0.405499 -15.9676 -18.3827 0.0293172 -16.8673 
-18.2099 -0.358841 -17.7724 -18.0681 -0.762606 -18.6761 -17.9404 -1.17028 -19.5802 
-17.8412 -1.58356 -20.4853 -17.7705 -1.98999 -21.3962 -17.741 -2.37457 -22.3186 
-17.7364 -2.73945 -23.2495 -17.7125 -3.07236 -24.192 -17.659 -3.36706 -25.1458 
-17.5625 -3.60112 -26.1125 -17.4047 -3.76882 -27.0847 -17.1409 -3.85136 -28.0434 
-16.7635 -3.85085 -28.9674 -16.3273 -3.71687 -29.8547 -15.9764 -3.41112 -30.733 
-15.7378 -2.89792 -31.5548 -15.4967 -2.45611 -32.3955 -15.2367 -2.54697 -33.3486 
-14.997 -2.72765 -34.3024 -14.7938 -2.89441 -35.267 -14.6344 -3.05848 -36.2402 
-14.5295 -3.26418 -37.2127 -14.465 -3.52473 -38.1755 -14.44 -3.84894 -39.1206 
-14.446 -4.21913 -40.0493 -14.4893 -4.60441 -40.971 -14.5524 -4.98467 -41.8937 
-14.6201 -5.34083 -42.8256 -14.6721 -5.67901 -43.7651 -14.6854 -6.0456 -44.6947 
-14.6462 -6.50476 -45.5804 -24.5068 14.8759 32.0646 -24.844 14.8293 31.1244 
-25.2045 14.8174 30.1919 -25.5929 14.8329 29.2707 -26.0034 14.854 28.3591 
-26.422 14.8743 27.4512 -26.8323 14.8875 26.5393 -27.2302 14.8856 25.6219 
-27.6171 14.874 24.6999 -27.9785 14.8723 23.7678 -28.293 14.8925 22.8191 
-28.53 14.933 21.8492 -28.7178 14.9682 20.8694 -29.3283 14.8706 20.1113 
-30.0434 14.7717 19.4198 -30.7431 14.7142 18.7079 -31.4098 14.6945 17.9635 
-32.0113 14.7241 17.1667 -32.5352 14.7876 16.3183 -32.9224 14.8723 15.4028 
-33.1516 14.9582 14.4359 -33.1882 15.0019 13.4411 -33.0289 14.9613 12.4605 
-32.6721 14.8126 11.5405 -32.1891 14.5741 10.7026 -31.6119 14.2418 9.95799 
-31.0141 13.882 9.24168 -30.4282 13.517 8.51826 -29.8717 13.1585 7.76904 
-29.3769 12.8227 6.96837 -28.9473 12.5128 6.12136 -28.5945 12.241 5.22648 
-28.2859 11.9953 4.30778 -27.9938 11.7683 3.37874 -27.7094 11.5514 2.44487 
-27.4355 11.3439 1.50582 -27.1715 11.1406 0.562969 -26.907 10.9296 -0.378015 
-26.6238 10.6953 -1.30786 -26.3139 10.4336 -2.22175 -25.9958 10.1615 -3.12989 
-25.6913 9.89536 -4.04446 -25.4018 9.63377 -4.96517 -25.1174 9.36409 -5.88509 
-24.8141 9.07041 -6.7913 -24.5332 8.80277 -7.49011 -24.2887 8.5586 -7.97999 
-23.9329 8.17525 -8.58357 -23.4464 7.60399 -9.24187 -22.9364 6.95818 -9.80903 
-22.4506 6.26472 -10.3405 -22.0193 5.54413 -10.8822 -21.6264 4.80888 -11.4342 
-21.2052 4.09442 -11.9928 -20.7599 3.39213 -12.5476 -20.2918 2.73074 -13.1335 
-19.8362 2.07703 -13.7376 -19.3992 1.49194 -14.4171 -18.9965 0.985242 -15.1787 
-18.6695 0.553724 -16.0172 -18.4191 0.1725 -16.9064 -18.2256 -0.21329 -17.8082 
-18.0704 -0.614628 -18.7108 -17.9374 -1.02107 -19.6146 -17.8319 -1.43147 -20.5202 
-17.7737 -1.83418 -21.4335 -17.7477 -2.21452 -22.3578 -17.7578 -2.57169 -23.2917 
-17.7558 -2.90647 -24.2337 -17.7057 -3.20001 -25.188 -17.615 -3.43537 -26.1552 
-17.4536 -3.59385 -27.1278 -17.1835 -3.66696 -28.0854 -16.7793 -3.645 -28.9967 
-16.2956 -3.50963 -29.8596 -15.8733 -3.20517 -30.7086 -15.5382 -2.7357 -31.5223 
-15.2392 -2.39693 -32.3863 -14.9475 -2.46201 -33.3295 -14.7148 -2.62628 -34.2876 
-14.534 -2.77655 -35.2593 -14.4064 -2.93808 -36.2377 -14.3173 -3.13415 -37.2138 
-14.2726 -3.39567 -38.1775 -14.2544 -3.71091 -39.126 -14.263 -4.07573 -40.0568 
-14.2926 -4.45665 -40.9809 -14.3331 -4.83606 -41.9053 -14.3711 -5.21834 -42.8285 
-14.3828 -5.62955 -43.7395 -14.3568 -6.11189 -44.6133 -14.2876 -6.72258 -45.3997 
-23.6001 19.0313 33.6695 -23.8035 18.9713 33.1081 -24.1584 18.8493 32.1814 
-24.5406 18.7062 31.2687 -24.9596 18.5673 30.3714 -25.3817 18.4604 29.4714 
-25.7971 18.3871 28.5648 -26.205 18.3321 27.6535 -26.6082 18.2904 26.7393 
-27.0097 18.2479 25.8244 -27.4075 18.1922 24.9087 -27.7927 18.1309 23.9879 
-28.1317 18.079 23.0489 -28.4063 18.0363 22.0891 -28.5925 18.0031 21.1078 
-28.7154 17.9697 20.1162 -29.0638 17.8692 19.2233 -29.674 17.7113 18.4471 
-30.2628 17.5739 17.6508 -30.8111 17.4634 16.8225 -31.2963 17.3906 15.9517 
-31.7247 17.3402 15.0503 -32.0472 17.309 14.1057 -32.2545 17.2645 13.1301 
-32.2939 17.1651 12.14 -32.1209 16.9797 11.1801 -31.7042 16.6779 10.3259 
-31.1791 16.2981 9.5678 -30.6033 15.8638 8.87533 -30.0345 15.4177 8.18443 
-29.493 14.9693 7.47343 -28.9897 14.532 6.72879 -28.5433 14.119 5.9358 
-28.1592 13.736 5.09646 -27.8399 13.3993 4.211 -27.5554 13.0963 3.30174 
-27.3008 12.8269 2.37309 -27.059 12.5775 1.43541 -26.826 12.3383 0.492841 
-26.5867 12.08 -0.443009 -26.3161 11.7887 -1.36033 -26.0121 11.4785 -2.26097 
-25.7044 11.1632 -3.15866 -25.4193 10.8528 -4.06535 -25.1659 10.5533 -4.98507 
-24.9393 10.2612 -5.91416 -24.6974 9.95338 -6.83393 -24.4049 9.60073 -7.72192 
-24.0336 9.14744 -8.5295 -23.6039 8.60227 -9.24728 -23.1407 7.9934 -9.88957 
-22.6667 7.35369 -10.4945 -22.2049 6.72531 -11.1204 -21.753 6.10128 -11.7578 
-21.2842 5.50213 -12.4065 -20.788 4.91535 -13.0462 -20.2771 4.33724 -13.6823 
-19.7826 3.73692 -14.3106 -19.2975 3.13676 -14.9462 -18.8255 2.50141 -15.5569 
-18.3497 1.85911 -16.1575 -17.9323 1.22795 -16.8078 -17.6583 0.671135 -17.5891 
-17.4682 0.146591 -18.4182 -17.3289 -0.368998 -19.2634 -17.2278 -0.874207 -20.1203 
-17.1596 -1.35201 -20.9957 -17.1354 -1.79765 -21.8904 -17.1309 -2.20375 -22.804 
-17.128 -2.5752 -23.7323 -17.0858 -2.91165 -24.6725 -16.9837 -3.20109 -25.6236 
-16.8182 -3.42271 -26.5833 -16.5639 -3.57594 -27.5368 -16.1821 -3.65149 -28.4556 
-15.7095 -3.65758 -29.3357 -15.2639 -3.5424 -30.2216 -14.8727 -3.30921 -31.1096 
-14.5852 -2.89153 -31.9682 -14.3799 -2.48207 -32.8529 -14.211 -2.35579 -33.8222 
-14.0679 -2.40359 -34.8096 -13.9744 -2.52333 -35.7976 -13.9237 -2.69276 -36.7813 
-13.9057 -2.91416 -37.756 -13.9087 -3.19128 -38.7164 -13.9224 -3.5187 -39.6611 
-13.9419 -3.88107 -40.5928 -13.9607 -4.25718 -41.5192 -13.9705 -4.63838 -42.4436 
-13.9608 -5.06485 -43.3474 -13.9233 -5.57364 -44.2056 -13.8491 -6.20193 -44.9787 
-13.7703 -6.89353 -45.6959 -24.2643 22.3321 31.3882 -24.498 22.0879 30.8925 
-24.898 21.732 30.0484 -25.3056 21.4402 29.1838 -25.7071 21.2129 28.2967 
-26.1075 21.0205 27.4009 -26.5186 20.8595 26.5037 -26.9407 20.7213 25.6078 
-27.3645 20.5971 24.7107 -27.7762 20.4861 23.8062 -28.1462 20.3981 22.8817 
-28.4534 20.3242 21.9338 -28.6433 20.2568 20.9558 -28.71 20.1922 19.9622 
-28.6411 20.1232 18.9694 -28.8255 19.9819 17.9641 -29.3933 19.7883 17.1647 
-29.9018 19.601 16.3248 -30.3564 19.4242 15.4523 -30.7559 19.2633 14.5502 
-31.0946 19.1173 13.6213 -31.3505 18.9546 12.6691 -31.5117 18.7446 11.7071 
-31.4557 18.4404 10.7624 -31.1626 18.0432 9.90137 -30.7028 17.5636 9.15721 
-30.1817 17.0461 8.47877 -29.6472 16.5371 7.80393 -29.1263 16.0311 7.11668 
-28.6371 15.5365 6.39871 -28.1866 15.0543 5.64771 -27.7947 14.5997 4.84882 
-27.4664 14.1897 3.99859 -27.1856 13.8263 3.11081 -26.9341 13.5056 2.19783 
-26.7029 13.2208 1.26763 -26.4806 12.9417 0.333469 -26.2499 12.6453 -0.593168 
-25.9932 12.3256 -1.50511 -25.697 11.9843 -2.39701 -25.394 11.6352 -3.28376 
-25.117 11.2952 -4.1823 -24.8722 10.9676 -5.09469 -24.6562 10.65 -6.018 
-24.4305 10.322 -6.93518 -24.1572 9.94757 -7.8204 -23.8243 9.50471 -8.65082 
-23.4208 8.97063 -9.39223 -22.9791 8.36755 -10.055 -22.519 7.74369 -10.6866 
-22.0576 7.13273 -11.3299 -21.5927 6.5334 -11.9814 -21.1102 5.96099 -12.644 
-20.6018 5.40095 -13.298 -20.0835 4.84122 -13.9445 -19.59 4.25603 -14.5879 
-19.11 3.66497 -15.2359 -18.6413 3.04079 -15.8605 -18.1553 2.36813 -16.4154 
-17.7087 1.6302 -16.915 -17.3978 0.966069 -17.584 -17.202 0.379082 -18.3684 
-17.068 -0.185242 -19.1827 -16.9748 -0.729022 -20.0165 -16.9018 -1.24245 -20.8713 
-16.8754 -1.71068 -21.7541 -16.864 -2.14057 -22.6567 -16.853 -2.52567 -23.5793 
-16.812 -2.8777 -24.514 -16.7097 -3.18086 -25.4608 -16.5546 -3.42965 -26.4161 
-16.2997 -3.60841 -27.365 -15.9461 -3.73008 -28.291 -15.4943 -3.76765 -29.1812 
-15.0613 -3.7134 -30.0795 -14.7092 -3.4907 -30.9829 -14.4461 -3.08889 -31.8563 
-14.2756 -2.64549 -32.7338 -14.132 -2.40587 -33.6842 -13.9973 -2.41133 -34.6736 
-13.9123 -2.51386 -35.6637 -13.8728 -2.67884 -36.649 -13.8598 -2.89275 -37.6254 
-13.8672 -3.16508 -38.5872 -13.8831 -3.48538 -39.5341 -13.9037 -3.84556 -40.4667 
-13.9238 -4.22074 -41.3934 -13.9333 -4.5993 -42.3189 -13.9295 -5.00403 -43.2332 
-13.8943 -5.50194 -44.0979 -13.8277 -6.10499 -44.8906 -13.7661 -6.6479 -45.4745 
-24.4577 22.8878 30.9094 -24.8625 22.5204 30.0721 -25.2581 22.2101 29.2081 
-25.6413 21.9445 28.3237 -26.0267 21.7136 27.4303 -26.429 21.5103 26.5378 
-26.8525 21.3399 25.6482 -27.2842 21.1922 24.7584 -27.7053 21.0643 23.8606 
-28.0942 20.9603 22.9455 -28.4171 20.877 22.0037 -28.6401 20.8044 21.0331 
-28.7228 20.7366 20.0408 -28.6845 20.6629 19.0453 -28.7215 20.5463 18.121 
-29.2915 20.3165 17.133 -29.7801 20.1185 16.2835 -30.2147 19.933 15.4025 
-30.6061 19.7543 14.5 -30.9337 19.5821 13.5717 -31.1884 19.3892 12.6247 
-31.3345 19.1381 11.6708 -31.2846 18.7958 10.739 -30.984 18.3471 9.90724 
-30.5377 17.8106 9.19332 -30.0333 17.2609 8.52778 -29.5088 16.7262 7.86527 
-28.9988 16.2 7.18514 -28.5154 15.6856 6.47693 -28.0772 15.1894 5.72822 
-27.6923 14.7243 4.93182 -27.3656 14.3045 4.08571 -27.0817 13.9324 3.20254 
-26.8308 13.6108 2.28967 -26.5961 13.313 1.36439 -26.37 13.0232 0.434415 
-26.1342 12.7183 -0.488239 -25.8652 12.3875 -1.39253 -25.5668 12.0362 -2.27984 
-25.2617 11.6751 -3.16099 -24.9774 11.3207 -4.05171 -24.7264 10.9777 -4.95677 
-24.4974 10.6399 -5.86971 -24.2584 10.2858 -6.77364 -23.9858 9.89408 -7.65181 
-23.6425 9.42248 -8.46164 -23.2384 8.86563 -9.18496 -22.7958 8.2232 -9.80916 
-22.3445 7.53834 -10.3811 -21.915 6.8348 -10.9468 -21.5127 6.12879 -11.5294 
-21.1171 5.4359 -12.1321 -20.6911 4.75651 -12.7291 -20.2266 4.09206 -13.3144 
-19.7667 3.40591 -13.8777 -19.3197 2.70792 -14.437 -18.8905 2.00475 -15.0035 
-18.4927 1.37726 -15.6642 -18.1471 0.85244 -16.4401 -17.8943 0.354668 -17.269 
-17.7066 -0.129299 -18.1234 -17.5737 -0.6113 -18.9892 -17.4662 -1.08856 -19.8613 
-17.3917 -1.54994 -20.7451 -17.3476 -1.98774 -21.6429 -17.3314 -2.39201 -22.5572 
-17.3283 -2.76622 -23.4844 -17.2912 -3.10702 -24.4235 -17.2118 -3.40326 -25.3748 
-17.0752 -3.62995 -26.3384 -16.8688 -3.79493 -27.3015 -16.542 -3.8793 -28.2412 
-16.113 -3.8945 -29.1426 -15.6805 -3.80226 -30.0363 -15.3489 -3.53794 -30.9377 
-15.0543 -3.14845 -31.81 -14.7759 -2.83763 -32.7119 -14.5556 -2.77977 -33.6815 
-14.3848 -2.85924 -34.6628 -14.2567 -2.9875 -35.646 -14.1712 -3.16004 -36.6269 
-14.1236 -3.38834 -37.5988 -14.1033 -3.67277 -38.5569 -14.105 -4.01338 -39.4969 
-14.1264 -4.38478 -40.425 -14.1629 -4.75717 -41.3524 -14.1969 -5.1355 -42.2774 
-14.2111 -5.54779 -43.1878 -14.1866 -6.04635 -44.0523 -14.1176 -6.6852 -44.8147 
-14.0267 -7.41953 -45.4859 -25.0404 24.3693 29.2432 -25.3381 24.1121 28.5466 
-25.6972 23.7946 27.669 -26.072 23.4871 26.7945 -26.4757 23.2007 25.9258 
-26.9057 22.9547 25.0573 -27.3377 22.743 24.1809 -27.7528 22.5809 23.2859 
-28.1349 22.4608 22.3701 -28.4502 22.3697 21.4261 -28.6663 22.2975 20.4539 
-28.7171 22.231 19.4599 -28.6246 22.1492 18.4698 -28.5957 22.0096 17.5414 
-29.0208 21.804 16.7079 -29.485 21.5814 15.851 -29.8997 21.357 14.9695 
-30.2594 21.1306 14.0645 -30.5821 20.8849 13.1507 -30.8458 20.6047 12.2286 
-31.014 20.2725 11.3024 -30.9599 19.8439 10.4073 -30.697 19.316 9.60687 
-30.2833 18.7135 8.92681 -29.809 18.1179 8.27886 -29.3058 17.5419 7.63472 
-28.8099 16.9821 6.97104 -28.3421 16.4334 6.27854 -27.9164 15.9004 5.54772 
-27.5371 15.3924 4.77506 -27.2048 14.9187 3.9602 -26.9269 14.5056 3.0938 
-26.685 14.1427 2.19418 -26.466 13.8183 1.27407 -26.2532 13.5051 0.34853 
-26.0281 13.1784 -0.569248 -25.7714 12.8249 -1.46858 -25.4795 12.4499 -2.3483 
-25.1847 12.0753 -3.22733 -24.917 11.7156 -4.12098 -24.6836 11.3687 -5.0292 
-24.4793 11.032 -5.94835 -24.2663 10.6859 -6.86189 -24.0043 10.2944 -7.74281 
-23.5974 9.72483 -8.71453 -23.1978 9.16816 -9.44106 -22.7599 8.53621 -10.0796 
-22.3079 7.89677 -10.7015 -21.8614 7.25913 -11.329 -21.4091 6.64693 -11.9774 
-20.9387 6.05471 -12.6314 -20.4422 5.47243 -13.2752 -19.9501 4.87076 -13.9039 
-19.4723 4.25333 -14.5287 -19.0107 3.60839 -15.1372 -18.5427 2.93237 -15.7052 
-18.0558 2.19446 -16.1694 -17.6558 1.43904 -16.6685 -17.4041 0.792919 -17.3847 
-17.2389 0.209271 -18.179 -17.1196 -0.349744 -18.9993 -17.0269 -0.895193 -19.8322 
-16.9531 -1.40791 -20.6872 -16.9165 -1.883 -21.566 -16.8994 -2.31423 -22.4679 
-16.8914 -2.70922 -23.3863 -16.8462 -3.06458 -24.3196 -16.7607 -3.37978 -25.2643 
-16.6179 -3.6318 -26.2208 -16.4019 -3.82913 -27.1759 -16.0781 -3.96182 -28.1113 
-15.6652 -4.02735 -29.0184 -15.2541 -3.99022 -29.9278 -14.9043 -3.85202 -30.8527 
-14.6351 -3.5313 -31.7582 -14.4307 -3.1749 -32.6679 -14.2776 -2.97742 -33.6326 
-14.1463 -2.98409 -34.6209 -14.0454 -3.09568 -35.6091 -13.9799 -3.26361 -36.5923 
-13.9507 -3.49385 -37.5645 -13.9437 -3.77979 -38.5224 -13.952 -4.12159 -39.462 
-13.9747 -4.48791 -40.3922 -14.0049 -4.85252 -41.3228 -14.0261 -5.23054 -42.2482 
-14.0178 -5.67683 -43.1415 -13.9682 -6.2375 -43.9651 -13.8861 -6.93783 -44.6713 
-13.7787 -7.69069 -45.3203 -23.5651 19.4405 33.682 -23.77 19.3762 33.1217 
-24.1251 19.2402 32.1972 -24.5081 19.077 31.2881 -24.9295 18.9197 30.3951 
-25.3552 18.7952 29.499 -25.7731 18.7075 28.5948 -26.1814 18.6397 27.6846 
-26.5846 18.5878 26.771 -26.9869 18.5383 25.8568 -27.3866 18.4766 24.9423 
-27.7744 18.4097 24.023 -28.1198 18.352 23.0867 -28.4 18.3054 22.1286 
-28.5921 18.2673 21.1487 -28.7227 18.2224 19.9587 -29.0189 18.125 19.0481 
-29.6276 17.9642 18.2714 -30.2051 17.8204 17.4681 -30.7375 17.703 16.6302 
-31.2148 17.6176 15.7563 -31.6245 17.5576 14.8469 -31.9471 17.5098 13.903 
-32.1319 17.4436 12.9244 -32.1652 17.3225 11.9367 -31.9431 17.0934 10.9977 
-31.5231 16.7631 10.1562 -30.9825 16.3482 9.42631 -30.413 15.898 8.73859 
-29.8538 15.4398 8.04773 -29.3182 14.9808 7.33921 -28.8289 14.539 6.58768 
-28.3887 14.118 5.79535 -28.0223 13.7374 4.94717 -27.7059 13.3962 4.06247 
-27.4279 13.0942 3.15081 -27.1716 12.8195 2.2242 -26.93 12.5699 1.2865 
-26.6948 12.3231 0.346428 -26.4472 12.051 -0.58329 -26.1683 11.7517 -1.49553 
-25.8563 11.4323 -2.39027 -25.5484 11.1075 -3.28448 -25.2679 10.7892 -4.18994 
-25.0143 10.4796 -5.10623 -24.7796 10.173 -6.02868 -24.5201 9.84261 -6.93565 
-24.2735 9.53992 -7.63327 -23.9759 9.168 -8.27441 -23.5453 8.61126 -8.98291 
-23.0826 7.98405 -9.60706 -22.6144 7.29852 -10.1646 -22.1658 6.60357 -10.7261 
-21.7646 5.8933 -11.3042 -21.3603 5.19582 -11.8958 -20.9212 4.51515 -12.4816 
-20.4541 3.84915 -13.0632 -19.9888 3.1773 -13.6391 -19.5347 2.51335 -14.2325 
-19.0982 1.87763 -14.8687 -18.6953 1.29106 -15.568 -18.3572 0.820203 -16.3812 
-18.0958 0.367165 -17.2327 -17.8994 -0.0793687 -18.1054 -17.7484 -0.529258 -18.9854 
-17.637 -0.978718 -19.8716 -17.5595 -1.41882 -20.766 -17.5284 -1.83264 -21.6756 
-17.5247 -2.21596 -22.599 -17.5361 -2.57286 -23.533 -17.5141 -2.90065 -24.4771 
-17.4315 -3.17718 -25.434 -17.2978 -3.39152 -26.4007 -17.0623 -3.51977 -27.3612 
-16.6912 -3.56223 -28.2871 -16.2075 -3.53102 -29.1596 -15.6995 -3.42223 -30.0131 
-15.2677 -3.14655 -30.8681 -14.8912 -2.75801 -31.7077 -14.6119 -2.38841 -32.585 
-14.3912 -2.27322 -33.5467 -14.219 -2.34434 -34.5284 -14.0957 -2.46186 -35.5135 
-14.0207 -2.62246 -36.4974 -13.9779 -2.8243 -37.4755 -13.9668 -3.08522 -38.4405 
-13.9717 -3.39521 -39.391 -13.9878 -3.75156 -40.3251 -14.0077 -4.12568 -41.2523 
-14.0212 -4.50603 -42.1769 -14.0219 -4.91142 -43.0909 -13.9963 -5.38854 -43.968 
-13.9331 -5.98087 -44.7687 -13.8507 -6.66593 -45.4915 -25.5398 8.78139 32.7391 
-25.7596 8.86725 31.7674 -25.9938 8.95918 30.7996 -26.2633 9.07371 29.8438 
-26.6163 9.22221 28.9208 -27.0303 9.38094 28.0247 -27.4733 9.53942 27.1424 
-27.9118 9.69246 26.2569 -28.3251 9.84025 25.3584 -28.703 10.004 24.4474 
-29.0354 10.1958 23.5243 -29.3109 10.4067 22.5868 -29.5333 10.6044 21.6344 
-29.9812 10.709 20.7745 -30.7316 10.7486 20.1154 -31.4335 10.8421 19.4112 
-32.0586 10.9888 18.6456 -32.5965 11.177 17.8256 -33.0236 11.3837 16.9468 
-33.3316 11.5816 16.0184 -33.4651 11.7252 15.0414 -33.4304 11.7989 14.0482 
-33.2062 11.7815 13.0769 -32.8687 11.7009 12.1404 -32.4116 11.5232 11.2708 
-31.8958 11.2866 10.448 -31.3621 11.0164 9.64673 -30.8425 10.7456 8.83646 
-30.3743 10.4984 7.98881 -29.9674 10.2844 7.10146 -29.6212 10.1106 6.17999 
-29.3073 9.96018 5.24265 -29.0117 9.82291 4.29724 -28.7183 9.68493 3.35128 
-28.4202 9.54 2.40779 -28.1202 9.39229 1.46537 -27.8272 9.25224 0.519587 
-27.5415 9.11645 -0.429064 -27.2531 8.96462 -1.3744 -26.9479 8.7923 -2.31086 
-26.6184 8.60803 -3.23682 -26.2816 8.4255 -4.16052 -25.9397 8.24714 -5.08315 
-25.5725 8.05907 -5.99387 -25.1483 7.8256 -6.86755 -24.5431 7.43346 -7.82296 
-23.9712 7.00004 -8.5156 -23.3666 6.45451 -9.09376 -22.7804 5.82995 -9.6065 
-22.2946 5.09498 -10.0774 -21.8734 4.31707 -10.5429 -21.4725 3.53504 -11.0201 
-21.0586 2.76671 -11.5081 -20.6311 2.02983 -12.0308 -20.1904 1.37085 -12.637 
-19.7588 0.786628 -13.3206 -19.3614 0.353718 -14.1246 -19.047 0.0218965 -15.0126 
-18.815 -0.270988 -15.9394 -18.6551 -0.562027 -16.8822 -18.5348 -0.877827 -17.8232 
-18.4376 -1.22448 -18.756 -18.3475 -1.5958 -19.6801 -18.2628 -1.97729 -20.6006 
-18.1988 -2.35803 -21.5229 -18.1775 -2.7261 -22.4524 -18.1688 -3.07371 -23.3899 
-18.1593 -3.39035 -24.3382 -18.1319 -3.66576 -25.2987 -18.0543 -3.87089 -26.2738 
-17.9294 -4.01944 -27.2542 -17.7087 -4.07539 -28.2259 -17.3755 -4.02342 -29.1642 
-17.0119 -3.81679 -30.0682 -16.8773 -3.365 -30.9284 -16.8953 -2.68912 -31.6601 
-16.8686 -2.02013 -32.3902 -16.7824 -1.9273 -33.3628 -16.6873 -2.04842 -34.3495 
-16.5404 -2.21663 -35.3239 -16.3468 -2.38811 -36.2897 -16.1302 -2.57491 -37.2478 
-15.933 -2.80236 -38.201 -15.8023 -3.10005 -39.1458 -15.7524 -3.45401 -40.0785 
-15.7785 -3.87359 -40.985 -15.844 -4.31442 -41.8799 -15.9761 -4.6823 -42.799 
-16.1397 -4.96272 -43.744 -16.2847 -5.10565 -44.721 -16.3843 -5.18363 -45.7126 
-23.5751 20.2309 33.4963 -23.7868 20.1402 32.9423 -24.1481 19.9427 32.0314 
-24.5349 19.7182 31.1371 -24.9573 19.5159 30.2539 -25.3857 19.3597 29.3642 
-25.8048 19.248 28.4632 -26.213 19.1587 27.5547 -26.6168 19.0895 26.6425 
-27.021 19.0255 25.7301 -27.4218 18.9498 24.8171 -27.8088 18.8737 23.8982 
-28.1485 18.8113 22.96 -28.4282 18.7585 22.0022 -28.6104 18.7139 21.0208 
-28.701 18.6717 20.0266 -28.9033 18.5823 19.0825 -29.4542 18.4176 18.2779 
-30.0172 18.2607 17.4668 -30.542 18.1226 16.6272 -31.0095 18.018 15.7503 
-31.4186 17.9407 14.8416 -31.7464 17.8731 13.9001 -31.9716 17.7934 12.9309 
-32.0282 17.6558 11.9455 -31.8603 17.4207 10.9965 -31.4662 17.0754 10.1507 
-30.9446 16.6483 9.4147 -30.385 16.1821 8.72959 -29.8303 15.7136 8.04192 
-29.2963 15.2426 7.33999 -28.7986 14.7835 6.60456 -28.3553 14.3466 5.82279 
-27.9727 13.9419 4.99324 -27.6526 13.5847 4.11622 -27.3712 13.2656 3.21159 
-27.1174 12.9853 2.28597 -26.8765 12.7278 1.35022 -26.6427 12.472 0.412206 
-26.3997 12.1966 -0.517753 -26.1215 11.8907 -1.42805 -25.813 11.5661 -2.32205 
-25.5034 11.2339 -3.21299 -25.2119 10.9042 -4.11088 -24.9552 10.5851 -5.02305 
-24.7181 10.2711 -5.94238 -24.4687 9.94135 -6.85273 -24.1707 9.56112 -7.72667 
-23.8841 9.19679 -8.37754 -23.4685 8.65601 -9.10683 -23.0129 8.03616 -9.74385 
-22.5486 7.36532 -10.3219 -22.0923 6.69086 -10.9021 -21.6786 5.99759 -11.4919 
-21.2661 5.32095 -12.1018 -20.8228 4.66179 -12.7088 -20.3466 4.01987 -13.3097 
-19.8708 3.36629 -13.8981 -19.4053 2.70673 -14.488 -18.9567 2.04577 -15.0891 
-18.5358 1.42197 -15.7416 -18.1733 0.898983 -16.5113 -17.9012 0.400372 -17.3332 
-17.7134 -0.0800296 -18.1896 -17.5735 -0.560265 -19.0553 -17.4666 -1.03565 -19.9284 
-17.3903 -1.49552 -20.8128 -17.3515 -1.92815 -21.7133 -17.3393 -2.32866 -22.6293 
-17.3371 -2.69749 -23.5587 -17.3043 -3.03761 -24.4982 -17.2183 -3.32701 -25.4509 
-17.0824 -3.55518 -26.4142 -16.8631 -3.70987 -27.3762 -16.5363 -3.79256 -28.3155 
-16.0881 -3.7915 -29.2085 -15.6481 -3.68653 -30.0978 -15.3038 -3.39492 -30.9854 
-14.9913 -3.00036 -31.8492 -14.7171 -2.70721 -32.7573 -14.4993 -2.65587 -33.7263 
-14.332 -2.74681 -34.7076 -14.209 -2.87679 -35.691 -14.1282 -3.04794 -36.6728 
-14.0835 -3.27216 -37.6458 -14.068 -3.55863 -38.6033 -14.0704 -3.89595 -39.5444 
-14.0907 -4.26844 -40.4722 -14.1208 -4.6427 -41.399 -14.1456 -5.02536 -42.3225 
-14.1535 -5.4415 -43.2312 -14.1179 -5.96055 -44.0835 -14.043 -6.60381 -44.8407 
-13.9446 -7.35088 -45.4975 -23.7034 21.1487 32.8405 -24.0839 20.8277 31.9734 
-24.4688 20.506 31.1085 -24.8839 20.2394 30.2393 -25.313 20.0367 29.3594 
-25.7348 19.8872 28.4653 -26.146 19.7642 27.5621 -26.5536 19.6654 26.6544 
-26.9641 19.5793 25.7466 -27.3723 19.4898 24.8382 -27.7671 19.4021 23.9236 
-28.1216 19.3294 22.9918 -28.4128 19.2691 22.0378 -28.6004 19.2164 21.0582 
-28.6701 19.1702 20.0637 -28.7281 19.1009 19.0899 -29.2257 18.9352 18.2644 
-29.7845 18.7619 17.4536 -30.3017 18.6047 16.6127 -30.7667 18.4702 15.7383 
-31.1724 18.3661 14.8307 -31.5099 18.2731 13.8947 -31.7611 18.1688 12.9338 
-31.8524 18.0107 11.9544 -31.7423 17.7653 10.9982 -31.3832 17.4029 10.1447 
-30.8762 16.9531 9.41282 -30.3296 16.466 8.73165 -29.7816 15.9811 8.05012 
-29.2508 15.4954 7.35576 -28.7552 15.0216 6.6283 -28.3097 14.5682 5.85706 
-27.9268 14.1497 5.03452 -27.6071 13.78 4.16254 -27.3239 13.4459 3.26385 
-27.0694 13.1531 2.34234 -26.8298 12.8867 1.40882 -26.5987 12.6245 0.471909 
-26.3591 12.3438 -0.457354 -26.0864 12.0338 -1.36791 -25.7788 11.7024 -2.25968 
-25.4714 11.3636 -3.14889 -25.1858 11.0294 -4.04691 -24.9369 10.7078 -4.9604 
-24.7052 10.391 -5.88015 -24.4578 10.0554 -6.78865 -24.1624 9.67003 -7.66181 
-23.8726 9.29468 -8.30501 -23.4505 8.73149 -9.01262 -22.9964 8.09758 -9.63665 
-22.5351 7.4073 -10.194 -22.0956 6.70372 -10.7519 -21.6997 5.98923 -11.3285 
-21.3013 5.28773 -11.9193 -20.8677 4.60075 -12.5019 -20.4056 3.92927 -13.0812 
-19.9458 3.2449 -13.6468 -19.4967 2.56551 -14.2266 -19.0664 1.90932 -14.8458 
-18.667 1.30991 -15.5355 -18.336 0.834042 -16.3485 -18.0778 0.375862 -17.1986 
-17.883 -0.0751265 -18.0692 -17.7331 -0.52874 -18.9475 -17.6216 -0.981504 -19.8321 
-17.5424 -1.42474 -20.7248 -17.5082 -1.84143 -21.6329 -17.4943 -2.23054 -22.5539 
-17.5011 -2.5946 -23.4851 -17.4841 -2.93091 -24.4263 -17.4104 -3.22225 -25.3797 
-17.2909 -3.45395 -26.3443 -17.0847 -3.60311 -27.3103 -16.7768 -3.67904 -28.256 
-16.325 -3.65791 -29.1463 -15.8503 -3.54706 -30.0181 -15.4675 -3.24245 -30.8849 
-15.1341 -2.81967 -31.7268 -14.8302 -2.51977 -32.6166 -14.5808 -2.50811 -33.5805 
-14.3967 -2.61103 -34.5575 -14.2583 -2.74124 -35.539 -14.1691 -2.90969 -36.5203 
-14.1161 -3.12207 -37.4958 -14.0943 -3.39595 -38.4569 -14.0917 -3.72063 -39.4025 
-14.1083 -4.09063 -40.3312 -14.1346 -4.46809 -41.2569 -14.16 -4.84784 -42.1816 
-14.1724 -5.25124 -43.0964 -14.1471 -5.7393 -43.9669 -14.0819 -6.33589 -44.7636 
-13.989 -7.05391 -45.4521 -24.5555 14.1423 32.1617 -24.8795 14.1243 31.216 
-25.2218 14.1411 30.2767 -25.6011 14.1854 29.3527 -26.0086 14.2288 28.4406 
-26.4288 14.2635 27.5338 -26.8424 14.2868 26.6237 -27.241 14.2922 25.7066 
-27.6273 14.2882 24.7844 -27.9871 14.2956 23.8516 -28.3028 14.3265 22.9035 
-28.5449 14.3805 21.9355 -28.7309 14.4331 20.9551 -29.3543 14.3458 20.2166 
-30.0903 14.2575 19.546 -30.8055 14.2157 18.8488 -31.4855 14.216 18.1164 
-32.0988 14.2647 17.3292 -32.6262 14.3453 16.4847 -33.0137 14.4499 15.5713 
-33.2507 14.5509 14.6079 -33.2915 14.6076 13.615 -33.1321 14.5826 12.6321 
-32.7772 14.4493 11.7105 -32.3037 14.227 10.8621 -31.728 13.9037 10.1119 
-31.1341 13.5535 9.38755 -30.5481 13.2036 8.6568 -29.9933 12.8594 7.8998 
-29.4951 12.5359 7.09627 -29.0692 12.2429 6.24134 -28.7262 11.992 5.33658 
-28.4193 11.762 4.41309 -28.1269 11.5451 3.48174 -27.8389 11.3368 2.54707 
-27.5578 11.1378 1.60824 -27.2883 10.9433 0.665103 -27.0215 10.7423 -0.277413 
-26.7406 10.5205 -1.21108 -26.4335 10.2725 -2.12968 -26.1146 10.0106 -3.04059 
-25.807 9.7556 -3.95725 -25.5118 9.50619 -4.87954 -25.2205 9.25025 -5.80124 
-24.9016 8.96079 -6.70325 -24.5992 8.68705 -7.39091 -24.2551 8.35378 -8.02942 
-23.8631 7.92374 -8.57683 -23.341 7.31654 -9.17387 -22.822 6.64051 -9.69525 
-22.3605 5.90139 -10.1842 -21.9604 5.12996 -10.6784 -21.578 4.3593 -11.1877 
-21.1628 3.60778 -11.7001 -20.7303 2.87066 -12.2181 -20.2843 2.18464 -12.7922 
-19.8543 1.54435 -13.4255 -19.4393 1.02498 -14.169 -19.0827 0.602799 -15.0008 
-18.8022 0.240925 -15.8887 -18.5968 -0.090884 -16.809 -18.4372 -0.437824 -17.7331 
-18.3117 -0.808728 -18.6532 -18.2014 -1.19375 -19.5693 -18.1108 -1.58405 -20.4855 
-18.048 -1.96365 -21.4084 -18.0267 -2.32492 -22.3404 -18.0359 -2.67007 -23.2789 
-18.0259 -2.98693 -24.2269 -17.9805 -3.2582 -25.188 -17.8992 -3.4704 -26.1612 
-17.7571 -3.61333 -27.1394 -17.4853 -3.65254 -28.0977 -17.0659 -3.59153 -28.9984 
-16.5406 -3.41047 -29.8287 -16.0551 -3.10081 -30.6422 -15.6785 -2.62501 -31.4342 
-15.3692 -2.24143 -32.2832 -15.0866 -2.36133 -33.2267 -14.8375 -2.55532 -34.1753 
-14.6437 -2.72077 -35.1419 -14.4977 -2.88257 -36.1177 -14.4004 -3.07918 -37.0929 
-14.3417 -3.32837 -38.0591 -14.3164 -3.63782 -39.0093 -14.3183 -3.99686 -39.9423 
-14.3466 -4.37994 -40.8655 -14.3883 -4.76131 -41.789 -14.4311 -5.14096 -42.7131 
-14.4553 -5.53078 -43.6335 -14.4388 -5.9811 -44.5248 -14.3808 -6.52891 -45.3575 
-25.3422 9.08277 33.3148 -25.5171 9.14126 32.5363 -25.7426 9.21577 31.5649 
-25.9961 9.31136 30.6026 -26.3051 9.43462 29.6601 -26.6824 9.57715 28.7456 
-27.1115 9.72194 27.8542 -27.5559 9.86422 26.9698 -27.9896 10.0009 26.0792 
-28.3935 10.1401 25.1752 -28.7645 10.3004 24.2607 -29.0866 10.4907 23.3336 
-29.3712 10.6887 22.3957 -29.7313 10.8362 21.4844 -30.3798 10.8981 20.7457 
-31.106 10.9727 20.0629 -31.7896 11.0881 19.3431 -32.3881 11.2518 18.56 
-32.9004 11.441 17.7239 -33.2821 11.6446 16.8242 -33.5376 11.8292 15.878 
-33.6087 11.9563 14.8917 -33.5168 12.0128 13.9011 -33.2493 11.9772 12.9406 
-32.8602 11.8622 12.0289 -32.38 11.6639 11.1757 -31.8482 11.4084 10.3687 
-31.3114 11.1298 9.57243 -30.7971 10.8595 8.75873 -30.3354 10.6141 7.90716 
-29.9344 10.4035 7.01634 -29.5929 10.2326 6.09243 -29.2839 10.0842 5.1531 
-28.9904 9.94606 4.20719 -28.6975 9.80641 3.2613 -28.4001 9.65939 2.31794 
-28.103 9.51257 1.37448 -27.8151 9.37547 0.426676 -27.533 9.23696 -0.522627 
-27.2442 9.07878 -1.4668 -26.9339 8.90012 -2.40036 -26.6046 8.71397 -3.32607 
-26.2723 8.53164 -4.25143 -25.9376 8.35418 -5.17688 -25.5791 8.16336 -6.09025 
-25.1548 7.91107 -6.95826 -24.6655 7.57787 -7.76262 -24.1042 7.1323 -8.45586 
-23.5098 6.58806 -9.04529 -22.9305 5.96017 -9.56204 -22.4225 5.24954 -10.0464 
-21.9967 4.48831 -10.5352 -21.5854 3.72444 -11.0324 -21.1578 2.97825 -11.5427 
-20.7218 2.25424 -12.0753 -20.2708 1.6194 -12.7021 -19.8342 1.04913 -13.3949 
-19.4338 0.615392 -14.1993 -19.1043 0.264496 -15.0743 -18.8702 -0.0390194 -15.9974 
-18.6895 -0.337833 -16.9342 -18.5558 -0.660899 -17.871 -18.4468 -1.01122 -18.8011 
-18.3539 -1.38525 -19.7238 -18.2761 -1.76539 -20.6454 -18.2334 -2.13654 -21.5728 
-18.2361 -2.49497 -22.5061 -18.2631 -2.83246 -23.447 -18.2747 -3.14387 -24.397 
-18.2625 -3.40765 -25.3611 -18.2165 -3.61831 -26.337 -18.1025 -3.74515 -27.3212 
-17.9002 -3.78306 -28.2971 -17.5417 -3.67455 -29.2202 -17.0633 -3.4139 -30.0527 
-16.5845 -2.95968 -30.7984 -16.2529 -2.39085 -31.544 -16.0342 -2.1251 -32.4275 
-15.7971 -2.37681 -33.5721 -15.6028 -2.59836 -34.5276 -15.3987 -2.77806 -35.4898 
-15.2066 -2.95183 -36.4556 -15.0558 -3.16586 -37.4201 -14.95 -3.43697 -38.3763 
-14.9006 -3.77531 -39.3155 -14.8996 -4.1593 -40.2383 -14.9545 -4.56043 -41.1525 
-15.0423 -4.94685 -42.0705 -15.1435 -5.26914 -43.011 -15.2308 -5.51957 -43.9748 
-15.2722 -5.75683 -44.9448 -23.6568 21.3599 32.8984 -24.0416 21.0281 32.0373 
-24.423 20.6828 31.1799 -24.8347 20.4004 30.3142 -25.2633 20.1814 29.438 
-25.6852 20.0215 28.5458 -26.0969 19.8913 27.6439 -26.5052 19.7847 26.7373 
-26.9164 19.6932 25.8303 -27.3266 19.6003 24.9232 -27.7252 19.5094 24.0106 
-28.0847 19.4339 23.0809 -28.3809 19.3722 22.1285 -28.5774 19.3181 21.1506 
-28.646 19.2725 20.157 -28.6201 19.222 19.1778 -29.0325 19.0685 18.3168 
-29.6081 18.8901 17.5191 -30.1347 18.7272 16.6852 -30.607 18.582 15.8164 
-31.0235 18.4635 14.9156 -31.3663 18.3631 13.9822 -31.629 18.251 13.0252 
-31.7499 18.0904 12.0488 -31.6483 17.8279 11.0972 -31.3096 17.4485 10.2429 
-30.8181 16.9815 9.51125 -30.2816 16.4802 8.83243 -29.7375 15.9834 8.15627 
-29.209 15.4872 7.46768 -28.7103 15.0037 6.74868 -28.2589 14.5408 5.9865 
-27.8661 14.1113 5.17424 -27.5355 13.7313 4.31102 -27.2416 13.3885 3.41908 
-26.9759 13.0884 2.50308 -26.7255 12.8126 1.5751 -26.4831 12.5424 0.643334 
-26.2354 12.2591 -0.283104 -25.9588 11.9507 -1.19297 -25.6506 11.6171 -2.08368 
-25.3354 11.2677 -2.96603 -25.0423 10.9196 -3.85644 -24.7718 10.5773 -4.75621 
-24.5093 10.2332 -5.65765 -24.2171 9.85341 -6.53486 -23.8746 9.41621 -7.36518 
-23.555 9.01322 -7.97637 -23.1057 8.41205 -8.63199 -22.6384 7.69735 -9.14841 
-22.2716 6.87311 -9.56243 -22.0887 5.94157 -9.86632 -21.8847 5.01978 -10.189 
-21.5762 4.15625 -10.5842 -21.2131 3.32331 -11.0018 -20.8284 2.51428 -11.445 
-20.413 1.78043 -11.979 -19.9861 1.12279 -12.5982 -19.5696 0.597132 -13.336 
-19.2027 0.194138 -14.1709 -18.945 -0.116809 -15.0849 -18.751 -0.401596 -16.0232 
-18.6155 -0.698949 -16.9681 -18.5136 -1.02531 -17.9076 -18.4262 -1.38165 -18.8379 
-18.3405 -1.75751 -19.7605 -18.263 -2.14125 -20.6806 -18.2145 -2.52468 -21.6029 
-18.194 -2.88893 -22.5338 -18.1847 -3.23087 -23.4734 -18.1765 -3.53874 -24.4246 
-18.1371 -3.79546 -25.3897 -18.0452 -3.98435 -26.3666 -17.8958 -4.1073 -27.3471 
-17.6543 -4.14502 -28.3143 -17.3011 -4.0634 -29.2432 -16.9899 -3.76257 -30.1365 
-16.8848 -3.24081 -30.9656 -16.8236 -2.53085 -31.6668 -16.7513 -2.10385 -32.5286 
-16.655 -2.14447 -33.5164 -16.5317 -2.3001 -34.4959 -16.3494 -2.46885 -35.4643 
-16.1343 -2.6393 -36.4258 -15.915 -2.83326 -37.3817 -15.7372 -3.07686 -38.3344 
-15.6384 -3.39367 -39.2768 -15.6116 -3.76331 -40.2047 -15.6485 -4.18023 -41.1126 
-15.7376 -4.59113 -42.0195 -15.8609 -4.9379 -42.9486 -16.0049 -5.16858 -43.9079 
-16.1482 -5.25268 -44.8932 -16.2415 -5.32679 -45.8858 -23.5709 17.7242 34.0176 
-23.8436 17.658 33.2684 -24.1873 17.5584 32.3347 -24.5515 17.4494 31.4099 
-24.952 17.3485 30.4993 -25.3605 17.2767 29.5895 -25.7695 17.233 28.678 
-26.1792 17.2063 27.7663 -26.5848 17.1883 26.8523 -26.9851 17.1674 25.9362 
-27.3792 17.1342 25.0178 -27.7615 17.0935 24.0947 -28.1021 17.0609 23.1555 
-28.3817 17.0399 22.196 -28.5729 17.0266 21.2153 -28.7292 17.0033 20.23 
-29.2741 16.8803 19.4166 -29.9128 16.7467 18.6591 -30.5344 16.6377 17.8836 
-31.1118 16.5667 17.071 -31.6312 16.5284 16.2182 -32.0713 16.521 15.3216 
-32.3907 16.5291 14.3753 -32.5916 16.5247 13.3977 -32.5929 16.4589 12.4037 
-32.3932 16.3103 11.4413 -31.9604 16.0468 10.5857 -31.4082 15.6869 9.83568 
-30.8226 15.2827 9.1333 -30.241 14.8596 8.43856 -29.6856 14.4373 7.7224 
-29.1674 14.0231 6.97468 -28.715 13.6374 6.17129 -28.3218 13.2796 5.32508 
-27.9943 12.9642 4.4349 -27.6987 12.6804 3.52288 -27.4271 12.4219 2.59591 
-27.1684 12.1793 1.66097 -26.9199 11.9484 0.720267 -26.6707 11.7084 -0.217913 
-26.3979 11.4402 -1.14158 -26.0944 11.1469 -2.04804 -25.7789 10.8411 -2.94625 
-25.4773 10.5359 -3.84949 -25.2023 10.237 -4.76321 -24.9506 9.94059 -5.68446 
-24.688 9.63217 -6.59843 -24.3806 9.28543 -7.48361 -24.083 8.94151 -8.14098 
-23.7499 8.53589 -8.74281 -23.2851 7.94178 -9.39759 -22.8036 7.28503 -9.9768 
-22.3366 6.59217 -10.526 -21.9147 5.88072 -11.0872 -21.5168 5.16909 -11.6658 
-21.1019 4.4692 -12.2469 -20.6441 3.79485 -12.8261 -20.1721 3.13655 -13.4124 
-19.7127 2.47548 -14.005 -19.2648 1.85625 -14.649 -18.8513 1.27514 -15.348 
-18.4894 0.785931 -16.1385 -18.2223 0.355606 -17 -18.0107 -0.0741197 -17.8776 
-17.849 -0.510208 -18.7626 -17.7227 -0.950648 -19.6514 -17.6295 -1.38713 -20.5459 
-17.576 -1.81003 -21.4503 -17.5554 -2.20443 -22.3689 -17.5595 -2.57369 -23.2981 
-17.5466 -2.91274 -24.2386 -17.4884 -3.21432 -25.1898 -17.3794 -3.45203 -26.1542 
-17.2022 -3.61991 -27.1228 -16.9093 -3.69997 -28.0731 -16.4906 -3.69879 -28.9787 
-16.0222 -3.58624 -29.853 -15.6224 -3.31586 -30.7227 -15.2989 -2.87763 -31.5605 
-14.9881 -2.48119 -32.4196 -14.7114 -2.47923 -33.3722 -14.5002 -2.589 -34.3429 
-14.3485 -2.72241 -35.3221 -14.2386 -2.87994 -36.3032 -14.1755 -3.08609 -37.2793 
-14.1411 -3.3423 -38.2449 -14.1336 -3.66129 -39.1923 -14.1444 -4.02332 -40.1242 
-14.1707 -4.40215 -41.0493 -14.2004 -4.78052 -41.9745 -14.2206 -5.17432 -42.8933 
-14.2125 -5.62373 -43.7853 -14.1599 -6.18144 -44.611 -14.0747 -6.85708 -45.3405 
-23.695 21.3431 32.8132 -24.0794 21.0081 31.9534 -24.4636 20.6659 31.0961 
-24.8769 20.3844 30.2308 -25.3049 20.1709 29.353 -25.7257 20.0142 28.4597 
-26.1367 19.8861 27.5571 -26.5451 19.7813 26.6504 -26.957 19.6908 25.7437 
-27.3667 19.5982 24.8362 -27.7631 19.5081 23.9227 -28.1198 19.4338 22.9917 
-28.4132 19.3721 22.0385 -28.6022 19.3179 21.0593 -28.6711 19.2697 20.0649 
-28.7159 19.201 19.0891 -29.2021 19.0352 18.2582 -29.7577 18.86 17.4457 
-30.2723 18.7001 16.6036 -30.7356 18.5613 15.7289 -31.1402 18.4524 14.8215 
-31.4787 18.3545 13.8862 -31.7343 18.245 12.927 -31.8393 18.0855 11.9484 
-31.7273 17.8329 10.9956 -31.3753 17.4693 10.1398 -30.8719 17.0173 9.40681 
-30.3254 16.5256 8.72895 -29.7785 16.038 8.04832 -29.2483 15.5502 7.35512 
-28.7528 15.0739 6.62916 -28.3064 14.6176 5.86016 -27.9225 14.1959 5.03972 
-27.6021 13.8229 4.16939 -27.3188 13.486 3.27182 -27.0648 13.1911 2.35086 
-26.8258 12.9234 1.41754 -26.5958 12.6601 0.480665 -26.3574 12.3784 -0.448633 
-26.089 12.0699 -1.36091 -25.7822 11.7378 -2.25267 -25.4753 11.3984 -3.14179 
-25.1901 11.0637 -4.03979 -24.9424 10.7423 -4.95365 -24.713 10.4263 -5.87426 
-24.4689 10.0928 -6.78447 -24.1777 9.71072 -7.66048 -23.8115 9.23469 -8.458 
-23.3894 8.67047 -9.16454 -22.9338 8.02527 -9.77544 -22.4743 7.33647 -10.3361 
-22.032 6.64507 -10.9067 -21.6258 5.94251 -11.4908 -21.219 5.25631 -12.0937 
-20.7846 4.5827 -12.6912 -20.3128 3.92914 -13.283 -19.8431 3.26333 -13.8625 
-19.387 2.59031 -14.4442 -18.949 1.91625 -15.0381 -18.5449 1.314 -15.7199 
-18.1943 0.806046 -16.5047 -17.9386 0.323702 -17.342 -17.7479 -0.149471 -18.2016 
-17.6143 -0.622826 -19.0722 -17.5064 -1.091 -19.9491 -17.4336 -1.54445 -20.8372 
-17.3931 -1.97478 -21.7388 -17.3799 -2.37253 -22.6559 -17.3768 -2.74047 -23.5856 
-17.3397 -3.07566 -24.5267 -17.2568 -3.36519 -25.4798 -17.1165 -3.58533 -26.444 
-16.8989 -3.73756 -27.4068 -16.556 -3.807 -28.3418 -16.1213 -3.80669 -29.2407 
-15.6856 -3.68569 -30.1297 -15.347 -3.3904 -31.0184 -15.0418 -2.98262 -31.8789 
-14.7591 -2.69686 -32.784 -14.5377 -2.6791 -33.756 -14.367 -2.77225 -34.7364 
-14.2412 -2.9055 -35.7192 -14.156 -3.07668 -36.7004 -14.1108 -3.30479 -37.6726 
-14.0929 -3.59133 -38.6301 -14.0958 -3.93285 -39.5696 -14.1155 -4.30533 -40.4975 
-14.147 -4.68019 -41.4239 -14.1761 -5.0601 -42.3485 -14.1846 -5.47843 -43.2561 
-14.1535 -5.98699 -44.1144 -14.0782 -6.63502 -44.8686 -13.9834 -7.37473 -45.5335 
-24.5468 11.7488 33.3418 -24.7323 11.7263 32.7717 -25.0301 11.7176 31.8173 
-25.3292 11.7551 30.864 -25.6594 11.8398 29.9242 -26.027 11.9408 28.9999 
-26.4341 12.0338 28.0914 -26.8588 12.1077 27.1892 -27.2789 12.1547 26.283 
-27.6828 12.1883 25.3689 -28.0554 12.233 24.4421 -28.3982 12.3061 23.5057 
-28.6882 12.4122 22.555 -28.9095 12.5266 21.5872 -29.4829 12.51 20.8024 
-30.2358 12.4692 20.1458 -30.9816 12.4791 19.4805 -31.6847 12.5405 18.773 
-32.3132 12.6556 18.0052 -32.8601 12.7959 17.1814 -33.2629 12.9592 16.2834 
-33.5261 13.1154 15.334 -33.5786 13.2173 14.3447 -33.4586 13.2507 13.3559 
-33.1522 13.1852 12.409 -32.7184 13.028 11.5257 -32.1863 12.7754 10.719 
-31.6154 12.4753 9.9549 -31.0463 12.1639 9.19401 -30.5042 11.8603 8.41074 
-30.0157 11.58 7.58521 -29.5935 11.337 6.7127 -29.2375 11.1276 5.8026 
-28.9263 10.9443 4.87023 -28.6332 10.7736 3.92955 -28.3423 10.6014 2.98845 
-28.0496 10.4283 2.04802 -27.7624 10.2636 1.10441 -27.4865 10.1028 0.156793 
-27.2125 9.92892 -0.789024 -26.9186 9.73035 -1.72389 -26.6031 9.51429 -2.64783 
-26.2808 9.29417 -3.56852 -25.9724 9.08506 -4.4964 -25.6713 8.88369 -5.42852 
-25.3537 8.66319 -6.35051 -24.9849 8.38481 -7.23584 -24.5468 8.02138 -8.05524 
-24.0429 7.53941 -8.76928 -23.5083 6.97759 -9.39919 -22.9702 6.35676 -9.96797 
-22.4629 5.68828 -10.5111 -22.0183 4.99397 -11.0764 -21.5908 4.29745 -11.6523 
-21.136 3.62541 -12.2364 -20.658 2.98277 -12.8347 -20.1762 2.37302 -13.4638 
-19.7104 1.77679 -14.1173 -19.2773 1.2739 -14.8633 -18.8899 0.816429 -15.6626 
-18.5869 0.421537 -16.5285 -18.3539 0.0483668 -17.4263 -18.1745 -0.340619 -18.3297 
-18.0257 -0.74049 -19.2341 -17.9069 -1.14353 -20.1413 -17.8315 -1.54737 -21.0528 
-17.8058 -1.93318 -21.9747 -17.8139 -2.29599 -22.9064 -17.8423 -2.63731 -23.8459 
-17.8403 -2.95125 -24.7949 -17.7806 -3.21333 -25.7575 -17.6679 -3.40395 -26.7314 
-17.4559 -3.5045 -27.7013 -17.0895 -3.50102 -28.6261 -16.5626 -3.39116 -29.4665 
-16.0035 -3.18696 -30.2691 -15.5333 -2.80943 -31.0624 -15.1467 -2.37623 -31.8755 
-14.8179 -2.19184 -32.7765 -14.5628 -2.29672 -33.7365 -14.3755 -2.43015 -34.7094 
-14.2427 -2.57161 -35.69 -14.1569 -2.74494 -36.6709 -14.1065 -2.96145 -37.6455 
-14.0867 -3.23577 -38.6065 -14.0856 -3.56024 -39.5522 -14.1001 -3.92533 -40.4829 
-14.1222 -4.30463 -41.408 -14.1396 -4.68779 -42.3315 -14.1444 -5.0965 -43.2438 
-14.1129 -5.59232 -44.1098 -14.0447 -6.1932 -44.9039 -13.9721 -6.75545 -45.4675 
-24.3205 23.3846 31.1626 -24.5685 23.1607 30.6642 -24.9737 22.8128 29.819 
-25.3621 22.5066 28.9501 -25.7379 22.2394 28.0628 -26.1214 21.9981 27.1715 
-26.528 21.7865 26.2829 -26.9564 21.6071 25.3974 -27.3897 21.4541 24.5093 
-27.8095 21.3244 23.6112 -28.1882 21.2241 22.6915 -28.4984 21.1418 21.7452 
-28.6968 21.0692 20.7696 -28.7419 21.0022 19.7753 -28.6931 20.9152 18.7825 
-28.82 20.772 17.8619 -29.3285 20.5669 17.0259 -29.8001 20.3657 16.1676 
-30.2253 20.1757 15.2828 -30.6106 19.9916 14.3788 -30.9328 19.8096 13.4503 
-31.1888 19.6044 12.5061 -31.3355 19.3383 11.5557 -31.2805 18.9875 10.6297 
-30.9683 18.5301 9.80432 -30.5253 17.9952 9.08733 -30.0226 17.4404 8.42456 
-29.5014 16.9036 7.76116 -28.995 16.3765 7.07891 -28.5187 15.8613 6.36667 
-28.0867 15.3636 5.61516 -27.7085 14.8966 4.81656 -27.3878 14.4712 3.97122 
-27.1128 14.0938 3.08753 -26.8738 13.7723 2.17144 -26.6515 13.475 1.24301 
-26.4363 13.1827 0.311181 -26.2103 12.8728 -0.612221 -25.9461 12.5365 -1.51588 
-25.6493 12.1821 -2.4025 -25.3546 11.8266 -3.28946 -25.0846 11.4831 -4.18883 
-24.8574 11.1577 -5.10651 -24.6534 10.8414 -6.03297 -24.4338 10.512 -6.95087 
-24.1635 10.1349 -7.83564 -23.8172 9.67119 -8.64988 -23.4147 9.13662 -9.39093 
-22.977 8.54554 -10.0677 -22.5172 7.93496 -10.7122 -22.0512 7.33556 -11.3631 
-21.5788 6.7484 -12.0203 -21.084 6.19065 -12.6865 -20.5714 5.63988 -13.3451 
-20.0552 5.07994 -13.9929 -19.5601 4.50163 -14.6411 -19.0823 3.91966 -15.299 
-18.6174 3.31563 -15.9462 -18.1388 2.65748 -16.5241 -17.6782 1.91092 -17.0015 
-17.3501 1.21134 -17.6219 -17.1242 0.593742 -18.3734 -16.9838 0.0121156 -19.1744 
-16.8812 -0.5499 -19.9948 -16.8143 -1.07527 -20.8427 -16.7862 -1.55815 -21.7174 
-16.7801 -1.99238 -22.6179 -16.7706 -2.38618 -23.5368 -16.7344 -2.74017 -24.4709 
-16.6446 -3.05551 -25.4152 -16.4847 -3.30839 -26.3685 -16.2406 -3.50144 -27.3172 
-15.8636 -3.61736 -28.2345 -15.3988 -3.66536 -29.1173 -14.9457 -3.61747 -30.0052 
-14.5757 -3.40276 -30.9034 -14.3242 -2.96123 -31.7597 -14.1681 -2.42968 -32.5909 
-14.0532 -1.99634 -33.4767 -13.923 -1.86843 -34.4486 -13.8531 -1.95384 -35.4417 
-13.8225 -2.09736 -36.4306 -13.8127 -2.28675 -37.4122 -13.8181 -2.52602 -38.3828 
-13.8364 -2.82806 -39.3357 -13.8599 -3.16058 -40.2785 -13.8831 -3.52248 -41.2103 
-13.8969 -3.89506 -42.1383 -13.9012 -4.27152 -43.0645 -13.8851 -4.69156 -43.9712 
-13.854 -5.19436 -44.8343 -13.8184 -5.78033 -45.6423 -23.6888 19.979 33.0731 
-24.047 19.8077 32.1557 -24.4271 19.6043 31.2535 -24.844 19.4157 30.3645 
-25.271 19.2655 29.473 -25.6903 19.1561 28.5719 -26.0979 19.0686 27.663 
-26.5001 19.0001 26.75 -26.9024 18.9392 25.8365 -27.3033 18.8696 24.9231 
-27.6932 18.7911 24.0056 -28.0508 18.7218 23.0745 -28.3491 18.6666 22.1223 
-28.5453 18.6237 21.1438 -28.6407 18.5889 20.15 -28.6861 18.5359 19.1569 
-29.1491 18.3914 18.3264 -29.7628 18.2259 17.5554 -30.3168 18.0786 16.7365 
-30.8167 17.9553 15.8797 -31.2526 17.8671 14.9848 -31.606 17.7963 14.0528 
-31.8653 17.7196 13.0914 -31.9663 17.5959 12.1072 -31.8847 17.3974 11.1358 
-31.5405 17.0813 10.2597 -31.0446 16.6795 9.49343 -30.4852 16.2261 8.79981 
-29.9245 15.7611 8.11472 -29.3845 15.2945 7.41436 -28.8751 14.833 6.68845 
-28.4179 14.3922 5.9166 -28.0191 13.9785 5.09901 -27.6855 13.6106 4.23178 
-27.3946 13.2826 3.33345 -27.132 12.9896 2.41422 -26.8836 12.7235 1.48291 
-26.6461 12.4679 0.545751 -26.4059 12.1994 -0.387009 -26.1383 11.9015 -1.30312 
-25.8378 11.5831 -2.20203 -25.526 11.2507 -3.0921 -25.2302 10.919 -3.98785 
-24.9675 10.5969 -4.89731 -24.7252 10.2799 -5.81419 -24.479 9.9525 -6.72628 
-24.184 9.57603 -7.60303 -23.8208 9.11455 -8.41044 -23.4018 8.56747 -9.13269 
-22.9409 7.92779 -9.74636 -22.4783 7.24208 -10.3078 -22.037 6.5436 -10.8705 
-21.6374 5.82902 -11.4444 -21.2354 5.13217 -12.0383 -20.8071 4.44621 -12.626 
-20.3391 3.7805 -13.2071 -19.8729 3.1087 -13.7826 -19.4212 2.43562 -14.3671 
-18.9836 1.78489 -14.9874 -18.5895 1.20685 -15.6961 -18.2499 0.722328 -16.5005 
-18.0015 0.260343 -17.3514 -17.8098 -0.198062 -18.2189 -17.6742 -0.660118 -19.0952 
-17.5634 -1.11963 -19.9763 -17.4904 -1.5659 -20.8681 -17.4496 -1.99007 -21.7725 
-17.4375 -2.38295 -22.6919 -17.4353 -2.74732 -23.6229 -17.3988 -3.07908 -24.5652 
-17.3167 -3.36478 -25.5195 -17.1774 -3.58058 -26.4849 -16.9645 -3.73048 -27.4496 
-16.6291 -3.79543 -28.3866 -16.1882 -3.78124 -29.2826 -15.7526 -3.64384 -30.169 
-15.4181 -3.32242 -31.0495 -15.119 -2.88893 -31.8995 -14.8213 -2.59849 -32.7962 
-14.5867 -2.62523 -33.7658 -14.4086 -2.73257 -34.7436 -14.2779 -2.86953 -35.7252 
-14.1884 -3.04134 -36.706 -14.1401 -3.26879 -37.6782 -14.1199 -3.5545 -38.6358 
-14.1214 -3.89501 -39.5758 -14.1402 -4.26805 -40.5034 -14.1716 -4.64438 -41.4293 
-14.2015 -5.02452 -42.3537 -14.2123 -5.43842 -43.2635 -14.1851 -5.93527 -44.1291 
-14.1121 -6.5681 -44.8963 -14.021 -7.29384 -45.5768 -24.6801 12.5767 32.4383 
-24.9296 12.5728 31.6783 -25.2457 12.6124 30.7307 -25.5875 12.6888 29.7942 
-25.9696 12.7771 28.8746 -26.3813 12.855 27.9667 -26.8021 12.9121 27.0614 
-27.2124 12.9422 26.15 -27.6057 12.9575 25.2308 -27.977 12.9803 24.3027 
-28.3112 13.0351 23.362 -28.6018 13.1157 22.409 -28.8289 13.2017 21.4404 
-29.3661 13.1719 20.6489 -30.1214 13.1076 19.9971 -30.8682 13.088 19.333 
-31.5733 13.1268 18.6255 -32.2141 13.2132 17.8644 -32.7637 13.331 17.0394 
-33.1823 13.4739 16.145 -33.4485 13.6135 15.1945 -33.5387 13.7171 14.2073 
-33.4063 13.7369 13.2206 -33.1171 13.6752 12.2683 -32.6784 13.5101 11.3877 
-32.1479 13.2572 10.5812 -31.5657 12.9426 9.83177 -30.9839 12.6208 9.08492 
-30.4279 12.3048 8.31635 -29.9222 12.0076 7.50735 -29.4884 11.7474 6.6453 
-29.12 11.5161 5.74564 -28.8073 11.3158 4.81739 -28.5133 11.1285 3.88011 
-28.2245 10.9437 2.94075 -27.9347 10.7628 2.00092 -27.654 10.5897 1.05688 
-27.3839 10.4173 0.109625 -27.1128 10.2314 -0.834735 -26.8202 10.0204 -1.76727 
-26.5037 9.7882 -2.68697 -26.1848 9.55406 -3.60536 -25.8849 9.33484 -4.53373 
-25.595 9.12082 -5.46656 -25.2995 8.89158 -6.39377 -24.9547 8.60885 -7.28743 
-24.5319 8.23393 -8.11009 -24.0469 7.73904 -8.82635 -23.5214 7.1581 -9.44745 
-22.9967 6.53174 -10.0228 -22.502 5.87061 -10.5864 -22.0571 5.19264 -11.171 
-21.6209 4.52 -11.7686 -21.1535 3.87345 -12.3712 -20.6658 3.25102 -12.9831 
-20.1736 2.65237 -13.6149 -19.6989 2.06941 -14.2737 -19.2451 1.53953 -14.989 
-18.8364 1.04873 -15.7574 -18.5006 0.618892 -16.5935 -18.2487 0.216721 -17.4732 
-18.0477 -0.192012 -18.3633 -17.8897 -0.609217 -19.2581 -17.7708 -1.03131 -20.1567 
-17.7032 -1.44884 -21.0624 -17.6868 -1.84842 -21.9786 -17.7023 -2.21824 -22.9075 
-17.7371 -2.5661 -23.8443 -17.7358 -2.88111 -24.7929 -17.6775 -3.15148 -25.7532 
-17.5557 -3.34474 -26.7257 -17.3293 -3.44806 -27.691 -16.9452 -3.44979 -28.6102 
-16.4085 -3.36438 -29.4464 -15.8524 -3.16265 -30.2506 -15.3562 -2.82837 -31.0486 
-14.9529 -2.41644 -31.8649 -14.6366 -2.16114 -32.7627 -14.4045 -2.18412 -33.7333 
-14.2302 -2.28551 -34.7122 -14.1129 -2.41656 -35.6963 -14.0396 -2.585 -36.679 
-13.9994 -2.79627 -37.6553 -13.9863 -3.06047 -38.6193 -13.9924 -3.38022 -39.5666 
-14.0078 -3.73674 -40.5006 -14.0273 -4.11265 -41.4271 -14.0397 -4.49399 -42.3514 
-14.0371 -4.90573 -43.2624 -14.0065 -5.39509 -44.1322 -13.9377 -6.00671 -44.9184 
-13.8601 -6.69359 -45.64 -23.7352 20.6658 32.9088 -24.1073 20.4115 32.0165 
-24.4926 20.1406 31.1346 -24.9117 19.9093 30.257 -25.3407 19.7334 29.3712 
-25.7619 19.5979 28.4746 -26.1706 19.4918 27.5682 -26.5765 19.4058 26.6583 
-26.9838 19.3291 25.7483 -27.3892 19.2466 24.8378 -27.7783 19.1644 23.9204 
-28.1281 19.0952 22.9865 -28.408 19.039 22.029 -28.5828 18.9911 21.0468 
-28.6353 18.9516 20.0509 -28.6924 18.8868 19.0832 -29.2679 18.7118 18.2858 
-29.8404 18.5426 17.4838 -30.3624 18.394 16.6443 -30.8349 18.2692 15.7724 
-31.2397 18.1776 14.8632 -31.5827 18.0955 13.9282 -31.8096 17.9992 12.9609 
-31.9 17.8547 11.9785 -31.7713 17.6128 11.0248 -31.4152 17.2638 10.165 
-30.9051 16.8239 9.42853 -30.3539 16.3463 8.74455 -29.8036 15.867 8.06085 
-29.2705 15.3864 7.36475 -28.7767 14.9203 6.63098 -28.3268 14.4713 5.85976 
-27.9476 14.061 5.03138 -27.6235 13.6933 4.16023 -27.342 13.3679 3.25785 
-27.0843 13.0753 2.33714 -26.843 12.8118 1.40319 -26.6091 12.5514 0.466469 
-26.3669 12.2719 -0.462514 -26.0934 11.9661 -1.37417 -25.7822 11.6352 -2.26498 
-25.4729 11.2983 -3.15426 -25.1892 10.9663 -4.05372 -24.9373 10.6451 -4.96646 
-24.7009 10.327 -5.88459 -24.4484 9.98997 -6.79132 -24.1359 9.58752 -7.65042 
-23.7566 9.09719 -8.43246 -23.4111 8.63758 -8.98721 -22.9502 7.98395 -9.58548 
-22.4904 7.27668 -10.1221 -22.0666 6.54394 -10.6537 -21.6947 5.79426 -11.2007 
-21.3142 5.05928 -11.7618 -20.9053 4.3292 -12.3088 -20.4567 3.62846 -12.8633 
-20.0116 2.92062 -13.4116 -19.5764 2.23198 -13.9908 -19.1554 1.59721 -14.6369 
-18.7748 1.03808 -15.3702 -18.4527 0.581749 -16.1975 -18.2209 0.16851 -17.0778 
-18.0307 -0.250267 -17.9656 -17.8815 -0.679703 -18.8562 -17.7584 -1.11221 -19.7492 
-17.6683 -1.54355 -20.6468 -17.6133 -1.96021 -21.5541 -17.5918 -2.34998 -22.4745 
-17.5928 -2.71542 -23.4052 -17.5646 -3.04757 -24.3477 -17.5005 -3.34097 -25.3011 
-17.3849 -3.56651 -26.2678 -17.2042 -3.72846 -27.2365 -16.8995 -3.79723 -28.1845 
-16.4783 -3.78808 -29.0891 -16.0334 -3.65489 -29.972 -15.6749 -3.35409 -30.8498 
-15.3911 -2.88116 -31.6829 -15.1009 -2.56033 -32.562 -14.8253 -2.61611 -33.5178 
-14.6131 -2.74951 -34.4855 -14.4549 -2.89014 -35.4626 -14.3403 -3.05455 -36.442 
-14.2705 -3.27028 -37.4155 -14.2334 -3.54116 -38.377 -14.2255 -3.87429 -39.3197 
-14.2387 -4.24314 -40.2489 -14.2757 -4.62186 -41.1736 -14.3185 -4.99985 -42.0984 
-14.3519 -5.38605 -43.0202 -14.3572 -5.81363 -43.9235 -14.3165 -6.34173 -44.769 
-14.2439 -6.98744 -45.5269 -25.5227 7.9268 33.4779 -25.7042 8.02973 32.7057 
-25.9229 8.1349 31.7356 -26.1691 8.25781 30.7745 -26.4711 8.41291 29.8347 
-26.8558 8.59575 28.9305 -27.2878 8.78632 28.0492 -27.7361 8.97945 27.1764 
-28.1721 9.16542 26.2959 -28.5749 9.35519 25.4006 -28.9377 9.55786 24.4914 
-29.2512 9.78415 23.5693 -29.5217 10.0157 22.6352 -29.862 10.1983 21.7233 
-30.4827 10.2972 20.955 -31.1863 10.4067 20.2533 -31.8479 10.5472 19.5176 
-32.4141 10.7317 18.7155 -32.9019 10.938 17.8686 -33.2619 11.1556 16.9626 
-33.5065 11.3482 16.015 -33.5787 11.4811 15.0295 -33.4868 11.5396 14.0388 
-33.2374 11.5162 13.0727 -32.8664 11.4159 12.1517 -32.4055 11.2362 11.2838 
-31.8904 10.9971 10.4613 -31.3701 10.7314 9.64969 -30.8743 10.4767 8.81969 
-30.4311 10.2495 7.95332 -30.0462 10.056 7.05151 -29.7174 9.90281 6.11977 
-29.4115 9.76905 5.17719 -29.118 9.64424 4.22944 -28.8256 9.51651 3.28171 
-28.5289 9.38195 2.33629 -28.2311 9.24564 1.39142 -27.942 9.11764 0.442736 
-27.6586 8.99043 -0.507784 -27.3694 8.8462 -1.45404 -27.0585 8.68154 -2.39 
-26.7267 8.50931 -3.31746 -26.389 8.34044 -4.24341 -26.0451 8.17413 -5.16757 
-25.6764 7.994 -6.07911 -25.244 7.75852 -6.94795 -24.7388 7.43161 -7.74447 
-24.166 7.00233 -8.43871 -23.5611 6.47272 -9.03067 -22.9701 5.85945 -9.55164 
-22.4507 5.1599 -10.0401 -22.0123 4.40935 -10.5341 -21.5942 3.65244 -11.0364 
-21.1628 2.91304 -11.5531 -20.7236 2.19674 -12.0935 -20.2699 1.57277 -12.7291 
-19.8321 1.01418 -13.4306 -19.4334 0.590874 -14.2415 -19.1067 0.24733 -15.1206 
-18.8732 -0.053027 -16.0449 -18.6912 -0.350807 -16.9818 -18.559 -0.67365 -17.9188 
-18.451 -1.02392 -18.8491 -18.3574 -1.39649 -19.7723 -18.2821 -1.77605 -20.6943 
-18.2392 -2.14659 -21.622 -18.2364 -2.50603 -22.5549 -18.2619 -2.84628 -23.4948 
-18.2734 -3.16126 -24.4437 -18.2638 -3.42994 -25.4064 -18.2157 -3.63849 -26.3825 
-18.0976 -3.7613 -27.3667 -17.8898 -3.79428 -28.3418 -17.5264 -3.67971 -29.2621 
-17.0517 -3.41017 -30.0941 -16.5969 -2.9391 -30.8435 -16.2871 -2.36163 -31.5919 
-16.0822 -2.11469 -32.4807 -15.8925 -2.33902 -33.4333 -15.7024 -2.56243 -34.3891 
-15.4996 -2.74797 -35.3504 -15.3036 -2.92006 -36.3158 -15.1381 -3.12051 -37.281 
-15.0242 -3.38545 -38.2381 -14.9558 -3.70707 -39.1818 -14.949 -4.08902 -40.1054 
-14.9935 -4.49183 -41.0193 -15.0824 -4.87861 -41.937 -15.1853 -5.21768 -42.8716 
-15.2765 -5.47073 -43.8341 -15.3376 -5.69427 -44.8067 -15.3355 -5.90016 -45.5792 
-24.9478 10.752 32.9431 -25.2065 10.7561 31.9772 -25.4725 10.8006 31.0145 
-25.7742 10.8876 30.0654 -26.1143 10.9938 29.1312 -26.5087 11.1021 28.2189 
-26.9331 11.1965 27.3185 -27.3653 11.272 26.4199 -27.7829 11.3368 25.5136 
-28.1694 11.4082 24.5943 -28.5228 11.5078 23.6644 -28.8249 11.6425 22.721 
-29.0718 11.7867 21.7633 -29.4166 11.8665 20.8599 -30.1487 11.8361 20.2085 
-30.9098 11.8453 19.5612 -31.6171 11.9158 18.859 -32.2568 12.0416 18.102 
-32.7994 12.2053 17.2804 -33.2134 12.3878 16.3913 -33.4865 12.5587 15.4473 
-33.5634 12.6732 14.4613 -33.4584 12.7164 13.471 -33.1754 12.6683 12.5162 
-32.7698 12.5431 11.6128 -32.2608 12.3195 10.783 -31.7063 12.0466 9.99713 
-31.147 11.7519 9.22244 -30.6123 11.4658 8.42763 -30.1273 11.1995 7.59529 
-29.6996 10.9641 6.72316 -29.346 10.7703 5.80852 -29.0327 10.599 4.87457 
-28.7381 10.4404 3.93224 -28.4457 10.2806 2.98944 -28.15 10.1164 2.04834 
-27.8556 9.95631 1.10614 -27.574 9.80532 0.158602 -27.2967 9.64634 -0.788905 
-27.009 9.46571 -1.7293 -26.6964 9.26554 -2.6578 -26.371 9.05808 -3.5803 
-26.052 8.85667 -4.50639 -25.7389 8.66377 -5.43628 -25.4086 8.45776 -6.35718 
-25.0282 8.19763 -7.24397 -24.5914 7.86465 -8.07787 -24.0816 7.40069 -8.7982 
-23.5399 6.84657 -9.42885 -22.9958 6.23367 -10.0006 -22.4862 5.57403 -10.5522 
-22.0348 4.89056 -11.1253 -21.598 4.20668 -11.7093 -21.1348 3.54929 -12.3034 
-20.6495 2.92329 -12.9137 -20.1636 2.33529 -13.5599 -19.6948 1.76308 -14.2316 
-19.2609 1.27916 -14.9905 -18.8712 0.827767 -15.7922 -18.5643 0.4344 -16.6577 
-18.3313 0.0574877 -17.5537 -18.1504 -0.332909 -18.4562 -18.0022 -0.73394 -19.3601 
-17.8874 -1.13776 -20.2676 -17.8206 -1.54058 -21.1801 -17.8065 -1.92575 -22.1026 
-17.826 -2.28605 -23.035 -17.8643 -2.6243 -23.9752 -17.869 -2.934 -24.9256 
-17.8118 -3.18876 -25.8903 -17.7003 -3.37161 -26.8661 -17.4663 -3.44979 -27.8319 
-17.0724 -3.42757 -28.7458 -16.5066 -3.30184 -29.5575 -15.9083 -3.08738 -30.3288 
-15.3974 -2.73172 -31.1077 -14.9876 -2.3223 -31.9216 -14.6711 -2.15851 -32.8387 
-14.4321 -2.21393 -33.8065 -14.261 -2.32911 -34.7846 -14.1423 -2.46582 -35.7677 
-14.0691 -2.63944 -36.7495 -14.0294 -2.8592 -37.7238 -14.0181 -3.13528 -38.6847 
-14.0221 -3.45833 -39.6307 -14.0379 -3.82024 -40.5627 -14.058 -4.19802 -41.4884 
-14.0702 -4.58227 -42.4115 -14.0698 -4.99241 -43.3233 -14.0341 -5.4982 -44.1831 
-13.9634 -6.11337 -44.9659 -13.8972 -6.67378 -45.5326 -24.5506 14.9868 31.9536 
-24.8917 14.9352 31.0151 -25.2597 14.9235 30.0855 -25.6506 14.935 29.1652 
-26.0644 14.9535 28.2551 -26.4824 14.9725 27.3468 -26.89 14.9824 26.4338 
-27.2864 14.9791 25.5158 -27.6726 14.9658 24.5935 -28.0337 14.9648 23.6611 
-28.3406 14.9866 22.7102 -28.5738 15.0264 21.739 -28.8297 15.0362 20.7825 
-29.4133 14.9475 20.0164 -30.1244 14.853 19.32 -30.8193 14.7932 18.6036 
-31.4743 14.7791 17.8487 -32.075 14.8052 17.0511 -32.5795 14.8699 16.1918 
-32.9605 14.9529 15.2737 -33.1551 15.0333 14.2985 -33.1893 15.074 13.3034 
-32.9982 15.0168 12.3282 -32.647 14.8729 11.4064 -32.1406 14.6185 10.5862 
-31.5595 14.2857 9.84487 -30.9613 13.9262 9.1288 -30.3744 13.5613 8.40611 
-29.8273 13.2055 7.64884 -29.3353 12.87 6.84643 -28.9195 12.5648 5.99065 
-28.5679 12.2918 5.09581 -28.2635 12.0478 4.17515 -27.9724 11.8202 3.24594 
-27.6931 11.6066 2.30982 -27.4232 11.4002 1.36932 -27.1645 11.1979 0.424794 
-26.9015 10.985 -0.516155 -26.6157 10.7447 -1.4437 -26.3058 10.4813 -2.35714 
-25.9912 10.211 -3.26705 -25.691 9.94784 -4.18387 -25.4094 9.69039 -5.10816 
-25.139 9.42966 -6.03492 -24.8497 9.14509 -6.9485 -24.5848 8.88794 -7.65786 
-24.3479 8.64648 -8.15318 -23.9046 8.15238 -8.89774 -23.4186 7.57566 -9.55283 
-22.9193 6.94085 -10.1416 -22.4331 6.2906 -10.7252 -21.9858 5.6279 -11.3255 
-21.5536 4.9643 -11.9361 -21.0884 4.33154 -12.5545 -20.5978 3.71714 -13.1723 
-20.1008 3.11996 -13.8016 -19.6186 2.5215 -14.4407 -19.1494 1.94964 -15.1135 
-18.712 1.38757 -15.8134 -18.3333 0.899736 -16.5983 -18.0365 0.437042 -17.4329 
-17.8207 -0.019638 -18.2955 -17.6637 -0.479004 -19.1694 -17.5513 -0.938132 -20.0506 
-17.4766 -1.38489 -20.9417 -17.4545 -1.80485 -21.8488 -17.4548 -2.19494 -22.7694 
-17.4708 -2.55382 -23.7026 -17.4532 -2.88261 -24.6462 -17.3706 -3.16041 -25.6026 
-17.2337 -3.37532 -26.5686 -16.997 -3.50434 -27.5298 -16.64 -3.55373 -28.4599 
-16.1391 -3.51743 -29.3232 -15.6418 -3.38693 -30.1784 -15.2252 -3.07622 -31.0301 
-14.8545 -2.68006 -31.8695 -14.5845 -2.36981 -32.7715 -14.3707 -2.31634 -33.741 
-14.2054 -2.40612 -34.7226 -14.0923 -2.53326 -35.7076 -14.0238 -2.70356 -36.6904 
-13.9862 -2.91651 -37.6664 -13.9788 -3.19086 -38.6277 -13.9854 -3.51384 -39.5738 
-14.0021 -3.87486 -40.5062 -14.0222 -4.25091 -41.4325 -14.0341 -4.63399 -42.3561 
-14.033 -5.0461 -43.267 -13.9951 -5.55992 -44.1217 -13.9234 -6.1789 -44.9019 
-13.8552 -6.7397 -45.4678 -25.0009 10.2817 33.25 -25.2421 10.3019 32.2798 
-25.4889 10.3535 31.3122 -25.7738 10.4436 30.3583 -26.1071 10.5531 29.4221 
-26.4938 10.6701 28.5076 -26.9177 10.7757 27.6082 -27.3542 10.8661 26.7131 
-27.7778 10.9485 25.8111 -28.171 11.0355 24.8958 -28.5336 11.1483 23.9711 
-28.8506 11.2948 23.0343 -29.1007 11.4531 22.0798 -29.4002 11.5669 21.1616 
-30.0944 11.5634 20.469 -30.8451 11.5921 19.8102 -31.5455 11.6746 19.1023 
-32.1704 11.8126 18.3351 -32.7058 11.9831 17.5096 -33.1118 12.1752 16.6176 
-33.4124 12.354 15.6828 -33.5244 12.4809 14.7005 -33.465 12.5417 13.7083 
-33.2072 12.5061 12.7453 -32.834 12.4022 11.8253 -32.3451 12.1976 10.9791 
-31.8004 11.9336 10.1838 -31.2434 11.6412 9.40648 -30.7061 11.356 8.61307 
-30.2172 11.0886 7.78304 -29.7814 10.8493 6.91609 -29.4236 10.6554 6.00319 
-29.1058 10.4846 5.0707 -28.8089 10.3275 4.12883 -28.5158 10.1714 3.18556 
-28.2184 10.0088 2.24477 -27.9212 9.84828 1.30358 -27.6343 9.69802 0.357455 
-27.354 9.54394 -0.589996 -27.0669 9.37035 -1.53194 -26.7592 9.17666 -2.46338 
-26.4323 8.97174 -3.38595 -26.1074 8.77098 -4.31013 -25.7858 8.57835 -5.23719 
-25.444 8.37461 -6.15447 -25.0535 8.12256 -7.03906 -24.6058 7.80087 -7.87167 
-24.0831 7.35174 -8.59226 -23.5261 6.80426 -9.21467 -22.9651 6.18623 -9.76402 
-22.4503 5.50035 -10.2768 -22.0081 4.77484 -10.8034 -21.5936 4.03834 -11.3377 
-21.1532 3.32478 -11.8825 -20.7015 2.62264 -12.4316 -20.2381 1.98997 -13.0517 
-19.792 1.38717 -13.7111 -19.3713 0.90001 -14.4742 -19.0114 0.493629 -15.3127 
-18.7423 0.144653 -16.2094 -18.535 -0.185878 -17.1298 -18.3819 -0.539999 -18.0522 
-18.2563 -0.914631 -18.9707 -18.1456 -1.30183 -19.8861 -18.058 -1.69218 -20.8025 
-17.997 -2.07101 -21.7258 -17.9776 -2.43196 -22.6579 -17.9822 -2.77318 -23.5978 
-17.9645 -3.08753 -24.5467 -17.9118 -3.35307 -25.5089 -17.8212 -3.55968 -26.4825 
-17.6515 -3.68277 -27.4583 -17.3679 -3.71575 -28.4138 -16.9208 -3.62562 -29.3005 
-16.4398 -3.40797 -30.1475 -16.0589 -2.97546 -30.9554 -15.7556 -2.45085 -31.7481 
-15.4918 -2.24232 -32.6475 -15.2435 -2.42964 -33.5964 -15.0143 -2.63197 -34.5484 
-14.8102 -2.80847 -35.511 -14.6594 -2.98357 -36.4837 -14.5528 -3.19389 -37.4551 
-14.4941 -3.4697 -38.414 -14.4696 -3.8 -39.3571 -14.4802 -4.17738 -40.2829 
-14.5194 -4.56541 -41.2037 -14.5778 -4.94546 -42.1268 -14.6361 -5.30616 -43.0575 
-14.671 -5.65411 -43.9943 -14.6623 -6.0462 -44.9131 -14.6199 -6.43146 -45.6122 
-24.0776 22.175 31.8015 -24.4643 21.7589 30.9788 -24.8657 21.4063 30.1341 
-25.2812 21.125 29.2697 -25.6913 20.9094 28.3838 -26.0957 20.729 27.4873 
-26.5054 20.5812 26.5871 -26.9245 20.4552 25.6881 -27.3446 20.3393 24.788 
-27.7527 20.233 23.8814 -28.1225 20.1475 22.9565 -28.4287 20.0765 22.0082 
-28.6235 20.0113 21.0309 -28.6856 19.9501 20.0372 -28.6719 19.8781 19.0526 
-29.0413 19.7162 18.1659 -29.5754 19.5282 17.3418 -30.0691 19.3524 16.4906 
-30.5185 19.1904 15.6122 -30.9184 19.0491 14.7073 -31.2504 18.9219 13.7729 
-31.5201 18.778 12.8217 -31.6598 18.5814 11.8539 -31.611 18.3102 10.9003 
-31.2837 17.9222 10.0472 -30.8003 17.4461 9.31457 -30.2706 16.9355 8.63749 
-29.7326 16.4318 7.96163 -29.2113 15.9312 7.27065 -28.7215 15.4429 6.54867 
-28.2748 14.9698 5.79 -27.8902 14.5296 4.97972 -27.5664 14.1333 4.12122 
-27.2884 13.7797 3.22853 -27.0431 13.4736 2.30894 -26.813 13.1959 1.37631 
-26.5932 12.9239 0.439479 -26.3649 12.6332 -0.48963 -26.1028 12.3143 -1.40014 
-25.8025 11.9763 -2.29193 -25.5011 11.6339 -3.18181 -25.2216 11.2992 -4.08153 
-24.985 10.9816 -4.99958 -24.7738 10.6743 -5.92745 -24.5504 10.3558 -6.84836 
-24.2781 9.99137 -7.73775 -23.9248 9.53207 -8.5512 -23.5149 8.99512 -9.28648 
-23.0673 8.3945 -9.94798 -22.602 7.77373 -10.5788 -22.1377 7.16277 -11.22 
-21.6733 6.56168 -11.8703 -21.1921 5.98592 -12.5309 -20.6845 5.42115 -13.1816 
-20.1729 4.85043 -13.8235 -19.6803 4.25716 -14.4601 -19.2016 3.66006 -15.1036 
-18.7278 3.03249 -15.7209 -18.2369 2.35015 -16.2605 -17.7957 1.6255 -16.7849 
-17.5028 1.00064 -17.5013 -17.2888 0.426812 -18.2911 -17.1484 -0.126063 -19.1122 
-17.0469 -0.664913 -19.9482 -16.97 -1.1737 -20.8054 -16.9371 -1.64294 -21.6873 
-16.9287 -2.06969 -22.5915 -16.9227 -2.45756 -23.513 -16.8862 -2.80795 -24.4484 
-16.7931 -3.11678 -25.3944 -16.6369 -3.3611 -26.3506 -16.4028 -3.54696 -27.3034 
-16.04 -3.65707 -28.2274 -15.5861 -3.70258 -29.1157 -15.1331 -3.64848 -30.0042 
-14.7494 -3.46257 -30.9046 -14.4797 -3.05541 -31.7721 -14.2965 -2.59096 -32.6365 
-14.1501 -2.32387 -33.5788 -14.0061 -2.3082 -34.5653 -13.9164 -2.40471 -35.5557 
-13.873 -2.56148 -36.5421 -13.858 -2.76927 -37.5198 -13.8627 -3.02768 -38.4856 
-13.8787 -3.33944 -39.4353 -13.8991 -3.69132 -40.371 -13.9195 -4.06512 -41.2983 
-13.9318 -4.44189 -42.2245 -13.9288 -4.84259 -43.1406 -13.903 -5.31094 -44.0224 
-13.8437 -5.89531 -44.8296 -13.7746 -6.55706 -45.5753 -24.4621 22.3712 30.9355 
-24.8609 21.9988 30.0977 -25.2634 21.7015 29.2325 -25.6596 21.4547 28.3484 
-26.0551 21.2491 27.4533 -26.4625 21.0714 26.5576 -26.887 20.9249 25.6642 
-27.3146 20.7929 24.7699 -27.7296 20.6761 23.8677 -28.1097 20.5809 22.948 
-28.4221 20.5041 22.0021 -28.6341 20.4347 21.0288 -28.7062 20.3691 20.0355 
-28.6805 20.2943 19.0394 -28.882 20.1535 18.1205 -29.3987 19.9603 17.2892 
-29.8874 19.7731 16.4374 -30.3351 19.5961 15.5611 -30.7339 19.4333 14.6591 
-31.0711 19.2841 13.7301 -31.3378 19.1172 12.7817 -31.4921 18.8972 11.821 
-31.4435 18.5884 10.8782 -31.1637 18.1838 10.0164 -30.6983 17.6773 9.29195 
-30.187 17.1474 8.61584 -29.6561 16.6285 7.9458 -29.1353 16.1125 7.26581 
-28.6479 15.6101 6.55197 -28.1992 15.1223 5.80365 -27.8137 14.6685 5.00124 
-27.4831 14.2551 4.15357 -27.2041 13.894 3.26431 -26.9533 13.5752 2.35047 
-26.7232 13.2892 1.42034 -26.5005 13.0076 0.487007 -26.2704 12.7098 -0.439361 
-26.0087 12.3878 -1.34892 -25.7091 12.0425 -2.2382 -25.4059 11.6906 -3.12376 
-25.1277 11.3475 -4.02076 -24.8863 11.0191 -4.9337 -24.6693 10.6991 -5.85591 
-24.4438 10.3691 -6.77247 -24.1624 9.98215 -7.64949 -23.819 9.52337 -8.4673 
-23.4123 8.97573 -9.19579 -22.9697 8.35587 -9.84205 -22.5104 7.698 -10.4388 
-22.0611 7.04236 -11.0455 -21.6249 6.39221 -11.6673 -21.1805 5.76531 -12.3071 
-20.7031 5.15419 -12.9384 -20.2102 4.54576 -13.5602 -19.7331 3.90378 -14.1601 
-19.2604 3.26381 -14.7656 -18.8043 2.56977 -15.3215 -18.341 1.88606 -15.8851 
-17.9216 1.22081 -16.4981 -17.6394 0.630298 -17.2494 -17.468 0.0923922 -18.0744 
-17.3376 -0.433971 -18.9144 -17.2404 -0.948777 -19.766 -17.1656 -1.44076 -20.6331 
-17.1252 -1.90097 -21.5198 -17.1055 -2.32703 -22.424 -17.1005 -2.71237 -23.3467 
-17.0663 -3.06751 -24.2805 -16.9793 -3.37212 -25.2286 -16.8471 -3.62169 -26.1873 
-16.6382 -3.80566 -27.1465 -16.3281 -3.92604 -28.0878 -15.911 -3.97403 -28.9942 
-15.4841 -3.92863 -29.8952 -15.143 -3.72891 -30.8109 -14.8395 -3.41698 -31.7099 
-14.5975 -3.05614 -32.6084 -14.4098 -2.86541 -33.5658 -14.2594 -2.90299 -34.5525 
-14.1394 -3.01247 -35.5389 -14.0637 -3.17918 -36.5215 -14.0217 -3.39873 -37.4959 
-14.0077 -3.68183 -38.4545 -14.0102 -4.01609 -39.3967 -14.032 -4.38445 -40.3261 
-14.0631 -4.75368 -41.2549 -14.0887 -5.13257 -42.1799 -14.0949 -5.55145 -43.0875 
-14.0572 -6.08199 -43.9315 -13.9833 -6.74463 -44.6725 -13.8841 -7.49697 -45.3233 
-23.7038 20.8375 32.919 -24.0798 20.5649 32.0336 -24.4644 20.2774 31.1566 
-24.8798 20.0304 30.2817 -25.3102 19.8481 29.3978 -25.7321 19.7052 28.5027 
-26.1412 19.5941 27.5971 -26.5475 19.503 26.6879 -26.9557 19.4224 25.7785 
-27.3623 19.3375 24.8689 -27.7536 19.2528 23.9526 -28.1068 19.1815 23.0201 
-28.3909 19.1237 22.0639 -28.5798 19.0737 21.0845 -28.637 19.0324 20.0889 
-28.6861 18.9687 19.1157 -29.2461 18.7939 18.3086 -29.8155 18.6227 17.5049 
-30.3332 18.472 16.6631 -30.8043 18.3431 15.7909 -31.2101 18.2472 14.8825 
-31.5568 18.1614 13.9492 -31.7952 18.0643 12.9843 -31.8902 17.9178 12.0028 
-31.7765 17.6798 11.0463 -31.4328 17.3354 10.1797 -30.9207 16.8913 9.44721 
-30.3713 16.4122 8.76284 -29.8215 15.9311 8.07996 -29.2878 15.4489 7.38538 
-28.7926 14.9807 6.65395 -28.3402 14.5287 5.88595 -27.9582 14.1145 5.06084 
-27.6303 13.741 4.19347 -27.3498 13.4138 3.29145 -27.0923 13.1186 2.37157 
-26.8515 12.8539 1.43782 -26.6187 12.5932 0.500911 -26.3786 12.314 -0.428721 
-26.1077 12.0084 -1.34122 -25.7979 11.6776 -2.23256 -25.4887 11.3405 -3.12177 
-25.2055 11.0084 -4.02135 -24.9513 10.6863 -4.93322 -24.7167 10.3699 -5.85234 
-24.4743 10.0421 -6.76537 -24.1868 9.6663 -7.64474 -23.8352 9.21279 -8.46183 
-23.5074 8.78414 -9.05167 -23.0567 8.1686 -9.6963 -22.5951 7.50251 -10.2817 
-22.1391 6.83295 -10.8678 -21.7137 6.15347 -11.4653 -21.293 5.48904 -12.0829 
-20.8455 4.84089 -12.6987 -20.3655 4.20811 -13.3062 -19.8838 3.56487 -13.9011 
-19.4167 2.90711 -14.4918 -18.9636 2.23559 -15.0773 -18.5327 1.58354 -15.6962 
-18.1453 1.02454 -16.4273 -17.8601 0.505648 -17.2318 -17.6636 0.0073126 -18.0756 
-17.5248 -0.484497 -18.9349 -17.4168 -0.972128 -19.8012 -17.3355 -1.44251 -20.6796 
-17.2929 -1.8863 -21.5744 -17.276 -2.2943 -22.487 -17.2747 -2.67284 -23.4125 
-17.2391 -3.01545 -24.351 -17.1602 -3.31821 -25.3003 -17.0267 -3.5542 -26.2623 
-16.8277 -3.73065 -27.2249 -16.5047 -3.82342 -28.165 -16.0774 -3.84802 -29.0671 
-15.6426 -3.75675 -29.9605 -15.2839 -3.5244 -30.8612 -14.9697 -3.15966 -31.7371 
-14.693 -2.79718 -32.6227 -14.4826 -2.69388 -33.5889 -14.314 -2.76033 -34.5714 
-14.1912 -2.88294 -35.5558 -14.1089 -3.048 -36.5383 -14.0649 -3.26877 -37.5122 
-14.0468 -3.54438 -38.473 -14.0487 -3.87717 -39.4157 -14.0659 -4.24505 -40.3453 
-14.0958 -4.61808 -41.2727 -14.1228 -4.99504 -42.1985 -14.1301 -5.41129 -43.1071 
-14.0998 -5.91773 -43.9667 -14.0246 -6.56726 -44.7194 -13.9268 -7.30783 -45.3829 
-23.9368 15.9835 33.4517 -24.2009 15.9293 32.6985 -24.536 15.8472 31.7599 
-24.8989 15.7704 30.8315 -25.2824 15.7229 29.9093 -25.6825 15.7098 28.993 
-26.0942 15.7104 28.0817 -26.5061 15.7167 27.1705 -26.9104 15.7183 26.2559 
-27.3054 15.7058 25.3374 -27.6921 15.6849 24.4153 -28.0458 15.6777 23.4803 
-28.3471 15.687 22.5272 -28.5678 15.7075 21.5526 -28.7583 15.7129 20.5742 
-29.3563 15.6053 19.8119 -30.0457 15.4947 19.0963 -30.717 15.4157 18.3596 
-31.3529 15.3751 17.5896 -31.9225 15.3815 16.7693 -32.4057 15.4223 15.8958 
-32.762 15.4779 14.9653 -32.9717 15.5295 13.9921 -32.973 15.5294 12.9961 
-32.7897 15.4472 12.0215 -32.4075 15.2586 11.1212 -31.8877 14.9753 10.3193 
-31.2969 14.6101 9.60004 -30.7003 14.231 8.89265 -30.125 13.844 8.1723 
-29.5821 13.4665 7.42261 -29.1045 13.1134 6.61896 -28.6969 12.7915 5.76532 
-28.3555 12.5036 4.87121 -28.0502 12.2422 3.95564 -27.7622 12.0034 3.02831 
-27.4873 11.7773 2.09383 -27.2245 11.561 1.15355 -26.9685 11.347 0.210869 
-26.7006 11.1143 -0.723922 -26.4057 10.8536 -1.64299 -26.0888 10.5711 -2.5484 
-25.7754 10.2871 -3.45448 -25.4819 10.0086 -4.36895 -25.207 9.73305 -5.29006 
-24.9289 9.44404 -6.20595 -24.6116 9.12142 -7.0968 -24.3814 8.88522 -7.59769 
-24.2195 8.71352 -7.92043 -23.9479 8.4019 -8.35484 -23.4601 7.81197 -8.9953 
-22.9547 7.15159 -9.54897 -22.4855 6.41927 -10.0416 -22.0774 5.65065 -10.5331 
-21.7102 4.87205 -11.0419 -21.3182 4.11156 -11.5591 -20.8961 3.3597 -12.0653 
-20.4537 2.6502 -12.6123 -20.0194 1.96755 -13.1988 -19.5932 1.36836 -13.872 
-19.2036 0.887089 -14.6554 -18.882 0.479465 -15.5086 -18.6402 0.13033 -16.4132 
-18.4558 -0.219078 -17.3316 -18.3115 -0.589422 -18.249 -18.1887 -0.974346 -19.1637 
-18.0838 -1.36757 -20.0771 -18.0021 -1.75739 -20.9943 -17.9608 -2.12847 -21.9217 
-17.9595 -2.48354 -22.8564 -17.9633 -2.8163 -23.7992 -17.9307 -3.1149 -24.7528 
-17.8632 -3.35825 -25.7198 -17.7501 -3.54069 -26.6958 -17.528 -3.62689 -27.6643 
-17.1735 -3.6219 -28.596 -16.6667 -3.50139 -29.4471 -16.1604 -3.25611 -30.2709 
-15.7418 -2.80697 -31.0559 -15.3897 -2.36138 -31.8739 -15.0857 -2.30251 -32.803 
-14.8227 -2.47061 -33.7521 -14.6266 -2.62849 -34.7196 -14.4743 -2.78235 -35.6956 
-14.3653 -2.95932 -36.6736 -14.2975 -3.18348 -37.6452 -14.2644 -3.46809 -38.6028 
-14.2561 -3.80395 -39.5444 -14.2734 -4.17977 -40.4709 -14.3071 -4.56164 -41.3944 
-14.3446 -4.94238 -42.3184 -14.3722 -5.33213 -43.2388 -14.3636 -5.77619 -44.1337 
-14.3133 -6.30937 -44.9764 -14.2534 -6.82611 -45.5829 -25.4161 8.56409 33.4205 
-25.5948 8.64259 32.6447 -25.8164 8.72959 31.6735 -26.0609 8.83125 30.7095 
-26.3596 8.96437 29.765 -26.7404 9.12347 28.8547 -27.1702 9.289 27.9674 
-27.6163 9.45473 27.0878 -28.0517 9.61349 26.2017 -28.454 9.77497 25.3007 
-28.8252 9.95222 24.3895 -29.148 10.1581 23.4658 -29.4269 10.3716 22.5299 
-29.7363 10.5458 21.6025 -30.3511 10.6257 20.8447 -31.0705 10.7096 20.1557 
-31.7478 10.8323 19.4312 -32.3336 11.0056 18.6407 -32.8377 11.2035 17.8013 
-33.219 11.414 16.9029 -33.4786 11.6034 15.9587 -33.5571 11.7331 14.9732 
-33.474 11.7914 13.982 -33.2202 11.7619 13.0175 -32.8389 11.6504 12.1021 
-32.3663 11.4575 11.2435 -31.8417 11.2074 10.4302 -31.3129 10.9335 9.62688 
-30.8075 10.6681 8.80602 -30.3548 10.4289 7.94788 -29.9622 10.2246 7.05188 
-29.6258 10.0595 6.12497 -29.318 9.91594 5.18449 -29.0231 9.78143 4.23848 
-28.7299 9.64577 3.29212 -28.4322 9.50321 2.34816 -28.1335 9.3588 1.40479 
-27.8416 9.22158 0.458288 -27.5569 9.08832 -0.491001 -27.2689 8.93972 -1.43698 
-26.9631 8.769 -2.37355 -26.6331 8.58739 -3.29988 -26.2966 8.4081 -4.22435 
-25.9553 8.23346 -5.14789 -25.5903 8.0485 -6.06013 -25.1696 7.81771 -6.93627 
-24.6799 7.50144 -7.74618 -24.1233 7.08455 -8.46139 -23.5304 6.5588 -9.06854 
-22.9431 5.95193 -9.60163 -22.4247 5.25409 -10.0929 -21.9781 4.50598 -10.5828 
-21.5692 3.74077 -11.08 -21.1427 2.99549 -11.5922 -20.7071 2.26477 -12.1167 
-20.2586 1.61258 -12.7263 -19.8206 1.00555 -13.3884 -19.4142 0.551913 -14.1772 
-19.0809 0.198299 -15.0493 -18.8281 -0.11259 -15.9649 -18.6442 -0.412517 -16.9005 
-18.5131 -0.738541 -17.8365 -18.405 -1.08892 -18.7668 -18.3077 -1.46413 -19.6886 
-18.223 -1.84773 -20.6082 -18.163 -2.22641 -21.5315 -18.1422 -2.5933 -22.4614 
-18.1407 -2.93944 -23.3995 -18.1296 -3.26011 -24.3465 -18.097 -3.53085 -25.3082 
-18.0265 -3.74617 -26.2815 -17.8947 -3.88774 -27.2616 -17.6734 -3.9458 -28.233 
-17.3178 -3.87564 -29.1622 -16.9168 -3.6687 -30.0516 -16.7004 -3.19261 -30.8887 
-16.5782 -2.54421 -31.6376 -16.4667 -2.05234 -32.4617 -16.3273 -2.12018 -33.43 
-16.1774 -2.32887 -34.3963 -15.9971 -2.52101 -35.3608 -15.7907 -2.69632 -36.3234 
-15.5951 -2.8902 -37.2845 -15.4449 -3.13894 -38.2408 -15.3526 -3.45108 -39.1856 
-15.3284 -3.82273 -40.1129 -15.3533 -4.23006 -41.0256 -15.4282 -4.62974 -41.939 
-15.5215 -4.98833 -42.8674 -15.6119 -5.25293 -43.8264 -15.6906 -5.44598 -44.8041 
-15.7194 -5.59292 -45.5898 -25.2323 9.62868 33.2012 -25.4146 9.66364 32.4231 
-25.6493 9.7264 31.4532 -25.9135 9.81527 30.4931 -26.2324 9.93031 29.5527 
-26.6094 10.0578 28.6358 -27.0352 10.1829 27.7398 -27.4759 10.3022 26.8502 
-27.9021 10.4152 25.9527 -28.3027 10.5306 25.0438 -28.6683 10.6721 24.1241 
-28.9958 10.8415 23.1949 -29.2734 11.0187 22.2508 -29.6034 11.1562 21.3268 
-30.2966 11.1872 20.6222 -31.0358 11.2399 19.9513 -31.7222 11.3453 19.2332 
-32.3323 11.4987 18.457 -32.8459 11.6823 17.6206 -33.2466 11.8823 16.7282 
-33.5001 12.0608 15.7807 -33.5839 12.1873 14.7954 -33.48 12.2337 13.806 
-33.2201 12.1992 12.844 -32.8185 12.0727 11.9394 -32.3233 11.8588 11.099 
-31.7808 11.5892 10.3036 -31.2359 11.3007 9.51638 -30.7213 11.0246 8.70488 
-30.2535 10.7701 7.85915 -29.8545 10.5561 6.9682 -29.5075 10.376 6.04819 
-29.1989 10.2208 5.10979 -28.9048 10.0754 4.16517 -28.6103 9.9272 3.22106 
-28.312 9.77295 2.27915 -28.0157 9.62166 1.33614 -27.7275 9.47886 0.389306 
-27.4456 9.33258 -0.558929 -27.1554 9.16681 -1.50135 -26.8401 8.97765 -2.43119 
-26.5103 8.78277 -3.35488 -26.1797 8.59274 -4.27934 -25.8452 8.40814 -5.20347 
-25.4781 8.20317 -6.11021 -25.0545 7.94446 -6.97676 -24.5521 7.59354 -7.76445 
-23.9871 7.14075 -8.44959 -23.3817 6.57362 -9.00659 -22.8101 5.92127 -9.50069 
-22.3333 5.17616 -9.9641 -21.925 4.38509 -10.419 -21.5251 3.59838 -10.8893 
-21.1149 2.82241 -11.3684 -20.689 2.08825 -11.8952 -20.2479 1.429 -12.502 
-19.8195 0.856305 -13.1969 -19.3526 0.352992 -14.1754 -19.0512 0.0295372 -15.071 
-18.8439 -0.253545 -16.0071 -18.6847 -0.541337 -16.9511 -18.5697 -0.858841 -17.8922 
-18.4739 -1.20814 -18.8242 -18.3855 -1.57882 -19.7488 -18.3069 -1.95677 -20.6712 
-18.2638 -2.33095 -21.5974 -18.256 -2.69129 -22.5301 -18.2583 -3.02592 -23.4723 
-18.2575 -3.33389 -24.4236 -18.2364 -3.5978 -25.3875 -18.1753 -3.8049 -26.3632 
-18.0495 -3.93395 -27.3462 -17.8451 -3.98361 -28.3215 -17.5102 -3.89006 -29.2563 
-17.1468 -3.63037 -30.1465 -16.9815 -3.12274 -30.9699 -16.9384 -2.42295 -31.6804 
-16.8821 -1.86112 -32.4686 -16.7786 -1.80368 -33.4431 -16.6755 -1.94596 -34.427 
-16.5375 -2.11769 -35.4022 -16.3408 -2.29375 -36.3665 -16.1293 -2.48143 -37.3257 
-15.9408 -2.71891 -38.2781 -15.8025 -3.01043 -39.2239 -15.7538 -3.36668 -40.1561 
-15.774 -3.78127 -41.065 -15.8272 -4.2192 -41.9621 -15.9252 -4.59679 -42.8819 
-16.0666 -4.86783 -43.8325 -16.2055 -5.03234 -44.8082 -16.2938 -5.12096 -45.7999 
-24.5264 23.3055 30.6746 -24.9347 22.9513 29.8334 -25.3215 22.6421 28.965 
-25.6953 22.3675 28.0791 -26.076 22.1204 27.1882 -26.4816 21.9016 26.3008 
-26.9099 21.7168 25.4164 -27.3428 21.5561 24.5295 -27.7627 21.4226 23.6319 
-28.1495 21.3156 22.7164 -28.4623 21.2311 21.7713 -28.6647 21.1582 20.7962 
-28.7202 21.0911 19.8027 -28.6297 21.0194 18.812 -28.7073 20.8823 17.9013 
-29.2212 20.6747 17.069 -29.6983 20.4704 16.2146 -30.1289 20.2746 15.3338 
-30.5138 20.085 14.4307 -30.8484 19.8965 13.5078 -31.1046 19.6884 12.5646 
-31.267 19.4239 11.616 -31.224 19.066 10.693 -30.9189 18.5929 9.8737 
-30.4865 18.0394 9.16365 -29.9955 17.4745 8.50093 -29.4779 16.9292 7.84169 
-28.9687 16.3926 7.16897 -28.4927 15.8712 6.46094 -28.0551 15.3653 5.71817 
-27.6712 14.8909 4.92674 -27.3381 14.4553 4.0913 -27.0545 14.0732 3.21229 
-26.8008 13.7368 2.30566 -26.5696 13.4335 1.38132 -26.3454 13.1379 0.452706 
-26.1127 12.8292 -0.469481 -25.8495 12.4962 -1.37464 -25.5507 12.1378 -2.2589 
-25.2485 11.7736 -3.13982 -24.9719 11.4191 -4.03292 -24.7264 11.0758 -4.93932 
-24.5061 10.7388 -5.85468 -24.2742 10.3877 -6.76167 -23.9865 9.97551 -7.62503 
-23.6391 9.49686 -8.42986 -23.2308 8.92498 -9.13789 -22.788 8.27313 -9.7521 
-22.3396 7.57493 -10.3099 -21.9189 6.85332 -10.8591 -21.5304 6.12697 -11.4257 
-21.1473 5.41543 -12.0147 -20.7346 4.71582 -12.5973 -20.2812 4.03511 -13.1725 
-19.8322 3.32917 -13.72 -19.392 2.61728 -14.2668 -18.9725 1.91909 -14.8467 
-18.5835 1.28874 -15.5093 -18.248 0.788755 -16.306 -17.9975 0.313858 -17.1489 
-17.811 -0.152748 -18.0131 -17.6717 -0.620224 -18.8858 -17.5618 -1.08533 -19.7642 
-17.4795 -1.54025 -20.6507 -17.431 -1.9723 -21.5511 -17.409 -2.3769 -22.4651 
-17.4047 -2.74957 -23.393 -17.3738 -3.092 -24.3317 -17.2968 -3.38504 -25.2842 
-17.177 -3.62407 -26.2471 -16.974 -3.78483 -27.2118 -16.6703 -3.87665 -28.1583 
-16.2546 -3.88659 -29.066 -15.8152 -3.80198 -29.9588 -15.4852 -3.52089 -30.8543 
-15.2045 -3.10617 -31.719 -14.9183 -2.75337 -32.5996 -14.6646 -2.70596 -33.5582 
-14.4776 -2.80255 -34.5353 -14.333 -2.93117 -35.5162 -14.2366 -3.09951 -36.4968 
-14.1768 -3.31494 -37.4711 -14.1505 -3.59401 -38.4305 -14.1467 -3.92657 -39.3734 
-14.1651 -4.29895 -40.3012 -14.1994 -4.67451 -41.2273 -14.2363 -5.05262 -42.1523 
-14.2608 -5.44792 -43.0704 -14.2473 -5.91882 -43.9508 -14.191 -6.50613 -44.7544 
-14.1061 -7.21115 -45.4571 -24.5285 14.5788 32.0936 -24.7916 14.547 31.3389 
-25.1431 14.5429 30.4028 -25.5201 14.566 29.477 -25.9272 14.5964 28.5642 
-26.346 14.6235 27.6566 -26.7593 14.6426 26.7462 -27.1602 14.6469 25.8302 
-27.5481 14.6393 24.9085 -27.9182 14.6359 23.9796 -28.2389 14.6582 23.0331 
-28.4985 14.6997 22.069 -28.6834 14.7462 21.0881 -29.1866 14.6819 20.2783 
-29.9136 14.5819 19.5995 -30.6251 14.5182 18.9 -31.3011 14.5025 18.1638 
-31.9271 14.5263 17.3855 -32.4623 14.595 16.5445 -32.8917 14.6819 15.648 
-33.144 14.7751 14.6878 -33.2266 14.8372 13.6965 -33.0983 14.8167 12.7109 
-32.7765 14.6938 11.7752 -32.3141 14.4727 10.921 -31.7533 14.1611 10.1557 
-31.1588 13.8052 9.43476 -30.5689 13.4459 8.7117 -30.0086 13.0906 7.96388 
-29.4934 12.752 7.17713 -29.0594 12.4455 6.33103 -28.6912 12.1713 5.44335 
-28.3813 11.9302 4.52383 -28.0866 11.7029 3.5957 -27.799 11.4878 2.66244 
-27.5188 11.2808 1.72505 -27.2502 11.0796 0.783103 -26.9855 10.875 -0.159267 
-26.7056 10.6493 -1.09227 -26.4013 10.3978 -2.01084 -26.0818 10.1288 -2.91943 
-25.7721 9.86424 -3.83269 -25.476 9.60483 -4.75191 -25.1859 9.34151 -5.67199 
-24.8677 9.04432 -6.57169 -24.489 8.69376 -7.42706 -24.2335 8.44513 -7.90892 
-23.8424 8.01405 -8.45629 -23.323 7.4087 -9.057 -22.8075 6.71201 -9.55475 
-22.3528 5.95659 -10.0231 -21.9797 5.15024 -10.4817 -21.6145 4.35158 -10.9598 
-21.2134 3.57416 -11.4441 -20.7971 2.80852 -11.9341 -20.3651 2.09854 -12.4886 
-19.9375 1.43686 -13.1026 -19.5237 0.910799 -13.8408 -19.1592 0.494091 -14.6721 
-18.8846 0.147886 -15.5682 -18.6761 -0.168133 -16.4932 -18.5241 -0.497363 -17.4249 
-18.4036 -0.850499 -18.3526 -18.2993 -1.22725 -19.2729 -18.2048 -1.61411 -20.1902 
-18.1323 -1.99683 -21.1111 -18.0971 -2.3676 -22.039 -18.0946 -2.72056 -22.9745 
-18.0858 -3.04898 -23.9188 -18.0567 -3.33802 -24.8754 -17.9935 -3.57178 -25.845 
-17.8731 -3.73354 -26.8235 -17.6721 -3.81986 -27.7976 -17.3213 -3.78849 -28.7296 
-16.864 -3.63081 -29.6019 -16.4426 -3.29582 -30.4394 -16.1215 -2.76579 -31.2175 
-15.8718 -2.35936 -32.0756 -15.639 -2.397 -33.0285 -15.421 -2.60006 -33.9831 
-15.2074 -2.78476 -34.9423 -15.0099 -2.95409 -35.9078 -14.849 -3.13993 -36.8767 
-14.7448 -3.38233 -37.8407 -14.6861 -3.68409 -38.7915 -14.6711 -4.04357 -39.7243 
-14.7006 -4.43371 -40.6443 -14.7705 -4.8223 -41.563 -14.8618 -5.18572 -42.4898 
-14.9499 -5.47989 -43.441 -15.0128 -5.73281 -44.4062 -15.0032 -6.02879 -45.3605 
-23.6025 18.0414 33.8368 -23.8741 17.965 33.0882 -24.2243 17.8566 32.1579 
-24.5998 17.7413 31.2383 -25.0087 17.6398 30.3316 -25.4213 17.5656 29.4238 
-25.8317 17.5204 28.513 -26.2402 17.4893 27.6008 -26.6441 17.4666 26.6863 
-27.0436 17.4376 25.77 -27.4371 17.3968 24.8516 -27.8166 17.3506 23.9277 
-28.1436 17.3163 22.9836 -28.4098 17.2908 22.0207 -28.5839 17.274 21.037 
-28.7341 17.2437 20.0541 -29.2222 17.1275 19.2196 -29.8683 16.9873 18.4696 
-30.4801 16.8772 17.6866 -31.0472 16.798 16.8676 -31.5488 16.7538 16.0044 
-31.9713 16.7375 15.0994 -32.2791 16.7348 14.1496 -32.4507 16.7083 13.1676 
-32.428 16.6149 12.1771 -32.2007 16.4339 11.2256 -31.7486 16.1365 10.3906 
-31.1916 15.7492 9.65825 -30.6084 15.3256 8.9652 -30.0347 14.8912 8.27081 
-29.4893 14.4578 7.55369 -28.986 14.0388 6.79871 -28.5442 13.6469 5.99259 
-28.165 13.2864 5.14121 -27.8482 12.9731 4.24623 -27.5574 12.6876 3.33314 
-27.2884 12.4256 2.40638 -27.0312 12.1812 1.47154 -26.7832 11.945 0.532003 
-26.5281 11.6925 -0.401298 -26.2455 11.4115 -1.31815 -25.9316 11.1063 -2.21712 
-25.6164 10.7907 -3.11211 -25.3169 10.4762 -4.01282 -25.0436 10.1668 -4.92357 
-24.7795 9.85397 -5.83588 -24.4847 9.51471 -6.72851 -24.1348 9.11556 -7.5744 
-23.8908 8.82447 -8.03813 -23.6263 8.50232 -8.46881 -23.1478 7.87071 -9.073 
-22.6635 7.16033 -9.58296 -22.2583 6.36434 -10.028 -21.9342 5.52126 -10.4562 
-21.6047 4.69672 -10.9156 -21.2333 3.89555 -11.3844 -20.8331 3.10471 -11.8469 
-20.3286 2.21644 -12.474 -19.9095 1.50862 -13.0425 -19.4949 0.922891 -13.7316 
-19.1238 0.469455 -14.5382 -18.8396 0.105627 -15.4238 -18.6255 -0.215245 -16.346 
-18.4752 -0.548622 -17.2765 -18.3552 -0.905171 -18.2029 -18.2515 -1.28325 -19.1229 
-18.1535 -1.67551 -20.0374 -18.0654 -2.06735 -20.9532 -18.0065 -2.45213 -21.8741 
-17.9816 -2.81913 -22.804 -17.9595 -3.16443 -23.7421 -17.9292 -3.47261 -24.6927 
-17.8675 -3.7276 -25.6571 -17.7558 -3.91819 -26.6317 -17.581 -4.04595 -27.6068 
-17.2888 -4.07432 -28.5599 -16.8918 -4.00047 -29.4729 -16.562 -3.7334 -30.3671 
-16.4294 -3.22851 -31.2097 -16.3365 -2.57125 -31.9572 -16.1988 -2.31503 -32.8439 
-16.0285 -2.50558 -33.8096 -15.8417 -2.7077 -34.7706 -15.6321 -2.87527 -35.734 
-15.4308 -3.04692 -36.6982 -15.2722 -3.26726 -37.6601 -15.1683 -3.55287 -38.6119 
-15.1261 -3.90534 -39.5461 -15.1404 -4.30126 -40.4638 -15.2186 -4.70276 -41.376 
-15.3322 -5.07537 -42.2966 -15.4521 -5.35627 -43.2479 -15.5627 -5.56003 -44.2201 
-15.6286 -5.73722 -45.2017 -23.7201 16.8919 33.7584 -24.0601 16.8196 32.8209 
-24.4024 16.728 31.8858 -24.7711 16.6329 30.9613 -25.1675 16.561 30.0461 
-25.5697 16.5195 29.1316 -25.9786 16.5015 28.2192 -26.3885 16.4921 27.3071 
-26.7918 16.4838 26.3921 -27.1884 16.4656 25.4743 -27.5763 16.4353 24.5532 
-27.9396 16.4104 23.6221 -28.2457 16.4022 22.6706 -28.475 16.4035 21.6979 
-28.587 16.4139 20.7075 -28.8722 16.3599 19.7954 -29.5667 16.2233 19.0893 
-30.2316 16.1138 18.3508 -30.8602 16.0404 17.5772 -31.4346 16.0061 16.76 
-31.9427 16.004 15.8996 -32.3582 16.028 14.9919 -32.6275 16.0551 14.0316 
-32.7439 16.056 13.0414 -32.6522 15.9816 12.0524 -32.3667 15.8205 11.1129 
-31.8938 15.5617 10.2744 -31.3254 15.2192 9.52883 -30.7279 14.8345 8.82527 
-30.1444 14.4356 8.11807 -29.5911 14.0375 7.38671 -29.0814 13.6486 6.61971 
-28.6459 13.2892 5.79537 -28.2776 12.9616 4.92601 -27.9608 12.6684 4.02422 
-27.6707 12.4032 3.10489 -27.4023 12.1601 2.17281 -27.1448 11.9292 1.23453 
-26.8969 11.7069 0.291603 -26.6417 11.4684 -0.645247 -26.3594 11.2002 -1.56608 
-26.0486 10.9092 -2.47082 -25.7363 10.6132 -3.3735 -25.4408 10.3207 -4.28292 
-25.1747 10.0354 -5.20357 -24.9243 9.74907 -6.1284 -24.6453 9.43733 -7.0361 
-24.3803 9.1477 -7.7321 -24.1525 8.89067 -8.2232 -23.7221 8.37039 -8.958 
-23.2505 7.77525 -9.60736 -22.7665 7.11997 -10.1868 -22.2962 6.4514 -10.7624 
-21.868 5.7684 -11.3539 -21.4465 5.09342 -11.9594 -20.9937 4.44224 -12.5679 
-20.5122 3.80959 -13.1743 -20.0263 3.18226 -13.7826 -19.5542 2.5523 -14.3983 
-19.0941 1.94781 -15.0484 -18.6669 1.36456 -15.7358 -18.2988 0.870874 -16.522 
-18.0131 0.402214 -17.3573 -17.8068 -0.0595246 -18.2195 -17.6557 -0.522995 -19.0923 
-17.5439 -0.984191 -19.9725 -17.4654 -1.43397 -20.8619 -17.434 -1.85756 -21.7669 
-17.4277 -2.2501 -22.6864 -17.434 -2.61244 -23.6183 -17.4125 -2.94778 -24.5599 
-17.33 -3.23216 -25.5143 -17.1963 -3.45406 -26.4794 -16.9739 -3.59736 -27.4421 
-16.6344 -3.66094 -28.378 -16.1632 -3.63946 -29.2586 -15.6952 -3.51579 -30.1312 
-15.3117 -3.21527 -31.0008 -14.9692 -2.81288 -31.8492 -14.687 -2.53033 -32.7566 
-14.465 -2.4961 -33.7258 -14.2956 -2.5925 -34.7062 -14.1742 -2.72328 -35.6898 
-14.0977 -2.8959 -36.6715 -14.0541 -3.11274 -37.6464 -14.0405 -3.39377 -38.6056 
-14.0433 -3.72396 -39.5493 -14.0606 -4.09251 -40.4787 -14.0854 -4.46894 -41.4049 
-14.1044 -4.85099 -42.3288 -14.1083 -5.26584 -43.2381 -14.0711 -5.78217 -44.092 
-13.9954 -6.41694 -44.8572 -13.9 -7.15169 -45.528 -24.5871 13.9214 32.1488 
-24.9089 13.9113 31.2021 -25.248 13.9375 30.2619 -25.6261 13.9902 29.3379 
-26.0334 14.0401 28.4261 -26.454 14.0788 27.5196 -26.8679 14.1046 26.6097 
-27.2664 14.1118 25.6926 -27.652 14.1105 24.77 -28.0115 14.121 23.8371 
-28.3295 14.1549 22.89 -28.5768 14.2123 21.9234 -28.7276 14.278 20.942 
-29.3191 14.1998 20.2232 -30.0672 14.1116 19.5662 -30.7875 14.0739 18.8741 
-31.4712 14.0795 18.1451 -32.0863 14.1342 17.3599 -32.6149 14.2204 16.5167 
-33.0032 14.3304 15.6042 -33.2401 14.4351 14.6411 -33.2792 14.4928 13.6485 
-33.1484 14.4838 12.6602 -32.8365 14.3842 11.7185 -32.3784 14.1851 10.8558 
-31.8193 13.8946 10.0808 -31.2267 13.5609 9.34787 -30.6369 13.2214 8.61528 
-30.0708 12.882 7.86425 -29.562 12.5623 7.06577 -29.1231 12.2689 6.2177 
-28.7597 12.0095 5.32355 -28.4465 11.7778 4.40274 -28.1538 11.5617 3.47132 
-27.8661 11.3539 2.53641 -27.5856 11.1556 1.59727 -27.3158 10.9633 0.653778 
-27.0525 10.7672 -0.290776 -26.7797 10.5554 -1.22912 -26.4767 10.3122 -2.15044 
-26.1595 10.0535 -3.06277 -25.8493 9.79811 -3.97848 -25.5561 9.55268 -4.90246 
-25.2743 9.30566 -5.82958 -24.9805 9.03785 -6.74694 -24.7126 8.79082 -7.45832 
-24.3919 8.48318 -8.12278 -23.9354 7.9928 -8.86157 -23.4381 7.41706 -9.50901 
-22.9293 6.78255 -10.0899 -22.4368 6.12629 -10.6614 -21.9901 5.45202 -11.2489 
-21.5634 4.77405 -11.8474 -21.1095 4.12049 -12.4525 -20.6232 3.49525 -13.0628 
-20.1301 2.89326 -13.6907 -19.6522 2.28884 -14.3274 -19.1927 1.7304 -15.0178 
-18.7728 1.18962 -15.745 -18.4235 0.736412 -16.5632 -18.154 0.308426 -17.4254 
-17.9472 -0.120829 -18.3044 -17.7877 -0.557022 -19.1897 -17.6739 -0.996427 -20.0806 
-17.5983 -1.42804 -20.9792 -17.5772 -1.83653 -21.8915 -17.5788 -2.21801 -22.8157 
-17.5999 -2.5705 -23.7512 -17.5886 -2.89377 -24.6968 -17.5145 -3.16714 -25.6553 
-17.3827 -3.37236 -26.624 -17.1478 -3.48887 -27.5861 -16.7787 -3.51643 -28.5122 
-16.2765 -3.45398 -29.3729 -15.7603 -3.29002 -30.2114 -15.3195 -2.95285 -31.0405 
-14.9359 -2.5508 -31.8713 -14.6407 -2.29397 -32.7793 -14.4135 -2.28735 -33.749 
-14.2423 -2.39035 -34.7284 -14.1248 -2.52154 -35.7123 -14.0526 -2.69275 -36.6947 
-14.0142 -2.91084 -37.6694 -14.0037 -3.18535 -38.6307 -14.0083 -3.50826 -39.5769 
-14.0243 -3.87027 -40.5088 -14.0448 -4.24736 -41.4347 -14.0574 -4.63053 -42.3583 
-14.0576 -5.04088 -43.27 -14.0215 -5.5498 -44.1277 -13.9494 -6.16937 -44.907 
-13.8806 -6.73244 -45.4706 -23.9984 15.5107 33.4194 -24.1969 15.4793 32.854 
-24.5262 15.4101 31.9125 -24.8755 15.3438 30.9779 -25.251 15.3142 30.0517 
-25.6453 15.3108 29.1328 -26.0581 15.3203 28.2221 -26.4737 15.333 27.3127 
-26.8798 15.3389 26.3989 -27.2762 15.3323 25.4809 -27.6627 15.3156 24.5587 
-28.0238 15.3102 23.6264 -28.3315 15.3252 22.6755 -28.57 15.3538 21.7052 
-28.8184 15.3567 20.7443 -29.3848 15.2653 19.9618 -30.083 15.1646 19.2534 
-30.7694 15.0932 18.5298 -31.4164 15.0678 17.7683 -32.011 15.0821 16.9658 
-32.5106 15.1357 16.1028 -32.8913 15.2057 15.1832 -33.0902 15.2738 14.2079 
-33.1309 15.3041 13.2125 -32.9363 15.2342 12.2393 -32.5836 15.0798 11.319 
-32.0739 14.8175 10.5034 -31.4915 14.4769 9.76669 -30.8931 14.1103 9.05433 
-30.3066 13.7361 8.33612 -29.7585 13.3705 7.58425 -29.2661 13.0245 6.78662 
-28.8493 12.7093 5.93493 -28.4968 12.4265 5.04352 -28.1915 12.1735 4.12557 
-27.9015 11.9408 3.19735 -27.6246 11.7215 2.26182 -27.3583 11.5103 1.32136 
-27.1021 11.3031 0.377222 -26.8408 11.0847 -0.562923 -26.5541 10.8377 -1.48841 
-26.2433 10.5676 -2.39954 -25.9294 10.2918 -3.3081 -25.6334 10.0234 -4.22469 
-25.3595 9.76087 -5.1499 -25.0923 9.49201 -6.07519 -24.7889 9.18771 -6.97757 
-24.5004 8.89793 -7.66409 -24.2583 8.64272 -8.14937 -23.8959 8.22425 -8.72474 
-23.4024 7.62571 -9.35433 -22.9025 6.97321 -9.9221 -22.4249 6.28205 -10.4641 
-22.0018 5.5717 -11.0255 -21.5933 4.8642 -11.6021 -21.159 4.17239 -12.1788 
-20.6905 3.51009 -12.7632 -20.2154 2.86115 -13.3575 -19.7527 2.22362 -13.9732 
-19.3078 1.63882 -14.6493 -18.8989 1.10871 -15.3915 -18.5513 0.648937 -16.2059 
-18.3 0.246333 -17.0857 -18.0969 -0.161083 -17.9758 -17.9338 -0.579239 -18.8694 
-17.8053 -1.00303 -19.7659 -17.7122 -1.42676 -20.6666 -17.6642 -1.83714 -21.577 
-17.6518 -2.21976 -22.5006 -17.6638 -2.57956 -23.4335 -17.6546 -2.91053 -24.3769 
-17.6002 -3.20436 -25.3307 -17.4907 -3.42724 -26.2986 -17.3135 -3.5825 -27.2689 
-17.0049 -3.63918 -28.2165 -16.5669 -3.61436 -29.1117 -16.0805 -3.46753 -29.9709 
-15.6648 -3.15601 -30.8185 -15.3255 -2.69421 -31.6371 -15.0096 -2.33353 -32.5041 
-14.7262 -2.3968 -33.4562 -14.5147 -2.53211 -34.4239 -14.3617 -2.67255 -35.4018 
-14.2535 -2.835 -36.3823 -14.1903 -3.04422 -37.3578 -14.1562 -3.30355 -38.3226 
-14.1486 -3.62453 -39.2694 -14.1579 -3.98437 -40.2021 -14.1835 -4.36432 -41.1268 
-14.2113 -4.74399 -42.0515 -14.2293 -5.13981 -42.9696 -14.2214 -5.58532 -43.8639 
-14.1661 -6.14546 -44.6881 -14.0828 -6.8186 -45.4197 -24.6446 12.2992 32.7124 
-24.9557 12.2906 31.7622 -25.2664 12.3249 30.8125 -25.6053 12.4031 29.8752 
-25.9797 12.496 28.9528 -26.3892 12.5794 28.0444 -26.8111 12.6434 27.1401 
-27.2251 12.6793 26.2306 -27.6237 12.7015 25.3137 -27.9958 12.7318 24.3861 
-28.3378 12.7895 23.4484 -28.6315 12.8777 22.497 -28.8902 12.9658 21.5359 
-29.145 13.0107 20.7289 -29.9265 12.9305 20.111 -30.6828 12.9048 19.4577 
-31.4015 12.9332 18.7639 -32.0519 13.02 18.0115 -32.6229 13.1416 17.2006 
-33.0555 13.2886 16.3136 -33.3595 13.4373 15.3746 -33.4578 13.5402 14.389 
-33.3763 13.5785 13.3967 -33.0884 13.5114 12.4453 -32.6614 13.3469 11.5592 
-32.1348 13.0886 10.7518 -31.5595 12.774 9.99704 -30.9837 12.4489 9.24691 
-30.4285 12.1277 8.47995 -29.9272 11.8281 7.66883 -29.4884 11.5627 6.81122 
-29.1231 11.3339 5.90972 -28.8064 11.1327 4.98295 -28.5116 10.9465 4.04569 
-28.2188 10.7599 3.10792 -27.9231 10.5743 2.17084 -27.633 10.3966 1.2305 
-27.3547 10.2219 0.286038 -27.078 10.0377 -0.657053 -26.7837 9.82909 -1.58963 
-26.467 9.60031 -2.51005 -26.1423 9.36371 -3.42575 -25.8269 9.13562 -4.34686 
-25.5101 8.90894 -5.26785 -25.1706 8.65981 -6.17439 -24.7614 8.34716 -7.03066 
-24.2853 7.96127 -7.81726 -23.7404 7.44216 -8.4736 -23.1683 6.83443 -9.01916 
-22.6505 6.11592 -9.4796 -22.2383 5.31285 -9.90598 -21.8797 4.47896 -10.3251 
-21.502 3.66558 -10.7674 -21.1099 2.86533 -11.2208 -20.7 2.1012 -11.7165 
-20.2656 1.42797 -12.3136 -19.8358 0.835446 -12.9915 -19.4357 0.393013 -13.7904 
-19.112 0.0509682 -14.6706 -18.886 -0.235464 -15.6013 -18.7174 -0.516571 -16.5457 
-18.5986 -0.822367 -17.4901 -18.5033 -1.15777 -18.4272 -18.4161 -1.52119 -19.3547 
-18.3312 -1.8986 -20.2768 -18.2718 -2.27838 -21.1998 -18.2454 -2.64924 -22.128 
-18.2381 -2.99643 -23.0657 -18.2356 -3.31942 -24.0121 -18.2195 -3.59923 -24.9715 
-18.1614 -3.81994 -25.9445 -18.0451 -3.97023 -26.9254 -17.8512 -4.04352 -27.9018 
-17.5414 -4.00409 -28.8489 -17.1656 -3.82436 -29.7546 -16.9572 -3.38351 -30.6132 
-16.8633 -2.7277 -31.3523 -16.784 -2.13999 -32.1344 -16.6895 -1.96993 -33.0948 
-16.5845 -2.0913 -34.0808 -16.444 -2.26602 -35.055 -16.2521 -2.43936 -36.0208 
-16.0361 -2.61946 -36.9805 -15.8405 -2.84233 -37.9349 -15.691 -3.11518 -38.8848 
-15.6304 -3.46081 -39.8202 -15.6374 -3.85786 -40.7373 -15.6904 -4.28657 -41.6389 
-15.7829 -4.67334 -42.5557 -15.8933 -4.98728 -43.4982 -16.0179 -5.1793 -44.4686 
-16.1333 -5.25373 -45.4587 -24.2007 15.5344 32.8175 -24.5303 15.4654 31.876 
-24.8849 15.4009 30.9433 -25.2606 15.3664 30.0173 -25.6564 15.3627 29.0991 
-26.0686 15.3701 28.1881 -26.483 15.3819 27.2781 -26.8897 15.3883 26.3646 
-27.2857 15.3806 25.4464 -27.6716 15.3646 24.524 -28.0297 15.3597 23.5905 
-28.3382 15.3734 22.6398 -28.5763 15.3996 21.6695 -28.7816 15.4117 20.6944 
-29.3873 15.3093 19.9365 -30.0859 15.2041 19.2291 -30.7672 15.1367 18.5005 
-31.4147 15.1077 17.7395 -32.0014 15.125 16.9314 -32.5043 15.1762 16.0701 
-32.8768 15.2445 15.1471 -33.0929 15.3121 14.1761 -33.1152 15.3356 13.1808 
-32.9427 15.2758 12.2027 -32.566 15.1063 11.2951 -32.0534 14.8406 10.4828 
-31.4686 14.4972 9.7485 -30.8694 14.1301 9.03708 -30.2868 13.7536 8.31692 
-29.7377 13.3853 7.56719 -29.2487 13.0383 6.76799 -28.8362 12.724 5.91381 
-28.4887 12.443 5.01972 -28.1819 12.1884 4.10278 -27.8928 11.9557 3.17426 
-27.6156 11.7356 2.23902 -27.3518 11.5251 1.29772 -27.0963 11.3183 0.353279 
-26.8348 11.0985 -0.586482 -26.5495 10.8526 -1.51261 -26.2364 10.5795 -2.42213 
-25.9226 10.3035 -3.33064 -25.6278 10.035 -4.24757 -25.3549 9.77256 -5.17311 
-25.0879 9.5015 -6.09782 -24.791 9.20147 -7.00384 -24.5007 8.90906 -7.68896 
-24.0764 8.44445 -8.4625 -23.5989 7.87055 -9.12482 -23.0969 7.24341 -9.7193 
-22.6033 6.56818 -10.2668 -22.1481 5.87495 -10.825 -21.7375 5.16292 -11.3942 
-21.3217 4.46148 -11.973 -20.8743 3.7797 -12.5513 -20.3972 3.13208 -13.1453 
-19.9277 2.48659 -13.7477 -19.4738 1.87087 -14.3901 -19.0477 1.32009 -15.1069 
-18.6756 0.835529 -15.8964 -18.3822 0.417453 -16.7545 -18.1623 0.0102211 -17.6407 
-17.9798 -0.404705 -18.5319 -17.8398 -0.82871 -19.4266 -17.7319 -1.25456 -20.3247 
-17.6719 -1.67221 -21.2312 -17.6448 -2.06588 -22.1498 -17.6503 -2.43328 -23.0798 
-17.6572 -2.77783 -24.0184 -17.6166 -3.08566 -24.9685 -17.5317 -3.34267 -25.9307 
-17.3779 -3.52012 -26.9015 -17.1292 -3.62012 -27.8629 -16.7379 -3.62492 -28.7798 
-16.2519 -3.53094 -29.6468 -15.8016 -3.28563 -30.4999 -15.4338 -2.86762 -31.3278 
-15.1096 -2.44787 -32.1723 -14.8059 -2.37035 -33.0996 -14.5756 -2.49185 -34.0646 
-14.402 -2.62612 -35.0399 -14.2801 -2.77829 -36.0204 -14.2006 -2.96641 -36.999 
-14.1595 -3.21089 -37.9674 -14.1424 -3.50704 -38.9221 -14.1476 -3.85731 -39.8584 
-14.1688 -4.234 -40.7844 -14.1983 -4.61277 -41.7095 -14.2219 -4.99934 -42.6314 
-14.2237 -5.42619 -43.5348 -14.1884 -5.93454 -44.394 -14.1095 -6.57717 -45.1532 
-23.885 21.712 32.3012 -24.1169 21.4712 31.8029 -24.5048 21.093 30.9627 
-24.9161 20.7782 30.1082 -25.3412 20.5455 29.2339 -25.7584 20.3644 28.3435 
-26.1667 20.2192 27.4424 -26.5767 20.0986 26.5384 -26.9931 19.9968 25.6349 
-27.4072 19.8952 24.7304 -27.8047 19.8013 23.8177 -28.1619 19.7243 22.8873 
-28.4437 19.6613 21.9307 -28.6319 19.6023 20.9516 -28.6692 19.5514 19.9561 
-28.7061 19.4763 18.979 -29.2337 19.295 18.1521 -29.774 19.1147 17.3303 
-30.2691 18.9523 16.4771 -30.7217 18.8055 15.5979 -31.118 18.6853 14.6882 
-31.4555 18.5767 13.7536 -31.7063 18.4502 12.7952 -31.8303 18.2808 11.8207 
-31.712 18.0172 10.8722 -31.3617 17.6521 10.0161 -30.8565 17.1949 9.28618 
-30.3127 16.7013 8.60763 -29.7679 16.2146 7.92475 -29.2422 15.7263 7.2284 
-28.7524 15.2507 6.49804 -28.298 14.7871 5.73798 -27.911 14.3555 4.92391 
-27.5811 13.9648 4.06525 -27.3026 13.6218 3.16862 -27.0516 13.317 2.25011 
-26.8173 13.0451 1.31683 -26.5928 12.7793 0.379333 -26.3608 12.4946 -0.550644 
-26.1027 12.1843 -1.46535 -25.8043 11.8531 -2.36037 -25.4991 11.5145 -3.25042 
-25.2187 11.1829 -4.15108 -24.9701 10.8631 -5.06519 -24.7533 10.5547 -5.99141 
-24.5289 10.2381 -6.91291 -24.255 9.87557 -7.80288 -23.9205 9.44374 -8.63828 
-23.5145 8.91669 -9.38346 -23.0689 8.32595 -10.0548 -22.6047 7.71235 -10.6934 
-22.137 7.11639 -11.3461 -21.6611 6.53237 -12.0036 -21.1651 5.97556 -12.6696 
-20.6474 5.42932 -13.328 -20.122 4.88242 -13.9797 -19.6226 4.30847 -14.6286 
-19.139 3.73233 -15.2875 -18.6699 3.12896 -15.9319 -18.1865 2.47964 -16.5167 
-17.7256 1.75416 -17.0222 -17.3958 1.08401 -17.6744 -17.1811 0.490944 -18.4487 
-17.0369 -0.0784302 -19.2578 -16.9379 -0.627879 -20.0871 -16.8696 -1.14413 -20.9405 
-16.849 -1.61271 -21.8233 -16.8441 -2.04036 -22.727 -16.8362 -2.4257 -23.6496 
-16.7977 -2.77459 -24.5854 -16.6984 -3.07848 -25.5323 -16.5369 -3.32521 -26.4869 
-16.2703 -3.49865 -27.433 -15.8906 -3.60674 -28.35 -15.4133 -3.63281 -29.2275 
-14.9579 -3.57483 -30.1145 -14.5926 -3.331 -31.0055 -14.334 -2.88851 -31.8596 
-14.1851 -2.36184 -32.6953 -14.0628 -1.95955 -33.5932 -13.9331 -1.9091 -34.5781 
-13.8608 -2.00135 -35.5705 -13.8312 -2.15404 -36.5581 -13.8202 -2.34639 -37.5392 
-13.8274 -2.59869 -38.5064 -13.8456 -2.90249 -39.4587 -13.8691 -3.24187 -40.399 
-13.8915 -3.60535 -41.3303 -13.9033 -3.97912 -42.2577 -13.9067 -4.35717 -43.1835 
-13.8869 -4.7931 -44.0823 -13.8548 -5.30256 -44.9415 -13.8232 -5.7832 -45.5795 
-24.6052 13.3259 32.3033 -24.9228 13.326 31.3552 -25.2497 13.3612 30.4109 
-25.6134 13.4299 29.4821 -26.012 13.4976 28.5676 -26.4306 13.5517 27.6612 
-26.8482 13.5891 26.7533 -27.2502 13.6037 25.8379 -27.6374 13.6094 24.916 
-27.9984 13.6267 23.9837 -28.3214 13.6693 23.0387 -28.5779 13.7381 22.0752 
-28.7682 13.8094 21.0965 -29.3922 13.7358 20.3681 -30.1399 13.6621 19.7088 
-30.872 13.6344 19.0286 -31.5682 13.6516 18.3117 -32.1862 13.7252 17.5304 
-32.7204 13.8268 16.6926 -33.1191 13.9521 15.7876 -33.3575 14.074 14.827 
-33.3917 14.1464 13.834 -33.2418 14.143 12.8499 -32.8953 14.031 11.9227 
-32.4233 13.82 11.0693 -31.8625 13.5212 10.2981 -31.2747 13.186 9.56202 
-30.6929 12.8507 8.82103 -30.1401 12.5187 8.05715 -29.6492 12.2133 7.24196 
-29.2274 11.9401 6.37829 -28.8791 11.7028 5.472 -28.5707 11.4888 4.54525 
-28.2782 11.2864 3.61067 -27.9874 11.0883 2.67463 -27.7001 10.8989 1.73571 
-27.4249 10.715 0.792088 -27.1559 10.5265 -0.152395 -26.8776 10.3202 -1.09036 
-26.5729 10.0866 -2.01359 -26.253 9.83686 -2.92748 -25.9394 9.59178 -3.84485 
-25.6383 9.35571 -4.76874 -25.3397 9.11453 -5.69212 -25.0159 8.84114 -6.59739 
-24.7123 8.58154 -7.29006 -24.3649 8.266 -7.93579 -23.8636 7.73913 -8.6194 
-23.3288 7.13747 -9.21082 -22.8082 6.45419 -9.72108 -22.3431 5.71684 -10.2096 
-21.9414 4.94818 -10.7067 -21.5501 4.18196 -11.2162 -21.1279 3.43405 -11.7282 
-20.6919 2.70408 -12.2534 -20.2466 2.02941 -12.8413 -19.8139 1.40732 -13.4913 
-19.4038 0.911878 -14.2534 -19.0554 0.50457 -15.096 -18.7918 0.157445 -15.9952 
-18.5968 -0.169654 -16.9194 -18.4474 -0.515569 -17.8455 -18.3253 -0.882538 -18.7676 
-18.2207 -1.26666 -19.6849 -18.1327 -1.65528 -20.6021 -18.0783 -2.03075 -21.5271 
-18.0641 -2.3913 -22.4595 -18.0781 -2.73233 -23.3994 -18.0678 -3.04533 -24.3488 
-18.0252 -3.30973 -25.3118 -17.9419 -3.51154 -26.2872 -17.789 -3.63734 -27.2657 
-17.5116 -3.66604 -28.2229 -17.0691 -3.57625 -29.1089 -16.5382 -3.36505 -29.9278 
-16.0593 -2.98983 -30.715 -15.6832 -2.48691 -31.4907 -15.3826 -2.24471 -32.3874 
-15.0617 -2.42396 -33.5205 -14.8362 -2.61124 -34.4762 -14.6592 -2.77294 -35.4469 
-14.5279 -2.94802 -36.4223 -14.444 -3.16886 -37.3936 -14.3955 -3.4456 -38.3528 
-14.3808 -3.78181 -39.294 -14.3962 -4.1604 -40.2193 -14.4369 -4.54525 -41.1413 
-14.4892 -4.92488 -42.0649 -14.5384 -5.29251 -42.9936 -14.568 -5.66228 -43.9221 
-14.5501 -6.09583 -44.8219 -14.4946 -6.62658 -45.6656 -24.6703 13.0968 32.1826 
-24.9222 13.0964 31.4234 -25.247 13.1387 30.4787 -25.6025 13.2106 29.5471 
-25.9985 13.2877 28.6322 -26.4159 13.3499 27.7257 -26.8339 13.3919 26.8183 
-27.2386 13.4108 25.9041 -27.6256 13.4178 24.9821 -27.9904 13.4348 24.0513 
-28.3122 13.4825 23.1061 -28.5686 13.5568 22.1434 -28.7823 13.6263 21.1846 
-29.4027 13.5598 20.4453 -30.1557 13.4893 19.7914 -30.8924 13.4633 19.1164 
-31.5898 13.4895 18.4009 -32.2218 13.5632 17.631 -32.7581 13.6702 16.7958 
-33.1637 13.8024 15.8941 -33.4022 13.9292 14.9343 -33.4463 14.0115 13.9431 
-33.2813 14.0064 12.9616 -32.953 13.9116 12.0247 -32.4892 13.7128 11.1642 
-31.9394 13.4294 10.3802 -31.3511 13.097 9.64305 -30.7695 12.7662 8.89993 
-30.2191 12.439 8.13225 -29.7211 12.1348 7.32086 -29.2965 11.8657 6.45729 
-28.9398 11.6287 5.55441 -28.629 11.4177 4.62774 -28.3342 11.2178 3.69334 
-28.0435 11.0217 2.75684 -27.7521 10.8312 1.8194 -27.4718 10.6483 0.877089 
-27.201 10.4652 -0.067957 -26.9262 10.2675 -1.00883 -26.6304 10.0461 -1.93788 
-26.3123 9.80271 -2.85414 -25.9942 9.55825 -3.7701 -25.689 9.32402 -4.69312 
-25.3897 9.09039 -5.61823 -25.0771 8.83479 -6.53275 -24.7204 8.533 -7.4157 
-24.3755 8.22345 -8.06695 -23.9972 7.84945 -8.66281 -23.4836 7.27632 -9.29943 
-22.9545 6.64902 -9.86983 -22.4591 5.96166 -10.4005 -22.0196 5.2511 -10.9491 
-21.6112 4.53069 -11.5092 -21.1775 3.83045 -12.0761 -20.7159 3.15398 -12.6493 
-20.242 2.51217 -13.252 -19.7832 1.88875 -13.8848 -19.3474 1.34264 -14.5965 
-18.9579 0.870932 -15.3864 -18.639 0.459309 -16.2383 -18.406 0.0884144 -17.137 
-18.2192 -0.294468 -18.0415 -18.0713 -0.693359 -18.9464 -17.9412 -1.0954 -19.8527 
-17.8518 -1.50085 -20.7622 -17.8039 -1.89534 -21.6796 -17.7941 -2.2645 -22.6087 
-17.8121 -2.61458 -23.5452 -17.8068 -2.93742 -24.4913 -17.7552 -3.21975 -25.4487 
-17.6534 -3.43181 -26.4197 -17.4788 -3.56963 -27.3931 -17.1599 -3.60159 -28.3372 
-16.707 -3.54303 -29.2235 -16.1941 -3.36171 -30.0613 -15.7516 -3.0226 -30.885 
-15.4019 -2.55174 -31.6939 -15.0239 -2.33475 -32.7689 -14.7558 -2.47036 -33.7211 
-14.5544 -2.62123 -34.6887 -14.4043 -2.76951 -35.6658 -14.302 -2.94446 -36.6448 
-14.2395 -3.16659 -37.6173 -14.2104 -3.44889 -38.5758 -14.2041 -3.7821 -39.5183 
-14.2209 -4.15571 -40.4457 -14.2521 -4.53627 -41.3699 -14.285 -4.91724 -42.2939 
-14.3072 -5.3129 -43.2119 -14.2919 -5.77478 -44.0974 -14.2356 -6.3326 -44.9235 
-14.1712 -6.86775 -45.5136 -25.294 23.2657 28.8764 -25.6592 22.972 27.993 
-26.034 22.6988 27.1072 -26.4342 22.4485 26.2257 -26.8624 22.2358 25.3477 
-27.2976 22.0509 24.4666 -27.7198 21.9026 23.5724 -28.1117 21.7867 22.6602 
-28.434 21.6962 21.7188 -28.6515 21.6215 20.747 -28.7233 21.5542 19.7545 
-28.6096 21.4888 18.7668 -28.6138 21.3612 17.8405 -29.0901 21.1501 16.9902 
-29.5633 20.9384 16.1354 -29.9915 20.7303 15.2563 -30.3685 20.5253 14.3532 
-30.7081 20.3154 13.4367 -30.971 20.0809 12.5015 -31.1376 19.7922 11.5604 
-31.1203 19.4149 10.6421 -30.8542 18.9284 9.81962 -30.4394 18.3587 9.11209 
-29.9573 17.7813 8.45357 -29.4465 17.2227 7.80021 -28.9426 16.6772 7.13066 
-28.4649 16.1445 6.43241 -28.0299 15.6265 5.69644 -27.6461 15.1374 4.91392 
-27.3137 14.6854 4.08678 -27.0297 14.2862 3.21569 -26.7803 13.9382 2.31237 
-26.5556 13.6271 1.38898 -26.337 13.3243 0.461369 -26.1099 13.0094 -0.460093 
-25.8523 12.6697 -1.36442 -25.5585 12.3061 -2.24827 -25.2591 11.9381 -3.12852 
-24.9854 11.5824 -4.022 -24.744 11.2389 -4.92947 -24.5329 10.9053 -5.84819 
-24.3153 10.563 -6.76212 -24.0452 10.1691 -7.63961 -23.636 9.60191 -8.61216 
-23.2299 9.03662 -9.32698 -22.7878 8.3913 -9.94944 -22.3341 7.73172 -10.5486 
-21.8958 7.06656 -11.153 -21.4629 6.41765 -11.7785 -21.02 5.7874 -12.4159 
-20.5465 5.16949 -13.0434 -20.0635 4.5407 -13.6526 -19.5946 3.8849 -14.2439 
-19.1333 3.2155 -14.8246 -18.6833 2.49766 -15.3547 -18.2349 1.79752 -15.9091 
-17.8763 1.15257 -16.578 -17.6394 0.587545 -17.3664 -17.4704 0.0576518 -18.1968 
-17.3494 -0.461256 -19.0429 -17.2522 -0.968114 -19.8993 -17.1846 -1.44725 -20.7741 
-17.151 -1.89557 -21.6672 -17.1415 -2.30278 -22.5802 -17.1339 -2.67876 -23.5066 
-17.0788 -3.01452 -24.4466 -16.975 -3.30212 -25.3981 -16.8151 -3.52673 -26.3586 
-16.5712 -3.68969 -27.3134 -16.2108 -3.78287 -28.2391 -15.7575 -3.79929 -29.1291 
-15.3313 -3.70316 -30.0265 -14.9641 -3.47827 -30.9259 -14.6741 -3.08784 -31.7975 
-14.4627 -2.69197 -32.6873 -14.2883 -2.52537 -33.6511 -14.1402 -2.56143 -34.6377 
-14.0349 -2.67636 -35.6251 -13.9691 -2.83833 -36.6093 -13.9409 -3.05357 -37.5851 
-13.9366 -3.32393 -38.5476 -13.9463 -3.65099 -39.4922 -13.9647 -4.01505 -40.4233 
-13.9868 -4.38963 -41.3503 -14.0013 -4.76994 -42.2749 -13.9966 -5.19334 -43.18 
-13.9566 -5.71325 -44.0314 -13.881 -6.34408 -44.8014 -13.7889 -7.05692 -45.4956 
-23.7824 20.9881 32.7192 -24.1607 20.6792 31.8468 -24.5513 20.375 30.9782 
-24.9704 20.1223 30.1068 -25.3998 19.9412 29.2223 -25.8205 19.7994 28.3264 
-26.2296 19.6857 27.421 -26.6372 19.5925 26.5127 -27.0476 19.5096 25.6046 
-27.4548 19.4216 24.6955 -27.8438 19.338 23.7782 -28.1893 19.2687 22.8427 
-28.4584 19.2119 21.8821 -28.6382 19.1599 20.9009 -28.6929 19.1127 19.9049 
-28.6144 19.0659 18.9556 -29.0073 18.9267 18.2027 -29.6133 18.7485 17.4287 
-30.1519 18.5852 16.6026 -30.6371 18.4389 15.7411 -31.0532 18.3264 14.8393 
-31.4044 18.2305 13.9085 -31.6604 18.1232 12.9491 -31.7896 17.975 11.9709 
-31.7004 17.732 11.0126 -31.3846 17.3864 10.1361 -30.8917 16.9504 9.3862 
-30.347 16.4728 8.69726 -29.7964 15.9924 8.0146 -29.2617 15.5107 7.32053 
-28.7607 15.0362 6.59705 -28.3001 14.577 5.83813 -27.9082 14.1508 5.02339 
-27.5704 13.7649 4.16577 -27.2832 13.427 3.26983 -27.0207 13.1232 2.35413 
-26.7747 12.8493 1.42444 -26.5394 12.5858 0.488926 -26.2971 12.3049 -0.439581 
-26.032 12.001 -1.35453 -25.7271 11.6708 -2.24768 -25.4158 11.3286 -3.13421 
-25.1258 10.989 -4.02884 -24.8634 10.6581 -4.93521 -24.6215 10.3314 -5.84884 
-24.3687 9.98916 -6.7536 -24.0708 9.59631 -7.62228 -23.7122 9.12844 -8.42801 
-23.3778 8.68564 -9.00353 -22.9239 8.04793 -9.62398 -22.4642 7.3574 -10.1818 
-22.0292 6.6373 -10.7217 -21.646 5.89339 -11.2687 -21.2665 5.16428 -11.8382 
-20.8676 4.43906 -12.3988 -20.4165 3.74588 -12.9607 -19.9667 3.04239 -13.5108 
-19.5278 2.34918 -14.0816 -19.1033 1.69632 -14.7082 -18.7214 1.11076 -15.4182 
-18.3941 0.642056 -16.2365 -18.1584 0.213119 -17.1082 -17.9643 -0.218788 -17.989 
-17.8171 -0.659411 -18.8743 -17.6972 -1.10195 -19.7628 -17.6094 -1.54029 -20.6572 
-17.5565 -1.96202 -21.5623 -17.5359 -2.35543 -22.4812 -17.536 -2.72325 -23.4109 
-17.5054 -3.0571 -24.3528 -17.4384 -3.35182 -25.3055 -17.3186 -3.57847 -26.2715 
-17.1329 -3.74182 -27.239 -16.8351 -3.82087 -28.1884 -16.4142 -3.8173 -29.0933 
-15.9704 -3.69857 -29.9795 -15.6194 -3.41002 -30.8639 -15.3415 -2.94932 -31.7058 
-15.0515 -2.60859 -32.5864 -14.7783 -2.63276 -33.5421 -14.5723 -2.75789 -34.5123 
-14.4195 -2.89613 -35.4906 -14.3097 -3.0611 -36.4705 -14.2438 -3.27851 -37.4438 
-14.2097 -3.55116 -38.4049 -14.2036 -3.88572 -39.347 -14.2178 -4.2548 -40.2762 
-14.2544 -4.63265 -41.2013 -14.2954 -5.01061 -42.1263 -14.3254 -5.40049 -43.0465 
-14.3256 -5.83904 -43.9444 -14.2798 -6.38411 -44.7786 -14.2037 -7.04768 -45.5204 
-24.9269 23.3496 29.7682 -25.3099 23.0367 28.8993 -25.6766 22.7509 28.014 
-26.0538 22.4875 27.1263 -26.4553 22.248 26.2425 -26.8841 22.046 25.362 
-27.3185 21.8721 24.4783 -27.7395 21.7295 23.5827 -28.1288 21.6172 22.6688 
-28.4466 21.5292 21.7258 -28.6575 21.4553 20.7524 -28.7222 21.3879 19.7595 
-28.5998 21.3236 18.773 -28.6134 21.1976 17.8652 -29.1115 20.9879 17.0251 
-29.5895 20.7782 16.1725 -30.0212 20.5729 15.2945 -30.4016 20.3724 14.3918 
-30.7388 20.1679 13.4732 -30.9928 19.9395 12.5342 -31.1515 19.6544 11.5904 
-31.1267 19.2806 10.6711 -30.858 18.7989 9.84556 -30.4431 18.2357 9.13378 
-29.9613 17.6587 8.47472 -29.4488 17.1042 7.81912 -28.9431 16.5607 7.14923 
-28.4677 16.0317 6.44658 -28.0321 15.5183 5.7078 -27.6486 15.035 4.92163 
-27.3169 14.5901 4.09033 -27.0326 14.1977 3.21622 -26.7832 13.8566 2.31017 
-26.5549 13.5475 1.38706 -26.3335 13.2472 0.45924 -26.1028 12.9337 -0.461791 
-25.8428 12.5966 -1.36636 -25.5464 12.2346 -2.25004 -25.2465 11.8679 -3.13065 
-24.9715 11.512 -4.02366 -24.728 11.1678 -4.93026 -24.5133 10.8322 -5.84744 
-24.2889 10.4849 -6.75786 -24.012 10.0833 -7.62968 -23.6721 9.6123 -8.44217 
-23.2699 9.05052 -9.16151 -22.8298 8.40664 -9.78632 -22.3793 7.72542 -10.3632 
-21.9466 7.03302 -10.9401 -21.5377 6.34319 -11.5372 -21.1318 5.6679 -12.1529 
-20.6848 5.01219 -12.7611 -20.2196 4.3552 -13.3542 -19.756 3.67899 -13.9263 
-19.3014 2.99009 -14.4909 -18.868 2.27082 -15.0331 -18.4486 1.59119 -15.6294 
-18.0837 1.01713 -16.3592 -17.8177 0.485299 -17.1619 -17.6377 -0.0210929 -18.0047 
-17.5051 -0.519958 -18.861 -17.4016 -1.01226 -19.7251 -17.3223 -1.48766 -20.6011 
-17.277 -1.93583 -21.4937 -17.2554 -2.35326 -22.402 -17.2515 -2.73345 -23.3267 
-17.2206 -3.08443 -24.2622 -17.1409 -3.38563 -25.212 -17.0154 -3.63065 -26.1728 
-16.814 -3.8065 -27.1352 -16.5134 -3.91662 -28.0808 -16.0966 -3.94846 -28.9875 
-15.6621 -3.88667 -29.884 -15.3242 -3.65641 -30.7926 -15.0264 -3.30577 -31.6797 
-14.7472 -2.95544 -32.5702 -14.5296 -2.81052 -33.5281 -14.362 -2.86803 -34.5113 
-14.2292 -2.983 -35.4956 -14.1422 -3.1478 -36.4776 -14.0914 -3.3639 -37.4523 
-14.0713 -3.64351 -38.4117 -14.0704 -3.97495 -39.355 -14.0909 -4.34438 -40.284 
-14.1237 -4.71631 -41.2117 -14.1555 -5.09391 -42.137 -14.1716 -5.49944 -43.0507 
-14.145 -6.00326 -43.9114 -14.0779 -6.63525 -44.6792 -13.9839 -7.37889 -45.34 
-24.6764 12.642 32.4459 -24.989 12.6425 31.4962 -25.3087 12.6869 30.5499 
-25.66 12.7684 29.6174 -26.049 12.8547 28.7005 -26.4647 12.9277 27.7939 
-26.8846 12.9808 26.888 -27.2904 13.0041 25.9743 -27.6811 13.0184 25.054 
-28.0452 13.0466 24.1232 -28.3764 13.1033 23.1817 -28.6535 13.1865 22.2249 
-28.9066 13.2607 21.264 -29.5494 13.2015 20.5291 -30.3002 13.1472 19.8713 
-31.037 13.1434 19.196 -31.7374 13.1851 18.4841 -32.357 13.2803 17.7063 
-32.8929 13.3997 16.8726 -33.2743 13.5448 15.9613 -33.5168 13.6803 15.0042 
-33.5524 13.7689 14.0127 -33.3992 13.781 13.0289 -33.0708 13.6978 12.0909 
-32.624 13.529 11.2149 -32.0748 13.2592 10.4257 -31.49 12.9438 9.67861 
-30.9103 12.6254 8.92865 -30.3564 12.3118 8.15762 -29.8446 12.0125 7.35285 
-29.3961 11.7433 6.50163 -29.0305 11.5102 5.60107 -28.7112 11.3021 4.67672 
-28.4179 11.1115 3.73989 -28.1278 10.9225 2.80177 -27.8366 10.7369 1.86328 
-27.5547 10.5599 0.920316 -27.283 10.3829 -0.0256271 -27.0102 10.193 -0.968703 
-26.7175 9.97981 -1.90071 -26.4028 9.7466 -2.82076 -26.0849 9.51003 -3.73885 
-25.7803 9.28405 -4.66409 -25.4845 9.06244 -5.59326 -25.1815 8.82553 -6.51609 
-24.8258 8.53089 -7.40152 -24.4021 8.15573 -8.22367 -24.0178 7.77307 -8.81059 
-23.5035 7.20397 -9.45104 -22.98 6.58264 -10.0326 -22.4815 5.92274 -10.5943 
-22.0276 5.24679 -11.1744 -21.5997 4.56352 -11.7659 -21.1434 3.90635 -12.3654 
-20.6585 3.27828 -12.9738 -20.1678 2.67459 -13.6019 -19.6939 2.07996 -14.251 
-19.2411 1.54138 -14.9601 -18.8337 1.04636 -15.7264 -18.4992 0.615044 -16.5621 
-18.2485 0.212324 -17.442 -18.0483 -0.196949 -18.3321 -17.8906 -0.614789 -19.2266 
-17.7712 -1.03744 -20.1248 -17.7013 -1.4558 -21.0301 -17.6808 -1.85643 -21.9458 
-17.6921 -2.2275 -22.8742 -17.7212 -2.57521 -23.8113 -17.7191 -2.89294 -24.7589 
-17.6563 -3.16018 -25.7197 -17.5343 -3.35659 -26.6916 -17.3106 -3.46479 -27.6573 
-16.9349 -3.47313 -28.5802 -16.4114 -3.3939 -29.4254 -15.8682 -3.19487 -30.2389 
-15.3854 -2.8594 -31.0444 -14.9901 -2.44417 -31.8631 -14.6707 -2.20464 -32.7638 
-14.4362 -2.23877 -33.7337 -14.2604 -2.34424 -34.712 -14.1403 -2.47724 -35.6955 
-14.0645 -2.64708 -36.6777 -14.0241 -2.86348 -37.6528 -14.01 -3.13101 -38.616 
-14.0143 -3.45335 -39.5623 -14.0296 -3.81275 -40.4953 -14.0493 -4.18996 -41.4212 
-14.0629 -4.57172 -42.3453 -14.0613 -4.98536 -43.2555 -14.0304 -5.47684 -44.1241 
-13.9614 -6.08682 -44.9111 -13.879 -6.78502 -45.6213 -24.0596 22.1916 31.8328 
-24.447 21.7778 31.0092 -24.8476 21.4222 30.1655 -25.2631 21.1377 29.3021 
-25.6729 20.9224 28.416 -26.0773 20.7425 27.5194 -26.4866 20.5946 26.6191 
-26.9057 20.4674 25.7201 -27.3262 20.3509 24.8204 -27.7351 20.2436 23.9142 
-28.1069 20.157 22.9902 -28.4163 20.0854 22.0429 -28.6149 20.0203 21.0664 
-28.6792 19.9594 20.073 -28.6453 19.8924 19.0849 -28.922 19.7474 18.1812 
-29.4731 19.5582 17.3689 -29.9751 19.3792 16.5233 -30.4285 19.2135 15.6478 
-30.8312 19.0675 14.7446 -31.1614 18.9371 13.8102 -31.4285 18.7895 12.8588 
-31.5677 18.5851 11.8926 -31.5203 18.3006 10.9429 -31.1955 17.8939 10.0974 
-30.7203 17.4001 9.37094 -30.1967 16.8792 8.697 -29.6623 16.3675 8.02428 
-29.142 15.8591 7.33835 -28.6513 15.3637 6.62177 -28.2025 14.8844 5.86821 
-27.8141 14.4399 5.06209 -27.484 14.0404 4.20748 -27.1957 13.6828 3.31964 
-26.9327 13.3624 2.40978 -26.6875 13.0732 1.48454 -26.4542 12.796 0.552477 
-26.2171 12.5079 -0.375201 -25.9514 12.193 -1.28618 -25.6527 11.8554 -2.17861 
-25.3426 11.5027 -3.06143 -25.0513 11.1531 -3.95179 -24.7904 10.8131 -4.85521 
-24.5499 10.4773 -5.76585 -24.3017 10.1263 -6.66851 -24.0129 9.72915 -7.5388 
-23.6587 9.2548 -8.34223 -23.2462 8.69509 -9.05895 -22.7968 8.04329 -9.66779 
-22.3438 7.33714 -10.2114 -21.9237 6.59686 -10.7354 -21.5612 5.83378 -11.2699 
-21.1975 5.08359 -11.8221 -20.8133 4.33363 -12.3597 -20.3742 3.61993 -12.9053 
-19.9397 2.88982 -13.4323 -19.5139 2.18518 -13.9983 -19.1042 1.53787 -14.6392 
-18.7358 0.96997 -15.3711 -18.4308 0.52282 -16.2096 -18.2081 0.111082 -17.093 
-18.0254 -0.309399 -17.9816 -17.8809 -0.739037 -18.8728 -17.7602 -1.17129 -19.7664 
-17.6711 -1.6027 -20.664 -17.6143 -2.01859 -21.5715 -17.5928 -2.40889 -22.4917 
-17.5908 -2.77447 -23.4223 -17.5574 -3.10583 -24.365 -17.4922 -3.39782 -25.3188 
-17.375 -3.62164 -26.2857 -17.193 -3.7828 -27.2544 -16.8887 -3.8522 -28.2025 
-16.4711 -3.84406 -29.1087 -16.0379 -3.70777 -29.9968 -15.6999 -3.39758 -30.8789 
-15.4361 -2.9137 -31.7122 -15.1572 -2.5905 -32.5924 -14.8845 -2.65366 -33.5486 
-14.6681 -2.79558 -34.5142 -14.5054 -2.93863 -35.4902 -14.3864 -3.10421 -36.4689 
-14.313 -3.32235 -37.4415 -14.2738 -3.59636 -38.4021 -14.2656 -3.93365 -39.3431 
-14.2807 -4.30459 -40.2715 -14.3221 -4.68358 -41.196 -14.3714 -5.06104 -42.1207 
-14.4128 -5.43904 -43.0455 -14.427 -5.84923 -43.9569 -14.3945 -6.35268 -44.8179 
-14.3289 -6.97157 -45.5986 -24.5316 11.8945 33.2594 -24.7192 11.874 32.6899 
-25.0216 11.8672 31.737 -25.3258 11.9088 30.7855 -25.6609 11.9928 29.8474 
-26.0356 12.0928 28.9258 -26.445 12.182 28.018 -26.8694 12.2509 27.1152 
-27.2867 12.2927 26.2075 -27.6875 12.3226 25.2918 -28.0566 12.3661 24.3636 
-28.3984 12.4356 23.4266 -28.6828 12.5387 22.4739 -28.904 12.6467 21.5054 
-29.4948 12.6168 20.7326 -30.2468 12.5744 20.0761 -30.9953 12.5784 19.4137 
-31.6983 12.6357 18.7059 -32.3221 12.7502 17.9342 -32.8633 12.8897 17.1069 
-33.2481 13.0521 16.2004 -33.501 13.2034 15.2469 -33.5452 13.2988 14.2566 
-33.4158 13.3244 13.2688 -33.0959 13.2475 12.328 -32.6567 13.0858 11.4468 
-32.1174 12.8242 10.6479 -31.5451 12.519 9.88706 -30.9765 12.2057 9.12648 
-30.4363 11.8996 8.34282 -29.9524 11.6191 7.51465 -29.5322 11.3738 6.64186 
-29.1794 11.1628 5.73083 -28.8701 10.9776 4.79821 -28.5775 10.8038 3.85793 
-28.2862 10.628 2.91758 -27.9926 10.453 1.97782 -27.7055 10.2858 1.03466 
-27.4299 10.1213 0.0875839 -27.154 9.94169 -0.856671 -26.8585 9.73874 -1.79005 
-26.5417 9.51894 -2.71267 -26.2204 9.29631 -3.6331 -25.913 9.08492 -4.56086 
-25.6089 8.87755 -5.49065 -25.2847 8.64771 -6.40798 -24.9058 8.35735 -7.285 
-24.4563 7.97968 -8.09151 -24.0481 7.58479 -8.6526 -23.5004 6.99846 -9.24874 
-22.9539 6.36908 -9.79995 -22.4524 5.67783 -10.3192 -22.0123 4.95588 -10.8523 
-21.603 4.22285 -11.3951 -21.1658 3.51287 -11.9471 -20.7111 2.81875 -12.5043 
-20.2453 2.17586 -13.1117 -19.795 1.56745 -13.7632 -19.3677 1.05668 -14.5065 
-19.0039 0.630605 -15.3333 -18.7125 0.257771 -16.2131 -18.5024 -0.0863166 -17.1278 
-18.3372 -0.448357 -18.045 -18.2046 -0.83051 -18.9595 -18.0863 -1.22106 -19.8724 
-17.9949 -1.61424 -20.7872 -17.9357 -1.99662 -21.7092 -17.9196 -2.35957 -22.6406 
-17.9302 -2.70421 -23.5792 -17.9194 -3.02157 -24.5271 -17.8693 -3.29555 -25.4872 
-17.7737 -3.50085 -26.4602 -17.6087 -3.63266 -27.4363 -17.3095 -3.66047 -28.386 
-16.8673 -3.58513 -29.2767 -16.3713 -3.36723 -30.1146 -15.9545 -2.97276 -30.9265 
-15.6299 -2.46835 -31.7252 -15.3414 -2.26752 -32.6204 -15.0766 -2.4445 -33.5675 
-14.8403 -2.63985 -34.519 -14.6574 -2.80304 -35.4882 -14.5185 -2.9714 -36.464 
-14.429 -3.18514 -37.4362 -14.3779 -3.45525 -38.3972 -14.3618 -3.7883 -39.3397 
-14.3721 -4.16068 -40.2674 -14.4101 -4.54533 -41.1897 -14.4587 -4.92549 -42.1133 
-14.5032 -5.29898 -43.0399 -14.5247 -5.68313 -43.9627 -14.4988 -6.13982 -44.8506 
-14.4391 -6.69719 -45.6767 -23.5872 18.6554 33.7522 -23.8587 18.5784 33.0037 
-24.2148 18.4599 32.0769 -24.6007 18.3287 31.164 -25.0189 18.2084 30.2637 
-25.4377 18.1196 29.3601 -25.8498 18.0627 28.4508 -26.2565 18.0224 27.5381 
-26.6587 17.9916 26.6231 -27.0587 17.9529 25.7073 -27.4536 17.9016 24.7901 
-27.8337 17.8455 23.867 -28.1597 17.8007 22.923 -28.423 17.7648 21.9597 
-28.5834 17.7408 20.974 -28.6727 17.7157 19.9788 -28.9885 17.624 19.1 
-29.6263 17.4707 18.3477 -30.2382 17.3359 17.569 -30.8032 17.2278 16.7515 
-31.3053 17.1589 15.8901 -31.7383 17.1175 14.9905 -32.0701 17.0957 14.0486 
-32.2827 17.0624 13.0739 -32.3213 16.9733 12.0817 -32.1601 16.8045 11.1154 
-31.77 16.537 10.2406 -31.2353 16.1758 9.48009 -30.6514 15.7631 8.78117 
-30.0769 15.3309 8.08616 -29.5273 14.8951 7.37366 -29.0131 14.4637 6.63269 
-28.5575 14.0544 5.84277 -28.1644 13.6724 5.00739 -27.8348 13.3311 4.1277 
-27.5481 13.0294 3.21871 -27.2896 12.7584 2.2916 -27.0457 12.5084 1.3546 
-26.81 12.2695 0.412646 -26.5726 12.0167 -0.52524 -26.3071 11.7323 -1.44613 
-26.0064 11.425 -2.34889 -25.697 11.1115 -3.24665 -25.4067 10.8017 -4.15193 
-25.1505 10.5028 -5.07104 -24.9198 10.2108 -5.99916 -24.6819 9.90787 -6.92188 
-24.3925 9.55896 -7.81174 -24.1108 9.22063 -8.47838 -23.6988 8.7058 -9.22852 
-23.2426 8.12911 -9.90526 -22.7703 7.51508 -10.5374 -22.2946 6.91555 -11.181 
-21.824 6.32032 -11.8322 -21.3447 5.74129 -12.4914 -20.831 5.18701 -13.1463 
-20.3083 4.63556 -13.7964 -19.7999 4.06681 -14.4427 -19.3073 3.49606 -15.0996 
-18.8303 2.89722 -15.7424 -18.3435 2.27022 -16.35 -17.8689 1.58892 -16.9053 
-17.5233 0.951871 -17.5831 -17.3078 0.385218 -18.3769 -17.1636 -0.162952 -19.2005 
-17.067 -0.694107 -20.042 -16.9935 -1.19641 -20.9033 -16.9694 -1.65568 -21.7909 
-16.9618 -2.07686 -22.6976 -16.9543 -2.4578 -23.622 -16.9185 -2.80542 -24.5585 
-16.8195 -3.10662 -25.5063 -16.6625 -3.34923 -26.4628 -16.4051 -3.51719 -27.4124 
-16.0386 -3.62198 -28.3356 -15.568 -3.64542 -29.2164 -15.112 -3.57536 -30.1021 
-14.7275 -3.35732 -30.9926 -14.4525 -2.93328 -31.851 -14.2787 -2.45914 -32.7117 
-14.1295 -2.19109 -33.6521 -13.9866 -2.18846 -34.6401 -13.9016 -2.28761 -35.6305 
-13.8639 -2.44805 -36.6166 -13.8502 -2.65428 -37.5946 -13.8568 -2.91755 -38.5591 
-13.8738 -3.22585 -39.51 -13.8949 -3.57669 -40.4461 -13.9159 -3.94793 -41.3744 
-13.9263 -4.32514 -42.3004 -13.9246 -4.72073 -43.2186 -13.8971 -5.19487 -44.0975 
-13.8454 -5.76213 -44.9176 -13.7945 -6.27632 -45.528 -23.6446 16.9264 34.0516 
-23.9869 16.8566 33.1147 -24.3252 16.7668 32.178 -24.6868 16.6676 31.2511 
-25.0777 16.5823 30.3348 -25.4787 16.5342 29.42 -25.8861 16.5092 28.5072 
-26.297 16.4998 27.5956 -26.7029 16.4943 26.6817 -27.1019 16.4809 25.7649 
-27.4949 16.4562 24.8456 -27.8693 16.4293 23.9189 -28.2034 16.4155 22.9768 
-28.4697 16.4121 22.0135 -28.675 16.4091 21.035 -28.9832 16.3594 20.1077 
-29.6016 16.2354 19.3435 -30.2556 16.1253 18.5951 -30.8888 16.0457 17.8259 
-31.4741 16.0052 17.0167 -31.992 16.0023 16.1625 -32.4091 16.0296 15.2555 
-32.7111 16.0624 14.3046 -32.8284 16.0703 13.315 -32.7725 16.0198 12.3216 
-32.4921 15.8665 11.3785 -32.0401 15.6191 10.5281 -31.4722 15.2737 9.78248 
-30.8766 14.8883 9.0778 -30.2899 14.4871 8.37451 -29.7318 14.0857 7.64853 
-29.2268 13.6995 6.87733 -28.783 13.3392 6.05782 -28.4083 13.0121 5.19097 
-28.0853 12.7165 4.29223 -27.7953 12.4544 3.37196 -27.5242 12.2115 2.44063 
-27.2685 11.9843 1.50098 -27.0211 11.7639 0.557473 -26.7705 11.5322 -0.38241 
-26.4966 11.2736 -1.30852 -26.1911 10.9888 -2.21699 -25.8783 10.6962 -3.12062 
-25.5828 10.409 -4.0317 -25.3126 10.129 -4.95278 -25.0672 9.85065 -5.88134 
-24.806 9.55667 -6.80056 -24.478 9.20074 -7.67398 -24.1667 8.84772 -8.31915 
-23.9029 8.52728 -8.7522 -23.4282 7.93633 -9.40288 -22.9412 7.29439 -9.99404 
-22.4624 6.63056 -10.5683 -22.0265 5.9516 -11.1584 -21.6041 5.27632 -11.7629 
-21.1563 4.62229 -12.3721 -20.6791 3.98725 -12.9795 -20.1901 3.36451 -13.5901 
-19.7124 2.73198 -14.1993 -19.2467 2.12611 -14.8436 -18.8078 1.5276 -15.5111 
-18.4129 1.0086 -16.2672 -18.1107 0.543386 -17.0981 -17.8756 0.082054 -17.9533 
-17.711 -0.377538 -18.8256 -17.5886 -0.839195 -19.7041 -17.5006 -1.29044 -20.5919 
-17.4549 -1.72349 -21.4918 -17.4421 -2.12498 -22.4074 -17.449 -2.49752 -23.3353 
-17.4374 -2.83813 -24.2751 -17.3752 -3.14169 -25.2253 -17.255 -3.37822 -26.1888 
-17.0631 -3.54527 -27.1546 -16.7622 -3.6322 -28.1018 -16.326 -3.63625 -28.9992 
-15.8421 -3.54182 -29.8678 -15.4247 -3.29816 -30.7379 -15.0718 -2.90136 -31.5846 
-14.7584 -2.52448 -32.4512 -14.5172 -2.42822 -33.4101 -14.3296 -2.49857 -34.3889 
-14.1963 -2.62055 -35.3721 -14.1042 -2.77588 -36.3553 -14.0546 -2.98039 -37.3328 
-14.0308 -3.23269 -38.2997 -14.0304 -3.54872 -39.2482 -14.0436 -3.90577 -40.182 
-14.0654 -4.28287 -41.1079 -14.086 -4.66109 -42.0334 -14.0937 -5.063 -42.9488 
-14.0742 -5.53131 -43.8307 -14.0081 -6.13029 -44.6259 -13.9172 -6.82768 -45.335 
-24.6271 11.3395 33.4903 -24.8069 11.3177 32.9183 -25.0892 11.309 31.9592 
-25.3751 11.3457 31.002 -25.6936 11.4288 30.058 -26.0535 11.532 29.131 
-26.4551 11.633 28.2209 -26.8803 11.7167 27.3197 -27.3064 11.7762 26.4171 
-27.7155 11.8233 25.5058 -28.0946 11.8778 24.5823 -28.4464 11.9604 23.65 
-28.7505 12.0765 22.7048 -29.0066 12.1965 21.7463 -29.4993 12.2201 20.913 
-30.2465 12.1901 20.2496 -30.9952 12.2079 19.5877 -31.7017 12.2751 18.8846 
-32.3265 12.4008 18.115 -32.8719 12.5499 17.2917 -33.2788 12.7205 16.3964 
-33.5374 12.8796 15.4469 -33.5943 12.9877 14.4584 -33.4661 13.0186 13.4706 
-33.1644 12.9563 12.522 -32.7419 12.8097 11.6308 -32.2232 12.571 10.8117 
-31.659 12.2772 10.0404 -31.095 11.971 9.27357 -30.554 11.6723 8.48757 
-30.0581 11.3906 7.66657 -29.6194 11.1397 6.8047 -29.2612 10.933 5.89467 
-28.9441 10.7491 4.96447 -28.648 10.5795 4.02454 -28.3545 10.4092 3.08385 
-28.0573 10.235 2.14507 -27.7626 10.067 1.20438 -27.4786 9.90668 0.259061 
-27.1992 9.73823 -0.686205 -26.9106 9.54965 -1.62478 -26.5977 9.33958 -2.55095 
-26.2715 9.12076 -3.47054 -25.9517 8.90748 -4.3937 -25.631 8.70062 -5.31797 
-25.2885 8.47699 -6.23014 -24.8893 8.19427 -7.10119 -24.426 7.84366 -7.91332 
-23.8973 7.36601 -8.61087 -23.3361 6.79343 -9.20602 -22.7853 6.14134 -9.72476 
-22.2999 5.41491 -10.2094 -21.889 4.64495 -10.6971 -21.4959 3.87082 -11.1933 
-21.074 3.11793 -11.6982 -20.6421 2.37985 -12.2151 -20.1965 1.71615 -12.8151 
-19.7642 1.08759 -13.4599 -19.3604 0.62017 -14.2425 -19.0295 0.248783 -15.1082 
-18.785 -0.0707931 -16.0228 -18.6034 -0.381195 -16.9556 -18.4701 -0.716817 -17.8879 
-18.3591 -1.07499 -18.8148 -18.2584 -1.45531 -19.7341 -18.1719 -1.8421 -20.6523 
-18.1101 -2.22195 -21.575 -18.0871 -2.58911 -22.5047 -18.0813 -2.93549 -23.4427 
-18.0634 -3.2556 -24.3898 -18.0214 -3.52438 -25.3517 -17.9415 -3.73785 -26.3247 
-17.7935 -3.8724 -27.3035 -17.5565 -3.92903 -28.271 -17.1813 -3.85909 -29.1926 
-16.768 -3.65447 -30.0771 -16.5287 -3.19025 -30.9159 -16.3746 -2.56473 -31.6789 
-16.2259 -2.21013 -32.5346 -16.0548 -2.37889 -33.4987 -15.8749 -2.59659 -34.4579 
-15.6731 -2.77781 -35.4202 -15.469 -2.94581 -36.3846 -15.2925 -3.14335 -37.3484 
-15.1742 -3.41143 -38.3039 -15.1056 -3.73697 -39.2462 -15.1054 -4.12588 -40.167 
-15.159 -4.53145 -41.0792 -15.2592 -4.91737 -41.996 -15.3732 -5.24715 -42.9324 
-15.4798 -5.47622 -43.8992 -15.5604 -5.66473 -44.8778 -15.5761 -5.83445 -45.6588 
-24.5742 14.8347 31.9406 -24.844 14.7963 31.1885 -25.2044 14.7834 30.256 
-25.5877 14.7979 29.3326 -25.9988 14.8198 28.4213 -26.417 14.8419 27.5131 
-26.8276 14.8566 26.6016 -27.2269 14.858 25.6848 -27.6145 14.8486 24.763 
-27.983 14.8449 23.8335 -28.3032 14.8649 22.8868 -28.5662 14.9011 21.9231 
-28.8144 14.9212 20.9598 -29.3653 14.8436 20.1691 -30.0737 14.751 19.4696 
-30.7748 14.6901 18.7593 -31.441 14.6733 18.0145 -32.0532 14.6985 17.2255 
-32.5715 14.7641 16.3737 -32.9706 14.8488 15.4638 -33.1988 14.9382 14.4962 
-33.2578 14.9913 13.5035 -33.1001 14.9572 12.5203 -32.7773 14.8377 11.5858 
-32.303 14.6169 10.7381 -31.7323 14.3049 9.98029 -31.1327 13.9524 9.26188 
-30.5393 13.5964 8.54003 -29.981 13.2427 7.79 -29.4757 12.9085 6.99531 
-29.0428 12.6008 6.14898 -28.6786 12.3256 5.25992 -28.3701 12.0826 4.34045 
-28.0779 11.8556 3.41146 -27.7972 11.6435 2.47539 -27.5271 11.4398 1.53434 
-27.2698 11.2423 0.588455 -27.0115 11.0363 -0.35535 -26.7344 10.8071 -1.2883 
-26.4295 10.5506 -2.20533 -26.1159 10.2845 -3.1168 -25.8155 10.0263 -4.03496 
-25.5388 9.77735 -4.96305 -25.2769 9.52835 -5.89545 -24.9989 9.2563 -6.8162 
-24.6635 8.92875 -7.69792 -24.4211 8.68099 -8.18735 -24.068 8.29394 -8.7902 
-23.5942 7.74002 -9.47328 -23.0944 7.13471 -10.0923 -22.5993 6.50811 -10.694 
-22.1298 5.87926 -11.3135 -21.6796 5.24484 -11.9419 -21.2089 4.63391 -12.5777 
-20.7076 4.04502 -13.2116 -20.1968 3.47467 -13.8548 -19.6997 2.89656 -14.5016 
-19.2151 2.33253 -15.1699 -18.7478 1.74297 -15.828 -18.3247 1.20645 -16.5557 
-17.9754 0.705608 -17.347 -17.7335 0.218862 -18.1852 -17.5602 -0.260776 -19.045 
-17.4463 -0.740206 -19.915 -17.3648 -1.20463 -20.7966 -17.3391 -1.6407 -21.6958 
-17.3426 -2.04384 -22.6108 -17.3567 -2.41253 -23.5401 -17.354 -2.75318 -24.4799 
-17.2861 -3.04876 -25.4321 -17.1545 -3.28155 -26.3947 -16.9194 -3.42353 -27.3545 
-16.5704 -3.49205 -28.2864 -16.0766 -3.47994 -29.1545 -15.5628 -3.38206 -30.0052 
-15.1119 -3.13089 -30.8585 -14.7309 -2.75136 -31.698 -14.4849 -2.30776 -32.5542 
-14.2864 -2.08803 -33.5004 -14.1186 -2.12457 -34.4841 -14.0006 -2.22615 -35.4716 
-13.9362 -2.37788 -36.4575 -13.9057 -2.57342 -37.4374 -13.9016 -2.82792 -38.4041 
-13.9124 -3.13046 -39.357 -13.9308 -3.47632 -40.295 -13.9508 -3.84414 -41.2246 
-13.9638 -4.22166 -42.1506 -13.9653 -4.61277 -43.0708 -13.9432 -5.0688 -43.9596 
-13.8952 -5.61976 -44.7904 -13.83 -6.26403 -45.5518 -23.6307 17.7132 33.8652 
-23.9029 17.6436 33.1162 -24.2479 17.5424 32.1831 -24.6205 17.4326 31.2618 
-25.0229 17.3335 30.3518 -25.4317 17.2689 29.4415 -25.841 17.2278 28.5301 
-26.2504 17.2038 27.6181 -26.6552 17.1867 26.7038 -27.0544 17.1635 25.7873 
-27.4482 17.1294 24.8687 -27.8258 17.0886 23.9438 -28.159 17.0581 23.0019 
-28.4234 17.0385 22.0383 -28.6105 17.0251 21.0568 -28.809 16.9892 20.0925 
-29.3733 16.8634 19.2971 -30.0118 16.7333 18.5387 -30.6306 16.6274 17.7606 
-31.2012 16.5602 16.9429 -31.7143 16.5249 16.0863 -32.1305 16.5237 15.1783 
-32.4482 16.5321 14.2312 -32.6039 16.516 13.2466 -32.5931 16.4464 12.2528 
-32.3399 16.2747 11.307 -31.89 16.0026 10.4625 -31.33 15.635 9.7215 
-30.742 15.228 9.02262 -30.1639 14.8047 8.32511 -29.6115 14.3833 7.60612 
-29.1053 13.9746 6.84757 -28.6568 13.5911 6.041 -28.2787 13.2418 5.18439 
-27.956 12.9313 4.2907 -27.6677 12.6552 3.3739 -27.3988 12.3987 2.44564 
-27.1441 12.1604 1.50847 -26.8976 11.9308 0.566936 -26.6463 11.6867 -0.369588 
-26.3703 11.4144 -1.2912 -26.0629 11.1181 -2.19532 -25.7488 10.813 -3.09436 
-25.4527 10.5104 -4.00017 -25.1826 10.2146 -4.91638 -24.9331 9.91943 -5.83863 
-24.6656 9.60795 -6.75023 -24.3344 9.23465 -7.6154 -24.0247 8.86947 -8.25403 
-23.7593 8.54276 -8.68143 -23.2843 7.92771 -9.30826 -22.8012 7.25125 -9.86296 
-22.34 6.53949 -10.3925 -21.9397 5.79975 -10.9319 -21.5551 5.0643 -11.4896 
-21.1454 4.34151 -12.0459 -20.6954 3.64336 -12.6024 -20.2379 2.95896 -13.17 
-19.7946 2.28554 -13.7608 -19.3604 1.68408 -14.4292 -18.9658 1.15292 -15.177 
-18.6301 0.705421 -16.004 -18.3748 0.308174 -16.885 -18.1763 -0.0929643 -17.779 
-18.0167 -0.504234 -18.6763 -17.8839 -0.919183 -19.5764 -17.7903 -1.33582 -20.4804 
-17.7391 -1.74173 -21.3927 -17.7264 -2.12102 -22.3176 -17.7438 -2.47677 -23.2519 
-17.7457 -2.80678 -24.1955 -17.694 -3.09348 -25.1516 -17.5937 -3.31835 -26.1201 
-17.423 -3.47174 -27.0916 -17.1054 -3.52025 -28.0347 -16.6493 -3.48933 -28.9225 
-16.1185 -3.37119 -29.7602 -15.622 -3.12365 -30.588 -15.2035 -2.72641 -31.4034 
-14.8463 -2.34811 -32.2528 -14.575 -2.2658 -33.2031 -14.3664 -2.34261 -34.1768 
-14.2168 -2.46344 -35.1578 -14.1164 -2.61212 -36.1413 -14.0574 -2.80401 -37.1206 
-14.0301 -3.04657 -38.09 -14.0255 -3.34487 -39.0441 -14.0345 -3.68759 -39.9833 
-14.0539 -4.0606 -40.9109 -14.0737 -4.43896 -41.8363 -14.0824 -4.83272 -42.7554 
-14.0719 -5.27297 -43.6522 -14.0189 -5.83083 -44.4777 -13.935 -6.49675 -45.2172 
-23.5823 18.7815 33.7691 -23.7847 18.7247 33.2071 -24.137 18.6084 32.2786 
-24.515 18.4739 31.3628 -24.9299 18.3434 30.4624 -25.3502 18.2435 29.5606 
-25.7648 18.1754 28.6533 -26.1728 18.128 27.7416 -26.5764 18.0927 26.8273 
-26.9775 18.0559 25.9121 -27.3747 18.0052 24.9957 -27.7602 17.9473 24.0749 
-28.1046 17.8965 23.1379 -28.383 17.8569 22.1789 -28.5751 17.8267 21.1987 
-28.693 17.7999 20.2065 -29.1192 17.6869 19.3324 -29.7242 17.5348 18.5509 
-30.3167 17.4022 17.7566 -30.8725 17.2965 16.9328 -31.3652 17.2312 16.0653 
-31.7991 17.1898 15.1663 -32.125 17.1705 14.222 -32.3498 17.1404 13.2496 
-32.3906 17.0539 12.2583 -32.2226 16.8843 11.2925 -31.8208 16.6067 10.4262 
-31.2906 16.2357 9.66715 -30.7109 15.8128 8.97093 -30.1367 15.3735 8.28012 
-29.5887 14.9311 7.57043 -29.0788 14.498 6.82771 -28.622 14.0868 6.03963 
-28.2264 13.703 5.206 -27.9013 13.3669 4.32269 -27.6124 13.0655 3.41422 
-27.3541 12.7957 2.4867 -27.1096 12.5459 1.54983 -26.8755 12.3109 0.606483 
-26.6373 12.059 -0.331379 -26.3703 11.7739 -1.25175 -26.0719 11.4692 -2.15606 
-25.7628 11.1563 -3.05414 -25.4735 10.8475 -3.96009 -25.215 10.5493 -4.87879 
-24.9844 10.2591 -5.80748 -24.7433 9.95478 -6.72874 -24.4572 9.61201 -7.62276 
-24.173 9.27213 -8.28774 -23.7553 8.74597 -9.02583 -23.2993 8.16342 -9.69765 
-22.8258 7.52704 -10.3062 -22.3541 6.89978 -10.9257 -21.9008 6.27299 -11.5595 
-21.4433 5.66171 -12.205 -20.9524 5.07423 -12.8481 -20.4434 4.49574 -13.4855 
-19.9432 3.90091 -14.1142 -19.4553 3.30392 -14.7509 -18.9805 2.67631 -15.3673 
-18.5044 2.03582 -15.9697 -18.0654 1.40569 -16.6063 -17.7476 0.835201 -17.3601 
-17.534 0.308088 -18.1815 -17.3874 -0.205757 -19.0264 -17.2845 -0.709493 -19.8839 
-17.2156 -1.18589 -20.7602 -17.1949 -1.62824 -21.6564 -17.1952 -2.03397 -22.5701 
-17.2041 -2.40246 -23.4997 -17.1821 -2.74278 -24.4394 -17.0835 -3.02912 -25.3916 
-16.9251 -3.2546 -26.3521 -16.6688 -3.4047 -27.3048 -16.2835 -3.48189 -28.222 
-15.795 -3.49639 -29.0932 -15.2915 -3.42486 -29.953 -14.8445 -3.22818 -30.8228 
-14.5049 -2.83918 -31.6708 -14.3124 -2.30702 -32.4938 -14.1636 -1.88807 -33.381 
-14.0057 -1.82826 -34.3608 -13.9035 -1.90083 -35.3516 -13.8633 -2.04726 -36.3397 
-13.8426 -2.22762 -37.323 -13.843 -2.46602 -38.2937 -13.8556 -2.75591 -39.2505 
-13.8773 -3.08886 -40.1931 -13.9003 -3.44624 -41.1266 -13.9153 -3.81858 -42.0546 
-13.9219 -4.19158 -42.9825 -13.9069 -4.60758 -43.8908 -13.8758 -5.09834 -44.7608 
-13.8408 -5.67694 -45.5743 -23.743 19.3515 33.1597 -24.0967 19.2196 32.2338 
-24.4822 19.0599 31.3253 -24.901 18.8999 30.4315 -25.3267 18.7754 29.5354 
-25.7451 18.6847 28.6319 -26.1535 18.6174 27.7215 -26.5564 18.5664 26.8078 
-26.9583 18.5165 25.8935 -27.3578 18.4559 24.9788 -27.7441 18.3891 24.0589 
-28.0906 18.3314 23.1229 -28.3712 18.2846 22.165 -28.5631 18.248 21.1854 
-28.6461 18.2193 20.19 -28.792 18.1473 19.0802 -29.3638 17.996 18.3261 
-29.9621 17.8474 17.5393 -30.5101 17.7191 16.7131 -30.9939 17.6245 15.8441 
-31.4119 17.5565 14.9388 -31.7469 17.5002 13.999 -31.9791 17.4354 13.0302 
-32.036 17.314 12.0429 -31.9193 17.1203 11.0729 -31.5476 16.8099 10.2051 
-31.0285 16.4102 9.4524 -30.4599 15.9654 8.7606 -29.896 15.5101 8.07153 
-29.3554 15.0513 7.3666 -28.8469 14.5991 6.63434 -28.3969 14.1708 5.85135 
-28.0016 13.7682 5.02639 -27.6742 13.4149 4.15064 -27.3853 13.0996 3.24708 
-27.1215 12.8164 2.32511 -26.8699 12.5548 1.39336 -26.6283 12.3023 0.456423 
-26.3836 12.0366 -0.476023 -26.1111 11.7424 -1.39187 -25.8058 11.4261 -2.28989 
-25.4924 11.0955 -3.18017 -25.1977 10.7664 -4.07715 -24.9331 10.4453 -4.98641 
-24.6838 10.1265 -5.90089 -24.4198 9.78893 -6.804 -24.1025 9.39449 -7.66473 
-23.8051 9.02022 -8.30566 -23.4655 8.58193 -8.88083 -23.0038 7.9487 -9.49964 
-22.5377 7.25324 -10.0454 -22.0992 6.52091 -10.5657 -21.7218 5.759 -11.0912 
-21.3557 5.00521 -11.6367 -20.9688 4.25656 -12.1749 -20.5341 3.53722 -12.7159 
-20.0865 2.83045 -13.2638 -19.6535 2.13886 -13.8403 -19.2325 1.51901 -14.4999 
-18.8521 0.97274 -15.2438 -18.5403 0.53077 -16.0819 -18.3078 0.133916 -16.9692 
-18.1224 -0.270629 -17.8646 -17.9714 -0.686651 -18.7612 -17.8424 -1.10655 -19.6595 
-17.7481 -1.52924 -20.5607 -17.686 -1.94204 -21.4693 -17.6598 -2.3295 -22.3906 
-17.6604 -2.69447 -23.3216 -17.6375 -3.0275 -24.2639 -17.5801 -3.32333 -25.2171 
-17.474 -3.5529 -26.1839 -17.3032 -3.71676 -27.1544 -17.0235 -3.79593 -28.1093 
-16.6227 -3.79068 -29.0226 -16.176 -3.65788 -29.905 -15.8037 -3.36752 -30.7794 
-15.5384 -2.8712 -31.605 -15.2681 -2.46919 -32.4595 -14.9873 -2.54015 -33.4111 
-14.7528 -2.70261 -34.3691 -14.5767 -2.85221 -35.3419 -14.4414 -3.01253 -36.3195 
-14.3569 -3.21979 -37.2936 -14.3076 -3.48092 -38.2572 -14.293 -3.80788 -39.2018 
-14.302 -4.17578 -40.1314 -14.3374 -4.55756 -41.055 -14.3841 -4.93638 -41.9792 
-14.4265 -5.3134 -42.9044 -14.4478 -5.70803 -43.8228 -14.4217 -6.18478 -44.6999 
-14.3601 -6.77139 -45.5046 -23.6084 17.6848 33.9107 -23.9486 17.5974 32.9745 
-24.2956 17.4953 32.0423 -24.6722 17.3869 31.1224 -25.076 17.2929 30.2125 
-25.4844 17.2345 29.3016 -25.8936 17.1973 28.3899 -26.3024 17.1747 27.4776 
-26.7063 17.1574 26.563 -27.1046 17.1326 25.6461 -27.4967 17.0961 24.727 
-27.8678 17.0574 23.7993 -28.1922 17.03 22.8542 -28.4389 17.013 21.8859 
-28.6061 17.0022 20.9009 -28.8327 16.953 19.9521 -29.4351 16.8193 19.1742 
-30.076 16.6924 18.4174 -30.6915 16.5912 17.6361 -31.2502 16.5335 16.8094 
-31.7529 16.5025 15.9465 -32.1491 16.5056 15.0293 -32.4418 16.511 14.075 
-32.5747 16.4877 13.0874 -32.5174 16.3952 12.0988 -32.2309 16.2028 11.1658 
-31.7582 15.9069 10.3409 -31.1896 15.522 9.6152 -30.6025 15.1094 8.91893 
-30.0296 14.6826 8.21921 -29.4815 14.2589 7.49831 -28.9838 13.8516 6.73341 
-28.545 13.4705 5.9206 -28.179 13.1269 5.0564 -27.8624 12.8221 4.15848 
-27.5739 12.5469 3.24154 -27.3029 12.2905 2.31383 -27.0453 12.0522 1.37743 
-26.7951 11.8195 0.437652 -26.536 11.5684 -0.494924 -26.25 11.2903 -1.41162 
-25.9355 10.9886 -2.31159 -25.6193 10.6775 -3.20778 -25.3221 10.3685 -4.11115 
-25.0478 10.0633 -5.02304 -24.7787 9.75137 -5.9341 -24.476 9.41358 -6.82489 
-24.1934 9.0984 -7.50256 -23.9502 8.81285 -7.97003 -23.5852 8.37158 -8.52743 
-23.0993 7.73137 -9.11693 -22.62 7.0106 -9.61566 -22.2189 6.21141 -10.0578 
-21.9039 5.36674 -10.4902 -21.5682 4.54531 -10.9507 -21.189 3.74602 -11.4166 
-20.7854 2.96117 -11.8866 -20.3615 2.23385 -12.4251 -19.9424 1.54332 -13.013 
-19.5302 0.985507 -13.7277 -19.1605 0.543079 -14.5431 -18.8806 0.183528 -15.4321 
-18.6679 -0.137722 -16.3542 -18.5114 -0.468999 -17.2844 -18.39 -0.824566 -18.2111 
-18.2842 -1.20264 -19.1307 -18.1877 -1.59134 -20.047 -18.1083 -1.97845 -20.9655 
-18.062 -2.35457 -21.8907 -18.0494 -2.71283 -22.8242 -18.0341 -3.04705 -23.7664 
-18.0007 -3.34056 -24.7215 -17.9391 -3.58724 -25.6882 -17.8198 -3.75991 -26.6651 
-17.6291 -3.86473 -27.6398 -17.3012 -3.86222 -28.5817 -16.8712 -3.74383 -29.4734 
-16.4798 -3.44398 -30.3365 -16.202 -2.93271 -31.1427 -15.9738 -2.45148 -31.9659 
-15.7502 -2.44464 -32.9194 -15.5367 -2.63977 -33.8767 -15.3251 -2.82127 -34.837 
-15.1247 -2.98677 -35.8025 -14.9613 -3.17665 -36.7703 -14.8518 -3.42376 -37.7324 
-14.7887 -3.72845 -38.6823 -14.7855 -4.10138 -39.6096 -14.8284 -4.49642 -40.527 
-14.9227 -4.88487 -41.4434 -15.0427 -5.22579 -42.3753 -15.155 -5.48762 -43.3331 
-15.2377 -5.70611 -44.3053 -15.2636 -5.9506 -45.2741 -25.5922 7.52615 33.4975 
-25.7791 7.62875 32.7265 -26 7.74496 31.7582 -26.2473 7.88479 30.7998 
-26.5613 8.06009 29.8675 -26.9509 8.25917 28.9688 -27.3839 8.46688 28.0918 
-27.8318 8.67595 27.2225 -28.2692 8.88006 26.3467 -28.6701 9.08927 25.455 
-29.0296 9.30746 24.548 -29.3395 9.54668 23.628 -29.6083 9.79016 22.6964 
-29.9544 9.98309 21.7874 -30.561 10.0998 21.0091 -31.2553 10.2227 20.3003 
-31.8971 10.379 19.5508 -32.4534 10.5706 18.7433 -32.9275 10.7822 17.8899 
-33.2846 11.003 16.9839 -33.5187 11.197 16.0338 -33.5827 11.3295 15.0477 
-33.4865 11.3879 14.0573 -33.237 11.3663 13.091 -32.8699 11.2703 12.1678 
-32.4144 11.0965 11.2958 -31.9058 10.8634 10.4676 -31.3923 10.6038 9.64968 
-30.9037 10.3559 8.81346 -30.4674 10.1362 7.94159 -30.0925 9.95278 7.03341 
-29.7665 9.80525 6.09979 -29.4618 9.67722 5.15606 -29.1686 9.55793 4.20747 
-28.8769 9.43527 3.25886 -28.581 9.30596 2.31243 -28.284 9.17472 1.36662 
-27.9954 9.05108 0.417201 -27.7128 8.92933 -0.534262 -27.4241 8.79118 -1.4816 
-27.1151 8.63214 -2.41914 -26.783 8.46543 -3.3475 -26.4453 8.30273 -4.27458 
-26.102 8.14247 -5.20005 -25.7379 7.9692 -6.11479 -25.3117 7.74237 -6.98898 
-24.8148 7.4214 -7.79315 -24.2496 6.99558 -8.49617 -23.6562 6.47917 -9.1119 
-23.0615 5.899 -9.66727 -22.5189 5.23819 -10.1833 -22.0536 4.52371 -10.7048 
-21.6287 3.78908 -11.2335 -21.1818 3.08115 -11.7803 -20.7294 2.38123 -12.3314 
-20.2649 1.76188 -12.9638 -19.816 1.18343 -13.6428 -19.4042 0.730034 -14.4301 
-19.0569 0.361633 -15.2915 -18.7973 0.0358022 -16.1999 -18.6004 -0.27993 -17.1277 
-18.4563 -0.619487 -18.0569 -18.3384 -0.982919 -18.981 -18.2371 -1.36432 -19.8998 
-18.1556 -1.7504 -20.8186 -18.1028 -2.1252 -21.7441 -18.0927 -2.48467 -22.6768 
-18.1065 -2.82398 -23.6173 -18.0988 -3.1362 -24.5671 -18.0604 -3.39861 -25.5308 
-17.9844 -3.603 -26.5063 -17.8336 -3.72272 -27.4855 -17.5702 -3.74657 -28.4471 
-17.1575 -3.64296 -29.3483 -16.6865 -3.39622 -30.1914 -16.318 -2.92058 -30.984 
-16.0408 -2.35568 -31.7589 -15.8098 -2.19084 -32.6684 -15.5964 -2.41138 -33.6197 
-15.3884 -2.62096 -34.5749 -15.1816 -2.7991 -35.5368 -14.9979 -2.9753 -36.5038 
-14.8565 -3.18626 -37.4705 -14.7724 -3.46429 -38.4267 -14.732 -3.7983 -39.3679 
-14.7391 -4.18239 -40.2909 -14.7861 -4.57845 -41.2078 -14.8662 -4.95859 -42.1292 
-14.9536 -5.29167 -43.0675 -15.0264 -5.56014 -44.0277 -15.0494 -5.82798 -44.9902 
-15.0194 -6.07954 -45.7486 -23.7256 19.6989 33.1749 -24.0798 19.5486 32.2523 
-24.4589 19.3643 31.3456 -24.8776 19.1869 30.4551 -25.3053 19.0459 29.5624 
-25.7247 18.9473 28.6601 -26.1332 18.8695 27.7507 -26.5363 18.809 26.8376 
-26.939 18.7541 25.9239 -27.3397 18.6887 25.01 -27.729 18.6173 24.0918 
-28.0801 18.5548 23.1579 -28.3719 18.5042 22.2032 -28.566 18.4633 21.2241 
-28.6695 18.4287 20.2311 -28.889 18.3443 19.2836 -29.4398 18.186 18.4795 
-30.0191 18.0322 17.6794 -30.5597 17.8989 16.8492 -31.0444 17.8002 15.9806 
-31.4749 17.7273 15.0816 -31.8237 17.6712 14.1471 -32.0527 17.6068 13.1776 
-32.138 17.4981 12.1906 -32.0211 17.3064 11.2234 -31.6398 16.9914 10.3591 
-31.1245 16.5871 9.60707 -30.5606 16.1353 8.91608 -29.9986 15.6735 8.2298 
-29.4567 15.2102 7.52878 -28.9496 14.7563 6.7966 -28.4932 14.323 6.02022 
-28.1013 13.9209 5.19354 -27.7723 13.5639 4.31995 -27.4822 13.2439 3.4184 
-27.224 12.9619 2.49449 -26.9796 12.7036 1.5599 -26.746 12.4572 0.619339 
-26.507 12.193 -0.314945 -26.2407 11.8997 -1.23286 -25.9401 11.5845 -2.13287 
-25.6297 11.2583 -3.0257 -25.3404 10.9353 -3.92669 -25.082 10.6227 -4.84062 
-24.8477 10.3172 -5.76353 -24.6019 9.99709 -6.6782 -24.3138 9.63602 -7.56415 
-24.0256 9.27522 -8.21596 -23.6044 8.73128 -8.93986 -23.1472 8.11742 -9.58114 
-22.6796 7.43881 -10.1474 -22.2234 6.75789 -10.7202 -21.8119 6.06015 -11.3061 
-21.3988 5.37902 -11.9104 -20.9539 4.71425 -12.5103 -20.4818 4.06452 -13.1059 
-20.0062 3.40937 -13.6927 -19.543 2.74946 -14.2838 -19.0939 2.10396 -14.9013 
-18.6727 1.4822 -15.5583 -18.316 0.980594 -16.3443 -18.0382 0.503139 -17.1771 
-17.8336 0.0375546 -18.0377 -17.6823 -0.426068 -18.9105 -17.5697 -0.888156 -19.79 
-17.4887 -1.33835 -20.6791 -17.4495 -1.76724 -21.5813 -17.4377 -2.16548 -22.4984 
-17.4452 -2.53331 -23.4281 -17.4331 -2.87385 -24.3679 -17.3629 -3.17064 -25.3197 
-17.2434 -3.40838 -26.2829 -17.0381 -3.56355 -27.2483 -16.732 -3.64702 -28.194 
-16.2809 -3.63607 -29.0848 -15.7986 -3.54096 -29.9544 -15.3994 -3.26469 -30.8241 
-15.0486 -2.86686 -31.6711 -14.7448 -2.53724 -32.5558 -14.5076 -2.4607 -33.5182 
-14.3286 -2.54368 -34.498 -14.1952 -2.66679 -35.4811 -14.1106 -2.83112 -36.4635 
-14.0602 -3.03661 -37.4407 -14.0409 -3.30222 -38.404 -14.0401 -3.62044 -39.3518 
-14.0554 -3.98492 -40.2829 -14.0782 -4.36179 -41.2088 -14.0986 -4.74194 -42.1335 
-14.1073 -5.14451 -43.0486 -14.0788 -5.63728 -43.9163 -14.0126 -6.23594 -44.7123 
-13.9195 -6.95266 -45.4019 -24.5145 14.4613 32.1952 -24.7764 14.4335 31.4398 
-25.1234 14.4308 30.5021 -25.4961 14.4567 29.5747 -25.8996 14.4901 28.6604 
-26.3188 14.5202 27.753 -26.7336 14.5426 26.8434 -27.1359 14.5499 25.928 
-27.5254 14.5454 25.007 -27.8973 14.5431 24.0788 -28.2251 14.5647 23.1346 
-28.4952 14.6063 22.1734 -28.7117 14.65 21.1994 -29.2271 14.5879 20.3786 
-29.9475 14.4926 19.6923 -30.6617 14.4311 18.9954 -31.3441 14.4168 18.2651 
-31.9773 14.4422 17.4928 -32.5228 14.5103 16.6587 -32.9536 14.6022 15.7633 
-33.226 14.701 14.809 -33.3314 14.7744 13.8211 -33.2166 14.7694 12.8318 
-32.9334 14.6813 11.8808 -32.496 14.4968 11.003 -31.9616 14.2323 10.2027 
-31.3697 13.9033 9.46738 -30.7712 13.5586 8.74417 -30.1994 13.2123 8.00063 
-29.6619 12.8766 7.22765 -29.1992 12.5662 6.39846 -28.8088 12.2842 5.52283 
-28.4836 12.0365 4.61048 -28.1863 11.8078 3.68355 -27.9003 11.5939 2.74952 
-27.6218 11.389 1.81119 -27.3562 11.192 0.867458 -27.0972 10.9938 -0.0778695 
-26.8311 10.7819 -1.01809 -26.5384 10.5417 -1.94345 -26.2242 10.28 -2.856 
-25.9118 10.0177 -3.76895 -25.6208 9.76717 -4.69226 -25.3484 9.52076 -5.62232 
-25.0759 9.26176 -6.5488 -24.771 8.97054 -7.45515 -24.4721 8.67741 -8.13592 
-24.1262 8.30828 -8.75302 -23.6494 7.75464 -9.43447 -23.1495 7.15663 -10.0604 
-22.6529 6.5313 -10.6621 -22.1786 5.90697 -11.2826 -21.7249 5.27727 -11.9132 
-21.2563 4.66663 -12.551 -20.7501 4.0876 -13.19 -20.2379 3.52019 -13.8346 
-19.739 2.94465 -14.4823 -19.2516 2.38719 -15.1542 -18.7804 1.80491 -15.8164 
-18.3498 1.26047 -16.533 -17.9974 0.759026 -17.3221 -17.7407 0.270759 -18.1549 
-17.563 -0.209374 -19.0134 -17.445 -0.690956 -19.8815 -17.3659 -1.1552 -20.7635 
-17.3379 -1.59432 -21.6609 -17.3476 -1.99868 -22.5753 -17.3668 -2.36901 -23.5039 
-17.3676 -2.70876 -24.4439 -17.3109 -3.01039 -25.3951 -17.1778 -3.24003 -26.3582 
-16.966 -3.39776 -27.3214 -16.6078 -3.45889 -28.2501 -16.1164 -3.45041 -29.1182 
-15.5892 -3.35357 -29.9608 -15.1187 -3.11986 -30.8083 -14.7387 -2.72659 -31.6403 
-14.486 -2.23877 -32.4717 -14.2839 -1.97394 -33.4055 -14.1052 -1.97372 -34.3853 
-13.9856 -2.06965 -35.373 -13.9202 -2.21287 -36.3601 -13.8919 -2.40367 -37.3411 
-13.8844 -2.64262 -38.3117 -13.8957 -2.94195 -39.2657 -13.9135 -3.27283 -40.209 
-13.934 -3.63721 -41.14 -13.9478 -4.01188 -42.0671 -13.9507 -4.395 -42.9907 
-13.935 -4.82403 -43.893 -13.8961 -5.3439 -44.745 -13.8447 -5.9534 -45.535 
-23.5917 17.2687 34.078 -23.8663 17.2117 33.3288 -24.2055 17.1205 32.3926 
-24.5643 17.0188 31.4648 -24.959 16.9254 30.5509 -25.3619 16.861 29.638 
-25.769 16.8252 28.7254 -26.1795 16.8064 27.8137 -26.5863 16.7955 26.9003 
-26.9869 16.7812 25.9841 -27.381 16.7547 25.0655 -27.7639 16.7207 24.1423 
-28.1074 16.6961 23.204 -28.3921 16.6838 22.2458 -28.5945 16.6774 21.2672 
-28.7645 16.6601 20.2846 -29.321 16.542 19.4855 -29.9724 16.4158 18.7375 
-30.6067 16.3165 17.9711 -31.2002 16.2539 17.1695 -31.7276 16.2298 16.3212 
-32.1695 16.2383 15.4253 -32.4976 16.2589 14.4824 -32.6868 16.2654 13.5033 
-32.6756 16.2124 12.5085 -32.4659 16.0741 11.5466 -32.03 15.819 10.6897 
-31.4839 15.474 9.92836 -30.8948 15.0755 9.22545 -30.3074 14.6623 8.52974 
-29.7485 14.2482 7.81149 -29.2306 13.8445 7.05786 -28.7766 13.4685 6.25082 
-28.3821 13.1206 5.40109 -28.0529 12.8124 4.50898 -27.7551 12.5357 3.59555 
-27.4782 12.2812 2.66901 -27.2151 12.0428 1.73419 -26.9625 11.8156 0.793684 
-26.7094 11.5818 -0.145023 -26.4344 11.3195 -1.06978 -26.1306 11.0322 -1.978 
-25.8125 10.7302 -2.87669 -25.5056 10.4278 -3.77907 -25.2253 10.131 -4.69184 
-24.9625 9.8334 -5.60964 -24.6792 9.5175 -6.51487 -24.3438 9.15273 -7.38212 
-24.1083 8.8857 -7.86422 -23.755 8.46395 -8.44402 -23.2739 7.85133 -9.06583 
-22.783 7.15088 -9.58286 -22.3366 6.39454 -10.0587 -21.9805 5.58406 -10.5233 
-21.6344 4.78078 -11.0077 -21.2497 3.99981 -11.4994 -20.8435 3.22202 -11.979 
-20.4184 2.48104 -12.4966 -19.9906 1.77741 -13.0636 -19.5722 1.16851 -13.7299 
-19.184 0.684498 -14.511 -18.8754 0.29244 -15.3758 -18.6384 -0.0441093 -16.2866 
-18.4664 -0.382179 -17.2116 -18.3325 -0.744343 -18.1339 -18.2186 -1.12577 -19.0512 
-18.1146 -1.51947 -19.9646 -18.0248 -1.91236 -20.8797 -17.9632 -2.29473 -21.8014 
-17.9422 -2.66189 -22.7312 -17.9268 -3.00791 -23.6693 -17.8945 -3.32103 -24.6182 
-17.8348 -3.58337 -25.5807 -17.7252 -3.77953 -26.5543 -17.5485 -3.90861 -27.5289 
-17.2517 -3.94099 -28.4802 -16.8442 -3.86971 -29.3883 -16.462 -3.62054 -30.2725 
-16.2384 -3.14378 -31.1101 -16.0589 -2.54397 -31.8886 -15.8587 -2.3667 -32.7892 
-15.6516 -2.5721 -33.7454 -15.4445 -2.76557 -34.7043 -15.2374 -2.93315 -35.6681 
-15.0531 -3.10681 -36.6353 -14.9197 -3.33303 -37.5995 -14.8362 -3.61866 -38.5536 
-14.8072 -3.96962 -39.489 -14.8247 -4.36004 -40.4091 -14.898 -4.75569 -41.3245 
-15.0009 -5.12988 -42.2459 -15.1109 -5.42222 -43.1951 -15.2008 -5.65305 -44.1636 
-15.236 -5.89447 -45.1328 -24.5288 15.1635 31.9644 -24.8741 15.1066 31.0277 
-25.242 15.0822 30.0984 -25.6339 15.0884 29.1785 -26.0462 15.1019 28.2676 
-26.4627 15.1178 27.3586 -26.8716 15.128 26.4461 -27.2683 15.1233 25.5282 
-27.6549 15.1098 24.6061 -28.017 15.106 23.6742 -28.3305 15.1231 22.7251 
-28.5757 15.1553 21.7568 -28.7741 15.1782 20.7801 -29.3763 15.0808 20.0207 
-30.0778 14.984 19.3149 -30.7684 14.9224 18.5948 -31.4254 14.9 17.8417 
-32.0196 14.9243 17.0395 -32.5328 14.9833 16.1842 -32.9068 15.0611 15.2627 
-33.1375 15.1402 14.2954 -33.1576 15.1694 13.3003 -32.9903 15.1191 12.3205 
-32.6162 14.9558 11.4102 -32.1192 14.7055 10.5829 -31.5375 14.3663 9.84477 
-30.9389 14.0027 9.13106 -30.3518 13.633 8.41112 -29.7994 13.2696 7.66133 
-29.3044 12.9267 6.86397 -28.8848 12.6152 6.01245 -28.5353 12.3389 5.11771 
-28.2272 12.088 4.2002 -27.9365 11.8582 3.27141 -27.6552 11.6394 2.3371 
-27.386 11.43 1.39709 -27.1258 11.2241 0.453747 -26.8621 11.0084 -0.486361 
-26.5762 10.7664 -1.41338 -26.2649 10.4991 -2.32523 -25.949 10.2245 -3.23341 
-25.649 9.95661 -4.1489 -25.3661 9.69319 -5.07115 -25.0893 9.42166 -5.99282 
-24.7838 9.12084 -6.89571 -24.4867 8.82941 -7.57831 -24.2368 8.56887 -8.05667 
-23.9638 8.26331 -8.49331 -23.4639 7.66374 -9.11696 -22.9543 7.01015 -9.67477 
-22.4774 6.29507 -10.1853 -22.0597 5.55132 -10.7062 -21.6764 4.79967 -11.2426 
-21.2645 4.06683 -11.7839 -20.8237 3.3466 -12.3188 -20.3675 2.66648 -12.8924 
-19.9249 2.00351 -13.4953 -19.49 1.40865 -14.1684 -19.094 0.918623 -14.944 
-18.7658 0.493149 -15.7847 -18.5177 0.128723 -16.6818 -18.329 -0.239284 -17.5919 
-18.1802 -0.627197 -18.5014 -18.0503 -1.02419 -19.41 -17.9389 -1.42478 -20.3194 
-17.8625 -1.82382 -21.233 -17.8246 -2.20471 -22.1566 -17.825 -2.56575 -23.089 
-17.8227 -2.90288 -24.0303 -17.7846 -3.20577 -24.9822 -17.7041 -3.44791 -25.9486 
-17.5717 -3.62688 -26.9226 -17.3309 -3.71366 -27.8869 -16.9645 -3.71021 -28.8143 
-16.4924 -3.596 -29.6861 -16.0665 -3.32739 -30.5459 -15.7524 -2.8531 -31.3641 
-15.4774 -2.39683 -32.1943 -15.2041 -2.43795 -33.1395 -14.952 -2.62005 -34.0896 
-14.7458 -2.79042 -35.0528 -14.5867 -2.95122 -36.0266 -14.4739 -3.14019 -37.0017 
-14.4064 -3.38558 -37.9683 -14.3767 -3.69509 -38.9182 -14.3758 -4.0538 -39.8513 
-14.4067 -4.43784 -40.7741 -14.456 -4.81938 -41.6971 -14.5103 -5.19217 -42.6234 
-14.5521 -5.55535 -43.5541 -14.5551 -5.96021 -44.4675 -14.5123 -6.45177 -45.3357 
-23.5533 18.8074 33.8442 -23.8244 18.7297 33.0956 -24.1784 18.611 32.168 
-24.5634 18.4745 31.2554 -24.9795 18.3439 30.3557 -25.3995 18.2496 29.4532 
-25.8138 18.1827 28.5456 -26.2208 18.1376 27.6333 -26.624 18.1028 26.7188 
-27.0247 18.0637 25.8035 -27.4217 18.0129 24.8871 -27.8024 17.9541 23.9643 
-28.1418 17.904 23.0255 -28.4109 17.8654 22.0638 -28.5974 17.8359 21.0826 
-28.7432 17.7991 20.0986 -29.2015 17.6786 19.2383 -29.8059 17.5282 18.4562 
-30.3955 17.3962 17.6596 -30.9399 17.298 16.8274 -31.4309 17.2329 15.9591 
-31.8516 17.1952 15.0537 -32.1688 17.1747 14.1068 -32.3659 17.1384 13.1294 
-32.3993 17.049 12.1382 -32.1867 16.8614 11.1842 -31.7757 16.5797 10.3231 
-31.2312 16.198 9.57874 -30.6524 15.7754 8.8816 -30.0821 15.3354 8.1881 
-29.5354 14.8935 7.4769 -29.0319 14.4629 6.72864 -28.5814 14.0547 5.93532 
-28.1989 13.6786 5.09224 -27.8759 13.3441 4.20744 -27.5957 13.0503 3.29386 
-27.3395 12.7821 2.3653 -27.0993 12.537 1.42607 -26.8659 12.3 0.483036 
-26.6262 12.0431 -0.453075 -26.3588 11.757 -1.37297 -26.0574 11.4507 -2.27582 
-25.7495 11.1399 -3.17501 -25.4676 10.8354 -4.0848 -25.2129 10.5407 -5.00566 
-24.9878 10.2541 -5.93686 -24.752 9.95559 -6.86143 -24.459 9.60636 -7.74998 
-24.0979 9.17468 -8.57438 -23.7595 8.74907 -9.16002 -23.3018 8.17049 -9.83384 
-22.8261 7.55674 -10.4636 -22.3504 6.95729 -11.1073 -21.8801 6.36199 -11.7587 
-21.3912 5.79274 -12.4194 -20.879 5.23551 -13.0728 -20.3542 4.68533 -13.7223 
-19.849 4.11404 -14.3689 -19.3572 3.54461 -15.0275 -18.8788 2.95479 -15.6778 
-18.3955 2.32838 -16.2885 -17.9101 1.64967 -16.8382 -17.5504 0.99811 -17.4955 
-17.3242 0.425628 -18.2817 -17.1807 -0.122093 -19.1057 -17.0779 -0.656929 -19.9441 
-17.0035 -1.15943 -20.8053 -16.9707 -1.6258 -21.6887 -16.964 -2.05059 -22.5938 
-16.9597 -2.43684 -23.5161 -16.9254 -2.78615 -24.4519 -16.8337 -3.09382 -25.3984 
-16.6773 -3.33612 -26.3551 -16.4429 -3.51885 -27.3084 -16.0784 -3.62466 -28.2322 
-15.6199 -3.66622 -29.1182 -15.1591 -3.60788 -30.0025 -14.7657 -3.42007 -30.8984 
-14.4896 -3.00828 -31.7614 -14.3034 -2.5344 -32.6199 -14.1542 -2.25715 -33.5585 
-14.0067 -2.23727 -34.5442 -13.9155 -2.33201 -35.5346 -13.872 -2.48696 -36.5212 
-13.8563 -2.69184 -37.4996 -13.8602 -2.94731 -38.4661 -13.8764 -3.25576 -39.417 
-13.897 -3.60415 -40.354 -13.9178 -3.97662 -41.2818 -13.9309 -4.35328 -42.2081 
-13.9284 -4.75201 -43.1248 -13.9061 -5.20906 -44.0132 -13.8516 -5.78144 -44.8293 
-13.7877 -6.43254 -45.5848 -24.6574 13.1846 32.1962 -24.9104 13.1855 31.4373 
-25.2361 13.2246 30.4928 -25.5924 13.2936 29.5612 -25.9877 13.3664 28.6458 
-26.406 13.426 27.7394 -26.8239 13.4669 26.8319 -27.2286 13.4854 25.9177 
-27.6162 13.4917 24.9959 -27.9822 13.5071 24.0656 -28.3058 13.5523 23.1209 
-28.5666 13.6235 22.159 -28.7965 13.6876 21.2017 -29.4153 13.6215 20.455 
-30.1634 13.5511 19.7956 -30.8989 13.5234 19.1193 -31.5968 13.5471 18.4041 
-32.2301 13.6176 17.635 -32.7685 13.722 16.8008 -33.1768 13.8522 15.8999 
-33.4129 13.9774 14.94 -33.4669 14.0631 13.9485 -33.3105 14.0632 12.9649 
-32.9946 13.9779 12.0235 -32.535 13.7875 11.1589 -31.987 13.51 10.3717 
-31.3974 13.1802 9.63449 -30.8128 12.8511 8.89297 -30.2588 12.5252 8.12732 
-29.7563 12.2204 7.31882 -29.3311 11.9514 6.45566 -28.9729 11.7136 5.55344 
-28.665 11.5044 4.62538 -28.3725 11.3061 3.68992 -28.0844 11.1131 2.75197 
-27.7979 10.9278 1.81201 -27.5239 10.7487 0.86713 -27.2574 10.5668 -0.079384 
-26.9847 10.3673 -1.0205 -26.6901 10.1455 -1.9498 -26.372 9.90172 -2.86602 
-26.0565 9.6595 -3.78345 -25.7574 9.42988 -4.70961 -25.4711 9.20461 -5.64088 
-25.1812 8.96495 -6.56719 -24.8507 8.68041 -7.46603 -24.5288 8.38776 -8.13667 
-24.0685 7.92021 -8.888 -23.5682 7.36549 -9.55126 -23.0533 6.75828 -10.1558 
-22.5523 6.12924 -10.75 -22.0867 5.49148 -11.3633 -21.6399 4.84786 -11.9847 
-21.1581 4.24325 -12.6181 -20.6551 3.6554 -13.2514 -20.1468 3.09137 -13.9021 
-19.6549 2.52769 -14.5651 -19.1766 1.98548 -15.2558 -18.7247 1.43804 -15.9594 
-18.3378 0.956876 -16.7443 -18.0289 0.496033 -17.5753 -17.8014 0.0396627 -18.4348 
-17.6399 -0.419155 -19.3082 -17.534 -0.878394 -20.1901 -17.4692 -1.32251 -21.0833 
-17.4658 -1.73852 -21.9923 -17.4856 -2.12526 -22.9142 -17.5168 -2.47914 -23.8489 
-17.5163 -2.8037 -24.7941 -17.4461 -3.07966 -25.7521 -17.3026 -3.28072 -26.7194 
-17.0443 -3.38818 -27.6771 -16.6351 -3.40402 -28.5849 -16.0935 -3.34337 -29.4221 
-15.5427 -3.19382 -30.2415 -15.06 -2.8874 -31.0599 -14.6802 -2.46363 -31.8773 
-14.4354 -2.01268 -32.7307 -14.2297 -1.84256 -33.6811 -14.0619 -1.89777 -34.6645 
-13.9538 -2.00098 -35.6528 -13.9027 -2.15635 -36.6391 -13.88 -2.35471 -37.6186 
-13.8797 -2.61243 -38.5844 -13.8928 -2.91999 -39.5357 -13.9128 -3.26126 -40.4753 
-13.9333 -3.62641 -41.4061 -13.9435 -4.00176 -42.3328 -13.945 -4.38416 -43.2567 
-13.9206 -4.83248 -44.1495 -13.8826 -5.36041 -44.9967 -13.8483 -5.85084 -45.6272 
-24.898 23.3011 29.8297 -25.2842 22.9843 28.9636 -25.6524 22.6995 28.0787 
-26.0276 22.4352 27.1903 -26.4315 22.2013 26.3061 -26.8583 21.9981 25.425 
-27.2931 21.8263 24.5411 -27.7158 21.6811 23.6467 -28.1048 21.5689 22.7327 
-28.4284 21.4797 21.7915 -28.6437 21.4054 20.8196 -28.7233 21.3382 19.8275 
-28.6215 21.2681 18.8384 -28.5215 21.1658 17.9384 -29.0442 20.9541 17.1127 
-29.5349 20.7443 16.2673 -29.9695 20.5389 15.3908 -30.357 20.3385 14.4913 
-30.6954 20.1364 13.5725 -30.9644 19.9155 12.636 -31.1299 19.6377 11.6917 
-31.1277 19.2712 10.7666 -30.8786 18.8019 9.92577 -30.4856 18.2514 9.19438 
-30.0113 17.6723 8.53179 -29.5009 17.1162 7.87596 -28.9885 16.5701 7.21338 
-28.4996 16.0368 6.52332 -28.0491 15.5166 5.79809 -27.6423 15.0193 5.03248 
-27.2956 14.5644 4.21296 -26.9926 14.154 3.35348 -26.7271 13.7975 2.45814 
-26.4849 13.4772 1.54242 -26.2537 13.1738 0.618055 -26.0214 12.8675 -0.305115 
-25.7624 12.5357 -1.21193 -25.4665 12.1749 -2.09613 -25.1581 11.8017 -2.97104 
-24.8642 11.4317 -3.85231 -24.604 11.0713 -4.74801 -24.3651 10.7139 -5.65085 
-24.1198 10.3397 -6.54485 -23.8425 9.92638 -7.41175 -23.5007 9.44562 -8.21756 
-23.0138 8.74608 -9.05697 -22.572 8.073 -9.64824 -22.1407 7.32609 -10.1524 
-21.7684 6.52365 -10.6166 -21.4821 5.69157 -11.091 -21.1777 4.8723 -11.5765 
-20.8294 4.06275 -12.0484 -20.429 3.28884 -12.5374 -20.0176 2.52815 -13.039 
-19.6192 1.78875 -13.576 -19.2187 1.1871 -14.2651 -18.8602 0.661533 -15.0345 
-18.5932 0.265099 -15.911 -18.3844 -0.098747 -16.8185 -18.2295 -0.484813 -17.7276 
-18.0993 -0.885036 -18.6347 -17.9793 -1.29114 -19.5406 -17.8758 -1.70288 -20.4459 
-17.8028 -2.10613 -21.358 -17.7672 -2.49572 -22.2781 -17.757 -2.86095 -23.2089 
-17.7325 -3.19965 -24.1493 -17.6817 -3.49298 -25.1035 -17.5904 -3.72991 -26.0702 
-17.4342 -3.89745 -27.0425 -17.1866 -3.99081 -28.0052 -16.8192 -3.99306 -28.9324 
-16.3987 -3.87919 -29.8304 -16.1048 -3.54748 -30.7167 -15.9323 -3.00956 -31.5369 
-15.7312 -2.56054 -32.3692 -15.4956 -2.58584 -33.3223 -15.2735 -2.76841 -34.28 
-15.0602 -2.93972 -35.2417 -14.8739 -3.10673 -36.2097 -14.7391 -3.30647 -37.1798 
-14.6575 -3.56818 -38.1408 -14.6208 -3.89246 -39.0855 -14.6266 -4.26643 -40.0126 
-14.6765 -4.6567 -40.9317 -14.7605 -5.03779 -41.8524 -14.8583 -5.37323 -42.7887 
-14.9472 -5.64267 -43.7474 -14.9973 -5.9003 -44.712 -14.9741 -6.21697 -45.6592 
-23.6754 17.3708 33.8152 -24.0158 17.2894 32.8785 -24.3624 17.1898 31.9459 
-24.7364 17.0864 31.0245 -25.1388 17.0041 30.1128 -25.5443 16.9514 29.2003 
-25.9534 16.9235 28.2882 -26.3631 16.9067 27.3762 -26.7663 16.8938 26.4612 
-27.1639 16.8724 25.5439 -27.5545 16.8383 24.624 -27.9255 16.8041 23.6961 
-28.2369 16.7848 22.7465 -28.4786 16.7744 21.7768 -28.6384 16.7677 20.7905 
-28.797 16.7386 19.8059 -29.3922 16.611 19.0412 -30.0638 16.4814 18.3124 
-30.6934 16.3842 17.5423 -31.2713 16.3249 16.7291 -31.7756 16.3026 15.8668 
-32.1988 16.308 14.9619 -32.4832 16.3206 14.0052 -32.6245 16.3084 13.018 
-32.5477 16.2183 12.0305 -32.275 16.0444 11.089 -31.8208 15.7828 10.2412 
-31.2566 15.4306 9.49692 -30.6618 15.0365 8.7963 -30.0797 14.627 8.09402 
-29.5333 14.2176 7.36377 -29.0262 13.8182 6.60038 -28.5885 13.4465 5.78265 
-28.218 13.1068 4.91897 -27.8964 12.8002 4.02337 -27.6068 12.5264 3.10641 
-27.3402 12.2763 2.17568 -27.0849 12.0402 1.23811 -26.8379 11.8123 0.29629 
-26.5835 11.5672 -0.639103 -26.3014 11.2924 -1.55802 -25.9901 10.9955 -2.46071 
-25.6778 10.6929 -3.36118 -25.383 10.393 -4.2684 -25.1175 10.1001 -5.18688 
-24.8682 9.80674 -6.10975 -24.5895 9.48814 -7.01516 -24.3255 9.19282 -7.70914 
-24.1015 8.93629 -8.20287 -23.6767 8.4158 -8.94029 -23.2076 7.81559 -9.58664 
-22.7267 7.15229 -10.1595 -22.261 6.47363 -10.727 -21.8413 5.77701 -11.3085 
-21.4279 5.08978 -11.9056 -20.9857 4.42216 -12.5041 -20.5121 3.77374 -13.1 
-20.0333 3.13039 -13.6971 -19.5672 2.48093 -14.2972 -19.1146 1.87073 -14.9473 
-18.6982 1.29233 -15.645 -18.3464 0.811648 -16.4463 -18.0746 0.359379 -17.2951 
-17.8673 -0.091278 -18.1631 -17.7142 -0.545433 -19.0405 -17.5996 -0.999915 -19.9237 
-17.5194 -1.44413 -20.8158 -17.4821 -1.86584 -21.7215 -17.4738 -2.2571 -22.6416 
-17.4803 -2.6192 -23.5736 -17.4611 -2.95471 -24.5152 -17.3831 -3.24017 -25.4697 
-17.2558 -3.46412 -26.4352 -17.0403 -3.60777 -27.3995 -16.7153 -3.67447 -28.3405 
-16.2528 -3.64769 -29.2252 -15.7806 -3.52714 -30.0969 -15.403 -3.2104 -30.9617 
-15.0683 -2.78894 -31.804 -14.7668 -2.49549 -32.699 -14.5289 -2.48377 -33.6655 
-14.3505 -2.5871 -34.6436 -14.221 -2.71938 -35.626 -14.1383 -2.89106 -36.6073 
-14.0905 -3.10708 -37.5821 -14.0726 -3.38485 -38.5423 -14.0725 -3.71242 -39.4869 
-14.0887 -4.08025 -40.4165 -14.1142 -4.45755 -41.3423 -14.1356 -4.83971 -42.2661 
-14.1444 -5.247 -43.1791 -14.1142 -5.74578 -44.043 -14.0422 -6.363 -44.823 
-13.9466 -7.09119 -45.5008 -24.6047 12.7182 32.5518 -24.9181 12.7154 31.6024 
-25.2349 12.7547 30.6549 -25.581 12.8308 29.7201 -25.9668 12.9184 28.8018 
-26.381 12.9913 27.8946 -26.8013 13.0445 26.9889 -27.2088 13.0696 26.0761 
-27.6005 13.0821 25.1561 -27.9681 13.1029 24.2265 -28.3031 13.1516 23.2859 
-28.5693 13.2337 22.3263 -28.7376 13.3326 21.3479 -29.3183 13.279 20.5895 
-30.0762 13.2055 19.9423 -30.8209 13.1841 19.276 -31.5267 13.2149 18.569 
-32.1661 13.2965 17.8061 -32.7208 13.4098 16.9836 -33.1366 13.549 16.0876 
-33.4036 13.6852 15.1363 -33.4759 13.7799 14.1475 -33.3528 13.7989 13.16 
-33.0425 13.7192 12.2157 -32.606 13.5498 11.3349 -32.0627 13.2777 10.5425 
-31.4803 12.9567 9.79611 -30.9009 12.6306 9.04916 -30.3461 12.3085 8.28229 
-29.8497 12.0113 7.46756 -29.4192 11.7476 6.60499 -29.0582 11.5165 5.70228 
-28.747 11.3135 4.77398 -28.4535 11.123 3.83722 -28.1628 10.9344 2.89919 
-27.8717 10.751 1.96024 -27.5895 10.5742 1.01735 -27.3182 10.3975 0.071219 
-27.0447 10.2071 -0.871588 -26.7493 9.9912 -1.80202 -26.432 9.75573 -2.72062 
-26.1143 9.51969 -3.63896 -25.8097 9.2942 -4.56431 -25.5126 9.07269 -5.4931 
-25.2094 8.83792 -6.41644 -24.8587 8.54889 -7.30622 -24.4408 8.18222 -8.13525 
-24.0623 7.81503 -8.73536 -23.5498 7.2506 -9.38081 -23.0212 6.63932 -9.96903 
-22.5199 5.97844 -10.5272 -22.0681 5.29778 -11.1032 -21.6423 4.61021 -11.691 
-21.1935 3.94469 -12.2873 -20.7108 3.31341 -12.894 -20.2204 2.70744 -13.5202 
-19.7448 2.11316 -14.1685 -19.2903 1.57099 -14.8736 -18.8808 1.0705 -15.6357 
-18.5313 0.629166 -16.46 -18.2794 0.22847 -17.3405 -18.0765 -0.178081 -18.2311 
-17.9165 -0.594035 -19.1261 -17.794 -1.01506 -20.0247 -17.7191 -1.43292 -20.9299 
-17.6902 -1.83587 -21.8443 -17.6962 -2.20938 -22.7718 -17.7226 -2.55948 -23.708 
-17.7229 -2.88102 -24.6545 -17.6638 -3.15412 -25.6139 -17.546 -3.35655 -26.5849 
-17.3403 -3.47871 -27.5539 -16.9782 -3.49448 -28.4812 -16.4706 -3.4234 -29.3375 
-15.9312 -3.23741 -30.1567 -15.4549 -2.90122 -30.9647 -15.0588 -2.48441 -31.7819 
-14.7309 -2.23505 -32.6775 -14.4859 -2.26871 -33.6444 -14.3029 -2.3756 -34.6213 
-14.1766 -2.50881 -35.6039 -14.0941 -2.67506 -36.5863 -14.0496 -2.88959 -37.5616 
-14.0331 -3.15645 -38.5248 -14.0348 -3.47656 -39.472 -14.0487 -3.83503 -40.4053 
-14.0697 -4.21283 -41.3309 -14.086 -4.59397 -42.2553 -14.0878 -5.00322 -43.1675 
-14.0613 -5.48452 -44.042 -13.9912 -6.09569 -44.8277 -13.9052 -6.79675 -45.5342 
-25.0336 23.3051 29.5231 -25.3358 23.0584 28.8247 -25.7011 22.7735 27.9386 
-26.0769 22.5072 27.0511 -26.4818 22.27 26.1682 -26.91 22.0646 25.2883 
-27.3435 21.8917 24.404 -27.7635 21.7483 23.508 -28.1468 21.6396 22.5912 
-28.4615 21.5516 21.647 -28.6614 21.4785 20.6719 -28.7095 21.4133 19.6776 
-28.5821 21.3438 18.6936 -28.7059 21.1911 17.7668 -29.1954 20.9817 16.9229 
-29.6673 20.7723 16.0668 -30.0881 20.5691 15.183 -30.4685 20.3692 14.2801 
-30.7939 20.164 13.3576 -31.0481 19.9375 12.418 -31.1962 19.6468 11.4749 
-31.1586 19.272 10.5557 -30.8494 18.7797 9.74992 -30.4241 18.2176 9.04292 
-29.9294 17.6488 8.3861 -29.416 17.0965 7.72927 -28.9141 16.5568 7.05366 
-28.4394 16.0288 6.34976 -28.0109 15.5189 5.60438 -27.6335 15.0392 4.813 
-27.3115 14.6001 3.97494 -27.0319 14.2091 3.09872 -26.7898 13.8747 2.18819 
-26.5667 13.5678 1.263 -26.35 13.2676 0.334099 -26.1236 12.9536 -0.587816 
-25.8602 12.6116 -1.48966 -25.5648 12.2497 -2.37364 -25.2689 11.8864 -3.25705 
-24.9972 11.5346 -4.15264 -24.7657 11.1989 -5.06557 -24.5588 10.8716 -5.98754 
-24.3373 10.5304 -6.90069 -24.069 10.1446 -7.78252 -23.7269 9.67681 -8.59585 
-23.3268 9.13152 -9.33 -22.8867 8.50485 -9.97182 -22.4291 7.8656 -10.5898 
-21.978 7.22914 -11.2154 -21.5261 6.60971 -11.8572 -21.0604 6.01375 -12.5112 
-20.5736 5.42755 -13.1587 -20.0715 4.83997 -13.7931 -19.5857 4.22886 -14.4179 
-19.1119 3.60931 -15.0435 -18.6452 2.9534 -15.6363 -18.159 2.24974 -16.152 
-17.7326 1.50777 -16.6563 -17.4527 0.856727 -17.3564 -17.2724 0.276242 -18.1493 
-17.143 -0.281207 -18.9692 -17.0462 -0.82362 -19.8035 -16.9701 -1.33466 -20.6594 
-16.9323 -1.8099 -21.538 -16.9155 -2.24176 -22.4396 -16.908 -2.63704 -23.358 
-16.8676 -2.99446 -24.2907 -16.7845 -3.31399 -25.2341 -16.643 -3.56757 -26.1904 
-16.4291 -3.76536 -27.146 -16.1068 -3.89762 -28.0819 -15.6915 -3.96323 -28.9878 
-15.2745 -3.92198 -29.8939 -14.9193 -3.77175 -30.8138 -14.6399 -3.44299 -31.7137 
-14.4295 -3.05614 -32.6104 -14.2712 -2.84382 -33.5666 -14.1343 -2.85318 -34.5549 
-14.0316 -2.95934 -35.5436 -13.9655 -3.11979 -36.528 -13.9375 -3.34183 -37.5022 
-13.9314 -3.61877 -38.4627 -13.9399 -3.95374 -39.4047 -13.9593 -4.32041 -40.3348 
-13.9861 -4.68858 -41.2642 -14.0057 -5.06374 -42.1908 -14.0009 -5.49434 -43.0926 
-13.9559 -6.03289 -43.9308 -13.8734 -6.70608 -44.6626 -13.7663 -7.45161 -45.3195 
-24.4381 15.0912 32.2042 -24.7063 15.0429 31.4521 -25.0626 15.0077 30.5186 
-25.4426 15.0107 29.5937 -25.8462 15.0244 28.679 -26.264 15.0407 27.7706 
-26.6777 15.0548 26.8603 -27.079 15.0563 25.9444 -27.4705 15.0459 25.0243 
-27.8448 15.0348 24.0972 -28.177 15.045 23.1544 -28.445 15.0749 22.1921 
-28.6327 15.116 21.2117 -29.0168 15.0744 20.3376 -29.7284 14.9587 19.6453 
-30.4299 14.881 18.9371 -31.1105 14.8374 18.2064 -31.7378 14.8418 17.4283 
-32.2948 14.8874 16.6005 -32.7406 14.9593 15.7107 -33.0331 15.0431 14.7612 
-33.144 15.1017 13.7722 -33.0623 15.0901 12.7799 -32.7682 14.9706 11.836 
-32.3345 14.7633 10.9634 -31.7779 14.4518 10.1952 -31.1839 14.0906 9.47641 
-30.5911 13.7213 8.76081 -30.0223 13.3521 8.02613 -29.5 13 7.25 
-29.0322 12.6678 6.43177 -28.6418 12.3696 5.56187 -28.3134 12.1044 4.65563 
-28.0132 11.8605 3.73348 -27.721 11.6298 2.80543 -27.4393 11.4109 1.87124 
-27.1676 11.1997 0.93233 -26.902 10.9888 -0.008386 -26.6261 10.7621 -0.942376 
-26.3227 10.5047 -1.85961 -26.0022 10.2283 -2.76558 -25.6836 9.94813 -3.67112 
-25.379 9.67147 -4.58253 -25.0809 9.39038 -5.49469 -24.7665 9.08921 -6.39458 
-24.3924 8.74147 -7.25298 -24.0449 8.39797 -7.88428 -23.66 7.98176 -8.4466 
-23.1409 7.36909 -9.03854 -22.6377 6.65851 -9.52683 -22.2384 5.85214 -9.95545 
-21.9177 4.99589 -10.3599 -21.573 4.16665 -10.7988 -21.1924 3.35921 -11.2494 
-20.7929 2.56717 -11.7101 -20.3718 1.83415 -12.2424 -19.945 1.16708 -12.8518 
-19.5314 0.615723 -13.5673 -19.1633 0.21537 -14.4043 -18.8895 -0.110865 -15.308 
-18.6929 -0.40472 -16.2428 -18.5575 -0.714058 -17.1839 -18.4529 -1.0507 -18.1196 
-18.3615 -1.41542 -19.0461 -18.2724 -1.79765 -19.9659 -18.1897 -2.18496 -20.884 
-18.1399 -2.56902 -21.8058 -18.1161 -2.93601 -22.7357 -18.1009 -3.27961 -23.6745 
-18.0843 -3.58837 -24.6253 -18.0343 -3.84227 -25.5906 -17.9362 -4.03353 -26.5667 
-17.7848 -4.1636 -27.5457 -17.5327 -4.19911 -28.5101 -17.1857 -4.11792 -29.4417 
-16.8887 -3.83543 -30.3428 -16.8615 -3.31556 -31.1791 -16.8966 -2.60208 -31.8767 
-16.8635 -2.10641 -32.6927 -16.788 -2.09214 -33.6841 -16.6833 -2.22749 -34.6686 
-16.5143 -2.38967 -35.6405 -16.3008 -2.55816 -36.6026 -16.0822 -2.75378 -37.5584 
-15.8923 -2.99808 -38.5089 -15.7859 -3.3147 -39.4499 -15.7702 -3.69228 -40.3748 
-15.8198 -4.13139 -41.2714 -15.9318 -4.55076 -42.1713 -16.1043 -4.89626 -43.0927 
-16.2768 -5.10919 -44.0513 -16.4158 -5.19264 -45.0375 -16.4981 -5.27264 -46.0305 
-24.8851 25.0831 29.3183 -25.2754 24.7509 28.4599 -25.6413 24.4121 27.5931 
-26.0161 24.0779 26.7285 -26.4188 23.7597 25.8703 -26.8442 23.4798 25.0099 
-27.2721 23.2443 24.1376 -27.6868 23.0614 23.2467 -28.0718 22.9306 22.3333 
-28.3985 22.8347 21.3937 -28.6329 22.7619 20.4258 -28.7046 22.6937 19.4332 
-28.6298 22.6087 18.442 -28.5366 22.4787 17.5094 -28.9188 22.2516 16.5401 
-29.385 22.0234 15.686 -29.7892 21.7854 14.8032 -30.143 21.5409 13.9006 
-30.459 21.2703 12.9915 -30.7242 20.9591 12.0798 -30.8753 20.5797 11.1702 
-30.8493 20.1232 10.2864 -30.582 19.5567 9.51289 -30.1849 18.9406 8.83615 
-29.7103 18.3365 8.19618 -29.2134 17.7477 7.55869 -28.7243 17.1784 6.89817 
-28.2601 16.6171 6.21313 -27.8382 16.0731 5.48834 -27.4581 15.5504 4.7257 
-27.1202 15.0579 3.92408 -26.8253 14.6132 3.07933 -26.5774 14.2327 2.1889 
-26.3506 13.889 1.27776 -26.1336 13.5674 0.356091 -25.9108 13.2403 -0.562174 
-25.6588 12.8841 -1.4617 -25.3703 12.5028 -2.33985 -25.0727 12.1194 -3.21411 
-24.7967 11.7472 -4.10015 -24.558 11.3871 -5.00186 -24.3471 11.0354 -5.91385 
-24.1315 10.6746 -6.82105 -23.8805 10.2806 -7.70448 -23.5636 9.82123 -8.53279 
-23.1011 9.1636 -9.42 -22.6721 8.53374 -10.0663 -22.2246 7.88108 -10.6775 
-21.7864 7.22119 -11.2877 -21.3476 6.58521 -11.9224 -20.9058 5.96403 -12.5695 
-20.4273 5.35997 -13.2067 -19.9397 4.74942 -13.8306 -19.4674 4.11091 -14.4382 
-19.0061 3.45546 -15.0357 -18.5438 2.7569 -15.5811 -18.0661 2.01604 -16.0496 
-17.7014 1.2891 -16.6075 -17.4636 0.672367 -17.3541 -17.3101 0.108345 -18.1652 
-17.1918 -0.441144 -18.9921 -17.1012 -0.973264 -19.8338 -17.0317 -1.47755 -20.6942 
-16.9943 -1.94802 -21.5757 -16.9768 -2.38106 -22.4766 -16.9681 -2.77139 -23.397 
-16.9272 -3.12777 -24.3301 -16.8372 -3.43303 -25.2777 -16.7024 -3.68721 -26.2347 
-16.4824 -3.8739 -27.1911 -16.1632 -4.00173 -28.1285 -15.7559 -4.05888 -29.0388 
-15.3505 -4.01052 -29.9499 -15.0182 -3.82562 -30.8725 -14.7342 -3.51416 -31.7772 
-14.515 -3.15797 -32.6829 -14.3456 -2.97214 -33.6455 -14.2068 -3.00522 -34.6342 
-14.0998 -3.12003 -35.6212 -14.0326 -3.29621 -36.6028 -13.9953 -3.52374 -37.5756 
-13.9848 -3.81581 -38.5314 -13.991 -4.1589 -39.4705 -14.0159 -4.52509 -40.4007 
-14.0493 -4.89065 -41.3309 -14.0752 -5.26822 -42.2563 -14.0767 -5.6989 -43.1581 
-14.0338 -6.25351 -43.9849 -13.959 -6.93892 -44.7066 -13.8562 -7.69784 -45.3493 
-24.6812 12.8799 32.2997 -24.9957 12.8865 31.3506 -25.3182 12.9319 30.4053 
-25.6799 13.013 29.4767 -26.0766 13.0933 28.5625 -26.4944 13.1586 27.6563 
-26.9129 13.2031 26.7493 -27.3161 13.2223 25.8344 -27.7034 13.2336 24.9125 
-28.0643 13.2598 23.9805 -28.3901 13.3131 23.0368 -28.6562 13.3915 22.0766 
-28.7941 13.4842 21.1102 -29.3627 13.4258 20.419 -30.1257 13.3537 19.7777 
-30.8643 13.3332 19.1045 -31.5644 13.3607 18.3918 -32.1836 13.4467 17.6126 
-32.7178 13.5595 16.7764 -33.1214 13.6942 15.8744 -33.3855 13.8267 14.9209 
-33.456 13.9172 13.932 -33.3293 13.9341 12.9445 -33.022 13.8598 11.9986 
-32.5875 13.6989 11.1155 -32.0444 13.4367 10.3199 -31.4594 13.1269 9.57067 
-30.872 12.8052 8.82811 -30.3119 12.4877 8.06314 -29.7998 12.1859 7.25982 
-29.3517 11.9128 6.4095 -28.9837 11.673 5.51161 -28.6659 11.4601 4.58792 
-28.3735 11.2642 3.65194 -28.0853 11.0716 2.71395 -27.7972 10.8851 1.77465 
-27.5206 10.7069 0.830389 -27.2534 10.5265 -0.116192 -26.9827 10.3317 -1.05893 
-26.688 10.1112 -1.98852 -26.3738 9.87254 -2.90734 -26.0599 9.63358 -3.8262 
-25.762 9.4064 -4.7533 -25.4768 9.18425 -5.68568 -25.1844 8.9445 -6.61118 
-24.8438 8.65158 -7.50308 -24.5254 8.36578 -8.17839 -24.153 7.98716 -8.77489 
-23.6552 7.43986 -9.44605 -23.1383 6.84334 -10.0594 -22.6328 6.21724 -10.6528 
-22.1598 5.58317 -11.2643 -21.7118 4.93981 -11.8851 -21.2367 4.32815 -12.5167 
-20.7352 3.73814 -13.1493 -20.2255 3.17515 -13.7998 -19.7304 2.60205 -14.4522 
-19.2508 2.06204 -15.1438 -18.7934 1.51096 -15.8408 -18.3937 1.0194 -16.6127 
-18.0704 0.559376 -17.4388 -17.8308 0.102735 -18.2952 -17.6588 -0.355869 -19.1665 
-17.5457 -0.816513 -20.0467 -17.4695 -1.26467 -20.9371 -17.4575 -1.68642 -21.8434 
-17.4733 -2.07833 -22.7631 -17.5027 -2.43636 -23.6963 -17.5076 -2.76708 -24.6395 
-17.446 -3.05087 -25.5956 -17.3176 -3.26779 -26.5622 -17.0818 -3.39201 -27.5238 
-16.7133 -3.42994 -28.4492 -16.1805 -3.38277 -29.2926 -15.6337 -3.25054 -30.1178 
-15.1488 -2.96942 -30.943 -14.7603 -2.56294 -31.7653 -14.4999 -2.12339 -32.6177 
-14.284 -1.93966 -33.5676 -14.1097 -1.99492 -34.5498 -13.99 -2.09841 -35.5369 
-13.9287 -2.25126 -36.5228 -13.8995 -2.44573 -37.5031 -13.8958 -2.70005 -38.4698 
-13.9066 -3.00213 -39.4229 -13.9253 -3.34401 -40.3623 -13.9454 -3.70939 -41.2929 
-13.9567 -4.08585 -42.2193 -13.9586 -4.47159 -43.1418 -13.9369 -4.9196 -44.0346 
-13.8952 -5.45333 -44.8778 -13.8514 -5.95058 -45.5024 -25.0075 23.7474 29.47 
-25.3096 23.4963 28.7732 -25.673 23.197 27.891 -26.048 22.9149 27.0081 
-26.451 22.6568 26.1301 -26.8801 22.4339 25.255 -27.3141 22.2412 24.375 
-27.7345 22.0888 23.4808 -28.1247 21.9709 22.568 -28.4445 21.879 21.626 
-28.6589 21.8046 20.6535 -28.7247 21.7375 19.6606 -28.6194 21.666 18.6715 
-28.6527 21.5289 17.7434 -29.1297 21.3166 16.8923 -29.5939 21.1022 16.0331 
-30.0105 20.8928 15.1488 -30.3864 20.6847 14.2459 -30.7237 20.4674 13.3302 
-30.9859 20.2224 12.3976 -31.1511 19.924 11.4592 -31.122 19.5358 10.544 
-30.8567 19.0516 9.7214 -30.4364 18.4837 9.01558 -29.9573 17.9043 8.35654 
-29.4499 17.3445 7.70158 -28.9424 16.7957 7.03743 -28.4647 16.2609 6.34077 
-28.02 15.7357 5.61546 -27.6288 15.2363 4.84312 -27.2856 14.7673 4.0299 
-26.9963 14.353 3.16761 -26.7424 13.9904 2.27139 -26.5144 13.6686 1.35255 
-26.2959 13.3619 0.426152 -26.0718 13.0472 -0.496103 -25.8242 12.7113 -1.40459 
-25.5315 12.3441 -2.28736 -25.2318 11.9729 -3.16623 -24.9544 11.6132 -4.05694 
-24.7105 11.2661 -4.96235 -24.4976 10.9293 -5.87949 -24.2821 10.5852 -6.79321 
-24.0264 10.2027 -7.68014 -23.6367 9.65512 -8.67113 -23.2434 9.11234 -9.41194 
-22.8095 8.49884 -10.0707 -22.3559 7.86379 -10.6959 -21.9049 7.23031 -11.3246 
-21.4517 6.61439 -11.9688 -20.9826 6.02371 -12.6251 -20.4904 5.44347 -13.2739 
-19.9889 4.85581 -13.9086 -19.5051 4.24742 -14.5376 -19.0343 3.62833 -15.1659 
-18.5676 2.97527 -15.7618 -18.0829 2.26317 -16.2648 -17.6662 1.51042 -16.7603 
-17.3945 0.855226 -17.4598 -17.2181 0.268344 -18.249 -17.0947 -0.293172 -19.067 
-17.0018 -0.838711 -19.8998 -16.9293 -1.3512 -20.755 -16.8953 -1.82478 -21.6347 
-16.8797 -2.25373 -22.5377 -16.8706 -2.64585 -23.4574 -16.8287 -3.00184 -24.3906 
-16.7378 -3.31452 -25.3356 -16.5887 -3.56361 -26.2918 -16.3668 -3.75877 -27.2458 
-16.025 -3.883 -28.1762 -15.5996 -3.94272 -29.0779 -15.1867 -3.89434 -29.9855 
-14.8324 -3.74352 -30.9066 -14.5691 -3.39554 -31.8034 -14.3737 -3.0061 -32.7022 
-14.2242 -2.80136 -33.6626 -14.0943 -2.81524 -34.6516 -13.9956 -2.92319 -35.6406 
-13.9365 -3.08621 -36.625 -13.9148 -3.31179 -37.5985 -13.9133 -3.59257 -38.5579 
-13.9242 -3.93004 -39.499 -13.9444 -4.29831 -40.4285 -13.9694 -4.66688 -41.3577 
-13.9857 -5.0437 -42.2838 -13.9753 -5.48271 -43.181 -13.9246 -6.03125 -44.0128 
-13.8412 -6.70077 -44.7486 -13.7347 -7.43748 -45.4156 -25.4328 8.35398 33.4082 
-25.6105 8.44595 32.6336 -25.8301 8.54363 31.663 -26.0738 8.65344 30.6997 
-26.3741 8.79465 29.757 -26.7516 8.9596 28.8465 -27.1852 9.13271 27.9622 
-27.6315 9.30648 27.0845 -28.0665 9.47262 26.1996 -28.4665 9.6413 25.2989 
-28.8331 9.82485 24.387 -29.1428 10.0378 23.4607 -29.3997 10.259 22.5201 
-29.6379 10.4496 21.5742 -30.2183 10.5295 20.8083 -30.9457 10.6024 20.1267 
-31.6223 10.7213 19.4011 -32.2255 10.8854 18.6219 -32.7459 11.0815 17.792 
-33.1583 11.294 16.9078 -33.4383 11.4906 15.9704 -33.5478 11.6324 14.9901 
-33.4851 11.7015 13.9979 -33.2497 11.685 13.0289 -32.9093 11.6085 12.0928 
-32.4568 11.4394 11.219 -31.9462 11.2106 10.3909 -31.4163 10.9487 9.58437 
-30.9025 10.6874 8.76729 -30.4396 10.4512 7.91358 -30.0369 10.247 7.02196 
-29.693 10.0811 6.09816 -29.3797 9.93782 5.15944 -29.0854 9.80792 4.21263 
-28.7936 9.67734 3.26509 -28.4982 9.54041 2.31959 -28.2024 9.4017 1.37447 
-27.913 9.26943 0.426457 -27.6316 9.14154 -0.524549 -27.3462 8.99677 -1.47186 
-27.0435 8.82986 -2.41016 -26.7163 8.65312 -3.33842 -26.3839 8.47997 -4.26549 
-26.0519 8.31375 -5.19403 -25.7097 8.14184 -6.11771 -25.3172 7.92638 -7.01077 
-24.7666 7.56124 -8.00928 -24.2387 7.13871 -8.74222 -23.6738 6.61003 -9.37459 
-23.1094 6.02941 -9.96043 -22.5855 5.38777 -10.5198 -22.1089 4.7257 -11.0977 
-21.663 4.05253 -11.6874 -21.1941 3.40793 -12.2908 -20.7015 2.801 -12.9143 
-20.2098 2.23462 -13.5751 -19.7373 1.69177 -14.2683 -19.2989 1.22404 -15.034 
-18.9095 0.793673 -15.8477 -18.6025 0.407028 -16.7155 -18.3744 0.0395228 -17.6168 
-18.1921 -0.342171 -18.5227 -18.0506 -0.737567 -19.4302 -17.9359 -1.13442 -20.3407 
-17.8805 -1.52993 -21.2572 -17.8776 -1.90841 -22.1824 -17.909 -2.26172 -23.1173 
-17.9669 -2.59834 -24.0571 -17.9902 -2.90343 -25.0086 -17.9552 -3.15529 -25.975 
-17.8525 -3.31932 -26.9547 -17.6409 -3.38904 -27.9264 -17.1878 -3.32531 -28.8046 
-16.5393 -3.17758 -29.5462 -15.8538 -2.96511 -30.2412 -15.2493 -2.65311 -30.9706 
-14.7747 -2.2314 -31.7358 -14.4853 -1.68644 -32.5133 -14.2643 -1.43184 -33.439 
-14.0609 -1.44374 -34.4146 -13.9481 -1.5311 -35.4032 -13.8975 -1.67109 -36.3918 
-13.8718 -1.85106 -37.375 -13.8601 -2.06871 -38.3507 -13.8632 -2.35792 -39.3076 
-13.8805 -2.68567 -40.2521 -13.9043 -3.03702 -41.188 -13.921 -3.40407 -42.118 
-13.9271 -3.7734 -43.0473 -13.9226 -4.13256 -43.9804 -13.8914 -4.58946 -44.8667 
-13.8678 -5.12616 -45.7097 -23.8285 21.7872 32.4139 -24.0627 21.5503 31.9149 
-24.447 21.1648 31.0762 -24.8545 20.8403 30.2233 -25.2777 20.5993 29.3505 
-25.6959 20.411 28.4622 -26.1042 20.2621 27.5616 -26.5135 20.1376 26.6577 
-26.9286 20.0316 25.7542 -27.3435 19.9295 24.8502 -27.744 19.833 23.939 
-28.1085 19.7532 23.0116 -28.4048 19.6881 22.0595 -28.6032 19.6287 21.0826 
-28.6671 19.5746 20.088 -28.6936 19.5028 19.1008 -29.1184 19.3373 18.2311 
-29.67 19.1548 17.4175 -30.1725 18.9904 16.5689 -30.6321 18.8392 15.694 
-31.0344 18.7143 14.7877 -31.379 18.6025 13.8561 -31.6358 18.4748 12.8992 
-31.7752 18.3063 11.9264 -31.6789 18.0419 10.9757 -31.3478 17.6735 10.1136 
-30.8538 17.2122 9.37857 -30.3168 16.7147 8.69746 -29.7738 16.2227 8.01701 
-29.2476 15.7292 7.32463 -28.7539 15.2488 6.59999 -28.3026 14.7842 5.83883 
-27.917 14.354 5.02387 -27.5909 13.9676 4.16169 -27.3114 13.626 3.2647 
-27.0586 13.3214 2.34657 -26.8244 13.0503 1.41302 -26.599 12.7842 0.475823 
-26.3652 12.4982 -0.453332 -26.1018 12.187 -1.36619 -25.7974 11.8519 -2.25771 
-25.4917 11.5112 -3.14678 -25.2117 11.1776 -4.04678 -24.9681 10.8579 -4.96226 
-24.7467 10.5458 -5.88615 -24.5153 10.2227 -6.80369 -24.2239 9.83775 -7.67794 
-23.867 9.37309 -8.48679 -23.4511 8.82222 -9.2078 -23.0012 8.20103 -9.84763 
-22.5376 7.54294 -10.4409 -22.0867 6.88691 -11.0457 -21.6512 6.23807 -11.6696 
-21.2067 5.60905 -12.3071 -20.7278 4.99474 -12.9341 -20.2329 4.38651 -13.5546 
-19.7549 3.74449 -14.1536 -19.2808 3.10507 -14.7584 -18.8246 2.41965 -15.3256 
-18.3672 1.76051 -15.922 -17.9886 1.15337 -16.6157 -17.7267 0.606583 -17.4094 
-17.5444 0.0912703 -18.2461 -17.4135 -0.415462 -19.098 -17.3162 -0.910484 -19.9613 
-17.2496 -1.38109 -20.8408 -17.2226 -1.81775 -21.7398 -17.2163 -2.21731 -22.6563 
-17.2149 -2.58465 -23.5863 -17.1731 -2.91979 -24.5271 -17.0681 -3.20163 -25.4802 
-16.9078 -3.42154 -26.4415 -16.6477 -3.56664 -27.3946 -16.2729 -3.6446 -28.316 
-15.7933 -3.63919 -29.1921 -15.3335 -3.53741 -30.0722 -14.933 -3.30246 -30.9563 
-14.6147 -2.9143 -31.8162 -14.4027 -2.4685 -32.6814 -14.228 -2.26474 -33.6342 
-14.0767 -2.2977 -34.6209 -13.9714 -2.40123 -35.6094 -13.9192 -2.56373 -36.5944 
-13.8959 -2.77002 -37.5723 -13.8967 -3.03406 -38.5366 -13.9095 -3.34629 -39.4863 
-13.9286 -3.70082 -40.421 -13.9491 -4.07456 -41.3483 -13.9601 -4.45379 -42.2735 
-13.958 -4.85691 -43.1883 -13.9292 -5.33802 -44.0631 -13.8689 -5.92573 -44.8679 
-13.811 -6.4591 -45.4608 -24.6769 23.3713 30.3308 -24.9215 23.1669 29.8225 
-25.3033 22.8576 28.9519 -25.6735 22.5758 28.0667 -26.0518 22.3195 27.1773 
-26.4532 22.0875 26.2915 -26.8815 21.8929 25.4092 -27.3151 21.7244 24.524 
-27.7359 21.5851 23.6278 -28.1251 21.4744 22.7136 -28.4423 21.3876 21.7703 
-28.6511 21.3139 20.7965 -28.7121 21.2472 19.8035 -28.6112 21.1796 18.8148 
-28.6357 21.0531 17.9147 -29.1482 20.8442 17.0822 -29.6272 20.6368 16.2296 
-30.0617 20.4356 15.352 -30.4458 20.2406 14.4496 -30.7843 20.0448 13.5296 
-31.0422 19.8283 12.5888 -31.2109 19.5578 11.6427 -31.1921 19.1989 10.7172 
-30.9191 18.7316 9.88626 -30.4959 18.1761 9.17239 -30.0108 17.6054 8.51039 
-29.496 17.0562 7.85216 -28.988 16.5165 7.18097 -28.5113 15.9915 6.47611 
-28.0723 15.481 5.73726 -27.6859 15.0004 4.95078 -27.35 14.557 4.12057 
-27.0653 14.1673 3.24534 -26.8151 13.8286 2.33863 -26.5862 13.522 1.4148 
-26.365 13.2245 0.486088 -26.135 12.9136 -0.436018 -25.8762 12.5795 -1.34207 
-25.5804 12.2205 -2.22715 -25.2799 11.8558 -3.10842 -25.001 11.5004 -4.00046 
-24.7508 11.156 -4.90518 -24.5308 10.8207 -5.82123 -24.3084 10.477 -6.73343 
-24.0464 10.0934 -7.61806 -23.6507 9.54287 -8.60492 -23.2526 8.9951 -9.33931 
-22.8157 8.36961 -9.98425 -22.3635 7.71347 -10.5883 -21.9221 7.05508 -11.1978 
-21.4847 6.41079 -11.8248 -21.0443 5.78595 -12.4693 -20.5688 5.17822 -13.1052 
-20.0772 4.56948 -13.7278 -19.5979 3.93386 -14.3327 -19.1285 3.28784 -14.9342 
-18.6671 2.60037 -15.4943 -18.1957 1.89965 -16.0289 -17.7917 1.19927 -16.6068 
-17.5504 0.610377 -17.3755 -17.3836 0.0605582 -18.1936 -17.2644 -0.47447 -19.0298 
-17.1707 -0.996581 -19.8774 -17.1032 -1.48992 -20.7443 -17.0655 -1.95226 -21.63 
-17.05 -2.37441 -22.5361 -17.0438 -2.76123 -23.458 -17.002 -3.11371 -24.3927 
-16.9166 -3.42242 -25.3395 -16.772 -3.662 -26.2989 -16.5584 -3.8468 -27.257 
-16.2262 -3.95775 -28.1921 -15.8078 -4.00838 -29.0979 -15.3902 -3.9533 -30.0023 
-15.0557 -3.75774 -30.9219 -14.7686 -3.42757 -31.8194 -14.5418 -3.08777 -32.7292 
-14.3706 -2.9451 -33.699 -14.2282 -2.9845 -34.6865 -14.1196 -3.10468 -35.6729 
-14.0503 -3.28079 -36.6544 -14.0139 -3.51327 -37.6259 -14.002 -3.80501 -38.5818 
-14.0096 -4.15095 -39.5199 -14.0345 -4.51895 -40.4493 -14.0683 -4.88583 -41.379 
-14.0959 -5.26323 -42.3046 -14.0956 -5.70083 -43.2024 -14.0548 -6.24481 -44.0379 
-13.9768 -6.94237 -44.7467 -13.8759 -7.69963 -45.3915 -23.6919 20.6294 33.0394 
-24.0616 20.3927 32.1414 -24.444 20.1248 31.2572 -24.8599 19.8897 30.379 
-25.2894 19.7096 29.4943 -25.712 19.5718 28.5987 -26.1227 19.4641 27.6934 
-26.5281 19.3787 26.7833 -26.935 19.3036 25.8729 -27.3407 19.2236 24.9625 
-27.7328 19.1414 24.0463 -28.0875 19.0717 23.1142 -28.3785 19.0142 22.16 
-28.5779 18.9651 21.1825 -28.6565 18.9233 20.1878 -28.6695 18.8717 19.1963 
-29.1634 18.7135 18.379 -29.7434 18.5427 17.5829 -30.2708 18.3919 16.7471 
-30.7527 18.2612 15.8813 -31.1618 18.1689 14.9738 -31.5134 18.0864 14.0421 
-31.7522 17.9921 13.0774 -31.8587 17.851 12.0958 -31.7528 17.6131 11.1383 
-31.4167 17.2643 10.2705 -30.9096 16.8161 9.53718 -30.3622 16.3336 8.85355 
-29.8126 15.8491 8.17299 -29.277 15.3638 7.48203 -28.7786 14.8925 6.75471 
-28.3223 14.4382 5.99042 -27.9353 14.0221 5.1686 -27.6022 13.6474 4.30375 
-27.3136 13.3172 3.40534 -27.0479 13.0209 2.48816 -26.7987 12.7527 1.55759 
-26.5576 12.4894 0.623523 -26.31 12.2108 -0.304349 -26.034 11.9062 -1.21567 
-25.7236 11.5762 -2.10702 -25.4086 11.2334 -2.99207 -25.1164 10.8919 -3.88523 
-24.8504 10.5582 -4.78956 -24.5932 10.2226 -5.69575 -24.3144 9.8615 -6.58531 
-23.9779 9.43266 -7.42214 -23.5793 8.92486 -8.18343 -23.2206 8.451 -8.71726 
-22.7512 7.74833 -9.24858 -22.3081 6.98808 -9.72141 -22.0183 6.1103 -10.0883 
-21.7941 5.20611 -10.4468 -21.4971 4.34957 -10.8671 -21.1408 3.52315 -11.3025 
-20.7503 2.71963 -11.7509 -20.3388 1.96444 -12.2597 -19.9187 1.27804 -12.8523 
-19.5037 0.692749 -13.5419 -19.1403 0.277852 -14.3734 -18.8631 -0.0658645 -15.2692 
-18.6718 -0.365448 -16.2036 -18.53 -0.679779 -17.142 -18.4239 -1.02346 -18.0749 
-18.3299 -1.3919 -18.9998 -18.2386 -1.77835 -19.9175 -18.15 -2.16844 -20.834 
-18.0981 -2.55556 -21.7544 -18.07 -2.92821 -22.6819 -18.0494 -3.27503 -23.6195 
-18.0306 -3.58954 -24.5683 -17.9792 -3.84908 -25.5322 -17.8822 -4.04801 -26.5068 
-17.7238 -4.17783 -27.4844 -17.4795 -4.231 -28.4509 -17.1333 -4.15781 -29.3837 
-16.8158 -3.91235 -30.291 -16.7973 -3.38649 -31.1274 -16.829 -2.69432 -31.8441 
-16.7977 -2.15706 -32.6318 -16.7141 -2.12873 -33.615 -16.6004 -2.27695 -34.5969 
-16.43 -2.44229 -35.568 -16.215 -2.61179 -36.5297 -15.9923 -2.8017 -37.4858 
-15.8113 -3.04893 -38.4368 -15.7038 -3.36182 -39.3794 -15.6929 -3.74235 -40.3033 
-15.7329 -4.16541 -41.2081 -15.8358 -4.57642 -42.1133 -15.9795 -4.92033 -43.0404 
-16.1471 -5.13137 -43.999 -16.293 -5.2103 -44.9846 -16.3629 -5.27213 -45.7788 
-24.5716 12.7563 32.6433 -24.887 12.7523 31.6945 -25.2023 12.7879 30.7463 
-25.5453 12.8608 29.8101 -25.9249 12.9475 28.8892 -26.3376 13.0223 27.9815 
-26.758 13.0788 27.076 -27.167 13.1056 26.1639 -27.5612 13.1185 25.245 
-27.9301 13.1383 24.3159 -28.2697 13.1827 23.3765 -28.5481 13.2605 22.4198 
-28.7434 13.3519 21.4445 -29.1763 13.3429 20.6121 -29.9493 13.2573 19.9841 
-30.6972 13.2257 19.3216 -31.4101 13.2453 18.6216 -32.0572 13.3202 17.8645 
-32.6224 13.4298 17.0485 -33.054 13.5655 16.1594 -33.3481 13.7036 15.2157 
-33.4333 13.7983 14.228 -33.3381 13.8272 13.2369 -33.0378 13.75 12.29 
-32.6089 13.5826 11.4052 -32.0699 13.3109 10.6099 -31.4903 12.9902 9.86104 
-30.91 12.6604 9.11654 -30.3524 12.334 8.35348 -29.8516 12.0312 7.54353 
-29.4157 11.7621 6.68534 -29.0505 11.5263 5.7856 -28.7347 11.3184 4.85997 
-28.4407 11.1253 3.92388 -28.1488 10.9336 2.98685 -27.8561 10.7464 2.04918 
-27.5721 10.5663 1.10745 -27.2986 10.3875 0.162315 -27.024 10.1964 -0.779992 
-26.7258 9.97725 -1.70883 -26.4077 9.73936 -2.62655 -26.0875 9.49897 -3.54284 
-25.7789 9.2684 -4.46565 -25.4724 9.03862 -5.38935 -25.1483 8.78522 -6.3006 
-24.7637 8.47305 -7.16794 -24.3118 8.08075 -7.96568 -23.7943 7.55632 -8.63842 
-23.244 6.94487 -9.20443 -22.7237 6.24793 -9.69598 -22.2771 5.48651 -10.1642 
-21.8858 4.69942 -10.6406 -21.4939 3.91976 -11.1288 -21.0771 3.15781 -11.6244 
-20.6482 2.42067 -12.1455 -20.2096 1.74776 -12.74 -19.7798 1.14532 -13.4094 
-19.3842 0.691795 -14.2047 -19.0545 0.317948 -15.07 -18.7984 -0.0109814 -15.9785 
-18.6055 -0.323543 -16.9082 -18.4664 -0.660248 -17.8393 -18.3524 -1.02005 -18.7652 
-18.2498 -1.39969 -19.6846 -18.1617 -1.78725 -20.6021 -18.0983 -2.16773 -21.5246 
-18.0728 -2.5352 -22.4542 -18.069 -2.88287 -23.3917 -18.0517 -3.20474 -24.3382 
-18.0116 -3.47894 -25.2987 -17.9368 -3.70035 -26.2703 -17.7924 -3.83921 -27.2491 
-17.5602 -3.90077 -28.2174 -17.1869 -3.83739 -29.1403 -16.7638 -3.64467 -30.023 
-16.4949 -3.20089 -30.8651 -16.3171 -2.59013 -31.6345 -16.1528 -2.2366 -32.4897 
-15.9711 -2.40977 -33.4494 -15.7843 -2.62776 -34.4071 -15.5804 -2.80831 -35.3692 
-15.3788 -2.97567 -36.3342 -15.2066 -3.17233 -37.299 -15.0921 -3.43953 -38.2552 
-15.0257 -3.7645 -39.1978 -15.0254 -4.15337 -40.1187 -15.0784 -4.5577 -41.0314 
-15.1788 -4.94295 -41.9485 -15.2937 -5.2726 -42.8848 -15.3994 -5.5065 -43.8507 
-15.4768 -5.7053 -44.8275 -15.4882 -5.88707 -45.6059 -24.5865 13.4221 32.3185 
-24.8405 13.4159 31.5599 -25.1657 13.4436 30.6149 -25.5198 13.5037 29.6819 
-25.913 13.5704 28.765 -26.3298 13.6257 27.8577 -26.7484 13.6648 26.9504 
-27.1546 13.6834 26.0369 -27.5444 13.689 25.1161 -27.915 13.6981 24.1874 
-28.2429 13.7354 23.2438 -28.52 13.7963 22.2853 -28.7418 13.8607 21.3144 
-29.2872 13.8109 20.5175 -30.0286 13.7314 19.8517 -30.7641 13.6898 19.1758 
-31.4656 13.7006 18.4639 -32.1056 13.7598 17.6995 -32.6563 13.8552 16.8717 
-33.0865 13.9778 15.9799 -33.3604 14.1026 15.0295 -33.4511 14.1929 14.0419 
-33.3325 14.2073 13.0532 -33.0388 14.1321 12.1043 -32.5881 13.9477 11.2344 
-32.0445 13.6736 10.4425 -31.4547 13.3429 9.70583 -30.8662 13.0107 8.96882 
-30.3035 12.6795 8.21171 -29.7897 12.3659 7.41383 -29.3487 12.0852 6.56236 
-28.9818 11.8382 5.66625 -28.6666 11.6198 4.74291 -28.3726 11.4159 3.80913 
-28.0846 11.2184 2.87211 -27.7982 11.028 1.93307 -27.5238 10.8455 0.988974 
-27.2582 10.6615 0.0426425 -26.9867 10.4608 -0.898551 -26.693 10.2365 -1.82758 
-26.3767 9.98994 -2.74366 -26.0616 9.74327 -3.66007 -25.7653 9.51054 -4.58631 
-25.4803 9.28096 -5.51692 -25.1886 9.03296 -6.44045 -24.8495 8.73574 -7.33213 
-24.5271 8.43908 -7.99967 -24.0576 7.94806 -8.72879 -23.5452 7.36852 -9.3618 
-23.0282 6.73639 -9.93722 -22.5331 6.06886 -10.493 -22.0889 5.38589 -11.0724 
-21.6623 4.70212 -11.6642 -21.2082 4.03984 -12.2599 -20.7255 3.40793 -12.866 
-20.2373 2.80325 -13.4952 -19.7639 2.20692 -14.1431 -19.3129 1.6708 -14.8556 
-18.9034 1.16616 -15.615 -18.5618 0.736264 -16.449 -18.2966 0.330982 -17.3232 
-18.0865 -0.0767594 -18.2116 -17.9136 -0.491073 -19.105 -17.7893 -0.913345 -20.0028 
-17.7085 -1.33321 -20.9064 -17.692 -1.73596 -21.8212 -17.7085 -2.11282 -22.7471 
-17.7508 -2.46203 -23.6832 -17.7742 -2.78657 -24.6283 -17.735 -3.06481 -25.5873 
-17.6361 -3.27659 -26.5586 -17.4309 -3.39004 -27.5275 -17.0819 -3.4079 -28.4616 
-16.5341 -3.32259 -29.2894 -15.9364 -3.15516 -30.0724 -15.3974 -2.84765 -30.8526 
-14.9376 -2.45737 -31.6492 -14.6072 -2.07776 -32.505 -14.359 -1.94862 -33.4559 
-14.1696 -2.0172 -34.4347 -14.041 -2.12743 -35.4198 -13.969 -2.27898 -36.4052 
-13.9305 -2.46978 -37.3858 -13.9219 -2.7214 -38.3533 -13.9284 -3.01736 -39.3083 
-13.9447 -3.35646 -40.2488 -13.9647 -3.72204 -41.1793 -13.9777 -4.0989 -42.1054 
-13.9808 -4.48532 -43.0277 -13.9597 -4.93565 -43.9192 -13.9152 -5.47494 -44.7584 
-13.8548 -6.10614 -45.5309 -25.0223 24.3764 29.2973 -25.3213 24.1195 28.6012 
-25.6801 23.8022 27.7234 -26.0535 23.4945 26.8483 -26.4553 23.2071 25.9791 
-26.8848 22.9595 25.1109 -27.3175 22.7462 24.235 -27.7341 22.5819 23.3413 
-28.1194 22.4604 22.4268 -28.44 22.3682 21.4848 -28.6642 22.2953 20.5145 
-28.7258 22.2294 19.5208 -28.6474 22.1479 18.5294 -28.5777 22.0151 17.5888 
-28.9977 21.8093 16.7491 -29.465 21.5872 15.8938 -29.8828 21.3631 15.0137 
-30.2444 21.1373 14.1093 -30.5718 20.8943 13.1964 -30.8363 20.6138 12.2745 
-31.0036 20.281 11.3489 -30.9526 19.8507 10.4528 -30.6987 19.323 9.64956 
-30.2902 18.7188 8.96808 -29.8191 18.1203 8.32047 -29.3164 17.5426 7.6774 
-28.8201 16.9812 7.01547 -28.3495 16.4309 6.32602 -27.9157 15.8935 5.60312 
-27.5231 15.3777 4.84233 -27.1743 14.8912 4.0418 -26.8756 14.4585 3.19208 
-26.6187 14.0837 2.30178 -26.387 13.7506 1.38792 -26.1645 13.4355 0.465344 
-25.9374 13.1153 -0.454331 -25.6867 12.7712 -1.35889 -25.3921 12.3943 -2.23692 
-25.0905 12.0133 -3.11092 -24.8092 11.6412 -3.99532 -24.5593 11.2786 -4.89298 
-24.3386 10.9233 -5.80131 -24.1137 10.5569 -6.70395 -23.8495 10.1501 -7.57761 
-23.5306 9.68715 -8.40326 -23.1409 9.12903 -9.13393 -22.7142 8.49422 -9.77583 
-22.2724 7.80653 -10.3516 -21.8425 7.09928 -10.9127 -21.4472 6.38834 -11.4939 
-21.0643 5.68798 -12.0963 -20.645 5.00504 -12.6936 -20.1945 4.32856 -13.2761 
-19.7438 3.62857 -13.8298 -19.3027 2.91242 -14.3706 -18.8861 2.1745 -14.9011 
-18.4872 1.4963 -15.5099 -18.1436 0.949652 -16.2712 -17.88 0.434185 -17.0857 
-17.6985 -0.0606967 -17.9351 -17.5625 -0.54985 -18.7963 -17.4552 -1.03574 -19.6637 
-17.3734 -1.5071 -20.5416 -17.3245 -1.95338 -21.435 -17.3004 -2.37047 -22.3433 
-17.2963 -2.75146 -23.2678 -17.2674 -3.10336 -24.2031 -17.1933 -3.40632 -25.1528 
-17.0742 -3.65383 -26.1137 -16.8881 -3.83711 -27.0778 -16.599 -3.94868 -28.027 
-16.1931 -3.98126 -28.9385 -15.7533 -3.93319 -29.834 -15.4211 -3.70127 -30.7437 
-15.1408 -3.33382 -31.6292 -14.8565 -2.97714 -32.5151 -14.6188 -2.84319 -33.4697 
-14.4405 -2.90543 -34.4508 -14.2984 -3.02136 -35.4336 -14.2022 -3.18442 -36.4151 
-14.1439 -3.39819 -37.3899 -14.1197 -3.67752 -38.3494 -14.1153 -4.0067 -39.2933 
-14.1359 -4.37588 -40.2224 -14.1731 -4.74755 -41.15 -14.2123 -5.12286 -42.076 
-14.2388 -5.51673 -42.9947 -14.2262 -5.99195 -43.8725 -14.1554 -6.72771 -44.8118 
-14.0705 -7.45615 -45.4902 -23.5425 18.9112 33.8133 -23.8141 18.833 33.065 
-24.1697 18.7126 32.1383 -24.5557 18.5732 31.2265 -24.9725 18.4397 30.3275 
-25.3932 18.342 29.4256 -25.8077 18.2718 28.5184 -26.2143 18.2232 27.6061 
-26.6171 18.185 26.6917 -27.0178 18.1431 25.7764 -27.4147 18.0895 24.8601 
-27.7958 18.0291 23.9376 -28.133 17.9774 22.9981 -28.3977 17.9376 22.0353 
-28.5745 17.9083 21.0526 -28.677 17.8787 20.0607 -28.9935 17.7851 19.159 
-29.6238 17.6284 18.3988 -30.2225 17.4904 17.6102 -30.7716 17.3827 16.7822 
-31.26 17.3111 15.9132 -31.6799 17.2644 15.0078 -32.0038 17.2331 14.0637 
-32.1926 17.1847 13.0852 -32.2165 17.0767 12.0958 -31.9886 16.8589 11.1524 
-31.5779 16.5406 10.3039 -31.0335 16.1258 9.57672 -30.4625 15.6799 8.88754 
-29.8996 15.2242 8.19797 -29.3598 14.7684 7.49041 -28.8601 14.3275 6.7455 
-28.4167 13.9125 5.95187 -28.0396 13.5326 5.10806 -27.7137 13.1929 4.22626 
-27.4282 12.8959 3.31527 -27.16 12.6205 2.39215 -26.9053 12.3679 1.45876 
-26.658 12.1198 0.522152 -26.4035 11.8543 -0.407706 -26.1213 11.5626 -1.32134 
-25.8051 11.2445 -2.21503 -25.4896 10.916 -3.10524 -25.1939 10.5885 -4.00257 
-24.9217 10.2661 -4.90915 -24.6527 9.93817 -5.8146 -24.3538 9.58309 -6.69996 
-24.0658 9.24213 -7.36261 -23.7314 8.83991 -7.96728 -23.2703 8.25686 -8.63074 
-22.7864 7.55663 -9.15139 -22.3692 6.7666 -9.59184 -22.1069 5.87204 -9.94296 
-21.8547 4.97698 -10.3074 -21.5321 4.12699 -10.7221 -21.1615 3.30282 -11.1502 
-20.767 2.50707 -11.6084 -20.3485 1.78075 -12.1511 -19.9241 1.1229 -12.7713 
-19.5118 0.616697 -13.5252 -19.1588 0.223957 -14.3715 -18.9063 -0.0916468 -15.2851 
-18.7192 -0.381817 -16.2233 -18.5842 -0.689486 -17.1648 -18.4805 -1.02462 -18.1012 
-18.3893 -1.38944 -19.0277 -18.3008 -1.76971 -19.9482 -18.2213 -2.15396 -20.868 
-18.1723 -2.53539 -21.791 -18.1521 -2.90039 -22.7217 -18.1397 -3.24227 -23.6613 
-18.1252 -3.54893 -24.6126 -18.0809 -3.80503 -25.5778 -17.9876 -3.99631 -26.5543 
-17.8391 -4.12429 -27.534 -17.5904 -4.15667 -28.4994 -17.2457 -4.07234 -29.4315 
-16.9452 -3.78839 -30.3308 -16.9185 -3.26448 -31.1638 -16.9471 -2.54556 -31.8564 
-16.9159 -2.02321 -32.6672 -16.8438 -1.97629 -33.6553 -16.7493 -2.10479 -34.6417 
-16.5926 -2.26657 -35.6156 -16.3859 -2.43632 -36.5789 -16.1706 -2.63127 -37.5356 
-15.981 -2.87472 -38.4865 -15.8618 -3.18569 -39.4278 -15.837 -3.55791 -40.3545 
-15.8854 -4.00321 -41.248 -16.0006 -4.4403 -42.1385 -16.1841 -4.78337 -43.0584 
-16.3482 -5.02985 -44.0125 -16.4802 -5.13288 -44.9968 -16.5642 -5.21134 -45.9899 
-23.5895 19.434 33.6027 -23.7948 19.3684 33.0427 -24.1528 19.2279 32.1199 
-24.5382 19.0653 31.2118 -24.9609 18.9101 30.319 -25.3869 18.7857 29.423 
-25.8039 18.7 28.5182 -26.2115 18.6335 27.6075 -26.6145 18.5823 26.6938 
-27.0167 18.5315 25.7796 -27.4155 18.4689 24.8647 -27.8009 18.4021 23.9445 
-28.1399 18.3465 23.0057 -28.4145 18.3005 22.0459 -28.5979 18.2634 21.0644 
-28.7058 18.2271 20.0713 -28.9829 18.1342 19.1483 -29.5681 17.9761 18.3597 
-30.1469 17.832 17.5573 -30.6864 17.7094 16.7248 -31.1675 17.6217 15.8533 
-31.5892 17.5585 14.9494 -31.9168 17.5107 14.0071 -32.1261 17.4503 13.0331 
-32.168 17.3332 12.045 -31.9953 17.1278 11.0894 -31.5729 16.7963 10.2501 
-31.042 16.387 9.51082 -30.473 15.9371 8.82249 -29.9105 15.4789 8.13426 
-29.371 15.0199 7.42874 -28.8712 14.5732 6.68702 -28.4269 14.1498 5.89867 
-28.0461 13.7589 5.06142 -27.7239 13.4125 4.18087 -27.4385 13.1031 3.27402 
-27.1798 12.8272 2.34842 -26.9334 12.5736 1.41311 -26.6954 12.3249 0.474233 
-26.4483 12.0563 -0.456663 -26.1705 11.7578 -1.36958 -25.8619 11.4403 -2.26606 
-25.5525 11.1139 -3.15918 -25.2641 10.7907 -4.06042 -25.0056 10.4765 -4.97382 
-24.7635 10.165 -5.89266 -24.4978 9.82861 -6.79571 -24.1833 9.44179 -7.6614 
-23.8757 9.05478 -8.28869 -23.5322 8.61225 -8.85872 -23.0689 7.97369 -9.47005 
-22.6005 7.27555 -10.0112 -22.1629 6.54744 -10.5382 -21.7787 5.7929 -11.0695 
-21.4049 5.04858 -11.6225 -21.012 4.31105 -12.1716 -20.5732 3.60062 -12.7212 
-20.119 2.90574 -13.2787 -19.6801 2.21496 -13.8521 -19.2535 1.59303 -14.5063 
-18.868 1.03767 -15.2421 -18.5424 0.580154 -16.066 -18.3031 0.178739 -16.9496 
-18.1098 -0.22707 -17.8427 -17.955 -0.645691 -18.7375 -17.8265 -1.06858 -19.6344 
-17.7307 -1.49323 -20.5345 -17.6702 -1.90715 -21.4426 -17.6429 -2.29563 -22.3635 
-17.6434 -2.66227 -23.2938 -17.6232 -2.99699 -24.2357 -17.564 -3.29292 -25.1887 
-17.4599 -3.52767 -26.1544 -17.2902 -3.69414 -27.1246 -17.0118 -3.77601 -28.0797 
-16.6119 -3.77413 -28.9935 -16.1603 -3.64826 -29.8745 -15.79 -3.34958 -30.7462 
-15.5081 -2.86562 -31.5735 -15.2282 -2.46588 -32.428 -14.9459 -2.54676 -33.3773 
-14.7134 -2.69876 -34.3375 -14.5406 -2.84484 -35.3114 -14.4084 -3.00337 -36.2896 
-14.3264 -3.20903 -37.2644 -14.2789 -3.4682 -38.2285 -14.2651 -3.793 -39.1739 
-14.2736 -4.15893 -40.1044 -14.3075 -4.53992 -41.0283 -14.3517 -4.91847 -41.9528 
-14.3919 -5.29894 -42.8767 -14.4077 -5.70495 -43.7898 -14.3795 -6.1931 -44.6601 
-14.312 -6.79589 -45.4528 -25.0573 24.3392 29.2111 -25.3538 24.0823 28.5139 
-25.7131 23.7656 27.6361 -26.0892 23.4596 26.7616 -26.4942 23.1752 25.8929 
-26.9247 22.9316 25.024 -27.3561 22.7238 24.1463 -27.7714 22.5617 23.2515 
-28.1516 22.4431 22.3345 -28.4631 22.3533 21.3893 -28.6735 22.2817 20.416 
-28.7182 22.2148 19.4216 -28.6237 22.1311 18.4318 -28.5351 21.9999 17.5056 
-28.9641 21.7953 16.6808 -29.4369 21.5719 15.8289 -29.8545 21.3452 14.9494 
-30.211 21.1162 14.0437 -30.5289 20.8655 13.1297 -30.7872 20.5765 12.2088 
-30.948 20.2318 11.2859 -30.8975 19.7918 10.3957 -30.6364 19.2486 9.60679 
-30.2235 18.6373 8.93378 -29.7498 18.0369 8.28983 -29.2467 17.458 7.64827 
-28.7527 16.8951 6.9859 -28.285 16.3434 6.2955 -27.855 15.8067 5.56995 
-27.4716 15.2971 4.80048 -27.1393 14.8283 3.98289 -26.8577 14.4186 3.11577 
-26.6087 14.0561 2.21808 -26.3823 13.7316 1.29971 -26.1611 13.4174 0.376522 
-25.9264 13.0885 -0.538062 -25.6604 12.7316 -1.43334 -25.3626 12.3532 -2.30963 
-25.065 11.9743 -3.18586 -24.7957 11.6073 -4.07617 -24.5542 11.248 -4.97748 
-24.3376 10.8939 -5.88722 -24.1093 10.525 -6.78804 -23.8422 10.116 -7.65975 
-23.5192 9.64937 -8.4816 -23.1251 9.08507 -9.20521 -22.6962 8.44723 -9.84274 
-22.2537 7.75998 -10.4186 -21.8244 7.0575 -10.9861 -21.4232 6.35797 -11.5771 
-21.0332 5.66826 -12.1872 -20.6023 4.99937 -12.7923 -20.1445 4.33211 -13.3795 
-19.691 3.63734 -13.9376 -19.2453 2.93015 -14.4863 -18.8208 2.19643 -15.0162 
-18.4145 1.51671 -15.6192 -18.0613 0.948963 -16.3605 -17.8062 0.420323 -17.1686 
-17.6383 -0.0822042 -18.0165 -17.5114 -0.580322 -18.8741 -17.4099 -1.07096 -19.7395 
-17.3325 -1.5452 -20.6162 -17.2865 -1.99185 -21.5096 -17.2649 -2.4085 -22.4182 
-17.2598 -2.78816 -23.3431 -17.2267 -3.13823 -24.2789 -17.1477 -3.43767 -25.2293 
-17.0223 -3.68077 -26.1905 -16.8208 -3.85526 -27.1532 -16.5205 -3.96456 -28.0991 
-16.119 -4.0051 -29.0127 -15.6872 -3.95193 -29.9114 -15.3664 -3.71086 -30.823 
-15.0867 -3.34632 -31.7103 -14.8061 -3.0037 -32.6028 -14.5814 -2.87993 -33.5625 
-14.4108 -2.94525 -34.5449 -14.2764 -3.065 -35.5283 -14.1873 -3.2353 -36.5092 
-14.1331 -3.45521 -37.4828 -14.1112 -3.73989 -38.4407 -14.1112 -4.07815 -39.3815 
-14.1359 -4.4493 -40.3097 -14.1743 -4.82062 -41.2374 -14.2143 -5.19523 -42.1637 
-14.2394 -5.59239 -43.0809 -14.2255 -6.07317 -43.956 -14.1693 -6.68079 -44.7435 
-14.085 -7.40641 -45.4254 -24.0488 22.0346 31.9078 -24.4335 21.6203 31.0831 
-24.8351 21.2663 30.2393 -25.2541 20.988 29.3758 -25.6673 20.7798 28.4894 
-26.0737 20.6059 27.5925 -26.4828 20.4632 26.6913 -26.9011 20.3429 25.7911 
-27.3206 20.2311 24.8903 -27.7294 20.127 23.9837 -28.1007 20.0428 23.0594 
-28.4016 19.9746 22.1088 -28.6063 19.9109 21.1334 -28.6803 19.8519 20.1406 
-28.6554 19.7872 19.1508 -28.9444 19.642 18.2445 -29.4964 19.4543 17.4324 
-30.0017 19.2781 16.5881 -30.4585 19.1157 15.7138 -30.8614 18.9755 14.8099 
-31.1939 18.8506 13.8754 -31.4659 18.71 12.9243 -31.6096 18.516 11.9566 
-31.5695 18.2444 11.0025 -31.251 17.8503 10.1489 -30.7752 17.3671 9.41588 
-30.2519 16.8524 8.73707 -29.7153 16.3437 8.06386 -29.192 15.8391 7.37736 
-28.6987 15.3468 6.66047 -28.2469 14.8702 5.90695 -27.8559 14.4274 5.10116 
-27.5238 14.0294 4.24664 -27.2345 13.6728 3.35867 -26.9769 13.3634 2.44353 
-26.7357 13.0807 1.51525 -26.5055 12.8077 0.5812 -26.2682 12.5191 -0.3463 
-25.9997 12.2039 -1.25625 -25.693 11.8618 -2.14431 -25.3844 11.5109 -3.02836 
-25.0957 11.164 -3.92062 -24.844 10.8302 -4.82897 -24.608 10.5002 -5.74291 
-24.3576 10.1496 -6.64508 -24.0753 9.76019 -7.52097 -23.7238 9.29185 -8.32948 
-23.3153 8.7429 -9.0569 -22.8659 8.09991 -9.67527 -22.4104 7.40742 -10.2341 
-21.9772 6.68953 -10.7784 -21.5969 5.9482 -11.3309 -21.217 5.22302 -11.9051 
-20.8162 4.50252 -12.4704 -20.3641 3.81188 -13.0347 -19.9167 3.1041 -13.5811 
-19.4793 2.40391 -14.1446 -19.0545 1.73849 -14.7579 -18.6718 1.13957 -15.4549 
-18.3449 0.664284 -16.2697 -18.1101 0.224327 -17.1361 -17.9169 -0.216754 -18.0124 
-17.7737 -0.665077 -18.8946 -17.6567 -1.11413 -19.7803 -17.5709 -1.55699 -20.6726 
-17.5191 -1.98171 -21.5763 -17.4992 -2.37749 -22.4942 -17.498 -2.74677 -23.4234 
-17.4641 -3.08135 -24.3649 -17.3949 -3.37631 -25.3174 -17.2719 -3.60291 -26.2829 
-17.0823 -3.76665 -27.2497 -16.7815 -3.8478 -28.198 -16.3608 -3.84844 -29.1031 
-15.9225 -3.73289 -29.9924 -15.5795 -3.44825 -30.8812 -15.3051 -2.99618 -31.7291 
-15.0155 -2.66025 -32.6126 -14.7485 -2.67026 -33.5707 -14.548 -2.78857 -34.5429 
-14.399 -2.92493 -35.5219 -14.2927 -3.09072 -36.5021 -14.2296 -3.3105 -37.4751 
-14.1977 -3.58584 -38.4355 -14.1928 -3.92081 -39.3774 -14.2092 -4.2918 -40.3058 
-14.2469 -4.66869 -41.2313 -14.2881 -5.04647 -42.1562 -14.3174 -5.43778 -43.0759 
-14.3153 -5.88263 -43.9705 -14.2668 -6.43795 -44.7978 -14.1892 -7.11242 -45.5295 
-25.0912 23.657 29.3081 -25.3141 23.4717 28.7828 -25.6776 23.174 27.9001 
-26.0515 22.8923 27.0166 -26.4544 22.6357 26.1382 -26.8818 22.411 25.2626 
-27.3153 22.2223 24.3816 -27.7368 22.0681 23.4882 -28.122 21.9545 22.5727 
-28.4436 21.8624 21.6311 -28.6556 21.7881 20.6585 -28.7187 21.7226 19.665 
-28.6186 21.6483 18.6758 -28.6396 21.511 17.7504 -29.0356 21.3169 16.9291 
-29.5182 21.1027 16.0803 -29.9396 20.8908 15.1989 -30.3196 20.6809 14.2982 
-30.6523 20.4595 13.3818 -30.9236 20.215 12.4516 -31.0783 19.9094 11.5143 
-31.0634 19.521 10.5985 -30.7838 19.0078 9.79598 -30.3767 18.4223 9.09696 
-29.8988 17.8335 8.44533 -29.3917 17.2663 7.79652 -28.8919 16.7156 7.12814 
-28.4142 16.1755 6.4354 -27.9805 15.653 5.70174 -27.5888 15.154 4.92948 
-27.2583 14.7004 4.1024 -26.9684 14.294 3.23668 -26.7212 13.9488 2.3315 
-26.4912 13.6304 1.41189 -26.2695 13.3248 0.485924 -26.0388 13.0081 -0.434031 
-25.7772 12.6645 -1.33566 -25.4793 12.2948 -2.2156 -25.1787 11.9221 -3.09346 
-24.9023 11.5595 -3.9833 -24.6583 11.2078 -4.88694 -24.4401 10.8633 -5.79995 
-24.2094 10.5017 -6.70307 -23.9312 10.0893 -7.56947 -23.5893 9.60796 -8.37542 
-23.1067 8.91729 -9.22367 -22.6656 8.2548 -9.82832 -22.2231 7.54844 -10.3805 
-21.8169 6.81882 -10.9299 -21.4382 6.0929 -11.5038 -21.0585 5.37609 -12.0885 
-20.6323 4.67807 -12.6636 -20.1867 3.97527 -13.2178 -19.75 3.25021 -13.7502 
-19.3198 2.52394 -14.2861 -18.916 1.80839 -14.8557 -18.5407 1.19201 -15.5378 
-18.2286 0.705203 -16.3518 -17.9902 0.237435 -17.2026 -17.8085 -0.226906 -18.0691 
-17.6746 -0.692967 -18.9435 -17.5669 -1.15566 -19.8234 -17.4869 -1.60841 -20.7113 
-17.4392 -2.03866 -21.6125 -17.4212 -2.44044 -22.5279 -17.4147 -2.81087 -23.4566 
-17.3789 -3.15038 -24.3962 -17.2998 -3.43885 -25.35 -17.1768 -3.67267 -26.3137 
-16.9688 -3.82853 -27.2781 -16.6661 -3.91836 -28.225 -16.2442 -3.91878 -29.1303 
-15.8138 -3.82237 -30.0261 -15.5018 -3.5206 -30.9207 -15.2346 -3.08863 -31.7813 
-14.9513 -2.73535 -32.662 -14.6958 -2.71463 -33.6207 -14.5071 -2.82263 -34.5964 
-14.3609 -2.95515 -35.5765 -14.2633 -3.12651 -36.5565 -14.2025 -3.34545 -37.5299 
-14.1759 -3.62879 -38.4881 -14.1717 -3.96406 -39.43 -14.1929 -4.33785 -40.3572 
-14.2297 -4.71389 -41.2831 -14.2694 -5.09212 -42.2079 -14.2969 -5.4845 -43.1272 
-14.289 -5.943 -44.0146 -14.2363 -6.51744 -44.8275 -14.1543 -7.21167 -45.5413 
-23.8042 21.3903 32.5697 -24.0354 21.1771 32.0588 -24.4176 20.8187 31.2073 
-24.8239 20.5107 30.3476 -25.2509 20.2871 29.4719 -25.6731 20.115 28.5821 
-26.0857 19.9788 27.6816 -26.4944 19.868 26.7757 -26.9065 19.7733 25.8696 
-27.3186 19.6798 24.9633 -27.7182 19.588 24.0512 -28.0823 19.5116 23.1233 
-28.3844 19.4483 22.1728 -28.5999 19.3918 21.1989 -28.6874 19.3392 20.2056 
-28.756 19.2525 19.0257 -29.1854 19.0963 18.1812 -29.7417 18.9198 17.3695 
-30.2533 18.7584 16.5261 -30.7127 18.6172 15.6496 -31.1137 18.5047 14.7409 
-31.4478 18.4017 13.8048 -31.6959 18.284 12.8447 -31.7897 18.1117 11.8673 
-31.6593 17.8407 10.9224 -31.2928 17.4589 10.0804 -30.7875 16.9926 9.3571 
-30.244 16.4948 8.68127 -29.6999 16.0026 8.00194 -29.1741 15.5115 7.30761 
-28.6838 15.0346 6.57844 -28.2423 14.5774 5.80718 -27.863 14.1569 4.98396 
-27.5458 13.7855 4.11182 -27.2635 13.4497 3.21349 -27.0079 13.1554 2.29275 
-26.7676 12.8858 1.36031 -26.5347 12.6188 0.425204 -26.2919 12.3334 -0.501818 
-26.0146 12.0196 -1.40967 -25.705 11.6835 -2.29902 -25.3976 11.3404 -3.18654 
-25.1128 11.0019 -4.08322 -24.8637 10.6755 -4.99501 -24.6255 10.3502 -5.91008 
-24.3682 10.0013 -6.81074 -24.059 9.59434 -7.66874 -23.7584 9.20211 -8.29719 
-23.3294 8.62315 -8.98726 -22.8698 7.95641 -9.57134 -22.417 7.23566 -10.0955 
-22.0065 6.47896 -10.6034 -21.6545 5.7042 -11.1284 -21.2921 4.94326 -11.6664 
-20.8949 4.18954 -12.1893 -20.4587 3.46669 -12.725 -20.0313 2.73414 -13.2541 
-19.6073 2.04294 -13.8374 -19.1986 1.44669 -14.527 -18.8349 0.930963 -15.2995 
-18.5421 0.515475 -16.1595 -18.3147 0.122723 -17.0503 -18.1416 -0.281476 -17.9482 
-17.9939 -0.693218 -18.8475 -17.8729 -1.1087 -19.7489 -17.7834 -1.52558 -20.6533 
-17.7363 -1.9246 -21.5688 -17.7251 -2.30009 -22.4954 -17.7331 -2.65188 -23.4314 
-17.7096 -2.97425 -24.3773 -17.641 -3.24898 -25.3359 -17.528 -3.4633 -26.3055 
-17.3425 -3.60772 -27.276 -17.0565 -3.67648 -28.2298 -16.6185 -3.63808 -29.1253 
-16.1403 -3.49161 -29.9895 -15.7361 -3.17071 -30.8387 -15.4131 -2.70083 -31.6592 
-15.1101 -2.40208 -32.538 -14.8216 -2.48038 -33.4859 -14.608 -2.62582 -34.4516 
-14.4441 -2.76985 -35.4273 -14.3302 -2.9358 -36.4066 -14.2552 -3.14102 -37.382 
-14.2203 -3.41199 -38.3436 -14.208 -3.73223 -39.2905 -14.2214 -4.10282 -40.2191 
-14.2521 -4.48281 -41.1435 -14.288 -4.86217 -42.0681 -14.3162 -5.25083 -42.989 
-14.3131 -5.68952 -43.8867 -14.2704 -6.21581 -44.7336 -14.1917 -6.8708 -45.4832 
-23.6229 17.843 33.8738 -23.895 17.7707 33.125 -24.2398 17.6674 32.1921 
-24.6157 17.555 31.2724 -25.0202 17.4525 30.3638 -25.4305 17.3848 29.4544 
-25.8404 17.341 28.5434 -26.2496 17.3151 27.6314 -26.6544 17.2964 26.7171 
-27.0539 17.2718 25.8007 -27.4482 17.2362 24.8825 -27.8273 17.1936 23.9581 
-28.1627 17.1607 23.0171 -28.4302 17.1384 22.0544 -28.6238 17.1218 21.0741 
-28.8366 17.0817 20.1112 -29.3936 16.9553 19.3075 -30.0253 16.8232 18.5438 
-30.6396 16.7146 17.7625 -31.2067 16.6448 16.9426 -31.7182 16.6063 16.0849 
-32.1354 16.6019 15.1775 -32.4569 16.6083 14.2316 -32.6204 16.5927 13.2481 
-32.6206 16.5266 12.2538 -32.3802 16.3624 11.3033 -31.9536 16.109 10.441 
-31.3887 15.7473 9.70034 -30.8001 15.3482 8.99763 -30.22 14.9298 8.29879 
-29.6664 14.5108 7.57927 -29.1583 14.1023 6.82185 -28.7067 13.7174 6.01764 
-28.3258 13.3655 5.16339 -27.9997 13.0497 4.27285 -27.715 12.7738 3.35496 
-27.4516 12.5184 2.42474 -27.2045 12.2821 1.48507 -26.965 12.0541 0.541301 
-26.7221 11.8116 -0.397839 -26.4545 11.5415 -1.32248 -26.1527 11.2469 -2.22905 
-25.8434 10.9461 -3.13117 -25.5536 10.6512 -4.04162 -25.2913 10.3655 -4.96323 
-25.0575 10.0857 -5.89435 -24.8146 9.79325 -6.81902 -24.5137 9.45052 -7.70738 
-24.1421 9.01771 -8.52576 -23.7923 8.58367 -9.09892 -23.3242 7.99307 -9.7549 
-22.8442 7.36234 -10.3645 -22.3696 6.74451 -10.9912 -21.909 6.12533 -11.6271 
-21.4457 5.51818 -12.2723 -20.9502 4.93802 -12.9185 -20.4374 4.36795 -13.5602 
-19.9286 3.78726 -14.1954 -19.4372 3.20291 -14.841 -18.9564 2.60036 -15.4774 
-18.4777 1.976 -16.0945 -18.0308 1.35562 -16.7376 -17.6997 0.775116 -17.4763 
-17.4831 0.243431 -18.2942 -17.3361 -0.274984 -19.1363 -17.2321 -0.785145 -19.9898 
-17.159 -1.26912 -20.8615 -17.1308 -1.71952 -21.7535 -17.1245 -2.13198 -22.6644 
-17.1229 -2.50934 -23.5903 -17.0884 -2.85083 -24.5289 -16.9944 -3.15142 -25.4776 
-16.839 -3.38401 -26.4365 -16.601 -3.5485 -27.3923 -16.2312 -3.63354 -28.3157 
-15.7703 -3.65436 -29.2015 -15.3122 -3.5597 -30.0835 -14.9089 -3.35458 -30.9736 
-14.6052 -2.96005 -31.8368 -14.3944 -2.5392 -32.715 -14.2267 -2.35077 -33.6749 
-14.0804 -2.37995 -34.6618 -13.9787 -2.48891 -35.6502 -13.9235 -2.65087 -36.635 
-13.9028 -2.86574 -37.611 -13.9042 -3.13371 -38.5742 -13.9172 -3.4546 -39.5209 
-13.9363 -3.81265 -40.4543 -13.9559 -4.18781 -41.3811 -13.9676 -4.56684 -42.3064 
-13.9625 -4.98013 -43.2167 -13.9305 -5.47086 -44.0858 -13.8631 -6.07712 -44.8764 
-13.7861 -6.75909 -45.6026 -24.6163 11.5554 33.336 -24.7973 11.5324 32.7645 
-25.0879 11.5263 31.8078 -25.3829 11.5671 30.8535 -25.7117 11.6539 29.9133 
-26.0788 11.7561 28.989 -26.486 11.8514 28.0808 -26.9122 11.927 27.1793 
-27.334 11.9767 26.2741 -27.7368 12.0149 25.3596 -28.1103 12.0662 24.4336 
-28.4553 12.1463 23.4987 -28.7517 12.2584 22.5505 -29.0256 12.3628 21.5959 
-29.5767 12.3626 20.7944 -30.3303 12.3316 20.1382 -31.0717 12.3541 19.4683 
-31.7699 12.4247 18.7567 -32.388 12.5483 17.9818 -32.9215 12.6968 17.1511 
-33.3161 12.8651 16.2504 -33.5548 13.0196 15.295 -33.5831 13.1163 14.3032 
-33.4482 13.1438 13.316 -33.1265 13.0697 12.3754 -32.6808 12.9042 11.4981 
-32.1505 12.6529 10.6903 -31.5812 12.3529 9.92505 -31.0157 12.0441 9.16041 
-30.4758 11.7429 8.37464 -29.9973 11.469 7.54116 -29.5819 11.2311 6.66401 
-29.2331 11.0284 5.74955 -28.9266 10.8509 4.81448 -28.6334 10.6831 3.87327 
-28.3417 10.5131 2.93197 -28.0479 10.3411 1.99173 -27.7578 10.1763 1.04905 
-27.4798 10.0173 0.101722 -27.2052 9.84901 -0.844935 -26.9167 9.65777 -1.78305 
-26.6042 9.44737 -2.70926 -26.2809 9.22991 -3.63022 -25.9679 9.02071 -4.55661 
-25.6638 8.81969 -5.48777 -25.3462 8.605 -6.41115 -24.9786 8.33447 -7.29986 
-24.5452 7.98135 -8.12677 -24.1497 7.61313 -8.71389 -23.6201 7.06012 -9.3559 
-23.0802 6.45967 -9.94483 -22.5685 5.80607 -10.5021 -22.1064 5.13259 -11.0782 
-21.6739 4.44947 -11.6663 -21.2174 3.79146 -12.2648 -20.7302 3.16933 -12.8776 
-20.2388 2.57722 -13.5159 -19.7628 2.00151 -14.1801 -19.3114 1.48488 -14.9058 
-18.9053 1.00775 -15.6846 -18.5692 0.585171 -16.5239 -18.3194 0.196195 -17.4102 
-18.1214 -0.201248 -18.306 -17.9661 -0.609123 -19.2056 -17.8436 -1.02097 -20.1085 
-17.7722 -1.43145 -21.0172 -17.7542 -1.82689 -21.9352 -17.7717 -2.19391 -22.8651 
-17.8115 -2.53889 -23.8027 -17.8259 -2.85591 -24.7506 -17.7814 -3.12755 -25.7113 
-17.6747 -3.32247 -26.6853 -17.4665 -3.42609 -27.6546 -17.089 -3.42031 -28.5758 
-16.5467 -3.32524 -29.4069 -15.9526 -3.12279 -30.1837 -15.4135 -2.8026 -30.9597 
-14.9804 -2.39429 -31.7624 -14.6467 -2.10575 -32.6455 -14.4044 -2.10662 -33.6129 
-14.223 -2.20097 -34.5912 -14.1024 -2.32754 -35.5754 -14.0261 -2.48891 -36.5591 
-13.9858 -2.69681 -37.536 -13.9727 -2.9555 -38.5016 -13.9777 -3.26546 -39.4521 
-13.9923 -3.61493 -40.3888 -14.0117 -3.98787 -41.3165 -14.0251 -4.3676 -42.2414 
-14.0239 -4.77267 -43.1554 -13.9998 -5.24143 -44.0374 -13.9379 -5.83425 -44.838 
-13.8648 -6.50527 -45.5751 -24.454 23.2476 30.8587 -24.8631 22.8881 30.02 
-25.2546 22.5741 29.1555 -25.6322 22.2964 28.2722 -26.0124 22.0503 27.3808 
-26.4131 21.8308 26.4914 -26.8389 21.6464 25.6057 -27.2723 21.4859 24.7189 
-27.6953 21.3496 23.8233 -28.0874 21.2414 22.91 -28.4128 21.1554 21.9692 
-28.6439 21.0808 21.0007 -28.7276 21.0125 20.0087 -28.6718 20.9404 19.0149 
-28.6244 20.8317 18.0728 -29.0798 20.6376 17.2473 -29.5729 20.4325 16.4021 
-30.0178 20.2345 15.5292 -30.4093 20.0455 14.6288 -30.7526 19.8583 13.7087 
-31.0238 19.6553 12.7688 -31.2041 19.4042 11.8197 -31.1899 19.0541 10.8907 
-30.9431 18.5997 10.0423 -30.5288 18.0475 9.32099 -30.0438 17.4788 8.65726 
-29.5288 16.9286 8.00001 -29.0172 16.3876 7.33264 -28.5346 15.8623 6.63201 
-28.084 15.3495 5.90183 -27.6754 14.8595 5.13216 -27.3203 14.4093 4.31391 
-27.0151 14.0093 3.45023 -26.7414 13.6546 2.55652 -26.4938 13.3402 1.64019 
-26.2561 13.0406 0.71619 -26.0176 12.7378 -0.206487 -25.7577 12.4139 -1.11594 
-25.4591 12.0581 -2.00128 -25.1466 11.687 -2.87566 -24.8489 11.3158 -3.75513 
-24.5767 10.951 -4.64545 -24.3228 10.5854 -5.5409 -24.0601 10.2008 -6.42551 
-23.7558 9.76742 -7.27307 -23.3945 9.27458 -8.06324 -22.981 8.69218 -8.75959 
-22.5347 8.00686 -9.33202 -22.1324 7.21814 -9.78913 -21.8825 6.31831 -10.129 
-21.7311 5.38757 -10.4539 -21.4785 4.50647 -10.8509 -21.1376 3.66721 -11.2738 
-20.7578 2.85014 -11.707 -20.3527 2.08407 -12.2046 -19.9403 1.37057 -12.77 
-19.5293 0.777326 -13.4529 -19.1523 0.335888 -14.2644 -18.8667 -0.0201187 -15.1528 
-18.6639 -0.32774 -16.0818 -18.5202 -0.645238 -17.0188 -18.4114 -0.989802 -17.951 
-18.3174 -1.36078 -18.8749 -18.2255 -1.74837 -19.7921 -18.134 -2.14105 -20.7072 
-18.073 -2.53228 -21.6253 -18.0411 -2.90928 -22.5509 -18.018 -3.2648 -23.4852 
-17.9973 -3.58369 -24.4325 -17.9501 -3.85322 -25.3938 -17.8517 -4.05451 -26.3679 
-17.7083 -4.20291 -27.3456 -17.4677 -4.2646 -28.3125 -17.1364 -4.22448 -29.2524 
-16.7989 -4.00908 -30.1646 -16.7055 -3.55704 -31.0301 -16.7495 -2.88129 -31.7614 
-16.7049 -2.28924 -32.7424 -16.6092 -2.29802 -33.727 -16.4766 -2.45858 -34.7046 
-16.2865 -2.62288 -35.6723 -16.0622 -2.79059 -36.6322 -15.8468 -2.99085 -37.5877 
-15.69 -3.25431 -38.5384 -15.6082 -3.58416 -39.4779 -15.609 -3.97364 -40.3983 
-15.6658 -4.39339 -41.3037 -15.788 -4.78621 -42.2148 -15.9317 -5.11852 -43.146 
-16.1026 -5.28084 -44.1154 -16.2412 -5.35093 -45.1028 -16.3098 -5.41158 -45.8974 
-25.0311 24.2926 29.3164 -25.3294 24.037 28.6195 -25.6884 23.7227 27.7407 
-26.0621 23.4187 26.8645 -26.4641 23.1355 25.994 -26.8947 22.8929 25.1248 
-27.3275 22.6819 24.2485 -27.7447 22.52 23.3545 -28.1304 22.4002 22.4401 
-28.4507 22.3086 21.4979 -28.6744 22.2358 20.5274 -28.7369 22.1699 19.5336 
-28.6684 22.0865 18.5414 -28.5836 21.9613 17.6303 -29.0321 21.7463 16.7696 
-29.4963 21.5252 15.9123 -29.9136 21.3036 15.0313 -30.2771 21.0809 14.1268 
-30.6102 20.8444 13.2143 -30.8759 20.5706 12.2908 -31.0406 20.2436 11.3619 
-30.9923 19.8224 10.4644 -30.7236 19.2954 9.66338 -30.3135 18.6955 8.97903 
-29.8398 18.1003 8.33039 -29.3347 17.5253 7.6868 -28.8375 16.9656 7.02404 
-28.366 16.417 6.33383 -27.9351 15.8829 5.60707 -27.552 15.3747 4.83634 
-27.2199 14.9043 4.0195 -26.9382 14.4901 3.15487 -26.6927 14.1262 2.25662 
-26.471 13.8016 1.33723 -26.2565 13.4897 0.411659 -26.0311 13.1653 -0.506886 
-25.7751 12.8144 -1.40738 -25.4833 12.4406 -2.28763 -25.1866 12.0654 -3.16578 
-24.917 11.7047 -4.05849 -24.6799 11.3556 -4.9649 -24.4724 11.0165 -5.88247 
-24.2597 10.6699 -6.79592 -23.9904 10.2691 -7.67048 -23.585 9.69903 -8.64344 
-23.1849 9.13796 -9.36551 -22.7497 8.49863 -9.99836 -22.302 7.84284 -10.6061 
-21.8645 7.18009 -11.2137 -21.4283 6.53616 -11.8419 -20.9887 5.91166 -12.4872 
-20.5135 5.30428 -13.1236 -20.0261 4.69129 -13.7452 -19.5509 4.05138 -14.349 
-19.0866 3.39691 -14.9451 -18.6282 2.7029 -15.4997 -18.1517 1.9837 -16.0036 
-17.759 1.26853 -16.5619 -17.5202 0.663409 -17.3183 -17.3579 0.106072 -18.1321 
-17.2388 -0.435018 -18.9644 -17.1446 -0.964536 -19.8074 -17.0708 -1.46603 -20.669 
-17.0316 -1.93475 -21.5513 -17.0146 -2.36274 -22.4546 -17.0089 -2.75467 -23.3744 
-16.9694 -3.11034 -24.3078 -16.8862 -3.42195 -25.2539 -16.7467 -3.66859 -26.2123 
-16.5368 -3.85945 -27.1702 -16.2212 -3.9848 -28.1093 -15.8176 -4.04878 -29.021 
-15.4116 -3.99089 -29.9307 -15.074 -3.81267 -30.8528 -14.7839 -3.50157 -31.7564 
-14.5537 -3.16177 -32.6659 -14.3798 -2.99188 -33.6323 -14.2353 -3.01177 -34.6194 
-14.1239 -3.12557 -35.606 -14.0523 -3.29888 -36.5878 -14.0147 -3.53028 -37.5595 
-14.0005 -3.81551 -38.5176 -14.0064 -4.15696 -39.4572 -14.0308 -4.52366 -40.3873 
-14.0661 -4.88859 -41.3176 -14.0954 -5.26349 -42.2441 -14.0978 -5.69588 -43.1445 
-14.0601 -6.23264 -43.9849 -13.9847 -6.92482 -44.6991 -13.8853 -7.68391 -45.3419 
-24.0648 22.0002 31.8658 -24.4507 21.5869 31.0413 -24.8534 21.2378 30.196 
-25.2724 20.964 29.3309 -25.6853 20.7589 28.4437 -26.0914 20.5861 27.5464 
-26.5007 20.4442 26.6452 -26.919 20.3251 25.7448 -27.3378 20.2138 24.8436 
-27.7451 20.1105 23.9362 -28.1131 20.0272 23.0105 -28.4167 19.9586 22.0609 
-28.6162 19.8951 21.0844 -28.6869 19.8357 20.0912 -28.6857 19.7649 19.1059 
-29.1739 19.5659 18.0575 -29.706 19.3806 17.2316 -30.1941 19.2113 16.3756 
-30.6405 19.0553 15.4949 -31.0238 18.9262 14.5808 -31.3533 18.8036 13.645 
-31.6027 18.6586 12.6887 -31.721 18.4629 11.7179 -31.614 18.1802 10.7738 
-31.2566 17.7879 9.93486 -30.7514 17.3091 9.21793 -30.2167 16.8039 8.54072 
-29.6772 16.3064 7.86148 -29.1568 15.8097 7.16708 -28.6717 15.3264 6.4386 
-28.2306 14.8592 5.67303 -27.8601 14.4315 4.84948 -27.5416 14.0429 3.98558 
-27.2731 13.7028 3.08471 -27.0299 13.4022 2.16268 -26.8034 13.1317 1.22704 
-26.584 12.8609 0.289776 -26.3511 12.5661 -0.636805 -26.0884 12.2476 -1.54735 
-25.7851 11.9098 -2.43829 -25.4853 11.5704 -3.32986 -25.2135 11.2412 -4.23397 
-24.9827 10.9289 -5.15524 -24.7741 10.6254 -6.08497 -24.5489 10.3085 -7.00595 
-24.2615 9.93153 -7.88486 -23.903 9.46887 -8.69408 -23.4826 8.92236 -9.41678 
-23.033 8.32439 -10.0794 -22.5642 7.7156 -10.7193 -22.0945 7.11904 -11.37 
-21.6201 6.53124 -12.0252 -21.1254 5.9724 -12.6903 -20.6099 5.42218 -13.3473 
-20.0871 4.87089 -13.9974 -19.5907 4.29544 -14.6472 -19.1091 3.71456 -15.3033 
-18.6407 3.10424 -15.9417 -18.1567 2.44542 -16.5148 -17.6945 1.70653 -17.0019 
-17.3689 1.02894 -17.6464 -17.1672 0.434954 -18.4237 -17.0314 -0.134811 -19.2339 
-16.9365 -0.684382 -20.0637 -16.8668 -1.20083 -20.9169 -16.8435 -1.67016 -21.7992 
-16.835 -2.10031 -22.7017 -16.8238 -2.48432 -23.6248 -16.783 -2.83531 -24.5599 
-16.6795 -3.13733 -25.5068 -16.5195 -3.38476 -26.4617 -16.2589 -3.56244 -27.4087 
-15.8881 -3.67595 -28.3288 -15.4233 -3.70722 -29.2128 -14.9823 -3.65281 -30.1073 
-14.6275 -3.42207 -31.0069 -14.3787 -2.99166 -31.8697 -14.2207 -2.5118 -32.7308 
-14.0847 -2.22443 -33.668 -13.9551 -2.21474 -34.6569 -13.8804 -2.31668 -35.648 
-13.8476 -2.47818 -36.6341 -13.8371 -2.68598 -37.6119 -13.8461 -2.95079 -38.5759 
-13.8643 -3.2607 -39.5263 -13.886 -3.61309 -40.4618 -13.9071 -3.98497 -41.3898 
-13.917 -4.36206 -42.3159 -13.9146 -4.75889 -43.2335 -13.8883 -5.22835 -44.1149 
-13.8355 -5.7991 -44.9325 -13.7842 -6.31503 -45.5414 -25.8456 7.22529 32.844 
-26.0691 7.35385 31.8778 -26.3161 7.51431 30.9226 -26.621 7.70464 29.9902 
-27.0077 7.9173 29.0933 -27.4378 8.14017 28.2186 -27.8844 8.36437 27.3524 
-28.3193 8.58669 26.4799 -28.721 8.81264 25.5926 -29.0818 9.04379 24.6894 
-29.3928 9.29261 23.7723 -29.6639 9.5465 22.844 -29.9888 9.75488 21.9271 
-30.5503 9.89168 21.1208 -31.2363 10.0236 20.4054 -31.8767 10.1845 19.6553 
-32.4313 10.3792 18.8478 -32.9002 10.5944 17.9925 -33.2506 10.8174 17.084 
-33.4855 11.0141 16.1344 -33.559 11.1521 15.1497 -33.4728 11.2154 14.1586 
-33.2331 11.1991 13.1897 -32.8811 11.1147 12.259 -32.4326 10.945 11.383 
-31.9351 10.7208 10.5455 -31.4293 10.4686 9.72055 -30.9463 10.2243 8.88 
-30.515 10.0092 8.0044 -30.1406 9.82799 7.09558 -29.8163 9.68361 6.16086 
-29.5116 9.55877 5.21668 -29.2184 9.44345 4.26761 -28.9269 9.32463 3.31845 
-28.6312 9.19914 2.37145 -28.3337 9.07119 1.42537 -28.0408 8.9475 0.477262 
-27.7552 8.8291 -0.473756 -27.467 8.69909 -1.42237 -27.1625 8.54813 -2.36276 
-26.8347 8.38562 -3.29341 -26.4963 8.22596 -4.22074 -26.1508 8.07013 -5.14612 
-25.7937 7.9079 -6.06592 -25.3761 7.69877 -6.94911 -24.7909 7.33592 -7.92823 
-24.2402 6.93363 -8.65718 -23.655 6.42197 -9.28412 -23.0689 5.85269 -9.85998 
-22.5368 5.19785 -10.3955 -22.0639 4.51398 -10.9502 -21.6229 3.8183 -11.5168 
-21.1604 3.14745 -12.0964 -20.6833 2.51019 -12.7001 -20.2024 1.92523 -13.353 
-19.7437 1.3811 -14.0537 -19.3232 0.931114 -14.8395 -18.9708 0.540962 -15.6892 
-18.6957 0.188587 -16.5825 -18.4939 -0.152107 -17.5004 -18.3362 -0.513096 -18.4194 
-18.2092 -0.893637 -19.3354 -18.1026 -1.28124 -20.2509 -18.0372 -1.66713 -21.171 
-18.0085 -2.03469 -22.1003 -18.0251 -2.38275 -23.0374 -18.0652 -2.71684 -23.979 
-18.0723 -3.01952 -24.9317 -18.0355 -3.27154 -25.8983 -17.9466 -3.44701 -26.8775 
-17.7654 -3.52957 -27.8554 -17.3931 -3.48176 -28.7753 -16.8392 -3.33057 -29.5882 
-16.2095 -3.06588 -30.3169 -15.6812 -2.66817 -31.0606 -15.2816 -2.2379 -31.8667 
-14.9428 -2.1477 -32.7699 -14.6736 -2.31474 -33.7175 -14.4747 -2.46428 -34.6856 
-14.3313 -2.61137 -35.6641 -14.2345 -2.78547 -36.6437 -14.1777 -3.00458 -37.6174 
-14.1514 -3.27919 -38.5781 -14.1474 -3.60742 -39.5225 -14.1603 -3.97391 -40.4527 
-14.1841 -4.35483 -41.377 -14.2071 -4.73699 -42.3008 -14.2158 -5.14439 -43.2137 
-14.1938 -5.61613 -44.094 -14.127 -6.20588 -44.8963 -14.0421 -6.89635 -45.6125 
-25.6274 7.45358 33.445 -25.7694 7.53082 32.8672 -25.9919 7.64901 31.8995 
-26.2318 7.78668 30.9388 -26.5352 7.96139 30.0029 -26.9112 8.15999 29.0984 
-27.3432 8.3708 28.2216 -27.79 8.58399 27.3528 -28.2278 8.79214 26.4782 
-28.6338 9.0043 25.5895 -28.9958 9.22415 24.6839 -29.3119 9.4624 23.7658 
-29.5832 9.70829 22.8354 -29.8787 9.92153 21.9078 -30.4723 10.0418 21.1194 
-31.1606 10.1646 20.4053 -31.8101 10.3168 19.6614 -32.3818 10.5038 18.8639 
-32.8601 10.7146 18.0127 -33.2388 10.9366 17.1157 -33.4715 11.1304 16.1646 
-33.5647 11.2737 15.1825 -33.4842 11.3386 14.1906 -33.2625 11.3314 13.2176 
-32.9032 11.2402 12.291 -32.4613 11.0786 11.4095 -31.9566 10.8493 10.5778 
-31.4418 10.5952 9.75902 -30.9485 10.3434 8.92665 -30.4972 10.1138 8.06483 
-30.1049 9.91776 7.16675 -29.7659 9.75726 6.2401 -29.4577 9.62345 5.29831 
-29.1619 9.50058 4.35099 -28.8695 9.37643 3.40283 -28.5729 9.2457 2.45679 
-28.2735 9.11088 1.51225 -27.9777 8.97974 0.566059 -27.6896 8.85423 -0.383292 
-27.4006 8.71998 -1.33108 -27.0932 8.56132 -2.26929 -26.7664 8.39314 -3.19927 
-26.4252 8.22596 -4.12424 -26.0765 8.06184 -5.04698 -25.7048 7.88824 -5.95865 
-25.275 7.67317 -6.83452 -24.7742 7.37519 -7.64441 -24.0901 6.89832 -8.50372 
-23.4823 6.38025 -9.10222 -22.8882 5.77254 -9.62642 -22.3653 5.07692 -10.1164 
-21.9284 4.32142 -10.6039 -21.5164 3.55553 -11.0975 -21.0891 2.80904 -11.6074 
-20.6538 2.08018 -12.1354 -20.2047 1.44428 -12.7608 -19.7689 0.860763 -13.4425 
-19.3728 0.442116 -14.257 -19.0543 0.105946 -15.1417 -18.817 -0.194733 -16.0648 
-18.647 -0.49078 -17.0043 -18.5235 -0.814784 -17.9421 -18.4205 -1.16301 -18.8737 
-18.3281 -1.53748 -19.7963 -18.2464 -1.91891 -20.7171 -18.1899 -2.29558 -21.6415 
-18.1751 -2.65953 -22.5726 -18.176 -3.00244 -23.5119 -18.1676 -3.31769 -24.4608 
-18.136 -3.58219 -25.4241 -18.0621 -3.78677 -26.3995 -17.9259 -3.91818 -27.3803 
-17.6967 -3.96252 -28.3504 -17.3352 -3.8728 -29.2756 -16.9521 -3.61621 -30.1582 
-16.7627 -3.09707 -30.9749 -16.6486 -2.42983 -31.7094 -16.5449 -1.98945 -32.5523 
-16.4151 -2.08261 -33.5289 -16.2735 -2.28067 -34.4986 -16.0947 -2.46666 -35.4646 
-15.8874 -2.64403 -36.4266 -15.6873 -2.84058 -37.3862 -15.5377 -3.09784 -38.3403 
-15.4419 -3.40949 -39.2849 -15.4235 -3.78535 -40.2108 -15.4508 -4.1961 -41.1218 
-15.5245 -4.59814 -42.0342 -15.6176 -4.95153 -42.9646 -15.7075 -5.21021 -43.9251 
-15.7889 -5.38829 -44.9053 -15.8242 -5.51663 -45.6939 -25.2574 9.48108 33.2206 
-25.4375 9.52345 32.4423 -25.6695 9.59071 31.472 -25.9303 9.68143 30.5111 
-26.2469 9.79906 29.5703 -26.6236 9.93044 28.6538 -27.0533 10.0591 27.7602 
-27.4949 10.1839 26.8717 -27.9221 10.3027 25.9755 -28.3232 10.4242 25.0676 
-28.6885 10.5711 24.1487 -29.0142 10.7457 23.2197 -29.2903 10.9288 22.2763 
-29.6587 11.0602 21.3652 -30.3502 11.0975 20.6572 -31.0845 11.157 19.9816 
-31.7676 11.2678 19.2612 -32.3791 11.423 18.4864 -32.8872 11.6096 17.6472 
-33.2821 11.8109 16.7525 -33.5252 11.9885 15.8027 -33.602 12.1147 14.8165 
-33.4894 12.1588 13.827 -33.23 12.1258 12.8646 -32.8283 11.9994 11.9604 
-32.3381 11.7906 11.1153 -31.7987 11.5251 10.3165 -31.2574 11.2409 9.52509 
-30.7437 10.9675 8.71213 -30.2753 10.7148 7.86627 -29.8784 10.5036 6.9737 
-29.5326 10.3263 6.0527 -29.2245 10.1738 5.11369 -28.9306 10.0308 4.16862 
-28.6365 9.88512 3.22402 -28.3385 9.73338 2.28159 -28.0423 9.58405 1.33822 
-27.7541 9.44316 0.391114 -27.4723 9.2994 -0.557533 -27.1826 9.13634 -1.50055 
-26.8676 8.94975 -2.43106 -26.5378 8.75767 -3.35532 -26.2067 8.5703 -4.28012 
-25.8724 8.38855 -5.20491 -25.5068 8.18733 -6.11312 -25.0789 7.92608 -6.97676 
-24.5778 7.57774 -7.7665 -23.8932 7.01915 -8.57078 -23.2868 6.44612 -9.12091 
-22.7324 5.77366 -9.60787 -22.2619 5.02557 -10.0729 -21.856 4.23864 -10.5376 
-21.4525 3.45778 -11.0145 -21.0348 2.69357 -11.5057 -20.6045 1.97141 -12.045 
-20.1625 1.33298 -12.6742 -19.7351 0.782627 -13.3873 -19.3528 0.379847 -14.2154 
-19.0505 0.0547636 -15.1101 -18.8364 -0.234151 -16.0428 -18.6761 -0.52496 -16.9857 
-18.5599 -0.845243 -17.9257 -18.4629 -1.19661 -18.8568 -18.3742 -1.56857 -19.7808 
-18.2962 -1.94703 -20.7031 -18.255 -2.32008 -21.6298 -18.2487 -2.67982 -22.5627 
-18.2554 -3.02067 -23.5028 -18.2563 -3.33484 -24.452 -18.2354 -3.59864 -25.4157 
-18.1719 -3.8022 -26.3922 -18.0442 -3.9289 -27.3752 -17.8364 -3.9752 -28.3498 
-17.4966 -3.87685 -29.2823 -17.1426 -3.62038 -30.175 -17.0329 -3.08514 -30.9969 
-16.9737 -2.3832 -31.703 -16.9147 -1.87534 -32.5104 -16.8171 -1.82874 -33.4949 
-16.7196 -1.96347 -34.4805 -16.5819 -2.13044 -35.4565 -16.3866 -2.30527 -36.4214 
-16.1735 -2.49327 -37.38 -15.9861 -2.73388 -38.3319 -15.847 -3.02849 -39.2766 
-15.8036 -3.38893 -40.2072 -15.8309 -3.81342 -41.1113 -15.8996 -4.25668 -42.004 
-16.0393 -4.63161 -42.9193 -16.2048 -4.88513 -43.8711 -16.3426 -5.04266 -44.848 
-16.4295 -5.12876 -45.8401 -23.705 17.4778 33.7331 -23.9768 17.41 32.9839 
-24.3223 17.3098 32.0509 -24.6959 17.2034 31.1296 -25.0991 17.115 30.2188 
-25.5056 17.0564 29.3071 -25.9147 17.0248 28.3952 -26.3243 17.0061 27.4832 
-26.7281 16.993 26.5684 -27.1265 16.972 25.6515 -27.5181 16.9395 24.7319 
-27.894 16.9021 23.8061 -28.2145 16.879 22.8596 -28.4741 16.8642 21.8946 
-28.6511 16.8536 20.911 -28.911 16.8051 19.9671 -29.5379 16.6699 19.2005 
-30.1783 16.5467 18.4426 -30.7934 16.4554 17.66 -31.3606 16.4002 16.839 
-31.8547 16.3814 15.971 -32.2606 16.39 15.0581 -32.5458 16.4024 14.1018 
-32.6788 16.389 13.114 -32.607 16.3045 12.1251 -32.3369 16.1345 11.1824 
-31.8564 15.8513 10.3574 -31.2887 15.4846 9.62197 -30.6977 15.0807 8.92374 
-30.118 14.6637 8.22369 -29.571 14.2495 7.49663 -29.0709 13.8499 6.72916 
-28.6366 13.479 5.90913 -28.2651 13.1392 5.04593 -27.9535 12.8427 4.14339 
-27.6668 12.5723 3.2244 -27.4023 12.3244 2.29249 -27.1489 12.0904 1.35386 
-26.9041 11.8633 0.411278 -26.6519 11.6196 -0.52509 -26.3706 11.3453 -1.4445 
-26.0616 11.0506 -2.34858 -25.7506 10.7502 -3.25027 -25.4552 10.4529 -4.15813 
-25.1872 10.1626 -5.07671 -24.9408 9.87431 -6.00197 -24.6743 9.56633 -6.91493 
-24.3528 9.20604 -7.78891 -24.1307 8.95164 -8.28468 -23.8819 8.65192 -8.74006 
-23.4248 8.07883 -9.41882 -22.9462 7.44526 -10.0253 -22.4679 6.78782 -10.6075 
-22.017 6.1252 -11.2052 -21.5892 5.46122 -11.8183 -21.1475 4.81268 -12.4378 
-20.6656 4.18999 -13.0543 -20.1718 3.57658 -13.6705 -19.6901 2.9481 -14.281 
-19.2172 2.3404 -14.9186 -18.7655 1.72467 -15.5627 -18.3516 1.17134 -16.2827 
-18.0212 0.674489 -17.0845 -17.7794 0.185177 -17.9212 -17.6096 -0.293203 -18.7824 
-17.4896 -0.772866 -19.6515 -17.4026 -1.23855 -20.5319 -17.3558 -1.68301 -21.4262 
-17.3422 -2.09068 -22.339 -17.3455 -2.47041 -23.264 -17.3323 -2.81687 -24.2017 
-17.2705 -3.12962 -25.1491 -17.1491 -3.37649 -26.1097 -16.9569 -3.55286 -27.0738 
-16.6507 -3.64864 -28.0188 -16.2245 -3.67177 -28.9209 -15.747 -3.6039 -29.795 
-15.3351 -3.38908 -30.6765 -14.9816 -3.02933 -31.5393 -14.6831 -2.63633 -32.406 
-14.4641 -2.48137 -33.3622 -14.2838 -2.51444 -34.3432 -14.1547 -2.62849 -35.3279 
-14.0662 -2.78007 -36.312 -14.0197 -2.98245 -37.29 -13.9984 -3.23238 -38.2576 
-13.9993 -3.54527 -39.2072 -14.0121 -3.8982 -40.1426 -14.0337 -4.27404 -41.069 
-14.0534 -4.65131 -41.9949 -14.0596 -5.05345 -42.9102 -14.0366 -5.53043 -43.7866 
-13.9699 -6.13165 -44.5804 -13.8789 -6.83012 -45.2887 -24.8069 11.1579 33.0121 
-25.0838 11.1493 32.0515 -25.3635 11.1876 31.0924 -25.6748 11.27 30.1459 
-26.0285 11.3742 29.2166 -26.4292 11.4772 28.3064 -26.8536 11.5653 27.4053 
-27.2823 11.6301 26.5042 -27.6948 11.6826 25.5948 -28.0791 11.7401 24.6736 
-28.4331 11.8257 23.7425 -28.7434 11.9429 22.7995 -28.9878 12.073 21.8392 
-29.4338 12.1141 20.9848 -30.1758 12.0842 20.3162 -30.9274 12.1017 19.6575 
-31.6352 12.1707 18.9557 -32.2641 12.2978 18.1898 -32.8155 12.4489 17.3707 
-33.2317 12.6226 16.4803 -33.5027 12.7852 15.5347 -33.5797 12.9002 14.5476 
-33.4755 12.9418 13.5583 -33.1835 12.885 12.6064 -32.7692 12.7452 11.7101 
-32.2568 12.5124 10.8857 -31.6954 12.2219 10.1111 -31.1323 11.9166 9.34335 
-30.5947 11.6195 8.5544 -30.1088 11.3444 7.72581 -29.6877 11.1065 6.85129 
-29.3396 10.9098 5.93498 -29.0248 10.7323 5.00269 -28.7303 10.5686 4.06119 
-28.4379 10.4035 3.11924 -28.1427 10.2349 2.17883 -27.8511 10.0737 1.23598 
-27.5706 9.9186 0.288754 -27.2945 9.75628 -0.658562 -27.0042 9.56888 -1.59683 
-26.6894 9.36201 -2.52311 -26.3639 9.14845 -3.44419 -26.0487 8.94387 -4.37085 
-25.7372 8.74649 -5.30034 -25.4062 8.5325 -6.21918 -25.0211 8.2595 -7.0989 
-24.5555 7.89198 -7.90174 -24.0327 7.41743 -8.60569 -23.4706 6.84328 -9.19895 
-22.9229 6.19899 -9.7299 -22.4307 5.48932 -10.2334 -22 4.75 -10.75 
-21.5954 4.00027 -11.2735 -21.1583 3.27938 -11.8111 -20.7084 2.5768 -12.361 
-20.2476 1.93735 -12.9761 -19.8029 1.32824 -13.6304 -19.3841 0.841384 -14.3945 
-19.0277 0.441685 -15.2375 -18.7613 0.0996476 -16.1378 -18.5588 -0.226746 -17.0606 
-18.4105 -0.575925 -17.9857 -18.2879 -0.94568 -18.9066 -18.1816 -1.33174 -19.8229 
-18.0941 -1.72136 -20.7396 -18.0309 -2.10105 -21.6625 -18.0077 -2.46363 -22.5939 
-18.0076 -2.80628 -23.5333 -17.9874 -3.12201 -24.4817 -17.9375 -3.38993 -25.4434 
-17.8505 -3.59984 -26.4166 -17.6893 -3.7289 -27.3933 -17.4216 -3.77069 -28.3534 
-16.9973 -3.69282 -29.2529 -16.5377 -3.48544 -30.1134 -16.1933 -3.04641 -30.9331 
-15.9211 -2.4878 -31.714 -15.6807 -2.26006 -32.6087 -15.4502 -2.45744 -33.5595 
-15.2319 -2.65913 -34.5143 -15.0216 -2.83596 -35.4757 -14.8448 -3.01131 -36.4439 
-14.7192 -3.22137 -37.413 -14.6471 -3.49812 -38.3707 -14.6128 -3.82785 -39.3137 
-14.6221 -4.20836 -40.2382 -14.6696 -4.60058 -41.1567 -14.7433 -4.98122 -42.0784 
-14.8234 -5.32421 -43.0139 -14.8858 -5.61453 -43.9686 -14.9046 -5.91638 -44.9212 
-14.8728 -6.20609 -45.6656 -24.1958 23.206 31.4281 -24.5215 22.8972 30.7659 
-24.9259 22.5368 29.9255 -25.3199 22.2296 29.0597 -25.7009 21.9667 28.1735 
-26.0864 21.7377 27.2797 -26.4911 21.5358 26.388 -26.9181 21.3681 25.4995 
-27.3491 21.2207 24.6093 -27.7669 21.0949 23.7097 -28.1484 20.9934 22.7913 
-28.4549 20.9124 21.8437 -28.6616 20.8403 20.8696 -28.7104 20.7747 19.8752 
-28.6222 20.7068 18.8839 -28.7141 20.5772 17.989 -29.2524 20.3738 17.1714 
-29.7375 20.1756 16.3201 -30.1759 19.9879 15.4415 -30.5656 19.808 14.5384 
-30.9031 19.6327 13.6141 -31.156 19.4365 12.6674 -31.3136 19.187 11.7139 
-31.2536 18.8357 10.7864 -30.9772 18.39 9.94388 -30.5327 17.8476 9.23298 
-30.033 17.291 8.56952 -29.5102 16.7531 7.90816 -28.9977 16.222 7.23373 
-28.5164 15.7056 6.52558 -28.074 15.2053 5.78195 -27.6924 14.7417 4.98291 
-27.3575 14.3152 4.14342 -27.0728 13.9435 3.26039 -26.8154 13.6134 2.35232 
-26.5793 13.3143 1.42788 -26.3503 13.0223 0.499283 -26.1133 12.7174 -0.423085 
-25.8466 12.3888 -1.32879 -25.5448 12.0335 -2.21335 -25.2393 11.6703 -3.0935 
-24.9592 11.3149 -3.98512 -24.7092 10.9697 -4.88966 -24.478 10.6274 -5.80032 
-24.2344 10.2676 -6.7008 -23.9351 9.84434 -7.55483 -23.5772 9.3551 -8.34854 
-23.1652 8.77937 -9.05248 -22.7222 8.12529 -9.66348 -22.2787 7.40441 -10.1949 
-21.8693 6.64837 -10.7048 -21.5222 5.8693 -11.2265 -21.1761 5.10048 -11.764 
-20.8008 4.33659 -12.2878 -20.3745 3.60358 -12.8175 -19.9487 2.86129 -13.3345 
-19.529 2.14455 -13.8897 -19.1259 1.48811 -14.5247 -18.7572 0.912092 -15.252 
-18.4663 0.476255 -16.1017 -18.2454 0.0722044 -16.9888 -18.073 -0.342616 -17.8822 
-17.9259 -0.765709 -18.7761 -17.8055 -1.19327 -19.672 -17.7135 -1.62183 -20.5707 
-17.6527 -2.03701 -21.4783 -17.626 -2.43021 -22.3971 -17.6213 -2.79519 -23.328 
-17.5946 -3.13331 -24.2685 -17.5311 -3.42314 -25.2231 -17.4259 -3.6572 -26.189 
-17.2486 -3.81931 -27.1584 -16.9701 -3.90422 -28.1131 -16.5713 -3.89776 -29.0281 
-16.1418 -3.78008 -29.9214 -15.8125 -3.47391 -30.8055 -15.575 -2.97904 -31.6394 
-15.319 -2.60718 -32.5022 -15.0459 -2.64488 -33.4537 -14.8129 -2.8013 -34.4131 
-14.6291 -2.95085 -35.3843 -14.4936 -3.11441 -36.3613 -14.4023 -3.32129 -37.3349 
-14.3562 -3.59525 -38.2951 -14.3391 -3.92243 -39.2394 -14.3543 -4.29661 -40.1666 
-14.3972 -4.67773 -41.09 -14.4552 -5.05411 -42.0147 -14.5117 -5.41797 -42.9444 
-14.5438 -5.79168 -43.8711 -14.5358 -6.22441 -44.771 -14.4926 -6.65707 -45.4417 
-24.7231 10.9564 33.4572 -24.8926 10.9374 32.882 -25.1572 10.9449 31.9179 
-25.4327 10.9925 30.9581 -25.7463 11.0822 30.013 -26.1078 11.1899 29.0872 
-26.5097 11.2947 28.1777 -26.9375 11.3818 27.2781 -27.3665 11.4483 26.3772 
-27.7769 11.5066 25.4673 -28.1565 11.574 24.5448 -28.5029 11.6723 23.6122 
-28.7975 11.8017 22.6658 -29.0092 11.9413 21.6994 -29.4432 11.9804 20.86 
-30.2108 11.9473 20.2204 -30.9596 11.9726 19.5591 -31.6557 12.0535 18.8468 
-32.2728 12.1892 18.0733 -32.8064 12.3488 17.2442 -33.2275 12.5267 16.3569 
-33.4958 12.6912 15.4114 -33.5733 12.8051 14.4253 -33.4676 12.8481 13.4352 
-33.1822 12.7989 12.4812 -32.7736 12.6721 11.5795 -32.2617 12.4466 10.7519 
-31.7045 12.1713 9.96888 -31.1403 11.8738 9.19883 -30.6013 11.5845 8.40806 
-30.1117 11.3142 7.57974 -29.6819 11.0758 6.70971 -29.3234 10.8766 5.79802 
-29.0091 10.7014 4.86521 -28.7144 10.5397 3.92343 -28.4226 10.3769 2.98088 
-28.1282 10.2108 2.03975 -27.8353 10.0494 1.09734 -27.5544 9.89651 0.149859 
-27.2786 9.73474 -0.797598 -26.9934 9.55233 -1.73847 -26.6823 9.34997 -2.66693 
-26.3583 9.13995 -3.58935 -26.0425 8.9369 -4.51619 -25.7356 8.74298 -5.44793 
-25.4151 8.53733 -6.37241 -25.0471 8.2799 -7.26522 -24.6174 7.9422 -8.10034 
-24.1171 7.48174 -8.82972 -23.5818 6.93369 -9.47111 -23.0427 6.33106 -10.0585 
-22.528 5.68711 -10.6241 -22.0709 5.021 -11.213 -21.6277 4.355 -11.8128 
-21.1583 3.71789 -12.4236 -20.6638 3.11277 -13.0475 -20.1683 2.54044 -13.7005 
-19.6881 1.97231 -14.3685 -19.2381 1.46957 -15.1057 -18.8286 0.990497 -15.8816 
-18.5045 0.577042 -16.7307 -18.2548 0.180717 -17.6137 -18.06 -0.223615 -18.5071 
-17.9029 -0.635448 -19.4045 -17.7939 -1.05254 -20.3067 -17.7334 -1.46509 -21.2152 
-17.7354 -1.85674 -22.1351 -17.7649 -2.2206 -23.0659 -17.8141 -2.56196 -24.0044 
-17.8292 -2.87377 -24.954 -17.7781 -3.13053 -25.9183 -17.6629 -3.31217 -26.8938 
-17.4142 -3.38489 -27.8559 -16.9921 -3.35615 -28.7561 -16.3946 -3.23491 -29.546 
-15.7682 -3.03808 -30.2995 -15.2279 -2.70477 -31.0689 -14.7814 -2.3042 -31.8668 
-14.4986 -1.90302 -32.722 -14.2723 -1.81942 -33.6848 -14.0976 -1.89522 -34.6658 
-13.9872 -2.00756 -35.6529 -13.9281 -2.16313 -36.6387 -13.9007 -2.36181 -37.618 
-13.8974 -2.61993 -38.5837 -13.9086 -2.92747 -39.535 -13.9274 -3.26879 -40.4747 
-13.9474 -3.63423 -41.4053 -13.9574 -4.01013 -42.3319 -13.9588 -4.39367 -43.2552 
-13.9338 -4.84441 -44.1467 -13.8944 -5.37569 -44.9918 -13.8584 -5.86897 -45.6199 
-24.9146 25.2326 29.2048 -25.302 24.8947 28.3472 -25.6679 24.5492 27.4831 
-26.0455 24.2098 26.6216 -26.4508 23.886 25.7669 -26.8762 23.6033 24.9075 
-27.3027 23.3675 24.0345 -27.7146 23.1858 23.1421 -28.0961 23.0558 22.2272 
-28.4155 22.9625 21.285 -28.6474 22.8913 20.3162 -28.703 22.8211 19.3236 
-28.6052 22.7374 18.3336 -28.5694 22.5938 17.4031 -28.9526 22.3622 16.4279 
-29.4127 22.1327 15.5707 -29.8083 21.8919 14.6848 -30.1579 21.6434 13.7817 
-30.4716 21.3651 12.8742 -30.732 21.0424 11.9653 -30.8711 20.6506 11.0592 
-30.8255 20.1807 10.1838 -30.5463 19.6053 9.42032 -30.1426 18.9879 8.7483 
-29.6647 18.3848 8.10981 -29.1684 17.7957 7.47225 -28.6817 17.2252 6.81079 
-28.2233 16.6635 6.12247 -27.8076 16.1189 5.3942 -27.4333 15.5947 4.6298 
-27.1096 15.1104 3.8181 -26.8347 14.6804 2.95888 -26.6012 14.3074 2.06125 
-26.3874 13.9711 1.14421 -26.1788 13.6485 0.220946 -25.9573 13.3126 -0.694394 
-25.6955 12.9431 -1.58577 -25.4043 12.5585 -2.46162 -25.1151 12.1802 -3.34086 
-24.854 11.8182 -4.23554 -24.6314 11.47 -5.14597 -24.4333 11.1314 -6.06578 
-24.2205 10.7805 -6.9774 -23.9603 10.3873 -7.8583 -23.6291 9.9203 -8.67645 
-23.1522 9.25711 -9.55236 -22.7167 8.63509 -10.2022 -22.2633 8.01409 -10.8415 
-21.805 7.39987 -11.4838 -21.3367 6.81265 -12.1438 -20.8482 6.24212 -12.8039 
-20.3404 5.67846 -13.4553 -19.8451 5.08988 -14.0939 -19.3668 4.49317 -14.7382 
-18.9105 3.87385 -15.3768 -18.4459 3.23158 -15.9853 -17.9676 2.51221 -16.4826 
-17.5448 1.72314 -16.924 -17.2597 1.0162 -17.5553 -17.0835 0.403895 -18.3249 
-16.9573 -0.180191 -19.1266 -16.865 -0.740008 -19.9497 -16.7935 -1.26848 -20.7953 
-16.7635 -1.75048 -21.6707 -16.7472 -2.19045 -22.5683 -16.7331 -2.58399 -23.4872 
-16.6926 -2.94499 -24.4187 -16.5944 -3.25696 -25.3632 -16.4472 -3.51822 -26.3164 
-16.2039 -3.71244 -27.2655 -15.8629 -3.84924 -28.1938 -15.4285 -3.90345 -29.0921 
-15.0122 -3.8737 -29.9995 -14.6806 -3.67796 -30.9172 -14.4326 -3.30689 -31.8083 
-14.2624 -2.86013 -32.6852 -14.1262 -2.60774 -33.6339 -13.9994 -2.59965 -34.6241 
-13.914 -2.69858 -35.6145 -13.8736 -2.86448 -36.5995 -13.8597 -3.07781 -37.5761 
-13.866 -3.35298 -38.5371 -13.8807 -3.6783 -39.4824 -13.9012 -4.04302 -40.4132 
-13.9225 -4.4163 -41.3407 -13.9328 -4.79426 -42.2663 -13.9277 -5.2044 -43.1781 
-13.8867 -5.71723 -44.0333 -13.8132 -6.33515 -44.8139 -13.7214 -7.03761 -45.5192 
-23.6435 18.1175 33.7175 -23.9157 18.0405 32.9692 -24.2702 17.9284 32.041 
-24.6535 17.8109 31.125 -25.0658 17.7087 30.2199 -25.4789 17.6366 29.3121 
-25.8894 17.5924 28.4014 -26.2972 17.5625 27.4888 -26.7002 17.5399 26.5739 
-27.0994 17.5091 25.6576 -27.4926 17.4665 24.7391 -27.8696 17.4194 23.8142 
-28.1899 17.3851 22.8679 -28.4487 17.3589 21.9029 -28.6117 17.3413 20.9174 
-28.7917 17.3023 19.9468 -29.3835 17.1633 19.1566 -30.0124 17.0256 18.3916 
-30.6161 16.9168 17.6022 -31.1714 16.8447 16.7745 -31.6641 16.8034 15.9061 
-32.0694 16.7925 14.9933 -32.3667 16.7889 14.0401 -32.5265 16.7612 13.0562 
-32.4912 16.6674 12.066 -32.243 16.485 11.1215 -31.7734 16.1901 10.293 
-31.2106 15.8095 9.56158 -30.625 15.3919 8.86694 -30.0499 14.9625 8.17059 
-29.5063 14.5335 7.44939 -29.0066 14.1182 6.69002 -28.5741 13.7323 5.87574 
-28.1992 13.3752 5.0211 -27.8817 13.0595 4.12728 -27.5967 12.7769 3.21154 
-27.3369 12.5204 2.28064 -27.0885 12.2801 1.34231 -26.8479 12.0469 0.400154 
-26.5993 11.7943 -0.534832 -26.3206 11.5115 -1.45243 -26.0127 11.2095 -2.35455 
-25.7037 10.9019 -3.25445 -25.4141 10.5982 -4.16205 -25.1568 10.3044 -5.08253 
-24.9191 10.012 -6.00881 -24.6573 9.69841 -6.92096 -24.3385 9.33068 -7.79328 
-24.1099 9.05816 -8.27562 -23.7646 8.62627 -8.85272 -23.3005 8.02962 -9.5055 
-22.823 7.36987 -10.0853 -22.3537 6.70231 -10.6631 -21.9295 6.01952 -11.2576 
-21.5071 5.34938 -11.8679 -21.0551 4.69942 -12.4784 -20.5746 4.06604 -13.0849 
-20.088 3.43534 -13.6892 -19.6152 2.79633 -14.2955 -19.1546 2.17306 -14.927 
-18.7215 1.55222 -15.5777 -18.3476 1.0428 -16.3505 -18.0555 0.562203 -17.1764 
-17.8389 0.094518 -18.0326 -17.6821 -0.368855 -18.9046 -17.5676 -0.831533 -19.7836 
-17.4854 -1.28184 -20.6724 -17.4562 -1.70694 -21.5769 -17.4513 -2.09992 -22.4962 
-17.4667 -2.46165 -23.4282 -17.4562 -2.79648 -24.3701 -17.3827 -3.08351 -25.3244 
-17.2507 -3.30661 -26.2894 -17.0199 -3.44529 -27.2498 -16.671 -3.50765 -28.1836 
-16.1987 -3.50246 -29.063 -15.6863 -3.41145 -29.9153 -15.2343 -3.16577 -30.7694 
-14.8425 -2.797 -31.6101 -14.5682 -2.38322 -32.4727 -14.3533 -2.18575 -33.4203 
-14.1794 -2.22731 -34.4029 -14.0546 -2.3336 -35.389 -13.9828 -2.48835 -36.3741 
-13.9426 -2.68242 -37.3539 -13.9341 -2.93672 -38.3208 -13.9399 -3.23443 -39.2751 
-13.9561 -3.58188 -40.2126 -13.9762 -3.95233 -41.1412 -13.9901 -4.33091 -42.0666 
-13.9923 -4.72648 -42.985 -13.9703 -5.1894 -43.8701 -13.9171 -5.75259 -44.692 
-13.8432 -6.41391 -45.4376 -25.9369 6.92351 32.8533 -26.163 7.0665 31.8898 
-26.4157 7.24764 30.9397 -26.7262 7.45454 30.0127 -27.1148 7.67871 29.1194 
-27.5443 7.91286 28.2473 -27.9907 8.1487 27.3841 -28.4226 8.38617 26.5141 
-28.8217 8.62653 25.6294 -29.1824 8.87053 24.7294 -29.493 9.13028 23.8153 
-29.7726 9.39087 22.8913 -30.1056 9.60732 21.9768 -30.6366 9.76188 21.1535 
-31.3078 9.90507 20.4266 -31.9349 10.0755 19.6677 -32.4748 10.2772 18.8517 
-32.9322 10.4965 17.9911 -33.2797 10.7212 17.0823 -33.5033 10.9169 16.1297 
-33.5547 11.0469 15.1418 -33.4623 11.108 14.1511 -33.2197 11.0911 13.1827 
-32.8629 11.003 12.2546 -32.4165 10.8349 11.3763 -31.9254 10.6156 10.5339 
-31.4252 10.3671 9.70457 -30.9483 10.1274 8.85917 -30.5298 9.922 7.97489 
-30.1592 9.7455 7.06353 -29.8379 9.60568 6.12705 -29.535 9.48536 5.18173 
-29.2419 9.37381 4.23216 -28.9506 9.25826 3.28255 -28.6546 9.13515 2.33532 
-28.357 9.01003 1.38888 -28.0662 8.89133 0.439496 -27.7818 8.77565 -0.512195 
-27.4921 8.64562 -1.46037 -27.1831 8.49482 -2.3993 -26.8503 8.33559 -3.32871 
-26.5096 8.17994 -4.25589 -26.1603 8.02557 -5.18007 -25.7836 7.85401 -6.09004 
-25.3455 7.63113 -6.95935 -24.8362 7.31477 -7.75759 -24.2591 6.89831 -8.45683 
-23.65 6.38235 -9.05637 -23.0541 5.78697 -9.59215 -22.524 5.10504 -10.0947 
-22.0629 4.38174 -10.608 -21.6355 3.64295 -11.1288 -21.1916 2.92684 -11.6673 
-20.7382 2.24022 -12.2344 -20.278 1.63355 -12.8814 -19.836 1.09417 -13.596 
-19.4265 0.657608 -14.3943 -19.0859 0.304451 -15.2645 -18.829 -0.0127182 -16.1768 
-18.639 -0.320121 -17.1089 -18.4986 -0.651172 -18.0417 -18.3842 -1.00809 -18.9687 
-18.2863 -1.38536 -19.8896 -18.2085 -1.7682 -20.8101 -18.1568 -2.14296 -21.7356 
-18.1516 -2.50194 -22.6687 -18.1715 -2.84077 -23.6092 -18.1713 -3.15285 -24.559 
-18.1438 -3.41559 -25.5229 -18.0757 -3.61684 -26.4995 -17.9393 -3.73737 -27.4813 
-17.6945 -3.76041 -28.4475 -17.298 -3.64325 -29.353 -16.8208 -3.37301 -30.1856 
-16.4198 -2.88642 -30.956 -16.1321 -2.33507 -31.7317 -15.9147 -2.17365 -32.6459 
-15.7116 -2.40096 -33.5979 -15.5102 -2.6134 -34.5539 -15.3041 -2.79204 -35.5159 
-15.1176 -2.9687 -36.4822 -14.9677 -3.1787 -37.4478 -14.8733 -3.45582 -38.4033 
-14.8258 -3.78956 -39.3443 -14.8303 -4.17505 -40.2667 -14.8822 -4.57472 -41.1817 
-14.9692 -4.95652 -42.1017 -15.0665 -5.28386 -43.0408 -15.1462 -5.53824 -44.0043 
-15.1821 -5.78722 -44.9717 -15.1604 -6.0212 -45.736 -23.6736 17.5652 33.8046 
-24.0137 17.4773 32.8684 -24.3614 17.375 31.9364 -24.7412 17.2677 31.0178 
-25.1458 17.1815 30.1075 -25.5534 17.1265 29.196 -25.9627 17.094 28.2842 
-26.3715 17.0757 27.3718 -26.7751 17.0606 26.457 -27.1727 17.0362 25.5398 
-27.563 17.0016 24.6198 -27.9298 16.9659 23.6904 -28.2448 16.9425 22.7419 
-28.49 16.9273 21.7732 -28.6478 16.9186 20.7865 -28.9651 16.8535 19.8716 
-29.5957 16.7165 19.1089 -30.2337 16.5944 18.3487 -30.8442 16.5017 17.5626 
-31.398 16.4511 16.7322 -31.8918 16.4294 15.864 -32.2736 16.4396 14.9407 
-32.5538 16.4496 13.9828 -32.6574 16.4256 12.9917 -32.5786 16.3349 12.0042 
-32.2715 16.1449 11.0772 -31.785 15.8547 10.2579 -31.2098 15.4769 9.53353 
-30.6192 15.0703 8.83664 -30.0445 14.6512 8.13394 -29.4986 14.235 7.40705 
-29.0071 13.8371 6.63314 -28.5785 13.4669 5.8098 -28.2171 13.1307 4.94091 
-27.9043 12.8322 4.03957 -27.6215 12.5641 3.1187 -27.3576 12.3154 2.18684 
-27.1065 12.0831 1.24722 -26.8618 11.8544 0.304978 -26.6065 11.6052 -0.629106 
-26.3295 11.3327 -1.55031 -26.0202 11.0369 -2.45408 -25.7076 10.7355 -3.35486 
-25.4164 10.4382 -4.26406 -25.1519 10.1481 -5.18366 -24.9059 9.85782 -6.10842 
-24.6381 9.54794 -7.02042 -24.379 9.25694 -7.71801 -24.1604 9.00761 -8.2179 
-23.8306 8.60906 -8.82687 -23.3735 8.03703 -9.50611 -22.8946 7.39871 -10.1079 
-22.4163 6.74662 -10.6959 -21.9701 6.08679 -11.3003 -21.5392 5.42822 -11.9172 
-21.0838 4.79363 -12.5412 -20.5989 4.17682 -13.1611 -20.1019 3.56795 -13.7792 
-19.6185 2.94542 -14.3944 -19.1447 2.33623 -15.0302 -18.6902 1.70669 -15.6589 
-18.2817 1.15538 -16.3837 -17.9496 0.644524 -17.1758 -17.724 0.149425 -18.0139 
-17.5611 -0.336216 -18.8723 -17.4479 -0.820051 -19.74 -17.3643 -1.28858 -20.6193 
-17.3241 -1.73091 -21.5149 -17.3101 -2.14082 -22.4268 -17.3142 -2.51511 -23.354 
-17.2987 -2.86305 -24.291 -17.2253 -3.16755 -25.2402 -17.1016 -3.41402 -26.2006 
-16.8998 -3.58469 -27.1637 -16.5858 -3.67904 -28.1064 -16.149 -3.69794 -29.0041 
-15.6799 -3.62554 -29.8824 -15.2878 -3.38882 -30.7677 -14.9393 -3.03413 -31.6345 
-14.6591 -2.66911 -32.5167 -14.4433 -2.51599 -33.4741 -14.2736 -2.57084 -34.457 
-14.1459 -2.6852 -35.4418 -14.0659 -2.84646 -36.4251 -14.0206 -3.05267 -37.4023 
-14.0062 -3.32109 -38.3652 -14.0068 -3.63667 -39.3138 -14.0225 -4.00014 -40.2451 
-14.0461 -4.37518 -41.1719 -14.066 -4.75429 -42.097 -14.0732 -5.15785 -43.0117 
-14.0424 -5.65702 -43.8754 -13.9732 -6.26839 -44.6608 -13.8786 -6.9885 -45.347 
-24.6421 12.1364 32.762 -24.9521 12.1227 31.8115 -25.2606 12.1587 30.8613 
-25.5921 12.2346 29.9212 -25.9676 12.3308 28.9995 -26.3752 12.4181 28.0906 
-26.7982 12.4849 27.187 -27.2151 12.5259 26.279 -27.6131 12.5506 25.362 
-27.9888 12.5809 24.436 -28.329 12.6435 23.4979 -28.6235 12.734 22.547 
-28.8283 12.8416 21.5747 -29.3327 12.83 20.7673 -30.0895 12.7724 20.117 
-30.8428 12.7589 19.4599 -31.5496 12.8067 18.755 -32.192 12.9051 17.9967 
-32.7395 13.0369 17.1723 -33.1657 13.1908 16.2825 -33.4314 13.3367 15.3327 
-33.5321 13.4469 14.3473 -33.4092 13.4716 13.3596 -33.1267 13.4138 12.405 
-32.6927 13.2523 11.5214 -32.1651 13.0008 10.7128 -31.5877 12.6878 9.95885 
-31.0122 12.3684 9.20612 -30.4655 12.056 8.42946 -29.9678 11.7645 7.61326 
-29.5382 11.5095 6.7479 -29.1723 11.2864 5.84497 -28.8621 11.095 4.91389 
-28.5679 10.9152 3.97522 -28.2768 10.7351 3.03562 -27.9836 10.5555 2.0966 
-27.6965 10.3843 1.15416 -27.4203 10.2165 0.207833 -27.1453 10.0353 -0.736339 
-26.8538 9.83247 -1.67102 -26.5372 9.60805 -2.59261 -26.2154 9.37952 -3.51139 
-25.9071 9.16226 -4.43752 -25.6038 8.94965 -5.36639 -25.2829 8.71625 -6.28396 
-24.9251 8.44055 -7.17565 -24.4975 8.08575 -8.00511 -24.01 7.62268 -8.74105 
-23.4807 7.05419 -9.36946 -22.9459 6.42725 -9.93428 -22.4477 5.74782 -10.4724 
-22.0058 5.04431 -11.028 -21.5831 4.33967 -11.5976 -21.1367 3.65311 -12.1713 
-20.6655 2.99426 -12.7574 -20.1888 2.36803 -13.3741 -19.7295 1.76813 -14.0279 
-19.2981 1.25562 -14.7675 -18.9161 0.800003 -15.5704 -18.6077 0.402283 -16.4329 
-18.3828 0.0326412 -17.3342 -18.2007 -0.350071 -18.2397 -18.058 -0.748746 -19.1455 
-17.9333 -1.14909 -20.0534 -17.8541 -1.55131 -20.9652 -17.8165 -1.94073 -21.8853 
-17.8203 -2.30385 -22.8168 -17.8428 -2.64791 -23.7554 -17.8348 -2.96209 -24.7043 
-17.7762 -3.22739 -25.6661 -17.6678 -3.4247 -26.6396 -17.4683 -3.53692 -27.6105 
-17.1213 -3.54567 -28.5447 -16.6302 -3.45971 -29.4083 -16.0976 -3.24549 -30.2257 
-15.6338 -2.88919 -31.0319 -15.276 -2.43693 -31.8476 -14.9493 -2.2738 -32.7487 
-14.6812 -2.4039 -33.7023 -14.4839 -2.54504 -34.672 -14.3403 -2.68975 -35.6508 
-14.243 -2.86328 -36.6304 -14.185 -3.08157 -37.6043 -14.1574 -3.3552 -38.5653 
-14.1538 -3.68607 -39.5086 -14.1677 -4.05547 -40.4378 -14.1951 -4.43566 -41.3622 
-14.2215 -4.81732 -42.2861 -14.2346 -5.2214 -43.2004 -14.2146 -5.6919 -44.0814 
-14.1509 -6.27649 -44.8871 -14.0651 -6.97075 -45.5998 -25.7497 7.74923 32.7498 
-25.9692 7.8618 31.7808 -26.2029 7.98624 30.8167 -26.4916 8.14611 29.8734 
-26.8602 8.33706 28.9643 -27.281 8.53782 28.0798 -27.7266 8.74161 27.2081 
-28.1678 8.94057 26.333 -28.5752 9.1393 25.4419 -28.9459 9.34542 24.5365 
-29.2614 9.57337 23.6158 -29.5223 9.81655 22.6818 -29.7659 10.0323 21.7397 
-30.2537 10.1552 20.8975 -30.969 10.2431 20.2049 -31.636 10.3743 19.473 
-32.2193 10.5512 18.6815 -32.7158 10.7585 17.8396 -33.1126 10.9807 16.9501 
-33.3914 11.1845 16.0141 -33.4903 11.3237 15.0322 -33.4294 11.3926 14.0396 
-33.1955 11.3762 13.07 -32.8596 11.302 12.1321 -32.4133 11.136 11.2544 
-31.9132 10.916 10.4172 -31.3967 10.6618 9.59969 -30.9006 10.4105 8.76884 
-30.4564 10.1869 7.90179 -30.069 9.99512 7.00066 -29.7346 9.83975 6.07141 
-29.4269 9.707 5.12932 -29.1329 9.58487 4.18135 -28.8414 9.46116 3.23282 
-28.5456 9.33033 2.28659 -28.2486 9.19722 1.34103 -27.9573 9.06961 0.392955 
-27.6739 8.94694 -0.558159 -27.3858 8.80867 -1.50562 -27.0795 8.64881 -2.44395 
-26.7501 8.48011 -3.37295 -26.4132 8.31449 -4.29976 -26.0718 8.1536 -5.22583 
-25.7149 7.98405 -6.14433 -25.3006 7.76607 -7.02668 -24.8278 7.47091 -7.85531 
-24.2869 7.06441 -8.58881 -23.7117 6.5589 -9.22931 -23.1315 5.98476 -9.80621 
-22.5946 5.34083 -10.3495 -22.1187 4.66059 -10.906 -21.6796 3.96374 -11.4729 
-21.2181 3.29519 -12.0559 -20.7417 2.64994 -12.6523 -20.2594 2.06357 -13.3029 
-19.7937 1.50147 -13.986 -19.3677 1.03994 -14.7619 -18.9977 0.633407 -15.5963 
-18.709 0.269824 -16.4808 -18.4921 -0.073761 -17.3942 -18.3292 -0.438382 -18.3108 
-18.1951 -0.818928 -19.2257 -18.0855 -1.20825 -20.1402 -18.0098 -1.59651 -21.0584 
-17.9795 -1.96699 -21.9865 -17.9888 -2.31832 -22.9226 -18.0268 -2.65406 -23.8637 
-18.0408 -2.96354 -24.8141 -17.9996 -3.21588 -25.7803 -17.9119 -3.39972 -26.7582 
-17.7302 -3.48956 -27.735 -17.38 -3.46465 -28.6639 -16.8209 -3.32623 -29.4769 
-16.1893 -3.09517 -30.2151 -15.6429 -2.72718 -30.9621 -15.2128 -2.2953 -31.7522 
-14.8656 -2.10706 -32.6431 -14.5951 -2.22436 -33.5971 -14.3993 -2.3603 -34.5679 
-14.2568 -2.49932 -35.5476 -14.1654 -2.66817 -36.5287 -14.1096 -2.87632 -37.5049 
-14.0871 -3.14358 -38.4679 -14.0833 -3.45889 -39.4166 -14.0963 -3.82004 -40.3489 
-14.117 -4.19836 -41.2744 -14.1348 -4.5802 -42.1984 -14.1415 -4.98203 -43.1139 
-14.1164 -5.45914 -43.9909 -14.0529 -6.04342 -44.7971 -13.9653 -6.73901 -45.5087 
-25.0761 10.41 32.9454 -25.2736 10.4222 32.1703 -25.5305 10.4736 31.2055 
-25.82 10.5596 30.2524 -26.1647 10.669 29.3205 -26.5537 10.7843 28.4067 
-26.9827 10.8845 27.5091 -27.4183 10.971 26.6131 -27.8364 11.0497 25.7082 
-28.2306 11.1336 24.7931 -28.5913 11.2493 23.8679 -28.9174 11.392 22.9336 
-29.1932 11.5407 21.9844 -29.6074 11.6259 21.1045 -30.3483 11.626 20.4333 
-31.0882 11.6681 19.7628 -31.7798 11.763 19.048 -32.4044 11.903 18.2807 
-32.9221 12.0756 17.4447 -33.3184 12.2625 16.5478 -33.5578 12.4314 15.5942 
-33.6288 12.551 14.6078 -33.5066 12.5906 13.6202 -33.2236 12.5445 12.6649 
-32.8026 12.4046 11.7711 -32.3017 12.1868 10.9352 -31.7447 11.9036 10.1546 
-31.1896 11.6084 9.37702 -30.6628 11.3243 8.57614 -30.1842 11.0614 7.73907 
-29.7802 10.8417 6.85194 -29.4286 10.6532 5.93536 -29.1197 10.4899 4.99848 
-28.8256 10.3371 4.05499 -28.5331 10.1825 3.11135 -28.2369 10.0227 2.16968 
-27.944 9.86878 1.22604 -27.6612 9.72284 0.27803 -27.3833 9.5679 -0.669962 
-27.0961 9.39362 -1.61178 -26.7817 9.19726 -2.54046 -26.4568 8.99617 -3.46456 
-26.1373 8.80246 -4.39213 -25.8204 8.61544 -5.32195 -25.4813 8.41066 -6.23976 
-25.0944 8.15456 -7.1242 -24.6224 7.79278 -7.92627 -24.0966 7.33211 -8.63665 
-23.5276 6.75696 -9.22385 -22.9692 6.13356 -9.76889 -22.4695 5.43634 -10.2824 
-22.0283 4.71348 -10.8131 -21.6042 3.9897 -11.357 -21.1585 3.28269 -11.906 
-20.6971 2.60717 -12.4797 -20.233 1.98031 -13.1049 -19.7893 1.41412 -13.7972 
-19.3748 0.948849 -14.5767 -19.0352 0.564102 -15.4342 -18.7664 0.220398 -16.3331 
-18.5638 -0.113859 -17.2532 -18.4072 -0.466538 -18.1755 -18.2836 -0.841077 -19.0944 
-18.1815 -1.22627 -20.0115 -18.1141 -1.61154 -20.9317 -18.0867 -1.98151 -21.8601 
-18.1088 -2.33119 -22.7964 -18.1637 -2.66872 -23.736 -18.1892 -2.9734 -24.6878 
-18.1772 -3.23257 -25.6531 -18.1113 -3.40873 -26.6341 -17.9585 -3.49405 -27.6159 
-17.6023 -3.44277 -28.5429 -17.0026 -3.28966 -29.3126 -16.2957 -3.06876 -29.9837 
-15.662 -2.75557 -30.6878 -15.149 -2.35471 -31.444 -14.773 -2.01734 -32.298 
-14.5016 -2.00151 -33.2502 -14.2926 -2.09542 -34.2233 -14.1496 -2.21613 -35.2053 
-14.0564 -2.36398 -36.1896 -14.0022 -2.55208 -37.17 -13.9783 -2.79065 -38.1404 
-13.9778 -3.0838 -39.0962 -13.9886 -3.41783 -40.0385 -14.0069 -3.78324 -40.9691 
-14.0239 -4.16 -41.8952 -14.0288 -4.54893 -42.8165 -14.0157 -4.98402 -43.716 
-13.9699 -5.52193 -44.5552 -13.899 -6.15989 -45.3207 -25.7718 7.46871 32.9214 
-25.9954 7.58834 31.954 -26.2348 7.72867 30.9937 -26.5295 7.90252 30.0548 
-26.9112 8.10499 29.1534 -27.3359 8.31662 28.2733 -27.7828 8.53178 27.405 
-28.2218 8.74324 26.5318 -28.6284 8.95774 25.644 -28.9926 9.1782 24.7393 
-29.3104 9.41706 23.822 -29.5861 9.66523 22.8936 -29.8927 9.87523 21.9699 
-30.4393 10.0069 21.1556 -31.1336 10.1307 20.4467 -31.7887 10.2808 19.7071 
-32.3536 10.47 18.9052 -32.8408 10.6795 18.0586 -33.2105 10.902 17.1577 
-33.4607 11.1007 16.212 -33.5482 11.2415 15.2289 -33.4877 11.3156 14.2362 
-33.2567 11.3028 13.2657 -32.9121 11.2228 12.3319 -32.4682 11.0579 11.4529 
-31.9668 10.8317 10.6184 -31.4551 10.5759 9.79819 -30.9641 10.3251 8.96422 
-30.5229 10.1015 8.09573 -30.1423 9.91371 7.19075 -29.8109 9.76127 6.25994 
-29.5037 9.63087 5.31736 -29.2096 9.51159 4.36906 -28.9179 9.38986 3.42034 
-28.6218 9.26119 2.47389 -28.3237 9.12965 1.52845 -28.0316 9.00398 0.580366 
-27.7468 8.88288 -0.370539 -27.4578 8.74845 -1.3183 -27.1504 8.5915 -2.25675 
-26.819 8.42502 -3.18541 -26.4795 8.26091 -4.11158 -26.132 8.09983 -5.03527 
-25.7584 7.92487 -5.94594 -25.3248 7.70184 -6.81754 -24.7046 7.31355 -7.76492 
-24.1138 6.88102 -8.44157 -23.4914 6.3466 -9.01216 -22.8925 5.72831 -9.51786 
-22.3839 5.01463 -9.99606 -21.9497 4.24957 -10.471 -21.5372 3.47981 -10.958 
-21.1142 2.72426 -11.4581 -20.6787 2.01352 -12.0083 -20.2299 1.38121 -12.6383 
-19.7942 0.804498 -13.3262 -19.3936 0.372231 -14.1287 -19.0744 0.0433655 -15.0161 
-18.8377 -0.247944 -15.9422 -18.6738 -0.536606 -16.8851 -18.5508 -0.849422 -17.8267 
-18.4519 -1.19363 -18.7603 -18.3615 -1.56301 -19.6851 -18.2782 -1.94316 -20.6063 
-18.2155 -2.32215 -21.5294 -18.1974 -2.68833 -22.4596 -18.1936 -3.03536 -23.3974 
-18.1864 -3.35183 -24.3458 -18.1625 -3.62701 -25.3065 -18.089 -3.83181 -26.282 
-17.9677 -3.97894 -27.2631 -17.7471 -4.02975 -28.2349 -17.4118 -3.97107 -29.1719 
-17.0459 -3.74062 -30.0695 -16.8929 -3.28222 -30.9234 -16.8793 -2.60295 -31.6535 
-16.8382 -1.96051 -32.4023 -16.7412 -1.90571 -33.3804 -16.6396 -2.04074 -34.365 
-16.4891 -2.21317 -35.3382 -16.2949 -2.38687 -36.3035 -16.0787 -2.57369 -37.2617 
-15.8823 -2.7996 -38.2152 -15.7569 -3.09877 -39.1604 -15.7082 -3.45288 -40.0933 
-15.7298 -3.86546 -41.0034 -15.7857 -4.29831 -41.9029 -15.8911 -4.66682 -42.8255 
-16.0303 -4.95176 -43.7729 -16.17 -5.09567 -44.7506 -16.2673 -5.17487 -45.7422 
-24.428 15.2786 32.2133 -24.7694 15.215 31.2757 -25.1341 15.1777 30.3455 
-25.521 15.1746 29.4235 -25.929 15.1837 28.5106 -26.3466 15.1982 27.6021 
-26.7574 15.2096 26.6904 -27.1569 15.2083 25.7737 -27.547 15.1958 24.8531 
-27.9162 15.1869 23.9239 -28.2451 15.197 22.9799 -28.5067 15.225 22.0157 
-28.7176 15.2505 21.0388 -29.1668 15.1906 20.1963 -29.8747 15.0792 19.4993 
-30.5642 15.0057 18.7789 -31.2286 14.9716 18.0327 -31.8438 14.9782 17.2456 
-32.3771 15.028 16.4024 -32.7951 15.0988 15.4986 -33.0685 15.1756 14.5429 
-33.1496 15.2234 13.5505 -33.0436 15.1989 12.5613 -32.7287 15.0693 11.6248 
-32.2695 14.8491 10.7691 -31.7009 14.531 10.0122 -31.104 14.1722 9.29482 
-30.5112 13.8033 8.57906 -29.9488 13.437 7.83817 -29.4368 13.0866 7.05462 
-28.9915 12.7619 6.22128 -28.6292 12.477 5.33435 -28.3123 12.2177 4.42228 
-28.0195 11.9831 3.49536 -27.7384 11.7628 2.56132 -27.4691 11.5523 1.62162 
-27.2106 11.3474 0.677613 -26.9527 11.1361 -0.265144 -26.6777 10.9025 -1.19763 
-26.3759 10.6431 -2.1149 -26.0603 10.3694 -3.02348 -25.7549 10.1002 -3.93679 
-25.4697 9.8384 -4.85875 -25.2035 9.57767 -5.78671 -24.932 9.30297 -6.70891 
-24.6105 8.98273 -7.59881 -24.3082 8.67305 -8.27082 -24.0455 8.38088 -8.72376 
-23.576 7.82403 -9.40734 -23.0814 7.21267 -10.0241 -22.5907 6.57 -10.6123 
-22.125 5.92776 -11.2208 -21.6845 5.27748 -11.8397 -21.2296 4.64529 -12.4664 
-20.734 4.04562 -13.0948 -20.23 3.45847 -13.728 -19.7378 2.86328 -14.3628 
-19.257 2.28986 -15.0259 -18.7967 1.70757 -15.695 -18.3752 1.17113 -16.4238 
-18.0367 0.683739 -17.2281 -17.7855 0.20282 -18.0671 -17.6114 -0.270909 -18.9299 
-17.4907 -0.746204 -19.8013 -17.4063 -1.2072 -20.6843 -17.3716 -1.64482 -21.5824 
-17.3708 -2.0493 -22.4968 -17.3835 -2.42159 -23.4248 -17.3769 -2.76181 -24.3647 
-17.3158 -3.06405 -25.3153 -17.1856 -3.29638 -26.2783 -16.9856 -3.46255 -27.2428 
-16.649 -3.5346 -28.179 -16.1838 -3.53445 -29.0616 -15.6787 -3.44249 -29.9179 
-15.235 -3.20573 -30.7785 -14.8644 -2.82121 -31.6216 -14.5879 -2.39044 -32.4758 
-14.3712 -2.22626 -33.4293 -14.1929 -2.26917 -34.4108 -14.0707 -2.38016 -35.3966 
-13.9921 -2.53014 -36.382 -13.9532 -2.72921 -37.3608 -13.9407 -2.97725 -38.3293 
-13.9476 -3.28321 -39.281 -13.9626 -3.62787 -40.2195 -13.9825 -4.00085 -41.1471 
-13.9967 -4.37883 -42.0728 -13.9984 -4.7769 -42.9899 -13.9792 -5.23286 -43.8789 
-13.9208 -5.81205 -44.6897 -13.8426 -6.47289 -45.4352 -23.6918 20.8655 32.9609 
-24.0673 20.5918 32.0757 -24.4488 20.2992 31.199 -24.8649 20.0528 30.3242 
-25.2953 19.8598 29.4427 -25.7175 19.7182 28.5475 -26.1285 19.6026 27.6433 
-26.535 19.5104 26.7343 -26.9434 19.4303 25.8251 -27.3504 19.3457 24.9156 
-27.7449 19.2606 24.0007 -28.099 19.1893 23.0686 -28.3893 19.131 22.1141 
-28.5821 19.0803 21.1353 -28.6546 19.0382 20.1413 -28.7436 18.9666 19.1718 
-29.261 18.798 18.3467 -29.8217 18.6285 17.5365 -30.3422 18.4762 16.6966 
-30.8129 18.3478 15.8243 -31.2248 18.2504 14.9188 -31.568 18.1664 13.984 
-31.8231 18.0744 13.0229 -31.9202 17.9319 12.0415 -31.8219 17.7048 11.0793 
-31.4727 17.3617 10.2139 -30.9737 16.9319 9.46492 -30.4224 16.4559 8.77979 
-29.8705 15.9787 8.09595 -29.3353 15.4997 7.40036 -28.8358 15.0306 6.6725 
-28.3859 14.5812 5.90142 -27.9934 14.161 5.08427 -27.6712 13.7919 4.21299 
-27.3872 13.4589 3.3142 -27.134 13.1662 2.39227 -26.8951 12.9005 1.45838 
-26.6665 12.6432 0.519503 -26.4307 12.3671 -0.412163 -26.1637 12.0622 -1.326 
-25.8577 11.7344 -2.21968 -25.5506 11.4003 -3.11074 -25.2645 11.0704 -4.01025 
-25.0178 10.755 -4.92647 -24.7915 10.4462 -5.85028 -24.5548 10.1243 -6.76664 
-24.2717 9.75743 -7.65185 -23.9081 9.29142 -8.45611 -23.4886 8.7395 -9.17468 
-23.0342 8.11851 -9.81147 -22.5695 7.45766 -10.4005 -22.1206 6.79742 -11.0023 
-21.6893 6.13793 -11.6178 -21.249 5.5003 -12.2496 -20.7798 4.87889 -12.877 
-20.2885 4.26504 -13.4947 -19.8035 3.63001 -14.0955 -19.3287 2.99329 -14.7027 
-18.8648 2.33212 -15.2919 -18.4117 1.68033 -15.8989 -18.0155 1.08435 -16.594 
-17.7378 0.537987 -17.3814 -17.5485 0.0228613 -18.2171 -17.4164 -0.484474 -19.0683 
-17.3149 -0.983304 -19.9289 -17.245 -1.45855 -20.8057 -17.2085 -1.90439 -21.6998 
-17.1944 -2.31191 -22.6127 -17.1916 -2.6887 -23.5388 -17.1529 -3.03183 -24.477 
-17.0639 -3.32973 -25.4268 -16.9162 -3.55932 -26.3879 -16.6938 -3.72591 -27.3474 
-16.349 -3.81543 -28.28 -15.9123 -3.84395 -29.178 -15.4829 -3.75006 -30.0733 
-15.1312 -3.51189 -30.9755 -14.8232 -3.15191 -31.8549 -14.5807 -2.80828 -32.7569 
-14.3925 -2.7036 -33.7283 -14.2393 -2.76495 -34.7135 -14.1273 -2.88965 -35.699 
-14.0541 -3.05864 -36.6816 -14.0185 -3.28535 -37.6545 -14.0071 -3.56992 -38.6127 
-14.0129 -3.90865 -39.5533 -14.0324 -4.27849 -40.4821 -14.0597 -4.65119 -41.4097 
-14.0813 -5.03105 -42.3344 -14.0793 -5.46304 -43.2353 -14.0356 -6.00216 -44.0734 
-13.9535 -6.67157 -44.8088 -13.852 -7.41862 -45.4651 -23.7812 19.9604 33.0053 
-24.1395 19.7822 32.0893 -24.5232 19.573 31.1899 -24.945 19.3835 30.3035 
-25.3734 19.2333 29.4128 -25.7926 19.1273 28.5112 -26.2007 19.0435 27.6021 
-26.6038 18.979 26.6893 -27.0073 18.9189 25.7762 -27.4081 18.8476 24.8629 
-27.7958 18.7735 23.9442 -28.1388 18.7122 23.0072 -28.419 18.6609 22.0493 
-28.6061 18.6175 21.0688 -28.7044 18.5766 20.0752 -28.9121 18.4895 19.1315 
-29.4662 18.3265 18.3283 -30.0337 18.1717 17.5198 -30.5637 18.0363 16.683 
-31.0325 17.9377 15.8059 -31.4493 17.8615 14.9006 -31.7809 17.7984 13.9603 
-32.0091 17.7249 12.9913 -32.0752 17.5979 12.0054 -31.9083 17.3721 11.0534 
-31.5193 17.0382 10.2007 -30.9988 16.6194 9.45954 -30.4368 16.1588 8.77254 
-29.8798 15.6941 8.08416 -29.3428 15.2266 7.38224 -28.8424 14.7698 6.64724 
-28.3959 14.3349 5.86613 -28.0101 13.9312 5.03756 -27.6877 13.5746 4.16122 
-27.4046 13.2559 3.25687 -27.1504 12.9761 2.33124 -26.909 12.7196 1.39535 
-26.6756 12.4665 0.456528 -26.4338 12.1941 -0.474697 -26.1582 11.891 -1.38665 
-25.8508 11.5686 -2.28184 -25.5427 11.2388 -3.17418 -25.2589 10.9139 -4.07619 
-25.0063 10.5995 -4.99115 -24.7725 10.2898 -5.91279 -24.52 9.95905 -6.82159 
-24.2177 9.57858 -7.69462 -23.9195 9.19945 -8.33127 -23.488 8.63263 -9.03132 
-23.0284 8.00068 -9.65335 -22.5633 7.31371 -10.2116 -22.12 6.6165 -10.7745 
-21.7188 5.90879 -11.3558 -21.3135 5.21392 -11.9498 -20.8718 4.53584 -12.5368 
-20.4065 3.86485 -13.1139 -19.9409 3.1909 -13.6875 -19.487 2.51176 -14.2638 
-19.0498 1.86172 -14.885 -18.6485 1.26196 -15.5712 -18.3104 0.777323 -16.376 
-18.051 0.320175 -17.2262 -17.8527 -0.135188 -18.0938 -17.7059 -0.593338 -18.9702 
-17.5931 -1.05083 -19.8522 -17.5113 -1.49864 -20.7424 -17.4676 -1.92402 -21.6461 
-17.4532 -2.31967 -22.5642 -17.4535 -2.68607 -23.4945 -17.4275 -3.02492 -24.4348 
-17.3503 -3.31465 -25.3881 -17.226 -3.54439 -26.3527 -17.017 -3.69586 -27.3179 
-16.711 -3.77832 -28.264 -16.2713 -3.76549 -29.1606 -15.8191 -3.65809 -30.0444 
-15.4719 -3.34939 -30.9242 -15.1697 -2.91762 -31.7734 -14.8734 -2.60797 -32.6618 
-14.6237 -2.60261 -33.6253 -14.4393 -2.70976 -34.6019 -14.2989 -2.84201 -35.5828 
-14.2053 -3.01039 -36.5638 -14.1492 -3.2257 -37.5384 -14.1261 -3.50527 -38.4978 
-14.1236 -3.83658 -39.441 -14.1408 -4.20813 -40.3692 -14.1712 -4.58508 -41.295 
-14.2015 -4.96482 -42.2195 -14.2187 -5.36643 -43.1349 -14.1991 -5.84512 -44.0113 
-14.1356 -6.44411 -44.8053 -14.0451 -7.15971 -45.4966 -25.1353 10.1497 33.0097 
-25.3247 10.1676 32.2327 -25.5744 10.2256 31.2663 -25.8545 10.3138 30.3106 
-26.1909 10.425 29.3758 -26.5778 10.5434 28.4617 -27.0079 10.6512 27.5654 
-27.4454 10.7487 26.6714 -27.8662 10.8392 25.7689 -28.2612 10.934 24.8553 
-28.6191 11.0633 23.9307 -28.9459 11.2147 22.9981 -29.2387 11.3699 22.0548 
-29.6469 11.4666 21.1621 -30.3657 11.4797 20.4735 -31.1031 11.5281 19.8004 
-31.7904 11.6285 19.0824 -32.4091 11.7734 18.3114 -32.9214 11.9507 17.4729 
-33.3137 12.1423 16.5751 -33.5526 12.3117 15.6225 -33.6173 12.43 14.6347 
-33.4945 12.4691 13.6471 -33.2116 12.4228 12.6917 -32.7918 12.2828 11.7974 
-32.292 12.0655 10.9606 -31.7386 11.7864 10.176 -31.1878 11.4945 9.39415 
-30.6652 11.2133 8.58955 -30.1914 10.954 7.74866 -29.7921 10.7383 6.85837 
-29.4438 10.5538 5.93972 -29.1352 10.3934 5.0022 -28.8413 10.2433 4.05823 
-28.5479 10.0907 3.11451 -28.2505 9.93249 2.17298 -27.9565 9.77967 1.22947 
-27.6723 9.63505 0.281704 -27.3928 9.48217 -0.666174 -27.1045 9.31016 -1.60804 
-26.7893 9.11595 -2.53692 -26.4626 8.91676 -3.46081 -26.1392 8.72426 -4.38727 
-25.8158 8.53762 -5.3149 -25.472 8.33656 -6.2319 -25.0828 8.0897 -7.11853 
-24.6282 7.75659 -7.94227 -24.1094 7.31417 -8.66924 -23.5515 6.75739 -9.28324 
-22.9922 6.14684 -9.84275 -22.4795 5.4694 -10.3691 -22.0217 4.76684 -10.9132 
-21.596 4.05216 -11.468 -21.148 3.35734 -12.0304 -20.6824 2.68996 -12.6103 
-20.2085 2.07284 -13.2381 -19.7546 1.49158 -13.9115 -19.3296 1.00602 -14.6732 
-18.9663 0.590497 -15.5057 -18.6828 0.225827 -16.3915 -18.478 -0.119865 -17.307 
-18.3152 -0.484035 -18.2238 -18.1852 -0.868222 -19.1378 -18.071 -1.25946 -20.0509 
-17.987 -1.65064 -20.9673 -17.9375 -2.0283 -21.8917 -17.9363 -2.38513 -22.8257 
-17.9526 -2.72438 -23.7661 -17.9419 -3.0356 -24.7161 -17.8881 -3.2968 -25.6793 
-17.7877 -3.48949 -26.6546 -17.6021 -3.5984 -27.6288 -17.2685 -3.59956 -28.5667 
-16.7821 -3.49629 -29.431 -16.2607 -3.25262 -30.246 -15.8139 -2.85382 -31.0416 
-15.4748 -2.37886 -31.8515 -15.1733 -2.25151 -32.7581 -14.9009 -2.44407 -33.7005 
-14.6817 -2.61859 -34.6599 -14.5174 -2.77378 -35.6337 -14.4011 -2.94929 -36.611 
-14.3293 -3.17198 -37.5827 -14.2904 -3.44945 -38.5423 -14.281 -3.78503 -39.4839 
-14.2955 -4.15996 -40.4108 -14.331 -4.54238 -41.334 -14.3704 -4.92316 -42.2578 
-14.4009 -5.31056 -43.1791 -14.4017 -5.7348 -44.0842 -14.3563 -6.25374 -44.9353 
-14.2839 -6.88052 -45.7095 -23.6551 17.6805 33.7942 -23.9273 17.6109 33.0452 
-24.2745 17.5081 32.1131 -24.6465 17.3987 31.1914 -25.0511 17.306 30.2818 
-25.4596 17.241 29.3714 -25.8689 17.2041 28.4598 -26.278 17.1807 27.5476 
-26.6819 17.1644 26.6329 -27.0807 17.1406 25.7162 -27.473 17.1054 24.7971 
-27.85 17.0653 23.8718 -28.1719 17.0384 22.9258 -28.4335 17.0195 21.9614 
-28.5964 17.0098 20.9759 -28.7765 16.9772 20.0085 -29.3922 16.8406 19.2358 
-30.0357 16.7092 18.4819 -30.6517 16.6073 17.7013 -31.2181 16.5439 16.8803 
-31.7217 16.5121 16.0179 -32.1307 16.5122 15.1067 -32.4302 16.5188 14.1544 
-32.5842 16.501 13.1697 -32.5371 16.4147 12.1794 -32.2883 16.2418 11.2315 
-31.8198 15.953 10.402 -31.2586 15.5793 9.66525 -30.6708 15.1673 8.9691 
-30.0931 14.7428 8.27195 -29.546 14.3209 7.54923 -29.0429 13.9131 6.78807 
-28.604 13.5332 5.97466 -28.2278 13.1845 5.11703 -27.9128 12.8805 4.21821 
-27.623 12.6033 3.30225 -27.3548 12.3487 2.3732 -27.0963 12.1073 1.43782 
-26.8474 11.8762 0.497307 -26.5961 11.6341 -0.439751 -26.3187 11.3611 -1.36071 
-26.0125 11.066 -2.26568 -25.6966 10.7601 -3.16375 -25.3965 10.4548 -4.06743 
-25.1242 10.1555 -4.98182 -24.8698 9.8574 -5.90181 -24.5925 9.53788 -6.80755 
-24.2621 9.16497 -7.6728 -24.0347 8.90182 -8.16156 -23.7831 8.59509 -8.61079 
-23.3201 8.00664 -9.27131 -22.8375 7.35108 -9.85084 -22.3716 6.64556 -10.3845 
-21.9557 5.91671 -10.9274 -21.5699 5.184 -11.4877 -21.1681 4.46282 -12.052 
-20.7297 3.76002 -12.6117 -20.2654 3.0854 -13.1854 -19.8112 2.41172 -13.768 
-19.3703 1.7757 -14.3995 -18.9633 1.2138 -15.1191 -18.6102 0.729988 -15.9163 
-18.3458 0.32105 -16.7889 -18.136 -0.0864065 -17.6774 -17.9683 -0.505068 -18.5698 
-17.8306 -0.929787 -19.4646 -17.728 -1.35651 -20.3629 -17.6635 -1.7758 -21.2683 
-17.6331 -2.17063 -22.1864 -17.6346 -2.5403 -23.1154 -17.6293 -2.88369 -24.0544 
-17.5826 -3.19182 -25.0042 -17.4876 -3.43808 -25.9681 -17.3363 -3.62083 -26.9386 
-17.0723 -3.71305 -27.8963 -16.6828 -3.72028 -28.8141 -16.2063 -3.63063 -29.687 
-15.7843 -3.4012 -30.5591 -15.4696 -2.96652 -31.4009 -15.1733 -2.54164 -32.2468 
-14.8758 -2.50005 -33.1891 -14.643 -2.62823 -34.1525 -14.4701 -2.7677 -35.1272 
-14.3433 -2.92169 -36.1068 -14.2591 -3.11355 -37.0843 -14.2136 -3.36273 -38.0513 
-14.1973 -3.67208 -39.0016 -14.2035 -4.03014 -39.9351 -14.2312 -4.40936 -40.8599 
-14.2678 -4.78771 -41.7849 -14.2999 -5.17271 -42.7072 -14.3096 -5.59064 -43.615 
-14.2776 -6.09502 -44.4758 -14.2066 -6.71628 -45.2533 -25.4696 8.4724 33.2633 
-25.6011 8.53461 32.6812 -25.8226 8.62705 31.7105 -26.0627 8.72974 30.7453 
-26.3615 8.86573 29.8015 -26.7306 9.02577 28.8866 -27.161 9.19552 28.0003 
-27.6078 9.36612 27.122 -28.0421 9.52924 26.2363 -28.4495 9.69269 25.3379 
-28.8156 9.87538 24.4256 -29.1385 10.0823 23.5024 -29.4042 10.3011 22.5637 
-29.685 10.4869 21.6251 -30.3241 10.5616 20.8811 -31.0464 10.6431 20.1948 
-31.7164 10.7712 19.4644 -32.3121 10.9403 18.6808 -32.8073 11.141 17.8368 
-33.1975 11.3528 16.9426 -33.4485 11.5416 15.9955 -33.549 11.68 15.0138 
-33.4601 11.7351 14.0225 -33.2176 11.7111 13.0555 -32.8378 11.6005 12.1393 
-32.3722 11.4128 11.2754 -31.8486 11.1622 10.4616 -31.3203 10.8894 9.65761 
-30.8181 10.6255 8.83442 -30.3632 10.3849 7.97774 -29.9786 10.1861 7.07696 
-29.6424 10.0217 6.14987 -29.3365 9.88056 5.20837 -29.042 9.74763 4.262 
-28.7483 9.61211 3.31578 -28.4502 9.47013 2.37187 -28.1516 9.32696 1.4283 
-27.8601 9.19143 0.481418 -27.5756 9.05791 -0.467914 -27.2852 8.90753 -1.41286 
-26.973 8.7349 -2.34693 -26.6408 8.55402 -3.2726 -26.3023 8.37618 -4.19665 
-25.9572 8.20116 -5.1187 -25.5727 8.00615 -6.02023 -25.1241 7.75643 -6.87702 
-24.5906 7.41651 -7.64993 -23.8662 6.88252 -8.43661 -23.2339 6.34003 -8.98689 
-22.6669 5.66485 -9.45418 -22.2166 4.88981 -9.89163 -21.8311 4.071 -10.3168 
-21.439 3.26658 -10.763 -21.0423 2.4743 -11.2259 -20.6199 1.74439 -11.7605 
-20.1797 1.10872 -12.3929 -19.7521 0.574376 -13.1175 -19.3684 0.187098 -13.9533 
-19.0792 -0.114628 -14.8601 -18.8774 -0.380063 -15.8025 -18.7255 -0.650128 -16.753 
-18.6199 -0.953258 -17.6999 -18.5321 -1.286 -18.6387 -18.4495 -1.64825 -19.5671 
-18.3717 -2.02181 -20.4914 -18.3241 -2.39821 -21.4165 -18.3078 -2.76139 -22.3479 
-18.3062 -3.10202 -23.288 -18.3118 -3.41588 -24.2374 -18.2946 -3.68077 -25.201 
-18.2333 -3.88559 -26.1772 -18.1085 -4.01534 -27.16 -17.8953 -4.05772 -28.1339 
-17.571 -3.97791 -29.0733 -17.2187 -3.73818 -29.9723 -17.0501 -3.2313 -30.8 
-16.9489 -2.5281 -31.4984 -16.8808 -2.01212 -32.3134 -16.7939 -1.95438 -33.2976 
-16.6945 -2.09377 -34.2819 -16.5431 -2.26022 -35.2559 -16.341 -2.43074 -36.2202 
-16.1231 -2.61733 -37.1781 -15.9273 -2.85037 -38.1301 -15.7814 -3.13446 -39.0771 
-15.7307 -3.48911 -40.0096 -15.7507 -3.89928 -40.9207 -15.8152 -4.33558 -41.8176 
-15.9375 -4.71079 -42.7353 -16.095 -4.98962 -43.6818 -16.2456 -5.1314 -44.657 
-16.3487 -5.20543 -45.6487 -23.8267 19.4919 32.9549 -24.1856 19.3418 32.034 
-24.5768 19.1678 31.1305 -25 19.0052 30.2393 -25.4255 18.8855 29.3425 
-25.8433 18.7957 28.4385 -26.2495 18.7284 27.5273 -26.6525 18.6749 26.6136 
-27.055 18.6213 25.6998 -27.4548 18.556 24.7855 -27.8376 18.4883 23.8643 
-28.1763 18.431 22.9255 -28.4403 18.385 21.9628 -28.6246 18.3461 20.9815 
-28.7188 18.3085 19.9881 -28.9865 18.2155 19.0688 -29.5918 18.0517 18.29 
-30.1682 17.9049 17.4864 -30.7002 17.7833 16.6489 -31.1774 17.694 15.7754 
-31.5892 17.6301 14.8671 -31.9177 17.5786 13.9252 -32.1 17.508 12.9459 
-32.1449 17.3869 11.9585 -31.9361 17.1585 11.0163 -31.5114 16.8171 10.182 
-30.9705 16.3929 9.45757 -30.4044 15.9378 8.77038 -29.8466 15.4756 8.08101 
-29.3107 15.0126 7.37528 -28.8195 14.5668 6.62735 -28.3745 14.1399 5.84089 
-28.0016 13.7512 4.99877 -27.6714 13.396 4.12481 -27.3854 13.0846 3.2189 
-27.1219 12.8022 2.29665 -26.8721 12.5435 1.36359 -26.6306 12.2915 0.42648 
-26.3833 12.023 -0.504444 -26.1121 11.73 -1.42105 -25.8039 11.4119 -2.31748 
-25.4907 11.0829 -3.20835 -25.198 10.7546 -4.10634 -24.9318 10.4338 -5.01523 
-24.6837 10.1151 -5.93005 -24.4194 9.77814 -6.83342 -24.1681 9.46666 -7.52514 
-23.8765 9.10268 -8.17404 -23.4553 8.55867 -8.897 -22.9939 7.92653 -9.51699 
-22.5272 7.22813 -10.0589 -22.0914 6.49519 -10.5805 -21.7183 5.73258 -11.1083 
-21.3493 4.98198 -11.6562 -20.9564 4.23465 -12.1917 -20.5211 3.51756 -12.7352 
-20.0737 2.81225 -13.2849 -19.6388 2.11896 -13.8583 -19.2203 1.49596 -14.5161 
-18.8387 0.944528 -15.257 -18.5333 0.509359 -16.1015 -18.3008 0.113178 -16.9892 
-18.118 -0.291199 -17.8852 -17.9658 -0.707165 -18.7817 -17.8386 -1.12748 -19.68 
-17.7437 -1.55048 -20.5809 -17.6847 -1.96097 -21.4908 -17.6569 -2.34994 -22.4114 
-17.6575 -2.71169 -23.3436 -17.6381 -3.04949 -24.2845 -17.5759 -3.33977 -25.2389 
-17.4747 -3.5755 -26.2048 -17.2956 -3.73156 -27.175 -17.0142 -3.81019 -28.1292 
-16.6054 -3.79453 -29.0394 -16.1592 -3.66956 -29.9235 -15.8016 -3.36186 -30.797 
-15.5337 -2.87611 -31.6273 -15.261 -2.52991 -32.4957 -14.9306 -2.61911 -33.6359 
-14.7108 -2.77409 -34.5986 -14.5452 -2.92321 -35.5733 -14.4241 -3.09256 -36.551 
-14.3493 -3.31475 -37.5226 -14.3092 -3.59317 -38.4818 -14.3004 -3.93182 -39.4224 
-14.3172 -4.30663 -40.3493 -14.3603 -4.68697 -41.2731 -14.4111 -5.06493 -42.1975 
-14.4541 -5.43968 -43.1235 -14.4696 -5.84242 -44.0383 -14.4372 -6.33464 -44.9058 
-14.3733 -6.9379 -45.6991 -24.2229 22.5807 31.4204 -24.4595 22.339 30.9249 
-24.8586 21.9741 30.0842 -25.2625 21.6691 29.2221 -25.6585 21.429 28.3361 
-26.0533 21.2222 27.441 -26.4626 21.0494 26.5452 -26.8861 20.9022 25.6514 
-27.3123 20.7711 24.7563 -27.7272 20.6534 23.8543 -28.1053 20.5587 22.9336 
-28.4211 20.4811 21.9889 -28.6251 20.4124 21.0138 -28.6943 20.3484 20.0208 
-28.6519 20.2771 19.0285 -28.8133 20.1467 18.1229 -29.3545 19.9526 17.3052 
-29.8531 19.7639 16.4594 -30.3029 19.5867 15.5842 -30.7062 19.4224 14.6845 
-31.0442 19.2708 13.7562 -31.3112 19.1061 12.8074 -31.4585 18.8821 11.8462 
-31.4342 18.5813 10.9004 -31.1417 18.1674 10.0458 -30.6937 17.6699 9.30635 
-30.1797 17.1375 8.63406 -29.6505 16.6169 7.96407 -29.1322 16.1009 7.28228 
-28.6437 15.5977 6.56964 -28.1986 15.1109 5.81884 -27.8139 14.6579 5.01546 
-27.4848 14.2466 4.16611 -27.2043 13.8832 3.2782 -26.9549 13.568 2.36281 
-26.7224 13.2801 1.43385 -26.4998 12.9995 0.500181 -26.273 12.7073 -0.42882 
-26.0182 12.3885 -1.34159 -25.7292 12.0504 -2.237 -25.4249 11.6995 -3.12255 
-25.1399 11.3547 -4.01684 -24.8899 11.0233 -4.92639 -24.67 10.7028 -5.84772 
-24.4459 10.3739 -6.76493 -24.1837 10.0086 -7.65739 -23.8582 9.57177 -8.49411 
-23.3817 8.93694 -9.391 -22.9398 8.32577 -10.046 -22.4805 7.6935 -10.6699 
-22.0228 7.0714 -11.305 -21.5639 6.46381 -11.9532 -21.0928 5.87773 -12.6122 
-20.591 5.30683 -13.2619 -20.0778 4.73719 -13.9037 -19.5869 4.14174 -14.5396 
-19.1074 3.54078 -15.1788 -18.6402 2.90268 -15.7906 -18.1537 2.22038 -16.3328 
-17.7173 1.4875 -16.8429 -17.4224 0.838574 -17.5369 -17.2444 0.264028 -18.3352 
-17.1133 -0.291702 -19.156 -17.0178 -0.828727 -19.9939 -16.9466 -1.33554 -20.8527 
-16.9176 -1.80057 -21.7372 -16.9022 -2.22814 -22.6408 -16.891 -2.61294 -23.5635 
-16.8492 -2.96635 -24.4978 -16.7495 -3.27008 -25.4447 -16.5981 -3.51727 -26.4011 
-16.3507 -3.69569 -27.3521 -16.0071 -3.81774 -28.2818 -15.5658 -3.85593 -29.1772 
-15.1453 -3.79824 -30.0811 -14.7954 -3.60125 -30.9922 -14.5276 -3.22976 -31.8784 
-14.3411 -2.82117 -32.7685 -14.1913 -2.63124 -33.7303 -14.0597 -2.66328 -34.7199 
-13.9641 -2.77109 -35.709 -13.9164 -2.9421 -36.6928 -13.8986 -3.16497 -37.667 
-13.9011 -3.4464 -38.6263 -13.9137 -3.77936 -39.5689 -13.9341 -4.14845 -40.498 
-13.9564 -4.52106 -41.4257 -13.9675 -4.90158 -42.3504 -13.9603 -5.32611 -43.2548 
-13.9116 -5.86581 -44.0937 -13.8335 -6.50573 -44.8559 -13.7557 -7.08242 -45.4042 
-23.7423 20.1607 33.0921 -24.1001 19.9717 32.178 -24.4791 19.7476 31.2803 
-24.8981 19.5423 30.3961 -25.3267 19.3821 29.5071 -25.7478 19.2659 28.6078 
-26.1575 19.1735 27.7003 -26.5615 19.1019 26.7884 -26.9658 19.0387 25.8759 
-27.3683 18.9648 24.9635 -27.7594 18.8881 24.0464 -28.1114 18.8227 23.1131 
-28.4008 18.769 22.158 -28.6005 18.7229 21.1801 -28.7043 18.6815 20.1877 
-28.8625 18.6058 19.2299 -29.3944 18.4438 18.4147 -29.9626 18.284 17.6078 
-30.4932 18.1433 16.7723 -30.9697 18.0345 15.9007 -31.385 17.9563 14.9947 
-31.7312 17.8892 14.0599 -31.9748 17.8148 13.0945 -32.0688 17.6952 12.1094 
-31.9405 17.4827 11.1482 -31.5808 17.1621 10.2781 -31.067 16.7466 9.53142 
-30.5069 16.2873 8.84209 -29.949 15.8207 8.1558 -29.4112 15.3513 7.45563 
-28.9076 14.8918 6.72445 -28.4555 14.4529 5.9487 -28.0611 14.0422 5.12761 
-27.7323 13.6776 4.25703 -27.4461 13.3523 3.35612 -27.1915 13.0662 2.43252 
-26.951 12.8069 1.49722 -26.7206 12.5558 0.557101 -26.4841 12.2863 -0.376284 
-26.2188 11.9876 -1.29279 -25.9154 11.6665 -2.18972 -25.6071 11.3378 -3.08241 
-25.319 11.0126 -3.98295 -25.0663 10.6998 -4.89838 -24.8384 10.3951 -5.82312 
-24.6017 10.0784 -6.74131 -24.3183 9.71805 -7.62914 -23.9541 9.25732 -8.43605 
-23.5336 8.7087 -9.15656 -23.0771 8.0923 -9.7963 -22.6106 7.43376 -10.3864 
-22.1581 6.77794 -10.9903 -21.725 6.12124 -11.6075 -21.2812 5.48807 -12.2414 
-20.806 4.86996 -12.8675 -20.3097 4.26295 -13.4881 -19.8262 3.63029 -14.0924 
-19.3494 3.00119 -14.7061 -18.8908 2.33347 -15.2918 -18.4389 1.69632 -15.9141 
-18.0524 1.11598 -16.6281 -17.784 0.583125 -17.4294 -17.5928 0.0781937 -18.2703 
-17.4598 -0.419345 -19.1273 -17.3577 -0.907988 -19.9937 -17.292 -1.37172 -20.8768 
-17.2668 -1.80729 -21.7765 -17.2633 -2.20122 -22.6954 -17.2669 -2.56772 -23.6257 
-17.223 -2.89608 -24.5686 -17.1198 -3.17535 -25.5227 -16.9486 -3.38159 -26.4851 
-16.6879 -3.52167 -27.4388 -16.3177 -3.59634 -28.3622 -15.845 -3.60208 -29.2421 
-15.3764 -3.49202 -30.1168 -14.966 -3.25415 -30.9946 -14.6473 -2.85073 -31.8487 
-14.424 -2.43607 -32.7259 -14.2459 -2.27001 -33.6882 -14.0941 -2.31094 -34.6741 
-13.9901 -2.42249 -35.6621 -13.9326 -2.58433 -36.6468 -13.9094 -2.79654 -37.6234 
-13.9084 -3.06028 -38.5877 -13.9213 -3.379 -39.5352 -13.9401 -3.73471 -40.4696 
-13.9599 -4.10933 -41.3965 -13.9715 -4.4886 -42.3217 -13.9671 -4.89888 -43.2334 
-13.9369 -5.3841 -44.1057 -13.871 -5.98781 -44.8979 -13.7975 -6.66471 -45.6296 
-24.2641 22.4091 31.3971 -24.4985 22.1655 30.9015 -24.8978 21.8061 30.0586 
-25.3041 21.51 29.1947 -25.7039 21.2791 28.3078 -26.1026 21.0817 27.4123 
-26.513 20.9161 26.5157 -26.9356 20.7753 25.6204 -27.3603 20.6494 24.724 
-27.7732 20.5368 23.8202 -28.1438 20.4484 22.896 -28.4541 20.3736 21.9492 
-28.6484 20.3058 20.972 -28.7219 20.2401 19.9788 -28.7034 20.1605 18.9867 
-28.9567 20.0142 18.0765 -29.4907 19.8226 17.2535 -29.9803 19.6392 16.4014 
-30.424 19.468 15.5218 -30.8217 19.3123 14.6181 -31.1493 19.17 13.6845 
-31.409 19.0074 12.7334 -31.5506 18.7908 11.7702 -31.5042 18.4955 10.8238 
-31.1792 18.0839 9.98072 -30.705 17.5853 9.25698 -30.1842 17.0609 8.58348 
-29.6518 16.5474 7.91058 -29.1339 16.0368 7.22443 -28.6441 15.5386 6.50926 
-28.2026 15.0577 5.7526 -27.8235 14.6117 4.94264 -27.5004 14.2077 4.08751 
-27.2257 13.8515 3.19485 -26.981 13.5425 2.27605 -26.7522 13.2599 1.34456 
-26.5324 12.9815 0.409612 -26.3034 12.6853 -0.517551 -26.0396 12.3614 -1.42586 
-25.7391 12.0177 -2.31539 -25.4386 11.6702 -3.2036 -25.1606 11.331 -4.10213 
-24.925 11.0091 -5.0189 -24.7132 10.6962 -5.94476 -24.4878 10.3703 -6.86257 
-24.2132 9.99683 -7.74751 -23.8586 9.52892 -8.55549 -23.4481 8.98381 -9.2843 
-23.0014 8.37189 -9.93598 -22.5384 7.73944 -10.5567 -22.0807 7.11231 -11.1869 
-21.6248 6.49617 -11.8291 -21.1506 5.9069 -12.483 -20.6539 5.32598 -13.1278 
-20.1488 4.73987 -13.761 -19.6621 4.12723 -14.3836 -19.1867 3.50743 -15.0075 
-18.7211 2.85219 -15.602 -18.2338 2.17052 -16.1467 -17.7833 1.44793 -16.661 
-17.498 0.814858 -17.3758 -17.3134 0.243324 -18.1744 -17.184 -0.305316 -19.0002 
-17.0861 -0.842239 -19.8379 -17.0101 -1.34869 -20.6965 -16.9728 -1.81893 -21.5779 
-16.9569 -2.24661 -22.4814 -16.95 -2.6385 -23.4013 -16.9083 -2.99298 -24.3351 
-16.8231 -3.30899 -25.2795 -16.6791 -3.55791 -26.2366 -16.4656 -3.75215 -27.1928 
-16.1342 -3.87483 -28.1271 -15.7131 -3.93336 -29.0308 -15.2943 -3.88225 -29.9354 
-14.9359 -3.71903 -30.8529 -14.6537 -3.38354 -31.7485 -14.4413 -2.99547 -32.6441 
-14.2798 -2.796 -33.6022 -14.1402 -2.81637 -34.5904 -14.0383 -2.92734 -35.5783 
-13.9743 -3.09231 -36.5622 -13.946 -3.31532 -37.5362 -13.9397 -3.5932 -38.4965 
-13.9481 -3.92836 -39.4384 -13.9675 -4.29555 -40.3682 -13.9944 -4.66403 -41.2975 
-14.0146 -5.03944 -42.224 -14.0085 -5.47422 -43.1234 -13.9607 -6.02121 -43.9562 
-13.8777 -6.69492 -44.6875 -13.7705 -7.44003 -45.3449 -24.6388 11.9664 32.7864 
-24.9459 11.953 31.835 -25.2516 11.9923 30.884 -25.5813 12.0728 29.9436 
-25.9515 12.1717 29.0201 -26.3568 12.2619 28.1105 -26.7805 12.3312 27.2074 
-27.1992 12.3746 26.3004 -27.599 12.4013 25.3842 -27.9722 12.4364 24.4573 
-28.3086 12.5028 23.5181 -28.5917 12.5993 22.5646 -28.7148 12.7312 21.5884 
-29.1574 12.7295 20.8045 -29.9391 12.6565 20.1858 -30.7006 12.6346 19.5387 
-31.4127 12.6784 18.8389 -32.0689 12.7696 18.0914 -32.6317 12.9027 17.2774 
-33.0755 13.0592 16.397 -33.3657 13.2126 15.455 -33.4823 13.3251 14.4725 
-33.384 13.3578 13.4816 -33.1153 13.3042 12.524 -32.687 13.1434 11.6377 
-32.1662 12.8947 10.8236 -31.5959 12.5853 10.0629 -31.0236 12.265 9.30804 
-30.4786 11.9507 8.53097 -29.9797 11.656 7.71669 -29.55 11.4 6.85172 
-29.1835 11.1775 5.94888 -28.8728 10.9873 5.01771 -28.5777 10.8082 4.07922 
-28.2844 10.6278 3.14034 -27.988 10.4461 2.20272 -27.6971 10.2735 1.26169 
-27.416 10.1049 0.316929 -27.1386 9.9265 -0.627058 -26.8528 9.73221 -1.56534 
-26.5392 9.51292 -2.48915 -26.2135 9.2835 -3.40636 -25.8968 9.06156 -4.32852 
-25.5826 8.84481 -5.25282 -25.2465 8.60971 -6.1645 -24.8711 8.33322 -7.04858 
-24.4175 7.97397 -7.86205 -23.9068 7.50369 -8.57723 -23.3548 6.92082 -9.17116 
-22.8064 6.27163 -9.69621 -22.3261 5.54083 -10.1795 -21.9143 4.76954 -10.664 
-21.5247 3.99417 -11.1608 -21.1073 3.23817 -11.6649 -20.6785 2.49239 -12.173 
-20.235 1.81393 -12.757 -19.8021 1.19274 -13.4071 -19.3927 0.699524 -14.1698 
-19.0543 0.319837 -15.0297 -18.7923 -0.0117645 -15.9349 -18.6064 -0.325786 -16.8656 
-18.465 -0.660706 -17.7969 -18.3517 -1.02041 -18.723 -18.2499 -1.39983 -19.6425 
-18.1609 -1.78792 -20.5598 -18.0909 -2.17013 -21.4811 -18.064 -2.53849 -22.4103 
-18.0574 -2.88862 -23.3468 -18.0371 -3.21024 -24.2934 -18.0002 -3.49378 -25.2514 
-17.9193 -3.7095 -26.2238 -17.7848 -3.86159 -27.202 -17.5428 -3.91819 -28.1686 
-17.1791 -3.87484 -29.0957 -16.7635 -3.68377 -29.981 -16.4802 -3.28048 -30.8401 
-16.3244 -2.67182 -31.6156 -16.1735 -2.20872 -32.4425 -15.9922 -2.38174 -33.4067 
-15.809 -2.6055 -34.3638 -15.6049 -2.78478 -35.3261 -15.402 -2.95369 -36.2906 
-15.2305 -3.15193 -37.2552 -15.1061 -3.40774 -38.2132 -15.0427 -3.73679 -39.1548 
-15.0294 -4.11618 -40.0794 -15.0819 -4.52106 -40.9919 -15.1766 -4.91207 -41.9072 
-15.2898 -5.24646 -42.8419 -15.3956 -5.48993 -43.8052 -15.468 -5.6885 -44.7824 
-15.4787 -5.91992 -45.7541 -24.5531 14.7151 32.0182 -24.8895 14.6757 31.0774 
-25.2514 14.6746 30.1454 -25.6371 14.6955 29.2231 -26.0505 14.7204 28.313 
-26.4695 14.7446 27.4053 -26.8787 14.7584 26.4929 -27.276 14.7583 25.5753 
-27.6612 14.7496 24.6526 -28.022 14.7513 23.7201 -28.3331 14.776 22.7704 
-28.5738 14.8199 21.8014 -28.824 14.8381 20.8432 -29.4015 14.7563 20.0791 
-30.121 14.6645 19.3912 -30.8228 14.6096 18.6812 -31.4842 14.601 17.9319 
-32.0909 14.6329 17.139 -32.6017 14.7035 16.2839 -32.9899 14.7927 15.3693 
-33.1968 14.8803 14.3968 -33.2308 14.9253 13.4028 -33.044 14.8761 12.4263 
-32.6879 14.7327 11.5065 -32.1861 14.4834 10.6818 -31.6115 14.1598 9.93147 
-31.0136 13.801 9.2147 -30.4261 13.4408 8.4902 -29.8761 13.0877 7.73391 
-29.3799 12.7551 6.93275 -28.9646 12.4555 6.07492 -28.6157 12.1897 5.17673 
-28.3116 11.9513 4.25445 -28.0199 11.727 3.32464 -27.737 11.5152 2.38918 
-27.4635 11.3108 1.4493 -27.2016 11.1113 0.505074 -26.9383 10.9039 -0.437077 
-26.655 10.6715 -1.36731 -26.3448 10.412 -2.28175 -26.0292 10.1444 -3.1921 
-25.7282 9.88445 -4.10958 -25.4443 9.63033 -5.03412 -25.1665 9.37014 -5.95879 
-24.8571 9.07379 -6.86181 -24.5717 8.80202 -7.55729 -24.2325 8.45302 -8.19008 
-23.7567 7.90977 -8.87743 -23.2463 7.2922 -9.47497 -22.7458 6.61528 -10.0131 
-22.2858 5.90677 -10.5476 -21.8821 5.17519 -11.0965 -21.4694 4.46024 -11.6607 
-21.0294 3.75657 -12.2183 -20.5644 3.08533 -12.7952 -20.1011 2.43081 -13.3925 
-19.6538 1.824 -14.0477 -19.228 1.29362 -14.7793 -18.8593 0.815961 -15.5754 
-18.5546 0.408882 -16.4345 -18.3322 0.0296908 -17.3325 -18.1509 -0.361831 -18.2344 
-18.0063 -0.766741 -19.1372 -17.8808 -1.17404 -20.0417 -17.8017 -1.58288 -20.9507 
-17.7605 -1.97715 -21.8685 -17.7595 -2.34504 -22.7983 -17.7729 -2.6923 -23.7358 
-17.7569 -3.01094 -24.6833 -17.6915 -3.27953 -25.6437 -17.5751 -3.47995 -26.6156 
-17.37 -3.59881 -27.5848 -17.0274 -3.61926 -28.5209 -16.5582 -3.5488 -29.3988 
-16.0688 -3.34084 -30.2439 -15.6649 -2.95703 -31.0667 -15.3371 -2.48908 -31.8864 
-15.0273 -2.32421 -32.7912 -14.7584 -2.47153 -33.7419 -14.5565 -2.6214 -34.7094 
-14.4071 -2.76963 -35.6868 -14.3043 -2.94553 -36.6655 -14.2429 -3.16904 -37.6378 
-14.2128 -3.44997 -38.5966 -14.2083 -3.78672 -39.5379 -14.2245 -4.16107 -40.465 
-14.2559 -4.54165 -41.3892 -14.2888 -4.92289 -42.313 -14.3076 -5.323 -43.2291 
-14.2945 -5.77992 -44.1174 -14.2361 -6.34681 -44.9363 -14.1549 -7.02375 -45.666 
-23.6398 17.7418 33.8444 -23.9799 17.6506 32.9084 -24.3291 17.5457 31.9773 
-24.7097 17.4356 31.0594 -25.1164 17.3443 30.1504 -25.5255 17.2844 29.24 
-25.9351 17.2477 28.3286 -26.3436 17.226 27.416 -26.7472 17.2083 26.5014 
-27.1451 17.1812 25.5843 -27.537 17.144 24.6651 -27.9067 17.1051 23.7369 
-28.2252 17.0779 22.7896 -28.4736 17.0592 21.8219 -28.6499 17.0445 20.8382 
-28.9595 16.9786 19.9149 -29.5731 16.8418 19.1391 -30.206 16.7153 18.3755 
-30.8132 16.6172 17.5875 -31.3655 16.5613 16.7563 -31.8608 16.5333 15.889 
-32.2486 16.539 14.9681 -32.539 16.5465 14.0131 -32.6651 16.5256 13.0246 
-32.6026 16.4386 12.0354 -32.3159 16.258 11.1 -31.838 15.9762 10.2738 
-31.2615 15.5998 9.5491 -30.6703 15.1971 8.85041 -30.095 14.7784 8.14795 
-29.5463 14.3612 7.42364 -29.0542 13.9615 6.65113 -28.619 13.5861 5.83358 
-28.2559 13.2465 4.96657 -27.9385 12.9409 4.06908 -27.6533 12.6667 3.15093 
-27.3903 12.4144 2.21978 -27.1414 12.1793 1.28025 -26.9003 11.9527 0.336571 
-26.6532 11.7089 -0.601074 -26.3821 11.4373 -1.52434 -26.0771 11.1421 -2.42966 
-25.7665 10.8421 -3.33163 -25.4776 10.5475 -4.24248 -25.2172 10.2619 -5.16461 
-24.9813 9.97922 -6.09434 -24.7303 9.6815 -7.01519 -24.4858 9.40489 -7.72396 
-24.2015 9.08093 -8.39734 -23.7869 8.5801 -9.15475 -23.3244 8.00861 -9.83165 
-22.8469 7.39507 -10.4603 -22.3668 6.79074 -11.096 -21.8965 6.19176 -11.7441 
-21.4188 5.60712 -12.3993 -20.9079 5.04853 -13.0527 -20.3873 4.49376 -13.7015 
-19.8755 3.92701 -14.3469 -19.3807 3.35858 -15.0042 -18.8989 2.76506 -15.6484 
-18.4135 2.14668 -16.2662 -17.9412 1.49211 -16.855 -17.5898 0.873379 -17.5503 
-17.3792 0.322995 -18.3572 -17.2336 -0.212753 -19.1886 -17.1358 -0.734497 -20.0359 
-17.0616 -1.2294 -20.9014 -17.0378 -1.68354 -21.7917 -17.0323 -2.10235 -22.6995 
-17.0278 -2.47906 -23.6257 -16.9958 -2.82643 -24.5627 -16.8973 -3.1233 -25.5116 
-16.7406 -3.36006 -26.4696 -16.4858 -3.5226 -27.4209 -16.118 -3.61825 -28.344 
-15.6488 -3.63943 -29.2258 -15.1904 -3.56045 -30.1095 -14.7976 -3.34918 -30.9998 
-14.5145 -2.93546 -31.8599 -14.3281 -2.48787 -32.7314 -14.1691 -2.263 -33.6819 
-14.0264 -2.28578 -34.67 -13.9356 -2.39217 -35.6593 -13.8913 -2.55558 -36.6447 
-13.8743 -2.76634 -37.6217 -13.8787 -3.03271 -38.5853 -13.8938 -3.34692 -39.5342 
-13.9139 -3.70243 -40.4687 -13.9339 -4.07605 -41.396 -13.9435 -4.45477 -42.3214 
-13.9403 -4.85807 -43.2362 -13.9108 -5.34003 -44.1105 -13.8511 -5.9277 -44.9154 
-13.7959 -6.45901 -45.5104 -24.4489 22.2277 30.9767 -24.8479 21.859 30.1376 
-25.2543 21.5661 29.2726 -25.6546 21.3245 28.3889 -26.0527 21.125 27.4936 
-26.4608 20.9533 26.5971 -26.8827 20.8095 25.702 -27.309 20.6813 24.8066 
-27.7228 20.567 23.9035 -28.1024 20.4736 22.9833 -28.4151 20.398 22.0374 
-28.6281 20.3295 21.0643 -28.7023 20.2644 20.0711 -28.673 20.1922 19.0747 
-28.7489 20.081 18.1861 -29.2408 19.9003 17.3903 -29.7517 19.7104 16.5523 
-30.2132 19.5301 15.6841 -30.6207 19.3637 14.7867 -30.9682 19.2114 13.8621 
-31.2278 19.0455 12.9117 -31.3902 18.8289 11.951 -31.3601 18.518 11.0087 
-31.0873 18.0976 10.1526 -30.6364 17.5744 9.43065 -30.1334 17.0339 8.75683 
-29.6067 16.5049 8.09146 -29.0875 15.981 7.41636 -28.5966 15.4727 6.70888 
-28.1402 14.9774 5.97039 -27.748 14.5196 5.17326 -27.4049 14.1014 4.33286 
-27.1108 13.735 3.45055 -26.8435 13.4093 2.54391 -26.596 13.1143 1.62108 
-26.3575 12.8294 0.692719 -26.1151 12.535 -0.231698 -25.8532 12.2222 -1.14455 
-25.5519 11.8776 -2.03339 -25.238 11.5167 -2.91158 -24.9402 11.1552 -3.79506 
-24.6657 10.7997 -4.68841 -24.4088 10.4438 -5.58693 -24.1423 10.0709 -6.47553 
-23.8342 9.64662 -7.32605 -23.4655 9.15619 -8.11427 -23.0416 8.56824 -8.79835 
-22.5868 7.87802 -9.35843 -22.1772 7.09261 -9.81561 -21.9081 6.20259 -10.1697 
-21.7288 5.28522 -10.5181 -21.4489 4.42083 -10.9339 -21.0991 3.58965 -11.3653 
-20.7134 2.78086 -11.8085 -20.3026 2.02848 -12.3217 -19.8871 1.32352 -12.896 
-19.4788 0.745326 -13.593 -19.1117 0.314034 -14.4149 -18.837 -0.0353495 -15.3094 
-18.6382 -0.343914 -16.2391 -18.5002 -0.668002 -17.1748 -18.3926 -1.01737 -18.1054 
-18.2977 -1.39149 -19.0279 -18.2053 -1.78102 -19.9442 -18.1185 -2.17365 -20.8598 
-18.0634 -2.56244 -21.7794 -18.0341 -2.93449 -22.707 -18.0128 -3.28264 -23.6441 
-17.99 -3.59641 -24.5931 -17.9361 -3.85724 -25.5564 -17.8337 -4.05353 -26.5311 
-17.6777 -4.1901 -27.5084 -17.4208 -4.23515 -28.4712 -17.065 -4.17572 -29.4023 
-16.7626 -3.90563 -30.3063 -16.698 -3.41098 -31.1567 -16.7055 -2.70752 -31.8648 
-16.6488 -2.24633 -32.6922 -16.5419 -2.29338 -33.6804 -16.4033 -2.45764 -34.6566 
-16.2117 -2.62592 -35.6233 -15.9908 -2.79437 -36.584 -15.7814 -2.99542 -37.5404 
-15.623 -3.25246 -38.493 -15.5462 -3.58309 -39.4324 -15.54 -3.96694 -40.3554 
-15.5993 -4.38471 -41.2615 -15.7084 -4.78114 -42.1727 -15.8394 -5.10627 -43.1077 
-15.9927 -5.28179 -44.077 -16.1306 -5.35448 -45.0644 -23.5984 18.687 33.7559 
-23.8698 18.6086 33.0075 -24.2235 18.4915 32.0797 -24.611 18.3581 31.1676 
-25.0277 18.2346 30.2672 -25.446 18.1484 29.363 -25.8591 18.0877 28.4544 
-26.2658 18.0473 27.5418 -26.6687 18.0154 26.6271 -27.0688 17.9762 25.7115 
-27.4655 17.925 24.795 -27.845 17.8692 23.8716 -28.1781 17.8223 22.9303 
-28.4358 17.7866 21.9654 -28.6174 17.7585 20.9832 -28.7416 17.7244 19.9951 
-29.122 17.6213 19.1158 -29.7521 17.469 18.3546 -30.3498 17.3381 17.5639 
-30.8947 17.2429 16.7319 -31.3814 17.1813 15.8609 -31.7914 17.1468 14.9505 
-32.0953 17.1251 13.9997 -32.266 17.0795 13.0179 -32.2462 16.9615 12.0299 
-32.0093 16.7474 11.0892 -31.5788 16.4284 10.2504 -31.0256 16.0163 9.528 
-30.4503 15.5742 8.83992 -29.886 15.1237 8.14813 -29.3447 14.6729 7.43863 
-28.8514 14.2412 6.68401 -28.4139 13.8338 5.88329 -28.0428 13.4622 5.03306 
-27.7221 13.1314 4.146 -27.4391 12.8403 3.23222 -27.1721 12.569 2.30755 
-26.9195 12.3206 1.37248 -26.674 12.0772 0.434154 -26.4184 11.8121 -0.495449 
-26.134 11.5206 -1.40851 -25.8173 11.204 -2.30256 -25.5028 10.8783 -3.19416 
-25.209 10.5551 -4.09366 -24.9406 10.2374 -5.00299 -24.6751 9.91389 -5.91108 
-24.379 9.56296 -6.79905 -24.0954 9.22858 -7.46723 -23.7681 8.83113 -8.07802 
-23.4059 8.37895 -8.6282 -22.927 7.72713 -9.21271 -22.4576 6.99795 -9.70938 
-22.0894 6.17156 -10.1279 -21.8064 5.30192 -10.5305 -21.4959 4.46088 -10.9728 
-21.1347 3.64598 -11.4254 -20.7388 2.84894 -11.8813 -20.3225 2.10207 -12.3974 
-19.905 1.4046 -12.9793 -19.4916 0.810292 -13.6614 -19.1247 0.379026 -14.4834 
-18.8364 0.0177231 -15.3691 -18.638 -0.294327 -16.2977 -18.4895 -0.618912 -17.2316 
-18.3793 -0.973128 -18.1602 -18.2794 -1.34739 -19.082 -18.1837 -1.73836 -19.9974 
-18.0929 -2.1307 -20.9127 -18.0398 -2.51677 -21.8335 -18.0114 -2.88697 -22.7619 
-17.9882 -3.23163 -23.7003 -17.9605 -3.5416 -24.6503 -17.9011 -3.79683 -25.6149 
-17.7957 -3.99222 -26.5893 -17.6222 -4.11788 -27.5647 -17.3527 -4.16135 -28.5247 
-16.9826 -4.08253 -29.4475 -16.6565 -3.8261 -30.3492 -16.5906 -3.29335 -31.1814 
-16.5476 -2.61282 -31.9102 -16.4475 -2.30357 -32.7948 -16.3102 -2.41473 -33.7742 
-16.146 -2.60551 -34.7417 -15.9432 -2.77682 -35.7057 -15.7276 -2.94815 -36.667 
-15.5441 -3.16042 -37.6262 -15.4205 -3.43887 -38.5777 -15.3609 -3.78058 -39.5148 
-15.3755 -4.17597 -40.4327 -15.4477 -4.58586 -41.3417 -15.5668 -4.96692 -42.2583 
-15.6971 -5.27526 -43.1989 -15.8331 -5.44024 -44.175 -15.9435 -5.54676 -45.1628 
-16.0026 -5.62011 -45.9571 -23.718 20.7292 32.9276 -24.0915 20.4694 32.0375 
-24.4762 20.1923 31.1572 -24.8941 19.956 30.2803 -25.3233 19.7761 29.3954 
-25.7449 19.6375 28.4995 -26.1537 19.53 27.5933 -26.5596 19.4422 26.6837 
-26.9673 19.3642 25.7738 -27.3732 19.281 24.8638 -27.7636 19.1977 23.947 
-28.1155 19.1275 23.014 -28.3984 19.0705 22.0573 -28.5872 19.0211 21.0778 
-28.6336 18.9817 20.0813 -28.6813 18.9191 19.1101 -29.2246 18.7477 18.2922 
-29.8001 18.5772 17.4927 -30.3233 18.4269 16.6543 -30.7971 18.2992 15.7835 
-31.2023 18.205 14.8747 -31.5465 18.1206 13.9403 -31.7759 18.0217 12.9739 
-31.8698 17.8748 11.9921 -31.7453 17.6292 11.0389 -31.3927 17.275 10.1798 
-30.8787 16.8245 9.4522 -30.3302 16.342 8.76939 -29.7813 15.8606 8.08606 
-29.2486 15.3766 7.39206 -28.7543 14.9075 6.66062 -28.3033 14.4556 5.89169 
-27.9226 14.0428 5.06523 -27.5951 13.6714 4.19686 -27.3124 13.3453 3.29511 
-27.0515 13.0517 2.37564 -26.8073 12.7867 1.44285 -26.5701 12.524 0.507607 
-26.3253 12.2436 -0.420466 -26.0497 11.9375 -1.33135 -25.7398 11.6071 -2.2228 
-25.4286 11.2668 -3.11009 -25.1418 10.93 -4.00685 -24.884 10.6028 -4.91582 
-24.6389 10.2763 -5.82868 -24.3758 9.92775 -6.72793 -24.0527 9.51155 -7.5765 
-23.6642 9.01015 -8.34696 -23.3125 8.53833 -8.8869 -22.8476 7.86147 -9.45591 
-22.3951 7.12826 -9.96148 -22.0145 6.32768 -10.4223 -21.6964 5.50848 -10.899 
-21.3543 4.71019 -11.3942 -20.975 3.92145 -11.8775 -20.5586 3.16338 -12.3785 
-20.1374 2.42577 -12.9058 -19.7282 1.72805 -13.489 -19.3225 1.156 -14.1975 
-18.9776 0.690564 -15.0106 -18.6983 0.301918 -15.887 -18.4941 -0.0502167 -16.8001 
-18.3333 -0.417854 -17.7159 -18.2038 -0.804487 -18.629 -18.0872 -1.1999 -19.54 
-17.9892 -1.5978 -20.4521 -17.9203 -1.98584 -21.371 -17.8941 -2.35694 -22.2991 
-17.8932 -2.70911 -23.235 -17.8719 -3.03279 -24.1806 -17.8214 -3.31689 -25.1377 
-17.7275 -3.53584 -26.1082 -17.5716 -3.68871 -27.0829 -17.2926 -3.74569 -28.0387 
-16.8712 -3.70447 -28.9412 -16.3946 -3.54781 -29.8036 -15.9857 -3.21575 -30.6467 
-15.6591 -2.70118 -31.439 -15.3601 -2.3711 -32.3173 -15.0842 -2.46315 -33.2652 
-14.8503 -2.64384 -34.2203 -14.6647 -2.8029 -35.1897 -14.5245 -2.96773 -36.1657 
-14.4341 -3.17653 -37.1391 -14.3793 -3.43829 -38.1021 -14.3609 -3.7656 -39.0465 
-14.3728 -4.13811 -39.9743 -14.4117 -4.52222 -40.8967 -14.4664 -4.90158 -41.8203 
-14.5207 -5.2682 -42.749 -14.5572 -5.63363 -43.679 -14.541 -6.07505 -44.5747 
-14.4879 -6.6175 -45.4114 -23.7215 16.6246 33.8872 -24.062 16.5592 32.9493 
-24.3997 16.472 32.0122 -24.7626 16.3778 31.0853 -25.1531 16.3053 30.1677 
-25.5521 16.2649 29.2517 -25.9608 16.2506 28.3392 -26.3717 16.2466 27.4276 
-26.7762 16.2437 26.513 -27.1742 16.2313 25.5957 -27.5641 16.2072 24.6752 
-27.9335 16.1859 23.7463 -28.2524 16.1813 22.7989 -28.5079 16.1852 21.8327 
-28.698 16.1859 20.8515 -29.1385 16.1071 19.9899 -29.8027 15.9852 19.2524 
-30.4628 15.8836 18.5082 -31.0957 15.8173 17.7375 -31.6805 15.7889 16.9277 
-32.1782 15.8049 16.0618 -32.5795 15.8411 15.1481 -32.8382 15.8813 14.1855 
-32.9275 15.8941 13.1934 -32.8092 15.8298 12.207 -32.5086 15.6777 11.2696 
-32.023 15.4182 10.4394 -31.4459 15.0695 9.70298 -30.8474 14.6874 8.9989 
-30.2602 14.2945 8.29132 -29.711 13.9043 7.55276 -29.1996 13.5244 6.78243 
-28.7519 13.1693 5.96256 -28.3703 12.8446 5.09786 -28.0509 12.5573 4.19511 
-27.7572 12.2964 3.27565 -27.4817 12.0561 2.34492 -27.2188 11.8277 1.40751 
-26.966 11.608 0.465297 -26.7111 11.3799 -0.474295 -26.4318 11.1221 -1.39901 
-26.124 10.8394 -2.30739 -25.8078 10.547 -3.2099 -25.5063 10.2574 -4.11827 
-25.2303 9.97334 -5.03642 -24.9706 9.68732 -5.95878 -24.6867 9.37914 -6.86635 
-24.3496 9.02052 -7.73551 -23.9477 8.56508 -8.52678 -23.4904 8.00597 -9.21601 
-23.0025 7.36632 -9.80839 -22.5207 6.68353 -10.3573 -22.0767 5.98837 -10.9221 
-21.6698 5.28009 -11.4986 -21.2528 4.58581 -12.085 -20.8012 3.91145 -12.6688 
-20.3254 3.26129 -13.2611 -19.8552 2.61178 -13.8585 -19.4004 1.98791 -14.493 
-18.9683 1.40512 -15.1809 -18.5935 0.902817 -15.9571 -18.2962 0.467591 -16.8054 
-18.0728 0.0410105 -17.6815 -17.8955 -0.390018 -18.566 -17.7617 -0.827797 -19.4549 
-17.6564 -1.26437 -20.3483 -17.5988 -1.68887 -21.2517 -17.5708 -2.09085 -22.1667 
-17.5739 -2.46213 -23.0951 -17.5742 -2.80894 -24.0329 -17.5285 -3.11885 -24.982 
-17.4353 -3.37519 -25.9436 -17.2727 -3.55393 -26.9128 -17.0156 -3.6569 -27.8717 
-16.6126 -3.66398 -28.7841 -16.136 -3.58174 -29.6575 -15.7042 -3.34582 -30.5227 
-15.3524 -2.93751 -31.3624 -15.031 -2.52541 -32.2118 -14.7365 -2.422 -33.1444 
-14.5177 -2.52081 -34.1145 -14.3525 -2.6475 -35.0924 -14.2379 -2.79925 -36.0738 
-14.1646 -2.98954 -37.0525 -14.1275 -3.2355 -38.0206 -14.1144 -3.53604 -38.9739 
-14.1219 -3.88871 -39.9094 -14.1435 -4.2656 -40.8354 -14.1713 -4.64377 -41.7607 
-14.1924 -5.03244 -42.6818 -14.1895 -5.46858 -43.5804 -14.1476 -5.99549 -44.4278 
-14.0644 -6.65872 -45.1686 -24.0251 16.353 33.1155 -24.3588 16.2714 32.1764 
-24.7135 16.1785 31.2462 -25.0968 16.1018 30.3259 -25.4928 16.0616 29.4086 
-25.8992 16.0466 28.4951 -26.3105 16.046 27.5836 -26.7168 16.0469 26.6699 
-27.1157 16.0387 25.753 -27.5079 16.0187 24.8333 -27.8806 15.9995 23.9057 
-28.2128 15.9962 22.9629 -28.4723 16.005 21.9978 -28.673 16.0135 21.0184 
-29.0557 15.9536 20.1309 -29.7236 15.8294 19.3975 -30.3909 15.7298 18.6595 
-31.0376 15.6599 17.9006 -31.633 15.6337 17.0984 -32.1527 15.6502 16.2453 
-32.5671 15.6902 15.3379 -32.8615 15.7381 14.3854 -32.9611 15.7599 13.3944 
-32.8854 15.721 12.4017 -32.5927 15.5778 11.4604 -32.1415 15.3456 10.604 
-31.5695 15.0076 9.85893 -30.9715 14.6315 9.15114 -30.3829 14.2427 8.44256 
-29.8213 13.8549 7.71189 -29.3104 13.4816 6.93837 -28.8666 13.1355 6.11275 
-28.4992 12.8261 5.23624 -28.1785 12.5441 4.3323 -27.8865 12.292 3.40979 
-27.6118 12.058 2.47729 -27.3516 11.8372 1.53732 -27.101 11.6229 0.593281 
-26.8479 11.3987 -0.347768 -26.5737 11.1492 -1.27635 -26.2661 10.8707 -2.18608 
-25.9522 10.5854 -3.09166 -25.6544 10.3062 -4.00447 -25.3812 10.0343 -4.92708 
-25.1298 9.7637 -5.85636 -24.8608 9.47336 -6.77446 -24.5295 9.12445 -7.64951 
-24.2152 8.77757 -8.29655 -23.9522 8.46763 -8.73647 -23.4716 7.87677 -9.38371 
-22.9802 7.24057 -9.97733 -22.4977 6.57887 -10.551 -22.0587 5.90242 -11.1416 
-21.6346 5.22796 -11.7459 -21.1846 4.57685 -12.3566 -20.7007 3.94816 -12.9652 
-20.2076 3.3354 -13.5826 -19.7314 2.71227 -14.2022 -19.2642 2.11746 -14.8561 
-18.8306 1.51648 -15.526 -18.4338 0.998837 -16.2812 -18.1307 0.539131 -17.1149 
-17.8942 0.0829011 -17.9725 -17.7274 -0.372986 -18.8463 -17.6039 -0.831486 -19.7262 
-17.5162 -1.28011 -20.6153 -17.4721 -1.7108 -21.5165 -17.4623 -2.11027 -22.433 
-17.4718 -2.4808 -23.3617 -17.4635 -2.81994 -24.3021 -17.4038 -3.12183 -25.2529 
-17.284 -3.35603 -26.217 -17.0908 -3.51959 -27.1831 -16.7857 -3.6011 -28.1292 
-16.3415 -3.59852 -29.0225 -15.8491 -3.49782 -29.8857 -15.4211 -3.24859 -30.7492 
-15.0574 -2.84896 -31.5901 -14.7409 -2.47114 -32.4548 -14.4999 -2.37738 -33.4139 
-14.3122 -2.44862 -34.3927 -14.1801 -2.57034 -35.3761 -14.0895 -2.72533 -36.3595 
-14.0408 -2.92891 -37.3372 -14.0182 -3.17995 -38.3045 -14.0186 -3.49408 -39.2536 
-14.0307 -3.84637 -40.1892 -14.0519 -4.22314 -41.1153 -14.0708 -4.60164 -42.0407 
-14.0756 -5.00622 -42.955 -14.0546 -5.47609 -43.8362 -13.9884 -6.07608 -44.6302 
-13.8981 -6.77184 -45.3412 -24.4942 14.5501 32.2196 -24.825 14.5155 31.2766 
-25.1761 14.5128 30.3404 -25.5563 14.5393 29.416 -25.9635 14.5693 28.5033 
-26.3832 14.5968 27.596 -26.7963 14.6164 26.6856 -27.1955 14.6194 25.7688 
-27.5837 14.613 24.8472 -27.9481 14.6136 23.9162 -28.2715 14.6355 22.9705 
-28.528 14.6783 22.0055 -28.7411 14.7171 21.03 -29.2095 14.664 20.2244 
-29.9447 14.562 19.5549 -30.653 14.5039 18.8516 -31.3299 14.4875 18.1166 
-31.9495 14.5163 17.3335 -32.4836 14.5839 16.492 -32.892 14.6745 15.5863 
-33.145 14.768 14.6259 -33.2109 14.8233 13.6343 -33.0757 14.7989 12.6479 
-32.737 14.6633 11.7209 -32.2724 14.4392 10.8682 -31.7011 14.1144 10.1153 
-31.107 13.7584 9.3941 -30.5187 13.3989 8.66988 -29.9576 13.042 7.92346 
-29.4517 12.7058 7.13001 -29.0177 12.3988 6.28411 -28.6641 12.1326 5.38781 
-28.3521 11.8904 4.46934 -28.0575 11.6642 3.54091 -27.7691 11.4484 2.60804 
-27.4889 11.2412 1.67073 -27.22 11.04 0.72884 -26.9534 10.8335 -0.212556 
-26.6728 10.6082 -1.14541 -26.3632 10.3515 -2.06083 -26.0429 10.0817 -2.96891 
-25.7329 9.8164 -3.88186 -25.4343 9.55509 -4.79976 -25.1373 9.28408 -5.71529 
-24.8084 8.98116 -6.6092 -24.4973 8.69818 -7.28924 -24.1455 8.354 -7.9175 
-23.6404 7.80107 -8.57769 -23.1085 7.16296 -9.13066 -22.6114 6.43849 -9.60555 
-22.2166 5.62964 -10.0357 -21.8719 4.79631 -10.4674 -21.5072 3.9841 -10.9223 
-21.1133 3.18932 -11.384 -20.7027 2.41736 -11.8682 -20.2731 1.72174 -12.4422 
-19.8476 1.09387 -13.091 -19.4426 0.61407 -13.8653 -19.1039 0.238503 -14.7262 
-18.8645 -0.0720952 -15.6452 -18.6821 -0.368133 -16.5826 -18.5506 -0.688245 -17.5206 
-18.4451 -1.03567 -18.4521 -18.3497 -1.40907 -19.3749 -18.2614 -1.79177 -20.2945 
-18.1961 -2.17244 -21.2168 -18.1671 -2.54395 -22.1446 -18.161 -2.89268 -23.0817 
-18.1502 -3.21612 -24.0278 -18.1256 -3.49769 -24.9866 -18.0611 -3.72081 -25.9585 
-17.9322 -3.86663 -26.9387 -17.7221 -3.93865 -27.9116 -17.3839 -3.89883 -28.8487 
-16.9683 -3.71736 -29.736 -16.6432 -3.30636 -30.5808 -16.417 -2.72259 -31.3555 
-16.2463 -2.21202 -32.1658 -16.0707 -2.26781 -33.1102 -15.893 -2.50079 -34.0662 
-15.6982 -2.69801 -35.0267 -15.4931 -2.86732 -35.9907 -15.3037 -3.04721 -36.9558 
-15.1667 -3.28907 -37.9158 -15.0772 -3.58967 -38.8647 -15.0511 -3.9578 -39.7934 
-15.08 -4.35927 -40.7084 -15.1618 -4.75678 -41.6221 -15.2701 -5.11798 -42.5478 
-15.3756 -5.3902 -43.5034 -15.4641 -5.59735 -44.4774 -15.4961 -5.81351 -45.4524 
-23.6182 17.2414 33.8966 -23.9589 17.1657 32.9596 -24.3013 17.073 32.0246 
-24.6727 16.9745 31.1015 -25.0703 16.8909 30.1879 -25.4745 16.8419 29.2746 
-25.8824 16.813 28.362 -26.2918 16.7966 27.4498 -26.6959 16.7836 26.5352 
-27.0927 16.7612 25.6176 -27.4837 16.7301 24.6978 -27.8582 16.694 23.7713 
-28.1922 16.6711 22.8294 -28.4501 16.6622 21.8639 -28.6254 16.6604 20.8802 
-28.8109 16.6323 19.9147 -29.3913 16.5101 19.1452 -30.0643 16.3823 18.4172 
-30.7031 16.2838 17.6546 -31.2892 16.2255 16.8472 -31.8096 16.2041 15.9944 
-32.2376 16.2148 15.0922 -32.5489 16.2346 14.1438 -32.6888 16.2299 13.1568 
-32.6533 16.1678 12.1632 -32.3864 16.0082 11.2182 -31.9491 15.767 10.3563 
-31.3899 15.4317 9.60048 -30.7938 15.0476 8.89552 -30.209 14.6447 8.19158 
-29.6527 14.2399 7.46622 -29.1391 13.8437 6.70551 -28.6852 13.4702 5.89746 
-28.3096 13.1324 5.03523 -27.9816 12.8236 4.14275 -27.6926 12.553 3.22467 
-27.4245 12.3034 2.29422 -27.1704 12.0698 1.35573 -26.925 11.8456 0.412624 
-26.6747 11.6067 -0.525506 -26.4024 11.3412 -1.45013 -26.094 11.048 -2.35501 
-25.781 10.75 -3.25677 -25.487 10.4559 -4.16618 -25.2196 10.1694 -5.08604 
-24.9739 9.88468 -6.0126 -24.7135 9.58368 -6.92976 -24.4626 9.3047 -7.63534 
-24.1722 8.97709 -8.3044 -23.7518 8.47002 -9.05409 -23.2836 7.8845 -9.71457 
-22.8021 7.25098 -10.3199 -22.3256 6.61428 -10.9261 -21.8773 5.97178 -11.5474 
-21.4306 5.33954 -12.1802 -20.9504 4.73545 -12.816 -20.4487 4.14402 -13.4471 
-19.946 3.55047 -14.0754 -19.4579 2.95282 -14.7113 -18.9793 2.34593 -15.3454 
-18.5107 1.7205 -15.969 -18.1039 1.15017 -16.6799 -17.7852 0.608772 -17.4558 
-17.5821 0.102789 -18.2937 -17.4328 -0.398495 -19.1458 -17.3281 -0.893058 -20.0084 
-17.2542 -1.36671 -20.8857 -17.2272 -1.80655 -21.7831 -17.2181 -2.21348 -22.6964 
-17.218 -2.58371 -23.6251 -17.185 -2.92339 -24.5646 -17.0873 -3.21172 -25.5165 
-16.9377 -3.4393 -26.4779 -16.6939 -3.59006 -27.434 -16.3393 -3.67211 -28.3636 
-15.8701 -3.67255 -29.2454 -15.416 -3.57095 -30.1286 -15.0291 -3.32392 -31.0147 
-14.7087 -2.94281 -31.8788 -14.4836 -2.57408 -32.7751 -14.2987 -2.4492 -33.7418 
-14.1473 -2.51424 -34.7274 -14.0427 -2.63507 -35.7141 -13.9815 -2.80577 -36.6972 
-13.9526 -3.02372 -37.6725 -13.9486 -3.29886 -38.6335 -13.9579 -3.62622 -39.578 
-13.9763 -3.99188 -40.5086 -13.9981 -4.36757 -41.4351 -14.0101 -4.7511 -42.3584 
-14.0049 -5.17528 -43.2633 -13.9639 -5.69927 -44.1119 -13.8881 -6.3295 -44.8829 
-13.8163 -6.89631 -45.4424 -24.4671 14.7191 32.2457 -24.7997 14.6768 31.3037 
-25.1533 14.6649 30.3685 -25.5341 14.6841 29.4442 -25.941 14.709 28.5312 
-26.3606 14.7333 27.6238 -26.7737 14.7512 26.7132 -27.1728 14.7531 25.7964 
-27.5618 14.7452 24.8753 -27.9284 14.7427 23.945 -28.2546 14.761 23.0003 
-28.5136 14.8002 22.0358 -28.7105 14.841 21.0565 -29.1379 14.7952 20.2328 
-29.8724 14.6869 19.5637 -30.5769 14.6227 18.8571 -31.2532 14.5992 18.1216 
-31.8747 14.6202 17.3397 -32.4127 14.6824 16.5003 -32.8331 14.7671 15.599 
-33.1047 14.857 14.644 -33.1824 14.9126 13.6531 -33.0592 14.8899 12.6651 
-32.7296 14.7554 11.7348 -32.2706 14.5326 10.8789 -31.701 14.2076 10.1248 
-31.1067 13.8486 9.40539 -30.5169 13.4853 8.68422 -29.9541 13.124 7.9412 
-29.4498 12.7846 7.14784 -29.0113 12.4722 6.30628 -28.6539 12.2004 5.41314 
-28.3407 11.9544 4.49617 -28.0459 11.7257 3.5684 -27.7579 11.5075 2.63596 
-27.4786 11.2982 1.69887 -27.2107 11.0956 0.756992 -26.945 10.8878 -0.184371 
-26.6654 10.6611 -1.11717 -26.3563 10.4028 -2.03231 -26.036 10.1309 -2.93979 
-25.7262 9.86298 -3.85201 -25.4284 9.59918 -4.76948 -25.134 9.32676 -5.68543 
-24.8095 9.02392 -6.58102 -24.5035 8.74246 -7.26399 -24.1607 8.41149 -7.90554 
-23.6868 7.90074 -8.61904 -23.1716 7.28924 -9.21647 -22.6651 6.59111 -9.72053 
-22.2244 5.8258 -10.187 -21.8645 5.01544 -10.6492 -21.5039 4.21589 -11.1291 
-21.1027 3.44034 -11.6163 -20.6855 2.67538 -12.1061 -20.25 1.97693 -12.6729 
-19.8251 1.31141 -13.2838 -19.4104 0.785337 -14.0223 -19.059 0.373741 -14.8608 
-18.7981 0.033854 -15.7632 -18.6026 -0.283551 -16.6908 -18.4586 -0.620204 -17.621 
-18.3428 -0.980036 -18.5468 -18.2395 -1.36057 -19.4657 -18.145 -1.75145 -20.3813 
-18.0684 -2.13666 -21.3008 -18.0267 -2.51215 -22.2266 -18.0129 -2.86762 -23.161 
-17.9908 -3.20117 -24.1035 -17.9516 -3.48906 -25.0599 -17.8773 -3.72119 -26.0293 
-17.745 -3.88381 -27.0061 -17.5281 -3.97058 -27.9768 -17.1802 -3.94952 -28.9108 
-16.7655 -3.81141 -29.807 -16.4678 -3.45359 -30.6814 -16.313 -2.87057 -31.4721 
-16.1641 -2.34305 -32.2726 -15.9837 -2.38643 -33.2165 -15.7966 -2.60805 -34.1734 
-15.5939 -2.79338 -35.1347 -15.3886 -2.95904 -36.0993 -15.2099 -3.14655 -37.0648 
-15.0831 -3.39597 -38.0242 -15.0077 -3.70935 -38.9701 -14.9918 -4.08508 -39.8961 
-15.0271 -4.48703 -40.8107 -15.1208 -4.88097 -41.7249 -15.2355 -5.22266 -42.6568 
-15.3453 -5.47717 -43.6171 -15.4296 -5.682 -44.5919 -15.4532 -5.90734 -45.5653 
-24.0256 15.5647 33.3145 -24.2218 15.5299 32.7486 -24.5532 15.4597 31.8078 
-24.9063 15.3943 30.8746 -25.2848 15.3681 29.9495 -25.6806 15.3648 29.0313 
-26.0941 15.3734 28.1208 -26.5089 15.3849 27.211 -26.9136 15.3888 26.2966 
-27.3098 15.3811 25.3785 -27.6939 15.364 24.4553 -28.0499 15.36 23.5212 
-28.3466 15.3767 22.5666 -28.5763 15.4044 21.5944 -28.8541 15.3958 20.6513 
-29.4781 15.2883 19.8905 -30.1717 15.1911 19.1769 -30.8545 15.1225 18.4497 
-31.4982 15.0987 17.6855 -32.0853 15.116 16.8777 -32.5737 15.1699 16.0084 
-32.9391 15.24 15.0827 -33.1206 15.3049 14.1038 -33.1339 15.3249 13.1084 
-32.9276 15.2505 12.1375 -32.5617 15.091 11.2232 -32.0427 14.8242 10.4148 
-31.4566 14.482 9.68159 -30.8576 14.1164 8.96913 -30.2732 13.7434 8.24866 
-29.7292 13.38 7.4927 -29.2428 13.0365 6.69046 -28.838 12.7275 5.83044 
-28.4904 12.4478 4.93612 -28.1877 12.1974 4.0166 -27.9012 11.9683 3.08637 
-27.6277 11.7518 2.14922 -27.366 11.5435 1.20682 -27.113 11.3369 0.261668 
-26.853 11.1173 -0.678522 -26.5658 10.8689 -1.60348 -26.2556 10.5991 -2.51499 
-25.9457 10.3268 -3.42588 -25.6544 10.0634 -4.34549 -25.3908 9.80797 -5.27562 
-25.1369 9.5479 -6.20717 -24.8443 9.252 -7.11585 -24.5664 8.97038 -7.81003 
-24.3222 8.71033 -8.29219 -23.9682 8.30556 -8.88175 -23.4809 7.72121 -9.53032 
-22.9865 7.09073 -10.1274 -22.4991 6.45012 -10.7205 -22.0464 5.80224 -11.3329 
-21.6029 5.15804 -11.9559 -21.1285 4.54305 -12.5854 -20.6284 3.94557 -13.212 
-20.1248 3.35822 -13.8454 -19.638 2.76681 -14.4878 -19.1623 2.18366 -15.1461 
-18.7142 1.60632 -15.8269 -18.3193 1.09608 -16.5889 -17.9959 0.613352 -17.4019 
-17.7574 0.137073 -18.2473 -17.5943 -0.334841 -19.1134 -17.4806 -0.807499 -19.9871 
-17.4054 -1.26375 -20.8734 -17.3826 -1.69419 -21.7754 -17.3895 -2.09064 -22.6933 
-17.4062 -2.45605 -23.6238 -17.397 -2.78942 -24.5661 -17.3251 -3.07929 -25.5197 
-17.1832 -3.29716 -26.484 -16.9578 -3.44124 -27.4465 -16.592 -3.49376 -28.372 
-16.0987 -3.47667 -29.2402 -15.5881 -3.34948 -30.0884 -15.138 -3.08215 -30.9373 
-14.7669 -2.6834 -31.7727 -14.5076 -2.27839 -32.6433 -14.3033 -2.14602 -33.6054 
-14.1322 -2.20547 -34.5877 -14.0214 -2.31908 -35.5746 -13.954 -2.47442 -36.5599 
-13.925 -2.68137 -37.5374 -13.9205 -2.9411 -38.5028 -13.9314 -3.25256 -39.4527 
-13.9487 -3.60166 -40.3896 -13.9688 -3.97485 -41.3171 -13.9818 -4.35339 -42.2425 
-13.9795 -4.75756 -43.1569 -13.9553 -5.22413 -44.0401 -13.8967 -5.80833 -44.8475 
-13.8284 -6.47013 -45.5933 -24.5891 13.7326 32.174 -24.8437 13.7225 31.4157 
-25.1763 13.7487 30.4732 -25.5399 13.8027 29.5434 -25.9416 13.8604 28.6296 
-26.3606 13.9063 27.7229 -26.7772 13.9377 26.8144 -27.1802 13.9505 25.8993 
-27.5674 13.9515 24.9773 -27.9342 13.9585 24.0472 -28.2577 13.9918 23.102 
-28.5199 14.049 22.1394 -28.7063 14.1146 21.1596 -29.23 14.0613 20.3751 
-29.9783 13.9773 19.7177 -30.7078 13.9341 19.0354 -31.4004 13.9402 18.3147 
-32.0327 13.9916 17.5433 -32.5742 14.0811 16.7088 -32.9952 14.1943 15.8114 
-33.2522 14.3065 14.8545 -33.3357 14.3835 13.8652 -33.1959 14.3744 12.8792 
-32.8744 14.2679 11.9426 -32.4129 14.0575 11.084 -31.8567 13.7579 10.3107 
-31.267 13.415 9.57956 -30.679 13.0706 8.84776 -30.1229 12.7296 8.09018 
-29.6121 12.4062 7.29434 -29.1806 12.1181 6.44032 -28.8174 11.8635 5.54495 
-28.5072 11.6379 4.62157 -28.2124 11.4241 3.69028 -27.9213 11.2176 2.75614 
-27.6334 11.0187 1.81938 -27.3579 10.8265 0.877517 -27.0893 10.6333 -0.066166 
-26.8147 10.427 -1.00525 -26.5159 10.1934 -1.93035 -26.1969 9.93781 -2.84297 
-25.8788 9.68077 -3.7555 -25.5739 9.43266 -4.67497 -25.2733 9.18191 -5.59512 
-24.9586 8.9088 -6.50387 -24.5944 8.5899 -7.37761 -24.2451 8.26583 -8.01927 
-23.863 7.87163 -8.59862 -23.3427 7.2727 -9.20552 -22.8174 6.61371 -9.74222 
-22.3423 5.88699 -10.2371 -21.938 5.12063 -10.7353 -21.5562 4.35102 -11.2467 
-21.1427 3.60203 -11.764 -20.7118 2.86067 -12.2776 -20.2654 2.17532 -12.8517 
-19.8346 1.51271 -13.4613 -19.411 0.966165 -14.1797 -19.0493 0.534724 -15.0043 
-18.7649 0.168366 -15.8888 -18.5555 -0.163943 -16.8079 -18.3987 -0.513855 -17.7313 
-18.2736 -0.886743 -18.6506 -18.1623 -1.27434 -19.5657 -18.0663 -1.66834 -20.4797 
-17.9873 -2.0553 -21.3983 -17.9515 -2.42603 -22.3261 -17.9433 -2.78116 -23.2608 
-17.92 -3.10594 -24.2061 -17.8749 -3.39314 -25.1627 -17.7912 -3.61978 -26.1324 
-17.6504 -3.77985 -27.1086 -17.4067 -3.8521 -28.0733 -17.0345 -3.82568 -28.9978 
-16.5986 -3.65691 -29.879 -16.2584 -3.29943 -30.7379 -16.0306 -2.73193 -31.5276 
-15.8083 -2.29277 -32.3622 -15.5809 -2.44757 -33.3181 -15.3643 -2.65162 -34.2728 
-15.1536 -2.82969 -35.2339 -14.96 -2.99877 -36.2002 -14.8176 -3.20024 -37.1688 
-14.7246 -3.45731 -38.1301 -14.6804 -3.77895 -39.0754 -14.6765 -4.15017 -40.0035 
-14.7216 -4.54388 -40.9215 -14.7976 -4.92978 -41.8408 -14.8896 -5.27052 -42.776 
-14.972 -5.54957 -43.7322 -15.0156 -5.80666 -44.6971 -14.9958 -6.11073 -45.6489 
-24.6585 12.7847 32.389 -24.9095 12.7827 31.6295 -25.2283 12.8226 30.6827 
-25.5736 12.8975 29.7474 -25.9588 12.9827 28.8288 -26.372 13.0562 27.9212 
-26.7919 13.1087 27.0152 -27.2003 13.1348 26.1028 -27.592 13.1471 25.1828 
-27.9619 13.1667 24.2542 -28.2923 13.2178 23.3119 -28.5754 13.2938 22.3563 
-28.7845 13.3769 21.3825 -29.3169 13.3403 20.5924 -30.0733 13.2691 19.9427 
-30.8191 13.2406 19.2776 -31.5244 13.2696 18.5701 -32.1675 13.3488 17.81 
-32.7184 13.4613 16.985 -33.1427 13.5988 16.0925 -33.4105 13.7339 15.1419 
-33.4934 13.8312 14.1544 -33.3669 13.8506 13.1666 -33.0685 13.7798 12.2187 
-32.6184 13.6002 11.3457 -32.0821 13.3358 10.5469 -31.4988 13.0161 9.8004 
-30.9161 12.6894 9.05626 -30.3612 12.3677 8.28952 -29.8552 12.0652 7.48234 
-29.4196 11.7981 6.6236 -29.0542 11.563 5.7238 -28.7407 11.3568 4.79701 
-28.4465 11.1639 3.86095 -28.1563 10.9738 2.92307 -27.8656 10.7885 1.9844 
-27.5845 10.6106 1.04137 -27.3133 10.433 0.0953885 -27.04 10.2415 -0.847224 
-26.7467 10.0268 -1.77866 -26.4284 9.78849 -2.69617 -26.109 9.54904 -3.61303 
-25.8054 9.32239 -4.53847 -25.5086 9.09825 -5.46668 -25.2004 8.85403 -6.3859 
-24.844 8.55936 -7.27135 -24.5047 8.26097 -7.92962 -24.0117 7.76202 -8.63924 
-23.4818 7.17926 -9.25345 -22.9539 6.52604 -9.79462 -22.4576 5.82644 -10.3083 
-22.0251 5.10068 -10.8422 -21.6185 4.36741 -11.3868 -21.1851 3.65478 -11.9384 
-20.7346 2.9514 -12.4879 -20.2686 2.30395 -13.0905 -19.8182 1.67742 -13.7251 
-19.3883 1.15376 -14.4581 -19.004 0.702152 -15.2624 -18.71 0.320079 -16.1371 
-18.4869 -0.0314023 -17.0459 -18.3185 -0.398829 -17.9603 -18.1801 -0.783493 -18.8729 
-18.0595 -1.17722 -19.7841 -17.9601 -1.57322 -20.6968 -17.9006 -1.95968 -21.6171 
-17.878 -2.32775 -22.5464 -17.8871 -2.67571 -23.4838 -17.8796 -3.00022 -24.4295 
-17.8278 -3.27758 -25.3883 -17.7375 -3.49611 -26.3594 -17.568 -3.6304 -27.3343 
-17.2918 -3.68157 -28.291 -16.8499 -3.61311 -29.1825 -16.361 -3.4302 -30.0335 
-15.9496 -3.06159 -30.8609 -15.6262 -2.56353 -31.6635 -15.3423 -2.29994 -32.5462 
-15.0721 -2.45061 -33.4926 -14.8378 -2.63861 -34.446 -14.65 -2.80076 -35.4145 
-14.5146 -2.96921 -36.3907 -14.4188 -3.17323 -37.3644 -14.3698 -3.44474 -38.3252 
-14.3488 -3.76698 -39.2712 -14.3609 -4.14177 -40.1981 -14.3963 -4.52594 -41.1207 
-14.4447 -4.90619 -42.0443 -14.4907 -5.28025 -42.9705 -14.5114 -5.66724 -43.8921 
-14.4934 -6.11341 -44.7853 -14.4301 -6.67838 -45.6063 -24.5905 13.9504 32.0914 
-24.8465 13.9398 31.3337 -25.1843 13.9638 30.393 -25.5539 14.0128 29.4653 
-25.9596 14.0625 28.5527 -26.3792 14.1021 27.6459 -26.7943 14.1288 26.7366 
-27.1958 14.1382 25.8208 -27.5816 14.1367 24.8983 -27.9468 14.1419 23.9675 
-28.2663 14.1734 23.0208 -28.5212 14.2277 22.0562 -28.7332 14.2791 21.0899 
-29.2793 14.2303 20.1769 -30.0342 14.1397 19.5285 -30.7535 14.1006 18.8354 
-31.4347 14.1052 18.1042 -32.0449 14.1598 17.3153 -32.5739 14.2464 16.472 
-32.9631 14.3536 15.56 -33.1907 14.4548 14.5944 -33.2456 14.5163 13.6014 
-33.1186 14.506 12.6141 -32.7998 14.3998 11.6756 -32.3428 14.1981 10.8128 
-31.7769 13.8996 10.0453 -31.1835 13.5633 9.31425 -30.5944 13.2225 8.58176 
-30.0298 12.8814 7.83029 -29.5238 12.5609 7.03041 -29.0881 12.2671 6.18078 
-28.7274 12.0076 5.28556 -28.4156 11.7754 4.36441 -28.1227 11.558 3.43332 
-27.8344 11.3491 2.49883 -27.554 11.1497 1.55992 -27.2845 10.9557 0.616707 
-27.0206 10.7578 -0.327317 -26.7462 10.5436 -1.26462 -26.4411 10.2975 -2.1845 
-26.1231 10.0368 -3.09601 -25.8126 9.77974 -4.01115 -25.5191 9.53203 -4.93443 
-25.2345 9.28081 -5.85955 -24.9354 9.00656 -6.77322 -24.6611 8.75372 -7.48008 
-24.3342 8.43798 -8.13761 -23.9687 8.04696 -8.72986 -23.4722 7.46995 -9.37669 
-22.9584 6.84246 -9.96077 -22.4682 6.1701 -10.5152 -22.0253 5.47912 -11.0856 
-21.6091 4.78185 -11.669 -21.1721 4.10288 -12.2587 -20.6976 3.45498 -12.8544 
-20.2127 2.83091 -13.467 -19.7415 2.21387 -14.097 -19.2901 1.64682 -14.7843 
-18.8762 1.1243 -15.529 -18.5238 0.668548 -16.3438 -18.2689 0.261548 -17.2206 
-18.062 -0.149819 -18.108 -17.8976 -0.570709 -19 -17.7715 -0.997395 -19.8954 
-17.6899 -1.42145 -20.7971 -17.6521 -1.82966 -21.7089 -17.6485 -2.20886 -22.6341 
-17.6657 -2.56442 -23.5685 -17.6601 -2.89196 -24.5129 -17.6014 -3.17828 -25.4687 
-17.4857 -3.39307 -26.4374 -17.2918 -3.53276 -27.4068 -16.9511 -3.569 -28.3433 
-16.486 -3.52543 -29.2249 -15.9796 -3.36073 -30.0691 -15.5404 -3.0386 -30.903 
-15.1734 -2.60463 -31.7251 -14.8438 -2.29812 -32.6039 -14.585 -2.35087 -33.5661 
-14.3898 -2.47039 -34.5392 -14.2527 -2.60571 -35.5202 -14.1598 -2.77047 -36.5019 
-14.1069 -2.98184 -37.4775 -14.0823 -3.24385 -38.4418 -14.0801 -3.56466 -39.3887 
-14.0926 -3.92488 -40.3214 -14.1157 -4.30349 -41.2467 -14.1365 -4.68372 -42.1713 
-14.1435 -5.09024 -43.0846 -14.121 -5.56556 -43.9629 -14.054 -6.16373 -44.7587 
-13.9638 -6.86026 -45.4687 -24.5224 14.7162 32.1109 -24.8567 14.6744 31.1694 
-25.2161 14.6699 30.2364 -25.5988 14.6898 29.3129 -26.0106 14.7145 28.402 
-26.4292 14.7381 27.4941 -26.8397 14.7533 26.5825 -27.2382 14.7544 25.6653 
-27.6247 14.746 24.7431 -27.9914 14.7442 23.8129 -28.3087 14.767 22.8652 
-28.5677 14.8064 21.9007 -28.8103 14.8294 20.9371 -29.3661 14.7524 20.1556 
-30.08 14.6617 19.4615 -30.7837 14.6042 18.7535 -31.4506 14.5915 18.0092 
-32.0619 14.6212 17.2197 -32.5779 14.6903 16.3668 -32.9731 14.7781 15.4556 
-33.1958 14.8684 14.4868 -33.2476 14.92 13.4937 -33.0771 14.8797 12.5138 
-32.7357 14.7471 11.5868 -32.2548 14.5163 10.7454 -31.6827 14.1969 9.99162 
-31.0841 13.8398 9.27452 -30.4935 13.4819 8.55134 -29.9393 13.1288 7.79809 
-29.4362 12.795 7.00172 -29.0091 12.4908 6.15121 -28.6499 12.2197 5.25883 
-28.3439 11.9805 4.33748 -28.0513 11.7553 3.40816 -27.7679 11.5429 2.47301 
-27.4938 11.3382 1.5334 -27.232 11.1395 0.588941 -26.9694 10.9328 -0.353539 
-26.6881 10.7022 -1.2849 -26.3799 10.4445 -2.20048 -26.0638 10.177 -3.11071 
-25.7616 9.91664 -4.02764 -25.4765 9.66254 -4.95185 -25.2005 9.40437 -5.87765 
-24.8999 9.11596 -6.78608 -24.5428 8.77413 -7.65417 -24.2907 8.51662 -8.13303 
-24.016 8.21292 -8.56981 -23.5156 7.61951 -9.19932 -23.0049 6.97892 -9.77098 
-22.5202 6.28325 -10.3009 -22.085 5.56919 -10.8484 -21.6807 4.84895 -11.4119 
-21.2545 4.14406 -11.9787 -20.7956 3.46028 -12.5456 -20.3261 2.8023 -13.1342 
-19.8685 2.16743 -13.7559 -19.4255 1.59295 -14.4424 -19.0274 1.09382 -15.2106 
-18.6916 0.661816 -16.0458 -18.4366 0.278651 -16.9332 -18.2407 -0.110615 -17.833 
-18.0815 -0.511624 -18.735 -17.9506 -0.91608 -19.64 -17.8578 -1.32278 -20.5487 
-17.8126 -1.72035 -21.4649 -17.8115 -2.08852 -22.3944 -17.841 -2.43815 -23.3307 
-17.8589 -2.76371 -24.2758 -17.8193 -3.0448 -25.234 -17.7293 -3.26186 -26.2052 
-17.565 -3.40276 -27.1794 -17.2403 -3.43222 -28.1203 -16.7295 -3.36827 -28.972 
-16.1302 -3.22502 -29.7586 -15.5569 -2.97171 -30.5349 -15.0578 -2.59027 -31.3122 
-14.6808 -2.12872 -32.108 -14.4221 -1.78475 -32.9931 -14.2075 -1.75606 -33.965 
-14.0554 -1.84391 -34.9488 -13.959 -1.96434 -35.9365 -13.9121 -2.12995 -36.9214 
-13.8906 -2.33741 -37.899 -13.8923 -2.61068 -38.8606 -13.9062 -2.92808 -39.8087 
-13.9265 -3.27547 -40.7461 -13.9446 -3.64332 -41.6758 -13.953 -4.01862 -42.6026 
-13.9514 -4.4046 -43.5248 -13.9227 -4.86725 -44.4098 -13.8856 -5.40927 -45.2483 
-23.908 16.3616 33.3582 -24.174 16.3026 32.6061 -24.5146 16.2164 31.6699 
-24.885 16.1327 30.7449 -25.2746 16.0751 29.8259 -25.6766 16.0522 28.9106 
-26.0868 16.0456 27.9987 -26.496 16.0454 27.0862 -26.8983 16.041 26.1707 
-27.2917 16.0228 25.2516 -27.6754 15.9977 24.3284 -28.0225 15.9871 23.391 
-28.3129 15.9921 22.4346 -28.5091 16.0082 21.4552 -28.5101 16.0467 20.4727 
-29.0306 15.942 19.7211 -29.7409 15.8106 19.0301 -30.4177 15.7116 18.3012 
-31.0634 15.6462 17.5407 -31.6464 15.626 16.7296 -32.1594 15.6423 15.8723 
-32.5506 15.6825 14.9549 -32.8019 15.722 13.9902 -32.8643 15.7244 12.9963 
-32.7297 15.6496 12.0128 -32.3849 15.4733 11.0959 -31.8931 15.2118 10.2691 
-31.3135 14.8673 9.53174 -30.715 14.4907 8.82471 -30.1342 14.1006 8.11029 
-29.5858 13.715 7.36883 -29.0918 13.346 6.58223 -28.6565 13.0007 5.75146 
-28.3011 12.6938 4.8692 -27.9892 12.4167 3.96065 -27.7007 12.1664 3.03652 
-27.4253 11.93 2.10472 -27.1643 11.707 1.16554 -26.9105 11.4887 0.223247 
-26.6498 11.2555 -0.713453 -26.3634 10.9946 -1.63515 -26.0505 10.7099 -2.54124 
-25.7353 10.4191 -3.44459 -25.4402 10.1331 -4.35619 -25.1666 9.85093 -5.27566 
-24.9014 9.56064 -6.195 -24.6033 9.24497 -7.09544 -24.3949 9.02575 -7.61294 
-24.1637 8.7754 -8.10656 -23.7279 8.26273 -8.84265 -23.2479 7.66218 -9.48039 
-22.757 6.99796 -10.0434 -22.2897 6.30441 -10.5913 -21.8749 5.58831 -11.1521 
-21.4739 4.87496 -11.7267 -21.0469 4.17743 -12.3017 -20.5834 3.50733 -12.8812 
-20.1113 2.8513 -13.47 -19.6526 2.20308 -14.0774 -19.2123 1.60988 -14.75 
-18.8091 1.06017 -15.4806 -18.4832 0.615911 -16.313 -18.2322 0.204274 -17.1884 
-18.037 -0.212489 -18.0762 -17.8788 -0.637928 -18.9671 -17.7577 -1.06831 -19.8615 
-17.6714 -1.4959 -20.761 -17.6264 -1.90648 -21.6716 -17.6143 -2.29036 -22.5947 
-17.6216 -2.64832 -23.5283 -17.6061 -2.98064 -24.4711 -17.5375 -3.26408 -25.427 
-17.4235 -3.48725 -26.3944 -17.2206 -3.62653 -27.3621 -16.9096 -3.68718 -28.3078 
-16.4557 -3.64823 -29.1963 -15.9855 -3.50244 -30.0648 -15.6052 -3.16084 -30.9177 
-15.2811 -2.70501 -31.7459 -14.9715 -2.40143 -32.6293 -14.6996 -2.45862 -33.5836 
-14.5007 -2.59088 -34.5544 -14.3505 -2.73048 -35.5329 -14.2507 -2.90049 -36.5129 
-14.1888 -3.11264 -37.4879 -14.1606 -3.38618 -38.4489 -14.1539 -3.71082 -39.3945 
-14.1693 -4.08183 -40.3229 -14.1968 -4.46128 -41.2477 -14.2256 -4.84214 -42.1718 
-14.2451 -5.23849 -43.0896 -14.2284 -5.7048 -43.9727 -14.1719 -6.27051 -44.7925 
-14.0847 -6.964 -45.5057 -24.4652 22.9229 30.8896 -24.8703 22.5568 30.0521 
-25.2652 22.247 29.1874 -25.6478 21.9796 28.3032 -26.0324 21.7485 27.4096 
-26.4347 21.5438 26.5175 -26.8603 21.3738 25.6287 -27.292 21.2246 24.7393 
-27.713 21.0961 23.8415 -28.1017 20.992 22.9263 -28.4211 20.909 21.9832 
-28.6455 20.8361 21.0128 -28.7267 20.7681 20.0205 -28.6945 20.6919 19.0247 
-28.7773 20.564 18.0909 -29.3471 20.3311 17.0896 -29.8284 20.1339 16.2358 
-30.2584 19.9495 15.3523 -30.649 19.7722 14.4492 -30.9738 19.6004 13.5197 
-31.2284 19.4062 12.5729 -31.3725 19.1543 11.6189 -31.3168 18.8148 10.6865 
-31.0067 18.3684 9.85782 -30.5501 17.8307 9.15055 -30.044 17.2838 8.4839 
-29.522 16.7501 7.81862 -29.0094 16.225 7.13942 -28.5203 15.7106 6.43534 
-28.0746 15.2106 5.69323 -27.6741 14.7342 4.91103 -27.3405 14.3073 4.07131 
-27.0463 13.9204 3.19778 -26.7858 13.5857 2.29243 -26.5466 13.2826 1.37011 
-26.317 12.9918 0.441266 -26.0821 12.6905 -0.482798 -25.8161 12.3622 -1.38881 
-25.5155 12.0084 -2.27435 -25.2091 11.6444 -3.1539 -24.9211 11.2854 -4.04162 
-24.6668 10.9373 -4.94383 -24.4317 10.592 -5.85239 -24.1839 10.2262 -6.7492 
-23.8999 9.81776 -7.61572 -23.5456 9.33099 -8.41191 -23.1366 8.75947 -9.12115 
-22.6927 8.09827 -9.72432 -22.2472 7.38442 -10.2639 -21.8426 6.63307 -10.7841 
-21.4931 5.86152 -11.3154 -21.1386 5.10329 -11.8624 -20.7514 4.35419 -12.3988 
-20.3171 3.6324 -12.9375 -19.8882 2.89211 -13.4549 -19.4672 2.17672 -14.0111 
-19.0628 1.51489 -14.6404 -18.7005 0.941615 -15.3703 -18.404 0.496067 -16.2128 
-18.1878 0.0818279 -17.0967 -18.0095 -0.341587 -17.9847 -17.8686 -0.77374 -18.8754 
-17.75 -1.20794 -19.7683 -17.6618 -1.64102 -20.6652 -17.6038 -2.05781 -21.5722 
-17.5818 -2.44964 -22.4917 -17.5775 -2.8163 -23.422 -17.5459 -3.15109 -24.3635 
-17.4808 -3.44299 -25.3173 -17.363 -3.66668 -26.2842 -17.1809 -3.82865 -27.2527 
-16.8786 -3.90036 -28.2013 -16.4657 -3.89503 -29.11 -16.0366 -3.76901 -30.0021 
-15.7133 -3.46194 -30.8894 -15.4686 -2.9724 -31.7252 -15.2004 -2.63722 -32.6042 
-14.9267 -2.69312 -33.5604 -14.7061 -2.8366 -34.5247 -14.5388 -2.9795 -35.5001 
-14.4142 -3.14408 -36.4782 -14.3386 -3.36347 -37.4504 -14.298 -3.63931 -38.4103 
-14.2901 -3.97932 -39.3505 -14.3067 -4.3515 -40.2783 -14.3517 -4.73046 -41.2026 
-14.4058 -5.10685 -42.1275 -14.4535 -5.47782 -43.0549 -14.4748 -5.87443 -43.9721 
-14.4488 -6.3591 -44.8442 -14.3885 -6.95771 -45.6411 -23.569 18.1591 33.9186 
-23.9093 18.0631 32.9833 -24.2636 17.9511 32.0549 -24.6477 17.8333 31.1393 
-25.0585 17.7283 30.2338 -25.4715 17.6594 29.3257 -25.8822 17.6128 28.4152 
-26.2901 17.5826 27.5027 -26.6936 17.5588 26.588 -27.0929 17.5278 25.6718 
-27.4872 17.4846 24.7538 -27.8614 17.4381 23.8278 -28.1908 17.4019 22.8846 
-28.4433 17.376 21.9181 -28.6203 17.3563 20.9347 -28.8095 17.3128 19.9628 
-29.3214 17.1908 19.1436 -29.9572 17.0515 18.3846 -30.5635 16.9392 17.5977 
-31.1176 16.8649 16.7694 -31.6142 16.8204 15.9032 -32.0196 16.8077 14.9904 
-32.3247 16.8038 14.0397 -32.4787 16.7726 13.055 -32.4513 16.6768 12.0651 
-32.1928 16.4842 11.1245 -31.7365 16.1881 10.2908 -31.1728 15.8 9.56333 
-30.5886 15.3815 8.8681 -30.0176 14.9486 8.17069 -29.471 14.5164 7.45362 
-28.9738 14.0995 6.69358 -28.5343 13.7078 5.88601 -28.1644 13.3515 5.0287 
-27.8475 13.0365 4.13451 -27.5628 12.7544 3.21851 -27.2986 12.4935 2.29007 
-27.0485 12.253 1.35223 -26.8055 12.0188 0.410927 -26.5535 11.7629 -0.522269 
-26.2738 11.4804 -1.43959 -25.9634 11.1759 -2.34001 -25.6516 10.8639 -3.23746 
-25.3612 10.556 -4.14337 -25.0973 10.2551 -5.05968 -24.8517 9.95355 -5.9809 
-24.579 9.63002 -6.88654 -24.3201 9.33116 -7.58128 -24.0267 8.98595 -8.24004 
-23.5982 8.44862 -8.96325 -23.1315 7.83842 -9.60175 -22.6555 7.163 -10.1646 
-22.1975 6.47248 -10.724 -21.7891 5.76141 -11.2959 -21.384 5.06224 -11.8849 
-20.9508 4.37893 -12.472 -20.4836 3.71751 -13.0586 -20.0129 3.0571 -13.6434 
-19.5548 2.39467 -14.2353 -19.1108 1.77709 -14.8843 -18.7062 1.20578 -15.5942 
-18.3679 0.736949 -16.4083 -18.108 0.295654 -17.2667 -17.9069 -0.146248 -18.1407 
-17.7551 -0.593575 -19.0218 -17.6396 -1.04206 -19.908 -17.5581 -1.48234 -20.8019 
-17.5177 -1.90124 -21.7088 -17.5072 -2.29096 -22.6295 -17.5121 -2.65236 -23.5618 
-17.4908 -2.987 -24.5037 -17.4145 -3.27179 -25.4585 -17.2901 -3.49547 -26.4244 
-17.0795 -3.63987 -27.3898 -16.7608 -3.70685 -28.333 -16.305 -3.67841 -29.221 
-15.8393 -3.55432 -30.0956 -15.474 -3.22669 -30.9611 -15.1533 -2.7887 -31.8004 
-14.8517 -2.50372 -32.6933 -14.6017 -2.52299 -33.6574 -14.4165 -2.63638 -34.6332 
-14.2801 -2.77199 -35.6143 -14.19 -2.94291 -36.5951 -14.1351 -3.15702 -37.57 
-14.1134 -3.43597 -38.5297 -14.1113 -3.76556 -39.4735 -14.1276 -4.13582 -40.4022 
-14.1554 -4.51368 -41.3277 -14.1818 -4.89434 -42.252 -14.1947 -5.29881 -43.1663 
-14.1699 -5.78637 -44.0368 -14.1003 -6.39931 -44.8199 -14.007 -7.12027 -45.5053 
-23.5843 18.0504 33.8444 -23.857 17.9751 33.0961 -24.2073 17.8675 32.1657 
-24.5852 17.7529 31.2471 -24.9918 17.6478 30.3398 -25.404 17.5764 29.4315 
-25.8144 17.5285 28.5209 -26.2226 17.4981 27.6086 -26.6265 17.475 26.694 
-27.0258 17.4458 25.7777 -27.4197 17.4053 24.8595 -27.7971 17.3579 23.9347 
-28.1294 17.3211 22.9928 -28.3891 17.2964 22.028 -28.558 17.2813 21.0438 
-28.6453 17.2641 20.0573 -29.136 17.1489 19.2365 -29.7866 17.0081 18.4904 
-30.4069 16.8919 17.715 -30.973 16.8127 16.8956 -31.479 16.766 16.035 
-31.9092 16.7463 15.1332 -32.2444 16.7416 14.1928 -32.4333 16.7196 13.213 
-32.4599 16.6446 12.2209 -32.2663 16.4806 11.2587 -31.8807 16.2347 10.3749 
-31.3386 15.8888 9.61124 -30.7512 15.4916 8.90635 -30.1709 15.0706 8.20934 
-29.6146 14.6456 7.49553 -29.1012 14.2278 6.74626 -28.632 13.8271 5.95989 
-28.2443 13.4617 5.11459 -27.909 13.129 4.23362 -27.6168 12.8378 3.32291 
-27.3511 12.5727 2.39614 -27.1006 12.3277 1.45957 -26.859 12.0956 0.517384 
-26.6138 11.8478 -0.419785 -26.3475 11.5737 -1.34366 -26.0431 11.2723 -2.24717 
-25.7304 10.9633 -3.14534 -25.4357 10.6565 -4.05024 -25.1685 10.358 -4.96638 
-24.9281 10.0645 -5.89159 -24.6786 9.75879 -6.81015 -24.3783 9.40772 -7.6958 
-24.0902 9.06792 -8.35877 -23.7574 8.65414 -8.9555 -23.3009 8.07382 -9.62873 
-22.8271 7.43669 -10.2358 -22.353 6.79375 -10.8372 -21.907 6.14526 -11.4539 
-21.4681 5.50423 -12.0835 -20.9962 4.89243 -12.7179 -20.5015 4.29082 -13.345 
-19.9996 3.69199 -13.9687 -19.5142 3.07919 -14.5918 -19.0375 2.45992 -15.2153 
-18.5741 1.82264 -15.8306 -18.1485 1.23491 -16.5157 -17.8172 0.685421 -17.2806 
-17.6075 0.173345 -18.1129 -17.453 -0.329849 -18.9628 -17.3457 -0.827101 -19.8236 
-17.267 -1.30454 -20.6985 -17.2307 -1.75163 -21.5919 -17.2176 -2.16414 -22.5026 
-17.2174 -2.54163 -23.4285 -17.1932 -2.88918 -24.3655 -17.1096 -3.19223 -25.3142 
-16.9784 -3.43876 -26.2739 -16.7595 -3.6063 -27.2337 -16.4314 -3.70407 -28.1712 
-15.9893 -3.72444 -29.0664 -15.533 -3.64673 -29.9511 -15.149 -3.41665 -30.8422 
-14.8049 -3.0754 -31.7159 -14.5571 -2.69048 -32.5991 -14.3641 -2.51925 -33.5586 
-14.2058 -2.56742 -34.5437 -14.0882 -2.68039 -35.53 -14.0165 -2.84333 -36.5137 
-13.9772 -3.05084 -37.4908 -13.9682 -3.32152 -38.453 -13.9735 -3.64211 -39.4 
-13.9913 -4.00722 -40.3307 -14.014 -4.38206 -41.2576 -14.03 -4.76251 -42.1821 
-14.0322 -5.17246 -43.094 -13.9969 -5.68202 -43.9517 -13.9247 -6.30188 -44.7304 
-13.8309 -7.01591 -45.4236 -23.6053 17.0849 34.0744 -23.948 17.014 33.1378 
-24.2866 16.9241 32.2011 -24.6506 16.8244 31.2753 -25.0429 16.7369 30.3598 
-25.4451 16.6847 29.4458 -25.8525 16.656 28.533 -26.2631 16.6429 27.6213 
-26.6688 16.6345 26.7073 -27.0679 16.619 25.7906 -27.4606 16.5921 24.8713 
-27.8366 16.561 23.9453 -28.1686 16.5429 23.0027 -28.432 16.5367 22.0386 
-28.6179 16.5356 21.0569 -28.8338 16.5044 20.1031 -29.4328 16.3805 19.3345 
-30.0912 16.2628 18.5913 -30.7279 16.1729 17.8258 -31.3116 16.125 17.016 
-31.8327 16.1112 16.1638 -32.2454 16.1316 15.2542 -32.5556 16.1562 14.3055 
-32.6855 16.1531 13.3175 -32.641 16.0898 12.3244 -32.3624 15.9195 11.3841 
-31.9389 15.6749 10.5152 -31.3849 15.3291 9.76034 -30.7945 14.9394 9.05383 
-30.2097 14.5307 8.3532 -29.6469 14.121 7.63562 -29.1282 13.7193 6.88123 
-28.6681 13.3418 6.07858 -28.2827 12.9988 5.22262 -27.9505 12.6884 4.33244 
-27.6519 12.4112 3.41935 -27.3717 12.1553 2.4942 -27.1036 11.9138 1.56157 
-26.8448 11.6828 0.623688 -26.5852 11.4433 -0.311793 -26.3063 11.1804 -1.23519 
-25.9936 10.8871 -2.13855 -25.6726 10.5815 -3.03493 -25.3646 10.2736 -3.93507 
-25.0761 9.96753 -4.84227 -24.7954 9.65682 -5.75034 -24.4817 9.32077 -6.63776 
-24.1931 9.0172 -7.31898 -23.8654 8.65556 -7.95195 -23.3963 8.09866 -8.63347 
-22.8985 7.44547 -9.2001 -22.4365 6.69315 -9.66583 -22.1133 5.83677 -10.0542 
-21.8369 4.95646 -10.4376 -21.5028 4.12116 -10.873 -21.127 3.30892 -11.3189 
-20.7261 2.5221 -11.7868 -20.3056 1.79247 -12.3245 -19.8801 1.12354 -12.9331 
-19.4713 0.603569 -13.6749 -19.1211 0.212132 -14.5234 -18.8562 -0.113757 -15.43 
-18.6648 -0.410774 -16.3651 -18.5321 -0.727086 -17.3042 -18.4268 -1.068 -18.2383 
-18.3337 -1.43774 -19.1626 -18.2428 -1.82281 -20.0811 -18.1613 -2.21112 -20.9988 
-18.1132 -2.59525 -21.9207 -18.0901 -2.95951 -22.8517 -18.0733 -3.29996 -23.7917 
-18.0518 -3.6033 -24.7441 -17.9962 -3.85296 -25.7103 -17.8935 -4.0414 -26.6865 
-17.7264 -4.16011 -27.6639 -17.4584 -4.18659 -28.6249 -17.1053 -4.08077 -29.5507 
-16.8432 -3.75886 -30.4452 -16.839 -3.20409 -31.2641 -16.8405 -2.48468 -31.9576 
-16.7906 -2.05638 -32.8053 -16.7021 -2.1066 -33.7954 -16.5827 -2.26131 -34.7755 
-16.4027 -2.42824 -35.7447 -16.1873 -2.60071 -36.7058 -15.9699 -2.79997 -37.6611 
-15.7978 -3.05607 -38.6116 -15.7073 -3.38144 -39.5513 -15.7005 -3.76508 -40.4741 
-15.7507 -4.19355 -41.3758 -15.8503 -4.60197 -42.2825 -15.9959 -4.92706 -43.2162 
-16.1606 -5.11591 -44.1801 -16.2915 -5.19162 -45.1683 -24.666 23.3156 30.3558 
-24.989 23.0431 29.6765 -25.3701 22.738 28.8041 -25.7411 22.4628 27.9172 
-26.1241 22.2135 27.0279 -26.5325 21.9922 26.1424 -26.9631 21.8051 25.2596 
-27.3961 21.6416 24.3732 -27.812 21.5095 23.4737 -28.1908 21.4045 22.5546 
-28.4879 21.3215 21.6042 -28.6764 21.249 20.6266 -28.7089 21.1822 19.6321 
-28.5559 21.1164 18.6509 -28.592 20.9917 17.8114 -29.1341 20.7818 16.9981 
-29.6177 20.5734 16.1484 -30.0506 20.3713 15.2703 -30.4291 20.1747 14.366 
-30.7564 19.9748 13.443 -30.9974 19.7481 12.5 -31.1637 19.4767 11.5535 
-31.1528 19.1171 10.6262 -30.9166 18.6703 9.77127 -30.4829 18.1227 9.05816 
-29.9949 17.5582 8.39285 -29.4783 17.0142 7.73168 -28.9674 16.4792 7.059 
-28.4859 15.9565 6.35569 -28.0391 15.445 5.6221 -27.65 14.9628 4.83798 
-27.315 14.5185 4.0078 -27.0305 14.1284 3.13276 -26.7778 13.7861 2.22815 
-26.5476 13.4782 1.30508 -26.3255 13.1803 0.376689 -26.0958 12.8707 -0.545886 
-25.8395 12.5386 -1.45341 -25.541 12.1772 -2.3366 -25.2389 11.8119 -3.21714 
-24.9618 11.4568 -4.1098 -24.7169 11.1134 -5.01635 -24.4989 10.7779 -5.93281 
-24.2751 10.4324 -6.84397 -24.0021 10.0367 -7.71975 -23.6679 9.57341 -8.5386 
-23.2681 9.02004 -9.26766 -22.8351 8.40335 -9.9237 -22.3823 7.7445 -10.5244 
-21.9384 7.08146 -11.127 -21.5057 6.42947 -11.7492 -21.0747 5.79291 -12.3886 
-20.6039 5.17826 -13.0213 -20.1173 4.56211 -13.6405 -19.6423 3.91677 -14.2385 
-19.1745 3.26427 -14.8342 -18.7162 2.56929 -15.3877 -18.2466 1.86931 -15.9254 
-17.8481 1.18932 -16.5286 -17.5907 0.597934 -17.2894 -17.4289 0.0556464 -18.1136 
-17.3049 -0.475468 -18.9515 -17.2103 -0.993131 -19.8018 -17.1378 -1.48682 -20.6681 
-17.0986 -1.94766 -21.5545 -17.0803 -2.37412 -22.4586 -17.073 -2.76112 -23.3804 
-17.0347 -3.11502 -24.3146 -16.9504 -3.42245 -25.262 -16.8181 -3.67294 -26.2203 
-16.6032 -3.85396 -27.179 -16.2899 -3.97478 -28.1192 -15.883 -4.02496 -29.03 
-15.4694 -3.96821 -29.9368 -15.1382 -3.76245 -30.8548 -14.8412 -3.44849 -31.7555 
-14.6014 -3.09729 -32.6578 -14.4172 -2.94291 -33.6217 -14.2687 -2.98456 -34.6087 
-14.1539 -3.10085 -35.5947 -14.0802 -3.27509 -36.5762 -14.0378 -3.50027 -37.5492 
-14.0238 -3.79011 -38.5058 -14.028 -4.13165 -39.4454 -14.0527 -4.49906 -40.3751 
-14.0879 -4.86647 -41.3045 -14.1183 -5.24287 -42.2304 -14.1273 -5.66214 -43.1376 
-14.0906 -6.1978 -43.9784 -14.0198 -6.86568 -44.7149 -13.9219 -7.62642 -45.3559 
-23.7962 19.4627 33.0046 -24.1555 19.3154 32.0833 -24.5441 19.1456 31.1779 
-24.9687 18.985 30.2871 -25.3955 18.8589 29.3916 -25.8124 18.7709 28.4871 
-26.2198 18.7021 27.5765 -26.6228 18.6488 26.6628 -27.0251 18.5961 25.7488 
-27.4238 18.5315 24.834 -27.8087 18.4635 23.9137 -28.1446 18.4073 22.9737 
-28.4194 18.3602 22.0142 -28.5993 18.3225 21.0321 -28.7008 18.2858 20.0383 
-28.9707 18.192 19.1143 -29.5552 18.0319 18.3263 -30.1328 17.8858 17.5235 
-30.6698 17.7614 16.6895 -31.1481 17.6715 15.8166 -31.5669 17.6062 14.9116 
-31.8896 17.5558 13.9676 -32.0882 17.4893 12.9918 -32.1319 17.368 12.0036 
-31.9665 17.1608 11.0483 -31.5406 16.8226 10.2134 -31.0089 16.4085 9.47709 
-30.4414 15.9553 8.78978 -29.8811 15.4965 8.10023 -29.3436 15.0357 7.3943 
-28.8458 14.588 6.6519 -28.3931 14.1583 5.87103 -27.9986 13.7567 5.04556 
-27.6704 13.4029 4.17032 -27.3803 13.087 3.26727 -27.1152 12.8032 2.34589 
-26.8622 12.5408 1.41475 -26.6193 12.2876 0.47831 -26.3736 12.0219 -0.45385 
-26.1005 11.728 -1.36961 -25.7948 11.4116 -2.26745 -25.4805 11.0802 -3.15708 
-25.1843 10.7496 -4.05309 -24.9175 10.4265 -4.96099 -24.6648 10.105 -5.87353 
-24.3962 9.76365 -6.77389 -24.0744 9.36443 -7.63068 -23.7737 8.98597 -8.26762 
-23.4299 8.54032 -8.83381 -22.9666 7.89962 -9.44393 -22.5004 7.19405 -9.97659 
-22.0745 6.43818 -10.4726 -21.7172 5.649 -10.9713 -21.369 4.86832 -11.4899 
-20.988 4.09614 -11.9981 -20.566 3.35181 -12.5143 -20.1293 2.62932 -13.0501 
-19.7116 1.91466 -13.6081 -19.2962 1.3052 -14.2796 -18.9266 0.793124 -15.0528 
-18.6318 0.378231 -15.9111 -18.4137 0.0086596 -16.8139 -18.2429 -0.373195 -17.722 
-18.1035 -0.772403 -18.6281 -17.9768 -1.1767 -19.5339 -17.8752 -1.58648 -20.4403 
-17.8011 -1.99094 -21.3518 -17.7688 -2.37515 -22.2742 -17.7626 -2.74027 -23.205 
-17.7397 -3.07385 -24.1473 -17.689 -3.37002 -25.1008 -17.5966 -3.6062 -26.0675 
-17.4446 -3.77659 -27.0401 -17.1896 -3.86274 -28.0009 -16.8217 -3.86554 -28.9287 
-16.387 -3.73431 -29.8172 -16.035 -3.434 -30.6972 -15.8037 -2.91769 -31.5186 
-15.5718 -2.45782 -32.3525 -15.3176 -2.53836 -33.3061 -15.0819 -2.71841 -34.2609 
-14.8702 -2.89113 -35.2228 -14.699 -3.05409 -36.1942 -14.5838 -3.25526 -37.1665 
-14.513 -3.51294 -38.1296 -14.4837 -3.83482 -39.0754 -14.4873 -4.20399 -40.0045 
-14.5305 -4.59063 -40.9256 -14.5963 -4.972 -41.8476 -14.6702 -5.32504 -42.7801 
-14.7307 -5.64956 -43.7239 -14.7502 -5.9934 -44.662 -14.7146 -6.4207 -45.5639 
-25.0378 24.4687 29.2053 -25.2639 24.2743 28.6845 -25.6259 23.9525 27.8098 
-25.9944 23.6374 26.9353 -26.3938 23.3423 26.0675 -26.8189 23.0789 25.2016 
-27.2504 22.86 24.3267 -27.6718 22.6797 23.4382 -28.059 22.5541 22.5252 
-28.393 22.4564 21.5882 -28.6277 22.3822 20.6207 -28.7191 22.3159 19.6293 
-28.6463 22.2371 18.6378 -28.62 22.0725 17.518 -28.909 21.8916 16.7199 
-29.3877 21.6679 15.8714 -29.8092 21.4394 14.9943 -30.167 21.208 14.0898 
-30.4911 20.9587 13.1775 -30.7556 20.6693 12.2585 -30.9279 20.3245 11.3376 
-30.8832 19.8787 10.4503 -30.6327 19.3305 9.65957 -30.2304 18.7141 8.98506 
-29.763 18.1075 8.34252 -29.2617 17.5237 7.70384 -28.7673 16.9564 7.04539 
-28.2975 16.4012 6.35932 -27.8641 15.8603 5.639 -27.4755 15.3452 4.87576 
-27.1371 14.8696 4.06458 -26.8495 14.4524 3.20304 -26.595 14.0817 2.31023 
-26.3638 13.7509 1.39539 -26.139 13.4333 0.474213 -25.904 13.1053 -0.440612 
-25.6392 12.749 -1.3365 -25.3414 12.3697 -2.21241 -25.0396 11.987 -3.08556 
-24.7622 11.6132 -3.97049 -24.5154 11.2474 -4.86772 -24.2927 10.8855 -5.77291 
-24.0598 10.5081 -6.66903 -23.7759 10.0786 -7.52538 -23.4338 9.58503 -8.32343 
-23.032 8.99159 -9.01599 -22.5954 8.32043 -9.61424 -22.1703 7.57164 -10.1208 
-21.7966 6.77759 -10.5991 -21.4895 5.96215 -11.089 -21.1827 5.15227 -11.5886 
-20.8301 4.34722 -12.0649 -20.4281 3.57829 -12.5611 -20.0274 2.8031 -13.0483 
-19.6283 2.06436 -13.5872 -19.2319 1.43309 -14.2511 -18.8785 0.899933 -15.0166 
-18.5904 0.4798 -15.8758 -18.3681 0.0958596 -16.7716 -18.1991 -0.301084 -17.6735 
-18.0556 -0.709057 -18.5751 -17.9323 -1.12113 -19.4779 -17.8339 -1.53716 -20.3818 
-17.7691 -1.94148 -21.2939 -17.7437 -2.32434 -22.2173 -17.7398 -2.68586 -23.1495 
-17.7194 -3.02023 -24.0914 -17.6614 -3.30922 -25.0467 -17.5651 -3.54456 -26.0131 
-17.3972 -3.70482 -26.9845 -17.1254 -3.78525 -27.941 -16.7088 -3.76413 -28.8482 
-16.2466 -3.65342 -29.7262 -15.8538 -3.36281 -30.5943 -15.5431 -2.906 -31.4235 
-15.2544 -2.48749 -32.2697 -14.9602 -2.46825 -33.2042 -14.722 -2.62354 -34.1624 
-14.5386 -2.77021 -35.1342 -14.406 -2.92813 -36.1124 -14.3139 -3.11829 -37.0896 
-14.2646 -3.37 -38.0556 -14.2441 -3.6782 -39.0064 -14.2495 -4.03812 -39.9391 
-14.2759 -4.41829 -40.8636 -14.3155 -4.79737 -41.7881 -14.3531 -5.17943 -42.7115 
-14.368 -5.58675 -43.624 -14.3454 -6.06263 -44.5022 -14.276 -6.66808 -45.2924 
-25.2214 9.69003 33.2136 -25.4035 9.7222 32.4352 -25.639 9.78068 31.4652 
-25.9069 9.87099 30.5063 -26.2282 9.98444 29.5666 -26.6099 10.111 28.6514 
-27.0367 10.2344 27.7556 -27.4773 10.3516 26.8656 -27.9065 10.4634 25.9694 
-28.3052 10.5783 25.0597 -28.6752 10.7169 24.1413 -29.0068 10.8851 23.2131 
-29.3039 11.0601 22.2745 -29.7146 11.1775 21.3817 -30.388 11.2196 20.6576 
-31.1221 11.2801 19.9817 -31.8172 11.3823 19.2712 -32.4281 11.5348 18.4954 
-32.9465 11.715 17.6616 -33.3397 11.9113 16.7654 -33.5855 12.0904 15.8156 
-33.6565 12.2169 14.8292 -33.564 12.2755 13.8388 -33.2965 12.2423 12.8783 
-32.9048 12.1288 11.9676 -32.4144 11.924 11.1221 -31.8723 11.6616 10.324 
-31.3268 11.3779 9.53553 -30.8025 11.1019 8.73014 -30.3326 10.8512 7.88444 
-29.9246 10.6355 6.99815 -29.5749 10.4567 6.07883 -29.2622 10.3014 5.14186 
-28.9684 10.1584 4.19679 -28.6763 10.0147 3.25127 -28.3802 9.86411 2.30805 
-28.0856 9.71522 1.36413 -27.8012 9.57647 0.415527 -27.5229 9.43489 -0.534456 
-27.2374 9.2725 -1.47891 -26.9295 9.08984 -2.41251 -26.6027 8.89842 -3.33799 
-26.2777 8.71271 -4.26528 -25.9576 8.53501 -5.19585 -25.6244 8.34848 -6.11981 
-25.2387 8.11086 -7.0103 -24.6849 7.70576 -7.99067 -24.1587 7.26016 -8.71159 
-23.5941 6.70431 -9.32029 -23.0377 6.09609 -9.88398 -22.528 5.42588 -10.4231 
-22.0746 4.73318 -10.9829 -21.6386 4.03981 -11.5562 -21.1756 3.37231 -12.1392 
-20.6941 2.74217 -12.7478 -20.212 2.14639 -13.3899 -19.7499 1.5817 -14.0721 
-19.3224 1.10793 -14.8396 -18.9475 0.686167 -15.6645 -18.6543 0.311081 -16.5423 
-18.4355 -0.0431722 -17.4512 -18.2641 -0.415569 -18.363 -18.1287 -0.80501 -19.2741 
-18.0116 -1.19802 -20.1861 -17.9373 -1.58977 -21.1029 -17.9094 -1.9671 -22.0282 
-17.925 -2.32052 -22.9634 -17.9609 -2.65815 -23.9039 -17.9585 -2.96199 -24.8561 
-17.9099 -3.21879 -25.8209 -17.8053 -3.39706 -26.7982 -17.6034 -3.48644 -27.7703 
-17.2273 -3.46194 -28.6913 -16.6801 -3.33929 -29.5149 -16.0765 -3.1051 -30.2759 
-15.559 -2.73589 -31.0418 -15.1556 -2.31072 -31.8501 -14.8079 -2.12641 -32.7489 
-14.5524 -2.24629 -33.7076 -14.3633 -2.37686 -34.6805 -14.2308 -2.51709 -35.6614 
-14.1441 -2.68842 -36.6424 -14.0952 -2.90481 -37.6172 -14.0754 -3.17602 -38.5791 
-14.0752 -3.49941 -39.5251 -14.0887 -3.86084 -40.4573 -14.1098 -4.24 -41.3824 
-14.1269 -4.62197 -42.3064 -14.1291 -5.03346 -43.2174 -14.1012 -5.51775 -44.0905 
-14.0311 -6.12514 -44.8791 -13.9448 -6.82909 -45.5823 -25.1498 9.87373 33.2527 
-25.3334 9.89897 32.4745 -25.5693 9.95299 31.5043 -25.8354 10.0411 30.5446 
-26.1498 10.15 29.6021 -26.5252 10.2726 28.6837 -26.9485 10.3914 27.7858 
-27.388 10.5007 26.8942 -27.8172 10.6038 25.997 -28.2162 10.7082 25.086 
-28.5861 10.8356 24.166 -28.9172 10.9944 23.2361 -29.2079 11.1644 22.2947 
-29.5587 11.2891 21.3773 -30.2099 11.321 20.642 -30.9504 11.3662 19.9722 
-31.6509 11.458 19.2653 -32.2723 11.6043 18.4967 -32.81 11.7782 17.6734 
-33.2133 11.9738 16.7819 -33.4855 12.1542 15.839 -33.5771 12.2814 14.8545 
-33.4996 12.3393 13.8631 -33.2377 12.3028 12.9014 -32.8446 12.181 11.9927 
-32.3496 11.9661 11.1524 -31.8048 11.6947 10.3592 -31.2574 11.4036 9.57466 
-30.7312 11.1194 8.77339 -30.2599 10.8601 7.93106 -29.8513 10.638 7.04665 
-29.5018 10.4537 6.12836 -29.1885 10.292 5.19273 -28.8937 10.1428 4.24888 
-28.5996 9.99221 3.30507 -28.3003 9.83399 2.36411 -28.0021 9.67828 1.42242 
-27.7141 9.53304 0.475876 -27.4313 9.38445 -0.471735 -27.142 9.21584 -1.4139 
-26.8299 9.02637 -2.34476 -26.5003 8.82782 -3.26774 -26.1697 8.63305 -4.19117 
-25.8344 8.4438 -5.11404 -25.4705 8.23843 -6.02209 -25.0376 7.97 -6.8809 
-24.4207 7.54255 -7.8132 -23.8326 7.06186 -8.45916 -23.2204 6.4857 -8.99679 
-22.6657 5.79932 -9.46357 -22.2285 5.01467 -9.89859 -21.8469 4.19411 -10.3239 
-21.4576 3.38861 -10.7705 -21.0626 2.59238 -11.2287 -20.6457 1.85013 -11.7493 
-20.2062 1.20054 -12.3677 -19.7778 0.653674 -13.0832 -19.3852 0.240162 -13.901 
-19.0887 -0.0708617 -14.8024 -18.872 -0.344544 -15.7391 -18.7219 -0.619977 -16.6883 
-18.6098 -0.920227 -17.6353 -18.5213 -1.25677 -18.5727 -18.4377 -1.6182 -19.5014 
-18.3566 -1.99397 -20.4244 -18.3038 -2.37196 -21.3486 -18.285 -2.7372 -22.2792 
-18.2794 -3.08037 -23.2184 -18.2809 -3.39643 -24.167 -18.2654 -3.66939 -25.1284 
-18.1996 -3.87358 -26.1045 -18.0817 -4.01607 -27.0864 -17.8632 -4.05965 -28.0598 
-17.552 -4.00546 -29.0055 -17.1999 -3.77155 -29.9054 -17.0359 -3.30735 -30.7591 
-16.9676 -2.60546 -31.4631 -16.909 -2.00165 -32.2388 -16.8202 -1.90713 -33.2094 
-16.7326 -2.03179 -34.1967 -16.6012 -2.19565 -35.1739 -16.4112 -2.36426 -36.1408 
-16.1946 -2.54556 -37.1 -15.9919 -2.76662 -38.0536 -15.8445 -3.0513 -38.9999 
-15.7789 -3.39643 -39.9351 -15.7978 -3.80683 -40.8458 -15.8552 -4.25381 -41.7381 
-15.9875 -4.63925 -42.65 -16.1562 -4.92854 -43.591 -16.3046 -5.0934 -44.5634 
-16.412 -5.16875 -45.5546 -24.1941 23.1002 31.4401 -24.5181 22.7903 30.7775 
-24.9216 22.429 29.9371 -25.3166 22.1228 29.0715 -25.6995 21.8648 28.1846 
-26.0884 21.6415 27.2909 -26.4938 21.4447 26.3983 -26.9205 21.2814 25.5089 
-27.3508 21.1371 24.6178 -27.7668 21.0141 23.717 -28.1478 20.9141 22.798 
-28.4559 20.8333 21.8512 -28.6618 20.7617 20.8769 -28.7107 20.6964 19.8824 
-28.6443 20.6241 18.8883 -28.8162 20.4819 17.9801 -29.3451 20.2814 17.1558 
-29.8272 20.0874 16.3016 -30.2654 19.9037 15.422 -30.6564 19.729 14.5186 
-30.9883 19.5602 13.5912 -31.2459 19.3714 12.6441 -31.4037 19.1304 11.6884 
-31.3375 18.791 10.7571 -31.0523 18.3615 9.90915 -30.5961 17.8363 9.19304 
-30.0892 17.2905 8.52598 -29.563 16.7619 7.85983 -29.0491 16.2383 7.18057 
-28.5684 15.7287 6.4672 -28.1259 15.2332 5.72031 -27.7461 14.7736 4.91831 
-27.4173 14.3516 4.07422 -27.1409 13.9848 3.1865 -26.894 13.6636 2.27238 
-26.6665 13.371 1.34368 -26.4469 13.0859 0.410694 -26.2173 12.7819 -0.513795 
-25.9546 12.4536 -1.42077 -25.655 12.102 -2.3076 -25.3544 11.7458 -3.1923 
-25.0803 11.4005 -4.08966 -24.842 11.07 -5.00271 -24.6296 10.7481 -5.92539 
-24.4043 10.4133 -6.84011 -24.1293 10.0283 -7.71978 -23.7839 9.56355 -8.53336 
-23.3768 9.01181 -9.25829 -22.9338 8.38733 -9.90026 -22.4748 7.73548 -10.5039 
-22.0257 7.08597 -11.1173 -21.5842 6.44743 -11.7475 -21.1332 5.83175 -12.3934 
-20.6483 5.23013 -13.0281 -20.1522 4.6273 -13.6529 -19.6736 3.99279 -14.2594 
-19.2006 3.35712 -14.8692 -18.7381 2.67036 -15.4292 -18.2664 1.97517 -15.9711 
-17.8733 1.29615 -16.5794 -17.6133 0.711269 -17.3447 -17.4385 0.170842 -18.167 
-17.3113 -0.35532 -19.0077 -17.2156 -0.868471 -19.8605 -17.144 -1.3558 -20.7305 
-17.1138 -1.80582 -21.6228 -17.1021 -2.21938 -22.5329 -17.0967 -2.59527 -23.4595 
-17.0501 -2.93728 -24.3974 -16.9413 -3.22509 -25.3486 -16.7868 -3.45883 -26.3078 
-16.5547 -3.63261 -27.2636 -16.2227 -3.74512 -28.1982 -15.7831 -3.78119 -29.0945 
-15.3418 -3.71661 -29.9879 -14.9663 -3.51984 -30.8916 -14.6633 -3.16909 -31.7731 
-14.4507 -2.75494 -32.6546 -14.2789 -2.56418 -33.6122 -14.134 -2.59812 -34.5996 
-14.0266 -2.70771 -35.5874 -13.9655 -2.87375 -36.5712 -13.937 -3.08682 -37.5475 
-13.9337 -3.36131 -38.5088 -13.9426 -3.68578 -39.4543 -13.9611 -4.05032 -40.3853 
-13.9836 -4.42445 -41.3125 -13.9979 -4.80411 -42.2374 -13.9971 -5.21752 -43.1476 
-13.956 -5.74108 -43.9961 -13.8797 -6.37138 -44.7663 -13.7847 -7.08615 -45.4587 
-23.993 15.6949 33.3868 -24.1898 15.6582 32.8212 -24.5212 15.5844 31.8807 
-24.8743 15.5126 30.948 -25.2531 15.4761 30.0234 -25.6489 15.4671 29.1052 
-26.0612 15.4732 28.1942 -26.4757 15.4833 27.2841 -26.881 15.4874 26.37 
-27.2773 15.4792 25.452 -27.6635 15.4611 24.5297 -28.0239 15.4541 23.5972 
-28.3297 15.4668 22.6456 -28.566 15.4916 21.6748 -28.8044 15.4931 20.7107 
-29.3615 15.4004 19.9236 -30.0551 15.2967 19.2111 -30.736 15.2208 18.4828 
-31.3773 15.1908 17.7168 -31.9664 15.1995 16.91 -32.4612 15.2477 16.0438 
-32.8393 15.3112 15.1226 -33.041 15.3727 14.1484 -33.0665 15.3914 13.1525 
-32.8718 15.3142 12.1782 -32.5201 15.1526 11.26 -31.9992 14.8745 10.4572 
-31.4132 14.522 9.72817 -30.8159 14.1488 9.01825 -30.2317 13.7677 8.30192 
-29.6866 13.3962 7.55073 -29.1977 13.0453 6.75313 -28.7903 12.7298 5.89676 
-28.4403 12.4438 5.00535 -28.1351 12.1877 4.08825 -27.8453 11.9524 3.16057 
-27.5676 11.7297 2.22611 -27.301 11.5154 1.28645 -27.0437 11.3049 0.343352 
-26.7815 11.0841 -0.595993 -26.4914 10.8319 -1.51899 -26.1783 10.5574 -2.42806 
-25.8641 10.2776 -3.33526 -25.5672 10.004 -4.25006 -25.2904 9.73439 -5.17238 
-25.0165 9.45596 -6.09286 -24.7058 9.14312 -6.98956 -24.4071 8.84099 -7.66622 
-24.2445 8.66987 -7.98891 -23.9708 8.35759 -8.42157 -23.4814 7.76907 -9.06265 
-22.975 7.11588 -9.62396 -22.4975 6.39953 -10.132 -22.0778 5.65225 -10.6462 
-21.6993 4.88951 -11.1705 -21.2979 4.14771 -11.7071 -20.8704 3.41156 -12.2314 
-20.4198 2.71372 -12.7871 -19.9737 2.03683 -13.3726 -19.5411 1.42051 -14.0261 
-19.1406 0.920206 -14.7921 -18.8094 0.49157 -15.6301 -18.5587 0.129646 -16.5273 
-18.365 -0.229435 -17.4401 -18.2172 -0.61322 -18.3515 -18.0878 -1.00727 -19.2613 
-17.9759 -1.40699 -20.1711 -17.893 -1.80553 -21.0844 -17.8445 -2.18962 -22.0061 
-17.8378 -2.55436 -22.9371 -17.8325 -2.89397 -23.8775 -17.7971 -3.20238 -24.8278 
-17.7231 -3.4538 -25.7924 -17.5982 -3.64125 -26.7656 -17.3836 -3.74789 -27.7347 
-17.0466 -3.76313 -28.6733 -16.5982 -3.66233 -29.5587 -16.1728 -3.41359 -30.4241 
-15.8705 -2.94524 -31.2497 -15.6138 -2.42656 -32.064 -15.3534 -2.39913 -32.9943 
-15.108 -2.58861 -33.9448 -14.8874 -2.77296 -34.9023 -14.7071 -2.93672 -35.872 
-14.5775 -3.1203 -36.846 -14.4939 -3.3546 -37.8141 -14.4537 -3.65554 -38.7664 
-14.4456 -4.00799 -39.7019 -14.4719 -4.39235 -40.6245 -14.525 -4.77687 -41.5461 
-14.5879 -5.14787 -42.4725 -14.6442 -5.49586 -43.4082 -14.6683 -5.85244 -44.3419 
-14.645 -6.27394 -45.2469 -23.754 16.564 33.8118 -24.0923 16.4955 32.8733 
-24.4307 16.4072 31.9366 -24.794 16.3141 31.0097 -25.1852 16.2455 30.0921 
-25.5848 16.2091 29.1762 -25.9936 16.1975 28.2637 -26.4043 16.1947 27.3519 
-26.8082 16.1918 26.4372 -27.2056 16.1789 25.5196 -27.5951 16.1531 24.599 
-27.9616 16.134 23.6689 -28.2748 16.1318 22.7197 -28.5173 16.1386 21.7502 
-28.7067 16.139 20.7692 -29.1691 16.055 19.9231 -29.8408 15.9347 19.1923 
-30.5029 15.8351 18.4496 -31.1306 15.777 17.6739 -31.7114 15.7531 16.8611 
-32.197 15.7762 15.9881 -32.5939 15.8137 15.0729 -32.8381 15.8527 14.1066 
-32.9101 15.8597 13.1131 -32.7729 15.7854 12.1301 -32.4533 15.622 11.2009 
-31.9491 15.3457 10.3871 -31.3691 14.9907 9.65526 -30.7719 14.6055 8.95172 
-30.1876 14.2101 8.24314 -29.6403 13.8189 7.50361 -29.1432 13.4444 6.72177 
-28.724 13.1039 5.88113 -28.367 12.7948 5.00026 -28.0573 12.518 4.09076 
-27.7696 12.2667 3.16675 -27.4992 12.0335 2.23266 -27.2409 11.811 1.29259 
-26.9911 11.5928 0.349214 -26.7355 11.3624 -0.589629 -26.4491 11.0992 -1.51065 
-26.1367 10.8139 -2.41667 -25.8254 10.5254 -3.32212 -25.5319 10.2429 -4.2353 
-25.2656 9.96678 -5.15869 -25.0113 9.68719 -6.08449 -24.7279 9.3816 -6.99306 
-24.4632 9.10122 -7.69302 -24.2258 8.83572 -8.1756 -23.7808 8.3025 -8.89175 
-23.2951 7.69711 -9.52087 -22.8065 7.03592 -10.0892 -22.3334 6.36048 -10.6546 
-21.9176 5.662 -11.2366 -21.5004 4.97452 -11.8309 -21.0483 4.31133 -12.427 
-20.5694 3.6688 -13.025 -20.0881 3.03577 -13.6312 -19.6215 2.41064 -14.2562 
-19.1731 1.8186 -14.9255 -18.7641 1.27118 -15.6536 -18.4187 0.814776 -16.472 
-18.1506 0.377018 -17.3294 -17.9441 -0.0584613 -18.2053 -17.7878 -0.498298 -19.0895 
-17.6768 -0.939325 -19.9799 -17.6069 -1.37016 -20.8793 -17.5873 -1.77768 -21.792 
-17.5971 -2.15308 -22.7187 -17.6233 -2.50317 -23.6549 -17.6208 -2.82693 -24.6007 
-17.5434 -3.09219 -25.5611 -17.4095 -3.29302 -26.5306 -17.1616 -3.4013 -27.491 
-16.7689 -3.42167 -28.4062 -16.2357 -3.3624 -29.2477 -15.6759 -3.20441 -30.0595 
-15.1684 -2.90795 -30.8657 -14.7564 -2.49587 -31.6744 -14.5004 -2.01156 -32.5065 
-14.2811 -1.74675 -33.4332 -14.0988 -1.77288 -34.4144 -13.9783 -1.86864 -35.4019 
-13.9208 -2.01721 -36.3888 -13.8885 -2.19853 -37.3715 -13.8819 -2.43917 -38.3417 
-13.8897 -2.73104 -39.2979 -13.9085 -3.06493 -40.2402 -13.93 -3.42262 -41.1737 
-13.9442 -3.79563 -42.1015 -13.9504 -4.16911 -43.0291 -13.9336 -4.5873 -43.9363 
-13.9002 -5.08319 -44.8032 -13.8641 -5.66619 -45.6136 
LINES 169 15789
91 0 1 2 3 4 5 6 7 8 9 10 11 12 13 14 15 16 17 18 19 20 21 22 23 24 25 26 27 28 29 30 31 32 33 34 35 36 37 38 39 40 41 42 43 44 45 46 47 48 49 50 51 52 53 54 55 56 57 58 59 60 61 62 63 64 65 66 67 68 69 70 71 72 73 74 75 76 77 78 79 80 81 82 83 84 85 86 87 88 89 90 
92 91 92 93 94 95 96 97 98 99 100 101 102 103 104 105 106 107 108 109 110 111 112 113 114 115 116 117 118 119 120 121 122 123 124 125 126 127 128 129 130 131 132 133 134 135 136 137 138 139 140 141 142 143 144 145 146 147 148 149 150 151 152 153 154 155 156 157 158 159 160 161 162 163 164 165 166 167 168 169 170 171 172 173 174 175 176 177 178 179 180 181 182 
93 183 184 185 186 187 188 189 190 191 192 193 194 195 196 197 198 199 200 201 202 203 204 205 206 207 208 209 210 211 212 213 214 215 216 217 218 219 220 221 222 223 224 225 226 227 228 229 230 231 232 233 234 235 236 237 238 239 240 241 242 243 244 245 246 247 248 249 250 251 252 253 254 255 256 257 258 259 260 261 262 263 264 265 266 267 268 269 270 271 272 273 274 275 
94 276 277 278 279 280 281 282 283 284 285 286 287 288 289 290 291 292 293 294 295 296 297 298 299 300 301 302 303 304 305 306 307 308 309 310 311 312 313 314 315 316 317 318 319 320 321 322 323 324 325 326 327 328 329 330 331 332 333 334 335 336 337 338 339 340 341 342 343 344 345 346 347 348 349 350 351 352 353 354 355 356 357 358 359 360 361 362 363 364 365 366 367 368 369 
93 370 371 372 373 374 375 376 377 378 379 380 381 382 383 384 385 386 387 388 389 390 391 392 393 394 395 396 397 398 399 400 401 402 403 404 405 406 407 408 409 410 411 412 413 414 415 416 417 418 419 420 421 422 423 424 425 426 427 428 429 430 431 432 433 434 435 436 437 438 439 440 441 442 443 444 445 446 447 448 449 450 451 452 453 454 455 456 457 458 459 460 461 462 
93 463 464 465 466 467 468 469 470 471 472 473 474 475 476 477 478 479 480 481 482 483 484 485 486 487 488 489 490 491 492 493 494 495 496 497 498 499 500 501 502 503 504 505 506 507 508 509 510 511 512 513 514 515 516 517 518 519 520 521 522 523 524 525 526 527 528 529 530 531 532 533 534 535 536 537 538 539 540 541 542 543 544 545 546 547 548 549 550 551 552 553 554 555 
91 556 557 558 559 560 561 562 563 564 565 566 567 568 569 570 571 572 573 574 575 576 577 578 579 580 581 582 583 584 585 586 587 588 589 590 591 592 593 594 595 596 597 598 599 600 601 602 603 604 605 606 607 608 609 610 611 612 613 614 615 616 617 618 619 620 621 622 623 624 625 626 627 628 629 630 631 632 633 634 635 636 637 638 639 640 641 642 643 644 645 646 
91 647 648 649 650 651 652 653 654 655 656 657 658 659 660 661 662 663 664 665 666 667 668 669 670 671 672 673 674 675 676 677 678 679 680 681 682 683 684 685 686 687 688 689 690 691 692 693 694 695 696 697 698 699 700 701 702 703 704 705 706 707 708 709 710 711 712 713 714 715 716 717 718 719 720 721 722 723 724 725 726 727 728 729 730 731 732 733 734 735 736 737 
93 738 739 740 741 742 743 744 745 746 747 748 749 750 751 752 753 754 755 756 757 758 759 760 761 762 763 764 765 766 767 768 769 770 771 772 773 774 775 776 777 778 779 780 781 782 783 784 785 786 787 788 789 790 791 792 793 794 795 796 797 798 799 800 801 802 803 804 805 806 807 808 809 810 811 812 813 814 815 816 817 818 819 820 821 822 823 824 825 826 827 828 829 830 
94 831 832 833 834 835 836 837 838 839 840 841 842 843 844 845 846 847 848 849 850 851 852 853 854 855 856 857 858 859 860 861 862 863 864 865 866 867 868 869 870 871 872 873 874 875 876 877 878 879 880 881 882 883 884 885 886 887 888 889 890 891 892 893 894 895 896 897 898 899 900 901 902 903 904 905 906 907 908 909 910 911 912 913 914 915 916 917 918 919 920 921 922 923 924 
93 925 926 927 928 929 930 931 932 933 934 935 936 937 938 939 940 941 942 943 944 945 946 947 948 949 950 951 952 953 954 955 956 957 958 959 960 961 962 963 964 965 966 967 968 969 970 971 972 973 974 975 976 977 978 979 980 981 982 983 984 985 986 987 988 989 990 991 992 993 994 995 996 997 998 999 1000 1001 1002 1003 1004 1005 1006 1007 1008 1009 1010 1011 1012 1013 1014 1015 1016 1017 
94 1018 1019 1020 1021 1022 1023 1024 1025 1026 1027 1028 1029 1030 1031 1032 1033 1034 1035 1036 1037 1038 1039 1040 1041 1042 1043 1044 1045 1046 1047 1048 1049 1050 1051 1052 1053 1054 1055 1056 1057 1058 1059 1060 1061 1062 1063 1064 1065 1066 1067 1068 1069 1070 1071 1072 1073 1074 1075 1076 1077 1078 1079 1080 1081 1082 1083 1084 1085 1086 1087 1088 1089 1090 1091 1092 1093 1094 1095 1096 1097 1098 1099 1100 1101 1102 1103 1104 1105 1106 1107 1108 1109 1110 1111 
92 1112 1113 1114 1115 1116 1117 1118 1119 1120 1121 1122 1123 1124 1125 1126 1127 1128 1129 1130 1131 1132 1133 1134 1135 1136 1137 1138 1139 1140 1141 1142 1143 1144 1145 1146 1147 1148 1149 1150 1151 1152 1153 1154 1155 1156 1157 1158 1159 1160 1161 1162 1163 1164 1165 1166 1167 1168 1169 1170 1171 1172 1173 1174 1175 1176 1177 1178 1179 1180 1181 1182 1183 1184 1185 1186 1187 1188 1189 1190 1191 1192 1193 1194 1195 1196 1197 1198 1199 1200 1201 1202 1203 
92 1204 1205 1206 1207 1208 1209 1210 1211 1212 1213 1214 1215 1216 1217 1218 1219 1220 1221 1222 1223 1224 1225 1226 1227 1228 1229 1230 1231 1232 1233 1234 1235 1236 1237 1238 1239 1240 1241 1242 1243 1244 1245 1246 1247 1248 1249 1250 1251 1252 1253 1254 1255 1256 1257 1258 1259 1260 1261 1262 1263 1264 1265 1266 1267 1268 1269 1270 1271 1272 1273 1274 1275 1276 1277 1278 1279 1280 1281 1282 1283 1284 1285 1286 1287 1288 1289 1290 1291 1292 1293 1294 1295 
92 1296 1297 1298 1299 1300 1301 1302 1303 1304 1305 1306 1307 1308 1309 1310 1311 1312 1313 1314 1315 1316 1317 1318 1319 1320 1321 1322 1323 1324 1325 1326 1327 1328 1329 1330 1331 1332 1333 1334 1335 1336 1337 1338 1339 1340 1341 1342 1343 1344 1345 1346 1347 1348 1349 1350 1351 1352 1353 1354 1355 1356 1357 1358 1359 1360 1361 1362 1363 1364 1365 1366 1367 1368 1369 1370 1371 1372 1373 1374 1375 1376 1377 1378 1379 1380 1381 1382 1383 1384 1385 1386 1387 
92 1388 1389 1390 1391 1392 1393 1394 1395 1396 1397 1398 1399 1400 1401 1402 1403 1404 1405 1406 1407 1408 1409 1410 1411 1412 1413 1414 1415 1416 1417 1418 1419 1420 1421 1422 1423 1424 1425 1426 1427 1428 1429 1430 1431 1432 1433 1434 1435 1436 1437 1438 1439 1440 1441 1442 1443 1444 1445 1446 1447 1448 1449 1450 1451 1452 1453 1454 1455 1456 1457 1458 1459 1460 1461 1462 1463 1464 1465 1466 1467 1468 1469 1470 1471 1472 1473 1474 1475 1476 1477 1478 1479 
94 1480 1481 1482 1483 1484 1485 1486 1487 1488 1489 1490 1491 1492 1493 1494 1495 1496 1497 1498 1499 1500 1501 1502 1503 1504 1505 1506 1507 1508 1509 1510 1511 1512 1513 1514 1515 1516 1517 1518 1519 1520 1521 1522 1523 1524 1525 1526 1527 1528 1529 1530 1531 1532 1533 1534 1535 1536 1537 1538 1539 1540 1541 1542 1543 1544 1545 1546 1547 1548 1549 1550 1551 1552 1553 1554 1555 1556 1557 1558 1559 1560 1561 1562 1563 1564 1565 1566 1567 1568 1569 1570 1571 1572 1573 
93 1574 1575 1576 1577 1578 1579 1580 1581 1582 1583 1584 1585 1586 1587 1588 1589 1590 1591 1592 1593 1594 1595 1596 1597 1598 1599 1600 1601 1602 1603 1604 1605 1606 1607 1608 1609 1610 1611 1612 1613 1614 1615 1616 1617 1618 1619 1620 1621 1622 1623 1624 1625 1626 1627 1628 1629 1630 1631 1632 1633 1634 1635 1636 1637 1638 1639 1640 1641 1642 1643 1644 1645 1646 1647 1648 1649 1650 1651 1652 1653 1654 1655 1656 1657 1658 1659 1660 1661 1662 1663 1664 1665 1666 
91 1667 1668 1669 1670 1671 1672 1673 1674 1675 1676 1677 1678 1679 1680 1681 1682 1683 1684 1685 1686 1687 1688 1689 1690 1691 1692 1693 1694 1695 1696 1697 1698 1699 1700 1701 1702 1703 1704 1705 1706 1707 1708 1709 1710 1711 1712 1713 1714 1715 1716 1717 1718 1719 1720 1721 1722 1723 1724 1725 1726 1727 1728 1729 1730 1731 1732 1733 1734 1735 1736 1737 1738 1739 1740 1741 1742 1743 1744 1745 1746 1747 1748 1749 1750 1751 1752 1753 1754 1755 1756 1757 
92 1758 1759 1760 1761 1762 1763 1764 1765 1766 1767 1768 1769 1770 1771 1772 1773 1774 1775 1776 1777 1778 1779 1780 1781 1782 1783 1784 1785 1786 1787 1788 1789 1790 1791 1792 1793 1794 1795 1796 1797 1798 1799 1800 1801 1802 1803 1804 1805 1806 1807 1808 1809 1810 1811 1812 1813 1814 1815 1816 1817 1818 1819 1820 1821 1822 1823 1824 1825 1826 1827 1828 1829 1830 1831 1832 1833 1834 1835 1836 1837 1838 1839 1840 1841 1842 1843 1844 1845 1846 1847 1848 1849 
93 1850 1851 1852 1853 1854 1855 1856 1857 1858 1859 1860 1861 1862 1863 1864 1865 1866 1867 1868 1869 1870 1871 1872 1873 1874 1875 1876 1877 1878 1879 1880 1881 1882 1883 1884 1885 1886 1887 1888 1889 1890 1891 1892 1893 1894 1895 1896 1897 1898 1899 1900 1901 1902 1903 1904 1905 1906 1907 1908 1909 1910 1911 1912 1913 1914 1915 1916 1917 1918 1919 1920 1921 1922 1923 1924 1925 1926 1927 1928 1929 1930 1931 1932 1933 1934 1935 1936 1937 1938 1939 1940 1941 1942 
93 1943 1944 1945 1946 1947 1948 1949 1950 1951 1952 1953 1954 1955 1956 1957 1958 1959 1960 1961 1962 1963 1964 1965 1966 1967 1968 1969 1970 1971 1972 1973 1974 1975 1976 1977 1978 1979 1980 1981 1982 1983 1984 1985 1986 1987 1988 1989 1990 1991 1992 1993 1994 1995 1996 1997 1998 1999 2000 2001 2002 2003 2004 2005 2006 2007 2008 2009 2010 2011 2012 2013 2014 2015 2016 2017 2018 2019 2020 2021 2022 2023 2024 2025 2026 2027 2028 2029 2030 2031 2032 2033 2034 2035 
94 2036 2037 2038 2039 2040 2041 2042 2043 2044 2045 2046 2047 2048 2049 2050 2051 2052 2053 2054 2055 2056 2057 2058 2059 2060 2061 2062 2063 2064 2065 2066 2067 2068 2069 2070 2071 2072 2073 2074 2075 2076 2077 2078 2079 2080 2081 2082 2083 2084 2085 2086 2087 2088 2089 2090 2091 2092 2093 2094 2095 2096 2097 2098 2099 2100 2101 2102 2103 2104 2105 2106 2107 2108 2109 2110 2111 2112 2113 2114 2115 2116 2117 2118 2119 2120 2121 2122 2123 2124 2125 2126 2127 2128 2129 
91 2130 2131 2132 2133 2134 2135 2136 2137 2138 2139 2140 2141 2142 2143 2144 2145 2146 2147 2148 2149 2150 2151 2152 2153 2154 2155 2156 2157 2158 2159 2160 2161 2162 2163 2164 2165 2166 2167 2168 2169 2170 2171 2172 2173 2174 2175 2176 2177 2178 2179 2180 2181 2182 2183 2184 2185 2186 2187 2188 2189 2190 2191 2192 2193 2194 2195 2196 2197 2198 2199 2200 2201 2202 2203 2204 2205 2206 2207 2208 2209 2210 2211 2212 2213 2214 2215 2216 2217 2218 2219 2220 
92 2221 2222 2223 2224 2225 2226 2227 2228 2229 2230 2231 2232 2233 2234 2235 2236 2237 2238 2239 2240 2241 2242 2243 2244 2245 2246 2247 2248 2249 2250 2251 2252 2253 2254 2255 2256 2257 2258 2259 2260 2261 2262 2263 2264 2265 2266 2267 2268 2269 2270 2271 2272 2273 2274 2275 2276 2277 2278 2279 2280 2281 2282 2283 2284 2285 2286 2287 2288 2289 2290 2291 2292 2293 2294 2295 2296 2297 2298 2299 2300 2301 2302 2303 2304 2305 2306 2307 2308 2309 2310 2311 2312 
92 2313 2314 2315 2316 2317 2318 2319 2320 2321 2322 2323 2324 2325 2326 2327 2328 2329 2330 2331 2332 2333 2334 2335 2336 2337 2338 2339 2340 2341 2342 2343 2344 2345 2346 2347 2348 2349 2350 2351 2352 2353 2354 2355 2356 2357 2358 2359 2360 2361 2362 2363 2364 2365 2366 2367 2368 2369 2370 2371 2372 2373 2374 2375 2376 2377 2378 2379 2380 2381 2382 2383 2384 2385 2386 2387 2388 2389 2390 2391 2392 2393 2394 2395 2396 2397 2398 2399 2400 2401 2402 2403 2404 
92 2405 2406 2407 2408 2409 2410 2411 2412 2413 2414 2415 2416 2417 2418 2419 2420 2421 2422 2423 2424 2425 2426 2427 2428 2429 2430 2431 2432 2433 2434 2435 2436 2437 2438 2439 2440 2441 2442 2443 2444 2445 2446 2447 2448 2449 2450 2451 2452 2453 2454 2455 2456 2457 2458 2459 2460 2461 2462 2463 2464 2465 2466 2467 2468 2469 2470 2471 2472 2473 2474 2475 2476 2477 2478 2479 2480 2481 2482 2483 2484 2485 2486 2487 2488 2489 2490 2491 2492 2493 2494 2495 2496 
93 2497 2498 2499 2500 2501 2502 2503 2504 2505 2506 2507 2508 2509 2510 2511 2512 2513 2514 2515 2516 2517 2518 2519 2520 2521 2522 2523 2524 2525 2526 2527 2528 2529 2530 2531 2532 2533 2534 2535 2536 2537 2538 2539 2540 2541 2542 2543 2544 2545 2546 2547 2548 2549 2550 2551 2552 2553 2554 2555 2556 2557 2558 2559 2560 2561 2562 2563 2564 2565 2566 2567 2568 2569 2570 2571 2572 2573 2574 2575 2576 2577 2578 2579 2580 2581 2582 2583 2584 2585 2586 2587 2588 2589 
92 2590 2591 2592 2593 2594 2595 2596 2597 2598 2599 2600 2601 2602 2603 2604 2605 2606 2607 2608 2609 2610 2611 2612 2613 2614 2615 2616 2617 2618 2619 2620 2621 2622 2623 2624 2625 2626 2627 2628 2629 2630 2631 2632 2633 2634 2635 2636 2637 2638 2639 2640 2641 2642 2643 2644 2645 2646 2647 2648 2649 2650 2651 2652 2653 2654 2655 2656 2657 2658 2659 2660 2661 2662 2663 2664 2665 2666 2667 2668 2669 2670 2671 2672 2673 2674 2675 2676 2677 2678 2679 2680 2681 
94 2682 2683 2684 2685 2686 2687 2688 2689 2690 2691 2692 2693 2694 2695 2696 2697 2698 2699 2700 2701 2702 2703 2704 2705 2706 2707 2708 2709 2710 2711 2712 2713 2714 2715 2716 2717 2718 2719 2720 2721 2722 2723 2724 2725 2726 2727 2728 2729 2730 2731 2732 2733 2734 2735 2736 2737 2738 2739 2740 2741 2742 2743 2744 2745 2746 2747 2748 2749 2750 2751 2752 2753 2754 2755 2756 2757 2758 2759 2760 2761 2762 2763 2764 2765 2766 2767 2768 2769 2770 2771 2772 2773 2774 2775 
92 2776 2777 2778 2779 2780 2781 2782 2783 2784 2785 2786 2787 2788 2789 2790 2791 2792 2793 2794 2795 2796 2797 2798 2799 2800 2801 2802 2803 2804 2805 2806 2807 2808 2809 2810 2811 2812 2813 2814 2815 2816 2817 2818 2819 2820 2821 2822 2823 2824 2825 2826 2827 2828 2829 2830 2831 2832 2833 2834 2835 2836 2837 2838 2839 2840 2841 2842 2843 2844 2845 2846 2847 2848 2849 2850 2851 2852 2853 2854 2855 2856 2857 2858 2859 2860 2861 2862 2863 2864 2865 2866 2867 
91 2868 2869 2870 2871 2872 2873 2874 2875 2876 2877 2878 2879 2880 2881 2882 2883 2884 2885 2886 2887 2888 2889 2890 2891 2892 2893 2894 2895 2896 2897 2898 2899 2900 2901 2902 2903 2904 2905 2906 2907 2908 2909 2910 2911 2912 2913 2914 2915 2916 2917 2918 2919 2920 2921 2922 2923 2924 2925 2926 2927 2928 2929 2930 2931 2932 2933 2934 2935 2936 2937 2938 2939 2940 2941 2942 2943 2944 2945 2946 2947 2948 2949 2950 2951 2952 2953 2954 2955 2956 2957 2958 
90 2959 2960 2961 2962 2963 2964 2965 2966 2967 2968 2969 2970 2971 2972 2973 2974 2975 2976 2977 2978 2979 2980 2981 2982 2983 2984 2985 2986 2987 2988 2989 2990 2991 2992 2993 2994 2995 2996 2997 2998 2999 3000 3001 3002 3003 3004 3005 3006 3007 3008 3009 3010 3011 3012 3013 3014 3015 3016 3017 3018 3019 3020 3021 3022 3023 3024 3025 3026 3027 3028 3029 3030 3031 3032 3033 3034 3035 3036 3037 3038 3039 3040 3041 3042 3043 3044 3045 3046 3047 3048 
94 3049 3050 3051 3052 3053 3054 3055 3056 3057 3058 3059 3060 3061 3062 3063 3064 3065 3066 3067 3068 3069 3070 3071 3072 3073 3074 3075 3076 3077 3078 3079 3080 3081 3082 3083 3084 3085 3086 3087 3088 3089 3090 3091 3092 3093 3094 3095 3096 3097 3098 3099 3100 3101 3102 3103 3104 3105 3106 3107 3108 3109 3110 3111 3112 3113 3114 3115 3116 3117 3118 3119 3120 3121 3122 3123 3124 3125 3126 3127 3128 3129 3130 3131 3132 3133 3134 3135 3136 3137 3138 3139 3140 3141 3142 
91 3143 3144 3145 3146 3147 3148 3149 3150 3151 3152 3153 3154 3155 3156 3157 3158 3159 3160 3161 3162 3163 3164 3165 3166 3167 3168 3169 3170 3171 3172 3173 3174 3175 3176 3177 3178 3179 3180 3181 3182 3183 3184 3185 3186 3187 3188 3189 3190 3191 3192 3193 3194 3195 3196 3197 3198 3199 3200 3201 3202 3203 3204 3205 3206 3207 3208 3209 3210 3211 3212 3213 3214 3215 3216 3217 3218 3219 3220 3221 3222 3223 3224 3225 3226 3227 3228 3229 3230 3231 3232 3233 
94 3234 3235 3236 3237 3238 3239 3240 3241 3242 3243 3244 3245 3246 3247 3248 3249 3250 3251 3252 3253 3254 3255 3256 3257 3258 3259 3260 3261 3262 3263 3264 3265 3266 3267 3268 3269 3270 3271 3272 3273 3274 3275 3276 3277 3278 3279 3280 3281 3282 3283 3284 3285 3286 3287 3288 3289 3290 3291 3292 3293 3294 3295 3296 3297 3298 3299 3300 3301 3302 3303 3304 3305 3306 3307 3308 3309 3310 3311 3312 3313 3314 3315 3316 3317 3318 3319 3320 3321 3322 3323 3324 3325 3326 3327 
93 3328 3329 3330 3331 3332 3333 3334 3335 3336 3337 3338 3339 3340 3341 3342 3343 3344 3345 3346 3347 3348 3349 3350 3351 3352 3353 3354 3355 3356 3357 3358 3359 3360 3361 3362 3363 3364 3365 3366 3367 3368 3369 3370 3371 3372 3373 3374 3375 3376 3377 3378 3379 3380 3381 3382 3383 3384 3385 3386 3387 3388 3389 3390 3391 3392 3393 3394 3395 3396 3397 3398 3399 3400 3401 3402 3403 3404 3405 3406 3407 3408 3409 3410 3411 3412 3413 3414 3415 3416 3417 3418 3419 3420 
92 3421 3422 3423 3424 3425 3426 3427 3428 3429 3430 3431 3432 3433 3434 3435 3436 3437 3438 3439 3440 3441 3442 3443 3444 3445 3446 3447 3448 3449 3450 3451 3452 3453 3454 3455 3456 3457 3458 3459 3460 3461 3462 3463 3464 3465 3466 3467 3468 3469 3470 3471 3472 3473 3474 3475 3476 3477 3478 3479 3480 3481 3482 3483 3484 3485 3486 3487 3488 3489 3490 3491 3492 3493 3494 3495 3496 3497 3498 3499 3500 3501 3502 3503 3504 3505 3506 3507 3508 3509 3510 3511 3512 
91 3513 3514 3515 3516 3517 3518 3519 3520 3521 3522 3523 3524 3525 3526 3527 3528 3529 3530 3531 3532 3533 3534 3535 3536 3537 3538 3539 3540 3541 3542 3543 3544 3545 3546 3547 3548 3549 3550 3551 3552 3553 3554 3555 3556 3557 3558 3559 3560 3561 3562 3563 3564 3565 3566 3567 3568 3569 3570 3571 3572 3573 3574 3575 3576 3577 3578 3579 3580 3581 3582 3583 3584 3585 3586 3587 3588 3589 3590 3591 3592 3593 3594 3595 3596 3597 3598 3599 3600 3601 3602 3603 
94 3604 3605 3606 3607 3608 3609 3610 3611 3612 3613 3614 3615 3616 3617 3618 3619 3620 3621 3622 3623 3624 3625 3626 3627 3628 3629 3630 3631 3632 3633 3634 3635 3636 3637 3638 3639 3640 3641 3642 3643 3644 3645 3646 3647 3648 3649 3650 3651 3652 3653 3654 3655 3656 3657 3658 3659 3660 3661 3662 3663 3664 3665 3666 3667 3668 3669 3670 3671 3672 3673 3674 3675 3676 3677 3678 3679 3680 3681 3682 3683 3684 3685 3686 3687 3688 3689 3690 3691 3692 3693 3694 3695 3696 3697 
94 3698 3699 3700 3701 3702 3703 3704 3705 3706 3707 3708 3709 3710 3711 3712 3713 3714 3715 3716 3717 3718 3719 3720 3721 3722 3723 3724 3725 3726 3727 3728 3729 3730 3731 3732 3733 3734 3735 3736 3737 3738 3739 3740 3741 3742 3743 3744 3745 3746 3747 3748 3749 3750 3751 3752 3753 3754 3755 3756 3757 3758 3759 3760 3761 3762 3763 3764 3765 3766 3767 3768 3769 3770 3771 3772 3773 3774 3775 3776 3777 3778 3779 3780 3781 3782 3783 3784 3785 3786 3787 3788 3789 3790 3791 
93 3792 3793 3794 3795 3796 3797 3798 3799 3800 3801 3802 3803 3804 3805 3806 3807 3808 3809 3810 3811 3812 3813 3814 3815 3816 3817 3818 3819 3820 3821 3822 3823 3824 3825 3826 3827 3828 3829 3830 3831 3832 3833 3834 3835 3836 3837 3838 3839 3840 3841 3842 3843 3844 3845 3846 3847 3848 3849 3850 3851 3852 3853 3854 3855 3856 3857 3858 3859 3860 3861 3862 3863 3864 3865 3866 3867 3868 3869 3870 3871 3872 3873 3874 3875 3876 3877 3878 3879 3880 3881 3882 3883 3884 
93 3885 3886 3887 3888 3889 3890 3891 3892 3893 3894 3895 3896 3897 3898 3899 3900 3901 3902 3903 3904 3905 3906 3907 3908 3909 3910 3911 3912 3913 3914 3915 3916 3917 3918 3919 3920 3921 3922 3923 3924 3925 3926 3927 3928 3929 3930 3931 3932 3933 3934 3935 3936 3937 3938 3939 3940 3941 3942 3943 3944 3945 3946 3947 3948 3949 3950 3951 3952 3953 3954 3955 3956 3957 3958 3959 3960 3961 3962 3963 3964 3965 3966 3967 3968 3969 3970 3971 3972 3973 3974 3975 3976 3977 
92 3978 3979 3980 3981 3982 3983 3984 3985 3986 3987 3988 3989 3990 3991 3992 3993 3994 3995 3996 3997 3998 3999 4000 4001 4002 4003 4004 4005 4006 4007 4008 4009 4010 4011 4012 4013 4014 4015 4016 4017 4018 4019 4020 4021 4022 4023 4024 4025 4026 4027 4028 4029 4030 4031 4032 4033 4034 4035 4036 4037 4038 4039 4040 4041 4042 4043 4044 4045 4046 4047 4048 4049 4050 4051 4052 4053 4054 4055 4056 4057 4058 4059 4060 4061 4062 4063 4064 4065 4066 4067 4068 4069 
93 4070 4071 4072 4073 4074 4075 4076 4077 4078 4079 4080 4081 4082 4083 4084 4085 4086 4087 4088 4089 4090 4091 4092 4093 4094 4095 4096 4097 4098 4099 4100 4101 4102 4103 4104 4105 4106 4107 4108 4109 4110 4111 4112 4113 4114 4115 4116 4117 4118 4119 4120 4121 4122 4123 4124 4125 4126 4127 4128 4129 4130 4131 4132 4133 4134 4135 4136 4137 4138 4139 4140 4141 4142 4143 4144 4145 4146 4147 4148 4149 4150 4151 4152 4153 4154 4155 4156 4157 4158 4159 4160 4161 4162 
92 4163 4164 4165 4166 4167 4168 4169 4170 4171 4172 4173 4174 4175 4176 4177 4178 4179 4180 4181 4182 4183 4184 4185 4186 4187 4188 4189 4190 4191 4192 4193 4194 4195 4196 4197 4198 4199 4200 4201 4202 4203 4204 4205 4206 4207 4208 4209 4210 4211 4212 4213 4214 4215 4216 4217 4218 4219 4220 4221 4222 4223 4224 4225 4226 4227 4228 4229 4230 4231 4232 4233 4234 4235 4236 4237 4238 4239 4240 4241 4242 4243 4244 4245 4246 4247 4248 4249 4250 4251 4252 4253 4254 
93 4255 4256 4257 4258 4259 4260 4261 4262 4263 4264 4265 4266 4267 4268 4269 4270 4271 4272 4273 4274 4275 4276 4277 4278 4279 4280 4281 4282 4283 4284 4285 4286 4287 4288 4289 4290 4291 4292 4293 4294 4295 4296 4297 4298 4299 4300 4301 4302 4303 4304 4305 4306 4307 4308 4309 4310 4311 4312 4313 4314 4315 4316 4317 4318 4319 4320 4321 4322 4323 4324 4325 4326 4327 4328 4329 4330 4331 4332 4333 4334 4335 4336 4337 4338 4339 4340 4341 4342 4343 4344 4345 4346 4347 
92 4348 4349 4350 4351 4352 4353 4354 4355 4356 4357 4358 4359 4360 4361 4362 4363 4364 4365 4366 4367 4368 4369 4370 4371 4372 4373 4374 4375 4376 4377 4378 4379 4380 4381 4382 4383 4384 4385 4386 4387 4388 4389 4390 4391 4392 4393 4394 4395 4396 4397 4398 4399 4400 4401 4402 4403 4404 4405 4406 4407 4408 4409 4410 4411 4412 4413 4414 4415 4416 4417 4418 4419 4420 4421 4422 4423 4424 4425 4426 4427 4428 4429 4430 4431 4432 4433 4434 4435 4436 4437 4438 4439 
92 4440 4441 4442 4443 4444 4445 4446 4447 4448 4449 4450 4451 4452 4453 4454 4455 4456 4457 4458 4459 4460 4461 4462 4463 4464 4465 4466 4467 4468 4469 4470 4471 4472 4473 4474 4475 4476 4477 4478 4479 4480 4481 4482 4483 4484 4485 4486 4487 4488 4489 4490 4491 4492 4493 4494 4495 4496 4497 4498 4499 4500 4501 4502 4503 4504 4505 4506 4507 4508 4509 4510 4511 4512 4513 4514 4515 4516 4517 4518 4519 4520 4521 4522 4523 4524 4525 4526 4527 4528 4529 4530 4531 
92 4532 4533 4534 4535 4536 4537 4538 4539 4540 4541 4542 4543 4544 4545 4546 4547 4548 4549 4550 4551 4552 4553 4554 4555 4556 4557 4558 4559 4560 4561 4562 4563 4564 4565 4566 4567 4568 4569 4570 4571 4572 4573 4574 4575 4576 4577 4578 4579 4580 4581 4582 4583 4584 4585 4586 4587 4588 4589 4590 4591 4592 4593 4594 4595 4596 4597 4598 4599 4600 4601 4602 4603 4604 4605 4606 4607 4608 4609 4610 4611 4612 4613 4614 4615 4616 4617 4618 4619 4620 4621 4622 4623 
92 4624 4625 4626 4627 4628 4629 4630 4631 4632 4633 4634 4635 4636 4637 4638 4639 4640 4641 4642 4643 4644 4645 4646 4647 4648 4649 4650 4651 4652 4653 4654 4655 4656 4657 4658 4659 4660 4661 4662 4663 4664 4665 4666 4667 4668 4669 4670 4671 4672 4673 4674 4675 4676 4677 4678 4679 4680 4681 4682 4683 4684 4685 4686 4687 4688 4689 4690 4691 4692 4693 4694 4695 4696 4697 4698 4699 4700 4701 4702 4703 4704 4705 4706 4707 4708 4709 4710 4711 4712 4713 4714 4715 
92 4716 4717 4718 4719 4720 4721 4722 4723 4724 4725 4726 4727 4728 4729 4730 4731 4732 4733 4734 4735 4736 4737 4738 4739 4740 4741 4742 4743 4744 4745 4746 4747 4748 4749 4750 4751 4752 4753 4754 4755 4756 4757 4758 4759 4760 4761 4762 4763 4764 4765 4766 4767 4768 4769 4770 4771 4772 4773 4774 4775 4776 4777 4778 4779 4780 4781 4782 4783 4784 4785 4786 4787 4788 4789 4790 4791 4792 4793 4794 4795 4796 4797 4798 4799 4800 4801 4802 4803 4804 4805 4806 4807 
91 4808 4809 4810 4811 4812 4813 4814 4815 4816 4817 4818 4819 4820 4821 4822 4823 4824 4825 4826 4827 4828 4829 4830 4831 4832 4833 4834 4835 4836 4837 4838 4839 4840 4841 4842 4843 4844 4845 4846 4847 4848 4849 4850 4851 4852 4853 4854 4855 4856 4857 4858 4859 4860 4861 4862 4863 4864 4865 4866 4867 4868 4869 4870 4871 4872 4873 4874 4875 4876 4877 4878 4879 4880 4881 4882 4883 4884 4885 4886 4887 4888 4889 4890 4891 4892 4893 4894 4895 4896 4897 4898 
93 4899 4900 4901 4902 4903 4904 4905 4906 4907 4908 4909 4910 4911 4912 4913 4914 4915 4916 4917 4918 4919 4920 4921 4922 4923 4924 4925 4926 4927 4928 4929 4930 4931 4932 4933 4934 4935 4936 4937 4938 4939 4940 4941 4942 4943 4944 4945 4946 4947 4948 4949 4950 4951 4952 4953 4954 4955 4956 4957 4958 4959 4960 4961 4962 4963 4964 4965 4966 4967 4968 4969 4970 4971 4972 4973 4974 4975 4976 4977 4978 4979 4980 4981 4982 4983 4984 4985 4986 4987 4988 4989 4990 4991 
95 4992 4993 4994 4995 4996 4997 4998 4999 5000 5001 5002 5003 5004 5005 5006 5007 5008 5009 5010 5011 5012 5013 5014 5015 5016 5017 5018 5019 5020 5021 5022 5023 5024 5025 5026 5027 5028 5029 5030 5031 5032 5033 5034 5035 5036 5037 5038 5039 5040 5041 5042 5043 5044 5045 5046 5047 5048 5049 5050 5051 5052 5053 5054 5055 5056 5057 5058 5059 5060 5061 5062 5063 5064 5065 5066 5067 5068 5069 5070 5071 5072 5073 5074 5075 5076 5077 5078 5079 5080 5081 5082 5083 5084 5085 5086 
92 5087 5088 5089 5090 5091 5092 5093 5094 5095 5096 5097 5098 5099 5100 5101 5102 5103 5104 5105 5106 5107 5108 5109 5110 5111 5112 5113 5114 5115 5116 5117 5118 5119 5120 5121 5122 5123 5124 5125 5126 5127 5128 5129 5130 5131 5132 5133 5134 5135 5136 5137 5138 5139 5140 5141 5142 5143 5144 5145 5146 5147 5148 5149 5150 5151 5152 5153 5154 5155 5156 5157 5158 5159 5160 5161 5162 5163 5164 5165 5166 5167 5168 5169 5170 5171 5172 5173 5174 5175 5176 5177 5178 
92 5179 5180 5181 5182 5183 5184 5185 5186 5187 5188 5189 5190 5191 5192 5193 5194 5195 5196 5197 5198 5199 5200 5201 5202 5203 5204 5205 5206 5207 5208 5209 5210 5211 5212 5213 5214 5215 5216 5217 5218 5219 5220 5221 5222 5223 5224 5225 5226 5227 5228 5229 5230 5231 5232 5233 5234 5235 5236 5237 5238 5239 5240 5241 5242 5243 5244 5245 5246 5247 5248 5249 5250 5251 5252 5253 5254 5255 5256 5257 5258 5259 5260 5261 5262 5263 5264 5265 5266 5267 5268 5269 5270 
91 5271 5272 5273 5274 5275 5276 5277 5278 5279 5280 5281 5282 5283 5284 5285 5286 5287 5288 5289 5290 5291 5292 5293 5294 5295 5296 5297 5298 5299 5300 5301 5302 5303 5304 5305 5306 5307 5308 5309 5310 5311 5312 5313 5314 5315 5316 5317 5318 5319 5320 5321 5322 5323 5324 5325 5326 5327 5328 5329 5330 5331 5332 5333 5334 5335 5336 5337 5338 5339 5340 5341 5342 5343 5344 5345 5346 5347 5348 5349 5350 5351 5352 5353 5354 5355 5356 5357 5358 5359 5360 5361 
92 5362 5363 5364 5365 5366 5367 5368 5369 5370 5371 5372 5373 5374 5375 5376 5377 5378 5379 5380 5381 5382 5383 5384 5385 5386 5387 5388 5389 5390 5391 5392 5393 5394 5395 5396 5397 5398 5399 5400 5401 5402 5403 5404 5405 5406 5407 5408 5409 5410 5411 5412 5413 5414 5415 5416 5417 5418 5419 5420 5421 5422 5423 5424 5425 5426 5427 5428 5429 5430 5431 5432 5433 5434 5435 5436 5437 5438 5439 5440 5441 5442 5443 5444 5445 5446 5447 5448 5449 5450 5451 5452 5453 
94 5454 5455 5456 5457 5458 5459 5460 5461 5462 5463 5464 5465 5466 5467 5468 5469 5470 5471 5472 5473 5474 5475 5476 5477 5478 5479 5480 5481 5482 5483 5484 5485 5486 5487 5488 5489 5490 5491 5492 5493 5494 5495 5496 5497 5498 5499 5500 5501 5502 5503 5504 5505 5506 5507 5508 5509 5510 5511 5512 5513 5514 5515 5516 5517 5518 5519 5520 5521 5522 5523 5524 5525 5526 5527 5528 5529 5530 5531 5532 5533 5534 5535 5536 5537 5538 5539 5540 5541 5542 5543 5544 5545 5546 5547 
94 5548 5549 5550 5551 5552 5553 5554 5555 5556 5557 5558 5559 5560 5561 5562 5563 5564 5565 5566 5567 5568 5569 5570 5571 5572 5573 5574 5575 5576 5577 5578 5579 5580 5581 5582 5583 5584 5585 5586 5587 5588 5589 5590 5591 5592 5593 5594 5595 5596 5597 5598 5599 5600 5601 5602 5603 5604 5605 5606 5607 5608 5609 5610 5611 5612 5613 5614 5615 5616 5617 5618 5619 5620 5621 5622 5623 5624 5625 5626 5627 5628 5629 5630 5631 5632 5633 5634 5635 5636 5637 5638 5639 5640 5641 
92 5642 5643 5644 5645 5646 5647 5648 5649 5650 5651 5652 5653 5654 5655 5656 5657 5658 5659 5660 5661 5662 5663 5664 5665 5666 5667 5668 5669 5670 5671 5672 5673 5674 5675 5676 5677 5678 5679 5680 5681 5682 5683 5684 5685 5686 5687 5688 5689 5690 5691 5692 5693 5694 5695 5696 5697 5698 5699 5700 5701 5702 5703 5704 5705 5706 5707 5708 5709 5710 5711 5712 5713 5714 5715 5716 5717 5718 5719 5720 5721 5722 5723 5724 5725 5726 5727 5728 5729 5730 5731 5732 5733 
94 5734 5735 5736 5737 5738 5739 5740 5741 5742 5743 5744 5745 5746 5747 5748 5749 5750 5751 5752 5753 5754 5755 5756 5757 5758 5759 5760 5761 5762 5763 5764 5765 5766 5767 5768 5769 5770 5771 5772 5773 5774 5775 5776 5777 5778 5779 5780 5781 5782 5783 5784 5785 5786 5787 5788 5789 5790 5791 5792 5793 5794 5795 5796 5797 5798 5799 5800 5801 5802 5803 5804 5805 5806 5807 5808 5809 5810 5811 5812 5813 5814 5815 5816 5817 5818 5819 5820 5821 5822 5823 5824 5825 5826 5827 
92 5828 5829 5830 5831 5832 5833 5834 5835 5836 5837 5838 5839 5840 5841 5842 5843 5844 5845 5846 5847 5848 5849 5850 5851 5852 5853 5854 5855 5856 5857 5858 5859 5860 5861 5862 5863 5864 5865 5866 5867 5868 5869 5870 5871 5872 5873 5874 5875 5876 5877 5878 5879 5880 5881 5882 5883 5884 5885 5886 5887 5888 5889 5890 5891 5892 5893 5894 5895 5896 5897 5898 5899 5900 5901 5902 5903 5904 5905 5906 5907 5908 5909 5910 5911 5912 5913 5914 5915 5916 5917 5918 5919 
92 5920 5921 5922 5923 5924 5925 5926 5927 5928 5929 5930 5931 5932 5933 5934 5935 5936 5937 5938 5939 5940 5941 5942 5943 5944 5945 5946 5947 5948 5949 5950 5951 5952 5953 5954 5955 5956 5957 5958 5959 5960 5961 5962 5963 5964 5965 5966 5967 5968 5969 5970 5971 5972 5973 5974 5975 5976 5977 5978 5979 5980 5981 5982 5983 5984 5985 5986 5987 5988 5989 5990 5991 5992 5993 5994 5995 5996 5997 5998 5999 6000 6001 6002 6003 6004 6005 6006 6007 6008 6009 6010 6011 
93 6012 6013 6014 6015 6016 6017 6018 6019 6020 6021 6022 6023 6024 6025 6026 6027 6028 6029 6030 6031 6032 6033 6034 6035 6036 6037 6038 6039 6040 6041 6042 6043 6044 6045 6046 6047 6048 6049 6050 6051 6052 6053 6054 6055 6056 6057 6058 6059 6060 6061 6062 6063 6064 6065 6066 6067 6068 6069 6070 6071 6072 6073 6074 6075 6076 6077 6078 6079 6080 6081 6082 6083 6084 6085 6086 6087 6088 6089 6090 6091 6092 6093 6094 6095 6096 6097 6098 6099 6100 6101 6102 6103 6104 
92 6105 6106 6107 6108 6109 6110 6111 6112 6113 6114 6115 6116 6117 6118 6119 6120 6121 6122 6123 6124 6125 6126 6127 6128 6129 6130 6131 6132 6133 6134 6135 6136 6137 6138 6139 6140 6141 6142 6143 6144 6145 6146 6147 6148 6149 6150 6151 6152 6153 6154 6155 6156 6157 6158 6159 6160 6161 6162 6163 6164 6165 6166 6167 6168 6169 6170 6171 6172 6173 6174 6175 6176 6177 6178 6179 6180 6181 6182 6183 6184 6185 6186 6187 6188 6189 6190 6191 6192 6193 6194 6195 6196 
92 6197 6198 6199 6200 6201 6202 6203 6204 6205 6206 6207 6208 6209 6210 6211 6212 6213 6214 6215 6216 6217 6218 6219 6220 6221 6222 6223 6224 6225 6226 6227 6228 6229 6230 6231 6232 6233 6234 6235 6236 6237 6238 6239 6240 6241 6242 6243 6244 6245 6246 6247 6248 6249 6250 6251 6252 6253 6254 6255 6256 6257 6258 6259 6260 6261 6262 6263 6264 6265 6266 6267 6268 6269 6270 6271 6272 6273 6274 6275 6276 6277 6278 6279 6280 6281 6282 6283 6284 6285 6286 6287 6288 
89 6289 6290 6291 6292 6293 6294 6295 6296 6297 6298 6299 6300 6301 6302 6303 6304 6305 6306 6307 6308 6309 6310 6311 6312 6313 6314 6315 6316 6317 6318 6319 6320 6321 6322 6323 6324 6325 6326 6327 6328 6329 6330 6331 6332 6333 6334 6335 6336 6337 6338 6339 6340 6341 6342 6343 6344 6345 6346 6347 6348 6349 6350 6351 6352 6353 6354 6355 6356 6357 6358 6359 6360 6361 6362 6363 6364 6365 6366 6367 6368 6369 6370 6371 6372 6373 6374 6375 6376 6377 
93 6378 6379 6380 6381 6382 6383 6384 6385 6386 6387 6388 6389 6390 6391 6392 6393 6394 6395 6396 6397 6398 6399 6400 6401 6402 6403 6404 6405 6406 6407 6408 6409 6410 6411 6412 6413 6414 6415 6416 6417 6418 6419 6420 6421 6422 6423 6424 6425 6426 6427 6428 6429 6430 6431 6432 6433 6434 6435 6436 6437 6438 6439 6440 6441 6442 6443 6444 6445 6446 6447 6448 6449 6450 6451 6452 6453 6454 6455 6456 6457 6458 6459 6460 6461 6462 6463 6464 6465 6466 6467 6468 6469 6470 
90 6471 6472 6473 6474 6475 6476 6477 6478 6479 6480 6481 6482 6483 6484 6485 6486 6487 6488 6489 6490 6491 6492 6493 6494 6495 6496 6497 6498 6499 6500 6501 6502 6503 6504 6505 6506 6507 6508 6509 6510 6511 6512 6513 6514 6515 6516 6517 6518 6519 6520 6521 6522 6523 6524 6525 6526 6527 6528 6529 6530 6531 6532 6533 6534 6535 6536 6537 6538 6539 6540 6541 6542 6543 6544 6545 6546 6547 6548 6549 6550 6551 6552 6553 6554 6555 6556 6557 6558 6559 6560 
92 6561 6562 6563 6564 6565 6566 6567 6568 6569 6570 6571 6572 6573 6574 6575 6576 6577 6578 6579 6580 6581 6582 6583 6584 6585 6586 6587 6588 6589 6590 6591 6592 6593 6594 6595 6596 6597 6598 6599 6600 6601 6602 6603 6604 6605 6606 6607 6608 6609 6610 6611 6612 6613 6614 6615 6616 6617 6618 6619 6620 6621 6622 6623 6624 6625 6626 6627 6628 6629 6630 6631 6632 6633 6634 6635 6636 6637 6638 6639 6640 6641 6642 6643 6644 6645 6646 6647 6648 6649 6650 6651 6652 
92 6653 6654 6655 6656 6657 6658 6659 6660 6661 6662 6663 6664 6665 6666 6667 6668 6669 6670 6671 6672 6673 6674 6675 6676 6677 6678 6679 6680 6681 6682 6683 6684 6685 6686 6687 6688 6689 6690 6691 6692 6693 6694 6695 6696 6697 6698 6699 6700 6701 6702 6703 6704 6705 6706 6707 6708 6709 6710 6711 6712 6713 6714 6715 6716 6717 6718 6719 6720 6721 6722 6723 6724 6725 6726 6727 6728 6729 6730 6731 6732 6733 6734 6735 6736 6737 6738 6739 6740 6741 6742 6743 6744 
93 6745 6746 6747 6748 6749 6750 6751 6752 6753 6754 6755 6756 6757 6758 6759 6760 6761 6762 6763 6764 6765 6766 6767 6768 6769 6770 6771 6772 6773 6774 6775 6776 6777 6778 6779 6780 6781 6782 6783 6784 6785 6786 6787 6788 6789 6790 6791 6792 6793 6794 6795 6796 6797 6798 6799 6800 6801 6802 6803 6804 6805 6806 6807 6808 6809 6810 6811 6812 6813 6814 6815 6816 6817 6818 6819 6820 6821 6822 6823 6824 6825 6826 6827 6828 6829 6830 6831 6832 6833 6834 6835 6836 6837 
94 6838 6839 6840 6841 6842 6843 6844 6845 6846 6847 6848 6849 6850 6851 6852 6853 6854 6855 6856 6857 6858 6859 6860 6861 6862 6863 6864 6865 6866 6867 6868 6869 6870 6871 6872 6873 6874 6875 6876 6877 6878 6879 6880 6881 6882 6883 6884 6885 6886 6887 6888 6889 6890 6891 6892 6893 6894 6895 6896 6897 6898 6899 6900 6901 6902 6903 6904 6905 6906 6907 6908 6909 6910 6911 6912 6913 6914 6915 6916 6917 6918 6919 6920 6921 6922 6923 6924 6925 6926 6927 6928 6929 6930 6931 
94 6932 6933 6934 6935 6936 6937 6938 6939 6940 6941 6942 6943 6944 6945 6946 6947 6948 6949 6950 6951 6952 6953 6954 6955 6956 6957 6958 6959 6960 6961 6962 6963 6964 6965 6966 6967 6968 6969 6970 6971 6972 6973 6974 6975 6976 6977 6978 6979 6980 6981 6982 6983 6984 6985 6986 6987 6988 6989 6990 6991 6992 6993 6994 6995 6996 6997 6998 6999 7000 7001 7002 7003 7004 7005 7006 7007 7008 7009 7010 7011 7012 7013 7014 7015 7016 7017 7018 7019 7020 7021 7022 7023 7024 7025 
93 7026 7027 7028 7029 7030 7031 7032 7033 7034 7035 7036 7037 7038 7039 7040 7041 7042 7043 7044 7045 7046 7047 7048 7049 7050 7051 7052 7053 7054 7055 7056 7057 7058 7059 7060 7061 7062 7063 7064 7065 7066 7067 7068 7069 7070 7071 7072 7073 7074 7075 7076 7077 7078 7079 7080 7081 7082 7083 7084 7085 7086 7087 7088 7089 7090 7091 7092 7093 7094 7095 7096 7097 7098 7099 7100 7101 7102 7103 7104 7105 7106 7107 7108 7109 7110 7111 7112 7113 7114 7115 7116 7117 7118 
92 7119 7120 7121 7122 7123 7124 7125 7126 7127 7128 7129 7130 7131 7132 7133 7134 7135 7136 7137 7138 7139 7140 7141 7142 7143 7144 7145 7146 7147 7148 7149 7150 7151 7152 7153 7154 7155 7156 7157 7158 7159 7160 7161 7162 7163 7164 7165 7166 7167 7168 7169 7170 7171 7172 7173 7174 7175 7176 7177 7178 7179 7180 7181 7182 7183 7184 7185 7186 7187 7188 7189 7190 7191 7192 7193 7194 7195 7196 7197 7198 7199 7200 7201 7202 7203 7204 7205 7206 7207 7208 7209 7210 
94 7211 7212 7213 7214 7215 7216 7217 7218 7219 7220 7221 7222 7223 7224 7225 7226 7227 7228 7229 7230 7231 7232 7233 7234 7235 7236 7237 7238 7239 7240 7241 7242 7243 7244 7245 7246 7247 7248 7249 7250 7251 7252 7253 7254 7255 7256 7257 7258 7259 7260 7261 7262 7263 7264 7265 7266 7267 7268 7269 7270 7271 7272 7273 7274 7275 7276 7277 7278 7279 7280 7281 7282 7283 7284 7285 7286 7287 7288 7289 7290 7291 7292 7293 7294 7295 7296 7297 7298 7299 7300 7301 7302 7303 7304 
94 7305 7306 7307 7308 7309 7310 7311 7312 7313 7314 7315 7316 7317 7318 7319 7320 7321 7322 7323 7324 7325 7326 7327 7328 7329 7330 7331 7332 7333 7334 7335 7336 7337 7338 7339 7340 7341 7342 7343 7344 7345 7346 7347 7348 7349 7350 7351 7352 7353 7354 7355 7356 7357 7358 7359 7360 7361 7362 7363 7364 7365 7366 7367 7368 7369 7370 7371 7372 7373 7374 7375 7376 7377 7378 7379 7380 7381 7382 7383 7384 7385 7386 7387 7388 7389 7390 7391 7392 7393 7394 7395 7396 7397 7398 
93 7399 7400 7401 7402 7403 7404 7405 7406 7407 7408 7409 7410 7411 7412 7413 7414 7415 7416 7417 7418 7419 7420 7421 7422 7423 7424 7425 7426 7427 7428 7429 7430 7431 7432 7433 7434 7435 7436 7437 7438 7439 7440 7441 7442 7443 7444 7445 7446 7447 7448 7449 7450 7451 7452 7453 7454 7455 7456 7457 7458 7459 7460 7461 7462 7463 7464 7465 7466 7467 7468 7469 7470 7471 7472 7473 7474 7475 7476 7477 7478 7479 7480 7481 7482 7483 7484 7485 7486 7487 7488 7489 7490 7491 
94 7492 7493 7494 7495 7496 7497 7498 7499 7500 7501 7502 7503 7504 7505 7506 7507 7508 7509 7510 7511 7512 7513 7514 7515 7516 7517 7518 7519 7520 7521 7522 7523 7524 7525 7526 7527 7528 7529 7530 7531 7532 7533 7534 7535 7536 7537 7538 7539 7540 7541 7542 7543 7544 7545 7546 7547 7548 7549 7550 7551 7552 7553 7554 7555 7556 7557 7558 7559 7560 7561 7562 7563 7564 7565 7566 7567 7568 7569 7570 7571 7572 7573 7574 7575 7576 7577 7578 7579 7580 7581 7582 7583 7584 7585 
92 7586 7587 7588 7589 7590 7591 7592 7593 7594 7595 7596 7597 7598 7599 7600 7601 7602 7603 7604 7605 7606 7607 7608 7609 7610 7611 7612 7613 7614 7615 7616 7617 7618 7619 7620 7621 7622 7623 7624 7625 7626 7627 7628 7629 7630 7631 7632 7633 7634 7635 7636 7637 7638 7639 7640 7641 7642 7643 7644 7645 7646 7647 7648 7649 7650 7651 7652 7653 7654 7655 7656 7657 7658 7659 7660 7661 7662 7663 7664 7665 7666 7667 7668 7669 7670 7671 7672 7673 7674 7675 7676 7677 
93 7678 7679 7680 7681 7682 7683 7684 7685 7686 7687 7688 7689 7690 7691 7692 7693 7694 7695 7696 7697 7698 7699 7700 7701 7702 7703 7704 7705 7706 7707 7708 7709 7710 7711 7712 7713 7714 7715 7716 7717 7718 7719 7720 7721 7722 7723 7724 7725 7726 7727 7728 7729 7730 7731 7732 7733 7734 7735 7736 7737 7738 7739 7740 7741 7742 7743 7744 7745 7746 7747 7748 7749 7750 7751 7752 7753 7754 7755 7756 7757 7758 7759 7760 7761 7762 7763 7764 7765 7766 7767 7768 7769 7770 
92 7771 7772 7773 7774 7775 7776 7777 7778 7779 7780 7781 7782 7783 7784 7785 7786 7787 7788 7789 7790 7791 7792 7793 7794 7795 7796 7797 7798 7799 7800 7801 7802 7803 7804 7805 7806 7807 7808 7809 7810 7811 7812 7813 7814 7815 7816 7817 7818 7819 7820 7821 7822 7823 7824 7825 7826 7827 7828 7829 7830 7831 7832 7833 7834 7835 7836 7837 7838 7839 7840 7841 7842 7843 7844 7845 7846 7847 7848 7849 7850 7851 7852 7853 7854 7855 7856 7857 7858 7859 7860 7861 7862 
94 7863 7864 7865 7866 7867 7868 7869 7870 7871 7872 7873 7874 7875 7876 7877 7878 7879 7880 7881 7882 7883 7884 7885 7886 7887 7888 7889 7890 7891 7892 7893 7894 7895 7896 7897 7898 7899 7900 7901 7902 7903 7904 7905 7906 7907 7908 7909 7910 7911 7912 7913 7914 7915 7916 7917 7918 7919 7920 7921 7922 7923 7924 7925 7926 7927 7928 7929 7930 7931 7932 7933 7934 7935 7936 7937 7938 7939 7940 7941 7942 7943 7944 7945 7946 7947 7948 7949 7950 7951 7952 7953 7954 7955 7956 
92 7957 7958 7959 7960 7961 7962 7963 7964 7965 7966 7967 7968 7969 7970 7971 7972 7973 7974 7975 7976 7977 7978 7979 7980 7981 7982 7983 7984 7985 7986 7987 7988 7989 7990 7991 7992 7993 7994 7995 7996 7997 7998 7999 8000 8001 8002 8003 8004 8005 8006 8007 8008 8009 8010 8011 8012 8013 8014 8015 8016 8017 8018 8019 8020 8021 8022 8023 8024 8025 8026 8027 8028 8029 8030 8031 8032 8033 8034 8035 8036 8037 8038 8039 8040 8041 8042 8043 8044 8045 8046 8047 8048 
94 8049 8050 8051 8052 8053 8054 8055 8056 8057 8058 8059 8060 8061 8062 8063 8064 8065 8066 8067 8068 8069 8070 8071 8072 8073 8074 8075 8076 8077 8078 8079 8080 8081 8082 8083 8084 8085 8086 8087 8088 8089 8090 8091 8092 8093 8094 8095 8096 8097 8098 8099 8100 8101 8102 8103 8104 8105 8106 8107 8108 8109 8110 8111 8112 8113 8114 8115 8116 8117 8118 8119 8120 8121 8122 8123 8124 8125 8126 8127 8128 8129 8130 8131 8132 8133 8134 8135 8136 8137 8138 8139 8140 8141 8142 
92 8143 8144 8145 8146 8147 8148 8149 8150 8151 8152 8153 8154 8155 8156 8157 8158 8159 8160 8161 8162 8163 8164 8165 8166 8167 8168 8169 8170 8171 8172 8173 8174 8175 8176 8177 8178 8179 8180 8181 8182 8183 8184 8185 8186 8187 8188 8189 8190 8191 8192 8193 8194 8195 8196 8197 8198 8199 8200 8201 8202 8203 8204 8205 8206 8207 8208 8209 8210 8211 8212 8213 8214 8215 8216 8217 8218 8219 8220 8221 8222 8223 8224 8225 8226 8227 8228 8229 8230 8231 8232 8233 8234 
90 8235 8236 8237 8238 8239 8240 8241 8242 8243 8244 8245 8246 8247 8248 8249 8250 8251 8252 8253 8254 8255 8256 8257 8258 8259 8260 8261 8262 8263 8264 8265 8266 8267 8268 8269 8270 8271 8272 8273 8274 8275 8276 8277 8278 8279 8280 8281 8282 8283 8284 8285 8286 8287 8288 8289 8290 8291 8292 8293 8294 8295 8296 8297 8298 8299 8300 8301 8302 8303 8304 8305 8306 8307 8308 8309 8310 8311 8312 8313 8314 8315 8316 8317 8318 8319 8320 8321 8322 8323 8324 
94 8325 8326 8327 8328 8329 8330 8331 8332 8333 8334 8335 8336 8337 8338 8339 8340 8341 8342 8343 8344 8345 8346 8347 8348 8349 8350 8351 8352 8353 8354 8355 8356 8357 8358 8359 8360 8361 8362 8363 8364 8365 8366 8367 8368 8369 8370 8371 8372 8373 8374 8375 8376 8377 8378 8379 8380 8381 8382 8383 8384 8385 8386 8387 8388 8389 8390 8391 8392 8393 8394 8395 8396 8397 8398 8399 8400 8401 8402 8403 8404 8405 8406 8407 8408 8409 8410 8411 8412 8413 8414 8415 8416 8417 8418 
92 8419 8420 8421 8422 8423 8424 8425 8426 8427 8428 8429 8430 8431 8432 8433 8434 8435 8436 8437 8438 8439 8440 8441 8442 8443 8444 8445 8446 8447 8448 8449 8450 8451 8452 8453 8454 8455 8456 8457 8458 8459 8460 8461 8462 8463 8464 8465 8466 8467 8468 8469 8470 8471 8472 8473 8474 8475 8476 8477 8478 8479 8480 8481 8482 8483 8484 8485 8486 8487 8488 8489 8490 8491 8492 8493 8494 8495 8496 8497 8498 8499 8500 8501 8502 8503 8504 8505 8506 8507 8508 8509 8510 
90 8511 8512 8513 8514 8515 8516 8517 8518 8519 8520 8521 8522 8523 8524 8525 8526 8527 8528 8529 8530 8531 8532 8533 8534 8535 8536 8537 8538 8539 8540 8541 8542 8543 8544 8545 8546 8547 8548 8549 8550 8551 8552 8553 8554 8555 8556 8557 8558 8559 8560 8561 8562 8563 8564 8565 8566 8567 8568 8569 8570 8571 8572 8573 8574 8575 8576 8577 8578 8579 8580 8581 8582 8583 8584 8585 8586 8587 8588 8589 8590 8591 8592 8593 8594 8595 8596 8597 8598 8599 8600 
93 8601 8602 8603 8604 8605 8606 8607 8608 8609 8610 8611 8612 8613 8614 8615 8616 8617 8618 8619 8620 8621 8622 8623 8624 8625 8626 8627 8628 8629 8630 8631 8632 8633 8634 8635 8636 8637 8638 8639 8640 8641 8642 8643 8644 8645 8646 8647 8648 8649 8650 8651 8652 8653 8654 8655 8656 8657 8658 8659 8660 8661 8662 8663 8664 8665 8666 8667 8668 8669 8670 8671 8672 8673 8674 8675 8676 8677 8678 8679 8680 8681 8682 8683 8684 8685 8686 8687 8688 8689 8690 8691 8692 8693 
90 8694 8695 8696 8697 8698 8699 8700 8701 8702 8703 8704 8705 8706 8707 8708 8709 8710 8711 8712 8713 8714 8715 8716 8717 8718 8719 8720 8721 8722 8723 8724 8725 8726 8727 8728 8729 8730 8731 8732 8733 8734 8735 8736 8737 8738 8739 8740 8741 8742 8743 8744 8745 8746 8747 8748 8749 8750 8751 8752 8753 8754 8755 8756 8757 8758 8759 8760 8761 8762 8763 8764 8765 8766 8767 8768 8769 8770 8771 8772 8773 8774 8775 8776 8777 8778 8779 8780 8781 8782 8783 
92 8784 8785 8786 8787 8788 8789 8790 8791 8792 8793 8794 8795 8796 8797 8798 8799 8800 8801 8802 8803 8804 8805 8806 8807 8808 8809 8810 8811 8812 8813 8814 8815 8816 8817 8818 8819 8820 8821 8822 8823 8824 8825 8826 8827 8828 8829 8830 8831 8832 8833 8834 8835 8836 8837 8838 8839 8840 8841 8842 8843 8844 8845 8846 8847 8848 8849 8850 8851 8852 8853 8854 8855 8856 8857 8858 8859 8860 8861 8862 8863 8864 8865 8866 8867 8868 8869 8870 8871 8872 8873 8874 8875 
90 8876 8877 8878 8879 8880 8881 8882 8883 8884 8885 8886 8887 8888 8889 8890 8891 8892 8893 8894 8895 8896 8897 8898 8899 8900 8901 8902 8903 8904 8905 8906 8907 8908 8909 8910 8911 8912 8913 8914 8915 8916 8917 8918 8919 8920 8921 8922 8923 8924 8925 8926 8927 8928 8929 8930 8931 8932 8933 8934 8935 8936 8937 8938 8939 8940 8941 8942 8943 8944 8945 8946 8947 8948 8949 8950 8951 8952 8953 8954 8955 8956 8957 8958 8959 8960 8961 8962 8963 8964 8965 
92 8966 8967 8968 8969 8970 8971 8972 8973 8974 8975 8976 8977 8978 8979 8980 8981 8982 8983 8984 8985 8986 8987 8988 8989 8990 8991 8992 8993 8994 8995 8996 8997 8998 8999 9000 9001 9002 9003 9004 9005 9006 9007 9008 9009 9010 9011 9012 9013 9014 9015 9016 9017 9018 9019 9020 9021 9022 9023 9024 9025 9026 9027 9028 9029 9030 9031 9032 9033 9034 9035 9036 9037 9038 9039 9040 9041 9042 9043 9044 9045 9046 9047 9048 9049 9050 9051 9052 9053 9054 9055 9056 9057 
93 9058 9059 9060 9061 9062 9063 9064 9065 9066 9067 9068 9069 9070 9071 9072 9073 9074 9075 9076 9077 9078 9079 9080 9081 9082 9083 9084 9085 9086 9087 9088 9089 9090 9091 9092 9093 9094 9095 9096 9097 9098 9099 9100 9101 9102 9103 9104 9105 9106 9107 9108 9109 9110 9111 9112 9113 9114 9115 9116 9117 9118 9119 9120 9121 9122 9123 9124 9125 9126 9127 9128 9129 9130 9131 9132 9133 9134 9135 9136 9137 9138 9139 9140 9141 9142 9143 9144 9145 9146 9147 9148 9149 9150 
91 9151 9152 9153 9154 9155 9156 9157 9158 9159 9160 9161 9162 9163 9164 9165 9166 9167 9168 9169 9170 9171 9172 9173 9174 9175 9176 9177 9178 9179 9180 9181 9182 9183 9184 9185 9186 9187 9188 9189 9190 9191 9192 9193 9194 9195 9196 9197 9198 9199 9200 9201 9202 9203 9204 9205 9206 9207 9208 9209 9210 9211 9212 9213 9214 9215 9216 9217 9218 9219 9220 9221 9222 9223 9224 9225 9226 9227 9228 9229 9230 9231 9232 9233 9234 9235 9236 9237 9238 9239 9240 9241 
94 9242 9243 9244 9245 9246 9247 9248 9249 9250 9251 9252 9253 9254 9255 9256 9257 9258 9259 9260 9261 9262 9263 9264 9265 9266 9267 9268 9269 9270 9271 9272 9273 9274 9275 9276 9277 9278 9279 9280 9281 9282 9283 9284 9285 9286 9287 9288 9289 9290 9291 9292 9293 9294 9295 9296 9297 9298 9299 9300 9301 9302 9303 9304 9305 9306 9307 9308 9309 9310 9311 9312 9313 9314 9315 9316 9317 9318 9319 9320 9321 9322 9323 9324 9325 9326 9327 9328 9329 9330 9331 9332 9333 9334 9335 
92 9336 9337 9338 9339 9340 9341 9342 9343 9344 9345 9346 9347 9348 9349 9350 9351 9352 9353 9354 9355 9356 9357 9358 9359 9360 9361 9362 9363 9364 9365 9366 9367 9368 9369 9370 9371 9372 9373 9374 9375 9376 9377 9378 9379 9380 9381 9382 9383 9384 9385 9386 9387 9388 9389 9390 9391 9392 9393 9394 9395 9396 9397 9398 9399 9400 9401 9402 9403 9404 9405 9406 9407 9408 9409 9410 9411 9412 9413 9414 9415 9416 9417 9418 9419 9420 9421 9422 9423 9424 9425 9426 9427 
92 9428 9429 9430 9431 9432 9433 9434 9435 9436 9437 9438 9439 9440 9441 9442 9443 9444 9445 9446 9447 9448 9449 9450 9451 9452 9453 9454 9455 9456 9457 9458 9459 9460 9461 9462 9463 9464 9465 9466 9467 9468 9469 9470 9471 9472 9473 9474 9475 9476 9477 9478 9479 9480 9481 9482 9483 9484 9485 9486 9487 9488 9489 9490 9491 9492 9493 9494 9495 9496 9497 9498 9499 9500 9501 9502 9503 9504 9505 9506 9507 9508 9509 9510 9511 9512 9513 9514 9515 9516 9517 9518 9519 
90 9520 9521 9522 9523 9524 9525 9526 9527 9528 9529 9530 9531 9532 9533 9534 9535 9536 9537 9538 9539 9540 9541 9542 9543 9544 9545 9546 9547 9548 9549 9550 9551 9552 9553 9554 9555 9556 9557 9558 9559 9560 9561 9562 9563 9564 9565 9566 9567 9568 9569 9570 9571 9572 9573 9574 9575 9576 9577 9578 9579 9580 9581 9582 9583 9584 9585 9586 9587 9588 9589 9590 9591 9592 9593 9594 9595 9596 9597 9598 9599 9600 9601 9602 9603 9604 9605 9606 9607 9608 9609 
95 9610 9611 9612 9613 9614 9615 9616 9617 9618 9619 9620 9621 9622 9623 9624 9625 9626 9627 9628 9629 9630 9631 9632 9633 9634 9635 9636 9637 9638 9639 9640 9641 9642 9643 9644 9645 9646 9647 9648 9649 9650 9651 9652 9653 9654 9655 9656 9657 9658 9659 9660 9661 9662 9663 9664 9665 9666 9667 9668 9669 9670 9671 9672 9673 9674 9675 9676 9677 9678 9679 9680 9681 9682 9683 9684 9685 9686 9687 9688 9689 9690 9691 9692 9693 9694 9695 9696 9697 9698 9699 9700 9701 9702 9703 9704 
94 9705 9706 9707 9708 9709 9710 9711 9712 9713 9714 9715 9716 9717 9718 9719 9720 9721 9722 9723 9724 9725 9726 9727 9728 9729 9730 9731 9732 9733 9734 9735 9736 9737 9738 9739 9740 9741 9742 9743 9744 9745 9746 9747 9748 9749 9750 9751 9752 9753 9754 9755 9756 9757 9758 9759 9760 9761 9762 9763 9764 9765 9766 9767 9768 9769 9770 9771 9772 9773 9774 9775 9776 9777 9778 9779 9780 9781 9782 9783 9784 9785 9786 9787 9788 9789 9790 9791 9792 9793 9794 9795 9796 9797 9798 
90 9799 9800 9801 9802 9803 9804 9805 9806 9807 9808 9809 9810 9811 9812 9813 9814 9815 9816 9817 9818 9819 9820 9821 9822 9823 9824 9825 9826 9827 9828 9829 9830 9831 9832 9833 9834 9835 9836 9837 9838 9839 9840 9841 9842 9843 9844 9845 9846 9847 9848 9849 9850 9851 9852 9853 9854 9855 9856 9857 9858 9859 9860 9861 9862 9863 9864 9865 9866 9867 9868 9869 9870 9871 9872 9873 9874 9875 9876 9877 9878 9879 9880 9881 9882 9883 9884 9885 9886 9887 9888 
92 9889 9890 9891 9892 9893 9894 9895 9896 9897 9898 9899 9900 9901 9902 9903 9904 9905 9906 9907 9908 9909 9910 9911 9912 9913 9914 9915 9916 9917 9918 9919 9920 9921 9922 9923 9924 9925 9926 9927 9928 9929 9930 9931 9932 9933 9934 9935 9936 9937 9938 9939 9940 9941 9942 9943 9944 9945 9946 9947 9948 9949 9950 9951 9952 9953 9954 9955 9956 9957 9958 9959 9960 9961 9962 9963 9964 9965 9966 9967 9968 9969 9970 9971 9972 9973 9974 9975 9976 9977 9978 9979 9980 
90 9981 9982 9983 9984 9985 9986 9987 9988 9989 9990 9991 9992 9993 9994 9995 9996 9997 9998 9999 10000 10001 10002 10003 10004 10005 10006 10007 10008 10009 10010 10011 10012 10013 10014 10015 10016 10017 10018 10019 10020 10021 10022 10023 10024 10025 10026 10027 10028 10029 10030 10031 10032 10033 10034 10035 10036 10037 10038 10039 10040 10041 10042 10043 10044 10045 10046 10047 10048 10049 10050 10051 10052 10053 10054 10055 10056 10057 10058 10059 10060 10061 10062 10063 10064 10065 10066 10067 10068 10069 10070 
93 10071 10072 10073 10074 10075 10076 10077 10078 10079 10080 10081 10082 10083 10084 10085 10086 10087 10088 10089 10090 10091 10092 10093 10094 10095 10096 10097 10098 10099 10100 10101 10102 10103 10104 10105 10106 10107 10108 10109 10110 10111 10112 10113 10114 10115 10116 10117 10118 10119 10120 10121 10122 10123 10124 10125 10126 10127 10128 10129 10130 10131 10132 10133 10134 10135 10136 10137 10138 10139 10140 10141 10142 10143 10144 10145 10146 10147 10148 10149 10150 10151 10152 10153 10154 10155 10156 10157 10158 10159 10160 10161 10162 10163 
94 10164 10165 10166 10167 10168 10169 10170 10171 10172 10173 10174 10175 10176 10177 10178 10179 10180 10181 10182 10183 10184 10185 10186 10187 10188 10189 10190 10191 10192 10193 10194 10195 10196 10197 10198 10199 10200 10201 10202 10203 10204 10205 10206 10207 10208 10209 10210 10211 10212 10213 10214 10215 10216 10217 10218 10219 10220 10221 10222 10223 10224 10225 10226 10227 10228 10229 10230 10231 10232 10233 10234 10235 10236 10237 10238 10239 10240 10241 10242 10243 10244 10245 10246 10247 10248 10249 10250 10251 10252 10253 10254 10255 10256 10257 
93 10258 10259 10260 10261 10262 10263 10264 10265 10266 10267 10268 10269 10270 10271 10272 10273 10274 10275 10276 10277 10278 10279 10280 10281 10282 10283 10284 10285 10286 10287 10288 10289 10290 10291 10292 10293 10294 10295 10296 10297 10298 10299 10300 10301 10302 10303 10304 10305 10306 10307 10308 10309 10310 10311 10312 10313 10314 10315 10316 10317 10318 10319 10320 10321 10322 10323 10324 10325 10326 10327 10328 10329 10330 10331 10332 10333 10334 10335 10336 10337 10338 10339 10340 10341 10342 10343 10344 10345 10346 10347 10348 10349 10350 
92 10351 10352 10353 10354 10355 10356 10357 10358 10359 10360 10361 10362 10363 10364 10365 10366 10367 10368 10369 10370 10371 10372 10373 10374 10375 10376 10377 10378 10379 10380 10381 10382 10383 10384 10385 10386 10387 10388 10389 10390 10391 10392 10393 10394 10395 10396 10397 10398 10399 10400 10401 10402 10403 10404 10405 10406 10407 10408 10409 10410 10411 10412 10413 10414 10415 10416 10417 10418 10419 10420 10421 10422 10423 10424 10425 10426 10427 10428 10429 10430 10431 10432 10433 10434 10435 10436 10437 10438 10439 10440 10441 10442 
90 10443 10444 10445 10446 10447 10448 10449 10450 10451 10452 10453 10454 10455 10456 10457 10458 10459 10460 10461 10462 10463 10464 10465 10466 10467 10468 10469 10470 10471 10472 10473 10474 10475 10476 10477 10478 10479 10480 10481 10482 10483 10484 10485 10486 10487 10488 10489 10490 10491 10492 10493 10494 10495 10496 10497 10498 10499 10500 10501 10502 10503 10504 10505 10506 10507 10508 10509 10510 10511 10512 10513 10514 10515 10516 10517 10518 10519 10520 10521 10522 10523 10524 10525 10526 10527 10528 10529 10530 10531 10532 
92 10533 10534 10535 10536 10537 10538 10539 10540 10541 10542 10543 10544 10545 10546 10547 10548 10549 10550 10551 10552 10553 10554 10555 10556 10557 10558 10559 10560 10561 10562 10563 10564 10565 10566 10567 10568 10569 10570 10571 10572 10573 10574 10575 10576 10577 10578 10579 10580 10581 10582 10583 10584 10585 10586 10587 10588 10589 10590 10591 10592 10593 10594 10595 10596 10597 10598 10599 10600 10601 10602 10603 10604 10605 10606 10607 10608 10609 10610 10611 10612 10613 10614 10615 10616 10617 10618 10619 10620 10621 10622 10623 10624 
91 10625 10626 10627 10628 10629 10630 10631 10632 10633 10634 10635 10636 10637 10638 10639 10640 10641 10642 10643 10644 10645 10646 10647 10648 10649 10650 10651 10652 10653 10654 10655 10656 10657 10658 10659 10660 10661 10662 10663 10664 10665 10666 10667 10668 10669 10670 10671 10672 10673 10674 10675 10676 10677 10678 10679 10680 10681 10682 10683 10684 10685 10686 10687 10688 10689 10690 10691 10692 10693 10694 10695 10696 10697 10698 10699 10700 10701 10702 10703 10704 10705 10706 10707 10708 10709 10710 10711 10712 10713 10714 10715 
92 10716 10717 10718 10719 10720 10721 10722 10723 10724 10725 10726 10727 10728 10729 10730 10731 10732 10733 10734 10735 10736 10737 10738 10739 10740 10741 10742 10743 10744 10745 10746 10747 10748 10749 10750 10751 10752 10753 10754 10755 10756 10757 10758 10759 10760 10761 10762 10763 10764 10765 10766 10767 10768 10769 10770 10771 10772 10773 10774 10775 10776 10777 10778 10779 10780 10781 10782 10783 10784 10785 10786 10787 10788 10789 10790 10791 10792 10793 10794 10795 10796 10797 10798 10799 10800 10801 10802 10803 10804 10805 10806 10807 
92 10808 10809 10810 10811 10812 10813 10814 10815 10816 10817 10818 10819 10820 10821 10822 10823 10824 10825 10826 10827 10828 10829 10830 10831 10832 10833 10834 10835 10836 10837 10838 10839 10840 10841 10842 10843 10844 10845 10846 10847 10848 10849 10850 10851 10852 10853 10854 10855 10856 10857 10858 10859 10860 10861 10862 10863 10864 10865 10866 10867 10868 10869 10870 10871 10872 10873 10874 10875 10876 10877 10878 10879 10880 10881 10882 10883 10884 10885 10886 10887 10888 10889 10890 10891 10892 10893 10894 10895 10896 10897 10898 10899 
94 10900 10901 10902 10903 10904 10905 10906 10907 10908 10909 10910 10911 10912 10913 10914 10915 10916 10917 10918 10919 10920 10921 10922 10923 10924 10925 10926 10927 10928 10929 10930 10931 10932 10933 10934 10935 10936 10937 10938 10939 10940 10941 10942 10943 10944 10945 10946 10947 10948 10949 10950 10951 10952 10953 10954 10955 10956 10957 10958 10959 10960 10961 10962 10963 10964 10965 10966 10967 10968 10969 10970 10971 10972 10973 10974 10975 10976 10977 10978 10979 10980 10981 10982 10983 10984 10985 10986 10987 10988 10989 10990 10991 10992 10993 
92 10994 10995 10996 10997 10998 10999 11000 11001 11002 11003 11004 11005 11006 11007 11008 11009 11010 11011 11012 11013 11014 11015 11016 11017 11018 11019 11020 11021 11022 11023 11024 11025 11026 11027 11028 11029 11030 11031 11032 11033 11034 11035 11036 11037 11038 11039 11040 11041 11042 11043 11044 11045 11046 11047 11048 11049 11050 11051 11052 11053 11054 11055 11056 11057 11058 11059 11060 11061 11062 11063 11064 11065 11066 11067 11068 11069 11070 11071 11072 11073 11074 11075 11076 11077 11078 11079 11080 11081 11082 11083 11084 11085 
92 11086 11087 11088 11089 11090 11091 11092 11093 11094 11095 11096 11097 11098 11099 11100 11101 11102 11103 11104 11105 11106 11107 11108 11109 11110 11111 11112 11113 11114 11115 11116 11117 11118 11119 11120 11121 11122 11123 11124 11125 11126 11127 11128 11129 11130 11131 11132 11133 11134 11135 11136 11137 11138 11139 11140 11141 11142 11143 11144 11145 11146 11147 11148 11149 11150 11151 11152 11153 11154 11155 11156 11157 11158 11159 11160 11161 11162 11163 11164 11165 11166 11167 11168 11169 11170 11171 11172 11173 11174 11175 11176 11177 
93 11178 11179 11180 11181 11182 11183 11184 11185 11186 11187 11188 11189 11190 11191 11192 11193 11194 11195 11196 11197 11198 11199 11200 11201 11202 11203 11204 11205 11206 11207 11208 11209 11210 11211 11212 11213 11214 11215 11216 11217 11218 11219 11220 11221 11222 11223 11224 11225 11226 11227 11228 11229 11230 11231 11232 11233 11234 11235 11236 11237 11238 11239 11240 11241 11242 11243 11244 11245 11246 11247 11248 11249 11250 11251 11252 11253 11254 11255 11256 11257 11258 11259 11260 11261 11262 11263 11264 11265 11266 11267 11268 11269 11270 
90 11271 11272 11273 11274 11275 11276 11277 11278 11279 11280 11281 11282 11283 11284 11285 11286 11287 11288 11289 11290 11291 11292 11293 11294 11295 11296 11297 11298 11299 11300 11301 11302 11303 11304 11305 11306 11307 11308 11309 11310 11311 11312 11313 11314 11315 11316 11317 11318 11319 11320 11321 11322 11323 11324 11325 11326 11327 11328 11329 11330 11331 11332 11333 11334 11335 11336 11337 11338 11339 11340 11341 11342 11343 11344 11345 11346 11347 11348 11349 11350 11351 11352 11353 11354 11355 11356 11357 11358 11359 11360 
94 11361 11362 11363 11364 11365 11366 11367 11368 11369 11370 11371 11372 11373 11374 11375 11376 11377 11378 11379 11380 11381 11382 11383 11384 11385 11386 11387 11388 11389 11390 11391 11392 11393 11394 11395 11396 11397 11398 11399 11400 11401 11402 11403 11404 11405 11406 11407 11408 11409 11410 11411 11412 11413 11414 11415 11416 11417 11418 11419 11420 11421 11422 11423 11424 11425 11426 11427 11428 11429 11430 11431 11432 11433 11434 11435 11436 11437 11438 11439 11440 11441 11442 11443 11444 11445 11446 11447 11448 11449 11450 11451 11452 11453 11454 
91 11455 11456 11457 11458 11459 11460 11461 11462 11463 11464 11465 11466 11467 11468 11469 11470 11471 11472 11473 11474 11475 11476 11477 11478 11479 11480 11481 11482 11483 11484 11485 11486 11487 11488 11489 11490 11491 11492 11493 11494 11495 11496 11497 11498 11499 11500 11501 11502 11503 11504 11505 11506 11507 11508 11509 11510 11511 11512 11513 11514 11515 11516 11517 11518 11519 11520 11521 11522 11523 11524 11525 11526 11527 11528 11529 11530 11531 11532 11533 11534 11535 11536 11537 11538 11539 11540 11541 11542 11543 11544 11545 
94 11546 11547 11548 11549 11550 11551 11552 11553 11554 11555 11556 11557 11558 11559 11560 11561 11562 11563 11564 11565 11566 11567 11568 11569 11570 11571 11572 11573 11574 11575 11576 11577 11578 11579 11580 11581 11582 11583 11584 11585 11586 11587 11588 11589 11590 11591 11592 11593 11594 11595 11596 11597 11598 11599 11600 11601 11602 11603 11604 11605 11606 11607 11608 11609 11610 11611 11612 11613 11614 11615 11616 11617 11618 11619 11620 11621 11622 11623 11624 11625 11626 11627 11628 11629 11630 11631 11632 11633 11634 11635 11636 11637 11638 11639 
92 11640 11641 11642 11643 11644 11645 11646 11647 11648 11649 11650 11651 11652 11653 11654 11655 11656 11657 11658 11659 11660 11661 11662 11663 11664 11665 11666 11667 11668 11669 11670 11671 11672 11673 11674 11675 11676 11677 11678 11679 11680 11681 11682 11683 11684 11685 11686 11687 11688 11689 11690 11691 11692 11693 11694 11695 11696 11697 11698 11699 11700 11701 11702 11703 11704 11705 11706 11707 11708 11709 11710 11711 11712 11713 11714 11715 11716 11717 11718 11719 11720 11721 11722 11723 11724 11725 11726 11727 11728 11729 11730 11731 
91 11732 11733 11734 11735 11736 11737 11738 11739 11740 11741 11742 11743 11744 11745 11746 11747 11748 11749 11750 11751 11752 11753 11754 11755 11756 11757 11758 11759 11760 11761 11762 11763 11764 11765 11766 11767 11768 11769 11770 11771 11772 11773 11774 11775 11776 11777 11778 11779 11780 11781 11782 11783 11784 11785 11786 11787 11788 11789 11790 11791 11792 11793 11794 11795 11796 11797 11798 11799 11800 11801 11802 11803 11804 11805 11806 11807 11808 11809 11810 11811 11812 11813 11814 11815 11816 11817 11818 11819 11820 11821 11822 
92 11823 11824 11825 11826 11827 11828 11829 11830 11831 11832 11833 11834 11835 11836 11837 11838 11839 11840 11841 11842 11843 11844 11845 11846 11847 11848 11849 11850 11851 11852 11853 11854 11855 11856 11857 11858 11859 11860 11861 11862 11863 11864 11865 11866 11867 11868 11869 11870 11871 11872 11873 11874 11875 11876 11877 11878 11879 11880 11881 11882 11883 11884 11885 11886 11887 11888 11889 11890 11891 11892 11893 11894 11895 11896 11897 11898 11899 11900 11901 11902 11903 11904 11905 11906 11907 11908 11909 11910 11911 11912 11913 11914 
91 11915 11916 11917 11918 11919 11920 11921 11922 11923 11924 11925 11926 11927 11928 11929 11930 11931 11932 11933 11934 11935 11936 11937 11938 11939 11940 11941 11942 11943 11944 11945 11946 11947 11948 11949 11950 11951 11952 11953 11954 11955 11956 11957 11958 11959 11960 11961 11962 11963 11964 11965 11966 11967 11968 11969 11970 11971 11972 11973 11974 11975 11976 11977 11978 11979 11980 11981 11982 11983 11984 11985 11986 11987 11988 11989 11990 11991 11992 11993 11994 11995 11996 11997 11998 11999 12000 12001 12002 12003 12004 12005 
92 12006 12007 12008 12009 12010 12011 12012 12013 12014 12015 12016 12017 12018 12019 12020 12021 12022 12023 12024 12025 12026 12027 12028 12029 12030 12031 12032 12033 12034 12035 12036 12037 12038 12039 12040 12041 12042 12043 12044 12045 12046 12047 12048 12049 12050 12051 12052 12053 12054 12055 12056 12057 12058 12059 12060 12061 12062 12063 12064 12065 12066 12067 12068 12069 12070 12071 12072 12073 12074 12075 12076 12077 12078 12079 12080 12081 12082 12083 12084 12085 12086 12087 12088 12089 12090 12091 12092 12093 12094 12095 12096 12097 
93 12098 12099 12100 12101 12102 12103 12104 12105 12106 12107 12108 12109 12110 12111 12112 12113 12114 12115 12116 12117 12118 12119 12120 12121 12122 12123 12124 12125 12126 12127 12128 12129 12130 12131 12132 12133 12134 12135 12136 12137 12138 12139 12140 12141 12142 12143 12144 12145 12146 12147 12148 12149 12150 12151 12152 12153 12154 12155 12156 12157 12158 12159 12160 12161 12162 12163 12164 12165 12166 12167 12168 12169 12170 12171 12172 12173 12174 12175 12176 12177 12178 12179 12180 12181 12182 12183 12184 12185 12186 12187 12188 12189 12190 
93 12191 12192 12193 12194 12195 12196 12197 12198 12199 12200 12201 12202 12203 12204 12205 12206 12207 12208 12209 12210 12211 12212 12213 12214 12215 12216 12217 12218 12219 12220 12221 12222 12223 12224 12225 12226 12227 12228 12229 12230 12231 12232 12233 12234 12235 12236 12237 12238 12239 12240 12241 12242 12243 12244 12245 12246 12247 12248 12249 12250 12251 12252 12253 12254 12255 12256 12257 12258 12259 12260 12261 12262 12263 12264 12265 12266 12267 12268 12269 12270 12271 12272 12273 12274 12275 12276 12277 12278 12279 12280 12281 12282 12283 
92 12284 12285 12286 12287 12288 12289 12290 12291 12292 12293 12294 12295 12296 12297 12298 12299 12300 12301 12302 12303 12304 12305 12306 12307 12308 12309 12310 12311 12312 12313 12314 12315 12316 12317 12318 12319 12320 12321 12322 12323 12324 12325 12326 12327 12328 12329 12330 12331 12332 12333 12334 12335 12336 12337 12338 12339 12340 12341 12342 12343 12344 12345 12346 12347 12348 12349 12350 12351 12352 12353 12354 12355 12356 12357 12358 12359 12360 12361 12362 12363 12364 12365 12366 12367 12368 12369 12370 12371 12372 12373 12374 12375 
94 12376 12377 12378 12379 12380 12381 12382 12383 12384 12385 12386 12387 12388 12389 12390 12391 12392 12393 12394 12395 12396 12397 12398 12399 12400 12401 12402 12403 12404 12405 12406 12407 12408 12409 12410 12411 12412 12413 12414 12415 12416 12417 12418 12419 12420 12421 12422 12423 12424 12425 12426 12427 12428 12429 12430 12431 12432 12433 12434 12435 12436 12437 12438 12439 12440 12441 12442 12443 12444 12445 12446 12447 12448 12449 12450 12451 12452 12453 12454 12455 12456 12457 12458 12459 12460 12461 12462 12463 12464 12465 12466 12467 12468 12469 
92 12470 12471 12472 12473 12474 12475 12476 12477 12478 12479 12480 12481 12482 12483 12484 12485 12486 12487 12488 12489 12490 12491 12492 12493 12494 12495 12496 12497 12498 12499 12500 12501 12502 12503 12504 12505 12506 12507 12508 12509 12510 12511 12512 12513 12514 12515 12516 12517 12518 12519 12520 12521 12522 12523 12524 12525 12526 12527 12528 12529 12530 12531 12532 12533 12534 12535 12536 12537 12538 12539 12540 12541 12542 12543 12544 12545 12546 12547 12548 12549 12550 12551 12552 12553 12554 12555 12556 12557 12558 12559 12560 12561 
93 12562 12563 12564 12565 12566 12567 12568 12569 12570 12571 12572 12573 12574 12575 12576 12577 12578 12579 12580 12581 12582 12583 12584 12585 12586 12587 12588 12589 12590 12591 12592 12593 12594 12595 12596 12597 12598 12599 12600 12601 12602 12603 12604 12605 12606 12607 12608 12609 12610 12611 12612 12613 12614 12615 12616 12617 12618 12619 12620 12621 12622 12623 12624 12625 12626 12627 12628 12629 12630 12631 12632 12633 12634 12635 12636 12637 12638 12639 12640 12641 12642 12643 12644 12645 12646 12647 12648 12649 12650 12651 12652 12653 12654 
92 12655 12656 12657 12658 12659 12660 12661 12662 12663 12664 12665 12666 12667 12668 12669 12670 12671 12672 12673 12674 12675 12676 12677 12678 12679 12680 12681 12682 12683 12684 12685 12686 12687 12688 12689 12690 12691 12692 12693 12694 12695 12696 12697 12698 12699 12700 12701 12702 12703 12704 12705 12706 12707 12708 12709 12710 12711 12712 12713 12714 12715 12716 12717 12718 12719 12720 12721 12722 12723 12724 12725 12726 12727 12728 12729 12730 12731 12732 12733 12734 12735 12736 12737 12738 12739 12740 12741 12742 12743 12744 12745 12746 
93 12747 12748 12749 12750 12751 12752 12753 12754 12755 12756 12757 12758 12759 12760 12761 12762 12763 12764 12765 12766 12767 12768 12769 12770 12771 12772 12773 12774 12775 12776 12777 12778 12779 12780 12781 12782 12783 12784 12785 12786 12787 12788 12789 12790 12791 12792 12793 12794 12795 12796 12797 12798 12799 12800 12801 12802 12803 12804 12805 12806 12807 12808 12809 12810 12811 12812 12813 12814 12815 12816 12817 12818 12819 12820 12821 12822 12823 12824 12825 12826 12827 12828 12829 12830 12831 12832 12833 12834 12835 12836 12837 12838 12839 
92 12840 12841 12842 12843 12844 12845 12846 12847 12848 12849 12850 12851 12852 12853 12854 12855 12856 12857 12858 12859 12860 12861 12862 12863 12864 12865 12866 12867 12868 12869 12870 12871 12872 12873 12874 12875 12876 12877 12878 12879 12880 12881 12882 12883 12884 12885 12886 12887 12888 12889 12890 12891 12892 12893 12894 12895 12896 12897 12898 12899 12900 12901 12902 12903 12904 12905 12906 12907 12908 12909 12910 12911 12912 12913 12914 12915 12916 12917 12918 12919 12920 12921 12922 12923 12924 12925 12926 12927 12928 12929 12930 12931 
92 12932 12933 12934 12935 12936 12937 12938 12939 12940 12941 12942 12943 12944 12945 12946 12947 12948 12949 12950 12951 12952 12953 12954 12955 12956 12957 12958 12959 12960 12961 12962 12963 12964 12965 12966 12967 12968 12969 12970 12971 12972 12973 12974 12975 12976 12977 12978 12979 12980 12981 12982 12983 12984 12985 12986 12987 12988 12989 12990 12991 12992 12993 12994 12995 12996 12997 12998 12999 13000 13001 13002 13003 13004 13005 13006 13007 13008 13009 13010 13011 13012 13013 13014 13015 13016 13017 13018 13019 13020 13021 13022 13023 
92 13024 13025 13026 13027 13028 13029 13030 13031 13032 13033 13034 13035 13036 13037 13038 13039 13040 13041 13042 13043 13044 13045 13046 13047 13048 13049 13050 13051 13052 13053 13054 13055 13056 13057 13058 13059 13060 13061 13062 13063 13064 13065 13066 13067 13068 13069 13070 13071 13072 13073 13074 13075 13076 13077 13078 13079 13080 13081 13082 13083 13084 13085 13086 13087 13088 13089 13090 13091 13092 13093 13094 13095 13096 13097 13098 13099 13100 13101 13102 13103 13104 13105 13106 13107 13108 13109 13110 13111 13112 13113 13114 13115 
94 13116 13117 13118 13119 13120 13121 13122 13123 13124 13125 13126 13127 13128 13129 13130 13131 13132 13133 13134 13135 13136 13137 13138 13139 13140 13141 13142 13143 13144 13145 13146 13147 13148 13149 13150 13151 13152 13153 13154 13155 13156 13157 13158 13159 13160 13161 13162 13163 13164 13165 13166 13167 13168 13169 13170 13171 13172 13173 13174 13175 13176 13177 13178 13179 13180 13181 13182 13183 13184 13185 13186 13187 13188 13189 13190 13191 13192 13193 13194 13195 13196 13197 13198 13199 13200 13201 13202 13203 13204 13205 13206 13207 13208 13209 
91 13210 13211 13212 13213 13214 13215 13216 13217 13218 13219 13220 13221 13222 13223 13224 13225 13226 13227 13228 13229 13230 13231 13232 13233 13234 13235 13236 13237 13238 13239 13240 13241 13242 13243 13244 13245 13246 13247 13248 13249 13250 13251 13252 13253 13254 13255 13256 13257 13258 13259 13260 13261 13262 13263 13264 13265 13266 13267 13268 13269 13270 13271 13272 13273 13274 13275 13276 13277 13278 13279 13280 13281 13282 13283 13284 13285 13286 13287 13288 13289 13290 13291 13292 13293 13294 13295 13296 13297 13298 13299 13300 
95 13301 13302 13303 13304 13305 13306 13307 13308 13309 13310 13311 13312 13313 13314 13315 13316 13317 13318 13319 13320 13321 13322 13323 13324 13325 13326 13327 13328 13329 13330 13331 13332 13333 13334 13335 13336 13337 13338 13339 13340 13341 13342 13343 13344 13345 13346 13347 13348 13349 13350 13351 13352 13353 13354 13355 13356 13357 13358 13359 13360 13361 13362 13363 13364 13365 13366 13367 13368 13369 13370 13371 13372 13373 13374 13375 13376 13377 13378 13379 13380 13381 13382 13383 13384 13385 13386 13387 13388 13389 13390 13391 13392 13393 13394 13395 
93 13396 13397 13398 13399 13400 13401 13402 13403 13404 13405 13406 13407 13408 13409 13410 13411 13412 13413 13414 13415 13416 13417 13418 13419 13420 13421 13422 13423 13424 13425 13426 13427 13428 13429 13430 13431 13432 13433 13434 13435 13436 13437 13438 13439 13440 13441 13442 13443 13444 13445 13446 13447 13448 13449 13450 13451 13452 13453 13454 13455 13456 13457 13458 13459 13460 13461 13462 13463 13464 13465 13466 13467 13468 13469 13470 13471 13472 13473 13474 13475 13476 13477 13478 13479 13480 13481 13482 13483 13484 13485 13486 13487 13488 
93 13489 13490 13491 13492 13493 13494 13495 13496 13497 13498 13499 13500 13501 13502 13503 13504 13505 13506 13507 13508 13509 13510 13511 13512 13513 13514 13515 13516 13517 13518 13519 13520 13521 13522 13523 13524 13525 13526 13527 13528 13529 13530 13531 13532 13533 13534 13535 13536 13537 13538 13539 13540 13541 13542 13543 13544 13545 13546 13547 13548 13549 13550 13551 13552 13553 13554 13555 13556 13557 13558 13559 13560 13561 13562 13563 13564 13565 13566 13567 13568 13569 13570 13571 13572 13573 13574 13575 13576 13577 13578 13579 13580 13581 
93 13582 13583 13584 13585 13586 13587 13588 13589 13590 13591 13592 13593 13594 13595 13596 13597 13598 13599 13600 13601 13602 13603 13604 13605 13606 13607 13608 13609 13610 13611 13612 13613 13614 13615 13616 13617 13618 13619 13620 13621 13622 13623 13624 13625 13626 13627 13628 13629 13630 13631 13632 13633 13634 13635 13636 13637 13638 13639 13640 13641 13642 13643 13644 13645 13646 13647 13648 13649 13650 13651 13652 13653 13654 13655 13656 13657 13658 13659 13660 13661 13662 13663 13664 13665 13666 13667 13668 13669 13670 13671 13672 13673 13674 
92 13675 13676 13677 13678 13679 13680 13681 13682 13683 13684 13685 13686 13687 13688 13689 13690 13691 13692 13693 13694 13695 13696 13697 13698 13699 13700 13701 13702 13703 13704 13705 13706 13707 13708 13709 13710 13711 13712 13713 13714 13715 13716 13717 13718 13719 13720 13721 13722 13723 13724 13725 13726 13727 13728 13729 13730 13731 13732 13733 13734 13735 13736 13737 13738 13739 13740 13741 13742 13743 13744 13745 13746 13747 13748 13749 13750 13751 13752 13753 13754 13755 13756 13757 13758 13759 13760 13761 13762 13763 13764 13765 13766 
94 13767 13768 13769 13770 13771 13772 13773 13774 13775 13776 13777 13778 13779 13780 13781 13782 13783 13784 13785 13786 13787 13788 13789 13790 13791 13792 13793 13794 13795 13796 13797 13798 13799 13800 13801 13802 13803 13804 13805 13806 13807 13808 13809 13810 13811 13812 13813 13814 13815 13816 13817 13818 13819 13820 13821 13822 13823 13824 13825 13826 13827 13828 13829 13830 13831 13832 13833 13834 13835 13836 13837 13838 13839 13840 13841 13842 13843 13844 13845 13846 13847 13848 13849 13850 13851 13852 13853 13854 13855 13856 13857 13858 13859 13860 
92 13861 13862 13863 13864 13865 13866 13867 13868 13869 13870 13871 13872 13873 13874 13875 13876 13877 13878 13879 13880 13881 13882 13883 13884 13885 13886 13887 13888 13889 13890 13891 13892 13893 13894 13895 13896 13897 13898 13899 13900 13901 13902 13903 13904 13905 13906 13907 13908 13909 13910 13911 13912 13913 13914 13915 13916 13917 13918 13919 13920 13921 13922 13923 13924 13925 13926 13927 13928 13929 13930 13931 13932 13933 13934 13935 13936 13937 13938 13939 13940 13941 13942 13943 13944 13945 13946 13947 13948 13949 13950 13951 13952 
94 13953 13954 13955 13956 13957 13958 13959 13960 13961 13962 13963 13964 13965 13966 13967 13968 13969 13970 13971 13972 13973 13974 13975 13976 13977 13978 13979 13980 13981 13982 13983 13984 13985 13986 13987 13988 13989 13990 13991 13992 13993 13994 13995 13996 13997 13998 13999 14000 14001 14002 14003 14004 14005 14006 14007 14008 14009 14010 14011 14012 14013 14014 14015 14016 14017 14018 14019 14020 14021 14022 14023 14024 14025 14026 14027 14028 14029 14030 14031 14032 14033 14034 14035 14036 14037 14038 14039 14040 14041 14042 14043 14044 14045 14046 
92 14047 14048 14049 14050 14051 14052 14053 14054 14055 14056 14057 14058 14059 14060 14061 14062 14063 14064 14065 14066 14067 14068 14069 14070 14071 14072 14073 14074 14075 14076 14077 14078 14079 14080 14081 14082 14083 14084 14085 14086 14087 14088 14089 14090 14091 14092 14093 14094 14095 14096 14097 14098 14099 14100 14101 14102 14103 14104 14105 14106 14107 14108 14109 14110 14111 14112 14113 14114 14115 14116 14117 14118 14119 14120 14121 14122 14123 14124 14125 14126 14127 14128 14129 14130 14131 14132 14133 14134 14135 14136 14137 14138 
92 14139 14140 14141 14142 14143 14144 14145 14146 14147 14148 14149 14150 14151 14152 14153 14154 14155 14156 14157 14158 14159 14160 14161 14162 14163 14164 14165 14166 14167 14168 14169 14170 14171 14172 14173 14174 14175 14176 14177 14178 14179 14180 14181 14182 14183 14184 14185 14186 14187 14188 14189 14190 14191 14192 14193 14194 14195 14196 14197 14198 14199 14200 14201 14202 14203 14204 14205 14206 14207 14208 14209 14210 14211 14212 14213 14214 14215 14216 14217 14218 14219 14220 14221 14222 14223 14224 14225 14226 14227 14228 14229 14230 
92 14231 14232 14233 14234 14235 14236 14237 14238 14239 14240 14241 14242 14243 14244 14245 14246 14247 14248 14249 14250 14251 14252 14253 14254 14255 14256 14257 14258 14259 14260 14261 14262 14263 14264 14265 14266 14267 14268 14269 14270 14271 14272 14273 14274 14275 14276 14277 14278 14279 14280 14281 14282 14283 14284 14285 14286 14287 14288 14289 14290 14291 14292 14293 14294 14295 14296 14297 14298 14299 14300 14301 14302 14303 14304 14305 14306 14307 14308 14309 14310 14311 14312 14313 14314 14315 14316 14317 14318 14319 14320 14321 14322 
92 14323 14324 14325 14326 14327 14328 14329 14330 14331 14332 14333 14334 14335 14336 14337 14338 14339 14340 14341 14342 14343 14344 14345 14346 14347 14348 14349 14350 14351 14352 14353 14354 14355 14356 14357 14358 14359 14360 14361 14362 14363 14364 14365 14366 14367 14368 14369 14370 14371 14372 14373 14374 14375 14376 14377 14378 14379 14380 14381 14382 14383 14384 14385 14386 14387 14388 14389 14390 14391 14392 14393 14394 14395 14396 14397 14398 14399 14400 14401 14402 14403 14404 14405 14406 14407 14408 14409 14410 14411 14412 14413 14414 
94 14415 14416 14417 14418 14419 14420 14421 14422 14423 14424 14425 14426 14427 14428 14429 14430 14431 14432 14433 14434 14435 14436 14437 14438 14439 14440 14441 14442 14443 14444 14445 14446 14447 14448 14449 14450 14451 14452 14453 14454 14455 14456 14457 14458 14459 14460 14461 14462 14463 14464 14465 14466 14467 14468 14469 14470 14471 14472 14473 14474 14475 14476 14477 14478 14479 14480 14481 14482 14483 14484 14485 14486 14487 14488 14489 14490 14491 14492 14493 14494 14495 14496 14497 14498 14499 14500 14501 14502 14503 14504 14505 14506 14507 14508 
91 14509 14510 14511 14512 14513 14514 14515 14516 14517 14518 14519 14520 14521 14522 14523 14524 14525 14526 14527 14528 14529 14530 14531 14532 14533 14534 14535 14536 14537 14538 14539 14540 14541 14542 14543 14544 14545 14546 14547 14548 14549 14550 14551 14552 14553 14554 14555 14556 14557 14558 14559 14560 14561 14562 14563 14564 14565 14566 14567 14568 14569 14570 14571 14572 14573 14574 14575 14576 14577 14578 14579 14580 14581 14582 14583 14584 14585 14586 14587 14588 14589 14590 14591 14592 14593 14594 14595 14596 14597 14598 14599 
94 14600 14601 14602 14603 14604 14605 14606 14607 14608 14609 14610 14611 14612 14613 14614 14615 14616 14617 14618 14619 14620 14621 14622 14623 14624 14625 14626 14627 14628 14629 14630 14631 14632 14633 14634 14635 14636 14637 14638 14639 14640 14641 14642 14643 14644 14645 14646 14647 14648 14649 14650 14651 14652 14653 14654 14655 14656 14657 14658 14659 14660 14661 14662 14663 14664 14665 14666 14667 14668 14669 14670 14671 14672 14673 14674 14675 14676 14677 14678 14679 14680 14681 14682 14683 14684 14685 14686 14687 14688 14689 14690 14691 14692 14693 
94 14694 14695 14696 14697 14698 14699 14700 14701 14702 14703 14704 14705 14706 14707 14708 14709 14710 14711 14712 14713 14714 14715 14716 14717 14718 14719 14720 14721 14722 14723 14724 14725 14726 14727 14728 14729 14730 14731 14732 14733 14734 14735 14736 14737 14738 14739 14740 14741 14742 14743 14744 14745 14746 14747 14748 14749 14750 14751 14752 14753 14754 14755 14756 14757 14758 14759 14760 14761 14762 14763 14764 14765 14766 14767 14768 14769 14770 14771 14772 14773 14774 14775 14776 14777 14778 14779 14780 14781 14782 14783 14784 14785 14786 14787 
94 14788 14789 14790 14791 14792 14793 14794 14795 14796 14797 14798 14799 14800 14801 14802 14803 14804 14805 14806 14807 14808 14809 14810 14811 14812 14813 14814 14815 14816 14817 14818 14819 14820 14821 14822 14823 14824 14825 14826 14827 14828 14829 14830 14831 14832 14833 14834 14835 14836 14837 14838 14839 14840 14841 14842 14843 14844 14845 14846 14847 14848 14849 14850 14851 14852 14853 14854 14855 14856 14857 14858 14859 14860 14861 14862 14863 14864 14865 14866 14867 14868 14869 14870 14871 14872 14873 14874 14875 14876 14877 14878 14879 14880 14881 
91 14882 14883 14884 14885 14886 14887 14888 14889 14890 14891 14892 14893 14894 14895 14896 14897 14898 14899 14900 14901 14902 14903 14904 14905 14906 14907 14908 14909 14910 14911 14912 14913 14914 14915 14916 14917 14918 14919 14920 14921 14922 14923 14924 14925 14926 14927 14928 14929 14930 14931 14932 14933 14934 14935 14936 14937 14938 14939 14940 14941 14942 14943 14944 14945 14946 14947 14948 14949 14950 14951 14952 14953 14954 14955 14956 14957 14958 14959 14960 14961 14962 14963 14964 14965 14966 14967 14968 14969 14970 14971 14972 
93 14973 14974 14975 14976 14977 14978 14979 14980 14981 14982 14983 14984 14985 14986 14987 14988 14989 14990 14991 14992 14993 14994 14995 14996 14997 14998 14999 15000 15001 15002 15003 15004 15005 15006 15007 15008 15009 15010 15011 15012 15013 15014 15015 15016 15017 15018 15019 15020 15021 15022 15023 15024 15025 15026 15027 15028 15029 15030 15031 15032 15033 15034 15035 15036 15037 15038 15039 15040 15041 15042 15043 15044 15045 15046 15047 15048 15049 15050 15051 15052 15053 15054 15055 15056 15057 15058 15059 15060 15061 15062 15063 15064 15065 
90 15066 15067 15068 15069 15070 15071 15072 15073 15074 15075 15076 15077 15078 15079 15080 15081 15082 15083 15084 15085 15086 15087 15088 15089 15090 15091 15092 15093 15094 15095 15096 15097 15098 15099 15100 15101 15102 15103 15104 15105 15106 15107 15108 15109 15110 15111 15112 15113 15114 15115 15116 15117 15118 15119 15120 15121 15122 15123 15124 15125 15126 15127 15128 15129 15130 15131 15132 15133 15134 15135 15136 15137 15138 15139 15140 15141 15142 15143 15144 15145 15146 15147 15148 15149 15150 15151 15152 15153 15154 15155 
92 15156 15157 15158 15159 15160 15161 15162 15163 15164 15165 15166 15167 15168 15169 15170 15171 15172 15173 15174 15175 15176 15177 15178 15179 15180 15181 15182 15183 15184 15185 15186 15187 15188 15189 15190 15191 15192 15193 15194 15195 15196 15197 15198 15199 15200 15201 15202 15203 15204 15205 15206 15207 15208 15209 15210 15211 15212 15213 15214 15215 15216 15217 15218 15219 15220 15221 15222 15223 15224 15225 15226 15227 15228 15229 15230 15231 15232 15233 15234 15235 15236 15237 15238 15239 15240 15241 15242 15243 15244 15245 15246 15247 
92 15248 15249 15250 15251 15252 15253 15254 15255 15256 15257 15258 15259 15260 15261 15262 15263 15264 15265 15266 15267 15268 15269 15270 15271 15272 15273 15274 15275 15276 15277 15278 15279 15280 15281 15282 15283 15284 15285 15286 15287 15288 15289 15290 15291 15292 15293 15294 15295 15296 15297 15298 15299 15300 15301 15302 15303 15304 15305 15306 15307 15308 15309 15310 15311 15312 15313 15314 15315 15316 15317 15318 15319 15320 15321 15322 15323 15324 15325 15326 15327 15328 15329 15330 15331 15332 15333 15334 15335 15336 15337 15338 15339 
92 15340 15341 15342 15343 15344 15345 15346 15347 15348 15349 15350 15351 15352 15353 15354 15355 15356 15357 15358 15359 15360 15361 15362 15363 15364 15365 15366 15367 15368 15369 15370 15371 15372 15373 15374 15375 15376 15377 15378 15379 15380 15381 15382 15383 15384 15385 15386 15387 15388 15389 15390 15391 15392 15393 15394 15395 15396 15397 15398 15399 15400 15401 15402 15403 15404 15405 15406 15407 15408 15409 15410 15411 15412 15413 15414 15415 15416 15417 15418 15419 15420 15421 15422 15423 15424 15425 15426 15427 15428 15429 15430 15431 
94 15432 15433 15434 15435 15436 15437 15438 15439 15440 15441 15442 15443 15444 15445 15446 15447 15448 15449 15450 15451 15452 15453 15454 15455 15456 15457 15458 15459 15460 15461 15462 15463 15464 15465 15466 15467 15468 15469 15470 15471 15472 15473 15474 15475 15476 15477 15478 15479 15480 15481 15482 15483 15484 15485 15486 15487 15488 15489 15490 15491 15492 15493 15494 15495 15496 15497 15498 15499 15500 15501 15502 15503 15504 15505 15506 15507 15508 15509 15510 15511 15512 15513 15514 15515 15516 15517 15518 15519 15520 15521 15522 15523 15524 15525 
94 15526 15527 15528 15529 15530 15531 15532 15533 15534 15535 15536 15537 15538 15539 15540 15541 15542 15543 15544 15545 15546 15547 15548 15549 15550 15551 15552 15553 15554 15555 15556 15557 15558 15559 15560 15561 15562 15563 15564 15565 15566 15567 15568 15569 15570 15571 15572 15573 15574 15575 15576 15577 15578 15579 15580 15581 15582 15583 15584 15585 15586 15587 15588 15589 15590 15591 15592 15593 15594 15595 15596 15597 15598 15599 15600 15601 15602 15603 15604 15605 15606 15607 15608 15609 15610 15611 15612 15613 15614 15615 15616 15617 15618 15619 

POINT_DATA 15620
SCALARS FiberLocationIndex int
LOOKUP_TABLE default
2 3 4 5 6 7 8 9 10 
11 12 13 14 15 16 17 18 19 
20 21 22 23 24 25 26 27 28 
29 30 31 32 33 34 35 36 37 
38 39 40 41 42 43 44 45 46 
47 48 49 50 51 52 53 54 55 
56 57 58 59 60 61 62 63 64 
65 66 67 68 69 70 71 72 73 
74 75 76 77 78 79 80 81 82 
83 84 85 86 87 88 89 90 91 
92 2 3 4 5 6 7 8 9 
10 11 12 13 14 15 16 17 18 
19 20 21 22 23 24 25 26 27 
28 29 30 31 32 33 34 35 36 
37 38 39 40 41 42 43 44 45 
46 47 48 49 50 51 52 53 54 
55 56 57 58 59 60 61 62 63 
64 65 66 67 68 69 70 71 72 
73 74 75 76 77 78 79 80 81 
82 83 84 85 86 87 88 89 90 
91 92 93 1 2 3 4 5 6 
7 8 9 10 11 12 13 14 15 
16 17 18 19 20 21 22 23 24 
25 26 27 28 29 30 31 32 33 
34 35 36 37 38 39 40 41 42 
43 44 45 46 47 48 49 50 51 
52 53 54 55 56 57 58 59 60 
61 62 63 64 65 66 67 68 69 
70 71 72 73 74 75 76 77 78 
79 80 81 82 83 84 85 86 87 
88 89 90 91 92 93 0 1 2 
3 4 5 6 7 8 9 10 11 
12 13 14 15 16 17 18 19 20 
21 22 23 24 25 26 27 28 29 
30 31 32 33 34 35 36 37 38 
39 40 41 42 43 44 45 46 47 
48 49 50 51 52 53 54 55 56 
57 58 59 60 61 62 63 64 65 
66 67 68 69 70 71 72 73 74 
75 76 77 78 79 80 81 82 83 
84 85 86 87 88 89 90 91 92 
93 1 2 3 4 5 6 7 8 
9 10 11 12 13 14 15 16 17 
18 19 20 21 22 23 24 25 26 
27 28 29 30 31 32 33 34 35 
36 37 38 39 40 41 42 43 44 
45 46 47 48 49 50 51 52 53 
54 55 56 57 58 59 60 61 62 
63 64 65 66 67 68 69 70 71 
72 73 74 75 76 77 78 79 80 
81 82 83 84 85 86 87 88 89 
90 91 92 93 1 2 3 4 5 
6 7 8 9 10 11 12 13 14 
15 16 17 18 19 20 21 22 23 
24 25 26 27 28 29 30 31 32 
33 34 35 36 37 38 39 40 41 
42 43 44 45 46 47 48 49 50 
51 52 53 54 55 56 57 58 59 
60 61 62 63 64 65 66 67 68 
69 70 71 72 73 74 75 76 77 
78 79 80 81 82 83 84 85 86 
87 88 89 90 91 92 93 2 3 
4 5 6 7 8 9 10 11 12 
13 14 15 16 17 18 19 20 21 
22 23 24 25 26 27 28 29 30 
31 32 33 34 35 36 37 38 39 
40 41 42 43 44 45 46 47 48 
49 50 51 52 53 54 55 56 57 
58 59 60 61 62 63 64 65 66 
67 68 69 70 71 72 73 74 75 
76 77 78 79 80 81 82 83 84 
85 86 87 88 89 90 91 92 3 
4 5 6 7 8 9 10 11 12 
13 14 15 16 17 18 19 20 21 
22 23 24 25 26 27 28 29 30 
31 32 33 34 35 36 37 38 39 
40 41 42 43 44 45 46 47 48 
49 50 51 52 53 54 55 56 57 
58 59 60 61 62 63 64 65 66 
67 68 69 70 71 72 73 74 75 
76 77 78 79 80 81 82 83 84 
85 86 87 88 89 90 91 92 93 
1 2 3 4 5 6 7 8 9 
10 11 12 13 14 15 16 17 18 
19 20 21 22 23 24 25 26 27 
28 29 30 31 32 33 34 35 36 
37 38 39 40 41 42 43 44 45 
46 47 48 49 50 51 52 53 54 
55 56 57 58 59 60 61 62 63 
64 65 66 67 68 69 70 71 72 
73 74 75 76 77 78 79 80 81 
82 83 84 85 86 87 88 89 90 
91 92 93 0 1 2 3 4 5 
6 7 8 9 10 11 12 13 14 
15 16 17 18 19 20 21 22 23 
24 25 26 27 28 29 30 31 32 
33 34 35 36 37 38 39 40 41 
42 43 44 45 46 47 48 49 50 
51 52 53 54 55 56 57 58 59 
60 61 62 63 64 65 66 67 68 
69 70 71 72 73 74 75 76 77 
78 79 80 81 82 83 84 85 86 
87 88 89 90 91 92 93 2 3 
4 5 6 7 8 9 10 11 12 
13 14 15 16 17 18 19 20 21 
22 23 24 25 26 27 28 29 30 
31 32 33 34 35 36 37 38 39 
40 41 42 43 44 45 46 47 48 
49 50 51 52 53 54 55 56 57 
58 59 60 61 62 63 64 65 66 
67 68 69 70 71 72 73 74 75 
76 77 78 79 80 81 82 83 84 
85 86 87 88 89 90 91 92 93 
94 0 1 2 3 4 5 6 7 
8 9 10 11 12 13 14 15 16 
17 18 19 20 21 22 23 24 25 
26 27 28 29 30 31 32 33 34 
35 36 37 38 39 40 41 42 43 
44 45 46 47 48 49 50 51 52 
53 54 55 56 57 58 59 60 61 
62 63 64 65 66 67 68 69 70 
71 72 73 74 75 76 77 78 79 
80 81 82 83 84 85 86 87 88 
89 90 91 92 93 2 3 4 5 
6 7 8 9 10 11 12 13 14 
15 16 17 18 19 20 21 22 23 
24 25 26 27 28 29 30 31 32 
33 34 35 36 37 38 39 40 41 
42 43 44 45 46 47 48 49 50 
51 52 53 54 55 56 57 58 59 
60 61 62 63 64 65 66 67 68 
69 70 71 72 73 74 75 76 77 
78 79 80 81 82 83 84 85 86 
87 88 89 90 91 92 93 2 3 
4 5 6 7 8 9 10 11 12 
13 14 15 16 17 18 19 20 21 
22 23 24 25 26 27 28 29 30 
31 32 33 34 35 36 37 38 39 
40 41 42 43 44 45 46 47 48 
49 50 51 52 53 54 55 56 57 
58 59 60 61 62 63 64 65 66 
67 68 69 70 71 72 73 74 75 
76 77 78 79 80 81 82 83 84 
85 86 87 88 89 90 91 92 93 
2 3 4 5 6 7 8 9 10 
11 12 13 14 15 16 17 18 19 
20 21 22 23 24 25 26 27 28 
29 30 31 32 33 34 35 36 37 
38 39 40 41 42 43 44 45 46 
47 48 49 50 51 52 53 54 55 
56 57 58 59 60 61 62 63 64 
65 66 67 68 69 70 71 72 73 
74 75 76 77 78 79 80 81 82 
83 84 85 86 87 88 89 90 91 
92 93 2 3 4 5 6 7 8 
9 10 11 12 13 14 15 16 17 
18 19 20 21 22 23 24 25 26 
27 28 29 30 31 32 33 34 35 
36 37 38 39 40 41 42 43 44 
45 46 47 48 49 50 51 52 53 
54 55 56 57 58 59 60 61 62 
63 64 65 66 67 68 69 70 71 
72 73 74 75 76 77 78 79 80 
81 82 83 84 85 86 87 88 89 
90 91 92 93 0 1 2 3 4 
5 6 7 8 9 10 11 12 13 
14 15 16 17 18 19 20 21 22 
23 24 25 26 27 28 29 30 31 
32 33 34 35 36 37 38 39 40 
41 42 43 44 45 46 47 48 49 
50 51 52 53 54 55 56 57 58 
59 60 61 62 63 64 65 66 67 
68 69 70 71 72 73 74 75 76 
77 78 79 80 81 82 83 84 85 
86 87 88 89 90 91 92 93 1 
2 3 4 5 6 7 8 9 10 
11 12 13 14 15 16 17 18 19 
20 21 22 23 24 25 26 27 28 
29 30 31 32 33 34 35 36 37 
38 39 40 41 42 43 44 45 46 
47 48 49 50 51 52 53 54 55 
56 57 58 59 60 61 62 63 64 
65 66 67 68 69 70 71 72 73 
74 75 76 77 78 79 80 81 82 
83 84 85 86 87 88 89 90 91 
92 93 3 4 5 6 7 8 9 
10 11 12 13 14 15 16 17 18 
19 20 21 22 23 24 25 26 27 
28 29 30 31 32 33 34 35 36 
37 38 39 40 41 42 43 44 45 
46 47 48 49 50 51 52 53 54 
55 56 57 58 59 60 61 62 63 
64 65 66 67 68 69 70 71 72 
73 74 75 76 77 78 79 80 81 
82 83 84 85 86 87 88 89 90 
91 92 93 1 2 3 4 5 6 
7 8 9 10 11 12 13 14 15 
16 17 18 19 20 21 22 23 24 
25 26 27 28 29 30 31 32 33 
34 35 36 37 38 39 40 41 42 
43 44 45 46 47 48 49 50 51 
52 53 54 55 56 57 58 59 60 
61 62 63 64 65 66 67 68 69 
70 71 72 73 74 75 76 77 78 
79 80 81 82 83 84 85 86 87 
88 89 90 91 92 1 2 3 4 
5 6 7 8 9 10 11 12 13 
14 15 16 17 18 19 20 21 22 
23 24 25 26 27 28 29 30 31 
32 33 34 35 36 37 38 39 40 
41 42 43 44 45 46 47 48 49 
50 51 52 53 54 55 56 57 58 
59 60 61 62 63 64 65 66 67 
68 69 70 71 72 73 74 75 76 
77 78 79 80 81 82 83 84 85 
86 87 88 89 90 91 92 93 1 
2 3 4 5 6 7 8 9 10 
11 12 13 14 15 16 17 18 19 
20 21 22 23 24 25 26 27 28 
29 30 31 32 33 34 35 36 37 
38 39 40 41 42 43 44 45 46 
47 48 49 50 51 52 53 54 55 
56 57 58 59 60 61 62 63 64 
65 66 67 68 69 70 71 72 73 
74 75 76 77 78 79 80 81 82 
83 84 85 86 87 88 89 90 91 
92 93 0 1 2 3 4 5 6 
7 8 9 10 11 12 13 14 15 
16 17 18 19 20 21 22 23 24 
25 26 27 28 29 30 31 32 33 
34 35 36 37 38 39 40 41 42 
43 44 45 46 47 48 49 50 51 
52 53 54 55 56 57 58 59 60 
61 62 63 64 65 66 67 68 69 
70 71 72 73 74 75 76 77 78 
79 80 81 82 83 84 85 86 87 
88 89 90 91 92 93 2 3 4 
5 6 7 8 9 10 11 12 13 
14 15 16 17 18 19 20 21 22 
23 24 25 26 27 28 29 30 31 
32 33 34 35 36 37 38 39 40 
41 42 43 44 45 46 47 48 49 
50 51 52 53 54 55 56 57 58 
59 60 61 62 63 64 65 66 67 
68 69 70 71 72 73 74 75 76 
77 78 79 80 81 82 83 84 85 
86 87 88 89 90 91 92 2 3 
4 5 6 7 8 9 10 11 12 
13 14 15 16 17 18 19 20 21 
22 23 24 25 26 27 28 29 30 
31 32 33 34 35 36 37 38 39 
40 41 42 43 44 45 46 47 48 
49 50 51 52 53 54 55 56 57 
58 59 60 61 62 63 64 65 66 
67 68 69 70 71 72 73 74 75 
76 77 78 79 80 81 82 83 84 
85 86 87 88 89 90 91 92 93 
2 3 4 5 6 7 8 9 10 
11 12 13 14 15 16 17 18 19 
20 21 22 23 24 25 26 27 28 
29 30 31 32 33 34 35 36 37 
38 39 40 41 42 43 44 45 46 
47 48 49 50 51 52 53 54 55 
56 57 58 59 60 61 62 63 64 
65 66 67 68 69 70 71 72 73 
74 75 76 77 78 79 80 81 82 
83 84 85 86 87 88 89 90 91 
92 93 2 3 4 5 6 7 8 
9 10 11 12 13 14 15 16 17 
18 19 20 21 22 23 24 25 26 
27 28 29 30 31 32 33 34 35 
36 37 38 39 40 41 42 43 44 
45 46 47 48 49 50 51 52 53 
54 55 56 57 58 59 60 61 62 
63 64 65 66 67 68 69 70 71 
72 73 74 75 76 77 78 79 80 
81 82 83 84 85 86 87 88 89 
90 91 92 93 1 2 3 4 5 
6 7 8 9 10 11 12 13 14 
15 16 17 18 19 20 21 22 23 
24 25 26 27 28 29 30 31 32 
33 34 35 36 37 38 39 40 41 
42 43 44 45 46 47 48 49 50 
51 52 53 54 55 56 57 58 59 
60 61 62 63 64 65 66 67 68 
69 70 71 72 73 74 75 76 77 
78 79 80 81 82 83 84 85 86 
87 88 89 90 91 92 93 2 3 
4 5 6 7 8 9 10 11 12 
13 14 15 16 17 18 19 20 21 
22 23 24 25 26 27 28 29 30 
31 32 33 34 35 36 37 38 39 
40 41 42 43 44 45 46 47 48 
49 50 51 52 53 54 55 56 57 
58 59 60 61 62 63 64 65 66 
67 68 69 70 71 72 73 74 75 
76 77 78 79 80 81 82 83 84 
85 86 87 88 89 90 91 92 93 
0 1 2 3 4 5 6 7 8 
9 10 11 12 13 14 15 16 17 
18 19 20 21 22 23 24 25 26 
27 28 29 30 31 32 33 34 35 
36 37 38 39 40 41 42 43 44 
45 46 47 48 49 50 51 52 53 
54 55 56 57 58 59 60 61 62 
63 64 65 66 67 68 69 70 71 
72 73 74 75 76 77 78 79 80 
81 82 83 84 85 86 87 88 89 
90 91 92 93 2 3 4 5 6 
7 8 9 10 11 12 13 14 15 
16 17 18 19 20 21 22 23 24 
25 26 27 28 29 30 31 32 33 
34 35 36 37 38 39 40 41 42 
43 44 45 46 47 48 49 50 51 
52 53 54 55 56 57 58 59 60 
61 62 63 64 65 66 67 68 69 
70 71 72 73 74 75 76 77 78 
79 80 81 82 83 84 85 86 87 
88 89 90 91 92 93 3 4 5 
6 7 8 9 10 11 12 13 14 
15 16 17 18 19 20 21 22 23 
24 25 26 27 28 29 30 31 32 
33 34 35 36 37 38 39 40 41 
42 43 44 45 46 47 48 49 50 
51 52 53 54 55 56 57 58 59 
60 61 62 63 64 65 66 67 68 
69 70 71 72 73 74 75 76 77 
78 79 80 81 82 83 84 85 86 
87 88 89 90 91 92 93 4 5 
6 7 8 9 10 11 12 13 14 
15 16 17 18 19 20 21 22 23 
24 25 26 27 28 29 30 31 32 
33 34 35 36 37 38 39 40 41 
42 43 44 45 46 47 48 49 50 
51 52 53 54 55 56 57 58 59 
60 61 62 63 64 65 66 67 68 
69 70 71 72 73 74 75 76 77 
78 79 80 81 82 83 84 85 86 
87 88 89 90 91 92 93 0 1 
2 3 4 5 6 7 8 9 10 
11 12 13 14 15 16 17 18 19 
20 21 22 23 24 25 26 27 28 
29 30 31 32 33 34 35 36 37 
38 39 40 41 42 43 44 45 46 
47 48 49 50 51 52 53 54 55 
56 57 58 59 60 61 62 63 64 
65 66 67 68 69 70 71 72 73 
74 75 76 77 78 79 80 81 82 
83 84 85 86 87 88 89 90 91 
92 93 3 4 5 6 7 8 9 
10 11 12 13 14 15 16 17 18 
19 20 21 22 23 24 25 26 27 
28 29 30 31 32 33 34 35 36 
37 38 39 40 41 42 43 44 45 
46 47 48 49 50 51 52 53 54 
55 56 57 58 59 60 61 62 63 
64 65 66 67 68 69 70 71 72 
73 74 75 76 77 78 79 80 81 
82 83 84 85 86 87 88 89 90 
91 92 93 0 1 2 3 4 5 
6 7 8 9 10 11 12 13 14 
15 16 17 18 19 20 21 22 23 
24 25 26 27 28 29 30 31 32 
33 34 35 36 37 38 39 40 41 
42 43 44 45 46 47 48 49 50 
51 52 53 54 55 56 57 58 59 
60 61 62 63 64 65 66 67 68 
69 70 71 72 73 74 75 76 77 
78 79 80 81 82 83 84 85 86 
87 88 89 90 91 92 93 1 2 
3 4 5 6 7 8 9 10 11 
12 13 14 15 16 17 18 19 20 
21 22 23 24 25 26 27 28 29 
30 31 32 33 34 35 36 37 38 
39 40 41 42 43 44 45 46 47 
48 49 50 51 52 53 54 55 56 
57 58 59 60 61 62 63 64 65 
66 67 68 69 70 71 72 73 74 
75 76 77 78 79 80 81 82 83 
84 85 86 87 88 89 90 91 92 
93 2 3 4 5 6 7 8 9 
10 11 12 13 14 15 16 17 18 
19 20 21 22 23 24 25 26 27 
28 29 30 31 32 33 34 35 36 
37 38 39 40 41 42 43 44 45 
46 47 48 49 50 51 52 53 54 
55 56 57 58 59 60 61 62 63 
64 65 66 67 68 69 70 71 72 
73 74 75 76 77 78 79 80 81 
82 83 84 85 86 87 88 89 90 
91 92 93 2 3 4 5 6 7 
8 9 10 11 12 13 14 15 16 
17 18 19 20 21 22 23 24 25 
26 27 28 29 30 31 32 33 34 
35 36 37 38 39 40 41 42 43 
44 45 46 47 48 49 50 51 52 
53 54 55 56 57 58 59 60 61 
62 63 64 65 66 67 68 69 70 
71 72 73 74 75 76 77 78 79 
80 81 82 83 84 85 86 87 88 
89 90 91 92 1 2 3 4 5 
6 7 8 9 10 11 12 13 14 
15 16 17 18 19 20 21 22 23 
24 25 26 27 28 29 30 31 32 
33 34 35 36 37 38 39 40 41 
42 43 44 45 46 47 48 49 50 
51 52 53 54 55 56 57 58 59 
60 61 62 63 64 65 66 67 68 
69 70 71 72 73 74 75 76 77 
78 79 80 81 82 83 84 85 86 
87 88 89 90 91 92 93 94 0 
1 2 3 4 5 6 7 8 9 
10 11 12 13 14 15 16 17 18 
19 20 21 22 23 24 25 26 27 
28 29 30 31 32 33 34 35 36 
37 38 39 40 41 42 43 44 45 
46 47 48 49 50 51 52 53 54 
55 56 57 58 59 60 61 62 63 
64 65 66 67 68 69 70 71 72 
73 74 75 76 77 78 79 80 81 
82 83 84 85 86 87 88 89 90 
91 92 93 1 2 3 4 5 6 
7 8 9 10 11 12 13 14 15 
16 17 18 19 20 21 22 23 24 
25 26 27 28 29 30 31 32 33 
34 35 36 37 38 39 40 41 42 
43 44 45 46 47 48 49 50 51 
52 53 54 55 56 57 58 59 60 
61 62 63 64 65 66 67 68 69 
70 71 72 73 74 75 76 77 78 
79 80 81 82 83 84 85 86 87 
88 89 90 91 92 93 1 2 3 
4 5 6 7 8 9 10 11 12 
13 14 15 16 17 18 19 20 21 
22 23 24 25 26 27 28 29 30 
31 32 33 34 35 36 37 38 39 
40 41 42 43 44 45 46 47 48 
49 50 51 52 53 54 55 56 57 
58 59 60 61 62 63 64 65 66 
67 68 69 70 71 72 73 74 75 
76 77 78 79 80 81 82 83 84 
85 86 87 88 89 90 91 92 93 
2 3 4 5 6 7 8 9 10 
11 12 13 14 15 16 17 18 19 
20 21 22 23 24 25 26 27 28 
29 30 31 32 33 34 35 36 37 
38 39 40 41 42 43 44 45 46 
47 48 49 50 51 52 53 54 55 
56 57 58 59 60 61 62 63 64 
65 66 67 68 69 70 71 72 73 
74 75 76 77 78 79 80 81 82 
83 84 85 86 87 88 89 90 91 
92 93 1 2 3 4 5 6 7 
8 9 10 11 12 13 14 15 16 
17 18 19 20 21 22 23 24 25 
26 27 28 29 30 31 32 33 34 
35 36 37 38 39 40 41 42 43 
44 45 46 47 48 49 50 51 52 
53 54 55 56 57 58 59 60 61 
62 63 64 65 66 67 68 69 70 
71 72 73 74 75 76 77 78 79 
80 81 82 83 84 85 86 87 88 
89 90 91 92 93 2 3 4 5 
6 7 8 9 10 11 12 13 14 
15 16 17 18 19 20 21 22 23 
24 25 26 27 28 29 30 31 32 
33 34 35 36 37 38 39 40 41 
42 43 44 45 46 47 48 49 50 
51 52 53 54 55 56 57 58 59 
60 61 62 63 64 65 66 67 68 
69 70 71 72 73 74 75 76 77 
78 79 80 81 82 83 84 85 86 
87 88 89 90 91 92 93 1 2 
3 4 5 6 7 8 9 10 11 
12 13 14 15 16 17 18 19 20 
21 22 23 24 25 26 27 28 29 
30 31 32 33 34 35 36 37 38 
39 40 41 42 43 44 45 46 47 
48 49 50 51 52 53 54 55 56 
57 58 59 60 61 62 63 64 65 
66 67 68 69 70 71 72 73 74 
75 76 77 78 79 80 81 82 83 
84 85 86 87 88 89 90 91 92 
93 2 3 4 5 6 7 8 9 
10 11 12 13 14 15 16 17 18 
19 20 21 22 23 24 25 26 27 
28 29 30 31 32 33 34 35 36 
37 38 39 40 41 42 43 44 45 
46 47 48 49 50 51 52 53 54 
55 56 57 58 59 60 61 62 63 
64 65 66 67 68 69 70 71 72 
73 74 75 76 77 78 79 80 81 
82 83 84 85 86 87 88 89 90 
91 92 93 2 3 4 5 6 7 
8 9 10 11 12 13 14 15 16 
17 18 19 20 21 22 23 24 25 
26 27 28 29 30 31 32 33 34 
35 36 37 38 39 40 41 42 43 
44 45 46 47 48 49 50 51 52 
53 54 55 56 57 58 59 60 61 
62 63 64 65 66 67 68 69 70 
71 72 73 74 75 76 77 78 79 
80 81 82 83 84 85 86 87 88 
89 90 91 92 93 2 3 4 5 
6 7 8 9 10 11 12 13 14 
15 16 17 18 19 20 21 22 23 
24 25 26 27 28 29 30 31 32 
33 34 35 36 37 38 39 40 41 
42 43 44 45 46 47 48 49 50 
51 52 53 54 55 56 57 58 59 
60 61 62 63 64 65 66 67 68 
69 70 71 72 73 74 75 76 77 
78 79 80 81 82 83 84 85 86 
87 88 89 90 91 92 93 2 3 
4 5 6 7 8 9 10 11 12 
13 14 15 16 17 18 19 20 21 
22 23 24 25 26 27 28 29 30 
31 32 33 34 35 36 37 38 39 
40 41 42 43 44 45 46 47 48 
49 50 51 52 53 54 55 56 57 
58 59 60 61 62 63 64 65 66 
67 68 69 70 71 72 73 74 75 
76 77 78 79 80 81 82 83 84 
85 86 87 88 89 90 91 92 93 
2 3 4 5 6 7 8 9 10 
11 12 13 14 15 16 17 18 19 
20 21 22 23 24 25 26 27 28 
29 30 31 32 33 34 35 36 37 
38 39 40 41 42 43 44 45 46 
47 48 49 50 51 52 53 54 55 
56 57 58 59 60 61 62 63 64 
65 66 67 68 69 70 71 72 73 
74 75 76 77 78 79 80 81 82 
83 84 85 86 87 88 89 90 91 
92 93 3 4 5 6 7 8 9 
10 11 12 13 14 15 16 17 18 
19 20 21 22 23 24 25 26 27 
28 29 30 31 32 33 34 35 36 
37 38 39 40 41 42 43 44 45 
46 47 48 49 50 51 52 53 54 
55 56 57 58 59 60 61 62 63 
64 65 66 67 68 69 70 71 72 
73 74 75 76 77 78 79 80 81 
82 83 84 85 86 87 88 89 90 
91 92 93 1 2 3 4 5 6 
7 8 9 10 11 12 13 14 15 
16 17 18 19 20 21 22 23 24 
25 26 27 28 29 30 31 32 33 
34 35 36 37 38 39 40 41 42 
43 44 45 46 47 48 49 50 51 
52 53 54 55 56 57 58 59 60 
61 62 63 64 65 66 67 68 69 
70 71 72 73 74 75 76 77 78 
79 80 81 82 83 84 85 86 87 
88 89 90 91 92 93 0 1 2 
3 4 5 6 7 8 9 10 11 
12 13 14 15 16 17 18 19 20 
21 22 23 24 25 26 27 28 29 
30 31 32 33 34 35 36 37 38 
39 40 41 42 43 44 45 46 47 
48 49 50 51 52 53 54 55 56 
57 58 59 60 61 62 63 64 65 
66 67 68 69 70 71 72 73 74 
75 76 77 78 79 80 81 82 83 
84 85 86 87 88 89 90 91 92 
93 94 2 3 4 5 6 7 8 
9 10 11 12 13 14 15 16 17 
18 19 20 21 22 23 24 25 26 
27 28 29 30 31 32 33 34 35 
36 37 38 39 40 41 42 43 44 
45 46 47 48 49 50 51 52 53 
54 55 56 57 58 59 60 61 62 
63 64 65 66 67 68 69 70 71 
72 73 74 75 76 77 78 79 80 
81 82 83 84 85 86 87 88 89 
90 91 92 93 2 3 4 5 6 
7 8 9 10 11 12 13 14 15 
16 17 18 19 20 21 22 23 24 
25 26 27 28 29 30 31 32 33 
34 35 36 37 38 39 40 41 42 
43 44 45 46 47 48 49 50 51 
52 53 54 55 56 57 58 59 60 
61 62 63 64 65 66 67 68 69 
70 71 72 73 74 75 76 77 78 
79 80 81 82 83 84 85 86 87 
88 89 90 91 92 93 3 4 5 
6 7 8 9 10 11 12 13 14 
15 16 17 18 19 20 21 22 23 
24 25 26 27 28 29 30 31 32 
33 34 35 36 37 38 39 40 41 
42 43 44 45 46 47 48 49 50 
51 52 53 54 55 56 57 58 59 
60 61 62 63 64 65 66 67 68 
69 70 71 72 73 74 75 76 77 
78 79 80 81 82 83 84 85 86 
87 88 89 90 91 92 93 2 3 
4 5 6 7 8 9 10 11 12 
13 14 15 16 17 18 19 20 21 
22 23 24 25 26 27 28 29 30 
31 32 33 34 35 36 37 38 39 
40 41 42 43 44 45 46 47 48 
49 50 51 52 53 54 55 56 57 
58 59 60 61 62 63 64 65 66 
67 68 69 70 71 72 73 74 75 
76 77 78 79 80 81 82 83 84 
85 86 87 88 89 90 91 92 93 
0 1 2 3 4 5 6 7 8 
9 10 11 12 13 14 15 16 17 
18 19 20 21 22 23 24 25 26 
27 28 29 30 31 32 33 34 35 
36 37 38 39 40 41 42 43 44 
45 46 47 48 49 50 51 52 53 
54 55 56 57 58 59 60 61 62 
63 64 65 66 67 68 69 70 71 
72 73 74 75 76 77 78 79 80 
81 82 83 84 85 86 87 88 89 
90 91 92 93 0 1 2 3 4 
5 6 7 8 9 10 11 12 13 
14 15 16 17 18 19 20 21 22 
23 24 25 26 27 28 29 30 31 
32 33 34 35 36 37 38 39 40 
41 42 43 44 45 46 47 48 49 
50 51 52 53 54 55 56 57 58 
59 60 61 62 63 64 65 66 67 
68 69 70 71 72 73 74 75 76 
77 78 79 80 81 82 83 84 85 
86 87 88 89 90 91 92 93 2 
3 4 5 6 7 8 9 10 11 
12 13 14 15 16 17 18 19 20 
21 22 23 24 25 26 27 28 29 
30 31 32 33 34 35 36 37 38 
39 40 41 42 43 44 45 46 47 
48 49 50 51 52 53 54 55 56 
57 58 59 60 61 62 63 64 65 
66 67 68 69 70 71 72 73 74 
75 76 77 78 79 80 81 82 83 
84 85 86 87 88 89 90 91 92 
93 0 1 2 3 4 5 6 7 
8 9 10 11 12 13 14 15 16 
17 18 19 20 21 22 23 24 25 
26 27 28 29 30 31 32 33 34 
35 36 37 38 39 40 41 42 43 
44 45 46 47 48 49 50 51 52 
53 54 55 56 57 58 59 60 61 
62 63 64 65 66 67 68 69 70 
71 72 73 74 75 76 77 78 79 
80 81 82 83 84 85 86 87 88 
89 90 91 92 93 2 3 4 5 
6 7 8 9 10 11 12 13 14 
15 16 17 18 19 20 21 22 23 
24 25 26 27 28 29 30 31 32 
33 34 35 36 37 38 39 40 41 
42 43 44 45 46 47 48 49 50 
51 52 53 54 55 56 57 58 59 
60 61 62 63 64 65 66 67 68 
69 70 71 72 73 74 75 76 77 
78 79 80 81 82 83 84 85 86 
87 88 89 90 91 92 93 1 2 
3 4 5 6 7 8 9 10 11 
12 13 14 15 16 17 18 19 20 
21 22 23 24 25 26 27 28 29 
30 31 32 33 34 35 36 37 38 
39 40 41 42 43 44 45 46 47 
49 50 51 52 53 54 55 56 57 
58 59 60 61 62 63 64 65 66 
67 68 69 70 71 72 73 74 75 
76 77 78 79 80 81 82 83 84 
85 86 87 88 89 90 91 92 93 
1 2 3 4 5 6 7 8 9 
10 11 12 13 14 15 16 17 18 
19 20 21 22 23 24 25 26 27 
28 29 30 31 32 33 34 35 36 
37 38 39 40 41 42 43 44 45 
46 47 48 49 50 51 52 53 54 
55 56 57 58 59 60 61 62 63 
64 65 66 67 68 69 70 71 72 
73 74 75 76 77 78 79 80 81 
82 83 84 85 86 87 88 89 90 
91 92 93 2 3 4 5 6 7 
8 9 10 11 12 13 14 15 16 
17 18 19 20 21 22 23 24 25 
26 27 28 29 30 31 32 33 34 
35 36 37 38 39 40 41 42 43 
44 45 46 47 48 49 50 51 52 
53 54 55 56 57 58 59 60 61 
62 63 64 65 66 67 68 69 70 
71 72 73 74 75 76 77 78 79 
80 81 82 83 84 85 86 87 88 
89 90 91 92 93 2 3 4 5 
6 7 8 9 10 11 12 13 14 
15 16 17 18 19 20 21 22 23 
24 25 26 27 28 29 30 31 32 
33 34 35 36 37 38 39 40 41 
42 43 44 45 46 47 48 49 50 
51 52 53 54 55 56 57 58 59 
60 61 62 63 64 65 66 67 68 
69 70 71 72 73 74 75 76 77 
78 79 80 81 82 83 84 85 86 
87 88 89 90 91 92 93 5 6 
7 8 9 10 11 12 13 14 15 
16 17 18 19 20 21 22 23 24 
25 26 27 28 29 30 31 32 33 
34 35 36 37 38 39 40 41 42 
43 44 45 46 47 48 49 50 51 
52 53 54 55 56 57 58 59 60 
61 62 63 64 65 66 67 68 69 
70 71 72 73 74 75 76 77 78 
79 80 81 82 83 84 85 86 87 
88 89 90 91 92 93 1 2 3 
4 5 6 7 8 9 10 11 12 
13 14 15 16 17 18 19 20 21 
22 23 24 25 26 27 28 29 30 
31 32 33 34 35 36 37 38 39 
40 41 42 43 44 45 46 47 48 
49 50 51 52 53 54 55 56 57 
58 59 60 61 62 63 64 65 66 
67 68 69 70 71 72 73 74 75 
76 77 78 79 80 81 82 83 84 
85 86 87 88 89 90 91 92 93 
4 5 6 7 8 9 10 11 12 
13 14 15 16 17 18 19 20 21 
22 23 24 25 26 27 28 29 30 
31 32 33 34 35 36 37 38 39 
40 41 42 43 44 45 46 47 48 
49 50 51 52 53 54 55 56 57 
58 59 60 61 62 63 64 65 66 
67 68 69 70 71 72 73 74 75 
76 77 78 79 80 81 82 83 84 
85 86 87 88 89 90 91 92 93 
2 3 4 5 6 7 8 9 10 
11 12 13 14 15 16 17 18 19 
20 21 22 23 24 25 26 27 28 
29 30 31 32 33 34 35 36 37 
38 39 40 41 42 43 44 45 46 
47 48 49 50 51 52 53 54 55 
56 57 58 59 60 61 62 63 64 
65 66 67 68 69 70 71 72 73 
74 75 76 77 78 79 80 81 82 
83 84 85 86 87 88 89 90 91 
92 93 2 3 4 5 6 7 8 
9 10 11 12 13 14 15 16 17 
18 19 20 21 22 23 24 25 26 
27 28 29 30 31 32 33 34 35 
36 37 38 39 40 41 42 43 44 
45 46 47 48 49 50 51 52 53 
54 55 56 57 58 59 60 61 62 
63 64 65 66 67 68 69 70 71 
72 73 74 75 76 77 78 79 80 
81 82 83 84 85 86 87 88 89 
90 91 92 93 1 2 3 4 5 
6 7 8 9 10 11 12 13 14 
15 16 17 18 19 20 21 22 23 
24 25 26 27 28 29 30 31 32 
33 34 35 36 37 38 39 40 41 
42 43 44 45 46 47 48 49 50 
51 52 53 54 55 56 57 58 59 
60 61 62 63 64 65 66 67 68 
69 70 71 72 73 74 75 76 77 
78 79 80 81 82 83 84 85 86 
87 88 89 90 91 92 93 0 1 
2 3 4 5 6 7 8 9 10 
11 12 13 14 15 16 17 18 19 
20 21 22 23 24 25 26 27 28 
29 30 31 32 33 34 35 36 37 
38 39 40 41 42 43 44 45 46 
47 48 49 50 51 52 53 54 55 
56 57 58 59 60 61 62 63 64 
65 66 67 68 69 70 71 72 73 
74 75 76 77 78 79 80 81 82 
83 84 85 86 87 88 89 90 91 
92 93 0 1 2 3 4 5 6 
7 8 9 10 11 12 13 14 15 
16 17 18 19 20 21 22 23 24 
25 26 27 28 29 30 31 32 33 
34 35 36 37 38 39 40 41 42 
43 44 45 46 47 48 49 50 51 
52 53 54 55 56 57 58 59 60 
61 62 63 64 65 66 67 68 69 
70 71 72 73 74 75 76 77 78 
79 80 81 82 83 84 85 86 87 
88 89 90 91 92 93 1 2 3 
4 5 6 7 8 9 10 11 12 
13 14 15 16 17 18 19 20 21 
22 23 24 25 26 27 28 29 30 
31 32 33 34 35 36 37 38 39 
40 41 42 43 44 45 46 47 48 
49 50 51 52 53 54 55 56 57 
58 59 60 61 62 63 64 65 66 
67 68 69 70 71 72 73 74 75 
76 77 78 79 80 81 82 83 84 
85 86 87 88 89 90 91 92 93 
2 3 4 5 6 7 8 9 10 
11 12 13 14 15 16 17 18 19 
20 21 22 23 24 25 26 27 28 
29 30 31 32 33 34 35 36 37 
38 39 40 41 42 43 44 45 46 
47 48 49 50 51 52 53 54 55 
56 57 58 59 60 61 62 63 64 
65 66 67 68 69 70 71 72 73 
74 75 76 77 78 79 80 81 82 
83 84 85 86 87 88 89 90 91 
92 93 0 1 2 3 4 5 6 
7 8 9 10 11 12 13 14 15 
16 17 18 19 20 21 22 23 24 
25 26 27 28 29 30 31 32 33 
34 35 36 37 38 39 40 41 42 
43 44 45 46 47 48 49 50 51 
52 53 54 55 56 57 58 59 60 
61 62 63 64 65 66 67 68 69 
70 71 72 73 74 75 76 77 78 
79 80 81 82 83 84 85 86 87 
88 89 90 91 92 93 0 1 2 
3 4 5 6 7 8 9 10 11 
12 13 14 15 16 17 18 19 20 
21 22 23 24 25 26 27 28 29 
30 31 32 33 34 35 36 37 38 
39 40 41 42 43 44 45 46 47 
48 49 50 51 52 53 54 55 56 
57 58 59 60 61 62 63 64 65 
66 67 68 69 70 71 72 73 74 
75 76 77 78 79 80 81 82 83 
84 85 86 87 88 89 90 91 92 
93 1 2 3 4 5 6 7 8 
9 10 11 12 13 14 15 16 17 
18 19 20 21 22 23 24 25 26 
27 28 29 30 31 32 33 34 35 
36 37 38 39 40 41 42 43 44 
45 46 47 48 49 50 51 52 53 
54 55 56 57 58 59 60 61 62 
63 64 65 66 67 68 69 70 71 
72 73 74 75 76 77 78 79 80 
81 82 83 84 85 86 87 88 89 
90 91 92 93 0 1 2 3 4 
5 6 7 8 9 10 11 12 13 
14 15 16 17 18 19 20 21 22 
23 24 25 26 27 28 29 30 31 
32 33 34 35 36 37 38 39 40 
41 42 43 44 45 46 47 48 49 
50 51 52 53 54 55 56 57 58 
59 60 61 62 63 64 65 66 67 
68 69 70 71 72 73 74 75 76 
77 78 79 80 81 82 83 84 85 
86 87 88 89 90 91 92 93 2 
3 4 5 6 7 8 9 10 11 
12 13 14 15 16 17 18 19 20 
21 22 23 24 25 26 27 28 29 
30 31 32 33 34 35 36 37 38 
39 40 41 42 43 44 45 46 47 
48 49 50 51 52 53 54 55 56 
57 58 59 60 61 62 63 64 65 
66 67 68 69 70 71 72 73 74 
75 76 77 78 79 80 81 82 83 
84 85 86 87 88 89 90 91 92 
93 1 2 3 4 5 6 7 8 
9 10 11 12 13 14 15 16 17 
18 19 20 21 22 23 24 25 26 
27 28 29 30 31 32 33 34 35 
36 37 38 39 40 41 42 43 44 
45 46 47 48 49 50 51 52 53 
54 55 56 57 58 59 60 61 62 
63 64 65 66 67 68 69 70 71 
72 73 74 75 76 77 78 79 80 
81 82 83 84 85 86 87 88 89 
90 91 92 93 2 3 4 5 6 
7 8 9 10 11 12 13 14 15 
16 17 18 19 20 21 22 23 24 
25 26 27 28 29 30 31 32 33 
34 35 36 37 38 39 40 41 42 
43 44 45 46 47 48 49 50 51 
52 53 54 55 56 57 58 59 60 
61 62 63 64 65 66 67 68 69 
70 71 72 73 74 75 76 77 78 
79 80 81 82 83 84 85 86 87 
88 89 90 91 92 93 0 1 2 
3 4 5 6 7 8 9 10 11 
12 13 14 15 16 17 18 19 20 
21 22 23 24 25 26 27 28 29 
30 31 32 33 34 35 36 37 38 
39 40 41 42 43 44 45 46 47 
48 49 50 51 52 53 54 55 56 
57 58 59 60 61 62 63 64 65 
66 67 68 69 70 71 72 73 74 
75 76 77 78 79 80 81 82 83 
84 85 86 87 88 89 90 91 92 
93 2 3 4 5 6 7 8 9 
10 11 12 13 14 15 16 17 18 
19 20 21 22 23 24 25 26 27 
28 29 30 31 32 33 34 35 36 
37 38 39 40 41 42 43 44 45 
46 47 48 49 50 51 52 53 54 
55 56 57 58 59 60 61 62 63 
64 65 66 67 68 69 70 71 72 
73 74 75 76 77 78 79 80 81 
82 83 84 85 86 87 88 89 90 
91 92 93 0 1 2 3 4 5 
6 7 8 9 10 11 12 13 14 
15 16 17 18 19 20 21 22 23 
24 25 26 27 28 29 30 31 32 
33 34 35 36 37 38 39 40 41 
42 43 44 45 46 47 48 49 50 
51 52 53 54 55 56 57 58 59 
60 61 62 63 64 65 66 67 68 
69 70 71 72 73 74 75 76 77 
78 79 80 81 82 83 84 85 86 
87 88 89 90 91 92 93 2 3 
4 5 6 7 8 9 10 11 12 
13 14 15 16 17 18 19 20 21 
22 23 24 25 26 27 28 29 30 
31 32 33 34 35 36 37 38 39 
40 41 42 43 44 45 46 47 48 
49 50 51 52 53 54 55 56 57 
58 59 60 61 62 63 64 65 66 
67 68 69 70 71 72 73 74 75 
76 77 78 79 80 81 82 83 84 
85 86 87 88 89 90 91 92 93 
4 5 6 7 8 9 10 11 12 
13 14 15 16 17 18 19 20 21 
22 23 24 25 26 27 28 29 30 
31 32 33 34 35 36 37 38 39 
40 41 42 43 44 45 46 47 48 
49 50 51 52 53 54 55 56 57 
58 59 60 61 62 63 64 65 66 
67 68 69 70 71 72 73 74 75 
76 77 78 79 80 81 82 83 84 
85 86 87 88 89 90 91 92 93 
0 1 2 3 4 5 6 7 8 
9 10 11 12 13 14 15 16 17 
18 19 20 21 22 23 24 25 26 
27 28 29 30 31 32 33 34 35 
36 37 38 39 40 41 42 43 44 
45 46 47 48 49 50 51 52 53 
54 55 56 57 58 59 60 61 62 
63 64 65 66 67 68 69 70 71 
72 73 74 75 76 77 78 79 80 
81 82 83 84 85 86 87 88 89 
90 91 92 93 2 3 4 5 6 
7 8 9 10 11 12 13 14 15 
16 17 18 19 20 21 22 23 24 
25 26 27 28 29 30 31 32 33 
34 35 36 37 38 39 40 41 42 
43 44 45 46 47 48 49 50 51 
52 53 54 55 56 57 58 59 60 
61 62 63 64 65 66 67 68 69 
70 71 72 73 74 75 76 77 78 
79 80 81 82 83 84 85 86 87 
88 89 90 91 92 93 4 5 6 
7 8 9 10 11 12 13 14 15 
16 17 18 19 20 21 22 23 24 
25 26 27 28 29 30 31 32 33 
34 35 36 37 38 39 40 41 42 
43 44 45 46 47 48 49 50 51 
52 53 54 55 56 57 58 59 60 
61 62 63 64 65 66 67 68 69 
70 71 72 73 74 75 76 77 78 
79 80 81 82 83 84 85 86 87 
88 89 90 91 92 93 2 3 4 
5 6 7 8 9 10 11 12 13 
14 15 16 17 18 19 20 21 22 
23 24 25 26 27 28 29 30 31 
32 33 34 35 36 37 38 39 40 
41 42 43 44 45 46 47 48 49 
50 51 52 53 54 55 56 57 58 
59 60 61 62 63 64 65 66 67 
68 69 70 71 72 73 74 75 76 
77 78 79 80 81 82 83 84 85 
86 87 88 89 90 91 92 93 94 
4 5 6 7 8 9 10 11 12 
13 14 15 16 17 18 19 20 21 
22 23 24 25 26 27 28 29 30 
31 32 33 34 35 36 37 38 39 
40 41 42 43 44 45 46 47 48 
49 50 51 52 53 54 55 56 57 
58 59 60 61 62 63 64 65 66 
67 68 69 70 71 72 73 74 75 
76 77 78 79 80 81 82 83 84 
85 86 87 88 89 90 91 92 93 
2 3 4 5 6 7 8 9 10 
11 12 13 14 15 16 17 18 19 
20 21 22 23 24 25 26 27 28 
29 30 31 32 33 34 35 36 37 
38 39 40 41 42 43 44 45 46 
47 48 49 50 51 52 53 54 55 
56 57 58 59 60 61 62 63 64 
65 66 67 68 69 70 71 72 73 
74 75 76 77 78 79 80 81 82 
83 84 85 86 87 88 89 90 91 
92 93 4 5 6 7 8 9 10 
11 12 13 14 15 16 17 18 19 
20 21 22 23 24 25 26 27 28 
29 30 31 32 33 34 35 36 37 
38 39 40 41 42 43 44 45 46 
47 48 49 50 51 52 53 54 55 
56 57 58 59 60 61 62 63 64 
65 66 67 68 69 70 71 72 73 
74 75 76 77 78 79 80 81 82 
83 84 85 86 87 88 89 90 91 
92 93 2 3 4 5 6 7 8 
9 10 11 12 13 14 15 16 17 
18 19 20 21 22 23 24 25 26 
27 28 29 30 31 32 33 34 35 
36 37 38 39 40 41 42 43 44 
45 46 47 48 49 50 51 52 53 
54 55 56 57 58 59 60 61 62 
63 64 65 66 67 68 69 70 71 
72 73 74 75 76 77 78 79 80 
81 82 83 84 85 86 87 88 89 
90 91 92 93 1 2 3 4 5 
6 7 8 9 10 11 12 13 14 
15 16 17 18 19 20 21 22 23 
24 25 26 27 28 29 30 31 32 
33 34 35 36 37 38 39 40 41 
42 43 44 45 46 47 48 49 50 
51 52 53 54 55 56 57 58 59 
60 61 62 63 64 65 66 67 68 
69 70 71 72 73 74 75 76 77 
78 79 80 81 82 83 84 85 86 
87 88 89 90 91 92 93 3 4 
5 6 7 8 9 10 11 12 13 
14 15 16 17 18 19 20 21 22 
23 24 25 26 27 28 29 30 31 
32 33 34 35 36 37 38 39 40 
41 42 43 44 45 46 47 48 49 
50 51 52 53 54 55 56 57 58 
59 60 61 62 63 64 65 66 67 
68 69 70 71 72 73 74 75 76 
77 78 79 80 81 82 83 84 85 
86 87 88 89 90 91 92 93 1 
2 3 4 5 6 7 8 9 10 
11 12 13 14 15 16 17 18 19 
20 21 22 23 24 25 26 27 28 
29 30 31 32 33 34 35 36 37 
38 39 40 41 42 43 44 45 46 
47 48 49 50 51 52 53 54 55 
56 57 58 59 60 61 62 63 64 
65 66 67 68 69 70 71 72 73 
74 75 76 77 78 79 80 81 82 
83 84 85 86 87 88 89 90 91 
92 93 94 2 3 4 5 6 7 
8 9 10 11 12 13 14 15 16 
17 18 19 20 21 22 23 24 25 
26 27 28 29 30 31 32 33 34 
35 36 37 38 39 40 41 42 43 
44 45 46 47 48 49 50 51 52 
53 54 55 56 57 58 59 60 61 
62 63 64 65 66 67 68 69 70 
71 72 73 74 75 76 77 78 79 
80 81 82 83 84 85 86 87 88 
89 90 91 92 93 2 3 4 5 
6 7 8 9 10 11 12 13 14 
15 16 17 18 19 20 21 22 23 
24 25 26 27 28 29 30 31 32 
33 34 35 36 37 38 39 40 41 
42 43 44 45 46 47 48 49 50 
51 52 53 54 55 56 57 58 59 
60 61 62 63 64 65 66 67 68 
69 70 71 72 73 74 75 76 77 
78 79 80 81 82 83 84 85 86 
87 88 89 90 91 92 93 4 5 
6 7 8 9 10 11 12 13 14 
15 16 17 18 19 20 21 22 23 
24 25 26 27 28 29 30 31 32 
33 34 35 36 37 38 39 40 41 
42 43 44 45 46 47 48 49 50 
51 52 53 54 55 56 57 58 59 
60 61 62 63 64 65 66 67 68 
69 70 71 72 73 74 75 76 77 
78 79 80 81 82 83 84 85 86 
87 88 89 90 91 92 93 0 1 
2 3 4 5 6 7 8 9 10 
11 12 13 14 15 16 17 18 19 
20 21 22 23 24 25 26 27 28 
29 30 31 32 33 34 35 36 37 
38 39 40 41 42 43 44 45 46 
47 48 49 50 51 52 53 54 55 
56 57 58 59 60 61 62 63 64 
65 66 67 68 69 70 71 72 73 
74 75 76 77 78 79 80 81 82 
83 84 85 86 87 88 89 90 91 
92 93 94 0 1 2 3 4 5 
6 7 8 9 10 11 12 13 14 
15 16 17 18 19 20 21 22 23 
24 25 26 27 28 29 30 31 32 
33 34 35 36 37 38 39 40 41 
42 43 44 45 46 47 48 49 50 
51 52 53 54 55 56 57 58 59 
60 61 62 63 64 65 66 67 68 
69 70 71 72 73 74 75 76 77 
78 79 80 81 82 83 84 85 86 
87 88 89 90 91 92 93 4 5 
6 7 8 9 10 11 12 13 14 
15 16 17 18 19 20 21 22 23 
24 25 26 27 28 29 30 31 32 
33 34 35 36 37 38 39 40 41 
42 43 44 45 46 47 48 49 50 
51 52 53 54 55 56 57 58 59 
60 61 62 63 64 65 66 67 68 
69 70 71 72 73 74 75 76 77 
78 79 80 81 82 83 84 85 86 
87 88 89 90 91 92 93 2 3 
4 5 6 7 8 9 10 11 12 
13 14 15 16 17 18 19 20 21 
22 23 24 25 26 27 28 29 30 
31 32 33 34 35 36 37 38 39 
40 41 42 43 44 45 46 47 48 
49 50 51 52 53 54 55 56 57 
58 59 60 61 62 63 64 65 66 
67 68 69 70 71 72 73 74 75 
76 77 78 79 80 81 82 83 84 
85 86 87 88 89 90 91 92 93 
4 5 6 7 8 9 10 11 12 
13 14 15 16 17 18 19 20 21 
22 23 24 25 26 27 28 29 30 
31 32 33 34 35 36 37 38 39 
40 41 42 43 44 45 46 47 48 
49 50 51 52 53 54 55 56 57 
58 59 60 61 62 63 64 65 66 
67 68 69 70 71 72 73 74 75 
76 77 78 79 80 81 82 83 84 
85 86 87 88 89 90 91 92 93 
1 2 3 4 5 6 7 8 9 
10 11 12 13 14 15 16 17 18 
19 20 21 22 23 24 25 26 27 
28 29 30 31 32 33 34 35 36 
37 38 39 40 41 42 43 44 45 
46 47 48 49 50 51 52 53 54 
55 56 57 58 59 60 61 62 63 
64 65 66 67 68 69 70 71 72 
73 74 75 76 77 78 79 80 81 
82 83 84 85 86 87 88 89 90 
91 92 93 0 1 2 3 4 5 
6 7 8 9 10 11 12 13 14 
15 16 17 18 19 20 21 22 23 
24 25 26 27 28 29 30 31 32 
33 34 35 36 37 38 39 40 41 
42 43 44 45 46 47 48 49 50 
51 52 53 54 55 56 57 58 59 
60 61 62 63 64 65 66 67 68 
69 70 71 72 73 74 75 76 77 
78 79 80 81 82 83 84 85 86 
87 88 89 90 91 92 93 1 2 
3 4 5 6 7 8 9 10 11 
12 13 14 15 16 17 18 19 20 
21 22 23 24 25 26 27 28 29 
30 31 32 33 34 35 36 37 38 
39 40 41 42 43 44 45 46 47 
48 49 50 51 52 53 54 55 56 
57 58 59 60 61 62 63 64 65 
66 67 68 69 70 71 72 73 74 
75 76 77 78 79 80 81 82 83 
84 85 86 87 88 89 90 91 92 
93 3 4 5 6 7 8 9 10 
11 12 13 14 15 16 17 18 19 
20 21 22 23 24 25 26 27 28 
29 30 31 32 33 34 35 36 37 
38 39 40 41 42 43 44 45 46 
47 48 49 50 51 52 53 54 55 
56 57 58 59 60 61 62 63 64 
65 66 67 68 69 70 71 72 73 
74 75 76 77 78 79 80 81 82 
83 84 85 86 87 88 89 90 91 
92 93 94 4 5 6 7 8 9 
10 11 12 13 14 15 16 17 18 
19 20 21 22 23 24 25 26 27 
28 29 30 31 32 33 34 35 36 
37 38 39 40 41 42 43 44 45 
46 47 48 49 50 51 52 53 54 
55 56 57 58 59 60 61 62 63 
64 65 66 67 68 69 70 71 72 
73 74 75 76 77 78 79 80 81 
82 83 84 85 86 87 88 89 90 
91 92 93 2 3 4 5 6 7 
8 9 10 11 12 13 14 15 16 
17 18 19 20 21 22 23 24 25 
26 27 28 29 30 31 32 33 34 
35 36 37 38 39 40 41 42 43 
44 45 46 47 48 49 50 51 52 
53 54 55 56 57 58 59 60 61 
62 63 64 65 66 67 68 69 70 
71 72 73 74 75 76 77 78 79 
80 81 82 83 84 85 86 87 88 
89 90 91 92 93 3 4 5 6 
7 8 9 10 11 12 13 14 15 
16 17 18 19 20 21 22 23 24 
25 26 27 28 29 30 31 32 33 
34 35 36 37 38 39 40 41 42 
43 44 45 46 47 48 49 50 51 
52 53 54 55 56 57 58 59 60 
61 62 63 64 65 66 67 68 69 
70 71 72 73 74 75 76 77 78 
79 80 81 82 83 84 85 86 87 
88 89 90 91 92 93 2 3 4 
5 6 7 8 9 10 11 12 13 
14 15 16 17 18 19 20 21 22 
23 24 25 26 27 28 29 30 31 
32 33 34 35 36 37 38 39 40 
41 42 43 44 45 46 47 48 49 
50 51 52 53 54 55 56 57 58 
59 60 61 62 63 64 65 66 67 
68 69 70 71 72 73 74 75 76 
77 78 79 80 81 82 83 84 85 
86 87 88 89 90 91 92 93 2 
3 4 5 6 7 8 9 10 11 
12 13 14 15 16 17 18 19 20 
21 22 23 24 25 26 27 28 29 
30 31 32 33 34 35 36 37 38 
39 40 41 42 43 44 45 46 47 
48 49 50 51 52 53 54 55 56 
57 58 59 60 61 62 63 64 65 
66 67 68 69 70 71 72 73 74 
75 76 77 78 79 80 81 82 83 
84 85 86 87 88 89 90 91 92 
93 0 1 2 3 4 5 6 7 
8 9 10 11 12 13 14 15 16 
17 18 19 20 21 22 23 24 25 
26 27 28 29 30 31 32 33 34 
35 36 37 38 39 40 41 42 43 
44 45 46 47 48 49 50 51 52 
53 54 55 56 57 58 59 60 61 
62 63 64 65 66 67 68 69 70 
71 72 73 74 75 76 77 78 79 
80 81 82 83 84 85 86 87 88 
89 90 91 92 93 2 3 4 5 
6 7 8 9 10 11 12 13 14 
15 16 17 18 19 20 21 22 23 
24 25 26 27 28 29 30 31 32 
33 34 35 36 37 38 39 40 41 
42 43 44 45 46 47 48 49 50 
51 52 53 54 55 56 57 58 59 
60 61 62 63 64 65 66 67 68 
69 70 71 72 73 74 75 76 77 
78 79 80 81 82 83 84 85 86 
87 88 89 90 91 92 93 2 3 
4 5 6 7 8 9 10 11 12 
13 14 15 16 17 18 19 20 21 
22 23 24 25 26 27 28 29 30 
31 32 33 34 35 36 37 38 39 
40 41 42 43 44 45 46 47 48 
49 50 51 52 53 54 55 56 57 
58 59 60 61 62 63 64 65 66 
67 68 69 70 71 72 73 74 75 
76 77 78 79 80 81 82 83 84 
85 86 87 88 89 90 91 92 93 
1 2 3 4 5 6 7 8 9 
10 11 12 13 14 15 16 17 18 
19 20 21 22 23 24 25 26 27 
28 29 30 31 32 33 34 35 36 
37 38 39 40 41 42 43 44 45 
46 47 48 49 50 51 52 53 54 
55 56 57 58 59 60 61 62 63 
64 65 66 67 68 69 70 71 72 
73 74 75 76 77 78 79 80 81 
82 83 84 85 86 87 88 89 90 
91 92 93 4 5 6 7 8 9 
10 11 12 13 14 15 16 17 18 
19 20 21 22 23 24 25 26 27 
28 29 30 31 32 33 34 35 36 
37 38 39 40 41 42 43 44 45 
46 47 48 49 50 51 52 53 54 
55 56 57 58 59 60 61 62 63 
64 65 66 67 68 69 70 71 72 
73 74 75 76 77 78 79 80 81 
82 83 84 85 86 87 88 89 90 
91 92 93 0 1 2 3 4 5 
6 7 8 9 10 11 12 13 14 
15 16 17 18 19 20 21 22 23 
24 25 26 27 28 29 30 31 32 
33 34 35 36 37 38 39 40 41 
42 43 44 45 46 47 48 49 50 
51 52 53 54 55 56 57 58 59 
60 61 62 63 64 65 66 67 68 
69 70 71 72 73 74 75 76 77 
78 79 80 81 82 83 84 85 86 
87 88 89 90 91 92 93 3 4 
5 6 7 8 9 10 11 12 13 
14 15 16 17 18 19 20 21 22 
23 24 25 26 27 28 29 30 31 
32 33 34 35 36 37 38 39 40 
41 42 43 44 45 46 47 48 49 
50 51 52 53 54 55 56 57 58 
59 60 61 62 63 64 65 66 67 
68 69 70 71 72 73 74 75 76 
77 78 79 80 81 82 83 84 85 
86 87 88 89 90 91 92 93 0 
1 2 3 4 5 6 7 8 9 
10 11 12 13 14 15 16 17 18 
19 20 21 22 23 24 25 26 27 
28 29 30 31 32 33 34 35 36 
37 38 39 40 41 42 43 44 45 
46 47 48 49 50 51 52 53 54 
55 56 57 58 59 60 61 62 63 
64 65 66 67 68 69 70 71 72 
73 74 75 76 77 78 79 80 81 
82 83 84 85 86 87 88 89 90 
91 92 93 2 3 4 5 6 7 
8 9 10 11 12 13 14 15 16 
17 18 19 20 21 22 23 24 25 
26 27 28 29 30 31 32 33 34 
35 36 37 38 39 40 41 42 43 
44 45 46 47 48 49 50 51 52 
53 54 55 56 57 58 59 60 61 
62 63 64 65 66 67 68 69 70 
71 72 73 74 75 76 77 78 79 
80 81 82 83 84 85 86 87 88 
89 90 91 92 93 3 4 5 6 
7 8 9 10 11 12 13 14 15 
16 17 18 19 20 21 22 23 24 
25 26 27 28 29 30 31 32 33 
34 35 36 37 38 39 40 41 42 
43 44 45 46 47 48 49 50 51 
52 53 54 55 56 57 58 59 60 
61 62 63 64 65 66 67 68 69 
70 71 72 73 74 75 76 77 78 
79 80 81 82 83 84 85 86 87 
88 89 90 91 92 93 2 3 4 
5 6 7 8 9 10 11 12 13 
14 15 16 17 18 19 20 21 22 
23 24 25 26 27 28 29 30 31 
32 33 34 35 36 37 38 39 40 
41 42 43 44 45 46 47 48 49 
50 51 52 53 54 55 56 57 58 
59 60 61 62 63 64 65 66 67 
68 69 70 71 72 73 74 75 76 
77 78 79 80 81 82 83 84 85 
86 87 88 89 90 91 92 93 3 
4 5 6 7 8 9 10 11 12 
13 14 15 16 17 18 19 20 21 
22 23 24 25 26 27 28 29 30 
31 32 33 34 35 36 37 38 39 
40 41 42 43 44 45 46 47 48 
49 50 51 52 53 54 55 56 57 
58 59 60 61 62 63 64 65 66 
67 68 69 70 71 72 73 74 75 
76 77 78 79 80 81 82 83 84 
85 86 87 88 89 90 91 92 93 
2 3 4 5 6 7 8 9 10 
11 12 13 14 15 16 17 18 19 
20 21 22 23 24 25 26 27 28 
29 30 31 32 33 34 35 36 37 
38 39 40 41 42 43 44 45 46 
47 48 49 50 51 52 53 54 55 
56 57 58 59 60 61 62 63 64 
65 66 67 68 69 70 71 72 73 
74 75 76 77 78 79 80 81 82 
83 84 85 86 87 88 89 90 91 
92 93 1 2 3 4 5 6 7 
8 9 10 11 12 13 14 15 16 
17 18 19 20 21 22 23 24 25 
26 27 28 29 30 31 32 33 34 
35 36 37 38 39 40 41 42 43 
44 45 46 47 48 49 50 51 52 
53 54 55 56 57 58 59 60 61 
62 63 64 65 66 67 68 69 70 
71 72 73 74 75 76 77 78 79 
80 81 82 83 84 85 86 87 88 
89 90 91 92 93 1 2 3 4 
5 6 7 8 9 10 11 12 13 
14 15 16 17 18 19 20 21 22 
23 24 25 26 27 28 29 30 31 
32 33 34 35 36 37 38 39 40 
41 42 43 44 45 46 47 48 49 
50 51 52 53 54 55 56 57 58 
59 60 61 62 63 64 65 66 67 
68 69 70 71 72 73 74 75 76 
77 78 79 80 81 82 83 84 85 
86 87 88 89 90 91 92 93 2 
3 4 5 6 7 8 9 10 11 
12 13 14 15 16 17 18 19 20 
21 22 23 24 25 26 27 28 29 
30 31 32 33 34 35 36 37 38 
39 40 41 42 43 44 45 46 47 
48 49 50 51 52 53 54 55 56 
57 58 59 60 61 62 63 64 65 
66 67 68 69 70 71 72 73 74 
75 76 77 78 79 80 81 82 83 
84 85 86 87 88 89 90 91 92 
93 0 1 2 3 4 5 6 7 
8 9 10 11 12 13 14 15 16 
17 18 19 20 21 22 23 24 25 
26 27 28 29 30 31 32 33 34 
35 36 37 38 39 40 41 42 43 
44 45 46 47 48 49 50 51 52 
53 54 55 56 57 58 59 60 61 
62 63 64 65 66 67 68 69 70 
71 72 73 74 75 76 77 78 79 
80 81 82 83 84 85 86 87 88 
89 90 91 92 93 2 3 4 5 
6 7 8 9 10 11 12 13 14 
15 16 17 18 19 20 21 22 23 
24 25 26 27 28 29 30 31 32 
33 34 35 36 37 38 39 40 41 
42 43 44 45 46 47 48 49 50 
51 52 53 54 55 56 57 58 59 
60 61 62 63 64 65 66 67 68 
69 70 71 72 73 74 75 76 77 
78 79 80 81 82 83 84 85 86 
87 88 89 90 91 92 93 1 2 
3 4 5 6 7 8 9 10 11 
12 13 14 15 16 17 18 19 20 
21 22 23 24 25 26 27 28 29 
30 31 32 33 34 35 36 37 38 
39 40 41 42 43 44 45 46 47 
48 49 50 51 52 53 54 55 56 
57 58 59 60 61 62 63 64 65 
66 67 68 69 70 71 72 73 74 
75 76 77 78 79 80 81 82 83 
84 85 86 87 88 89 90 91 92 
93 2 3 4 5 6 7 8 9 
10 11 12 13 14 15 16 17 18 
19 20 21 22 23 24 25 26 27 
28 29 30 31 32 33 34 35 36 
37 38 39 40 41 42 43 44 45 
46 47 48 49 50 51 52 53 54 
55 56 57 58 59 60 61 62 63 
64 65 66 67 68 69 70 71 72 
73 74 75 76 77 78 79 80 81 
82 83 84 85 86 87 88 89 90 
91 92 93 1 2 3 4 5 6 
7 8 9 10 11 12 13 14 15 
16 17 18 19 20 21 22 23 24 
25 26 27 28 29 30 31 32 33 
34 35 36 37 38 39 40 41 42 
43 44 45 46 47 48 49 50 51 
52 53 54 55 56 57 58 59 60 
61 62 63 64 65 66 67 68 69 
70 71 72 73 74 75 76 77 78 
79 80 81 82 83 84 85 86 87 
88 89 90 91 92 93 2 3 4 
5 6 7 8 9 10 11 12 13 
14 15 16 17 18 19 20 21 22 
23 24 25 26 27 28 29 30 31 
32 33 34 35 36 37 38 39 40 
41 42 43 44 45 46 47 48 49 
50 51 52 53 54 55 56 57 58 
59 60 61 62 63 64 65 66 67 
68 69 70 71 72 73 74 75 76 
77 78 79 80 81 82 83 84 85 
86 87 88 89 90 91 92 93 2 
3 4 5 6 7 8 9 10 11 
12 13 14 15 16 17 18 19 20 
21 22 23 24 25 26 27 28 29 
30 31 32 33 34 35 36 37 38 
39 40 41 42 43 44 45 46 47 
48 49 50 51 52 53 54 55 56 
57 58 59 60 61 62 63 64 65 
66 67 68 69 70 71 72 73 74 
75 76 77 78 79 80 81 82 83 
84 85 86 87 88 89 90 91 92 
93 2 3 4 5 6 7 8 9 
10 11 12 13 14 15 16 17 18 
19 20 21 22 23 24 25 26 27 
28 29 30 31 32 33 34 35 36 
37 38 39 40 41 42 43 44 45 
46 47 48 49 50 51 52 53 54 
55 56 57 58 59 60 61 62 63 
64 65 66 67 68 69 70 71 72 
73 74 75 76 77 78 79 80 81 
82 83 84 85 86 87 88 89 90 
91 92 93 0 1 2 3 4 5 
6 7 8 9 10 11 12 13 14 
15 16 17 18 19 20 21 22 23 
24 25 26 27 28 29 30 31 32 
33 34 35 36 37 38 39 40 41 
42 43 44 45 46 47 48 49 50 
51 52 53 54 55 56 57 58 59 
60 61 62 63 64 65 66 67 68 
69 70 71 72 73 74 75 76 77 
78 79 80 81 82 83 84 85 86 
87 88 89 90 91 92 93 3 4 
5 6 7 8 9 10 11 12 13 
14 15 16 17 18 19 20 21 22 
23 24 25 26 27 28 29 30 31 
32 33 34 35 36 37 38 39 40 
41 42 43 44 45 46 47 48 49 
50 51 52 53 54 55 56 57 58 
59 60 61 62 63 64 65 66 67 
68 69 70 71 72 73 74 75 76 
77 78 79 80 81 82 83 84 85 
86 87 88 89 90 91 92 93 0 
1 2 3 4 5 6 7 8 9 
10 11 12 13 14 15 16 17 18 
19 20 21 22 23 24 25 26 27 
28 29 30 31 32 33 34 35 36 
37 38 39 40 41 42 43 44 45 
46 47 48 49 50 51 52 53 54 
55 56 57 58 59 60 61 62 63 
64 65 66 67 68 69 70 71 72 
73 74 75 76 77 78 79 80 81 
82 83 84 85 86 87 88 89 90 
91 92 93 94 1 2 3 4 5 
6 7 8 9 10 11 12 13 14 
15 16 17 18 19 20 21 22 23 
24 25 26 27 28 29 30 31 32 
33 34 35 36 37 38 39 40 41 
42 43 44 45 46 47 48 49 50 
51 52 53 54 55 56 57 58 59 
60 61 62 63 64 65 66 67 68 
69 70 71 72 73 74 75 76 77 
78 79 80 81 82 83 84 85 86 
87 88 89 90 91 92 93 0 1 
2 3 4 5 6 7 8 9 10 
11 12 13 14 15 16 17 18 19 
20 21 22 23 24 25 26 27 28 
29 30 31 32 33 34 35 36 37 
38 39 40 41 42 43 44 45 46 
47 49 50 51 52 53 54 55 56 
57 58 59 60 61 62 63 64 65 
66 67 68 69 70 71 72 73 74 
75 76 77 78 79 80 81 82 83 
84 85 86 87 88 89 90 91 92 
93 1 2 3 4 5 6 7 8 
9 10 11 12 13 14 15 16 17 
18 19 20 21 22 23 24 25 26 
27 28 29 30 31 32 33 34 35 
36 37 38 39 40 41 42 43 44 
45 46 47 48 49 50 51 52 53 
54 55 56 57 58 59 60 61 62 
63 64 65 66 67 68 69 70 71 
72 73 74 75 76 77 78 79 80 
81 82 83 84 85 86 87 88 89 
90 91 92 93 2 3 4 5 6 
7 8 9 10 11 12 13 14 15 
16 17 18 19 20 21 22 23 24 
25 26 27 28 29 30 31 32 33 
34 35 36 37 38 39 40 41 42 
43 44 45 46 47 48 49 50 51 
52 53 54 55 56 57 58 59 60 
61 62 63 64 65 66 67 68 69 
70 71 72 73 74 75 76 77 78 
79 80 81 82 83 84 85 86 87 
88 89 90 91 92 93 0 1 2 
3 4 5 6 7 8 9 10 11 
12 13 14 15 16 17 18 19 20 
21 22 23 24 25 26 27 28 29 
30 31 32 33 34 35 36 37 38 
39 40 41 42 43 44 45 46 47 
48 49 50 51 52 53 54 55 56 
57 58 59 60 61 62 63 64 65 
66 67 68 69 70 71 72 73 74 
75 76 77 78 79 80 81 82 83 
84 85 86 87 88 89 90 91 92 
93 2 3 4 5 6 7 8 9 
10 11 12 13 14 15 16 17 18 
19 20 21 22 23 24 25 26 27 
28 29 30 31 32 33 34 35 36 
37 38 39 40 41 42 43 44 45 
46 47 48 49 50 51 52 53 54 
55 56 57 58 59 60 61 62 63 
64 65 66 67 68 69 70 71 72 
73 74 75 76 77 78 79 80 81 
82 83 84 85 86 87 88 89 90 
91 92 93 0 1 2 3 4 5 
6 7 8 9 10 11 12 13 14 
15 16 17 18 19 20 21 22 23 
24 25 26 27 28 29 30 31 32 
33 34 35 36 37 38 39 40 41 
42 43 44 45 46 47 48 49 50 
51 52 53 54 55 56 57 58 59 
60 61 62 63 64 65 66 67 68 
69 70 71 72 73 74 75 76 77 
78 79 80 81 82 83 84 85 86 
87 88 89 90 91 92 93 2 3 
4 5 6 7 8 9 10 11 12 
13 14 15 16 17 18 19 20 21 
22 23 24 25 26 27 28 29 30 
31 32 33 34 35 36 37 38 39 
40 41 42 43 44 45 46 47 48 
49 50 51 52 53 54 55 56 57 
58 59 60 61 62 63 64 65 66 
67 68 69 70 71 72 73 74 75 
76 77 78 79 80 81 82 83 84 
85 86 87 88 89 90 91 92 93 
2 3 4 5 6 7 8 9 10 
11 12 13 14 15 16 17 18 19 
20 21 22 23 24 25 26 27 28 
29 30 31 32 33 34 35 36 37 
38 39 40 41 42 43 44 45 46 
47 48 49 50 51 52 53 54 55 
56 57 58 59 60 61 62 63 64 
65 66 67 68 69 70 71 72 73 
74 75 76 77 78 79 80 81 82 
83 84 85 86 87 88 89 90 91 
92 93 2 3 4 5 6 7 8 
9 10 11 12 13 14 15 16 17 
18 19 20 21 22 23 24 25 26 
27 28 29 30 31 32 33 34 35 
36 37 38 39 40 41 42 43 44 
45 46 47 48 49 50 51 52 53 
54 55 56 57 58 59 60 61 62 
63 64 65 66 67 68 69 70 71 
72 73 74 75 76 77 78 79 80 
81 82 83 84 85 86 87 88 89 
90 91 92 93 2 3 4 5 6 
7 8 9 10 11 12 13 14 15 
16 17 18 19 20 21 22 23 24 
25 26 27 28 29 30 31 32 33 
34 35 36 37 38 39 40 41 42 
43 44 45 46 47 48 49 50 51 
52 53 54 55 56 57 58 59 60 
61 62 63 64 65 66 67 68 69 
70 71 72 73 74 75 76 77 78 
79 80 81 82 83 84 85 86 87 
88 89 90 91 92 93 0 1 2 
3 4 5 6 7 8 9 10 11 
12 13 14 15 16 17 18 19 20 
21 22 23 24 25 26 27 28 29 
30 31 32 33 34 35 36 37 38 
39 40 41 42 43 44 45 46 47 
48 49 50 51 52 53 54 55 56 
57 58 59 60 61 62 63 64 65 
66 67 68 69 70 71 72 73 74 
75 76 77 78 79 80 81 82 83 
84 85 86 87 88 89 90 91 92 
93 3 4 5 6 7 8 9 10 
11 12 13 14 15 16 17 18 19 
20 21 22 23 24 25 26 27 28 
29 30 31 32 33 34 35 36 37 
38 39 40 41 42 43 44 45 46 
47 48 49 50 51 52 53 54 55 
56 57 58 59 60 61 62 63 64 
65 66 67 68 69 70 71 72 73 
74 75 76 77 78 79 80 81 82 
83 84 85 86 87 88 89 90 91 
92 93 0 1 2 3 4 5 6 
7 8 9 10 11 12 13 14 15 
16 17 18 19 20 21 22 23 24 
25 26 27 28 29 30 31 32 33 
34 35 36 37 38 39 40 41 42 
43 44 45 46 47 48 49 50 51 
52 53 54 55 56 57 58 59 60 
61 62 63 64 65 66 67 68 69 
70 71 72 73 74 75 76 77 78 
79 80 81 82 83 84 85 86 87 
88 89 90 91 92 93 0 1 2 
3 4 5 6 7 8 9 10 11 
12 13 14 15 16 17 18 19 20 
21 22 23 24 25 26 27 28 29 
30 31 32 33 34 35 36 37 38 
39 40 41 42 43 44 45 46 47 
48 49 50 51 52 53 54 55 56 
57 58 59 60 61 62 63 64 65 
66 67 68 69 70 71 72 73 74 
75 76 77 78 79 80 81 82 83 
84 85 86 87 88 89 90 91 92 
93 0 1 2 3 4 5 6 7 
8 9 10 11 12 13 14 15 16 
17 18 19 20 21 22 23 24 25 
26 27 28 29 30 31 32 33 34 
35 36 37 38 39 40 41 42 43 
44 45 46 47 48 49 50 51 52 
53 54 55 56 57 58 59 60 61 
62 63 64 65 66 67 68 69 70 
71 72 73 74 75 76 77 78 79 
80 81 82 83 84 85 86 87 88 
89 90 91 92 93 3 4 5 6 
7 8 9 10 11 12 13 14 15 
16 17 18 19 20 21 22 23 24 
25 26 27 28 29 30 31 32 33 
34 35 36 37 38 39 40 41 42 
43 44 45 46 47 48 49 50 51 
52 53 54 55 56 57 58 59 60 
61 62 63 64 65 66 67 68 69 
70 71 72 73 74 75 76 77 78 
79 80 81 82 83 84 85 86 87 
88 89 90 91 92 93 1 2 3 
4 5 6 7 8 9 10 11 12 
13 14 15 16 17 18 19 20 21 
22 23 24 25 26 27 28 29 30 
31 32 33 34 35 36 37 38 39 
40 41 42 43 44 45 46 47 48 
49 50 51 52 53 54 55 56 57 
58 59 60 61 62 63 64 65 66 
67 68 69 70 71 72 73 74 75 
76 77 78 79 80 81 82 83 84 
85 86 87 88 89 90 91 92 93 
4 5 6 7 8 9 10 11 12 
13 14 15 16 17 18 19 20 21 
22 23 24 25 26 27 28 29 30 
31 32 33 34 35 36 37 38 39 
40 41 42 43 44 45 46 47 48 
49 50 51 52 53 54 55 56 57 
58 59 60 61 62 63 64 65 66 
67 68 69 70 71 72 73 74 75 
76 77 78 79 80 81 82 83 84 
85 86 87 88 89 90 91 92 93 
2 3 4 5 6 7 8 9 10 
11 12 13 14 15 16 17 18 19 
20 21 22 23 24 25 26 27 28 
29 30 31 32 33 34 35 36 37 
38 39 40 41 42 43 44 45 46 
47 48 49 50 51 52 53 54 55 
56 57 58 59 60 61 62 63 64 
65 66 67 68 69 70 71 72 73 
74 75 76 77 78 79 80 81 82 
83 84 85 86 87 88 89 90 91 
92 93 2 3 4 5 6 7 8 
9 10 11 12 13 14 15 16 17 
18 19 20 21 22 23 24 25 26 
27 28 29 30 31 32 33 34 35 
36 37 38 39 40 41 42 43 44 
45 46 47 48 49 50 51 52 53 
54 55 56 57 58 59 60 61 62 
63 64 65 66 67 68 69 70 71 
72 73 74 75 76 77 78 79 80 
81 82 83 84 85 86 87 88 89 
90 91 92 93 2 3 4 5 6 
7 8 9 10 11 12 13 14 15 
16 17 18 19 20 21 22 23 24 
25 26 27 28 29 30 31 32 33 
34 35 36 37 38 39 40 41 42 
43 44 45 46 47 48 49 50 51 
52 53 54 55 56 57 58 59 60 
61 62 63 64 65 66 67 68 69 
70 71 72 73 74 75 76 77 78 
79 80 81 82 83 84 85 86 87 
88 89 90 91 92 93 0 1 2 
3 4 5 6 7 8 9 10 11 
12 13 14 15 16 17 18 19 20 
21 22 23 24 25 26 27 28 29 
30 31 32 33 34 35 36 37 38 
39 40 41 42 43 44 45 46 47 
48 49 50 51 52 53 54 55 56 
57 58 59 60 61 62 63 64 65 
66 67 68 69 70 71 72 73 74 
75 76 77 78 79 80 81 82 83 
84 85 86 87 88 89 90 91 92 
93 0 1 2 3 4 5 6 7 
8 9 10 11 12 13 14 15 16 
17 18 19 20 21 22 23 24 25 
26 27 28 29 30 31 32 33 34 
35 36 37 38 39 40 41 42 43 
44 45 46 47 48 49 50 51 52 
53 54 55 56 57 58 59 60 61 
62 63 64 65 66 67 68 69 70 
71 72 73 74 75 76 77 78 79 
80 81 82 83 84 85 86 87 88 
89 90 91 92 93 
FIELD FieldData 1
SamplingDistance2Origin 1 15620 float
-45.226 -44.626 -43.626 -42.626 -41.6261 -40.6263 -39.6263 -38.6263 -37.6263 
-36.6263 -35.6263 -34.6263 -33.6264 -32.6264 -31.6275 -30.6275 -29.6276 -28.6277 
-27.6278 -26.6278 -25.6281 -24.6286 -23.6291 -22.6294 -21.6295 -20.6297 -19.6296 
-18.6297 -17.6297 -16.6298 -15.6298 -14.6298 -13.6299 -12.6299 -11.6299 -10.6299 
-9.62986 -8.62987 -7.62987 -6.62988 -5.62988 -4.62988 -3.62989 -2.62988 -1.62989 
-0.629978 0.281494 1.43713 2.43711 3.43694 4.43688 5.43682 6.43683 7.43681 
8.43655 9.43652 10.4362 11.436 12.4359 13.4359 14.4359 15.4358 16.4359 
17.4358 18.4358 19.4358 20.4358 21.4357 22.4358 23.4357 24.4356 25.4353 
26.4347 27.4343 28.4338 29.4326 30.4325 31.429 32.4289 33.4289 34.4288 
35.4289 36.4288 37.4287 38.4286 39.4286 40.4286 41.4286 42.4285 43.4285 
44.4283 -45.4505 -44.6505 -43.6505 -42.6505 -41.6505 -40.6506 -39.6505 -38.6505 
-37.6506 -36.6506 -35.6506 -34.6507 -33.6507 -32.6537 -31.6566 -30.6566 -29.6568 
-28.657 -27.6572 -26.6573 -25.6574 -24.6578 -23.6584 -22.6588 -21.6589 -20.659 
-19.659 -18.659 -17.659 -16.6591 -15.6591 -14.6592 -13.6592 -12.6592 -11.6592 
-10.6592 -9.65919 -8.65919 -7.6592 -6.65921 -5.65922 -4.65923 -3.65923 -2.65923 
-1.65925 -0.659411 0.445227 1.44482 2.44481 3.44472 4.44463 5.44461 6.44462 
7.44458 8.44441 9.44429 10.444 11.4438 12.4436 13.4436 14.4436 15.4436 
16.4436 17.4436 18.4436 19.4435 20.4435 21.4435 22.4435 23.4434 24.4432 
25.443 26.4424 27.4415 28.4403 29.4395 30.4382 31.4362 32.4359 33.4359 
34.4359 35.4358 36.4358 37.4358 38.4357 39.4356 40.4356 41.4356 42.4356 
43.4356 44.4354 45.4353 -46.6675 -45.6676 -44.6676 -43.6675 -42.6676 -41.6676 
-40.6676 -39.6676 -38.6676 -37.6676 -36.6676 -35.6676 -34.6677 -33.6682 -32.6688 
-31.6688 -30.6688 -29.6689 -28.669 -27.6691 -26.6693 -25.6697 -24.6702 -23.6707 
-22.6712 -21.6716 -20.6717 -19.6716 -18.6717 -17.6717 -16.6718 -15.6718 -14.6719 
-13.672 -12.672 -11.672 -10.672 -9.67198 -8.67199 -7.67203 -6.67204 -5.67202 
-4.67205 -3.67205 -2.67207 -1.67209 -0.872274 0.521097 1.32074 2.32068 3.32065 
4.32062 5.32063 6.3206 7.32061 8.32055 9.32054 10.3205 11.3205 12.3205 
13.3204 14.3203 15.3202 16.3201 17.3201 18.32 19.32 20.32 21.32 
22.3199 23.3198 24.3197 25.3195 26.3191 27.319 28.3187 29.3185 30.3181 
31.3176 32.3172 33.3168 34.3167 35.3167 36.3167 37.3166 38.3166 39.3166 
40.3166 41.3165 42.3165 43.3164 44.3163 45.3162 -47.6162 -46.6162 -45.6163 
-44.6163 -43.6163 -42.6163 -41.6163 -40.6162 -39.6163 -38.6163 -37.6163 -36.6163 
-35.6164 -34.6164 -33.6165 -32.6172 -31.6172 -30.6172 -29.6172 -28.6173 -27.6174 
-26.6175 -25.6177 -24.6182 -23.6187 -22.6196 -21.6195 -20.6196 -19.6196 -18.6196 
-17.6197 -16.6197 -15.6198 -14.6199 -13.6199 -12.6199 -11.6199 -10.6199 -9.61992 
-8.61995 -7.61998 -6.62 -5.61999 -4.62 -3.62001 -2.62001 -1.62008 -0.820266 
0.465382 1.46499 2.465 3.46487 4.46472 5.46467 6.46464 7.46458 8.46449 
9.46443 10.4641 11.4639 12.4637 13.4635 14.4635 15.4635 16.4634 17.4634 
18.4634 19.4634 20.4634 21.4634 22.4634 23.4633 24.4632 25.463 26.4627 
27.4625 28.462 29.4603 30.4603 31.4479 32.4468 33.4468 34.4468 35.4467 
36.4466 37.4466 38.4465 39.4465 40.4465 41.4465 42.4464 43.4464 44.4463 
45.4462 -46.6721 -45.6721 -44.6722 -43.6722 -42.6722 -41.6723 -40.6723 -39.6722 
-38.6722 -37.6723 -36.6723 -35.6723 -34.6724 -33.6725 -32.6726 -31.6828 -30.6866 
-29.6867 -28.6867 -27.6867 -26.6868 -25.6869 -24.6871 -23.6876 -22.6878 -21.6887 
-20.689 -19.689 -18.689 -17.6891 -16.6891 -15.6892 -14.6893 -13.6894 -12.6895 
-11.6895 -10.6895 -9.68948 -8.68949 -7.68953 -6.68953 -5.68955 -4.68955 -3.68957 
-2.68958 -1.6896 -0.68978 0.272041 1.27201 2.27179 3.27172 4.27171 5.2717 
6.27162 7.27161 8.27155 9.27156 10.2715 11.2715 12.2714 13.2713 14.2712 
15.2711 16.2711 17.271 18.271 19.271 20.2709 21.2709 22.2709 23.2708 
24.2707 25.2705 26.2703 27.2701 28.2697 29.2692 30.269 31.2684 32.2673 
33.2672 34.2671 35.2671 36.2671 37.267 38.267 39.267 40.267 41.267 
42.2669 43.2667 44.2665 45.2664 -46.5424 -45.5424 -44.5424 -43.5425 -42.5425 
-41.5425 -40.5425 -39.5425 -38.5425 -37.5425 -36.5425 -35.5425 -34.5426 -33.5428 
-32.543 -31.5464 -30.5464 -29.5465 -28.5465 -27.5466 -26.5467 -25.5468 -24.547 
-23.5475 -22.5489 -21.5498 -20.5498 -19.5498 -18.5498 -17.5498 -16.5499 -15.5499 
-14.55 -13.5501 -12.5501 -11.5501 -10.5501 -9.55013 -8.55015 -7.55015 -6.55018 
-5.55018 -4.55019 -3.55019 -2.55019 -1.55023 -0.75032 0.409088 1.40886 2.40884 
3.40871 4.40861 5.40861 6.40858 7.40855 8.40844 9.40842 10.408 11.4076 
12.4075 13.4073 14.4073 15.4073 16.4073 17.4073 18.4072 19.4073 20.4072 
21.4072 22.4072 23.4072 24.4071 25.4069 26.4066 27.4065 28.406 29.4042 
30.4035 31.4012 32.3991 33.3991 34.3991 35.399 36.3989 37.3989 38.3988 
39.3988 40.3987 41.3988 42.3987 43.3987 44.3985 45.3984 -45.5703 -44.5704 
-43.5704 -42.5704 -41.5704 -40.5705 -39.5705 -38.5705 -37.5705 -36.5705 -35.5706 
-34.5706 -33.5709 -32.5711 -31.5713 -30.5714 -29.5714 -28.5715 -27.5718 -26.5721 
-25.5724 -24.5731 -23.5737 -22.5742 -21.5745 -20.5747 -19.5747 -18.5748 -17.5748 
-16.5748 -15.5749 -14.575 -13.575 -12.575 -11.575 -10.575 -9.575 -8.57501 
-7.57501 -6.57501 -5.57502 -4.57503 -3.57504 -2.57503 -1.57508 -0.575106 0.415178 
1.41483 2.41476 3.41471 4.41467 5.41463 6.41462 7.41458 8.41443 9.41431 
10.414 11.4137 12.4135 13.4135 14.4134 15.4134 16.4134 17.4134 18.4134 
19.4134 20.4133 21.4133 22.4133 23.4132 24.4132 25.413 26.4125 27.4119 
28.4116 29.4111 30.4109 31.4064 32.4062 33.4062 34.4062 35.4062 36.4061 
37.406 38.406 39.406 40.4059 41.4059 42.4059 43.4059 44.4057 -44.6361 
-43.6361 -42.6361 -41.6361 -40.6362 -39.6362 -38.6362 -37.6362 -36.6362 -35.6362 
-34.6363 -33.6363 -32.638 -31.6415 -30.6415 -29.6416 -28.6417 -27.6419 -26.642 
-25.6423 -24.6427 -23.6432 -22.6436 -21.6438 -20.644 -19.6441 -18.6441 -17.6441 
-16.6442 -15.6443 -14.6443 -13.6443 -12.6443 -11.6444 -10.6444 -9.64436 -8.64435 
-7.64437 -6.64436 -5.64438 -4.64438 -3.64437 -2.64438 -1.64443 -0.644528 0.412532 
1.41204 2.41185 3.41168 4.41122 5.41115 6.41114 7.41116 8.4111 9.41101 
10.4108 11.4102 12.4101 13.4101 14.4101 15.41 16.4101 17.41 18.41 
19.41 20.41 21.41 22.41 23.4099 24.4098 25.4097 26.4097 27.4095 
28.4089 29.4055 30.4047 31.4046 32.4035 33.4033 34.4033 35.4032 36.4033 
37.4032 38.4032 39.403 40.403 41.4029 42.4028 43.4027 44.4028 45.4026 
-46.6909 -45.6909 -44.6909 -43.691 -42.6912 -41.6911 -40.6911 -39.6911 -38.6912 
-37.6911 -36.6912 -35.6912 -34.6912 -33.6914 -32.6916 -31.6918 -30.692 -29.692 
-28.692 -27.6921 -26.6921 -25.6922 -24.6924 -23.6928 -22.6937 -21.6947 -20.6952 
-19.6951 -18.6952 -17.6952 -16.6952 -15.6952 -14.6954 -13.6954 -12.6955 -11.6955 
-10.6955 -9.69555 -8.69556 -7.69559 -6.69561 -5.69561 -4.69563 -3.69564 -2.69566 
-1.69568 -0.695745 0.347176 1.36853 2.36834 3.36825 4.36825 5.36821 6.36819 
7.36815 8.36816 9.36806 10.3681 11.368 12.368 13.3676 14.3673 15.3672 
16.3672 17.3672 18.3671 19.3671 20.3671 21.367 22.367 23.3669 24.3667 
25.3665 26.3662 27.3661 28.3659 29.3658 30.3656 31.3652 32.3634 33.362 
34.362 35.362 36.3619 37.3619 38.3618 39.3618 40.3618 41.3618 42.3618 
43.3616 44.3616 45.3615 -47.2896 -46.6896 -45.6896 -44.6896 -43.6896 -42.6896 
-41.6896 -40.6896 -39.6896 -38.6896 -37.6896 -36.6897 -35.6897 -34.6897 -33.6898 
-32.6899 -31.6958 -30.6958 -29.6958 -28.6958 -27.6959 -26.696 -25.696 -24.6963 
-23.6968 -22.6975 -21.6979 -20.6984 -19.6985 -18.6985 -17.6985 -16.6985 -15.6986 
-14.6987 -13.6988 -12.6988 -11.6988 -10.6988 -9.69886 -8.69888 -7.69889 -6.69892 
-5.69893 -4.69893 -3.69895 -2.69896 -1.69895 -0.699172 0.204523 1.30826 2.30807 
3.30797 4.30796 5.30797 6.30793 7.30786 8.30783 9.30774 10.3077 11.3076 
12.3076 13.3074 14.3073 15.3071 16.3071 17.307 18.307 19.307 20.3069 
21.3069 22.3069 23.3068 24.3067 25.3065 26.3062 27.306 28.3057 29.3052 
30.3047 31.3037 32.3028 33.3026 34.3026 35.3025 36.3025 37.3024 38.3024 
39.3024 40.3024 41.3023 42.3024 43.302 44.3018 45.3018 -45.5277 -44.7277 
-43.7277 -42.7278 -41.7277 -40.7277 -39.7277 -38.7278 -37.7278 -36.7277 -35.7278 
-34.7279 -33.7279 -32.7282 -31.7282 -30.7282 -29.7283 -28.7284 -27.7287 -26.7289 
-25.7291 -24.7294 -23.7298 -22.7303 -21.731 -20.7312 -19.7312 -18.7312 -17.7312 
-16.7313 -15.7313 -14.7314 -13.7315 -12.7315 -11.7315 -10.7315 -9.73149 -8.73149 
-7.73152 -6.73156 -5.73155 -4.73155 -3.73156 -2.73157 -1.73158 -0.731748 0.282565 
1.29728 2.29689 3.29675 4.29634 5.29632 6.29626 7.29623 8.29623 9.29614 
10.2961 11.2952 12.2949 13.2947 14.2947 15.2947 16.2947 17.2947 18.2947 
19.2946 20.2946 21.2946 22.2946 23.2945 24.2945 25.2943 26.2942 27.2942 
28.2939 29.293 30.2912 31.2907 32.2892 33.2886 34.2886 35.2886 36.2886 
37.2886 38.2884 39.2883 40.2883 41.2883 42.2882 43.288 44.2879 45.2878 
46.0878 -47.3277 -46.7277 -45.7278 -44.7278 -43.7278 -42.7278 -41.7279 -40.7278 
-39.7278 -38.7278 -37.7279 -36.7278 -35.7279 -34.728 -33.7281 -32.7285 -31.7288 
-30.7289 -29.7289 -28.7289 -27.729 -26.7291 -25.7293 -24.7295 -23.7299 -22.731 
-21.7319 -20.7324 -19.7324 -18.7325 -17.7325 -16.7325 -15.7326 -14.7326 -13.7327 
-12.7327 -11.7327 -10.7328 -9.73277 -8.73278 -7.73279 -6.73282 -5.73284 -4.73283 
-3.73285 -2.73286 -1.73286 -0.733054 0.182209 1.29744 2.29725 3.29719 4.29715 
5.29715 6.2971 7.29709 8.29708 9.2971 10.2971 11.297 12.2969 13.2967 
14.2966 15.2965 16.2965 17.2964 18.2964 19.2964 20.2963 21.2963 22.2963 
23.2962 24.2962 25.296 26.2956 27.2955 28.2953 29.2948 30.2946 31.2935 
32.2925 33.2923 34.2922 35.2922 36.2922 37.2921 38.2921 39.2921 40.292 
41.2921 42.292 43.2917 44.2915 45.2915 -45.4204 -44.6205 -43.6205 -42.6205 
-41.6206 -40.6206 -39.6206 -38.6206 -37.6206 -36.6206 -35.6207 -34.6207 -33.6207 
-32.6249 -31.6265 -30.6265 -29.6267 -28.6269 -27.627 -26.6272 -25.6276 -24.628 
-23.6285 -22.6288 -21.6291 -20.6292 -19.6292 -18.6292 -17.6292 -16.6292 -15.6294 
-14.6294 -13.6294 -12.6295 -11.6295 -10.6294 -9.62946 -8.62945 -7.62946 -6.62948 
-5.62948 -4.62948 -3.62947 -2.62948 -1.62953 -0.629638 0.324636 1.30135 2.3012 
3.30103 4.30098 5.30096 6.30092 7.30093 8.30092 9.30088 10.3008 11.3007 
12.3006 13.3005 14.3004 15.3005 16.3004 17.3004 18.3003 19.3003 20.3003 
21.3003 22.3002 23.3001 24.2999 25.2993 26.2984 27.298 28.2979 29.2977 
30.2976 31.2967 32.2957 33.2954 34.2954 35.2955 36.2953 37.2954 38.2953 
39.2953 40.2953 41.2953 42.2952 43.2951 44.295 45.2949 -45.6884 -44.6884 
-43.6883 -42.6884 -41.6884 -40.6884 -39.6884 -38.6884 -37.6884 -36.6884 -35.6885 
-34.6885 -33.6902 -32.6918 -31.6919 -30.692 -29.6921 -28.6923 -27.6924 -26.6926 
-25.6931 -24.6932 -23.6939 -22.6941 -21.6946 -20.6948 -19.6948 -18.6948 -17.6948 
-16.6949 -15.695 -14.695 -13.695 -12.695 -11.695 -10.695 -9.69501 -8.69502 
-7.69502 -6.69505 -5.69506 -4.69507 -3.69508 -2.69508 -1.69509 -0.69523 0.642422 
1.442 2.44194 3.44189 4.44186 5.44184 6.44185 7.44183 8.4418 9.44177 
10.4417 11.4417 12.4415 13.4414 14.4414 15.4413 16.4413 17.4413 18.4413 
19.4412 20.4412 21.4412 22.4411 23.4411 24.441 25.4405 26.44 27.4397 
28.4395 29.439 30.4386 31.4361 32.4355 33.4354 34.4353 35.4353 36.4353 
37.4352 38.4351 39.4351 40.4351 41.4351 42.4351 43.435 44.4347 45.4347 
-45.1861 -44.586 -43.586 -42.5861 -41.5861 -40.5862 -39.5862 -38.5861 -37.5861 
-36.5861 -35.5862 -34.5863 -33.5865 -32.587 -31.5884 -30.6358 -29.6358 -28.6358 
-27.6359 -26.6359 -25.6359 -24.636 -23.6364 -22.6371 -21.6383 -20.6384 -19.6384 
-18.6384 -17.6385 -16.6385 -15.6385 -14.6385 -13.6386 -12.6387 -11.6387 -10.6387 
-9.63871 -8.63872 -7.63874 -6.63876 -5.63877 -4.63876 -3.63881 -2.63881 -1.63885 
-0.63898 0.348437 1.34206 2.34194 3.34192 4.3419 5.34185 6.34189 7.34186 
8.34181 9.34173 10.3417 11.3417 12.3415 13.3412 14.341 15.341 16.341 
17.3409 18.3409 19.3409 20.3409 21.3408 22.3408 23.3408 24.3407 25.3406 
26.3403 27.34 28.3397 29.3392 30.3391 31.3378 32.3371 33.337 34.3369 
35.3369 36.3369 37.3368 38.3368 39.3368 40.3367 41.3368 42.3367 43.3363 
44.3359 45.3358 -45.4947 -44.6947 -43.6947 -42.6948 -41.6948 -40.6948 -39.6949 
-38.6949 -37.6949 -36.6949 -35.6949 -34.695 -33.695 -32.6999 -31.7031 -30.7031 
-29.7032 -28.7034 -27.7034 -26.7036 -25.7041 -24.7045 -23.7051 -22.7057 -21.706 
-20.7063 -19.7062 -18.7063 -17.7063 -16.7064 -15.7064 -14.7064 -13.7065 -12.7065 
-11.7065 -10.7065 -9.70646 -8.70646 -7.70648 -6.70649 -5.7065 -4.7065 -3.70651 
-2.7065 -1.70655 -0.706713 0.254602 1.43492 2.43489 3.43462 4.43456 5.43452 
6.43448 7.43448 8.4344 9.43431 10.4343 11.434 12.434 13.4339 14.4339 
15.4339 16.4339 17.4338 18.4339 19.4338 20.4338 21.4338 22.4338 23.4337 
24.4337 25.4334 26.4332 27.4325 28.4322 29.4307 30.4305 31.4281 32.4271 
33.427 34.427 35.427 36.427 37.4268 38.4267 39.4267 40.4266 41.4266 
42.4264 43.4263 44.4263 45.2261 -47.7336 -46.5336 -45.5337 -44.5337 -43.5337 
-42.5337 -41.5337 -40.5337 -39.5337 -38.5337 -37.5337 -36.5337 -35.5338 -34.5338 
-33.5345 -32.5425 -31.5425 -30.5425 -29.5426 -28.5426 -27.5428 -26.5429 -25.5432 
-24.5438 -23.544 -22.5448 -21.5451 -20.5452 -19.5452 -18.5453 -17.5453 -16.5453 
-15.5454 -14.5454 -13.5455 -12.5455 -11.5455 -10.5455 -9.54548 -8.54553 -7.54556 
-6.54556 -5.54556 -4.5456 -3.54559 -2.54561 -1.54567 -0.945819 0.422018 1.42182 
2.42175 3.42174 4.42166 5.42162 6.42159 7.42155 8.42154 9.42153 10.4213 
11.4211 12.4211 13.4209 14.4209 15.4209 16.4208 17.4209 18.4208 19.4208 
20.4208 21.4208 22.4207 23.4207 24.4205 25.4203 26.4201 27.4198 28.4193 
29.4183 30.4182 31.4141 32.4141 33.414 34.414 35.4139 36.4139 37.4139 
38.4138 39.4138 40.4138 41.4138 42.4137 43.4136 44.4134 45.4132 -46.6579 
-45.658 -44.658 -43.658 -42.6581 -41.6581 -40.6581 -39.6581 -38.6581 -37.6581 
-36.6581 -35.6581 -34.6582 -33.6583 -32.6584 -31.6691 -30.6729 -29.6729 -28.6729 
-27.673 -26.673 -25.6732 -24.6732 -23.6738 -22.6739 -21.6745 -20.6745 -19.6746 
-18.6746 -17.6746 -16.6746 -15.6747 -14.6748 -13.6749 -12.6749 -11.6749 -10.6749 
-9.67491 -8.67492 -7.67495 -6.67497 -5.67498 -4.67497 -3.675 -2.675 -1.67501 
-0.675215 0.391272 1.39115 2.39096 3.39092 4.39086 5.39082 6.39081 7.39079 
8.3908 9.3908 10.3907 11.3907 12.3901 13.3899 14.3898 15.3897 16.3897 
17.3897 18.3897 19.3897 20.3896 21.3896 22.3896 23.3895 24.3894 25.3892 
26.3892 27.3888 28.3887 29.3878 30.3875 31.3875 32.3874 33.3874 34.3873 
35.3873 36.3872 37.3872 38.3872 39.3872 40.3872 41.3871 42.3871 43.387 
44.3867 45.3866 -44.7039 -43.704 -42.7039 -41.704 -40.704 -39.704 -38.704 
-37.704 -36.704 -35.704 -34.7042 -33.7043 -32.7047 -31.7049 -30.7501 -29.5683 
-28.5683 -27.5684 -26.5684 -25.5685 -24.5686 -23.5688 -22.5692 -21.5704 -20.5704 
-19.5704 -18.5705 -17.5705 -16.5705 -15.5706 -14.5706 -13.5707 -12.5708 -11.5708 
-10.5708 -9.57081 -8.57082 -7.57084 -6.57088 -5.57089 -4.57091 -3.57091 -2.5709 
-1.57096 -0.571029 0.4573 1.45705 2.45702 3.45681 4.45681 5.45677 6.45675 
7.45672 8.4566 9.45654 10.4561 11.4556 12.4555 13.4553 14.4553 15.4553 
16.4552 17.4552 18.4552 19.4552 20.4552 21.4551 22.4551 23.4551 24.455 
25.4549 26.4546 27.4545 28.454 29.4521 30.4514 31.4474 32.4427 33.4427 
34.4426 35.4426 36.4425 37.4424 38.4423 39.4423 40.4422 41.4423 42.4421 
43.4421 44.442 45.442 -46.5444 -45.5444 -44.5444 -43.5444 -42.5444 -41.5444 
-40.5444 -39.5444 -38.5444 -37.5444 -36.5445 -35.5445 -34.5447 -33.5462 -32.5478 
-31.5479 -30.5479 -29.548 -28.5481 -27.5482 -26.5485 -25.5489 -24.5496 -23.5501 
-22.5507 -21.5508 -20.5508 -19.5508 -18.5509 -17.551 -16.551 -15.5511 -14.5512 
-13.5512 -12.5512 -11.5512 -10.5512 -9.55119 -8.55119 -7.55123 -6.55125 -5.55123 
-4.55124 -3.55125 -2.55126 -1.55133 -0.95132 0.455986 1.45578 2.45568 3.45565 
4.4556 5.45556 6.45553 7.45551 8.45545 9.45544 10.4552 11.455 12.4549 
13.4548 14.4547 15.4547 16.4547 17.4547 18.4547 19.4547 20.4546 21.4546 
22.4546 23.4545 24.4545 25.4542 26.4539 27.4538 28.4532 29.4527 30.4526 
31.4461 32.4457 33.4456 34.4456 35.4455 36.4455 37.4454 38.4454 39.4454 
40.4453 41.4454 42.4453 43.4453 44.4452 -46.1975 -45.5975 -44.5976 -43.5977 
-42.5977 -41.5977 -40.5978 -39.5978 -38.5978 -37.5978 -36.5978 -35.5978 -34.5979 
-33.5981 -32.5982 -31.5983 -30.6546 -29.6652 -28.6652 -27.6652 -26.6653 -25.6653 
-24.6654 -23.6657 -22.6665 -21.6676 -20.6677 -19.6678 -18.6678 -17.6678 -16.6678 
-15.6678 -14.6679 -13.668 -12.668 -11.668 -10.6681 -9.66806 -8.66806 -7.66809 
-6.66813 -5.66812 -4.66815 -3.66813 -2.66814 -1.66818 -0.668268 0.392715 1.39238 
2.39228 3.39225 4.39223 5.39223 6.39222 7.39219 8.39218 9.39213 10.3921 
11.392 12.3914 13.3911 14.3911 15.3911 16.3911 17.391 18.391 19.391 
20.3909 21.3909 22.3909 23.3908 24.3907 25.3905 26.3904 27.39 28.3899 
29.3891 30.3889 31.388 32.3873 33.3872 34.3872 35.3871 36.3871 37.387 
38.387 39.387 40.3869 41.387 42.387 43.3868 44.3864 45.3863 -46.7189 
-45.7189 -44.7189 -43.7189 -42.7189 -41.7189 -40.7189 -39.7189 -38.7189 -37.719 
-36.7189 -35.719 -34.7191 -33.721 -32.7247 -31.7247 -30.7247 -29.7248 -28.7249 
-27.725 -26.7254 -25.7257 -24.7264 -23.7268 -22.7271 -21.7273 -20.7274 -19.7274 
-18.7274 -17.7275 -16.7276 -15.7275 -14.7276 -13.7276 -12.7277 -11.7277 -10.7277 
-9.72767 -8.72769 -7.72771 -6.72772 -5.72774 -4.72773 -3.72774 -2.72774 -1.72777 
-0.727919 0.53033 1.32987 2.32976 3.32969 4.32966 5.32967 6.32966 7.32961 
8.32961 9.32957 10.3295 11.3295 12.3295 13.3292 14.329 15.3288 16.3287 
17.3287 18.3287 19.3286 20.3286 21.3286 22.3286 23.3285 24.3284 25.3282 
26.328 27.3276 28.3275 29.3272 30.327 31.3263 32.3257 33.3257 34.3256 
35.3255 36.3255 37.3254 38.3254 39.3253 40.3254 41.3254 42.3253 43.3252 
44.325 45.3249 -47.6778 -46.6778 -45.6778 -44.6778 -43.6778 -42.6778 -41.6778 
-40.6778 -39.6778 -38.6778 -37.6778 -36.6778 -35.6779 -34.6779 -33.6782 -32.6786 
-31.6787 -30.6787 -29.6787 -28.6788 -27.679 -26.6792 -25.6792 -24.6797 -23.6798 
-22.6804 -21.6808 -20.6808 -19.6809 -18.6809 -17.6809 -16.6809 -15.681 -14.6811 
-13.6811 -12.6812 -11.6812 -10.6812 -9.68116 -8.68118 -7.68122 -6.68121 -5.68122 
-4.68123 -3.68126 -2.68125 -1.68128 -0.881465 0.327142 1.32689 2.32681 3.32684 
4.32679 5.32681 6.32679 7.32672 8.32678 9.32671 10.3267 11.3267 12.3267 
13.3267 14.3263 15.3262 16.3261 17.3261 18.3261 19.326 20.326 21.326 
22.3259 23.3258 24.3258 25.3255 26.3252 27.3251 28.3249 29.3247 30.3245 
31.324 32.3218 33.3214 34.3213 35.3213 36.3212 37.3213 38.3212 39.3212 
40.3212 41.3212 42.3212 43.321 44.3208 45.1208 -45.2173 -44.6174 -43.6174 
-42.6174 -41.6176 -40.6177 -39.6176 -38.6177 -37.6176 -36.6177 -35.6177 -34.6178 
-33.6178 -32.6193 -31.6208 -30.6209 -29.6209 -28.621 -27.6212 -26.6211 -25.6215 
-24.6218 -23.6224 -22.6227 -21.6229 -20.6232 -19.6232 -18.6232 -17.6233 -16.6234 
-15.6234 -14.6234 -13.6235 -12.6235 -11.6235 -10.6235 -9.62346 -8.62346 -7.62346 
-6.62347 -5.62348 -4.6235 -3.62349 -2.6235 -1.62354 -0.623697 0.288592 1.44449 
2.44444 3.44416 4.44411 5.44407 6.44403 7.44403 8.44372 9.4437 10.4432 
11.4431 12.4429 13.4428 14.4428 15.4428 16.4428 17.4428 18.4428 19.4428 
20.4427 21.4427 22.4427 23.4426 24.4425 25.4423 26.4419 27.4415 28.4409 
29.4393 30.4388 31.4297 32.4294 33.4294 34.4294 35.4294 36.4293 37.4293 
38.4292 39.4292 40.4291 41.4291 42.429 43.429 44.4288 -45.7173 -44.7172 
-43.7172 -42.7173 -41.7173 -40.7173 -39.7173 -38.7173 -37.7173 -36.7173 -35.7174 
-34.7174 -33.7175 -32.7177 -31.7178 -30.7178 -29.7178 -28.7179 -27.7181 -26.7182 
-25.7185 -24.719 -23.7194 -22.7197 -21.7201 -20.7202 -19.7203 -18.7203 -17.7203 
-16.7204 -15.7205 -14.7206 -13.7207 -12.7207 -11.7207 -10.7207 -9.72065 -8.72066 
-7.72067 -6.7207 -5.72071 -4.72071 -3.72072 -2.72072 -1.72077 -0.920925 0.533817 
1.33339 2.33334 3.33319 4.33314 5.3331 6.3331 7.33307 8.33302 9.33297 
10.333 11.3329 12.3328 13.3325 14.3324 15.3323 16.3323 17.3323 18.3323 
19.3322 20.3322 21.3322 22.3322 23.3321 24.3319 25.3315 26.331 27.3306 
28.3305 29.3303 30.3287 31.3277 32.3264 33.3242 34.3241 35.324 36.324 
37.324 38.3239 39.3239 40.3239 41.3239 42.3239 43.3239 44.3232 45.323 
-45.403 -44.6031 -43.6031 -42.6031 -41.6031 -40.6031 -39.6032 -38.6031 -37.6032 
-36.6032 -35.6032 -34.6033 -33.6094 -32.6215 -31.6215 -30.6216 -29.6216 -28.6217 
-27.622 -26.6222 -25.6227 -24.6232 -23.624 -22.6244 -21.6249 -20.625 -19.625 
-18.625 -17.625 -16.6251 -15.6252 -14.6253 -13.6253 -12.6253 -11.6253 -10.6253 
-9.62531 -8.62532 -7.62533 -6.62538 -5.62536 -4.62537 -3.62537 -2.62539 -1.62544 
-0.625527 0.487205 1.28672 2.28656 3.28651 4.28646 5.28645 6.28642 7.28623 
8.2862 9.28619 10.2861 11.2861 12.286 13.2858 14.2858 15.2857 16.2857 
17.2857 18.2856 19.2856 20.2856 21.2856 22.2855 23.2855 24.2853 25.2851 
26.2849 27.2846 28.2844 29.284 30.2831 31.2817 32.2805 33.2802 34.2802 
35.2802 36.2801 37.2801 38.2801 39.28 40.28 41.28 42.28 43.2798 
44.2796 45.2795 -45.3543 -44.5543 -43.5543 -42.5543 -41.5544 -40.5545 -39.5545 
-38.5545 -37.5546 -36.5545 -35.5546 -34.5546 -33.5547 -32.5557 -31.5577 -30.5579 
-29.558 -28.5582 -27.5582 -26.5584 -25.5588 -24.5593 -23.5597 -22.5601 -21.5602 
-20.5603 -19.5604 -18.5604 -17.5605 -16.5605 -15.5606 -14.5606 -13.5606 -12.5606 
-11.5606 -10.5606 -9.56063 -8.56064 -7.56063 -6.56064 -5.56066 -4.56066 -3.56065 
-2.56067 -1.56068 -0.560852 0.303406 1.30312 2.30303 3.30293 4.30291 5.30285 
6.30282 7.30279 8.30239 9.30232 10.3022 11.3019 12.3017 13.3016 14.3016 
15.3016 16.3016 17.3016 18.3016 19.3016 20.3016 21.3015 22.3015 23.3015 
24.3013 25.3011 26.3007 27.3003 28.2999 29.2987 30.2983 31.2979 32.2977 
33.2977 34.2977 35.2976 36.2976 37.2975 38.2975 39.2975 40.2974 41.2974 
42.2973 43.2974 44.2972 45.0972 -46.625 -45.625 -44.625 -43.6251 -42.6251 
-41.6251 -40.6251 -39.6251 -38.6251 -37.6251 -36.6252 -35.6251 -34.6252 -33.6254 
-32.6255 -31.6363 -30.6442 -29.6442 -28.6443 -27.6443 -26.6443 -25.6444 -24.6447 
-23.645 -22.6462 -21.6473 -20.6476 -19.6477 -18.6477 -17.6477 -16.6477 -15.6478 
-14.6479 -13.648 -12.648 -11.648 -10.648 -9.648 -8.64802 -7.64804 -6.64804 
-5.64804 -4.64805 -3.64806 -2.64804 -1.64807 -0.648187 0.603104 1.4029 2.40272 
3.40267 4.40259 5.40256 6.40253 7.40248 8.40236 9.40234 10.4023 11.4021 
12.4019 13.4015 14.4015 15.4015 16.4015 17.4015 18.4015 19.4015 20.4014 
21.4014 22.4014 23.4013 24.4012 25.4011 26.4008 27.4007 28.4002 29.3992 
30.3992 31.3964 32.3929 33.3929 34.3929 35.3929 36.3928 37.3927 38.3926 
39.3926 40.3926 41.3926 42.3926 43.3926 44.3925 45.3924 -45.6914 -44.6914 
-43.6914 -42.6914 -41.6915 -40.6914 -39.6914 -38.6914 -37.6914 -36.6914 -35.6915 
-34.6916 -33.692 -32.6922 -31.6923 -30.6923 -29.6924 -28.6925 -27.6927 -26.6929 
-25.6931 -24.6937 -23.6943 -22.6945 -21.695 -20.695 -19.6951 -18.6951 -17.6952 
-16.6952 -15.6953 -14.6954 -13.6954 -12.6954 -11.6954 -10.6954 -9.69545 -8.69544 
-7.69548 -6.6955 -5.6955 -4.69551 -3.69551 -2.69551 -1.69553 -0.89563 0.599858 
1.39986 2.39981 3.39969 4.39965 5.3996 6.39956 7.39952 8.39951 9.39949 
10.3995 11.3994 12.3992 13.399 14.3989 15.3989 16.3989 17.3989 18.3989 
19.3989 20.3988 21.3988 22.3987 23.3987 24.3986 25.3985 26.398 27.398 
28.3977 29.3972 30.3971 31.3915 32.3879 33.3879 34.3878 35.3878 36.3878 
37.3877 38.3877 39.3876 40.3876 41.3876 42.3876 43.3875 44.3874 45.3872 
-47.3114 -46.7113 -45.7113 -44.7114 -43.7113 -42.7114 -41.7114 -40.7114 -39.7114 
-38.7114 -37.7114 -36.7114 -35.7114 -34.7115 -33.7116 -32.7117 -31.7201 -30.7202 
-29.7202 -28.7202 -27.7203 -26.7204 -25.7205 -24.7207 -23.7213 -22.722 -21.7225 
-20.7231 -19.7231 -18.7231 -17.7231 -16.7231 -15.7232 -14.7233 -13.7233 -12.7233 
-11.7233 -10.7234 -9.72337 -8.72337 -7.72339 -6.72342 -5.72342 -4.72345 -3.72345 
-2.72347 -1.72348 -0.723681 0.445954 1.44582 2.4457 3.44568 4.44567 5.44568 
6.44563 7.44559 8.44557 9.44549 10.4454 11.4454 12.4453 13.4447 14.4444 
15.4443 16.4443 17.4443 18.4442 19.4442 20.4442 21.4442 22.4441 23.4441 
24.4439 25.4437 26.4435 27.4433 28.4429 29.4428 30.4424 31.4418 32.4405 
33.4403 34.4403 35.4403 36.4402 37.4401 38.4401 39.4401 40.4401 41.4401 
42.44 43.4398 44.4396 45.4395 -45.2484 -44.6483 -43.6484 -42.6485 -41.6485 
-40.6485 -39.6485 -38.6485 -37.6486 -36.6485 -35.6486 -34.6487 -33.6489 -32.6492 
-31.6508 -30.5485 -29.5486 -28.5486 -27.5487 -26.5487 -25.5488 -24.5489 -23.5492 
-22.5502 -21.5514 -20.5515 -19.5515 -18.5515 -17.5515 -16.5515 -15.5516 -14.5516 
-13.5517 -12.5517 -11.5517 -10.5517 -9.55176 -8.55177 -7.55179 -6.5518 -5.5518 
-4.55182 -3.55184 -2.55183 -1.55187 -0.551976 0.433069 1.43296 2.43282 3.4328 
4.43277 5.43277 6.43276 7.43274 8.43273 9.43273 10.4327 11.4326 12.4323 
13.4313 14.4304 15.4304 16.4303 17.4302 18.4302 19.4302 20.4302 21.4301 
22.4301 23.43 24.4299 25.4296 26.4296 27.4294 28.4292 29.4282 30.4276 
31.4271 32.4255 33.4252 34.4251 35.4251 36.4251 37.425 38.425 39.425 
40.425 41.425 42.4249 43.4248 44.4245 45.2245 -44.7055 -43.7054 -42.7055 
-41.7055 -40.7055 -39.7055 -38.7055 -37.7056 -36.7056 -35.7056 -34.7057 -33.7059 
-32.7063 -31.7065 -30.75 -29.5692 -28.5692 -27.5692 -26.5692 -25.5693 -24.5694 
-23.5698 -22.5705 -21.5718 -20.572 -19.5721 -18.5721 -17.5721 -16.5721 -15.5721 
-14.5722 -13.5723 -12.5724 -11.5724 -10.5724 -9.57241 -8.57241 -7.57246 -6.57248 
-5.57249 -4.57249 -3.57251 -2.57251 -1.57256 -0.572555 0.410496 1.41025 2.41016 
3.41014 4.41009 5.41009 6.41007 7.4101 8.41007 9.41005 10.41 11.41 
12.4091 13.4088 14.4087 15.4087 16.4087 17.4086 18.4086 19.4086 20.4086 
21.4086 22.4085 23.4085 24.4084 25.4082 26.4079 27.4077 28.4075 29.4069 
30.4069 31.4054 32.4047 33.4046 34.4046 35.4045 36.4044 37.4044 38.4044 
39.4044 40.4043 41.4044 42.4043 43.4039 44.4035 45.4034 -43.3749 -42.5749 
-41.5749 -40.5749 -39.5749 -38.575 -37.575 -36.575 -35.5751 -34.5752 -33.5753 
-32.5758 -31.5763 -30.6102 -29.6271 -28.6272 -27.6272 -26.6272 -25.6272 -24.6273 
-23.6278 -22.6282 -21.629 -20.6292 -19.6292 -18.6293 -17.6292 -16.6293 -15.6293 
-14.6294 -13.6294 -12.6295 -11.6295 -10.6296 -9.62957 -8.62959 -7.62958 -6.62964 
-5.62964 -4.62967 -3.62969 -2.62971 -1.62972 -0.629901 0.464989 1.46475 2.46465 
3.46465 4.46464 5.46459 6.46458 7.46463 8.46458 9.46455 10.4645 11.4645 
12.4641 13.4616 14.4611 15.4611 16.461 17.461 18.461 19.4609 20.4609 
21.4609 22.4608 23.4608 24.4607 25.4604 26.4603 27.4603 28.4601 29.4601 
30.4599 31.4593 32.459 33.459 34.459 35.4589 36.4588 37.4588 38.4588 
39.4588 40.4588 41.4588 42.4586 43.4583 44.458 45.4579 -47.3324 -46.7324 
-45.7325 -44.7325 -43.7325 -42.7325 -41.7325 -40.7326 -39.7325 -38.7325 -37.7326 
-36.7326 -35.7326 -34.7327 -33.7328 -32.5341 -31.5487 -30.5487 -29.5487 -28.5488 
-27.5489 -26.549 -25.5491 -24.5494 -23.55 -22.5506 -21.5514 -20.5517 -19.5517 
-18.5517 -17.5517 -16.5518 -15.5518 -14.5518 -13.5519 -12.5519 -11.552 -10.552 
-9.55198 -8.55199 -7.55201 -6.552 -5.55201 -4.55203 -3.55205 -2.55205 -1.55208 
-0.752298 0.280509 1.28037 2.28019 3.28017 4.28011 5.2801 6.28011 7.28008 
8.28008 9.28005 10.28 11.28 12.2794 13.2792 14.2791 15.279 16.279 
17.279 18.279 19.2789 20.2789 21.2789 22.2788 23.2787 24.2787 25.2784 
26.2784 27.2779 28.2778 29.2773 30.277 31.2755 32.2744 33.2742 34.2742 
35.2741 36.2741 37.2741 38.274 39.274 40.274 41.274 42.274 43.274 
44.2738 45.2738 -44.6132 -43.6133 -42.6132 -41.6133 -40.6134 -39.6134 -38.6134 
-37.6134 -36.6134 -35.6134 -34.6134 -33.6135 -32.6143 -31.6158 -30.6159 -29.6161 
-28.6161 -27.6163 -26.6166 -25.6169 -24.6175 -23.618 -22.6184 -21.6185 -20.6187 
-19.6187 -18.6187 -17.6187 -16.6188 -15.6189 -14.6189 -13.619 -12.619 -11.619 
-10.619 -9.61896 -8.61896 -7.61897 -6.61897 -5.61898 -4.61897 -3.619 -2.61899 
-1.61903 -0.619106 0.448788 1.44837 2.44824 3.44806 4.44777 5.44778 6.44777 
7.44774 8.44763 9.4475 10.4474 11.447 12.4468 13.4468 14.4467 15.4467 
16.4467 17.4467 18.4467 19.4466 20.4467 21.4467 22.4466 23.4466 24.4465 
25.4464 26.4462 27.4457 28.4457 29.4435 30.4435 31.4434 32.4428 33.4426 
34.4426 35.4426 36.4425 37.4425 38.4423 39.4421 40.442 41.4419 42.4417 
43.4416 44.4416 45.4415 -47.1545 -46.5545 -45.5545 -44.5545 -43.5546 -42.5546 
-41.5546 -40.5546 -39.5546 -38.5546 -37.5546 -36.5546 -35.5546 -34.5548 -33.5549 
-32.5551 -31.5662 -30.5704 -29.5704 -28.5705 -27.5705 -26.5706 -25.5707 -24.571 
-23.5714 -22.5717 -21.5726 -20.5729 -19.5729 -18.5729 -17.573 -16.573 -15.5731 
-14.5732 -13.5733 -12.5733 -11.5733 -10.5734 -9.57336 -8.57338 -7.57339 -6.57341 
-5.57341 -4.5734 -3.57342 -2.57342 -1.57345 -0.573644 0.431341 1.43123 2.43104 
3.43105 4.43102 5.43104 6.43103 7.43101 8.43102 9.43098 10.431 11.4309 
12.4304 13.4303 14.4302 15.4301 16.4301 17.4301 18.4301 19.43 20.43 
21.43 22.43 23.4299 24.4298 25.4297 26.4295 27.4293 28.429 29.4283 
30.4282 31.4264 32.4257 33.4256 34.4255 35.4255 36.4255 37.4254 38.4254 
39.4254 40.4254 41.4253 42.4252 43.425 44.4246 45.4245 -46.6405 -45.6405 
-44.6405 -43.6406 -42.6406 -41.6407 -40.6407 -39.6407 -38.6407 -37.6407 -36.6407 
-35.6407 -34.6409 -33.641 -32.6413 -31.6421 -30.6424 -29.6424 -28.6425 -27.6426 
-26.6426 -25.6427 -24.6428 -23.6431 -22.6439 -21.645 -20.6452 -19.6452 -18.6452 
-17.6453 -16.6453 -15.6454 -14.6454 -13.6455 -12.6455 -11.6455 -10.6455 -9.64553 
-8.64556 -7.64558 -6.64558 -5.64558 -4.64561 -3.64561 -2.64561 -1.64566 -0.645881 
0.27368 1.27354 2.27335 3.27329 4.27327 5.27323 6.27323 7.27321 8.27318 
9.27318 10.2732 11.2731 12.2725 13.2723 14.2723 15.2722 16.2722 17.2722 
18.2721 19.2721 20.2721 21.272 22.272 23.272 24.2719 25.2717 26.2716 
27.2712 28.2711 29.2703 30.2701 31.2688 32.2677 33.2676 34.2676 35.2676 
36.2675 37.2675 38.2674 39.2674 40.2674 41.2674 42.2674 43.2671 44.267 
45.2668 -45.5816 -44.5817 -43.5817 -42.5818 -41.5818 -40.5817 -39.5817 -38.5817 
-37.5818 -36.5818 -35.5818 -34.5819 -33.5821 -32.5822 -31.5824 -30.5824 -29.5825 
-28.5826 -27.5827 -26.5829 -25.5833 -24.5839 -23.5843 -22.5846 -21.5852 -20.5852 
-19.5852 -18.5852 -17.5853 -16.5853 -15.5854 -14.5855 -13.5855 -12.5855 -11.5855 
-10.5855 -9.58546 -8.58547 -7.58548 -6.58551 -5.58551 -4.58552 -3.58552 -2.58552 
-1.58553 -0.785628 0.499384 1.29935 2.29917 3.29908 4.29893 5.29886 6.29885 
7.2988 8.29879 9.29862 10.2985 11.2983 12.298 13.2979 14.2979 15.2978 
16.2979 17.2978 18.2978 19.2978 20.2978 21.2978 22.2977 23.2977 24.2976 
25.2975 26.2971 27.2963 28.2961 29.2955 30.2953 31.292 32.2884 33.2884 
34.2883 35.2883 36.2882 37.2882 38.2881 39.2881 40.2881 41.2881 42.2881 
43.2881 44.2879 45.2878 -45.4016 -44.6016 -43.6016 -42.6016 -41.6017 -40.6018 
-39.6018 -38.6018 -37.6018 -36.6018 -35.6019 -34.6019 -33.6018 -32.6048 -31.608 
-30.6081 -29.6082 -28.6084 -27.6085 -26.6087 -25.609 -24.6094 -23.61 -22.6103 
-21.6104 -20.6106 -19.6106 -18.6106 -17.6106 -16.6107 -15.6108 -14.6109 -13.6109 
-12.6109 -11.6109 -10.6109 -9.61091 -8.61091 -7.61091 -6.61093 -5.61095 -4.61094 
-3.61094 -2.61096 -1.61099 -0.611082 0.275735 1.27543 2.27521 3.27506 4.27488 
5.27488 6.27488 7.27486 8.27472 9.27472 10.2747 11.2744 12.2742 13.2741 
14.2741 15.2741 16.2741 17.2741 18.2741 19.2741 20.274 21.274 22.274 
23.2739 24.2738 25.2736 26.2734 27.2726 28.2718 29.2712 30.2704 31.2662 
32.4643 33.4643 34.4643 35.4643 36.4642 37.4641 38.464 39.464 40.4639 
41.4639 42.4638 43.4638 44.4637 -46.6352 -45.6352 -44.6353 -43.6353 -42.6354 
-41.6354 -40.6354 -39.6354 -38.6354 -37.6354 -36.6354 -35.6354 -34.6355 -33.6357 
-32.6359 -31.6375 -30.6412 -29.6412 -28.6413 -27.6413 -26.6414 -25.6415 -24.6417 
-23.6421 -22.6422 -21.6433 -20.6434 -19.6435 -18.6435 -17.6435 -16.6435 -15.6436 
-14.6436 -13.6437 -12.6438 -11.6438 -10.6438 -9.64379 -8.64381 -7.64384 -6.64388 
-5.64388 -4.64386 -3.64388 -2.6439 -1.64392 -0.644047 0.28649 1.28596 2.2858 
3.28519 4.28444 5.28426 6.28407 7.28409 8.28398 9.28375 10.2837 11.2833 
12.2828 13.2827 14.2827 15.2826 16.2826 17.2826 18.2827 19.2826 20.2826 
21.2826 22.2826 23.2826 24.2825 25.2824 26.2823 27.282 28.2816 29.2808 
30.2777 31.2776 32.2761 33.2745 34.2744 35.2744 36.2744 37.2743 38.2742 
39.2741 40.274 41.2739 42.2739 43.2738 44.2732 45.2732 46.2731 -47.3968 
-46.5968 -45.5968 -44.5969 -43.5968 -42.5969 -41.5969 -40.5969 -39.5969 -38.5969 
-37.5969 -36.5969 -35.5969 -34.597 -33.5971 -32.5971 -31.5973 -30.5974 -29.5974 
-28.5975 -27.5976 -26.5977 -25.5978 -24.5982 -23.5989 -22.5998 -21.6 -20.6 
-19.6001 -18.6001 -17.6001 -16.6002 -15.6002 -14.6003 -13.6004 -12.6004 -11.6004 
-10.6004 -9.6004 -8.6004 -7.60045 -6.60046 -5.60049 -4.60048 -3.6005 -2.60051 
-1.60053 -0.600648 0.426213 1.45322 2.4531 3.45304 4.453 5.45297 6.45292 
7.4529 8.45291 9.45288 10.4528 11.4527 12.4526 13.4524 14.4523 15.4523 
16.4522 17.4522 18.4522 19.4522 20.4522 21.4522 22.4521 23.4521 24.452 
25.4518 26.4515 27.4512 28.4508 29.45 30.4497 31.4496 32.4491 33.4491 
34.449 35.449 36.4489 37.4488 38.4488 39.4488 40.4488 41.4488 42.4488 
43.4486 44.4484 45.4482 -46.6535 -45.6535 -44.6535 -43.6537 -42.6537 -41.6537 
-40.6537 -39.6537 -38.6538 -37.6537 -36.6538 -35.6538 -34.6539 -33.6541 -32.6543 
-31.6545 -30.6547 -29.6547 -28.6547 -27.6548 -26.6548 -25.6549 -24.6551 -23.6554 
-22.6557 -21.6568 -20.657 -19.657 -18.657 -17.657 -16.6571 -15.6571 -14.6572 
-13.6572 -12.6573 -11.6573 -10.6573 -9.65729 -8.6573 -7.65735 -6.65736 -5.65736 
-4.65737 -3.65739 -2.65739 -1.65743 -0.657666 0.433615 1.43337 2.43319 3.43319 
4.43313 5.43311 6.43309 7.43311 8.43309 9.43307 10.433 11.4328 12.4321 
13.4319 14.4319 15.4318 16.4319 17.4318 18.4318 19.4317 20.4317 21.4317 
22.4317 23.4316 24.4315 25.4313 26.431 27.4308 28.4305 29.4298 30.4298 
31.4281 32.4275 33.4275 34.4274 35.4274 36.4274 37.4273 38.4273 39.4273 
40.4272 41.4272 42.4272 43.4268 44.4264 45.4264 -46.258 -45.658 -44.658 
-43.658 -42.6581 -41.6581 -40.6581 -39.6581 -38.6581 -37.6581 -36.6581 -35.6582 
-34.6582 -33.6584 -32.6585 -31.6585 -30.6585 -29.6587 -28.6588 -27.659 -26.6592 
-25.6597 -24.6601 -23.6608 -22.6612 -21.6615 -20.6616 -19.6616 -18.6617 -17.6617 
-16.6617 -15.6618 -14.6619 -13.6619 -12.6619 -11.6619 -10.6619 -9.6619 -8.66191 
-7.66193 -6.66192 -5.66193 -4.66193 -3.66195 -2.66194 -1.66197 -0.662126 0.407144 
1.40663 2.4065 3.40641 4.40639 5.40629 6.40627 7.40622 8.40616 9.40615 
10.4062 11.406 12.4059 13.4057 14.4057 15.4056 16.4056 17.4056 18.4056 
19.4055 20.4055 21.4055 22.4055 23.4054 24.4052 25.405 26.4042 27.4039 
28.4037 29.4032 30.4031 31.4026 32.4023 33.4023 34.4022 35.4022 36.4022 
37.4021 38.4021 39.4021 40.4021 41.4021 42.402 43.4018 44.4016 45.2016 
-45.1865 -44.5865 -43.5865 -42.5865 -41.5865 -40.5865 -39.5865 -38.5866 -37.5866 
-36.5866 -35.5866 -34.5867 -33.587 -32.5871 -31.5889 -30.6242 -29.6242 -28.6242 
-27.6242 -26.6243 -25.6243 -24.6243 -23.6248 -22.6252 -21.6262 -20.6265 -19.6266 
-18.6266 -17.6265 -16.6266 -15.6266 -14.6267 -13.6268 -12.6269 -11.6269 -10.6269 
-9.62692 -8.62693 -7.62695 -6.62698 -5.62698 -4.62698 -3.62701 -2.62698 -1.62703 
-0.627128 0.325607 1.30186 2.3018 3.30176 4.30176 5.30175 6.30174 7.30171 
8.30169 9.30167 10.3016 11.3016 12.3015 13.3014 14.3 15.2998 16.2997 
17.2997 18.2997 19.2996 20.2996 21.2996 22.2995 23.2995 24.2994 25.2992 
26.2989 27.2987 28.2984 29.2974 30.297 31.2968 32.2963 33.2953 34.2951 
35.2951 36.2951 37.295 38.295 39.295 40.295 41.295 42.2949 43.2948 
44.2948 45.2947 -46.7122 -45.7123 -44.7123 -43.7123 -42.7123 -41.7123 -40.7124 
-39.7124 -38.7124 -37.7124 -36.7124 -35.7124 -34.7125 -33.7126 -32.7128 -31.7135 
-30.7138 -29.7139 -28.714 -27.714 -26.7141 -25.7142 -24.7144 -23.7148 -22.7156 
-21.7164 -20.7168 -19.7168 -18.7168 -17.7168 -16.7168 -15.7169 -14.717 -13.7171 
-12.7172 -11.7172 -10.7172 -9.71717 -8.7172 -7.71723 -6.71725 -5.71723 -4.71724 
-3.71725 -2.71725 -1.71725 -0.717466 0.465315 1.46521 2.46503 3.465 4.46496 
5.46491 6.46493 7.46494 8.4649 9.46487 10.4648 11.4648 12.4641 13.4639 
14.4639 15.4639 16.4639 17.4638 18.4638 19.4638 20.4638 21.4637 22.4637 
23.4636 24.4635 25.4634 26.4633 27.463 28.4627 29.4619 30.4619 31.4615 
32.4611 33.4611 34.461 35.461 36.461 37.4609 38.4609 39.4609 40.4609 
41.4609 42.4608 43.4605 44.4601 45.46 -45.5191 -44.7192 -43.7191 -42.7192 
-41.7192 -40.7192 -39.7192 -38.7192 -37.7192 -36.7193 -35.7193 -34.7194 -33.7204 
-32.7225 -31.7226 -30.7226 -29.7227 -28.7227 -27.723 -26.7231 -25.7235 -24.7242 
-23.7247 -22.7252 -21.7256 -20.7259 -19.7259 -18.7259 -17.726 -16.726 -15.7261 
-14.7262 -13.7262 -12.7262 -11.7262 -10.7262 -9.72621 -8.72622 -7.72621 -6.72622 
-5.72623 -4.72622 -3.72623 -2.72624 -1.72628 -0.726343 0.400921 1.46449 2.46446 
3.46431 4.46429 5.46427 6.46426 7.46426 8.46422 9.46421 10.4641 11.464 
12.4639 13.4636 14.4636 15.4635 16.4635 17.4636 18.4635 19.4634 20.4634 
21.4634 22.4633 23.4632 24.4631 25.4626 26.4623 27.462 28.4617 29.4614 
30.4613 31.4584 32.458 33.4579 34.4579 35.4578 36.4579 37.4578 38.4578 
39.4578 40.4578 41.4578 42.4578 43.4576 44.4574 45.4573 -46.563 -45.563 
-44.5631 -43.5631 -42.5631 -41.5631 -40.5631 -39.5631 -38.5632 -37.5631 -36.5631 
-35.5632 -34.5633 -33.5633 -32.5638 -31.5642 -30.5642 -29.5643 -28.5643 -27.5644 
-26.5644 -25.5645 -24.5647 -23.565 -22.5663 -21.5675 -20.5679 -19.568 -18.5679 
-17.568 -16.568 -15.5681 -14.5681 -13.5682 -12.5683 -11.5683 -10.5683 -9.56829 
-8.56831 -7.56832 -6.56832 -5.56833 -4.56834 -3.56835 -2.56835 -1.56837 -0.56849 
0.628715 1.42852 2.42836 3.42834 4.42829 5.42828 6.42823 7.4282 8.42815 
9.42814 10.428 11.4278 12.4275 13.4274 14.4273 15.4273 16.4273 17.4272 
18.4273 19.4272 20.4272 21.4272 22.4271 23.4271 24.427 25.4268 26.4265 
27.4261 28.4257 29.4249 30.4249 31.419 32.4177 33.4177 34.4176 35.4176 
36.4175 37.4175 38.4174 39.4174 40.4174 41.4174 42.4174 43.4173 44.4171 
45.4169 -45.3702 -44.5702 -43.5702 -42.5702 -41.5703 -40.5704 -39.5704 -38.5704 
-37.5704 -36.5704 -35.5704 -34.5705 -33.5705 -32.5705 -31.5712 -30.5712 -29.5714 
-28.5716 -27.5717 -26.5718 -25.5721 -24.5726 -23.573 -22.5733 -21.5734 -20.5736 
-19.5736 -18.5736 -17.5736 -16.5737 -15.5738 -14.5738 -13.5738 -12.5738 -11.5738 
-10.5739 -9.57385 -8.57385 -7.57384 -6.57387 -5.57388 -4.57388 -3.57389 -2.57389 
-1.57392 -0.574075 0.283407 1.28312 2.2829 3.28279 4.2826 5.28257 6.28258 
7.28256 8.28245 9.2824 10.2824 11.2821 12.2819 13.2819 14.2818 15.2818 
16.2818 17.2818 18.2818 19.2818 20.2817 21.2817 22.2817 23.2816 24.2815 
25.2813 26.2811 27.2802 28.2794 29.2787 30.2777 31.2747 32.2733 33.2732 
34.2732 35.2732 36.2731 37.2731 38.273 39.2729 40.2729 41.2729 42.2728 
43.2727 44.2727 45.0726 -45.5474 -44.5474 -43.5474 -42.5475 -41.5475 -40.5475 
-39.5475 -38.5475 -37.5476 -36.5476 -35.5476 -34.5477 -33.5477 -32.5485 -31.5489 
-30.549 -29.5491 -28.5491 -27.5494 -26.5497 -25.55 -24.5506 -23.5511 -22.5515 
-21.5518 -20.552 -19.552 -18.552 -17.5521 -16.5521 -15.5522 -14.5522 -13.5522 
-12.5522 -11.5523 -10.5522 -9.55222 -8.55225 -7.55225 -6.55226 -5.55226 -4.55228 
-3.55227 -2.55228 -1.55231 -0.552401 0.445607 1.44511 2.44501 3.44489 4.44483 
5.44473 6.4447 7.44467 8.44467 9.4446 10.4444 11.4443 12.4442 13.444 
14.444 15.444 16.4439 17.4439 18.4439 19.4438 20.4438 21.4438 22.4438 
23.4437 24.4436 25.4431 26.4424 27.4424 28.4423 29.4422 30.442 31.4381 
32.4378 33.4377 34.4376 35.4376 36.4375 37.4375 38.4374 39.4374 40.4375 
41.4374 42.4374 43.4372 44.437 45.237 -45.6357 -44.6357 -43.6358 -42.6358 
-41.6358 -40.6358 -39.6358 -38.6358 -37.6358 -36.6358 -35.6359 -34.6358 -33.6413 
-32.652 -31.6521 -30.6521 -29.6521 -28.6523 -27.6525 -26.6528 -25.653 -24.6537 
-23.6542 -22.6547 -21.6551 -20.6551 -19.6552 -18.6552 -17.6552 -16.6552 -15.6553 
-14.6554 -13.6554 -12.6554 -11.6555 -10.6555 -9.65546 -8.65546 -7.65548 -6.6555 
-5.6555 -4.6555 -3.65551 -2.65552 -1.65553 -0.855533 0.364334 1.36404 2.36401 
3.36383 4.36379 5.36376 6.36375 7.36364 8.36362 9.36356 10.3634 11.3634 
12.363 13.3628 14.3628 15.3628 16.3627 17.3627 18.3627 19.3627 20.3627 
21.3626 22.3626 23.3624 24.3623 25.3621 26.3619 27.3616 28.3614 29.3609 
30.361 31.3587 32.3579 33.3578 34.3578 35.3578 36.3577 37.3577 38.3576 
39.3577 40.3576 41.3576 42.3576 43.3574 44.3573 45.1572 -45.6423 -44.6424 
-43.6423 -42.6424 -41.6425 -40.6425 -39.6425 -38.6425 -37.6425 -36.6425 -35.6426 
-34.6426 -33.6426 -32.6466 -31.6486 -30.6486 -29.6487 -28.6488 -27.6489 -26.649 
-25.6492 -24.6499 -23.6503 -22.6508 -21.6509 -20.6511 -19.6511 -18.6512 -17.6512 
-16.6512 -15.6513 -14.6513 -13.6513 -12.6513 -11.6513 -10.6513 -9.65133 -8.65133 
-7.65134 -6.65135 -5.65137 -4.65138 -3.65137 -2.65137 -1.6514 -0.651483 0.298306 
1.2978 2.29769 3.29757 4.29756 5.29747 6.29742 7.2974 8.29734 9.29725 
10.2971 11.2969 12.2968 13.2968 14.2967 15.2967 16.2967 17.2967 18.2967 
19.2967 20.2966 21.2966 22.2966 23.2965 24.2965 25.2962 26.2958 27.295 
28.2947 29.2933 30.2925 31.291 32.2905 33.2904 34.2904 35.2904 36.2903 
37.2903 38.2902 39.2902 40.2902 41.2902 42.2902 43.2902 44.29 45.0899 
-45.6823 -44.6823 -43.6824 -42.6825 -41.6826 -40.6826 -39.6826 -38.6826 -37.6826 
-36.6826 -35.6826 -34.6828 -33.683 -32.6833 -31.6839 -30.6873 -29.6874 -28.6873 
-27.6874 -26.6875 -25.6875 -24.6876 -23.6879 -22.6891 -21.6898 -20.6898 -19.6899 
-18.6899 -17.6899 -16.6899 -15.69 -14.69 -13.6901 -12.6902 -11.6902 -10.6902 
-9.69024 -8.69025 -7.69027 -6.6903 -5.69029 -4.69033 -3.69033 -2.69033 -1.69037 
-0.690485 0.306407 1.30477 2.30459 3.30455 4.30455 5.30454 6.30448 7.30447 
8.30444 9.30444 10.3044 11.3044 12.3041 13.3033 14.3028 15.3027 16.3026 
17.3026 18.3026 19.3025 20.3025 21.3025 22.3024 23.3024 24.3022 25.3021 
26.3018 27.3017 28.3015 29.3009 30.3003 31.2997 32.2987 33.2979 34.2979 
35.2978 36.2978 37.2978 38.2977 39.2977 40.2977 41.2977 42.2977 43.2975 
44.2973 45.2972 -44.6731 -43.6731 -42.6732 -41.6732 -40.6733 -39.6733 -38.6733 
-37.6733 -36.6733 -35.6733 -34.6734 -33.6736 -32.674 -31.6743 -30.6958 -29.6973 
-28.6973 -27.6973 -26.6974 -25.6974 -24.6976 -23.6977 -22.6985 -21.6998 -20.6999 
-19.7 -18.7 -17.7 -16.7001 -15.7001 -14.7002 -13.7002 -12.7003 -11.7003 
-10.7003 -9.70033 -8.70036 -7.70036 -6.70041 -5.70039 -4.70041 -3.70042 -2.70043 
-1.70045 -0.700516 0.296591 1.29627 2.2961 3.29607 4.29604 5.29597 6.29596 
7.29596 8.29592 9.29589 10.2958 11.2957 12.2956 13.2956 14.2956 15.2955 
16.2955 17.2954 18.2954 19.2954 20.2953 21.2954 22.2953 23.2953 24.2951 
25.295 26.2947 27.2946 28.2943 29.294 30.2937 31.2934 32.293 33.2927 
34.2927 35.2927 36.2926 37.2926 38.2925 39.2925 40.2925 41.2926 42.2925 
43.2922 44.2919 45.2919 -46.6378 -45.6378 -44.6378 -43.6378 -42.6379 -41.6379 
-40.6379 -39.6379 -38.6379 -37.6379 -36.6379 -35.6379 -34.638 -33.6382 -32.6386 
-31.6389 -30.6389 -29.639 -28.639 -27.6391 -26.6391 -25.6392 -24.6394 -23.6395 
-22.6408 -21.642 -20.6422 -19.6423 -18.6423 -17.6423 -16.6423 -15.6424 -14.6425 
-13.6426 -12.6426 -11.6426 -10.6426 -9.64263 -8.64265 -7.64267 -6.64269 -5.64267 
-4.6427 -3.64272 -2.64271 -1.64273 -0.64286 0.514786 1.31469 2.31452 3.31447 
4.31444 5.31442 6.31442 7.31434 8.31433 9.31435 10.3143 11.3141 12.3138 
13.3136 14.3136 15.3135 16.3135 17.3135 18.3135 19.3134 20.3134 21.3134 
22.3134 23.3133 24.3132 25.3132 26.3128 27.3126 28.3122 29.3118 30.3118 
31.3112 32.3105 33.3102 34.3102 35.3101 36.3101 37.3101 38.31 39.3099 
40.31 41.31 42.3099 43.3096 44.3091 45.3091 -47.3456 -46.5455 -45.5455 
-44.5456 -43.5455 -42.5456 -41.5456 -40.5456 -39.5456 -38.5456 -37.5456 -36.5457 
-35.5457 -34.5457 -33.5485 -32.5511 -31.5512 -30.5512 -29.5513 -28.5514 -27.5515 
-26.5518 -25.5522 -24.5527 -23.5534 -22.5541 -21.5545 -20.5545 -19.5545 -18.5545 
-17.5546 -16.5547 -15.5547 -14.5548 -13.5548 -12.5548 -11.5548 -10.5549 -9.55485 
-8.55486 -7.55489 -6.55488 -5.55489 -4.55489 -3.55489 -2.55491 -1.555 -0.954982 
0.682402 1.28239 2.28212 3.28195 4.28194 5.28186 6.28186 7.28182 8.28176 
9.28164 10.2816 11.2812 12.281 13.2809 14.2808 15.2808 16.2808 17.2808 
18.2807 19.2807 20.2807 21.2807 22.2807 23.2807 24.2806 25.2805 26.2803 
27.2796 28.2792 29.2789 30.2786 31.2783 32.2726 33.2723 34.2723 35.2722 
36.2722 37.2721 38.272 39.272 40.272 41.272 42.272 43.272 44.2718 
45.2717 46.0715 -45.3787 -44.5787 -43.5787 -42.5787 -41.5788 -40.5788 -39.5789 
-38.5788 -37.5788 -36.5789 -35.5789 -34.5789 -33.579 -32.5818 -31.5856 -30.5856 
-29.5858 -28.5859 -27.586 -26.5862 -25.5865 -24.5869 -23.5874 -22.5879 -21.5879 
-20.5881 -19.5882 -18.5882 -17.5882 -16.5883 -15.5884 -14.5884 -13.5885 -12.5885 
-11.5884 -10.5884 -9.58844 -8.58846 -7.58846 -6.58846 -5.58847 -4.58847 -3.58846 
-2.58849 -1.58852 -0.588592 0.283728 1.28341 2.28323 3.28304 4.28284 5.28283 
6.28283 7.28282 8.28271 9.28257 10.2825 11.2822 12.282 13.282 14.2819 
15.2819 16.2819 17.2819 18.2819 19.2819 20.2819 21.2818 22.2818 23.2817 
24.2816 25.2816 26.2814 27.2808 28.2806 29.2783 30.2777 31.2776 32.2776 
33.2776 34.2776 35.2775 36.2775 37.2775 38.2774 39.2773 40.2773 41.2773 
42.2772 43.277 44.2769 45.0769 -45.4333 -44.6334 -43.6334 -42.6334 -41.6335 
-40.6336 -39.6335 -38.6336 -37.6336 -36.6336 -35.6336 -34.6336 -33.6336 -32.638 
-31.641 -30.641 -29.6412 -28.6412 -27.6414 -26.6416 -25.642 -24.6424 -23.643 
-22.6435 -21.6437 -20.6438 -19.6438 -18.6438 -17.6438 -16.6439 -15.644 -14.644 
-13.644 -12.644 -11.644 -10.644 -9.64405 -8.64406 -7.64406 -6.64406 -5.64407 
-4.64407 -3.64408 -2.64407 -1.64414 -0.644332 0.297122 1.26761 2.26754 3.26751 
4.26722 5.26715 6.26718 7.26717 8.26711 9.26687 10.2667 11.4661 12.4659 
13.4659 14.4658 15.4658 16.4658 17.4658 18.4658 19.4658 20.4657 21.4657 
22.4657 23.4657 24.4656 25.4655 26.4654 27.4648 28.464 29.4632 30.4626 
31.4624 32.462 33.4618 34.4618 35.4618 36.4618 37.4617 38.4616 39.4615 
40.4614 41.4613 42.4612 43.461 44.461 45.461 -44.6256 -43.6256 -42.6257 
-41.6257 -40.6257 -39.6257 -38.6257 -37.6258 -36.6258 -35.6258 -34.6259 -33.6261 
-32.6265 -31.6273 -30.6334 -29.6334 -28.6335 -27.6335 -26.6335 -25.6336 -24.6337 
-23.6339 -22.6347 -21.6347 -20.635 -19.635 -18.635 -17.6351 -16.6351 -15.6351 
-14.6352 -13.6353 -12.6353 -11.6354 -10.6354 -9.63542 -8.63542 -7.63546 -6.63551 
-5.63549 -4.63552 -3.63555 -2.63553 -1.6356 -0.635619 0.349359 1.349 2.34886 
3.34884 4.34881 5.34882 6.34878 7.3488 8.34876 9.3487 10.3487 11.3486 
12.3479 13.3477 14.3476 15.3476 16.3476 17.3476 18.3475 19.3475 20.3475 
21.3475 22.3475 23.3473 24.3473 25.3471 26.3468 27.3465 28.3464 29.3456 
30.3454 31.3451 32.3446 33.3445 34.3445 35.3444 36.3443 37.3443 38.3443 
39.3443 40.3443 41.3442 42.3442 43.3439 44.3435 45.3434 -45.5219 -44.7219 
-43.7219 -42.7219 -41.7219 -40.7219 -39.7219 -38.722 -37.7219 -36.7219 -35.722 
-34.722 -33.7223 -32.7226 -31.7227 -30.7227 -29.7228 -28.7229 -27.723 -26.7233 
-25.7235 -24.7239 -23.7247 -22.7248 -21.7253 -20.7255 -19.7255 -18.7255 -17.7255 
-16.7256 -15.7257 -14.7258 -13.7258 -12.7258 -11.7258 -10.7258 -9.72584 -8.72584 
-7.72584 -6.72588 -5.72589 -4.72589 -3.7259 -2.72588 -1.72589 -0.726011 0.497228 
1.29724 2.29704 3.29704 4.29673 5.29672 6.29672 7.29669 8.29667 9.29644 
10.2964 11.296 12.2957 13.2956 14.2955 15.2955 16.2954 17.2954 18.2954 
19.2955 20.2954 21.2954 22.2954 23.2953 24.2952 25.2951 26.2948 27.2944 
28.2942 29.2933 30.2926 31.2908 32.2869 33.2869 34.2869 35.2869 36.2868 
37.2867 38.2866 39.2866 40.2866 41.2866 42.2865 43.2865 44.2864 45.2862 
-47.4343 -46.6342 -45.6342 -44.6343 -43.6343 -42.6343 -41.6343 -40.6343 -39.6343 
-38.6343 -37.6343 -36.6343 -35.6343 -34.6344 -33.6346 -32.6347 -31.6474 -30.6475 
-29.6474 -28.6476 -27.6477 -26.6478 -25.648 -24.6483 -23.6491 -22.6501 -21.6508 
-20.6509 -19.6509 -18.6509 -17.651 -16.651 -15.6511 -14.6512 -13.6512 -12.6512 
-11.6512 -10.6512 -9.65123 -8.65124 -7.65128 -6.65129 -5.65129 -4.6513 -3.6513 
-2.65132 -1.6514 -0.651739 0.66764 1.2673 2.26686 3.26679 4.26666 5.26652 
6.2665 7.2665 8.26643 9.46619 10.4662 11.4656 12.4654 13.4652 14.4652 
15.4651 16.4651 17.4651 18.4651 19.4651 20.4651 21.4651 22.4651 23.465 
24.4649 25.4649 26.4648 27.4644 28.4641 29.4629 30.4613 31.4611 32.4552 
33.4552 34.4552 35.4552 36.4552 37.4551 38.455 39.4549 40.4549 41.4548 
42.4548 43.4546 44.4545 45.4544 -47.6624 -46.6625 -45.6625 -44.6625 -43.6625 
-42.6625 -41.6625 -40.6625 -39.6625 -38.6625 -37.6625 -36.6626 -35.6626 -34.6627 
-33.6636 -32.6649 -31.6649 -30.6649 -29.6649 -28.665 -27.6651 -26.6652 -25.6656 
-24.666 -23.6665 -22.6669 -21.6672 -20.6672 -19.6672 -18.6672 -17.6672 -16.6673 
-15.6674 -14.6674 -13.6675 -12.6675 -11.6675 -10.6675 -9.66748 -8.66751 -7.66755 
-6.66755 -5.66756 -4.66756 -3.6676 -2.66759 -1.66767 -0.867903 0.450939 1.45067 
2.45058 3.45056 4.4505 5.45047 6.45048 7.45034 8.45036 9.45027 10.45 
11.45 12.4496 13.4495 14.4494 15.4494 16.4493 17.4493 18.4493 19.4492 
20.4492 21.4492 22.4492 23.4491 24.449 25.4488 26.4486 27.4483 28.4481 
29.4477 30.4477 31.4455 32.4448 33.4447 34.4447 35.4446 36.4446 37.4445 
38.4445 39.4445 40.4445 41.4445 42.4444 43.4442 44.444 45.4439 -45.6683 
-44.6683 -43.6684 -42.6684 -41.6685 -40.6684 -39.6685 -38.6684 -37.6684 -36.6685 
-35.6685 -34.6686 -33.6687 -32.6687 -31.6689 -30.6689 -29.6689 -28.6691 -27.6692 
-26.6693 -25.6697 -24.6704 -23.6709 -22.6711 -21.6716 -20.6717 -19.6718 -18.6718 
-17.6718 -16.6719 -15.672 -14.6721 -13.6721 -12.6721 -11.6721 -10.6721 -9.67212 
-8.67213 -7.67213 -6.67216 -5.67219 -4.67216 -3.67217 -2.67217 -1.6722 -0.872277 
0.402724 1.4024 2.40236 3.4022 4.40219 5.40217 6.40215 7.40216 8.40215 
9.40212 10.4021 11.4021 12.4019 13.4018 14.4017 15.4017 16.4016 17.4016 
18.4016 19.4016 20.4015 21.4015 22.4014 23.4013 24.4012 25.4008 26.4004 
27.4001 28.3998 29.3992 30.3991 31.3962 32.3955 33.3954 34.3954 35.3954 
36.3952 37.3953 38.3952 39.3952 40.3952 41.3952 42.3952 43.3949 44.3947 
45.1947 -47.3008 -46.7007 -45.7008 -44.7008 -43.7008 -42.7008 -41.7008 -40.7008 
-39.7009 -38.7008 -37.7008 -36.7009 -35.7009 -34.7009 -33.7049 -32.7129 -31.7129 
-30.7129 -29.713 -28.7131 -27.7133 -26.7136 -25.7138 -24.7144 -23.7147 -22.7153 
-21.7156 -20.7157 -19.7157 -18.7157 -17.7158 -16.7158 -15.7159 -14.716 -13.716 
-12.716 -11.716 -10.716 -9.71603 -8.71605 -7.71608 -6.7161 -5.71609 -4.71611 
-3.71611 -2.71612 -1.71613 -0.916149 0.652968 1.45273 2.45257 3.45235 4.4523 
5.45222 6.45223 7.45221 8.45218 9.45219 10.4521 11.452 12.4519 13.4519 
14.4518 15.4517 16.4518 17.4517 18.4517 19.4517 20.4517 21.4517 22.4516 
23.4516 24.4515 25.4513 26.4509 27.4506 28.4503 29.4494 30.4491 31.4489 
32.4489 33.4488 34.4488 35.4487 36.4487 37.4487 38.4486 39.4486 40.4486 
41.4486 42.4486 43.4485 44.4482 45.4481 -45.7087 -44.7087 -43.7087 -42.7087 
-41.7087 -40.7088 -39.7088 -38.7088 -37.7088 -36.7087 -35.7088 -34.7089 -33.7094 
-32.7099 -31.7099 -30.71 -29.7101 -28.7102 -27.7104 -26.7105 -25.711 -24.7114 
-23.7121 -22.7124 -21.7126 -20.713 -19.713 -18.713 -17.713 -16.7131 -15.7132 
-14.7133 -13.7133 -12.7133 -11.7133 -10.7133 -9.71329 -8.71328 -7.71329 -6.71331 
-5.71333 -4.71333 -3.71332 -2.71333 -1.71336 -0.713463 0.349151 1.34897 2.34881 
3.34864 4.34842 5.34838 6.34838 7.34837 8.34815 9.34803 10.3479 11.3474 
12.3472 13.3471 14.3471 15.347 16.347 17.347 18.347 19.347 20.347 
21.347 22.347 23.3469 24.3469 25.3468 26.3465 27.3461 28.3453 29.3431 
30.3416 31.3389 32.334 33.334 34.334 35.3339 36.3339 37.3338 38.3338 
39.3337 40.3336 41.3336 42.3335 43.3334 44.3334 45.3334 -46.6023 -45.6023 
-44.6023 -43.6023 -42.6024 -41.6024 -40.6024 -39.6024 -38.6024 -37.6024 -36.6024 
-35.6024 -34.6026 -33.6054 -32.6083 -31.6084 -30.6084 -29.6085 -28.6086 -27.6088 
-26.6091 -25.6095 -24.6101 -23.6106 -22.6109 -21.611 -20.6111 -19.6111 -18.6111 
-17.6112 -16.6112 -15.6112 -14.6113 -13.6113 -12.6114 -11.6113 -10.6113 -9.61136 
-8.61137 -7.61139 -6.61141 -5.61141 -4.61142 -3.61142 -2.61142 -1.61146 -0.811548 
1.29488 2.29477 3.29461 4.29457 5.29451 6.2945 7.29446 8.29444 9.29441 
10.2944 11.2944 12.2943 13.294 14.2939 15.2939 16.2939 17.2939 18.2938 
19.2938 20.2938 21.2938 22.2938 23.2937 24.2937 25.2935 26.2932 27.293 
28.2927 29.292 30.2914 31.2913 32.2909 33.2909 34.2908 35.2908 36.2907 
37.2907 38.2906 39.2906 40.2905 41.2905 42.2906 43.2905 44.2903 45.2901 
-46.1842 -45.5842 -44.5842 -43.5843 -42.5844 -41.5844 -40.5845 -39.5845 -38.5845 
-37.5845 -36.5845 -35.5845 -34.5846 -33.5847 -32.5849 -31.5851 -30.5851 -29.5851 
-28.5851 -27.5852 -26.5852 -25.5853 -24.5855 -23.5859 -22.5865 -21.5873 -20.5875 
-19.5875 -18.5875 -17.5876 -16.5876 -15.5877 -14.5878 -13.5879 -12.5879 -11.588 
-10.588 -9.58798 -8.588 -7.58803 -6.58804 -5.58805 -4.58808 -3.58808 -2.58809 
-1.58811 -0.588194 0.430884 1.43078 2.43064 3.43065 4.43062 5.43062 6.43052 
7.43054 8.43055 9.43053 10.4305 11.4305 12.4302 13.4296 14.4283 15.4283 
16.4282 17.4282 18.4282 19.4281 20.4281 21.4281 22.428 23.4279 24.4279 
25.4276 26.4274 27.4272 28.427 29.4261 30.4259 31.4256 32.4249 33.424 
34.4239 35.4239 36.4239 37.4238 38.4238 39.4238 40.4237 41.4237 42.4237 
43.4237 44.4236 45.2235 -45.5405 -44.5405 -43.5406 -42.5406 -41.5406 -40.5406 
-39.5406 -38.5406 -37.5406 -36.5406 -35.5407 -34.5408 -33.5409 -32.541 -31.5411 
-30.5411 -29.5412 -28.5413 -27.5414 -26.5417 -25.542 -24.5426 -23.5433 -22.5436 
-21.5439 -20.544 -19.5441 -18.5441 -17.5441 -16.5441 -15.5442 -14.5442 -13.5443 
-12.5443 -11.5443 -10.5443 -9.54428 -8.54428 -7.54428 -6.54428 -5.5443 -4.54429 
-3.54429 -2.5443 -1.54431 -0.74441 0.271513 1.27145 2.27134 3.27126 4.27118 
5.27112 6.27109 7.27108 8.27096 9.27084 10.2706 11.2702 12.27 13.2698 
14.2698 15.2698 16.2697 17.2697 18.2697 19.2697 20.2697 21.2697 22.2697 
23.2696 24.2696 25.2694 26.2691 27.2684 28.2682 29.2675 30.267 31.2625 
32.46 33.46 34.4599 35.4599 36.4599 37.4598 38.4597 39.4597 40.4597 
41.4597 42.4597 43.4596 44.4595 45.4594 -45.388 -44.5881 -43.5881 -42.5882 
-41.5882 -40.5881 -39.5882 -38.5882 -37.5882 -36.5882 -35.5883 -34.5883 -33.5892 
-32.5896 -31.5896 -30.5897 -29.5898 -28.5899 -27.5901 -26.5903 -25.5907 -24.591 
-23.5914 -22.5917 -21.5921 -20.5923 -19.5923 -18.5923 -17.5923 -16.5924 -15.5925 
-14.5926 -13.5926 -12.5926 -11.5926 -10.5926 -9.59258 -8.59257 -7.59258 -6.59263 
-5.59263 -4.59263 -3.59263 -2.59263 -1.59268 -0.592781 0.47704 1.27706 2.27701 
3.27692 4.27694 5.27682 6.2768 7.27678 8.27677 9.27676 10.2767 11.2766 
12.2764 13.2762 14.2762 15.2762 16.2761 17.2762 18.2761 19.2761 20.276 
21.276 22.276 23.276 24.2759 25.2756 26.275 27.2747 28.2745 29.2738 
30.2737 31.4655 32.4649 33.4649 34.4649 35.4649 36.4648 37.4647 38.4647 
39.4647 40.4647 41.4647 42.4647 43.4645 44.4643 45.2642 -42.6751 -41.6751 
-40.6751 -39.6751 -38.6752 -37.6752 -36.6752 -35.6753 -34.6754 -33.6755 -32.676 
-31.6762 -30.6846 -29.6856 -28.6856 -27.6857 -26.6857 -25.6857 -24.6858 -23.686 
-22.687 -21.6875 -20.6879 -19.6879 -18.6879 -17.6879 -16.6879 -15.688 -14.688 
-13.688 -12.6882 -11.6882 -10.6882 -9.68822 -8.68821 -7.68825 -6.68829 -5.68829 
-4.68831 -3.68832 -2.68833 -1.68835 -0.688453 0.440266 1.44007 2.44005 3.44002 
4.44 5.44 6.43997 7.43998 8.43997 9.43992 10.4398 11.4397 12.4396 
13.4395 14.4392 15.4391 16.4391 17.4391 18.439 19.439 20.4389 21.4389 
22.4389 23.4389 24.4388 25.4387 26.4383 27.4382 28.438 29.4376 30.4372 
31.436 32.4353 33.4351 34.435 35.435 36.435 37.435 38.4349 39.4349 
40.4349 41.4349 42.4348 43.4345 44.4344 45.4343 -46.5494 -45.5494 -44.5494 
-43.5495 -42.5496 -41.5495 -40.5495 -39.5496 -38.5496 -37.5496 -36.5496 -35.5496 
-34.5497 -33.5499 -32.5501 -31.5549 -30.555 -29.5551 -28.5551 -27.5552 -26.5553 
-25.5553 -24.5555 -23.5559 -22.5571 -21.5581 -20.5582 -19.5582 -18.5582 -17.5583 
-16.5583 -15.5584 -14.5584 -13.5585 -12.5586 -11.5586 -10.5586 -9.55857 -8.55861 
-7.55863 -6.55863 -5.55862 -4.55865 -3.55864 -2.55866 -1.55869 -0.558791 0.604969 
1.40488 2.40476 3.40476 4.40473 5.40467 6.40466 7.40465 8.4046 9.40458 
10.4045 11.4044 12.4041 13.4039 14.4038 15.4039 16.4038 17.4038 18.4038 
19.4038 20.4038 21.4038 22.4037 23.4036 24.4036 25.4034 26.4033 27.403 
28.4027 29.4021 30.4021 31.3981 32.398 33.398 34.3979 35.3979 36.3978 
37.3977 38.3977 39.3977 40.3977 41.3977 42.3977 43.3975 44.3974 45.3971 
-43.6491 -42.6491 -41.6492 -40.6492 -39.6492 -38.6492 -37.6492 -36.6492 -35.6493 
-34.6494 -33.6496 -32.65 -31.6502 -30.6632 -29.6636 -28.6637 -27.6637 -26.6637 
-25.6638 -24.6638 -23.6639 -22.665 -21.6657 -20.6661 -19.6662 -18.6662 -17.6662 
-16.6662 -15.6662 -14.6663 -13.6663 -12.6665 -11.6665 -10.6665 -9.66648 -8.66649 
-7.66652 -6.66655 -5.66658 -4.66658 -3.66659 -2.66661 -1.66664 -0.666719 0.285577 
1.28528 2.28527 3.28523 4.28515 5.2851 6.28505 7.28504 8.28502 9.28498 
10.285 11.2849 12.2842 13.2839 14.2838 15.2837 16.2837 17.2837 18.2836 
19.2836 20.2836 21.2836 22.2836 23.2835 24.2834 25.2833 26.283 27.2827 
28.2825 29.2819 30.2818 31.2815 32.2808 33.2806 34.2806 35.2805 36.2805 
37.2804 38.2804 39.2804 40.2804 41.2804 42.2803 43.28 44.2795 45.2793 
-45.5513 -44.5513 -43.5514 -42.5514 -41.5514 -40.5514 -39.5514 -38.5514 -37.5514 
-36.5514 -35.5515 -34.5515 -33.5542 -32.5568 -31.5569 -30.557 -29.5571 -28.5571 
-27.5574 -26.5575 -25.5579 -24.5586 -23.5591 -22.5595 -21.56 -20.5602 -19.5602 
-18.5602 -17.5603 -16.5603 -15.5603 -14.5604 -13.5604 -12.5604 -11.5604 -10.5604 
-9.56041 -8.56043 -7.56043 -6.56045 -5.56046 -4.56046 -3.56046 -2.56047 -1.5605 
-0.560692 0.657486 1.45733 2.45733 3.45716 4.45712 5.45713 6.45711 7.45702 
8.45702 9.45701 10.457 11.457 12.4568 13.4565 14.4565 15.4565 16.4564 
17.4564 18.4564 19.4563 20.4564 21.4563 22.4563 23.4562 24.456 25.4556 
26.4553 27.4549 28.4546 29.4544 30.4543 31.4515 32.4511 33.4511 34.451 
35.451 36.451 37.4509 38.4509 39.4509 40.4509 41.4508 42.4508 43.4507 
44.4506 45.4506 -45.5896 -44.5896 -43.5898 -42.5898 -41.5899 -40.5899 -39.5899 
-38.5899 -37.5899 -36.5899 -35.59 -34.5901 -33.5903 -32.5906 -31.5913 -30.6116 
-29.6116 -28.6117 -27.6117 -26.6117 -25.6118 -24.6119 -23.6123 -22.6133 -21.614 
-20.6141 -19.6141 -18.6141 -17.6142 -16.6142 -15.6142 -14.6143 -13.6144 -12.6144 
-11.6144 -10.6144 -9.61445 -8.61447 -7.6145 -6.61454 -5.61452 -4.61456 -3.61456 
-2.61457 -1.61458 -0.614719 0.430274 1.45269 2.45264 3.45257 4.45258 5.45251 
6.45251 7.45248 8.45245 9.45238 10.4523 11.4521 12.4521 13.4519 14.4518 
15.4518 16.4518 17.4518 18.4518 19.4518 20.4517 21.4517 22.4517 23.4516 
24.4515 25.4513 26.451 27.4506 28.4502 29.4494 30.4493 31.4433 32.442 
33.442 34.442 35.4419 36.4419 37.4418 38.4417 39.4417 40.4417 41.4417 
42.4417 43.4416 44.4415 45.4413 -46.1686 -45.5686 -44.5686 -43.5687 -42.5687 
-41.5687 -40.5688 -39.5687 -38.5688 -37.5688 -36.5688 -35.5688 -34.5689 -33.5692 
-32.5699 -31.5701 -30.5703 -29.5704 -28.5704 -27.5707 -26.5707 -25.5711 -24.5716 
-23.5722 -22.5726 -21.573 -20.5732 -19.5732 -18.5732 -17.5732 -16.5733 -15.5734 
-14.5734 -13.5735 -12.5735 -11.5735 -10.5735 -9.57347 -8.57348 -7.57346 -6.57349 
-5.57348 -4.5735 -3.57349 -2.57349 -1.57354 -0.573707 0.513096 1.31278 2.31275 
3.31253 4.31252 5.31238 6.31235 7.31234 8.31236 9.31233 10.312 11.3117 
12.3116 13.3115 14.3114 15.3113 16.3114 17.3113 18.3113 19.3113 20.3113 
21.3113 22.3112 23.3112 24.3111 25.3109 26.3104 27.31 28.3096 29.3084 
30.3081 31.2999 32.2995 33.2995 34.2995 35.2994 36.2994 37.2993 38.2993 
39.2992 40.2993 41.2992 42.2993 43.2992 44.2991 45.2989 -47.3794 -46.5794 
-45.5794 -44.5795 -43.5794 -42.5795 -41.5795 -40.5795 -39.5795 -38.5795 -37.5795 
-36.5795 -35.5795 -34.5796 -33.5797 -32.5799 -31.6083 -30.6096 -29.6097 -28.6097 
-27.6098 -26.61 -25.6101 -24.6103 -23.6106 -22.6111 -21.6115 -20.6118 -19.6118 
-18.6118 -17.6118 -16.6119 -15.6119 -14.612 -13.612 -12.612 -11.612 -10.612 
-9.61203 -8.61205 -7.61207 -6.61207 -5.61208 -4.6121 -3.61212 -2.61212 -1.61213 
-0.612309 0.386483 1.38635 2.38625 3.38622 4.38624 5.38622 6.3862 7.38619 
8.38618 9.38615 10.3861 11.386 12.386 13.3859 14.3855 15.3854 16.3853 
17.3853 18.3853 19.3852 20.3852 21.3852 22.3851 23.3851 24.385 25.3847 
26.3846 27.3844 28.3842 29.3837 30.3831 31.3826 32.3806 33.3802 34.3802 
35.3802 36.3801 37.3801 38.3801 39.3801 40.38 41.3801 42.38 43.3798 
44.3796 45.1796 -47.5906 -46.5906 -45.5906 -44.5907 -43.5907 -42.5907 -41.5907 
-40.5907 -39.5907 -38.5907 -37.5907 -36.5907 -35.5907 -34.5908 -33.5909 -32.5969 
-31.5995 -30.5995 -29.5995 -28.5995 -27.5997 -26.5999 -25.6002 -24.6006 -23.6013 
-22.6021 -21.6026 -20.6028 -19.6029 -18.6029 -17.6029 -16.6029 -15.603 -14.6031 
-13.6031 -12.6032 -11.6031 -10.6032 -9.60317 -8.6032 -7.60322 -6.60324 -5.60326 
-4.60324 -3.60327 -2.60327 -1.60332 -0.603443 0.813613 1.41354 2.41341 3.41325 
4.41323 5.4132 6.41316 7.41314 8.41315 9.41312 10.4131 11.413 12.4126 
13.4123 14.4122 15.4121 16.4121 17.4121 18.4121 19.412 20.412 21.412 
22.412 23.4119 24.4118 25.4115 26.4115 27.4112 28.411 29.4104 30.4102 
31.4094 32.4084 33.4082 34.4082 35.4081 36.4081 37.4081 38.408 39.408 
40.408 41.408 42.408 43.4078 44.4075 45.4075 -46.1961 -45.5961 -44.5961 
-43.5962 -42.5962 -41.5963 -40.5963 -39.5963 -38.5963 -37.5963 -36.5963 -35.5963 
-34.5964 -33.5964 -32.6005 -31.6005 -30.6006 -29.6007 -28.6008 -27.6011 -26.6014 
-25.6017 -24.6021 -23.6024 -22.6028 -21.6032 -20.6035 -19.6035 -18.6035 -17.6035 
-16.6036 -15.6036 -14.6037 -13.6037 -12.6037 -11.6037 -10.6037 -9.60372 -8.60373 
-7.60372 -6.60374 -5.60375 -4.60374 -3.60376 -2.60376 -1.60381 -0.603992 0.401888 
1.40153 2.40141 3.40132 4.40127 5.40126 6.40123 7.40122 8.40117 9.40105 
10.4011 11.4008 12.4006 13.4004 14.4004 15.4003 16.4004 17.4003 18.4004 
19.4003 20.4003 21.4003 22.4003 23.4002 24.4002 25.3999 26.3997 27.3991 
28.3989 29.3968 30.3962 31.3912 32.3885 33.3885 34.3884 35.3884 36.3884 
37.3883 38.3882 39.3881 40.3881 41.388 42.3879 43.3878 44.3878 45.1876 
-45.5162 -44.7162 -43.7162 -42.7162 -41.7162 -40.7162 -39.7162 -38.7162 -37.7163 
-36.7162 -35.7163 -34.7164 -33.7199 -32.7271 -31.7271 -30.7272 -29.7272 -28.7273 
-27.7275 -26.7276 -25.7279 -24.7285 -23.729 -22.7295 -21.7301 -20.7303 -19.7303 
-18.7303 -17.7303 -16.7304 -15.7305 -14.7306 -13.7306 -12.7307 -11.7307 -10.7306 
-9.73066 -8.73066 -7.73067 -6.7307 -5.7307 -4.7307 -3.73071 -2.73071 -1.73076 
-0.730936 0.593259 1.39279 2.39268 3.3926 4.39258 5.39256 6.39254 7.39255 
8.39256 9.39251 10.3924 11.3924 12.3923 13.3921 14.3921 15.392 16.392 
17.3919 18.3919 19.3919 20.3919 21.3918 22.3918 23.3917 24.3916 25.3913 
26.391 27.3907 28.3906 29.3901 30.3899 31.3888 32.3876 33.3873 34.3873 
35.3873 36.3872 37.3872 38.3871 39.3871 40.3871 41.3871 42.3871 43.387 
44.3868 45.3867 -47.4041 -46.6041 -45.6041 -44.6041 -43.6041 -42.6042 -41.6042 
-40.6042 -39.6042 -38.6042 -37.6041 -36.6042 -35.6042 -34.6043 -33.6044 -32.6048 
-31.6049 -30.6049 -29.605 -28.6051 -27.6052 -26.6053 -25.6055 -24.6058 -23.6067 
-22.6073 -21.6075 -20.6077 -19.6077 -18.6077 -17.6078 -16.6078 -15.6079 -14.608 
-13.608 -12.608 -11.608 -10.608 -9.60805 -8.60805 -7.60806 -6.6081 -5.6081 
-4.60812 -3.60812 -2.60813 -1.60818 -0.608378 0.823561 1.42348 2.42333 3.42326 
4.42321 5.42314 6.42311 7.42311 8.42309 9.42307 10.423 11.4228 12.4228 
13.4226 14.4225 15.4225 16.4225 17.4225 18.4224 19.4224 20.4224 21.4224 
22.4223 23.4223 24.4222 25.4219 26.4217 27.4214 28.4212 29.4206 30.4203 
31.4189 32.4165 33.4164 34.4163 35.4163 36.4162 37.4162 38.4161 39.4161 
40.4161 41.4161 42.4161 43.416 44.4157 45.4156 -47.3274 -46.7274 -45.7274 
-44.7274 -43.7274 -42.7275 -41.7274 -40.7275 -39.7275 -38.7275 -37.7275 -36.7275 
-35.7275 -34.7276 -33.7277 -32.7278 -31.7279 -30.7279 -29.7279 -28.728 -27.728 
-26.7281 -25.7282 -24.7285 -23.7289 -22.7294 -21.73 -20.7303 -19.7303 -18.7303 
-17.7303 -16.7304 -15.7304 -14.7306 -13.7306 -12.7306 -11.7307 -10.7307 -9.73068 
-8.73071 -7.7307 -6.73076 -5.73076 -4.73077 -3.73078 -2.73078 -1.73079 -0.730984 
0.174119 1.27926 2.27908 3.27904 4.27904 5.27903 6.27901 7.27894 8.27894 
9.27884 10.2788 11.2788 12.2787 13.2784 14.2782 15.278 16.278 17.278 
18.2779 19.2779 20.2778 21.2779 22.2778 23.2777 24.2777 25.2774 26.2772 
27.2769 28.2766 29.2765 30.2763 31.2759 32.2748 33.2731 34.273 35.2729 
36.2729 37.2728 38.2728 39.2728 40.2728 41.2728 42.2728 43.2726 44.2726 
45.2725 -46.6834 -45.6834 -44.6835 -43.6835 -42.6835 -41.6835 -40.6835 -39.6835 
-38.6835 -37.6835 -36.6836 -35.6836 -34.6837 -33.6838 -32.6839 -31.5341 -30.5569 
-29.557 -28.557 -27.5571 -26.5572 -25.5573 -24.5576 -23.5581 -22.5583 -21.5586 
-20.5589 -19.5589 -18.5589 -17.5589 -16.559 -15.559 -14.5591 -13.5591 -12.5592 
-11.5592 -10.5592 -9.55921 -8.55921 -7.55922 -6.55924 -5.55922 -4.55925 -3.55926 
-2.55926 -1.55929 -0.559527 0.589913 1.38971 2.38959 3.38953 4.3895 5.38945 
6.38945 7.38946 8.38943 9.38942 10.3892 11.3889 12.3888 13.3885 14.3884 
15.3884 16.3884 17.3884 18.3884 19.3883 20.3883 21.3883 22.3883 23.3883 
24.3881 25.3879 26.3878 27.3875 28.3871 29.3866 30.3862 31.3843 32.3826 
33.3825 34.3825 35.3824 36.3824 37.3824 38.3823 39.3823 40.3823 41.3822 
42.3823 43.3822 44.3821 45.3819 -47.661 -46.661 -45.6611 -44.6611 -43.6611 
-42.6611 -41.6611 -40.6611 -39.6611 -38.6611 -37.6611 -36.6611 -35.6612 -34.6612 
-33.6614 -32.6614 -31.6615 -30.6615 -29.6615 -28.6616 -27.6617 -26.6617 -25.662 
-24.6625 -23.663 -22.6639 -21.6643 -20.6644 -19.6644 -18.6644 -17.6645 -16.6646 
-15.6647 -14.6648 -13.6648 -12.6648 -11.6649 -10.6648 -9.66485 -8.66485 -7.6649 
-6.66492 -5.66491 -4.66493 -3.66493 -2.66495 -1.66502 -0.865374 0.598341 1.39807 
2.39773 3.3976 4.39726 5.39727 6.39723 7.39721 8.39723 9.39716 10.3971 
11.3965 12.3962 13.3961 14.396 15.396 16.396 17.396 18.396 19.3959 
20.3959 21.3959 22.3959 23.3958 24.3958 25.3957 26.3954 27.3949 28.3945 
29.3937 30.3923 31.3922 32.3908 33.3908 34.3908 35.3908 36.3907 37.3907 
38.3906 39.3905 40.3905 41.3905 42.3905 43.3903 44.3903 45.3902 -45.3602 
-44.5602 -43.5602 -42.5603 -41.5603 -40.5604 -39.5604 -38.5604 -37.5604 -36.5604 
-35.5604 -34.5604 -33.5605 -32.5605 -31.5613 -30.5613 -29.5614 -28.5615 -27.5617 
-26.5618 -25.5622 -24.5626 -23.563 -22.5633 -21.5634 -20.5636 -19.5636 -18.5636 
-17.5637 -16.5637 -15.5638 -14.5638 -13.5638 -12.5638 -11.5638 -10.5638 -9.5638 
-8.5638 -7.56381 -6.56381 -5.56384 -4.56383 -3.56385 -2.56383 -1.56386 -0.564031 
0.288873 1.28867 2.2884 3.28836 4.28833 5.28828 6.28825 7.28819 8.28813 
9.28801 10.2879 11.2876 12.2874 13.2873 14.2873 15.2873 16.2873 17.2872 
18.2872 19.2872 20.2872 21.2872 22.2872 23.2871 24.2871 25.2868 26.2864 
27.2861 28.2857 29.2845 30.2842 31.2838 32.2836 33.2835 34.2835 35.2835 
36.2835 37.2834 38.2833 39.2833 40.2833 41.2833 42.2832 43.2832 44.2831 
45.083 -46.7089 -45.709 -44.709 -43.709 -42.709 -41.709 -40.709 -39.709 
-38.709 -37.709 -36.709 -35.709 -34.7091 -33.7093 -32.7095 -31.717 -30.7206 
-29.7206 -28.7206 -27.7207 -26.7207 -25.7209 -24.721 -23.7214 -22.7221 -21.7225 
-20.7227 -19.7227 -18.7227 -17.7228 -16.7228 -15.7228 -14.7229 -13.723 -12.723 
-11.723 -10.723 -9.72304 -8.72306 -7.72309 -6.72312 -5.72313 -4.72314 -3.72316 
-2.72316 -1.72318 -0.7234 0.18552 1.29436 2.29421 3.29419 4.29417 5.2941 
6.2941 7.29411 8.29406 9.29405 10.2939 11.2939 12.2931 13.293 14.293 
15.2929 16.2929 17.2929 18.2928 19.2928 20.2928 21.2928 22.2927 23.2926 
24.2926 25.2924 26.2923 27.2919 28.2919 29.2912 30.291 31.2897 32.2885 
33.2884 34.2884 35.2883 36.2883 37.2882 38.2882 39.2882 40.2882 41.2882 
42.2882 43.2879 44.2878 45.2878 -45.5275 -44.7274 -43.7275 -42.7275 -41.7275 
-40.7275 -39.7275 -38.7275 -37.7275 -36.7275 -35.7275 -34.7276 -33.7277 -32.7279 
-31.7281 -30.7282 -29.7282 -28.7283 -27.7284 -26.7285 -25.7289 -24.7294 -23.73 
-22.7306 -21.7311 -20.7315 -19.7315 -18.7314 -17.7315 -16.7315 -15.7316 -14.7317 
-13.7318 -12.7318 -11.7318 -10.7318 -9.73179 -8.73179 -7.73179 -6.73183 -5.73183 
-4.73183 -3.73183 -2.73184 -1.73186 -0.731877 0.302704 1.33698 2.33681 3.3367 
4.3367 5.33666 6.33665 7.33667 8.33668 9.33665 10.3366 11.3366 12.3366 
13.3363 14.3362 15.3361 16.3361 17.336 18.336 19.336 20.336 21.3359 
22.3359 23.3358 24.3357 25.3356 26.3352 27.3349 28.3348 29.3344 30.3338 
31.3328 32.3322 33.3319 34.3319 35.3319 36.3318 37.3318 38.3318 39.3317 
40.3317 41.3317 42.3317 43.3316 44.3315 45.3314 -47.3986 -46.5987 -45.5986 
-44.5986 -43.5986 -42.5986 -41.5986 -40.5987 -39.5986 -38.5986 -37.5987 -36.5987 
-35.5987 -34.5988 -33.5988 -32.6007 -31.6025 -30.6025 -29.6026 -28.6026 -27.6027 
-26.6028 -25.6031 -24.6034 -23.604 -22.6048 -21.605 -20.6052 -19.6052 -18.6053 
-17.6053 -16.6053 -15.6053 -14.6055 -13.6055 -12.6055 -11.6055 -10.6056 -9.60555 
-8.60554 -7.60558 -6.60561 -5.60559 -4.60561 -3.60563 -2.60561 -1.60568 -0.605823 
-0.00592837 1.32905 2.3288 3.32881 4.32865 5.32864 6.3286 7.32859 8.32856 
9.32854 10.3285 11.3277 12.3273 13.327 14.327 15.3269 16.3269 17.3269 
18.3269 19.3269 20.3268 21.3268 22.3268 23.3268 24.3267 25.3266 26.3265 
27.3261 28.3256 29.3247 30.3227 31.3225 32.3185 33.3182 34.3182 35.3182 
36.3182 37.3181 38.3181 39.318 40.3179 41.3179 42.3179 43.3178 44.3178 
45.3177 -45.6543 -44.6543 -43.6544 -42.6544 -41.6543 -40.6544 -39.6543 -38.6544 
-37.6544 -36.6544 -35.6544 -34.6546 -33.6572 -32.6599 -31.66 -30.66 -29.6601 
-28.6602 -27.6604 -26.6606 -25.6611 -24.6615 -23.662 -22.6621 -21.6625 -20.6626 
-19.6626 -18.6627 -17.6627 -16.6628 -15.6628 -14.6629 -13.663 -12.663 -11.663 
-10.663 -9.66297 -8.66298 -7.66299 -6.66302 -5.66301 -4.66303 -3.66302 -2.66304 
-1.66308 -0.863189 0.819065 1.41872 2.41871 3.41852 4.41846 5.41842 6.41842 
7.41841 8.41838 9.41834 10.4182 11.4178 12.4177 13.4174 14.4173 15.4173 
16.4173 17.4172 18.4173 19.4173 20.4172 21.4172 22.4172 23.4172 24.4171 
25.417 26.4166 27.4162 28.416 29.4154 30.4153 31.4107 32.4044 33.4043 
34.4043 35.4043 36.4042 37.4042 38.4041 39.404 40.404 41.404 42.404 
43.404 44.4039 45.4038 -47.4629 -46.6629 -45.6628 -44.6629 -43.6629 -42.6629 
-41.6629 -40.6629 -39.6629 -38.6629 -37.6629 -36.6629 -35.663 -34.6631 -33.6631 
-32.6632 -31.6632 -30.6633 -29.6634 -28.6634 -27.6635 -26.6636 -25.6636 -24.6639 
-23.6644 -22.6649 -21.6654 -20.6657 -19.6657 -18.6657 -17.6657 -16.6658 -15.6658 
-14.6659 -13.666 -12.666 -11.666 -10.666 -9.66604 -8.66604 -7.66608 -6.6661 
-5.66611 -4.66611 -3.66612 -2.66613 -1.66617 -0.666359 0.523543 1.32339 2.32323 
3.32318 4.32317 5.32318 6.32317 7.32316 8.32316 9.32311 10.3231 11.3231 
12.323 13.3229 14.3228 15.3227 16.3226 17.3226 18.3226 19.3225 20.3225 
21.3225 22.3224 23.3224 24.3222 25.3221 26.3218 27.3216 28.3215 29.3209 
30.3203 31.3196 32.3185 33.3177 34.3177 35.3176 36.3176 37.3175 38.3176 
39.3175 40.3175 41.3175 42.3175 43.3174 44.3171 45.3171 -45.5191 -44.7192 
-43.7192 -42.7192 -41.7193 -40.7192 -39.7193 -38.7193 -37.7193 -36.7193 -35.7193 
-34.7194 -33.7197 -32.7199 -31.7199 -30.72 -29.7201 -28.7202 -27.7204 -26.7206 
-25.7209 -24.7213 -23.7217 -22.7222 -21.7226 -20.7229 -19.7229 -18.7228 -17.7229 
-16.7229 -15.723 -14.723 -13.723 -12.723 -11.7231 -10.723 -9.72305 -8.72305 
-7.72307 -6.72309 -5.72308 -4.72311 -3.7231 -2.72311 -1.72312 -0.72322 0.334748 
1.33445 2.3344 3.33429 4.33427 5.33424 6.33426 7.33417 8.33414 9.33411 
10.3339 11.334 12.3338 13.3336 14.3335 15.3334 16.3334 17.3334 18.3334 
19.3333 20.3333 21.3333 22.3332 23.3331 24.3329 25.3326 26.3321 27.3319 
28.3317 29.3313 30.3306 31.33 32.3289 33.3288 34.3287 35.3287 36.3286 
37.3286 38.3286 39.3285 40.3286 41.3285 42.3285 43.3284 44.3282 45.1281 
-43.6913 -42.6912 -41.6913 -40.6913 -39.6913 -38.6913 -37.6914 -36.6913 -35.6914 
-34.6915 -33.6918 -32.6923 -31.6927 -30.7265 -29.7266 -28.7266 -27.7267 -26.7267 
-25.7268 -24.7268 -23.7271 -22.7277 -21.7281 -20.7285 -19.7286 -18.7286 -17.7286 
-16.7286 -15.7286 -14.7287 -13.7288 -12.7289 -11.7289 -10.7289 -9.72888 -8.72889 
-7.72891 -6.72894 -5.72895 -4.72895 -3.72897 -2.72896 -1.72901 -0.729052 0.26389 
1.46001 2.45994 3.45982 4.45978 5.45964 6.45961 7.45961 8.45957 9.45955 
10.4594 11.459 12.4591 13.4589 14.4589 15.4588 16.4588 17.4588 18.4588 
19.4588 20.4588 21.4588 22.4588 23.4587 24.4586 25.4585 26.4582 27.458 
28.4577 29.456 30.4556 31.4471 32.4411 33.4411 34.4411 35.4411 36.441 
37.441 38.4409 39.4409 40.4408 41.4408 42.4408 43.4407 44.4406 45.4406 
-47.631 -46.631 -45.631 -44.6311 -43.6311 -42.6311 -41.6311 -40.6311 -39.6311 
-38.6311 -37.6311 -36.6311 -35.6311 -34.6312 -33.6314 -32.6326 -31.6326 -30.6327 
-29.6327 -28.6329 -27.633 -26.6331 -25.6334 -24.6338 -23.6346 -22.6353 -21.6353 
-20.6354 -19.6354 -18.6354 -17.6354 -16.6355 -15.6356 -14.6357 -13.6357 -12.6357 
-11.6357 -10.6357 -9.63569 -8.63572 -7.63574 -6.63575 -5.63575 -4.63576 -3.63578 
-2.63579 -1.63587 -0.836124 0.365318 1.36519 2.36509 3.36505 4.36499 5.36495 
6.36492 7.36482 8.36482 9.36476 10.3647 11.3647 12.3641 13.3639 14.3638 
15.3638 16.3638 17.3637 18.3637 19.3637 20.3637 21.3636 22.3636 23.3636 
24.3635 25.3633 26.3631 27.3628 28.3626 29.3619 30.3617 31.3607 32.36 
33.3599 34.3599 35.3599 36.3598 37.3598 38.3597 39.3597 40.3597 41.3597 
42.3597 43.3594 44.3591 45.359 -45.6924 -44.6924 -43.6924 -42.6925 -41.6925 
-40.6925 -39.6925 -38.6925 -37.6925 -36.6925 -35.6926 -34.6926 -33.6937 -32.6952 
-31.6955 -30.6956 -29.6957 -28.6958 -27.696 -26.6962 -25.6965 -24.6972 -23.6977 
-22.6981 -21.6986 -20.6988 -19.6988 -18.6988 -17.6988 -16.6989 -15.6989 -14.699 
-13.699 -12.699 -11.699 -10.699 -9.69902 -8.69903 -7.69901 -6.69904 -5.69904 
-4.69904 -3.69906 -2.69905 -1.69908 -0.699211 0.518081 1.31808 2.31806 3.31801 
4.31797 5.3179 6.31788 7.31789 8.31783 9.31785 10.3178 11.3178 12.3178 
13.3177 14.3176 15.3176 16.3176 17.3176 18.3175 19.3175 20.3175 21.3175 
22.3174 23.3173 24.3172 25.3169 26.3163 27.3159 28.3156 29.3149 30.3148 
31.3115 32.311 33.311 34.311 35.3109 36.3109 37.3108 38.3108 39.3107 
40.3107 41.3108 42.3107 43.3106 44.3103 45.3102 -43.4226 -42.6227 -41.6227 
-40.6227 -39.6227 -38.6227 -37.6227 -36.6228 -35.6228 -34.6229 -33.6232 -32.6234 
-31.6252 -30.6286 -29.6299 -28.63 -27.63 -26.63 -25.6301 -24.6301 -23.6305 
-22.6313 -21.6318 -20.6321 -19.6322 -18.6321 -17.6321 -16.6322 -15.6322 -14.6322 
-13.6323 -12.6324 -11.6324 -10.6324 -9.63245 -8.63248 -7.63249 -6.63253 -5.63254 
-4.63254 -3.63257 -2.63257 -1.63261 -0.632776 0.318718 1.29433 2.29426 3.29428 
4.29425 5.29423 6.29422 7.29421 8.29421 9.2942 10.2942 11.2942 12.294 
13.2914 14.2908 15.2907 16.2907 17.2907 18.2907 19.2906 20.2906 21.2906 
22.2905 23.2905 24.2904 25.2902 26.2901 27.29 28.2897 29.2893 30.2889 
31.2885 32.288 33.2874 34.2874 35.2874 36.2874 37.2873 38.2873 39.2873 
40.2873 41.2872 42.2871 43.2869 44.2866 45.2864 -45.5239 -44.7239 -43.7239 
-42.7239 -41.7239 -40.7239 -39.7239 -38.7239 -37.7239 -36.7239 -35.7239 -34.724 
-33.7244 -32.7247 -31.725 -30.725 -29.7251 -28.7252 -27.7254 -26.7257 -25.7258 
-24.7262 -23.7266 -22.7269 -21.7275 -20.7277 -19.7277 -18.7277 -17.7277 -16.7278 
-15.7279 -14.7279 -13.728 -12.728 -11.728 -10.728 -9.728 -8.728 -7.72801 
-6.72805 -5.72805 -4.72804 -3.72805 -2.72806 -1.72809 -0.728193 0.572872 1.3728 
2.37242 3.37224 4.37125 5.37122 6.37114 7.37111 8.37105 9.37098 10.3709 
11.3706 12.3702 13.3701 14.3701 15.37 16.37 17.37 18.37 19.37 
20.37 21.37 22.37 23.3699 24.3699 25.3698 26.3697 27.3694 28.3689 
29.3679 30.3661 31.3658 32.3559 33.3548 34.3546 35.3546 36.3546 37.3546 
38.3545 39.3544 40.3543 41.3542 42.354 43.354 44.3533 45.3532 46.3531 
-43.7239 -42.7239 -41.7239 -40.724 -39.724 -38.724 -37.724 -36.7241 -35.7241 
-34.7242 -33.7244 -32.7248 -31.7254 -30.7788 -29.6609 -28.6609 -27.661 -26.661 
-25.661 -24.6611 -23.6615 -22.6626 -21.6634 -20.6637 -19.6637 -18.6637 -17.6637 
-16.6637 -15.6638 -14.6638 -13.6639 -12.664 -11.664 -10.664 -9.66406 -8.66405 
-7.66408 -6.66408 -5.6641 -4.66411 -3.66411 -2.66413 -1.66416 -0.664183 0.263336 
1.42696 2.42687 3.42685 4.42684 5.42681 6.4268 7.42682 8.42682 9.42682 
10.4267 11.4267 12.4262 13.4225 14.4219 15.4218 16.4218 17.4218 18.4217 
19.4217 20.4217 21.4217 22.4216 23.4215 24.4215 25.4213 26.421 27.4209 
28.4206 29.4203 30.42 31.4196 32.4193 33.4191 34.419 35.4189 36.4189 
37.4188 38.4188 39.4188 40.4188 41.4187 42.4186 43.4184 44.4183 45.4183 
-45.5514 -44.5514 -43.5515 -42.5515 -41.5515 -40.5515 -39.5515 -38.5515 -37.5515 
-36.5515 -35.5516 -34.5517 -33.5519 -32.5519 -31.552 -30.552 -29.5522 -28.5522 
-27.5524 -26.5528 -25.5533 -24.5538 -23.5545 -22.5547 -21.555 -20.5552 -19.5552 
-18.5552 -17.5552 -16.5553 -15.5553 -14.5554 -13.5554 -12.5554 -11.5554 -10.5554 
-9.55542 -8.55543 -7.55543 -6.55546 -5.55547 -4.55548 -3.55549 -2.55548 -1.55554 
-0.555708 0.519219 1.31876 2.31865 3.31855 4.31851 5.31849 6.3185 7.31833 
8.31825 9.31823 10.3182 11.3182 12.3181 13.318 14.3179 15.3179 16.3179 
17.3179 18.3178 19.3178 20.3178 21.3177 22.3177 23.3176 24.3175 25.3172 
26.317 27.3166 28.3165 29.3162 30.3153 31.3141 32.3134 33.3133 34.3132 
35.3132 36.3132 37.3131 38.3132 39.3131 40.3131 41.3131 42.3131 43.313 
44.3128 45.1128 -43.4489 -42.6489 -41.649 -40.649 -39.649 -38.649 -37.6491 
-36.6491 -35.6491 -34.6492 -33.6494 -32.6499 -31.6501 -30.6567 -29.6572 -28.6573 
-27.6572 -26.6573 -25.6573 -24.6574 -23.6576 -22.6585 -21.6593 -20.6596 -19.6597 
-18.6597 -17.6597 -16.6598 -15.6598 -14.6598 -13.6599 -12.66 -11.66 -10.66 
-9.65998 -8.65999 -7.66002 -6.66005 -5.66005 -4.66007 -3.66009 -2.66009 -1.66012 
-0.660194 0.455211 1.45503 2.45505 3.45504 4.45504 5.45504 6.45497 7.455 
8.45496 9.45499 10.455 11.4549 12.4547 13.4523 14.4518 15.4517 16.4517 
17.4516 18.4516 19.4515 20.4515 21.4515 22.4515 23.4515 24.4513 25.4512 
26.451 27.4508 28.4506 29.4505 30.4502 31.4498 32.4495 33.4492 34.4492 
35.4491 36.4491 37.449 38.449 39.449 40.449 41.449 42.4489 43.4484 
44.4482 45.4482 -45.4174 -44.6173 -43.6174 -42.6174 -41.6175 -40.6176 -39.6175 
-38.6176 -37.6176 -36.6176 -35.6177 -34.6177 -33.6177 -32.6211 -31.6271 -30.6272 
-29.6273 -28.6274 -27.6275 -26.6277 -25.628 -24.6284 -23.629 -22.6294 -21.6294 
-20.6296 -19.6297 -18.6297 -17.6297 -16.6298 -15.6299 -14.6299 -13.6299 -12.6299 
-11.6299 -10.6299 -9.62994 -8.62993 -7.62995 -6.62996 -5.62996 -4.62997 -3.62997 
-2.62998 -1.62998 -0.630132 0.444247 1.44372 2.44352 3.44336 4.44326 5.44323 
6.44325 7.44324 8.44322 9.44315 10.4432 11.443 12.443 13.4429 14.4428 
15.4428 16.4428 17.4428 18.4427 19.4427 20.4427 21.4427 22.4426 23.4426 
24.4424 25.4418 26.4403 27.4399 28.4397 29.4392 30.4383 31.4368 32.434 
33.4329 34.4328 35.4327 36.4327 37.4327 38.4326 39.4325 40.4325 41.4326 
42.4326 43.4325 44.4322 45.432 -46.2654 -45.6654 -44.6654 -43.6654 -42.6655 
-41.6656 -40.6656 -39.6655 -38.6656 -37.6656 -36.6655 -35.6656 -34.6657 -33.6658 
-32.6663 -31.6665 -30.6753 -29.6754 -28.6754 -27.6754 -26.6755 -25.6755 -24.6756 
-23.6761 -22.6766 -21.6774 -20.6776 -19.6776 -18.6776 -17.6777 -16.6777 -15.6778 
-14.6779 -13.6779 -12.678 -11.678 -10.678 -9.67802 -8.67805 -7.67807 -6.67809 
-5.67808 -4.67811 -3.67812 -2.67813 -1.67814 -0.678165 0.389332 1.38904 2.38885 
3.38885 4.38878 5.3888 6.38876 7.38877 8.38876 9.38872 10.3887 11.3887 
12.3887 13.3883 14.3882 15.3882 16.3882 17.3881 18.3881 19.3881 20.3881 
21.388 22.388 23.3879 24.3878 25.3875 26.3873 27.3871 28.3869 29.3867 
30.3863 31.3858 32.3843 33.3841 34.384 35.384 36.3839 37.3839 38.3839 
39.3839 40.3839 41.3839 42.3838 43.3837 44.3834 45.1834 -44.2739 -43.674 
-42.674 -41.674 -40.674 -39.674 -38.674 -37.674 -36.6741 -35.6741 -34.6743 
-33.6744 -32.6748 -31.6757 -30.6881 -29.6881 -28.6882 -27.6882 -26.6882 -25.6883 
-24.6883 -23.6886 -22.6895 -21.6901 -20.6904 -19.6905 -18.6905 -17.6905 -16.6905 
-15.6905 -14.6906 -13.6907 -12.6908 -11.6908 -10.6908 -9.69083 -8.69083 -7.69086 
-6.69089 -5.69091 -4.69092 -3.69094 -2.69093 -1.69097 -0.691049 0.456693 1.45651 
2.45649 3.45647 4.45643 5.45639 6.45642 7.45641 8.45638 9.45635 10.4563 
11.4562 12.456 13.4554 14.4551 15.455 16.455 17.455 18.4549 19.4549 
20.4549 21.4548 22.4548 23.4548 24.4547 25.4546 26.4543 27.4542 28.4542 
29.4538 30.4536 31.4529 32.4523 33.4521 34.4521 35.452 36.4519 37.4519 
38.4518 39.4519 40.4518 41.4519 42.4516 43.4514 44.4512 45.4511 -46.6237 
-45.6238 -44.6238 -43.6238 -42.6238 -41.6239 -40.6239 -39.6239 -38.6239 -37.6238 
-36.6239 -35.6239 -34.624 -33.6241 -32.6243 -31.6305 -30.6363 -29.6364 -28.6364 
-27.6365 -26.6364 -25.6365 -24.6367 -23.637 -22.6381 -21.6393 -20.6396 -19.6396 
-18.6396 -17.6396 -16.6396 -15.6397 -14.6398 -13.6399 -12.6399 -11.6399 -10.6399 
-9.63993 -8.63993 -7.63996 -6.63998 -5.63995 -4.63998 -3.63997 -2.63999 -1.64002 
-0.640077 0.597331 1.39687 2.39667 3.39636 4.39561 5.39531 6.39524 7.39521 
8.3952 9.39515 10.3951 11.395 12.3947 13.3945 14.3944 15.3944 16.3944 
17.3944 18.3943 19.3944 20.3944 21.3943 22.3943 23.3943 24.3942 25.3942 
26.394 27.3938 28.3935 29.3925 30.3893 31.3889 32.3842 33.3814 34.3813 
35.3813 36.3813 37.3812 38.3812 39.3811 40.3809 41.3809 42.3808 43.3806 
44.3803 45.3801 46.18 -45.7131 -44.7131 -43.7131 -42.7131 -41.7131 -40.7132 
-39.7132 -38.7132 -37.7132 -36.7132 -35.7132 -34.7133 -33.7136 -32.7138 -31.7138 
-30.714 -29.7141 -28.7142 -27.7144 -26.7146 -25.715 -24.7154 -23.7162 -22.7166 
-21.7171 -20.7173 -19.7173 -18.7173 -17.7174 -16.7174 -15.7174 -14.7175 -13.7175 
-12.7175 -11.7175 -10.7175 -9.71756 -8.71755 -7.71756 -6.71756 -5.71755 -4.71757 
-3.71756 -2.71757 -1.71759 -0.717724 0.452813 1.45239 2.45228 3.45224 4.4522 
5.45214 6.45214 7.45212 8.452 9.45185 10.4516 11.4514 12.4511 13.4511 
14.4511 15.4511 16.4511 17.4511 18.451 19.451 20.451 21.451 22.451 
23.4509 24.4509 25.4507 26.4505 27.45 28.4497 29.4477 30.4472 31.4408 
32.4373 33.4373 34.4372 35.4372 36.4372 37.4371 38.437 39.4369 40.4369 
41.4368 42.4367 43.4366 44.4366 45.2364 -45.5234 -44.7234 -43.7235 -42.7235 
-41.7235 -40.7235 -39.7235 -38.7235 -37.7235 -36.7235 -35.7236 -34.7237 -33.7238 
-32.7239 -31.724 -30.724 -29.7241 -28.7242 -27.7243 -26.7245 -25.7249 -24.7255 
-23.7262 -22.7266 -21.7268 -20.7269 -19.7269 -18.727 -17.727 -16.727 -15.7271 
-14.7272 -13.7272 -12.7272 -11.7272 -10.7272 -9.72718 -8.7272 -7.72719 -6.72722 
-5.72721 -4.72723 -3.72723 -2.72723 -1.72726 -0.727358 0.234206 1.39576 2.39572 
3.3956 4.39558 5.39556 6.39555 7.3955 8.39546 9.39548 10.3954 11.3953 
12.3952 13.3949 14.3949 15.3948 16.3948 17.3948 18.3948 19.3947 20.3947 
21.3947 22.3946 23.3945 24.3944 25.394 26.3936 27.393 28.3929 29.3923 
30.3921 31.3904 32.3894 33.3894 34.3893 35.3892 36.3892 37.3891 38.3891 
39.3891 40.3891 41.3891 42.3891 43.3889 44.3886 45.3886 -43.4158 -42.6158 
-41.6158 -40.6158 -39.6159 -38.6159 -37.6159 -36.616 -35.616 -34.6161 -33.6163 
-32.6167 -31.617 -30.6347 -29.6434 -28.6435 -27.6435 -26.6435 -25.6436 -24.6436 
-23.6438 -22.6441 -21.6449 -20.6451 -19.6452 -18.6452 -17.6452 -16.6452 -15.6452 
-14.6453 -13.6453 -12.6454 -11.6454 -10.6454 -9.64544 -8.64546 -7.64547 -6.64549 
-5.64551 -4.64551 -3.64554 -2.64552 -1.64558 -0.645645 0.271946 1.27166 2.27157 
3.27155 4.27152 5.27147 6.27147 7.27139 8.27137 9.27137 10.2713 11.2713 
12.2704 13.27 14.2699 15.2699 16.2699 17.2699 18.2698 19.2698 20.2698 
21.2698 22.2698 23.2697 24.2696 25.2695 26.2693 27.269 28.269 29.2684 
30.2682 31.2679 32.2671 33.267 34.2669 35.2669 36.2669 37.2668 38.2667 
39.2668 40.2668 41.2667 42.2667 43.2664 44.4659 45.4658 -47.3829 -46.5829 
-45.5829 -44.5829 -43.583 -42.5829 -41.583 -40.583 -39.583 -38.583 -37.583 
-36.583 -35.583 -34.5831 -33.5833 -32.5836 -31.6021 -30.6021 -29.6021 -28.6022 
-27.6023 -26.6024 -25.6025 -24.6029 -23.6033 -22.6039 -21.6048 -20.605 -19.605 
-18.605 -17.605 -16.6051 -15.6051 -14.6053 -13.6053 -12.6053 -11.6053 -10.6053 
-9.60536 -8.60537 -7.60541 -6.60541 -5.60541 -4.60543 -3.60542 -2.60544 -1.60551 
-0.805563 0.330169 1.32967 2.32954 3.3291 4.32819 5.32816 6.32802 7.32801 
8.32796 9.32778 10.3277 11.3274 12.327 13.327 14.3269 15.3269 16.3269 
17.3269 18.3268 19.3268 20.3268 21.3268 22.3268 23.3268 24.3267 25.3266 
26.3265 27.3262 28.3257 29.3248 30.3228 31.3225 32.3138 33.3136 34.3135 
35.3134 36.3134 37.3133 38.3133 39.3132 40.313 41.3129 42.3125 43.3124 
44.3122 45.3121 46.3121 -47.2336 -46.6335 -45.6336 -44.6336 -43.6336 -42.6337 
-41.6337 -40.6337 -39.6337 -38.6337 -37.6336 -36.6337 -35.6337 -34.6338 -33.6339 
-32.634 -31.6453 -30.6478 -29.6478 -28.6479 -27.6481 -26.6481 -25.6483 -24.6485 
-23.6491 -22.6499 -21.6503 -20.6506 -19.6506 -18.6506 -17.6507 -16.6506 -15.6508 
-14.6508 -13.6509 -12.6509 -11.6509 -10.6509 -9.65095 -8.65096 -7.65097 -6.651 
-5.65099 -4.65101 -3.65101 -2.65104 -1.65105 -0.651295 0.495204 1.29488 2.29466 
3.29465 4.29457 5.2945 6.29445 7.29446 8.29445 9.29444 10.2944 11.2941 
12.294 13.2939 14.2939 15.2938 16.2938 17.2938 18.2938 19.2938 20.2938 
21.2938 22.2937 23.2937 24.2935 25.2934 26.2932 27.293 28.2926 29.2914 
30.291 31.289 32.2864 33.2863 34.2863 35.2863 36.2862 37.2862 38.2861 
39.2861 40.2861 41.2861 42.2861 43.286 44.2858 45.2856 -43.3427 -42.5427 
-41.5427 -40.5427 -39.5428 -38.5428 -37.5428 -36.5428 -35.5428 -34.5429 -33.5432 
-32.5437 -31.5442 -30.568 -29.5799 -28.5799 -27.58 -26.58 -25.58 -24.5801 
-23.5805 -22.5815 -21.5826 -20.5827 -19.5827 -18.5828 -17.5828 -16.5828 -15.5828 
-14.5829 -13.583 -12.583 -11.5831 -10.583 -9.58305 -8.58305 -7.58307 -6.5831 
-5.58311 -4.5831 -3.58314 -2.58313 -1.58317 -0.58323 0.340559 1.34027 2.34017 
3.34014 4.34011 5.34007 6.34008 7.34005 8.33998 9.33998 10.34 11.34 
12.3393 13.3391 14.3391 15.339 16.339 17.339 18.3389 19.3389 20.3389 
21.3389 22.3388 23.3387 24.3386 25.3385 26.3382 27.3382 28.3382 29.3376 
30.3374 31.3372 32.3365 33.3363 34.3363 35.3362 36.3362 37.3361 38.3361 
39.3361 40.3361 41.3361 42.336 43.3359 44.3355 45.3353 -45.6652 -44.6652 
-43.6653 -42.6654 -41.6654 -40.6654 -39.6654 -38.6654 -37.6654 -36.6655 -35.6655 
-34.6654 -33.6656 -32.6659 -31.6663 -30.6821 -29.6821 -28.6821 -27.6822 -26.6822 
-25.6822 -24.6823 -23.6826 -22.6836 -21.6843 -20.6843 -19.6844 -18.6844 -17.6845 
-16.6845 -15.6845 -14.6846 -13.6847 -12.6847 -11.6848 -10.6848 -9.68478 -8.68478 
-7.68481 -6.68482 -5.68483 -4.68483 -3.68484 -2.68486 -1.68488 -0.684952 0.373674 
1.40293 2.40278 3.40276 4.40276 5.40272 6.40273 7.40272 8.40269 9.40264 
10.4026 11.4025 12.4023 13.4021 14.402 15.402 16.402 17.402 18.402 
19.402 20.402 21.4019 22.4019 23.4018 24.4017 25.4016 26.4014 27.4011 
28.4009 29.4003 30.4002 31.3968 32.3967 33.3966 34.3966 35.3965 36.3965 
37.3964 38.3964 39.3964 40.3964 41.3964 42.3963 43.3961 44.396 45.3958 
-43.2252 -42.6252 -41.6252 -40.6252 -39.6253 -38.6253 -37.6253 -36.6253 -35.6254 
-34.6255 -33.6257 -32.626 -31.6268 -30.6664 -29.7058 -28.7058 -27.7058 -26.7059 
-25.7059 -24.706 -23.7062 -22.7069 -21.7073 -20.7075 -19.7075 -18.7075 -17.7075 
-16.7075 -15.7075 -14.7076 -13.7076 -12.7077 -11.7077 -10.7077 -9.7077 -8.70771 
-7.70776 -6.70775 -5.70778 -4.70777 -3.70781 -2.70782 -1.70782 -0.707838 0.260704 
1.44464 2.44454 3.44448 4.44445 5.4444 6.44437 7.44437 8.44434 9.44434 
10.4443 11.4443 12.4436 13.4434 14.4433 15.4433 16.4433 17.4433 18.4432 
19.4432 20.4432 21.4432 22.4432 23.4431 24.443 25.4427 26.4426 27.4423 
28.4422 29.4412 30.441 31.441 32.4408 33.4408 34.4408 35.4407 36.4407 
37.4406 38.4406 39.4405 40.4406 41.4405 42.4405 43.4404 44.4401 45.4399 
-46.3305 -45.7305 -44.7305 -43.7306 -42.7307 -41.7307 -40.7307 -39.7308 -38.7308 
-37.7308 -36.7308 -35.7308 -34.7308 -33.7311 -32.7313 -31.5421 -30.5582 -29.5582 
-28.5583 -27.5583 -26.5584 -25.5585 -24.5587 -23.5591 -22.5594 -21.5605 -20.5607 
-19.5607 -18.5607 -17.5607 -16.5607 -15.5608 -14.5608 -13.5609 -12.5609 -11.5609 
-10.5609 -9.56092 -8.56094 -7.56096 -6.56097 -5.56097 -4.56099 -3.56098 -2.56099 
-1.56105 -0.561214 0.399924 1.39968 2.39959 3.39956 4.39949 5.39946 6.39942 
7.3994 8.39937 9.39936 10.3992 11.3991 12.399 13.3989 14.3989 15.3988 
16.3989 17.3988 18.3988 19.3987 20.3988 21.3987 22.3987 23.3987 24.3986 
25.3983 26.3982 27.3978 28.3976 29.3971 30.3968 31.3936 32.3921 33.392 
34.392 35.3919 36.3919 37.3918 38.3918 39.3917 40.3918 41.3917 42.3918 
43.3916 44.3914 45.3913 -47.5057 -46.7057 -45.7057 -44.7058 -43.7058 -42.7058 
-41.7058 -40.7058 -39.7058 -38.7058 -37.7058 -36.7058 -35.7058 -34.706 -33.706 
-32.7066 -31.7069 -30.7069 -29.7069 -28.707 -27.7071 -26.7072 -25.7074 -24.7077 
-23.7085 -22.7092 -21.7097 -20.7097 -19.7097 -18.7097 -17.7097 -16.7098 -15.7099 
-14.71 -13.7101 -12.7101 -11.7101 -10.7101 -9.71007 -8.71011 -7.71013 -6.71016 
-5.71017 -4.71017 -3.71018 -2.7102 -1.71023 -0.710456 0.628154 1.42819 2.42812 
3.42811 4.42808 5.42806 6.42798 7.42793 8.42788 9.42785 10.4278 11.4278 
12.4277 13.4275 14.4272 15.4271 16.4271 17.427 18.427 19.427 20.427 
21.4269 22.4269 23.4268 24.4267 25.4265 26.4261 27.426 28.4257 29.4255 
30.4252 31.4243 32.4236 33.4233 34.4232 35.4232 36.4231 37.4231 38.4231 
39.4231 40.4231 41.4231 42.423 43.4229 44.4227 45.4227 -46.1633 -45.5633 
-44.5633 -43.5633 -42.5633 -41.5634 -40.5634 -39.5634 -38.5634 -37.5634 -36.5635 
-35.5635 -34.5635 -33.5636 -32.5712 -31.5712 -30.5713 -29.5713 -28.5714 -27.5717 
-26.5721 -25.5724 -24.5727 -23.5732 -22.5736 -21.5738 -20.5741 -19.5741 -18.5741 
-17.5741 -16.5742 -15.5742 -14.5743 -13.5743 -12.5743 -11.5743 -10.5743 -9.57433 
-8.57434 -7.57435 -6.57436 -5.57436 -4.57437 -3.57438 -2.57438 -1.5744 -0.57454 
0.484545 1.28414 2.28397 3.28384 4.28383 5.28372 6.28369 7.28368 8.28365 
9.28363 10.2836 11.2834 12.2833 13.2831 14.2831 15.2831 16.283 17.283 
18.283 19.2829 20.2829 21.2829 22.2828 23.2828 24.2827 25.2822 26.2816 
27.2815 28.2812 29.2809 30.2809 31.2771 32.2765 33.2764 34.2763 35.2763 
36.2762 37.2762 38.2762 39.2762 40.2761 41.2761 42.2761 43.276 44.2757 
45.2757 -44.6869 -43.6869 -42.6869 -41.687 -40.687 -39.6869 -38.687 -37.687 
-36.687 -35.687 -34.6871 -33.6873 -32.6878 -31.6881 -30.7073 -29.7169 -28.7169 
-27.7169 -26.7169 -25.7169 -24.7171 -23.7173 -22.7178 -21.7186 -20.7189 -19.719 
-18.719 -17.719 -16.719 -15.7191 -14.7191 -13.7192 -12.7192 -11.7192 -10.7192 
-9.71924 -8.71926 -7.71928 -6.71931 -5.7193 -4.71932 -3.71933 -2.71933 -1.71937 
-0.719413 0.274117 1.27412 2.27403 3.27334 4.27304 5.2727 6.27249 7.27246 
8.27236 9.27234 10.2723 11.2719 12.2715 13.2714 14.2713 15.2713 16.2712 
17.2712 18.2712 19.2713 20.2712 21.2712 22.2712 23.2712 24.2711 25.271 
26.2709 27.2706 28.2703 29.2701 30.268 31.2676 32.4564 33.4541 34.454 
35.454 36.454 37.4539 38.4538 39.4536 40.4535 41.4535 42.4535 43.4534 
44.4534 45.4534 46.2533 -43.4578 -42.6578 -41.6578 -40.6578 -39.6578 -38.6579 
-37.6579 -36.6579 -35.6579 -34.6581 -33.6582 -32.6586 -31.6589 -30.6602 -29.6626 
-28.6626 -27.6627 -26.6627 -25.6627 -24.6628 -23.663 -22.6632 -21.6634 -20.6635 
-19.6636 -18.6636 -17.6636 -16.6636 -15.6636 -14.6637 -13.6637 -12.6638 -11.6638 
-10.6639 -9.66385 -8.66386 -7.66388 -6.66393 -5.66393 -4.66393 -3.66397 -2.66397 
-1.66402 -0.66402 0.436995 1.43675 2.43663 3.4366 4.43658 5.43656 6.43653 
7.43652 8.43648 9.43647 10.4363 11.4363 12.4362 13.4338 14.4333 15.4332 
16.4332 17.4332 18.4332 19.4331 20.4331 21.4331 22.4331 23.433 24.4329 
25.4327 26.4326 27.4326 28.4322 29.4319 30.4318 31.4312 32.4309 33.4309 
34.4308 35.4308 36.4307 37.4306 38.4307 39.4307 40.4306 41.4306 42.4304 
43.4303 44.43 45.43 -45.7317 -44.7317 -43.7318 -42.7319 -41.7319 -40.7319 
-39.7319 -38.7319 -37.732 -36.7319 -35.732 -34.732 -33.7323 -32.7325 -31.7328 
-30.5356 -29.5357 -28.5357 -27.5358 -26.5357 -25.5358 -24.5359 -23.5363 -22.5375 
-21.538 -20.538 -19.538 -18.5381 -17.5381 -16.5381 -15.5382 -14.5382 -13.5383 
-12.5384 -11.5384 -10.5384 -9.53845 -8.53847 -7.5385 -6.53851 -5.53852 -4.53855 
-3.53857 -2.53857 -1.53862 -0.538705 0.456155 1.45606 2.4559 3.45589 4.45588 
5.45585 6.45578 7.45582 8.45582 9.4558 10.4558 11.4557 12.4554 13.4552 
14.4547 15.4546 16.4546 17.4546 18.4546 19.4545 20.4545 21.4544 22.4544 
23.4543 24.4542 25.454 26.4537 27.4536 28.4533 29.4526 30.4521 31.4517 
32.4498 33.4492 34.4492 35.4491 36.4491 37.449 38.449 39.449 40.449 
41.449 42.4489 43.4489 44.4486 45.2486 -44.5775 -43.5775 -42.5775 -41.5776 
-40.5777 -39.5777 -38.5777 -37.5777 -36.5777 -35.5778 -34.5778 -33.5778 -32.5779 
-31.579 -30.579 -29.5791 -28.5793 -27.5794 -26.5795 -25.5797 -24.5803 -23.5806 
-22.5809 -21.581 -20.5812 -19.5812 -18.5812 -17.5812 -16.5813 -15.5814 -14.5814 
-13.5814 -12.5814 -11.5814 -10.5814 -9.58142 -8.58141 -7.5814 -6.58142 -5.58144 
-4.58144 -3.58145 -2.58144 -1.58144 -0.581582 0.458764 1.45847 2.45847 3.45846 
4.45842 5.45837 6.4583 7.4583 8.45825 9.45822 10.4581 11.4579 12.4578 
13.4577 14.4577 15.4577 16.4577 17.4577 18.4576 19.4576 20.4576 21.4575 
22.4575 23.4575 24.4574 25.4571 26.4561 27.4558 28.4555 29.4549 30.4544 
31.4519 32.4519 33.4518 34.4518 35.4517 36.4517 37.4516 38.4516 39.4516 
40.4516 41.4516 42.4515 43.4514 44.4511 45.451 -45.2834 -44.6834 -43.6834 
-42.6834 -41.6835 -40.6836 -39.6836 -38.6836 -37.6836 -36.6836 -35.6836 -34.6836 
-33.6837 -32.6837 -31.6842 -30.6844 -29.6845 -28.6846 -27.6848 -26.6849 -25.6851 
-24.6855 -23.6859 -22.6862 -21.6864 -20.6865 -19.6866 -18.6866 -17.6866 -16.6867 
-15.6867 -14.6868 -13.6868 -12.6868 -11.6868 -10.6868 -9.68678 -8.68679 -7.68678 
-6.6868 -5.68682 -4.68681 -3.68681 -2.68681 -1.68685 -0.68696 0.213226 1.36325 
2.36313 3.36292 4.36283 5.36279 6.36279 7.36278 8.36281 9.36261 10.3624 
11.3619 12.3616 13.3617 14.3616 15.3616 16.3616 17.3616 18.3616 19.3615 
20.3615 21.3615 22.3615 23.3614 24.3613 25.3612 26.361 27.3604 28.3595 
29.3571 30.3565 31.3562 32.356 33.3559 34.3559 35.3559 36.3559 37.3558 
38.3557 39.3556 40.3556 41.3556 42.3555 43.3552 44.3551 45.155 -45.4367 
-44.6367 -43.6367 -42.6368 -41.6368 -40.6369 -39.6369 -38.6369 -37.6369 -36.6369 
-35.637 -34.637 -33.637 -32.6394 -31.6419 -30.642 -29.6421 -28.6423 -27.6424 
-26.6426 -25.6429 -24.6432 -23.6436 -22.6441 -21.6443 -20.6444 -19.6445 -18.6444 
-17.6444 -16.6445 -15.6446 -14.6447 -13.6447 -12.6447 -11.6447 -10.6447 -9.64468 
-8.64469 -7.6447 -6.6447 -5.6447 -4.64472 -3.64472 -2.64472 -1.64477 -0.644851 
0.293036 1.46169 2.46166 3.46155 4.4613 5.46128 6.46129 7.46131 8.46121 
9.46102 10.4608 11.4603 12.4601 13.46 14.4599 15.4599 16.46 17.46 
18.46 19.4599 20.4599 21.4599 22.4599 23.4598 24.4598 25.4596 26.4595 
27.4589 28.4578 29.4537 30.4537 31.4482 32.4451 33.445 34.445 35.445 
36.4449 37.4448 38.4448 39.4446 40.4444 41.4443 42.4442 43.444 44.4439 
45.4439 -47.3548 -46.5549 -45.5548 -44.5549 -43.5549 -42.5549 -41.5549 -40.5549 
-39.5549 -38.5549 -37.5549 -36.5549 -35.5549 -34.5551 -33.5551 -32.5566 -31.5569 
-30.5569 -29.5569 -28.5569 -27.5571 -26.5571 -25.5574 -24.5578 -23.5585 -22.5595 
-21.56 -20.5601 -19.5601 -18.5601 -17.5602 -16.5602 -15.5603 -14.5604 -13.5604 
-12.5604 -11.5604 -10.5604 -9.56043 -8.56045 -7.56046 -6.56051 -5.56049 -4.5605 
-3.56052 -2.56051 -1.56058 -0.56079 0.680778 1.28069 2.28055 3.28042 4.2804 
5.28038 6.28035 7.28034 8.28036 9.2803 10.2803 11.2803 12.2799 13.2796 
14.2795 15.2794 16.2794 17.2794 18.2794 19.2793 20.2793 21.2793 22.2793 
23.2792 24.2791 25.2789 26.2787 27.2784 28.2782 29.2777 30.2775 31.2769 
32.2753 33.2752 34.2751 35.2751 36.2751 37.2751 38.275 39.275 40.275 
41.275 42.275 43.2747 44.2745 45.2744 -45.6775 -44.6775 -43.6775 -42.6776 
-41.6776 -40.6776 -39.6776 -38.6776 -37.6776 -36.6777 -35.6777 -34.6778 -33.6778 
-32.6792 -31.6794 -30.6794 -29.6795 -28.6796 -27.6798 -26.6802 -25.6805 -24.681 
-23.6816 -22.6819 -21.6822 -20.6825 -19.6826 -18.6826 -17.6826 -16.6826 -15.6827 
-14.6827 -13.6827 -12.6827 -11.6827 -10.6827 -9.68273 -8.68275 -7.68276 -6.68277 
-5.68276 -4.68278 -3.68278 -2.68278 -1.68282 -0.682937 0.311951 1.3114 2.31128 
3.31115 4.31115 5.31105 6.31105 7.31102 8.31066 9.31059 10.3104 11.3102 
12.3102 13.31 14.31 15.31 16.31 17.31 18.3099 19.31 20.3099 
21.3099 22.3099 23.3098 24.3097 25.3095 26.3091 27.3086 28.3083 29.3068 
30.306 31.3041 32.3033 33.3033 34.3033 35.3033 36.3032 37.3031 38.3031 
39.303 40.3031 41.303 42.3029 43.3029 44.3028 45.1028 -45.4165 -44.6165 
-43.6165 -42.6166 -41.6166 -40.6166 -39.6166 -38.6166 -37.6166 -36.6167 -35.6167 
-34.6168 -33.617 -32.6173 -31.6178 -30.6279 -29.6278 -28.6279 -27.6279 -26.6279 
-25.628 -24.628 -23.6283 -22.6287 -21.6301 -20.6303 -19.6303 -18.6303 -17.6303 
-16.6303 -15.6304 -14.6304 -13.6305 -12.6305 -11.6306 -10.6306 -9.63058 -8.6306 
-7.63064 -6.63067 -5.63068 -4.63069 -3.6307 -2.63069 -1.63075 -0.630786 0.395691 
1.39533 2.39528 3.39519 4.39514 5.39511 6.39508 7.395 8.39492 9.39486 
10.3946 11.3945 12.3945 13.3944 14.3943 15.3943 16.3943 17.3943 18.3943 
19.3943 20.3942 21.3942 22.3942 23.3941 24.394 25.3939 26.3935 27.3933 
28.3929 29.3922 30.3919 31.3875 32.3844 33.3844 34.3843 35.3844 36.3843 
37.3842 38.3842 39.3842 40.3841 41.3841 42.3842 43.3841 44.3839 45.1838 
-46.1876 -45.5876 -44.5876 -43.5877 -42.5877 -41.5877 -40.5878 -39.5878 -38.5878 
-37.5878 -36.5878 -35.5879 -34.5879 -33.588 -32.588 -31.5881 -30.5881 -29.5882 
-28.5883 -27.5886 -26.5888 -25.5894 -24.5899 -23.5905 -22.5909 -21.5911 -20.5914 
-19.5914 -18.5914 -17.5915 -16.5915 -15.5916 -14.5916 -13.5917 -12.5917 -11.5916 
-10.5916 -9.59165 -8.59165 -7.59165 -6.59165 -5.59166 -4.59167 -3.59167 -2.59168 
-1.59171 -0.591776 0.428648 1.4282 2.42808 3.42798 4.42798 5.42791 6.42788 
7.42784 8.42783 9.42776 10.4278 11.4278 12.4277 13.4275 14.4274 15.4274 
16.4274 17.4274 18.4273 19.4272 20.4273 21.4272 22.4271 23.4271 24.4269 
25.4264 26.4256 27.4256 28.4255 29.4252 30.4251 31.4235 32.4222 33.4221 
34.422 35.422 36.4219 37.4219 38.4219 39.4219 40.4218 41.4219 42.4218 
43.4217 44.4215 45.2215 -43.6917 -42.6916 -41.6917 -40.6917 -39.6917 -38.6917 
-37.6917 -36.6918 -35.6918 -34.6919 -33.6922 -32.6925 -31.6927 -30.7478 -29.6297 
-28.6298 -27.6299 -26.6299 -25.6299 -24.6301 -23.6304 -22.6317 -21.6324 -20.6327 
-19.6327 -18.6327 -17.6327 -16.6327 -15.6327 -14.6328 -13.6329 -12.633 -11.633 
-10.633 -9.63304 -8.63304 -7.63305 -6.63306 -5.63308 -4.63311 -3.63313 -2.63314 
-1.63316 -0.633225 0.27979 1.43621 2.43615 3.43612 4.43611 5.43608 6.43609 
7.43604 8.43607 9.43603 10.436 11.4358 12.4354 13.4354 14.4348 15.4348 
16.4348 17.4347 18.4347 19.4347 20.4347 21.4346 22.4346 23.4345 24.4344 
25.4343 26.4341 27.4339 28.4336 29.4328 30.4322 31.4321 32.431 33.4306 
34.4305 35.4305 36.4304 37.4304 38.4304 39.4303 40.4304 41.4303 42.4303 
43.4301 44.4299 45.4299 -47.3675 -46.5676 -45.5676 -44.5676 -43.5676 -42.5676 
-41.5676 -40.5676 -39.5676 -38.5676 -37.5676 -36.5676 -35.5676 -34.5677 -33.5678 
-32.5678 -31.5679 -30.5679 -29.568 -28.568 -27.5682 -26.5682 -25.5684 -24.5688 
-23.5695 -22.5703 -21.5706 -20.5707 -19.5707 -18.5707 -17.5708 -16.5708 -15.5708 
-14.5709 -13.571 -12.571 -11.571 -10.571 -9.57105 -8.57105 -7.57109 -6.57109 
-5.57111 -4.57112 -3.57112 -2.57113 -1.57118 -0.57143 0.51534 1.31521 2.31504 
3.31493 4.31489 5.3149 6.31487 7.31489 8.31486 9.31486 10.3148 11.3147 
12.3141 13.3138 14.3137 15.3136 16.3136 17.3136 18.3135 19.3135 20.3134 
21.3135 22.3134 23.3133 24.3132 25.313 26.3127 27.3125 28.3123 29.3118 
30.3115 31.3102 32.3089 33.3087 34.3087 35.3085 36.3085 37.3085 38.3084 
39.3084 40.3084 41.3084 42.3084 43.3083 44.308 45.3079 -44.54 -43.54 
-42.54 -41.5402 -40.5402 -39.5402 -38.5402 -37.5403 -36.5403 -35.5403 -34.5403 
-33.5403 -32.5409 -31.5429 -30.543 -29.543 -28.5432 -27.5434 -26.5436 -25.5438 
-24.544 -23.5443 -22.5445 -21.5446 -20.5447 -19.5448 -18.5448 -17.5448 -16.5448 
-15.5449 -14.5449 -13.5449 -12.5449 -11.5449 -10.5449 -9.54491 -8.54492 -7.54492 
-6.54492 -5.54493 -4.54495 -3.54495 -2.54496 -1.54493 -0.545127 0.291052 1.29083 
2.29057 3.29051 4.29044 5.29036 6.29034 7.29029 8.29016 9.29004 10.29 
11.2898 12.2897 13.2896 14.2896 15.2895 16.2895 17.2895 18.2895 19.2895 
20.2895 21.2895 22.2895 23.2893 24.2893 25.2891 26.2888 27.2883 28.2878 
29.2867 30.2849 31.2831 32.2829 33.2829 34.2829 35.2828 36.2828 37.2827 
38.2826 39.2826 40.2826 41.2826 42.2825 43.2824 44.2823 45.0822 -47.5554 
-46.5554 -45.5555 -44.5555 -43.5555 -42.5555 -41.5555 -40.5555 -39.5555 -38.5555 
-37.5555 -36.5555 -35.5555 -34.5556 -33.5557 -32.5559 -31.5559 -30.5559 -29.556 
-28.556 -27.5562 -26.5562 -25.5565 -24.5569 -23.5576 -22.5585 -21.5589 -20.559 
-19.559 -18.5591 -17.5591 -16.5592 -15.5592 -14.5593 -13.5594 -12.5594 -11.5594 
-10.5594 -9.55939 -8.55941 -7.55945 -6.55944 -5.55945 -4.55947 -3.55948 -2.55949 
-1.55954 -0.759761 0.520246 1.32026 2.32018 3.32011 4.32004 5.32005 6.32004 
7.31999 8.31999 9.31989 10.3198 11.3199 12.3197 13.3195 14.3194 15.3194 
16.3193 17.3193 18.3193 19.3192 20.3192 21.3192 22.3191 23.3191 24.319 
25.3189 26.3186 27.3184 28.3182 29.3177 30.3175 31.3165 32.3154 33.3152 
34.3151 35.3151 36.3151 37.315 38.315 39.3149 40.3149 41.315 42.3149 
43.3146 44.3145 45.3144 -45.6992 -44.6992 -43.6993 -42.6993 -41.6993 -40.6993 
-39.6993 -38.6993 -37.6993 -36.6994 -35.6994 -34.6995 -33.6995 -32.6997 -31.6999 
-30.7 -29.7 -28.7001 -27.7003 -26.7004 -25.7006 -24.7013 -23.7018 -22.7023 
-21.7026 -20.7028 -19.7028 -18.7029 -17.7029 -16.7028 -15.703 -14.703 -13.7031 
-12.7031 -11.7031 -10.703 -9.70307 -8.70307 -7.70307 -6.70308 -5.7031 -4.7031 
-3.70309 -2.70309 -1.70312 -0.703246 0.37168 1.40892 2.40889 3.40871 4.40866 
5.40856 6.40849 7.40845 8.40849 9.40844 10.4084 11.4081 12.408 13.4079 
14.4078 15.4078 16.4078 17.4078 18.4078 19.4077 20.4077 21.4077 22.4076 
23.4075 24.4074 25.4071 26.4067 27.4065 28.4062 29.4062 30.406 31.4022 
32.4021 33.402 34.4021 35.402 36.402 37.4019 38.4019 39.4019 40.4019 
41.4019 42.4018 43.4016 44.4015 45.4013 -44.5481 -43.5481 -42.5482 -41.5482 
-40.5483 -39.5483 -38.5483 -37.5483 -36.5483 -35.5484 -34.5484 -33.5484 -32.5495 
-31.5515 -30.5516 -29.5518 -28.5519 -27.5521 -26.5522 -25.5524 -24.5529 -23.5533 
-22.5537 -21.5537 -20.5539 -19.5539 -18.5539 -17.554 -16.5541 -15.5541 -14.5542 
-13.5542 -12.5542 -11.5542 -10.5542 -9.55419 -8.5542 -7.5542 -6.55421 -5.55424 
-4.55422 -3.55424 -2.55424 -1.55425 -0.554398 0.305304 1.30496 2.30488 3.30481 
4.30474 5.30469 6.30465 7.30464 8.30457 9.30457 10.3046 11.3043 12.3042 
13.3042 14.3042 15.3041 16.3041 17.3041 18.3041 19.304 20.304 21.304 
22.304 23.3039 24.3037 25.3034 26.3023 27.3019 28.3016 29.3012 30.3007 
31.2998 32.2995 33.2994 34.2994 35.2993 36.2993 37.2993 38.2992 39.2992 
40.2992 41.2992 42.2991 43.2989 44.2986 45.2986 -45.4418 -44.6418 -43.6418 
-42.6418 -41.6419 -40.642 -39.642 -38.642 -37.642 -36.642 -35.642 -34.6421 
-33.6422 -32.6467 -31.6468 -30.6468 -29.6469 -28.6471 -27.6472 -26.6474 -25.6478 
-24.6483 -23.6489 -22.6492 -21.6494 -20.6496 -19.6496 -18.6497 -17.6497 -16.6497 
-15.6498 -14.6499 -13.6499 -12.6499 -11.6499 -10.6499 -9.64989 -8.64989 -7.64989 
-6.64991 -5.64992 -4.64993 -3.64993 -2.64994 -1.64997 -0.650104 0.326372 1.3143 
2.31429 3.31408 4.31404 5.31401 6.31397 7.314 8.31386 9.31379 10.3135 
11.3133 12.3132 13.3132 14.3131 15.3131 16.3131 17.3131 18.3131 19.313 
20.313 21.313 22.3129 23.3128 24.3127 25.3125 26.3114 27.31 28.31 
29.3098 30.3095 31.3069 32.3037 33.3036 34.3036 35.3035 36.3035 37.3034 
38.3034 39.3033 40.3033 41.3033 42.3033 43.3032 44.303 45.3028 -44.6216 
-43.6216 -42.6217 -41.6217 -40.6218 -39.6219 -38.6219 -37.6218 -36.6219 -35.6219 
-34.6219 -33.622 -32.6219 -31.6233 -30.6233 -29.6234 -28.6235 -27.6236 -26.6237 
-25.6238 -24.6242 -23.6247 -22.6249 -21.6251 -20.6253 -19.6254 -18.6253 -17.6253 
-16.6254 -15.6255 -14.6255 -13.6255 -12.6255 -11.6255 -10.6255 -9.62549 -8.62551 
-7.62552 -6.62552 -5.62552 -4.62553 -3.62554 -2.62554 -1.62552 -0.625716 0.407772 
1.40773 2.40764 3.40754 4.40722 5.40713 6.40716 7.40717 8.40714 9.40701 
10.4069 11.4064 12.4063 13.4063 14.4062 15.4062 16.4062 17.4062 18.4062 
19.4062 20.4062 21.4061 22.4061 23.4061 24.406 25.4059 26.4056 27.4051 
28.4047 29.4026 30.4026 31.4025 32.4021 33.402 34.4019 35.4019 36.4019 
37.4019 38.4017 39.4015 40.4015 41.4014 42.4013 43.4012 44.4011 45.4011 
-45.681 -44.681 -43.681 -42.681 -41.681 -40.681 -39.681 -38.681 -37.681 
-36.681 -35.681 -34.6811 -33.6812 -32.6924 -31.6924 -30.6924 -29.6924 -28.6925 
-27.6927 -26.6929 -25.6933 -24.6938 -23.6944 -22.6949 -21.6953 -20.6955 -19.6955 
-18.6956 -17.6956 -16.6957 -15.6958 -14.6958 -13.6959 -12.6959 -11.6959 -10.6959 
-9.69586 -8.69587 -7.69589 -6.69591 -5.69592 -4.69592 -3.69594 -2.69592 -1.69595 
-0.696016 0.82207 1.42178 2.42179 3.42167 4.42165 5.42161 6.42161 7.42159 
8.42162 9.4216 10.4216 11.4215 12.4213 13.421 14.421 15.4209 16.421 
17.421 18.4209 19.4208 20.4209 21.4208 22.4208 23.4207 24.4205 25.4205 
26.4202 27.4198 28.4197 29.4192 30.4187 31.4177 32.4166 33.4162 34.4162 
35.4162 36.4161 37.4161 38.4161 39.416 40.416 41.416 42.416 43.416 
44.4157 45.4157 -46.6553 -45.6554 -44.6554 -43.6554 -42.6555 -41.6555 -40.6555 
-39.6555 -38.6555 -37.6555 -36.6555 -35.6556 -34.6556 -33.6558 -32.656 -31.656 
-30.656 -29.656 -28.6561 -27.6561 -26.6562 -25.6562 -24.6564 -23.6566 -22.6574 
-21.6584 -20.6588 -19.6588 -18.6588 -17.6588 -16.6589 -15.6589 -14.6591 -13.6591 
-12.6592 -11.6592 -10.6592 -9.6592 -8.65922 -7.65925 -6.65925 -5.65926 -4.65927 
-3.65929 -2.65929 -1.65932 -0.659513 0.407862 1.44144 2.44122 3.44112 4.44112 
5.44107 6.44107 7.4411 8.44104 9.44097 10.4409 11.4409 12.4407 13.4404 
14.4403 15.4403 16.4402 17.4402 18.4402 19.4401 20.4401 21.4401 22.4401 
23.44 24.4399 25.4397 26.4394 27.4393 28.439 29.4385 30.4383 31.437 
32.4364 33.4362 34.4362 35.4362 36.4362 37.4361 38.436 39.436 40.4361 
41.436 42.4359 43.4355 44.4354 45.4354 -46.6268 -45.6268 -44.6268 -43.6269 
-42.6269 -41.6269 -40.6269 -39.6269 -38.6269 -37.6269 -36.627 -35.627 -34.627 
-33.6272 -32.6273 -31.6378 -30.6419 -29.6418 -28.6419 -27.6419 -26.642 -25.6421 
-24.6424 -23.6429 -22.643 -21.644 -20.6443 -19.6443 -18.6443 -17.6443 -16.6444 
-15.6444 -14.6446 -13.6447 -12.6447 -11.6447 -10.6447 -9.64471 -8.64473 -7.64475 
-6.64476 -5.64477 -4.64479 -3.64479 -2.64479 -1.64483 -0.645046 0.358356 1.35833 
2.35814 3.35808 4.35805 5.35801 6.358 7.35798 8.358 9.35798 10.358 
11.3579 12.3573 13.357 14.357 15.3569 16.3569 17.3569 18.3569 19.3569 
20.3568 21.3568 22.3568 23.3567 24.3566 25.3564 26.3564 27.356 28.3559 
29.3551 30.3549 31.3539 32.3532 33.3531 34.3531 35.3531 36.3531 37.353 
38.3529 39.353 40.353 41.3529 42.3529 43.3528 44.3525 45.3523 -45.4144 
-44.6144 -43.6144 -42.6144 -41.6145 -40.6145 -39.6145 -38.6145 -37.6145 -36.6145 
-35.6145 -34.6146 -33.6146 -32.6196 -31.6213 -30.6213 -29.6215 -28.6216 -27.6218 
-26.6219 -25.6224 -24.6227 -23.6233 -22.6236 -21.6238 -20.624 -19.624 -18.624 
-17.6241 -16.6242 -15.6242 -14.6243 -13.6243 -12.6243 -11.6243 -10.6243 -9.62429 
-8.62428 -7.62429 -6.6243 -5.62432 -4.62431 -3.62432 -2.62433 -1.62435 -0.624489 
0.3432 1.32657 2.32635 3.32611 4.32608 5.32604 6.32598 7.32595 8.32587 
9.3258 10.3256 11.3254 12.3254 13.3253 14.3252 15.3252 16.3252 17.3252 
18.3252 19.3252 20.3252 21.3251 22.3251 23.325 24.325 25.3246 26.324 
27.3234 28.3229 29.3225 30.3221 31.3186 32.3184 33.3184 34.3183 35.3183 
36.3182 37.3181 38.3181 39.3181 40.318 41.3181 42.3181 43.318 44.3178 
45.3177 -47.5293 -46.7293 -45.7293 -44.7293 -43.7294 -42.7294 -41.7294 -40.7294 
-39.7294 -38.7294 -37.7294 -36.7294 -35.7294 -34.7295 -33.7296 -32.7296 -31.7296 
-30.7297 -29.7297 -28.7298 -27.7298 -26.7299 -25.7301 -24.7305 -23.7312 -22.7322 
-21.7326 -20.7328 -19.7329 -18.7328 -17.7329 -16.7329 -15.733 -14.7331 -13.7331 
-12.7331 -11.7331 -10.7331 -9.73315 -8.73316 -7.73319 -6.73318 -5.7332 -4.73321 
-3.73322 -2.73323 -1.73329 -0.733547 0.73671 1.33662 2.33645 3.33641 4.33636 
5.33622 6.33616 7.33615 8.33616 9.33617 10.336 11.336 12.3358 13.3356 
14.3355 15.3355 16.3355 17.3355 18.3355 19.3355 20.3354 21.3354 22.3354 
23.3354 24.3353 25.3351 26.3348 27.3344 28.3341 29.3337 30.3333 31.3308 
32.3283 33.3281 34.3281 35.3281 36.3281 37.328 38.328 39.328 40.328 
41.3279 42.3279 43.3278 44.3277 45.3275 -45.2456 -44.6456 -43.6456 -42.6456 
-41.6457 -40.6458 -39.6459 -38.6459 -37.6459 -36.6459 -35.6459 -34.646 -33.646 
-32.6476 -31.6492 -30.6493 -29.6493 -28.6495 -27.6496 -26.6497 -25.65 -24.6505 
-23.651 -22.6514 -21.6515 -20.6517 -19.6517 -18.6517 -17.6517 -16.6518 -15.6519 
-14.6519 -13.6519 -12.6519 -11.6519 -10.6519 -9.65194 -8.65194 -7.65195 -6.65195 
-5.65197 -4.65198 -3.65197 -2.65198 -1.652 -0.652112 0.259899 1.41578 2.41559 
3.41531 4.41487 5.41485 6.41486 7.41483 8.41477 9.41462 10.4146 11.4142 
12.4142 13.4141 14.4141 15.4141 16.414 17.414 18.414 19.414 20.414 
21.414 22.414 23.4139 24.4138 25.4137 26.4136 27.4132 28.4126 29.4095 
30.4088 31.4078 32.4061 33.406 34.4059 35.4059 36.4059 37.4058 38.4058 
39.4057 40.4056 41.4056 42.4053 43.4052 44.4052 45.4051 -46.5709 -45.5709 
-44.5709 -43.5709 -42.571 -41.571 -40.571 -39.571 -38.571 -37.571 -36.571 
-35.571 -34.5711 -33.5712 -32.5721 -31.5866 -30.5866 -29.5866 -28.5867 -27.5868 
-26.5869 -25.587 -24.5871 -23.5876 -22.5883 -21.5885 -20.5887 -19.5887 -18.5887 
-17.5887 -16.5887 -15.5888 -14.5889 -13.5889 -12.5889 -11.589 -10.589 -9.58897 
-8.58899 -7.58901 -6.58903 -5.58905 -4.58903 -3.58905 -2.58905 -1.58908 -0.789312 
0.273945 1.27369 2.27348 3.27344 4.27337 5.27329 6.27328 7.27323 8.27324 
9.27322 10.2731 11.273 12.2729 13.2727 14.2727 15.2727 16.2727 17.2727 
18.2726 19.2726 20.2726 21.2726 22.2726 23.2725 24.2725 25.2723 26.2719 
27.2716 28.2712 29.2707 30.2703 31.266 32.4631 33.4631 34.4631 35.463 
36.4629 37.4629 38.4629 39.4629 40.4629 41.4629 42.4628 43.4628 44.4626 
45.4624 -45.2743 -44.6743 -43.6743 -42.6744 -41.6744 -40.6744 -39.6744 -38.6744 
-37.6744 -36.6744 -35.6745 -34.6746 -33.6748 -32.6751 -31.6759 -30.7188 -29.7188 
-28.7189 -27.7189 -26.719 -25.7191 -24.7192 -23.7193 -22.7203 -21.7216 -20.7221 
-19.7221 -18.7221 -17.7222 -16.7221 -15.7222 -14.7222 -13.7223 -12.7223 -11.7224 
-10.7224 -9.72237 -8.72238 -7.72242 -6.72241 -5.7224 -4.72243 -3.72243 -2.72245 
-1.72248 -0.722602 0.268801 1.46437 2.46419 3.4642 4.46417 5.46418 6.46415 
7.46416 8.46415 9.46414 10.4641 11.4641 12.4638 13.4627 14.4622 15.4622 
16.4621 17.4621 18.4621 19.4621 20.462 21.462 22.4619 23.4619 24.4618 
25.4616 26.4614 27.4613 28.461 29.4606 30.4602 31.4598 32.4586 33.4584 
34.4583 35.4583 36.4583 37.4582 38.4582 39.4582 40.4581 41.4582 42.4581 
43.4578 44.4577 45.2576 -46.6779 -45.6779 -44.678 -43.678 -42.678 -41.678 
-40.6781 -39.678 -38.6781 -37.678 -36.678 -35.6781 -34.6781 -33.6783 -32.6784 
-31.6854 -30.6884 -29.6884 -28.6885 -27.6885 -26.6885 -25.6887 -24.6888 -23.6893 
-22.6894 -21.6903 -20.6905 -19.6905 -18.6905 -17.6906 -16.6906 -15.6906 -14.6908 
-13.6909 -12.6909 -11.6909 -10.6909 -9.69096 -8.69097 -7.69099 -6.691 -5.69102 
-4.69104 -3.69106 -2.69105 -1.69112 -0.691299 0.401072 1.44718 2.44695 3.44689 
4.44686 5.44682 6.44683 7.44682 8.44679 9.44674 10.4467 11.4467 12.4465 
13.4463 14.4462 15.4461 16.4461 17.4461 18.446 19.446 20.4459 21.4459 
22.4459 23.4458 24.4457 25.4455 26.4453 27.445 28.4447 29.4444 30.444 
31.4429 32.4422 33.4419 34.4419 35.4419 36.4418 37.4418 38.4418 39.4418 
40.4418 41.4418 42.4417 43.4416 44.4413 45.4412 -45.2307 -44.6307 -43.6308 
-42.6308 -41.6308 -40.6309 -39.6309 -38.6309 -37.6309 -36.6309 -35.6309 -34.6311 
-33.6312 -32.6315 -31.6358 -30.6535 -29.6535 -28.6536 -27.6536 -26.6537 -25.6537 
-24.6537 -23.6541 -22.6552 -21.656 -20.6561 -19.6561 -18.6561 -17.6561 -16.6562 
-15.6562 -14.6562 -13.6563 -12.6564 -11.6564 -10.6564 -9.65638 -8.65639 -7.65642 
-6.65643 -5.65643 -4.65646 -3.65648 -2.65647 -1.6565 -0.656621 0.333901 1.32906 
2.32889 3.32882 4.32882 5.32881 6.32878 7.32879 8.32879 9.32875 10.3287 
11.3287 12.3286 13.328 14.3275 15.3275 16.3274 17.3274 18.3274 19.3274 
20.3273 21.3273 22.3272 23.3272 24.3271 25.327 26.3267 27.3266 28.3263 
29.3261 30.3259 31.3254 32.3249 33.3245 34.3244 35.3244 36.3243 37.3242 
38.3242 39.3242 40.3242 41.3242 42.3241 43.3236 44.3233 45.3232 -45.7081 
-44.7081 -43.7082 -42.7082 -41.7082 -40.7082 -39.7082 -38.7083 -37.7082 -36.7083 
-35.7083 -34.7084 -33.7116 -32.7175 -31.7176 -30.7178 -29.7178 -28.718 -27.7182 
-26.7183 -25.7187 -24.7193 -23.7199 -22.7204 -21.7207 -20.721 -19.721 -18.721 
-17.721 -16.721 -15.7212 -14.7212 -13.7212 -12.7213 -11.7213 -10.7213 -9.72125 
-8.72126 -7.72127 -6.72127 -5.72127 -4.72128 -3.72129 -2.72129 -1.72134 -0.721384 
0.320315 1.3409 2.34071 3.3406 4.34052 5.34049 6.34047 7.34046 8.3404 
9.34029 10.3398 11.3393 12.3391 13.339 14.3389 15.3389 16.3389 17.3389 
18.3389 19.3389 20.3389 21.3388 22.3388 23.3388 24.3387 25.3386 26.3382 
27.3377 28.3375 29.3359 30.3357 31.3339 32.3323 33.3323 34.3322 35.3322 
36.3322 37.3321 38.332 39.332 40.332 41.3319 42.3318 43.3317 44.3317 
45.3315 -45.6099 -44.6099 -43.6099 -42.6099 -41.6099 -40.6099 -39.6099 -38.6099 
-37.6099 -36.6099 -35.61 -34.61 -33.6164 -32.629 -31.6291 -30.6292 -29.6292 
-28.6294 -27.6296 -26.6298 -25.6302 -24.6307 -23.6312 -22.6315 -21.6317 -20.6319 
-19.6319 -18.6319 -17.6319 -16.632 -15.6321 -14.6322 -13.6322 -12.6322 -11.6322 
-10.6322 -9.63219 -8.63218 -7.63221 -6.63221 -5.63223 -4.63223 -3.63224 -2.63225 
-1.63227 -0.832483 0.416385 1.41613 2.416 3.41588 4.41584 5.41581 6.4158 
7.41578 8.41572 9.4157 10.4156 11.4154 12.4153 13.4151 14.4151 15.4151 
16.4151 17.415 18.415 19.415 20.415 21.4149 22.415 23.4149 24.4148 
25.4144 26.4141 27.4139 28.4136 29.4131 30.4128 31.4094 32.4094 33.4093 
34.4093 35.4093 36.4092 37.4092 38.4091 39.4091 40.4091 41.4091 42.4091 
43.4089 44.4088 45.4085 -47.5772 -46.5772 -45.5771 -44.5772 -43.5772 -42.5772 
-41.5772 -40.5772 -39.5773 -38.5772 -37.5772 -36.5773 -35.5772 -34.5774 -33.5776 
-32.5777 -31.5778 -30.5778 -29.5779 -28.5779 -27.578 -26.5781 -25.5783 -24.5788 
-23.5794 -22.5803 -21.5804 -20.5805 -19.5805 -18.5805 -17.5805 -16.5806 -15.5806 
-14.5807 -13.5807 -12.5808 -11.5808 -10.5808 -9.58079 -8.58081 -7.58082 -6.58086 
-5.58085 -4.58085 -3.58087 -2.58089 -1.58094 -0.78114 0.377407 1.3774 2.3773 
3.37731 4.37726 5.37728 6.37717 7.37713 8.37712 9.37711 10.3771 11.377 
12.377 13.3769 14.3769 15.3767 16.3767 17.3766 18.3766 19.3766 20.3765 
21.3765 22.3765 23.3764 24.3763 25.3761 26.3758 27.3757 28.3755 29.3754 
30.3748 31.3741 32.3726 33.3722 34.3721 35.3721 36.372 37.372 38.3719 
39.372 40.372 41.372 42.3719 43.3718 44.3716 45.1715 -44.5894 -43.5894 
-42.5894 -41.5895 -40.5895 -39.5895 -38.5895 -37.5895 -36.5896 -35.5895 -34.5896 
-33.5898 -32.5902 -31.5904 -30.6674 -29.6962 -28.6963 -27.6963 -26.6964 -25.6965 
-24.6966 -23.6968 -22.6979 -21.6989 -20.699 -19.6991 -18.6991 -17.6991 -16.6991 
-15.6991 -14.6992 -13.6993 -12.6994 -11.6994 -10.6994 -9.69941 -8.69939 -7.69941 
-6.69945 -5.69942 -4.69945 -3.69945 -2.69945 -1.69946 -0.699502 0.36404 1.36383 
2.36364 3.36298 4.36266 5.36251 6.36235 7.36235 8.36231 9.3622 10.3622 
11.3618 12.3615 13.3615 14.3614 15.3614 16.3614 17.3613 18.3613 19.3614 
20.3614 21.3613 22.3613 23.3613 24.3612 25.3612 26.3611 27.3608 28.3605 
29.3592 30.3577 31.3571 32.3447 33.3434 34.3433 35.3433 36.3433 37.3432 
38.3432 39.343 40.343 41.3429 42.3428 43.3427 44.3422 45.3422 -47.341 
-46.541 -45.5411 -44.5411 -43.5411 -42.5411 -41.5411 -40.5411 -39.5411 -38.5411 
-37.5411 -36.5411 -35.5411 -34.5412 -33.5414 -32.5445 -31.557 -30.557 -29.557 
-28.5571 -27.5571 -26.5572 -25.5573 -24.5577 -23.5578 -22.5589 -21.5598 -20.56 
-19.56 -18.56 -17.56 -16.5601 -15.5601 -14.5602 -13.5603 -12.5603 -11.5603 
-10.5603 -9.56032 -8.56033 -7.56036 -6.56037 -5.56038 -4.56039 -3.56038 -2.56039 
-1.56047 -0.760617 0.528407 1.328 2.32785 3.32771 4.32727 5.3271 6.32705 
7.32701 8.32705 9.32689 10.3269 11.3267 12.3265 13.3265 14.3264 15.3264 
16.3264 17.3264 18.3264 19.3264 20.3263 21.3263 22.3263 23.3263 24.3262 
25.3261 26.326 27.3257 28.3254 29.3243 30.3216 31.3214 32.3053 33.304 
34.304 35.304 36.304 37.3039 38.3037 39.3036 40.3036 41.3035 42.3035 
43.3034 44.3032 45.3032 46.1031 -46.5502 -45.5502 -44.5503 -43.5503 -42.5503 
-41.5503 -40.5503 -39.5504 -38.5503 -37.5503 -36.5504 -35.5504 -34.5505 -33.5506 
-32.5509 -31.5513 -30.5528 -29.5529 -28.553 -27.553 -26.553 -25.5531 -24.5533 
-23.5536 -22.5549 -21.5561 -20.5564 -19.5564 -18.5564 -17.5564 -16.5564 -15.5565 
-14.5566 -13.5567 -12.5567 -11.5567 -10.5567 -9.55671 -8.55673 -7.55674 -6.55677 
-5.55677 -4.55676 -3.55679 -2.55678 -1.55682 -0.556937 0.664633 1.4644 2.46419 
3.46408 4.46393 5.46387 6.46384 7.46377 8.46378 9.46376 10.4632 11.4627 
12.4625 13.4623 14.4623 15.4622 16.4622 17.4622 18.4622 19.4622 20.4622 
21.4622 22.4621 23.4621 24.462 25.4619 26.4615 27.4614 28.4611 29.4604 
30.4603 31.458 32.4553 33.4552 34.4552 35.4551 36.4551 37.455 38.455 
39.455 40.455 41.4549 42.455 43.4549 44.4548 45.4547 -47.7249 -46.725 
-45.7249 -44.725 -43.725 -42.725 -41.725 -40.725 -39.725 -38.725 -37.725 
-36.725 -35.7251 -34.7252 -33.7256 -32.7262 -31.7262 -30.7262 -29.7263 -28.7264 
-27.7265 -26.7267 -25.727 -24.7274 -23.7281 -22.7289 -21.7293 -20.7295 -19.7295 
-18.7295 -17.7295 -16.7296 -15.7296 -14.7297 -13.7297 -12.7297 -11.7297 -10.7297 
-9.72973 -8.72974 -7.72977 -6.7298 -5.72977 -4.7298 -3.7298 -2.72981 -1.72988 
-0.730045 1.33874 2.33863 3.33845 4.33841 5.33837 6.33833 7.33831 8.33829 
9.33826 10.3382 11.3382 12.3382 13.3379 14.3378 15.3378 16.3377 17.3377 
18.3377 19.3376 20.3377 21.3376 22.3376 23.3376 24.3375 25.3373 26.3371 
27.3367 28.3363 29.3357 30.3352 31.3352 32.3346 33.3345 34.3345 35.3344 
36.3344 37.3344 38.3343 39.3342 40.3343 41.3343 42.3342 43.3341 44.334 
45.3337 -46.6609 -45.6609 -44.661 -43.661 -42.6609 -41.661 -40.661 -39.661 
-38.661 -37.661 -36.661 -35.6611 -34.6611 -33.6612 -32.6633 -31.6633 -30.6634 
-29.6634 -28.6635 -27.6636 -26.6638 -25.6641 -24.6645 -23.6652 -22.6659 -21.6665 
-20.6666 -19.6666 -18.6666 -17.6666 -16.6667 -15.6668 -14.6668 -13.6668 -12.6669 
-11.6669 -10.6669 -9.66689 -8.66689 -7.66691 -6.66691 -5.66691 -4.66693 -3.66695 
-2.66695 -1.66696 -0.667085 0.855989 1.45569 2.45566 3.45552 4.4555 5.45545 
6.45544 7.45546 8.45543 9.45543 10.4554 11.4553 12.4552 13.4551 14.455 
15.455 16.455 17.455 18.4549 19.4548 20.4548 21.4548 22.4548 23.4547 
24.4546 25.4543 26.4543 27.4539 28.4538 29.4532 30.453 31.4522 32.4512 
33.451 34.4509 35.4509 36.4508 37.4508 38.4507 39.4508 40.4508 41.4508 
42.4507 43.4506 44.4503 45.4502 -45.597 -44.597 -43.5971 -42.5971 -41.5971 
-40.5971 -39.5971 -38.5971 -37.5971 -36.5971 -35.5972 -34.5973 -33.5974 -32.6273 
-31.6274 -30.6274 -29.6275 -28.6276 -27.6277 -26.628 -25.6282 -24.6288 -23.6293 
-22.6296 -21.6302 -20.6302 -19.6303 -18.6303 -17.6303 -16.6304 -15.6305 -14.6306 
-13.6306 -12.6306 -11.6306 -10.6306 -9.63062 -8.63063 -7.63064 -6.63068 -5.63068 
-4.63067 -3.63069 -2.63068 -1.63069 -0.830798 0.389671 1.3896 2.38937 3.38907 
4.38883 5.3888 6.38878 7.38877 8.38859 9.38845 10.3884 11.3879 12.3875 
13.3875 14.3874 15.3874 16.3874 17.3874 18.3874 19.3874 20.3874 21.3873 
22.3873 23.3873 24.3872 25.3872 26.3869 27.3864 28.386 29.3848 30.3837 
31.3815 32.378 33.378 34.3779 35.3779 36.3779 37.3778 38.3777 39.3776 
40.3776 41.3775 42.3774 43.3773 44.3773 45.3772 -47.7196 -46.7196 -45.7196 
-44.7196 -43.7196 -42.7196 -41.7196 -40.7196 -39.7196 -38.7196 -37.7196 -36.7196 
-35.7197 -34.7197 -33.7199 -32.7229 -31.7288 -30.7289 -29.7289 -28.7289 -27.7291 
-26.7292 -25.7294 -24.7299 -23.7304 -22.7311 -21.7316 -20.7316 -19.7316 -18.7316 
-17.7317 -16.7317 -15.7317 -14.7318 -13.7319 -12.7319 -11.7319 -10.7319 -9.73191 
-8.73193 -7.73195 -6.73197 -5.73199 -4.73198 -3.73201 -2.73202 -1.73207 -0.932278 
0.413724 1.41372 2.41361 3.4136 4.41357 5.41358 6.41351 7.41347 8.41342 
9.41344 10.4134 11.4134 12.4134 13.413 14.4129 15.4129 16.4129 17.4129 
18.4128 19.4128 20.4128 21.4128 22.4127 23.4126 24.4125 25.4122 26.412 
27.4117 28.4114 29.4111 30.4108 31.4095 32.4086 33.4084 34.4083 35.4083 
36.4083 37.4082 38.4082 39.4082 40.4082 41.4082 42.4081 43.4079 44.4078 
45.2078 -45.6752 -44.6753 -43.6752 -42.6753 -41.6753 -40.6753 -39.6753 -38.6753 
-37.6753 -36.6753 -35.6753 -34.6755 -33.6756 -32.6987 -31.6987 -30.6988 -29.6988 
-28.6989 -27.6991 -26.6994 -25.6998 -24.7004 -23.7009 -22.7011 -21.7018 -20.7018 
-19.7018 -18.7018 -17.7019 -16.7019 -15.702 -14.7021 -13.7021 -12.7021 -11.7021 
-10.7021 -9.70211 -8.70212 -7.70214 -6.70215 -5.70215 -4.70215 -3.70215 -2.70216 
-1.70216 -0.902279 0.286607 1.28655 2.28637 3.28619 4.28601 5.28599 6.28597 
7.28595 8.28584 9.28561 10.2853 11.2849 12.2846 13.2844 14.2844 15.2844 
16.2844 17.2844 18.2844 19.2843 20.2843 21.2843 22.2843 23.2843 24.2842 
25.2841 26.2838 27.2833 28.283 29.2818 30.2811 31.2795 32.2769 33.2769 
34.2769 35.2769 36.2768 37.2767 38.2766 39.2766 40.2765 41.2765 42.2763 
43.2763 44.2762 45.2762 -47.1438 -46.5438 -45.5438 -44.5439 -43.5438 -42.5439 
-41.5439 -40.5439 -39.5439 -38.5439 -37.5439 -36.5439 -35.5439 -34.544 -33.5442 
-32.5447 -31.5447 -30.5448 -29.5449 -28.545 -27.5453 -26.5455 -25.5457 -24.5462 
-23.5465 -22.5471 -21.5475 -20.5476 -19.5475 -18.5476 -17.5476 -16.5477 -15.5477 
-14.5478 -13.5478 -12.5478 -11.5478 -10.5478 -9.54783 -8.54785 -7.54786 -6.54787 
-5.54789 -4.54788 -3.5479 -2.54791 -1.54798 -0.748082 0.642643 1.44221 2.44217 
3.44209 4.44203 5.44202 6.44201 7.442 8.44197 9.4419 10.4418 11.4418 
12.4416 13.4413 14.4413 15.4412 16.4412 17.4412 18.4412 19.4411 20.4411 
21.4411 22.441 23.4409 24.4407 25.4406 26.4404 27.4402 28.4399 29.4394 
30.4391 31.4374 32.4365 33.4362 34.4362 35.4362 36.4361 37.436 38.436 
39.436 40.436 41.436 42.4359 43.4358 44.4356 45.4355 -45.4533 -44.6533 
-43.6534 -42.6534 -41.6534 -40.6535 -39.6535 -38.6535 -37.6534 -36.6535 -35.6536 
-34.6536 -33.6538 -32.654 -31.654 -30.654 -29.6541 -28.6541 -27.6543 -26.6544 
-25.6548 -24.6554 -23.656 -22.6562 -21.6567 -20.6568 -19.6568 -18.6569 -17.6569 
-16.657 -15.6571 -14.6572 -13.6572 -12.6572 -11.6572 -10.6572 -9.65723 -8.65723 
-7.65724 -6.65727 -5.65726 -4.65726 -3.65726 -2.65728 -1.65729 -0.65741 0.5181 
1.31802 2.31777 3.31767 4.31763 5.31754 6.3175 7.31744 8.31743 9.31733 
10.3172 11.317 12.3168 13.3167 14.3167 15.3167 16.3167 17.3167 18.3167 
19.3166 20.3166 21.3166 22.3166 23.3165 24.3164 25.3163 26.316 27.3155 
28.3151 29.3134 30.3128 31.3106 32.308 33.3081 34.3081 35.308 36.3079 
37.3079 38.3078 39.3078 40.3078 41.3077 42.3077 43.3076 44.3075 45.3075 
-45.434 -44.6341 -43.634 -42.6341 -41.6341 -40.6341 -39.6341 -38.6341 -37.6341 
-36.6342 -35.6341 -34.6343 -33.6343 -32.6344 -31.6345 -30.6345 -29.6347 -28.6348 
-27.635 -26.6351 -25.6356 -24.6361 -23.6367 -22.6371 -21.6374 -20.6376 -19.6377 
-18.6377 -17.6377 -16.6378 -15.6379 -14.6379 -13.638 -12.638 -11.638 -10.638 
-9.63798 -8.63799 -7.63799 -6.63802 -5.63801 -4.63802 -3.63801 -2.63803 -1.63808 
-0.63825 0.251992 1.34231 2.34217 3.34214 4.34209 5.34196 6.34186 7.34185 
8.34189 9.34184 10.3417 11.3415 12.3414 13.3412 14.3412 15.3412 16.3411 
17.3412 18.3411 19.3411 20.3411 21.3411 22.3411 23.341 24.341 25.3407 
26.3404 27.3398 28.3394 29.3387 30.3385 31.3352 32.3334 33.3334 34.3333 
35.3333 36.3332 37.3332 38.3331 39.3331 40.3331 41.3331 42.3331 43.333 
44.3329 45.3327 -45.5233 -44.7234 -43.7234 -42.7235 -41.7234 -40.7235 -39.7235 
-38.7235 -37.7235 -36.7235 -35.7235 -34.7236 -33.7243 -32.6077 -31.6079 -30.6079 
-29.608 -28.608 -27.6082 -26.6085 -25.6088 -24.6095 -23.6099 -22.6101 -21.6104 
-20.6106 -19.6106 -18.6107 -17.6107 -16.6108 -15.6109 -14.611 -13.611 -12.611 
-11.611 -10.611 -9.61101 -8.61102 -7.61102 -6.61105 -5.61104 -4.61105 -3.61106 
-2.61106 -1.61109 -0.81118 0.559289 1.35896 2.35892 3.35886 4.35881 5.35876 
6.35874 7.35872 8.35873 9.35871 10.3587 11.3586 12.3586 13.3586 14.3585 
15.3585 16.3585 17.3584 18.3584 19.3584 20.3583 21.3584 22.3583 23.3583 
24.3581 25.3579 26.3573 27.3571 28.3567 29.3559 30.3559 31.3554 32.3549 
33.3548 34.3547 35.3547 36.3546 37.3546 38.3546 39.3546 40.3546 41.3545 
42.3545 43.3543 44.354 45.354 -45.5416 -44.5416 -43.5416 -42.5416 -41.5417 
-40.5416 -39.5417 -38.5417 -37.5417 -36.5417 -35.5417 -34.5419 -33.5465 -32.5558 
-31.5558 -30.5558 -29.5559 -28.556 -27.5561 -26.5563 -25.5567 -24.5572 -23.5576 
-22.5578 -21.5585 -20.5586 -19.5586 -18.5586 -17.5586 -16.5587 -15.5588 -14.5589 
-13.5589 -12.5589 -11.5589 -10.559 -9.55895 -8.55896 -7.55896 -6.55898 -5.55898 
-4.55899 -3.55898 -2.55899 -1.55905 -0.559304 0.789532 1.38918 2.38918 3.38899 
4.38896 5.38889 6.38886 7.38886 8.3888 9.38876 10.3887 11.3884 12.3883 
13.3881 14.3881 15.3881 16.388 17.388 18.388 19.388 20.3879 21.3879 
22.3879 23.3879 24.3878 25.3875 26.387 27.3867 28.3865 29.3863 30.3861 
31.3851 32.3847 33.3844 34.3843 35.3843 36.3842 37.3842 38.3841 39.3841 
40.3841 41.3842 42.3841 43.384 44.384 45.3839 -47.3761 -46.5761 -45.5761 
-44.5761 -43.5761 -42.5762 -41.5762 -40.5762 -39.5761 -38.5762 -37.5762 -36.5762 
-35.5763 -34.5765 -33.5849 -32.5931 -31.5932 -30.5932 -29.5932 -28.5933 -27.5934 
-26.5937 -25.594 -24.5945 -23.5952 -22.5959 -21.5963 -20.5963 -19.5963 -18.5964 
-17.5964 -16.5965 -15.5965 -14.5966 -13.5966 -12.5966 -11.5966 -10.5966 -9.59661 
-8.59663 -7.59666 -6.59664 -5.59664 -4.59665 -3.59666 -2.59668 -1.59674 -0.996919 
0.465172 1.46504 2.46493 3.46492 4.46483 5.46478 6.46477 7.46474 8.46473 
9.46471 10.4646 11.4646 12.4646 13.4644 14.4644 15.4644 16.4644 17.4643 
18.4643 19.4643 20.4643 21.4642 22.4642 23.4642 24.4641 25.4638 26.4635 
27.4631 28.4628 29.4618 30.4616 31.4615 32.4614 33.4614 34.4613 35.4613 
36.4613 37.4612 38.4612 39.4611 40.4611 41.4611 42.4611 43.4609 44.4607 
45.4605 -44.6926 -43.6926 -42.6926 -41.6926 -40.6926 -39.6927 -38.6926 -37.6927 
-36.6927 -35.6927 -34.6928 -33.693 -32.6935 -31.6937 -30.7271 -29.5402 -28.5402 
-27.5402 -26.5403 -25.5403 -24.5404 -23.5407 -22.5414 -21.5428 -20.5428 -19.5428 
-18.5428 -17.5428 -16.5429 -15.5429 -14.5429 -13.543 -12.543 -11.543 -10.543 
-9.54303 -8.54305 -7.54309 -6.54311 -5.54311 -4.54313 -3.54314 -2.54312 -1.54319 
-0.543241 0.458799 1.45858 2.45853 3.45847 4.45843 5.45839 6.45837 7.45822 
8.45818 9.45816 10.4581 11.4579 12.4579 13.4578 14.4577 15.4577 16.4577 
17.4577 18.4577 19.4576 20.4576 21.4576 22.4576 23.4576 24.4575 25.4573 
26.4569 27.4566 28.4563 29.4556 30.4555 31.4495 32.4483 33.4482 34.4482 
35.4482 36.4481 37.448 38.448 39.448 40.448 41.448 42.448 43.4479 
44.4478 45.4476 -47.6849 -46.6849 -45.6849 -44.6849 -43.6849 -42.6849 -41.685 
-40.6849 -39.6849 -38.6849 -37.685 -36.6849 -35.6849 -34.6851 -33.6852 -32.6895 
-31.6982 -30.6982 -29.6983 -28.6984 -27.6984 -26.6986 -25.6988 -24.6992 -23.6998 
-22.7008 -21.7012 -20.7014 -19.7014 -18.7014 -17.7014 -16.7015 -15.7016 -14.7017 
-13.7017 -12.7017 -11.7017 -10.7017 -9.70176 -8.70176 -7.7018 -6.70182 -5.70181 
-4.70184 -3.70185 -2.70185 -1.70189 -0.90214 0.430943 1.43063 2.43052 3.43048 
4.43042 5.43036 6.43035 7.43023 8.43021 9.43017 10.4301 11.4301 12.4295 
13.4292 14.4292 15.4291 16.4291 17.4291 18.4291 19.4291 20.429 21.429 
22.429 23.4289 24.4288 25.4286 26.4285 27.4281 28.428 29.4272 30.427 
31.426 32.4254 33.4253 34.4252 35.4252 36.4252 37.4251 38.4251 39.4251 
40.4251 41.425 42.425 43.4248 44.4243 45.4242 -47.3963 -46.5963 -45.5963 
-44.5963 -43.5963 -42.5963 -41.5963 -40.5964 -39.5963 -38.5963 -37.5964 -36.5964 
-35.5964 -34.5965 -33.5967 -32.5985 -31.5993 -30.5993 -29.5993 -28.5994 -27.5995 
-26.5996 -25.5999 -24.6003 -23.6011 -22.6018 -21.6021 -20.6023 -19.6024 -18.6024 
-17.6024 -16.6024 -15.6024 -14.6026 -13.6026 -12.6026 -11.6026 -10.6026 -9.60264 
-8.60266 -7.60269 -6.60272 -5.60271 -4.60273 -3.60274 -2.60275 -1.60279 -0.602897 
0.56639 1.36628 2.36614 3.36613 4.36615 5.36609 6.36608 7.36607 8.36608 
9.36609 10.366 11.366 12.366 13.3658 14.3656 15.3655 16.3655 17.3655 
18.3654 19.3653 20.3653 21.3653 22.3653 23.3652 24.3652 25.365 26.3646 
27.3644 28.3641 29.3637 30.3636 31.3627 32.3617 33.3615 34.3615 35.3615 
36.3614 37.3614 38.3613 39.3613 40.3613 41.3613 42.3613 43.3611 44.3611 
45.361 -47.7132 -46.7132 -45.7132 -44.7132 -43.7132 -42.7133 -41.7133 -40.7132 
-39.7132 -38.7132 -37.7132 -36.7133 -35.7133 -34.7134 -33.7135 -32.7158 -31.717 
-30.717 -29.7171 -28.7171 -27.7172 -26.7173 -25.7176 -24.718 -23.7188 -22.7195 
-21.72 -20.7202 -19.7203 -18.7203 -17.7203 -16.7203 -15.7204 -14.7204 -13.7205 
-12.7205 -11.7205 -10.7205 -9.72046 -8.72049 -7.72051 -6.72053 -5.72054 -4.72055 
-3.72056 -2.72057 -1.72064 -0.920686 0.440201 1.43976 2.43963 3.4393 4.438 
5.43797 6.43789 7.43789 8.43768 9.43762 10.4376 11.4366 12.4362 13.4361 
14.436 15.436 16.436 17.436 18.436 19.436 20.4359 21.436 22.436 
23.4359 24.4359 25.4359 26.4357 27.4354 28.4348 29.4327 30.4304 31.4301 
32.4231 33.4227 34.4225 35.4225 36.4225 37.4225 38.4225 39.4224 40.4222 
41.4221 42.4221 43.4219 44.4212 45.4212 -44.3402 -43.5402 -42.5402 -41.5402 
-40.5402 -39.5402 -38.5402 -37.5402 -36.5403 -35.5403 -34.5404 -33.5407 -32.5413 
-31.5422 -30.5853 -29.5854 -28.5854 -27.5855 -26.5855 -25.5855 -24.5855 -23.5858 
-22.5863 -21.5867 -20.5872 -19.5872 -18.5872 -17.5873 -16.5873 -15.5873 -14.5873 
-13.5875 -12.5875 -11.5876 -10.5876 -9.58759 -8.58761 -7.58765 -6.5877 -5.58767 
-4.58771 -3.58773 -2.58771 -1.58774 -0.587919 0.371105 1.37082 2.37083 3.37084 
4.37081 5.37079 6.37081 7.37075 8.37073 9.3707 10.3705 11.3704 12.3703 
13.3696 14.3692 15.3691 16.3691 17.3691 18.3691 19.369 20.369 21.3689 
22.3689 23.3689 24.3688 25.3686 26.3683 27.3682 28.3679 29.3675 30.3673 
31.3669 32.366 33.3658 34.3657 35.3657 36.3656 37.3656 38.3656 39.3655 
40.3655 41.3655 42.3654 43.3651 44.3648 45.3648 -46.5482 -45.5482 -44.5482 
-43.5483 -42.5482 -41.5483 -40.5483 -39.5483 -38.5483 -37.5483 -36.5483 -35.5483 
-34.5485 -33.5486 -32.5487 -31.5607 -30.5635 -29.5635 -28.5636 -27.5637 -26.5638 
-25.564 -24.564 -23.5648 -22.566 -21.5664 -20.5666 -19.5666 -18.5666 -17.5667 
-16.5667 -15.5668 -14.5668 -13.5669 -12.567 -11.567 -10.567 -9.56697 -8.56699 
-7.56699 -6.567 -5.56701 -4.567 -3.56702 -2.56704 -1.56704 -0.567304 0.598061 
1.39774 2.3976 3.39752 4.39747 5.39742 6.39741 7.39737 8.3972 9.39716 
10.3971 11.3968 12.3967 13.3964 14.3963 15.3963 16.3963 17.3963 18.3963 
19.3963 20.3962 21.3962 22.3962 23.3961 24.3961 25.3959 26.3956 27.3955 
28.3951 29.3941 30.3941 31.3906 32.3863 33.3862 34.3863 35.3862 36.3862 
37.3861 38.3861 39.3861 40.386 41.386 42.386 43.386 44.3859 45.3857 
-43.281 -42.6809 -41.6809 -40.681 -39.681 -38.681 -37.6811 -36.6811 -35.6811 
-34.6812 -33.6814 -32.6817 -31.6825 -30.5426 -29.6302 -28.6303 -27.6303 -26.6304 
-25.6303 -24.6305 -23.6309 -22.6314 -21.6321 -20.6323 -19.6323 -18.6323 -17.6323 
-16.6323 -15.6324 -14.6325 -13.6325 -12.6325 -11.6326 -10.6326 -9.63266 -8.63266 
-7.63266 -6.63269 -5.6327 -4.63272 -3.63275 -2.63273 -1.63277 -0.63286 0.296414 
1.29604 2.29591 3.29583 4.29577 5.29565 6.29561 7.29559 8.29553 9.29545 
10.2952 11.295 12.2949 13.2947 14.2946 15.2945 16.2945 17.2945 18.2945 
19.2945 20.2946 21.2945 22.2945 23.2944 24.2943 25.2942 26.2939 27.2938 
28.2933 29.293 30.2925 31.2912 32.289 33.2889 34.2889 35.2889 36.2889 
37.2888 38.2888 39.2887 40.2887 41.2887 42.2888 43.2886 44.2885 45.2883 
-45.4917 -44.6916 -43.6916 -42.6917 -41.6917 -40.6917 -39.6917 -38.6917 -37.6918 
-36.6918 -35.6918 -34.6918 -33.6918 -32.6945 -31.6969 -30.6969 -29.6971 -28.6973 
-27.6974 -26.6976 -25.6978 -24.6982 -23.6988 -22.6991 -21.6992 -20.6993 -19.6993 
-18.6994 -17.6994 -16.6994 -15.6995 -14.6995 -13.6995 -12.6996 -11.6995 -10.6996 
-9.69956 -8.69956 -7.69956 -6.69957 -5.69958 -4.6996 -3.69959 -2.6996 -1.6996 
-0.699766 0.409132 1.40859 2.40838 3.40819 4.40818 5.40811 6.40806 7.40804 
8.40799 9.40797 10.4079 11.4076 12.4076 13.4075 14.4075 15.4074 16.4074 
17.4074 18.4074 19.4073 20.4073 21.4073 22.4072 23.4072 24.407 25.4065 
26.4058 27.4055 28.4054 29.405 30.4047 31.4045 32.4044 33.4043 34.4043 
35.4042 36.4042 37.4041 38.4041 39.4041 40.4041 41.4041 42.404 43.4038 
44.4036 45.4035 -45.4388 -44.6388 -43.6389 -42.6389 -41.639 -40.639 -39.639 
-38.639 -37.639 -36.639 -35.6391 -34.6391 -33.6391 -32.6426 -31.6466 -30.6466 
-29.6467 -28.6468 -27.647 -26.6471 -25.6473 -24.6477 -23.6483 -22.6487 -21.6488 
-20.6489 -19.6489 -18.649 -17.649 -16.649 -15.6491 -14.6491 -13.6492 -12.6492 
-11.6492 -10.6492 -9.64915 -8.64916 -7.64915 -6.64918 -5.64918 -4.64919 -3.64919 
-2.6492 -1.64924 -0.649355 0.448856 1.44879 2.44869 3.44857 4.44814 5.44813 
6.44808 7.44807 8.4478 9.44768 10.4476 11.447 12.4469 13.4468 14.4467 
15.4467 16.4467 17.4467 18.4467 19.4467 20.4467 21.4467 22.4466 23.4466 
24.4465 25.4464 26.4463 27.4459 28.4451 29.4417 30.441 31.436 32.43 
33.4299 34.4299 35.4298 36.4298 37.4297 38.4297 39.4295 40.4293 41.4293 
42.4291 43.429 44.4289 45.4289 -45.4239 -44.6239 -43.6239 -42.624 -41.624 
-40.624 -39.624 -38.624 -37.624 -36.624 -35.624 -34.6242 -33.6244 -32.6247 
-31.6251 -30.6374 -29.6374 -28.6375 -27.6375 -26.6375 -25.6376 -24.6376 -23.6379 
-22.6383 -21.6397 -20.6399 -19.64 -18.64 -17.64 -16.64 -15.6401 -14.6401 
-13.6402 -12.6402 -11.6402 -10.6403 -9.64028 -8.64029 -7.64031 -6.64033 -5.64033 
-4.64036 -3.64038 -2.64037 -1.6404 -0.640576 0.33514 1.33485 2.3347 3.33472 
4.33464 5.33463 6.33464 7.33464 8.33461 9.33457 10.3345 11.3343 12.3342 
13.3335 14.3333 15.3332 16.3332 17.3331 18.3331 19.333 20.333 21.333 
22.333 23.333 24.3329 25.3326 26.3325 27.3323 28.332 29.3318 30.3315 
31.3309 32.3296 33.3293 34.3293 35.3293 36.3292 37.3292 38.3291 39.3292 
40.3292 41.3291 42.3291 43.3289 44.3287 45.3286 -47.2935 -46.6935 -45.6935 
-44.6936 -43.6935 -42.6936 -41.6936 -40.6935 -39.6936 -38.6936 -37.6935 -36.6936 
-35.6936 -34.6937 -33.6977 -32.7056 -31.7056 -30.7057 -29.7057 -28.7059 -27.706 
-26.7062 -25.7065 -24.7069 -23.7073 -22.708 -21.7083 -20.7083 -19.7083 -18.7083 
-17.7083 -16.7084 -15.7084 -14.7085 -13.7085 -12.7085 -11.7085 -10.7085 -9.70853 
-8.70854 -7.70858 -6.7086 -5.70858 -4.70859 -3.70859 -2.7086 -1.70868 -0.908691 
0.7987 1.39874 2.39846 3.39831 4.39824 5.39818 6.39818 7.39811 8.39807 
9.398 10.3981 11.3978 12.3977 13.3973 14.3973 15.3972 16.3972 17.3972 
18.3972 19.3972 20.3972 21.3972 22.3972 23.3971 24.397 25.3969 26.3967 
27.3963 28.3961 29.3954 30.3949 31.3946 32.3908 33.3907 34.3906 35.3906 
36.3906 37.3905 38.3904 39.3904 40.3904 41.3904 42.3903 43.3903 44.3903 
45.3903 -47.7256 -46.7256 -45.7256 -44.7256 -43.7257 -42.7257 -41.7257 -40.7257 
-39.7257 -38.7256 -37.7257 -36.7257 -35.7257 -34.7258 -33.7265 -32.7278 -31.7278 
-30.7278 -29.7278 -28.7279 -27.728 -26.7282 -25.7286 -24.7291 -23.7298 -22.7306 
-21.731 -20.7311 -19.7311 -18.7311 -17.7312 -16.7313 -15.7313 -14.7314 -13.7314 
-12.7314 -11.7314 -10.7314 -9.73141 -8.73142 -7.73146 -6.73146 -5.73145 -4.73146 
-3.73149 -2.73149 -1.7316 -0.9319 0.298374 1.29812 2.29802 3.29782 4.29781 
5.29778 6.29776 7.29776 8.29772 9.29772 10.2976 11.2976 12.2975 13.2973 
14.2972 15.2972 16.2972 17.2971 18.2971 19.2971 20.297 21.297 22.2969 
23.2969 24.2967 25.2964 26.2959 27.2954 28.2954 29.2951 30.2943 31.2926 
32.2917 33.2913 34.2912 35.2911 36.2911 37.291 38.2911 39.291 40.291 
41.291 42.291 43.2908 44.2907 45.2907 
