# vtk DataFile Version 4.2
vtk output
ASCII
DATASET POLYDATA
POINTS 5017 float
1.49005 21.2565 13.9191 1.75271 20.8914 13.319 2.05968 20.4044 12.5016 
2.31083 19.8807 11.6882 2.45447 19.3153 10.8795 2.36089 18.6966 10.1048 
2.07552 18.0724 9.38145 1.64561 17.4788 8.70185 1.17432 16.8993 8.03714 
0.687876 16.3344 7.37058 0.208923 15.7829 6.68775 -0.240104 15.2553 5.96724 
-0.623811 14.7733 5.18079 -0.944559 14.3428 4.33794 -1.29801 13.876 3.23375 
-1.64775 13.4334 2.11829 -1.92908 13.0862 1.22369 -2.21429 12.7418 0.329254 
-2.51019 12.3941 -0.560372 -2.82823 12.0259 -1.43391 -3.17426 11.6322 -2.28537 
-3.54484 11.2248 -3.12003 -3.92829 10.8029 -3.94145 -4.38681 10.3193 -4.68121 
-4.98926 9.79053 -5.27175 -5.75426 9.3148 -5.7015 -6.54622 8.86617 -6.11523 
-7.3131 8.41935 -6.57519 -8.06863 8.00519 -7.08224 -8.86786 7.71268 -7.60189 
3.39332 14.5119 15.0884 3.64211 14.3157 14.4092 3.78933 13.989 13.4825 
3.68671 13.6011 12.5698 3.38049 13.185 11.7179 2.94808 12.7612 10.9233 
2.47695 12.341 10.1478 2.00325 11.9249 9.37178 1.56578 11.5365 8.56122 
1.20914 11.2044 7.68979 0.935507 10.9361 6.76707 0.682735 10.701 5.82865 
0.41823 10.4788 4.89024 0.132246 10.2466 3.96066 -0.169983 9.99897 3.04019 
-0.494131 9.75479 2.1263 -0.837065 9.51908 1.21702 -1.19315 9.28604 0.31213 
-1.56678 9.06319 -0.588203 -1.96743 8.83902 -1.4765 -2.40383 8.59784 -2.34304 
-2.89861 8.35539 -3.17706 -3.5025 8.08107 -3.92128 -4.24357 7.75904 -4.49917 
-5.07142 7.36009 -4.891 -5.89261 6.92297 -5.2575 -6.6874 6.50123 -5.69233 
-7.45804 6.07564 -6.16653 1.6211 18.2372 16.5821 2.02511 18.0035 15.9956 
2.51027 17.7081 15.1732 2.93418 17.4407 14.3086 3.27037 17.1898 13.4015 
3.4518 16.9132 12.4615 3.40773 16.5625 11.5318 3.14444 16.1365 10.6716 
2.72549 15.6693 9.89587 2.23629 15.1913 9.16663 1.72219 14.7202 8.44987 
1.22172 14.2574 7.71836 0.767878 13.8201 6.94287 0.381889 13.4233 6.11157 
0.069952 13.0794 5.2265 -0.209545 12.7662 4.31891 -0.489533 12.4708 3.40548 
-0.774248 12.1829 2.49115 -1.06338 11.8954 1.57802 -1.35739 11.6128 0.665001 
-1.65966 11.3335 -0.246368 -1.97874 11.0366 -1.1463 -2.32095 10.7181 -2.03016 
-2.68525 10.3859 -2.90011 -3.06569 10.0351 -3.75568 -3.49441 9.65096 -4.56983 
-4.0808 9.21109 -5.24201 -4.86666 8.799 -5.6938 -5.71789 8.4255 -6.062 
-6.53167 8.0108 -6.46764 -7.30259 7.58648 -6.94186 -8.09738 7.27396 -7.45655 
0.837807 21.4656 13.1262 1.0371 20.761 12.9647 1.34304 19.8518 12.6883 
1.68983 19.0023 12.2944 2.02032 18.2006 11.798 2.19304 17.4243 11.1982 
2.09624 16.6905 10.537 1.74915 16.0389 9.86952 1.29972 15.4376 9.20929 
0.812524 14.8643 8.55073 0.320422 14.307 7.88196 -0.143135 13.7623 7.18349 
-0.525671 13.2778 6.40012 -0.814119 12.9 5.52267 -1.08622 12.567 4.61995 
-1.38549 12.2478 3.7209 -1.71104 11.9345 2.82887 -2.06525 11.6236 1.94697 
-2.45088 11.3284 1.07308 -2.88215 11.0618 0.211663 -3.3636 10.8145 -0.628897 
-3.89937 10.5727 -1.43745 -4.51107 10.3227 -2.18624 -5.18136 10.0071 -2.85648 
-5.89324 9.58604 -3.41416 -6.60834 9.05943 -3.87106 -7.32153 8.5006 -4.29387 
-8.04585 8.00121 -4.76684 -8.80524 7.64192 -5.30346 2.13817 18.0848 14.6535 
2.45583 17.7803 14.0462 2.83684 17.38 13.2134 3.05038 16.9566 12.3379 
3.03104 16.4657 11.4709 2.77313 15.9338 10.6714 2.36676 15.3946 9.93546 
1.8806 14.8733 9.23448 1.37325 14.3694 8.53539 0.876568 13.8778 7.82015 
0.417215 13.407 7.06781 0.0454293 12.9866 6.24248 -0.250061 12.6297 5.35716 
-0.523498 12.3194 4.44672 -0.73365 12.095 3.76264 -0.951189 11.8703 3.08096 
-1.25545 11.5699 2.17702 -1.57747 11.2789 1.27617 -1.91462 10.9928 0.379238 
-2.27507 10.7015 -0.506735 -2.67035 10.4077 -1.37682 -3.10755 10.1025 -2.2226 
-3.5884 9.78539 -3.03981 -4.1651 9.41516 -3.76188 -4.84514 8.97152 -4.34066 
-5.60367 8.4636 -4.7456 -6.36568 7.93369 -5.11771 -7.1319 7.46169 -5.55118 
-7.91116 7.05741 -6.02914 1.58019 20.7523 13.0447 1.89102 20.1313 12.3259 
2.14053 19.5091 11.5843 2.27958 18.8619 10.8399 2.18191 18.1979 10.1067 
1.85314 17.5553 9.4164 1.41681 16.9501 8.75194 0.941924 16.3628 8.09661 
0.459177 15.7925 7.43204 -0.0112495 15.2369 6.74668 -0.441776 14.7144 6.0117 
-0.806945 14.2403 5.2121 -1.1012 13.8379 4.34612 -1.38617 13.4748 3.45906 
-1.67697 13.1267 2.56789 -1.97512 12.7803 1.67843 -2.28372 12.4395 0.790421 
-2.60953 12.0986 -0.0913275 -2.96898 11.7355 -0.950737 -3.36321 11.3578 -1.78834 
-3.80975 10.9677 -2.5931 -4.3082 10.5493 -3.3517 -4.89168 10.0799 -4.00566 
-5.58595 9.55943 -4.50093 -6.31324 9.02015 -4.92476 -7.0554 8.52199 -5.37166 
-7.80917 8.09367 -5.86843 -8.58137 7.73686 -6.39273 1.73052 16.0201 17.7355 
2.22185 15.8573 17.1929 2.81928 15.6495 16.4194 3.33524 15.4729 15.5826 
3.74337 15.3367 14.6818 3.9743 15.1794 13.7264 3.99919 14.9351 12.7586 
3.84406 14.6473 11.8192 3.51549 14.2957 10.9454 3.08001 13.9012 10.1374 
2.59114 13.4998 9.36305 2.08923 13.096 8.59818 1.61083 12.7073 7.81109 
1.19687 12.3561 6.97252 0.854122 12.0479 6.08584 0.568089 11.7884 5.16368 
0.290058 11.5437 4.23481 0.0780334 11.3581 3.53975 -0.137619 11.1691 2.84674 
-0.433193 10.9218 1.92399 -0.736515 10.6817 1.00186 -1.04202 10.4423 0.0802555 
-1.35623 10.202 -0.838185 -1.69088 9.94664 -1.74511 -2.04499 9.66628 -2.63722 
-2.4194 9.37335 -3.51689 -2.82973 9.0698 -4.37643 -3.36412 8.717 -5.13875 
-4.14106 8.38236 -5.65217 -5.02277 8.08912 -6.02026 -5.88961 7.75589 -6.38919 
-6.69551 7.3884 -6.85121 -7.47854 7.05273 -7.37304 1.85563 18.8293 15.3917 
2.17945 18.5597 14.7712 2.58323 18.2188 13.9228 2.90112 17.8934 13.0332 
3.06937 17.5356 12.1175 3.04495 17.117 11.2163 2.82694 16.6418 10.3674 
2.44264 16.135 9.59797 1.9667 15.6281 8.87959 1.46058 15.1334 8.17306 
0.957837 14.6442 7.46046 0.488619 14.1728 6.71447 0.0768107 13.7316 5.91782 
-0.252273 13.3489 5.05575 -0.538738 13.0154 4.15779 -0.818601 12.7019 3.25041 
-1.10487 12.3916 2.3439 -1.39863 12.0884 1.4374 -1.69965 11.7915 0.531196 
-2.0091 11.4895 -0.370484 -2.33904 11.1709 -1.25892 -2.69859 10.8364 -2.12995 
-3.08128 10.4792 -2.98188 -3.48984 10.1028 -3.81313 -3.95963 9.68468 -4.58785 
-4.60991 9.20511 -5.16234 -5.40301 8.7399 -5.5532 -6.20889 8.28602 -5.93293 
-6.98302 7.82085 -6.36153 -7.75418 7.41481 -6.84951 2.23684 17.7864 14.7667 
2.56435 17.5017 14.1551 2.9377 17.1278 13.3076 3.15527 16.7153 12.4255 
3.13886 16.2414 11.5522 2.87707 15.7285 10.7407 2.47203 15.2094 9.99067 
1.97733 14.7025 9.28496 1.46779 14.2094 8.57978 0.977476 13.7327 7.85065 
0.539765 13.287 7.07137 0.204435 12.9107 6.20895 -0.0747432 12.5849 5.30583 
-0.349642 12.2856 4.39219 -0.562096 12.068 3.70659 -0.782853 11.8497 3.02389 
-1.08643 11.5568 2.11722 -1.40163 11.2724 1.21186 -1.73151 10.9932 0.310097 
-2.08665 10.7004 -0.577581 -2.47236 10.4002 -1.44991 -2.89748 10.0848 -2.29798 
-3.37088 9.7486 -3.11161 -3.92994 9.36705 -3.84127 -4.65168 8.90504 -4.3491 
-5.42622 8.39865 -4.72749 -6.19015 7.86536 -5.09062 -6.96097 7.38815 -5.50932 
-7.74031 6.97651 -5.98097 3.02728 15.7196 14.0547 3.35935 15.2355 13.2489 
3.40954 14.7246 12.3997 3.18607 14.2061 11.5809 2.78137 13.7066 10.8178 
2.30701 13.2267 10.0801 1.80572 12.7587 9.35236 1.32142 12.3097 8.60176 
0.897936 11.9 7.79488 0.55792 11.5498 6.92449 0.287733 11.2647 6.00535 
0.0263787 11.0016 5.07667 -0.333252 10.6662 3.92764 -0.730238 10.3256 2.79248 
-1.07452 10.0512 1.89467 -1.44305 9.79279 1.0018 -1.84028 9.55425 0.115759 
-2.27385 9.32337 -0.75501 -2.75499 9.11165 -1.60514 -3.3083 8.91288 -2.41301 
-3.95266 8.69891 -3.14563 -4.69653 8.38773 -3.7256 -5.49182 7.97709 -4.1694 
-6.28837 7.52191 -4.56688 -7.08012 7.09966 -5.00702 -7.8818 6.75292 -5.49246 
1.46802 17.274 17.7803 1.94768 17.0707 17.2426 2.52061 16.8223 16.4619 
3.03259 16.6016 15.6327 3.47508 16.4331 14.7527 3.80499 16.2919 13.823 
3.9299 16.1298 12.8491 3.80565 15.868 11.8957 3.52892 15.5192 11.0041 
3.11865 15.1063 10.1926 2.63682 14.6791 9.42776 2.12614 14.2454 8.68547 
1.6128 13.8152 7.94294 1.13852 13.4039 7.16515 0.722957 13.022 6.34052 
0.388889 12.6923 5.45842 0.102451 12.4018 4.54549 -0.175572 12.1234 3.62616 
-0.459768 11.8544 2.70592 -0.751602 11.5881 1.78729 -1.04612 11.321 0.869722 
-1.34467 11.0595 -0.048145 -1.65592 10.7931 -0.960313 -1.98843 10.501 -1.85687 
-2.34321 10.1884 -2.73791 -2.71495 9.86646 -3.60854 -3.12321 9.51814 -4.45063 
-3.66941 9.12512 -5.17783 -4.44283 8.74199 -5.67055 -5.3152 8.41713 -6.03526 
-6.15347 8.03975 -6.42566 -6.94232 7.63704 -6.88855 -7.73283 7.31799 -7.40471 
2.30889 17.7738 14.6501 2.72922 17.4034 13.8225 3.05158 17.0307 12.9545 
3.18793 16.611 12.0635 3.06921 16.1279 11.2034 2.76362 15.6161 10.4025 
2.33609 15.104 9.65843 1.84317 14.6046 8.94613 1.33525 14.1217 8.23287 
0.845832 13.6532 7.49794 0.416538 13.2167 6.70891 0.0733567 12.8343 5.85202 
-0.207848 12.5083 4.94976 -0.483946 12.2093 4.03632 -0.69622 11.9905 3.3511 
-0.916258 11.7713 2.66841 -1.21943 11.4776 1.76192 -1.53652 11.1946 0.856737 
-1.86554 10.9151 -0.045235 -2.21537 10.6235 -0.935425 -2.59911 10.3193 -1.80716 
-3.01771 9.99946 -2.65697 -3.47448 9.65722 -3.47709 -4.01134 9.26764 -4.22285 
-4.70324 8.80682 -4.76558 -5.47977 8.29793 -5.13594 -6.25958 7.79482 -5.50735 
-7.02912 7.33209 -5.94651 -7.80853 6.92543 -6.42155 1.74029 17.9353 16.9146 
2.27678 17.6479 16.1217 2.76805 17.3841 15.292 3.19345 17.1597 14.416 
3.51068 16.9619 13.4908 3.65231 16.7336 12.53 3.58002 16.4291 11.5857 
3.2961 16.0344 10.7176 2.86532 15.5895 9.93365 2.37601 15.1302 9.19253 
1.86148 14.6735 8.46688 1.35815 14.2246 7.7287 0.9023 13.7998 6.94744 
0.512337 13.4137 6.11282 0.194483 13.0782 5.22661 -0.0858515 12.7764 4.31541 
-0.365876 12.4896 3.39928 -0.649576 12.2097 2.48214 -0.936547 11.9309 1.56567 
-1.22651 11.656 0.648957 -1.52308 11.3829 -0.266155 -1.8359 11.0911 -1.16983 
-2.17665 10.7699 -2.05333 -2.53354 10.4395 -2.92707 -2.90436 10.0922 -3.78823 
-3.30996 9.71545 -4.61899 -3.84938 9.29626 -5.34375 -4.62267 8.91348 -5.8312 
-5.4986 8.59854 -6.1952 -6.33397 8.23071 -6.60155 -7.11782 7.82738 -7.07275 
-7.90705 7.51997 -7.59772 2.06289 18.3156 14.5016 2.37743 17.9891 13.9042 
2.74904 17.5566 13.0837 2.97666 17.1173 12.2196 3.01503 16.6438 11.3456 
2.80224 16.1413 10.513 2.41227 15.6209 9.75529 1.928 15.1126 9.04355 
1.42165 14.6173 8.33762 0.921481 14.131 7.62124 0.454907 13.6637 6.87074 
0.0749109 13.2441 6.04828 -0.231605 12.88 5.16957 -0.508938 12.5655 4.26183 
-0.71912 12.3374 3.57896 -0.93609 12.1105 2.89784 -1.23207 11.8085 1.99168 
-1.54171 11.5162 1.08687 -1.86401 11.2264 0.185692 -2.20229 10.9289 -0.707004 
-2.57078 10.619 -1.58329 -2.97265 10.2923 -2.43861 -3.40407 9.94773 -3.27219 
-3.90484 9.55987 -4.04387 -4.552 9.10145 -4.64079 -5.30306 8.59398 -5.05803 
-6.07701 8.07651 -5.42272 -6.84704 7.59495 -5.8398 -7.6145 7.15702 -6.30607 
2.71174 14.5417 16.8944 3.24848 14.3832 16.0668 3.6817 14.2369 15.1798 
3.95873 14.0597 14.2393 4.07253 13.8133 13.2815 3.96167 13.5252 12.333 
3.65746 13.2045 11.4391 3.23529 12.8454 10.6074 2.77019 12.4754 9.80318 
2.3019 12.1041 9.00146 1.85535 11.7447 8.18235 1.48519 11.4369 7.30752 
1.18276 11.1786 6.39055 0.917969 10.9544 5.4527 0.649516 10.744 4.51271 
0.366426 10.5312 3.57755 0.0731256 10.3076 2.64805 -0.231619 10.0815 1.72288 
-0.545677 9.86701 0.79803 -0.863476 9.65652 -0.126468 -1.1872 9.43808 -1.04703 
-1.53393 9.20375 -1.95514 -1.90523 8.95182 -2.84873 -2.30613 8.68919 -3.7261 
-2.77709 8.40945 -4.55843 -3.43418 8.08944 -5.22784 -4.27318 7.79311 -5.67744 
-5.15708 7.49926 -6.04045 -6.00055 7.15666 -6.45185 -6.80426 6.80919 -6.93393 
-7.59801 6.52226 -7.4663 1.83987 19.2065 14.9136 2.2337 18.8247 14.0776 
2.60173 18.4513 13.2262 2.85787 18.0781 12.337 2.93053 17.6657 11.4317 
2.78405 17.1743 10.58 2.43582 16.6346 9.81814 1.98515 16.0999 9.10451 
1.48674 15.5806 8.41034 0.990782 15.0696 7.70833 0.516106 14.5749 6.98075 
0.0936815 14.109 6.20454 -0.267262 13.6857 5.37455 -0.570118 13.3205 4.49469 
-0.919159 12.9081 3.36753 -1.27611 12.5098 2.23776 -1.57223 12.1993 1.33452 
-1.87554 11.8918 0.432602 -2.18985 11.576 -0.462564 -2.52862 11.2474 -1.34401 
-2.89777 10.9005 -2.20612 -3.28856 10.5331 -3.05009 -3.71414 10.1434 -3.86631 
-4.22626 9.69739 -4.59145 -4.90328 9.1896 -5.1179 -5.67869 8.68959 -5.50156 
-6.4615 8.20948 -5.89676 -7.22441 7.74537 -6.34567 -7.99962 7.35415 -6.84016 
1.33755 19.5863 13.5375 1.62302 18.9697 13.2216 2.03247 18.1949 12.7404 
2.40513 17.4585 12.1803 2.561 16.7666 11.4853 2.40458 16.1044 10.764 
2.04707 15.4837 10.0698 1.57996 14.913 9.39493 1.07993 14.3683 8.72167 
0.583576 13.842 8.03135 0.122534 13.3324 7.30615 -0.228884 12.8956 6.48125 
-0.511198 12.5452 5.58928 -0.784916 12.2336 4.67943 -1.07282 11.9215 3.77408 
-1.38213 11.6119 2.87504 -1.71823 11.3111 1.98261 -2.08305 11.017 1.09931 
-2.48163 10.74 0.225231 -2.9165 10.4828 -0.637545 -3.4177 10.2376 -1.46662 
-3.98762 10.0027 -2.25338 -4.63704 9.73499 -2.9631 -5.34237 9.3683 -3.56273 
-6.08031 8.87143 -4.01724 -6.82076 8.34777 -4.43853 -7.56569 7.85813 -4.89042 
-8.33677 7.4886 -5.40417 1.72599 20.0943 14.7807 2.09355 19.7112 13.9334 
2.43954 19.3353 13.0739 2.72242 18.9551 12.1946 2.87165 18.5515 11.2948 
2.77243 18.0728 10.4305 2.45646 17.5256 9.65783 2.03013 16.9819 8.93678 
1.54312 16.4515 8.24292 1.04812 15.9259 7.55101 0.564214 15.4133 6.84193 
0.113168 14.9215 6.09781 -0.272747 14.4715 5.29319 -0.591168 14.0775 4.43217 
-0.943164 13.6369 3.31669 -1.29114 13.2188 2.19129 -1.57 12.8966 1.28665 
-1.85102 12.5751 0.382401 -2.14163 12.2432 -0.514999 -2.45546 11.8913 -1.39672 
-2.79689 11.5165 -2.25849 -3.15105 11.1278 -3.10908 -3.52022 10.7224 -3.94511 
-3.9594 10.2677 -4.71387 -4.60255 9.76204 -5.28112 -5.39144 9.32141 -5.70199 
-6.20208 8.89186 -6.09985 -6.98426 8.45209 -6.53996 -7.74075 8.02314 -7.03304 
-8.52347 7.69166 -7.55362 2.15295 18.1331 14.68 2.46766 17.8406 14.0654 
2.84412 17.4563 13.2232 3.05721 17.0483 12.3398 3.02703 16.566 11.4698 
2.76245 16.0285 10.6726 2.36208 15.4857 9.93628 1.87247 14.9632 9.23842 
1.36585 14.4558 8.5414 0.874074 13.9635 7.8235 0.428475 13.4987 7.05984 
0.073126 13.09 6.22146 -0.215128 12.7391 5.33075 -0.489713 12.4263 4.42159 
-0.771713 12.1257 3.51045 -1.06469 11.8246 2.60301 -1.37131 11.5268 1.69899 
-1.6945 11.239 0.797489 -2.03427 10.9494 -0.0972365 -2.39951 10.6525 -0.979468 
-2.80026 10.3463 -1.84273 -3.23612 10.0243 -2.68296 -3.72343 9.68032 -3.48386 
-4.31497 9.27266 -4.17181 -5.0352 8.79482 -4.66887 -5.80044 8.26976 -5.04058 
-6.5645 7.75202 -5.42333 -7.33404 7.30102 -5.87451 -8.11823 6.90545 -6.35157 
1.85263 17.468 16.9031 2.39705 17.1977 16.1094 2.8904 16.9528 15.2756 
3.31179 16.7453 14.3932 3.61802 16.5518 13.4635 3.72303 16.3193 12.5014 
3.58914 15.9928 11.5725 3.26867 15.5767 10.7236 2.82942 15.1302 9.94605 
2.32844 14.6729 9.21137 1.81508 14.2207 8.48202 1.31868 13.7812 7.73365 
0.882881 13.3737 6.93247 0.52022 13.0131 6.07446 0.220732 12.7014 5.17299 
-0.0577907 12.412 4.25723 -0.268719 12.2036 3.56832 -0.483 11.9986 2.87945 
-0.773981 11.7264 1.96224 -1.06888 11.4543 1.04627 -1.36975 11.188 0.130585 
-1.68705 10.9114 -0.776468 -2.02409 10.6109 -1.66852 -2.38629 10.2922 -2.54443 
-2.76765 9.96068 -3.40721 -3.19177 9.59261 -4.23365 -3.7685 9.17836 -4.9171 
-4.56349 8.7501 -5.34328 -5.39801 8.33786 -5.70806 -6.19711 7.8835 -6.10039 
-6.97295 7.44396 -6.55146 -7.75505 7.07079 -7.04873 3.62398 13.3529 15.6621 
3.93182 13.1966 14.7264 4.02283 12.9639 13.7647 3.86198 12.6682 12.8264 
3.5435 12.3391 11.9399 3.1225 11.9822 11.1065 2.66957 11.6158 10.2936 
2.22705 11.2484 9.47572 1.83004 10.9079 8.62409 1.50964 10.6244 7.72147 
1.24382 10.3926 6.78631 0.997043 10.1928 5.83809 0.733647 9.99831 4.89326 
0.447325 9.79655 3.95669 0.142 9.58049 3.02933 -0.184077 9.35979 2.11014 
-0.524301 9.1482 1.19393 -0.876511 8.93929 0.281636 -1.24198 8.72716 -0.62466 
-1.63307 8.51204 -1.51939 -2.06262 8.28136 -2.39219 -2.55717 8.04904 -3.22869 
-3.1918 7.78202 -3.94911 -3.95588 7.47488 -4.50708 -4.79138 7.10499 -4.9108 
-5.62135 6.68912 -5.28151 -6.42401 6.28341 -5.71774 -7.19321 5.85978 -6.1957 
3.64195 13.5741 15.3346 3.85406 13.4279 14.6309 3.96655 13.1735 13.6755 
3.83431 12.8623 12.74 3.52365 12.5205 11.8572 3.09971 12.1526 11.03 
2.64209 11.7779 10.2236 2.19395 11.4029 9.4122 1.7955 11.0597 8.56272 
1.47449 10.7745 7.66024 1.20968 10.5417 6.72497 0.95909 10.3349 5.7793 
0.69318 10.1357 4.83613 0.40393 9.92663 3.90205 0.0992508 9.70471 2.97586 
-0.22561 9.48137 2.05688 -0.563566 9.26747 1.14037 -0.911703 9.05466 0.227409 
-1.2688 8.83711 -0.680937 -1.64782 8.62037 -1.58045 -2.0566 8.38762 -2.4628 
-2.50955 8.14651 -3.32032 -3.05072 7.8912 -4.11971 -3.77621 7.58491 -4.7209 
-4.60958 7.23777 -5.14783 -5.45084 6.85548 -5.52952 -6.26077 6.45621 -5.95821 
-7.02724 6.03901 -6.44606 2.77458 16.0227 14.3198 3.08911 15.6427 13.7555 
3.35469 15.1209 12.9536 3.32402 14.5838 12.1205 3.03458 14.0556 11.3265 
2.59595 13.5575 10.5789 2.11212 13.0759 9.84853 1.61195 12.6082 9.1198 
1.13651 12.1623 8.36217 0.751638 11.7763 7.52608 0.460083 11.4672 6.62235 
0.201207 11.1999 5.69425 -0.068268 10.9327 4.76911 -0.360029 10.6621 3.85177 
-0.676457 10.3897 2.9432 -1.01589 10.1159 2.04331 -1.37635 9.85089 1.14907 
-1.7692 9.60987 0.261806 -2.19667 9.37787 -0.611753 -2.66684 9.15923 -1.46639 
-3.19978 8.95873 -2.28782 -3.82013 8.74761 -3.04176 -4.54012 8.47396 -3.67061 
-5.32722 8.07544 -4.13852 -6.12277 7.61424 -4.53093 -6.91403 7.17396 -4.95382 
-7.71183 6.80228 -5.42686 3.3803 13.6554 16.2979 3.69753 13.5708 15.624 
3.98681 13.4284 14.6811 4.07791 13.208 13.7127 3.95935 12.9258 12.7647 
3.67914 12.6154 11.86 3.27924 12.2745 11.0102 2.83276 11.92 10.1887 
2.38375 11.5609 9.37058 1.95735 11.2107 8.53679 1.59538 10.9042 7.65784 
1.30812 10.6576 6.73275 1.05521 10.4503 5.78779 0.794811 10.2531 4.84269 
0.515991 10.0541 3.90321 0.223463 9.84581 2.96995 -0.0840872 9.62743 2.04385 
-0.40661 9.41658 1.1211 -0.737123 9.21364 0.199373 -1.07507 9.00332 -0.71795 
-1.42927 8.78448 -1.62704 -1.81334 8.55223 -2.52053 -2.23055 8.30777 -3.39554 
-2.70665 8.05474 -4.23697 -3.33881 7.76428 -4.94701 -4.16057 7.4641 -5.42173 
-5.03026 7.15458 -5.80574 -5.87547 6.80349 -6.2073 -6.66409 6.43071 -6.69477 
-7.42912 6.06131 -7.22219 1.82047 14.1285 18.5844 2.53759 13.9989 17.9017 
3.14815 13.8816 17.1198 3.67578 13.7908 16.2766 4.05486 13.7243 15.3566 
4.26305 13.6306 14.3851 4.27472 13.4597 13.4046 4.07331 13.205 12.4637 
3.71696 12.8889 11.5855 3.28556 12.5409 10.7538 2.82728 12.1828 9.94044 
2.37666 11.8246 9.12277 1.96217 11.4893 8.27752 1.62146 11.2085 7.38086 
1.33913 10.9772 6.45042 1.07791 10.7734 5.50693 0.807226 10.5757 4.5648 
0.523634 10.3741 3.62733 0.229082 10.162 2.69553 -0.077181 9.94584 1.76847 
-0.389157 9.7391 0.841157 -0.704252 9.5397 -0.0867135 -1.02543 9.33089 -1.01039 
-1.36565 9.10513 -1.92312 -1.72821 8.86617 -2.82386 -2.11648 8.61669 -3.71083 
-2.56519 8.35456 -4.56238 -3.17111 8.05362 -5.29224 -3.99326 7.78269 -5.77882 
-4.89101 7.55031 -6.15201 -5.75531 7.26061 -6.56024 -6.57671 6.95466 -7.04074 
-7.37803 6.70328 -7.57973 3.56485 13.5078 15.5034 3.80629 13.3661 14.8099 
3.95222 13.1218 13.8566 3.82818 12.8076 12.9193 3.53062 12.4627 12.0319 
3.11442 12.0933 11.2017 2.657 11.7187 10.3953 2.20373 11.3393 9.58873 
1.77402 10.9706 8.76467 1.41987 10.6523 7.88675 1.14307 10.3977 6.96109 
0.899185 10.1818 6.01572 0.643348 9.98167 5.07 0.286005 9.72077 3.9011 
-0.10236 9.43806 2.74722 -0.439421 9.21142 1.83346 -0.794209 8.99357 0.924299 
-1.16205 8.77617 0.0201855 -1.54966 8.56511 -0.877082 -1.96785 8.35089 -1.75963 
-2.42519 8.1271 -2.61985 -2.94847 7.90815 -3.44255 -3.60796 7.64579 -4.14181 
-4.3907 7.33185 -4.67009 -5.2269 6.94691 -5.05921 -6.04525 6.53514 -5.45893 
-6.83066 6.12346 -5.92037 -7.59561 5.68391 -6.38967 1.69188 19.6028 13.3692 
2.04815 18.9609 12.6903 2.363 18.3217 11.9902 2.50039 17.6873 11.2336 
2.3669 17.0448 10.4893 2.0047 16.4273 9.79345 1.54382 15.8509 9.11916 
1.0545 15.2912 8.45039 0.563688 14.7472 7.76988 0.096573 14.2171 7.06281 
-0.301382 13.7328 6.28501 -0.61803 13.3298 5.42832 -0.893931 12.9845 4.53163 
-1.17628 12.6547 3.6308 -1.4782 12.3326 2.73361 -1.79574 12.0154 1.84003 
-2.13336 11.6999 0.953218 -2.49187 11.3906 0.0725195 -2.8908 11.0793 -0.789559 
-3.33594 10.76 -1.6259 -3.82928 10.4314 -2.43067 -4.39291 10.0862 -3.17921 
-5.0493 9.66992 -3.80395 -5.76001 9.17811 -4.30315 -6.49693 8.64576 -4.71931 
-7.24287 8.14984 -5.16226 -8.00037 7.72426 -5.65648 -8.79191 7.40226 -6.17086 
2.04474 17.7769 14.1709 2.38567 17.3244 13.6796 2.7766 16.7422 12.9691 
2.98811 16.1547 12.196 2.99152 15.545 11.4074 2.73406 14.9827 10.6261 
2.30135 14.4586 9.89434 1.80896 13.9542 9.18521 1.30071 13.4674 8.47493 
0.813786 12.9985 7.73819 0.404739 12.5758 6.93165 0.0933265 12.222 6.05138 
-0.170454 11.9157 5.13688 -0.443999 11.6313 4.21812 -0.663013 11.4177 3.53337 
-0.892657 11.2008 2.85315 -1.20932 10.9106 1.95009 -1.54834 10.635 1.05066 
-1.91076 10.3677 0.157869 -2.30768 10.0997 -0.71975 -2.74464 9.83812 -1.58004 
-3.2327 9.5675 -2.40936 -3.78639 9.27781 -3.18766 -4.45139 8.94001 -3.8496 
-5.19879 8.49958 -4.34074 -5.97567 7.99666 -4.7192 -6.74916 7.5042 -5.11586 
-7.52819 7.08406 -5.58043 -8.32922 6.72803 -6.06087 1.72042 19.3354 14.5685 
2.01428 18.9993 13.966 2.38585 18.5414 13.1585 2.6889 18.0807 12.3267 
2.7991 17.5977 11.4612 2.6632 17.0496 10.6448 2.33017 16.4777 9.8985 
1.86904 15.9276 9.20282 1.37264 15.3944 8.51772 0.875953 14.8692 7.82683 
0.394529 14.3573 7.11551 -0.0491315 13.8642 6.3679 -0.409111 13.4298 5.54451 
-0.700306 13.0686 4.65902 -1.04625 12.6575 3.53042 -1.41288 12.2569 2.40461 
-1.72223 11.9459 1.50596 -2.04335 11.6357 0.611198 -2.3827 11.3233 -0.275999 
-2.75756 11.0066 -1.14718 -3.16614 10.674 -1.99692 -3.61896 10.3243 -2.81678 
-4.1367 9.94934 -3.58406 -4.74641 9.5078 -4.23386 -5.46755 8.99594 -4.69694 
-6.21326 8.45244 -5.08214 -6.96749 7.94926 -5.50194 -7.73065 7.51149 -5.97611 
-8.52704 7.15701 -6.46143 1.2475 20.1763 13.466 1.60138 19.3514 13.0275 
1.97629 18.5897 12.4998 2.30735 17.8539 11.9132 2.43775 17.1525 11.2229 
2.26487 16.4738 10.5142 1.89966 15.8454 9.83107 1.44898 15.2609 9.15743 
0.958375 14.702 8.48899 0.464532 14.1605 7.80867 -0.008564 13.6349 7.10198 
-0.388828 13.1669 6.30861 -0.684246 12.7878 5.43279 -0.954622 12.4596 4.52775 
-1.24006 12.1396 3.62445 -1.55347 11.8284 2.72734 -1.89316 11.5215 1.83831 
-2.25378 11.2172 0.956684 -2.65033 10.9354 0.0832275 -3.09659 10.6665 -0.769865 
-3.60184 10.4043 -1.59131 -4.18229 10.1426 -2.36115 -4.83132 9.84925 -3.06199 
-5.54203 9.43641 -3.62376 -6.27163 8.9316 -4.08388 -7.00525 8.40356 -4.51149 
-7.74895 7.93211 -4.9833 -8.51779 7.57405 -5.5082 3.22288 14.7091 15.7606 
3.54933 14.5774 15.0998 3.84883 14.3771 14.1707 3.93761 14.0972 13.2212 
3.77002 13.7413 12.3047 3.43245 13.3493 11.4521 2.98706 12.9404 10.6565 
2.51037 12.5314 9.87848 2.03635 12.1268 9.0966 1.60333 11.7534 8.27674 
1.24819 11.4339 7.39973 0.967414 11.1733 6.4768 0.706997 10.947 5.53823 
0.432245 10.7238 4.60301 0.142061 10.4873 3.67577 -0.162496 10.2412 2.75565 
-0.481783 10.0037 1.83828 -0.813196 9.77337 0.923355 -1.15454 9.54391 0.0118715 
-1.51259 9.31476 -0.893188 -1.89864 9.06726 -1.78159 -2.31072 8.80001 -2.65255 
-2.76719 8.53224 -3.49997 -3.33216 8.22839 -4.26044 -4.06893 7.88581 -4.83504 
-4.89991 7.49839 -5.23216 -5.73069 7.08807 -5.60781 -6.53105 6.66559 -6.03222 
-7.30336 6.24555 -6.5084 1.65778 16.9198 17.328 2.11135 16.7322 16.7611 
2.66716 16.4869 15.9676 3.14643 16.2733 15.1171 3.54253 16.0918 14.2189 
3.76078 15.8948 13.2656 3.75839 15.6231 12.3091 3.54366 15.2551 11.4095 
3.17084 14.8208 10.5926 2.70035 14.3766 9.83099 2.19453 13.9308 9.09252 
1.68946 13.4944 8.34805 1.22736 13.084 7.56278 0.840876 12.7193 6.71644 
0.519258 12.4032 5.82502 0.23959 12.1268 4.90565 -0.0378074 11.8574 3.98344 
-0.324843 11.5912 3.06328 -0.621466 11.3285 2.14512 -0.924021 11.0661 1.22882 
-1.22965 10.8043 0.313362 -1.54604 10.5495 -0.600325 -1.88258 10.2767 -1.50145 
-2.24148 9.97636 -2.38512 -2.62262 9.66782 -3.2565 -3.04086 9.33253 -4.10027 
-3.58413 8.94992 -4.84024 -4.31566 8.54484 -5.37358 -5.16981 8.1743 -5.73734 
-6.00879 7.77326 -6.10359 -6.79589 7.35365 -6.55363 -7.56775 6.97013 -7.05968 
1.33118 18.701 13.7791 1.64583 18.0635 13.5434 2.09891 17.2565 13.1658 
2.50634 16.5029 12.656 2.67863 15.7812 12.0004 2.55819 15.1049 11.2844 
2.19202 14.4902 10.5875 1.72468 13.928 9.90662 1.22122 13.3938 9.22766 
0.711105 12.8757 8.54122 0.24449 12.3797 7.81137 -0.0717603 11.9788 6.95487 
-0.334015 11.6585 6.04496 -0.609995 11.3715 5.12773 -1 11 4 
-1.43333 10.6206 2.89082 -1.83206 10.3429 2.01723 -2.28468 10.0987 1.16004 
-2.79282 9.92514 0.31818 -3.36494 9.84873 -0.497648 -3.98637 9.78899 -1.27838 
-4.6727 9.67096 -1.99289 -5.40021 9.3962 -2.61348 -6.1389 8.95051 -3.1162 
-6.85869 8.39441 -3.52969 1.64072 15.4127 18.2733 2.34387 15.2194 17.594 
2.96838 15.0439 16.8346 3.49349 14.9096 15.9956 3.91325 14.8101 15.0958 
4.14959 14.6981 14.1333 4.19889 14.5182 13.1565 4.03092 14.2505 12.212 
3.69726 13.9186 11.3318 3.25855 13.536 10.5191 2.77795 13.1482 9.73277 
2.28939 12.7575 8.95269 1.83254 12.3878 8.14405 1.43417 12.0579 7.28954 
1.11717 11.783 6.38218 0.835308 11.5411 5.45392 0.558244 11.3149 4.52006 
0.274421 11.0851 3.58914 -0.0178222 10.8477 2.66275 -0.319891 10.6171 1.73781 
-0.625241 10.3923 0.812472 -0.93295 10.1679 -0.112154 -1.25355 9.93368 -1.02991 
-1.59519 9.68144 -1.9351 -1.958 9.40744 -2.82571 -2.34049 9.12683 -3.70591 
-2.80704 8.81888 -4.53232 -3.47203 8.4637 -5.17544 -4.31626 8.15156 -5.59778 
-5.18688 7.81777 -5.95786 -6.0169 7.44633 -6.37177 -6.80709 7.08511 -6.86568 
-7.59165 6.77771 -7.40002 2.44147 17.1279 14.6018 2.76608 16.8264 13.9968 
3.11448 16.3823 13.1729 3.28172 15.895 12.3251 3.14773 15.3643 11.492 
2.81325 14.8306 10.7197 2.3684 14.3182 9.98649 1.86406 13.8237 9.27871 
1.35893 13.3447 8.56079 0.882927 12.8867 7.81042 0.473433 12.4691 7.00139 
0.161686 12.122 6.11862 -0.10137 11.8218 5.20189 -0.375282 11.5387 4.2828 
-0.59338 11.3273 3.59709 -0.823036 11.1138 2.9158 -1.1397 10.8273 2.01158 
-1.4781 10.5526 1.11164 -1.83951 10.2894 0.217217 -2.22796 10.0249 -0.665376 
-2.65716 9.76348 -1.52962 -3.13775 9.4965 -2.36443 -3.68611 9.21409 -3.15087 
-4.3353 8.88362 -3.82744 -5.08581 8.45429 -4.32604 -5.8675 7.96282 -4.70889 
-6.6458 7.47463 -5.10262 -7.42706 7.04562 -5.55468 -8.2247 6.67946 -6.03341 
3.68573 13.083 15.1438 3.86861 12.8289 14.1977 3.85273 12.5408 13.2449 
3.59428 12.2201 12.3379 3.20067 11.8689 11.4898 2.7568 11.5059 10.6707 
2.31164 11.1383 9.8543 1.90556 10.7897 9.01006 1.56518 10.4868 8.12136 
1.29857 10.2478 7.18822 1.05989 10.0478 6.23797 0.81403 9.85684 5.28773 
0.465572 9.61332 4.11237 0.0850832 9.35065 2.95115 -0.239693 9.12889 2.03176 
-0.583907 8.91673 1.11719 -0.945004 8.70971 0.207945 -1.32234 8.50159 -0.694384 
-1.7223 8.29518 -1.58722 -2.15947 8.07717 -2.45952 -2.65345 7.85659 -3.29928 
-3.24999 7.61516 -4.06223 -4.00654 7.32157 -4.6367 -4.83961 6.9656 -5.05615 
-5.6678 6.5743 -5.45644 -6.46556 6.17324 -5.9061 -7.22865 5.74395 -6.38872 
1.43431 19.7577 13.5651 1.7144 19.1912 13.1616 2.09486 18.469 12.5842 
2.40602 17.7771 11.9368 2.51137 17.1087 11.2102 2.31874 16.4504 10.487 
1.93377 15.8413 9.79789 1.46458 15.2717 9.12341 0.968708 14.7236 8.44994 
0.477063 14.1912 7.76094 0.0342047 13.6821 7.02427 -0.325224 13.2356 6.20811 
-0.604998 12.8848 5.31474 -0.879078 12.5601 4.40954 -1.16865 12.2407 3.50728 
-1.48146 11.9301 2.60976 -1.81566 11.6236 1.71849 -2.17225 11.3208 0.834769 
-2.55799 11.0298 -0.0405365 -2.99304 10.743 -0.893569 -3.48423 10.453 -1.71451 
-4.06137 10.1632 -2.47642 -4.72508 9.82687 -3.14129 -5.44764 9.38196 -3.66768 
-6.18507 8.8689 -4.10518 -6.92376 8.34505 -4.52924 -7.6688 7.86362 -4.98938 
-8.4411 7.5042 -5.50857 3.40097 14.7087 14.4881 3.64829 14.35 13.5928 
3.62607 13.9301 12.6943 3.3731 13.4856 11.8393 2.96657 13.0366 11.045 
2.4964 12.5981 10.2791 2.01585 12.166 9.51595 1.55604 11.7545 8.72934 
1.16388 11.3879 7.88839 0.879727 11.1048 6.9731 0.625822 10.8665 6.03575 
0.360468 10.6351 5.09981 -0.00352094 10.3247 3.94516 -0.396995 10.004 2.80299 
-0.738219 9.75576 1.89641 -1.09994 9.51073 0.996937 -1.4793 9.28077 0.100803 
-1.89034 9.0571 -0.782715 -2.33556 8.82872 -1.6484 -2.8232 8.60135 -2.49064 
-3.39386 8.36495 -3.2746 -4.10026 8.07969 -3.91619 -4.89614 7.73056 -4.40588 
-5.71298 7.30174 -4.79068 -6.51692 6.86039 -5.18793 -7.31132 6.46106 -5.6452 
2.53808 16.9706 15.0953 2.9798 16.6714 14.25 3.31856 16.3488 13.3675 
3.4463 15.9658 12.46 3.3205 15.5048 11.5851 2.99125 15.0072 10.7878 
2.54896 14.5117 10.0411 2.04977 14.0287 9.32183 1.54109 13.559 8.60035 
1.06071 13.1086 7.84865 0.654058 12.7041 7.03157 0.336342 12.3652 6.14709 
0.0657675 12.071 5.2305 -0.201403 11.7884 4.30928 -0.413635 11.5795 3.62091 
-0.561253 11.4411 3.16369 -0.787445 11.233 2.47959 -1.09819 10.9546 1.57078 
-1.42087 10.6838 0.663903 -1.76134 10.4208 -0.23879 -2.12481 10.1451 -1.12855 
-2.51712 9.8567 -2.0019 -2.94706 9.55462 -2.85251 -3.43835 9.21912 -3.65411 
-4.03626 8.83744 -4.35392 -4.79277 8.38727 -4.81635 -5.58673 7.88658 -5.16027 
-6.37465 7.40169 -5.53784 -7.1482 6.95936 -5.99109 -7.93635 6.55949 -6.45788 
2.50304 17.0104 14.7817 2.82888 16.7408 14.1624 3.18774 16.351 13.3155 
3.34068 15.903 12.4424 3.22575 15.3951 11.5926 2.9117 14.8667 10.8078 
2.48975 14.3572 10.0595 2.0022 13.8664 9.33766 1.49494 13.3904 8.61936 
1.00904 12.9352 7.87348 0.589746 12.5194 7.06827 0.265884 12.1706 6.19058 
-0.00344275 11.8708 5.27561 -0.271667 11.5882 4.35469 -0.486736 11.3788 3.66737 
-0.713207 11.169 2.98387 -1.02469 10.8874 2.07631 -1.35405 10.6124 1.17309 
-1.70425 10.3497 0.274101 -2.07747 10.086 -0.615296 -2.48512 9.81468 -1.48699 
-2.93217 9.5395 -2.33795 -3.43547 9.24491 -3.14971 -4.04845 8.90662 -3.85773 
-4.78691 8.48594 -4.37334 -5.57749 8.00674 -4.75305 -6.36002 7.50926 -5.12598 
-7.14046 7.07133 -5.57082 -7.92989 6.67779 -6.04152 3.61215 12.6966 15.6848 
3.83291 12.5676 14.982 3.95094 12.3473 14.0187 3.83286 12.0824 13.0669 
3.50349 11.7737 12.1763 3.09202 11.4389 11.3289 2.65119 11.0899 10.5019 
2.22033 10.7381 9.67105 1.84434 10.4158 8.80337 1.54325 10.1481 7.88931 
1.30275 9.94406 6.9405 1.06328 9.75933 5.98735 0.797737 9.57649 5.04081 
0.509365 9.38705 4.10229 0.199201 9.18324 3.17379 -0.135284 8.96839 2.25626 
-0.489799 8.7628 1.34411 -0.860605 8.55955 0.437946 -1.24831 8.35563 -0.460955 
-1.66241 8.15683 -1.34909 -2.11544 7.94662 -2.21523 -2.61349 7.74041 -3.05699 
-3.19878 7.52299 -3.83539 -3.94021 7.25014 -4.4406 -4.76885 6.91588 -4.88488 
-5.60096 6.52626 -5.2785 -6.40283 6.12916 -5.72402 -7.16672 5.70543 -6.21016 
1.70347 12.4939 19.1973 2.47247 12.4148 18.5979 3.11962 12.3596 17.8409 
3.6455 12.3316 16.993 4.04526 12.3178 16.0783 4.29655 12.284 15.114 
4.36138 12.1904 14.1245 4.22733 12.0265 13.1511 3.92954 11.8043 12.2245 
3.54021 11.5323 11.3447 3.12367 11.2327 10.4865 2.7096 10.9221 9.63091 
2.33239 10.6253 8.75399 2.01208 10.3688 7.84316 1.74724 10.1653 6.9009 
1.4995 9.99368 5.94741 1.2427 9.83159 4.99467 0.89993 9.62472 3.81055 
0.536098 9.40937 2.63427 0.228009 9.22972 1.70006 -0.0872594 9.05037 0.768157 
-0.407143 8.87638 -0.163181 -0.737468 8.69432 -1.08925 -1.09314 8.48734 -2.00057 
-1.47337 8.27493 -2.90064 -1.88859 8.05684 -3.78354 -2.36277 7.82409 -4.62996 
-2.98785 7.56316 -5.36051 -3.80835 7.32327 -5.86803 -4.7054 7.12467 -6.26074 
-5.57968 6.88251 -6.67957 -6.40616 6.62691 -7.17988 -7.20001 6.40812 -7.74434 
1.39691 18.2268 17.3781 1.83965 17.9974 16.8189 2.36362 17.7126 16.0167 
2.83953 17.456 15.1761 3.24961 17.2413 14.2901 3.54892 17.0474 13.3582 
3.66581 16.8214 12.3937 3.57292 16.5173 11.451 3.28366 16.1294 10.5804 
2.85389 15.6967 9.79014 2.36099 15.2459 9.04644 1.84342 14.7941 8.31988 
1.3421 14.3491 7.57794 0.887796 13.9282 6.79367 0.497778 13.5439 5.95809 
0.176918 13.207 5.07347 -0.105207 12.9056 4.16272 -0.384785 12.618 3.2467 
-0.666008 12.3378 2.32886 -0.948933 12.0594 1.41102 -1.23373 11.7854 0.49242 
-1.52524 11.5093 -0.423386 -1.83443 11.2111 -1.32631 -2.16814 10.8876 -2.2116 
-2.51687 10.555 -3.0878 -2.87597 10.2087 -3.95433 -3.2943 9.82516 -4.7761 
-3.92204 9.40258 -5.40986 -4.74623 9.03875 -5.8356 -5.61178 8.70149 -6.20461 
-6.42795 8.31666 -6.6338 -7.18651 7.89155 -7.1263 -7.97453 7.58823 -7.65409 
2.24855 14.6164 17.7111 2.73296 14.4999 17.1518 3.29256 14.3573 16.3363 
3.74516 14.2413 15.4542 4.03571 14.11 14.5101 4.12901 13.8995 13.5398 
3.99596 13.6159 12.5963 3.67461 13.2726 11.7153 3.24841 12.8946 10.8948 
2.7795 12.5084 10.1005 2.30823 12.1212 9.3081 1.86706 11.7535 8.48986 
1.49353 11.434 7.62022 1.19602 11.1719 6.70311 0.936455 10.9445 5.76465 
0.672045 10.7307 4.8243 0.318827 10.4601 3.65624 -0.051632 10.173 2.49747 
-0.362965 9.94513 1.57493 -0.684048 9.72852 0.652992 -1.00951 9.51258 -0.267574 
-1.34693 9.28927 -1.18202 -1.70886 9.05042 -2.08295 -2.09582 8.79189 -2.96797 
-2.52103 8.52684 -3.83305 -3.05683 8.22935 -4.61825 -3.7763 7.90332 -5.21598 
-4.63961 7.59383 -5.6122 -5.50366 7.25338 -5.98241 -6.32183 6.87376 -6.41214 
-7.0965 6.49917 -6.92107 1.70947 19.5988 15.5385 2.02856 19.3251 14.9177 
2.41916 18.9892 14.061 2.76534 18.6785 13.1763 3.01162 18.367 12.2607 
3.05851 18.0043 11.3335 2.89492 17.5613 10.4555 2.54146 17.0511 9.67701 
2.08491 16.5294 8.95694 1.58738 16.0183 8.25612 1.08957 15.5115 7.55237 
0.609322 15.0191 6.82682 0.1719 14.5509 6.05992 -0.192659 14.13 5.22999 
-0.501108 13.7598 4.35443 -0.852648 13.3398 3.23092 -1.20196 12.9394 2.09955 
-1.4841 12.6278 1.19219 -1.76884 12.3181 0.284985 -2.06559 11.9923 -0.612621 
-2.38692 11.6475 -1.49447 -2.733 11.2838 -2.35923 -3.08942 10.9043 -3.21294 
-3.45558 10.514 -4.05762 -3.88419 10.0814 -4.8484 -4.50715 9.60856 -5.45222 
-5.30288 9.19088 -5.88478 -6.14468 8.81263 -6.26927 -6.93544 8.39189 -6.7124 
-7.69312 7.96515 -7.20545 -8.4848 7.66899 -7.73316 2.16038 17.2062 13.8752 
2.61024 16.5335 13.2894 2.91677 15.8662 12.6185 2.95442 15.209 11.8771 
2.67799 14.6031 11.1358 2.26129 14.0422 10.4218 1.76836 13.5168 9.72838 
1.26133 13.0098 9.03143 0.77079 12.5223 8.30951 0.371199 12.0917 7.50418 
0.0898457 11.7509 6.60795 -0.165995 11.4558 5.68756 -0.444626 11.1758 4.76898 
-0.754797 10.8889 3.86278 -1.09452 10.5908 2.9708 -1.46593 10.3098 2.08615 
-1.88531 10.0584 1.21432 -2.34985 9.83273 0.358238 -2.85356 9.65369 -0.485902 
-3.42983 9.52833 -1.29275 -4.07805 9.40907 -2.04372 -4.79457 9.20152 -2.70306 
-5.55488 8.85549 -3.2462 -6.30921 8.37103 -3.68765 -7.05575 7.85223 -4.10413 
2.69734 14.7602 16.7208 3.11233 14.6304 16.1108 3.5786 14.471 15.2421 
3.88609 14.2901 14.3109 3.97283 14.0234 13.3577 3.82521 13.6844 12.4314 
3.50112 13.3051 11.5681 3.0616 12.903 10.7662 2.58846 12.4994 9.98314 
2.11539 12.0981 9.1989 1.66541 11.7135 8.39355 1.28183 11.3744 7.5361 
0.980749 11.0933 6.62547 0.720802 10.8552 5.68975 0.454437 10.6337 4.75173 
0.167875 10.4025 3.82202 -0.131216 10.1584 2.89957 -0.44663 9.91593 1.98216 
-0.778984 9.68478 1.06779 -1.11963 9.45458 0.156218 -1.47699 9.22777 -0.74972 
-1.85584 8.99672 -1.64579 -2.26633 8.74237 -2.52126 -2.7233 8.4817 -3.37077 
-3.26888 8.19194 -4.15521 -3.97713 7.86075 -4.76861 -4.80505 7.48396 -5.18089 
-5.63836 7.07634 -5.55402 -6.44402 6.65884 -5.97326 -7.2163 6.23664 -6.44759 
1.74007 15.1675 18.3158 2.43565 14.9868 17.6241 3.05288 14.8232 16.8558 
3.58166 14.6953 16.0187 3.98763 14.6071 15.1115 4.22666 14.5115 14.1491 
4.25573 14.3385 13.17 4.07441 14.0759 12.2263 3.75553 13.7643 11.3324 
3.34049 13.4128 10.4942 2.87146 13.0417 9.69282 2.38494 12.6673 8.90347 
1.91899 12.302 8.09785 1.50905 11.9735 7.24799 1.16903 11.6902 6.35222 
0.884416 11.4479 5.42484 0.608871 11.2257 4.48959 0.327291 11.0047 3.55587 
0.0390206 10.775 2.62627 -0.258482 10.545 1.69968 -0.563038 10.3257 0.772798 
-0.868563 10.1091 -0.154448 -1.17877 9.88573 -1.07846 -1.51102 9.6432 -1.9898 
-1.86597 9.38031 -2.88688 -2.23737 9.10733 -3.77423 -2.65915 8.82346 -4.63306 
-3.23707 8.49808 -5.37058 -4.05107 8.20943 -5.85928 -4.95146 7.97548 -6.22463 
-5.82533 7.68645 -6.61328 -6.64919 7.37133 -7.08272 -7.45617 7.11961 -7.60982 
1.74559 16.1112 17.9984 2.3979 15.8897 17.2741 2.98384 15.6906 16.4898 
3.49047 15.5364 15.6424 3.89218 15.4319 14.7347 4.11524 15.3169 13.7714 
4.13143 15.1313 12.7942 3.91228 14.8488 11.863 3.56815 14.4979 10.9947 
3.12247 14.1004 10.1934 2.62947 13.6973 9.42253 2.12501 13.2885 8.66195 
1.63284 12.8881 7.88918 1.20297 12.5233 7.06441 0.844481 12.1999 6.18951 
0.549971 11.9264 5.27417 0.273439 11.6767 4.34618 0.0629578 11.4882 3.65146 
-0.151602 11.2965 2.95884 -0.4468 11.0466 2.03666 -0.748711 10.802 1.11526 
-1.05306 10.5576 0.194565 -1.36673 10.3135 -0.723007 -1.69675 10.0591 -1.63197 
-2.04866 9.77691 -2.52435 -2.42055 9.48057 -3.40397 -2.83223 9.17052 -4.25958 
-3.35417 8.81217 -5.02966 -4.10874 8.45875 -5.56353 -4.98095 8.14902 -5.93972 
-5.84679 7.80761 -6.30373 -6.65201 7.42775 -6.75677 -7.43281 7.0746 -7.27115 
1.8774 14.7472 18.2529 2.39845 14.6295 17.7267 3.02832 14.4785 16.9669 
3.55958 14.3582 16.1304 3.96672 14.2727 15.2234 4.22005 14.1791 14.2633 
4.23719 13.9865 13.2885 4.03728 13.7062 12.3524 3.69034 13.3738 11.4764 
3.2535 13.005 10.6572 2.77961 12.6271 9.8619 2.30855 12.249 9.06499 
1.87157 11.8942 8.23879 1.5016 11.5864 7.36339 1.20107 11.3301 6.44538 
0.93239 11.1056 5.50881 0.659554 10.8935 4.57042 0.374748 10.6762 3.63683 
0.0799215 10.448 2.70896 -0.226887 10.2239 1.78397 -0.539337 10.0088 0.858698 
-0.855145 9.7946 -0.065613 -1.18278 9.5688 -0.982997 -1.53161 9.32832 -1.88866 
-1.90413 9.0677 -2.77926 -2.29604 8.79738 -3.65846 -2.75349 8.51595 -4.49858 
-3.38498 8.19231 -5.19065 -4.2095 7.88942 -5.66009 -5.09635 7.60353 -6.02217 
-5.94491 7.26359 -6.42527 -6.75238 6.91379 -6.89923 -7.54035 6.60739 -7.42961 
3.5596 12.6968 15.1446 3.72591 12.4006 14.2089 3.63488 12.0089 13.0377 
3.31627 11.6709 12.1545 2.89675 11.3149 11.3197 2.45175 10.951 10.5014 
2.01888 10.588 9.6764 1.63915 10.2543 8.81499 1.34953 9.98449 7.89802 
1.11277 9.77339 6.94981 0.869667 9.58679 5.99798 0.599059 9.39913 5.05389 
0.297424 9.19728 4.1222 -0.031246 8.97607 3.20414 -0.387132 8.75199 2.29696 
-0.776276 8.53619 1.40152 -1.19367 8.32339 0.51815 -1.63701 8.13096 -0.357149 
-2.1245 7.95759 -1.2126 -2.64897 7.79424 -2.04791 -3.23913 7.64452 -2.83998 
-3.94449 7.45992 -3.52021 -4.74309 7.19701 -4.05664 -5.57838 6.86686 -4.49433 
-6.40544 6.49039 -4.91158 -7.21657 6.12556 -5.36821 2.93221 15.9118 14.5697 
3.31918 15.5209 13.7361 3.51521 15.0924 12.8634 3.42378 14.6166 11.9959 
3.10579 14.1233 11.1901 2.67151 13.6358 10.4329 2.189 13.1693 9.69177 
1.68674 12.7106 8.95876 1.21468 12.2778 8.19174 0.809525 11.8879 7.36693 
0.499969 11.5688 6.47225 0.235178 11.2979 5.54681 -0.032295 11.0361 4.61954 
-0.320755 10.768 3.70043 -0.633563 10.4984 2.78966 -0.965239 10.2298 1.88539 
-1.31546 9.96976 0.985595 -1.68762 9.72667 0.089905 -2.09113 9.48142 -0.791402 
-2.53489 9.23728 -1.65334 -3.02525 8.99818 -2.49106 -3.5954 8.74224 -3.26886 
-4.28182 8.43497 -3.92355 -5.0674 8.03036 -4.38422 -5.8696 7.56748 -4.76077 
-6.66268 7.10276 -5.15368 -7.45606 6.70059 -5.60969 1.46442 18.4454 13.8458 
1.79069 17.8273 13.5754 2.24864 17.0505 13.1446 2.62258 16.3231 12.5752 
2.72919 15.6221 11.8851 2.54926 14.9661 11.1608 2.17032 14.364 10.4596 
1.692 13.8134 9.77634 1.18596 13.2863 9.09375 0.680163 12.7766 8.39793 
0.236628 12.2974 7.64271 -0.068243 11.9085 6.77758 -0.328469 11.587 5.86767 
-0.601139 11.2999 4.94949 -0.904545 11.01 4.04194 -1.23416 10.7073 3.14777 
-1.60922 10.4204 2.26671 -2.03027 10.1602 1.39802 -2.50512 9.94355 0.545822 
-3.03135 9.79921 -0.291368 -3.6244 9.71105 -1.09118 -4.27374 9.6248 -1.84593 
-4.98946 9.41857 -2.50762 -5.73478 9.04556 -3.05412 -6.47486 8.54749 -3.50263 
-7.19954 7.99378 -3.91274 2.54958 16.8014 14.0802 2.86343 16.4147 13.5197 
3.17239 15.8565 12.7545 3.20632 15.3042 11.9358 2.92941 14.7421 11.1604 
2.51968 14.2111 10.4196 2.03188 13.7067 9.7077 1.52561 13.2188 8.99669 
1.04183 12.7537 8.25576 0.629639 12.3348 7.44807 0.320831 11.9955 6.56196 
0.0611533 11.7069 5.64047 -0.209389 11.4273 4.71927 -0.501026 11.1491 3.80417 
-0.816036 10.8665 2.89816 -1.15178 10.5852 1.99925 -1.50849 10.3193 1.10378 
-1.89632 10.0642 0.218247 -2.31725 9.81059 -0.652563 -2.77601 9.57076 -1.50775 
-3.29569 9.33179 -2.32731 -3.89813 9.08327 -3.08452 -4.60189 8.77637 -3.71627 
-5.37138 8.34432 -4.1831 -6.15267 7.85645 -4.57203 -6.93189 7.39136 -4.99023 
-7.72067 7.00721 -5.46823 1.74953 19.702 13.3493 2.0907 19.1043 12.6238 
2.38338 18.4972 11.8865 2.50813 17.8857 11.1119 2.38546 17.2612 10.3468 
2.02657 16.6581 9.63903 1.5705 16.0863 8.95762 1.08089 15.5318 8.28472 
0.593264 14.9932 7.59766 0.128576 14.4698 6.88397 -0.267374 13.9937 6.10034 
-0.596645 13.5795 5.25276 -0.878794 13.2229 4.36246 -1.15912 12.8882 3.46285 
-1.45405 12.5628 2.56443 -1.76153 12.2415 1.66878 -2.08028 11.9193 0.777427 
-2.41177 11.5998 -0.110258 -2.77124 11.2736 -0.984347 -3.16604 10.931 -1.83663 
-3.60879 10.5702 -2.65711 -4.09405 10.1936 -3.4457 -4.65751 9.7601 -4.14604 
-5.33928 9.25382 -4.6661 -6.07776 8.70726 -5.06057 -6.82885 8.19354 -5.47353 
-7.58359 7.72889 -5.93586 -8.36507 7.34811 -6.4269 1.46996 21.3972 13.1166 
1.78797 20.7822 12.3952 2.03958 20.1765 11.6414 2.18613 19.5257 10.8984 
2.16274 18.8497 10.1687 1.89876 18.181 9.47627 1.49886 17.5504 8.81316 
1.03971 16.9444 8.16395 0.558895 16.3585 7.51167 0.0825099 15.7866 6.84394 
-0.37377 15.2341 6.14692 -0.770689 14.7245 5.38462 -1.0915 14.279 4.55038 
-1.45075 13.8 3.45354 -1.80876 13.3473 2.34478 -2.10114 12.9925 1.45676 
-2.40467 12.6454 0.569408 -2.72369 12.2904 -0.309248 -3.07027 11.9134 -1.1678 
-3.45865 11.5173 -1.9996 -3.88668 11.1066 -2.80431 -4.34976 10.6719 -3.57595 
-4.87388 10.1924 -4.27764 -5.52899 9.6622 -4.80886 -6.25014 9.11475 -5.23298 
-6.99677 8.61241 -5.66793 -7.7491 8.16117 -6.14652 -8.51879 7.7873 -6.6624 
1.71346 20.1446 14.5723 2.07568 19.7466 13.7298 2.41255 19.3456 12.878 
2.68046 18.9333 12.0089 2.79121 18.4855 11.1263 2.67298 17.9745 10.2823 
2.32982 17.4109 9.53273 1.88374 16.8647 8.82481 1.39978 16.327 8.13462 
0.904497 15.7931 7.4493 0.419796 15.2728 6.74642 -0.0373727 14.7704 6.01277 
-0.42449 14.3133 5.21406 -0.747179 13.9078 4.35939 -1.1027 13.4546 3.25014 
-1.45507 13.0321 2.12777 -1.74163 12.7043 1.22754 -2.0322 12.3776 0.328167 
-2.33101 12.0464 -0.566746 -2.65399 11.6968 -1.44599 -3.00686 11.3228 -2.3036 
-3.38066 10.9333 -3.1453 -3.77463 10.5243 -3.96822 -4.22598 10.0666 -4.73142 
-4.84657 9.55602 -5.31738 -5.63268 9.09926 -5.72894 -6.43594 8.65883 -6.12916 
-7.20592 8.21257 -6.58432 -7.9618 7.79274 -7.08609 -8.77437 7.52182 -7.59458 
1.4938 21.1572 12.9329 1.80732 20.5021 12.2458 2.04534 19.8652 11.5138 
2.18096 19.1917 10.7888 2.0906 18.5052 10.0765 1.77622 17.8433 9.3987 
1.34816 17.2185 8.74629 0.880146 16.6155 8.10038 0.400622 16.0294 7.44735 
-0.0712052 15.4593 6.77487 -0.517401 14.9126 6.06727 -0.897787 14.4122 5.2913 
-1.19949 13.996 4.43498 -1.55875 13.5367 3.32935 -1.92542 13.0897 2.22114 
-2.22631 12.7342 1.33623 -2.54103 12.3899 0.451683 -2.87242 12.0418 -0.425148 
-3.23493 11.6716 -1.28013 -3.64805 11.2857 -2.10474 -4.09957 10.8892 -2.90375 
-4.61332 10.4523 -3.63983 -5.21048 9.96432 -4.27275 -5.90768 9.433 -4.75113 
-6.63293 8.89071 -5.17505 -7.37667 8.40224 -5.62979 -8.13134 7.98037 -6.13145 
-8.91874 7.65465 -6.65293 2.32673 12.2181 18.3957 2.81385 12.1774 17.8289 
3.33951 12.128 16.9814 3.75425 12.0728 16.0749 4.02849 11.9803 15.1208 
4.11101 11.8272 14.1404 3.97777 11.6273 13.1739 3.68007 11.3896 12.2505 
3.29103 11.1075 11.3743 2.87142 10.7995 10.5205 2.46275 10.4844 9.66413 
2.10076 10.1904 8.78055 1.82343 9.95747 7.84904 1.57972 9.76679 6.89826 
1.33834 9.60081 5.94215 1.07959 9.43781 4.99011 0.798895 9.26938 4.04524 
0.501927 9.09451 3.10654 0.183307 8.90774 2.17728 -0.149841 8.71875 1.25355 
-0.493885 8.53714 0.332348 -0.850382 8.3516 -0.583309 -1.22676 8.15425 -1.48844 
-1.63585 7.94982 -2.37753 -2.09584 7.73505 -3.23866 -2.64573 7.50557 -4.03737 
-3.38038 7.23454 -4.65376 -4.21204 6.91821 -5.10417 -5.05999 6.58155 -5.51349 
-5.87861 6.21585 -5.95504 -6.65142 5.81747 -6.44816 -7.39485 5.3856 -6.9583 
2.55892 16.965 14.7838 2.98665 16.6213 13.9486 3.30027 16.243 13.0811 
3.35896 15.7894 12.1978 3.19859 15.294 11.3486 2.83382 14.7849 10.5723 
2.3737 14.2902 9.83611 1.86567 13.8089 9.12181 1.36067 13.3405 8.39699 
0.901094 12.9002 7.62657 0.521967 12.5127 6.78916 0.228891 12.1937 5.88847 
-0.0361807 11.9089 4.96727 -0.314813 11.6298 4.04836 -0.611002 11.3514 3.13474 
-0.92058 11.0708 2.22625 -1.24093 10.7909 1.32123 -1.57589 10.5247 0.417431 
-1.93012 10.2619 -0.479967 -2.31189 9.98355 -1.36119 -2.73023 9.69849 -2.22335 
-3.18832 9.39668 -3.05923 -3.72866 9.05693 -3.82654 -4.39979 8.65483 -4.43744 
-5.18503 8.18156 -4.83205 -5.97322 7.67438 -5.18041 -6.75432 7.21011 -5.59536 
-7.52863 6.78303 -6.06212 2.55343 15.7452 16.4969 3.08449 15.5419 15.6758 
3.52589 15.3615 14.7986 3.81928 15.1704 13.8658 3.86983 14.8876 12.9123 
3.71361 14.538 11.9937 3.37578 14.1261 11.1504 2.92003 13.691 10.3742 
2.42705 13.2597 9.61868 1.93119 12.8332 8.86234 1.46848 12.4313 8.07302 
1.08158 12.0784 7.22295 0.76563 11.7749 6.32446 0.489413 11.5134 5.39973 
0.216139 11.266 4.47017 0.0046463 11.0764 3.77605 -0.21386 10.8813 3.08562 
-0.518532 10.628 2.1675 -0.835325 10.3797 1.25209 -1.15922 10.1332 0.338684 
-1.49557 9.89382 -0.572067 -1.85398 9.64203 -1.47087 -2.23843 9.36342 -2.35083 
-2.65445 9.07749 -3.21375 -3.27819 8.67772 -4.21302 -4.16186 8.20743 -4.93402 
-4.98625 7.79469 -5.31925 -5.81257 7.36973 -5.6882 -6.60417 6.93461 -6.1161 
-7.37953 6.51981 -6.59157 1.97583 15.6889 17.6084 2.61265 15.4862 16.8657 
3.16027 15.3073 16.0492 3.6224 15.1652 15.1758 3.94563 15.038 14.241 
4.11493 14.872 13.274 4.05461 14.6336 12.3098 3.78898 14.3394 11.3946 
3.40115 13.9854 10.5447 2.94032 13.6029 9.74417 2.44421 13.2165 8.96668 
1.94991 12.8298 8.18823 1.50798 12.4736 7.36617 1.13527 12.1593 6.49413 
0.829506 11.8898 5.58131 0.549286 11.6501 4.6518 0.26901 11.4157 3.72095 
-0.0173721 11.1737 2.79392 -0.310047 10.9337 1.86831 -0.609115 10.7028 0.942465 
-0.909002 10.4742 0.0162545 -1.21242 10.2417 -0.907771 -1.53668 9.99275 -1.82028 
-1.88369 9.71885 -2.71712 -2.24512 9.43234 -3.60436 -2.64097 9.14016 -4.47385 
-3.14382 8.80639 -5.26764 -3.88284 8.47742 -5.83681 -4.76912 8.23605 -6.22616 
-5.66241 7.97402 -6.59044 -6.50662 7.66448 -7.02642 -7.31565 7.38463 -7.538 
-8.15073 7.28798 -8.07586 1.66798 19.392 15.4804 1.99139 19.1112 14.8651 
2.38241 18.7603 14.0144 2.73209 18.4217 13.1415 2.96858 18.0861 12.2326 
3.05282 17.7283 11.3063 2.92501 17.3018 10.417 2.589 16.817 9.61295 
2.12587 16.3134 8.88437 1.62667 15.8168 8.17437 1.12334 15.3228 7.46542 
0.638361 14.8404 6.73638 0.199579 14.3828 5.9635 -0.183531 13.9565 5.14491 
-0.493667 13.59 4.26845 -0.776854 13.2556 3.36968 -1.05544 12.9347 2.46443 
-1.3371 12.6217 1.55743 -1.62222 12.3161 0.64896 -1.91144 12.009 -0.257689 
-2.21295 11.6848 -1.15426 -2.5444 11.3384 -2.03168 -2.89659 10.9753 -2.89423 
-3.25737 10.5968 -3.74652 -3.65149 10.1909 -4.56913 -4.18151 9.73042 -5.26995 
-4.93954 9.29589 -5.74475 -5.78514 8.92493 -6.12731 -6.60122 8.52306 -6.54037 
-7.36756 8.09205 -7.01624 -8.144 7.74969 -7.54073 2.84899 15.8154 14.5138 
3.15307 15.4641 13.9258 3.41426 14.9695 13.1034 3.40954 14.4631 12.2487 
3.1197 13.9543 11.4443 2.68593 13.4648 10.6884 2.20608 12.9911 9.95019 
1.70884 12.5314 9.21444 1.24406 12.0983 8.44296 0.861843 11.7201 7.60114 
0.567616 11.4147 6.69703 0.305717 11.1504 5.76898 0.0328407 10.8908 4.84267 
-0.261921 10.6229 3.9255 -0.580584 10.3542 3.01655 -0.922193 10.0856 2.11598 
-1.28969 9.82973 1.22192 -1.67877 9.59088 0.332317 -2.11197 9.35762 -0.538 
-2.58946 9.14333 -1.38986 -3.14326 8.95444 -2.19975 -3.75756 8.74924 -2.96045 
-4.46694 8.4874 -3.60641 -5.25162 8.10077 -4.08769 -6.04916 7.64522 -4.48248 
-6.84126 7.20204 -4.90109 -7.63834 6.82473 -5.37073 3.64208 12.1362 16.186 
3.94731 12.0362 15.2417 4.11293 11.8858 14.2706 4.06277 11.7027 13.2932 
3.81198 11.4879 12.3515 3.44922 11.2323 11.4562 3.0406 10.9415 10.5911 
2.62712 10.6352 9.73371 2.24796 10.3354 8.85854 1.92097 10.0674 7.95299 
1.65848 9.85346 7.01244 1.4181 9.68091 6.05727 1.1667 9.51964 5.10296 
0.827802 9.31457 3.91745 0.462595 9.10112 2.74127 0.150642 8.9204 1.80855 
-0.174242 8.73588 0.880976 -0.50943 8.55877 -0.044363 -0.855547 8.37848 -0.965039 
-1.21764 8.18315 -1.87641 -1.61094 7.97808 -2.77254 -2.03677 7.76737 -3.65227 
-2.54714 7.54054 -4.47748 -3.23429 7.28292 -5.1468 -4.0806 7.028 -5.60993 
-4.95487 6.75785 -6.01253 -5.7883 6.44157 -6.46302 -6.57574 6.11044 -6.98236 
2.68228 14.8926 16.8685 3.22483 14.7295 16.0455 3.66876 14.5871 15.163 
3.96034 14.4301 14.223 4.05779 14.2029 13.2585 3.90676 13.8944 12.3244 
3.57833 13.5329 11.4549 3.14261 13.1408 10.6459 2.66505 12.7439 9.86217 
2.18686 12.3479 9.07829 1.74705 11.9807 8.25934 1.37706 11.6623 7.38729 
1.07674 11.3946 6.47261 0.808046 11.1618 5.53804 0.534872 10.941 4.6018 
0.248625 10.712 3.67145 -0.049776 10.4721 2.74765 -0.359868 10.2394 1.8259 
-0.678076 10.0149 0.904844 -1.00132 9.79025 -0.014406 -1.33734 9.56003 -0.927634 
-1.69763 9.31305 -1.82699 -2.08354 9.04425 -2.70942 -2.50925 8.76954 -3.57128 
-3.05869 8.45107 -4.33665 -3.79053 8.09408 -4.90114 -4.63144 7.71632 -5.28833 
-5.4759 7.3256 -5.65401 -6.28783 6.91134 -6.06441 -7.06104 6.49718 -6.54374 
2.47676 17.5154 14.0687 2.86268 17.0887 13.2519 3.08933 16.6311 12.395 
3.05874 16.1154 11.5483 2.78179 15.5672 10.7617 2.37576 15.0295 10.0255 
1.88568 14.5117 9.32454 1.37745 14.0131 8.62236 0.887654 13.5299 7.89716 
0.458182 13.0839 7.11399 0.120623 12.6982 6.2566 -0.15548 12.3747 5.35203 
-0.429085 12.08 4.43649 -0.643818 11.8622 3.75169 -0.867077 11.6414 3.07063 
-1.18023 11.3477 2.16751 -1.5092 11.0644 1.26672 -1.85906 10.7859 0.372311 
-2.23493 10.5021 -0.50972 -2.65131 10.2187 -1.37338 -3.12013 9.9263 -2.20649 
-3.62803 9.62234 -3.01208 -4.2163 9.27733 -3.73724 -4.92006 8.84068 -4.2928 
-5.68497 8.33817 -4.69349 -6.44997 7.81467 -5.06845 -7.22172 7.35236 -5.50242 
-8.00875 6.96915 -5.9852 1.79241 19.0429 13.6093 2.18601 18.4076 12.945 
2.522 17.7943 12.2319 2.66279 17.1922 11.4528 2.53016 16.5773 10.6837 
2.1939 15.9816 9.95973 1.72798 15.4232 9.27363 1.23261 14.885 8.59184 
0.739289 14.3629 7.89622 0.281236 13.8629 7.16195 -0.0969543 13.4093 6.35636 
-0.397425 13.0393 5.479 -0.67075 12.717 4.57271 -0.953356 12.3993 3.66763 
-1.2527 12.0859 2.76645 -1.56908 11.7815 1.86803 -1.90056 11.4785 0.974567 
-2.25621 11.177 0.090002 -2.6461 10.8771 -0.780533 -3.08518 10.5627 -1.62171 
-3.57767 10.242 -2.43048 -4.14721 9.91923 -3.18522 -4.7906 9.51832 -3.82907 
-5.50888 9.03307 -4.32446 -6.25494 8.50815 -4.73375 -7.00696 7.99965 -5.15231 
-7.77264 7.57535 -5.63353 -8.56682 7.23849 -6.13529 1.82758 18.2355 16.0961 
2.31755 17.9211 15.2833 2.75449 17.6273 14.4338 3.11677 17.3547 13.5434 
3.33546 17.0585 12.6172 3.33994 16.6912 11.6903 3.13802 16.2668 10.8157 
2.73456 15.7852 10.0394 2.25993 15.2944 9.30901 1.75055 14.8132 8.5957 
1.2472 14.3403 7.87269 0.785441 13.8917 7.10803 0.380598 13.4755 6.295 
0.0638964 13.1213 5.41635 -0.21505 12.8086 4.50843 -0.495182 12.5116 3.59558 
-0.7815 12.2194 2.6831 -1.07319 11.9268 1.77245 -1.37 11.6406 0.861394 
-1.67464 11.3591 -0.0485155 -1.99452 11.0637 -0.948606 -2.33873 10.7473 -1.83247 
-2.70851 10.4144 -2.69978 -3.09457 10.0651 -3.55349 -3.52687 9.68324 -4.36757 
-4.13033 9.23225 -5.01398 -4.8895 8.77806 -5.47242 -5.71542 8.35472 -5.84406 
-6.51315 7.90452 -6.24449 -7.28427 7.47176 -6.7099 -8.07148 7.11528 -7.2114 
1.48749 21.3855 13.0745 1.80316 20.7726 12.3505 2.0496 20.1667 11.595 
2.18835 19.5137 10.8527 2.15284 18.8368 10.1242 1.87938 18.1698 9.43375 
1.475 17.5403 8.77218 1.01422 16.9349 8.12354 0.533928 16.3472 7.47243 
0.0581529 15.7759 6.80387 -0.396581 15.2244 6.10503 -0.789647 14.7171 5.33928 
-1.10852 14.2741 4.50288 -1.46756 13.7966 3.40526 -1.82574 13.3434 2.29678 
-2.1182 12.9888 1.40871 -2.42186 12.6413 0.521545 -2.74164 12.2846 -0.356163 
-3.08809 11.9032 -1.21302 -3.46708 11.5085 -2.04974 -3.88309 11.1014 -2.86272 
-4.33544 10.6679 -3.64104 -4.86652 10.1815 -4.32816 -5.53491 9.64684 -4.84035 
-6.25726 9.09926 -5.26228 -7.00515 8.59916 -5.69767 -7.75785 8.14904 -6.17674 
-8.5281 7.77619 -6.69249 3.46935 14.1579 15.6749 3.82003 13.9964 14.7557 
3.99525 13.7701 13.8026 3.90778 13.4583 12.8604 3.63629 13.1049 11.969 
3.21827 12.714 11.1497 2.75496 12.3205 10.3556 2.28914 11.9265 9.5633 
1.84798 11.549 8.74945 1.46907 11.2155 7.88826 1.17544 10.9475 6.97143 
0.9219 10.7242 6.03028 0.659048 10.5123 5.08905 0.302212 10.2376 3.92308 
-0.0770665 9.93867 2.77022 -0.397432 9.70461 1.85236 -0.732029 9.48191 0.936709 
-1.07541 9.25885 0.024393 -1.43284 9.03707 -0.882785 -1.81782 8.80579 -1.77603 
-2.23288 8.55562 -2.65058 -2.69692 8.30138 -3.49798 -3.26227 8.0183 -4.27003 
-4.01362 7.6905 -4.82963 -4.84742 7.32069 -5.23722 -5.68246 6.92447 -5.61858 
-6.48417 6.51169 -6.04978 -7.25032 6.09121 -6.53553 1.76335 18.2489 14.0179 
2.09975 17.7143 13.6136 2.53367 17.0392 13.0196 2.83832 16.4101 12.3112 
2.84523 15.7839 11.5413 2.57912 15.1814 10.7959 2.15173 14.617 10.0922 
1.65567 14.0864 9.40491 1.14681 13.5716 8.71505 0.661901 13.0787 7.9932 
0.24164 12.6228 7.211 -0.055002 12.2575 6.33137 -0.31614 11.958 5.41378 
-0.595322 11.67 4.49778 -0.818993 11.4486 3.81707 -1.0546 11.2231 3.14175 
-1.3914 10.9303 2.24694 -1.76101 10.6546 1.3597 -2.16428 10.387 0.48476 
-2.61119 10.1486 -0.377033 -3.13585 9.95395 -1.20475 -3.70688 9.75603 -2.00098 
-4.34505 9.53825 -2.73693 -5.05274 9.23386 -3.3714 -5.80191 8.79249 -3.86035 
-6.55407 8.28383 -4.27917 -7.3068 7.79572 -4.71883 -8.0755 7.40096 -5.21992 
3.63057 12.3473 15.9158 3.85823 12.246 15.2104 3.99909 12.0576 14.2432 
3.96976 11.8286 13.272 3.73356 11.5898 12.3335 3.36422 11.3139 11.4468 
2.94719 11.0076 10.5913 2.52629 10.6884 9.74222 2.14018 10.3774 8.87405 
1.80854 10.1001 7.97308 1.54541 9.87978 7.03424 1.30594 9.70158 6.07988 
1.05448 9.53335 5.12679 0.710008 9.31845 3.94465 0.337042 9.09227 2.77331 
0.0200006 8.90088 1.84445 -0.314241 8.70977 0.921566 -0.659817 8.52563 0.0014365 
-1.01798 8.33465 -0.91244 -1.39706 8.13384 -1.81567 -1.80467 7.92617 -2.70468 
-2.26132 7.70864 -3.5666 -2.81744 7.47459 -4.35839 -3.54295 7.2024 -4.98485 
-4.37864 6.90775 -5.44491 -5.23412 6.59068 -5.85325 -6.04877 6.2295 -6.30601 
-6.82055 5.85695 -6.82089 2.1964 18.0891 14.5654 2.50704 17.7931 13.9504 
2.8658 17.3993 13.1054 3.04853 16.9719 12.2236 3.01675 16.4885 11.3566 
2.72507 15.9505 10.5688 2.30766 15.4114 9.8389 1.81274 14.8932 9.14158 
1.30571 14.387 8.4439 0.818253 13.8989 7.72031 0.382906 13.4409 6.94694 
0.0391829 13.0424 6.09855 -0.241964 12.7074 5.19951 -0.517025 12.4018 4.28798 
-0.730537 12.1771 3.60501 -0.950647 11.9515 2.9245 -1.25578 11.653 2.02021 
-1.57571 11.3636 1.11804 -1.91238 11.074 0.222122 -2.26834 10.7772 -0.663885 
-2.65465 10.4748 -1.53507 -3.07775 10.1569 -2.38344 -3.54365 9.82143 -3.20145 
-4.09802 9.43572 -3.93596 -4.78033 8.97774 -4.49493 -5.5396 8.46745 -4.89573 
-6.3023 7.93425 -5.26153 -7.06888 7.45994 -5.69226 -7.8413 7.03722 -6.16564 
1.6461 15.6709 18.1278 2.15383 15.5168 17.598 2.78108 15.3244 16.8444 
3.31857 15.1651 16.0175 3.76267 15.0446 15.1318 4.03683 14.9237 14.1802 
4.12747 14.7406 13.2071 3.99056 14.4695 12.2591 3.66811 14.122 11.38 
3.24373 13.7308 10.5649 2.76318 13.3318 9.78426 2.26929 12.93 9.01318 
1.7977 12.5432 8.22095 1.38702 12.1968 7.37871 1.05926 11.9057 6.48114 
0.777998 11.6562 5.55458 0.501242 11.4222 4.62257 0.217745 11.1848 3.69347 
-0.0730955 10.9377 2.7692 -0.372383 10.6971 1.84585 -0.678501 10.465 0.922616 
-0.986876 10.2346 -0.000337504 -1.30348 10.0011 -0.91965 -1.64062 9.75183 -1.82738 
-1.99971 9.47759 -2.71939 -2.37808 9.19246 -3.5999 -2.81027 8.89291 -4.44803 
-3.39706 8.54601 -5.16848 -4.21187 8.22896 -5.63925 -5.09588 7.93038 -5.99811 
-5.94703 7.57896 -6.3853 -6.74879 7.21433 -6.85684 -7.53618 6.90106 -7.3829 
2.44173 16.7339 15.8794 2.93298 16.4787 15.0473 3.34473 16.2439 14.1681 
3.6094 15.9964 13.2406 3.6278 15.6684 12.2998 3.43055 15.2586 11.4149 
3.05659 14.7968 10.6142 2.59139 14.3329 9.86079 2.08324 13.8729 9.1327 
1.57662 13.4223 8.39777 1.11673 13.0011 7.61705 0.736666 12.6305 6.77051 
0.422638 12.3115 5.87747 0.148609 12.0315 4.95741 -0.129055 11.758 4.03653 
-0.419127 11.4874 3.1186 -0.720381 11.2185 2.20376 -1.02989 10.9502 1.2915 
-1.34868 10.6903 0.380017 -1.68391 10.4288 -0.525027 -2.04619 10.1428 -1.41194 
-2.43712 9.84264 -2.28197 -2.85642 9.52802 -3.13307 -3.36371 9.16757 -3.9131 
-4.05588 8.75316 -4.49269 -4.84079 8.28984 -4.89919 -5.63785 7.79564 -5.24576 
-6.42394 7.33325 -5.65461 -7.19043 6.88947 -6.11839 -7.98172 6.49397 -6.58311 
3.5919 12.2432 16.321 3.92151 12.1509 15.3836 4.06032 11.9935 14.4109 
3.96828 11.7781 13.4421 3.6951 11.5262 12.5151 3.31788 11.2365 11.6365 
2.89156 10.9196 10.7896 2.4648 10.5926 9.94649 2.06685 10.2713 9.08741 
1.73728 9.98985 8.18738 1.479 9.76964 7.24755 1.24448 9.58829 6.29254 
0.998881 9.41854 5.33818 0.655669 9.20107 4.15619 0.278706 8.97096 2.98692 
-0.0476513 8.7725 2.06281 -0.393627 8.57612 1.14538 -0.756598 8.38568 0.233288 
-1.13374 8.1917 -0.672282 -1.53047 7.99654 -1.56919 -1.95811 7.79653 -2.45059 
-2.44106 7.58733 -3.29985 -3.03795 7.35824 -4.06591 -3.78654 7.08446 -4.6576 
-4.62332 6.76245 -5.09824 -5.4587 6.39998 -5.51083 -6.25989 6.01667 -5.96957 
-7.01419 5.5913 -6.46912 1.13092 21.0746 13.3226 1.37193 20.4484 12.9879 
1.70289 19.6647 12.4637 2.01653 18.9226 11.8728 2.23663 18.2033 11.2174 
2.20041 17.5005 10.5162 1.91795 16.8358 9.83021 1.51392 16.2192 9.15683 
1.04274 15.636 8.49529 0.555231 15.0693 7.83111 0.0753215 14.5193 7.14774 
-0.368006 13.9902 6.425 -0.737186 13.5213 5.62585 -1.02408 13.1369 4.74891 
-1.37354 12.7127 3.62639 -1.75622 12.3037 2.50896 -2.08248 11.9777 1.6217 
-2.42958 11.6597 0.739555 -2.8071 11.3521 -0.133806 -3.22124 11.0409 -0.988871 
-3.70114 10.7269 -1.80759 -4.24462 10.4048 -2.58161 -4.85315 10.0496 -3.29014 
-5.543 9.60325 -3.8535 -6.26198 9.08807 -4.31899 -6.99317 8.56095 -4.75177 
-7.73451 8.08445 -5.22298 -8.49817 7.70993 -5.74578 2.40179 16.3666 16.1642 
2.79235 16.1814 15.5515 3.24776 15.9568 14.6912 3.58733 15.7262 13.7826 
3.71929 15.4403 12.8396 3.608 15.0686 11.9237 3.30034 14.6289 11.0835 
2.85824 14.1714 10.3125 2.36658 13.7189 9.5687 1.86199 13.2735 8.82913 
1.38586 12.8519 8.05792 0.973832 12.4688 7.23304 0.65391 12.1527 6.34046 
0.375546 11.8787 5.42017 0.102005 11.6151 4.49514 -0.110859 11.4152 3.80434 
-0.331154 11.2166 3.11549 -0.635552 10.9551 2.19956 -0.949443 10.6947 1.28653 
-1.27199 10.4408 0.374653 -1.61137 10.1889 -0.531582 -1.97809 9.91394 -1.42011 
-2.37231 9.62152 -2.29132 -2.79875 9.31805 -3.14283 -3.325 8.96875 -3.91505 
-4.00207 8.57533 -4.52227 -4.79883 8.12527 -4.92037 -5.60284 7.63206 -5.25142 
-6.39835 7.1727 -5.64532 -7.17498 6.73637 -6.09927 -7.96586 6.33429 -6.55917 
3.60433 13.6647 14.4975 3.74321 13.3178 13.5757 3.60631 12.9326 12.6709 
3.27705 12.5294 11.8197 2.8354 12.1236 11.0198 2.37083 11.7183 10.2324 
1.9171 11.319 9.43587 1.51906 10.9574 8.59383 1.20829 10.6604 7.69178 
0.956313 10.4223 6.75442 0.70874 10.2106 5.80901 0.437059 9.99958 4.87013 
0.139147 9.77103 3.94342 -0.185131 9.52749 3.0294 -0.53183 9.29071 2.12188 
-0.903509 9.05851 1.22308 -1.29267 8.82913 0.330994 -1.70178 8.61902 -0.556849 
-2.14681 8.41339 -1.42822 -2.63804 8.20934 -2.27446 -3.20213 8.01757 -3.07661 
-3.89339 7.78761 -3.75635 -4.68437 7.4857 -4.28143 -5.51514 7.10282 -4.68425 
-6.33397 6.68497 -5.07765 -7.13094 6.28927 -5.53283 -7.93199 5.90072 -5.98751 
2.17844 17.4562 13.799 2.61945 16.8098 13.1778 2.91565 16.1843 12.462 
2.93258 15.5561 11.6944 2.69079 14.9606 10.9371 2.2758 14.4039 10.2186 
1.78426 13.8815 9.52233 1.27683 13.3776 8.82343 0.793835 12.8968 8.09211 
0.374174 12.454 7.30206 0.0744745 12.0978 6.41939 -0.18508 11.7971 5.5019 
-0.461384 11.5124 4.58401 -0.684727 11.2964 3.90146 -0.919454 11.0753 3.22438 
-1.2471 10.7782 2.32762 -1.60252 10.4995 1.4355 -1.98699 10.2355 0.551003 
-2.40795 9.98322 -0.320108 -2.8853 9.76314 -1.17027 -3.42712 9.55164 -1.98316 
-4.04412 9.33318 -2.73763 -4.73834 9.06536 -3.40203 -5.49578 8.6548 -3.90436 
-6.26098 8.16652 -4.32351 -7.02455 7.67452 -4.74103 -7.80123 7.27204 -5.22199 
1.59838 20.7892 13.9271 1.85972 20.4345 13.3203 2.16635 19.9564 12.4976 
2.42202 19.4415 11.6799 2.54516 18.8977 10.8555 2.42881 18.3092 10.0629 
2.08109 17.7078 9.34583 1.63015 17.1322 8.66416 1.14863 16.5665 7.99472 
0.661456 16.0145 7.31798 0.186789 15.4767 6.62144 -0.250498 14.9664 5.88175 
-0.623838 14.5015 5.08069 -0.929556 14.0947 4.22038 -1.21116 13.7213 3.33654 
-1.49303 13.37 2.44378 -1.77605 13.0277 1.54779 -2.06209 12.6888 0.651535 
-2.35689 12.3491 -0.241573 -2.67318 11.9939 -1.12113 -3.01725 11.6136 -1.97934 
-3.38677 11.2173 -2.81976 -3.7753 10.8069 -3.64453 -4.20759 10.3519 -4.41989 
-4.76855 9.83833 -5.06324 -5.4961 9.33132 -5.51882 -6.28883 8.8709 -5.91827 
-7.05989 8.41257 -6.35939 -7.81563 7.98213 -6.85209 -8.59706 7.63219 -7.36337 
3.65544 12.4952 16.0212 3.95541 12.3783 15.0774 4.06506 12.2009 14.1041 
3.94811 11.9713 13.1427 3.65265 11.705 12.2267 3.26242 11.4035 11.3575 
2.83333 11.0763 10.5157 2.41193 10.7426 9.67257 2.03291 10.43 8.8026 
1.72936 10.1708 7.88672 1.47958 9.96605 6.94055 1.23838 9.78887 5.9864 
0.980134 9.61539 5.03609 0.699791 9.43728 4.0929 0.400275 9.25023 3.15737 
0.0822735 9.05136 2.23042 -0.249422 8.84894 1.30903 -0.593491 8.65809 0.389706 
-0.947662 8.46726 -0.525783 -1.31906 8.26526 -1.43193 -1.71969 8.0577 -2.3242 
-2.15558 7.841 -3.19758 -2.66898 7.61204 -4.02317 -3.32289 7.35065 -4.72227 
-4.13399 7.052 -5.2212 -4.99026 6.73112 -5.62564 -5.81646 6.37173 -6.05797 
-6.59523 5.98995 -6.55473 -7.34832 5.58879 -7.07576 2.47018 17.3626 15.0714 
2.90305 17.069 14.2199 3.26618 16.7877 13.333 3.47886 16.4736 12.4133 
3.44321 16.1129 11.4876 3.18062 15.6948 10.622 2.77074 15.2463 9.82883 
2.28403 14.7901 9.08416 1.77025 14.337 8.3557 1.26471 13.8923 7.61632 
0.800482 13.4662 6.84044 0.421248 13.0875 5.99765 0.113377 12.7598 5.1051 
-0.166019 12.4583 4.19352 -0.376076 12.2438 3.50626 -0.59062 12.0343 2.81881 
-0.881706 11.7555 1.90366 -1.17672 11.4766 0.989765 -1.47894 11.2055 0.0759275 
-1.79464 10.9281 -0.831419 -2.12995 10.628 -1.72429 -2.49079 10.3071 -2.59991 
-2.86972 9.97666 -3.46426 -3.28419 9.61522 -4.29777 -3.8468 9.19467 -5.00183 
-4.5971 8.76972 -5.49381 -5.44412 8.38631 -5.86118 -6.26569 7.96815 -6.24748 
-7.04122 7.53818 -6.70835 -7.81729 7.16246 -7.21308 1.7822 19.3993 14.543 
2.07038 19.0808 13.9282 2.43131 18.6521 13.1003 2.72709 18.2203 12.2498 
2.82818 17.7673 11.3687 2.69183 17.2444 10.5343 2.34772 16.6859 9.78419 
1.89959 16.1402 9.07737 1.40249 15.6121 8.38896 0.908747 15.0931 7.69124 
0.435154 14.5908 6.96815 0.0141809 14.1181 6.19542 -0.325643 13.7097 5.34896 
-0.618773 13.3533 4.46228 -0.969037 12.942 3.33512 -1.33 12.5427 2.20701 
-1.62808 12.2308 1.30484 -1.93498 11.9173 0.406223 -2.25736 11.5954 -0.483927 
-2.60878 11.2597 -1.35769 -2.99453 10.8997 -2.20693 -3.40577 10.5254 -3.03784 
-3.86909 10.1152 -3.82085 -4.42478 9.64501 -4.50006 -5.13239 9.12411 -4.96888 
-5.89277 8.59666 -5.34731 -6.66007 8.0996 -5.75171 -7.42006 7.63622 -6.20596 
-8.21005 7.2663 -6.69208 1.82001 13.577 18.7015 2.36619 13.4969 18.1942 
3.00703 13.3983 17.4356 3.54126 13.3193 16.5949 3.94814 13.2561 15.6863 
4.2013 13.1714 14.7244 4.24959 13.0084 13.7449 4.09662 12.7762 12.7881 
3.75968 12.4812 11.8955 3.34712 12.1529 11.0464 2.8984 11.8069 10.2224 
2.45811 11.4575 9.39536 2.06072 11.1327 8.53782 1.73094 10.8578 7.63521 
1.4546 10.6326 6.70142 1.19895 10.4371 5.75468 0.935644 10.2489 4.80854 
0.656278 10.0583 3.86748 0.361028 9.85704 2.93353 0.0535964 9.65092 2.00457 
-0.26371 9.44971 1.07785 -0.586317 9.25605 0.151346 -0.915753 9.0539 -0.770878 
-1.25836 8.83624 -1.68471 -1.62822 8.6082 -2.58529 -2.02373 8.37171 -3.47272 
-2.47495 8.12385 -4.32775 -3.07098 7.84417 -5.07484 -3.87146 7.56384 -5.59336 
-4.75507 7.30887 -5.98439 -5.62632 7.01314 -6.37488 -6.44515 6.68841 -6.84636 
-7.22692 6.37724 -7.3855 0.832325 13.5161 19.0366 1.7075 13.3914 19.0491 
2.45065 13.286 18.3905 3.09499 13.1998 17.6331 3.64029 13.1404 16.7991 
4.06012 13.1037 15.8944 4.32458 13.0598 14.9342 4.37442 12.941 13.9457 
4.24686 12.7521 12.976 3.95283 12.4992 12.0564 3.5559 12.1999 11.1894 
3.11535 11.8717 10.3538 2.67693 11.5378 9.51941 2.2678 11.2158 8.66596 
1.91498 10.931 7.77526 1.61379 10.6895 6.85351 1.34973 10.4891 5.91022 
1.08936 10.3059 4.96227 0.749469 10.0782 3.78113 0.390289 9.84234 2.60735 
0.0873565 9.64696 1.67459 -0.222952 9.45401 0.743756 -0.536286 9.26978 -0.187845 
-0.855792 9.07763 -1.11571 -1.19082 8.86586 -2.03371 -1.55505 8.64017 -2.93718 
-1.94481 8.41005 -3.8288 -2.40549 8.16316 -4.67841 -3.00843 7.88459 -5.42054 
-3.82481 7.63435 -5.927 -4.72352 7.43001 -6.31324 -5.60616 7.19596 -6.71908 
-6.44631 6.94987 -7.20156 -7.26478 6.77153 -7.74297 0.681992 12.929 18.9055 
1.56637 12.827 19.0444 2.51507 12.722 18.334 3.14435 12.6567 17.5618 
3.65524 12.6158 16.7053 4.0459 12.581 15.7883 4.26985 12.5161 14.8194 
4.29578 12.3862 13.8323 4.12094 12.1884 12.8713 3.77806 11.9265 11.9704 
3.37306 11.629 11.1062 2.94312 11.3094 10.2618 2.52882 10.9867 9.41093 
2.15895 10.6881 8.5315 1.85162 10.4376 7.6143 1.5911 10.2362 6.67041 
1.34194 10.0608 5.71801 1.0792 9.88916 4.76855 0.79998 9.71391 3.82447 
0.507494 9.53299 2.8855 0.200161 9.34498 1.95269 -0.117586 9.15729 1.02328 
-0.439775 8.97545 0.0942305 -0.770317 8.78842 -0.830791 -1.12232 8.57946 -1.74309 
-1.50094 8.36277 -2.64283 -1.91621 8.13842 -3.52416 -2.41063 7.8969 -4.35744 
-3.06927 7.62557 -5.04307 -3.90386 7.35406 -5.51641 -4.78417 7.07987 -5.90232 
-5.63713 6.7561 -6.31001 -6.44086 6.41745 -6.79803 -7.20708 6.07628 -7.3422 
3.50691 11.9909 16.2639 3.75166 11.9004 15.5612 3.93761 11.7343 14.5963 
3.90582 11.5261 13.6234 3.6655 11.2859 12.6866 3.30805 11.0114 11.7955 
2.88757 10.7012 10.943 2.46867 10.3819 10.093 2.08484 10.0719 9.2239 
1.76136 9.79589 8.31969 1.5061 9.5763 7.37856 1.27387 9.39933 6.4222 
1.03006 9.23552 5.46634 0.688539 9.02522 4.28256 0.310013 8.80284 3.11233 
-0.0205115 8.61012 2.1885 -0.373941 8.41675 1.2733 -0.745363 8.22839 0.364182 
-1.13297 8.03646 -0.537413 -1.54268 7.84535 -1.42927 -1.98535 7.65354 -2.30507 
-2.4844 7.45773 -3.14872 -3.08945 7.24416 -3.9119 -3.83554 6.98619 -4.51822 
-4.66431 6.66876 -4.97532 -5.49611 6.3048 -5.39375 -6.29705 5.92344 -5.85468 
-7.0532 5.49504 -6.34863 2.50732 17.1146 13.8891 2.90191 16.5965 13.132 
3.09161 16.0312 12.3353 2.99258 15.4413 11.5403 2.6618 14.8673 10.794 
2.22227 14.3248 10.0793 1.72156 13.8099 9.38349 1.21439 13.3106 8.68109 
0.740701 12.8379 7.939 0.349465 12.417 7.12385 0.062145 12.0753 6.23014 
-0.190325 11.7777 5.3095 -0.463362 11.4934 4.39054 -0.682957 11.2798 3.70595 
-0.915619 11.0619 3.02708 -1.23828 10.7692 2.12701 -1.591 10.4944 1.23266 
-1.96866 10.2309 0.345073 -2.3806 9.97355 -0.528898 -2.8413 9.73437 -1.38308 
-3.36781 9.4986 -2.19928 -3.97205 9.25274 -2.95601 -4.67365 8.93785 -3.58828 
-5.43401 8.51538 -4.07741 -6.20607 8.02538 -4.48158 -6.97758 7.55 -4.90281 
-7.76264 7.16584 -5.38573 1.1727 20.6423 13.2784 1.41672 20.0001 12.9793 
1.76544 19.1957 12.5006 2.09833 18.438 11.9405 2.297 17.7066 11.2929 
2.22028 17.0003 10.6014 1.91186 16.3436 9.918 1.46429 15.7484 9.25109 
0.980334 15.1761 8.58925 0.489433 14.6226 7.91649 0.0182379 14.0806 7.22112 
-0.385347 13.5824 6.4553 -0.697245 13.1772 5.5986 -0.969641 12.8344 4.69985 
-1.25485 12.5068 3.79924 -1.56535 12.1878 2.90382 -1.90018 11.8718 2.01616 
-2.25842 11.562 1.13548 -2.64148 11.2656 0.260715 -3.08245 10.9774 -0.588697 
-3.58695 10.6947 -1.40415 -4.33083 10.3321 -2.3385 -5.17688 9.91294 -3.15373 
-5.89009 9.47084 -3.69213 -6.61103 8.94745 -4.14516 -7.33494 8.41269 -4.58001 
-8.07555 7.96569 -5.07887 -8.85003 7.64903 -5.62282 2.67647 14.8203 16.8409 
3.21639 14.6546 16.0168 3.65645 14.5045 15.1336 3.94184 14.3334 14.1943 
4.0182 14.0795 13.2363 3.90181 13.7594 12.2997 3.59452 13.4149 11.4151 
3.17572 13.0378 10.5897 2.70693 12.653 9.79469 2.23052 12.2674 9.00455 
1.77419 11.8941 8.19708 1.39423 11.5725 7.3316 1.08591 11.3011 6.42047 
0.818285 11.0671 5.48588 0.548386 10.8493 4.54796 0.264664 10.6268 3.61526 
-0.0298615 10.3921 2.6889 -0.336708 10.1587 1.76623 -0.653724 9.93657 0.844204 
-0.975251 9.71641 -0.076744 -1.30647 9.49077 -0.992895 -1.66 9.2513 -1.89701 
-2.03796 8.99026 -2.78517 -2.45034 8.71955 -3.6546 -2.92601 8.43064 -4.48399 
-3.58744 8.0997 -5.14098 -4.4297 7.78098 -5.57078 -5.30322 7.45761 -5.93422 
-6.13014 7.08093 -6.34931 -6.91823 6.71003 -6.83949 -7.70422 6.37715 -7.35707 
1.7309 14.8947 18.2217 2.25919 14.7718 17.7041 2.89785 14.6112 16.9538 
3.43883 14.474 16.1258 3.86159 14.3708 15.2278 4.11452 14.2464 14.2703 
4.15389 14.0319 13.3009 3.96641 13.7326 12.3685 3.62286 13.382 11.4984 
3.18493 13.0007 10.6855 2.70957 12.6125 9.89597 2.23691 12.2252 9.10451 
1.79916 11.8628 8.28207 1.43088 11.549 7.40816 1.13429 11.2887 6.49006 
0.868318 11.0618 5.55328 0.595934 10.8462 4.61558 0.309929 10.6233 3.68367 
0.0118675 10.3888 2.75841 -0.297733 10.159 1.83573 -0.616346 9.93995 0.913522 
-0.938887 9.71974 -0.0070515 -1.27285 9.49209 -0.921686 -1.63081 9.24998 -1.82331 
-2.01451 8.98682 -2.7084 -2.43574 8.71698 -3.57403 -2.97736 8.40776 -4.34889 
-3.70353 8.05944 -4.92657 -4.55266 7.69608 -5.30933 -5.39673 7.31242 -5.6835 
-6.19752 6.89311 -6.10982 -6.97358 6.48636 -6.59077 -7.75916 6.10249 -7.07513 
3.37207 14.5989 14.9859 3.63612 14.4032 14.3134 3.77199 14.0658 13.389 
3.65702 13.6671 12.4825 3.34332 13.2437 11.6368 2.90499 12.8151 10.848 
2.4315 12.3909 10.0761 1.9562 11.9717 9.30269 1.51902 11.5822 8.49257 
1.16449 11.2498 7.6204 0.891953 10.9857 6.69627 0.63872 10.7574 5.75621 
0.36869 10.5306 4.82051 0.0766448 10.2887 3.89531 -0.236627 10.0364 2.97983 
-0.568276 9.79214 2.06863 -0.917836 9.55227 1.16297 -1.2808 9.31725 0.261334 
-1.66857 9.09394 -0.632869 -2.09457 8.85884 -1.50624 -2.56337 8.62257 -2.35715 
-3.10421 8.37821 -3.15913 -3.77255 8.09762 -3.84228 -4.56948 7.74768 -4.32631 
-5.39244 7.33206 -4.71188 -6.20125 6.88802 -5.09725 -6.99734 6.4757 -5.53842 
-7.78854 6.07588 -6.00101 2.24173 13.1603 18.1976 2.88933 13.0731 17.4441 
3.41444 12.9917 16.5984 3.82053 12.9086 15.6895 4.08398 12.7914 14.735 
4.16341 12.6219 13.7579 4.00907 12.3914 12.803 3.67829 12.1073 11.9051 
3.25587 11.781 11.0597 2.81471 11.4415 10.229 2.38763 11.1007 9.39149 
2.01209 10.7898 8.51928 1.70573 10.5321 7.60337 1.44467 10.3218 6.66159 
1.19544 10.1368 5.71104 0.933712 9.95424 4.76333 0.656912 9.76994 3.82028 
0.363586 9.57814 2.88374 0.0545599 9.37809 1.95399 -0.266256 9.17982 1.02786 
-0.594147 8.98939 0.102539 -0.930149 8.79412 -0.81883 -1.28576 8.58322 -1.72922 
-1.66712 8.36182 -2.62664 -2.07804 8.13235 -3.50886 -2.55863 7.89001 -4.34837 
-3.19947 7.61397 -5.05828 -4.02146 7.3379 -5.54774 -4.89896 7.06332 -5.9402 
-5.74385 6.7404 -6.36385 -6.54086 6.39843 -6.86065 -7.30604 6.05863 -7.40728 
1.1613 14.0915 19.0991 2.18494 13.9069 18.6366 2.87745 13.7831 17.9284 
3.47734 13.6875 17.1358 3.96899 13.6348 16.2689 4.30937 13.612 15.3304 
4.47884 13.5643 14.3494 4.45021 13.437 13.3623 4.23914 13.2211 12.4125 
3.88599 12.9414 11.5219 3.45535 12.6167 10.6801 3.00374 12.2791 9.85427 
2.55294 11.9401 9.02862 2.13609 11.6199 8.1785 1.78562 11.3474 7.28294 
1.48991 11.1196 6.35572 1.21996 10.9207 5.41368 0.947343 10.7308 4.47052 
0.665888 10.5394 3.53023 0.377025 10.341 2.59364 0.0789873 10.1402 1.66045 
-0.222374 9.94664 0.726811 -0.52428 9.75735 -0.207539 -0.833626 9.55608 -1.13686 
-1.1672 9.32814 -2.05153 -1.52103 9.09083 -2.95618 -1.8945 8.85005 -3.852 
-2.32483 8.59393 -4.71649 -2.94254 8.29429 -5.42946 -3.76869 8.03971 -5.91388 
-4.68882 7.8642 -6.26245 -5.57992 7.6205 -6.6432 -6.42618 7.34632 -7.09902 
-7.24677 7.12669 -7.62055 -8.0888 7.08609 -8.15536 2.61109 15.8534 16.2045 
2.99466 15.6905 15.5811 3.43501 15.492 14.7064 3.743 15.2776 13.7844 
3.82314 14.992 12.8356 3.66423 14.6276 11.9233 3.32408 14.2047 11.0862 
2.86868 13.7629 10.3135 2.3766 13.3259 9.56079 1.87421 12.8916 8.8131 
1.39692 12.476 8.03938 0.989622 12.1027 7.20738 0.664191 11.7864 6.31758 
0.390604 11.5205 5.39334 0.118256 11.266 4.46542 -0.0934792 11.0696 3.77325 
-0.313921 10.8722 3.08409 -0.622047 10.6142 2.16842 -0.942825 10.3592 1.25626 
-1.27263 10.1071 0.346523 -1.61944 9.86535 -0.559646 -1.98902 9.61056 -1.45314 
-2.38654 9.33318 -2.32763 -2.82421 9.04748 -3.17998 -3.32293 8.73301 -3.98623 
-3.99257 8.36398 -4.61818 -4.79072 7.9409 -5.0386 -5.60907 7.48579 -5.3888 
-6.41 7.04132 -5.78938 -7.1852 6.60687 -6.24747 1.25905 21.1667 13.3275 
1.50588 20.6084 12.892 1.82083 19.9024 12.2587 2.08252 19.2225 11.5743 
2.2041 18.5282 10.8701 2.09586 17.8385 10.163 1.7543 17.1895 9.48491 
1.31364 16.5802 8.82677 0.836761 15.9925 8.17337 0.354448 15.4211 7.50943 
-0.117214 14.8603 6.82895 -0.558012 14.323 6.11081 -0.928332 13.8393 5.31994 
-1.221 13.4368 4.45333 -1.50767 13.0841 3.56262 -1.80792 12.7453 2.67095 
-2.12119 12.4031 1.78512 -2.45431 12.0712 0.902665 -2.81094 11.7459 0.0269585 
-3.19566 11.4105 -0.832831 -3.63971 11.0682 -1.66037 -4.14506 10.7192 -2.44869 
-4.71349 10.3391 -3.17648 -5.36114 9.9077 -3.80181 -6.06073 9.40547 -4.30824 
-6.78406 8.87076 -4.74494 -7.51959 8.37745 -5.20732 -8.26973 7.96178 -5.72069 
-9.04833 7.64527 -6.26044 1.84258 15.6601 18.18 2.50464 15.4567 17.4591 
3.10028 15.2781 16.6773 3.61807 15.144 15.8342 4.01644 15.0565 14.9237 
4.22355 14.958 13.9533 4.2398 14.7895 12.9729 4.04943 14.5364 12.0281 
3.70671 14.217 11.147 3.26184 13.8361 10.3369 2.77589 13.449 9.55346 
2.27953 13.0583 8.77831 1.81317 12.6865 7.97608 1.40519 12.3514 7.12804 
1.07318 12.0648 6.23009 0.783514 11.811 5.30731 0.504133 11.5774 4.37598 
0.222061 11.3444 3.44531 -0.0645828 11.1052 2.51764 -0.358624 10.8705 1.59114 
-0.656873 10.6435 0.664025 -0.955217 10.4181 -0.26346 -1.26142 10.1845 -1.18627 
-1.58955 9.93056 -2.09596 -1.93823 9.65486 -2.99167 -2.30057 9.3733 -3.88014 
-2.72024 9.07397 -4.73474 -3.28271 8.73417 -5.47804 -4.09042 8.44256 -5.97233 
-4.98793 8.20424 -6.34245 -5.86651 7.92984 -6.7316 -6.70006 7.6283 -7.19243 
-7.51015 7.39076 -7.72176 -8.35349 7.33946 -8.25422 1.8184 18.9093 15.3942 
2.14022 18.6352 14.7748 2.54394 18.2876 13.929 2.87701 17.9582 13.0468 
3.05143 17.6033 12.1308 3.03658 17.1876 11.2281 2.77997 16.6894 10.4027 
2.37642 16.1642 9.65628 1.89227 15.649 8.94962 1.38794 15.1424 8.25035 
0.897198 14.6476 7.53327 0.44109 14.1746 6.77987 0.0586893 13.7459 5.96315 
-0.25728 13.3729 5.09159 -0.539671 13.045 4.19009 -0.819041 12.732 3.28238 
-1.10609 12.4218 2.37611 -1.40111 12.12 1.46955 -1.7038 11.8216 0.564381 
-2.01965 11.5122 -0.332491 -2.35648 11.1896 -1.21699 -2.72773 10.8467 -2.07965 
-3.12317 10.4824 -2.92274 -3.54753 10.1005 -3.74311 -4.10645 9.64571 -4.42667 
-4.80988 9.13619 -4.91164 -5.57491 8.6007 -5.26884 -6.35189 8.09899 -5.64884 
-7.11309 7.62206 -6.08733 -7.88624 7.21263 -6.56965 1.5467 19.7717 13.2538 
1.90582 19.0499 12.6631 2.2359 18.35 12.0304 2.4182 17.6679 11.327 
2.32504 16.9949 10.6044 2.00804 16.3568 9.90694 1.55698 15.772 9.23323 
1.0707 15.2087 8.5653 0.579606 14.6631 7.88634 0.110014 14.1306 7.18262 
-0.312975 13.6225 6.43429 -0.64999 13.1931 5.59865 -0.926077 12.8408 4.70462 
-1.20129 12.5097 3.80211 -1.50295 12.1885 2.90448 -1.82304 11.8737 2.01097 
-2.16302 11.5601 1.12443 -2.53224 11.2582 0.245651 -2.93353 10.9656 -0.622198 
-3.51708 10.5932 -1.66204 -4.19534 10.2134 -2.63902 -4.82719 9.86886 -3.32942 
-5.53245 9.43474 -3.8869 -6.25877 8.92239 -4.34368 -6.99588 8.40075 -4.77288 
-7.74288 7.9339 -5.24474 -8.51415 7.57253 -5.76527 1.35182 18.4279 17.4042 
1.78899 18.1926 16.8429 2.31035 17.9012 16.0413 2.78528 17.6388 15.202 
3.19599 17.4164 14.3181 3.51822 17.2197 13.3937 3.65423 16.998 12.433 
3.5736 16.698 11.4852 3.30492 16.3185 10.6047 2.88944 15.8913 9.80388 
2.40816 15.4435 9.05104 1.89391 14.9908 8.32265 1.38283 14.542 7.58978 
0.907169 14.1075 6.82526 0.477974 13.6962 6.0218 0.13228 13.334 5.15724 
-0.164793 13.0078 4.26004 -0.444981 12.7087 3.34788 -0.726144 12.4207 2.43247 
-1.00954 12.1343 1.51724 -1.29517 11.8522 0.601364 -1.58627 11.5728 -0.31357 
-1.89192 11.2753 -1.21798 -2.21677 10.9558 -2.10805 -2.56444 10.621 -2.98379 
-2.92176 10.2745 -3.85111 -3.31958 9.89722 -4.6856 -3.84929 9.48091 -5.41196 
-4.63879 9.11097 -5.88298 -5.5154 8.80331 -6.2509 -6.35479 8.44607 -6.65846 
-7.14078 8.046 -7.12862 -7.92589 7.73076 -7.65527 -8.75168 7.56974 -8.19251 
1.45092 19.0948 13.7975 1.75985 18.5158 13.4345 2.19105 17.7639 12.9374 
2.55203 17.0648 12.3267 2.66883 16.3963 11.5989 2.4879 15.7513 10.8673 
2.11521 15.1444 10.1685 1.64706 14.5746 9.4933 1.14845 14.034 8.81573 
0.644009 13.5074 8.13163 0.175196 13.0054 7.40568 -0.201987 12.5548 6.6004 
-0.48531 12.1996 5.71044 -0.753384 11.8994 4.79508 -1.04396 11.5969 3.88739 
-1.36255 11.2901 2.99062 -1.71284 10.9962 2.10145 -2.10318 10.7164 1.22455 
-2.529 10.4587 0.357571 -3.00138 10.2399 -0.495813 -3.54721 10.0567 -1.31246 
-4.16813 9.89682 -2.07903 -4.85512 9.65817 -2.76167 -5.58288 9.29948 -3.33942 
-6.31896 8.80169 -3.79606 -7.05086 8.26327 -4.21363 -7.78961 7.77228 -4.67092 
-8.5639 7.4403 -5.20072 1.62726 18.918 13.4436 2.04284 18.1564 12.9466 
2.43481 17.4361 12.379 2.63149 16.7624 11.6754 2.54471 16.1196 10.9279 
2.21676 15.5042 10.2139 1.75649 14.9401 9.52979 1.25854 14.4011 8.85052 
0.759508 13.8805 8.15786 0.288313 13.3771 7.43453 -0.0711249 12.9404 6.61341 
-0.352909 12.5898 5.72072 -0.625772 12.2754 4.8116 -0.91077 11.9708 3.90282 
-1.21952 11.6632 3.00283 -1.54969 11.3643 2.10757 -1.90623 11.0729 1.22001 
-2.28669 10.7853 0.34111 -2.69958 10.5153 -0.528414 -3.16903 10.2548 -1.37152 
-3.70952 10.0012 -2.17322 -4.31376 9.74382 -2.92622 -5.00017 9.38982 -3.55568 
-5.73615 8.92178 -4.03989 -6.48359 8.407 -4.45953 -7.23377 7.90862 -4.89336 
-8.00086 7.50782 -5.39174 2.38702 16.9065 14.0232 2.71692 16.4664 13.5135 
3.08858 15.84 12.8295 3.22102 15.2523 12.0479 3.06646 14.6937 11.2423 
2.68368 14.1761 10.4792 2.21123 13.6855 9.74732 1.70713 13.2078 9.02786 
1.2099 12.7474 8.29294 0.767996 12.3208 7.50571 0.418814 11.9564 6.64368 
0.142567 11.6554 5.73135 -0.119573 11.3773 4.80723 -0.404497 11.1016 3.88928 
-0.707983 10.8257 2.97729 -1.03209 10.5463 2.0735 -1.3761 10.2761 1.17432 
-1.74397 10.0229 0.279674 -2.14192 9.77295 -0.60284 -2.57836 9.52253 -1.46677 
-3.06231 9.27471 -2.30574 -3.62171 9.01579 -3.09213 -4.28488 8.71062 -3.76741 
-5.04614 8.3043 -4.26906 -5.83834 7.83323 -4.6559 -6.62345 7.35702 -5.05089 
-7.41031 6.93795 -5.50257 -8.21124 6.57724 -5.98001 2.67168 15.999 15.5594 
3.03504 15.8002 14.9348 3.42985 15.5201 14.062 3.64381 15.189 13.1489 
3.58768 14.774 12.245 3.31831 14.3183 11.4014 2.89743 13.8517 10.6257 
2.41645 13.3948 9.87762 1.91555 12.9443 9.13862 1.43067 12.5111 8.37936 
1.02543 12.1292 7.55081 0.711203 11.8155 6.6554 0.43857 11.5465 5.73196 
0.168011 11.2892 4.80429 -0.119551 11.0242 3.88395 -0.421913 10.7607 2.96791 
-0.740347 10.5004 2.05645 -1.07195 10.2423 1.14902 -1.41831 9.99607 0.243885 
-1.79003 9.74969 -0.651089 -2.19063 9.48459 -1.52798 -2.62958 9.21414 -2.38458 
-3.12819 8.927 -3.20184 -3.71309 8.60577 -3.94311 -4.43338 8.22832 -4.51293 
-5.24053 7.78301 -4.898 -6.04076 7.30087 -5.25423 -6.83249 6.85627 -5.67197 
-7.61279 6.43742 -6.13584 1.82655 14.4798 18.2613 2.35549 14.3736 17.7406 
2.98948 14.2326 16.9828 3.51875 14.1144 16.1446 3.92197 14.0225 15.2365 
4.19574 13.9207 14.283 4.27353 13.7528 13.3055 4.12718 13.5143 12.3493 
3.81072 13.2261 11.4475 3.39518 12.8948 10.6011 2.93541 12.5428 9.78589 
2.46904 12.1884 8.97541 2.02137 11.8425 8.15104 1.64252 11.5422 7.27705 
1.32823 11.2881 6.36289 1.05436 11.0686 5.42659 0.784176 10.8636 4.48587 
0.503286 10.66 3.54798 0.213905 10.4485 2.61446 -0.0847475 10.2335 1.68463 
-0.389542 10.0262 0.75505 -0.695749 9.82603 -0.175625 -1.00709 9.61591 -1.10236 
-1.3376 9.38593 -2.0176 -1.69228 9.14009 -2.91962 -2.06206 8.88705 -3.81359 
-2.4919 8.6203 -4.67405 -3.0486 8.31748 -5.44314 -3.84187 8.0435 -5.96677 
-4.74464 7.83753 -6.34165 -5.63597 7.60359 -6.72791 -6.48157 7.34875 -7.19543 
-7.3076 7.16761 -7.72299 -8.1552 7.16434 -8.25134 1.74076 19.667 14.4885 
2.11218 19.2425 13.663 2.45246 18.8093 12.8287 2.70659 18.3637 11.9727 
2.77017 17.8862 11.1024 2.60475 17.3496 10.2801 2.23358 16.7887 9.54373 
1.76461 16.2473 8.84665 1.26837 15.7155 8.16051 0.777212 15.1939 7.46288 
0.308908 14.6893 6.73792 -0.0978412 14.2222 5.95436 -0.427365 13.8213 5.10044 
-0.717993 13.4629 4.21341 -0.997602 13.127 3.314 -1.28337 12.8037 2.4119 
-1.57539 12.4865 1.50965 -1.87397 12.1702 0.609169 -2.18302 11.8474 -0.285347 
-2.51571 11.5103 -1.16586 -2.88162 11.1503 -2.02385 -3.2749 10.7713 -2.86148 
-3.69343 10.3747 -3.67802 -4.23032 9.90704 -4.3722 -4.9089 9.38811 -4.88219 
-5.66836 8.8575 -5.25821 -6.43571 8.3603 -5.66245 -7.18645 7.88041 -6.11591 
-7.95242 7.46431 -6.6038 1.11599 20.9576 13.1068 1.43177 20.0931 12.7186 
1.76567 19.2836 12.2376 2.06875 18.5193 11.6701 2.19971 17.7761 11.0226 
2.0781 17.0643 10.3408 1.71514 16.4193 9.67017 1.26029 15.8198 9.0126 
0.774914 15.2426 8.356 0.288052 14.6798 7.68805 -0.172125 14.1329 6.98928 
-0.561191 13.6406 6.21255 -0.862819 13.239 5.35005 -1.13647 12.8946 4.45224 
-1.43113 12.5672 3.55454 -1.74807 12.2432 2.6632 -2.08541 11.9188 1.77952 
-2.44161 11.6052 0.899418 -2.82776 11.3041 0.0275975 -3.25412 11.0059 -0.8261 
-3.75536 10.7115 -1.63877 -4.32471 10.4104 -2.40273 -4.96373 10.0673 -3.08973 
-5.6614 9.63603 -3.65542 -6.37965 9.12373 -4.12514 -7.10401 8.58864 -4.5597 
-7.84036 8.11271 -5.03833 -8.60058 7.74531 -5.56987 3.5867 13.4607 15.5179 
3.82555 13.3241 14.8225 3.96845 13.0858 13.8672 3.84272 12.7776 12.928 
3.54483 12.4378 12.0388 3.12922 12.0721 11.2068 2.67355 11.6985 10.3988 
2.22437 11.3221 9.58854 1.82011 10.9726 8.74419 1.48656 10.6749 7.85106 
1.21987 10.4371 6.91747 0.974054 10.232 5.97011 0.712898 10.0346 5.02528 
0.352084 9.77537 3.85704 -0.0389746 9.4947 2.70356 -0.373205 9.27343 1.78745 
-0.72308 9.06046 0.875203 -1.08718 8.8445 -0.030754 -1.46913 8.63245 -0.930195 
-1.88264 8.41146 -1.81321 -2.34203 8.18156 -2.67097 -2.89906 7.94468 -3.46347 
-3.58054 7.66963 -4.13666 -4.39073 7.33852 -4.61186 -5.22305 6.93945 -4.99465 
-6.03546 6.52992 -5.4085 -6.81248 6.11213 -5.8785 -7.57016 5.662 -6.34985 
2.00062 18.0324 15.868 2.48027 17.726 15.0464 2.89922 17.4441 14.1839 
3.22687 17.1726 13.2797 3.3937 16.8667 12.3463 3.32924 16.4858 11.4302 
3.03791 16.035 10.5925 2.61335 15.554 9.82696 2.12021 15.0686 9.10518 
1.60717 14.5921 8.39122 1.11449 14.1283 7.65519 0.674059 13.6945 6.86998 
0.303307 13.3042 6.02878 0.0024414 12.9673 5.13702 -0.27568 12.662 4.22633 
-0.55752 12.3694 3.31257 -0.845616 12.0803 2.39965 -1.13944 11.7931 1.48796 
-1.44042 11.5125 0.576568 -1.75264 11.2287 -0.330015 -2.08387 10.9219 -1.22219 
-2.43702 10.6012 -2.10094 -2.81307 10.2668 -2.96505 -3.20661 9.91418 -3.81388 
-3.69076 9.5109 -4.58364 -4.33909 9.05322 -5.18295 -5.14748 8.62316 -5.57872 
-5.97056 8.19463 -5.95064 -6.75656 7.74349 -6.37164 -7.52249 7.32615 -6.85888 
1.48295 20.8384 13.1327 1.80663 20.1774 12.4566 2.07764 19.5405 11.7355 
2.25029 18.8857 11.0035 2.2173 18.2164 10.2676 1.92327 17.5705 9.5694 
1.50265 16.9604 8.89897 1.0303 16.3724 8.24241 0.546847 15.8011 7.57929 
0.0716724 15.2425 6.89956 -0.366756 14.7147 6.17295 -0.744127 14.2329 5.38382 
-1.04161 13.8279 4.52038 -1.398 13.3789 3.40966 -1.76481 12.9464 2.29571 
-2.06873 12.603 1.40711 -2.38629 12.2673 0.520294 -2.72542 11.923 -0.355042 
-3.10327 11.5563 -1.20498 -3.5229 11.1799 -2.0306 -3.99877 10.7873 -2.8172 
-4.52485 10.3632 -3.55259 -5.1671 9.87467 -4.13737 -5.86975 9.35144 -4.61678 
-6.59697 8.80926 -5.03746 -7.34017 8.31629 -5.48804 -8.09489 7.892 -5.9876 
-8.88505 7.56903 -6.50622 1.54782 20.4795 14.0094 1.8063 20.0996 13.4167 
2.12427 19.5892 12.6177 2.39816 19.0525 11.8209 2.52431 18.4864 11.0114 
2.41054 17.8855 10.2283 2.05947 17.2796 9.5165 1.60519 16.7043 8.83679 
1.12241 16.1398 8.16725 0.633978 15.584 7.49463 0.153198 15.0429 6.80476 
-0.298768 14.5191 6.08315 -0.673723 14.0518 5.28445 -0.981295 13.6444 4.4253 
-1.26273 13.2808 3.53739 -1.55122 12.9407 2.64236 -1.84851 12.6052 1.74847 
-2.1549 12.2702 0.857476 -2.47637 11.9399 -0.029943 -2.82187 11.5989 -0.904032 
-3.20187 11.2379 -1.75536 -3.62612 10.8612 -2.57858 -4.08714 10.4687 -3.37415 
-4.62361 10.0185 -4.08495 -5.27467 9.51274 -4.64227 -6.00282 8.96338 -5.05126 
-6.74903 8.4455 -5.46769 -7.50102 7.97569 -5.92961 -8.27102 7.57741 -6.42566 
2.16175 18.226 14.0566 2.56334 17.7452 13.2773 2.85885 17.2728 12.4497 
2.93444 16.7723 11.5937 2.74991 16.2252 10.7845 2.37169 15.6691 10.0483 
1.90075 15.1311 9.34963 1.39613 14.6143 8.65809 0.898888 14.1091 7.95292 
0.433886 13.626 7.21177 0.0669688 13.2013 6.38688 -0.221741 12.8499 5.49663 
-0.497015 12.5353 4.58833 -0.779772 12.2305 3.67885 -1.07423 11.9228 2.77412 
-1.38127 11.6218 1.87131 -1.7034 11.3295 0.970867 -2.04269 11.0364 0.0770835 
-2.40724 10.7395 -0.805412 -2.81082 10.4338 -1.66739 -3.255 10.1123 -2.50337 
-3.75023 9.77592 -3.30304 -4.33014 9.38732 -4.01638 -5.03836 8.91095 -4.5261 
-5.7987 8.38866 -4.91121 -6.55751 7.86283 -5.29356 -7.32554 7.40722 -5.74228 
-8.1067 7.01095 -6.22404 1.47195 19.0068 13.5187 1.88901 18.1988 13.1033 
2.32157 17.4198 12.6554 2.67309 16.709 12.0511 2.73734 16.0629 11.3044 
2.52505 15.4545 10.5482 2.10272 14.8927 9.8386 1.61515 14.36 9.1472 
1.10796 13.8449 8.45626 0.617685 13.3473 7.74125 0.182203 12.8821 6.9717 
-0.150591 12.4795 6.12069 -0.421511 12.1565 5.21434 -0.694905 11.8605 4.29914 
-0.912914 11.6373 3.61716 -1.14167 11.4088 2.94045 -1.46889 11.1123 2.04329 
-1.81881 10.8282 1.15068 -2.19864 10.5508 0.26836 -2.61615 10.2884 -0.60128 
-3.0882 10.042 -1.44735 -3.62536 9.79756 -2.25383 -4.2335 9.54101 -3.00412 
-4.93015 9.18937 -3.62273 -5.67729 8.73293 -4.10224 -6.43351 8.22526 -4.51479 
-7.19163 7.73635 -4.94535 -7.96632 7.34659 -5.44101 1.72066 19.6379 14.41 
2.00284 19.3053 13.8 2.3534 18.8519 12.9806 2.63953 18.3874 12.1444 
2.75145 17.9021 11.283 2.60628 17.3465 10.4684 2.26461 16.7727 9.72863 
1.80889 16.2208 9.03141 1.31474 15.683 8.34837 0.822199 15.1546 7.65693 
0.352028 14.6446 6.93694 -0.0683783 14.1642 6.16875 -0.407486 13.7511 5.32434 
-0.699633 13.3899 4.43927 -1.05034 12.9732 3.31424 -1.41337 12.5704 2.188 
-1.71342 12.2542 1.28799 -2.02329 11.9361 0.392051 -2.35044 11.6117 -0.495474 
-2.70828 11.272 -1.36505 -3.09948 10.9074 -2.20987 -3.51344 10.5342 -3.04 
-3.97082 10.1327 -3.83257 -4.52243 9.66842 -4.51616 -5.22225 9.14795 -4.99969 
-5.97865 8.61414 -5.37735 -6.74416 8.11958 -5.78805 -7.50203 7.65831 -6.24781 
-8.28817 7.28361 -6.73657 1.79259 19.1208 15.5185 2.22309 18.7672 14.6885 
2.61504 18.44 13.8292 2.93138 18.1315 12.9335 3.08582 17.7985 12.0059 
3.0556 17.4012 11.0949 2.77813 16.9117 10.2723 2.3606 16.3857 9.53218 
1.87566 15.8727 8.82442 1.37336 15.3649 8.12455 0.875294 14.8632 7.41741 
0.405297 14.3795 6.6796 -0.00352475 13.9279 5.88739 -0.341439 13.5304 5.03559 
-0.632015 13.1844 4.14384 -0.911253 12.8599 3.24013 -1.19657 12.5417 2.33606 
-1.49 12.2326 1.43146 -1.78977 11.9286 0.527146 -2.0992 11.6177 -0.371431 
-2.43058 11.2917 -1.25668 -2.79499 10.9462 -2.12133 -3.17789 10.5838 -2.97097 
-3.58892 10.2003 -3.79775 -4.06055 9.77122 -4.56508 -4.70678 9.28106 -5.13637 
-5.49089 8.80067 -5.52705 -6.28896 8.33672 -5.91123 -7.05914 7.8686 -6.34375 
-7.82571 7.45626 -6.83428 2.83062 15.7253 15.5579 3.17453 15.5417 14.9174 
3.54356 15.2769 14.0293 3.71615 14.9545 13.1049 3.6331 14.5612 12.1961 
3.34149 14.121 11.3493 2.90898 13.6701 10.5702 2.42454 13.2259 9.81672 
1.92702 12.7872 9.06836 1.45232 12.3677 8.29515 1.06243 12.0037 7.45136 
0.757971 11.7048 6.54745 0.486592 11.4452 5.62082 0.213858 11.1955 4.69173 
-0.072294 10.9337 3.77005 -0.371229 10.6722 2.85233 -0.686105 10.4171 1.93816 
-1.01289 10.1646 1.02743 -1.34895 9.91796 0.118471 -1.70587 9.67762 -0.784157 
-2.08913 9.41677 -1.66998 -2.50173 9.14186 -2.53821 -2.95733 8.86138 -3.38273 
-3.51353 8.53332 -4.14307 -4.22336 8.16044 -4.72557 -5.04163 7.73108 -5.10559 
-5.85636 7.28084 -5.4703 -6.65121 6.84105 -5.8876 -7.42531 6.41284 -6.35326 
1.67724 12.028 19.1568 2.44647 11.9666 18.5925 3.08176 11.9265 17.8251 
3.58751 11.9056 16.9649 3.96777 11.8868 16.0419 4.20095 11.8327 15.0743 
4.24281 11.7181 14.0857 4.08708 11.5482 13.1161 3.76467 11.323 12.1977 
3.37645 11.0577 11.3155 2.96349 10.7603 10.4548 2.56522 10.4578 9.58889 
2.21567 10.1777 8.6954 1.93278 9.94428 7.76574 1.68447 9.75118 6.81682 
1.44438 9.58784 5.85995 1.18968 9.43237 4.90553 0.919847 9.27448 3.95569 
0.632765 9.11115 3.01184 0.330446 8.94135 2.0739 0.010849 8.76441 1.14304 
-0.317919 8.59026 0.21483 -0.656437 8.41767 -0.710138 -1.00751 8.23481 -1.62841 
-1.3818 8.03407 -2.53365 -1.79086 7.82956 -3.42267 -2.26125 7.61373 -4.27664 
-2.88408 7.36777 -5.01348 -3.68149 7.11831 -5.55031 -4.56425 6.88943 -5.95945 
-5.42968 6.61357 -6.37551 -6.2434 6.3076 -6.86829 -7.00726 5.99232 -7.4309 
0.748197 20.949 13.319 1.03397 20.0055 13.153 1.37675 19.0953 12.9279 
1.76988 18.2391 12.5955 2.15186 17.4233 12.1639 2.36839 16.6471 11.5844 
2.29539 15.929 10.9097 1.9588 15.2797 10.2323 1.4931 14.6978 9.56589 
0.997929 14.1386 8.9011 0.492337 13.5981 8.22877 0.0336439 13.0796 7.50887 
-0.31677 12.6335 6.68736 -0.603008 12.2761 5.80015 -0.877645 11.9727 4.88781 
-1.18354 11.6655 3.98678 -1.52017 11.3613 3.09575 -1.89724 11.07 2.21689 
-2.3143 10.7959 1.35046 -2.76816 10.5592 0.492077 -3.28201 10.3757 -0.345315 
-3.86672 10.2309 -1.14272 -4.51878 10.0756 -1.88322 -5.21897 9.81853 -2.54404 
-5.94478 9.40075 -3.08742 -6.66195 8.86594 -3.52943 -7.36646 8.28027 -3.93017 
1.3714 15.9858 18.5134 1.92197 15.8132 18.0397 2.57724 15.6017 17.3152 
3.16409 15.4173 16.5278 3.66703 15.2859 15.6752 4.03879 15.2039 14.7535 
4.24498 15.107 13.784 4.20757 14.9126 12.8075 3.9962 14.6508 11.8692 
3.64198 14.3208 10.9966 3.19409 13.9394 10.1886 2.69903 13.5478 9.41298 
2.19986 13.1532 8.64152 1.73274 12.7796 7.84084 1.32822 12.4435 6.9915 
0.998196 12.1551 6.09332 0.713712 11.9093 5.16677 0.434421 11.674 4.23584 
0.222767 11.4954 3.53887 0.00795935 11.3144 2.84345 -0.28453 11.0773 1.91705 
-0.580856 10.847 0.990134 -0.877327 10.6172 0.0631675 -1.1823 10.3794 -0.858978 
-1.50481 10.1263 -1.77096 -1.85056 9.84751 -2.66683 -2.20937 9.56149 -3.55532 
-2.60683 9.26307 -4.4224 -3.14314 8.90726 -5.18279 -3.86198 8.56343 -5.76965 
-4.73913 8.30666 -6.16821 -5.6313 8.03748 -6.53004 -6.47509 7.7172 -6.95899 
-7.28001 7.41549 -7.46534 -8.11076 7.29179 -8.0035 2.88998 15.4085 15.8288 
3.242 15.2498 15.1862 3.62092 15.0319 14.2893 3.79882 14.7458 13.3511 
3.73902 14.3913 12.4244 3.45427 13.9727 11.5674 3.02532 13.5301 10.7808 
2.5483 13.0933 10.0182 2.05429 12.6602 9.2644 1.584 12.2479 8.4845 
1.17994 11.8804 7.64826 0.865394 11.5762 6.75049 0.592146 11.3162 5.82464 
0.322475 11.0747 4.89246 0.0355246 10.8214 3.96868 -0.265787 10.563 3.05086 
-0.583912 10.311 2.13692 -0.915709 10.0625 1.22691 -1.25567 9.81594 0.319405 
-1.61192 9.58063 -0.584797 -1.99241 9.335 -1.47628 -2.4042 9.06952 -2.34782 
-2.85634 8.80076 -3.1981 -3.38577 8.49795 -3.98866 -4.09283 8.14268 -4.5859 
-4.90481 7.73803 -5.00204 -5.72071 7.29026 -5.36715 -6.51715 6.85062 -5.78134 
-7.29183 6.42341 -6.24726 1.65379 19.8098 13.5985 2.00867 19.2153 12.8771 
2.3254 18.6105 12.1467 2.51962 18.0054 11.3807 2.44848 17.3771 10.6105 
2.141 16.7599 9.89307 1.70093 16.1782 9.20967 1.2175 15.6176 8.53753 
0.726866 15.0719 7.85822 0.251234 14.5412 7.15701 -0.167168 14.045 6.39754 
-0.506441 13.6199 5.55943 -0.793972 13.2554 4.67437 -1.13964 12.8332 3.54982 
-1.50561 12.4254 2.42638 -1.8148 12.1063 1.53057 -2.13681 11.7882 0.638847 
-2.47659 11.4711 -0.246462 -2.85075 11.146 -1.1148 -3.26049 10.8049 -1.96063 
-3.72073 10.4478 -2.77292 -4.23229 10.0716 -3.54465 -4.83967 9.62601 -4.19398 
-5.55931 9.10614 -4.65023 -6.29918 8.56186 -5.04534 -7.05011 8.06101 -5.47392 
-7.81116 7.62637 -5.95424 -8.61297 7.29167 -6.44467 1.77884 15.4142 18.1956 
2.4627 15.2213 17.4944 3.0656 15.0513 16.7164 3.57524 14.9255 15.8665 
3.97381 14.8309 14.9569 4.20195 14.725 13.993 4.21564 14.542 13.0153 
4.02162 14.2745 12.0753 3.67307 13.9431 11.2008 3.23328 13.5663 10.3859 
2.74961 13.1812 9.60009 2.26032 12.7938 8.81879 1.80687 12.43 8.00568 
1.41401 12.1063 7.14618 1.09995 11.8358 6.23647 0.817354 11.5962 5.30777 
0.538872 11.3705 4.37426 0.25497 11.1406 3.44336 -0.0367506 10.9051 2.51631 
-0.336771 10.677 1.59006 -0.63928 10.4543 0.6633 -0.943726 10.2302 -0.262468 
-1.25978 9.99497 -1.18152 -1.5997 9.73942 -2.08644 -1.95903 9.46478 -2.9783 
-2.33998 9.18351 -3.85886 -2.81151 8.87138 -4.68098 -3.48222 8.51978 -5.31981 
-4.33544 8.22774 -5.7379 -5.22125 7.92086 -6.08535 -6.0669 7.5674 -6.48207 
-6.86651 7.20666 -6.9608 -7.66035 6.91487 -7.48798 3.42149 13.7797 16.1004 
3.72531 13.6845 15.4217 3.98741 13.5192 14.4751 4.04097 13.2758 13.5096 
3.86407 12.9714 12.5798 3.51023 12.6192 11.7145 3.08473 12.2512 10.8885 
2.62516 11.8749 10.0839 2.17385 11.4988 9.27485 1.7718 11.1547 8.42715 
1.44768 10.8688 7.5266 1.18174 10.6365 6.5915 0.929695 10.4292 5.64629 
0.66016 10.2275 4.70471 0.373191 10.0176 3.77012 0.0689451 9.79326 2.84438 
-0.251992 9.56885 1.92428 -0.58626 9.35581 1.00621 -0.929267 9.14266 0.091398 
-1.28823 8.92509 -0.816201 -1.66872 8.70173 -1.71349 -2.08719 8.45844 -2.58827 
-2.56149 8.21132 -3.43262 -3.15625 7.92597 -4.18057 -3.89276 7.61207 -4.7683 
-4.72404 7.25682 -5.19213 -5.56287 6.86688 -5.57117 -6.36725 6.46135 -6.00451 
-7.13087 6.04159 -6.49464 3.49632 13.1698 14.8139 3.63206 12.8869 14.1341 
3.61881 12.5146 13.2139 3.36707 12.1385 12.325 2.96231 11.7539 11.497 
2.51029 11.3675 10.6929 2.05814 10.9794 9.88998 1.64032 10.6096 9.06096 
1.30641 10.2943 8.17483 1.05606 10.052 7.23802 0.827605 9.84698 6.28635 
0.57506 9.65141 5.33885 0.21066 9.39084 4.17212 -0.191004 9.10279 3.02414 
-0.543702 8.87008 2.11789 -0.931301 8.64529 1.22398 -1.34487 8.4258 0.340484 
-1.78544 8.2294 -0.535282 -2.26862 8.04914 -1.39176 -2.80509 7.88626 -2.21881 
-3.4255 7.73821 -2.98807 -4.15885 7.53411 -3.63026 -4.96685 7.2538 -4.1455 
-5.80235 6.90119 -4.56579 -6.62259 6.51827 -4.99025 -7.43186 6.15847 -5.45412 
1.78153 13.7046 18.7061 2.51258 13.5926 18.0429 3.14631 13.4907 17.2775 
3.66634 13.4139 16.4287 4.0474 13.3544 15.5089 4.2621 13.2679 14.538 
4.28257 13.1074 13.5559 4.09758 12.8687 12.6066 3.75693 12.5763 11.7153 
3.34131 12.2502 10.867 2.89109 11.9062 10.0431 2.4483 11.5595 9.21626 
2.05261 11.2404 8.35585 1.72822 10.9751 7.44855 1.45356 10.7568 6.51227 
1.1931 10.562 5.56668 0.925261 10.3736 4.62184 0.644117 10.1824 3.68143 
0.350285 9.98158 2.74695 0.0451527 9.77765 1.81675 -0.266981 9.58007 0.887493 
-0.582726 9.38842 -0.04179 -0.906334 9.18565 -0.96592 -1.25409 8.96076 -1.87606 
-1.62351 8.7273 -2.77546 -2.02115 8.48614 -3.66051 -2.50368 8.22565 -4.49473 
-3.18143 7.92132 -5.15295 -4.00041 7.64097 -5.64272 -4.88624 7.37797 -6.02409 
-5.74623 7.06921 -6.42858 -6.56202 6.74081 -6.90343 -7.34813 6.43758 -7.4399 
1.74219 16.9362 17.4359 2.19212 16.7505 16.8654 2.74815 16.5133 16.0696 
3.23379 16.3125 15.2194 3.63066 16.154 14.317 3.84667 15.9913 13.359 
3.84153 15.7571 12.3899 3.64113 15.4288 11.4718 3.27588 15.0163 10.6411 
2.80694 14.5793 9.87401 2.30257 14.139 9.1313 1.79243 13.7036 8.38957 
1.31471 13.2877 7.61625 0.899872 12.9068 6.79073 0.551651 12.5695 5.91739 
0.258808 12.2777 5.00718 -0.0174198 12.0033 4.08608 -0.227924 11.801 3.39526 
-0.444084 11.6019 2.70525 -0.74052 11.3386 1.78721 -1.04062 11.0747 0.870519 
-1.3447 10.8156 -0.046196 -1.66404 10.554 -0.956962 -2.00547 10.267 -1.8518 
-2.36904 9.96093 -2.73157 -2.75297 9.64458 -3.59883 -3.18863 9.29556 -4.42578 
-3.80273 8.88956 -5.09207 -4.5919 8.49796 -5.55441 -5.45224 8.13525 -5.91218 
-6.27576 7.72684 -6.30332 -7.05303 7.31707 -6.77982 -7.83828 6.97019 -7.29008 
1.55324 20.9336 14.1271 1.90355 20.478 13.3089 2.21063 20.0154 12.4775 
2.46233 19.517 11.6485 2.57998 18.9869 10.8145 2.46013 18.4093 10.0144 
2.11795 17.8116 9.29095 1.67514 17.2392 8.60205 1.19148 16.6788 7.92976 
0.702812 16.1307 7.25097 0.22715 15.5966 6.55223 -0.211883 15.0888 5.81184 
-0.589254 14.6229 5.01307 -0.899235 14.2129 4.15589 -1.17992 13.8456 3.26919 
-1.45838 13.4963 2.37454 -1.73708 13.1554 1.4767 -2.01906 12.817 0.578926 
-2.31028 12.4752 -0.314524 -2.62257 12.1143 -1.19301 -2.9685 11.7228 -2.0456 
-3.33091 11.3207 -2.88638 -3.70941 10.9026 -3.71198 -4.14712 10.4289 -4.47408 
-4.73574 9.91417 -5.0795 -5.50074 9.42805 -5.50056 -6.28663 8.96871 -5.91428 
-7.05462 8.51779 -6.36827 -7.80945 8.09587 -6.86962 -8.58615 7.74625 -7.38917 
2.76937 15.8551 14.5713 3.09398 15.5051 13.9941 3.38362 14.9997 13.1872 
3.41368 14.485 12.3387 3.14358 13.9724 11.5305 2.71741 13.4788 10.773 
2.2411 13.0029 10.034 1.74361 12.5409 9.29986 1.27399 12.1037 8.53358 
0.88287 11.7179 7.69924 0.574916 11.3992 6.80492 0.315487 11.1358 5.87581 
0.0446873 10.8768 4.94874 -0.24876 10.6086 4.03124 -0.567423 10.3388 3.12264 
-0.910139 10.0681 2.22312 -1.27372 9.80105 1.33075 -1.66049 9.55803 0.441307 
-2.07984 9.3272 -0.436561 -2.5412 9.10706 -1.29563 -3.05987 8.90968 -2.127 
-3.66253 8.70623 -2.89747 -4.35886 8.45501 -3.56184 -5.14818 8.07404 -4.03835 
-5.95041 7.63091 -4.43758 -6.74615 7.19445 -4.85594 -7.54414 6.81669 -5.32417 
1.39738 19.2586 13.6093 1.69884 18.6552 13.2817 2.12251 17.8778 12.8186 
2.48252 17.1525 12.2379 2.60169 16.4642 11.5301 2.43238 15.8046 10.8073 
2.06905 15.193 10.1095 1.58994 14.6338 9.4331 1.08785 14.0946 8.75707 
0.590704 13.5723 8.06445 0.146038 13.0791 7.3195 -0.181405 12.6655 6.47135 
-0.456997 12.33 5.57139 -0.732565 12.0285 4.65868 -1.02965 11.7214 3.75461 
-1.34984 11.416 2.85788 -1.69937 11.123 1.96809 -2.08697 10.8407 1.09067 
-2.50258 10.5767 0.220489 -2.97406 10.3424 -0.628636 -3.52705 10.1337 -1.43491 
-4.16459 9.95865 -2.18358 -4.84402 9.70485 -2.86865 -5.56783 9.31466 -3.42948 
-6.30344 8.81475 -3.88489 -7.03728 8.28028 -4.30412 -7.77844 7.79691 -4.76564 
-8.55318 7.46496 -5.29684 1.92069 18.1469 15.9219 2.39637 17.8343 15.1 
2.8255 17.5411 14.2462 3.16903 17.2625 13.3503 3.34639 16.9492 12.422 
3.29899 16.557 11.5068 3.02883 16.1004 10.6656 2.61695 15.6123 9.89791 
2.12859 15.1208 9.17716 1.61537 14.6387 8.46708 1.10983 14.1623 7.74773 
0.63483 13.7022 6.9981 0.238422 13.2846 6.18203 -0.0819932 12.9186 5.30927 
-0.360617 12.5999 4.40337 -0.641029 12.3009 3.49126 -0.929512 12.0053 2.58055 
-1.22653 11.7101 1.67246 -1.53457 11.4236 0.765274 -1.8553 11.1385 -0.13797 
-2.19235 10.8402 -1.03084 -2.56078 10.5248 -1.90519 -2.95769 10.1924 -2.76062 
-3.38419 9.83707 -3.59174 -3.87849 9.44051 -4.36335 -4.55537 8.97337 -4.91685 
-5.32932 8.4791 -5.30996 -6.12037 7.99439 -5.68281 -6.8918 7.52283 -6.10896 
-7.6679 7.11402 -6.58638 0.620132 20.1168 13.6918 0.858524 19.4093 13.6207 
1.2243 18.491 13.4763 1.655 17.6245 13.2303 2.11638 16.7935 12.9204 
2.5102 16.0001 12.4683 2.66675 15.2565 11.8345 2.54012 14.5772 11.1217 
2.15808 13.9896 10.4118 1.68609 13.445 9.71923 1.17704 12.9331 9.02722 
0.674324 12.432 8.32335 0.222565 11.9599 7.5675 -0.102026 11.5669 6.71076 
-0.358633 11.2655 5.79271 -0.640347 10.9857 4.87506 -0.959255 10.6942 3.97343 
-1.31576 10.3901 3.09017 -1.72611 10.1142 2.22188 -2.20254 9.88959 1.3726 
-2.73053 9.72878 0.540024 -3.30923 9.66831 -0.272343 -3.93912 9.64701 -1.04827 
-4.62797 9.55827 -1.7623 -5.36203 9.30051 -2.38194 -6.10199 8.84974 -2.87703 
-6.82054 8.28963 -3.28778 2.32661 12.7516 18.2991 2.81339 12.7003 17.7312 
3.36035 12.6378 16.8992 3.79077 12.5749 16.0007 4.05913 12.4755 15.0448 
4.15378 12.3214 14.0659 4.02965 12.1068 13.1016 3.70848 11.8358 12.1958 
3.31054 11.5314 11.3305 2.87955 11.2045 10.4897 2.45553 10.8706 9.64785 
2.07203 10.5557 8.78053 1.761 10.2926 7.86831 1.50511 10.0836 6.92471 
1.26213 9.9062 5.97106 1.00452 9.73153 5.02078 0.652699 9.50654 3.84267 
0.274159 9.26789 2.67559 -0.0487556 9.06799 1.75056 -0.384516 8.87647 0.828302 
-0.728785 8.68654 -0.0911405 -1.08746 8.48593 -1.00273 -1.47106 8.27662 -1.90208 
-1.889 8.05709 -2.78339 -2.34857 7.82775 -3.64069 -2.89819 7.58494 -4.43779 
-3.63758 7.29893 -5.03609 -4.48024 6.99998 -5.4809 -5.33619 6.67616 -5.88257 
-6.14728 6.30587 -6.3343 -6.91443 5.92834 -6.85241 1.77424 14.9606 18.412 
2.46896 14.7906 17.7139 3.09349 14.6349 16.9505 3.62323 14.517 16.1125 
4.02861 14.4398 15.2042 4.26756 14.3566 14.2405 4.31127 14.2032 13.2572 
4.12408 13.9487 12.3135 3.78309 13.6339 11.4288 3.35449 13.2766 10.6002 
2.87943 12.9078 9.80136 2.39743 12.5333 9.00924 1.93551 12.1679 8.20134 
1.52371 11.8364 7.35386 1.19217 11.5574 6.45337 0.910823 11.3176 5.52434 
0.638023 11.0979 4.5877 0.356823 10.8791 3.65334 0.0673006 10.6507 2.72383 
-0.233229 10.4211 1.79812 -0.540743 10.2013 0.872312 -0.850424 9.98605 -0.053829 
-1.1646 9.76457 -0.976981 -1.49988 9.52588 -1.88824 -1.85871 9.267 -2.78493 
-2.23329 8.99685 -3.67185 -2.66028 8.7166 -4.52919 -3.24564 8.39452 -5.2621 
-4.06141 8.10057 -5.74627 -4.95741 7.84975 -6.11142 -5.82394 7.54029 -6.5006 
-6.64112 7.20916 -6.97077 -7.44116 6.93336 -7.49817 1.75937 12.3138 19.2682 
2.51989 12.24 18.6459 3.14896 12.1954 17.8727 3.66744 12.1755 17.0201 
4.06021 12.1687 16.1023 4.30544 12.139 15.1364 4.36526 12.0483 14.1462 
4.20426 11.8786 13.1767 3.9003 11.6586 12.2506 3.52069 11.3951 11.3645 
3.10726 11.0995 10.5035 2.69769 10.7929 9.64433 2.32717 10.5009 8.76299 
2.01462 10.2502 7.84789 1.75601 10.052 6.9027 1.51067 9.88691 5.94744 
1.25391 9.72774 4.99419 0.910893 9.52426 3.80956 0.546393 9.31221 2.63289 
0.237161 9.13461 1.69867 -0.0793935 8.95508 0.767235 -0.399786 8.78135 -0.163973 
-0.729002 8.60548 -1.09168 -1.07737 8.40882 -2.00802 -1.4524 8.20028 -2.91119 
-1.85958 7.98911 -3.79963 -2.32942 7.7635 -4.65004 -2.95407 7.50737 -5.38288 
-3.77389 7.27239 -5.89365 -4.67166 7.08115 -6.28825 -5.54747 6.84895 -6.70956 
-6.37614 6.60385 -7.21149 -7.16286 6.38874 -7.78907 3.58309 13.3456 15.6507 
3.89458 13.1752 14.7186 4.02241 12.9358 13.7594 3.9431 12.6673 12.8057 
3.65717 12.3679 11.8988 3.25637 12.036 11.0457 2.81301 11.6887 10.2196 
2.3695 11.335 9.3961 1.95488 10.9931 8.55302 1.60684 10.6969 7.6649 
1.32929 10.4604 6.73418 1.08057 10.2612 5.78636 0.824975 10.0695 4.83879 
0.548921 9.87687 3.89718 0.253291 9.67295 2.96394 -0.0584106 9.4596 2.03805 
-0.383776 9.25224 1.1155 -0.717981 9.05278 0.194363 -1.05875 8.84886 -0.723379 
-1.41796 8.63411 -1.63147 -1.8076 8.40751 -2.524 -2.23329 8.16952 -3.39663 
-2.73704 7.91943 -4.21974 -3.40044 7.6308 -4.90401 -4.22707 7.32653 -5.36831 
-5.0922 7.00418 -5.75216 -5.92928 6.64391 -6.16242 -6.71049 6.26189 -6.65491 
-7.47506 5.88127 -7.17438 1.2305 21.4906 13.215 1.47168 20.9292 12.7803 
1.77881 20.2164 12.151 2.01693 19.5319 11.4627 2.12682 18.8269 10.7659 
2.02223 18.1259 10.0685 1.7092 17.4613 9.39264 1.27418 16.8433 8.73898 
0.800777 16.2481 8.0898 0.320503 15.6694 7.43064 -0.148296 15.1054 6.75107 
-0.580385 14.5717 6.02578 -0.927532 14.1037 5.21564 -1.21611 13.6987 4.34825 
-1.50284 13.3343 3.46233 -1.79741 12.9862 2.57235 -2.10079 12.6394 1.68488 
-2.42017 12.3004 0.799996 -2.75755 11.9637 -0.0790765 -3.11902 11.6131 -0.942813 
-3.53413 11.2454 -1.77443 -3.99904 10.8704 -2.5762 -4.51557 10.4687 -3.3308 
-5.12714 10.0056 -3.96814 -5.81968 9.4901 -4.46862 -6.5435 8.94913 -4.89666 
-7.2814 8.44611 -5.34495 -8.03402 8.02232 -5.84789 -8.80682 7.67206 -6.37572 
2.09617 16.0606 17.1339 2.69197 15.8428 16.3615 3.21121 15.647 15.5308 
3.63017 15.4872 14.6387 3.89035 15.3169 13.6917 3.91265 15.0604 12.7327 
3.72452 14.7246 11.8142 3.37299 14.3223 10.9715 2.9099 13.893 10.1966 
2.41199 13.4643 9.44274 1.91361 13.041 8.68626 1.44839 12.6414 7.89731 
1.05853 12.2882 7.04844 0.747106 11.9922 6.14614 0.47076 11.7347 5.22027 
0.194491 11.4842 4.2924 -0.0194931 11.2908 3.60011 -0.239673 11.0982 2.90951 
-0.544412 10.8482 1.99047 -0.85506 10.5998 1.07298 -1.17219 10.3551 0.156742 
-1.50183 10.111 -0.755211 -1.85721 9.8424 -1.65033 -2.23584 9.55281 -2.52931 
-2.6454 9.25402 -3.39105 -3.12397 8.91127 -4.19813 -3.74968 8.53456 -4.8698 
-4.53883 8.13935 -5.33004 -5.38602 7.74618 -5.68669 -6.20302 7.32387 -6.07818 
-6.98305 6.90886 -6.54512 -7.7724 6.54115 -7.03594 1.68188 19.5115 15.2263 
1.98525 19.2215 14.6049 2.36427 18.8569 13.7544 2.70164 18.4939 12.8867 
2.91408 18.1264 11.9846 2.89952 17.691 11.0889 2.6963 17.1876 10.2536 
2.30609 16.6488 9.51014 1.82804 16.1234 8.80699 1.32857 15.6045 8.11329 
0.837894 15.097 7.40505 0.374202 14.6079 6.66658 -0.0351676 14.1498 5.87932 
-0.360466 13.7602 5.01844 -0.650175 13.4105 4.12766 -0.929556 13.0812 3.22572 
-1.21252 12.7585 2.32249 -1.50132 12.4447 1.418 -1.79511 12.1353 0.513607 
-2.09707 11.8191 -0.385704 -2.41898 11.4872 -1.27224 -2.77281 11.1341 -2.13823 
-3.14353 10.7653 -2.99054 -3.53484 10.3778 -3.82513 -3.99442 9.94175 -4.59569 
-4.60954 9.45386 -5.20087 -5.39054 8.98925 -5.61424 -6.20279 8.54836 -5.99578 
-6.977 8.09295 -6.43426 -7.73795 7.67139 -6.92629 -8.53725 7.35167 -7.42845 
1.99248 17.6171 13.9316 2.44914 16.9206 13.3802 2.81784 16.2648 12.7245 
2.91978 15.611 11.9878 2.7439 14.9843 11.2368 2.35308 14.409 10.5194 
1.87694 13.8655 9.82892 1.37433 13.3461 9.13803 0.86748 12.8419 8.43902 
0.401637 12.3651 7.69549 0.0582963 11.9612 6.85095 -0.205707 11.6351 5.94393 
-0.472282 11.3471 5.02427 -0.76754 11.0618 4.11253 -1.08686 10.7654 3.2125 
-1.44331 10.4737 2.32519 -1.83985 10.206 1.44741 -2.28428 9.96503 0.584819 
-2.77534 9.77208 -0.263725 -3.33177 9.63922 -1.08343 -3.95757 9.51729 -1.85295 
-4.65695 9.33111 -2.5378 -5.40479 9.02422 -3.12355 -6.1587 8.56174 -3.58459 
-6.90238 8.04008 -4.00257 -7.65324 7.56913 -4.46147 1.82574 17.4282 16.9046 
2.37363 17.1575 16.1136 2.86624 16.9104 15.2796 3.29426 16.6956 14.4025 
3.60306 16.4959 13.475 3.70954 16.256 12.5149 3.57518 15.9213 11.5892 
3.25326 15.4983 10.7442 2.81362 15.0476 9.96925 2.31735 14.5893 9.23197 
1.80436 14.1367 8.50268 1.30944 13.6975 7.75314 0.876972 13.292 6.94921 
0.518592 12.9348 6.08794 0.221611 12.626 5.18462 -0.0560341 12.3385 4.26797 
-0.267139 12.1311 3.57884 -0.483193 11.9272 2.89018 -0.77565 11.6553 1.97336 
-1.07248 11.3836 1.05789 -1.37582 11.118 0.142796 -1.69469 10.8444 -0.764592 
-2.03707 10.5426 -1.65411 -2.40324 10.2257 -2.52903 -2.78833 9.89691 -3.39124 
-3.21996 9.53011 -4.21397 -3.81094 9.11388 -4.88259 -4.58447 8.66875 -5.33055 
-5.41749 8.25505 -5.69722 -6.23077 7.81571 -6.07768 -7.00521 7.37624 -6.53127 
-7.79004 7.007 -7.02702 1.25987 20.4493 13.3498 1.51418 19.8362 13.0021 
1.8664 19.0713 12.4643 2.18518 18.3399 11.8628 2.33983 17.6285 11.1821 
2.21566 16.9391 10.48 1.86004 16.2999 9.80034 1.40632 15.7089 9.1345 
0.918429 15.1395 8.47295 0.427571 14.5872 7.79912 -0.0386198 14.0478 7.09863 
-0.442061 13.5499 6.33335 -0.745861 13.1539 5.46908 -1.01875 12.8131 4.56968 
-1.31011 12.4873 3.6703 -1.62377 12.1672 2.77639 -1.96027 11.8499 1.88983 
-2.3186 11.5396 1.00944 -2.70949 11.2444 0.13785 -3.16231 10.9564 -0.705562 
-3.67716 10.6731 -1.51428 -4.26648 10.3841 -2.26745 -4.91922 10.0489 -2.94317 
-5.6308 9.62729 -3.50165 -6.3521 9.10225 -3.95087 -7.07591 8.56291 -4.38067 
-7.81196 8.09496 -4.86537 -8.57285 7.74172 -5.40697 2.21032 17.9735 13.8448 
2.61579 17.4387 13.1044 2.88832 16.9182 12.3009 2.8939 16.3614 11.475 
2.65633 15.7873 10.6979 2.26065 15.2285 9.97229 1.77107 14.6982 9.2803 
1.26611 14.1842 8.58698 0.776903 13.6891 7.86929 0.342779 13.2264 7.09838 
0.0202179 12.84 6.23579 -0.254174 12.5129 5.33158 -0.529238 12.2115 4.4187 
-0.74371 11.989 3.73533 -0.966637 11.7636 3.05567 -1.27872 11.4649 2.15385 
-1.60824 11.177 1.25468 -1.9614 10.8909 0.364029 -2.34285 10.6041 -0.514696 
-2.76635 10.3175 -1.37372 -3.24843 10.022 -2.19794 -3.79328 9.71485 -2.97635 
-4.45039 9.34261 -3.62823 -5.18886 8.87974 -4.11123 -5.9494 8.37595 -4.51993 
-6.71043 7.86213 -4.91564 -7.48087 7.41832 -5.37062 -8.26941 7.05914 -5.86899 
1.72266 20.3444 14.3411 2.07145 19.9356 13.4981 2.39612 19.5177 12.6497 
2.65199 19.0831 11.7882 2.73769 18.6094 10.9169 2.59011 18.075 10.0919 
2.24695 17.507 9.34591 1.78956 16.959 8.64649 1.29944 16.4184 7.96281 
0.808208 15.8877 7.27215 0.333416 15.3719 6.5592 -0.1086 14.8778 5.81084 
-0.495207 14.419 5.01225 -0.812101 14.015 4.15503 -1.09685 13.6479 3.26968 
-1.37726 13.3035 2.3737 -1.6584 12.9697 1.47395 -1.94167 12.6401 0.573349 
-2.23178 12.3064 -0.323506 -2.54232 11.9567 -1.20733 -2.88025 11.5835 -2.07115 
-3.23705 11.1934 -2.91991 -3.60917 10.791 -3.75619 -4.00969 10.3536 -4.56054 
-4.55081 9.85965 -5.22793 -5.29601 9.38923 -5.69314 -6.11489 8.97374 -6.08902 
-6.90411 8.54176 -6.52431 -7.66126 8.10903 -7.01305 -8.43822 7.76466 -7.53417 
3.4454 14.2805 14.3608 3.58885 13.965 13.6977 3.57744 13.5319 12.8038 
3.31464 13.0869 11.9521 2.90263 12.642 11.1579 2.43635 12.2108 10.3855 
1.96349 11.7844 9.61444 1.51734 11.3799 8.8169 1.15123 11.0296 7.95715 
0.883718 10.7619 7.03205 0.63458 10.5304 6.0917 0.369055 10.3066 5.15405 
0 10 4 -0.399181 9.67947 2.85974 -0.748102 9.43179 1.956 
-1.1191 9.18703 1.06023 -1.51508 8.95996 0.170624 -1.94212 8.74938 -0.708578 
-2.40765 8.54309 -1.56894 -2.92271 8.34727 -2.40304 -3.53244 8.15273 -3.16973 
-4.2528 7.90737 -3.80959 -5.06345 7.56775 -4.28405 -5.88515 7.15879 -4.6803 
-6.69611 6.73862 -5.08698 -7.49811 6.36107 -5.54922 3.68366 12.592 14.9874 
3.82297 12.3273 14.0385 3.71642 12.032 13.0947 3.40656 11.7096 12.2027 
2.99241 11.3636 11.3611 2.54989 11.0064 10.5386 2.11511 10.6466 9.71312 
1.73813 10.3183 8.84826 1.44149 10.0476 7.93378 1.20142 9.83629 6.9865 
0.962626 9.64985 6.03354 0.697462 9.46524 5.08729 0.402786 9.27024 4.15189 
0.0835875 9.0568 3.22866 -0.255876 8.83241 2.31527 -0.620579 8.61968 1.40884 
-1.00778 8.4114 0.510712 -1.41539 8.20638 -0.379044 -1.84863 8.01653 -1.26002 
-2.32188 7.82619 -2.11993 -2.86251 7.64235 -2.93997 -3.52183 7.43413 -3.65646 
-4.29092 7.17175 -4.23337 -5.12569 6.8432 -4.67342 -5.95326 6.45507 -5.07853 
-6.75547 6.06439 -5.52907 -7.5323 5.65459 -6.00653 1.93082 18.7635 13.6249 
2.32481 18.1623 12.93 2.6209 17.5797 12.1758 2.71661 16.9948 11.3793 
2.52321 16.3846 10.6147 2.14232 15.7975 9.90454 1.66791 15.2441 9.22025 
1.17035 14.708 8.53831 0.677914 14.189 7.83983 0.231022 13.6961 7.09424 
-0.128378 13.2594 6.27098 -0.419429 12.9014 5.38503 -0.694319 12.5816 4.47835 
-0.979779 12.2669 3.57313 -1.28389 11.9578 2.67208 -1.60549 11.656 1.77462 
-1.94241 11.3552 0.882478 -2.30422 11.0565 -0.000522502 -2.7038 10.7612 -0.86804 
-3.15815 10.4529 -1.70357 -3.66687 10.1419 -2.50577 -4.26155 9.81007 -3.23562 
-4.93802 9.39048 -3.831 -5.68246 8.88015 -4.26041 -6.43272 8.35736 -4.66497 
-7.18966 7.88544 -5.11578 -7.95819 7.47956 -5.60868 -8.76708 7.17698 -6.10961 
0.925123 12.8682 19.2569 1.78545 12.7347 19.3081 2.539 12.6448 18.6665 
3.18045 12.5857 17.9042 3.71914 12.5569 17.0645 4.11627 12.5522 16.1481 
4.38015 12.5396 15.1866 4.46229 12.4734 14.1961 4.34948 12.3293 13.2169 
4.06919 12.1164 12.2829 3.68437 11.8492 11.3997 3.26638 11.5511 10.5419 
2.84358 11.2397 9.69081 2.44688 10.9356 8.82511 2.10621 10.6681 7.92451 
1.82714 10.4562 6.98822 1.56934 10.2753 6.03916 1.311 10.1096 5.08746 
0.970269 9.90036 3.90315 0.6129 9.68395 2.72506 0.312894 9.50614 1.78786 
0.0052719 9.32817 0.853159 -0.303784 9.15442 -0.0818805 -0.619964 8.97509 -1.01342 
-0.955675 8.77441 -1.93361 -1.3179 8.55838 -2.84025 -1.70456 8.34181 -3.73661 
-2.15282 8.10954 -4.59858 -2.76995 7.841 -5.32908 -3.58672 7.59892 -5.83754 
-4.48591 7.40122 -6.22549 -5.36844 7.17548 -6.63681 -6.2073 6.94166 -7.12698 
-7.0269 6.75791 -7.66796 1.81396 16.5186 17.354 2.43029 16.2826 16.6042 
2.97713 16.0657 15.797 3.4299 15.8941 14.9231 3.76629 15.7373 13.9975 
3.90272 15.5419 13.0318 3.80809 15.258 12.0831 3.51391 14.8704 11.2115 
3.10686 14.4489 10.4035 2.61558 14.0164 9.64764 2.10871 13.583 8.90244 
1.61522 13.1627 8.14135 1.17834 12.7768 7.32948 0.820536 12.4407 6.45966 
0.524071 12.156 5.54859 0.24819 11.8948 4.62357 -0.0331442 11.6324 3.70056 
-0.323546 11.3726 2.77961 -0.622741 11.1178 1.86006 -0.926858 10.8633 0.942052 
-1.23608 10.6118 0.0249675 -1.56116 10.3569 -0.885639 -1.9094 10.076 -1.77972 
-2.27577 9.7727 -2.65935 -2.66465 9.46659 -3.52811 -3.09587 9.1345 -4.36627 
-3.66949 8.75251 -5.08319 -4.45434 8.37765 -5.5646 -5.32295 8.03547 -5.92261 
-6.15108 7.63779 -6.31476 -6.93851 7.24034 -6.78454 -7.72721 6.90819 -7.2971 
2.7724 16.4314 15.1381 3.20592 16.1601 14.2793 3.51033 15.8677 13.3757 
3.58552 15.5126 12.4504 3.40541 15.0718 11.5786 3.03252 14.5873 10.7892 
2.57462 14.111 10.0391 2.07235 13.6432 9.31196 1.56875 13.1888 8.57726 
1.1088 12.7628 7.79928 0.726963 12.3868 6.95697 0.426394 12.0767 6.05574 
0.158669 11.8035 5.13179 -0.119242 11.5303 4.21089 -0.336811 11.3261 3.52278 
-0.562697 11.1238 2.83684 -0.876534 10.8542 1.92646 -1.2014 10.5893 1.01859 
-1.54056 10.3337 0.113272 -1.9042 10.0702 -0.780001 -2.2929 9.78852 -1.65719 
-2.71142 9.50014 -2.51819 -3.17571 9.19285 -3.34784 -3.72436 8.84673 -4.10683 
-4.43031 8.44017 -4.6736 -5.22829 7.97283 -5.05131 -6.02495 7.48759 -5.41069 
-6.8095 7.03802 -5.83642 -7.58479 6.61201 -6.30181 0.995945 21.2481 13.0896 
1.28949 20.3435 12.7822 1.61847 19.4971 12.3677 1.94287 18.7053 11.8525 
2.1619 17.9408 11.253 2.11814 17.2025 10.5861 1.81905 16.5328 9.91501 
1.38916 15.9185 9.25428 0.907001 15.3346 8.60122 0.417734 14.7693 7.93717 
-0.0575371 14.2129 7.25581 -0.47719 13.6931 6.51326 -0.797564 13.2674 5.67037 
-1.06523 12.9149 4.77417 -1.42257 12.5029 3.64964 -1.81699 12.1005 2.53394 
-2.15869 11.782 1.6498 -2.52587 11.4746 0.772056 -2.93077 11.1832 -0.094477 
-3.38013 10.8963 -0.940183 -3.903 10.6155 -1.74427 -4.49617 10.324 -2.49317 
-5.15156 9.98242 -3.16547 -5.85888 9.53905 -3.71089 -6.57773 9.01781 -4.16964 
-7.30064 8.48244 -4.60549 -8.03984 8.03134 -5.10296 -8.80964 7.70113 -5.64606 
1.64773 20.4637 13.5279 1.96967 19.9307 12.7458 2.25216 19.3783 11.962 
2.41765 18.7836 11.1778 2.4018 18.1672 10.3967 2.12543 17.5458 9.66945 
1.70261 16.9565 8.98305 1.2276 16.3847 8.31425 0.741022 15.8256 7.643 
0.262165 15.2807 6.95486 -0.183859 14.7603 6.22709 -0.563938 14.2896 5.43256 
-0.87098 13.8846 4.57253 -1.22448 13.4319 3.46248 -1.58449 13.0051 2.34416 
-1.87996 12.6686 1.44999 -2.18409 12.3345 0.557888 -2.50584 11.9958 -0.326166 
-2.85509 11.6379 -1.1919 -3.24715 11.2568 -2.02904 -3.67485 10.8649 -2.84338 
-4.14907 10.4373 -3.61216 -4.74283 9.94951 -4.24266 -5.45395 9.41759 -4.70071 
-6.18248 8.85888 -5.09637 -6.92886 8.34632 -5.51876 -7.68173 7.88598 -5.98847 
-8.45938 7.50967 -6.48922 3.31146 14.7209 14.9204 3.58163 14.5063 14.2561 
3.73809 14.1577 13.3377 3.63772 13.7564 12.4338 3.3236 13.3261 11.5917 
2.88507 12.8913 10.8064 2.41312 12.462 10.0364 1.93388 12.0371 9.26846 
1.47724 11.6313 8.47762 1.0951 11.2753 7.62677 0.804056 10.9851 6.71589 
0.550909 10.7453 5.77872 0.284437 10.5147 4.84293 -0.00475885 10.2692 3.91777 
-0.314539 10.0133 3.0021 -0.646328 9.7634 2.09251 -0.998588 9.51799 1.1894 
-1.36934 9.28286 0.291016 -1.76213 9.06075 -0.601261 -2.19079 8.83589 -1.47611 
-2.66063 8.60616 -2.32802 -3.1937 8.37665 -3.14169 -3.85118 8.10695 -3.8399 
-4.6279 7.7744 -4.36581 -5.45072 7.36222 -4.75585 -6.26127 6.91685 -5.13604 
-7.05498 6.50362 -5.58084 -7.84657 6.10178 -6.0409 2.59597 17.0211 14.7078 
3.01337 16.6856 13.8642 3.30917 16.3143 12.9877 3.37606 15.8869 12.094 
3.19545 15.4077 11.2393 2.81483 14.9072 10.4653 2.33738 14.4149 9.73773 
1.83019 13.9335 9.023 1.32564 13.4648 8.29805 0.873035 13.0282 7.5218 
0.506033 12.6488 6.67349 0.205029 12.3222 5.77863 -0.0634958 12.032 4.86012 
-0.342255 11.7522 3.94146 -0.561314 11.5433 3.25526 -0.78899 11.3329 2.57234 
-1.10216 11.0532 1.66478 -1.42871 10.7841 0.758732 -1.77182 10.5162 -0.141458 
-2.14762 10.2314 -1.02319 -2.55455 9.94067 -1.88893 -3.00072 9.63365 -2.72922 
-3.51742 9.29581 -3.51455 -4.17228 8.89638 -4.14861 -4.92346 8.44766 -4.62444 
-5.70724 7.94542 -4.98829 -6.48542 7.44555 -5.36611 -7.26313 7.00671 -5.81561 
-8.04961 6.6061 -6.2851 1.83604 15.3502 17.9713 2.34118 15.208 17.4356 
2.94832 15.0333 16.662 3.47219 14.8881 15.8245 3.8749 14.7739 14.9188 
4.08773 14.6274 13.9559 4.10574 14.4074 12.986 3.88471 14.0936 12.0657 
3.52119 13.7203 11.2134 3.07216 13.3245 10.4132 2.58425 12.924 9.63768 
2.10058 12.5254 8.85862 1.65473 12.1535 8.04529 1.29312 11.8401 7.16821 
0.992864 11.5711 6.25354 0.721388 11.3372 5.31998 0.444498 11.1097 4.38637 
0.157648 10.8739 3.45791 -0.139774 10.6323 2.53426 -0.448366 10.3993 1.61207 
-0.76243 10.1715 0.690399 -1.07938 9.94265 -0.230018 -1.40778 9.71007 -1.14544 
-1.75965 9.45834 -2.04683 -2.13134 9.18604 -2.9343 -2.52853 8.9072 -3.80852 
-3.01879 8.59585 -4.6194 -3.68709 8.25126 -5.26194 -4.53913 7.94046 -5.67819 
-5.41578 7.61926 -6.03564 -6.24587 7.2473 -6.44851 -7.03525 6.88072 -6.94034 
1.66505 19.6572 15.7605 2.09949 19.2991 14.9348 2.49068 18.9777 14.0729 
2.83378 18.6839 13.1812 3.06982 18.3866 12.2572 3.12574 18.0392 11.3263 
2.9471 17.6073 10.4469 2.5808 17.0996 9.66967 2.1239 16.5826 8.94641 
1.62367 16.0748 8.24512 1.12386 15.5691 7.54195 0.643556 15.0797 6.81438 
0.203409 14.6128 6.04829 -0.165102 14.1903 5.22081 -0.476151 13.8184 4.34694 
-0.827992 13.3978 3.22379 -1.17563 12.9974 2.09185 -1.45546 12.6863 1.18362 
-1.73723 12.3776 0.275185 -2.0304 12.0528 -0.62394 -2.34745 11.7078 -1.50727 
-2.68889 11.3445 -2.37402 -3.04071 10.9661 -3.23019 -3.40624 10.5728 -4.07345 
-3.85719 10.1267 -4.83861 -4.46999 9.63328 -5.44635 -5.2611 9.21448 -5.88531 
-6.10578 8.84149 -6.26865 -6.90012 8.42496 -6.70934 -7.65825 7.99696 -7.2006 
-8.44794 7.69611 -7.72863 1.3558 21.8224 13.6742 1.62032 21.4148 13.1031 
1.93415 20.8798 12.3191 2.18007 20.3239 11.5257 2.31958 19.718 10.745 
2.27354 19.08 9.98456 2.00251 18.4366 9.27309 1.58015 17.8253 8.60452 
1.11237 17.2317 7.94995 0.627337 16.6546 7.2929 0.149756 16.0916 6.61855 
-0.302597 15.5508 5.90972 -0.704633 15.0422 5.14991 -1.03499 14.5905 4.32226 
-1.39297 14.1031 3.22847 -1.73995 13.6453 2.11835 -2.0176 13.2887 1.22632 
-2.30215 12.9381 0.334095 -2.60115 12.5762 -0.548824 -2.92797 12.1867 -1.40962 
-3.28531 11.7757 -2.24829 -3.6593 11.3561 -3.07527 -4.05607 10.9079 -3.87564 
-4.52314 10.4102 -4.60206 -5.17153 9.86057 -5.11677 -5.91347 9.35013 -5.5486 
-6.68789 8.87626 -5.96762 -7.44897 8.42189 -6.42969 -8.20457 8.00761 -6.93664 
-9.0041 7.70416 -7.45072 2.98836 15.5309 14.6173 3.2772 15.2114 14.0041 
3.48232 14.7395 13.1518 3.45141 14.2549 12.2843 3.15795 13.762 11.4701 
2.72752 13.2873 10.7038 2.24254 12.826 9.96103 1.75051 12.376 9.21588 
1.29449 11.9551 8.43268 0.924537 11.5909 7.57922 0.636919 11.2974 6.66885 
0.377842 11.0457 5.73649 0.106474 10.795 4.80729 -0.191689 10.53 3.89037 
-0.509474 10.2656 2.97987 -0.849756 10.0034 2.0769 -1.21367 9.74998 1.18067 
-1.59668 9.51284 0.287949 -2.02021 9.28144 -0.587639 -2.48636 9.06052 -1.44413 
-3.02506 8.85187 -2.25917 -3.64873 8.62921 -3.00541 -4.39921 8.33519 -3.59282 
-5.19659 7.9501 -4.05164 -6.00183 7.51147 -4.45051 -6.80041 7.09377 -4.88223 
-7.6016 6.73159 -5.35788 2.00687 17.8985 15.7358 2.37014 17.6597 15.125 
2.80814 17.3566 14.2792 3.15174 17.0618 13.389 3.34052 16.7261 12.4687 
3.30176 16.3202 11.5622 3.02423 15.851 10.7302 2.60922 15.358 9.96721 
2.11342 14.8658 9.25188 1.60199 14.3844 8.54004 1.10777 13.917 7.80742 
0.662106 13.4762 7.02945 0.298693 13.0884 6.18418 0.0112038 12.762 5.28393 
-0.264368 12.462 4.3707 -0.547042 12.1725 3.45621 -0.838524 11.8847 2.544 
-1.13837 11.597 1.6344 -1.44764 11.3173 0.725514 -1.76959 11.0366 -0.178621 
-2.11786 10.7339 -1.06567 -2.49214 10.4193 -1.93783 -2.89508 10.0872 -2.79052 
-3.32539 9.7324 -3.62003 -3.83792 9.33628 -4.37436 -4.52464 8.877 -4.92943 
-5.30624 8.39086 -5.3181 -6.10031 7.90956 -5.6889 -6.87362 7.44139 -6.11532 
-7.64724 7.02931 -6.59494 0.573956 21.3381 13.3549 0.772243 20.6208 13.2622 
1.07391 19.6801 13.1107 1.44114 18.7803 12.8794 1.84221 17.9281 12.5483 
2.20035 17.1151 12.0934 2.38621 16.3415 11.5029 2.22873 15.6319 10.8278 
1.8486 14.9997 10.1581 1.37695 14.42 9.49388 0.872572 13.8607 8.83614 
0.363716 13.318 8.16798 -0.118584 12.7873 7.47276 -0.500502 12.3134 6.68374 
-0.778738 11.9732 5.78723 -1.05955 11.6761 4.87469 -1.37944 11.3748 3.9767 
-1.74362 11.0778 3.09419 -2.15837 10.8026 2.22748 -2.63332 10.57 1.37963 
-3.16522 10.4221 0.5471 -3.7471 10.3352 -0.261 -4.38181 10.274 -1.03085 
-5.07069 10.0852 -1.72511 -5.78956 9.7335 -2.31667 -6.49465 9.2009 -2.77809 
-7.16199 8.54746 -3.13264 1.59662 16.9757 17.5498 2.07128 16.7837 17.0031 
2.64428 16.542 16.2206 3.14698 16.3296 15.3834 3.56601 16.1642 14.4921 
3.8198 16.0079 13.5419 3.85798 15.7891 12.5698 3.69054 15.4768 11.6399 
3.34695 15.072 10.7969 2.90278 14.6356 10.0153 2.40412 14.1975 9.26745 
1.89453 13.7625 8.52517 1.40929 13.3447 7.75733 0.982054 12.9583 6.94172 
0.637995 12.6262 6.06447 0.346531 12.339 5.15217 0.0696775 12.0679 4.2303 
-0.139355 11.8642 3.53941 -0.354515 11.666 2.84882 -0.647768 11.4049 1.92914 
-0.945557 11.1448 1.01064 -1.24564 10.886 0.0925065 -1.55805 10.6285 -0.821851 
-1.89243 10.3475 -1.72117 -2.24622 10.0418 -2.60507 -2.61959 9.7301 -3.47873 
-3.02182 9.39851 -4.33177 -3.56449 9.0113 -5.06903 -4.3092 8.62809 -5.59879 
-5.18236 8.30261 -5.96072 -6.02649 7.92824 -6.34155 -6.82255 7.53102 -6.79669 
-7.603 7.17969 -7.30814 1.44316 18.1581 17.3805 1.88373 17.9304 16.8187 
2.41315 17.6454 16.0203 2.88856 17.3943 15.1778 3.30532 17.1834 14.2943 
3.59827 16.9993 13.3586 3.70514 16.781 12.3911 3.60357 16.4842 11.4469 
3.30106 16.0975 10.581 2.86126 15.6629 9.79602 2.36788 15.2134 9.05181 
1.85023 14.7628 8.32457 1.34905 14.3192 7.58172 0.886663 13.8953 6.80332 
0.480078 13.5006 5.98051 0.147377 13.1529 5.10485 -0.142153 12.8387 4.20084 
-0.422125 12.5477 3.28603 -0.704952 12.2646 2.3696 -0.990364 11.983 1.45347 
-1.278 11.7049 0.537033 -1.57186 11.4294 -0.378238 -1.88077 11.137 -1.28312 
-2.21124 10.8188 -2.17158 -2.56222 10.4874 -3.04731 -2.9242 10.1439 -3.9139 
-3.32405 9.77065 -4.74859 -3.86366 9.34911 -5.47185 -4.6577 8.99323 -5.94279 
-5.53613 8.69221 -6.31217 -6.37552 8.34039 -6.72438 -7.1617 7.94804 -7.2008 
-7.95452 7.66226 -7.73145 -8.78611 7.52879 -8.26794 1.41867 18.289 17.304 
1.84535 18.0607 16.7313 2.36386 17.7738 15.9261 2.83348 17.514 15.083 
3.23143 17.2971 14.1923 3.5446 17.1017 13.2647 3.65884 16.8729 12.3021 
3.55328 16.5639 11.3623 3.25438 16.1731 10.496 2.81886 15.7386 9.70995 
2.32311 15.2871 8.96849 1.80566 14.8351 8.24193 1.30613 14.3902 7.49876 
0.854586 13.9698 6.71263 0.466896 13.5862 5.87566 0.147095 13.2487 4.99082 
-0.13514 12.9468 4.08024 -0.414459 12.6594 3.16407 -0.695238 12.3781 2.24645 
-0.977045 12.0989 1.3285 -1.26063 11.8247 0.409622 -1.55147 11.5458 -0.505581 
-1.86087 11.2437 -1.4071 -2.19437 10.9181 -2.2917 -2.54169 10.5835 -3.1677 
-2.89856 10.2351 -4.03431 -3.33124 9.84323 -4.84328 -3.94468 9.42296 -5.49265 
-4.77661 9.07246 -5.9143 -5.65885 8.76634 -6.2694 -6.48664 8.39276 -6.68602 
-7.26297 7.98357 -7.16465 -8.05096 7.68254 -7.69473 3.59113 13.302 15.8473 
3.91993 13.1605 14.9165 4.03257 12.9406 13.9513 3.90917 12.6593 13.0033 
3.61608 12.3416 12.1045 3.20558 11.9914 11.2631 2.75491 11.6292 10.4473 
2.31008 11.2628 9.63004 1.89959 10.9141 8.78777 1.54783 10.6056 7.90522 
1.26919 10.3582 6.97811 1.02373 10.1512 6.03114 0.770454 9.95732 5.08343 
0.41863 9.70894 3.9101 0.0388067 9.44213 2.74957 -0.288212 9.22196 1.8306 
-0.631477 9.01208 0.915141 -0.986511 8.80375 0.00380901 -1.35623 8.59332 -0.901155 
-1.75168 8.37983 -1.79436 -2.1805 8.15343 -2.66862 -2.66949 7.92205 -3.50815 
-3.28082 7.66213 -4.24891 -4.0611 7.35348 -4.785 -4.89878 6.99816 -5.19779 
-5.72662 6.60907 -5.60065 -6.5184 6.20234 -6.0557 -7.28128 5.77784 -6.54294 
3.13729 14.9051 14.2899 3.41458 14.4013 13.476 3.40866 13.8883 12.6283 
3.16174 13.3835 11.8047 2.74334 12.9078 11.0331 2.27166 12.4476 10.281 
1.78869 11.9993 9.52884 1.32807 11.5719 8.75129 0.94563 11.195 7.91137 
0.675344 10.9142 6.99111 0.424574 10.6702 6.05437 0.155901 10.4281 5.12217 
-0.227398 10.0994 3.97887 -0.649666 9.76788 2.85019 -1.02363 9.50492 1.96094 
-1.42956 9.26048 1.08056 -1.878 9.04832 0.212792 -2.3714 8.86095 -0.636427 
-2.89886 8.70432 -1.47109 -3.50559 8.57201 -2.25336 2.20928 16.9909 14.0037 
2.55465 16.4949 13.56 2.93152 15.8365 12.9142 3.01734 15.1684 12.184 
2.89378 14.5174 11.4426 2.54679 13.9545 10.6949 2.08463 13.4369 9.97556 
1.58346 12.9426 9.26533 1.07995 12.4627 8.547 0.619282 12.0083 7.78552 
0.276428 11.6319 6.92814 0.0133362 11.326 6.0137 -0.248173 11.0474 5.08966 
-0.620115 10.7008 3.94797 -1.03587 10.3383 2.82646 -1.40472 10.0567 1.94086 
-1.81377 9.80572 1.06382 -2.26442 9.57629 0.201334 -2.77038 9.39724 -0.641384 
-3.34239 9.26729 -1.45041 -3.98057 9.14479 -2.2097 -4.70459 8.95391 -2.86809 
-5.47154 8.62367 -3.40991 -6.23835 8.15094 -3.84313 -7.00179 7.65932 -4.26167 
-7.77842 7.26556 -4.74759 1.81471 19.5002 14.6768 2.19442 19.1084 13.8391 
2.53809 18.715 12.9866 2.79409 18.3148 12.1091 2.86312 17.8821 11.2158 
2.71099 17.3798 10.3696 2.34906 16.8341 9.6179 1.89234 16.298 8.90894 
1.39412 15.7745 8.21783 0.901258 15.2598 7.51628 0.428896 14.7626 6.7887 
0.00513455 14.292 6.01639 -0.333706 13.8869 5.16815 -0.630345 13.5252 4.2845 
-0.910053 13.1902 3.3848 -1.19266 12.867 2.48167 -1.48124 12.5515 1.57768 
-1.77522 12.2391 0.674385 -2.07537 11.9196 -0.224405 -2.39234 11.5886 -1.11309 
-2.73899 11.2381 -1.98295 -3.1068 10.8692 -2.83648 -3.49635 10.4804 -3.67115 
-3.92391 10.0593 -4.47004 -4.51454 9.56474 -5.09598 -5.25996 9.08103 -5.5466 
-6.07011 8.63717 -5.92929 -6.85191 8.18505 -6.3577 -7.60989 7.74623 -6.83875 
-8.40164 7.40857 -7.34237 0.761746 21.3284 13.1161 1.03316 20.382 12.9427 
1.35843 19.4722 12.6885 1.72239 18.6187 12.3201 2.0923 17.7948 11.8911 
2.33209 17.0126 11.3297 2.30306 16.2913 10.6543 1.99613 15.6444 9.95947 
1.54661 15.0645 9.28121 1.05422 14.5128 8.60808 0.555869 13.9799 7.92436 
0.087208 13.4648 7.20731 -0.307522 12.9871 6.42461 -0.606907 12.6071 5.55091 
-0.879021 12.286 4.64386 -1.16402 11.9724 3.7381 -1.47771 11.6626 2.84062 
-1.81873 11.36 1.95071 -2.1853 11.0632 1.069 -2.58865 10.788 0.196495 
-3.04092 10.5339 -0.657969 -3.55481 10.2925 -1.48036 -4.1434 10.0647 -2.25512 
-4.80011 9.80264 -2.9606 -5.51272 9.42437 -3.54492 -6.24395 8.9249 -4.00805 
-6.9777 8.39536 -4.43365 -7.72005 7.9164 -4.90021 -8.48862 7.55676 -5.42377 
1.32905 19.4948 13.6166 1.71946 18.6787 13.1926 2.13495 17.9046 12.7171 
2.479 17.1791 12.127 2.56945 16.4893 11.4167 2.37855 15.8304 10.6979 
2.00241 15.2216 10.004 1.52036 14.6642 9.3282 1.01896 14.1253 8.65137 
0.524679 13.604 7.95599 0.0898745 13.1129 7.20414 -0.253649 12.68 6.37242 
-0.533994 12.3315 5.47861 -0.805225 12.0262 4.56582 -1.01846 11.7999 3.88334 
-1.2501 11.5677 3.20885 -1.58303 11.2668 2.31537 -1.9429 10.9764 1.42879 
-2.33527 10.6964 0.552814 -2.76841 10.4423 -0.311527 -3.26147 10.2134 -1.15043 
-3.82945 10.0014 -1.94494 -4.47237 9.78224 -2.67614 -5.17277 9.46434 -3.31255 
-5.9093 9.00682 -3.80523 -6.64902 8.48747 -4.23281 -7.38905 7.97735 -4.67064 
-8.14605 7.55836 -5.16863 
LINES 170 5187
30 0 1 2 3 4 5 6 7 8 9 10 11 12 13 14 15 16 17 18 19 20 21 22 23 24 25 26 27 28 29 
28 30 31 32 33 34 35 36 37 38 39 40 41 42 43 44 45 46 47 48 49 50 51 52 53 54 55 56 57 
32 58 59 60 61 62 63 64 65 66 67 68 69 70 71 72 73 74 75 76 77 78 79 80 81 82 83 84 85 86 87 88 89 
29 90 91 92 93 94 95 96 97 98 99 100 101 102 103 104 105 106 107 108 109 110 111 112 113 114 115 116 117 118 
29 119 120 121 122 123 124 125 126 127 128 129 130 131 132 133 134 135 136 137 138 139 140 141 142 143 144 145 146 147 
28 148 149 150 151 152 153 154 155 156 157 158 159 160 161 162 163 164 165 166 167 168 169 170 171 172 173 174 175 
33 176 177 178 179 180 181 182 183 184 185 186 187 188 189 190 191 192 193 194 195 196 197 198 199 200 201 202 203 204 205 206 207 208 
30 209 210 211 212 213 214 215 216 217 218 219 220 221 222 223 224 225 226 227 228 229 230 231 232 233 234 235 236 237 238 
29 239 240 241 242 243 244 245 246 247 248 249 250 251 252 253 254 255 256 257 258 259 260 261 262 263 264 265 266 267 
26 268 269 270 271 272 273 274 275 276 277 278 279 280 281 282 283 284 285 286 287 288 289 290 291 292 293 
33 294 295 296 297 298 299 300 301 302 303 304 305 306 307 308 309 310 311 312 313 314 315 316 317 318 319 320 321 322 323 324 325 326 
29 327 328 329 330 331 332 333 334 335 336 337 338 339 340 341 342 343 344 345 346 347 348 349 350 351 352 353 354 355 
32 356 357 358 359 360 361 362 363 364 365 366 367 368 369 370 371 372 373 374 375 376 377 378 379 380 381 382 383 384 385 386 387 
29 388 389 390 391 392 393 394 395 396 397 398 399 400 401 402 403 404 405 406 407 408 409 410 411 412 413 414 415 416 
31 417 418 419 420 421 422 423 424 425 426 427 428 429 430 431 432 433 434 435 436 437 438 439 440 441 442 443 444 445 446 447 
29 448 449 450 451 452 453 454 455 456 457 458 459 460 461 462 463 464 465 466 467 468 469 470 471 472 473 474 475 476 
28 477 478 479 480 481 482 483 484 485 486 487 488 489 490 491 492 493 494 495 496 497 498 499 500 501 502 503 504 
30 505 506 507 508 509 510 511 512 513 514 515 516 517 518 519 520 521 522 523 524 525 526 527 528 529 530 531 532 533 534 
29 535 536 537 538 539 540 541 542 543 544 545 546 547 548 549 550 551 552 553 554 555 556 557 558 559 560 561 562 563 
32 564 565 566 567 568 569 570 571 572 573 574 575 576 577 578 579 580 581 582 583 584 585 586 587 588 589 590 591 592 593 594 595 
28 596 597 598 599 600 601 602 603 604 605 606 607 608 609 610 611 612 613 614 615 616 617 618 619 620 621 622 623 
28 624 625 626 627 628 629 630 631 632 633 634 635 636 637 638 639 640 641 642 643 644 645 646 647 648 649 650 651 
27 652 653 654 655 656 657 658 659 660 661 662 663 664 665 666 667 668 669 670 671 672 673 674 675 676 677 678 
30 679 680 681 682 683 684 685 686 687 688 689 690 691 692 693 694 695 696 697 698 699 700 701 702 703 704 705 706 707 708 
33 709 710 711 712 713 714 715 716 717 718 719 720 721 722 723 724 725 726 727 728 729 730 731 732 733 734 735 736 737 738 739 740 741 
28 742 743 744 745 746 747 748 749 750 751 752 753 754 755 756 757 758 759 760 761 762 763 764 765 766 767 768 769 
28 770 771 772 773 774 775 776 777 778 779 780 781 782 783 784 785 786 787 788 789 790 791 792 793 794 795 796 797 
29 798 799 800 801 802 803 804 805 806 807 808 809 810 811 812 813 814 815 816 817 818 819 820 821 822 823 824 825 826 
29 827 828 829 830 831 832 833 834 835 836 837 838 839 840 841 842 843 844 845 846 847 848 849 850 851 852 853 854 855 
28 856 857 858 859 860 861 862 863 864 865 866 867 868 869 870 871 872 873 874 875 876 877 878 879 880 881 882 883 
29 884 885 886 887 888 889 890 891 892 893 894 895 896 897 898 899 900 901 902 903 904 905 906 907 908 909 910 911 912 
32 913 914 915 916 917 918 919 920 921 922 923 924 925 926 927 928 929 930 931 932 933 934 935 936 937 938 939 940 941 942 943 944 
25 945 946 947 948 949 950 951 952 953 954 955 956 957 958 959 960 961 962 963 964 965 966 967 968 969 
33 970 971 972 973 974 975 976 977 978 979 980 981 982 983 984 985 986 987 988 989 990 991 992 993 994 995 996 997 998 999 1000 1001 1002 
29 1003 1004 1005 1006 1007 1008 1009 1010 1011 1012 1013 1014 1015 1016 1017 1018 1019 1020 1021 1022 1023 1024 1025 1026 1027 1028 1029 1030 1031 
27 1032 1033 1034 1035 1036 1037 1038 1039 1040 1041 1042 1043 1044 1045 1046 1047 1048 1049 1050 1051 1052 1053 1054 1055 1056 1057 1058 
28 1059 1060 1061 1062 1063 1064 1065 1066 1067 1068 1069 1070 1071 1072 1073 1074 1075 1076 1077 1078 1079 1080 1081 1082 1083 1084 1085 1086 
26 1087 1088 1089 1090 1091 1092 1093 1094 1095 1096 1097 1098 1099 1100 1101 1102 1103 1104 1105 1106 1107 1108 1109 1110 1111 1112 
30 1113 1114 1115 1116 1117 1118 1119 1120 1121 1122 1123 1124 1125 1126 1127 1128 1129 1130 1131 1132 1133 1134 1135 1136 1137 1138 1139 1140 1141 1142 
29 1143 1144 1145 1146 1147 1148 1149 1150 1151 1152 1153 1154 1155 1156 1157 1158 1159 1160 1161 1162 1163 1164 1165 1166 1167 1168 1169 1170 1171 
28 1172 1173 1174 1175 1176 1177 1178 1179 1180 1181 1182 1183 1184 1185 1186 1187 1188 1189 1190 1191 1192 1193 1194 1195 1196 1197 1198 1199 
33 1200 1201 1202 1203 1204 1205 1206 1207 1208 1209 1210 1211 1212 1213 1214 1215 1216 1217 1218 1219 1220 1221 1222 1223 1224 1225 1226 1227 1228 1229 1230 1231 1232 
33 1233 1234 1235 1236 1237 1238 1239 1240 1241 1242 1243 1244 1245 1246 1247 1248 1249 1250 1251 1252 1253 1254 1255 1256 1257 1258 1259 1260 1261 1262 1263 1264 1265 
31 1266 1267 1268 1269 1270 1271 1272 1273 1274 1275 1276 1277 1278 1279 1280 1281 1282 1283 1284 1285 1286 1287 1288 1289 1290 1291 1292 1293 1294 1295 1296 
31 1297 1298 1299 1300 1301 1302 1303 1304 1305 1306 1307 1308 1309 1310 1311 1312 1313 1314 1315 1316 1317 1318 1319 1320 1321 1322 1323 1324 1325 1326 1327 
25 1328 1329 1330 1331 1332 1333 1334 1335 1336 1337 1338 1339 1340 1341 1342 1343 1344 1345 1346 1347 1348 1349 1350 1351 1352 
30 1353 1354 1355 1356 1357 1358 1359 1360 1361 1362 1363 1364 1365 1366 1367 1368 1369 1370 1371 1372 1373 1374 1375 1376 1377 1378 1379 1380 1381 1382 
33 1383 1384 1385 1386 1387 1388 1389 1390 1391 1392 1393 1394 1395 1396 1397 1398 1399 1400 1401 1402 1403 1404 1405 1406 1407 1408 1409 1410 1411 1412 1413 1414 1415 
33 1416 1417 1418 1419 1420 1421 1422 1423 1424 1425 1426 1427 1428 1429 1430 1431 1432 1433 1434 1435 1436 1437 1438 1439 1440 1441 1442 1443 1444 1445 1446 1447 1448 
33 1449 1450 1451 1452 1453 1454 1455 1456 1457 1458 1459 1460 1461 1462 1463 1464 1465 1466 1467 1468 1469 1470 1471 1472 1473 1474 1475 1476 1477 1478 1479 1480 1481 
26 1482 1483 1484 1485 1486 1487 1488 1489 1490 1491 1492 1493 1494 1495 1496 1497 1498 1499 1500 1501 1502 1503 1504 1505 1506 1507 
27 1508 1509 1510 1511 1512 1513 1514 1515 1516 1517 1518 1519 1520 1521 1522 1523 1524 1525 1526 1527 1528 1529 1530 1531 1532 1533 1534 
26 1535 1536 1537 1538 1539 1540 1541 1542 1543 1544 1545 1546 1547 1548 1549 1550 1551 1552 1553 1554 1555 1556 1557 1558 1559 1560 
27 1561 1562 1563 1564 1565 1566 1567 1568 1569 1570 1571 1572 1573 1574 1575 1576 1577 1578 1579 1580 1581 1582 1583 1584 1585 1586 1587 
28 1588 1589 1590 1591 1592 1593 1594 1595 1596 1597 1598 1599 1600 1601 1602 1603 1604 1605 1606 1607 1608 1609 1610 1611 1612 1613 1614 1615 
28 1616 1617 1618 1619 1620 1621 1622 1623 1624 1625 1626 1627 1628 1629 1630 1631 1632 1633 1634 1635 1636 1637 1638 1639 1640 1641 1642 1643 
30 1644 1645 1646 1647 1648 1649 1650 1651 1652 1653 1654 1655 1656 1657 1658 1659 1660 1661 1662 1663 1664 1665 1666 1667 1668 1669 1670 1671 1672 1673 
28 1674 1675 1676 1677 1678 1679 1680 1681 1682 1683 1684 1685 1686 1687 1688 1689 1690 1691 1692 1693 1694 1695 1696 1697 1698 1699 1700 1701 
32 1702 1703 1704 1705 1706 1707 1708 1709 1710 1711 1712 1713 1714 1715 1716 1717 1718 1719 1720 1721 1722 1723 1724 1725 1726 1727 1728 1729 1730 1731 1732 1733 
28 1734 1735 1736 1737 1738 1739 1740 1741 1742 1743 1744 1745 1746 1747 1748 1749 1750 1751 1752 1753 1754 1755 1756 1757 1758 1759 1760 1761 
30 1762 1763 1764 1765 1766 1767 1768 1769 1770 1771 1772 1773 1774 1775 1776 1777 1778 1779 1780 1781 1782 1783 1784 1785 1786 1787 1788 1789 1790 1791 
33 1792 1793 1794 1795 1796 1797 1798 1799 1800 1801 1802 1803 1804 1805 1806 1807 1808 1809 1810 1811 1812 1813 1814 1815 1816 1817 1818 1819 1820 1821 1822 1823 1824 
31 1825 1826 1827 1828 1829 1830 1831 1832 1833 1834 1835 1836 1837 1838 1839 1840 1841 1842 1843 1844 1845 1846 1847 1848 1849 1850 1851 1852 1853 1854 1855 
27 1856 1857 1858 1859 1860 1861 1862 1863 1864 1865 1866 1867 1868 1869 1870 1871 1872 1873 1874 1875 1876 1877 1878 1879 1880 1881 1882 
28 1883 1884 1885 1886 1887 1888 1889 1890 1891 1892 1893 1894 1895 1896 1897 1898 1899 1900 1901 1902 1903 1904 1905 1906 1907 1908 1909 1910 
30 1911 1912 1913 1914 1915 1916 1917 1918 1919 1920 1921 1922 1923 1924 1925 1926 1927 1928 1929 1930 1931 1932 1933 1934 1935 1936 1937 1938 1939 1940 
28 1941 1942 1943 1944 1945 1946 1947 1948 1949 1950 1951 1952 1953 1954 1955 1956 1957 1958 1959 1960 1961 1962 1963 1964 1965 1966 1967 1968 
28 1969 1970 1971 1972 1973 1974 1975 1976 1977 1978 1979 1980 1981 1982 1983 1984 1985 1986 1987 1988 1989 1990 1991 1992 1993 1994 1995 1996 
31 1997 1998 1999 2000 2001 2002 2003 2004 2005 2006 2007 2008 2009 2010 2011 2012 2013 2014 2015 2016 2017 2018 2019 2020 2021 2022 2023 2024 2025 2026 2027 
28 2028 2029 2030 2031 2032 2033 2034 2035 2036 2037 2038 2039 2040 2041 2042 2043 2044 2045 2046 2047 2048 2049 2050 2051 2052 2053 2054 2055 
28 2056 2057 2058 2059 2060 2061 2062 2063 2064 2065 2066 2067 2068 2069 2070 2071 2072 2073 2074 2075 2076 2077 2078 2079 2080 2081 2082 2083 
28 2084 2085 2086 2087 2088 2089 2090 2091 2092 2093 2094 2095 2096 2097 2098 2099 2100 2101 2102 2103 2104 2105 2106 2107 2108 2109 2110 2111 
28 2112 2113 2114 2115 2116 2117 2118 2119 2120 2121 2122 2123 2124 2125 2126 2127 2128 2129 2130 2131 2132 2133 2134 2135 2136 2137 2138 2139 
29 2140 2141 2142 2143 2144 2145 2146 2147 2148 2149 2150 2151 2152 2153 2154 2155 2156 2157 2158 2159 2160 2161 2162 2163 2164 2165 2166 2167 2168 
33 2169 2170 2171 2172 2173 2174 2175 2176 2177 2178 2179 2180 2181 2182 2183 2184 2185 2186 2187 2188 2189 2190 2191 2192 2193 2194 2195 2196 2197 2198 2199 2200 2201 
30 2202 2203 2204 2205 2206 2207 2208 2209 2210 2211 2212 2213 2214 2215 2216 2217 2218 2219 2220 2221 2222 2223 2224 2225 2226 2227 2228 2229 2230 2231 
28 2232 2233 2234 2235 2236 2237 2238 2239 2240 2241 2242 2243 2244 2245 2246 2247 2248 2249 2250 2251 2252 2253 2254 2255 2256 2257 2258 2259 
28 2260 2261 2262 2263 2264 2265 2266 2267 2268 2269 2270 2271 2272 2273 2274 2275 2276 2277 2278 2279 2280 2281 2282 2283 2284 2285 2286 2287 
31 2288 2289 2290 2291 2292 2293 2294 2295 2296 2297 2298 2299 2300 2301 2302 2303 2304 2305 2306 2307 2308 2309 2310 2311 2312 2313 2314 2315 2316 2317 2318 
27 2319 2320 2321 2322 2323 2324 2325 2326 2327 2328 2329 2330 2331 2332 2333 2334 2335 2336 2337 2338 2339 2340 2341 2342 2343 2344 2345 
27 2346 2347 2348 2349 2350 2351 2352 2353 2354 2355 2356 2357 2358 2359 2360 2361 2362 2363 2364 2365 2366 2367 2368 2369 2370 2371 2372 
30 2373 2374 2375 2376 2377 2378 2379 2380 2381 2382 2383 2384 2385 2386 2387 2388 2389 2390 2391 2392 2393 2394 2395 2396 2397 2398 2399 2400 2401 2402 
29 2403 2404 2405 2406 2407 2408 2409 2410 2411 2412 2413 2414 2415 2416 2417 2418 2419 2420 2421 2422 2423 2424 2425 2426 2427 2428 2429 2430 2431 
30 2432 2433 2434 2435 2436 2437 2438 2439 2440 2441 2442 2443 2444 2445 2446 2447 2448 2449 2450 2451 2452 2453 2454 2455 2456 2457 2458 2459 2460 2461 
29 2462 2463 2464 2465 2466 2467 2468 2469 2470 2471 2472 2473 2474 2475 2476 2477 2478 2479 2480 2481 2482 2483 2484 2485 2486 2487 2488 2489 2490 
33 2491 2492 2493 2494 2495 2496 2497 2498 2499 2500 2501 2502 2503 2504 2505 2506 2507 2508 2509 2510 2511 2512 2513 2514 2515 2516 2517 2518 2519 2520 2521 2522 2523 
34 2524 2525 2526 2527 2528 2529 2530 2531 2532 2533 2534 2535 2536 2537 2538 2539 2540 2541 2542 2543 2544 2545 2546 2547 2548 2549 2550 2551 2552 2553 2554 2555 2556 2557 
34 2558 2559 2560 2561 2562 2563 2564 2565 2566 2567 2568 2569 2570 2571 2572 2573 2574 2575 2576 2577 2578 2579 2580 2581 2582 2583 2584 2585 2586 2587 2588 2589 2590 2591 
28 2592 2593 2594 2595 2596 2597 2598 2599 2600 2601 2602 2603 2604 2605 2606 2607 2608 2609 2610 2611 2612 2613 2614 2615 2616 2617 2618 2619 
27 2620 2621 2622 2623 2624 2625 2626 2627 2628 2629 2630 2631 2632 2633 2634 2635 2636 2637 2638 2639 2640 2641 2642 2643 2644 2645 2646 
28 2647 2648 2649 2650 2651 2652 2653 2654 2655 2656 2657 2658 2659 2660 2661 2662 2663 2664 2665 2666 2667 2668 2669 2670 2671 2672 2673 2674 
31 2675 2676 2677 2678 2679 2680 2681 2682 2683 2684 2685 2686 2687 2688 2689 2690 2691 2692 2693 2694 2695 2696 2697 2698 2699 2700 2701 2702 2703 2704 2705 
33 2706 2707 2708 2709 2710 2711 2712 2713 2714 2715 2716 2717 2718 2719 2720 2721 2722 2723 2724 2725 2726 2727 2728 2729 2730 2731 2732 2733 2734 2735 2736 2737 2738 
28 2739 2740 2741 2742 2743 2744 2745 2746 2747 2748 2749 2750 2751 2752 2753 2754 2755 2756 2757 2758 2759 2760 2761 2762 2763 2764 2765 2766 
32 2767 2768 2769 2770 2771 2772 2773 2774 2775 2776 2777 2778 2779 2780 2781 2782 2783 2784 2785 2786 2787 2788 2789 2790 2791 2792 2793 2794 2795 2796 2797 2798 
35 2799 2800 2801 2802 2803 2804 2805 2806 2807 2808 2809 2810 2811 2812 2813 2814 2815 2816 2817 2818 2819 2820 2821 2822 2823 2824 2825 2826 2827 2828 2829 2830 2831 2832 2833 
30 2834 2835 2836 2837 2838 2839 2840 2841 2842 2843 2844 2845 2846 2847 2848 2849 2850 2851 2852 2853 2854 2855 2856 2857 2858 2859 2860 2861 2862 2863 
29 2864 2865 2866 2867 2868 2869 2870 2871 2872 2873 2874 2875 2876 2877 2878 2879 2880 2881 2882 2883 2884 2885 2886 2887 2888 2889 2890 2891 2892 
34 2893 2894 2895 2896 2897 2898 2899 2900 2901 2902 2903 2904 2905 2906 2907 2908 2909 2910 2911 2912 2913 2914 2915 2916 2917 2918 2919 2920 2921 2922 2923 2924 2925 2926 
30 2927 2928 2929 2930 2931 2932 2933 2934 2935 2936 2937 2938 2939 2940 2941 2942 2943 2944 2945 2946 2947 2948 2949 2950 2951 2952 2953 2954 2955 2956 
27 2957 2958 2959 2960 2961 2962 2963 2964 2965 2966 2967 2968 2969 2970 2971 2972 2973 2974 2975 2976 2977 2978 2979 2980 2981 2982 2983 
34 2984 2985 2986 2987 2988 2989 2990 2991 2992 2993 2994 2995 2996 2997 2998 2999 3000 3001 3002 3003 3004 3005 3006 3007 3008 3009 3010 3011 3012 3013 3014 3015 3016 3017 
28 3018 3019 3020 3021 3022 3023 3024 3025 3026 3027 3028 3029 3030 3031 3032 3033 3034 3035 3036 3037 3038 3039 3040 3041 3042 3043 3044 3045 
27 3046 3047 3048 3049 3050 3051 3052 3053 3054 3055 3056 3057 3058 3059 3060 3061 3062 3063 3064 3065 3066 3067 3068 3069 3070 3071 3072 
28 3073 3074 3075 3076 3077 3078 3079 3080 3081 3082 3083 3084 3085 3086 3087 3088 3089 3090 3091 3092 3093 3094 3095 3096 3097 3098 3099 3100 
29 3101 3102 3103 3104 3105 3106 3107 3108 3109 3110 3111 3112 3113 3114 3115 3116 3117 3118 3119 3120 3121 3122 3123 3124 3125 3126 3127 3128 3129 
34 3130 3131 3132 3133 3134 3135 3136 3137 3138 3139 3140 3141 3142 3143 3144 3145 3146 3147 3148 3149 3150 3151 3152 3153 3154 3155 3156 3157 3158 3159 3160 3161 3162 3163 
29 3164 3165 3166 3167 3168 3169 3170 3171 3172 3173 3174 3175 3176 3177 3178 3179 3180 3181 3182 3183 3184 3185 3186 3187 3188 3189 3190 3191 3192 
28 3193 3194 3195 3196 3197 3198 3199 3200 3201 3202 3203 3204 3205 3206 3207 3208 3209 3210 3211 3212 3213 3214 3215 3216 3217 3218 3219 3220 
28 3221 3222 3223 3224 3225 3226 3227 3228 3229 3230 3231 3232 3233 3234 3235 3236 3237 3238 3239 3240 3241 3242 3243 3244 3245 3246 3247 3248 
30 3249 3250 3251 3252 3253 3254 3255 3256 3257 3258 3259 3260 3261 3262 3263 3264 3265 3266 3267 3268 3269 3270 3271 3272 3273 3274 3275 3276 3277 3278 
28 3279 3280 3281 3282 3283 3284 3285 3286 3287 3288 3289 3290 3291 3292 3293 3294 3295 3296 3297 3298 3299 3300 3301 3302 3303 3304 3305 3306 
29 3307 3308 3309 3310 3311 3312 3313 3314 3315 3316 3317 3318 3319 3320 3321 3322 3323 3324 3325 3326 3327 3328 3329 3330 3331 3332 3333 3334 3335 
28 3336 3337 3338 3339 3340 3341 3342 3343 3344 3345 3346 3347 3348 3349 3350 3351 3352 3353 3354 3355 3356 3357 3358 3359 3360 3361 3362 3363 
28 3364 3365 3366 3367 3368 3369 3370 3371 3372 3373 3374 3375 3376 3377 3378 3379 3380 3381 3382 3383 3384 3385 3386 3387 3388 3389 3390 3391 
29 3392 3393 3394 3395 3396 3397 3398 3399 3400 3401 3402 3403 3404 3405 3406 3407 3408 3409 3410 3411 3412 3413 3414 3415 3416 3417 3418 3419 3420 
30 3421 3422 3423 3424 3425 3426 3427 3428 3429 3430 3431 3432 3433 3434 3435 3436 3437 3438 3439 3440 3441 3442 3443 3444 3445 3446 3447 3448 3449 3450 
29 3451 3452 3453 3454 3455 3456 3457 3458 3459 3460 3461 3462 3463 3464 3465 3466 3467 3468 3469 3470 3471 3472 3473 3474 3475 3476 3477 3478 3479 
33 3480 3481 3482 3483 3484 3485 3486 3487 3488 3489 3490 3491 3492 3493 3494 3495 3496 3497 3498 3499 3500 3501 3502 3503 3504 3505 3506 3507 3508 3509 3510 3511 3512 
27 3513 3514 3515 3516 3517 3518 3519 3520 3521 3522 3523 3524 3525 3526 3527 3528 3529 3530 3531 3532 3533 3534 3535 3536 3537 3538 3539 
35 3540 3541 3542 3543 3544 3545 3546 3547 3548 3549 3550 3551 3552 3553 3554 3555 3556 3557 3558 3559 3560 3561 3562 3563 3564 3565 3566 3567 3568 3569 3570 3571 3572 3573 3574 
29 3575 3576 3577 3578 3579 3580 3581 3582 3583 3584 3585 3586 3587 3588 3589 3590 3591 3592 3593 3594 3595 3596 3597 3598 3599 3600 3601 3602 3603 
28 3604 3605 3606 3607 3608 3609 3610 3611 3612 3613 3614 3615 3616 3617 3618 3619 3620 3621 3622 3623 3624 3625 3626 3627 3628 3629 3630 3631 
33 3632 3633 3634 3635 3636 3637 3638 3639 3640 3641 3642 3643 3644 3645 3646 3647 3648 3649 3650 3651 3652 3653 3654 3655 3656 3657 3658 3659 3660 3661 3662 3663 3664 
29 3665 3666 3667 3668 3669 3670 3671 3672 3673 3674 3675 3676 3677 3678 3679 3680 3681 3682 3683 3684 3685 3686 3687 3688 3689 3690 3691 3692 3693 
26 3694 3695 3696 3697 3698 3699 3700 3701 3702 3703 3704 3705 3706 3707 3708 3709 3710 3711 3712 3713 3714 3715 3716 3717 3718 3719 
33 3720 3721 3722 3723 3724 3725 3726 3727 3728 3729 3730 3731 3732 3733 3734 3735 3736 3737 3738 3739 3740 3741 3742 3743 3744 3745 3746 3747 3748 3749 3750 3751 3752 
33 3753 3754 3755 3756 3757 3758 3759 3760 3761 3762 3763 3764 3765 3766 3767 3768 3769 3770 3771 3772 3773 3774 3775 3776 3777 3778 3779 3780 3781 3782 3783 3784 3785 
30 3786 3787 3788 3789 3790 3791 3792 3793 3794 3795 3796 3797 3798 3799 3800 3801 3802 3803 3804 3805 3806 3807 3808 3809 3810 3811 3812 3813 3814 3815 
27 3816 3817 3818 3819 3820 3821 3822 3823 3824 3825 3826 3827 3828 3829 3830 3831 3832 3833 3834 3835 3836 3837 3838 3839 3840 3841 3842 
28 3843 3844 3845 3846 3847 3848 3849 3850 3851 3852 3853 3854 3855 3856 3857 3858 3859 3860 3861 3862 3863 3864 3865 3866 3867 3868 3869 3870 
30 3871 3872 3873 3874 3875 3876 3877 3878 3879 3880 3881 3882 3883 3884 3885 3886 3887 3888 3889 3890 3891 3892 3893 3894 3895 3896 3897 3898 3899 3900 
27 3901 3902 3903 3904 3905 3906 3907 3908 3909 3910 3911 3912 3913 3914 3915 3916 3917 3918 3919 3920 3921 3922 3923 3924 3925 3926 3927 
31 3928 3929 3930 3931 3932 3933 3934 3935 3936 3937 3938 3939 3940 3941 3942 3943 3944 3945 3946 3947 3948 3949 3950 3951 3952 3953 3954 3955 3956 3957 3958 
33 3959 3960 3961 3962 3963 3964 3965 3966 3967 3968 3969 3970 3971 3972 3973 3974 3975 3976 3977 3978 3979 3980 3981 3982 3983 3984 3985 3986 3987 3988 3989 3990 3991 
33 3992 3993 3994 3995 3996 3997 3998 3999 4000 4001 4002 4003 4004 4005 4006 4007 4008 4009 4010 4011 4012 4013 4014 4015 4016 4017 4018 4019 4020 4021 4022 4023 4024 
29 4025 4026 4027 4028 4029 4030 4031 4032 4033 4034 4035 4036 4037 4038 4039 4040 4041 4042 4043 4044 4045 4046 4047 4048 4049 4050 4051 4052 4053 
29 4054 4055 4056 4057 4058 4059 4060 4061 4062 4063 4064 4065 4066 4067 4068 4069 4070 4071 4072 4073 4074 4075 4076 4077 4078 4079 4080 4081 4082 
32 4083 4084 4085 4086 4087 4088 4089 4090 4091 4092 4093 4094 4095 4096 4097 4098 4099 4100 4101 4102 4103 4104 4105 4106 4107 4108 4109 4110 4111 4112 4113 4114 
31 4115 4116 4117 4118 4119 4120 4121 4122 4123 4124 4125 4126 4127 4128 4129 4130 4131 4132 4133 4134 4135 4136 4137 4138 4139 4140 4141 4142 4143 4144 4145 
26 4146 4147 4148 4149 4150 4151 4152 4153 4154 4155 4156 4157 4158 4159 4160 4161 4162 4163 4164 4165 4166 4167 4168 4169 4170 4171 
32 4172 4173 4174 4175 4176 4177 4178 4179 4180 4181 4182 4183 4184 4185 4186 4187 4188 4189 4190 4191 4192 4193 4194 4195 4196 4197 4198 4199 4200 4201 4202 4203 
28 4204 4205 4206 4207 4208 4209 4210 4211 4212 4213 4214 4215 4216 4217 4218 4219 4220 4221 4222 4223 4224 4225 4226 4227 4228 4229 4230 4231 
28 4232 4233 4234 4235 4236 4237 4238 4239 4240 4241 4242 4243 4244 4245 4246 4247 4248 4249 4250 4251 4252 4253 4254 4255 4256 4257 4258 4259 
30 4260 4261 4262 4263 4264 4265 4266 4267 4268 4269 4270 4271 4272 4273 4274 4275 4276 4277 4278 4279 4280 4281 4282 4283 4284 4285 4286 4287 4288 4289 
26 4290 4291 4292 4293 4294 4295 4296 4297 4298 4299 4300 4301 4302 4303 4304 4305 4306 4307 4308 4309 4310 4311 4312 4313 4314 4315 
27 4316 4317 4318 4319 4320 4321 4322 4323 4324 4325 4326 4327 4328 4329 4330 4331 4332 4333 4334 4335 4336 4337 4338 4339 4340 4341 4342 
28 4343 4344 4345 4346 4347 4348 4349 4350 4351 4352 4353 4354 4355 4356 4357 4358 4359 4360 4361 4362 4363 4364 4365 4366 4367 4368 4369 4370 
34 4371 4372 4373 4374 4375 4376 4377 4378 4379 4380 4381 4382 4383 4384 4385 4386 4387 4388 4389 4390 4391 4392 4393 4394 4395 4396 4397 4398 4399 4400 4401 4402 4403 4404 
32 4405 4406 4407 4408 4409 4410 4411 4412 4413 4414 4415 4416 4417 4418 4419 4420 4421 4422 4423 4424 4425 4426 4427 4428 4429 4430 4431 4432 4433 4434 4435 4436 
29 4437 4438 4439 4440 4441 4442 4443 4444 4445 4446 4447 4448 4449 4450 4451 4452 4453 4454 4455 4456 4457 4458 4459 4460 4461 4462 4463 4464 4465 
28 4466 4467 4468 4469 4470 4471 4472 4473 4474 4475 4476 4477 4478 4479 4480 4481 4482 4483 4484 4485 4486 4487 4488 4489 4490 4491 4492 4493 
28 4494 4495 4496 4497 4498 4499 4500 4501 4502 4503 4504 4505 4506 4507 4508 4509 4510 4511 4512 4513 4514 4515 4516 4517 4518 4519 4520 4521 
28 4522 4523 4524 4525 4526 4527 4528 4529 4530 4531 4532 4533 4534 4535 4536 4537 4538 4539 4540 4541 4542 4543 4544 4545 4546 4547 4548 4549 
29 4550 4551 4552 4553 4554 4555 4556 4557 4558 4559 4560 4561 4562 4563 4564 4565 4566 4567 4568 4569 4570 4571 4572 4573 4574 4575 4576 4577 4578 
32 4579 4580 4581 4582 4583 4584 4585 4586 4587 4588 4589 4590 4591 4592 4593 4594 4595 4596 4597 4598 4599 4600 4601 4602 4603 4604 4605 4606 4607 4608 4609 4610 
31 4611 4612 4613 4614 4615 4616 4617 4618 4619 4620 4621 4622 4623 4624 4625 4626 4627 4628 4629 4630 4631 4632 4633 4634 4635 4636 4637 4638 4639 4640 4641 
30 4642 4643 4644 4645 4646 4647 4648 4649 4650 4651 4652 4653 4654 4655 4656 4657 4658 4659 4660 4661 4662 4663 4664 4665 4666 4667 4668 4669 4670 4671 
27 4672 4673 4674 4675 4676 4677 4678 4679 4680 4681 4682 4683 4684 4685 4686 4687 4688 4689 4690 4691 4692 4693 4694 4695 4696 4697 4698 
30 4699 4700 4701 4702 4703 4704 4705 4706 4707 4708 4709 4710 4711 4712 4713 4714 4715 4716 4717 4718 4719 4720 4721 4722 4723 4724 4725 4726 4727 4728 
27 4729 4730 4731 4732 4733 4734 4735 4736 4737 4738 4739 4740 4741 4742 4743 4744 4745 4746 4747 4748 4749 4750 4751 4752 4753 4754 4755 
33 4756 4757 4758 4759 4760 4761 4762 4763 4764 4765 4766 4767 4768 4769 4770 4771 4772 4773 4774 4775 4776 4777 4778 4779 4780 4781 4782 4783 4784 4785 4786 4787 4788 
34 4789 4790 4791 4792 4793 4794 4795 4796 4797 4798 4799 4800 4801 4802 4803 4804 4805 4806 4807 4808 4809 4810 4811 4812 4813 4814 4815 4816 4817 4818 4819 4820 4821 4822 
33 4823 4824 4825 4826 4827 4828 4829 4830 4831 4832 4833 4834 4835 4836 4837 4838 4839 4840 4841 4842 4843 4844 4845 4846 4847 4848 4849 4850 4851 4852 4853 4854 4855 
28 4856 4857 4858 4859 4860 4861 4862 4863 4864 4865 4866 4867 4868 4869 4870 4871 4872 4873 4874 4875 4876 4877 4878 4879 4880 4881 4882 4883 
20 4884 4885 4886 4887 4888 4889 4890 4891 4892 4893 4894 4895 4896 4897 4898 4899 4900 4901 4902 4903 
26 4904 4905 4906 4907 4908 4909 4910 4911 4912 4913 4914 4915 4916 4917 4918 4919 4920 4921 4922 4923 4924 4925 4926 4927 4928 4929 
30 4930 4931 4932 4933 4934 4935 4936 4937 4938 4939 4940 4941 4942 4943 4944 4945 4946 4947 4948 4949 4950 4951 4952 4953 4954 4955 4956 4957 4958 4959 
29 4960 4961 4962 4963 4964 4965 4966 4967 4968 4969 4970 4971 4972 4973 4974 4975 4976 4977 4978 4979 4980 4981 4982 4983 4984 4985 4986 4987 4988 
28 4989 4990 4991 4992 4993 4994 4995 4996 4997 4998 4999 5000 5001 5002 5003 5004 5005 5006 5007 5008 5009 5010 5011 5012 5013 5014 5015 5016 

POINT_DATA 5017
SCALARS FiberLocationIndex int
LOOKUP_TABLE default
4 5 6 7 8 9 10 11 12 
13 14 15 16 17 18 19 20 21 
22 23 24 25 26 27 28 29 30 
31 32 33 5 6 7 8 9 10 
11 12 13 14 15 16 17 18 19 
20 21 22 23 24 25 26 27 28 
29 30 31 32 2 3 4 5 6 
7 8 9 10 11 12 13 14 15 
16 17 18 19 20 21 22 23 24 
25 26 27 28 29 30 31 32 33 
3 4 5 6 7 8 9 10 11 
12 13 14 15 16 17 18 19 20 
21 22 23 24 25 26 27 28 29 
30 31 4 5 6 7 8 9 10 
11 12 13 14 15 16 17 18 19 
20 21 22 23 24 25 26 27 28 
29 30 31 32 5 6 7 8 9 
10 11 12 13 14 15 16 17 18 
19 20 21 22 23 24 25 26 27 
28 29 30 31 32 1 2 3 4 
5 6 7 8 9 10 11 12 13 
14 15 16 17 18 19 20 21 22 
23 24 25 26 27 28 29 30 31 
32 33 3 4 5 6 7 8 9 
10 11 12 13 14 15 16 17 18 
19 20 21 22 23 24 25 26 27 
28 29 30 31 32 4 5 6 7 
8 9 10 11 12 13 14 15 16 
17 18 19 20 21 22 23 24 25 
26 27 28 29 30 31 32 6 7 
8 9 10 11 12 13 14 15 16 
17 18 19 20 21 22 23 24 25 
26 27 28 29 30 31 1 2 3 
4 5 6 7 8 9 10 11 12 
13 14 15 16 17 18 19 20 21 
22 23 24 25 26 27 28 29 30 
31 32 33 4 5 6 7 8 9 
10 11 12 13 14 15 16 17 18 
19 20 21 22 23 24 25 26 27 
28 29 30 31 32 2 3 4 5 
6 7 8 9 10 11 12 13 14 
15 16 17 18 19 20 21 22 23 
24 25 26 27 28 29 30 31 32 
33 4 5 6 7 8 9 10 11 
12 13 14 15 16 17 18 19 20 
21 22 23 24 25 26 27 28 29 
30 31 32 3 4 5 6 7 8 
9 10 11 12 13 14 15 16 17 
18 19 20 21 22 23 24 25 26 
27 28 29 30 31 32 33 4 5 
6 7 8 9 10 11 12 13 14 
15 16 17 18 19 20 21 22 23 
24 25 26 27 28 29 30 31 32 
4 5 6 7 8 9 10 11 12 
13 14 15 16 17 18 19 20 21 
22 23 24 25 26 27 28 29 30 
31 4 5 6 7 8 9 10 11 
12 13 14 15 16 17 18 19 20 
21 22 23 24 25 26 27 28 29 
30 31 32 33 4 5 6 7 8 
9 10 11 12 13 14 15 16 17 
18 19 20 21 22 23 24 25 26 
27 28 29 30 31 32 2 3 4 
5 6 7 8 9 10 11 12 13 
14 15 16 17 18 19 20 21 22 
23 24 25 26 27 28 29 30 31 
32 33 5 6 7 8 9 10 11 
12 13 14 15 16 17 18 19 20 
21 22 23 24 25 26 27 28 29 
30 31 32 5 6 7 8 9 10 
11 12 13 14 15 16 17 18 19 
20 21 22 23 24 25 26 27 28 
29 30 31 32 5 6 7 8 9 
10 11 12 13 14 15 16 17 18 
19 20 21 22 23 24 25 26 27 
28 29 30 31 4 5 6 7 8 
9 10 11 12 13 14 15 16 17 
18 19 20 21 22 23 24 25 26 
27 28 29 30 31 32 33 1 2 
3 4 5 6 7 8 9 10 11 
12 13 14 15 16 17 18 19 20 
21 22 23 24 25 26 27 28 29 
30 31 32 33 5 6 7 8 9 
10 11 12 13 14 15 16 17 18 
19 20 21 22 23 24 25 26 27 
28 29 30 31 32 5 6 7 8 
9 10 11 12 13 14 15 16 17 
18 19 20 21 22 23 24 25 26 
27 28 29 30 31 32 4 5 6 
7 8 9 10 11 12 13 14 15 
16 17 18 19 20 21 22 23 24 
25 26 27 28 29 30 31 32 4 
5 6 7 8 9 10 11 12 13 
14 15 16 17 18 19 20 21 22 
23 24 25 26 27 28 29 30 31 
32 4 5 6 7 8 9 10 11 
12 13 14 15 16 17 18 19 20 
21 22 23 24 25 26 27 28 29 
30 31 4 5 6 7 8 9 10 
11 12 13 14 15 16 17 18 19 
20 21 22 23 24 25 26 27 28 
29 30 31 32 1 2 3 4 5 
6 7 8 9 10 11 12 13 14 
15 16 17 19 20 21 22 23 24 
25 26 27 28 29 30 31 32 33 
4 5 6 7 8 9 10 11 12 
13 14 15 16 17 18 19 20 21 
22 23 24 25 26 27 28 1 2 
3 4 5 6 7 8 9 10 11 
12 13 14 15 16 17 18 19 20 
21 22 23 24 25 26 27 28 29 
30 31 32 33 4 5 6 7 8 
9 10 11 12 13 14 15 16 17 
18 19 20 21 22 23 24 25 26 
27 28 29 30 31 32 6 7 8 
9 10 11 12 13 14 15 16 17 
18 19 20 21 22 23 24 25 26 
27 28 29 30 31 32 4 5 6 
7 8 9 10 11 12 13 14 15 
16 17 18 19 20 21 22 23 24 
25 26 27 28 29 30 31 6 7 
8 9 10 11 12 13 14 15 16 
17 18 19 20 21 22 23 24 25 
26 27 28 29 30 31 4 5 6 
7 8 9 10 11 12 13 14 15 
16 17 18 19 20 21 22 23 24 
25 26 27 28 29 30 31 32 33 
4 5 6 7 8 9 10 11 12 
13 14 15 16 17 18 19 20 21 
22 23 24 25 26 27 28 29 30 
31 32 5 6 7 8 9 10 11 
12 13 14 15 16 17 18 19 20 
21 22 23 24 25 26 27 28 29 
30 31 32 1 2 3 4 5 6 
7 8 9 10 11 12 13 14 15 
16 17 18 19 20 21 22 23 24 
25 26 27 28 29 30 31 32 33 
1 2 3 4 5 6 7 8 9 
10 11 12 13 14 15 16 17 18 
19 20 21 22 23 24 25 26 27 
28 29 30 31 32 33 2 3 4 
5 6 7 8 9 10 11 12 13 
14 15 16 17 18 19 20 21 22 
23 24 25 26 27 28 29 30 31 
32 3 4 5 6 7 8 9 10 
11 12 13 14 15 16 17 18 19 
20 21 22 23 24 25 26 27 28 
29 30 31 32 33 5 6 7 8 
9 10 11 12 13 14 15 16 17 
18 19 20 21 22 23 24 25 26 
27 28 29 3 4 5 6 7 8 
9 10 11 12 13 14 15 16 17 
18 19 20 21 22 23 24 25 26 
27 28 29 30 31 32 1 2 3 
4 5 6 7 8 9 10 11 12 
13 14 15 16 17 18 19 20 21 
22 23 24 25 26 27 28 29 30 
31 32 33 1 2 3 4 5 6 
7 8 9 10 11 12 13 14 15 
16 17 18 19 20 21 22 23 24 
25 26 27 28 29 30 31 32 33 
1 2 3 4 5 6 7 8 9 
10 11 12 13 14 15 16 17 18 
19 20 21 22 23 24 25 26 27 
28 29 30 31 32 33 6 7 8 
9 10 11 12 13 14 15 16 17 
18 19 20 21 22 23 24 25 26 
27 28 29 30 31 5 6 7 8 
9 10 11 12 13 14 15 16 17 
18 19 20 21 22 23 24 25 26 
27 28 29 30 31 4 5 6 7 
8 9 10 11 12 13 14 15 16 
17 18 19 20 21 22 23 24 25 
26 27 28 29 5 6 7 8 9 
10 11 12 13 14 15 16 17 18 
19 20 21 22 23 24 25 26 27 
28 29 30 31 5 6 7 8 9 
10 11 12 13 14 15 16 17 18 
19 20 21 22 23 24 25 26 27 
28 29 30 31 32 5 6 7 8 
9 10 11 12 13 14 15 16 17 
18 19 20 21 22 23 24 25 26 
27 28 29 30 31 32 4 5 6 
7 8 9 10 11 12 13 14 15 
16 17 18 19 20 21 22 23 24 
25 26 27 28 29 30 31 32 33 
5 6 7 8 9 10 11 12 13 
14 15 16 17 18 19 20 21 22 
23 24 25 26 27 28 29 30 31 
32 2 3 4 5 6 7 8 9 
10 11 12 13 14 15 16 17 18 
19 20 21 22 23 24 25 26 27 
28 29 30 31 32 33 4 5 6 
7 8 9 10 11 12 13 14 15 
16 17 19 20 21 22 23 24 25 
26 27 28 29 30 31 32 3 4 
5 6 7 8 9 10 11 12 13 
14 15 16 17 18 19 20 21 22 
23 24 25 26 27 28 29 30 31 
32 2 3 4 5 6 7 8 9 
10 11 12 13 14 15 16 17 18 
19 20 21 22 23 24 25 26 27 
28 29 30 31 32 33 34 3 4 
5 6 7 8 9 10 11 12 13 
14 15 16 17 18 19 20 21 22 
23 24 25 26 27 28 29 30 31 
32 33 5 6 7 8 9 10 11 
12 13 14 15 16 17 18 19 20 
21 22 23 24 25 26 27 28 29 
30 31 5 6 7 8 9 10 11 
12 13 14 15 16 17 18 19 20 
21 22 23 24 25 26 27 28 29 
30 31 32 3 4 5 6 7 8 
9 10 11 12 13 14 15 16 17 
18 19 20 21 22 23 24 25 26 
27 28 29 30 31 32 5 6 7 
8 9 10 11 12 13 14 15 16 
17 18 19 20 21 22 23 24 25 
26 27 28 29 30 31 32 5 6 
7 8 9 10 11 12 13 14 15 
16 17 18 19 20 21 22 23 24 
25 26 27 28 29 30 31 32 3 
4 5 6 7 8 9 10 11 12 
13 14 15 16 17 18 19 20 21 
22 23 24 25 26 27 28 29 30 
31 32 33 5 6 7 8 9 10 
11 12 13 14 15 16 17 18 19 
20 21 22 23 24 25 26 27 28 
29 30 31 32 5 6 7 8 9 
10 11 12 13 14 15 16 17 18 
19 20 21 22 23 24 25 26 27 
28 29 30 31 32 4 5 6 7 
8 9 10 11 12 13 14 15 16 
17 18 19 20 21 22 23 24 25 
26 27 28 29 30 31 5 6 7 
8 9 10 11 12 13 14 15 16 
17 18 19 20 21 22 23 24 25 
26 27 28 29 30 31 32 4 5 
6 7 8 9 10 11 12 13 14 
15 16 17 18 19 20 21 22 23 
24 25 26 27 28 29 30 31 32 
1 2 3 4 5 6 7 8 9 
10 11 12 13 14 15 16 17 18 
19 20 21 22 23 24 25 26 27 
28 29 30 31 32 33 3 4 5 
6 7 8 9 10 11 12 13 14 
15 16 17 19 20 21 22 23 24 
25 26 27 28 29 30 31 32 33 
5 6 7 8 9 10 11 12 13 
14 15 16 17 18 19 20 21 22 
23 24 25 26 27 28 29 30 31 
32 4 5 6 7 8 9 10 11 
12 13 14 15 16 17 18 19 20 
21 22 23 24 25 26 27 28 29 
30 31 3 4 5 6 7 8 9 
10 11 12 13 14 15 16 17 18 
19 20 21 22 23 24 25 26 27 
28 29 30 31 32 33 6 7 8 
9 10 11 12 13 14 15 16 17 
18 19 20 21 22 23 24 25 26 
27 28 29 30 31 32 5 6 7 
8 9 10 11 12 13 14 15 16 
17 18 19 20 21 22 23 24 25 
26 27 28 29 30 31 4 5 6 
7 8 9 10 11 12 13 14 15 
16 17 18 19 20 21 22 23 24 
25 26 27 28 29 30 31 32 33 
5 6 7 8 9 10 11 12 13 
14 15 16 17 18 19 20 21 22 
23 24 25 26 27 28 29 30 31 
32 33 4 5 6 7 8 9 10 
11 12 13 14 15 16 17 18 19 
20 21 22 23 24 25 26 27 28 
29 30 31 32 33 4 5 6 7 
8 9 10 11 12 13 14 15 16 
17 18 19 20 21 22 23 24 25 
26 27 28 29 30 31 32 1 2 
3 4 5 6 7 8 9 10 11 
12 13 14 15 16 17 18 19 20 
21 22 23 24 25 26 27 28 29 
30 31 32 33 0 1 2 3 4 
5 6 7 8 9 10 11 12 13 
14 15 16 17 18 19 20 21 22 
23 24 25 26 27 28 29 30 31 
32 33 0 1 2 3 4 5 6 
7 8 9 10 11 12 13 14 15 
16 17 18 19 20 21 22 23 24 
25 26 27 28 29 30 31 32 33 
5 6 7 8 9 10 11 12 13 
14 15 16 17 18 19 20 21 22 
23 24 25 26 27 28 29 30 31 
32 5 6 7 8 9 10 11 12 
13 14 15 16 17 18 19 20 21 
22 23 24 25 26 27 28 29 30 
31 4 5 6 7 8 9 10 11 
12 13 14 15 16 17 18 19 20 
21 22 23 24 25 26 27 28 29 
30 31 3 4 5 6 7 8 9 
10 11 12 13 14 15 16 17 18 
19 20 21 22 23 24 25 26 27 
28 29 30 31 32 33 1 2 3 
4 5 6 7 8 9 10 11 12 
13 14 15 16 17 18 19 20 21 
22 23 24 25 26 27 28 29 30 
31 32 33 5 6 7 8 9 10 
11 12 13 14 15 16 17 18 19 
20 21 22 23 24 25 26 27 28 
29 30 31 32 2 3 4 5 6 
7 8 9 10 11 12 13 14 15 
16 17 18 19 20 21 22 23 24 
25 26 27 28 29 30 31 32 33 
0 1 2 3 4 5 6 7 8 
9 10 11 12 13 14 15 16 17 
18 19 20 21 22 23 24 25 26 
27 28 29 30 31 32 33 34 3 
4 5 6 7 8 9 10 11 12 
13 14 15 16 17 18 19 20 21 
22 23 24 25 26 27 28 29 30 
31 32 4 5 6 7 8 9 10 
11 12 13 14 15 16 17 18 19 
20 21 22 23 24 25 26 27 28 
29 30 31 32 1 2 3 4 5 
6 7 8 9 10 11 12 13 14 
15 16 17 18 19 20 21 22 23 
24 25 26 27 28 29 30 31 32 
33 34 3 4 5 6 7 8 9 
10 11 12 13 14 15 16 17 18 
19 20 21 22 23 24 25 26 27 
28 29 30 31 32 5 6 7 8 
9 10 11 12 13 14 15 16 17 
18 19 20 21 22 23 24 25 26 
27 28 29 30 31 1 2 3 4 
5 6 7 8 9 10 11 12 13 
14 15 16 17 18 19 20 21 22 
23 24 25 26 27 28 29 30 31 
32 33 34 4 5 6 7 8 9 
10 11 12 13 14 15 16 17 18 
19 20 21 22 23 24 25 26 27 
28 29 30 31 5 6 7 8 9 
10 11 12 13 14 15 16 17 18 
19 20 21 22 23 24 25 26 27 
28 29 30 31 5 6 7 8 9 
10 11 12 13 14 15 16 17 18 
19 20 21 22 23 24 25 26 27 
28 29 30 31 32 4 5 6 7 
8 9 10 11 12 13 14 15 16 
17 18 19 20 21 22 23 24 25 
26 27 28 29 30 31 32 1 2 
3 4 5 6 7 8 9 10 11 
12 13 14 15 16 17 18 19 20 
21 22 23 24 25 26 27 28 29 
30 31 32 33 34 4 5 6 7 
8 9 10 11 12 13 14 15 16 
17 18 19 20 21 22 23 24 25 
26 27 28 29 30 31 32 4 5 
6 7 8 9 10 11 12 13 14 
15 16 17 18 19 20 21 22 23 
24 25 26 27 28 29 30 31 5 
6 7 8 9 10 11 12 13 14 
15 16 17 18 19 20 21 22 23 
24 25 26 27 28 29 30 31 32 
3 4 5 6 7 8 9 10 11 
12 13 14 15 16 17 18 19 20 
21 22 23 24 25 26 27 28 29 
30 31 32 5 6 7 8 9 10 
11 12 13 14 15 16 17 18 19 
20 21 22 23 24 25 26 27 28 
29 30 31 32 4 5 6 7 8 
9 10 11 12 13 14 15 16 17 
18 19 20 21 22 23 24 25 26 
27 28 29 30 31 32 5 6 7 
8 9 10 11 12 13 14 15 16 
17 18 19 20 21 22 23 24 25 
26 27 28 29 30 31 32 4 5 
6 7 8 9 10 11 12 13 14 
15 16 17 18 19 20 21 22 23 
24 25 26 27 28 29 30 31 4 
5 6 7 8 9 10 11 12 13 
14 15 16 17 18 19 20 21 22 
23 24 25 26 27 28 29 30 31 
32 3 4 5 6 7 8 9 10 
11 12 13 14 15 16 17 18 19 
20 21 22 23 24 25 26 27 28 
29 30 31 32 4 5 6 7 8 
9 10 11 12 13 14 15 16 17 
18 19 20 21 22 23 24 25 26 
27 28 29 30 31 32 1 2 3 
4 5 6 7 8 9 10 11 12 
13 14 15 16 17 18 19 20 21 
22 23 24 25 26 27 28 29 30 
31 32 33 3 4 5 6 7 8 
9 10 11 12 13 14 15 16 17 
18 19 20 21 22 23 24 25 26 
27 28 29 0 1 2 3 4 5 
6 7 8 9 10 11 12 13 14 
15 16 17 18 19 20 21 22 23 
24 25 26 27 28 29 30 31 32 
33 34 4 5 6 7 8 9 10 
11 12 13 14 15 16 17 18 19 
20 21 22 23 24 25 26 27 28 
29 30 31 32 5 6 7 8 9 
10 11 12 13 14 15 16 17 18 
19 20 21 22 23 24 25 26 27 
28 29 30 31 32 1 2 3 4 
5 6 7 8 9 10 11 12 13 
14 15 16 17 18 19 20 21 22 
23 24 25 26 27 28 29 30 31 
32 33 4 5 6 7 8 9 10 
11 12 13 14 15 16 17 18 19 
20 21 22 23 24 25 26 27 28 
29 30 31 32 6 7 8 9 10 
11 12 13 14 15 16 17 18 19 
20 21 22 23 24 25 26 27 28 
29 30 31 1 2 3 4 5 6 
7 8 9 10 11 12 13 14 15 
16 17 18 19 20 21 22 23 24 
25 26 27 28 29 30 31 32 33 
1 2 3 4 5 6 7 8 9 
10 11 12 13 14 15 16 17 18 
19 20 21 22 23 24 25 26 27 
28 29 30 31 32 33 4 5 6 
7 8 9 10 11 12 13 14 15 
16 17 18 19 20 21 22 23 24 
25 26 27 28 29 30 31 32 33 
5 6 7 8 9 10 11 12 13 
14 15 16 17 18 19 20 21 22 
23 24 25 26 27 28 29 30 31 
4 5 6 7 8 9 10 11 12 
13 14 15 16 17 18 19 20 21 
22 23 24 25 26 27 28 29 30 
31 3 4 5 6 7 8 9 10 
11 12 13 14 15 16 17 18 19 
20 21 22 23 24 25 26 27 28 
29 30 31 32 2 3 4 5 6 
7 8 9 10 11 12 13 14 15 
16 17 18 19 20 21 22 23 24 
25 26 27 28 2 3 4 5 6 
7 8 9 10 11 12 13 14 15 
16 17 18 19 20 21 22 23 24 
25 26 27 28 29 30 31 32 1 
2 3 4 5 6 7 8 9 10 
11 12 13 14 15 16 17 18 19 
20 21 22 23 24 25 26 27 28 
29 30 31 32 33 1 2 3 4 
5 6 7 8 9 10 11 12 13 
14 15 16 17 18 19 20 21 22 
23 24 25 26 27 28 29 30 31 
32 33 5 6 7 8 9 10 11 
12 13 14 15 16 17 18 19 20 
21 22 23 24 25 26 27 28 29 
30 31 32 33 4 5 6 7 8 
9 10 11 12 13 14 15 16 17 
18 19 20 21 22 23 24 25 26 
27 28 29 30 31 32 2 3 4 
5 6 7 8 9 10 11 12 13 
14 15 16 17 18 19 20 21 22 
23 24 25 26 27 28 29 30 31 
32 33 3 4 5 6 7 8 9 
10 11 12 13 14 15 16 17 18 
19 20 21 22 23 24 25 26 27 
28 29 30 31 32 33 5 6 7 
8 9 10 11 12 13 14 15 16 
17 18 19 20 21 22 23 24 25 
26 27 28 29 30 2 3 4 5 
6 7 8 9 10 11 12 13 14 
15 16 17 18 19 20 21 22 23 
24 25 26 27 28 29 30 31 32 
33 4 5 6 7 8 9 10 11 
12 13 14 15 16 17 18 19 20 
21 22 23 24 25 26 27 28 29 
30 31 5 6 7 8 9 10 11 
12 13 14 15 16 17 18 19 20 
21 22 23 24 25 26 27 28 29 
30 31 32 4 5 6 7 8 9 
10 11 12 13 14 15 16 17 18 
19 20 21 22 23 24 25 26 27 
28 29 30 31 32 33 6 7 8 
9 10 11 12 13 14 15 16 17 
18 19 20 21 22 23 24 25 26 
27 28 29 30 31 6 7 8 9 
10 11 12 13 14 15 16 17 18 
19 20 21 22 23 24 25 26 27 
28 29 30 31 32 5 6 7 8 
9 10 11 12 13 14 15 16 17 
18 19 20 21 22 23 24 25 26 
27 28 29 30 31 32 0 1 2 
3 4 5 6 7 8 9 10 11 
12 13 14 15 16 17 18 19 20 
21 22 23 24 25 26 27 28 29 
30 31 32 33 2 3 4 5 6 
7 8 9 10 11 12 13 14 15 
16 17 18 19 20 21 22 23 24 
25 26 27 28 29 30 31 32 33 
4 5 6 7 8 9 10 11 12 
13 14 15 16 17 18 19 20 21 
22 23 24 25 26 27 28 29 30 
31 32 4 5 6 7 8 9 10 
11 12 13 14 15 16 17 18 19 
20 21 22 23 24 25 26 27 28 
29 30 31 5 6 7 8 9 10 
11 12 13 14 15 16 17 18 19 
20 21 22 23 24 25 26 27 28 
29 30 31 32 5 6 7 8 9 
10 11 12 13 14 15 16 17 18 
19 20 21 22 23 24 25 26 27 
28 29 30 31 32 4 5 6 7 
8 9 10 11 12 13 14 15 16 
17 19 20 21 22 23 24 25 26 
27 28 29 30 31 32 33 1 2 
3 4 5 6 7 8 9 10 11 
12 13 14 15 16 17 18 19 20 
21 22 23 24 25 26 27 28 29 
30 31 32 3 4 5 6 7 8 
9 10 11 12 13 14 15 16 17 
18 19 20 21 22 23 24 25 26 
27 28 29 30 31 32 33 4 5 
6 7 8 9 10 11 12 13 14 
15 16 17 18 19 20 21 22 23 
24 25 26 27 28 29 30 31 32 
33 5 6 7 8 9 10 11 12 
13 14 15 16 17 18 19 20 21 
22 23 24 25 26 27 28 29 30 
31 3 4 5 6 7 8 9 10 
11 12 13 14 15 16 17 18 19 
20 21 22 23 24 25 26 27 28 
29 30 31 32 2 3 4 5 6 
7 8 9 10 11 12 13 14 15 
16 17 18 19 20 21 22 23 24 
25 26 27 28 1 2 3 4 5 
6 7 8 9 10 11 12 13 14 
15 16 17 18 19 20 21 22 23 
24 25 26 27 28 29 30 31 32 
33 1 2 3 4 5 6 7 8 
9 10 11 12 13 14 15 16 17 
18 19 20 21 22 23 24 25 26 
27 28 29 30 31 32 33 34 1 
2 3 4 5 6 7 8 9 10 
11 12 13 14 15 16 17 18 19 
20 21 22 23 24 25 26 27 28 
29 30 31 32 33 5 6 7 8 
9 10 11 12 13 14 15 16 17 
18 19 20 21 22 23 24 25 26 
27 28 29 30 31 32 6 7 8 
9 10 11 12 13 14 15 16 17 
18 19 20 21 22 23 24 25 5 
6 7 8 9 10 11 12 13 14 
15 16 17 18 19 20 21 22 23 
24 25 26 27 28 29 30 4 5 
6 7 8 9 10 11 12 13 14 
15 16 17 18 19 20 21 22 23 
24 25 26 27 28 29 30 31 32 
33 3 4 5 6 7 8 9 10 
11 12 13 14 15 16 17 18 19 
20 21 22 23 24 25 26 27 28 
29 30 31 4 5 6 7 8 9 
10 11 12 13 14 15 16 17 18 
19 20 21 22 23 24 25 26 27 
28 29 30 31 
FIELD FieldData 1
SamplingDistance2Origin 1 5017 float
-14.043 -13.293 -12.293 -11.293 -10.2934 -9.29341 -8.29403 -7.2941 -6.29414 
-5.29411 -4.29415 -3.29416 -2.29417 -1.29432 -0.141686 0.913602 1.91361 2.9136 
3.9136 4.91359 5.91357 6.91357 7.91358 8.91237 9.91174 10.9116 11.9116 
12.9115 13.9114 14.9108 -12.7577 -12.008 -11.0083 -10.0088 -9.00938 -8.00953 
-7.00956 -6.00958 -5.00968 -4.00994 -3.01007 -2.01009 -1.01009 -0.10623 0.797658 
1.79766 2.79765 3.79764 4.79763 5.79763 6.7976 7.79744 8.79686 9.7967 
10.7963 11.7963 12.7962 13.7961 -15.8954 -15.1456 -14.1457 -13.1458 -12.1459 
-11.1466 -10.1475 -9.14833 -8.14861 -7.14864 -6.14867 -5.1487 -4.14871 -3.14895 
-2.14908 -1.14908 -0.112108 0.924859 1.92487 2.92485 3.92486 4.92482 5.9248 
6.92479 7.92477 8.92419 9.92362 10.9236 11.9235 12.9235 13.9235 14.9228 
-14.7658 -14.0158 -13.0161 -12.0164 -11.0164 -10.017 -9.01826 -8.01889 -7.01896 
-6.01898 -5.01898 -4.01906 -3.01955 -2.01996 -1.01997 -0.0607439 0.898491 1.89849 
2.89846 3.8984 4.89835 5.8983 6.89816 7.89803 8.89741 9.89726 10.8972 
11.8967 12.8967 -13.9277 -13.1777 -12.1779 -11.1781 -10.1787 -9.17927 -8.17959 
-7.17967 -6.17969 -5.17967 -4.17983 -3.18024 -2.18024 -1.18025 -0.430254 0.660624 
1.66061 2.66061 3.66061 4.66059 5.66056 6.66054 7.66054 8.6594 9.65901 
10.659 11.659 12.6588 13.6587 -12.9482 -11.9483 -10.9484 -9.94879 -8.94997 
-7.95012 -6.95029 -5.95028 -4.9503 -3.9503 -2.95032 -1.9508 -0.950996 -0.0825837 
0.78579 1.78581 2.78582 3.78579 4.7858 5.78573 6.78569 7.78553 8.78467 
9.78432 10.7842 11.7841 12.784 13.7838 -16.6425 -15.8926 -14.8927 -13.893 
-12.8933 -11.8935 -10.8935 -9.89439 -8.89484 -7.89498 -6.89498 -5.89498 -4.89506 
-3.89527 -2.89527 -1.89529 -0.895291 -0.145287 0.848462 1.84847 2.84848 3.84846 
4.84846 5.84843 6.84843 7.84842 8.8484 9.8484 10.8463 11.8463 12.8463 
13.8461 14.8461 -14.6542 -13.9041 -12.9042 -11.9042 -10.9043 -9.90528 -8.90566 
-7.906 -6.90608 -5.90607 -4.90606 -3.90616 -2.90622 -1.90639 -0.906405 0.0556061 
1.01761 2.01761 3.01759 4.01759 5.01758 6.01757 7.01756 8.0175 9.0175 
10.0171 11.0166 12.0166 13.0166 14.0163 -14.0162 -13.2661 -12.2664 -11.2668 
-10.2679 -9.26877 -8.26924 -7.26927 -6.26926 -5.26929 -4.26947 -3.26946 -2.26948 
-1.26949 -0.519473 0.775864 1.77588 2.77587 3.77587 4.77586 5.77584 6.77583 
7.77583 8.77522 9.77522 10.7752 11.7752 12.775 13.7749 -12.3641 -11.3652 
-10.3664 -9.36738 -8.36769 -7.36775 -6.36776 -5.36784 -4.3679 -3.36828 -2.36831 
-1.36831 -0.136162 1.0782 2.07818 3.07817 4.07814 5.07812 6.07802 7.07786 
8.07743 9.07623 10.0759 11.0759 12.0756 13.0755 -17.1144 -16.3649 -15.365 
-14.365 -13.3652 -12.3657 -11.3665 -10.3665 -9.36725 -8.36755 -7.36756 -6.36758 
-5.36758 -4.36767 -3.36768 -2.36769 -1.36771 -0.367723 0.961179 1.96118 2.96117 
3.96117 4.96116 5.96114 6.96112 7.96109 8.96076 9.95912 10.9577 11.9576 
12.9574 13.9573 14.9561 -13.8716 -12.8716 -11.8719 -10.8729 -9.87404 -8.87422 
-7.87438 -6.8744 -5.87441 -4.87447 -3.87472 -2.87488 -1.87491 -0.874915 0.292698 
1.04272 2.04271 3.0427 4.0427 5.0427 6.04267 7.04265 8.04249 9.04234 
10.0421 11.0419 12.0418 13.0416 14.0414 -16.1749 -15.1749 -14.175 -13.1752 
-12.1753 -11.1757 -10.1766 -9.17711 -8.17708 -7.17717 -6.17718 -5.17723 -4.17725 
-3.17745 -2.17758 -1.17759 -0.148211 0.881162 1.88117 2.88117 3.88115 4.88113 
5.88113 6.88113 7.88112 8.88072 9.88033 10.8802 11.8801 12.8799 13.8798 
14.879 -13.7127 -12.9626 -11.9628 -10.9635 -9.9641 -8.96508 -7.96539 -6.96547 
-5.96547 -4.96547 -3.96546 -2.96579 -1.96579 -0.965797 -0.215784 0.674439 1.67443 
2.67443 3.67442 4.67443 5.6744 6.6744 7.67439 8.67396 9.67263 10.6726 
11.6726 12.6725 13.6724 -14.9047 -13.9047 -12.9051 -11.9057 -10.9062 -9.90678 
-8.90687 -7.907 -6.907 -5.90701 -4.90702 -3.90732 -2.90743 -1.90744 -0.907448 
0.0219571 0.951372 1.95137 2.95137 3.95137 4.95137 5.95134 6.95134 7.95126 
8.95049 9.94901 10.9482 11.9481 12.9479 13.9479 14.9471 -14.2981 -13.2981 
-12.2982 -11.2982 -10.2987 -9.29975 -8.30033 -7.30054 -6.30053 -5.30055 -4.30056 
-3.30074 -2.3008 -1.30091 -0.0981371 1.05741 2.05741 3.0574 4.0574 5.05736 
6.05735 7.05737 8.05725 9.05659 10.0559 11.0559 12.0559 13.0558 14.0555 
-13.9381 -13.1882 -12.1882 -11.1891 -10.1902 -9.19109 -8.19168 -7.19176 -6.19177 
-5.19174 -4.19213 -3.19252 -2.19271 -1.19273 -0.138582 0.915546 1.91554 2.91552 
3.91548 4.91546 5.91541 6.91536 7.91504 8.91483 9.91445 10.9144 11.9144 
12.9142 -14.3537 -13.3537 -12.3537 -11.3538 -10.3549 -9.35526 -8.35544 -7.35584 
-6.35584 -5.35584 -4.35583 -3.35591 -2.35603 -1.35614 -0.191371 0.888141 1.88814 
2.88815 3.88813 4.88811 5.88809 6.8881 7.88809 8.88762 9.88692 10.8862 
11.8862 12.8861 13.886 14.8858 -13.9176 -13.1676 -12.1678 -11.168 -10.1679 
-9.16796 -8.1683 -7.16831 -6.16833 -5.16832 -4.16847 -3.16885 -2.16886 -1.16889 
-0.0307916 1.10728 2.1073 3.10728 4.10727 5.10726 6.10722 7.1072 8.10694 
9.10602 10.1054 11.1053 12.1053 13.1052 14.1051 -16.1811 -15.181 -14.1811 
-13.1812 -12.1817 -11.1826 -10.1831 -9.1833 -8.18345 -7.18346 -6.18346 -5.18352 
-4.18357 -3.1838 -2.18388 -1.18388 -0.433885 0.698412 1.69841 2.69842 3.6984 
4.69841 5.69838 6.69837 7.69836 8.69805 9.69596 10.6958 11.6957 12.6957 
13.6955 14.6953 -12.928 -11.9286 -10.9291 -9.92905 -8.92965 -7.92975 -6.92973 
-5.92976 -4.92989 -3.93007 -2.93023 -1.93024 -0.930244 -0.0631814 0.80389 1.80389 
2.80388 3.80388 4.80387 5.80385 6.80383 7.80384 8.80384 9.80256 10.8024 
11.8023 12.8022 13.8022 -12.6768 -11.9272 -10.9282 -9.92907 -8.93004 -7.93012 
-6.93013 -5.93015 -4.93019 -3.93027 -2.93034 -1.93036 -0.93037 -0.0544571 0.821439 
1.82144 2.82143 3.82144 4.82143 5.82141 6.82139 7.82127 8.82114 9.81944 
10.819 11.8189 12.8188 13.8188 -12.7681 -12.0183 -11.0194 -10.0211 -9.02176 
-8.02179 -7.0219 -6.02188 -5.02211 -4.02245 -3.0227 -2.02271 -1.02272 -0.0429534 
0.936802 1.93681 2.9368 3.93677 4.93673 5.93666 6.9366 7.93634 8.93599 
9.93565 10.9356 11.9355 12.9354 -13.7177 -12.9679 -11.968 -10.9685 -9.9691 
-8.96963 -7.96978 -6.96979 -5.96979 -4.9698 -3.96988 -2.96997 -1.96999 -0.970002 
-0.0913816 0.78724 1.78724 2.78723 3.78723 4.78722 5.78721 6.78719 7.78713 
8.78708 9.78707 10.7863 11.7863 12.7863 13.7862 14.7862 -16.9111 -15.9113 
-14.9114 -13.9118 -12.912 -11.9124 -10.9132 -9.91364 -8.9137 -7.91382 -6.91383 
-5.9138 -4.91391 -3.91399 -2.91407 -1.91408 -0.914075 -0.00938947 0.895324 1.89532 
2.89532 3.89532 4.89531 5.89529 6.89529 7.89526 8.89474 9.89425 10.8931 
11.8931 12.8928 13.8927 14.8923 -13.0068 -12.2572 -11.2579 -10.2579 -9.25851 
-8.25866 -7.25864 -6.25867 -5.25869 -4.25894 -3.25907 -2.25908 -1.25909 -0.0972734 
0.976369 1.97636 2.97634 3.97635 4.97634 5.97629 6.97624 7.97619 8.97557 
9.97545 10.9753 11.9752 12.9752 13.975 -13.0609 -12.0609 -11.0609 -10.0615 
-9.06205 -8.06205 -7.06205 -6.06208 -5.06209 -4.06212 -3.06236 -2.06268 -1.06274 
-0.122832 0.817075 1.81707 2.81706 3.81704 4.817 5.81695 6.81687 7.81654 
8.81547 9.8154 10.8153 11.8152 12.8152 13.8148 -13.7557 -13.0058 -12.0058 
-11.0069 -10.0069 -9.00687 -8.00708 -7.00707 -6.0071 -5.00709 -4.00749 -3.00769 
-2.00768 -1.00771 0.336394 1.0864 2.08641 3.0864 4.08638 5.08634 6.08628 
7.08621 8.08574 9.08531 10.0853 11.0852 12.0851 13.085 14.085 -14.0924 
-13.3425 -12.3425 -11.3428 -10.3434 -9.3439 -8.34456 -7.34458 -6.34456 -5.34457 
-4.3446 -3.34459 -2.34469 -1.34476 -0.124322 1.06656 2.06655 3.06655 4.06654 
5.06649 6.0665 7.06644 8.06606 9.06549 10.0649 11.0649 12.0648 13.0647 
14.0644 -13.9944 -12.9945 -11.9945 -10.9947 -9.99595 -8.9964 -7.99681 -6.99689 
-5.9969 -4.99691 -3.99693 -2.99775 -1.99804 -0.998074 0.00132842 1.00074 2.00071 
3.00072 4.00068 5.00059 6.00052 7.00034 8.00024 8.99948 9.99933 10.9993 
11.999 12.9987 -13.6716 -12.9219 -11.9225 -10.9236 -9.92402 -8.92461 -7.92472 
-6.92473 -5.92477 -4.92488 -3.92509 -2.9252 -1.9252 -0.925209 0.0128672 0.950927 
1.95092 2.95091 3.95091 4.9509 5.95086 6.95084 7.95064 8.94963 9.9488 
10.9488 11.9487 12.9487 13.9487 -16.8476 -16.0976 -15.0977 -14.0977 -13.0979 
-12.0984 -11.0993 -10.1003 -9.10074 -8.10083 -7.10084 -6.10086 -5.10088 -4.10099 
-3.10126 -2.10128 -1.10128 0.834388 1.83439 2.83439 3.83439 4.83437 5.83435 
6.83434 7.83431 8.83418 9.83274 10.8326 11.8325 12.8325 13.8323 14.8322 
-14.0901 -13.3404 -12.3405 -11.3411 -10.3416 -9.34326 -8.34344 -7.34357 -6.3436 
-5.34359 -4.34368 -3.34368 -2.34378 -1.3438 -0.108403 1.11241 2.11233 3.11233 
4.11213 5.11189 6.11186 7.11125 8.11096 9.11065 10.1106 -17.1179 -16.1189 
-15.1191 -14.1191 -13.1195 -12.1195 -11.1205 -10.1213 -9.12165 -8.12172 -7.12172 
-6.12174 -5.12173 -4.12194 -3.12197 -2.12202 -1.12201 -0.106921 0.90817 1.90816 
2.90817 3.90817 4.90817 5.90814 6.90812 7.90808 8.90741 9.90582 10.9048 
11.9048 12.9046 13.9045 14.9042 -13.7458 -12.9958 -11.9958 -10.9971 -9.9976 
-8.99821 -7.99846 -6.99849 -5.99848 -4.99852 -3.99889 -2.9991 -1.99911 -0.999099 
0.168459 0.918462 1.91845 2.91845 3.91844 4.91843 5.91841 6.91835 7.91815 
8.91782 9.91751 10.9175 11.9173 12.9173 13.9173 -12.3485 -11.3485 -10.3503 
-9.35101 -8.35129 -7.3513 -6.35132 -5.35131 -4.35156 -3.35168 -2.35169 -1.3517 
-0.195703 0.866293 1.86629 2.86629 3.86629 4.86628 5.86626 6.86621 7.86596 
8.86574 9.86463 10.8644 11.8643 12.8642 13.8642 -13.6907 -12.9408 -11.9409 
-10.9409 -9.94218 -8.94259 -7.94296 -6.94305 -5.94306 -4.94306 -3.9431 -2.94358 
-1.9436 -0.94361 0.0577113 1.05903 2.05903 3.05904 4.059 5.05892 6.05878 
7.05873 8.05873 9.05858 10.0584 11.0584 12.0584 13.0581 -12.3452 -11.3461 
-10.3467 -9.3476 -8.34791 -7.34789 -6.34792 -5.34799 -4.3484 -3.34839 -2.34839 
-1.3484 -0.152479 0.989395 1.98939 2.98939 3.98938 4.98935 5.98933 6.98922 
7.98877 8.98727 9.98727 10.9872 11.9872 12.9871 -14.3078 -13.3079 -12.3081 
-11.3084 -10.3089 -9.30931 -8.30948 -7.30951 -6.30951 -5.3096 -4.30989 -3.31011 
-2.31013 -1.31014 -0.56013 0.96459 1.71459 2.71458 3.71457 4.71456 5.71454 
6.71454 7.7145 8.71402 9.71373 10.713 11.7128 12.7128 13.7126 14.7125 
-13.6276 -12.8775 -11.8778 -10.878 -9.87844 -8.87895 -7.8791 -6.87911 -5.87913 
-4.87919 -3.87953 -2.87975 -1.87975 -0.879746 -0.12975 1.05729 2.0573 3.05729 
4.05726 5.05726 6.05724 7.05722 8.05714 9.05605 10.055 11.0547 12.0546 
13.0543 14.0543 -12.6622 -11.9126 -10.9135 -9.9145 -8.91452 -7.91458 -6.91457 
-5.91463 -4.91466 -3.9149 -2.91491 -1.91492 -0.914914 -0.067578 0.779766 1.77976 
2.77976 3.77975 4.77974 5.77972 6.7797 7.7796 8.7796 9.77845 10.7782 
11.7782 12.7781 13.7781 -17.2728 -16.2813 -15.2818 -14.2822 -13.2824 -12.2829 
-11.2837 -10.2845 -9.28479 -8.28479 -7.28484 -6.28484 -5.2849 -4.28512 -3.2852 
-2.2852 -1.28521 -0.133623 0.919548 1.91954 2.91954 3.91954 4.91954 5.91954 
6.91952 7.91949 8.91904 9.91859 10.9178 11.9178 12.9176 13.9175 14.9168 
-16.7689 -16.0192 -15.0192 -14.0193 -13.0194 -12.0194 -11.0199 -10.0209 -9.0216 
-8.0219 -7.02201 -6.02201 -5.02207 -4.0221 -3.02227 -2.0224 -1.02239 -0.0284988 
0.965389 1.96539 2.96539 3.96537 4.96536 5.96532 6.96534 7.96531 8.96487 
9.96442 10.9635 11.9634 12.9632 13.9631 14.9624 -16.004 -15.2542 -14.2544 
-13.2547 -12.2549 -11.2554 -10.256 -9.25613 -8.25628 -7.25628 -6.25629 -5.25636 
-4.25655 -3.25668 -2.25671 -1.25672 -0.0599994 1.08346 2.08346 3.08346 4.08346 
5.08346 6.08343 7.08342 8.08333 9.08217 10.0817 11.0812 12.0812 13.0812 
14.0811 -15.0451 -14.2951 -13.2952 -12.2953 -11.2956 -10.2956 -9.29614 -8.29668 
-7.2968 -6.29681 -5.29681 -4.29684 -3.29693 -2.29704 -1.29715 -0.12022 0.983664 
1.98366 2.98365 3.98367 4.98365 5.98364 6.98362 7.98361 8.98305 9.98076 
10.98 11.98 12.9799 13.9799 14.9797 -13.0215 -12.0216 -11.0217 -10.0233 
-9.02331 -8.02355 -7.02353 -6.02355 -5.02363 -4.02368 -3.02372 -2.02377 -1.02379 
-0.0112402 1.00134 2.00128 3.00124 4.00119 5.00103 6.00085 7.00053 7.99953 
8.99899 9.99876 10.9988 -14.7368 -13.987 -12.9874 -11.9879 -10.9882 -9.98865 
-8.9892 -7.98934 -6.98936 -5.98937 -4.98945 -3.98967 -2.9898 -1.98981 -0.989811 
-0.0675174 0.854773 1.85477 2.85477 3.85477 4.85475 5.85475 6.85474 7.85455 
8.85439 9.85439 10.8544 11.8543 12.8543 13.8543 -17.0537 -16.0543 -15.0544 
-14.0547 -13.0551 -12.0558 -11.0568 -10.0575 -9.05762 -8.05779 -7.05784 -6.05783 
-5.0579 -4.0581 -3.05812 -2.05817 -1.05817 -0.0638637 0.93045 1.93045 2.93045 
3.93045 4.93044 5.93042 6.93041 7.93039 8.92997 9.92864 10.9257 11.9257 
12.9254 13.9253 14.9249 -17.166 -16.1661 -15.1661 -14.1663 -13.1666 -12.1669 
-11.1679 -10.1679 -9.16834 -8.16852 -7.16854 -6.16853 -5.16851 -4.16873 -3.16871 
-2.16871 -1.16872 -0.418739 0.767719 1.76772 2.76771 3.76772 4.7677 5.7677 
6.7677 7.76769 8.76737 9.76707 10.765 11.7649 12.7649 13.7648 14.7647 
-16.7389 -15.989 -14.9893 -13.9896 -12.99 -11.991 -10.9914 -9.99132 -8.99147 
-7.99164 -6.99164 -5.99165 -4.99172 -3.99187 -2.99199 -1.99203 -0.992027 -0.0489545 
0.894117 1.89412 2.89411 3.89411 4.89411 5.89409 6.89407 7.89404 8.8934 
9.892 10.8912 11.8911 12.8909 13.8909 14.8906 -12.12 -11.1206 -9.87209 
-8.87255 -7.87259 -6.87258 -5.87258 -4.87273 -3.87306 -2.87311 -1.87311 -0.873134 
-0.0291481 0.814831 1.8148 2.81479 3.81477 4.81474 5.81471 6.81465 7.81464 
8.81383 9.81353 10.8135 11.8135 12.8135 -12.96 -11.9604 -10.9617 -9.96303 
-8.96365 -7.96369 -6.9637 -5.96369 -4.96392 -3.96418 -2.96439 -1.96442 -0.964423 
0.0481438 1.06071 2.0607 3.06068 4.06067 5.06063 6.06057 7.06054 8.06014 
9.05974 10.0591 11.0591 12.0591 13.0591 -13.8931 -13.1432 -12.1432 -11.1438 
-10.1444 -9.14573 -8.14616 -7.14628 -6.14629 -5.14631 -4.14681 -3.14724 -2.14731 
-1.14732 -0.154701 0.837957 1.83787 2.83784 3.83778 4.83771 5.83764 6.83764 
7.83681 8.83627 9.83626 10.8362 -13.0078 -12.2579 -11.259 -10.2615 -9.26147 
-8.26172 -7.26182 -6.26182 -5.26181 -4.26206 -3.2623 -2.26231 -1.26231 -0.1338 
0.99472 1.99472 2.99471 3.99468 4.99466 5.9946 6.99449 7.99413 8.99379 
9.9934 10.9934 11.9932 12.993 -12.9691 -11.9691 -10.9691 -9.96998 -8.97171 
-7.97215 -6.97229 -5.97228 -4.97228 -3.97233 -2.97232 -1.97264 -0.97273 -0.0530176 
0.866704 1.86671 2.86669 3.86669 4.86665 5.86666 6.8666 7.86655 8.86657 
9.86651 10.8664 11.8663 12.8663 13.8661 -13.3501 -12.3501 -11.3502 -10.3502 
-9.35098 -8.35124 -7.35147 -6.35152 -5.35154 -4.35155 -3.35157 -2.35176 -1.35199 
-0.198417 0.858825 1.85881 2.85882 3.85879 4.85873 5.8587 6.85866 7.85853 
8.85841 9.85834 10.8583 11.8582 12.8581 13.8579 -14.2784 -13.2785 -12.2785 
-11.2787 -10.2793 -9.28044 -8.2806 -7.28074 -6.28075 -5.28076 -4.28079 -3.2808 
-2.28116 -1.28127 -0.112859 0.973968 1.97397 2.97397 3.97395 4.97393 5.97393 
6.97392 7.97386 8.97387 9.97386 10.9738 11.9738 12.9737 13.9736 14.9728 
-13.2595 -12.2596 -11.2596 -10.26 -9.26042 -8.26041 -7.26044 -6.26044 -5.26046 
-4.26046 -3.26053 -2.26108 -1.26127 -0.103309 0.962612 1.96261 2.96262 3.96259 
4.96259 5.9625 6.96249 7.96203 8.96177 9.9616 10.9616 11.9615 12.9615 
13.9612 -15.6478 -14.8982 -13.8983 -12.8985 -11.899 -10.8999 -9.90068 -8.9011 
-7.90132 -6.9013 -5.90136 -4.9015 -3.9015 -2.90154 -1.90154 -0.90155 -0.0618158 
0.777918 1.77792 2.77791 3.77791 4.7779 5.77789 6.77788 7.77788 8.77754 
9.77712 10.7767 11.7767 12.7765 13.7765 14.7765 -14.0477 -13.0477 -12.0481 
-11.0481 -10.0496 -9.05008 -8.0503 -7.05029 -6.05035 -5.0505 -4.051 -3.05117 
-2.05116 -1.05117 1.02106 2.02105 3.02106 4.02105 5.02103 6.02103 7.02102 
8.02099 9.02048 10.0202 11.0194 12.0194 13.0192 14.0192 -15.0099 -14.01 
-13.0103 -12.0108 -11.0108 -10.0118 -9.01226 -8.01227 -7.01228 -6.0123 -5.01238 
-4.01266 -3.01269 -2.01273 -1.01273 -0.262743 0.631265 1.63125 2.63126 3.63125 
4.63124 5.63122 6.63118 7.63112 8.88048 10.1275 11.1275 12.1274 13.1274 
14.1273 -16.3501 -15.3503 -14.3502 -13.3505 -12.351 -11.3515 -10.3525 -9.35308 
-8.35326 -7.35326 -6.35327 -5.35328 -4.35353 -3.35368 -2.35375 -1.35376 -0.353765 
0.792674 1.79269 2.79267 3.79268 4.79268 5.79265 6.79264 7.79263 8.79238 
9.79215 10.7898 11.7897 12.7897 13.7897 14.7892 15.7883 -14.7655 -14.0156 
-13.0156 -12.0157 -11.0161 -10.0166 -9.01762 -8.01817 -7.01838 -6.01839 -5.01838 
-4.01844 -3.01859 -2.01857 -1.01865 -0.121602 0.77548 1.77547 2.77546 3.77547 
4.77547 5.77545 6.77544 7.77541 8.77503 9.77383 10.7716 11.7716 12.7715 
13.7714 14.7708 -12.8199 -12.0698 -11.0707 -10.073 -9.07355 -8.07365 -7.07368 
-6.07368 -5.07367 -4.07389 -3.07412 -2.07417 -1.07417 -0.110645 0.852881 1.85286 
2.85287 3.85284 4.85283 5.85277 6.85272 7.8525 8.85211 9.85174 10.8517 
11.8516 12.8515 -13.2763 -12.2768 -11.2771 -10.2778 -9.27835 -8.27856 -7.27856 
-6.27859 -5.27867 -4.27867 -3.27867 -2.27867 -1.27868 -0.133248 0.907635 1.90763 
2.90763 3.90763 4.90762 5.90762 6.9076 7.9076 8.907 9.90608 10.9052 
11.9051 12.9049 13.9048 -15.0114 -14.0114 -13.0117 -12.0123 -11.0139 -10.0148 
-9.01537 -8.01554 -7.01554 -6.01556 -5.01557 -4.01566 -3.01581 -2.01582 -1.01584 
-0.0570886 0.901668 1.90166 2.90166 3.90166 4.90165 5.90162 6.90161 7.90153 
8.90145 9.89957 10.8996 11.8995 12.8994 13.8994 -13.2771 -12.2772 -11.2777 
-10.2783 -9.27848 -8.27896 -7.27901 -6.27904 -5.27908 -4.2793 -3.27972 -2.27984 
-1.27985 -0.529839 0.903516 1.90352 2.90352 3.9035 4.90348 5.90345 6.90342 
7.90333 8.90291 9.90249 10.9025 11.9024 12.9024 13.9023 -13.1797 -12.1797 
-11.1799 -10.1808 -9.18184 -8.18284 -7.18286 -6.18289 -5.18287 -4.18288 -3.1831 
-2.1833 -1.1833 -0.185334 0.812641 1.81265 2.81265 3.81264 4.81261 5.81258 
6.81253 7.81246 8.81127 9.81082 10.8108 11.8108 12.8106 13.8101 -15.2962 
-14.2962 -13.2963 -12.2965 -11.2966 -10.2971 -9.29873 -8.29874 -7.29881 -6.29885 
-5.29884 -4.29883 -3.29921 -2.29933 -1.29934 -0.299348 0.74918 1.74919 2.74919 
3.74918 4.74917 5.74914 6.74913 7.74911 8.74862 9.74588 10.7459 11.7458 
12.7457 13.7456 14.7454 -13.3289 -12.329 -11.329 -10.329 -9.32981 -8.33004 
-7.33027 -6.33036 -5.33034 -4.33034 -3.33039 -2.33057 -1.3308 -0.177487 0.879246 
1.87925 2.87926 3.87925 4.87921 5.87918 6.87916 7.87903 8.87815 9.87736 
10.8773 11.8772 12.8771 13.8769 -13.3619 -12.362 -11.3628 -10.3627 -9.36354 
-8.36355 -7.36357 -6.36353 -5.36363 -4.36395 -3.36415 -2.36414 -1.36415 -0.179243 
0.940608 1.9406 2.9406 3.9406 4.94058 5.94053 6.9405 7.94028 8.94008 
9.93883 10.9388 11.9388 12.9388 13.9388 -13.6817 -12.9317 -11.9318 -10.9335 
-9.93477 -8.93569 -7.93593 -6.93588 -5.93591 -4.93591 -3.93666 -2.93699 -1.93698 
-0.936987 -0.186999 0.823843 1.82383 2.82381 3.82379 4.82371 5.82364 6.82354 
7.82336 8.82317 9.82315 10.8231 11.8229 12.8228 -13.0244 -12.2749 -11.2758 
-10.2758 -9.27592 -8.27612 -7.27613 -6.27617 -5.27626 -4.27625 -3.27625 -2.27625 
-1.27627 -0.129628 0.913654 1.91365 2.91365 3.91364 4.91364 5.91362 6.9136 
7.91347 8.91256 9.91175 10.9117 11.9117 12.9116 13.9116 -13.7206 -12.9706 
-11.9707 -10.9707 -9.97196 -8.97196 -7.97228 -6.97231 -5.97231 -4.9723 -3.97248 
-2.97286 -1.97291 -0.972913 -0.222909 0.769979 1.76997 2.76998 3.76997 4.76996 
5.76992 6.76991 7.76978 8.76894 9.7677 10.7677 11.7677 12.7676 13.7676 
-17.0085 -16.2585 -15.2587 -14.2587 -13.259 -12.259 -11.2601 -10.2609 -9.26117 
-8.26142 -7.26145 -6.26147 -5.26151 -4.26169 -3.2618 -2.2618 -1.2618 -0.233838 
0.794134 1.79414 2.79413 3.79413 4.79412 5.79409 6.79408 7.79406 8.79357 
9.79223 10.7895 11.7895 12.7892 13.7891 14.7887 -15.1844 -14.1845 -13.1847 
-12.1854 -11.186 -10.187 -9.18734 -8.18748 -7.18747 -6.18752 -5.18752 -4.18766 
-3.18794 -2.18794 -1.18796 1.04206 2.04206 3.04206 4.04206 5.04204 6.04203 
7.04203 8.04198 9.04198 10.042 11.0415 12.0415 13.0414 14.0414 15.0412 
-13.3265 -12.3269 -11.3271 -10.3271 -9.3273 -8.32743 -7.32751 -6.32753 -5.32756 
-4.32779 -3.32788 -2.32789 -1.3279 -0.183872 0.85418 1.85417 2.85417 3.85416 
4.85416 5.85415 6.85416 7.854 8.85317 9.85188 10.8515 11.8515 12.8514 
13.8514 -14.0815 -13.3314 -12.3316 -11.3317 -10.3324 -9.33347 -8.33407 -7.33428 
-6.33427 -5.33427 -4.3343 -3.33445 -2.33458 -1.33472 -0.137164 1.00795 2.00793 
3.00793 4.0079 5.0079 6.00783 7.00775 8.00769 9.00717 10.0071 11.007 
12.007 13.0068 -15.0898 -14.3399 -13.34 -12.3403 -11.3413 -10.3424 -9.34308 
-8.34313 -7.34317 -6.34316 -5.34316 -4.34344 -3.34348 -2.34356 -1.34357 -0.593569 
0.735978 1.73597 2.73597 3.73598 4.73597 5.73595 6.73594 7.73589 8.7359 
9.73381 10.7334 11.7334 12.7333 13.7332 14.7331 -11.8842 -10.8853 -9.88587 
-8.8865 -7.88651 -6.8865 -5.8865 -4.8865 -3.88658 -2.88668 -1.88669 -0.886703 
-0.0137086 0.859303 1.85929 2.85928 3.85927 4.85925 5.85922 6.85913 7.85905 
8.85821 9.85804 10.8579 11.8578 12.8578 13.8576 -13.0393 -12.0395 -11.0402 
-10.0415 -9.04309 -8.04343 -7.04347 -6.04351 -5.04348 -4.04423 -3.04462 -2.04469 
-1.04469 -0.294697 0.728688 1.72866 2.72865 3.72864 4.72864 5.72854 6.72848 
7.7282 8.7282 9.7282 10.7282 11.7282 12.7281 -13.6874 -12.9375 -11.9375 
-10.9377 -9.93825 -8.93948 -7.93948 -6.93951 -5.93951 -4.93949 -3.93952 -2.93954 
-1.93981 -0.939924 -0.0798082 0.78029 1.7803 2.78029 3.78029 4.78025 5.7802 
6.7802 7.78016 8.77965 9.77919 10.7792 11.7792 12.7791 13.779 14.7787 
-12.932 -11.9325 -10.9333 -9.93429 -8.93482 -7.93504 -6.93507 -5.93511 -4.93524 
-3.93544 -2.93551 -1.93551 -0.935519 -0.090007 0.755501 1.75549 2.7555 3.75549 
4.75549 5.75548 6.75546 7.75544 8.75514 9.7547 10.7543 11.7542 12.7541 
13.754 14.754 -14.0337 -13.0338 -12.0341 -11.0349 -10.036 -9.03672 -8.0369 
-7.03688 -6.0369 -5.03689 -4.03688 -3.03713 -2.03718 -1.03718 -0.287185 0.761092 
1.76109 2.7611 3.76109 4.76107 5.76106 6.76105 7.76105 8.76073 9.75867 
10.7586 11.7584 12.7583 13.7582 14.7582 -14.0209 -13.2709 -12.2709 -11.2714 
-10.2722 -9.27322 -8.2738 -7.27404 -6.27405 -5.27404 -4.27407 -3.27424 -2.27431 
-1.27441 -0.0771014 1.06753 2.06752 3.06752 4.06751 5.06748 6.06745 7.06744 
8.06727 9.06664 10.0651 11.065 12.0649 13.0648 14.0644 -16.7148 -15.965 
-14.9651 -13.9653 -12.9655 -11.9659 -10.9663 -9.96717 -8.96711 -7.96724 -6.96723 
-5.96726 -4.96727 -3.96735 -2.96742 -1.96744 -0.96745 -0.0929853 0.781482 1.78148 
2.78147 3.78147 4.78147 5.78146 6.78144 7.78143 8.78101 9.78058 10.7797 
11.7796 12.7796 13.7796 14.7792 -18.2786 -17.3185 -16.3187 -15.3189 -14.3192 
-13.3195 -12.32 -11.32 -10.3208 -9.32122 -8.32137 -7.32137 -6.32136 -5.32142 
-4.32149 -3.32159 -2.32161 -1.32161 -0.154082 0.930974 1.93097 2.93097 3.93097 
4.93096 5.93096 6.93095 7.93093 8.93015 9.92969 10.9286 11.9284 12.9283 
13.9282 14.9277 -18.1013 -17.1285 -15.8923 -14.8926 -13.893 -12.8934 -11.8939 
-10.8946 -9.89535 -8.89534 -7.89541 -6.8954 -5.89543 -4.89549 -3.89563 -2.89569 
-1.89569 -0.89569 -0.0392315 0.817217 1.81721 2.81721 3.81721 4.8172 5.8172 
6.81718 7.81717 8.81669 9.8143 10.8135 11.8135 12.8134 13.8133 14.8132 
-13.0953 -12.3456 -11.3463 -10.3471 -9.34772 -8.34817 -7.34816 -6.34814 -5.34823 
-4.34833 -3.34845 -2.34846 -1.34847 -0.208615 0.821072 1.82106 2.82105 3.82104 
4.82104 5.82103 6.82101 7.82092 8.82021 9.81927 10.8191 11.8191 12.819 
13.819 -12.9486 -11.9487 -10.9487 -9.94867 -8.94871 -7.94889 -6.94889 -5.94892 
-4.94894 -3.94942 -2.94965 -1.94967 -0.949683 0.0104393 0.760431 1.76042 2.76041 
3.7604 4.7604 5.76035 6.76024 7.75991 8.75887 9.75887 10.7589 11.7587 
12.7584 -14.0023 -13.2524 -12.2528 -11.2529 -10.2535 -9.25414 -8.2549 -7.25494 
-6.25497 -5.25497 -4.25503 -3.25532 -2.2557 -1.25578 -0.255791 0.629973 1.62997 
2.62997 3.62993 4.62991 5.62985 6.8797 8.12952 9.12911 10.1291 11.129 
12.1285 13.128 -14.9447 -13.9448 -12.9451 -11.9456 -10.9468 -9.94722 -8.94771 
-7.94784 -6.94784 -5.94785 -4.94784 -3.94817 -2.94829 -1.94832 -0.948316 -0.000326844 
0.947678 1.94768 2.94767 3.94767 4.94767 5.94764 6.94763 7.94752 8.94745 
9.94672 10.946 11.9459 12.9458 13.9457 14.9453 -16.7449 -15.9951 -14.9954 
-13.9956 -12.996 -11.9964 -10.9967 -9.99671 -8.9968 -7.99696 -6.99695 -5.99697 
-4.99705 -3.99723 -2.99737 -1.99739 -0.9974 -0.055837 0.885729 1.88572 2.88572 
3.88572 4.88572 5.88568 6.88567 7.8856 8.88553 9.88372 10.8837 11.8836 
12.8836 13.8835 14.8833 -12.7302 -11.981 -10.9813 -9.98176 -8.9824 -7.98256 
-6.98255 -5.98256 -4.98268 -3.98294 -2.98309 -1.98309 -0.9831 -0.0703379 0.842437 
1.84243 2.84242 3.84241 4.84239 5.84238 6.84233 7.84202 8.84042 9.83957 
10.8394 11.8394 12.8393 13.8393 -15.886 -14.8862 -13.8862 -12.8864 -11.8871 
-10.8887 -9.89001 -8.89048 -7.89051 -6.89053 -5.89053 -4.89056 -3.8906 -2.89067 
-1.89069 -0.890685 -0.0281567 0.834374 1.83437 2.83437 3.83436 4.83436 5.83433 
6.83431 7.8343 8.83377 9.83323 10.8325 11.8324 12.8322 13.832 14.832 
-18.1345 -16.9131 -15.9134 -14.9137 -13.914 -12.9142 -11.9148 -10.9156 -9.91624 
-8.9165 -7.91651 -6.9165 -5.91652 -4.9166 -3.91666 -2.91676 -1.91677 -0.916784 
-0.00827854 0.900223 1.90022 2.90022 3.90021 4.90021 5.90021 6.9002 7.9002 
8.8999 9.89959 10.8977 11.8976 12.8975 13.8974 14.8967 15.8961 -14.7293 
-13.9792 -12.9794 -11.98 -10.981 -9.98213 -8.98265 -7.98267 -6.9827 -5.98268 
-4.98278 -3.98306 -2.9831 -1.98313 -0.983142 -0.233137 0.683545 1.68356 2.68354 
3.68355 4.68353 5.68352 6.68351 7.68345 8.68344 9.6815 10.6811 11.6811 
12.681 13.681 -13.702 -12.952 -11.9521 -10.9522 -9.95228 -8.9535 -7.95367 
-6.95379 -5.95381 -4.95381 -3.95382 -2.954 -1.954 -0.954013 -0.0679468 0.818122 
1.81812 2.8181 3.81808 4.8181 5.81802 6.81799 7.81766 8.81738 9.81739 
10.8174 11.8173 12.8173 13.8173 -17.1187 -16.1187 -15.1188 -14.1191 -13.1195 
-12.1194 -11.1205 -10.1213 -9.12164 -8.12168 -7.12171 -6.12171 -5.12171 -4.12191 
-3.12204 -2.12205 -1.12206 -0.0388308 1.04438 2.04438 3.04438 4.04439 5.04438 
6.04435 7.04435 8.04433 9.0437 10.0423 11.0387 12.0387 13.0385 14.0384 
15.038 16.0377 -14.6815 -13.9316 -12.9316 -11.9318 -10.9317 -9.93278 -8.93314 
-7.93354 -6.93359 -5.93361 -4.93359 -3.93368 -2.93374 -1.93391 -0.933921 0.0247599 
0.98347 1.98346 2.98346 3.98346 4.98342 5.98341 6.98342 7.9832 8.98308 
9.9819 10.9819 11.9819 12.9818 13.9816 -13.2695 -12.2696 -11.2696 -10.2702 
-9.27079 -8.27154 -7.27156 -6.27157 -5.27158 -4.27162 -3.27188 -2.2722 -1.27227 
-0.272283 0.629678 1.62967 2.62966 3.62964 4.62963 5.87959 7.12947 8.12895 
9.12851 10.1285 11.1284 12.1284 13.1282 -16.8374 -16.0876 -15.0876 -14.0877 
-13.0877 -12.0881 -11.0883 -10.0888 -9.08947 -8.08975 -7.08982 -6.08982 -5.08984 
-4.08993 -3.08995 -2.09009 -1.09009 -0.114199 0.861665 1.86167 2.86166 3.86165 
4.86163 5.86163 6.86162 7.86163 8.86112 9.8593 10.856 11.8556 12.8555 
13.8554 14.8546 15.8546 -13.9748 -13.2247 -12.2248 -11.2254 -10.2262 -9.22706 
-8.22752 -7.22754 -6.22753 -5.22756 -4.22776 -3.22792 -2.22809 -1.22813 -0.16878 
0.890548 1.89052 2.89048 3.89042 4.89037 5.89031 6.89025 7.88978 8.88953 
9.88928 10.8893 11.8889 12.8881 -13.3242 -12.3243 -11.3251 -10.3264 -9.3286 
-8.32934 -7.32952 -6.32954 -5.32955 -4.32982 -3.32997 -2.33 -1.33003 -0.330042 
0.816411 1.81639 2.81638 3.81638 4.81633 5.81626 6.8161 7.81608 8.81517 
9.81491 10.8149 11.8149 12.8147 -13.0608 -12.3109 -11.311 -10.3132 -9.31358 
-8.31398 -7.31408 -6.31408 -5.31417 -4.31442 -3.31461 -2.31463 -1.31461 -0.238641 
0.837328 1.83731 2.8373 3.83729 4.83728 5.83723 6.83721 7.83702 8.83669 
9.83636 10.8364 11.8362 12.8362 13.8362 -14.0476 -13.2978 -12.298 -11.299 
-10.2996 -9.30035 -8.30064 -7.30069 -6.30069 -5.30084 -4.3009 -3.30095 -2.30101 
-1.30101 -0.27472 0.751571 1.75156 2.75156 3.75155 4.75153 5.75151 6.75147 
7.75143 8.7508 9.75055 10.7503 11.7503 12.7503 13.7502 -16.6888 -15.9389 
-14.9394 -13.9396 -12.94 -11.9403 -10.9411 -9.94187 -8.94228 -7.9424 -6.94243 
-5.94243 -4.94241 -3.94268 -2.94279 -1.94281 -0.942813 -0.0115351 0.919731 1.91973 
2.91972 3.91973 4.91972 5.9197 6.91969 7.91969 8.9191 9.91875 10.9168 
11.9166 12.9165 13.9163 14.9157 15.9153 -13.9348 -12.9349 -11.9349 -10.9351 
-9.93595 -8.93756 -7.93811 -6.93818 -5.93822 -4.93821 -3.93827 -2.93833 -1.93834 
-0.938373 -0.0340569 0.870249 1.87024 2.87026 3.87024 4.87022 5.87017 6.87017 
7.87 8.86989 9.86864 10.8686 11.8686 12.8685 13.8684 -13.9244 -12.9244 
-11.9248 -10.925 -9.92522 -8.92657 -7.92671 -6.92678 -5.92682 -4.92682 -3.92686 
-2.92716 -1.92755 -0.927618 0.00161054 0.930827 1.93084 2.93081 3.9308 4.93079 
5.93062 6.93047 7.9301 8.92947 9.92934 10.9293 11.929 12.9287 -13.0039 
-12.2542 -11.255 -10.255 -9.25564 -8.25578 -7.25577 -6.25579 -5.2558 -4.25605 
-3.25616 -2.25616 -1.25617 -0.0931277 0.98299 1.98298 2.98298 3.98298 4.98297 
5.98293 6.98288 7.98284 8.98151 9.98072 10.9806 11.9805 12.9804 13.9803 
-15.0302 -14.0303 -13.0303 -12.0305 -11.0312 -10.0322 -9.03278 -8.03311 -7.03314 
-6.03315 -5.03315 -4.03315 -3.03341 -2.0335 -1.03352 0.0319335 1.09739 2.0974 
3.09739 4.09737 5.09737 6.09736 7.09734 8.09734 9.09575 10.0948 11.0946 
12.0945 13.0945 14.0943 -13.2969 -12.2971 -11.2972 -10.2976 -9.29934 -8.29987 
-7.30006 -6.30008 -5.30009 -4.3001 -3.30009 -2.30064 -1.30081 -0.134053 0.949462 
1.94946 2.94945 3.94946 4.94946 5.94941 6.9494 7.94887 8.94857 9.94839 
10.9484 11.9483 12.9483 13.948 -13.7503 -13.0003 -12.0003 -11.0004 -10.001 
-9.00223 -8.00225 -7.00223 -6.00223 -5.00225 -4.00225 -3.00226 -2.00256 -1.00257 
-0.120786 0.761028 1.76102 2.76104 3.76102 4.76099 5.76098 6.76093 7.76091 
8.76038 9.76029 10.7602 11.76 12.7599 13.7598 -13.3053 -12.3054 -11.3058 
-10.3068 -9.30779 -8.30811 -7.30814 -6.30816 -5.30819 -4.30841 -3.30851 -2.30851 
-1.30856 -0.246565 0.815421 1.8154 2.81541 3.81539 4.81537 5.8153 6.81527 
7.815 8.81477 9.8137 10.8137 11.8136 12.8134 13.8134 -13.9021 -12.9022 
-11.9026 -10.903 -9.90508 -8.90537 -7.90586 -6.90592 -5.90591 -4.90598 -3.90606 
-2.90605 -1.90609 -0.906101 0.102904 0.852902 1.8529 2.8529 3.85288 4.85282 
5.85279 6.85271 7.85264 8.85166 9.85166 10.8516 11.8516 12.8514 -13.9978 
-13.2478 -12.2478 -11.248 -10.2488 -9.24931 -8.24992 -7.25003 -6.25004 -5.25004 
-4.25005 -3.25022 -2.25031 -1.25038 -0.0587264 1.07461 2.07461 3.07462 4.0746 
5.07455 6.07455 7.07452 8.07431 9.0737 10.0731 11.0731 12.073 13.0729 
14.0726 -14.8891 -13.8892 -12.8893 -11.8894 -10.8895 -9.89049 -8.89044 -7.89053 
-6.89058 -5.89061 -4.8906 -3.89068 -2.89095 -1.89112 -0.891142 0.0434496 0.978062 
1.97806 2.97807 3.97806 4.97804 5.97799 6.97798 7.97792 8.97793 9.9775 
10.9771 11.977 12.9771 13.9769 -13.9135 -13.1634 -12.1637 -11.1648 -10.166 
-9.16679 -8.16704 -7.16712 -6.16709 -5.16725 -4.16734 -3.16737 -2.16741 -1.16742 
-0.138585 0.890246 1.89024 2.89024 3.89024 4.89023 5.89018 6.89016 7.89014 
8.88963 9.88941 10.8892 11.8891 12.8891 13.889 -16.8615 -15.8799 -14.8805 
-13.8808 -12.8811 -11.8817 -10.8824 -9.88313 -8.88309 -7.88318 -6.88316 -5.8832 
-4.8833 -3.88338 -2.88342 -1.88343 -0.883432 -0.0446481 0.794139 1.79414 2.79414 
3.79414 4.79413 5.79413 6.79413 7.79409 8.79374 9.79212 10.7912 11.791 
12.7909 13.7908 14.7907 -15.212 -14.212 -13.2123 -12.2127 -11.213 -10.2143 
-9.21688 -8.21756 -7.21758 -6.2176 -5.21762 -4.21762 -3.21788 -2.2184 -1.21842 
-0.2151 0.788211 1.78817 2.78815 3.78804 4.78792 5.78767 6.78729 7.78704 
8.78639 9.78611 10.7861 -17.7444 -16.9961 -15.9963 -14.9964 -13.9967 -12.9968 
-11.9974 -10.9974 -9.99817 -8.99866 -7.99879 -6.99877 -5.99877 -4.9988 -3.99897 
-2.99911 -1.99912 -0.99911 -0.249134 0.724988 1.72497 2.72498 3.72498 4.72498 
5.72494 6.72492 7.72491 8.72471 9.72452 10.7222 11.7222 12.7221 13.7221 
14.7215 15.7205 -14.0615 -13.3114 -12.3118 -11.3124 -10.3134 -9.31395 -8.31393 
-7.31396 -6.31398 -5.31405 -4.31427 -3.31448 -2.31456 -1.31456 -0.314562 0.652576 
1.65259 2.65258 3.65257 4.65256 5.65255 6.65254 7.65252 8.65251 9.65056 
10.6506 11.6504 12.6504 13.6503 -13.3578 -12.3578 -11.3578 -10.3585 -9.35909 
-8.35966 -7.3597 -6.35977 -5.35976 -4.35979 -3.35978 -2.35987 -1.36 -0.157146 
0.998576 1.99857 2.99858 3.99855 4.99848 5.9985 6.99839 7.99836 8.99778 
9.99701 10.997 11.9969 12.9967 13.9961 -17.0124 -16.0128 -15.0129 -14.0129 
-13.0133 -12.0139 -11.015 -10.0157 -9.01609 -8.01619 -7.01622 -6.01623 -5.01624 
-4.01643 -3.01646 -2.01649 -1.0165 0.0176734 1.05186 2.05185 3.05185 4.05185 
5.05185 6.05181 7.05181 8.05179 9.0511 10.0494 11.0483 12.0483 13.048 
14.0479 15.0476 -13.6348 -12.885 -11.8852 -10.8857 -9.88627 -8.88635 -7.88654 
-6.8865 -5.88655 -4.88669 -3.88687 -2.88696 -1.88696 -0.886981 -0.00235576 0.88225 
1.88225 2.88225 3.88224 4.88224 5.8822 6.88218 7.882 8.88183 9.8806 
10.8806 11.8805 12.8804 13.8804 -12.0597 -11.3097 -10.3112 -9.31215 -8.31244 
-7.31241 -6.31244 -5.31252 -4.31289 -3.31301 -2.31302 -1.31303 -0.161432 0.891835 
1.89183 2.89182 3.89181 4.89178 5.89173 6.89156 7.89142 8.89041 9.89041 
10.8904 11.8903 12.8903 -16.9049 -15.9066 -14.907 -13.9073 -12.9076 -11.9079 
-10.9088 -9.90948 -8.90977 -7.90996 -6.90998 -5.91 -4.91003 -3.91001 -2.91003 
-1.91004 -0.910039 -0.0248325 0.860379 1.86037 2.86037 3.86037 4.86036 5.86036 
6.86034 7.86032 8.85976 9.8592 10.8582 11.8582 12.858 13.858 14.8576 
-16.8879 -16.1379 -15.138 -14.1381 -13.1384 -12.1386 -11.1391 -10.1401 -9.14042 
-8.14041 -7.14041 -6.14041 -5.1405 -4.14059 -3.14077 -2.1408 -1.14081 0.0570501 
0.807055 1.80704 2.80704 3.80704 4.80704 5.807 6.807 7.80695 8.80643 
9.80378 10.8037 11.8037 12.8036 13.8034 14.8034 -13.9207 -12.9208 -11.9208 
-10.921 -9.92167 -8.9229 -7.923 -6.92317 -5.92318 -4.92319 -3.92322 -2.92325 
-1.92347 -0.923598 -0.068453 0.786724 1.78672 2.78673 3.7867 4.78667 5.78667 
6.78666 7.78666 8.78619 9.78393 10.7839 11.7839 12.7838 13.7837 14.7835 
-12.877 -12.1272 -11.1279 -10.1305 -9.13111 -8.13113 -7.13121 -6.1312 -5.13122 
-4.13141 -3.13194 -2.13197 -1.13196 -0.1829 0.766165 1.76615 2.76614 3.76612 
4.76611 5.76606 6.76603 7.76583 8.76544 9.7645 10.7645 11.7643 12.7641 
-13.9206 -13.1707 -12.1707 -11.1713 -10.1722 -9.17336 -8.17415 -7.17416 -6.17419 
-5.17422 -4.17445 -3.17461 -2.17477 -1.17478 -0.0789869 1.01681 2.01679 3.01678 
4.01671 5.01657 6.01649 7.01641 8.01601 9.01496 10.0147 11.0147 12.0144 
13.0136 -15.1983 -14.1983 -13.1985 -12.1987 -11.1988 -10.1994 -9.19991 -8.20029 
-7.20033 -6.20033 -5.20033 -4.20034 -3.2006 -2.20062 -1.2006 -0.112043 0.976517 
1.97651 2.97652 3.97652 4.97651 5.97647 6.97648 7.97637 8.97626 9.97506 
10.975 11.975 12.9749 13.9745 -15.6981 -14.9482 -13.9484 -12.9487 -11.9488 
-10.9499 -9.95204 -8.95208 -7.95234 -6.95233 -5.95234 -4.95241 -3.95245 -2.95249 
-1.95259 -0.952612 -0.000119625 0.952409 1.95222 2.95208 3.95186 4.95163 5.95147 
6.95025 7.9494 8.94896 9.94895 -16.0017 -15.2519 -14.2521 -13.2524 -12.2524 
-11.2532 -10.2542 -9.25415 -8.25422 -7.25427 -6.25428 -5.25438 -4.25459 -3.25465 
-2.25466 -1.25467 -0.102996 0.950356 1.95035 2.95035 3.95035 4.95034 5.95032 
6.95029 7.95016 8.95004 9.94911 10.9491 11.949 12.9489 13.9489 -17.0743 
-16.0744 -15.0748 -14.075 -13.0754 -12.0761 -11.0776 -10.078 -9.07819 -8.07834 
-7.07837 -6.07836 -5.07843 -4.07852 -3.07865 -2.07869 -1.07868 -0.111283 0.856129 
1.85613 2.85612 3.85612 4.85612 5.8561 6.85609 7.85608 8.85567 9.8544 
10.8517 11.8517 12.8515 13.8514 14.851 -17.2655 -16.2709 -15.2711 -14.2715 
-13.2718 -12.2723 -11.2731 -10.2731 -9.27321 -8.27337 -7.27342 -6.27343 -5.2735 
-4.27372 -3.27378 -2.27379 -1.2738 -0.124705 0.923466 1.92346 2.92346 3.92346 
4.92346 5.92342 6.92341 7.92338 8.92295 9.92251 10.9217 11.9217 12.9216 
13.9214 14.9212 -12.929 -11.9296 -10.93 -9.93101 -8.93154 -7.9316 -6.93163 
-5.93164 -4.93166 -3.93173 -2.93181 -1.93183 -0.931827 -0.0627747 0.806269 1.80627 
2.80626 3.80626 4.80626 5.80625 6.80623 7.80615 8.80541 9.80473 10.8041 
11.804 12.804 13.804 14.8038 -13.6712 -12.9212 -11.9214 -10.9214 -9.92139 
-8.92248 -7.92314 -6.92333 -5.92332 -4.92331 -3.92331 -2.92346 -1.92392 -0.923922 
-0.0510971 0.821729 1.82172 2.82171 3.82171 4.82169 5.8216 6.82156 7.82136 
8.82035 9.82007 10.82 11.82 12.8198 13.8198 -15.915 -14.9151 -13.9153 
-12.9156 -11.9163 -10.9169 -9.91779 -8.91833 -7.91836 -6.91833 -5.91835 -4.91845 
-3.91869 -2.91885 -1.91887 -0.918857 -0.168876 0.863455 1.86346 2.86346 3.86345 
4.86343 5.86341 6.86339 7.86333 8.86327 9.86153 10.8615 11.8614 12.8613 
13.8612 14.861 -14.646 -13.8961 -12.896 -11.8961 -10.8966 -9.89651 -8.89803 
-7.89851 -6.89859 -5.89861 -4.89859 -3.89864 -2.89888 -1.89887 -0.898924 0.0111026 
0.921132 1.92113 2.92113 3.92113 4.9211 5.92105 6.92106 7.92103 8.92028 
9.91972 10.9192 11.9192 12.9191 13.9189 14.9186 -13.2825 -12.2827 -11.2832 
-10.2837 -9.28499 -8.28509 -7.28517 -6.2852 -5.28521 -4.28553 -3.28662 -2.28668 
-1.28669 -0.286718 0.709197 1.70914 2.70907 3.70904 4.70895 5.70886 6.70869 
7.70766 8.70734 9.70713 10.7071 11.7066 -16.22 -15.22 -14.2201 -13.2202 
-12.2207 -11.2216 -10.2221 -9.22229 -8.22248 -7.22252 -6.22253 -5.22258 -4.22263 
-3.22289 -2.22294 -1.22294 -0.472946 0.767338 1.76734 2.76735 3.76734 4.76733 
5.76731 6.7673 7.76728 8.76691 9.76459 10.7645 11.7643 12.7643 13.7642 
14.7639 -13.7816 -13.0317 -12.0319 -11.0319 -10.0325 -9.03309 -8.03324 -7.03334 
-6.03335 -5.03335 -4.03338 -3.03417 -2.03451 -1.03459 -0.0885931 0.857418 1.85743 
2.85739 3.85737 4.85737 5.85729 6.85712 7.85674 8.85597 9.85579 10.8558 
11.8555 12.8552 -13.1312 -12.1313 -11.132 -10.1327 -9.13361 -8.13417 -7.13421 
-6.1342 -5.13419 -4.13441 -3.13443 -2.13442 -1.13444 -0.384435 0.778173 1.77816 
2.77816 3.77816 4.77814 5.77808 6.77805 7.77792 8.77746 9.77699 10.7769 
11.7769 12.7769 13.7768 -13.9235 -12.9236 -11.9236 -10.9238 -9.92453 -8.92569 
-7.92631 -6.92644 -5.92644 -4.92644 -3.92646 -2.92649 -1.92671 -0.92681 -0.0609003 
0.805013 1.80502 2.80502 3.805 4.80496 5.80495 6.80492 7.80491 8.80487 
9.80411 10.8033 11.8033 12.8032 13.8031 14.8029 -12.0563 -11.3063 -10.3074 
-9.30831 -8.30852 -7.30857 -6.30855 -5.30861 -4.30896 -3.30897 -2.30898 -1.309 
-0.133224 0.968358 1.96834 2.96834 3.96832 4.96829 5.96826 6.96823 7.96802 
8.9678 9.96758 10.9676 11.9676 12.9675 -11.9005 -10.9013 -9.90246 -8.90291 
-7.90296 -6.90295 -5.903 -4.90304 -3.90334 -2.90339 -1.90339 -0.903416 -0.0588773 
0.785656 1.78565 2.78563 3.78563 4.78562 5.78561 6.78561 7.78544 8.78455 
9.78401 10.7838 11.7838 12.7837 13.7837 -13.095 -12.0951 -11.0951 -10.0963 
-9.09666 -8.09698 -7.09703 -6.09705 -5.09703 -4.09704 -3.09725 -2.09747 -1.09749 
-0.0634081 0.970683 1.97067 2.97066 3.97065 4.97061 5.97058 6.97047 7.97007 
8.96887 9.96887 10.9688 11.9688 12.9686 13.9682 -18.3052 -17.3627 -16.3648 
-15.3649 -14.3653 -13.3653 -12.3658 -11.3666 -10.3673 -9.36764 -8.36768 -7.36774 
-6.36774 -5.36778 -4.3679 -3.3679 -2.36792 -1.36793 -0.210872 0.853242 1.85324 
2.85323 3.85323 4.85323 5.8532 6.85318 7.85316 8.85284 9.8514 10.8499 
11.8494 12.8493 13.8492 14.849 -16.3234 -15.3238 -14.324 -13.324 -12.3244 
-11.3254 -10.3264 -9.32671 -8.32714 -7.32719 -6.32718 -5.3272 -4.32732 -3.32753 
-2.32762 -1.32763 -0.327631 1.08535 2.08535 3.08535 4.08533 5.08534 6.08529 
7.08529 8.08525 9.08521 10.0852 11.0852 12.0851 13.0849 14.0848 15.0845 
-14.0382 -13.0384 -12.0389 -11.0399 -10.0405 -9.04062 -8.04068 -7.04072 -6.04071 
-5.04074 -4.04108 -3.04124 -2.04123 -1.04124 0.178139 0.928123 1.92812 2.92812 
3.92811 4.92809 5.92807 6.92804 7.92787 8.92772 9.92749 10.9273 11.9272 
12.9271 13.927 -14.2996 -13.2997 -12.3 -11.3001 -10.3007 -9.30129 -8.3019 
-7.30205 -6.30206 -5.30208 -4.3021 -3.3024 -2.30285 -1.30294 -0.098974 1.05902 
2.05902 3.059 4.05895 5.05894 6.05883 7.05872 8.05862 9.0582 10.0582 
11.0581 12.0576 13.0572 -13.3563 -12.3563 -11.3564 -10.3564 -9.35816 -8.35895 
-7.35911 -6.35912 -5.35914 -4.35914 -3.35924 -2.35948 -1.35965 -0.190559 0.89769 
1.89769 2.89768 3.89769 4.89765 5.89764 6.89764 7.89749 8.89732 9.89726 
10.8972 11.8971 12.8971 13.8969 -12.724 -11.9747 -10.9756 -9.97663 -8.97728 
-7.97746 -6.97747 -5.97746 -4.97757 -3.97782 -2.978 -1.978 -0.978011 -0.0650896 
0.84784 1.84782 2.84781 3.8478 4.84777 5.84775 6.84767 7.84762 8.84674 
9.84657 10.8464 11.8464 12.8463 13.8462 -14.1724 -13.1725 -12.1729 -11.1742 
-10.1755 -9.17598 -8.17597 -7.176 -6.17603 -5.17608 -4.17618 -3.17648 -2.17647 
-1.17648 0.968329 1.71832 2.71832 3.71833 4.71831 5.71831 6.71827 7.71824 
8.7179 9.71756 10.717 11.7169 12.7168 13.7168 14.7168 -16.6463 -15.8964 
-14.8965 -13.8968 -12.8972 -11.8972 -10.8982 -9.89824 -8.8984 -7.89856 -6.89855 
-5.89857 -4.89867 -3.89867 -2.89876 -1.89877 -0.898765 0.0992381 1.09725 2.09724 
3.09724 4.09724 5.09723 6.0972 7.0972 8.0972 9.09642 10.0956 11.0948 
12.0948 13.0947 14.0947 -15.3039 -14.304 -13.3041 -12.3042 -11.3043 -10.3046 
-9.30461 -8.30458 -7.30471 -6.30471 -5.30474 -4.30473 -3.30484 -2.30491 -1.30505 
-0.130433 0.96883 1.96883 2.96882 3.96882 4.96881 5.96879 6.9688 7.96878 
8.96822 9.96742 10.9666 11.9666 12.9665 13.9665 14.9663 -14.0489 -13.299 
-12.299 -11.2991 -10.2996 -9.30079 -8.30151 -7.30156 -6.30162 -5.30162 -4.30163 
-3.30163 -2.3018 -1.30202 -0.155601 0.8872 1.88721 2.88721 3.8872 4.88719 
5.88719 6.88718 7.88711 8.88577 9.88509 10.885 11.885 12.8849 13.8849 
14.8843 -12.7714 -12.0214 -11.0213 -10.0235 -9.02427 -8.02449 -7.02451 -6.02454 
-5.02454 -4.02471 -3.02492 -2.02494 -1.02495 -0.0743416 0.876268 1.87625 2.87625 
3.87623 4.87622 5.87618 6.87613 7.87591 8.87556 9.87471 10.8747 11.8746 
12.8745 -14.9903 -14.2404 -13.2406 -12.2406 -11.2411 -10.2422 -9.24272 -8.24305 
-7.24305 -6.24303 -5.24305 -4.24318 -3.24347 -2.24347 -1.24348 -0.072188 1.09908 
2.09909 3.09909 4.09909 5.09908 6.09905 7.09904 8.09894 9.09774 10.0966 
11.0966 12.0965 13.0965 14.0962 -15.7707 -15.0207 -14.0207 -13.0209 -12.0214 
-11.0214 -10.0247 -9.02604 -8.02647 -7.02657 -6.02654 -5.02656 -4.02674 -3.02724 
-2.02785 -1.02786 -0.0601128 0.907657 1.90762 2.90745 3.9073 4.9072 5.90712 
6.90627 7.90591 8.9053 9.90502 -16.9745 -16.2249 -15.2251 -14.2252 -13.2255 
-12.2257 -11.2262 -10.2271 -9.22743 -8.2276 -7.22761 -6.22761 -5.22769 -4.22793 
-3.22814 -2.22817 -1.22817 -0.478168 0.998813 1.99881 2.99881 3.9988 4.9988 
5.99874 6.99873 7.99872 8.9987 9.99719 10.9971 11.9969 12.9967 13.9966 
14.9961 -16.796 -16.0461 -15.0462 -14.0463 -13.0466 -12.0466 -11.0471 -10.0481 
-9.04855 -8.04858 -7.04869 -6.04871 -5.04874 -4.04876 -3.04896 -2.04908 -1.04908 
-0.0359591 0.977162 1.97717 2.97717 3.97716 4.97714 5.9771 6.9771 7.97709 
8.97669 9.97628 10.9751 11.975 12.9748 13.9748 14.974 15.974 -16.6896 
-15.9396 -14.9396 -13.9397 -12.9397 -11.9403 -10.941 -9.94208 -8.94274 -7.94307 
-6.94317 -5.94319 -4.94321 -3.94325 -2.94344 -1.94356 -0.943542 0.0363342 1.01621 
2.01621 3.0162 4.0162 5.01618 6.01616 7.01615 8.01615 9.01614 10.014 
11.013 12.0129 13.0128 14.0127 15.012 -13.2774 -12.2778 -11.2778 -10.2777 
-9.27834 -8.27843 -7.27845 -6.27847 -5.27848 -4.2787 -3.27882 -2.27883 -1.27884 
-0.118652 0.951748 1.95174 2.95173 3.95173 4.95172 5.95169 6.95167 7.9514 
8.95057 9.94893 10.9489 11.9488 12.9487 13.9486 -12.2757 -11.2764 -10.277 
-9.27811 -8.27835 -7.27835 -6.27837 -5.27848 -4.27908 -3.27906 -2.27907 -1.27908 
-0.0971721 1.01667 2.01664 3.01661 4.01656 5.01652 6.01648 7.01636 -13.0664 
-12.3165 -11.3168 -10.3168 -9.31726 -8.31781 -7.31789 -6.31787 -5.31789 -4.31789 
-3.31839 -2.31842 -1.31844 -0.0902641 1.11612 2.11607 3.11603 4.11603 5.11582 
6.11564 7.11559 8.11493 9.11478 10.1146 11.1146 12.1139 -13.9945 -12.9945 
-11.9945 -10.9948 -9.99561 -8.99726 -7.99781 -6.998 -5.99802 -4.998 -3.99805 
-2.99826 -1.99825 -0.998325 -0.0979242 0.802479 1.80247 2.80247 3.80248 4.80245 
5.80243 6.80242 7.80236 8.80232 9.80099 10.801 11.8009 12.8008 13.8008 
14.8004 -15.107 -14.107 -13.1072 -12.1074 -11.1076 -10.1091 -9.10971 -8.11023 
-7.11031 -6.11029 -5.11034 -4.11045 -3.11042 -2.11045 -1.11048 -0.0811012 0.948241 
1.94822 2.94823 3.94819 4.94811 5.94804 6.94797 7.94796 8.94779 9.9476 
10.9476 11.9473 12.9471 -14.0263 -13.0265 -12.0266 -11.0271 -10.0279 -9.02904 
-8.02985 -7.02983 -6.02986 -5.02987 -4.03014 -3.03029 -2.03044 -1.03045 -0.280461 
0.631864 1.63184 2.63182 3.63181 4.63173 5.63169 6.63153 7.63135 8.63116 
9.63083 10.6308 11.6308 12.6308 
