# vtk DataFile Version 4.2
vtk output
ASCII
DATASET POLYDATA
POINTS 10456 float
-19.2279 -31.0134 -19.625 -19.8479 -30.4417 -20.1618 -20.4221 -29.8587 -20.7353 
-20.9048 -29.2572 -21.3706 -21.2847 -28.6419 -22.0602 -21.5728 -28.0232 -22.7895 
-21.7775 -27.4076 -23.5505 -21.9617 -26.7924 -24.3168 -22.1877 -26.166 -25.0623 
-22.5015 -25.5132 -25.7505 -22.9193 -24.8334 -26.3487 -23.445 -24.1297 -26.8208 
-24.0303 -23.3677 -27.0863 -24.5804 -22.5385 -27.1367 -24.9898 -21.6455 -26.9896 
-25.2128 -20.7102 -26.7199 -25.3368 -19.7598 -26.4387 -25.3944 -18.7914 -26.1982 
-25.416 -17.8053 -26.0393 -25.3776 -16.8083 -25.9858 -25.2687 -15.816 -26.0266 
-25.0964 -14.8405 -26.1541 -24.8441 -13.9008 -26.3815 -24.5458 -12.9893 -26.6632 
-24.2218 -12.1007 -26.9876 -23.8912 -11.2183 -27.3221 -23.566 -10.3267 -27.6367 
-23.2746 -9.40423 -27.8875 -23.0415 -8.44753 -28.0548 -22.8512 -7.46883 -28.1226 
-22.6796 -6.48572 -28.0808 -22.4996 -5.51231 -27.9447 -22.2405 -4.56873 -27.7445 
-21.8687 -3.67108 -27.5149 -21.361 -2.8566 -27.25 -20.6847 -2.20708 -26.9153 
-19.8739 -1.76275 -26.5406 -19.0033 -1.39969 -26.2119 -18.0965 -1.05098 -25.9782 
-17.167 -0.721443 -25.8144 -16.2126 -0.451492 -25.6934 -15.235 -0.260666 -25.6136 
-14.2418 -0.163769 -25.5713 -13.2436 -0.184738 -25.5757 -12.2549 -0.320064 -25.6237 
-11.2834 -0.539089 -25.703 -10.3407 -0.85067 -25.8172 -9.42319 -1.21934 -25.9647 
-8.52505 -1.59417 -26.1888 -7.64813 -1.93935 -26.5217 -6.81861 -2.30406 -26.9424 
-6.09397 -2.86775 -27.3125 -5.53975 -3.64378 -27.5885 -5.17125 -4.53928 -27.8165 
-5.00981 -5.50436 -28.0131 -4.97603 -6.48797 -28.1871 -4.95331 -7.48052 -28.2843 
-4.8538 -8.46568 -28.199 -4.66094 -9.39085 -27.885 -4.40927 -10.2378 -27.4193 
-4.14518 -11.0342 -26.8755 -3.90628 -11.8197 -26.3049 -3.74042 -12.6061 -25.7112 
-3.64963 -13.419 -25.1367 -3.64601 -14.2768 -24.6262 -3.74994 -15.1821 -24.2181 
-3.94762 -16.1081 -23.9023 -4.25834 -17.0407 -23.7299 -4.63478 -17.9641 -23.6761 
-5.03039 -18.8787 -23.7424 -5.36515 -19.79 -23.9691 -5.61057 -20.7006 -24.298 
-5.81601 -21.6362 -24.5763 -6.03781 -22.604 -24.6647 -6.2736 -23.5627 -24.5308 
-6.5091 -24.4742 -24.2034 -6.74514 -25.3046 -23.7042 -6.97879 -26.0336 -23.0629 
-7.23254 -26.6852 -22.3492 -7.53443 -27.2887 -21.6119 -7.91082 -27.8571 -20.8809 
-8.3325 -28.3994 -20.1544 -8.77959 -28.9009 -19.4141 -9.21626 -29.3624 -18.6422 
-19.1274 -31.1422 -19.5655 -19.6004 -30.7146 -19.9601 -20.1888 -30.1329 -20.5213 
-20.7196 -29.5404 -21.1258 -21.1425 -28.9273 -21.7916 -21.4668 -28.3076 -22.5056 
-21.7004 -27.6877 -23.2537 -21.8906 -27.0723 -24.0184 -22.0953 -26.4524 -24.7757 
-22.365 -25.8142 -25.4956 -22.7249 -25.1484 -26.1458 -23.2192 -24.4617 -26.6756 
-23.7836 -23.7263 -27.0394 -24.3598 -22.9256 -27.1748 -24.838 -22.0559 -27.1098 
-25.1218 -21.1314 -26.8692 -25.2717 -20.1874 -26.5789 -25.3421 -19.2287 -26.3048 
-25.3795 -18.2526 -26.0937 -25.3755 -17.2596 -25.9846 -25.3107 -16.263 -25.9713 
-25.1767 -15.2771 -26.0576 -24.9667 -14.3193 -26.2455 -24.6894 -13.3955 -26.5084 
-24.3772 -12.4976 -26.8176 -24.0514 -11.6136 -27.1529 -23.7243 -10.7266 -27.4786 
-23.4142 -9.81991 -27.7621 -23.1513 -8.87867 -27.9696 -22.9473 -7.90652 -28.0777 
-22.7678 -6.92409 -28.0849 -22.5952 -5.94517 -27.9835 -22.374 -4.98815 -27.8019 
-22.0536 -4.06932 -27.5768 -21.6144 -3.20884 -27.3277 -21.0283 -2.4618 -27.0298 
-20.3044 -1.8814 -26.6691 -19.4674 -1.4836 -26.2999 -18.5756 -1.12973 -26.0228 
-17.6582 -0.780071 -25.8335 -16.7186 -0.470921 -25.6902 -15.7577 -0.216671 -25.5852 
-14.7771 -0.0372887 -25.5173 -13.783 0.0569611 -25.4838 -12.7864 0.00390245 -25.4992 
-11.8055 -0.176422 -25.5518 -10.8504 -0.455719 -25.6407 -9.92221 -0.803173 -25.7702 
-9.01355 -1.18288 -25.9424 -8.12381 -1.55305 -26.2052 -7.27455 -1.89985 -26.6 
-6.47343 -2.30226 -27.0382 -5.79188 -2.93853 -27.382 -5.28696 -3.7556 -27.6413 
-4.94541 -4.66676 -27.861 -4.75712 -5.62615 -28.0669 -4.62513 -6.59876 -28.2562 
-4.4775 -7.58057 -28.3592 -4.27929 -8.55679 -28.313 -4.0181 -9.50126 -28.1191 
-3.69557 -10.405 -27.84 -3.33207 -11.2793 -27.5186 -2.96299 -12.1418 -27.1726 
-2.60997 -13.0131 -26.8319 -2.29244 -13.9137 -26.5369 -2.02955 -14.8487 -26.3026 
-1.84327 -15.818 -26.1514 -1.73115 -16.8092 -26.1089 -1.67524 -17.8048 -26.1701 
-1.6614 -18.7938 -26.3137 -1.71429 -19.7706 -26.5163 -1.9332 -20.7155 -26.7314 
-2.35525 -21.6017 -26.8955 -2.92113 -22.4231 -26.9423 -3.52375 -23.2154 -26.8664 
-4.08824 -24.0051 -26.6345 -4.59802 -24.7688 -26.2464 -5.06559 -25.4828 -25.7273 
-5.47112 -26.1718 -25.1281 -5.78395 -26.8554 -24.4695 -6.03799 -27.5327 -23.7794 
-6.27349 -28.2113 -23.0836 -6.55236 -28.8851 -22.4 -6.90035 -29.5483 -21.7384 
-7.32156 -30.1939 -21.1018 -7.80268 -30.8345 -20.5042 -8.31581 -31.4792 -19.9376 
-19.6768 -31.0305 -20.0565 -20.1454 -30.5886 -20.4405 -20.723 -29.9917 -20.9956 
-21.2031 -29.3723 -21.6157 -21.5828 -28.7403 -22.2894 -21.8638 -28.1077 -23.0089 
-22.0601 -27.4853 -23.7664 -22.2454 -26.8667 -24.5299 -22.4771 -26.2408 -25.2743 
-22.8038 -25.6018 -25.9683 -23.2598 -24.959 -26.5814 -23.8112 -24.3011 -27.0895 
-24.4346 -23.5974 -27.4237 -25.051 -22.832 -27.5688 -25.5696 -21.9852 -27.4981 
-25.9359 -21.0817 -27.2934 -26.1213 -20.1375 -27.0326 -26.1559 -19.1719 -26.7801 
-26.1027 -18.1937 -26.5827 -26.0051 -17.2056 -26.4735 -25.8522 -16.2185 -26.4559 
-25.6299 -15.2459 -26.5117 -25.3408 -14.2997 -26.6507 -25.0114 -13.3811 -26.8661 
-24.6577 -12.4826 -27.126 -24.2918 -11.5925 -27.3975 -23.9381 -10.6955 -27.6623 
-23.6136 -9.77909 -27.8942 -23.3447 -8.82929 -28.0502 -23.114 -7.86064 -28.1356 
-22.9159 -6.88104 -28.1317 -22.7164 -5.90555 -28.0468 -22.4684 -4.9534 -27.8726 
-22.1357 -4.03624 -27.6583 -21.6666 -3.19101 -27.4111 -21.0769 -2.44136 -27.1201 
-20.3303 -1.89232 -26.758 -19.4855 -1.50649 -26.3894 -18.5942 -1.15522 -26.1066 
-17.6776 -0.807472 -25.9127 -16.7374 -0.499557 -25.77 -15.7763 -0.246509 -25.6641 
-14.7957 -0.0670244 -25.5954 -13.8018 0.0291062 -25.5615 -12.805 -0.0208931 -25.5763 
-11.8235 -0.198017 -25.6287 -10.8673 -0.473816 -25.7171 -9.93778 -0.818485 -25.8445 
-9.02763 -1.19634 -26.0127 -8.13906 -1.55815 -26.2892 -7.28633 -1.90253 -26.6786 
-6.49189 -2.32172 -27.1026 -5.81721 -2.97447 -27.4347 -5.30597 -3.7903 -27.6911 
-4.99464 -4.71171 -27.9011 -4.83925 -5.67944 -28.0937 -4.74642 -6.65907 -28.2693 
-4.63755 -7.64724 -28.3541 -4.46326 -8.62497 -28.2744 -4.21628 -9.56087 -28.0285 
-3.90819 -10.4471 -27.6847 -3.56943 -11.3006 -27.2893 -3.24085 -12.1447 -26.8657 
-2.94597 -13.0037 -26.4478 -2.70128 -13.8941 -26.0655 -2.5183 -14.8263 -25.7573 
-2.4125 -15.7998 -25.5657 -2.38758 -16.7959 -25.5139 -2.42168 -17.7911 -25.5896 
-2.49859 -18.7737 -25.755 -2.62371 -19.7416 -25.9711 -2.83235 -20.6925 -26.1907 
-3.18691 -21.6106 -26.3485 -3.66321 -22.4865 -26.3689 -4.17083 -23.3302 -26.2131 
-4.64837 -24.1434 -25.8856 -5.06474 -24.9109 -25.4018 -5.4054 -25.6483 -24.821 
-5.67327 -26.3521 -24.1638 -5.88218 -27.027 -23.4566 -6.08449 -27.6854 -22.7318 
-6.33247 -28.3425 -22.0204 -6.67431 -28.994 -21.3444 -7.09501 -29.636 -20.7043 
-7.59402 -30.2544 -20.0979 -8.14928 -30.856 -19.524 -19.966 -30.9491 -20.4791 
-20.5526 -30.3435 -21.0154 -21.0441 -29.7164 -21.618 -21.4275 -29.0748 -22.2812 
-21.7206 -28.4328 -22.9883 -21.9329 -27.8031 -23.7352 -22.1301 -27.1842 -24.4955 
-22.3618 -26.5658 -25.2459 -22.6767 -25.9474 -25.9641 -23.1128 -25.3348 -26.6202 
-23.6633 -24.7251 -27.1887 -24.2994 -24.0924 -27.6234 -24.9528 -23.389 -27.8808 
-25.5226 -22.5718 -27.8849 -25.9677 -21.6977 -27.7177 -26.2369 -20.7757 -27.4545 
-26.3224 -19.8232 -27.1683 -26.278 -18.8554 -26.9233 -26.1698 -17.8799 -26.7364 
-26.0126 -16.8983 -26.6374 -25.7983 -15.9225 -26.6257 -25.5187 -14.9657 -26.6922 
-25.1889 -14.0345 -26.8418 -24.8258 -13.1313 -27.0702 -24.4441 -12.2435 -27.3266 
-24.0634 -11.36 -27.5995 -23.7064 -10.465 -27.8668 -23.3932 -9.54394 -28.096 
-23.1362 -8.59283 -28.263 -22.9285 -7.62032 -28.3616 -22.7372 -6.63962 -28.3703 
-22.5247 -5.66632 -28.2924 -22.2558 -4.71486 -28.1475 -21.895 -3.80292 -27.9648 
-21.3862 -2.97529 -27.7407 -20.7386 -2.27 -27.4593 -19.9437 -1.77924 -27.1263 
-19.0531 -1.4366 -26.8298 -18.1355 -1.10783 -26.6089 -17.1972 -0.795963 -26.4616 
-16.2415 -0.52621 -26.3474 -15.2682 -0.315003 -26.264 -14.2789 -0.183746 -26.2184 
-13.0322 -0.187958 -26.2211 -11.8011 -0.381679 -26.2819 -10.8426 -0.649781 -26.3695 
-9.908 -0.984453 -26.4874 -8.99125 -1.34416 -26.6585 -8.09037 -1.68277 -26.9255 
-7.21991 -2.01362 -27.2876 -6.42355 -2.45727 -27.6733 -5.77597 -3.1622 -27.9489 
-5.34119 -4.03658 -28.134 -5.0981 -4.99271 -28.2792 -4.98029 -5.97612 -28.4105 
-4.94452 -6.97126 -28.4966 -4.88568 -7.9663 -28.4618 -4.73594 -8.92358 -28.2361 
-4.51188 -9.81987 -27.8583 -4.2325 -10.6453 -27.3694 -3.9448 -11.447 -26.8456 
-3.69199 -12.2492 -26.3055 -3.50448 -13.0655 -25.7597 -3.38626 -13.9273 -25.2686 
-3.33599 -14.835 -24.8554 -3.38818 -15.7934 -24.584 -3.5363 -16.7724 -24.4674 
-3.75466 -17.7429 -24.527 -3.98251 -18.6957 -24.7238 -4.20679 -19.6319 -24.994 
-4.43383 -20.5633 -25.278 -4.6629 -21.5085 -25.505 -4.93049 -22.4655 -25.6007 
-5.25166 -23.3988 -25.479 -5.58165 -24.2769 -25.141 -5.8942 -25.0912 -24.6539 
-6.17602 -25.8463 -24.0635 -6.40538 -26.5471 -23.389 -6.63043 -27.2099 -22.6752 
-6.9024 -27.85 -21.9571 -7.24 -28.4778 -21.257 -7.66295 -29.0872 -20.5868 
-8.1461 -29.676 -19.9393 -8.66107 -30.2348 -19.2896 -9.17224 -30.7518 -18.6033 
-18.6007 -30.5738 -18.7288 -19.1849 -30.0537 -19.3516 -19.7333 -29.515 -19.9907 
-20.2163 -28.9551 -20.6634 -20.6292 -28.3862 -21.3741 -20.9516 -27.8108 -22.1243 
-21.1931 -27.2286 -22.9001 -21.3867 -26.632 -23.6787 -21.605 -26.0042 -24.4251 
-21.879 -25.3355 -25.1147 -22.2393 -24.6094 -25.6978 -22.6852 -23.8265 -26.1215 
-23.1938 -22.9941 -26.3242 -23.6423 -22.1066 -26.3137 -23.9744 -21.1846 -26.1276 
-24.1873 -20.2491 -25.8475 -24.3472 -19.3048 -25.5606 -24.4953 -18.3413 -25.3413 
-24.6222 -17.3568 -25.231 -24.6949 -16.361 -25.2395 -24.6894 -15.3715 -25.3696 
-24.5949 -14.4075 -25.6115 -24.4257 -13.4818 -25.9461 -24.2003 -12.5881 -26.3335 
-23.9366 -11.7105 -26.7334 -23.6548 -10.8323 -27.1196 -23.3673 -9.93522 -27.4533 
-23.1045 -9.00314 -27.6979 -22.8882 -8.0346 -27.8087 -22.6964 -7.05593 -27.783 
-22.5057 -6.09033 -27.6131 -22.2777 -5.15108 -27.3584 -21.9816 -4.23958 -27.076 
-21.5322 -3.40701 -26.7607 -20.9213 -2.71344 -26.3919 -20.1957 -2.16983 -25.9786 
-19.3804 -1.76191 -25.5688 -18.52 -1.38242 -25.2313 -17.6203 -1.018 -24.9955 
-16.6899 -0.693714 -24.8264 -15.7302 -0.440338 -24.7137 -14.746 -0.287453 -24.6371 
-13.7488 -0.246376 -24.603 -13 -0.274269 -24.6076 -12.2563 -0.358307 -24.6385 
-11.2844 -0.573467 -24.7174 -10.3483 -0.896309 -24.8495 -9.44616 -1.28505 -25.0346 
-8.57625 -1.68402 -25.3188 -7.73678 -2.05627 -25.7137 -6.93393 -2.43662 -26.1716 
-6.20975 -2.96029 -26.6101 -5.58726 -3.64807 -26.9743 -5.11572 -4.46746 -27.2901 
-4.79517 -5.36515 -27.5887 -4.55895 -6.29246 -27.8771 -4.35818 -7.24613 -28.094 
-4.13351 -8.21663 -28.1556 -3.87191 -9.17648 -28.076 -3.55658 -10.1064 -27.8893 
-3.1927 -11.0041 -27.6419 -2.81102 -11.886 -27.3656 -2.44144 -12.7702 -27.0805 
-2.10017 -13.67 -26.8097 -1.79559 -14.5957 -26.5884 -1.54696 -15.5515 -26.4387 
-1.36632 -16.5322 -26.3796 -1.24892 -17.5238 -26.4116 -1.18497 -18.5147 -26.5238 
-1.21172 -19.4976 -26.6935 -1.41425 -20.4537 -26.8788 -1.83326 -21.3464 -27.0268 
-2.41329 -22.1559 -27.0905 -3.05315 -22.9211 -27.0375 -3.6851 -23.6743 -26.8667 
-4.25334 -24.4312 -26.5509 -4.7537 -25.1568 -26.0825 -5.21461 -25.8406 -25.518 
-5.57936 -26.521 -24.8839 -5.87396 -27.1992 -24.2115 -6.11393 -27.8777 -23.5173 
-6.36522 -28.5555 -22.8266 -6.67139 -29.2271 -22.1525 -7.05649 -29.8827 -21.5037 
-7.50672 -30.5258 -20.8849 -7.99731 -31.1708 -20.2994 -19.3366 -30.97 -19.7365 
-19.9482 -30.3934 -20.2777 -20.5025 -29.8054 -20.8659 -20.9832 -29.202 -21.5003 
-21.354 -28.5836 -22.1923 -21.6348 -27.9629 -22.9224 -21.8377 -27.3456 -23.6824 
-22.0271 -26.7295 -24.4468 -22.2662 -26.0968 -25.1827 -22.5856 -25.4428 -25.8665 
-23.0293 -24.7635 -26.4473 -23.5688 -24.0598 -26.9037 -24.1651 -23.3038 -27.1642 
-24.709 -22.4729 -27.2041 -25.1052 -21.576 -27.0424 -25.3171 -20.6389 -26.7698 
-25.4168 -19.6868 -26.4842 -25.4566 -18.7181 -26.2421 -25.4631 -17.7314 -26.0847 
-25.4213 -16.7351 -26.0249 -25.312 -15.743 -26.0604 -25.1357 -14.7689 -26.1881 
-24.877 -13.8315 -26.4185 -24.5753 -12.9207 -26.6991 -24.2499 -12.0308 -27.0182 
-23.9186 -11.1456 -27.345 -23.5934 -10.2499 -27.6475 -23.3039 -9.32327 -27.8844 
-23.068 -8.36526 -28.0416 -22.8736 -7.38738 -28.1031 -22.6985 -6.40524 -28.0525 
-22.5062 -5.43549 -27.9078 -22.2335 -4.49706 -27.7012 -21.8512 -3.60515 -27.4664 
-21.32 -2.80679 -27.194 -20.652 -2.14897 -26.8592 -19.8638 -1.67094 -26.4866 
-18.993 -1.31024 -26.1564 -18.0835 -0.958694 -25.9368 -17.1547 -0.627419 -25.7728 
-16.2008 -0.354427 -25.6543 -15.2236 -0.159893 -25.5782 -14.2306 -0.060646 -25.5395 
-13.2325 -0.0838622 -25.5454 -12.2448 -0.226422 -25.592 -11.275 -0.4534 -25.6686 
-10.3335 -0.769508 -25.7816 -9.41774 -1.13964 -25.9347 -8.5209 -1.51575 -26.1623 
-7.64809 -1.86258 -26.5027 -6.81508 -2.22072 -26.9233 -6.09035 -2.78233 -27.2961 
-5.50696 -3.53573 -27.5801 -5.11994 -4.42311 -27.8101 -4.93198 -5.38359 -28.0069 
-4.85141 -6.36309 -28.1896 -4.77871 -7.35166 -28.3081 -4.64694 -8.33807 -28.2734 
-4.43633 -9.28769 -28.0513 -4.15598 -10.1708 -27.6791 -3.84215 -11.0176 -27.2501 
-3.53484 -11.8471 -26.7839 -3.27735 -12.6848 -26.3032 -3.07499 -13.5459 -25.8384 
-2.93201 -14.4522 -25.4445 -2.87041 -15.4066 -25.1611 -2.89467 -16.394 -25.0153 
-2.98972 -17.3876 -25.0208 -3.15068 -18.3645 -25.1541 -3.34861 -19.3218 -25.3634 
-3.56181 -20.268 -25.6065 -3.82764 -21.2065 -25.8242 -4.17663 -22.1333 -25.9404 
-4.59508 -23.0326 -25.8443 -5.00813 -23.8922 -25.5542 -5.37535 -24.7031 -25.1033 
-5.68499 -25.469 -24.5425 -5.94054 -26.1828 -23.8916 -6.15507 -26.8596 -23.1876 
-6.36831 -27.5095 -22.4585 -6.64169 -28.1519 -21.7429 -7.00567 -28.7851 -21.0611 
-7.45136 -29.4042 -20.4158 -7.96601 -29.9974 -19.7971 -8.51642 -30.5608 -19.1813 
-19.0375 -29.1216 -18.7876 -19.5443 -28.6517 -19.5101 -19.9852 -28.1535 -20.2556 
-20.3549 -27.6368 -21.0276 -20.661 -27.1133 -21.8217 -20.8985 -26.5741 -22.6295 
-21.1119 -25.9906 -23.4126 -21.3577 -25.3572 -24.1446 -21.6783 -24.6564 -24.7806 
-22.0771 -23.8986 -25.2905 -22.5522 -23.0906 -25.6264 -23.0767 -22.2532 -25.7582 
-23.5546 -21.3794 -25.6952 -23.9228 -20.469 -25.5175 -24.2156 -19.5382 -25.2999 
-24.4788 -18.5887 -25.1318 -24.7058 -17.6188 -25.058 -24.8643 -16.6334 -25.0891 
-24.9346 -15.6468 -25.2243 -24.9029 -14.6763 -25.4561 -24.7843 -13.7339 -25.7655 
-24.605 -12.8187 -26.125 -24.3743 -11.9176 -26.4916 -24.1116 -11.0182 -26.841 
-23.8282 -10.1055 -27.1338 -23.5353 -9.17303 -27.3388 -23.2462 -8.22069 -27.4137 
-22.9557 -7.26962 -27.3371 -22.6521 -6.35225 -27.0833 -22.3384 -5.46535 -26.746 
-21.9611 -4.6213 -26.368 -21.4839 -3.84765 -25.9552 -20.9225 -3.16435 -25.4921 
-20.287 -2.61873 -24.9491 -19.6143 -2.17899 -24.3546 -18.9125 -1.77064 -23.771 
-18.2036 -1.36185 -23.1971 -17.4381 -0.923863 -22.7301 -16.5992 -0.465892 -22.4473 
-15.6884 -0.0754851 -22.3482 -14.7213 0.173199 -22.3272 -13.7288 0.274227 -22.3133 
-12.7337 0.214931 -22.2773 -11.7591 0.00687025 -22.224 -10.8345 -0.360405 -22.2485 
-10.0567 -0.842983 -22.6024 -9.36539 -1.32207 -23.1409 -8.71902 -1.7567 -23.7677 
-8.05658 -2.15611 -24.4011 -7.37491 -2.55259 -25.0159 -6.69662 -2.99683 -25.5998 
-6.05674 -3.58723 -26.0858 -5.4998 -4.29819 -26.5093 -5.06652 -5.10729 -26.9033 
-4.72184 -5.96424 -27.2848 -4.43196 -6.85807 -27.6249 -4.16278 -7.79447 -27.8376 
-3.88651 -8.75101 -27.8739 -3.57677 -9.69246 -27.7479 -3.23206 -10.6079 -27.5426 
-2.87389 -11.5033 -27.2789 -2.52691 -12.391 -26.9763 -2.20878 -13.2894 -26.6744 
-1.9258 -14.2085 -26.4007 -1.71355 -15.1582 -26.1749 -1.58612 -16.1379 -26.0302 
-1.53191 -17.1337 -25.9716 -1.5525 -18.1316 -26.0163 -1.64016 -19.1202 -26.1314 
-1.83423 -20.0871 -26.2876 -2.18096 -21.0096 -26.4331 -2.72362 -21.8451 -26.4795 
-3.332 -22.6328 -26.4091 -3.91482 -23.4141 -26.1924 -4.42935 -24.1848 -25.8223 
-4.84308 -24.931 -25.3041 -5.1653 -25.6515 -24.6927 -5.40627 -26.3405 -24.0098 
-5.59332 -27.0032 -23.285 -5.78047 -27.6528 -22.5485 -6.02621 -28.3045 -21.8314 
-6.3722 -28.9566 -21.1585 -6.82097 -29.5954 -20.5357 -7.34776 -30.2101 -19.9495 
-7.93513 -30.8026 -19.3986 -18.3608 -29.1098 -18.8621 -18.8464 -28.6796 -19.6227 
-19.2789 -28.2168 -20.396 -19.6497 -27.7244 -21.1828 -19.956 -27.2099 -21.983 
-20.1896 -26.6631 -22.7867 -20.4072 -26.0523 -23.5468 -20.6465 -25.3533 -24.2187 
-20.9475 -24.5637 -24.7472 -21.2909 -23.6997 -25.1074 -21.6203 -22.7728 -25.2334 
-21.9424 -21.8351 -25.122 -22.234 -20.9248 -24.8335 -22.4916 -20.022 -24.4893 
-22.7892 -19.1074 -24.2243 -23.1354 -18.1758 -24.1232 -23.4632 -17.233 -24.1355 
-23.7445 -16.2851 -24.274 -23.9178 -15.3379 -24.5357 -23.9702 -14.4082 -24.8949 
-23.9214 -13.511 -25.3307 -23.7941 -12.6459 -25.8144 -23.6083 -11.8045 -26.3211 
-23.3759 -10.9604 -26.8039 -23.1189 -10.0886 -27.2197 -22.8757 -9.17094 -27.5299 
-22.6638 -8.21259 -27.7008 -22.4912 -7.23187 -27.6693 -22.3355 -6.26408 -27.4757 
-22.1469 -5.32228 -27.1992 -21.8843 -4.40703 -26.8984 -21.4383 -3.58697 -26.5536 
-20.8445 -2.88793 -26.1674 -20.1194 -2.369 -25.7195 -19.3314 -1.94543 -25.2747 
-18.4883 -1.55652 -24.9043 -17.6054 -1.18054 -24.6266 -16.6865 -0.840362 -24.4312 
-15.7317 -0.573883 -24.3081 -14.7535 -0.392067 -24.2178 -13.7591 -0.316769 -24.1642 
-13.0101 -0.331879 -24.1582 -12.2655 -0.409168 -24.1823 -11.2929 -0.621467 -24.2561 
-10.3573 -0.944331 -24.3933 -9.46653 -1.33625 -24.616 -8.61918 -1.74693 -24.9509 
-7.8019 -2.1324 -25.378 -7.0298 -2.52539 -25.8759 -6.31073 -3.03332 -26.3433 
-5.68576 -3.69875 -26.7402 -5.20006 -4.49874 -27.0858 -4.84776 -5.3731 -27.416 
-4.58459 -6.28372 -27.7327 -4.36588 -7.22712 -27.9794 -4.13656 -8.19236 -28.0756 
-3.87267 -9.15229 -28.0083 -3.55259 -10.0789 -27.8149 -3.19401 -10.9781 -27.5654 
-2.82251 -11.8618 -27.2808 -2.46677 -12.7462 -26.9789 -2.13876 -13.6459 -26.6923 
-1.85419 -14.5736 -26.4533 -1.63507 -15.5328 -26.2813 -1.49232 -16.5179 -26.201 
-1.41868 -17.5141 -26.2165 -1.39899 -18.5083 -26.3151 -1.45741 -19.4923 -26.4741 
-1.66366 -20.4492 -26.6558 -2.07629 -21.3447 -26.8032 -2.65994 -22.1522 -26.8403 
-3.28748 -22.9271 -26.7763 -3.88112 -23.7009 -26.564 -4.41541 -24.4601 -26.2008 
-4.87457 -25.1891 -25.6963 -5.26398 -25.8885 -25.0979 -5.55624 -26.5761 -24.4347 
-5.78791 -27.2513 -23.7348 -5.99897 -27.9199 -23.0217 -6.25426 -28.5879 -22.3239 
-6.58589 -29.2506 -21.6535 -7.00636 -29.8992 -21.0197 -7.49602 -30.5327 -20.4218 
-8.03005 -31.1616 -19.857 -19.7906 -31.1052 -20.0779 -20.2691 -30.6638 -20.4499 
-20.8595 -30.0655 -20.99 -21.3685 -29.4469 -21.5867 -21.7603 -28.8099 -22.2484 
-22.0502 -28.1721 -22.9596 -22.2505 -27.5448 -23.712 -22.4296 -26.924 -24.4752 
-22.6432 -26.2989 -25.2256 -22.9529 -25.6658 -25.9328 -23.3801 -25.0299 -26.5722 
-23.9272 -24.3875 -27.104 -24.5581 -23.709 -27.476 -25.2008 -22.9697 -27.6485 
-25.7761 -22.1562 -27.636 -26.2134 -21.2747 -27.4731 -26.4637 -20.3375 -27.247 
-26.541 -19.3697 -27.0177 -26.5002 -18.3894 -26.8275 -26.3888 -17.4043 -26.7039 
-26.215 -16.4212 -26.6631 -25.9703 -15.454 -26.708 -25.6627 -14.5097 -26.8226 
-25.3158 -13.5898 -27.0023 -24.9425 -12.689 -27.2238 -24.5583 -11.7952 -27.455 
-24.1832 -10.8977 -27.6866 -23.8457 -9.98017 -27.8955 -23.5546 -9.0353 -28.0417 
-23.3004 -8.07183 -28.1175 -23.0778 -7.09731 -28.1203 -22.866 -6.12341 -28.0447 
-22.618 -5.16874 -27.8846 -22.3013 -4.24437 -27.6756 -21.8755 -3.37374 -27.4366 
-21.3225 -2.59114 -27.1551 -20.6385 -1.95957 -26.8073 -19.8377 -1.50998 -26.4197 
-18.9648 -1.1542 -26.09 -18.0557 -0.800323 -25.8717 -17.1278 -0.466603 -25.7087 
-16.1746 -0.189228 -25.5948 -15.198 0.010704 -25.5254 -14.2051 0.112579 -25.493 
-13.2075 0.0835075 -25.5012 -12.2253 -0.0923765 -25.5517 -11.2625 -0.348114 -25.6316 
-10.3228 -0.669827 -25.743 -9.40656 -1.04098 -25.8927 -8.50924 -1.41806 -26.1157 
-7.63792 -1.76356 -26.4609 -6.80774 -2.11903 -26.8895 -6.08341 -2.67845 -27.2659 
-5.49461 -3.42733 -27.5536 -5.07248 -4.29946 -27.7902 -4.83633 -5.24742 -27.9944 
-4.70467 -6.21809 -28.1946 -4.57997 -7.19905 -28.339 -4.41494 -8.18273 -28.3507 
-4.18249 -9.1395 -28.195 -3.88973 -10.0574 -27.9306 -3.54199 -10.9354 -27.6022 
-3.18046 -11.7966 -27.2453 -2.83229 -12.6587 -26.8777 -2.51412 -13.5441 -26.5397 
-2.24346 -14.4638 -26.2586 -2.04874 -15.4212 -26.0529 -1.93846 -16.4081 -25.9524 
-1.89199 -17.4058 -25.9703 -1.89333 -18.3988 -26.0825 -1.94087 -19.3802 -26.2648 
-2.07509 -20.3435 -26.4867 -2.38974 -21.2673 -26.6808 -2.90637 -22.1163 -26.7556 
-3.48342 -22.9295 -26.7043 -4.04258 -23.7309 -26.5026 -4.55096 -24.5098 -26.1437 
-5.00446 -25.2454 -25.6427 -5.37681 -25.9527 -25.0436 -5.66559 -26.6429 -24.3815 
-5.89641 -27.3196 -23.6826 -6.11199 -27.9894 -22.9721 -6.37768 -28.6576 -22.2783 
-6.71882 -29.3187 -21.6111 -7.13722 -29.9659 -20.9744 -7.62891 -30.598 -20.3764 
-8.16381 -31.2248 -19.8102 -18.7312 -29.6033 -18.5006 -19.1381 -29.2512 -19.0229 
-19.639 -28.7591 -19.7347 -20.075 -28.2423 -20.4705 -20.4417 -27.7122 -21.2347 
-20.7421 -27.1753 -22.0218 -20.9613 -26.6175 -22.8222 -21.1677 -26.027 -23.6018 
-21.4179 -25.3811 -24.3222 -21.7383 -24.6723 -24.9475 -22.144 -23.9016 -25.4338 
-22.6171 -23.0835 -25.7472 -23.1455 -22.2429 -25.85 -23.6001 -21.3601 -25.7728 
-23.9354 -20.4422 -25.5705 -24.1996 -19.5075 -25.3335 -24.4416 -18.5551 -25.1507 
-24.6528 -17.5826 -25.0664 -24.7997 -16.5952 -25.0909 -24.8612 -15.6079 -25.2246 
-24.8226 -14.6383 -25.459 -24.698 -13.6986 -25.7744 -24.5131 -12.7881 -26.1428 
-24.2788 -11.8921 -26.5195 -24.0147 -10.9978 -26.8805 -23.7313 -10.0888 -27.1846 
-23.4445 -9.15728 -27.4024 -23.1702 -8.20187 -27.4944 -22.9012 -7.24238 -27.4291 
-22.6277 -6.30445 -27.2271 -22.3409 -5.40102 -26.9104 -21.9866 -4.53711 -26.556 
-21.5058 -3.75404 -26.1648 -20.9224 -3.07279 -25.7282 -20.2687 -2.50336 -25.2337 
-19.5467 -2.0587 -24.7057 -18.7724 -1.65593 -24.2182 -17.9512 -1.2554 -23.8153 
-17.0763 -0.860721 -23.5388 -16.1606 -0.501011 -23.3696 -15.2018 -0.237709 -23.2815 
-14.213 -0.110378 -23.228 -13.2145 -0.110298 -23.2055 -12.2253 -0.241531 -23.2111 
-11.2657 -0.511528 -23.2607 -10.3522 -0.882828 -23.4058 -9.51255 -1.31182 -23.7264 
-8.74981 -1.73644 -24.2125 -8.01106 -2.13483 -24.7559 -7.28075 -2.52847 -25.3136 
-6.57813 -2.98195 -25.8601 -5.92199 -3.57714 -26.3186 -5.37772 -4.31296 -26.7152 
-4.96669 -5.14497 -27.0843 -4.64017 -6.01747 -27.4464 -4.29898 -7.16004 -27.8119 
-3.97069 -8.35044 -27.9758 -3.67915 -9.30362 -27.9197 -3.34246 -10.2318 -27.7649 
-2.97339 -11.1339 -27.5424 -2.59755 -12.024 -27.2849 -2.23864 -12.9182 -27.0177 
-1.90749 -13.8264 -26.7622 -1.62346 -14.7622 -26.5576 -1.40212 -15.7274 -26.4263 
-1.24113 -16.7118 -26.3741 -1.14607 -17.7058 -26.409 -1.11044 -18.698 -26.52 
-1.18698 -19.6792 -26.68 -1.45828 -20.622 -26.8434 -1.93871 -21.4888 -26.9583 
-2.55259 -22.2753 -26.9755 -3.2051 -23.0266 -26.885 -3.81473 -23.7796 -26.65 
-4.35956 -24.521 -26.264 -4.82916 -25.2398 -25.7546 -5.23039 -25.9303 -25.1536 
-5.53127 -26.6141 -24.4903 -5.76955 -27.2883 -23.7917 -5.98476 -27.9586 -23.0814 
-6.24049 -28.6284 -22.3854 -6.57122 -29.2927 -21.7162 -6.98931 -29.9426 -21.0822 
-7.47571 -30.5791 -20.4846 -8.00604 -31.2123 -19.9213 -18.3613 -29.2234 -19.0222 
-18.8419 -28.778 -19.7773 -19.2731 -28.3028 -20.5439 -19.644 -27.8005 -21.3244 
-19.9505 -27.2762 -22.118 -20.1782 -26.7143 -22.9128 -20.3917 -26.0972 -23.6688 
-20.6283 -25.3834 -24.3257 -20.9191 -24.5766 -24.8336 -21.2425 -23.6926 -25.1602 
-21.5426 -22.7481 -25.2265 -21.82 -21.8049 -25.0687 -22.0692 -20.8986 -24.7308 
-22.2954 -20.0021 -24.3505 -22.5856 -19.0902 -24.0725 -22.9452 -18.1624 -23.9867 
-23.2822 -17.2234 -24.0328 -23.5755 -16.2811 -24.1847 -23.7653 -15.3417 -24.4623 
-23.8294 -14.418 -24.8346 -23.7892 -13.5274 -25.2846 -23.6662 -12.6713 -25.7852 
-23.4815 -11.8415 -26.3109 -23.2492 -11.0103 -26.8155 -22.9939 -10.1509 -27.2576 
-22.7501 -9.25608 -27.6285 -22.5495 -8.30163 -27.834 -22.4069 -7.31584 -27.8404 
-22.2926 -6.33684 -27.683 -22.1397 -5.37992 -27.4392 -21.9008 -4.44919 -27.1665 
-21.4959 -3.59189 -26.8616 -20.9197 -2.86321 -26.5103 -20.2035 -2.29869 -26.1066 
-19.3914 -1.8755 -25.7088 -18.5279 -1.49853 -25.3763 -17.6283 -1.13558 -25.1371 
-16.6956 -0.820404 -24.9659 -15.7316 -0.582936 -24.8513 -14.7463 -0.440082 -24.7692 
-13.749 -0.402416 -24.7327 -13 -0.428131 -24.7384 -12.2556 -0.505783 -24.7729 
-11.2818 -0.708606 -24.8591 -10.3414 -1.01893 -24.9938 -9.43785 -1.39995 -25.1843 
-8.56741 -1.79592 -25.473 -7.72619 -2.16938 -25.8623 -6.92373 -2.55326 -26.3181 
-6.19957 -3.08613 -26.7442 -5.60288 -3.80225 -27.0898 -5.19686 -4.66138 -27.39 
-4.94041 -5.58319 -27.6735 -4.8059 -6.53942 -27.9304 -4.7032 -7.51734 -28.0977 
-4.53726 -8.49826 -28.0812 -4.29792 -9.43834 -27.8518 -4.00422 -10.3227 -27.4907 
-3.69526 -11.169 -27.0575 -3.41258 -12.0032 -26.5844 -3.1833 -12.8464 -26.0989 
-3.01591 -13.7166 -25.637 -2.90946 -14.6273 -25.2428 -2.89407 -15.5835 -24.955 
-2.97108 -16.5672 -24.8158 -3.12708 -17.5528 -24.841 -3.33764 -18.5205 -24.9763 
-3.59096 -19.4674 -25.1722 -3.87044 -20.4013 -25.3951 -4.17765 -21.3334 -25.5821 
-4.5295 -22.2641 -25.6446 -4.92156 -23.1659 -25.4846 -5.29841 -24.0179 -25.13 
-5.62951 -24.8245 -24.6428 -5.90679 -25.5676 -24.0363 -6.13933 -26.2614 -23.3556 
-6.35237 -26.9139 -22.6284 -6.60438 -27.5439 -21.8944 -6.92222 -28.1656 -21.1793 
-7.33336 -28.7732 -20.5012 -7.82489 -29.3598 -19.858 -8.35598 -29.9225 -19.2245 
-8.89153 -30.4508 -18.566 -18.6312 -30.2147 -18.5263 -19.0611 -29.8408 -19.014 
-19.6104 -29.3279 -19.6733 -20.0947 -28.7873 -20.3605 -20.5142 -28.2358 -21.0804 
-20.841 -27.6765 -21.8416 -21.0833 -27.1108 -22.6293 -21.2824 -26.5272 -23.4164 
-21.4942 -25.9117 -24.1748 -21.7635 -25.2459 -24.8689 -22.1147 -24.5213 -25.4594 
-22.5493 -23.74 -25.8997 -23.0606 -22.9183 -26.1295 -23.5439 -22.0485 -26.1484 
-23.9206 -21.1384 -25.9929 -24.177 -20.2069 -25.7402 -24.368 -19.264 -25.4679 
-24.5462 -18.2998 -25.2757 -24.6947 -17.3157 -25.1912 -24.7812 -16.3215 -25.2209 
-24.784 -15.3337 -25.3651 -24.6955 -14.3707 -25.6127 -24.5323 -13.4429 -25.9453 
-24.3121 -12.5444 -26.3245 -24.0525 -11.6595 -26.7107 -23.7775 -10.7733 -27.0834 
-23.4911 -9.86916 -27.3974 -23.2195 -8.93209 -27.6113 -22.9808 -7.96753 -27.7082 
-22.7613 -6.9959 -27.6562 -22.5359 -6.04374 -27.4559 -22.2817 -5.11883 -27.1742 
-21.9538 -4.22753 -26.8657 -21.471 -3.42675 -26.5172 -20.8506 -2.75364 -26.1243 
-20.1202 -2.24251 -25.6758 -19.3241 -1.82818 -25.2357 -18.481 -1.43826 -24.8678 
-17.5926 -1.06472 -24.6054 -16.6701 -0.725914 -24.4233 -15.7153 -0.456497 -24.3069 
-14.733 -0.293984 -24.2274 -13.7362 -0.249039 -24.1886 -12.9879 -0.28672 -24.1952 
-12.2458 -0.385101 -24.2249 -11.274 -0.601333 -24.2997 -10.3392 -0.926596 -24.4363 
-9.44738 -1.31892 -24.6546 -8.59726 -1.7286 -24.9836 -7.78238 -2.11484 -25.4137 
-7.01179 -2.50982 -25.913 -6.29222 -3.02034 -26.3764 -5.66861 -3.68964 -26.7689 
-5.18521 -4.49269 -27.1105 -4.83562 -5.3695 -27.4371 -4.57364 -6.28146 -27.751 
-4.35548 -7.22578 -27.9946 -4.12564 -8.19114 -28.089 -3.86115 -9.15109 -28.0226 
-3.54019 -10.0784 -27.8339 -3.17979 -10.9783 -27.5899 -2.80488 -11.8626 -27.3118 
-2.44355 -12.7476 -27.0182 -2.1103 -13.6476 -26.7387 -1.81845 -14.5749 -26.5066 
-1.58802 -15.5328 -26.3424 -1.43114 -16.5163 -26.2682 -1.34204 -17.5113 -26.2872 
-1.30746 -18.5048 -26.388 -1.35629 -19.489 -26.5479 -1.56342 -20.4457 -26.728 
-1.98009 -21.3398 -26.8731 -2.57022 -22.1425 -26.9112 -3.20557 -22.9113 -26.8522 
-3.80792 -23.6772 -26.6409 -4.35099 -24.4316 -26.2786 -4.8254 -25.1611 -25.7882 
-5.2355 -25.8582 -25.2014 -5.5491 -26.5473 -24.5495 -5.79302 -27.2242 -23.8554 
-6.00819 -27.8957 -23.1464 -6.25927 -28.5658 -22.4488 -6.58374 -29.2304 -21.7767 
-6.99499 -29.8808 -21.1389 -7.47441 -30.5175 -20.5359 -8.00272 -31.1509 -19.9708 
-18.979 -30.7575 -19.3179 -19.5768 -30.2043 -19.8976 -20.1252 -29.6336 -20.5085 
-20.6145 -29.0525 -21.1573 -21.0101 -28.4585 -21.8562 -21.306 -27.8586 -22.5982 
-21.5162 -27.2551 -23.3673 -21.7045 -26.6418 -24.1342 -21.9303 -26.0097 -24.8748 
-22.2374 -25.3407 -25.5503 -22.633 -24.6209 -26.1156 -23.1441 -23.8663 -26.5204 
-23.676 -23.0531 -26.7326 -24.1143 -22.1624 -26.6708 -24.4156 -21.2359 -26.458 
-24.5954 -20.2955 -26.1716 -24.7293 -19.3448 -25.8927 -24.8305 -18.3748 -25.6744 
-24.8948 -17.3854 -25.5526 -24.9032 -16.3869 -25.5374 -24.8406 -15.3953 -25.6346 
-24.7014 -14.4289 -25.8431 -24.4981 -13.4983 -26.1442 -24.2401 -12.6006 -26.5001 
-23.952 -11.722 -26.8808 -23.6525 -10.8428 -27.251 -23.3553 -9.94481 -27.5737 
-23.0926 -9.01203 -27.8162 -22.8863 -8.04247 -27.9385 -22.7121 -7.05966 -27.9408 
-22.5431 -6.08366 -27.812 -22.3274 -5.13228 -27.5957 -22.0275 -4.2137 -27.3424 
-21.6008 -3.35636 -27.0662 -20.9922 -2.64267 -26.7293 -20.2641 -2.08405 -26.3438 
-19.427 -1.6872 -25.9697 -18.5448 -1.32472 -25.6703 -17.6341 -0.972098 -25.4593 
-16.6964 -0.661853 -25.305 -15.7321 -0.423397 -25.1977 -14.7462 -0.279171 -25.1255 
-13.7486 -0.242287 -25.0976 -13 -0.274269 -25.1076 -12.2569 -0.362042 -25.1437 
-11.2847 -0.575931 -25.2263 -10.3448 -0.891453 -25.3505 -9.43562 -1.26993 -25.5204 
-8.55056 -1.65646 -25.7755 -7.68666 -2.0163 -26.1269 -6.87139 -2.39383 -26.5634 
-6.14437 -2.93701 -26.9664 -5.57042 -3.68524 -27.2789 -5.15413 -4.54749 -27.554 
-4.9206 -5.4848 -27.8044 -4.81062 -6.45031 -28.0382 -4.72166 -7.43195 -28.1922 
-4.56768 -8.41528 -28.173 -4.34101 -9.36321 -27.959 -4.0556 -10.2547 -27.6102 
-3.73892 -11.1023 -27.1849 -3.43499 -11.9371 -26.7262 -3.18347 -12.7821 -26.2552 
-2.98561 -13.6465 -25.7936 -2.84928 -14.5563 -25.4066 -2.80263 -15.5151 -25.1354 
-2.84294 -16.5038 -25.0018 -2.95327 -17.4959 -25.0144 -3.13341 -18.4699 -25.145 
-3.35383 -19.4242 -25.3456 -3.59469 -20.3671 -25.5749 -3.88666 -21.3018 -25.7695 
-4.26758 -22.2213 -25.8444 -4.68797 -23.1155 -25.7164 -5.09436 -23.9651 -25.3904 
-5.44456 -24.7673 -24.9109 -5.73994 -25.5226 -24.3285 -5.97948 -26.2264 -23.6603 
-6.18737 -26.8881 -22.9403 -6.42049 -27.5288 -22.2093 -6.71869 -28.1617 -21.4958 
-7.10019 -28.7864 -20.8152 -7.5674 -29.3935 -20.1736 -8.09768 -29.974 -19.556 
-8.64871 -30.5233 -18.9281 -20.2563 -30.9755 -20.5157 -20.9953 -30.2142 -21.173 
-21.4776 -29.5784 -21.7743 -21.8486 -28.93 -22.4365 -22.1068 -28.2846 -23.1544 
-22.3053 -27.6532 -23.9039 -22.4906 -27.0295 -24.6633 -22.7248 -26.4111 -25.4128 
-23.0536 -25.7935 -26.1248 -23.5072 -25.1922 -26.7808 -24.0861 -24.5985 -27.3355 
-24.7468 -23.9942 -27.7764 -25.4149 -23.2946 -28.0082 -25.9949 -22.4841 -28.0144 
-26.4628 -21.6133 -27.8766 -26.7866 -20.6932 -27.6691 -26.9281 -19.737 -27.4259 
-26.9307 -18.7635 -27.2079 -26.8264 -17.7817 -27.0555 -26.6392 -16.8024 -26.9874 
-26.3922 -15.8343 -26.9837 -26.0748 -14.8897 -27.061 -25.712 -13.9667 -27.1859 
-25.312 -13.0648 -27.3479 -24.9023 -12.1721 -27.5359 -24.5004 -11.2782 -27.7339 
-24.1286 -10.3698 -27.9242 -23.8022 -9.43838 -28.0826 -23.5199 -8.48395 -28.1719 
-23.2719 -7.51584 -28.1862 -23.0421 -6.54385 -28.1423 -22.8069 -5.57784 -28.0385 
-22.5193 -4.63647 -27.8674 -22.1382 -3.73836 -27.6529 -21.6411 -2.90971 -27.4044 
-21.0373 -2.17491 -27.1056 -20.291 -1.63082 -26.7318 -19.4487 -1.24826 -26.3596 
-18.5546 -0.899292 -26.083 -17.6378 -0.550217 -25.8916 -16.6981 -0.238644 -25.7544 
-15.732 0.00156405 -25.6691 -14.7462 0.15984 -25.6231 -13.7502 0.234341 -25.6062 
-12.7545 0.170452 -25.6226 -11.7764 -0.0253487 -25.6713 -10.824 -0.315651 -25.7556 
-9.89625 -0.665344 -25.8824 -8.98608 -1.04214 -26.0533 -8.09708 -1.39948 -26.3334 
-7.2472 -1.73755 -26.7341 -6.45795 -2.15533 -27.1667 -5.7889 -2.81688 -27.4933 
-5.28075 -3.6355 -27.7409 -4.94089 -4.55085 -27.9439 -4.75276 -5.51421 -28.132 
-4.60598 -6.4869 -28.3101 -4.45279 -7.46838 -28.4115 -4.25644 -8.44591 -28.3778 
-3.99944 -9.39579 -28.2062 -3.68139 -10.3085 -27.9515 -3.3128 -11.1878 -27.6509 
-2.92699 -12.0542 -27.3339 -2.55287 -12.9289 -27.0261 -2.20738 -13.8271 -26.7556 
-1.90074 -14.7526 -26.5375 -1.6581 -15.712 -26.4039 -1.4818 -16.6947 -26.3727 
-1.3608 -17.6844 -26.4377 -1.28354 -18.6701 -26.5827 -1.29376 -19.647 -26.7845 
-1.46823 -20.6045 -27.0035 -1.88103 -21.4941 -27.1676 -2.44818 -22.3125 -27.2485 
-3.05204 -23.1082 -27.2367 -3.61224 -23.9317 -27.1652 -4.1545 -24.7461 -26.9844 
-4.73572 -25.4405 -26.5664 -5.27045 -26.0998 -26.041 -5.74099 -26.7248 -25.4201 
-6.12912 -27.3771 -24.77 -6.44756 -28.0563 -24.1089 -6.74975 -28.7437 -23.4486 
-7.07148 -29.423 -22.7892 -7.45473 -30.0792 -22.1399 -7.8892 -30.7231 -21.5105 
-8.3415 -31.3838 -20.9116 -18.6353 -30.9087 -19.1399 -19.2264 -30.3634 -19.7341 
-19.7818 -29.8045 -20.3494 -20.2739 -29.2293 -21.0019 -20.6853 -28.6413 -21.6976 
-20.9968 -28.0447 -22.4355 -21.2196 -27.4413 -23.2009 -21.412 -26.8293 -23.9678 
-21.6282 -26.1984 -24.7125 -21.9202 -25.5274 -25.3922 -22.2874 -24.7985 -25.967 
-22.7169 -24.0074 -26.3927 -23.1779 -23.1417 -26.5617 -23.5462 -22.2224 -26.4953 
-23.7892 -21.2854 -26.2504 -23.9384 -20.352 -25.9263 -24.0467 -19.4178 -25.5865 
-24.1614 -18.4655 -25.3062 -24.2787 -17.488 -25.1385 -24.3607 -16.4939 -25.1035 
-24.3778 -15.5023 -25.2127 -24.3062 -14.5371 -25.4555 -24.153 -13.6132 -25.8022 
-23.9419 -12.7294 -26.2181 -23.6888 -11.8687 -26.6594 -23.4101 -11.014 -27.0973 
-23.1272 -10.1406 -27.4924 -22.8779 -9.22118 -27.7934 -22.6773 -8.2632 -27.9856 
-22.5378 -7.27494 -27.9964 -22.4181 -6.29046 -27.8728 -22.2516 -5.32692 -27.668 
-21.9852 -4.39655 -27.4223 -21.5716 -3.53055 -27.1478 -20.9831 -2.79743 -26.825 
-20.265 -2.21813 -26.4485 -19.4345 -1.80501 -26.0815 -18.5499 -1.4454 -25.7857 
-17.6392 -1.09404 -25.5716 -16.7015 -0.786178 -25.4138 -15.736 -0.554539 -25.3027 
-14.7527 -0.396496 -25.2199 -13.7568 -0.333256 -25.1767 -13.0081 -0.356506 -25.1818 
-12.2645 -0.440358 -25.2186 -11.2912 -0.647473 -25.3033 -10.3477 -0.953691 -25.4264 
-9.43533 -1.32514 -25.5939 -8.54876 -1.70976 -25.847 -7.6822 -2.06903 -26.1925 
-6.86586 -2.44725 -26.6263 -6.13933 -2.99564 -27.022 -5.57469 -3.75296 -27.3282 
-5.17633 -4.62535 -27.5966 -4.97198 -5.57097 -27.8393 -4.90462 -6.54448 -28.0545 
-4.8521 -7.53194 -28.184 -4.72111 -8.51573 -28.1258 -4.50523 -9.44612 -27.8423 
-4.23325 -10.3071 -27.4149 -3.94739 -11.1264 -26.918 -3.69588 -11.9341 -26.3855 
-3.50804 -12.745 -25.8324 -3.39242 -13.5854 -25.3049 -3.3545 -14.4748 -24.8529 
-3.40587 -15.41 -24.509 -3.56442 -16.3712 -24.2965 -3.82553 -17.3316 -24.2286 
-4.13764 -18.2764 -24.3079 -4.41037 -19.2084 -24.5405 -4.65016 -20.1333 -24.8353 
-4.90131 -21.0633 -25.1012 -5.17432 -22.0128 -25.2471 -5.46196 -22.9641 -25.1851 
-5.76806 -23.8673 -24.8987 -6.06888 -24.7017 -24.4415 -6.3391 -25.4836 -23.8815 
-6.5724 -26.2018 -23.2275 -6.80143 -26.86 -22.5106 -7.0675 -27.4858 -21.7778 
-7.41743 -28.0889 -21.0619 -7.84787 -28.6681 -20.3707 -8.32788 -29.2248 -19.6928 
-8.81767 -29.744 -18.9927 -19.2226 -31.1901 -19.6968 -19.6982 -30.7585 -20.0839 
-20.2893 -30.1723 -20.6375 -20.8159 -29.5731 -21.2392 -21.2376 -28.9547 -21.9 
-21.5669 -28.3293 -22.6061 -21.7964 -27.7061 -23.3529 -21.9844 -27.089 -24.1169 
-22.1875 -26.4685 -24.8738 -22.4665 -25.8317 -25.5918 -22.8411 -25.1709 -26.2397 
-23.34 -24.4974 -26.7802 -23.9173 -23.7774 -27.1547 -24.5079 -22.9961 -27.3266 
-25.0097 -22.139 -27.2738 -25.3514 -21.2285 -27.0611 -25.5319 -20.2873 -26.7808 
-25.5862 -19.3284 -26.5056 -25.5864 -18.3527 -26.2895 -25.5517 -17.3622 -26.1639 
-25.4637 -16.3676 -26.1336 -25.305 -15.3835 -26.1958 -25.0765 -14.4236 -26.3512 
-24.7896 -13.496 -26.5867 -24.4657 -12.5962 -26.878 -24.1284 -11.7115 -27.1994 
-23.792 -10.8233 -27.5121 -23.4739 -9.91669 -27.7878 -23.2025 -8.97816 -27.9968 
-22.9842 -8.01154 -28.1241 -22.7991 -7.0304 -28.1502 -22.6226 -6.05012 -28.07 
-22.4053 -5.08987 -27.899 -22.1 -4.16275 -27.6879 -21.6554 -3.30235 -27.4455 
-21.0671 -2.55365 -27.1535 -20.3209 -2.00046 -26.7966 -19.4753 -1.60985 -26.4353 
-18.5833 -1.25898 -26.1535 -17.6637 -0.917526 -25.9635 -16.7201 -0.618534 -25.8232 
-15.7573 -0.372822 -25.7148 -14.7755 -0.201347 -25.6423 -13.78 -0.127034 -25.6105 
-12.7831 -0.176509 -25.6259 -11.8004 -0.345757 -25.683 -10.8428 -0.614952 -25.7765 
-9.91301 -0.958483 -25.9046 -9.00284 -1.33566 -26.0742 -8.1144 -1.69553 -26.3541 
-7.25731 -2.04029 -26.7347 -6.46228 -2.46514 -27.1498 -5.79514 -3.13036 -27.4734 
-5.30882 -3.96217 -27.7227 -5.03534 -4.89645 -27.9282 -4.92531 -5.87173 -28.1137 
-4.87739 -6.858 -28.2697 -4.79989 -7.85153 -28.3131 -4.63845 -8.82148 -28.1618 
-4.40402 -9.7331 -27.8339 -4.11481 -10.5802 -27.3891 -3.81457 -11.4016 -26.9045 
-3.55037 -12.2181 -26.3918 -3.34817 -13.0468 -25.8703 -3.21213 -13.916 -25.3972 
-3.15279 -14.8355 -25.0133 -3.18023 -15.7991 -24.7572 -3.29328 -16.7851 -24.661 
-3.47078 -17.7647 -24.7272 -3.68249 -18.7218 -24.9193 -3.91536 -19.6613 -25.1702 
-4.15697 -20.5956 -25.4319 -4.408 -21.5388 -25.643 -4.71511 -22.4841 -25.706 
-5.07678 -23.4021 -25.5615 -5.43486 -24.2674 -25.2197 -5.75644 -25.0753 -24.7278 
-6.03538 -25.8186 -24.122 -6.26603 -26.5183 -23.4466 -6.48522 -27.18 -22.7298 
-6.74735 -27.8214 -22.0093 -7.06983 -28.4541 -21.3058 -7.47945 -29.0721 -20.6356 
-7.96885 -29.6648 -19.9965 -8.49384 -30.2328 -19.3629 -9.02237 -30.7649 -18.7018 
-18.58 -28.3069 -19.2376 -19.0306 -27.906 -20.0341 -19.4188 -27.464 -20.8424 
-19.746 -26.9939 -21.6614 -19.9986 -26.4797 -22.4805 -20.2232 -25.8965 -23.2601 
-20.4693 -25.2164 -23.9462 -20.7693 -24.4141 -24.458 -21.1314 -23.557 -24.816 
-21.511 -22.6474 -24.9525 -21.9039 -21.7333 -24.8888 -22.265 -20.828 -24.6744 
-22.5955 -19.9247 -24.4021 -22.967 -19.0151 -24.2242 -23.3472 -18.0933 -24.1609 
-23.6851 -17.1546 -24.2043 -23.9507 -16.2048 -24.3575 -24.1148 -15.2535 -24.6119 
-24.149 -14.3257 -24.9772 -24.0814 -13.427 -25.4094 -23.9482 -12.5527 -25.8753 
-23.763 -11.6964 -26.3567 -23.5326 -10.8352 -26.8088 -23.2726 -9.94654 -27.1848 
-23.0186 -9.02162 -27.4618 -22.7896 -8.0596 -27.5856 -22.5809 -7.08805 -27.5111 
-22.376 -6.13952 -27.274 -22.1476 -5.21697 -26.964 -21.8152 -4.3396 -26.6231 
-21.3257 -3.5605 -26.2402 -20.7067 -2.9086 -25.8098 -20.0096 -2.3887 -25.3207 
-19.2418 -1.96969 -24.8372 -18.4291 -1.57324 -24.4108 -17.5713 -1.18362 -24.0795 
-16.6692 -0.817978 -23.856 -15.7239 -0.522404 -23.7283 -14.7449 -0.344081 -23.6474 
-13.7503 -0.264477 -23.5981 -12.7519 -0.291351 -23.5883 -11.7664 -0.447102 -23.6172 
-10.8174 -0.739986 -23.7112 -9.9144 -1.11924 -23.9052 -9.07796 -1.53999 -24.2504 
-8.29858 -1.94614 -24.7257 -7.53602 -2.33351 -25.2432 -6.81206 -2.76138 -25.7817 
-6.12527 -3.31007 -26.2542 -5.54763 -4.01821 -26.653 -5.09087 -4.82579 -27.0207 
-4.74943 -5.69495 -27.3752 -4.47232 -6.59556 -27.7078 -4.22264 -7.5333 -27.9391 
-3.96606 -8.49574 -28.0054 -3.67293 -9.44614 -27.9168 -3.33219 -10.3687 -27.7388 
-2.96282 -11.2681 -27.5056 -2.58916 -12.1544 -27.2323 -2.2368 -13.0479 -26.9542 
-1.91157 -13.9576 -26.6971 -1.63483 -14.896 -26.4929 -1.42224 -15.8631 -26.3604 
-1.28294 -16.851 -26.3156 -1.20746 -17.8465 -26.3578 -1.19587 -18.8388 -26.4731 
-1.30291 -19.8179 -26.6335 -1.62001 -20.7458 -26.7868 -2.12016 -21.602 -26.898 
-2.73572 -22.3876 -26.9016 -3.37942 -23.1436 -26.7898 -3.971 -23.9056 -26.5349 
-4.48594 -24.6514 -26.1197 -4.93954 -25.3652 -25.5877 -5.30238 -26.0597 -24.9685 
-5.57875 -26.7421 -24.2931 -5.79691 -27.4151 -23.5865 -6.00802 -28.0849 -22.8745 
-6.27684 -28.7531 -22.1824 -6.62476 -29.4156 -21.5201 -7.06149 -30.0615 -20.8946 
-7.5648 -30.6947 -20.3078 -8.10965 -31.3246 -19.7546 -18.4449 -29.4709 -18.5464 
-18.8389 -29.1417 -19.0927 -19.3126 -28.6684 -19.8351 -19.7421 -28.1727 -20.5896 
-20.098 -27.654 -21.3662 -20.387 -27.1235 -22.1621 -20.6107 -26.5654 -22.9609 
-20.8248 -25.9569 -23.7242 -21.0908 -25.2815 -24.4105 -21.4181 -24.5281 -24.976 
-21.7942 -23.6971 -25.3806 -22.203 -22.8105 -25.5653 -22.5904 -21.8933 -25.5214 
-22.9427 -20.9789 -25.3256 -23.2586 -20.0662 -25.0677 -23.5294 -19.1407 -24.8042 
-23.7811 -18.1926 -24.6183 -24.0242 -17.2257 -24.5639 -24.2179 -16.249 -24.6348 
-24.319 -15.2799 -24.8499 -24.322 -14.3363 -25.1755 -24.2285 -13.4245 -25.5727 
-24.0695 -12.5417 -26.0136 -23.8585 -11.6746 -26.4644 -23.6137 -10.8033 -26.889 
-23.3456 -9.90699 -27.2403 -23.0858 -8.977 -27.4949 -22.8535 -8.01066 -27.5833 
-22.634 -7.04166 -27.5039 -22.4144 -6.09676 -27.2656 -22.1716 -5.17839 -26.9541 
-21.8302 -4.30441 -26.6128 -21.3364 -3.52783 -26.2302 -20.7156 -2.87733 -25.8001 
-20.0175 -2.35821 -25.3114 -19.2477 -1.93961 -24.8307 -18.433 -1.54359 -24.4079 
-17.5728 -1.15443 -24.0825 -16.6695 -0.788864 -23.8631 -15.7242 -0.492485 -23.7375 
-14.7453 -0.313069 -23.6576 -13.7492 -0.257015 -23.6159 -12.7505 -0.29092 -23.6095 
-11.7651 -0.446831 -23.6392 -10.816 -0.739212 -23.7339 -9.91233 -1.11756 -23.927 
-9.07397 -1.53755 -24.2686 -8.29247 -1.94329 -24.7407 -7.5281 -2.3303 -25.2557 
-6.80336 -2.7587 -25.7927 -6.11659 -3.309 -26.2633 -5.53965 -4.01839 -26.6609 
-5.0837 -4.82689 -27.0277 -4.7423 -5.69631 -27.3818 -4.4647 -6.59702 -27.7136 
-4.21427 -7.53479 -27.944 -3.95704 -8.4971 -28.0098 -3.66317 -9.44755 -27.9235 
-3.32171 -10.3705 -27.7488 -2.9511 -11.2703 -27.5193 -2.57522 -12.157 -27.2504 
-2.21956 -13.0508 -26.9776 -1.89148 -13.9608 -26.7246 -1.61032 -14.8987 -26.5245 
-1.39156 -15.8649 -26.3959 -1.24459 -16.8519 -26.354 -1.16092 -17.8466 -26.398 
-1.14246 -18.8387 -26.5145 -1.2477 -19.8177 -26.6748 -1.5678 -20.7449 -26.8264 
-2.07004 -21.6 -26.9364 -2.68903 -22.383 -26.9407 -3.33677 -23.1361 -26.8322 
-3.93494 -23.8956 -26.5849 -4.45732 -24.6406 -26.1779 -4.91877 -25.3545 -25.6529 
-5.29404 -26.0462 -25.0377 -5.58095 -26.7283 -24.3665 -5.80807 -27.4016 -23.6631 
-6.02291 -28.0723 -22.9532 -6.29 -28.7416 -22.2611 -6.63425 -29.4049 -21.5977 
-7.06563 -30.0516 -20.9693 -7.56243 -30.6866 -20.3789 -8.10004 -31.3198 -19.8222 
-19.8814 -31.1168 -20.2562 -20.3492 -30.6693 -20.6347 -20.9129 -30.0595 -21.1898 
-21.3939 -29.4295 -21.7979 -21.7581 -28.7864 -22.4695 -22.0109 -28.1467 -23.1936 
-22.2082 -27.5189 -23.9465 -22.3951 -26.8977 -24.7075 -22.6413 -26.2768 -25.451 
-22.9845 -25.6503 -26.1482 -23.4529 -25.0333 -26.7781 -24.0387 -24.4066 -27.2885 
-24.6891 -23.747 -27.6609 -25.3292 -23.0044 -27.8227 -25.8937 -22.1837 -27.7939 
-26.3464 -21.3106 -27.6344 -26.5903 -20.3734 -27.3998 -26.6653 -19.4083 -27.158 
-26.6223 -18.4295 -26.9653 -26.4922 -17.4468 -26.8371 -26.3017 -16.4674 -26.7844 
-26.0428 -15.5033 -26.8176 -25.7248 -14.5615 -26.9233 -25.3662 -13.6432 -27.0882 
-24.9799 -12.7443 -27.2942 -24.5843 -11.8527 -27.5147 -24.2004 -10.9575 -27.7404 
-23.8572 -10.042 -27.9491 -23.562 -9.09907 -28.0996 -23.3062 -8.13675 -28.184 
-23.0835 -7.16231 -28.1992 -22.8687 -6.18787 -28.1407 -22.6318 -5.22546 -28.0126 
-22.33 -4.29146 -27.8269 -21.9079 -3.41461 -27.6049 -21.3597 -2.62222 -27.3416 
-20.687 -1.96719 -27.0145 -19.8897 -1.50336 -26.6394 -19.0145 -1.15176 -26.311 
-18.1031 -0.803131 -26.0943 -17.1703 -0.47826 -25.9405 -16.2162 -0.203251 -25.8276 
-15.2397 -0.0025177 -25.7586 -14.2474 0.105656 -25.7274 -13.249 0.0918005 -25.7328 
-12.258 -0.0310631 -25.7659 -11.2893 -0.265457 -25.8328 -10.3483 -0.585464 -25.9386 
-9.42887 -0.951075 -26.0821 -8.52736 -1.32292 -26.2969 -7.65098 -1.66147 -26.6359 
-6.82106 -2.01379 -27.0672 -6.09399 -2.57369 -27.4352 -5.40443 -3.54944 -27.7615 
-4.99324 -4.69747 -28.0044 -4.84841 -5.67107 -28.1773 -4.7539 -6.65347 -28.3358 
-4.64929 -7.64346 -28.4048 -4.47925 -8.62123 -28.3151 -4.23442 -9.55641 -28.0643 
-3.9283 -10.4436 -27.7206 -3.58864 -11.2976 -27.327 -3.25917 -12.1403 -26.9015 
-2.95783 -12.9983 -26.4859 -2.7044 -13.8881 -26.1082 -2.50426 -14.8134 -25.789 
-2.3921 -15.7863 -25.5977 -2.36031 -16.7822 -25.5456 -2.38747 -17.7778 -25.6199 
-2.45746 -18.7612 -25.7837 -2.57702 -19.7299 -25.9989 -2.78019 -20.6819 -26.2192 
-3.13251 -21.6002 -26.3799 -3.61277 -22.4739 -26.4045 -4.12958 -23.3162 -26.2655 
-4.60998 -24.1246 -25.9344 -5.03304 -24.8926 -25.4571 -5.3748 -25.6298 -24.8767 
-5.64771 -26.3368 -24.2256 -5.85839 -27.0158 -23.5227 -6.05989 -27.6759 -22.7992 
-6.30202 -28.3347 -22.0873 -6.63741 -28.9881 -21.41 -7.05162 -29.6325 -20.7681 
-7.548 -30.2537 -20.1627 -8.10177 -30.8587 -19.5909 -18.3314 -29.9755 -18.6371 
-18.8676 -29.5024 -19.3359 -19.3534 -29.001 -20.0513 -19.7955 -28.4787 -20.78 
-20.1536 -27.9363 -21.5391 -20.4388 -27.3832 -22.3214 -20.659 -26.8075 -23.1083 
-20.8673 -26.1926 -23.8684 -21.1214 -25.5198 -24.562 -21.4265 -24.7729 -25.149 
-21.7682 -23.9414 -25.5742 -22.1384 -23.0327 -25.7442 -22.4725 -22.0976 -25.6834 
-22.7544 -21.1711 -25.4391 -23.0097 -20.2568 -25.1246 -23.2325 -19.337 -24.8025 
-23.4463 -18.394 -24.5515 -23.6795 -17.4291 -24.451 -23.889 -16.4548 -24.5048 
-24.0113 -15.4855 -24.7034 -24.0227 -14.542 -25.0305 -23.9389 -13.6346 -25.4407 
-23.7847 -12.7648 -25.9076 -23.5819 -11.9191 -26.4004 -23.3344 -11.0786 -26.8822 
-23.0702 -10.2183 -27.3171 -22.8211 -9.31385 -27.6612 -22.6145 -8.36124 -27.8723 
-22.4655 -7.37627 -27.9021 -22.348 -6.3938 -27.7712 -22.1952 -5.43248 -27.5458 
-21.9497 -4.50074 -27.2837 -21.5396 -3.64104 -26.9893 -20.9669 -2.90156 -26.6504 
-20.2556 -2.32325 -26.2588 -19.4397 -1.89697 -25.8728 -18.5708 -1.52422 -25.5495 
-17.6681 -1.16494 -25.3165 -16.7359 -0.847676 -25.1455 -15.7787 -0.590542 -25.0176 
-14.7984 -0.420716 -24.9266 -13.8032 -0.351978 -24.8773 -13.0543 -0.369476 -24.8781 
-12.3098 -0.44675 -24.9116 -11.3328 -0.640415 -24.9917 -10.3872 -0.938501 -25.1165 
-9.4787 -1.31416 -25.2941 -8.60084 -1.70686 -25.564 -7.7464 -2.07456 -25.9302 
-6.93736 -2.45649 -26.3745 -6.2072 -2.9835 -26.7971 -5.60213 -3.69558 -27.1365 
-5.16586 -4.54215 -27.4306 -4.89786 -5.46385 -27.7044 -4.74248 -6.41665 -27.9636 
-4.61952 -7.39037 -28.1434 -4.44377 -8.37066 -28.1544 -4.20435 -9.32343 -27.9785 
-3.90633 -10.2256 -27.6705 -3.57411 -11.0877 -27.2883 -3.25097 -11.9388 -26.8748 
-2.96279 -12.798 -26.4523 -2.72688 -13.6814 -26.0486 -2.54824 -14.5999 -25.7005 
-2.45044 -15.5641 -25.4634 -2.44242 -16.5567 -25.3624 -2.50315 -17.5527 -25.3978 
-2.61504 -18.5364 -25.5345 -2.77011 -19.5038 -25.7324 -2.98542 -20.4559 -25.9475 
-3.32625 -21.3794 -26.1071 -3.78013 -22.2664 -26.1405 -4.28119 -23.1186 -26.0028 
-4.74084 -23.9431 -25.6804 -5.13933 -24.7314 -25.217 -5.4529 -25.4793 -24.6339 
-5.70714 -26.186 -23.9746 -5.91131 -26.8556 -23.2608 -6.11044 -27.5036 -22.5261 
-6.36654 -28.149 -21.8068 -6.71813 -28.7892 -21.1252 -7.15688 -29.4186 -20.4855 
-7.68283 -30.0183 -19.883 -8.24745 -30.5977 -19.2956 -18.4248 -28.931 -18.9039 
-18.7904 -28.6151 -19.4774 -19.2265 -28.1665 -20.257 -19.6026 -27.6854 -21.0483 
-19.9164 -27.1823 -21.8526 -20.1562 -26.6465 -22.662 -20.3759 -26.0476 -23.4309 
-20.6137 -25.3642 -24.1175 -20.9146 -24.5794 -24.6568 -21.2598 -23.7285 -25.0433 
-21.6021 -22.8103 -25.196 -21.9409 -21.8756 -25.1114 -22.2509 -20.9648 -24.845 
-22.5248 -20.0611 -24.5163 -22.8321 -19.1474 -24.2582 -23.1786 -18.2164 -24.1523 
-23.5122 -17.2752 -24.1536 -23.7892 -16.3269 -24.2971 -23.9616 -15.3767 -24.5485 
-24.0081 -14.4462 -24.905 -23.951 -13.5478 -25.339 -23.8217 -12.6796 -25.8166 
-23.6348 -11.8351 -26.318 -23.4016 -10.9897 -26.7977 -23.1436 -10.1178 -27.2128 
-22.8987 -9.20094 -27.5243 -22.6851 -8.24378 -27.7003 -22.5089 -7.26202 -27.6904 
-22.3498 -6.29466 -27.5031 -22.162 -5.35141 -27.2313 -21.8938 -4.43807 -26.9316 
-21.4425 -3.61791 -26.5871 -20.8531 -2.91398 -26.2037 -20.1279 -2.39199 -25.7596 
-19.339 -1.96784 -25.3169 -18.4919 -1.58033 -24.9548 -17.6049 -1.20634 -24.6857 
-16.6847 -0.869285 -24.4909 -15.7289 -0.607178 -24.3668 -14.746 -0.451694 -24.2813 
-13.7491 -0.40723 -24.2393 -13 -0.428131 -24.2384 -12.2551 -0.502456 -24.2649 
-11.2816 -0.708439 -24.3439 -10.3453 -1.0273 -24.4858 -9.45489 -1.41808 -24.712 
-8.6066 -1.82801 -25.0457 -7.79189 -2.21542 -25.4748 -7.02256 -2.61232 -25.9746 
-6.30294 -3.12627 -26.434 -5.68781 -3.80481 -26.8225 -5.2238 -4.62094 -27.1593 
-4.90641 -5.5112 -27.4812 -4.69211 -6.44003 -27.7812 -4.51888 -7.39681 -28.0118 
-4.31959 -8.36992 -28.0686 -4.06503 -9.32365 -27.9209 -3.75752 -10.2329 -27.6438 
-3.41959 -11.1068 -27.295 -3.09374 -11.9694 -26.9083 -2.792 -12.8363 -26.5118 
-2.54704 -13.7309 -26.1402 -2.36049 -14.6572 -25.8166 -2.25239 -15.6236 -25.5926 
-2.23188 -16.6169 -25.4973 -2.27951 -17.614 -25.5274 -2.37942 -18.6006 -25.6514 
-2.53217 -19.571 -25.8352 -2.76594 -20.5222 -26.0329 -3.14715 -21.4329 -26.1683 
-3.64536 -22.2971 -26.1756 -4.17115 -23.1315 -26.0216 -4.64645 -23.9419 -25.6862 
-5.04697 -24.7183 -25.2043 -5.36545 -25.4616 -24.6188 -5.60304 -26.1595 -23.9443 
-5.79914 -26.824 -23.2235 -5.98574 -27.4673 -22.4812 -6.23271 -28.1105 -21.757 
-6.58381 -28.7509 -21.0756 -7.01994 -29.383 -20.4361 -7.54117 -29.9887 -19.8357 
-8.12106 -30.5678 -19.2631 -19.0502 -30.7438 -19.337 -19.6519 -30.1888 -19.911 
-20.2023 -29.617 -20.519 -20.6837 -29.033 -21.1712 -21.0777 -28.4376 -21.8698 
-21.3652 -27.8363 -22.6147 -21.5798 -27.2332 -23.3824 -21.7666 -26.6204 -24.15 
-21.9921 -25.9892 -24.8914 -22.2872 -25.3253 -25.5767 -22.68 -24.6096 -26.1503 
-23.1863 -23.8567 -26.5599 -23.7204 -23.0433 -26.7669 -24.1551 -22.1518 -26.6991 
-24.4435 -21.2241 -26.4763 -24.6208 -20.2841 -26.1855 -24.7533 -19.3328 -25.9078 
-24.8523 -18.3622 -25.6914 -24.9128 -17.3724 -25.5709 -24.9169 -16.3738 -25.5564 
-24.85 -15.3826 -25.6536 -24.7073 -14.4165 -25.8619 -24.5006 -13.4863 -26.1619 
-24.2397 -12.5889 -26.5163 -23.9499 -11.7103 -26.8956 -23.6493 -10.8308 -27.2643 
-23.3517 -9.93225 -27.5853 -23.0896 -8.99887 -27.8259 -22.8844 -8.02891 -27.947 
-22.7113 -7.04586 -27.9489 -22.543 -6.06959 -27.8211 -22.327 -5.11795 -27.6065 
-22.0253 -4.19954 -27.3547 -21.6073 -3.3354 -27.0826 -21.0108 -2.61191 -26.7507 
-20.2844 -2.05066 -26.3662 -19.4474 -1.65464 -25.9908 -18.5648 -1.2929 -25.6922 
-17.6542 -0.939631 -25.4822 -16.7169 -0.627636 -25.3287 -15.7581 -0.370075 -25.2139 
-14.7775 -0.195228 -25.1353 -13.7821 -0.123955 -25.0969 -13.0336 -0.147881 -25.1022 
-12.2907 -0.238667 -25.1357 -11.3194 -0.458435 -25.2127 -10.379 -0.774853 -25.3319 
-9.4684 -1.15136 -25.4988 -8.58146 -1.53852 -25.7459 -7.71642 -1.89701 -26.0956 
-6.88938 -2.26262 -26.5207 -6.15815 -2.79579 -26.9301 -5.55151 -3.51596 -27.2513 
-5.10792 -4.36397 -27.5289 -4.83273 -5.28969 -27.7821 -4.65991 -6.24239 -28.0305 
-4.51455 -7.21377 -28.2143 -4.32949 -8.19277 -28.2557 -4.085 -9.14963 -28.121 
-3.78544 -10.0709 -27.8762 -3.43506 -10.9554 -27.569 -3.07259 -11.8235 -27.2301 
-2.72461 -12.6923 -26.8783 -2.40785 -13.5828 -26.5527 -2.13895 -14.5058 -26.2809 
-1.94741 -15.4651 -26.0807 -1.83853 -16.4527 -25.983 -1.79254 -17.4509 -25.9932 
-1.79846 -18.445 -26.0934 -1.86207 -19.4272 -26.266 -2.01056 -20.3923 -26.4774 
-2.35598 -21.3076 -26.6507 -2.903 -22.14 -26.6984 -3.4939 -22.9413 -26.6221 
-4.05658 -23.7323 -26.3923 -4.56245 -24.5058 -26.0154 -5.004 -25.2431 -25.5068 
-5.35157 -25.9532 -24.8964 -5.61751 -26.6422 -24.2234 -5.82778 -27.3166 -23.5159 
-6.03353 -27.9817 -22.798 -6.2951 -28.6465 -22.0993 -6.6385 -29.3057 -21.4319 
-7.06845 -29.9517 -20.8017 -7.57682 -30.579 -20.2127 -8.12904 -31.1992 -19.6559 
-18.159 -29.1333 -18.8749 -18.6474 -28.7141 -19.6399 -19.0785 -28.2579 -20.4177 
-19.4524 -27.7726 -21.2078 -19.7717 -27.2624 -22.0054 -20.0084 -26.7108 -22.8049 
-20.2233 -26.1005 -23.5658 -20.4519 -25.382 -24.2201 -20.7099 -24.5467 -24.6954 
-21.0058 -23.6348 -24.9627 -21.3001 -22.6852 -24.9619 -21.5508 -21.754 -24.7076 
-21.7609 -20.8614 -24.3134 -22.112 -19.9688 -24.0522 -22.5065 -19.0629 -23.9025 
-22.912 -18.1509 -23.8648 -23.2876 -17.2282 -23.9368 -23.5964 -16.2976 -24.1283 
-23.8039 -15.3646 -24.4151 -23.8809 -14.4426 -24.7892 -23.8521 -13.5509 -25.2379 
-23.7388 -12.691 -25.7341 -23.5639 -11.8555 -26.2543 -23.3391 -11.0185 -26.7526 
-23.0858 -10.1538 -27.1851 -22.8413 -9.24632 -27.5243 -22.6292 -8.29074 -27.7129 
-22.4616 -7.30908 -27.6977 -22.315 -6.33943 -27.5124 -22.1401 -5.39335 -27.2418 
-21.8804 -4.4776 -26.9422 -21.4351 -3.65409 -26.5982 -20.8488 -2.94753 -26.215 
-20.1248 -2.42399 -25.771 -19.3368 -1.99911 -25.3272 -18.4907 -1.61142 -24.963 
-17.6048 -1.23746 -24.6907 -16.6849 -0.90097 -24.4935 -15.7289 -0.640247 -24.3676 
-14.7459 -0.486332 -24.2808 -13.7503 -0.420838 -24.2288 -13.0013 -0.435349 -24.2236 
-12.2563 -0.509136 -24.25 -11.2827 -0.71453 -24.3289 -10.3465 -1.03326 -24.4713 
-9.45667 -1.42426 -24.6994 -8.60957 -1.83449 -25.0358 -7.79581 -2.22229 -25.4664 
-7.02746 -2.61936 -25.9676 -6.30795 -3.13275 -26.4279 -5.69272 -3.81055 -26.8175 
-5.2288 -4.62638 -27.1551 -4.91186 -5.51649 -27.4777 -4.69904 -6.44557 -27.778 
-4.52742 -7.40268 -28.0084 -4.3294 -8.37605 -28.0638 -4.07153 -9.32653 -27.9072 
-3.7607 -10.2323 -27.6217 -3.42512 -11.1058 -27.2695 -3.09952 -11.9683 -26.8826 
-2.80231 -12.8349 -26.482 -2.56415 -13.729 -26.1044 -2.38486 -14.6547 -25.7752 
-2.28387 -15.621 -25.5476 -2.27194 -16.614 -25.4496 -2.32894 -17.6106 -25.4786 
-2.43919 -18.5961 -25.6028 -2.60085 -19.5651 -25.7867 -2.83861 -20.5153 -25.9847 
-3.21988 -21.4263 -26.1195 -3.71186 -22.2939 -26.1253 -4.23221 -23.1308 -25.9665 
-4.69899 -23.945 -25.6284 -5.09506 -24.7269 -25.1524 -5.3998 -25.4697 -24.5583 
-5.64392 -26.1713 -23.8898 -5.84133 -26.8359 -23.1694 -6.03182 -27.4794 -22.4282 
-6.28517 -28.1214 -21.7052 -6.64295 -28.7598 -21.0252 -7.08523 -29.3888 -20.387 
-7.60974 -29.9911 -19.7859 -8.18604 -30.5665 -19.2061 -18.4906 -30.4076 -18.6439 
-18.9218 -30.0317 -19.1287 -19.4678 -29.5126 -19.7861 -19.9548 -28.9683 -20.4683 
-20.3792 -28.4106 -21.1807 -20.7086 -27.8443 -21.9356 -20.965 -27.2712 -22.7131 
-21.1632 -26.6819 -23.4962 -21.3765 -26.0567 -24.2463 -21.6429 -25.3856 -24.9364 
-21.9888 -24.6472 -25.5122 -22.3989 -23.8509 -25.9482 -22.8547 -22.9939 -26.1677 
-23.28 -22.0939 -26.126 -23.5931 -21.1709 -25.9123 -23.8152 -20.2413 -25.6204 
-23.9977 -19.3031 -25.3268 -24.1842 -18.3463 -25.1065 -24.3533 -17.3683 -24.9958 
-24.4645 -16.377 -25.0194 -24.4951 -15.3907 -25.1742 -24.4355 -14.4304 -25.4392 
-24.293 -13.5072 -25.7929 -24.0961 -12.6171 -26.2027 -23.8528 -11.7467 -26.6303 
-23.5837 -10.8763 -27.0422 -23.3035 -9.98615 -27.3998 -23.0449 -9.05906 -27.6665 
-22.8283 -8.09571 -27.8093 -22.6453 -7.11541 -27.79 -22.4685 -6.14684 -27.622 
-22.255 -5.20393 -27.3685 -21.9701 -4.28876 -27.0868 -21.5276 -3.45218 -26.7723 
-20.9194 -2.75567 -26.405 -20.1953 -2.20963 -25.9925 -19.3805 -1.7999 -25.5834 
-18.5205 -1.42019 -25.245 -17.6211 -1.05623 -25.0075 -16.6907 -0.733032 -24.8368 
-15.7306 -0.481506 -24.7224 -14.7463 -0.33062 -24.644 -13.7502 -0.267799 -24.5999 
-13.0014 -0.288582 -24.6003 -12.2577 -0.371807 -24.6311 -11.2856 -0.585804 -24.7104 
-10.3493 -0.908149 -24.8431 -9.44741 -1.29697 -25.029 -8.57803 -1.69617 -25.3145 
-7.73895 -2.0689 -25.7099 -6.93674 -2.44973 -26.1684 -6.21273 -2.97343 -26.6072 
-5.59084 -3.66142 -26.9721 -5.12054 -4.48132 -27.2883 -4.80193 -5.3795 -27.5874 
-4.56886 -6.30771 -27.8754 -4.37107 -7.2623 -28.091 -4.14837 -8.23342 -28.1494 
-3.88779 -9.19291 -28.0642 -3.5732 -10.1212 -27.8685 -3.21108 -11.0171 -27.6124 
-2.83299 -11.8978 -27.327 -2.46726 -12.7802 -27.0315 -2.13312 -13.6826 -26.7607 
-1.83514 -14.6091 -26.5336 -1.59729 -15.5666 -26.3784 -1.43014 -16.5493 -26.3159 
-1.32715 -17.5427 -26.3471 -1.27602 -18.5342 -26.4594 -1.30989 -19.5169 -26.6304 
-1.50985 -20.4731 -26.8195 -1.92513 -21.3668 -26.971 -2.51671 -22.1681 -27.0158 
-3.15464 -22.9354 -26.9662 -3.76501 -23.7003 -26.7733 -4.32022 -24.4573 -26.4354 
-4.81252 -25.1893 -25.9674 -5.2546 -25.8773 -25.3929 -5.60412 -26.5606 -24.7533 
-5.88023 -27.2375 -24.0716 -6.1139 -27.9141 -23.3731 -6.36355 -28.5899 -22.6802 
-6.67762 -29.2589 -22.0071 -7.07237 -29.9121 -21.3618 -7.5289 -30.5532 -20.7457 
-8.03298 -31.195 -20.168 -19.8378 -31.1021 -20.4554 -20.4328 -30.4941 -20.9795 
-20.9489 -29.871 -21.5651 -21.3533 -29.2276 -22.2141 -21.6542 -28.583 -22.9151 
-21.8815 -27.9482 -23.653 -22.0797 -27.3289 -24.4128 -22.3116 -26.7126 -25.1646 
-22.6229 -26.0994 -25.8897 -23.0431 -25.4942 -26.5621 -23.5912 -24.9032 -27.1523 
-24.2353 -24.3172 -27.6418 -24.913 -23.667 -27.9697 -25.5253 -22.8941 -28.0638 
-26.0134 -22.0332 -27.9322 -26.3688 -21.1311 -27.7064 -26.5326 -20.1885 -27.4271 
-26.5389 -19.2269 -27.1575 -26.449 -18.2528 -26.9528 -26.2964 -17.2743 -26.8197 
-26.085 -16.2991 -26.7724 -25.8118 -15.3387 -26.8068 -25.4833 -14.4014 -26.9161 
-25.118 -13.4886 -27.0963 -24.728 -12.5953 -27.3185 -24.3316 -11.7108 -27.5648 
-23.952 -10.8204 -27.8151 -23.6126 -9.90864 -28.0447 -23.3257 -8.96759 -28.2199 
-23.0914 -8.00231 -28.3305 -22.8913 -7.02355 -28.3634 -22.682 -6.04728 -28.3218 
-22.4313 -5.08712 -28.2043 -22.108 -4.1572 -28.0347 -21.6549 -3.29209 -27.8272 
-21.066 -2.52994 -27.5708 -20.3621 -1.89813 -27.2621 -19.5138 -1.49922 -26.9288 
-18.6071 -1.16842 -26.6687 -17.6824 -0.836239 -26.485 -16.7381 -0.536461 -26.3522 
-15.7751 -0.287739 -26.2532 -14.7942 -0.106705 -26.1913 -13.7994 -0.0200195 -26.1693 
-12.8029 -0.071045 -26.1852 -11.8218 -0.251236 -26.2361 -10.8645 -0.524505 -26.3206 
-9.93044 -0.860527 -26.4386 -9.01241 -1.22309 -26.5974 -8.11258 -1.56473 -26.8636 
-7.24064 -1.89144 -27.2248 -6.44608 -2.33185 -27.6205 -5.79062 -3.02558 -27.9054 
-5.3047 -3.871 -28.1082 -5.03429 -4.81929 -28.2561 -4.8904 -5.79879 -28.3914 
-4.80714 -6.78931 -28.497 -4.71601 -7.7834 -28.5044 -4.54609 -8.75058 -28.3441 
-4.30281 -9.67231 -28.0458 -3.99848 -10.5445 -27.6643 -3.66539 -11.3863 -27.2398 
-3.34635 -12.2216 -26.7923 -3.06565 -13.0754 -26.3545 -2.83659 -13.9627 -25.9558 
-2.66718 -14.8962 -25.645 -2.57652 -15.8727 -25.4625 -2.56504 -16.8697 -25.4295 
-2.60859 -17.8624 -25.5295 -2.6893 -18.8404 -25.7188 -2.8096 -19.8045 -25.9543 
-3.01047 -20.7552 -26.186 -3.32446 -21.684 -26.3637 -3.77239 -22.5738 -26.3931 
-4.26265 -23.4276 -26.2369 -4.72654 -24.2482 -25.9086 -5.14973 -25.0211 -25.4384 
-5.48842 -25.7589 -24.8564 -5.76117 -26.4646 -24.204 -5.97417 -27.1445 -23.5026 
-6.18394 -27.8079 -22.7845 -6.43859 -28.4699 -22.08 -6.78512 -29.1241 -21.409 
-7.21065 -29.7649 -20.7713 -7.71051 -30.3838 -20.166 -8.25731 -30.9918 -19.5906 
-19.8102 -31.1614 -20.2027 -20.2829 -30.715 -20.5762 -20.8629 -30.1095 -21.1192 
-21.3405 -29.4796 -21.7305 -21.715 -28.8377 -22.3975 -21.9917 -28.1973 -23.112 
-22.1865 -27.5703 -23.8661 -22.3701 -26.9487 -24.6274 -22.6073 -26.3272 -25.3737 
-22.9399 -25.7006 -26.0761 -23.3946 -25.081 -26.7132 -23.9697 -24.4526 -27.2336 
-24.6137 -23.7935 -27.6183 -25.2579 -23.0579 -27.7964 -25.8326 -22.2435 -27.7889 
-26.2658 -21.3619 -27.6226 -26.5122 -20.4268 -27.3834 -26.5892 -19.4633 -27.1353 
-26.5544 -18.4861 -26.9317 -26.4366 -17.5036 -26.7942 -26.2551 -16.5228 -26.7378 
-26.0047 -15.5564 -26.7683 -25.6926 -14.6123 -26.8713 -25.3391 -13.6931 -27.0415 
-24.9601 -12.7916 -27.2498 -24.5683 -11.9001 -27.4769 -24.186 -11.0061 -27.7101 
-23.8421 -10.0925 -27.9264 -23.5464 -9.15129 -28.0863 -23.2916 -8.18963 -28.1805 
-23.0718 -7.21474 -28.2039 -22.8608 -6.23925 -28.1501 -22.6291 -5.27513 -28.0253 
-22.3227 -4.34327 -27.8349 -21.9077 -3.46288 -27.6138 -21.3623 -2.66814 -27.3522 
-20.6911 -2.01043 -27.0275 -19.8938 -1.54391 -26.6556 -19.0189 -1.19108 -26.3276 
-18.1073 -0.843143 -26.111 -17.1741 -0.519238 -25.957 -16.2197 -0.245686 -25.8433 
-15.243 -0.0466881 -25.7726 -14.2493 0.0554237 -25.7426 -13.2513 0.0690346 -25.7401 
-12.2616 -0.0585978 -25.7757 -11.2937 -0.296627 -25.8456 -10.3522 -0.614899 -25.9518 
-9.43253 -0.980135 -26.0947 -8.53084 -1.35163 -26.3093 -7.65399 -1.69054 -26.6469 
-6.82286 -2.04347 -27.0754 -6.09547 -2.60394 -27.4419 -5.39929 -3.57728 -27.7695 
-5.00573 -4.72799 -28.0113 -4.8701 -5.70325 -28.1821 -4.78806 -6.68726 -28.3372 
-4.69493 -7.67861 -28.3997 -4.53122 -8.65578 -28.2966 -4.29035 -9.58638 -28.0258 
-3.98913 -10.4662 -27.6599 -3.65815 -11.3126 -27.2433 -3.33867 -12.1486 -26.7971 
-3.0582 -13.0009 -26.3563 -2.83284 -13.8859 -25.9505 -2.66694 -14.8156 -25.6264 
-2.58019 -15.7889 -25.4254 -2.57599 -16.7851 -25.3727 -2.6306 -17.7785 -25.4573 
-2.72604 -18.7572 -25.6354 -2.86283 -19.7205 -25.8647 -3.05879 -20.6719 -26.0998 
-3.37504 -21.6012 -26.2742 -3.81428 -22.4951 -26.3062 -4.30023 -23.3513 -26.1502 
-4.75986 -24.1745 -25.8217 -5.17318 -24.9538 -25.3535 -5.50698 -25.6969 -24.7759 
-5.7733 -26.4018 -24.1192 -5.98439 -27.0769 -23.4127 -6.19254 -27.7361 -22.6904 
-6.45066 -28.3933 -21.9827 -6.80116 -29.0432 -21.3096 -7.23236 -29.68 -20.6717 
-7.7365 -30.2936 -20.0643 -8.28769 -30.8925 -19.4837 -18.6162 -29.2499 -18.9408 
-19.0976 -28.7893 -19.6861 -19.5321 -28.3012 -20.4429 -19.9035 -27.7909 -21.2178 
-20.1994 -27.2635 -22.0135 -20.4272 -26.7083 -22.813 -20.6386 -26.1073 -23.583 
-20.8835 -25.4319 -24.2772 -21.1926 -24.6842 -24.8613 -21.5355 -23.8538 -25.2861 
-21.8971 -22.9457 -25.4753 -22.2465 -22.0152 -25.4031 -22.5621 -21.0942 -25.1792 
-22.8619 -20.1861 -24.887 -23.1276 -19.2669 -24.5971 -23.3966 -18.326 -24.3979 
-23.6747 -17.3688 -24.3482 -23.9122 -16.4035 -24.4383 -24.0582 -15.4399 -24.6526 
-24.0899 -14.5005 -24.9862 -24.0129 -13.5965 -25.4051 -23.8664 -12.7244 -25.8712 
-23.669 -11.8748 -26.3596 -23.4286 -11.0263 -26.8307 -23.1662 -10.1538 -27.2417 
-22.9163 -9.24061 -27.5612 -22.7003 -8.28395 -27.7426 -22.5263 -7.30277 -27.736 
-22.3708 -6.33198 -27.5641 -22.1861 -5.38524 -27.3028 -21.9262 -4.4659 -27.0124 
-21.4936 -3.63032 -26.6819 -20.9136 -2.91318 -26.3098 -20.1928 -2.37082 -25.8825 
-19.3954 -1.94367 -25.46 -18.5445 -1.55976 -25.1025 -17.656 -1.18731 -24.8382 
-16.7337 -0.852555 -24.6486 -15.7835 -0.574196 -24.5144 -14.8068 -0.386292 -24.4219 
-13.8126 -0.307289 -24.3687 -13.0636 -0.320038 -24.3634 -12.3188 -0.395161 -24.3884 
-11.3447 -0.601226 -24.4622 -10.4049 -0.914901 -24.5925 -9.5058 -1.29976 -24.7948 
-8.64705 -1.70459 -25.1048 -7.81856 -2.07994 -25.5192 -7.03086 -2.46782 -25.9963 
-6.30371 -2.97318 -26.4532 -5.67597 -3.64253 -26.8379 -5.19477 -4.45104 -27.1693 
-4.85323 -5.33465 -27.4852 -4.6066 -6.25455 -27.7882 -4.40625 -7.20484 -28.0239 
-4.18847 -8.17359 -28.1125 -3.92597 -9.13008 -28.0145 -3.61015 -10.0552 -27.8073 
-3.25544 -10.952 -27.5443 -2.88919 -11.833 -27.245 -2.54068 -12.7143 -26.9262 
-2.21953 -13.6117 -26.6245 -1.94016 -14.5364 -26.3674 -1.73445 -15.4942 -26.1744 
-1.61449 -16.4809 -26.079 -1.56583 -17.4786 -26.085 -1.57077 -18.4735 -26.1779 
-1.6441 -19.4573 -26.3344 -1.84438 -20.4157 -26.5188 -2.24673 -21.3144 -26.6647 
-2.81818 -22.1318 -26.6959 -3.42936 -22.9189 -26.6265 -4.00146 -23.7028 -26.3946 
-4.51406 -24.4713 -26.017 -4.95695 -25.2078 -25.5082 -5.30374 -25.9172 -24.8966 
-5.56735 -26.6054 -24.222 -5.77472 -27.2789 -23.5127 -5.97722 -27.9424 -22.7925 
-6.23454 -28.6064 -22.0915 -6.57459 -29.2659 -21.4226 -7.00294 -29.9131 -20.7926 
-7.51307 -30.54 -20.205 -8.06873 -31.1587 -19.6499 -18.6772 -31.0201 -18.8725 
-19.1456 -30.6129 -19.2934 -19.7462 -30.0601 -19.8708 -20.2921 -29.4901 -20.4844 
-20.7775 -28.9095 -21.1363 -21.1535 -28.3164 -21.8474 -21.4386 -27.7196 -22.5968 
-21.6477 -27.1204 -23.3689 -21.8333 -26.5122 -24.1405 -22.0592 -25.8813 -24.882 
-22.3582 -25.2148 -25.563 -22.7715 -24.499 -26.1201 -23.298 -23.7552 -26.5275 
-23.85 -22.9584 -26.745 -24.333 -22.0921 -26.7193 -24.6493 -21.1704 -26.5108 
-24.8442 -20.2292 -26.2364 -24.9897 -19.2739 -25.9803 -25.0868 -18.297 -25.7925 
-25.1336 -17.3045 -25.6902 -25.1176 -16.3058 -25.6866 -25.0317 -15.3163 -25.7889 
-24.871 -14.3538 -25.9998 -24.6399 -13.4253 -26.2889 -24.3619 -12.5242 -26.6208 
-24.0615 -11.6389 -26.9757 -23.7543 -10.7517 -27.3196 -23.4522 -9.84586 -27.614 
-23.1849 -8.90635 -27.8235 -22.9663 -7.93834 -27.9362 -22.7807 -6.95745 -27.9274 
-22.5924 -5.98572 -27.7932 -22.3553 -5.0401 -27.5738 -22.0387 -4.1276 -27.3183 
-21.6007 -3.27686 -27.0399 -20.9859 -2.57044 -26.6985 -20.2547 -2.01857 -26.3089 
-19.4166 -1.62565 -25.9326 -18.5345 -1.26261 -25.6342 -17.6255 -0.905838 -25.4217 
-16.6899 -0.590519 -25.2661 -15.7261 -0.349171 -25.1614 -14.7404 -0.202305 -25.0922 
-13.7428 -0.16513 -25.0663 -12.9954 -0.212601 -25.0842 -12.2547 -0.319016 -25.124 
-11.2832 -0.536461 -25.2052 -10.3439 -0.853912 -25.3285 -9.43482 -1.23286 -25.4986 
-8.54992 -1.61991 -25.7532 -7.68672 -1.97936 -26.1065 -6.87132 -2.35579 -26.5438 
-6.14401 -2.89699 -26.9492 -5.56541 -3.64113 -27.2638 -5.14059 -4.49878 -27.5406 
-4.8935 -5.43225 -27.7931 -4.76264 -6.39386 -28.0323 -4.65486 -7.37228 -28.1962 
-4.48966 -8.35452 -28.1964 -4.25706 -9.30733 -28.012 -3.95963 -10.203 -27.6853 
-3.63121 -11.0635 -27.2966 -3.30945 -11.9107 -26.874 -3.02354 -12.7659 -26.4419 
-2.78326 -13.6399 -26.0205 -2.6091 -14.5553 -25.6623 -2.51562 -15.5176 -25.4156 
-2.51284 -16.5092 -25.3061 -2.58008 -17.5048 -25.3371 -2.69952 -18.4875 -25.4735 
-2.86035 -19.4539 -25.6727 -3.0813 -20.4041 -25.8881 -3.40854 -21.3316 -26.0571 
-3.84465 -22.2267 -26.1026 -4.33543 -23.0863 -25.9739 -4.78703 -23.9186 -25.6604 
-5.1817 -24.7119 -25.2025 -5.49465 -25.4639 -24.6244 -5.75021 -26.1728 -23.9679 
-5.95649 -26.8433 -23.2556 -6.15777 -27.4911 -22.5214 -6.41637 -28.1358 -21.8024 
-6.76919 -28.7746 -21.1201 -7.20822 -29.4021 -20.4786 -7.7327 -30.0002 -19.8732 
-8.29422 -30.5778 -19.2809 -20.0583 -30.8284 -20.6081 -20.6213 -30.2189 -21.1657 
-21.0981 -29.5884 -21.7761 -21.4638 -28.9464 -22.4477 -21.736 -28.3056 -23.1646 
-21.9393 -27.6797 -23.9172 -22.1432 -27.063 -24.6775 -22.4013 -26.4474 -25.4215 
-22.7485 -25.8287 -26.1241 -23.2278 -25.2276 -26.7621 -23.7977 -24.6227 -27.3152 
-24.4482 -23.9874 -27.7238 -25.1008 -23.272 -27.9449 -25.6463 -22.4387 -27.9089 
-26.0795 -21.5598 -27.7268 -26.3211 -20.6326 -27.4568 -26.3853 -19.6791 -27.171 
-26.3419 -18.7106 -26.9295 -26.2248 -17.7338 -26.7552 -26.0575 -16.7525 -26.6708 
-25.8234 -15.7815 -26.6755 -25.5298 -14.8296 -26.7528 -25.1903 -13.9031 -26.9107 
-24.8194 -13.0029 -27.1381 -24.4318 -12.1164 -27.3903 -24.049 -11.2323 -27.6583 
-23.6955 -10.333 -27.9156 -23.3879 -9.4066 -28.1298 -23.1357 -8.45146 -28.2802 
-22.9288 -7.47731 -28.3643 -22.7323 -6.49755 -28.3611 -22.5095 -5.52733 -28.274 
-22.2272 -4.58071 -28.1232 -21.8456 -3.67761 -27.9345 -21.3289 -2.85691 -27.7081 
-20.6667 -2.16866 -27.4197 -19.8802 -1.66472 -27.0886 -18.9933 -1.32036 -26.7841 
-18.0753 -0.989676 -26.568 -17.1393 -0.672661 -26.4167 -16.1818 -0.408035 -26.3081 
-15.2036 -0.215747 -26.2392 -14.2105 -0.112983 -26.2089 -13.2128 -0.137703 -26.2183 
-12.2271 -0.292374 -26.2659 -11.2615 -0.53757 -26.3461 -10.3169 -0.847359 -26.4505 
-9.39331 -1.20248 -26.5919 -8.48479 -1.55515 -26.8112 -7.59725 -1.8812 -27.1339 
-6.7634 -2.2653 -27.5189 -6.06176 -2.89223 -27.834 -5.52391 -3.69491 -28.0573 
-5.21409 -4.62929 -28.2134 -5.07003 -5.60777 -28.3507 -5.03461 -6.60003 -28.4634 
-5.02275 -7.59697 -28.4832 -4.93406 -8.57257 -28.3147 -4.75352 -9.48013 -27.941 
-4.51512 -10.3082 -27.4365 -4.26331 -11.0821 -26.8557 -4.04741 -11.8465 -26.2486 
-3.89329 -12.6179 -25.6324 -3.81712 -13.4195 -25.0403 -3.83186 -14.2668 -24.513 
-3.96081 -15.1597 -24.0849 -4.18505 -16.0782 -23.766 -4.50059 -17.0032 -23.5629 
-4.90376 -17.9095 -23.4443 -5.37815 -18.7853 -23.3608 -5.68375 -19.6534 -23.6032 
-5.81987 -20.5136 -24.0936 -5.95811 -21.4169 -24.4918 -6.12078 -22.3791 -24.6882 
-6.30945 -23.3565 -24.6597 -6.5193 -24.302 -24.4247 -6.74662 -25.1685 -23.9865 
-6.9769 -25.9451 -23.404 -7.21819 -26.6392 -22.7274 -7.49757 -27.2724 -22.006 
-7.84847 -27.8684 -21.2844 -8.2585 -28.433 -20.5686 -8.70862 -28.9594 -19.8475 
-9.15413 -29.4528 -19.1006 -20.2661 -31.0984 -20.4579 -20.8857 -30.495 -20.9583 
-21.4237 -29.87 -21.5213 -21.8523 -29.2225 -22.1493 -22.1553 -28.5705 -22.8429 
-22.3824 -27.9274 -23.5738 -22.564 -27.2985 -24.3297 -22.7608 -26.6764 -25.0871 
-23.0289 -26.058 -25.8249 -23.4072 -25.4461 -26.5161 -23.9239 -24.8535 -27.13 
-24.5514 -24.2676 -27.6401 -25.2345 -23.6316 -27.986 -26.0029 -22.6685 -28.1031 
-26.5899 -21.5817 -27.9561 -26.9003 -20.6559 -27.7456 -27.0395 -19.699 -27.5047 
-27.0121 -18.7257 -27.2869 -26.8834 -17.7468 -27.1318 -26.6969 -16.7694 -27.0469 
-26.44 -15.8038 -27.0411 -26.1213 -14.8589 -27.1052 -25.7442 -13.9417 -27.2314 
-25.3381 -13.0413 -27.3874 -24.9242 -12.1494 -27.5688 -24.52 -11.2551 -27.7607 
-24.1474 -10.3457 -27.9448 -23.8205 -9.41349 -28.0971 -23.5372 -8.45878 -28.1802 
-23.2871 -7.49113 -28.1888 -23.0545 -6.52001 -28.1408 -22.816 -5.55484 -28.0362 
-22.5247 -4.61475 -27.8646 -22.1404 -3.71808 -27.6495 -21.6413 -2.89069 -27.4006 
-21.037 -2.15663 -27.101 -20.291 -1.61333 -26.7257 -19.4487 -1.23167 -26.3526 
-18.5546 -0.882698 -26.0756 -17.6381 -0.533265 -25.8839 -16.6986 -0.221039 -25.7467 
-15.7326 0.020031 -25.6621 -14.747 0.179218 -25.6167 -13.7498 0.227127 -25.6067 
-12.7542 0.153816 -25.6255 -11.7759 -0.0411303 -25.6747 -10.8233 -0.330665 -25.7596 
-9.89546 -0.680146 -25.8862 -8.98529 -1.05706 -26.0569 -8.09631 -1.41448 -26.3368 
-7.24625 -1.75303 -26.7368 -6.45683 -2.17152 -27.1684 -5.78815 -2.83373 -27.4945 
-5.2822 -3.6537 -27.7417 -4.94561 -4.57034 -27.9443 -4.76218 -5.53469 -28.1319 
-4.62105 -6.5084 -28.3088 -4.47261 -7.49083 -28.4077 -4.27859 -8.46851 -28.3688 
-4.02227 -9.41713 -28.1894 -3.70221 -10.3257 -27.9234 -3.33368 -11.2011 -27.6112 
-2.95389 -12.066 -27.2831 -2.58842 -12.9398 -26.9627 -2.25161 -13.838 -26.6817 
-1.96098 -14.768 -26.4603 -1.74024 -15.7323 -26.3272 -1.58073 -16.7176 -26.2941 
-1.47623 -17.7091 -26.3609 -1.41161 -18.6952 -26.5091 -1.42376 -19.6716 -26.7162 
-1.6037 -20.6234 -26.9399 -2.01039 -21.5166 -27.1181 -2.55942 -22.3456 -27.2067 
-3.1654 -23.1387 -27.1805 -3.73421 -23.9529 -27.0755 -4.29693 -24.733 -26.8161 
-4.83357 -25.4603 -26.3936 -5.34887 -26.1103 -25.8373 -5.78153 -26.7549 -25.2093 
-6.13361 -27.4209 -24.5524 -6.42634 -28.107 -23.8866 -6.71902 -28.7934 -23.2209 
-7.04046 -29.4706 -22.5593 -7.42841 -30.124 -21.9098 -7.86859 -30.7711 -21.288 
-8.32673 -31.4374 -20.6999 -18.6684 -29.4353 -18.621 -19.0648 -29.0943 -19.1581 
-19.5464 -28.6119 -19.8895 -19.9665 -28.1035 -20.6402 -20.3132 -27.578 -21.417 
-20.5852 -27.0435 -22.2163 -20.805 -26.4825 -23.014 -21.02 -25.876 -23.7789 
-21.2916 -25.2042 -24.4666 -21.6283 -24.4615 -25.041 -22.0369 -23.651 -25.4542 
-22.4851 -22.7906 -25.6744 -22.9327 -21.8992 -25.6719 -23.3203 -20.9943 -25.5116 
-23.6198 -20.0742 -25.2608 -23.8934 -19.143 -25.0212 -24.1455 -18.1881 -24.8689 
-24.3568 -17.2141 -24.8085 -24.5034 -16.229 -24.8718 -24.5686 -15.2523 -25.0653 
-24.5245 -14.3017 -25.3695 -24.4012 -13.3815 -25.7388 -24.2236 -12.4884 -26.1511 
-23.9938 -11.6074 -26.5643 -23.7337 -10.7226 -26.9503 -23.4578 -9.8188 -27.2747 
-23.1884 -8.88186 -27.4908 -22.9419 -7.91848 -27.5726 -22.7056 -6.95432 -27.4807 
-22.4637 -6.01657 -27.2356 -22.1957 -5.1083 -26.9151 -21.8354 -4.2436 -26.5693 
-21.3313 -3.47501 -26.1833 -20.7124 -2.82107 -25.7537 -20.017 -2.29664 -25.269 
-19.2494 -1.87759 -24.7849 -18.437 -1.47979 -24.3602 -17.5718 -1.09163 -24.0481 
-16.6649 -0.726032 -23.8418 -15.7199 -0.426651 -23.7204 -14.7413 -0.244335 -23.6432 
-13.7452 -0.188042 -23.6026 -12.7483 -0.247147 -23.6038 -11.7643 -0.415542 -23.6349 
-10.8156 -0.709999 -23.7276 -9.91845 -1.0972 -23.931 -9.07719 -1.51664 -24.266 
-8.29389 -1.92215 -24.7352 -7.52778 -2.30891 -25.2478 -6.80205 -2.73655 -25.784 
-6.11478 -3.28582 -26.2552 -5.53549 -3.99329 -26.6529 -5.07569 -4.79964 -27.0197 
-4.72818 -5.66628 -27.3747 -4.44296 -6.56388 -27.7087 -4.18608 -7.49711 -27.9561 
-3.92413 -8.45565 -28.034 -3.62574 -9.40623 -27.9598 -3.2827 -10.3324 -27.8067 
-2.90761 -11.2354 -27.598 -2.52126 -12.1245 -27.3526 -2.14829 -13.0191 -27.1072 
-1.80385 -13.9286 -26.8751 -1.50084 -14.8632 -26.6909 -1.25156 -15.8237 -26.5756 
-1.06648 -16.8049 -26.5424 -0.93655 -17.7951 -26.5817 -0.89183 -18.7863 -26.6968 
-0.989264 -19.7666 -26.8506 -1.30213 -20.6992 -26.9963 -1.80589 -21.5526 -27.0933 
-2.43698 -22.3268 -27.1019 -3.09921 -23.0671 -26.9977 -3.7271 -23.8062 -26.7656 
-4.29056 -24.538 -26.3877 -4.78308 -25.2517 -25.8921 -5.21463 -25.9337 -25.3028 
-5.54937 -26.614 -24.6522 -5.8106 -27.2887 -23.9622 -6.0378 -27.9623 -23.2589 
-6.28383 -28.6363 -22.5631 -6.60311 -29.3043 -21.8913 -7.00583 -29.9571 -21.2508 
-7.47258 -30.5979 -20.6422 -7.98979 -31.2378 -20.074 -18.9219 -29.2653 -18.586 
-19.3153 -28.9188 -19.1222 -19.8009 -28.4333 -19.8485 -20.2058 -27.9219 -20.606 
-20.5518 -27.4 -21.3854 -20.8283 -26.8691 -22.1855 -21.0475 -26.3104 -22.9851 
-21.2666 -25.7069 -23.7513 -21.5474 -25.0438 -24.4427 -21.8969 -24.3248 -25.0403 
-22.3396 -23.5471 -25.4815 -22.8554 -22.7332 -25.7344 -23.3834 -21.8903 -25.7809 
-23.8295 -21.0041 -25.6775 -24.1549 -20.0817 -25.473 -24.4291 -19.1419 -25.2705 
-24.6735 -18.1819 -25.1417 -24.868 -17.2029 -25.1142 -24.9814 -16.2137 -25.1888 
-24.9995 -15.2309 -25.3625 -24.9264 -14.2681 -25.6194 -24.777 -13.3358 -25.9464 
-24.5683 -12.4257 -26.304 -24.3171 -11.5244 -26.6562 -24.0438 -10.6177 -26.9767 
-23.7518 -9.6954 -27.2281 -23.456 -8.75225 -27.3699 -23.1585 -7.80031 -27.3781 
-22.8489 -6.86869 -27.1982 -22.5307 -5.97604 -26.881 -22.1872 -5.11206 -26.514 
-21.7581 -4.30446 -26.1119 -21.2455 -3.57116 -25.6682 -20.6596 -2.94513 -25.1581 
-20.0207 -2.4541 -24.5682 -19.36 -2.03247 -23.9473 -18.6933 -1.62878 -23.3209 
-18.0276 -1.20509 -22.7075 -17.347 -0.730064 -22.1511 -16.5582 -0.221359 -21.8418 
-15.673 0.229241 -21.7808 -14.726 0.541928 -21.8009 -13.7385 0.676307 -21.8057 
-12.746 0.609367 -21.7562 -11.7811 0.374385 -21.6626 -10.8631 -0.010437 -21.6242 
-10.1604 -0.529979 -22.0146 -9.58037 -1.03929 -22.6483 -8.96608 -1.49799 -23.2901 
-8.33788 -1.91097 -23.9493 -7.67456 -2.30335 -24.5862 -7.00497 -2.71768 -25.2022 
-6.34665 -3.23122 -25.7467 -5.74278 -3.88267 -26.2034 -5.24065 -4.64081 -26.6145 
-4.8281 -5.4606 -27.0103 -4.47938 -6.31573 -27.3926 -4.17146 -7.21418 -27.703 
-3.8758 -8.14946 -27.8856 -3.56996 -9.09998 -27.9044 -3.23134 -10.0368 -27.8258 
-2.86347 -10.9552 -27.6827 -2.47412 -11.8554 -27.4878 -2.08691 -12.7537 -27.2806 
-1.72122 -13.6615 -27.0759 -1.39387 -14.588 -26.8926 -1.11417 -15.5387 -26.764 
-0.892477 -16.5113 -26.7091 -0.735445 -17.4977 -26.7329 -0.661558 -18.4897 -26.8211 
-0.724606 -19.4761 -26.9494 -0.973816 -20.4321 -27.089 -1.43646 -21.3078 -27.1893 
-2.05558 -22.0905 -27.2169 -2.71395 -22.8408 -27.1688 -3.38039 -23.5695 -27.0174 
-4.00411 -24.2952 -26.7338 -4.54894 -25.0096 -26.2985 -5.03961 -25.6929 -25.7597 
-5.45973 -26.3568 -25.1423 -5.78173 -27.0302 -24.4778 -6.04667 -27.7044 -23.7888 
-6.29327 -28.3843 -23.0982 -6.58496 -29.0592 -22.4209 -6.93863 -29.7229 -21.7624 
-7.36286 -30.3693 -21.1288 -7.84354 -31.0159 -20.5369 -18.5747 -29.3642 -18.7174 
-19.0767 -28.9102 -19.4528 -19.5296 -28.425 -20.2006 -19.9248 -27.9179 -20.9657 
-20.2515 -27.3937 -21.7515 -20.5 -26.8531 -22.5547 -20.7128 -26.2727 -23.3403 
-20.9476 -25.6305 -24.0685 -21.2429 -24.9225 -24.7067 -21.5986 -24.1262 -25.1912 
-21.9931 -23.2682 -25.507 -22.399 -22.36 -25.5678 -22.768 -21.443 -25.4348 
-23.1061 -20.5312 -25.2038 -23.3941 -19.6129 -24.9341 -23.6407 -18.6744 -24.6945 
-23.8923 -17.716 -24.5716 -24.1118 -16.7421 -24.5796 -24.266 -15.7674 -24.7202 
-24.3192 -14.8092 -24.9943 -24.2733 -13.8816 -25.3613 -24.1444 -12.9851 -25.7841 
-23.9567 -12.1138 -26.2371 -23.7286 -11.2483 -26.6826 -23.4681 -10.3682 -27.0784 
-23.2006 -9.45644 -27.3881 -22.9573 -8.50641 -27.5713 -22.7351 -7.53327 -27.5798 
-22.5214 -6.57355 -27.4132 -22.2981 -5.6413 -27.1313 -22.0198 -4.73803 -26.8079 
-21.6102 -3.9029 -26.4515 -21.0502 -3.18038 -26.0522 -20.3911 -2.57847 -25.6064 
-19.6506 -2.12105 -25.1177 -18.8479 -1.71886 -24.6782 -18.0065 -1.3275 -24.3093 
-17.1189 -0.950508 -24.0486 -16.1916 -0.618435 -23.8838 -15.2266 -0.380673 -23.7873 
-14.2365 -0.266784 -23.7257 -12.9892 -0.294179 -23.7107 -11.7556 -0.47884 -23.7511 
-10.8057 -0.767094 -23.8512 -9.89985 -1.14075 -24.0441 -9.06243 -1.55795 -24.3906 
-8.26987 -1.96217 -24.8453 -7.49676 -2.34763 -25.348 -6.76458 -2.76697 -25.8841 
-6.07319 -3.31397 -26.3498 -5.50226 -4.0335 -26.7376 -5.03963 -4.84201 -27.0972 
-4.70483 -5.717 -27.4441 -4.43186 -6.6222 -27.7673 -4.1844 -7.56201 -27.9986 
-3.92587 -8.52289 -28.0574 -3.63009 -9.47371 -27.9713 -3.28826 -10.3987 -27.8094 
-2.91091 -11.2985 -27.5914 -2.5235 -12.1854 -27.3396 -2.15122 -13.0791 -27.09 
-1.80812 -13.989 -26.8572 -1.50715 -14.9247 -26.6765 -1.26101 -15.8869 -26.5674 
-1.07887 -16.8688 -26.5418 -0.950468 -17.8588 -26.5888 -0.907942 -18.8493 -26.711 
-1.01209 -19.8279 -26.8701 -1.33481 -20.7567 -27.0171 -1.8444 -21.6067 -27.1161 
-2.4769 -22.3798 -27.1245 -3.13674 -23.1217 -27.0191 -3.7659 -23.8644 -26.7967 
-4.33375 -24.6 -26.4346 -4.8305 -25.3143 -25.9437 -5.27347 -25.991 -25.3569 
-5.62112 -26.6693 -24.711 -5.89497 -27.3438 -24.0257 -6.13214 -28.0204 -23.3286 
-6.38851 -28.6965 -22.6385 -6.71189 -29.3652 -21.9694 -7.11454 -30.0168 -21.3274 
-7.5768 -30.6586 -20.7162 -8.08328 -31.3036 -20.1444 -18.4922 -29.6896 -18.724 
-18.8839 -29.3389 -19.2588 -19.3594 -28.8458 -19.987 -19.794 -28.3328 -20.7267 
-20.15 -27.7993 -21.4932 -20.4342 -27.2552 -22.282 -20.6546 -26.6839 -23.0722 
-20.8656 -26.07 -23.8322 -21.126 -25.3938 -24.5198 -21.444 -24.6389 -25.0883 
-21.8039 -23.8057 -25.4991 -22.1963 -22.9058 -25.6653 -22.5574 -21.9794 -25.6087 
-22.8749 -21.0581 -25.3878 -23.1557 -20.1436 -25.0973 -23.3936 -19.2178 -24.8044 
-23.6244 -18.2733 -24.5765 -23.8657 -17.3072 -24.5077 -24.0637 -16.3315 -24.5782 
-24.1756 -15.3615 -24.7831 -24.1902 -14.4174 -25.1066 -24.1052 -13.5073 -25.5089 
-23.9496 -12.6299 -25.9614 -23.7425 -11.7743 -26.4354 -23.4984 -10.9156 -26.8853 
-23.2323 -10.0316 -27.2683 -22.9795 -9.11131 -27.5619 -22.7613 -8.15038 -27.7135 
-22.5756 -7.17164 -27.6797 -22.3995 -6.20817 -27.4841 -22.1963 -5.26921 -27.2075 
-21.91 -4.36197 -26.9058 -21.4461 -3.54949 -26.5594 -20.8496 -2.85208 -26.1745 
-20.122 -2.3347 -25.7288 -19.3309 -1.91238 -25.2882 -18.4852 -1.52446 -24.9228 
-17.6002 -1.14938 -24.651 -16.6799 -0.81049 -24.4595 -15.7245 -0.545044 -24.3386 
-14.742 -0.386345 -24.2556 -13.7451 -0.341442 -24.2148 -12.9967 -0.375923 -24.2215 
-12.254 -0.469299 -24.2524 -11.2809 -0.67807 -24.33 -10.3449 -0.998609 -24.4703 
-9.45404 -1.38976 -24.6942 -8.60525 -1.79963 -25.0266 -7.79051 -2.18678 -25.4561 
-7.02084 -2.58311 -25.9557 -6.30118 -3.09584 -26.4165 -5.68337 -3.77141 -26.8063 
-5.21344 -4.58359 -27.1446 -4.8863 -5.46993 -27.468 -4.65759 -6.394 -27.772 
-4.47035 -7.34634 -28.0103 -4.26257 -8.31708 -28.0815 -4.00467 -9.27284 -27.9538 
-3.69143 -10.1857 -27.6954 -3.34743 -11.0693 -27.3787 -3.00645 -11.9391 -27.0224 
-2.68987 -12.8139 -26.656 -2.41586 -13.7125 -26.315 -2.19227 -14.6388 -26.0131 
-2.05459 -15.6019 -25.7913 -2.00097 -16.5938 -25.6856 -2.01794 -17.5921 -25.6939 
-2.09404 -18.5829 -25.799 -2.22593 -19.5598 -25.9648 -2.47123 -20.51 -26.1414 
-2.88545 -21.4084 -26.262 -3.42117 -22.2503 -26.2632 -3.97086 -23.0658 -26.0947 
-4.48225 -23.8651 -25.7848 -4.89532 -24.6356 -25.306 -5.22187 -25.3734 -24.7174 
-5.46601 -26.0718 -24.0459 -5.66117 -26.7378 -23.3264 -5.84768 -27.3827 -22.5855 
-6.08424 -28.0264 -21.8581 -6.42437 -28.6694 -21.1742 -6.85682 -29.3046 -20.5357 
-7.37383 -29.9153 -19.9367 -7.95084 -30.5001 -19.3669 -19.598 -30.9338 -19.9753 
-20.2085 -30.3486 -20.5085 -20.7542 -29.7511 -21.0944 -21.1969 -29.1322 -21.7418 
-21.5401 -28.5049 -22.4399 -21.796 -27.8785 -23.1746 -21.9867 -27.2602 -23.9369 
-22.18 -26.6423 -24.6989 -22.4409 -26.0114 -25.4283 -22.7917 -25.3622 -26.101 
-23.2714 -24.7033 -26.6779 -23.8403 -24.0085 -27.1104 -24.4525 -23.2582 -27.3484 
-25.0093 -22.4353 -27.3671 -25.4252 -21.5438 -27.202 -25.665 -20.6105 -26.9507 
-25.7454 -19.6544 -26.6714 -25.7488 -18.6839 -26.4332 -25.714 -17.6977 -26.2771 
-25.635 -16.7036 -26.2172 -25.4871 -15.7162 -26.246 -25.2636 -14.75 -26.3643 
-24.988 -13.8104 -26.5615 -24.6684 -12.9005 -26.8251 -24.327 -12.0108 -27.1279 
-23.9817 -11.1229 -27.4319 -23.6515 -10.2221 -27.7127 -23.356 -9.29543 -27.9425 
-23.1154 -8.33646 -28.0863 -22.9156 -7.35929 -28.1458 -22.7309 -6.37848 -28.1015 
-22.5288 -5.40995 -27.963 -22.2485 -4.47238 -27.7605 -21.8624 -3.58024 -27.5327 
-21.3302 -2.78031 -27.2666 -20.6526 -2.13292 -26.9357 -19.8506 -1.67132 -26.5654 
-18.9767 -1.31306 -26.2404 -18.0681 -0.965191 -26.0119 -17.1377 -0.637146 -25.8511 
-16.1826 -0.368057 -25.7341 -15.2046 -0.176715 -25.6588 -14.2113 -0.0796814 -25.6215 
-13.2134 -0.105374 -25.6285 -12.2271 -0.255291 -25.6786 -11.2619 -0.499687 -25.7633 
-10.32 -0.81429 -25.8761 -9.40224 -1.1831 -26.0222 -8.50325 -1.55623 -26.2454 
-7.62899 -1.90079 -26.5847 -6.79417 -2.25931 -27.0014 -6.07318 -2.82962 -27.3666 
-5.49831 -3.59185 -27.6424 -5.13307 -4.49077 -27.8619 -4.97782 -5.45859 -28.0485 
-4.93194 -6.44273 -28.2182 -4.89081 -7.43495 -28.3163 -4.78027 -8.42097 -28.2453 
-4.58319 -9.35911 -27.9694 -4.32347 -10.2252 -27.5461 -4.03608 -11.0394 -27.0419 
-3.77049 -11.8437 -26.5107 -3.56741 -12.652 -25.959 -3.42712 -13.4867 -25.4284 
-3.35813 -14.3692 -24.965 -3.37819 -15.2997 -24.6068 -3.50466 -16.2647 -24.3904 
-3.73511 -17.2343 -24.3438 -4.00514 -18.1893 -24.448 -4.25233 -19.128 -24.6832 
-4.47904 -20.0561 -24.9782 -4.71414 -20.9903 -25.2453 -4.96802 -21.9427 -25.403 
-5.2612 -22.8937 -25.3699 -5.57767 -23.8029 -25.115 -5.88832 -24.6481 -24.6865 
-6.17704 -25.4269 -24.131 -6.41493 -26.149 -23.4828 -6.64147 -26.8227 -22.7799 
-6.89062 -27.4594 -22.0504 -7.20351 -28.0807 -21.3326 -7.60406 -28.6817 -20.6421 
-8.07592 -29.2616 -19.9782 -8.57954 -29.8084 -19.3098 -9.07838 -30.322 -18.6119 
-18.6959 -30.6177 -18.8705 -19.2822 -30.0879 -19.4833 -19.8313 -29.5406 -20.1143 
-20.3139 -28.9748 -20.7824 -20.722 -28.3998 -21.4907 -21.0369 -27.8186 -22.2395 
-21.2722 -27.2309 -23.0132 -21.4632 -26.6297 -23.7891 -21.6838 -25.9995 -24.5327 
-21.9707 -25.325 -25.2116 -22.3396 -24.5996 -25.7903 -22.8003 -23.8236 -26.2109 
-23.3155 -22.994 -26.4071 -23.7636 -22.1065 -26.3899 -24.0697 -21.1793 -26.1831 
-24.2779 -20.2428 -25.9026 -24.4328 -19.2968 -25.6187 -24.5713 -18.3312 -25.4018 
-24.6856 -17.3451 -25.292 -24.7448 -16.3484 -25.2986 -24.7266 -15.3584 -25.4244 
-24.6218 -14.3942 -25.6613 -24.4447 -13.4682 -25.9909 -24.2114 -12.5739 -26.3724 
-23.9424 -11.6957 -26.7673 -23.6572 -10.8165 -27.1488 -23.3679 -9.91829 -27.4777 
-23.1053 -8.98511 -27.7185 -22.8906 -8.01599 -27.8276 -22.7006 -7.03682 -27.8032 
-22.5113 -6.07025 -27.6371 -22.2827 -5.13 -27.3869 -21.9835 -4.21845 -27.1082 
-21.5344 -3.38371 -26.7976 -20.9233 -2.68874 -26.4324 -20.195 -2.14581 -26.0229 
-19.3756 -1.74022 -25.619 -18.5119 -1.36289 -25.2879 -17.61 -1.00058 -25.0569 
-16.6781 -0.679504 -24.8907 -15.7171 -0.429863 -24.7794 -14.7324 -0.279823 -24.7041 
-13.735 -0.24102 -24.6718 -12.9872 -0.283714 -24.6855 -12.2456 -0.384896 -24.7226 
-11.2737 -0.598774 -24.8041 -10.3348 -0.915496 -24.9346 -9.43128 -1.29895 -25.1209 
-8.56067 -1.69593 -25.407 -7.71694 -2.06605 -25.7948 -6.91072 -2.446 -26.247 
-6.18742 -2.97563 -26.6787 -5.57129 -3.67386 -27.0334 -5.11035 -4.5018 -27.3419 
-4.80641 -5.40779 -27.6325 -4.58972 -6.34286 -27.9108 -4.40608 -7.30282 -28.1144 
-4.19031 -8.27464 -28.168 -3.92953 -9.23153 -28.0534 -3.61692 -10.1557 -27.8361 
-3.2584 -11.047 -27.5595 -2.88733 -11.9239 -27.254 -2.53352 -12.8039 -26.9375 
-2.2116 -13.7054 -26.6499 -1.93041 -14.6332 -26.4077 -1.71933 -15.5944 -26.2381 
-1.58461 -16.5813 -26.167 -1.5155 -17.5776 -26.196 -1.49514 -18.5702 -26.3091 
-1.54656 -19.5522 -26.4836 -1.74075 -20.5083 -26.6812 -2.15449 -21.4004 -26.8325 
-2.72622 -22.2171 -26.8767 -3.34917 -22.9953 -26.807 -3.93528 -23.775 -26.5956 
-4.46457 -24.5374 -26.2313 -4.93056 -25.2656 -25.7309 -5.3194 -25.963 -25.1306 
-5.61989 -26.6497 -24.4702 -5.8597 -27.3256 -23.7736 -6.07849 -27.9971 -23.0656 
-6.3409 -28.6672 -22.3724 -6.67729 -29.3305 -21.7049 -7.09875 -29.9778 -21.0704 
-7.58413 -30.6134 -20.4711 -8.11049 -31.2474 -19.9047 -18.6201 -30.9347 -19.167 
-19.2103 -30.3881 -19.7608 -19.7654 -29.8285 -20.3759 -20.257 -29.2527 -21.0281 
-20.6679 -28.6637 -21.7233 -20.9786 -28.0657 -22.4604 -21.2011 -27.461 -23.2248 
-21.3985 -26.8497 -23.9911 -21.6162 -26.2183 -24.7348 -21.9044 -25.5493 -25.4186 
-22.2661 -24.8214 -25.9967 -22.6897 -24.0242 -26.4166 -23.136 -23.1489 -26.5739 
-23.4848 -22.223 -26.4934 -23.7121 -21.285 -26.2369 -23.853 -20.3533 -25.904 
-23.9558 -19.4216 -25.556 -24.0695 -18.4719 -25.2668 -24.1901 -17.4961 -25.092 
-24.278 -16.5026 -25.0529 -24.3033 -15.5114 -25.163 -24.2402 -14.5471 -25.4109 
-24.0926 -13.6248 -25.7641 -23.8895 -12.7425 -26.1873 -23.6441 -11.8841 -26.637 
-23.3676 -11.0336 -27.0844 -23.0865 -10.1643 -27.4898 -22.8344 -9.25179 -27.8098 
-22.6379 -8.29285 -27.9993 -22.5028 -7.3041 -28.0148 -22.3936 -6.31794 -27.8951 
-22.2372 -5.35196 -27.6938 -21.9772 -4.4192 -27.451 -21.5655 -3.55163 -27.1786 
-20.9776 -2.81643 -26.8594 -20.2586 -2.23661 -26.486 -19.4305 -1.82001 -26.1165 
-18.5487 -1.45748 -25.8175 -17.6372 -1.10729 -25.6047 -16.699 -0.800938 -25.4476 
-15.733 -0.570934 -25.3363 -14.7465 -0.433491 -25.2598 -13.7487 -0.39872 -25.2288 
-13 -0.428131 -25.2384 -12.2561 -0.509602 -25.2763 -11.2822 -0.712238 -25.3637 
-10.3381 -1.01611 -25.4881 -9.42528 -1.38607 -25.6566 -8.53778 -1.76897 -25.9095 
-7.67422 -2.13002 -26.2589 -6.86158 -2.51132 -26.698 -6.11802 -3.03335 -27.1017 
-5.55301 -3.79532 -27.4008 -5.18951 -4.68372 -27.6579 -5.00562 -5.6369 -27.8904 
-4.96316 -6.6143 -28.0925 -4.93372 -7.60464 -28.202 -4.81714 -8.58669 -28.1092 
-4.61209 -9.50373 -27.7787 -4.3554 -10.3438 -27.3028 -4.09328 -11.1413 -26.7598 
-3.86696 -11.9265 -26.184 -3.72042 -12.7147 -25.5874 -3.65023 -13.5306 -25.0143 
-3.66965 -14.3914 -24.5097 -3.79125 -15.291 -24.0927 -4.0287 -16.2141 -23.7985 
-4.3591 -17.1399 -23.6254 -4.76715 -18.0481 -23.5432 -5.21987 -18.9391 -23.5201 
-5.58527 -19.8388 -23.7122 -5.81983 -20.737 -24.0805 -6.01962 -21.6613 -24.4016 
-6.21239 -22.6287 -24.5347 -6.41325 -23.5997 -24.4421 -6.63289 -24.5219 -24.1369 
-6.8629 -25.3562 -23.6418 -7.09667 -26.096 -23.0128 -7.35868 -26.7437 -22.2986 
-7.67181 -27.3424 -21.562 -8.05716 -27.9036 -20.8301 -8.48586 -28.4314 -20.0972 
-8.92383 -28.9187 -19.342 -19.8294 -31.1523 -20.2329 -20.2995 -30.7049 -20.6086 
-20.8667 -30.096 -21.1612 -21.3532 -29.467 -21.7659 -21.7228 -28.8243 -22.435 
-21.9954 -28.1838 -23.1509 -22.1894 -27.5569 -23.9054 -22.3755 -26.9356 -24.6664 
-22.6175 -26.3148 -25.4115 -22.9554 -25.6889 -26.112 -23.4169 -25.072 -26.7471 
-23.9972 -24.4467 -27.2654 -24.6449 -23.7906 -27.6485 -25.2884 -23.0537 -27.8232 
-25.861 -22.2378 -27.8118 -26.2906 -21.3549 -27.6428 -26.534 -20.4193 -27.4022 
-26.608 -19.4559 -27.153 -26.5713 -18.4786 -26.9496 -26.451 -17.4965 -26.8121 
-26.2664 -16.5163 -26.7554 -26.0131 -15.5506 -26.7853 -25.699 -14.6071 -26.8881 
-25.3452 -13.6874 -27.0551 -24.9664 -12.7851 -27.2599 -24.5736 -11.8935 -27.4854 
-24.1907 -10.9993 -27.7168 -23.8468 -10.0855 -27.9316 -23.5508 -9.14402 -28.0896 
-23.2958 -8.18229 -28.1821 -23.0752 -7.20751 -28.2042 -22.8633 -6.23221 -28.1497 
-22.6307 -5.26834 -28.0248 -22.3232 -4.33687 -27.8342 -21.9074 -3.45691 -27.6131 
-21.3615 -2.66249 -27.3513 -20.6902 -2.00518 -27.0263 -19.8928 -1.53907 -26.6539 
-19.0177 -1.18641 -26.326 -18.1061 -0.838421 -26.1095 -17.173 -0.514457 -25.9557 
-16.2187 -0.240807 -25.8419 -15.2418 -0.0416718 -25.7715 -14.2495 0.0655098 -25.739 
-13.251 0.05233 -25.7439 -12.2612 -0.0744362 -25.7798 -11.2931 -0.31139 -25.8503 
-10.3514 -0.629105 -25.9567 -9.4317 -0.994332 -26.0994 -8.52999 -1.36568 -26.3143 
-7.65305 -1.7047 -26.6515 -6.82155 -2.05805 -27.0789 -6.09439 -2.6193 -27.4447 
-5.5098 -3.3766 -27.7163 -5.06746 -4.50713 -27.9693 -4.88005 -5.72229 -28.183 
-4.80433 -6.70698 -28.3368 -4.71674 -7.69892 -28.3961 -4.55587 -8.67559 -28.2859 
-4.31687 -9.60352 -28.0046 -4.01823 -10.4792 -27.6269 -3.69179 -11.3218 -27.1991 
-3.37953 -12.1541 -26.7411 -3.11059 -13.0031 -26.2869 -2.89225 -13.8798 -25.8593 
-2.74318 -14.8081 -25.5233 -2.67669 -15.7805 -25.3112 -2.69436 -16.7759 -25.2512 
-2.77244 -17.7677 -25.3344 -2.89548 -18.7423 -25.5173 -3.04537 -19.7027 -25.7516 
-3.23884 -20.653 -25.9944 -3.54164 -21.5856 -26.1746 -3.95977 -22.4908 -26.2189 
-4.42354 -23.3601 -26.0739 -4.86893 -24.1901 -25.7428 -5.26916 -24.9755 -25.2733 
-5.59247 -25.7233 -24.6959 -5.85324 -26.4283 -24.0371 -6.06623 -27.1061 -23.3336 
-6.27899 -27.7648 -22.6123 -6.54697 -28.4202 -21.9064 -6.90698 -29.0669 -21.2355 
-7.34599 -29.6996 -20.5986 -7.85448 -30.3084 -19.99 -8.40597 -30.9021 -19.4042 
-19.1633 -31.0855 -19.6496 -19.7831 -30.5128 -20.1857 -20.3498 -29.9279 -20.765 
-20.8391 -29.3267 -21.3959 -21.2262 -28.7108 -22.0798 -21.5149 -28.0896 -22.8069 
-21.7215 -27.4719 -23.5656 -21.9079 -26.8556 -24.3305 -22.1421 -26.2269 -25.0716 
-22.4566 -25.5767 -25.7621 -22.8736 -24.8995 -26.3641 -23.4036 -24.1971 -26.8362 
-23.9793 -23.4366 -27.1193 -24.5239 -22.6042 -27.1733 -24.9234 -21.7079 -27.021 
-25.1278 -20.7719 -26.7412 -25.2337 -19.8225 -26.4471 -25.2887 -18.8573 -26.1935 
-25.3117 -17.8736 -26.0205 -25.2856 -16.878 -25.9431 -25.1957 -15.8836 -25.9642 
-25.026 -14.9087 -26.101 -24.7946 -13.9615 -26.3179 -24.5042 -13.0492 -26.6049 
-24.1854 -12.1617 -26.9375 -23.8578 -11.2828 -27.284 -23.5345 -10.3932 -27.6059 
-23.2427 -9.47495 -27.8715 -23.0097 -8.5209 -28.0531 -22.821 -7.54259 -28.1298 
-22.6546 -6.55842 -28.0942 -22.4806 -5.58429 -27.9573 -22.23 -4.63858 -27.7535 
-21.8684 -3.73673 -27.5246 -21.3678 -2.91765 -27.2607 -20.6951 -2.26321 -26.9284 
-19.8862 -1.81335 -26.5562 -19.0166 -1.44829 -26.227 -18.1101 -1.10003 -25.9913 
-17.1775 -0.777569 -25.8316 -16.2228 -0.508964 -25.7091 -15.2462 -0.313938 -25.6249 
-14.2561 -0.192112 -25.57 -13.2579 -0.180409 -25.5607 -12.2662 -0.291923 -25.6005 
-11.2949 -0.511845 -25.6785 -10.3521 -0.823566 -25.792 -9.43569 -1.19227 -25.9446 
-8.53856 -1.56796 -26.1721 -7.66485 -1.91618 -26.5089 -6.83739 -2.2819 -26.9335 
-6.10938 -2.84026 -27.3057 -5.54959 -3.61172 -27.5834 -5.17405 -4.50401 -27.8125 
-5.00563 -5.46784 -28.0092 -4.96624 -6.45108 -28.1842 -4.94002 -7.44325 -28.2859 
-4.84036 -8.42949 -28.2111 -4.6515 -9.36416 -27.9189 -4.40217 -10.2204 -27.4706 
-4.13223 -11.0205 -26.9353 -3.88314 -11.8105 -26.3752 -3.70369 -12.6015 -25.7915 
-3.60212 -13.4225 -25.2314 -3.58202 -14.2903 -24.7381 -3.65683 -15.2073 -24.3499 
-3.83792 -16.1496 -24.0788 -4.1165 -17.0958 -23.9266 -4.46243 -18.0321 -23.9357 
-4.7991 -18.9612 -24.0795 -5.08533 -19.8812 -24.3447 -5.32322 -20.8046 -24.6451 
-5.61365 -21.9947 -24.8649 -5.94121 -23.187 -24.7722 -6.2147 -24.0922 -24.4547 
-6.47002 -24.9374 -23.9898 -6.70835 -25.6975 -23.3894 -6.94133 -26.3828 -22.7002 
-7.20484 -27.0079 -21.966 -7.5385 -27.5979 -21.232 -7.93679 -28.1619 -20.5089 
-8.38255 -28.6988 -19.793 -8.84424 -29.2003 -19.0615 -18.2888 -29.061 -18.7561 
-18.7803 -28.6439 -19.5203 -19.2159 -28.192 -20.2982 -19.591 -27.7082 -21.0884 
-19.9041 -27.2018 -21.891 -20.1427 -26.6626 -22.6985 -20.3618 -26.0597 -23.4643 
-20.5978 -25.3715 -24.1465 -20.8938 -24.5784 -24.6763 -21.2332 -23.72 -25.0511 
-21.5646 -22.7954 -25.1851 -21.8896 -21.8579 -25.0789 -22.1856 -20.9478 -24.7951 
-22.4485 -20.0455 -24.4535 -22.7565 -19.1327 -24.1953 -23.1146 -18.2047 -24.1022 
-23.4563 -17.2666 -24.1132 -23.74 -16.3213 -24.2644 -23.9187 -15.3742 -24.5225 
-23.9758 -14.4434 -24.878 -23.9307 -13.5449 -25.3115 -23.806 -12.6785 -25.7938 
-23.6227 -11.8359 -26.2995 -23.3923 -10.992 -26.7833 -23.1355 -10.1212 -27.2015 
-22.8912 -9.20515 -27.5158 -22.6754 -8.25026 -27.7071 -22.5007 -7.26972 -27.6848 
-22.3428 -6.30241 -27.4963 -22.1567 -5.35913 -27.2233 -21.8893 -4.44607 -26.9224 
-21.4375 -3.62692 -26.5762 -20.8481 -2.92356 -26.1914 -20.1241 -2.40173 -25.7453 
-19.3367 -1.97718 -25.3003 -18.4911 -1.58898 -24.9355 -17.6052 -1.21439 -24.6635 
-16.6858 -0.876339 -24.4669 -15.7303 -0.613189 -24.3422 -14.7476 -0.457077 -24.2562 
-13.7521 -0.390557 -24.2047 -13.0031 -0.405273 -24.1993 -12.2582 -0.480141 -24.2249 
-11.2849 -0.68771 -24.3022 -10.349 -1.00782 -24.4433 -9.45907 -1.39924 -24.6704 
-8.61228 -1.80968 -25.0072 -7.79919 -2.19757 -25.4391 -7.03115 -2.59408 -25.9412 
-6.31155 -3.10544 -26.4037 -5.69321 -3.77928 -26.7956 -5.22285 -4.59053 -27.1356 
-4.89581 -5.47633 -27.4604 -4.66889 -6.40062 -27.7651 -4.48382 -7.35328 -28.0037 
-4.27795 -8.32442 -28.0736 -4.02108 -9.27996 -27.9426 -3.70893 -10.1913 -27.6778 
-3.36734 -11.0732 -27.3536 -3.03096 -11.9413 -26.989 -2.72006 -12.8148 -26.6145 
-2.4543 -13.7122 -26.2643 -2.24058 -14.6377 -25.9531 -2.09678 -15.8484 -25.6962 
-2.0775 -17.0929 -25.6252 -2.13216 -18.0881 -25.6943 -2.23896 -19.0708 -25.841 
-2.42404 -20.0347 -26.0274 -2.74586 -20.9641 -26.1922 -3.20187 -21.8466 -26.2846 
-3.74055 -22.6814 -26.2064 -4.27322 -23.492 -25.9693 -4.73568 -24.2838 -25.5778 
-5.11656 -25.042 -25.0507 -5.40248 -25.7619 -24.4207 -5.62354 -26.4467 -23.7269 
-5.809 -27.1011 -22.994 -6.01861 -27.7467 -22.2601 -6.29846 -28.3925 -21.5513 
-6.68795 -29.0346 -20.8921 -7.15765 -29.6607 -20.2715 -7.70658 -30.2578 -19.687 
-8.29629 -30.8345 -19.1218 -18.7503 -31.001 -19.0381 -19.3683 -30.4529 -19.6015 
-19.9463 -29.889 -20.1908 -20.4734 -29.3134 -20.8153 -20.9101 -28.7229 -21.4923 
-21.2419 -28.1248 -22.2208 -21.4925 -27.523 -22.9783 -21.6839 -26.9179 -23.7509 
-21.8839 -26.2985 -24.5098 -22.1394 -25.6512 -25.2269 -22.4806 -24.9639 -25.8641 
-22.929 -24.2311 -26.3693 -23.4674 -23.452 -26.6815 -23.9772 -22.6039 -26.7565 
-24.3472 -21.6912 -26.6012 -24.5742 -20.7563 -26.3368 -24.7344 -19.8114 -26.0527 
-24.854 -18.8503 -25.8057 -24.9367 -17.8686 -25.6399 -24.9697 -16.8725 -25.5755 
-24.9376 -15.8754 -25.6172 -24.8303 -14.8946 -25.7701 -24.6523 -13.9453 -26.0247 
-24.4143 -13.0313 -26.3516 -24.1334 -12.1437 -26.7162 -23.8358 -11.2653 -27.0903 
-23.5317 -10.3766 -27.4329 -23.2466 -9.45963 -27.7093 -23.0112 -8.50592 -27.8885 
-22.8205 -7.52706 -27.9485 -22.6492 -6.54608 -27.8776 -22.4557 -5.58312 -27.6955 
-22.1961 -4.64893 -27.4538 -21.7148 -3.55081 -27.1173 -20.9922 -2.62882 -26.7069 
-20.2641 -2.07159 -26.3192 -19.4277 -1.67492 -25.9432 -18.5465 -1.31161 -25.6423 
-17.6364 -0.95796 -25.4302 -16.6992 -0.646317 -25.2754 -15.7353 -0.406315 -25.1684 
-14.7528 -0.240966 -25.0903 -13.7571 -0.174217 -25.0504 -13.0086 -0.199532 -25.0564 
-12.2657 -0.289673 -25.0914 -11.2944 -0.508102 -25.1713 -10.355 -0.825798 -25.2939 
-9.446 -1.2047 -25.4643 -8.56143 -1.59264 -25.7186 -7.69917 -1.95257 -26.0737 
-6.88355 -2.328 -26.5116 -6.15458 -2.86453 -26.9208 -5.57046 -3.60309 -27.2387 
-5.13649 -4.45527 -27.5186 -4.87576 -5.38417 -27.7746 -4.72679 -6.34163 -28.02 
-4.60427 -7.31681 -28.1937 -4.43079 -8.29785 -28.2106 -4.19461 -9.25401 -28.0492 
-3.89964 -10.1635 -27.7594 -3.56213 -11.0325 -27.3983 -3.22721 -11.8874 -27.0023 
-2.91706 -12.7466 -26.5958 -2.65127 -13.6299 -26.2111 -2.44604 -14.551 -25.8839 
-2.3152 -15.5134 -25.6547 -2.26873 -16.5053 -25.5553 -2.29016 -17.5033 -25.5846 
-2.36097 -18.4919 -25.7123 -2.48075 -19.4655 -25.9032 -2.68537 -20.4206 -26.111 
-3.01889 -21.3461 -26.2817 -3.48447 -22.2255 -26.3384 -4.00945 -23.0633 -26.2059 
-4.5038 -23.875 -25.9037 -4.93308 -24.6532 -25.4499 -5.28901 -25.401 -24.8916 
-5.55807 -26.1103 -24.2416 -5.77043 -26.7897 -23.5399 -5.9582 -27.4437 -22.8072 
-6.19141 -28.0952 -22.086 -6.51819 -28.744 -21.4007 -6.92775 -29.3869 -20.7542 
-7.42623 -30.0043 -20.1467 -7.98372 -30.6007 -19.5696 -18.9984 -30.7584 -19.3092 
-19.5988 -30.2048 -19.8861 -20.1493 -29.6339 -20.4949 -20.6405 -29.0527 -21.142 
-21.0382 -28.4585 -21.8396 -21.3363 -27.8586 -22.5808 -21.547 -27.2554 -23.3498 
-21.7345 -26.643 -24.1176 -21.9577 -26.0121 -24.8601 -22.2487 -25.3487 -25.5476 
-22.6443 -24.6308 -26.1154 -23.1562 -23.8787 -26.5238 -23.6926 -23.0698 -26.7424 
-24.1396 -22.1831 -26.6881 -24.4499 -21.2585 -26.4804 -24.6336 -20.3182 -26.1968 
-24.7708 -19.367 -25.9212 -24.8727 -18.3966 -25.705 -24.9353 -17.4071 -25.5835 
-24.941 -16.4086 -25.5666 -24.8761 -15.4166 -25.66 -24.7353 -14.4494 -25.8638 
-24.5299 -13.5175 -26.1593 -24.2694 -12.6185 -26.5102 -23.9795 -11.7387 -26.8867 
-23.6786 -10.8583 -27.2526 -23.3797 -9.95972 -27.5725 -23.1148 -9.02703 -27.8128 
-22.9063 -8.058 -27.9361 -22.7296 -7.07563 -27.9412 -22.5583 -6.09969 -27.8151 
-22.3414 -5.14824 -27.6003 -22.0422 -4.22923 -27.3475 -21.5994 -3.38078 -27.0662 
-20.9921 -2.66583 -26.7296 -20.265 -2.10573 -26.3445 -19.4283 -1.70752 -25.9708 
-18.5466 -1.34486 -25.6707 -17.636 -0.992342 -25.4585 -16.6983 -0.682343 -25.3035 
-15.734 -0.444431 -25.1953 -14.7481 -0.300938 -25.1222 -13.7514 -0.242123 -25.0841 
-13.0028 -0.266953 -25.0899 -12.2597 -0.354687 -25.1259 -11.2876 -0.568794 -25.2082 
-10.3477 -0.884484 -25.3324 -9.43871 -1.26314 -25.5027 -8.55403 -1.65014 -25.7583 
-7.69069 -2.01036 -26.1107 -6.8756 -2.38785 -26.5476 -6.14817 -2.9294 -26.9524 
-5.57238 -3.67561 -27.2666 -5.15275 -4.53578 -27.5433 -4.91397 -5.4713 -27.7956 
-4.79669 -6.4353 -28.0322 -4.70178 -7.41585 -28.1899 -4.54422 -8.39887 -28.1771 
-4.31555 -9.34833 -27.972 -4.02806 -10.243 -27.6332 -3.7078 -11.0942 -27.2179 
-3.39851 -11.9326 -26.7693 -3.13778 -12.7811 -26.3097 -2.93208 -13.6514 -25.8638 
-2.78561 -14.5659 -25.4908 -2.72186 -15.5268 -25.2305 -2.74969 -16.5171 -25.1161 
-2.8468 -17.5099 -25.1536 -2.99677 -18.4875 -25.298 -3.18275 -19.448 -25.5036 
-3.39808 -20.3959 -25.737 -3.68692 -21.3312 -25.9302 -4.08914 -22.2416 -25.9972 
-4.53967 -23.1206 -25.8625 -4.96397 -23.9659 -25.5468 -5.33332 -24.7653 -25.0773 
-5.63943 -25.5225 -24.503 -5.88773 -26.2306 -23.8428 -6.09697 -26.903 -23.1331 
-6.31814 -27.5504 -22.4042 -6.60005 -28.1919 -21.6917 -6.97501 -28.8249 -21.0154 
-7.42632 -29.4444 -20.3744 -7.94653 -30.0373 -19.76 -8.50249 -30.6037 -19.1518 
-18.6943 -28.2779 -19.2212 -19.1296 -27.8687 -20.0221 -19.5172 -27.4236 -20.8291 
-19.8402 -26.9525 -21.649 -20.0925 -26.4421 -22.4708 -20.3193 -25.8646 -23.2537 
-20.5708 -25.192 -23.9458 -20.8895 -24.4146 -24.4851 -21.2654 -23.5768 -24.8732 
-21.6695 -22.6858 -25.0597 -22.08 -21.7785 -25.0555 -22.455 -20.8762 -24.8483 
-22.7969 -19.9722 -24.592 -23.136 -19.0539 -24.3898 -23.4732 -18.1203 -24.2803 
-23.7869 -17.1725 -24.2966 -24.0335 -16.2146 -24.43 -24.1825 -15.2576 -24.6719 
-24.208 -14.3263 -25.0289 -24.1319 -13.4244 -25.4529 -23.9907 -12.5482 -25.9126 
-23.797 -11.6889 -26.3857 -23.5627 -10.8241 -26.8288 -23.3004 -9.93266 -27.1966 
-23.0443 -9.00599 -27.466 -22.8134 -8.04377 -27.5855 -22.6007 -7.07307 -27.5098 
-22.3907 -6.1257 -27.2728 -22.1572 -5.2045 -26.9625 -21.8221 -4.328 -26.6217 
-21.3314 -3.54942 -26.2393 -20.7118 -2.89762 -25.8096 -20.0143 -2.37771 -25.3209 
-19.2456 -1.95878 -24.8388 -18.4319 -1.56254 -24.4143 -17.573 -1.17321 -24.0856 
-16.6702 -0.807778 -23.8639 -15.7249 -0.512085 -23.7369 -14.7459 -0.333447 -23.6562 
-13.7498 -0.277416 -23.6142 -12.7512 -0.310646 -23.6076 -11.7654 -0.465126 -23.6375 
-10.8162 -0.756431 -23.7332 -9.913 -1.13456 -23.9287 -9.07658 -1.55477 -24.2747 
-8.29591 -1.96088 -24.7481 -7.53258 -2.34814 -25.2645 -6.80821 -2.77671 -25.8018 
-6.12131 -3.32709 -26.2721 -5.54609 -4.03792 -26.6694 -5.09352 -4.8484 -27.0359 
-4.75817 -5.72062 -27.3887 -4.48847 -6.62449 -27.7183 -4.24527 -7.56513 -27.9443 
-3.99246 -8.52907 -28.0021 -3.70101 -9.47827 -27.8979 -3.36154 -10.3981 -27.7038 
-2.99538 -11.2947 -27.4554 -2.6291 -12.1788 -27.1656 -2.28226 -13.069 -26.8705 
-1.97125 -13.9818 -26.6067 -1.71003 -14.922 -26.3917 -1.51923 -15.8922 -26.2503 
-1.40545 -16.8832 -26.2013 -1.3556 -17.8802 -26.2428 -1.36615 -18.8726 -26.3589 
-1.48239 -19.8504 -26.5229 -1.7813 -20.7856 -26.686 -2.27496 -21.6432 -26.7906 
-2.88953 -22.431 -26.7835 -3.5147 -23.1981 -26.6556 -4.08197 -23.9638 -26.3592 
-4.5775 -24.7099 -25.9191 -5.0052 -25.4287 -25.3732 -5.34397 -26.1292 -24.7465 
-5.59472 -26.8107 -24.0598 -5.79825 -27.4807 -23.346 -6.00639 -28.146 -22.6291 
-6.28467 -28.8108 -21.937 -6.64719 -29.4702 -21.2799 -7.09554 -30.1136 -20.66 
-7.61829 -30.7398 -20.0825 -8.1846 -31.3563 -19.5359 -18.7217 -30.7603 -19.078 
-19.3114 -30.2196 -19.6778 -19.8623 -29.6628 -20.2991 -20.3577 -29.0913 -20.9522 
-20.7766 -28.5082 -21.6472 -21.0849 -27.9165 -22.3904 -21.3144 -27.3191 -23.1585 
-21.5042 -26.7101 -23.9285 -21.721 -26.0786 -24.6722 -22.0149 -25.4053 -25.349 
-22.3916 -24.6776 -25.9192 -22.8463 -23.9021 -26.3484 -23.3473 -23.0621 -26.5331 
-23.7666 -22.1624 -26.4946 -24.0504 -21.2314 -26.2761 -24.2319 -20.2945 -25.9792 
-24.3588 -19.3514 -25.6724 -24.477 -18.3893 -25.4293 -24.5796 -17.4051 -25.2938 
-24.635 -16.4083 -25.2799 -24.6182 -15.4168 -25.3927 -24.5154 -14.4515 -25.625 
-24.3385 -13.5268 -25.9579 -24.1063 -12.6367 -26.3496 -23.8384 -11.7661 -26.7617 
-23.5521 -10.896 -27.1629 -23.2631 -10.0069 -27.5161 -23.0051 -9.08046 -27.7858 
-22.7981 -8.11666 -27.9412 -22.636 -7.13209 -27.9502 -22.4861 -6.15281 -27.8226 
-22.2904 -5.19703 -27.6069 -22.0051 -4.27382 -27.3542 -21.5763 -3.41678 -27.0749 
-20.9801 -2.69394 -26.7423 -20.259 -2.12298 -26.3583 -19.4291 -1.7134 -25.9855 
-18.5468 -1.3512 -25.6862 -17.636 -0.999195 -25.4746 -16.698 -0.689853 -25.3199 
-15.7335 -0.452637 -25.2115 -14.7475 -0.309574 -25.1383 -13.7498 -0.272953 -25.1096 
-13.0013 -0.304352 -25.1193 -12.2579 -0.390687 -25.1558 -11.2854 -0.602226 -25.2393 
-10.3452 -0.916505 -25.364 -9.43588 -1.29463 -25.534 -8.55076 -1.68082 -25.7896 
-7.68644 -2.04094 -26.1396 -6.87128 -2.41921 -26.5757 -6.14447 -2.96372 -26.9772 
-5.57368 -3.71465 -27.2885 -5.16312 -4.57992 -27.5624 -4.93868 -5.51964 -27.8115 
-4.84277 -6.48747 -28.0419 -4.76658 -7.47098 -28.1892 -4.62018 -8.45467 -28.1563 
-4.39795 -9.39862 -27.9213 -4.11633 -10.2805 -27.5468 -3.80598 -11.1208 -27.1026 
-3.52044 -11.9473 -26.6177 -3.28776 -12.7821 -26.1195 -3.11565 -13.6402 -25.6378 
-3.00462 -14.5451 -25.2288 -2.98637 -15.4958 -24.9294 -3.0624 -16.4799 -24.7873 
-3.21041 -17.4666 -24.805 -3.41113 -18.4349 -24.9474 -3.64758 -19.3827 -25.1604 
-3.90134 -20.3194 -25.4016 -4.17677 -21.2561 -25.6139 -4.51028 -22.1929 -25.698 
-4.88813 -23.1068 -25.5865 -5.27207 -23.9776 -25.2871 -5.60862 -24.7941 -24.8228 
-5.89731 -25.5494 -24.2366 -6.13453 -26.252 -23.5667 -6.34637 -26.9123 -22.8463 
-6.58688 -27.5517 -22.1165 -6.89369 -28.181 -21.4036 -7.29145 -28.7974 -20.7253 
-7.76604 -29.3951 -20.0795 -8.28932 -29.9686 -19.4494 -8.82376 -30.5084 -18.7996 
-20.0443 -30.8771 -20.4955 -20.6276 -30.2722 -21.0362 -21.1207 -29.6453 -21.6383 
-21.5061 -29.0051 -22.3003 -21.7938 -28.364 -23.0105 -21.9987 -27.7359 -23.7608 
-22.1909 -27.1172 -24.5226 -22.4236 -26.4977 -25.2718 -22.739 -25.877 -25.9876 
-23.1912 -25.2649 -26.6347 -23.7397 -24.6487 -27.1968 -24.3755 -24.0043 -27.6141 
-25.0262 -23.2906 -27.8503 -25.5891 -22.4683 -27.8391 -26.0253 -21.5905 -27.6678 
-26.2693 -20.6605 -27.3997 -26.3497 -19.7062 -27.1204 -26.3164 -18.737 -26.881 
-26.216 -17.7586 -26.707 -26.0593 -16.7753 -26.6259 -25.8307 -15.8026 -26.6385 
-25.545 -14.8484 -26.7176 -25.2117 -13.9198 -26.876 -24.8472 -13.0175 -27.1054 
-24.465 -12.1288 -27.3587 -24.0853 -11.2433 -27.626 -23.7328 -10.3431 -27.8815 
-23.4248 -9.41635 -28.0937 -23.1703 -8.46109 -28.2397 -22.9622 -7.48655 -28.3134 
-22.7664 -6.5064 -28.2992 -22.548 -5.53574 -28.2057 -22.2758 -4.58724 -28.048 
-21.8918 -3.6878 -27.8506 -21.3724 -2.86964 -27.6154 -20.7178 -2.17694 -27.3205 
-19.9165 -1.705 -26.9747 -19.0354 -1.35419 -26.6609 -18.1208 -1.01891 -26.4375 
-17.1873 -0.697273 -26.2819 -16.2309 -0.430546 -26.1686 -15.254 -0.23312 -26.0926 
-14.2644 -0.103523 -26.0476 -13.2664 -0.0873032 -26.0442 -12.2758 -0.208042 -26.0806 
-11.3056 -0.435806 -26.153 -10.3612 -0.745793 -26.2575 -9.43884 -1.104 -26.4 
-8.53297 -1.46498 -26.6164 -7.64509 -1.79326 -26.9368 -6.79657 -2.13836 -27.3359 
-6.0767 -2.7214 -27.6798 -5.51468 -3.50204 -27.9242 -5.12933 -4.66458 -28.1367 
-4.96134 -5.88787 -28.3202 -4.91729 -6.88037 -28.4305 -4.85403 -7.87599 -28.4285 
-4.70417 -8.84132 -28.2393 -4.47721 -9.74461 -27.8836 -4.19392 -10.5818 -27.4169 
-3.89801 -11.3936 -26.9135 -3.63858 -12.2001 -26.3829 -3.43478 -13.0193 -25.8475 
-3.30258 -13.883 -25.3633 -3.24718 -14.7983 -24.9689 -3.27718 -15.7592 -24.7031 
-3.39983 -16.7427 -24.609 -3.57723 -17.722 -24.681 -3.77797 -18.6793 -24.8848 
-3.99448 -19.6188 -25.1501 -4.21502 -20.554 -25.4268 -4.44142 -21.4993 -25.6562 
-4.72643 -22.4497 -25.7421 -5.07505 -23.376 -25.6215 -5.43017 -24.2502 -25.3001 
-5.75503 -25.0663 -24.8242 -6.04086 -25.816 -24.2296 -6.27741 -26.5222 -23.5631 
-6.49331 -27.1915 -22.8525 -6.74588 -27.8393 -22.1342 -7.07085 -28.4754 -21.4353 
-7.47116 -29.0985 -20.7642 -7.9512 -29.6971 -20.1236 -8.47152 -30.2718 -19.4921 
-8.99774 -30.8057 -18.8307 -18.4117 -30.4533 -18.6516 -18.8402 -30.0784 -19.1397 
-19.3784 -29.5579 -19.8023 -19.865 -29.0154 -20.4865 -20.2864 -28.4578 -21.2012 
-20.6341 -27.8925 -21.9478 -20.8979 -27.3183 -22.7222 -21.1016 -26.7284 -23.5034 
-21.3148 -26.102 -24.2525 -21.5797 -25.4289 -24.9411 -21.9207 -24.6856 -25.5138 
-22.32 -23.8827 -25.9472 -22.7506 -23.0106 -26.1541 -23.1552 -22.1011 -26.0986 
-23.4509 -21.1764 -25.8687 -23.6588 -20.2491 -25.5595 -23.8334 -19.3153 -25.2473 
-24.0245 -18.3615 -25.021 -24.1968 -17.384 -24.9051 -24.3211 -16.3937 -24.915 
-24.3764 -15.4095 -25.0685 -24.3364 -14.4516 -25.3455 -24.2077 -13.5313 -25.7117 
-24.0194 -12.6465 -26.1364 -23.7815 -11.7838 -26.5825 -23.5173 -10.9202 -27.0116 
-23.2407 -10.0367 -27.3878 -22.9851 -9.11448 -27.6734 -22.7729 -8.15262 -27.8309 
-22.6007 -7.17033 -27.8219 -22.4404 -6.19758 -27.6619 -22.2451 -5.24836 -27.4171 
-21.9631 -4.33041 -27.1421 -21.532 -3.48492 -26.8349 -20.9283 -2.78142 -26.4749 
-20.2039 -2.23142 -26.0686 -19.3853 -1.82158 -25.6675 -18.5219 -1.44427 -25.3349 
-17.6203 -1.08318 -25.101 -16.6881 -0.764412 -24.9317 -15.7267 -0.518631 -24.8165 
-14.7417 -0.372455 -24.7372 -13.7443 -0.33406 -24.7024 -12.9963 -0.373497 -24.7163 
-12.2541 -0.469387 -24.7548 -11.2808 -0.675449 -24.8395 -10.3407 -0.987593 -24.9729 
-9.43721 -1.36936 -25.1622 -8.5668 -1.76574 -25.4501 -7.72611 -2.13909 -25.8406 
-6.92352 -2.52244 -26.2967 -6.19923 -3.0537 -26.7247 -5.58999 -3.75993 -27.0741 
-5.14486 -4.59782 -27.3782 -4.86813 -5.51375 -27.6636 -4.69333 -6.46102 -27.9295 
-4.54917 -7.43143 -28.1122 -4.35641 -8.40862 -28.1288 -4.10553 -9.36032 -27.962 
-3.79886 -10.2658 -27.6719 -3.45994 -11.1348 -27.3123 -3.13209 -11.9934 -26.9181 
-2.82792 -12.8575 -26.5175 -2.58005 -13.7512 -26.1454 -2.38979 -14.6774 -25.824 
-2.27738 -15.6446 -25.6056 -2.25141 -16.6384 -25.5186 -2.29165 -17.6356 -25.5576 
-2.38178 -18.622 -25.6901 -2.52337 -19.5927 -25.8813 -2.75741 -20.5422 -26.0807 
-3.13577 -21.4542 -26.2211 -3.62577 -22.3228 -26.2369 -4.14866 -23.1603 -26.0907 
-4.63587 -23.974 -25.7795 -5.0453 -24.751 -25.3057 -5.37575 -25.4949 -24.7276 
-5.63562 -26.201 -24.0697 -5.83998 -26.8727 -23.358 -6.03167 -27.5238 -22.6237 
-6.27299 -28.1728 -21.9028 -6.6206 -28.8176 -21.2242 -7.05086 -29.4549 -20.5856 
-7.56617 -30.0636 -19.9833 -8.13387 -30.6516 -19.4074 -18.7197 -31.0004 -18.8802 
-19.1916 -30.5936 -19.2976 -19.7961 -30.0405 -19.8704 -20.343 -29.4699 -20.4827 
-20.8289 -28.8888 -21.1339 -21.2055 -28.2957 -21.8444 -21.4909 -27.6988 -22.5937 
-21.6993 -27.1001 -23.3664 -21.8839 -26.4928 -24.139 -22.1144 -25.8596 -24.8771 
-22.4134 -25.1943 -25.5594 -22.8218 -24.4828 -26.1268 -23.3433 -23.7421 -26.5419 
-23.9015 -22.9495 -26.7601 -24.3923 -22.0871 -26.7375 -24.7192 -21.1681 -26.5343 
-24.9202 -20.2267 -26.2649 -25.0595 -19.2677 -26.0192 -25.1516 -18.29 -25.8332 
-25.1924 -17.297 -25.732 -25.1697 -16.2985 -25.7287 -25.0771 -15.3094 -25.8295 
-24.9121 -14.347 -26.0377 -24.6751 -13.4182 -26.3214 -24.3927 -12.5163 -26.6473 
-24.0895 -11.6297 -26.9962 -23.7798 -10.7407 -27.3332 -23.4762 -9.83323 -27.6212 
-23.2075 -8.89275 -27.8244 -22.9864 -7.92457 -27.9317 -22.7976 -6.9443 -27.9212 
-22.6046 -5.97366 -27.7857 -22.3633 -5.02942 -27.565 -22.044 -4.11806 -27.3084 
-21.6054 -3.26808 -27.0292 -20.9902 -2.56241 -26.6863 -20.2598 -2.01043 -26.2957 
-19.4261 -1.61463 -25.9121 -18.5486 -1.24809 -25.6056 -17.6409 -0.889744 -25.3911 
-16.7063 -0.571873 -25.2344 -15.7432 -0.327492 -25.1297 -14.7614 -0.157615 -25.0541 
-13.7657 -0.0879898 -25.0163 -13.0173 -0.113777 -25.0224 -12.2748 -0.206807 -25.0563 
-11.3043 -0.430497 -25.1331 -10.3654 -0.750522 -25.2533 -9.4563 -1.12946 -25.4233 
-8.57157 -1.51837 -25.6751 -7.71035 -1.87775 -26.0331 -6.88634 -2.2443 -26.4635 
-6.15629 -2.77565 -26.8782 -5.54704 -3.49117 -27.2053 -5.08271 -4.32768 -27.4904 
-4.77445 -5.23968 -27.7543 -4.57544 -6.18472 -28.012 -4.39579 -7.14789 -28.2083 
-4.18731 -8.12154 -28.2698 -3.93087 -9.0801 -28.1692 -3.61569 -10.0082 -27.9743 
-3.25247 -10.9075 -27.7322 -2.86582 -11.789 -27.4614 -2.48255 -12.67 -27.1842 
-2.12316 -13.5661 -26.9249 -1.80006 -14.4872 -26.7099 -1.52425 -15.4364 -26.5654 
-1.30912 -16.4102 -26.5086 -1.1537 -17.3967 -26.5416 -1.05168 -18.3841 -26.6551 
-1.03998 -19.3665 -26.8286 -1.19371 -20.3326 -27.0239 -1.57718 -21.2369 -27.1814 
-2.14721 -22.0519 -27.2633 -2.75591 -22.8447 -27.2812 -3.36286 -23.6348 -27.2164 
-3.9079 -24.4612 -27.0823 -4.50678 -25.1585 -26.7093 -5.05405 -25.8233 -26.2034 
-5.55328 -26.4466 -25.6038 -5.95526 -27.0969 -24.9601 -6.28602 -27.7678 -24.2973 
-6.57941 -28.4562 -23.6339 -6.88825 -29.1383 -22.9711 -7.23999 -29.8059 -22.3157 
-7.65608 -30.4517 -21.676 -8.10837 -31.1067 -21.0709 -18.6717 -30.7718 -19.0359 
-19.2607 -30.2333 -19.6383 -19.8121 -29.6788 -20.2612 -20.3008 -29.1078 -20.9198 
-20.7229 -28.5264 -21.6144 -21.0347 -27.9361 -22.3573 -21.267 -27.3397 -23.1251 
-21.4574 -26.7313 -23.8955 -21.6728 -26.0997 -24.6396 -21.9638 -25.4256 -25.3171 
-22.3354 -24.6968 -25.8891 -22.7793 -23.9152 -26.3182 -23.2697 -23.0683 -26.5007 
-23.6784 -22.164 -26.458 -23.9574 -21.232 -26.236 -24.139 -20.296 -25.9369 
-24.265 -19.355 -25.6231 -24.3876 -18.3951 -25.3736 -24.4992 -17.4124 -25.2344 
-24.5658 -16.4164 -25.2199 -24.5605 -15.4253 -25.3362 -24.4674 -14.4606 -25.5744 
-24.2975 -13.5368 -25.9138 -24.0724 -12.6484 -26.3132 -23.8095 -11.7801 -26.7336 
-23.5261 -10.9128 -27.1423 -23.239 -10.0262 -27.5036 -22.982 -9.10172 -27.7808 
-22.7761 -8.13865 -27.9412 -22.6169 -7.15369 -27.9524 -22.4721 -6.1736 -27.8252 
-22.2818 -5.21671 -27.6097 -22.0008 -4.29222 -27.3572 -21.5742 -3.43403 -27.0777 
-20.979 -2.71032 -26.7457 -20.2583 -2.13862 -26.362 -19.4286 -1.72836 -25.9895 
-18.5464 -1.36618 -25.6899 -17.6356 -1.01444 -25.4779 -16.6975 -0.705567 -25.3228 
-15.7329 -0.469067 -25.2139 -14.7469 -0.326801 -25.14 -13.7502 -0.268601 -25.1015 
-13.0016 -0.293167 -25.1071 -12.2583 -0.379905 -25.1434 -11.2859 -0.592228 -25.2267 
-10.3458 -0.906986 -25.3513 -9.43664 -1.2854 -25.5214 -8.55176 -1.67192 -25.7771 
-7.68788 -2.03216 -26.1282 -6.87285 -2.41029 -26.5647 -6.14587 -2.95377 -26.9674 
-5.57345 -3.70311 -27.2799 -5.15984 -4.56661 -27.5549 -4.9305 -5.50486 -27.8053 
-4.82724 -6.47141 -28.038 -4.74463 -7.45395 -28.1889 -4.59434 -8.43746 -28.1627 
-4.36975 -9.38334 -27.9377 -4.08521 -10.2691 -27.5748 -3.76998 -11.114 -27.1429 
-3.47254 -11.9451 -26.6731 -3.23226 -12.7861 -26.1894 -3.05067 -13.6495 -25.7206 
-2.92972 -14.5604 -25.3302 -2.89073 -15.5159 -25.0421 -2.94541 -16.5009 -24.9015 
-3.07674 -17.4899 -24.9287 -3.26497 -18.4608 -25.072 -3.48645 -19.4128 -25.2822 
-3.72333 -20.3541 -25.522 -3.99439 -21.2916 -25.7386 -4.35254 -22.2183 -25.818 
-4.75435 -23.122 -25.7003 -5.15473 -23.9865 -25.4044 -5.50108 -24.7954 -24.9335 
-5.79784 -25.5546 -24.3568 -6.04094 -26.2608 -23.6927 -6.25179 -26.9266 -22.9773 
-6.48748 -27.5706 -22.25 -6.78679 -28.2057 -21.5389 -7.16755 -28.8316 -20.8588 
-7.63217 -29.4392 -20.2158 -8.15776 -30.021 -19.5953 -8.70273 -30.5709 -18.9627 
-18.4109 -29.4166 -18.467 -18.8058 -29.0944 -19.0169 -19.2845 -28.6304 -19.7621 
-19.7097 -28.1398 -20.522 -20.0641 -27.626 -21.3027 -20.3514 -27.0998 -22.1022 
-20.5779 -26.5464 -22.9034 -20.7925 -25.9412 -23.6691 -21.0623 -25.2624 -24.35 
-21.3966 -24.5078 -24.9119 -21.7771 -23.6825 -25.3242 -22.1952 -22.8027 -25.5215 
-22.5968 -21.891 -25.4928 -22.9661 -20.98 -25.3127 -23.2953 -20.0688 -25.0669 
-23.5773 -19.1437 -24.8143 -23.8376 -18.1959 -24.6375 -24.073 -17.2259 -24.5999 
-24.2598 -16.2474 -24.6671 -24.3559 -15.2772 -24.8791 -24.354 -14.3323 -25.2009 
-24.2567 -13.4192 -25.5941 -24.0951 -12.535 -26.0312 -23.8816 -11.6656 -26.4765 
-23.6353 -10.7921 -26.8958 -23.3661 -9.89392 -27.2416 -23.1046 -8.96276 -27.4897 
-22.8699 -7.99654 -27.5738 -22.6462 -7.02876 -27.4911 -22.4216 -6.08574 -27.2499 
-22.174 -5.16951 -26.9359 -21.8274 -4.29869 -26.5919 -21.3309 -3.52481 -26.2069 
-20.7106 -2.87605 -25.7734 -20.0142 -2.35785 -25.2812 -19.2471 -1.93924 -24.7962 
-18.4354 -1.54267 -24.3681 -17.5749 -1.15348 -24.0442 -16.6703 -0.787395 -23.8293 
-15.7257 -0.489009 -23.7034 -14.747 -0.308174 -23.6239 -13.7526 -0.227322 -23.5753 
-12.7542 -0.254616 -23.5652 -11.769 -0.412624 -23.5926 -10.8204 -0.707943 -23.6837 
-9.92442 -1.09665 -23.8885 -9.08616 -1.51744 -24.2292 -8.30664 -1.92371 -24.704 
-7.54372 -2.31117 -25.2209 -6.8193 -2.73762 -25.76 -6.13189 -3.28342 -26.235 
-5.55077 -3.98801 -26.635 -5.08856 -4.79205 -27.0038 -4.73974 -5.65761 -27.3602 
-4.45393 -6.55437 -27.6958 -4.19669 -7.48849 -27.9339 -3.93582 -8.44901 -28.0114 
-3.64091 -9.40063 -27.9422 -3.2991 -10.3265 -27.7843 -2.92637 -11.229 -27.5699 
-2.54423 -12.1178 -27.3168 -2.17763 -13.0124 -27.0616 -1.84046 -13.9221 -26.8197 
-1.54484 -14.8574 -26.6283 -1.30579 -15.8197 -26.5061 -1.13403 -16.8031 -26.4674 
-1.02482 -17.7952 -26.5121 -0.971189 -18.7869 -26.6223 -1.04455 -19.7703 -26.7759 
-1.37683 -20.6952 -26.9132 -1.88644 -21.5477 -27.0117 -2.51485 -22.3232 -27.0168 
-3.17605 -23.0656 -26.9168 -3.79679 -23.813 -26.6873 -4.35123 -24.5522 -26.3126 
-4.82784 -25.268 -25.8052 -5.23956 -25.9537 -25.2061 -5.55731 -26.6378 -24.5508 
-5.80411 -27.313 -23.856 -6.02427 -27.9859 -23.1498 -6.28182 -28.6573 -22.4559 
-6.61226 -29.3227 -21.7875 -7.02753 -29.9725 -21.1516 -7.50829 -30.6111 -20.5517 
-8.03163 -31.2481 -19.986 -20.0464 -31.0266 -20.4953 -20.642 -30.4193 -21.0197 
-21.1496 -29.7903 -21.6072 -21.5488 -29.1459 -22.2568 -21.8484 -28.4998 -22.9573 
-22.0602 -27.8676 -23.7022 -22.2529 -27.2465 -24.462 -22.4732 -26.6273 -25.2152 
-22.7769 -26.0117 -25.9407 -23.2173 -25.4105 -26.6055 -23.7563 -24.8165 -27.2001 
-24.3993 -24.2248 -27.6822 -25.077 -23.5657 -27.9888 -25.6796 -22.7747 -28.0505 
-26.174 -21.9188 -27.931 -26.5167 -21.0093 -27.7109 -26.6777 -20.062 -27.4461 
-26.6816 -19.096 -27.1928 -26.5912 -18.1199 -27 -26.4311 -17.1406 -26.8836 
-26.2074 -16.1676 -26.849 -25.9219 -15.2113 -26.896 -25.583 -14.2787 -27.0156 
-25.2011 -13.3718 -27.1929 -24.8019 -12.4789 -27.4006 -24.4012 -11.5914 -27.628 
-24.0258 -10.6938 -27.8587 -23.6966 -9.77225 -28.0623 -23.4108 -8.82599 -28.2088 
-23.1715 -7.85868 -28.2868 -22.9596 -6.88192 -28.3045 -22.7392 -5.90877 -28.2492 
-22.4781 -4.95284 -28.1199 -22.1335 -4.03345 -27.9347 -21.658 -3.18418 -27.7152 
-21.0667 -2.42473 -27.4525 -20.3326 -1.83862 -27.1218 -19.4869 -1.44315 -26.7745 
-18.5865 -1.10426 -26.5056 -17.6641 -0.767204 -26.32 -16.7205 -0.465943 -26.1854 
-15.7573 -0.21817 -26.0863 -14.776 -0.0394745 -26.0247 -13.7821 0.0593071 -25.9983 
-12.7844 0.02248 -26.0103 -11.8045 -0.163955 -26.0609 -10.8488 -0.442882 -26.1456 
-9.91672 -0.783523 -26.2663 -9.00132 -1.15117 -26.4287 -8.10521 -1.4982 -26.6999 
-7.2401 -1.82602 -27.0771 -6.4425 -2.25182 -27.4817 -5.78327 -2.93651 -27.7798 
-5.30749 -3.78387 -27.9918 -5.03488 -4.72855 -28.153 -4.88873 -5.70584 -28.3013 
-4.80738 -6.69352 -28.4311 -4.72299 -7.68703 -28.4689 -4.56657 -8.66333 -28.3468 
-4.32961 -9.59092 -28.0625 -4.03068 -10.4671 -27.6862 -3.69975 -11.3102 -27.2625 
-3.37889 -12.1428 -26.8112 -3.09639 -12.9925 -26.3666 -2.86137 -13.8701 -25.95 
-2.69443 -14.7986 -25.6229 -2.606 -15.7713 -25.4197 -2.60015 -16.7673 -25.3662 
-2.65286 -17.7607 -25.452 -2.74764 -18.7383 -25.636 -2.87318 -19.7017 -25.8712 
-3.06757 -20.6525 -26.1077 -3.37662 -21.5836 -26.2877 -3.80441 -22.4826 -26.3309 
-4.28577 -23.3433 -26.1861 -4.74578 -24.1696 -25.8665 -5.16395 -24.9498 -25.404 
-5.5044 -25.6936 -24.8313 -5.77208 -26.3995 -24.1766 -5.98341 -27.0801 -23.4753 
-6.19217 -27.7416 -22.7552 -6.44668 -28.4009 -22.0483 -6.79253 -29.0527 -21.3744 
-7.21849 -29.6915 -20.7351 -7.7171 -30.3079 -20.126 -8.26377 -30.9111 -19.5455 
-18.6863 -30.4381 -18.7844 -19.1194 -30.0495 -19.2577 -19.6688 -29.5163 -19.9004 
-20.154 -28.96 -20.5746 -20.5723 -28.3949 -21.285 -20.9012 -27.8226 -22.0349 
-21.1376 -27.243 -22.8143 -21.3326 -26.6497 -23.5951 -21.548 -26.0243 -24.3444 
-21.818 -25.357 -25.0369 -22.1712 -24.6321 -25.6262 -22.5954 -23.8512 -26.0731 
-23.0781 -23.0107 -26.2978 -23.5089 -22.1149 -26.2778 -23.8256 -21.1899 -26.0786 
-24.0256 -20.2561 -25.7847 -24.1799 -19.3153 -25.4828 -24.3351 -18.3557 -25.2518 
-24.4757 -17.3741 -25.1329 -24.5658 -16.3799 -25.1389 -24.5795 -15.3912 -25.2738 
-24.501 -14.4285 -25.5253 -24.3456 -13.5029 -25.8673 -24.136 -12.6103 -26.2652 
-23.8829 -11.737 -26.6812 -23.608 -10.8638 -27.0833 -23.3241 -9.97111 -27.4314 
-23.0641 -9.04223 -27.6906 -22.8507 -8.07429 -27.8102 -22.6645 -7.09453 -27.7888 
-22.4828 -6.12691 -27.6207 -22.264 -5.18519 -27.3671 -21.975 -4.27128 -27.0854 
-21.5304 -3.43579 -26.771 -20.9214 -2.74 -26.4035 -20.1968 -2.19459 -25.991 
-19.3817 -1.78556 -25.5819 -18.5214 -1.40604 -25.2441 -17.6218 -1.042 -25.0074 
-16.6913 -0.71849 -24.8374 -15.7313 -0.466385 -24.7236 -14.7471 -0.314789 -24.6458 
-13.7498 -0.273995 -24.6112 -13.001 -0.301399 -24.6157 -12.2572 -0.384178 -24.6469 
-11.2849 -0.597191 -24.7269 -10.3461 -0.913889 -24.8575 -9.44165 -1.29775 -25.0406 
-8.57202 -1.69664 -25.3259 -7.73256 -2.06896 -25.7208 -6.93015 -2.44988 -26.1789 
-6.20661 -2.97497 -26.6166 -5.58591 -3.66479 -26.98 -5.11705 -4.48587 -27.2953 
-4.80035 -5.38506 -27.5935 -4.56882 -6.31398 -27.8804 -4.37209 -7.26913 -28.0943 
-4.14972 -8.24045 -28.151 -3.88923 -9.19979 -28.0639 -3.57453 -10.1277 -27.8664 
-3.21246 -11.0231 -27.6087 -2.83465 -11.9035 -27.3222 -2.46956 -12.7859 -27.0256 
-2.13608 -13.6883 -26.7542 -1.83905 -14.6149 -26.5265 -1.60273 -15.5728 -26.371 
-1.43742 -16.5559 -26.3087 -1.33628 -17.5494 -26.3403 -1.28676 -18.5409 -26.4532 
-1.32179 -19.5236 -26.6246 -1.52218 -20.4795 -26.8143 -1.93792 -21.3729 -26.966 
-2.51944 -22.1816 -27.0239 -3.16274 -22.9422 -26.9548 -3.77273 -23.7063 -26.7578 
-4.32663 -24.4619 -26.4147 -4.81679 -25.1926 -25.9422 -5.25475 -25.8812 -25.3655 
-5.59941 -26.5652 -24.724 -5.87125 -27.2421 -24.0405 -6.10269 -27.9179 -23.3407 
-6.35116 -28.5933 -22.6468 -6.66638 -29.2618 -21.9737 -7.06299 -29.9147 -21.3293 
-7.5218 -30.5554 -20.7145 -8.02898 -31.1963 -20.1384 -18.8788 -30.9692 -19.0945 
-19.3494 -30.5569 -19.508 -19.9482 -29.9961 -20.0791 -20.4937 -29.421 -20.688 
-20.9536 -28.8307 -21.3496 -21.3209 -28.2317 -22.0598 -21.5771 -27.6286 -22.8144 
-21.7728 -27.0245 -23.5867 -21.9631 -26.4103 -24.3524 -22.2087 -25.7698 -25.0791 
-22.5371 -25.0962 -25.7387 -22.9907 -24.3845 -26.2705 -23.5411 -23.6444 -26.6517 
-24.1141 -22.8566 -26.8475 -24.6058 -21.9939 -26.807 -24.938 -21.0769 -26.6031 
-25.1364 -20.1334 -26.3403 -25.2663 -19.1722 -26.0984 -25.3391 -18.1897 -25.9314 
-25.3618 -17.195 -25.8419 -25.3183 -16.1973 -25.8484 -25.2037 -15.211 -25.9548 
-25.0092 -14.2542 -26.1667 -24.7509 -13.3279 -26.4402 -24.4537 -12.4257 -26.752 
-24.1417 -11.5358 -27.0848 -23.8242 -10.6416 -27.3998 -23.5198 -9.72707 -27.6645 
-23.2491 -8.78403 -27.8505 -23.0257 -7.81407 -27.9366 -22.8309 -6.83506 -27.9142 
-22.6257 -5.86795 -27.7715 -22.3689 -4.9286 -27.5473 -22.0348 -4.02299 -27.2891 
-21.5821 -3.18148 -27.0073 -20.9744 -2.46788 -26.6701 -20.2381 -1.92595 -26.2764 
-19.4015 -1.53695 -25.892 -18.5224 -1.17123 -25.5897 -17.6138 -0.813236 -25.3777 
-16.6786 -0.495759 -25.2243 -15.7151 -0.251179 -25.1233 -14.7296 -0.101322 -25.0578 
-13.7319 -0.0643234 -25.0349 -12.9849 -0.115456 -25.0531 -12.245 -0.227463 -25.0917 
-11.2751 -0.452927 -25.1703 -10.337 -0.77483 -25.2918 -9.42834 -1.1548 -25.462 
-8.54358 -1.54263 -25.7155 -7.6818 -1.90077 -26.0735 -6.85853 -2.26878 -26.5041 
-6.13223 -2.80823 -26.9135 -5.52853 -3.53088 -27.2353 -5.07396 -4.37382 -27.5171 
-4.77748 -5.29072 -27.7775 -4.59199 -6.23975 -28.0304 -4.42246 -7.20622 -28.2191 
-4.21972 -8.1816 -28.2684 -3.96494 -9.13862 -28.1517 -3.65027 -10.0622 -27.936 
-3.28921 -10.9566 -27.6731 -2.90708 -11.8335 -27.3818 -2.53579 -12.7128 -27.084 
-2.1913 -13.6086 -26.8043 -1.88336 -14.5317 -26.5765 -1.63248 -15.4858 -26.4202 
-1.44897 -16.4655 -26.3564 -1.32796 -17.4567 -26.3874 -1.25731 -18.4471 -26.5009 
-1.26629 -19.4298 -26.6755 -1.43726 -20.3901 -26.8724 -1.83488 -21.2882 -27.0307 
-2.40234 -22.1062 -27.1086 -3.02733 -22.8849 -27.0785 -3.65307 -23.6483 -26.9312 
-4.22492 -24.4127 -26.6403 -4.73475 -25.1458 -26.1944 -5.20484 -25.8299 -25.6393 
-5.59585 -26.5019 -25.0112 -5.90983 -27.1791 -24.3466 -6.16608 -27.8569 -23.6576 
-6.42264 -28.5377 -22.9715 -6.72517 -29.2109 -22.2976 -7.09863 -29.869 -21.6443 
-7.54132 -30.5125 -21.0204 -8.02382 -31.1623 -20.4335 -18.5639 -30.5502 -18.6357 
-19.1485 -30.035 -19.2622 -19.6986 -29.501 -19.9038 -20.1837 -28.9444 -20.5777 
-20.6011 -28.379 -21.2885 -20.929 -27.8066 -22.0387 -21.1644 -27.2272 -22.8185 
-21.3591 -26.6339 -23.5995 -21.5747 -26.0089 -24.3491 -21.8453 -25.3424 -25.0422 
-22.2006 -24.6186 -25.6313 -22.6296 -23.8405 -26.0791 -23.1211 -23.0061 -26.3072 
-23.5588 -22.1135 -26.2914 -23.8817 -21.1896 -26.0977 -24.0896 -20.255 -25.8115 
-24.2479 -19.3127 -25.5168 -24.3995 -18.3516 -25.2896 -24.534 -17.3688 -25.1736 
-24.617 -16.3739 -25.1801 -24.6228 -15.3848 -25.3127 -24.5377 -14.4215 -25.56 
-24.3778 -13.4949 -25.8974 -24.1638 -12.6008 -26.2898 -23.9075 -11.7256 -26.6996 
-23.6305 -10.85 -27.0948 -23.3452 -9.95526 -27.4367 -23.0839 -9.02493 -27.6893 
-22.8687 -8.05676 -27.8045 -22.6791 -7.07769 -27.7802 -22.4925 -6.1114 -27.6099 
-22.269 -5.17125 -27.3545 -21.9769 -4.2587 -27.0716 -21.5293 -3.42559 -26.7552 
-20.9192 -2.73164 -26.386 -20.1944 -2.18733 -25.972 -19.3801 -1.7784 -25.561 
-18.5207 -1.39834 -25.2219 -17.6215 -1.03362 -24.9845 -16.6915 -0.709019 -24.8143 
-15.7318 -0.455475 -24.7008 -14.7477 -0.302696 -24.6233 -13.7517 -0.23893 -24.5798 
-13.003 -0.259895 -24.5799 -12.2593 -0.344142 -24.6101 -11.2875 -0.56017 -24.6881 
-10.3515 -0.88364 -24.8198 -9.44974 -1.27259 -25.006 -8.58044 -1.67217 -25.2911 
-7.74218 -2.04486 -25.6882 -6.94009 -2.42502 -26.1475 -6.21554 -2.9467 -26.5881 
-5.59062 -3.63087 -26.9552 -5.11481 -4.44704 -27.2731 -4.78749 -5.34151 -27.5741 
-4.54288 -6.2655 -27.8661 -4.33676 -7.21515 -28.1001 -4.11153 -8.18345 -28.1777 
-3.84908 -9.144 -28.1068 -3.53291 -10.0765 -27.9349 -3.166 -10.9769 -27.7029 
-2.77767 -11.8609 -27.4426 -2.39562 -12.7458 -27.1765 -2.03719 -13.6441 -26.923 
-1.71593 -14.5667 -26.7122 -1.44492 -15.5183 -26.5745 -1.2357 -16.4938 -26.5228 
-1.08688 -17.4812 -26.5583 -0.987565 -18.4696 -26.6692 -0.995481 -19.4529 -26.8321 
-1.19033 -20.4145 -27.012 -1.61276 -21.3051 -27.1467 -2.19461 -22.1138 -27.2126 
-2.83139 -22.8836 -27.1868 -3.47506 -23.6336 -27.0483 -4.08326 -24.3734 -26.7664 
-4.62504 -25.0949 -26.3396 -5.11598 -25.7773 -25.8009 -5.5341 -26.4369 -25.1777 
-5.86934 -27.1109 -24.52 -6.1459 -27.7859 -23.8363 -6.40301 -28.4694 -23.1531 
-6.7029 -29.1456 -22.4809 -7.06126 -29.8086 -21.824 -7.48759 -30.4549 -21.1919 
-7.95888 -31.1054 -20.5964 -19.82 -31.2006 -20.2865 -20.2882 -30.7505 -20.6612 
-20.8513 -30.1379 -21.214 -21.3171 -29.5026 -21.8286 -21.6739 -28.8578 -22.5023 
-21.9267 -28.216 -23.2257 -22.1264 -27.5884 -23.9779 -22.3212 -26.9683 -24.7378 
-22.5763 -26.3505 -25.4809 -22.9268 -25.7307 -26.1805 -23.4012 -25.1253 -26.8174 
-23.9908 -24.5171 -27.3455 -24.6479 -23.8858 -27.7509 -25.2994 -23.1548 -27.9296 
-25.8717 -22.3401 -27.9188 -26.3057 -21.4593 -27.7435 -26.5633 -20.528 -27.5003 
-26.6436 -19.5683 -27.2405 -26.6006 -18.594 -27.0267 -26.4733 -17.6137 -26.8786 
-26.2867 -16.6348 -26.8064 -26.0322 -15.6691 -26.8221 -25.7168 -14.725 -26.9133 
-25.3569 -13.8062 -27.0723 -24.97 -12.906 -27.2711 -24.5706 -12.0172 -27.4954 
-24.1808 -11.1272 -27.7319 -23.8298 -10.2187 -27.9576 -23.5187 -9.288 -28.1473 
-23.2603 -8.32948 -28.2616 -23.0431 -7.35503 -28.3097 -22.8345 -6.37761 -28.2888 
-22.5981 -5.4115 -28.1921 -22.3006 -4.47157 -28.0301 -21.8951 -3.58175 -27.8284 
-21.3521 -2.77881 -27.5885 -20.686 -2.10339 -27.2888 -19.8876 -1.6229 -26.9412 
-19.0051 -1.27511 -26.6278 -18.0905 -0.938469 -26.4071 -17.1568 -0.616501 -26.2522 
-16.2003 -0.349591 -26.141 -15.2222 -0.156868 -26.0707 -14.2293 -0.0531921 -26.0392 
-13.2316 -0.0761413 -26.048 -12.2446 -0.225193 -26.0924 -11.275 -0.454899 -26.1663 
-10.3313 -0.766971 -26.2719 -9.40965 -1.12626 -26.4155 -8.50414 -1.48629 -26.6348 
-7.61681 -1.81348 -26.9581 -6.77949 -2.18501 -27.3485 -6.07124 -2.79533 -27.6807 
-5.51511 -3.57996 -27.9233 -5.19322 -4.50617 -28.0965 -5.04603 -5.48242 -28.2467 
-5.002 -6.47165 -28.3837 -4.98454 -7.46748 -28.4394 -4.89827 -8.45052 -28.3169 
-4.71898 -9.37545 -27.9892 -4.47689 -10.2213 -27.5175 -4.21244 -11.0103 -26.9631 
-3.97342 -11.7896 -26.3841 -3.79388 -12.5723 -25.7894 -3.69341 -13.3861 -25.2187 
-3.67563 -14.2475 -24.7141 -3.75464 -15.1587 -24.3134 -3.93916 -16.0965 -24.0291 
-4.21486 -17.0419 -23.8656 -4.55317 -17.9808 -23.8656 -4.87803 -18.9106 -24.0251 
-5.15481 -19.8302 -24.3011 -5.3709 -20.7511 -24.624 -5.57911 -21.6945 -24.8722 
-5.81218 -22.66 -24.9179 -6.07671 -23.6001 -24.7199 -6.33846 -24.4897 -24.3511 
-6.58473 -25.3118 -23.8419 -6.81763 -26.0434 -23.203 -7.05349 -26.7129 -22.4992 
-7.33473 -27.3334 -21.768 -7.6969 -27.9207 -21.0448 -8.11637 -28.4823 -20.3321 
-8.57827 -29.0155 -19.6236 -9.03431 -29.5062 -18.8815 -18.5159 -30.9458 -18.9305 
-18.9653 -30.5429 -19.3757 -19.5385 -29.9952 -19.9848 -20.0637 -29.4307 -20.6208 
-20.5186 -28.8514 -21.2967 -20.8911 -28.2637 -22.0128 -21.1543 -27.6673 -22.7706 
-21.3582 -27.0653 -23.5424 -21.5546 -26.4459 -24.3022 -21.8045 -25.7941 -25.017 
-22.1381 -25.0959 -25.6486 -22.5436 -24.3382 -26.1564 -23.0211 -23.5237 -26.4682 
-23.4758 -22.6402 -26.5309 -23.8061 -21.715 -26.3745 -24.0252 -20.7788 -26.1064 
-24.1602 -19.8428 -25.782 -24.2766 -18.8957 -25.4843 -24.3944 -17.9258 -25.2771 
-24.4883 -16.9354 -25.1916 -24.5251 -15.9392 -25.2374 -24.4809 -14.9584 -25.4158 
-24.3508 -14.0124 -25.7077 -24.1577 -13.1061 -26.082 -23.9121 -12.2311 -26.499 
-23.6382 -11.368 -26.9231 -23.3505 -10.4972 -27.3214 -23.0756 -9.59562 -27.6531 
-22.845 -8.65237 -27.8859 -22.6674 -7.67496 -27.9788 -22.5292 -6.68837 -27.9194 
-22.3773 -5.71675 -27.7442 -22.0798 -4.54126 -27.4512 -21.5829 -3.45037 -27.1121 
-20.9905 -2.72221 -26.7845 -20.2715 -2.14627 -26.4044 -19.4415 -1.73528 -26.0336 
-18.5581 -1.37439 -25.7359 -17.6467 -1.02353 -25.5251 -16.7083 -0.715359 -25.3708 
-15.7435 -0.479298 -25.2617 -14.7607 -0.31673 -25.1815 -13.7649 -0.250481 -25.1402 
-13.0164 -0.274178 -25.1455 -12.2731 -0.360981 -25.1809 -11.3006 -0.573345 -25.2626 
-10.3598 -0.88676 -25.3855 -9.44944 -1.26348 -25.5532 -8.56291 -1.6492 -25.8046 
-7.69714 -2.00841 -26.1519 -6.87988 -2.38427 -26.5862 -6.15098 -2.92601 -26.9874 
-5.57622 -3.67431 -27.298 -5.16109 -4.53788 -27.5704 -4.93184 -5.47707 -27.8171 
-4.83074 -6.44458 -28.0466 -4.75079 -7.4275 -28.1972 -4.60373 -8.41162 -28.174 
-4.38177 -9.35887 -27.9525 -4.09899 -10.2457 -27.5907 -3.784 -11.0907 -27.159 
-3.48528 -11.9215 -26.6895 -3.24279 -12.7617 -26.2056 -3.05858 -13.6245 -25.7364 
-2.93479 -14.5341 -25.3439 -2.89196 -15.4886 -25.053 -2.94318 -16.4732 -24.9085 
-3.07132 -17.4627 -24.9323 -3.25645 -18.4343 -25.0739 -3.4751 -19.3871 -25.2837 
-3.70882 -20.329 -25.5244 -3.97611 -21.2668 -25.744 -4.33245 -22.1939 -25.8284 
-4.73431 -23.0984 -25.7173 -5.13633 -23.9642 -25.4278 -5.48576 -24.7746 -24.9616 
-5.78481 -25.5356 -24.3887 -6.03023 -26.2437 -23.7273 -6.24145 -26.9111 -23.0136 
-6.47502 -27.5561 -22.2865 -6.77104 -28.1923 -21.5749 -7.14788 -28.8193 -20.8939 
-7.60914 -29.4286 -20.25 -8.13267 -30.0122 -19.6294 -8.67799 -30.5648 -18.9994 
-19.1877 -31.0566 -19.6534 -19.8062 -30.4839 -20.191 -20.3716 -29.8992 -20.7717 
-20.8586 -29.2978 -21.4043 -21.2433 -28.6824 -22.0899 -21.5298 -28.0618 -22.8183 
-21.7392 -27.4431 -23.5755 -21.9213 -26.8273 -24.3419 -22.1518 -26.1982 -25.0834 
-22.4682 -25.5462 -25.7715 -22.8873 -24.8673 -26.3699 -23.4117 -24.1642 -26.8442 
-23.9901 -23.3969 -27.1086 -24.5287 -22.5602 -27.1521 -24.9175 -21.6602 -26.9925 
-25.1224 -20.7241 -26.7115 -25.2362 -19.7749 -26.4209 -25.2934 -18.8085 -26.1726 
-25.3174 -17.8237 -26.0061 -25.29 -16.8277 -25.9351 -25.1983 -15.8336 -25.9625 
-25.0264 -14.86 -26.1055 -24.7933 -13.9142 -26.327 -24.5022 -13.0027 -26.6161 
-24.1836 -12.1152 -26.9486 -23.8569 -11.2351 -27.2932 -23.5349 -10.3436 -27.6113 
-23.1849 -9.18543 -27.9185 -22.9171 -7.97909 -28.091 -22.7406 -6.9963 -28.1068 
-22.5753 -6.01538 -28.0124 -22.3684 -5.054 -27.8373 -22.0594 -4.13033 -27.6167 
-21.6283 -3.26448 -27.3718 -21.0329 -2.52537 -27.071 -20.3039 -1.95254 -26.7139 
-19.4587 -1.56482 -26.3479 -18.5678 -1.21206 -26.0656 -17.6509 -0.865142 -25.8713 
-16.7101 -0.559761 -25.7276 -15.7437 -0.325626 -25.6285 -14.7609 -0.157696 -25.5595 
-13.7652 -0.0843773 -25.5284 -12.7684 -0.13628 -25.5445 -11.7864 -0.309215 -25.6013 
-10.83 -0.582439 -25.6947 -9.90157 -0.928828 -25.825 -8.99504 -1.30855 -26.0071 
-8.10814 -1.67005 -26.2896 -7.25359 -2.01604 -26.6747 -6.46055 -2.44087 -27.0942 
-5.7926 -3.10314 -27.4221 -5.29761 -3.9283 -27.6783 -5.00741 -4.85597 -27.8917 
-4.87288 -5.82628 -28.0872 -4.80019 -6.80915 -28.2549 -4.70002 -7.79999 -28.3166 
-4.5245 -8.77282 -28.1975 -4.26956 -9.68879 -27.8985 -3.9643 -10.5574 -27.5091 
-3.64294 -11.3993 -27.0758 -3.34668 -12.2344 -26.6129 -3.10354 -13.0862 -26.1493 
-2.9109 -13.9647 -25.7136 -2.7912 -14.8964 -25.3755 -2.76091 -15.8704 -25.1633 
-2.81395 -16.8647 -25.1063 -2.92943 -17.8527 -25.1923 -3.08934 -18.8242 -25.3643 
-3.27678 -19.7794 -25.593 -3.5068 -20.7236 -25.8249 -3.81738 -21.6558 -26.004 
-4.2339 -22.5599 -26.0144 -4.67659 -23.4324 -25.8226 -5.09199 -24.2657 -25.4624 
-5.44229 -25.0506 -24.9547 -5.72772 -25.7865 -24.3433 -5.95932 -26.4817 -23.6633 
-6.16133 -27.1422 -22.9404 -6.39713 -27.7889 -22.2159 -6.70215 -28.4304 -21.5131 
-7.10442 -29.0629 -20.8522 -7.58513 -29.6735 -20.2241 -8.11944 -30.2621 -19.6175 
-8.67839 -30.8204 -19.0049 -18.7897 -29.2785 -18.6254 -19.1754 -28.9362 -19.1699 
-19.6534 -28.4559 -19.9048 -20.0643 -27.9503 -20.6627 -20.4054 -27.4296 -21.445 
-20.6685 -26.8981 -22.2493 -20.8874 -26.3366 -23.0469 -21.1086 -25.7257 -23.8067 
-21.3927 -25.05 -24.4839 -21.7405 -24.3116 -25.0581 -22.1678 -23.5103 -25.4718 
-22.6413 -22.6595 -25.6778 -23.1255 -21.789 -25.6768 -23.5234 -20.887 -25.5234 
-23.8352 -19.9655 -25.2933 -24.1139 -19.0278 -25.0865 -24.36 -18.0676 -24.96 
-24.5582 -17.0896 -24.9251 -24.6857 -16.1031 -25.0082 -24.7234 -15.126 -25.2075 
-24.6584 -14.174 -25.5017 -24.5193 -13.2515 -25.8608 -24.3252 -12.3534 -26.2547 
-24.0847 -11.4645 -26.6441 -23.8183 -10.5688 -26.9993 -23.5352 -9.65293 -27.2822 
-23.2598 -8.70894 -27.456 -22.9965 -7.74718 -27.4792 -22.7314 -6.79604 -27.341 
-22.4582 -5.87698 -27.0597 -22.1553 -4.98757 -26.7188 -21.7366 -4.16384 -26.3418 
-21.2069 -3.42543 -25.9287 -20.5841 -2.80456 -25.4555 -19.9018 -2.30037 -24.9309 
-19.1566 -1.88639 -24.4089 -18.372 -1.48495 -23.9377 -17.531 -1.08188 -23.5801 
-16.6413 -0.691219 -23.348 -15.7065 -0.363602 -23.2243 -14.7313 -0.163281 -23.1538 
-13.7359 -0.0967256 -23.1153 -12.7389 -0.152534 -23.1039 -11.7563 -0.32988 -23.1117 
-10.8141 -0.647678 -23.1843 -9.93893 -1.06253 -23.4169 -9.15488 -1.49896 -23.8487 
-8.41413 -1.91673 -24.374 -7.68542 -2.30628 -24.9371 -6.97614 -2.72031 -25.5071 
-6.29033 -3.22764 -26.0247 -5.6767 -3.88554 -26.4564 -5.19387 -4.66878 -26.8415 
-4.81583 -5.51642 -27.2117 -4.50864 -6.39888 -27.5662 -4.23671 -7.31937 -27.8396 
-3.97025 -8.27359 -27.962 -3.67834 -9.22693 -27.9122 -3.34486 -10.1577 -27.767 
-2.97891 -11.0643 -27.5588 -2.6024 -11.9564 -27.3096 -2.24081 -12.8511 -27.0473 
-1.90928 -13.7595 -26.7936 -1.61525 -14.6903 -26.579 -1.38019 -15.6498 -26.4309 
-1.21778 -16.6333 -26.3671 -1.12402 -17.6278 -26.3887 -1.09229 -18.6214 -26.4866 
-1.17043 -19.6045 -26.6349 -1.43787 -20.5502 -26.7894 -1.91095 -21.4216 -26.9007 
-2.52215 -22.2099 -26.9188 -3.17489 -22.9613 -26.8295 -3.78548 -23.713 -26.5933 
-4.32783 -24.4562 -26.2073 -4.79074 -25.1772 -25.6949 -5.17864 -25.8731 -25.0916 
-5.46669 -26.5573 -24.423 -5.69275 -27.2302 -23.719 -5.89925 -27.8969 -23.0028 
-6.13762 -28.5651 -22.299 -6.46546 -29.2287 -21.6278 -6.8854 -29.8797 -20.9963 
-7.37117 -30.5153 -20.3974 -7.9138 -31.1432 -19.8396 -20.0353 -31.0536 -20.3564 
-20.4965 -30.604 -20.7404 -21.0485 -29.9887 -21.3011 -21.5056 -29.3528 -21.9207 
-21.9091 -28.5462 -22.7837 -22.1883 -27.7532 -23.7072 -22.3754 -27.1309 -24.4672 
-22.5889 -26.5092 -25.2204 -22.8862 -25.8881 -25.9436 -23.324 -25.2761 -26.6003 
-23.8725 -24.6644 -27.1663 -24.5093 -24.0401 -27.6139 -25.1822 -23.353 -27.8776 
-25.7845 -22.5641 -27.9317 -26.2812 -21.7085 -27.8135 -26.6199 -20.7959 -27.6074 
-26.765 -19.8406 -27.3603 -26.7642 -18.8677 -27.1349 -26.6711 -17.8863 -26.9725 
-26.5033 -16.9055 -26.8839 -26.2689 -15.9343 -26.8731 -25.9746 -14.9818 -26.9403 
-25.6219 -14.0569 -27.0793 -25.236 -13.1516 -27.2558 -24.8343 -12.2587 -27.4597 
-24.4371 -11.366 -27.6724 -24.0694 -10.46 -27.881 -23.7461 -9.53078 -28.0581 
-23.4662 -8.57786 -28.1686 -23.2249 -7.60865 -28.2045 -23.0042 -6.63404 -28.1782 
-22.7767 -5.66532 -28.0827 -22.5049 -4.71756 -27.9207 -22.1439 -3.80932 -27.7169 
-21.6488 -2.97716 -27.4743 -21.049 -2.23524 -27.1841 -20.3056 -1.68102 -26.8204 
-19.463 -1.29511 -26.4527 -18.5666 -0.947386 -26.1826 -17.6457 -0.60326 -26.0014 
-16.7029 -0.298573 -25.8679 -15.7372 -0.0576783 -25.7792 -14.7531 0.109886 -25.727 
-13.758 0.191288 -25.7069 -12.7622 0.129574 -25.7234 -11.7837 -0.0638085 -25.7729 
-10.8303 -0.350922 -25.8575 -9.90132 -0.698128 -25.9822 -8.99164 -1.0739 -26.1572 
-8.10075 -1.42882 -26.4345 -7.24755 -1.76537 -26.8296 -6.45549 -2.18421 -27.255 
-5.78862 -2.85166 -27.574 -5.29283 -3.67998 -27.8111 -4.97612 -4.60627 -28.0008 
-4.81044 -5.57629 -28.1755 -4.69054 -6.55518 -28.3389 -4.56476 -7.5421 -28.4212 
-4.38493 -8.52092 -28.3594 -4.13155 -9.46208 -28.1442 -3.81366 -10.3587 -27.8376 
-3.45827 -11.2262 -27.4901 -3.10034 -12.082 -27.1166 -2.75877 -12.9461 -26.7475 
-2.45507 -13.8414 -26.4229 -2.20875 -14.7733 -26.1602 -2.04435 -15.7421 -25.9839 
-1.95436 -16.7337 -25.9183 -1.92838 -17.7308 -25.975 -1.94537 -18.72 -26.1164 
-2.00458 -19.697 -26.3194 -2.17566 -20.6518 -26.5441 -2.55988 -21.5545 -26.7111 
-3.09999 -22.3927 -26.7584 -3.67608 -23.2025 -26.6714 -4.22264 -24.0026 -26.4299 
-4.70936 -24.771 -26.0195 -5.14357 -25.4939 -25.4853 -5.49785 -26.197 -24.8699 
-5.77279 -26.8827 -24.1966 -5.99564 -27.5593 -23.4951 -6.22402 -28.2308 -22.7903 
-6.51509 -28.8983 -22.1058 -6.88762 -29.5546 -21.4511 -7.33086 -30.1957 -20.8253 
-7.83689 -30.8278 -20.239 -18.909 -30.7021 -19.175 -19.508 -30.1571 -19.7616 
-20.0554 -29.5931 -20.379 -20.5428 -29.0166 -21.034 -20.9453 -28.429 -21.7342 
-21.2431 -27.8347 -22.4807 -21.4632 -27.2365 -23.2505 -21.6529 -26.6266 -24.0198 
-21.8732 -25.9954 -24.763 -22.1714 -25.3261 -25.4422 -22.5596 -24.6046 -26.0104 
-23.0416 -23.842 -26.4331 -23.5625 -23.021 -26.6402 -23.9999 -22.1305 -26.6001 
-24.2826 -21.2007 -26.3775 -24.463 -20.2617 -26.0854 -24.5942 -19.3132 -25.7977 
-24.7001 -18.3452 -25.5728 -24.7771 -17.357 -25.4495 -24.8007 -16.3588 -25.4387 
-24.7519 -15.3675 -25.5457 -24.6231 -14.4026 -25.7669 -24.4267 -13.4767 -26.0857 
-24.1737 -12.5841 -26.4585 -23.8921 -11.7088 -26.8514 -23.5975 -10.833 -27.2334 
-23.304 -9.9375 -27.5662 -23.045 -9.00583 -27.8166 -22.8382 -8.03973 -27.9587 
-22.6725 -7.05548 -27.962 -22.5138 -6.07749 -27.8349 -22.3058 -5.1237 -27.622 
-22.008 -4.20371 -27.372 -21.5883 -3.34013 -27.1008 -20.9893 -2.61826 -26.7704 
-20.2589 -2.06089 -26.3876 -19.419 -1.66693 -26.0168 -18.5342 -1.30644 -25.723 
-17.6218 -0.955736 -25.5159 -16.6828 -0.647953 -25.3643 -15.7178 -0.411686 -25.2587 
-14.7315 -0.26844 -25.1884 -13.7339 -0.232784 -25.1624 -12.9864 -0.279831 -25.1805 
-12.2455 -0.384315 -25.2215 -11.2733 -0.597904 -25.305 -10.3332 -0.912927 -25.4287 
-9.42318 -1.29047 -25.5965 -8.53634 -1.675 -25.8486 -7.66995 -2.03301 -26.1956 
-6.85357 -2.41027 -26.6303 -6.12827 -2.96027 -27.0256 -5.56151 -3.71661 -27.3313 
-5.15847 -4.5871 -27.5991 -4.94567 -5.53131 -27.841 -4.86192 -6.50309 -28.0584 
-4.79241 -7.48895 -28.1944 -4.6509 -8.47281 -28.1529 -4.42772 -9.41003 -27.898 
-4.14571 -10.2838 -27.5042 -3.84169 -11.1197 -27.0474 -3.56585 -11.9417 -26.5495 
-3.34835 -12.7707 -26.0353 -3.19113 -13.624 -25.5401 -3.10584 -14.5273 -25.1239 
-3.1104 -15.477 -24.819 -3.20233 -16.4577 -24.6637 -3.3718 -17.441 -24.6688 
-3.58776 -18.4061 -24.8101 -3.82804 -19.3509 -25.0317 -4.09541 -20.2831 -25.2755 
-4.36644 -21.2199 -25.4962 -4.66996 -22.1641 -25.6035 -5.02339 -23.0884 -25.5026 
-5.38165 -23.9639 -25.1887 -5.70755 -24.7845 -24.7239 -5.99658 -25.5431 -24.1414 
-6.23439 -26.2502 -23.4767 -6.45126 -26.9137 -22.7608 -6.70064 -27.5502 -22.0314 
-7.0114 -28.1761 -21.3166 -7.41262 -28.7863 -20.6349 -7.89211 -29.3759 -19.9853 
-8.41374 -29.9375 -19.3433 -8.93815 -30.4681 -18.6777 -19.8766 -31.1355 -20.2484 
-20.3462 -30.6882 -20.6248 -20.9126 -30.0786 -21.1775 -21.3969 -29.4489 -21.7832 
-21.7642 -28.8055 -22.4529 -22.0341 -28.1645 -23.1694 -22.227 -27.5374 -23.924 
-22.4123 -26.9158 -24.685 -22.6545 -26.2948 -25.43 -22.9935 -25.669 -26.1297 
-23.4576 -25.0525 -26.7633 -24.0409 -24.428 -27.2792 -24.6911 -23.7728 -27.6598 
-25.3346 -23.0354 -27.8319 -25.9057 -22.219 -27.8127 -26.3347 -21.3354 -27.6408 
-26.5832 -20.3993 -27.4067 -26.6615 -19.4348 -27.1636 -26.6206 -18.4563 -26.9689 
-26.4922 -17.4737 -26.8384 -26.3035 -16.4942 -26.7832 -26.0462 -15.5295 -26.8142 
-25.7295 -14.587 -26.9181 -25.3719 -13.6683 -27.0823 -24.986 -12.7692 -27.2884 
-24.5903 -11.8778 -27.509 -24.2057 -10.983 -27.7355 -23.8614 -10.0683 -27.9458 
-23.565 -9.12617 -28.0992 -23.3087 -8.1643 -28.1869 -23.0862 -7.18987 -28.2048 
-22.872 -6.21513 -28.1489 -22.6367 -5.25195 -28.0238 -22.3264 -4.32146 -27.833 
-21.9083 -3.44253 -27.6117 -21.3619 -2.64868 -27.3496 -20.6902 -1.9918 -27.024 
-19.893 -1.52618 -26.6508 -19.018 -1.17393 -26.3226 -18.1064 -0.825745 -26.1059 
-17.1734 -0.501408 -25.952 -16.2192 -0.227192 -25.8386 -15.2425 -0.0273742 -25.7687 
-14.2507 0.0884859 -25.7343 -13.0043 0.0763678 -25.7392 -11.7735 -0.123677 -25.7925 
-10.8197 -0.408268 -25.8792 -9.89048 -0.755085 -26.0042 -8.97894 -1.13003 -26.1714 
-8.08829 -1.48444 -26.4502 -7.23492 -1.82272 -26.8436 -6.44306 -2.24498 -27.2654 
-5.77927 -2.91714 -27.5814 -5.29359 -3.75154 -27.8162 -4.99116 -4.68301 -28.004 
-4.84318 -5.65612 -28.1771 -4.74494 -6.63805 -28.3362 -4.63729 -7.62765 -28.4072 
-4.46592 -8.60567 -28.322 -4.21645 -9.53918 -28.0722 -3.90389 -10.4243 -27.7291 
-3.56123 -11.2801 -27.3417 -3.22903 -12.1257 -26.924 -2.91914 -12.9826 -26.5126 
-2.66102 -13.8737 -26.1408 -2.45643 -14.7992 -25.8247 -2.34035 -15.7713 -25.6319 
-2.30467 -16.767 -25.5751 -2.32884 -17.7631 -25.6431 -2.40025 -18.7466 -25.8038 
-2.51147 -19.7171 -26.0167 -2.71729 -20.6692 -26.233 -3.06819 -21.5888 -26.3997 
-3.55079 -22.4601 -26.4324 -4.0751 -23.2986 -26.2973 -4.56192 -24.1052 -25.971 
-4.99085 -24.8723 -25.4977 -5.33875 -25.6081 -24.9189 -5.61586 -26.315 -24.2698 
-5.8296 -26.9944 -23.5681 -6.02592 -27.655 -22.8435 -6.25862 -28.314 -22.1289 
-6.58842 -28.9686 -21.4499 -6.99761 -29.615 -20.8067 -7.49072 -30.2384 -20.2011 
-8.04295 -30.8454 -19.6299 -18.1937 -29.1122 -18.8123 -18.6841 -28.6955 -19.5774 
-19.1195 -28.2432 -20.3552 -19.4951 -27.759 -21.1448 -19.8118 -27.2498 -21.9444 
-20.0489 -26.7031 -22.747 -20.2651 -26.09 -23.5057 -20.496 -25.3839 -24.1728 
-20.7659 -24.5672 -24.6745 -21.0861 -23.6793 -24.9905 -21.4015 -22.7362 -25.0515 
-21.6917 -21.8018 -24.8718 -21.9514 -20.894 -24.5437 -22.2357 -19.9944 -24.2149 
-22.5923 -19.0862 -24.0072 -22.9888 -18.1712 -23.9485 -23.3551 -17.2439 -24.0027 
-23.6537 -16.3074 -24.1813 -23.8503 -15.3688 -24.4571 -23.9193 -14.4432 -24.8236 
-23.8841 -13.5487 -25.2663 -23.7664 -12.6861 -25.7569 -23.5884 -11.8477 -26.2713 
-23.3615 -11.0078 -26.7638 -23.1068 -10.1406 -27.1905 -22.864 -9.22752 -27.5145 
-22.6501 -8.27398 -27.7139 -22.4797 -7.2927 -27.6965 -22.3286 -6.32378 -27.511 
-22.149 -5.37861 -27.2402 -21.8864 -4.46354 -26.941 -21.4394 -3.64082 -26.5971 
-20.8521 -2.93485 -26.2142 -20.1276 -2.41164 -25.7707 -19.3391 -1.98703 -25.3277 
-18.4923 -1.59953 -24.9647 -17.6058 -1.22565 -24.694 -16.6856 -0.889118 -24.4978 
-15.7297 -0.628044 -24.3728 -14.7467 -0.473625 -24.2864 -13.7498 -0.429332 -24.2439 
-13.0007 -0.449806 -24.2429 -12.2557 -0.523094 -24.2698 -11.2819 -0.727345 -24.3494 
-10.3455 -1.04524 -24.4924 -9.45543 -1.43587 -24.7202 -8.60766 -1.84588 -25.0553 
-7.79313 -2.23349 -25.4846 -7.0242 -2.63077 -25.9847 -6.31334 -3.15757 -26.4387 
-5.70043 -3.84242 -26.8263 -5.23306 -4.65458 -27.166 -4.92313 -5.54744 -27.4876 
-4.72003 -6.47952 -27.7852 -4.55746 -7.43947 -28.01 -4.36455 -8.41415 -28.0548 
-4.10874 -9.36259 -27.8835 -3.79985 -10.264 -27.5825 -3.47004 -11.1319 -27.2118 
-3.15359 -11.9895 -26.8064 -2.86955 -12.8523 -26.3885 -2.64737 -13.7409 -25.9888 
-2.48309 -14.663 -25.643 -2.40498 -15.6291 -25.4063 -2.41937 -16.6215 -25.304 
-2.50382 -17.616 -25.3354 -2.64388 -18.597 -25.4646 -2.8311 -19.5609 -25.652 
-3.08847 -20.5056 -25.8496 -3.45222 -21.4235 -26.0009 -3.91353 -22.3077 -26.0306 
-4.40985 -23.1604 -25.8819 -4.85271 -23.9875 -25.5434 -5.2392 -24.7773 -25.0704 
-5.54355 -25.5262 -24.4844 -5.78541 -26.2269 -23.8142 -5.98587 -26.8887 -23.0919 
-6.20196 -27.5326 -22.3586 -6.48131 -28.1729 -21.644 -6.85736 -28.8064 -20.969 
-7.31236 -29.4272 -20.3319 -7.8398 -30.0207 -19.7243 -8.40503 -30.5928 -19.1302 
-18.8722 -30.9815 -19.1011 -19.3428 -30.5688 -19.5144 -19.9418 -30.0078 -20.0849 
-20.4879 -29.4324 -20.6931 -20.948 -28.8417 -21.3543 -21.3155 -28.2422 -22.0639 
-21.5716 -27.6387 -22.8181 -21.7675 -27.0341 -23.5901 -21.9578 -26.4198 -24.3556 
-22.2031 -25.7794 -25.0825 -22.5311 -25.1059 -25.7425 -22.9838 -24.3941 -26.2749 
-23.5332 -23.6537 -26.6569 -24.1045 -22.8648 -26.8529 -24.594 -22.0009 -26.8116 
-24.9226 -21.0831 -26.6054 -25.1035 -20.1373 -26.3377 -25.2315 -19.1768 -26.0924 
-25.3037 -18.1947 -25.9222 -25.3265 -17.2004 -25.8298 -25.2839 -16.2025 -25.834 
-25.1705 -15.2161 -25.9395 -24.9782 -14.2591 -26.1526 -24.7209 -13.3333 -26.4287 
-24.4244 -12.4322 -26.7441 -24.1126 -11.5434 -27.08 -23.7953 -10.6506 -27.3993 
-23.492 -9.73743 -27.6699 -23.2233 -8.79507 -27.862 -23.0038 -7.82487 -27.9546 
-22.8144 -6.84469 -27.9365 -22.6161 -5.87537 -27.799 -22.3645 -4.93343 -27.5801 
-22.0322 -4.02606 -27.326 -21.5796 -3.18291 -27.0482 -20.9736 -2.46568 -26.7162 
-20.2363 -1.92293 -26.3261 -19.3938 -1.53758 -25.9517 -18.5083 -1.17622 -25.6613 
-17.5977 -0.820881 -25.4534 -16.6609 -0.507107 -25.3025 -15.6963 -0.266384 -25.2024 
-14.7103 -0.119095 -25.1381 -13.7126 -0.0841484 -25.1167 -12.9656 -0.137161 -25.1353 
-12.2271 -0.256207 -25.1772 -11.2623 -0.500576 -25.2648 -10.3236 -0.820961 -25.3865 
-9.41422 -1.1999 -25.5546 -8.52768 -1.58542 -25.8057 -7.66283 -1.94193 -26.158 
-6.84645 -2.31656 -26.5952 -6.12134 -2.86362 -26.9949 -5.54428 -3.61151 -27.3043 
-5.12197 -4.47208 -27.5754 -4.87831 -5.40837 -27.8209 -4.74594 -6.37213 -28.0501 
-4.63194 -7.35117 -28.2081 -4.46339 -8.33305 -28.2127 -4.22918 -9.28719 -28.037 
-3.92953 -10.1864 -27.7221 -3.5964 -11.051 -27.3467 -3.26997 -11.9018 -26.9352 
-2.97226 -12.76 -26.5174 -2.71952 -13.6395 -26.1157 -2.53221 -14.559 -25.7739 
-2.41838 -15.5217 -25.5379 -2.39212 -16.514 -25.4361 -2.43448 -17.5112 -25.4688 
-2.52661 -18.4971 -25.6032 -2.66283 -19.4674 -25.8007 -2.8633 -20.4223 -26.0173 
-3.19462 -21.3479 -26.1828 -3.65068 -22.2336 -26.228 -4.15868 -23.0844 -26.1088 
-4.64167 -23.909 -25.8205 -5.05573 -24.6934 -25.3633 -5.39538 -25.4436 -24.7989 
-5.6543 -26.1502 -24.1415 -5.86195 -26.8242 -23.4332 -6.05771 -27.4758 -22.7006 
-6.30859 -28.1254 -21.9834 -6.64881 -28.7704 -21.3011 -7.07072 -29.4079 -20.6572 
-7.5768 -30.0185 -20.049 -8.13647 -30.6085 -19.4674 -18.5224 -30.4233 -18.6756 
-18.955 -30.045 -19.1573 -19.5026 -29.523 -19.8111 -19.9906 -28.9762 -20.4907 
-20.4118 -28.4169 -21.2042 -20.7464 -27.8494 -21.9552 -21.0014 -27.2749 -22.7321 
-21.199 -26.6846 -23.5147 -21.4124 -26.0595 -24.2649 -21.6789 -25.3897 -24.9562 
-22.0267 -24.6544 -25.5347 -22.4404 -23.8613 -25.9732 -22.9029 -23.0092 -26.1978 
-23.3344 -22.1136 -26.1842 -23.6527 -21.1903 -25.9827 -23.8661 -20.2595 -25.6882 
-24.0345 -19.3208 -25.388 -24.2052 -18.3634 -25.1576 -24.3626 -17.3846 -25.0377 
-24.4711 -16.3923 -25.0457 -24.5039 -15.4051 -25.188 -24.442 -14.4439 -25.4492 
-24.2978 -13.52 -25.8002 -24.0992 -12.6294 -26.2082 -23.8545 -11.7589 -26.635 
-23.5844 -10.8886 -27.0466 -23.3035 -9.99903 -27.4049 -23.0446 -9.07253 -27.6733 
-22.8284 -8.1095 -27.819 -22.6469 -7.12881 -27.8039 -22.4725 -6.15904 -27.6405 
-22.2612 -5.21479 -27.3903 -21.9772 -4.29857 -27.111 -21.5395 -3.45805 -26.8001 
-20.9339 -2.75767 -26.4362 -20.2107 -2.20849 -26.0265 -19.3948 -1.79837 -25.62 
-18.5336 -1.41963 -25.2835 -17.6336 -1.05629 -25.0473 -16.7029 -0.733669 -24.8772 
-15.7427 -0.482681 -24.7626 -14.762 -0.310398 -24.6782 -13.7669 -0.239609 -24.6313 
-13.0181 -0.259712 -24.6316 -12.2744 -0.343128 -24.6619 -11.3021 -0.557285 -24.7398 
-10.3651 -0.878307 -24.8702 -9.46176 -1.26546 -25.0527 -8.59014 -1.66395 -25.3323 
-7.7488 -2.03575 -25.7235 -6.94342 -2.41445 -26.1782 -6.21724 -2.93543 -26.6167 
-5.59188 -3.62083 -26.9805 -5.11771 -4.43917 -27.295 -4.79476 -5.33649 -27.592 
-4.557 -6.26363 -27.8797 -4.35809 -7.21574 -28.11 -4.13725 -8.18532 -28.184 
-3.87765 -9.14604 -28.1077 -3.56347 -10.0772 -27.9254 -3.19847 -10.976 -27.6838 
-2.81311 -11.8583 -27.4138 -2.43588 -12.742 -27.1369 -2.08288 -13.6395 -26.8732 
-1.76727 -14.5623 -26.6554 -1.50514 -15.5154 -26.5108 -1.30739 -16.4929 -26.4545 
-1.17136 -17.4822 -26.4875 -1.08993 -18.4716 -26.6 -1.10328 -19.4545 -26.7698 
-1.28385 -20.4174 -26.9583 -1.69811 -21.3102 -27.0996 -2.27901 -22.1197 -27.1655 
-2.91473 -22.8899 -27.1324 -3.5487 -23.6465 -26.9811 -4.14312 -24.3943 -26.6944 
-4.66694 -25.118 -26.2488 -5.14515 -25.7999 -25.6978 -5.54794 -26.4661 -25.0711 
-5.86302 -27.1394 -24.4032 -6.12679 -27.815 -23.7149 -6.37938 -28.4963 -23.0279 
-6.6769 -29.1705 -22.3528 -7.04552 -29.8305 -21.6985 -7.47764 -30.4747 -21.068 
-7.95949 -31.124 -20.4799 -20.373 -31.0532 -20.5667 -20.9797 -30.4443 -21.076 
-21.4933 -29.8102 -21.6529 -21.8952 -29.1585 -22.293 -22.1814 -28.5063 -22.994 
-22.4013 -27.8652 -23.7288 -22.5859 -27.2381 -24.4856 -22.7893 -26.6171 -25.2421 
-23.0774 -26.0037 -25.9755 -23.4924 -25.406 -26.6587 -24.0424 -24.8287 -27.2588 
-24.6914 -24.2672 -27.77 -25.3908 -23.6637 -28.1426 -26.0041 -22.9067 -28.2575 
-26.4724 -22.0334 -28.135 -26.8361 -21.1231 -27.9421 -27.039 -20.1763 -27.704 
-27.0806 -19.2106 -27.4574 -26.9902 -18.2367 -27.2547 -26.826 -17.2597 -27.1236 
-26.5932 -16.2892 -27.0755 -26.2961 -15.3356 -27.0993 -25.9411 -14.4061 -27.1926 
-25.5408 -13.5004 -27.3309 -25.1237 -12.6073 -27.4991 -24.7105 -11.7164 -27.6873 
-24.3169 -10.8172 -27.877 -23.9715 -9.89499 -28.0497 -23.6665 -8.95129 -28.1726 
-23.4021 -7.9887 -28.2211 -23.164 -7.01786 -28.2048 -22.9315 -6.04797 -28.1357 
-22.6735 -5.09138 -28.0054 -22.3431 -4.16817 -27.8159 -21.9082 -3.29743 -27.5927 
-21.3533 -2.5106 -27.3264 -20.6773 -1.86142 -26.9944 -19.8796 -1.40429 -26.6124 
-19.0035 -1.0559 -26.2832 -18.0949 -0.707485 -26.0554 -17.1628 -0.380246 -25.902 
-16.2095 -0.101681 -25.7914 -15.2311 0.0935251 -25.7306 -14.239 0.203789 -25.7029 
-13.2416 0.178608 -25.7118 -12.2545 0.0257911 -25.7498 -11.2868 -0.21268 -25.8151 
-10.3464 -0.535114 -25.92 -9.42826 -0.901516 -26.0683 -8.52777 -1.27414 -26.2866 
-7.65167 -1.61195 -26.6269 -6.82298 -1.96263 -27.0618 -6.09559 -2.52064 -27.432 
-5.40049 -3.49274 -27.7598 -4.97628 -4.63573 -28.0042 -4.81569 -5.60671 -28.1784 
-4.70083 -6.58642 -28.3404 -4.57876 -7.57403 -28.4188 -4.39999 -8.55244 -28.35 
-4.14649 -9.4914 -28.1255 -3.82891 -10.385 -27.8102 -3.47585 -11.2498 -27.4534 
-3.12362 -12.1035 -27.0699 -2.78905 -12.9665 -26.6917 -2.49509 -13.8616 -26.3578 
-2.26118 -14.7943 -26.0872 -2.09737 -15.76 -25.8922 -2.02572 -16.7539 -25.8333 
-2.01328 -17.7511 -25.8881 -2.04798 -18.7401 -26.0276 -2.13469 -19.7158 -26.2244 
-2.33025 -20.6685 -26.4431 -2.71323 -21.5735 -26.6021 -3.24493 -22.4171 -26.6306 
-3.80466 -23.2344 -26.5126 -4.33589 -24.0324 -26.2334 -4.8021 -24.7997 -25.7989 
-5.1971 -25.5238 -25.2359 -5.50709 -26.2302 -24.6008 -5.74238 -26.9122 -23.909 
-5.94771 -27.5807 -23.1942 -6.16745 -28.2461 -22.4814 -6.46194 -28.9082 -21.7929 
-6.84954 -29.5613 -21.1436 -7.31143 -30.198 -20.5273 -7.84347 -30.8191 -19.9523 
-17.3679 -21.1379 -11.3759 -17.7519 -20.9365 -12.2765 -18.0839 -20.739 -13.1986 
-18.4027 -20.5196 -14.1206 -18.7281 -20.2677 -15.0318 -19.0636 -19.9898 -15.9319 
-19.3902 -19.6926 -16.8291 -19.6985 -19.3777 -17.7267 -20.0011 -19.0459 -18.6202 
-20.328 -18.6852 -19.4933 -20.7158 -18.25 -20.3037 -21.1712 -17.7249 -21.0201 
-21.6479 -17.1265 -21.6628 -22.1222 -16.4824 -22.2625 -22.5446 -15.76 -22.8076 
-22.8844 -14.9846 -23.3378 -23.1179 -14.1899 -23.8967 -23.2612 -13.4001 -24.4914 
-23.2812 -12.6199 -25.1147 -23.2121 -11.8462 -25.7435 -23.0538 -11.0614 -26.3418 
-22.8458 -10.243 -26.8766 -22.625 -9.37308 -27.3147 -22.4221 -8.43085 -27.5604 
-22.2682 -7.44992 -27.5373 -22.1486 -6.48454 -27.3162 -22.0034 -5.54309 -27.0139 
-21.7348 -4.64629 -26.6686 -21.2995 -3.83914 -26.2837 -20.7039 -3.16647 -25.8481 
-20.025 -2.64122 -25.3418 -19.2968 -2.21294 -24.8071 -18.5295 -1.80839 -24.3102 
-17.7194 -1.40734 -23.8844 -16.8611 -1.01631 -23.5617 -15.9359 -0.685401 -23.3872 
-14.9665 -0.4655 -23.297 -13.9734 -0.372234 -23.2466 -12.9751 -0.395393 -23.2285 
-11.9888 -0.547195 -23.2442 -11.0335 -0.827518 -23.3228 -10.1369 -1.20512 -23.5349 
-9.36929 -1.63935 -23.9963 -8.63634 -2.06252 -24.5289 -7.9085 -2.45364 -25.0917 
-7.19219 -2.86064 -25.6576 -6.49302 -3.34952 -26.1729 -5.89748 -4.0258 -26.5978 
-5.44092 -4.82663 -26.9775 -5.14444 -5.70876 -27.3349 -4.97446 -6.63691 -27.6627 
-4.86776 -7.60396 -27.8762 -4.71474 -8.58406 -27.8554 -4.48808 -9.50926 -27.566 
-4.22367 -10.3626 -27.1187 -3.97147 -11.1719 -26.589 -3.78212 -11.9615 -26.0066 
-3.67959 -12.754 -25.4068 -3.65332 -13.5688 -24.8295 -3.7204 -14.4227 -24.3165 
-3.89764 -15.305 -23.8846 -4.16452 -16.2076 -23.5497 -4.54655 -17.0939 -23.2939 
-5.05138 -17.9086 -23.0183 -5.63789 -18.5568 -22.5629 -6.19556 -18.9889 -21.8629 
-6.6268 -19.287 -21.0138 -6.97156 -19.5853 -20.1243 -7.26787 -19.9101 -19.2262 
-7.56197 -20.2504 -18.3332 -7.88138 -20.5993 -17.4522 -8.22618 -20.9492 -16.5812 
-8.59679 -21.2945 -15.7192 -8.9826 -21.6329 -14.8608 -9.37446 -21.9861 -14.0114 
-9.77248 -22.362 -13.1747 -10.1848 -22.758 -12.3546 -17.5611 -17.9942 -11.8443 
-17.8436 -18.0612 -12.8011 -18.089 -18.1003 -13.7695 -18.3274 -18.0854 -14.7401 
-18.5653 -17.995 -15.7069 -18.8062 -17.8578 -16.6675 -19.0671 -17.6879 -17.6176 
-19.3598 -17.4757 -18.5497 -19.6945 -17.1659 -19.4371 -20.0802 -16.6532 -20.1949 
-20.4769 -15.9931 -20.8316 -20.8643 -15.2955 -21.4343 -21.2407 -14.5973 -22.0431 
-21.5831 -13.9023 -22.6749 -21.8629 -13.212 -23.3417 -22.0606 -12.5327 -24.047 
-22.1761 -11.8663 -24.7826 -22.1978 -11.2114 -25.5374 -22.1394 -10.5517 -26.2859 
-22.0229 -9.86472 -27.0021 -21.8895 -9.11341 -27.646 -21.8072 -8.21397 -28.0261 
-21.8102 -7.22359 -27.9907 -21.8575 -6.24976 -27.7709 -21.7846 -5.29041 -27.5048 
-21.5392 -4.3694 -27.2137 -21.0682 -3.55995 -26.8855 -20.4086 -2.92092 -26.5052 
-19.618 -2.47513 -26.0886 -18.7652 -2.1028 -25.7235 -17.8762 -1.74712 -25.438 
-16.9569 -1.42246 -25.2189 -16.0032 -1.17088 -25.0614 -15.0192 -1.03714 -24.9504 
-14.0257 -0.966125 -24.8647 -13.0268 -0.968014 -24.8509 -12.0311 -1.03478 -24.9035 
-11.0605 -1.23396 -25.0219 -10.1328 -1.55679 -25.2006 -9.24848 -1.94228 -25.4604 
-8.39273 -2.33125 -25.7973 -7.57483 -2.69876 -26.2391 -6.78974 -3.10249 -26.708 
-6.08694 -3.67703 -27.1095 -5.60956 -4.49247 -27.4122 -5.36802 -5.41743 -27.6905 
-5.32193 -6.3801 -27.951 -5.37597 -7.3577 -28.1376 -5.36754 -8.33408 -28.0688 
-5.26787 -9.199 -27.592 -5.1207 -9.95142 -26.9514 -4.99514 -10.6371 -26.236 
-4.94538 -11.2754 -25.4694 -5.00378 -11.8995 -24.6912 -5.18264 -12.532 -23.9392 
-5.45035 -13.1716 -23.2197 -5.78716 -13.8107 -22.5284 -6.15514 -14.4494 -21.8528 
-6.55069 -15.0905 -21.1952 -6.96177 -15.7171 -20.5331 -7.36723 -16.2678 -19.8072 
-7.73131 -16.6208 -18.9496 -8.04478 -16.8476 -18.0285 -8.3279 -17.0318 -17.0873 
-8.60381 -17.2048 -16.1418 -8.88153 -17.3561 -15.1933 -9.16588 -17.4657 -14.2411 
-9.4689 -17.5285 -13.2904 -9.802 -17.5606 -12.3484 -17.0975 -21.2597 -11.2014 
-17.4006 -21.1217 -11.8729 -17.7447 -20.9429 -12.7945 -18.0564 -20.7532 -13.7254 
-18.3604 -20.5309 -14.6517 -18.679 -20.2799 -15.5656 -19.0054 -20.0044 -16.4698 
-19.3204 -19.7086 -17.3716 -19.6231 -19.396 -18.2719 -19.9371 -19.0693 -19.1631 
-20.2929 -18.6994 -20.02 -20.716 -18.2387 -20.7975 -21.1977 -17.6859 -21.4757 
-21.6827 -17.0555 -22.0796 -22.1352 -16.3521 -22.6268 -22.5239 -15.5873 -23.139 
-22.8201 -14.7861 -23.6571 -23.0046 -13.9825 -24.22 -23.0737 -13.1905 -24.8243 
-23.0219 -12.4222 -25.4613 -22.8877 -11.6691 -26.1049 -22.7073 -10.9139 -26.7347 
-22.4955 -10.1362 -27.3264 -22.291 -9.31718 -27.8596 -22.1292 -8.39772 -28.2021 
-22.0394 -7.41201 -28.2785 -22.0102 -6.41996 -28.1737 -21.9479 -5.44108 -27.9852 
-21.728 -4.49524 -27.7563 -21.3031 -3.63438 -27.4951 -20.6665 -2.93985 -27.1848 
-19.8645 -2.47071 -26.8234 -18.9963 -2.10082 -26.496 -18.0927 -1.76633 -26.229 
-17.1654 -1.44998 -26.0315 -16.2128 -1.18611 -25.8839 -15.2369 -1.00495 -25.7692 
-14.2451 -0.913719 -25.6894 -13.2464 -0.910019 -25.667 -12.2514 -0.984583 -25.7174 
-11.2716 -1.14745 -25.8167 -10.3244 -1.43657 -25.9482 -9.40791 -1.7937 -26.1257 
-8.51307 -2.1582 -26.3797 -7.64554 -2.50451 -26.7344 -6.81602 -2.8751 -27.1513 
-6.08179 -3.43609 -27.5095 -5.60121 -4.26231 -27.7633 -5.42272 -5.22039 -27.9642 
-5.44116 -6.19802 -28.1618 -5.54636 -7.17564 -28.3424 -5.61568 -8.11845 -28.1691 
-5.61373 -8.88535 -27.5567 -5.55937 -9.57883 -26.8384 -5.52577 -10.2237 -26.076 
-5.58348 -10.8268 -25.2817 -5.72684 -11.4285 -24.4969 -5.94872 -12.0541 -23.7495 
-6.24283 -12.6956 -23.0416 -6.57983 -13.3493 -22.3645 -6.94334 -14.0195 -21.7174 
-7.33089 -14.6952 -21.0905 -7.7323 -15.345 -20.446 -8.12371 -15.8994 -19.7164 
-8.49372 -16.1833 -18.8392 -8.85775 -16.3239 -17.9189 -9.22877 -16.4212 -16.9955 
-9.6267 -16.4727 -16.0799 -10.0726 -16.4691 -15.1855 -17.3203 -20.3864 -10.9798 
-17.6819 -20.2481 -11.9014 -17.9895 -20.1197 -12.8439 -18.271 -19.9668 -13.791 
-18.5599 -19.774 -14.7286 -18.8622 -19.5434 -15.6534 -19.1617 -19.2876 -16.5725 
-19.4553 -19.0047 -17.4855 -19.7508 -18.7038 -18.3923 -20.0748 -18.3706 -19.2768 
-20.459 -17.9471 -20.0937 -20.9018 -17.4034 -20.8046 -21.3587 -16.7738 -21.4322 
-21.8013 -16.1078 -22.0326 -22.2071 -15.4106 -22.623 -22.5496 -14.6764 -23.2083 
-22.806 -13.9223 -23.8108 -22.9354 -13.1682 -24.453 -22.965 -12.4231 -25.118 
-22.8925 -11.6858 -25.7891 -22.7501 -10.9398 -26.4389 -22.5613 -10.1663 -27.043 
-22.3596 -9.34001 -27.5653 -22.1925 -8.40969 -27.8711 -22.1103 -7.42146 -27.8925 
-22.0766 -6.43856 -27.7234 -21.985 -5.47554 -27.4746 -21.7652 -4.5428 -27.1936 
-21.3664 -3.68504 -26.8838 -20.7594 -2.98894 -26.5195 -20.0222 -2.45669 -26.1112 
-19.1927 -2.05679 -25.7234 -18.3235 -1.68625 -25.3974 -17.4201 -1.33388 -25.1558 
-16.4808 -1.04121 -24.9831 -15.5096 -0.838047 -24.8631 -14.5201 -0.729535 -24.7787 
-13.5229 -0.691223 -24.7346 -12.5256 -0.741768 -24.7575 -11.5422 -0.894329 -24.8382 
-10.5887 -1.16185 -24.9711 -9.67836 -1.52406 -25.1647 -8.80724 -1.92399 -25.4482 
-7.96374 -2.3022 -25.826 -7.15433 -2.6772 -26.277 -6.41809 -3.1828 -26.7125 
-5.8 -3.87455 -27.0735 -5.39353 -4.72982 -27.3783 -5.16696 -5.6564 -27.6679 
-5.10492 -6.61948 -27.9235 -5.1008 -7.6038 -28.0749 -5.01762 -8.59269 -28.0054 
-4.84761 -9.49741 -27.6341 -4.62909 -10.3013 -27.0826 -4.43406 -11.0434 -26.4425 
-4.31036 -11.7578 -25.7552 -4.28084 -12.4685 -25.0531 -4.35734 -13.1955 -24.3728 
-4.54809 -13.931 -23.7237 -4.84019 -14.6553 -23.1004 -5.20657 -15.3594 -22.4929 
-5.63379 -16.0335 -21.8909 -6.09294 -16.6474 -21.2501 -6.55293 -17.2174 -20.5701 
-6.97713 -17.6969 -19.805 -7.34291 -18.0614 -18.9507 -7.65605 -18.3722 -18.0536 
-7.94586 -18.6747 -17.1456 -8.23623 -18.9763 -16.2374 -8.53574 -19.2668 -15.3288 
-8.8461 -19.5326 -14.4161 -9.15847 -19.7773 -13.4982 -9.4728 -20.0044 -12.5765 
-9.79541 -20.2108 -11.6528 -17.3996 -18.7087 -10.7698 -17.6334 -18.7043 -11.4824 
-17.9226 -18.7056 -12.4396 -18.1793 -18.6867 -13.4057 -18.4254 -18.6153 -14.372 
-18.6758 -18.4864 -15.3313 -18.9236 -18.3185 -16.2852 -19.1764 -18.118 -17.2317 
-19.4511 -17.8888 -18.1653 -19.7614 -17.608 -19.0724 -20.1358 -17.175 -19.888 
-20.5473 -16.5752 -20.5718 -20.9554 -15.9109 -21.1975 -21.3522 -15.2243 -21.8067 
-21.7227 -14.5321 -22.4258 -22.0445 -13.8394 -23.0704 -22.2873 -13.1436 -23.7453 
-22.4354 -12.452 -24.4515 -22.4897 -11.771 -25.1805 -22.4566 -11.0887 -25.9099 
-22.3475 -10.3912 -26.6173 -22.1861 -9.63968 -27.2554 -22.0307 -8.79499 -27.7499 
-21.9427 -7.82917 -27.9165 -21.939 -6.84178 -27.7748 -21.9128 -5.87471 -27.5256 
-21.7673 -4.9297 -27.2398 -21.4454 -4.04196 -26.9272 -20.9073 -3.28714 -26.5683 
-20.1922 -2.73239 -26.1501 -19.3997 -2.30635 -25.7148 -18.5583 -1.92259 -25.3362 
-17.6901 -1.54918 -25.0111 -16.7821 -1.20426 -24.7759 -15.8404 -0.917668 -24.6045 
-14.8634 -0.742081 -24.494 -13.8694 -0.666641 -24.4279 -13.1203 -0.670067 -24.4182 
-12.3736 -0.725456 -24.4445 -11.394 -0.898209 -24.5275 -10.4531 -1.19621 -24.6773 
-9.56107 -1.58097 -24.9094 -8.70695 -1.98924 -25.2306 -7.8877 -2.37036 -25.6561 
-7.10228 -2.75401 -26.1411 -6.37074 -3.24724 -26.5998 -5.76379 -3.94282 -26.9746 
-5.34146 -4.78592 -27.2976 -5.10499 -5.70474 -27.6005 -5.01085 -6.66097 -27.8737 
-4.97271 -7.64318 -28.0329 -4.86314 -8.63128 -27.9758 -4.66648 -9.54623 -27.6422 
-4.42272 -10.371 -27.1339 -4.19531 -11.145 -26.5439 -4.02955 -11.9022 -25.9128 
-3.95046 -12.6673 -25.2756 -3.95719 -13.455 -24.6613 -4.05921 -14.2735 -24.0972 
-4.27224 -15.1133 -23.6003 -4.58564 -15.9525 -23.1588 -5.00031 -16.7592 -22.7401 
-5.50646 -17.4842 -22.2822 -6.04484 -18.0511 -21.6639 -6.53015 -18.4973 -20.9137 
-6.93307 -18.8724 -20.0811 -7.2713 -19.2052 -19.2011 -7.57972 -19.5365 -18.3095 
-7.89132 -19.8752 -17.4217 -8.22123 -20.2162 -16.5415 -8.57051 -20.5482 -15.6653 
-8.93242 -20.8638 -14.7881 -9.29692 -21.18 -13.9123 -9.66048 -21.5 -13.0374 
-10.028 -21.8171 -12.1632 -17.5271 -18.8159 -10.8518 -17.7631 -18.7945 -11.5634 
-18.0501 -18.7732 -12.5209 -18.3126 -18.7228 -13.4844 -18.5685 -18.6224 -14.4456 
-18.8242 -18.4719 -15.4004 -19.0735 -18.2897 -16.3514 -19.3256 -18.0783 -17.2957 
-19.597 -17.841 -18.2281 -19.9062 -17.5496 -19.1321 -20.2834 -17.1021 -19.9386 
-20.6953 -16.5201 -20.6376 -21.1061 -15.8641 -21.2704 -21.5042 -15.1818 -21.8835 
-21.8727 -14.4954 -22.5102 -22.1815 -13.8017 -23.16 -22.4137 -13.1017 -23.8344 
-22.5625 -12.4058 -24.5359 -22.6086 -11.7181 -25.2593 -22.5662 -11.0227 -25.9753 
-22.443 -10.3035 -26.6581 -22.2691 -9.51676 -27.2475 -22.1027 -8.61995 -27.6394 
-22.01 -7.64022 -27.6579 -21.9726 -6.66851 -27.4287 -21.8962 -5.71787 -27.1304 
-21.6773 -4.80757 -26.7901 -21.2687 -3.98523 -26.4061 -20.6798 -3.31163 -25.9653 
-20.0005 -2.7912 -25.4515 -19.2851 -2.35729 -24.9046 -18.5336 -1.95455 -24.3821 
-17.7541 -1.55013 -23.9046 -16.9285 -1.14818 -23.5169 -16.007 -0.817009 -23.3261 
-15.0439 -0.572948 -23.2194 -14.0564 -0.439205 -23.1552 -13.0582 -0.4189 -23.1249 
-12.0654 -0.523685 -23.121 -11.1034 -0.779 -23.1764 -10.2057 -1.15824 -23.3776 
-9.45327 -1.59681 -23.8561 -8.73876 -2.02141 -24.4119 -8.02341 -2.41771 -24.987 
-7.31301 -2.81892 -25.5646 -6.60767 -3.27908 -26.1021 -5.98461 -3.91435 -26.5473 
-5.50498 -4.69872 -26.9318 -5.17056 -5.56598 -27.293 -4.97979 -6.48829 -27.6257 
-4.86593 -7.45075 -27.859 -4.71984 -8.43252 -27.8803 -4.49895 -9.37125 -27.6359 
-4.23398 -10.2362 -27.2128 -3.96677 -11.056 -26.7068 -3.75616 -11.8549 -26.1446 
-3.63141 -12.6518 -25.555 -3.57341 -13.4676 -24.9803 -3.60579 -14.3223 -24.4659 
-3.75461 -15.2146 -24.0424 -4.0015 -16.1266 -23.7216 -4.34843 -17.0369 -23.5034 
-4.79713 -17.9127 -23.332 -5.34585 -18.7038 -23.0938 -5.96797 -19.2597 -22.5744 
-6.47067 -19.5259 -21.7598 -6.82922 -19.7454 -20.8533 -7.13113 -20.0166 -19.9398 
-7.41186 -20.338 -19.0355 -7.71424 -20.6783 -18.1453 -8.04514 -21.0256 -17.268 
-8.40452 -21.3732 -16.4021 -8.7877 -21.7174 -15.5448 -9.18089 -22.063 -14.6929 
-9.58213 -22.4393 -13.858 -9.99515 -22.8489 -13.0448 -17.482 -18.6198 -10.7184 
-17.7201 -18.6047 -11.4294 -18.014 -18.595 -12.3851 -18.2815 -18.5617 -13.348 
-18.5377 -18.4802 -14.3109 -18.7907 -18.3457 -15.2688 -19.0364 -18.1783 -16.2234 
-19.2836 -17.9799 -17.1717 -19.5498 -17.7547 -18.1088 -19.8513 -17.479 -19.0205 
-20.2189 -17.0537 -19.8437 -20.6241 -16.4888 -20.5593 -21.0319 -15.8346 -21.1957 
-21.4289 -15.1543 -21.8117 -21.7992 -14.4683 -22.4378 -22.112 -13.7784 -23.0899 
-22.3516 -13.0833 -23.7667 -22.4964 -12.3925 -24.4743 -22.5538 -11.7103 -25.2022 
-22.5224 -11.0219 -25.9254 -22.4081 -10.3107 -26.6181 -22.2397 -9.53267 -27.2206 
-22.0767 -8.64281 -27.6293 -21.983 -7.66278 -27.6716 -21.9495 -6.68927 -27.4613 
-21.8814 -5.73767 -27.164 -21.6733 -4.82318 -26.8278 -21.2725 -3.99522 -26.4483 
-20.684 -3.31874 -26.0117 -20.0005 -2.79728 -25.5047 -19.2794 -2.36389 -24.9649 
-18.5195 -1.96206 -24.4541 -17.7288 -1.56018 -23.9934 -16.891 -1.16511 -23.6246 
-15.9628 -0.847897 -23.4422 -14.9928 -0.634495 -23.3417 -13.9998 -0.542606 -23.2862 
-13.0012 -0.557423 -23.2659 -12.0123 -0.692375 -23.2825 -11.0538 -0.957437 -23.3695 
-10.1885 -1.34395 -23.6578 -9.44257 -1.78001 -24.1555 -8.73098 -2.20064 -24.7179 
-8.02412 -2.59566 -25.3044 -7.30793 -2.98904 -25.8804 -6.59893 -3.45693 -26.4011 
-6.00619 -4.13543 -26.8215 -5.57504 -4.95864 -27.1801 -5.35446 -5.86875 -27.5227 
-5.29389 -6.81751 -27.8259 -5.29971 -7.79379 -28.0277 -5.23303 -8.75735 -27.8724 
-5.08481 -9.59243 -27.3489 -4.91564 -10.3358 -26.7037 -4.80631 -11.0068 -25.9718 
-4.80164 -11.6507 -25.2087 -4.9019 -12.2917 -24.4491 -5.10331 -12.9367 -23.7127 
-5.39999 -13.5797 -23.0075 -5.74764 -14.222 -22.3247 -6.13303 -14.8594 -21.6576 
-6.54082 -15.4894 -20.9967 -6.95543 -16.0924 -20.3156 -7.35419 -16.5829 -19.5467 
-7.70353 -16.9046 -18.6691 -8.00076 -17.1312 -17.7418 -8.27143 -17.3351 -16.801 
-8.53872 -17.5354 -15.8584 -8.8089 -17.7114 -14.912 -9.08261 -17.8493 -13.9603 
-9.37119 -17.9459 -13.0077 -9.68896 -18.0276 -12.0634 -17.4462 -19.9562 -10.6948 
-17.716 -19.8495 -11.3864 -18.038 -19.729 -12.3251 -18.3325 -19.5968 -13.2715 
-18.6231 -19.4281 -14.2131 -18.9146 -19.218 -15.1462 -19.2012 -18.9774 -16.0735 
-19.4844 -18.7129 -16.9953 -19.7641 -18.4303 -17.9128 -20.0581 -18.1259 -18.8186 
-20.4108 -17.7394 -19.6693 -20.8232 -17.2328 -20.4229 -21.2632 -16.6313 -21.088 
-21.6955 -15.9806 -21.7121 -22.1126 -15.316 -22.3317 -22.4673 -14.6091 -22.9425 
-22.7452 -13.8777 -23.5638 -22.914 -13.1418 -24.2183 -22.9855 -12.4099 -24.8946 
-22.9508 -11.6791 -25.5756 -22.835 -10.9323 -26.2294 -22.661 -10.1503 -26.8262 
-22.4569 -9.2954 -27.2994 -22.2706 -8.35197 -27.5443 -22.1431 -7.37018 -27.4856 
-22.0494 -6.40763 -27.2387 -21.9081 -5.47122 -26.9215 -21.6105 -4.59345 -26.5522 
-21.1414 -3.8153 -26.1434 -20.5497 -3.16341 -25.6755 -19.8844 -2.64155 -25.1472 
-19.1738 -2.22174 -24.5832 -18.4395 -1.81755 -24.0378 -17.6871 -1.40482 -23.525 
-16.8815 -0.986284 -23.1176 -15.9703 -0.625061 -22.9337 -15.0095 -0.370586 -22.8465 
-14.0185 -0.255863 -22.8028 -13.0194 -0.250435 -22.7766 -12.0292 -0.371804 -22.7605 
-11.0768 -0.659783 -22.8094 -10.2185 -1.08112 -23.0725 -9.49216 -1.53709 -23.5744 
-8.82825 -1.96731 -24.1854 -8.14111 -2.36822 -24.791 -7.44214 -2.75781 -25.3902 
-6.74508 -3.20093 -25.9528 -6.10307 -3.79873 -26.4236 -5.58393 -4.54849 -26.8232 
-5.22469 -5.40271 -27.1931 -4.99979 -6.31167 -27.541 -4.86925 -7.26459 -27.8053 
-4.72834 -8.24504 -27.8817 -4.51209 -9.19255 -27.6705 -4.24989 -10.072 -27.2794 
-3.97748 -10.9051 -26.7987 -3.75884 -11.7099 -26.249 -3.61697 -12.5046 -25.6598 
-3.54502 -13.3172 -25.082 -3.56329 -14.1679 -24.559 -3.68566 -15.0534 -24.1152 
-3.90828 -15.9578 -23.755 -4.23122 -16.8682 -23.5012 -4.68386 -17.7346 -23.3008 
-5.23546 -18.5299 -23.0555 -5.85082 -19.1455 -22.5958 -6.36586 -19.463 -21.8092 
-6.74977 -19.713 -20.9219 -7.05217 -19.9984 -20.0131 -7.33051 -20.3243 -19.1097 
-7.62907 -20.6689 -18.2198 -7.95755 -21.0199 -17.3431 -8.31525 -21.3713 -16.478 
-8.7 -21.7197 -15.6233 -9.09636 -22.0681 -14.7739 -9.50183 -22.4446 -13.9411 
-9.91994 -22.8572 -13.132 -17.3498 -20.8499 -11.4171 -17.712 -20.6865 -12.3342 
-18.0229 -20.5195 -13.2696 -18.3204 -20.3249 -14.2043 -18.6295 -20.0937 -15.1266 
-18.9513 -19.8317 -16.0364 -19.2651 -19.5509 -16.9433 -19.5668 -19.249 -17.8476 
-19.871 -18.9305 -18.7453 -20.2086 -18.576 -19.6167 -20.6132 -18.1271 -20.4104 
-21.0746 -17.5763 -21.1032 -21.5457 -16.9511 -21.7244 -21.9977 -16.2757 -22.3066 
-22.3984 -15.5458 -22.8598 -22.7246 -14.7787 -23.4108 -22.9582 -13.9967 -23.986 
-23.0801 -13.2183 -24.6002 -23.0856 -12.4542 -25.2436 -22.9887 -11.6985 -25.8899 
-22.8275 -10.9356 -26.5155 -22.6251 -10.1448 -27.0924 -22.4155 -9.3026 -27.5852 
-22.2437 -8.36376 -27.8624 -22.1531 -7.375 -27.8715 -22.1053 -6.39314 -27.6989 
-22.0008 -5.43183 -27.4483 -21.7729 -4.50128 -27.1664 -21.3644 -3.64934 -26.8533 
-20.7527 -2.95838 -26.4864 -20.0146 -2.42892 -26.0758 -19.1936 -2.01971 -25.6804 
-18.3256 -1.6477 -25.3528 -17.4228 -1.29357 -25.1118 -16.4841 -0.998609 -24.94 
-15.5134 -0.791603 -24.822 -14.5282 -0.653778 -24.7299 -13.5311 -0.612874 -24.6873 
-12.5339 -0.665966 -24.7085 -11.5511 -0.824066 -24.7855 -10.6007 -1.10034 -24.9177 
-9.69234 -1.46863 -25.1111 -8.82117 -1.86992 -25.3923 -7.97383 -2.25475 -25.7556 
-7.16543 -2.63021 -26.208 -6.41874 -3.11644 -26.6546 -5.78199 -3.78332 -27.027 
-5.33019 -4.61502 -27.3365 -5.06793 -5.53185 -27.6277 -4.96255 -6.49109 -27.8845 
-4.91572 -7.47298 -28.0527 -4.80125 -8.45893 -28.0242 -4.59782 -9.39124 -27.742 
-4.3419 -10.2442 -27.2901 -4.07965 -11.05 -26.7594 -3.85396 -11.8398 -26.1896 
-3.71131 -12.6264 -25.59 -3.64611 -13.4375 -25.0096 -3.67119 -14.2894 -24.49 
-3.81173 -15.1814 -24.0637 -4.05016 -16.0955 -23.7424 -4.38582 -17.011 -23.5278 
-4.81908 -17.8974 -23.3724 -5.35069 -18.7119 -23.1704 -5.97056 -19.2925 -22.6863 
-6.46321 -19.5156 -21.8548 -6.83303 -19.7117 -20.9478 -7.14011 -19.967 -20.0315 
-7.42192 -20.2799 -19.1247 -7.72437 -20.616 -18.2329 -8.05052 -20.9606 -17.3526 
-8.40624 -21.3058 -16.4843 -8.78578 -21.6473 -15.6245 -9.17501 -21.9886 -14.7689 
-9.57171 -22.3576 -13.9285 -9.978 -22.7584 -13.1075 -17.5937 -17.9631 -11.8463 
-17.873 -18.0283 -12.8043 -18.1203 -18.0648 -13.7723 -18.3605 -18.0471 -14.7424 
-18.5993 -17.9576 -15.7091 -18.8405 -17.8222 -16.6698 -19.0989 -17.6537 -17.6209 
-19.3889 -17.4431 -18.5541 -19.7226 -17.132 -19.4413 -20.1074 -16.6304 -20.2088 
-20.504 -15.9811 -20.8542 -20.8932 -15.2858 -21.4584 -21.2696 -14.588 -22.0679 
-21.6101 -13.8932 -22.7007 -21.8872 -13.2032 -23.3689 -22.0818 -12.5237 -24.0749 
-22.1938 -11.8568 -24.8106 -22.2118 -11.201 -25.5648 -22.15 -10.5394 -26.3113 
-22.0308 -9.84958 -27.0243 -21.896 -9.09302 -27.6615 -21.8145 -8.18464 -28.0199 
-21.8189 -7.19376 -27.9717 -21.8563 -6.22142 -27.7445 -21.794 -5.26202 -27.476 
-21.5429 -4.34284 -27.1837 -21.0662 -3.53813 -26.8524 -20.4046 -2.90219 -26.4697 
-19.6146 -2.45652 -26.0514 -18.7612 -2.08328 -25.6894 -17.8759 -1.72504 -25.3953 
-16.9575 -1.39856 -25.1754 -16.0042 -1.14547 -25.0177 -15.0251 -0.983418 -24.899 
-14.0322 -0.906681 -24.8176 -13.0333 -0.9086 -24.8039 -12.0394 -0.990724 -24.8614 
-11.0686 -1.19062 -24.9775 -10.1405 -1.51391 -25.1537 -9.25684 -1.90087 -25.4129 
-8.40108 -2.29169 -25.7477 -7.58284 -2.66055 -26.1877 -6.79851 -3.06352 -26.6586 
-6.11727 -3.66649 -27.0504 -5.63001 -4.47285 -27.3611 -5.37346 -5.3913 -27.6479 
-5.31644 -6.35151 -27.9123 -5.36828 -7.32826 -28.1068 -5.36135 -8.30632 -28.0597 
-5.25551 -9.1695 -27.582 -5.10791 -9.93597 -26.9598 -4.97715 -10.6306 -26.2544 
-4.93011 -11.2678 -25.4867 -4.98596 -11.8932 -24.7091 -5.16173 -12.5256 -23.9564 
-5.42739 -13.1649 -23.2358 -5.7632 -13.8036 -22.5437 -6.13068 -14.4417 -21.8674 
-6.52632 -15.0812 -21.2082 -6.93729 -15.707 -20.5453 -7.34353 -16.2592 -19.8208 
-7.70849 -16.6162 -18.9651 -8.02248 -16.8457 -18.0449 -8.305 -17.0313 -17.1039 
-8.57995 -17.2061 -16.1585 -8.85676 -17.3604 -15.2101 -9.14004 -17.4739 -14.2581 
-9.44108 -17.5412 -13.307 -9.77234 -17.5793 -12.3645 -17.3991 -19.6809 -10.5049 
-17.6733 -19.5846 -11.1959 -17.9972 -19.4846 -12.1366 -18.2903 -19.3788 -13.0867 
-18.5704 -19.2353 -14.0357 -18.8481 -19.0501 -14.9782 -19.1237 -18.8294 -15.9137 
-19.3976 -18.584 -16.8435 -19.6698 -18.319 -17.7686 -19.9602 -18.0281 -18.68 
-20.3012 -17.6639 -19.5452 -20.7034 -17.1695 -20.3116 -21.1376 -16.5714 -20.9834 
-21.5631 -15.9186 -21.6096 -21.972 -15.2488 -22.2292 -22.3261 -14.5499 -22.8503 
-22.6124 -13.8309 -23.482 -22.8037 -13.1051 -24.1414 -22.898 -12.3834 -24.8264 
-22.886 -11.6628 -25.5182 -22.7833 -10.9269 -26.1862 -22.6182 -10.155 -26.7986 
-22.4188 -9.30789 -27.2875 -22.2363 -8.36727 -27.5438 -22.1148 -7.3852 -27.4866 
-22.0291 -6.42217 -27.2387 -21.892 -5.48582 -26.9198 -21.5967 -4.60824 -26.5482 
-21.1489 -3.81587 -26.1433 -20.5576 -3.16288 -25.6763 -19.8927 -2.63984 -25.1489 
-19.1813 -2.21973 -24.5861 -18.4454 -1.8156 -24.0428 -17.6905 -1.40321 -23.5335 
-16.8825 -0.985567 -23.1298 -15.9702 -0.625771 -22.9474 -15.0092 -0.372425 -22.8601 
-14.0182 -0.258354 -22.816 -13.0189 -0.253159 -22.7897 -12.0287 -0.374389 -22.7743 
-11.076 -0.66143 -22.8231 -10.2156 -1.0812 -23.0825 -9.48627 -1.53657 -23.5805 
-8.81999 -1.96658 -24.1892 -8.13156 -2.36717 -24.7935 -7.43211 -2.75723 -25.3918 
-6.73512 -3.20169 -25.9534 -6.0942 -3.80168 -26.423 -5.5757 -4.5521 -26.8223 
-5.21612 -5.40615 -27.1924 -4.99014 -6.31495 -27.54 -4.85607 -7.26733 -27.8046 
-4.71126 -8.24725 -27.882 -4.49255 -9.19501 -27.6739 -4.22799 -10.076 -27.288 
-3.9524 -10.912 -26.8141 -3.72967 -11.7202 -26.271 -3.58259 -12.5187 -25.6883 
-3.50399 -13.3356 -25.1173 -3.51407 -14.1913 -24.6021 -3.62583 -15.0833 -24.1688 
-3.84036 -15.9943 -23.8209 -4.15865 -16.9108 -23.5841 -4.58876 -17.7986 -23.4272 
-5.11405 -18.6312 -23.2593 -5.7175 -19.3536 -22.9529 -6.28694 -19.7281 -22.2538 
-6.68177 -19.9079 -21.3546 -6.98596 -20.1362 -20.4304 -7.25967 -20.4387 -19.5177 
-7.54717 -20.777 -18.6218 -7.86525 -21.1256 -17.7403 -8.21544 -21.4766 -16.8719 
-8.59814 -21.8269 -16.0171 -8.99578 -22.1776 -15.1693 -9.40611 -22.555 -14.3394 
-9.82827 -22.9728 -13.5351 -17.6703 -18.4053 -11.5195 -17.9583 -18.4201 -12.4769 
-18.2183 -18.4118 -13.4423 -18.4689 -18.3503 -14.4081 -18.7165 -18.2323 -15.3695 
-18.9559 -18.0757 -16.3276 -19.201 -17.8881 -17.2787 -19.4706 -17.6736 -18.2171 
-19.7811 -17.3949 -19.1244 -20.156 -16.9457 -19.9309 -20.5606 -16.354 -20.6254 
-20.9623 -15.6853 -21.2507 -21.3536 -14.9988 -21.8635 -21.7218 -14.3089 -22.4865 
-22.0267 -13.62 -23.1432 -22.2577 -12.9304 -23.8286 -22.4082 -12.246 -24.5411 
-22.4595 -11.5709 -25.276 -22.4242 -10.8906 -26.0066 -22.3084 -10.1856 -26.7056 
-22.1459 -9.4091 -27.3113 -22.001 -8.50088 -27.6656 -21.9282 -7.51081 -27.6178 
-21.8941 -6.54408 -27.3737 -21.8031 -5.60095 -27.0573 -21.5625 -4.7017 -26.699 
-21.1374 -3.89574 -26.3029 -20.5379 -3.24169 -25.8458 -19.8602 -2.73871 -25.3152 
-19.1493 -2.31963 -24.7508 -18.417 -1.91679 -24.2017 -17.6758 -1.50611 -23.6711 
-16.8852 -1.09001 -23.2339 -15.9865 -0.725147 -23.0077 -15.0287 -0.459885 -22.9063 
-14.0427 -0.312851 -22.8503 -13.0447 -0.288696 -22.8204 -12.0536 -0.403717 -22.8055 
-11.0984 -0.68293 -22.8532 -10.2342 -1.0978 -23.1081 -9.50637 -1.55189 -23.6087 
-8.84109 -1.98185 -24.2185 -8.15339 -2.3831 -24.8232 -7.4527 -2.7719 -25.4209 
-6.7536 -3.21348 -25.9823 -6.11096 -3.81073 -26.4524 -5.59509 -4.56379 -26.8494 
-5.24394 -5.42245 -27.2167 -5.02987 -6.33477 -27.5624 -4.91577 -7.29158 -27.8191 
-4.78821 -8.27433 -27.8811 -4.57963 -9.21762 -27.6461 -4.32639 -10.0871 -27.2282 
-4.06754 -10.907 -26.7184 -3.85715 -11.6994 -26.1475 -3.73726 -12.4797 -25.5349 
-3.69338 -13.2772 -24.9338 -3.74706 -14.1091 -24.3838 -3.9114 -14.9693 -23.9046 
-4.15795 -15.8497 -23.5021 -4.53672 -16.7105 -23.1692 -5.02453 -17.5165 -22.837 
-5.58481 -18.2007 -22.389 -6.12986 -18.6798 -21.7097 -6.56927 -19.0322 -20.8853 
-6.92812 -19.3588 -20.0116 -7.23415 -19.693 -19.1203 -7.53296 -20.037 -18.2302 
-7.8499 -20.3885 -17.3493 -8.1938 -20.7396 -16.4785 -8.56168 -21.0847 -15.6151 
-8.94337 -21.4212 -14.7542 -9.33067 -21.7683 -13.9002 -9.72254 -22.1305 -13.0545 
-10.1263 -22.5069 -12.2208 -17.2132 -20.7564 -11.027 -17.5087 -20.634 -11.705 
-17.8434 -20.4833 -12.6348 -18.1404 -20.319 -13.5753 -18.436 -20.1192 -14.5093 
-18.7469 -19.8828 -15.4298 -19.0604 -19.621 -16.3425 -19.3638 -19.336 -17.2516 
-19.6635 -19.0327 -18.1562 -19.977 -18.7085 -19.0485 -20.3358 -18.3263 -19.8978 
-20.7724 -17.8207 -20.64 -21.2374 -17.2344 -21.3018 -21.6973 -16.5826 -21.904 
-22.1282 -15.8915 -22.4835 -22.502 -15.1546 -23.0457 -22.7968 -14.3872 -23.6139 
-22.9753 -13.6141 -24.2201 -23.0438 -12.8488 -24.8583 -23.0095 -12.0961 -25.5145 
-22.8829 -11.3465 -26.1639 -22.7038 -10.5807 -26.7806 -22.4987 -9.7769 -27.3378 
-22.3032 -8.8988 -27.7607 -22.1691 -7.93111 -27.9297 -22.1161 -6.93898 -27.8473 
-22.0657 -5.96385 -27.635 -21.9116 -5.01323 -27.3702 -21.6161 -4.1061 -27.0826 
-21.0932 -3.32878 -26.7467 -20.4065 -2.71932 -26.3568 -19.6176 -2.26567 -25.9494 
-18.7612 -1.88886 -25.5979 -17.875 -1.52628 -25.3131 -16.954 -1.19725 -25.1078 
-15.9951 -0.954663 -24.9663 -15.014 -0.798333 -24.8619 -14.0185 -0.739609 -24.802 
-13.2688 -0.747597 -24.7955 -12.5212 -0.792248 -24.8204 -11.5375 -0.940762 -24.904 
-10.5837 -1.20563 -25.0392 -9.6729 -1.56629 -25.2338 -8.80034 -1.96414 -25.516 
-7.95545 -2.34035 -25.8927 -7.14429 -2.71472 -26.341 -6.39638 -3.19514 -26.7845 
-5.78458 -3.89775 -27.1351 -5.39161 -4.76138 -27.4326 -5.18531 -5.69521 -27.7136 
-5.1419 -6.66048 -27.9671 -5.1466 -7.64491 -28.1118 -5.06688 -8.63114 -28.0161 
-4.9026 -9.52374 -27.6129 -4.69275 -10.3146 -27.0395 -4.51151 -11.0424 -26.3794 
-4.40645 -11.7413 -25.6734 -4.39993 -12.4365 -24.9554 -4.50799 -13.1449 -24.2594 
-4.71603 -13.8561 -23.5891 -5.02946 -14.548 -22.9399 -5.40234 -15.2266 -22.3075 
-5.82079 -15.8853 -21.6826 -6.2662 -16.5012 -21.0331 -6.71164 -17.0782 -20.3489 
-7.12712 -17.5575 -19.581 -7.47906 -17.9006 -18.7113 -7.78222 -18.1947 -17.805 
-8.0618 -18.4811 -16.8886 -8.34497 -18.765 -15.9725 -8.63649 -19.0328 -15.0542 
-8.93466 -19.2723 -14.1304 -9.23793 -19.4879 -13.2022 -9.54996 -19.6818 -12.2723 
-9.87397 -19.8508 -11.3416 -17.6218 -18.3039 -11.3467 -17.8468 -18.3181 -12.0619 
-18.1175 -18.3285 -13.0244 -18.3736 -18.2963 -13.9902 -18.6226 -18.2057 -14.9542 
-18.8634 -18.069 -15.9149 -19.1028 -17.8967 -16.8703 -19.3603 -17.6991 -17.8161 
-19.6468 -17.4654 -18.7449 -19.9923 -17.1001 -19.6046 -20.3891 -16.5541 -20.3395 
-20.7924 -15.9108 -20.9886 -21.1868 -15.2293 -21.6049 -21.5658 -14.541 -22.2234 
-21.9017 -13.8531 -22.8661 -22.1551 -13.1655 -23.5456 -22.3298 -12.4806 -24.2526 
-22.4114 -11.8069 -24.9856 -22.4081 -11.1347 -25.725 -22.3139 -10.4462 -26.4436 
-22.1655 -9.70386 -27.0946 -22.0105 -8.86557 -27.6031 -21.9102 -7.90615 -27.7789 
-21.8883 -6.92359 -27.6104 -21.8516 -5.96574 -27.3281 -21.709 -5.03052 -27.0103 
-21.3774 -4.163 -26.6575 -20.8272 -3.43594 -26.2525 -20.1494 -2.87091 -25.7923 
-19.4125 -2.42494 -25.285 -18.625 -2.02323 -24.8189 -17.8004 -1.6321 -24.4122 
-16.9294 -1.25936 -24.0979 -15.9902 -0.968309 -23.9249 -15.0162 -0.776852 -23.8159 
-14.0233 -0.684262 -23.747 -13.0247 -0.674618 -23.7229 -12.0309 -0.77026 -23.7475 
-11.0646 -0.998564 -23.8419 -10.1627 -1.35307 -24.0722 -9.34818 -1.76912 -24.4692 
-8.56614 -2.18729 -24.931 -7.81263 -2.57883 -25.4583 -7.07688 -2.98652 -25.9985 
-6.38756 -3.52134 -26.4754 -5.82015 -4.23213 -26.8769 -5.4248 -5.07967 -27.2256 
-5.21067 -5.99446 -27.5605 -5.13622 -6.94946 -27.8413 -5.08896 -7.93616 -27.964 
-4.96077 -8.89864 -27.7821 -4.76124 -9.75852 -27.3256 -4.55282 -10.5354 -26.7334 
-4.39421 -11.2598 -26.0637 -4.33883 -11.9599 -25.353 -4.38327 -12.6598 -24.642 
-4.53709 -13.3676 -23.9535 -4.80032 -14.0668 -23.2898 -5.14091 -14.7449 -22.6394 
-5.53136 -15.4135 -22.0066 -5.96386 -16.0455 -21.3639 -6.40911 -16.6345 -20.6901 
-6.84407 -17.1793 -19.9742 -7.23655 -17.6025 -19.1603 -7.55691 -17.9137 -18.2665 
-7.83964 -18.2008 -17.3513 -8.11387 -18.4846 -16.4325 -8.39681 -18.7626 -15.5146 
-8.68919 -19.0219 -14.5941 -8.98772 -19.2546 -13.6686 -9.29579 -19.4671 -12.7414 
-9.6215 -19.6636 -11.8165 -9.96847 -19.8329 -10.8942 -17.327 -21.8571 -11.9999 
-17.7106 -21.6067 -12.8884 -18.0504 -21.3589 -13.7957 -18.3762 -21.1016 -14.7053 
-18.7125 -20.8216 -15.6044 -19.0541 -20.5257 -16.4965 -19.3815 -20.2134 -17.3881 
-19.6874 -19.885 -18.2817 -19.9899 -19.5476 -19.1732 -20.3214 -19.1908 -20.046 
-20.7327 -18.7776 -20.8569 -21.2169 -18.3026 -21.5909 -21.7397 -17.7491 -22.2363 
-22.2365 -17.0604 -22.757 -22.6592 -16.2659 -23.1915 -22.9848 -15.4253 -23.6213 
-23.2031 -14.5802 -24.1069 -23.2946 -13.7451 -24.6477 -23.2782 -12.9342 -25.2304 
-23.1749 -12.1448 -25.8345 -22.9917 -11.3648 -26.4324 -22.7707 -10.5706 -26.9981 
-22.5455 -9.74606 -27.5162 -22.3445 -8.85605 -27.9128 -22.2208 -7.87704 -28.0413 
-22.1652 -6.88309 -27.9806 -22.1149 -5.9023 -27.797 -21.9664 -4.9438 -27.5606 
-21.6581 -4.03417 -27.2962 -21.1584 -3.22782 -26.9967 -20.4682 -2.60597 -26.6351 
-19.6694 -2.15057 -26.25 -18.7986 -1.78067 -25.9303 -17.8964 -1.43037 -25.6815 
-16.966 -1.11295 -25.5016 -16.003 -0.878471 -25.3729 -15.0224 -0.711995 -25.2722 
-14.029 -0.628666 -25.2069 -13.0303 -0.639633 -25.2017 -12.0387 -0.74614 -25.2579 
-11.0691 -0.961269 -25.3613 -10.1338 -1.28154 -25.5048 -9.23211 -1.65913 -25.7116 
-8.3504 -2.04272 -25.9846 -7.49801 -2.40542 -26.3579 -6.70537 -2.82179 -26.7962 
-6.00185 -3.42016 -27.1662 -5.49515 -4.22355 -27.4578 -5.22155 -5.14668 -27.7148 
-5.13528 -6.11135 -27.9511 -5.15428 -7.09287 -28.1383 -5.12627 -8.08654 -28.1595 
-5.00108 -9.02811 -27.8831 -4.80697 -9.86831 -27.3841 -4.60142 -10.6321 -26.7741 
-4.44168 -11.3456 -26.0927 -4.37975 -12.0426 -25.3794 -4.41587 -12.7455 -24.6709 
-4.56112 -13.4599 -23.9874 -4.81777 -14.1688 -23.3317 -5.15189 -14.8591 -22.6906 
-5.54669 -15.5346 -22.0682 -5.97997 -16.1803 -21.4398 -6.43036 -16.7773 -20.7762 
-6.87205 -17.3331 -20.0732 -7.26632 -17.7544 -19.2605 -7.59712 -18.0683 -18.371 
-7.89063 -18.361 -17.4611 -8.17199 -18.6497 -16.5459 -8.46037 -18.9341 -15.6317 
-8.75612 -19.1965 -14.7133 -9.05717 -19.4264 -13.7878 -9.36317 -19.637 -12.8594 
-9.67788 -19.827 -11.9295 -10.0071 -19.9865 -10.999 -17.5251 -18.661 -11.2849 
-17.821 -18.6697 -12.24 -18.0744 -18.6679 -13.2071 -18.3168 -18.6202 -14.1758 
-18.5636 -18.5112 -15.1384 -18.8127 -18.3546 -16.0941 -19.0644 -18.1654 -17.0431 
-19.3325 -17.9486 -17.9815 -19.6349 -17.6871 -18.8974 -19.9902 -17.3134 -19.7494 
-20.3985 -16.7346 -20.4515 -20.8083 -16.0732 -21.0787 -21.204 -15.3811 -21.6821 
-21.5808 -14.6842 -22.2923 -21.9145 -13.989 -22.9282 -22.1703 -13.2936 -23.599 
-22.3449 -12.6012 -24.298 -22.4311 -11.9186 -25.0222 -22.4243 -11.2417 -25.7575 
-22.3288 -10.5539 -26.4762 -22.1814 -9.82906 -27.1476 -22.025 -9.02066 -27.7076 
-21.9241 -8.08912 -28.0019 -21.9284 -7.09826 -27.8959 -21.9338 -6.12419 -27.6733 
-21.8345 -5.16837 -27.4042 -21.5798 -4.24901 -27.1135 -21.0886 -3.45415 -26.7786 
-20.4095 -2.83606 -26.3898 -19.6269 -2.37776 -25.9755 -18.7742 -2.00123 -25.6153 
-17.89 -1.63943 -25.3225 -16.972 -1.30928 -25.1062 -16.0145 -1.06511 -24.958 
-15.0385 -0.885148 -24.8384 -14.0459 -0.802402 -24.7606 -13.0469 -0.804412 -24.747 
-12.0534 -0.893273 -24.8004 -11.0777 -1.07842 -24.9046 -10.143 -1.39195 -25.0656 
-9.25776 -1.7816 -25.3148 -8.40084 -2.1754 -25.6437 -7.57559 -2.54316 -26.0716 
-6.78938 -2.94328 -26.5415 -6.10101 -3.53446 -26.9429 -5.58492 -4.31999 -27.264 
-5.28918 -5.22556 -27.5578 -5.17414 -6.17697 -27.8328 -5.17459 -7.15008 -28.0593 
-5.14498 -8.14253 -28.0898 -5.02664 -9.09261 -27.8355 -4.83542 -9.91895 -27.312 
-4.63908 -10.671 -26.6847 -4.49795 -11.3712 -25.9856 -4.45922 -12.0566 -25.2597 
-4.52197 -12.747 -24.541 -4.69567 -13.4454 -23.8477 -4.97575 -14.1315 -23.1773 
-5.32704 -14.8006 -22.5229 -5.72013 -15.4657 -21.8883 -6.15054 -16.0967 -21.2431 
-6.59071 -16.6926 -20.5719 -7.01917 -17.2254 -19.8442 -7.39158 -17.6047 -19.0005 
-7.70653 -17.9008 -18.0993 -7.98833 -18.1777 -17.1806 -8.26281 -18.4508 -16.2586 
-8.54428 -18.7131 -15.3357 -8.83324 -18.9502 -14.4083 -9.12584 -19.1562 -13.4745 
-9.42989 -19.3403 -12.5399 -9.75184 -19.5048 -11.6077 -17.5583 -17.6244 -11.9981 
-17.7831 -17.6794 -12.7115 -18.0536 -17.7364 -13.6722 -18.314 -17.732 -14.6375 
-18.5679 -17.6639 -15.6019 -18.8148 -17.551 -16.5642 -19.0718 -17.4063 -17.5196 
-19.3572 -17.2203 -18.4594 -19.6862 -16.9222 -19.3519 -20.0618 -16.4426 -20.1376 
-20.4501 -15.7841 -20.7813 -20.8346 -15.0967 -21.3974 -21.2105 -14.4056 -22.0146 
-21.5483 -13.7164 -22.6554 -21.8247 -13.032 -23.3291 -22.0264 -12.3581 -24.0387 
-22.136 -11.7003 -24.7836 -22.1597 -11.0509 -25.5425 -22.0984 -10.3909 -26.2908 
-21.9793 -9.68637 -26.9887 -21.8507 -8.89454 -27.5784 -21.7732 -7.96995 -27.8477 
-21.7765 -6.98939 -27.6689 -21.766 -6.03442 -27.3749 -21.647 -5.09789 -27.0511 
-21.3511 -4.21474 -26.7014 -20.8217 -3.47402 -26.3007 -20.1441 -2.9073 -25.8428 
-19.4063 -2.46118 -25.3368 -18.6195 -2.06027 -24.869 -17.7953 -1.66986 -24.4604 
-16.9263 -1.29804 -24.14 -15.9872 -1.00888 -23.963 -15.0128 -0.821266 -23.8517 
-14.0198 -0.731071 -23.7812 -13.021 -0.72121 -23.7571 -12.0271 -0.813851 -23.7836 
-11.0604 -1.03859 -23.8818 -10.149 -1.38066 -24.0968 -9.33743 -1.79713 -24.5 
-8.5565 -2.21506 -24.9637 -7.80564 -2.6058 -25.4956 -7.06899 -3.01418 -26.0339 
-6.38128 -3.5521 -26.5091 -5.8203 -4.26942 -26.9073 -5.43762 -5.12389 -27.253 
-5.23963 -6.04268 -27.5867 -5.1812 -6.99951 -27.8652 -5.15479 -7.98462 -28.011 
-5.04834 -8.9519 -27.8316 -4.86695 -9.809 -27.3561 -4.67118 -10.5679 -26.7374 
-4.52437 -11.2709 -26.0424 -4.48046 -11.9534 -25.3139 -4.53788 -12.6378 -24.5891 
-4.70584 -13.3303 -23.8885 -4.98114 -14.0112 -23.2108 -5.32788 -14.675 -22.5487 
-5.71686 -15.3364 -21.9076 -6.14225 -15.9674 -21.2592 -6.57873 -16.5658 -20.5877 
-7.00157 -17.0845 -19.847 -7.3749 -17.4683 -19.006 -7.68942 -17.7615 -18.1038 
-7.96752 -18.0315 -17.182 -8.23656 -18.2977 -16.2565 -8.51276 -18.5541 -15.3302 
-8.79829 -18.784 -14.4 -9.08797 -18.983 -13.4638 -9.38899 -19.1612 -12.5271 
-9.71408 -19.323 -11.5955 -17.3298 -21.1711 -11.4196 -17.6213 -21.0229 -12.0942 
-17.9629 -20.8285 -13.0135 -18.278 -20.6198 -13.9393 -18.5961 -20.3793 -14.8562 
-18.9268 -20.1107 -15.7609 -19.2559 -19.8203 -16.6593 -19.5675 -19.5113 -17.5578 
-19.8689 -19.1868 -18.4543 -20.1866 -18.8432 -19.3379 -20.5554 -18.4384 -20.1719 
-20.9998 -17.9374 -20.9125 -21.4789 -17.3619 -21.5741 -21.9566 -16.719 -22.1719 
-22.3956 -16.0119 -22.7239 -22.7584 -15.2395 -23.2443 -23.0221 -14.4416 -23.784 
-23.1747 -13.6456 -24.3685 -23.2257 -12.8591 -24.9814 -23.1719 -12.0864 -25.6126 
-23.0239 -11.3138 -26.2295 -22.8244 -10.5202 -26.8038 -22.6077 -9.6869 -27.3105 
-22.4033 -8.78395 -27.6717 -22.2536 -7.80817 -27.7773 -22.1661 -6.82296 -27.6486 
-22.0737 -5.859 -27.4014 -21.8934 -4.92025 -27.1111 -21.5345 -4.05118 -26.7833 
-20.9995 -3.29802 -26.4123 -20.3058 -2.72274 -25.9853 -19.5373 -2.27999 -25.5247 
-18.7127 -1.88424 -25.1227 -17.8424 -1.5061 -24.81 -16.9365 -1.15793 -24.5732 
-15.9848 -0.892079 -24.4258 -15.007 -0.716099 -24.3231 -14.0124 -0.645691 -24.2632 
-13.0138 -0.670738 -24.2617 -12.0217 -0.782387 -24.3111 -11.0541 -1.0028 -24.4154 
-10.1338 -1.34119 -24.6021 -9.26916 -1.7436 -24.8974 -8.43721 -2.15018 -25.2716 
-7.6437 -2.53054 -25.7457 -6.88062 -2.93598 -26.2485 -6.19872 -3.51249 -26.6797 
-5.65084 -4.26515 -27.0365 -5.28996 -5.13507 -27.3625 -5.10204 -6.06491 -27.6704 
-5.04298 -7.03049 -27.9177 -5.00003 -8.01946 -28.0331 -4.8695 -8.98976 -27.8693 
-4.65557 -9.8547 -27.4241 -4.42378 -10.6451 -26.8586 -4.23059 -11.3967 -26.2294 
-4.11663 -12.1309 -25.5606 -4.10075 -12.8792 -24.8989 -4.19551 -13.65 -24.2717 
-4.39481 -14.4324 -23.6834 -4.67902 -15.2161 -23.1319 -5.06483 -15.9721 -22.6046 
-5.52083 -16.6773 -22.0637 -6.01736 -17.2989 -21.46 -6.50144 -17.8301 -20.7663 
-6.94201 -18.2873 -19.9953 -7.30246 -18.6438 -19.1348 -7.61823 -18.9678 -18.2431 
-7.92159 -19.2929 -17.3475 -8.23283 -19.6176 -16.4543 -8.5604 -19.9345 -15.5642 
-8.8968 -20.2321 -14.6708 -9.23406 -20.5158 -13.7732 -9.57158 -20.7896 -12.8726 
-9.91238 -21.0492 -11.969 -10.2678 -21.3088 -11.0714 -17.2666 -21.0088 -11.3936 
-17.5409 -20.8847 -12.0804 -17.871 -20.7157 -13.0089 -18.1689 -20.5246 -13.9441 
-18.4719 -20.3032 -14.8708 -18.7906 -20.051 -15.7845 -19.1116 -19.7747 -16.6903 
-19.4194 -19.4783 -17.5943 -19.7233 -19.1642 -18.4937 -20.0494 -18.827 -19.3765 
-20.4286 -18.4194 -20.2059 -20.8724 -17.9177 -20.9445 -21.3519 -17.3183 -21.5844 
-21.8227 -16.66 -22.1708 -22.2468 -15.9407 -22.7194 -22.5951 -15.1712 -23.2537 
-22.8654 -14.381 -23.8025 -23.019 -13.5919 -24.395 -23.063 -12.8159 -25.0215 
-22.9993 -12.0566 -25.6679 -22.8527 -11.3032 -26.3087 -22.659 -10.5336 -26.9165 
-22.4486 -9.7284 -27.4699 -22.2587 -8.85092 -27.8967 -22.1483 -7.8718 -28.0271 
-22.1187 -6.87947 -27.9246 -22.0741 -5.90153 -27.7248 -21.9149 -4.94862 -27.4722 
-21.6059 -4.04295 -27.1954 -21.075 -3.26466 -26.874 -20.3759 -2.66281 -26.4953 
-19.5773 -2.21422 -26.1005 -18.7126 -1.84114 -25.7673 -17.8159 -1.48691 -25.5052 
-16.8873 -1.16943 -25.3168 -15.9237 -0.940228 -25.1842 -14.9403 -0.79546 -25.0845 
-13.944 -0.746399 -25.0307 -13.1944 -0.760597 -25.0307 -12.4495 -0.833202 -25.0777 
-11.4755 -1.02331 -25.1842 -10.5375 -1.33217 -25.3378 -9.62625 -1.69269 -25.5328 
-8.74382 -2.08033 -25.7986 -7.8869 -2.45104 -26.1538 -7.07681 -2.83003 -26.5996 
-6.31678 -3.31388 -27.0247 -5.72767 -4.04433 -27.3491 -5.3863 -4.9381 -27.6218 
-5.26048 -5.89357 -27.8745 -5.2807 -6.86681 -28.0989 -5.29927 -7.8588 -28.179 
-5.22154 -8.80175 -27.914 -5.06939 -9.62585 -27.3777 -4.8969 -10.3678 -26.7316 
-4.78271 -11.0406 -26.002 -4.77152 -11.6882 -25.2421 -4.8646 -12.3338 -24.4855 
-5.05952 -12.9839 -23.7518 -5.35193 -13.6301 -23.0478 -5.69808 -14.2752 -22.367 
-6.08289 -14.9155 -21.7023 -6.49197 -15.5466 -21.0433 -6.90949 -16.1612 -20.3742 
-7.31285 -16.6667 -19.6173 -7.67112 -17.0086 -18.7505 -7.96989 -17.2453 -17.8265 
-8.24252 -17.4615 -16.889 -8.50977 -17.674 -15.9492 -8.77792 -17.8637 -15.0047 
-9.04774 -18.0088 -14.0531 -9.33105 -18.1185 -13.1004 -9.64676 -18.2124 -12.1564 
-10.0077 -18.2811 -11.2267 -17.5081 -19.3311 -10.9192 -17.7511 -19.2826 -11.6271 
-18.0406 -19.2262 -12.5823 -18.3029 -19.1447 -13.5438 -18.5609 -19.0145 -14.5008 
-18.8243 -18.8374 -15.449 -19.0882 -18.6306 -16.3911 -19.355 -18.3944 -17.3253 
-19.6319 -18.1378 -18.2512 -19.9478 -17.8306 -19.1478 -20.3223 -17.4082 -19.9683 
-20.748 -16.8169 -20.6512 -21.1735 -16.1712 -21.2849 -21.5825 -15.4913 -21.8933 
-21.9595 -14.8032 -22.513 -22.2831 -14.1014 -23.1468 -22.5281 -13.3862 -23.8004 
-22.6722 -12.674 -24.486 -22.7121 -11.9706 -25.1944 -22.6622 -11.2647 -25.9 
-22.5297 -10.5403 -26.576 -22.354 -9.77057 -27.188 -22.1759 -8.91559 -27.6602 
-22.0537 -7.9524 -27.8392 -22.0163 -6.96317 -27.7227 -21.973 -5.99753 -27.4687 
-21.8377 -5.05121 -27.1809 -21.5105 -4.16799 -26.8575 -20.9939 -3.40099 -26.4907 
-20.3037 -2.81892 -26.0674 -19.5364 -2.37376 -25.6074 -18.7119 -1.98024 -25.2029 
-17.8417 -1.60424 -24.8869 -16.9375 -1.25771 -24.6413 -15.9914 -0.983243 -24.4774 
-15.0132 -0.812832 -24.3699 -14.0185 -0.745067 -24.3069 -13.0189 -0.754841 -24.2977 
-12.0255 -0.848122 -24.3418 -11.0569 -1.0627 -24.4492 -10.1375 -1.39937 -24.6423 
-9.27396 -1.80122 -24.9421 -8.44327 -2.20706 -25.3194 -7.65322 -2.58664 -25.8 
-6.88921 -2.99209 -26.3015 -6.20995 -3.5718 -26.7311 -5.68439 -4.33965 -27.0829 
-5.36138 -5.22612 -27.4061 -5.21074 -6.16241 -27.7142 -5.1903 -7.12952 -27.962 
-5.15709 -8.12051 -28.0232 -5.04029 -9.07425 -27.7869 -4.85464 -9.91397 -27.2817 
-4.66293 -10.6627 -26.6491 -4.52987 -11.3573 -25.9431 -4.50165 -12.0366 -25.211 
-4.57623 -12.7199 -24.4866 -4.76637 -13.4086 -23.7884 -5.06046 -14.0819 -23.1108 
-5.41729 -14.7451 -22.4533 -5.81272 -15.4009 -21.8106 -6.24115 -16.0256 -21.1579 
-6.67476 -16.6184 -20.48 -7.09672 -17.1383 -19.7394 -7.4611 -17.5016 -18.8853 
-7.7689 -17.7847 -17.9774 -8.04367 -18.0502 -17.0534 -8.31285 -18.3132 -16.1269 
-8.59058 -18.5629 -15.1993 -8.87574 -18.7799 -14.2659 -9.1638 -18.9662 -13.3265 
-9.46467 -19.132 -12.3876 -9.79078 -19.278 -11.4537 -17.6736 -17.9934 -11.8383 
-17.9562 -18.0481 -12.7957 -18.2095 -18.0748 -13.7625 -18.4538 -18.0403 -14.7312 
-18.6935 -17.9395 -15.6966 -18.9325 -17.7977 -16.6571 -19.1882 -17.6242 -17.608 
-19.4739 -17.4105 -18.5418 -19.8036 -17.0993 -19.4305 -20.187 -16.604 -20.2032 
-20.585 -15.9644 -20.8575 -20.9768 -15.2775 -21.4697 -21.3538 -14.5836 -22.0831 
-21.6941 -13.8918 -22.7194 -21.9632 -13.205 -23.3938 -22.149 -12.5254 -24.1027 
-22.2573 -11.8565 -24.8372 -22.2828 -11.1955 -25.5864 -22.2154 -10.5258 -26.3251 
-22.0896 -9.82146 -27.0221 -21.9472 -9.01642 -27.5927 -21.8512 -8.09462 -27.8973 
-21.8446 -7.10585 -27.7868 -21.8463 -6.14075 -27.5278 -21.7467 -5.19334 -27.2297 
-21.4702 -4.29092 -26.9077 -20.964 -3.52364 -26.5353 -20.298 -2.91489 -26.114 
-19.5355 -2.46698 -25.6485 -18.7182 -2.07364 -25.2298 -17.8544 -1.69685 -24.897 
-16.9564 -1.34747 -24.6337 -16.0135 -1.06974 -24.4589 -15.0412 -0.872215 -24.3363 
-14.0499 -0.777649 -24.2572 -13.0511 -0.772064 -24.2373 -12.057 -0.860409 -24.2781 
-11.0871 -1.0701 -24.3836 -10.1682 -1.40491 -24.5804 -9.30969 -1.80789 -24.8922 
-8.4849 -2.21557 -25.2806 -7.69974 -2.59645 -25.7682 -6.93764 -2.99897 -26.2749 
-6.25364 -3.56842 -26.712 -5.70937 -4.32211 -27.0701 -5.36953 -5.20088 -27.3939 
-5.21273 -6.13572 -27.7034 -5.18846 -7.10202 -27.9538 -5.15645 -8.09288 -28.0225 
-5.04163 -9.04957 -27.7975 -4.8567 -9.89287 -27.2983 -4.66393 -10.6437 -26.6686 
-4.52773 -11.3402 -25.965 -4.49593 -12.0203 -25.2338 -4.56662 -12.7041 -24.5094 
-4.753 -13.3939 -23.8113 -5.04408 -14.0689 -23.134 -5.39952 -14.7329 -22.4767 
-5.79389 -15.3898 -21.8345 -6.22216 -16.0159 -21.1829 -6.65709 -16.6148 -20.5112 
-7.08068 -17.1402 -19.7754 -7.44799 -17.509 -18.9249 -7.7583 -17.7951 -18.0189 
-8.03441 -18.0621 -17.0957 -8.30424 -18.3265 -16.1698 -8.58271 -18.5759 -15.2424 
-8.86763 -18.7964 -14.3097 -9.15588 -18.9853 -13.3709 -9.45637 -19.1534 -12.4322 
-9.78077 -19.3013 -11.498 -17.4253 -21.2477 -11.8307 -17.7902 -21.0495 -12.7402 
-18.1128 -20.8428 -13.6638 -18.4282 -20.6102 -14.5837 -18.7548 -20.3485 -15.4918 
-19.0877 -20.0648 -16.391 -19.4074 -19.7612 -17.2886 -19.713 -19.4426 -18.1857 
-20.0225 -19.1088 -19.076 -20.3767 -18.7278 -19.9291 -20.7901 -18.2753 -20.7172 
-21.2677 -17.7356 -21.4086 -21.7567 -17.123 -22.0276 -22.2196 -16.4321 -22.582 
-22.6143 -15.6686 -23.0907 -22.9242 -14.8671 -23.6002 -23.1169 -14.0597 -24.1558 
-23.2069 -13.2594 -24.7471 -23.1852 -12.4774 -25.3684 -23.0673 -11.7073 -25.9942 
-22.8816 -10.9288 -26.5932 -22.6658 -10.1209 -27.1411 -22.4509 -9.26764 -27.6122 
-22.2774 -8.32327 -27.8701 -22.1832 -7.3341 -27.8722 -22.1273 -6.35256 -27.6996 
-22.0143 -5.39185 -27.4501 -21.7796 -4.46251 -27.1701 -21.3656 -3.61259 -26.8584 
-20.75 -2.92426 -26.493 -20.0092 -2.39739 -26.084 -19.1853 -1.98976 -25.6928 
-18.3153 -1.61871 -25.3695 -17.4109 -1.26577 -25.1331 -16.471 -0.972742 -24.9643 
-15.4998 -0.76712 -24.8482 -14.5103 -0.656238 -24.7676 -13.5118 -0.641942 -24.7414 
-12.5166 -0.719147 -24.7803 -11.5336 -0.874561 -24.8611 -10.5807 -1.144 -24.9932 
-9.66973 -1.50639 -25.1842 -8.79721 -1.90575 -25.4642 -7.9514 -2.2832 -25.8377 
-7.14029 -2.65807 -26.2855 -6.40449 -3.16574 -26.7192 -5.7867 -3.85917 -27.0778 
-5.37815 -4.71393 -27.3815 -5.14812 -5.64017 -27.6695 -5.08173 -6.6035 -27.9231 
-5.07365 -7.58809 -28.0742 -4.98823 -8.57765 -28.0115 -4.81468 -9.48728 -27.6541 
-4.5908 -10.2982 -27.1152 -4.38649 -11.0488 -26.488 -4.24942 -11.7734 -25.8139 
-4.20283 -12.4951 -25.1239 -4.25969 -13.2358 -24.4566 -4.43011 -13.9898 -23.8235 
-4.71064 -14.7384 -23.2245 -5.0681 -15.4688 -22.6431 -5.486 -16.1739 -22.0707 
-5.95501 -16.8054 -21.455 -6.43024 -17.372 -20.7828 -6.86937 -17.864 -20.0333 
-7.25863 -18.2575 -19.2022 -7.57976 -18.5794 -18.312 -7.87693 -18.8934 -17.4103 
-8.17462 -19.2079 -16.5089 -8.48576 -19.5139 -15.6092 -8.80745 -19.7993 -14.7064 
-9.12911 -20.0654 -13.7978 -9.45051 -20.3152 -12.8844 -9.78049 -20.5481 -11.9697 
-10.1238 -20.7714 -11.0574 -17.2523 -21.1377 -11.4605 -17.5378 -21.0037 -12.1405 
-17.8719 -20.8243 -13.0657 -18.1745 -20.624 -13.9974 -18.4818 -20.395 -14.9209 
-18.8041 -20.1369 -15.8317 -19.1285 -19.8556 -16.7347 -19.4383 -19.5549 -17.6367 
-19.7426 -19.2378 -18.5349 -20.069 -18.8988 -19.4169 -20.4481 -18.4927 -20.2471 
-20.8926 -17.9974 -20.9898 -21.3772 -17.4197 -21.645 -21.8541 -16.7631 -22.2284 
-22.2821 -16.0378 -22.7656 -22.6378 -15.2607 -23.2841 -22.9024 -14.4615 -23.8219 
-23.0545 -13.6643 -24.4037 -23.097 -12.8808 -25.021 -23.0312 -12.116 -25.6605 
-22.8811 -11.3589 -26.2961 -22.6851 -10.5874 -26.9009 -22.4727 -9.78394 -27.4562 
-22.2787 -8.9108 -27.8913 -22.1483 -7.94697 -28.0861 -22.1036 -6.95228 -28.0373 
-22.0751 -5.97145 -27.8482 -21.9478 -5.00912 -27.6164 -21.6506 -4.09506 -27.3554 
-21.1576 -3.28277 -27.0604 -20.4692 -2.65565 -26.7052 -19.6697 -2.19973 -26.3228 
-18.7971 -1.83176 -26.0055 -17.893 -1.48474 -25.759 -16.9613 -1.17072 -25.5801 
-15.9974 -0.940758 -25.4506 -15.0144 -0.790829 -25.353 -14.0184 -0.735485 -25.2985 
-13.0191 -0.758088 -25.3013 -12.027 -0.858303 -25.3608 -11.0564 -1.06695 -25.468 
-10.1204 -1.38397 -25.6139 -9.21663 -1.75761 -25.8196 -8.33394 -2.13482 -26.0958 
-7.48328 -2.49181 -26.4791 -6.68083 -2.89295 -26.9193 -6.0038 -3.52333 -27.2702 
-5.52331 -4.34521 -27.5506 -5.28094 -5.27874 -27.797 -5.23867 -6.24989 -28.0241 
-5.29156 -7.23187 -28.2033 -5.28035 -8.22149 -28.1685 -5.1813 -9.13612 -27.8058 
-5.01694 -9.92134 -27.2121 -4.85104 -10.6399 -26.5385 -4.75613 -11.3024 -25.7968 
-4.77118 -11.9511 -25.0369 -4.8968 -12.6047 -24.2928 -5.12321 -13.2607 -23.5739 
-5.43829 -13.9122 -22.8843 -5.79913 -14.5627 -22.2164 -6.19536 -15.2072 -21.5625 
-6.61022 -15.8434 -20.912 -7.02891 -16.4419 -20.2302 -7.43203 -16.923 -19.4552 
-7.78157 -17.2495 -18.5796 -8.07769 -17.4904 -17.6556 -8.35172 -17.7196 -16.7215 
-8.61882 -17.9393 -15.7832 -8.88568 -18.1343 -14.8396 -9.15861 -18.2859 -13.8897 
-9.44691 -18.3997 -12.939 -9.76143 -18.4903 -11.9942 -10.1073 -18.5499 -11.0581 
-17.188 -22.3791 -11.996 -17.4927 -22.1567 -12.6441 -17.86 -21.8693 -13.5284 
-18.1976 -21.592 -14.4279 -18.534 -21.3074 -15.3256 -18.881 -21.011 -16.2153 
-19.2207 -20.6993 -17.1026 -19.5382 -20.3739 -17.9932 -19.8364 -20.0369 -18.8862 
-20.1361 -19.6954 -19.7771 -20.4855 -19.3449 -20.6454 -20.9216 -18.9837 -21.4683 
-21.4433 -18.5756 -22.2157 -22.0034 -18.0372 -22.8312 -22.5022 -17.2696 -23.2234 
-22.8908 -16.4058 -23.5388 -23.1913 -15.5214 -23.8931 -23.3839 -14.6435 -24.3273 
-23.4411 -13.7821 -24.8283 -23.3898 -12.9518 -25.381 -23.2602 -12.1474 -25.9599 
-23.069 -11.355 -26.5387 -22.8353 -10.5446 -27.0754 -22.601 -9.70362 -27.5621 
-22.396 -8.80116 -27.9279 -22.2695 -7.81966 -28.0392 -22.2055 -6.82619 -27.9743 
-22.1411 -5.8462 -27.791 -21.9794 -4.88958 -27.5553 -21.6615 -3.98287 -27.292 
-21.1547 -3.18081 -26.9928 -20.4608 -2.5632 -26.6308 -19.6595 -2.1104 -26.2479 
-18.7871 -1.74154 -25.9311 -17.8838 -1.39134 -25.686 -16.9526 -1.07464 -25.5088 
-15.9893 -0.840603 -25.3824 -15.0066 -0.686104 -25.2887 -14.0107 -0.628269 -25.2379 
-13.0126 -0.665027 -25.2494 -12.0221 -0.783119 -25.315 -11.0525 -0.997788 -25.4199 
-10.1173 -1.31788 -25.5639 -9.21391 -1.69373 -25.7673 -8.33239 -2.07092 -26.0489 
-7.47903 -2.43165 -26.4216 -6.68577 -2.85007 -26.8562 -5.98589 -3.4575 -27.2174 
-5.49127 -4.27016 -27.5031 -5.23817 -5.20083 -27.7533 -5.17537 -6.1686 -27.9841 
-5.20731 -7.15074 -28.1668 -5.18473 -8.1436 -28.1675 -5.07449 -9.0858 -27.8818 
-4.89575 -9.91494 -27.3563 -4.70443 -10.6574 -26.716 -4.56458 -11.3492 -26.0084 
-4.52603 -12.0271 -25.2754 -4.58892 -12.7109 -24.5503 -4.76287 -13.4033 -23.8511 
-5.04344 -14.0833 -23.1747 -5.39263 -14.7498 -22.5166 -5.78332 -15.4137 -21.8791 
-6.21022 -16.0464 -21.2332 -6.64656 -16.6503 -20.5667 -7.07364 -17.1859 -19.8403 
-7.44614 -17.5634 -18.9959 -7.76132 -17.8545 -18.0933 -8.0428 -18.1254 -17.1728 
-8.31615 -18.3923 -16.2486 -8.59571 -18.647 -15.323 -8.8819 -18.872 -14.3917 
-9.1709 -19.063 -13.4537 -9.47091 -19.2314 -12.5149 -9.78973 -19.3782 -11.5786 
-17.2174 -20.6353 -10.911 -17.5029 -20.5208 -11.5949 -17.8376 -20.3782 -12.526 
-18.1316 -20.2241 -13.4692 -18.424 -20.031 -14.4056 -18.7311 -19.8001 -15.3287 
-19.0401 -19.5455 -16.2449 -19.3422 -19.2672 -17.1567 -19.6395 -18.967 -18.063 
-19.9492 -18.6481 -18.9586 -20.3029 -18.2731 -19.8133 -20.7335 -17.7715 -20.5616 
-21.1946 -17.1865 -21.227 -21.6509 -16.5351 -21.8324 -22.0819 -15.85 -22.4191 
-22.458 -15.1219 -22.9911 -22.7577 -14.3624 -23.5674 -22.9521 -13.5956 -24.1773 
-23.0205 -12.8369 -24.8228 -22.9794 -12.09 -25.4854 -22.8642 -11.3444 -26.1413 
-22.6862 -10.5826 -26.7635 -22.4839 -9.78294 -27.3275 -22.2899 -8.90804 -27.7576 
-22.1571 -7.9414 -27.9317 -22.1068 -6.94914 -27.85 -22.0597 -5.97384 -27.6378 
-21.9077 -5.02294 -27.3727 -21.6139 -4.11535 -27.085 -21.0921 -3.33731 -26.749 
-20.4059 -2.7274 -26.3592 -19.6174 -2.27354 -25.9513 -18.7611 -1.8967 -25.5994 
-17.875 -1.53418 -25.314 -16.9542 -1.20516 -25.1082 -15.9953 -0.962611 -24.9662 
-15.0142 -0.806614 -24.8613 -14.0187 -0.748078 -24.8011 -13.2691 -0.756004 -24.7944 
-12.5215 -0.800266 -24.8193 -11.5376 -0.948053 -24.9032 -10.5838 -1.21262 -25.0387 
-9.67319 -1.57325 -25.2341 -8.80087 -1.9711 -25.5171 -7.95647 -2.3473 -25.8948 
-7.14563 -2.72169 -26.3438 -6.39779 -3.20218 -26.7873 -5.78669 -3.90538 -27.1377 
-5.39554 -4.76982 -27.4352 -5.1919 -5.70423 -27.716 -5.15148 -6.66959 -27.9697 
-5.15803 -7.65397 -28.1137 -5.07923 -8.63955 -28.0131 -4.91632 -9.52908 -27.6024 
-4.70877 -10.3169 -27.0239 -4.53156 -11.0409 -26.3587 -4.43195 -11.7357 -25.6479 
-4.43209 -12.4268 -24.9259 -4.54765 -13.1301 -24.2261 -4.76258 -13.8351 -23.5513 
-5.08152 -14.5185 -22.896 -5.45573 -15.1915 -22.2583 -5.8739 -15.8453 -21.628 
-6.31665 -16.4585 -20.974 -6.75795 -17.0338 -20.2859 -7.16883 -17.5045 -19.5103 
-7.51579 -17.8397 -18.6354 -7.81461 -18.1283 -17.726 -8.09131 -18.4096 -16.8071 
-8.37162 -18.6875 -15.8883 -8.66072 -18.9475 -14.9671 -8.95509 -19.1777 -14.0396 
-9.25585 -19.3834 -13.1084 -9.56758 -19.5705 -12.1769 -9.89784 -19.7282 -11.2465 
-17.2847 -18.8639 -10.6856 -17.5175 -18.8639 -11.3985 -17.8063 -18.8706 -12.3558 
-18.0526 -18.8611 -13.3246 -18.285 -18.8021 -14.2953 -18.5295 -18.6841 -15.2573 
-18.7821 -18.5197 -16.2106 -19.0418 -18.3179 -17.1549 -19.3183 -18.0891 -18.0881 
-19.6341 -17.8071 -18.9934 -19.9988 -17.418 -19.8345 -20.4132 -16.8223 -20.5184 
-20.8267 -16.1526 -21.1345 -21.2232 -15.4552 -21.7314 -21.5987 -14.7542 -22.3376 
-21.9308 -14.0552 -22.9701 -22.1954 -13.3562 -23.6338 -22.3657 -12.6596 -24.3295 
-22.4468 -11.973 -25.0504 -22.434 -11.2931 -25.7828 -22.3343 -10.6054 -26.5012 
-22.1803 -9.88045 -27.1715 -22.0243 -9.08654 -27.7536 -21.9272 -8.14483 -28.0312 
-21.917 -7.15165 -27.9878 -21.9403 -6.17389 -27.7833 -21.8575 -5.21274 -27.5291 
-21.6117 -4.28699 -27.2516 -21.1368 -3.47345 -26.9368 -20.4616 -2.84069 -26.5665 
-19.6781 -2.37464 -26.1633 -18.8204 -1.99766 -25.8172 -17.9279 -1.64314 -25.5406 
-17.0046 -1.31948 -25.3372 -16.0532 -1.0547 -25.1828 -15.0777 -0.874905 -25.064 
-14.0865 -0.780961 -24.9789 -13.0876 -0.783192 -24.9649 -12.094 -0.870766 -25.0197 
-11.1215 -1.06846 -25.1286 -10.187 -1.38406 -25.2854 -9.29236 -1.76533 -25.5135 
-8.42312 -2.15257 -25.8175 -7.58579 -2.51915 -26.2211 -6.79158 -2.91552 -26.6809 
-6.0982 -3.51024 -27.0647 -5.58763 -4.30471 -27.3708 -5.31398 -5.22239 -27.6464 
-5.23156 -6.18172 -27.9041 -5.26326 -7.15721 -28.1189 -5.25099 -8.14911 -28.1299 
-5.15026 -9.08294 -27.8216 -4.97983 -9.88499 -27.2534 -4.80604 -10.6145 -26.5939 
-4.69347 -11.2868 -25.863 -4.68947 -11.9432 -25.11 -4.80194 -12.6043 -24.3703 
-5.01059 -13.2677 -23.6524 -5.31388 -13.9215 -22.9601 -5.67249 -14.5731 -22.292 
-6.06659 -15.2184 -21.6377 -6.48367 -15.8482 -20.9825 -6.90539 -16.4484 -20.3036 
-7.3143 -16.9454 -19.5414 -7.67008 -17.2896 -18.6754 -7.96972 -17.5423 -17.7556 
-8.24092 -17.7799 -16.823 -8.50626 -18.0128 -15.8874 -8.77506 -18.2215 -14.9471 
-9.05018 -18.3908 -14.0009 -9.33733 -18.5282 -13.053 -9.6469 -18.645 -12.1094 
-9.98853 -18.7285 -11.1736 -17.2296 -20.649 -10.9612 -17.5133 -20.5353 -11.646 
-17.8457 -20.3919 -12.5779 -18.1395 -20.2353 -13.5207 -18.4328 -20.0396 -14.4563 
-18.7409 -19.8065 -15.3785 -19.0505 -19.5499 -16.2941 -19.3525 -19.2701 -17.2053 
-19.6503 -18.9688 -18.1111 -19.9619 -18.6479 -19.0053 -20.3192 -18.2681 -19.8563 
-20.7528 -17.7614 -20.5993 -21.215 -17.1726 -21.2608 -21.6709 -16.5191 -21.8643 
-22.1002 -15.8314 -22.4492 -22.4733 -15.1004 -23.0195 -22.7687 -14.3391 -23.5955 
-22.9578 -13.5712 -24.2058 -23.0208 -12.8126 -24.8519 -22.9889 -12.0636 -25.5123 
-22.8653 -11.3166 -26.1652 -22.6881 -10.5523 -26.7845 -22.4841 -9.74813 -27.3413 
-22.2532 -8.62788 -27.8151 -22.1288 -7.40057 -27.8938 -22.0903 -6.41765 -27.7253 
-21.9939 -5.45479 -27.4777 -21.7703 -4.52254 -27.198 -21.369 -3.66539 -26.8894 
-20.7603 -2.97017 -26.5264 -20.0218 -2.43892 -26.1193 -19.1907 -2.03982 -25.7341 
-18.3202 -1.66993 -25.4107 -17.4159 -1.31828 -25.1721 -16.4758 -1.02658 -25.0012 
-15.5044 -0.824066 -24.8821 -14.5148 -0.715896 -24.7988 -13.5163 -0.701527 -24.7712 
-12.5209 -0.774804 -24.8111 -11.5373 -0.9249 -24.894 -10.5837 -1.19077 -25.0285 
-9.67279 -1.55178 -25.2221 -8.80022 -1.95 -25.5037 -7.95507 -2.32651 -25.8796 
-7.14386 -2.70098 -26.3277 -6.39591 -3.1808 -26.772 -5.7822 -3.88124 -27.1238 
-5.38447 -4.74249 -27.4223 -5.17118 -5.67449 -27.7043 -5.11997 -6.63922 -27.9583 
-5.12028 -7.62363 -28.1054 -5.03861 -8.61122 -28.0208 -4.87133 -9.51062 -27.6348 
-4.65625 -10.3088 -27.0737 -4.46593 -11.045 -26.4256 -4.34831 -11.7534 -25.731 
-4.32627 -12.4584 -25.0228 -4.41645 -13.1786 -24.3366 -4.60771 -13.905 -23.6777 
-4.90742 -14.6177 -23.0448 -5.277 -15.3113 -22.427 -5.69682 -15.9829 -21.8168 
-6.14945 -16.604 -21.1779 -6.60423 -17.1753 -20.4956 -7.03125 -17.6689 -19.7404 
-7.39243 -18.0258 -18.881 -7.7022 -18.3313 -17.9808 -7.98965 -18.6292 -17.0704 
-8.27854 -18.9258 -16.1602 -8.5755 -19.21 -15.2487 -8.8821 -19.4671 -14.3323 
-9.19057 -19.7022 -13.4107 -9.50325 -19.9179 -12.4857 -9.8234 -20.11 -11.5581 
-17.4554 -18.7775 -11.065 -17.6844 -18.7781 -11.7792 -17.9608 -18.7815 -12.74 
-18.2031 -18.7519 -13.7095 -18.4468 -18.6646 -14.6751 -18.6973 -18.5222 -15.6325 
-18.9494 -18.3398 -16.5827 -19.21 -18.1287 -17.5247 -19.4942 -17.8892 -18.4529 
-19.8214 -17.5822 -19.3451 -20.2103 -17.1021 -20.123 -20.6263 -16.4721 -20.7777 
-21.0307 -15.7903 -21.387 -21.421 -15.0944 -21.9897 -21.7829 -14.3974 -22.6085 
-22.0848 -13.7017 -23.2595 -22.3097 -13.0041 -23.9382 -22.4443 -12.3122 -24.6467 
-22.4777 -11.6307 -25.3767 -22.4264 -10.9464 -26.1027 -22.2991 -10.2425 -26.8009 
-22.1343 -9.47983 -27.4245 -21.9944 -8.59542 -27.8454 -21.9358 -7.60538 -27.8862 
-21.9395 -6.6249 -27.7066 -21.8946 -5.66233 -27.4431 -21.718 -4.7248 -27.1504 
-21.3285 -3.87205 -26.8221 -20.7333 -3.16913 -26.4401 -20.0066 -2.64061 -26.0119 
-19.2069 -2.22388 -25.5823 -18.3531 -1.84661 -25.2245 -17.4624 -1.48693 -24.9499 
-16.5333 -1.17624 -24.7521 -15.5776 -0.92796 -24.6023 -14.5945 -0.782524 -24.5009 
-13.5981 -0.733162 -24.4492 -12.8484 -0.747566 -24.449 -12.1042 -0.828232 -24.4902 
-11.1324 -1.03156 -24.5931 -10.2052 -1.35677 -24.7689 -9.32821 -1.75262 -25.0364 
-8.48488 -2.1553 -25.3884 -7.68023 -2.53356 -25.8449 -6.90633 -2.93374 -26.3353 
-6.21889 -3.50753 -26.7598 -5.6848 -4.27174 -27.1064 -5.35301 -5.15725 -27.4231 
-5.1957 -6.09472 -27.724 -5.17283 -7.06272 -27.9681 -5.14268 -8.05394 -28.0401 
-5.02945 -9.01495 -27.8306 -4.83929 -9.85287 -27.3264 -4.64198 -10.6115 -26.7076 
-4.4972 -11.3153 -26.0131 -4.45551 -12.0008 -25.2874 -4.51528 -12.6893 -24.5665 
-4.68571 -13.3855 -23.8702 -4.963 -14.0697 -23.1968 -5.31219 -14.736 -22.5385 
-5.70349 -15.3991 -21.9005 -6.13169 -16.0294 -21.2533 -6.57053 -16.6247 -20.5806 
-6.9984 -17.16 -19.854 -7.37206 -17.5435 -19.013 -7.68731 -17.8396 -18.1119 
-7.9685 -18.1143 -17.1925 -8.24048 -18.3852 -16.2691 -8.51978 -18.646 -15.3451 
-8.80748 -18.8805 -14.4166 -9.09945 -19.0833 -13.482 -9.40282 -19.266 -12.5469 
-9.72644 -19.4314 -11.6153 -17.4911 -19.7537 -10.9382 -17.8291 -19.6475 -11.873 
-18.1199 -19.551 -12.8248 -18.396 -19.4258 -13.7775 -18.6717 -19.258 -14.7239 
-18.9501 -19.0493 -15.6613 -19.2271 -18.8111 -16.5921 -19.5051 -18.5487 -17.5161 
-19.7914 -18.2673 -18.4319 -20.119 -17.9321 -19.3138 -20.5072 -17.4836 -20.1146 
-20.9418 -16.9065 -20.8045 -21.3759 -16.26 -21.4315 -21.7945 -15.5871 -22.0411 
-22.1723 -14.895 -22.6558 -22.478 -14.1747 -23.2775 -22.7027 -13.4445 -23.9216 
-22.8191 -12.7183 -24.5983 -22.8344 -11.9998 -25.292 -22.7618 -11.2776 -25.9791 
-22.6124 -10.5354 -26.6318 -22.4254 -9.74723 -27.2163 -22.239 -8.87606 -27.6543 
-22.1082 -7.9072 -27.805 -22.0552 -6.91945 -27.6804 -22.0005 -5.95283 -27.4326 
-21.8549 -5.00821 -27.1439 -21.5146 -4.13148 -26.8167 -20.9904 -3.37096 -26.446 
-20.3 -2.79186 -26.0191 -19.5345 -2.3474 -25.5552 -18.7118 -1.95224 -25.1491 
-17.8428 -1.57468 -24.8311 -16.9396 -1.22605 -24.5851 -15.9942 -0.948502 -24.4222 
-15.0166 -0.774022 -24.3162 -14.0227 -0.69194 -24.2468 -13.0239 -0.690251 -24.2295 
-12.0308 -0.78748 -24.2707 -11.0627 -1.00661 -24.3743 -10.1431 -1.34491 -24.5635 
-9.28103 -1.74805 -24.865 -8.45224 -2.15539 -25.2455 -7.66168 -2.53653 -25.7239 
-6.90025 -2.94124 -26.2298 -6.21691 -3.51376 -26.6646 -5.66596 -4.26227 -27.0252 
-5.30328 -5.1308 -27.3528 -5.11386 -6.05963 -27.6629 -5.05451 -7.02447 -27.9128 
-5.01298 -8.01312 -28.0312 -4.8852 -8.98357 -27.8673 -4.67375 -9.8473 -27.4188 
-4.44847 -10.6323 -26.8439 -4.26499 -11.3762 -26.2025 -4.16053 -12.1035 -25.5247 
-4.15751 -12.8431 -24.8532 -4.26758 -13.6013 -24.2134 -4.48245 -14.367 -23.6086 
-4.7926 -15.1245 -23.0352 -5.17426 -15.86 -22.4762 -5.62578 -16.5448 -21.9056 
-6.11092 -17.1535 -21.2795 -6.58344 -17.6929 -20.584 -7.01323 -18.15 -19.8073 
-7.36813 -18.5004 -18.9419 -7.67964 -18.8195 -18.047 -7.97849 -19.1385 -17.1475 
-8.2867 -19.4555 -16.2506 -8.60758 -19.7596 -15.3537 -8.93635 -20.0433 -14.4529 
-9.26306 -20.3127 -13.5471 -9.59284 -20.5678 -12.6381 -9.92833 -20.8064 -11.7268 
-17.4533 -18.747 -10.6502 -17.6931 -18.7257 -11.3605 -17.9889 -18.7101 -12.3155 
-18.2551 -18.6754 -13.2787 -18.5098 -18.5933 -14.2419 -18.7644 -18.46 -15.1994 
-19.014 -18.2861 -16.152 -19.264 -18.0836 -17.0987 -19.5316 -17.8533 -18.0341 
-19.8301 -17.5809 -18.9481 -20.1902 -17.1821 -19.7888 -20.5963 -16.6187 -20.5028 
-21.0093 -15.9742 -21.1455 -21.41 -15.2949 -21.7602 -21.787 -14.6086 -22.3819 
-22.108 -13.9174 -23.0285 -22.3623 -13.2189 -23.6968 -22.5222 -12.5232 -24.3959 
-22.5926 -11.8346 -25.1161 -22.5639 -11.144 -25.8377 -22.4563 -10.435 -26.5337 
-22.2891 -9.66603 -27.1486 -22.1191 -8.80274 -27.6033 -22.0067 -7.8306 -27.7248 
-21.9685 -6.84866 -27.5531 -21.9112 -5.89087 -27.274 -21.7474 -4.95911 -26.9572 
-21.3931 -4.10145 -26.6006 -20.8451 -3.37383 -26.1974 -20.1589 -2.82182 -25.7292 
-19.4227 -2.376 -25.2207 -18.6338 -1.97337 -24.7579 -17.8078 -1.58153 -24.355 
-16.934 -1.20789 -24.0494 -15.9947 -0.91378 -23.8814 -15.0242 -0.702659 -23.7703 
-14.0343 -0.59095 -23.6985 -13.0356 -0.58152 -23.6744 -12.0424 -0.682507 -23.6961 
-11.0767 -0.916775 -23.7834 -10.1605 -1.26112 -23.9753 -9.3395 -1.67769 -24.3572 
-8.5549 -2.09596 -24.8146 -7.7963 -2.48894 -25.3333 -7.06456 -2.89763 -25.8783 
-6.37449 -3.43059 -26.3573 -5.78308 -4.12031 -26.7681 -5.3394 -4.9382 -27.1284 
-5.07 -5.83706 -27.4676 -4.92272 -6.77744 -27.7701 -4.81767 -7.75496 -27.9367 
-4.64607 -8.72599 -27.8524 -4.40831 -9.64133 -27.5383 -4.13596 -10.4911 -27.0882 
-3.87641 -11.3071 -26.573 -3.68925 -12.103 -25.9982 -3.57552 -12.9065 -25.4147 
-3.53527 -13.7372 -24.8619 -3.58951 -14.6108 -24.3819 -3.74859 -15.5143 -23.9866 
-4.01229 -16.4318 -23.6936 -4.38238 -17.3393 -23.5041 -4.85402 -18.2076 -23.3577 
-5.4143 -19.0102 -23.1602 -6.03517 -19.584 -22.6724 -6.50557 -19.7929 -21.8266 
-6.84758 -19.9825 -20.9076 -7.13232 -20.243 -19.9857 -7.40967 -20.5667 -19.0812 
-7.71154 -20.9097 -18.1918 -8.04114 -21.2586 -17.3147 -8.40622 -21.6087 -16.4521 
-8.79616 -21.9571 -15.5997 -9.19768 -22.3135 -14.7562 -9.61127 -22.7085 -13.9361 
-10.0383 -23.1411 -13.1424 -17.6438 -17.6443 -12.5837 -17.9257 -17.7174 -13.5402 
-18.1856 -17.7431 -14.5051 -18.4407 -17.6963 -15.4705 -18.6897 -17.5965 -16.4335 
-18.9492 -17.4583 -17.3892 -19.2355 -17.2834 -18.3311 -19.5602 -17.0123 -19.2341 
-19.9315 -16.5579 -20.0364 -20.3214 -15.9198 -20.6975 -20.7055 -15.2242 -21.3047 
-21.0833 -14.5285 -21.9156 -21.4341 -13.8365 -22.546 -21.7206 -13.1484 -23.2121 
-21.9382 -12.4697 -23.9124 -22.0624 -11.8108 -24.6537 -22.1077 -11.1635 -25.4137 
-22.0629 -10.5105 -26.1688 -21.9522 -9.82769 -26.8901 -21.8294 -9.08162 -27.5426 
-21.7415 -8.24297 -28.0574 -21.756 -7.27561 -28.0487 -21.8111 -6.30424 -27.8195 
-21.7538 -5.34409 -27.5527 -21.5195 -4.42038 -27.2615 -21.0557 -3.60621 -26.9352 
-20.398 -2.96503 -26.5562 -19.6108 -2.51511 -26.1369 -18.7617 -2.13937 -25.7682 
-17.872 -1.78599 -25.4822 -16.9522 -1.46344 -25.2621 -15.9981 -1.2137 -25.1039 
-15.0167 -1.06684 -24.9897 -14.0219 -1.0071 -24.9111 -13.0229 -1.009 -24.8977 
-12.0289 -1.08668 -24.959 -11.0532 -1.26534 -25.0724 -10.1253 -1.58759 -25.2521 
-9.24032 -1.97154 -25.5121 -8.38389 -2.3586 -25.8496 -7.56459 -2.72465 -26.2899 
-6.78648 -3.14517 -26.751 -6.09507 -3.73951 -27.147 -5.63208 -4.56345 -27.4468 
-5.4173 -5.49553 -27.7227 -5.4027 -6.45938 -27.9825 -5.47917 -7.43486 -28.1632 
-5.49451 -8.40862 -28.0529 -5.43003 -9.21049 -27.4706 -5.32415 -9.92656 -26.7812 
-5.25916 -10.577 -26.0257 -5.27417 -11.1942 -25.2405 -5.40024 -11.8116 -24.4653 
-5.62016 -12.4457 -23.7249 -5.91876 -13.0882 -23.0196 -6.25733 -13.7353 -22.3368 
-6.6257 -14.3972 -21.6842 -7.01692 -15.0641 -21.05 -7.4189 -15.6963 -20.3891 
-7.80773 -16.2157 -19.6354 -8.16652 -16.5246 -18.758 -8.48955 -16.7052 -17.8293 
-8.79982 -16.8537 -16.8904 -9.10566 -16.9754 -15.9462 -9.42575 -17.0473 -15.0019 
-9.77329 -17.059 -14.0648 -17.2241 -22.261 -12.0719 -17.6205 -21.976 -12.9442 
-17.9708 -21.7007 -13.8394 -18.3008 -21.4291 -14.7434 -18.6403 -21.1432 -15.6396 
-18.9864 -20.8432 -16.5284 -19.3181 -20.5295 -17.418 -19.6264 -20.2006 -18.3106 
-19.923 -19.8636 -19.2042 -20.2426 -19.5179 -20.0861 -20.6219 -19.1597 -20.9383 
-21.0981 -18.7751 -21.7277 -21.6423 -18.305 -22.4202 -22.1856 -17.6595 -22.9418 
-22.6417 -16.8541 -23.3117 -22.9922 -15.9813 -23.6488 -23.2521 -15.1031 -24.0463 
-23.3997 -14.2349 -24.5168 -23.4093 -13.3912 -25.0504 -23.3207 -12.5771 -25.6236 
-23.1637 -11.7857 -26.2136 -22.9524 -10.9889 -26.7789 -22.716 -10.169 -27.3 
-22.4899 -9.3106 -27.757 -22.3191 -8.3652 -28.0118 -22.2311 -7.37245 -28.022 
-22.1854 -6.38451 -27.8783 -22.0826 -5.41458 -27.6621 -21.8585 -4.4749 -27.4114 
-21.4569 -3.60752 -27.1307 -20.8555 -2.88966 -26.8005 -20.1143 -2.34565 -26.4184 
-19.278 -1.94173 -26.0512 -18.3899 -1.58419 -25.7632 -17.4757 -1.24159 -25.5498 
-16.5345 -0.94579 -25.3892 -15.5724 -0.708938 -25.262 -14.5871 -0.567802 -25.1763 
-13.59 -0.52415 -25.1371 -12.8407 -0.550285 -25.1454 -12.0986 -0.646363 -25.1922 
-11.1283 -0.86092 -25.2901 -10.1872 -1.16913 -25.4245 -9.28462 -1.54811 -25.624 
-8.40323 -1.9342 -25.8944 -7.54841 -2.29914 -26.26 -6.75208 -2.70756 -26.7004 
-6.03759 -3.28366 -27.0858 -5.51051 -4.07294 -27.3839 -5.17885 -4.97291 -27.651 
-5.04152 -5.93031 -27.8928 -5.02633 -6.90805 -28.0984 -4.99208 -7.90193 -28.16 
-4.86073 -8.86762 -27.9761 -4.6482 -9.7437 -27.5559 -4.40615 -10.5489 -27.0155 
-4.1873 -11.3166 -26.4144 -4.0346 -12.0675 -25.7724 -3.95804 -12.8295 -25.1301 
-3.9872 -13.6234 -24.5247 -4.11079 -14.4427 -23.9669 -4.34601 -15.2783 -23.4731 
-4.69491 -16.1052 -23.0341 -5.13372 -16.8941 -22.6061 -5.65372 -17.577 -22.0998 
-6.1793 -18.1139 -21.4461 -6.64632 -18.548 -20.6778 -7.02425 -18.9089 -19.8265 
-7.35182 -19.2402 -18.9417 -7.65899 -19.573 -18.0502 -7.97411 -19.9121 -17.1638 
-8.30722 -20.2521 -16.2845 -8.65865 -20.5788 -15.4071 -9.01996 -20.8923 -14.5289 
-9.38274 -21.209 -13.6525 -9.74542 -21.5252 -12.7759 -10.1132 -21.8377 -11.9001 
-17.5041 -19.3095 -10.9037 -17.747 -19.2622 -11.6117 -18.0364 -19.208 -12.5671 
-18.2983 -19.1292 -13.5289 -18.5553 -19.0013 -14.4865 -18.8183 -18.826 -15.4352 
-19.0814 -18.6208 -16.3778 -19.3475 -18.3861 -17.3127 -19.6237 -18.1311 -18.2392 
-19.9389 -17.8253 -19.1364 -20.3124 -17.4051 -19.9586 -20.7374 -16.8142 -20.6423 
-21.1606 -16.1649 -21.2735 -21.5678 -15.4822 -21.8802 -21.945 -14.7945 -22.5002 
-22.2691 -14.094 -23.1351 -22.5154 -13.3799 -23.7897 -22.6611 -12.6687 -24.4761 
-22.7031 -11.9668 -25.1855 -22.6551 -11.2619 -25.8924 -22.5241 -10.5389 -26.57 
-22.3493 -9.77009 -27.1835 -22.1717 -8.91588 -27.6573 -22.05 -7.95286 -27.8367 
-22.0132 -6.96373 -27.7192 -21.97 -5.99834 -27.4641 -21.8348 -5.05227 -27.1754 
-21.5067 -4.16984 -26.8509 -20.9894 -3.40376 -26.4829 -20.2995 -2.82237 -26.0584 
-19.5331 -2.37737 -25.5965 -18.7099 -1.98346 -25.1899 -17.8407 -1.60697 -24.8717 
-16.9373 -1.25968 -24.6241 -15.9917 -0.984345 -24.4594 -15.0136 -0.813321 -24.3517 
-14.0196 -0.733482 -24.2813 -13.0208 -0.731717 -24.2642 -12.0275 -0.826382 -24.3071 
-11.059 -1.04269 -24.4131 -10.1398 -1.38016 -24.6053 -9.27797 -1.78288 -24.9082 
-8.44895 -2.18975 -25.2884 -7.6593 -2.57003 -25.7692 -6.89658 -2.9751 -26.2729 
-6.21556 -3.55149 -26.7051 -5.67303 -4.30826 -27.0604 -5.32606 -5.18423 -27.3849 
-5.15701 -6.11755 -27.6929 -5.11707 -7.0842 -27.9399 -5.08631 -8.07405 -28.0456 
-4.96393 -9.03666 -27.8426 -4.76373 -9.88185 -27.3548 -4.55433 -10.6512 -26.7533 
-4.39297 -11.3706 -26.0785 -4.32934 -12.0739 -25.3716 -4.36323 -12.7834 -24.6695 
-4.50583 -13.5043 -23.9925 -4.75626 -14.2224 -23.3445 -5.09564 -14.9188 -22.7127 
-5.49318 -15.5983 -22.0965 -5.92996 -16.2467 -21.4734 -6.38517 -16.8387 -20.8089 
-6.83024 -17.3934 -20.107 -7.22643 -17.8169 -19.2962 -7.55695 -18.1355 -18.4084 
-7.8502 -18.4328 -17.4998 -8.13424 -18.7276 -16.5875 -8.42509 -19.0187 -15.6761 
-8.7251 -19.2892 -14.7614 -9.03127 -19.5299 -13.8404 -9.34101 -19.7525 -12.916 
-9.65687 -19.9542 -11.9889 -9.9873 -20.1298 -11.0617 -17.5673 -18.3475 -11.191 
-17.8679 -18.3637 -12.1446 -18.1356 -18.369 -13.108 -18.39 -18.3297 -14.0739 
-18.6389 -18.232 -15.0373 -18.8804 -18.0898 -15.9971 -19.1215 -17.9128 -16.9512 
-19.3821 -17.7102 -17.895 -19.6749 -17.4648 -18.8185 -20.0196 -17.1035 -19.6793 
-20.4199 -16.5408 -20.3997 -20.824 -15.8909 -21.042 -21.2178 -15.2067 -21.656 
-21.5938 -14.5173 -22.2748 -21.9252 -13.8286 -22.9188 -22.1844 -13.1406 -23.5956 
-22.3524 -12.455 -24.3035 -22.4275 -11.7803 -25.0364 -22.417 -11.1061 -25.7738 
-22.317 -10.4143 -26.4884 -22.1656 -9.67233 -27.1399 -22.0117 -8.8357 -27.6484 
-21.9161 -7.87367 -27.8177 -21.9001 -6.89003 -27.6539 -21.8657 -5.92978 -27.3797 
-21.7238 -4.99097 -27.0716 -21.398 -4.11625 -26.7324 -20.8565 -3.37753 -26.343 
-20.1586 -2.82326 -25.8954 -19.4045 -2.38002 -25.4117 -18.5945 -1.9832 -24.9818 
-17.7392 -1.60057 -24.6341 -16.8471 -1.24486 -24.3615 -15.9034 -0.965921 -24.1936 
-14.925 -0.795612 -24.0878 -13.93 -0.729923 -24.0284 -12.9313 -0.755901 -24.0271 
-11.9431 -0.885166 -24.0856 -10.9972 -1.16202 -24.2407 -10.1036 -1.5278 -24.4963 
-9.27143 -1.9378 -24.8656 -8.47026 -2.34722 -25.2986 -7.70859 -2.7271 -25.8233 
-6.95378 -3.13101 -26.3396 -6.27893 -3.70549 -26.7817 -5.77093 -4.48125 -27.1373 
-5.47984 -5.37677 -27.4626 -5.3828 -6.31957 -27.7729 -5.42289 -7.28331 -28.034 
-5.44285 -8.25219 -28.0346 -5.35855 -9.09868 -27.528 -5.23466 -9.85069 -26.8829 
-5.13895 -10.5248 -26.1521 -5.11994 -11.1529 -25.3759 -5.21473 -11.7691 -24.5955 
-5.40969 -12.3983 -23.8439 -5.69403 -13.0363 -23.1288 -6.03058 -13.676 -22.438 
-6.39701 -14.3214 -21.7681 -6.78973 -14.9739 -21.1201 -7.19771 -15.5997 -20.4564 
-7.59326 -16.1232 -19.7079 -7.94831 -16.4281 -18.8281 -8.26532 -16.6198 -17.8998 
-8.56391 -16.7761 -16.9584 -8.85786 -16.9095 -16.012 -9.15443 -17.01 -15.0625 
-9.47421 -17.0551 -14.1164 -9.8243 -17.0489 -13.1799 -17.4953 -19.8144 -10.9885 
-17.8323 -19.7057 -11.9233 -18.1222 -19.6041 -12.8749 -18.3994 -19.4729 -13.8265 
-18.6777 -19.2975 -14.7707 -18.9587 -19.0863 -15.7069 -19.2376 -18.8446 -16.6362 
-19.5173 -18.5788 -17.5587 -19.8057 -18.2938 -18.4727 -20.1366 -17.9534 -19.3512 
-20.5279 -17.5004 -20.1481 -20.9646 -16.9212 -20.8351 -21.3998 -16.2737 -21.4601 
-21.8199 -15.601 -22.0692 -22.1968 -14.9067 -22.6817 -22.507 -14.1847 -23.2995 
-22.7244 -13.4525 -23.9434 -22.8368 -12.7241 -24.6182 -22.8478 -12.0032 -25.3097 
-22.7715 -11.279 -25.9943 -22.6195 -10.5347 -26.644 -22.431 -9.74483 -27.2257 
-22.244 -8.87241 -27.6611 -22.1131 -7.90322 -27.8107 -22.0597 -6.91528 -27.6874 
-22.0045 -5.94832 -27.441 -21.8586 -5.00335 -27.1538 -21.5191 -4.12547 -26.8286 
-20.9953 -3.36381 -26.4599 -20.3041 -2.78431 -26.035 -19.5364 -2.34001 -25.5743 
-18.7113 -1.94569 -25.1721 -17.8405 -1.5691 -24.8587 -16.9355 -1.22207 -24.6164 
-15.9893 -0.946602 -24.4551 -15.0112 -0.773826 -24.3495 -14.0166 -0.704895 -24.2878 
-13.0178 -0.727817 -24.2861 -12.0254 -0.834587 -24.337 -11.0569 -1.05027 -24.4438 
-10.1373 -1.38719 -24.6353 -9.27312 -1.78903 -24.9334 -8.44184 -2.19499 -25.3093 
-7.65101 -2.57476 -25.7886 -6.88723 -2.98023 -26.2902 -6.2074 -3.55929 -26.7202 
-5.66819 -4.31976 -27.0728 -5.32551 -5.19791 -27.3958 -5.16162 -6.13256 -27.7024 
-5.12605 -7.09985 -27.9478 -5.08264 -8.09085 -28.0161 -4.95762 -9.05292 -27.8134 
-4.7561 -9.89685 -27.3239 -4.54803 -10.6653 -26.7208 -4.39153 -11.383 -26.0433 
-4.33427 -12.0851 -25.3345 -4.3756 -12.7929 -24.6311 -4.52628 -13.5107 -23.9525 
-4.783 -14.224 -23.3019 -5.12725 -14.9149 -22.6665 -5.52635 -15.59 -22.0466 
-5.96291 -16.2341 -21.4188 -6.41568 -16.8249 -20.7514 -6.85738 -17.3743 -20.0434 
-7.24911 -17.7905 -19.2267 -7.57459 -18.1034 -18.3349 -7.8644 -18.3982 -17.4244 
-8.14644 -18.6905 -16.5106 -8.43607 -18.9784 -15.5978 -8.7345 -19.2452 -14.6815 
-9.03943 -19.485 -13.7598 -9.34851 -19.7031 -12.8342 -9.66623 -19.9019 -11.9072 
-9.99646 -20.0768 -10.9797 -17.3815 -18.9017 -10.9391 -17.6847 -18.9006 -11.8918 
-17.9528 -18.9003 -12.8551 -18.1887 -18.8683 -13.826 -18.4272 -18.7758 -14.7922 
-18.6777 -18.629 -15.7491 -18.9342 -18.4396 -16.6968 -19.201 -18.2216 -17.6354 
-19.4949 -17.969 -18.5569 -19.8337 -17.6437 -19.4385 -20.2281 -17.1592 -20.2125 
-20.6463 -16.5166 -20.8505 -21.0546 -15.8309 -21.4529 -21.4443 -15.1306 -22.0509 
-21.803 -14.4299 -22.6674 -22.1 -13.7302 -23.3163 -22.3188 -13.0289 -23.9933 
-22.4454 -12.3342 -24.7003 -22.4704 -11.6508 -25.4289 -22.4119 -10.9662 -26.1543 
-22.278 -10.263 -26.8518 -22.1122 -9.50826 -27.4856 -21.9766 -8.64136 -27.9472 
-21.9274 -7.65609 -28.0219 -21.9557 -6.67113 -27.8575 -21.9322 -5.70112 -27.6203 
-21.7669 -4.7552 -27.3499 -21.4236 -3.8701 -27.0555 -20.8651 -3.12197 -26.7172 
-20.1402 -2.56323 -26.3249 -19.3213 -2.14682 -25.9331 -18.4466 -1.78191 -25.6151 
-17.5422 -1.4322 -25.3736 -16.6145 -1.11476 -25.1808 -15.6552 -0.873654 -25.0407 
-14.6718 -0.728733 -24.9414 -13.6754 -0.678864 -24.8895 -12.9257 -0.694366 -24.8901 
-12.1814 -0.773098 -24.9349 -11.2029 -0.948999 -25.03 -10.2683 -1.26494 -25.1828 
-9.36998 -1.64963 -25.3912 -8.49872 -2.04287 -25.6834 -7.65426 -2.4126 -26.0693 
-6.85991 -2.80964 -26.5275 -6.13248 -3.34505 -26.9449 -5.59476 -4.11855 -27.2619 
-5.24791 -5.00667 -27.5495 -5.09214 -5.95495 -27.8149 -5.0731 -6.92988 -28.0306 
-5.04305 -7.92249 -28.1066 -4.92959 -8.89685 -27.9533 -4.72715 -9.76036 -27.5034 
-4.49906 -10.5496 -26.9341 -4.30385 -11.2969 -26.3005 -4.18641 -12.0231 -25.6236 
-4.16831 -12.7602 -24.9494 -4.24586 -13.5147 -24.3003 -4.44469 -14.2827 -23.693 
-4.74146 -15.0458 -23.1199 -5.11724 -15.785 -22.5622 -5.55738 -16.4907 -22.0078 
-6.04348 -17.1007 -21.3843 -6.52098 -17.6479 -20.6982 -6.95996 -18.1209 -19.9361 
-7.3245 -18.4807 -19.0789 -7.64048 -18.8013 -18.1861 -7.94021 -19.1208 -17.2872 
-8.24506 -19.4398 -16.3899 -8.56573 -19.7479 -15.4942 -8.89517 -20.036 -14.5951 
-9.22343 -20.3084 -13.6906 -9.55234 -20.5652 -12.7819 -9.88701 -20.8059 -11.8708 
-10.2375 -21.0458 -10.9658 -17.1071 -20.3829 -10.7076 -17.3904 -20.2886 -11.3955 
-17.7206 -20.1807 -12.3328 -18.0007 -20.0604 -13.2851 -18.2705 -19.9001 -14.2343 
-18.5564 -19.7023 -15.1718 -18.8533 -19.4711 -16.0982 -19.1465 -19.21 -17.0178 
-19.4402 -18.9272 -17.931 -19.7477 -18.6241 -18.8327 -20.0967 -18.2692 -19.698 
-20.5208 -17.7764 -20.455 -20.9744 -17.1826 -21.1169 -21.4217 -16.5153 -21.712 
-21.8456 -15.8217 -22.2943 -22.2197 -15.1033 -22.8801 -22.5295 -14.361 -23.4731 
-22.73 -13.6087 -24.0988 -22.8265 -12.8629 -24.7561 -22.8057 -12.1329 -25.4383 
-22.7083 -11.4086 -26.1203 -22.5435 -10.6772 -26.7817 -22.3513 -9.91264 -27.396 
-22.1696 -9.08212 -27.916 -22.0381 -8.14752 -28.2122 -22.0009 -7.15203 -28.1819 
-22.0064 -6.16454 -28.0278 -21.9151 -5.1952 -27.8091 -21.6675 -4.26088 -27.5657 
-21.1991 -3.42843 -27.2862 -20.5266 -2.78019 -26.9536 -19.7171 -2.33247 -26.5777 
-18.8498 -1.96028 -26.2519 -17.9413 -1.62232 -26.0085 -17.0067 -1.31521 -25.8321 
-16.0483 -1.06658 -25.6939 -15.0722 -0.884869 -25.5803 -14.0788 -0.803951 -25.5099 
-13.08 -0.81136 -25.5008 -12.087 -0.904938 -25.5584 -11.11 -1.08666 -25.6591 
-10.1698 -1.3947 -25.7979 -9.26021 -1.76133 -25.9905 -8.37083 -2.13251 -26.253 
-7.51221 -2.48372 -26.6239 -6.69854 -2.87549 -27.0518 -5.98779 -3.46949 -27.4053 
-5.5141 -4.29986 -27.6687 -5.29337 -5.24431 -27.8912 -5.27485 -6.22133 -28.0968 
-5.33611 -7.20496 -28.2641 -5.33779 -8.19268 -28.2098 -5.25327 -9.09395 -27.8135 
-5.10425 -9.86543 -27.1976 -4.9529 -10.573 -26.5089 -4.86822 -11.2239 -25.7559 
-4.89472 -11.8596 -24.9853 -5.02421 -12.4995 -24.2292 -5.25003 -13.1461 -23.5017 
-5.55889 -13.7927 -22.8048 -5.91404 -14.4394 -22.1299 -6.30594 -15.0823 -21.4719 
-6.71371 -15.718 -20.8167 -7.12834 -16.3162 -20.1318 -7.51266 -16.7441 -19.3207 
-7.84941 -17.0298 -18.4247 -8.14088 -17.2495 -17.4939 -8.41413 -17.4559 -16.5543 
-8.68447 -17.6515 -15.6117 -8.95588 -17.8158 -14.6635 -9.23235 -17.9328 -13.7099 
-9.52474 -18.0133 -12.757 -9.86101 -18.0737 -11.8176 -17.4842 -17.8987 -11.4303 
-17.707 -17.9479 -12.1448 -17.9811 -18.0077 -13.1045 -18.2285 -18.0288 -14.0727 
-18.4712 -17.9714 -15.0408 -18.7113 -17.8643 -16.0054 -18.9552 -17.7183 -16.9641 
-19.2201 -17.5408 -17.9116 -19.5193 -17.3118 -18.8372 -19.8672 -16.9521 -19.6969 
-20.2622 -16.3761 -20.4089 -20.6553 -15.703 -21.0341 -21.0417 -15.0108 -21.6436 
-21.4119 -14.3174 -22.2616 -21.7315 -13.6264 -22.9093 -21.9879 -12.9418 -23.5905 
-22.1551 -12.2676 -24.3092 -22.2333 -11.6059 -25.0537 -22.2283 -10.9481 -25.8059 
-22.1371 -10.2745 -26.5389 -22.0004 -9.54555 -27.2077 -21.8724 -8.71482 -27.7433 
-21.8112 -7.77626 -27.9634 -21.8354 -6.79362 -27.7911 -21.8216 -5.83074 -27.5258 
-21.6752 -4.88915 -27.2303 -21.3138 -4.02115 -26.9036 -20.7384 -3.3024 -26.5221 
-20.0195 -2.76496 -26.0931 -19.23 -2.34179 -25.6497 -18.3852 -1.9624 -25.2752 
-17.4976 -1.6026 -24.9895 -16.584 -1.27244 -24.7556 -15.6333 -1.01127 -24.5934 
-14.653 -0.855289 -24.4841 -13.6571 -0.80156 -24.4264 -12.9072 -0.810715 -24.4222 
-12.1621 -0.882404 -24.4616 -11.1876 -1.07329 -24.5632 -10.2628 -1.39731 -24.748 
-9.38593 -1.79489 -25.0152 -8.54778 -2.19884 -25.3778 -7.74911 -2.57804 -25.8442 
-6.97561 -2.97393 -26.3386 -6.28257 -3.53555 -26.771 -5.74517 -4.29391 -27.1226 
-5.42563 -5.18385 -27.4385 -5.28971 -6.1236 -27.7419 -5.29546 -7.09016 -27.9925 
-5.28999 -8.08072 -28.0564 -5.1994 -9.02203 -27.7783 -5.03872 -9.82301 -27.2062 
-4.87503 -10.5485 -26.5397 -4.78114 -11.2119 -25.7989 -4.7994 -11.8555 -25.0349 
-4.92816 -12.5017 -24.2847 -5.15207 -13.1508 -23.5583 -5.464 -13.7965 -22.8622 
-5.82007 -14.4417 -22.1865 -6.21502 -15.0807 -21.5266 -6.62765 -15.7112 -20.8692 
-7.04461 -16.3138 -20.1894 -7.43881 -16.7718 -19.3985 -7.77839 -17.0723 -18.5091 
-8.06953 -17.2992 -17.5798 -8.34126 -17.5134 -16.6416 -8.60953 -17.7199 -15.7007 
-8.87867 -17.8961 -14.754 -9.14981 -18.0266 -13.8006 -9.43824 -18.1224 -12.8479 
-9.76634 -18.2049 -11.9072 -17.1478 -22.2655 -11.951 -17.5504 -21.9857 -12.8223 
-17.9061 -21.7126 -13.7158 -18.2365 -21.4431 -14.6204 -18.5721 -21.1616 -15.5192 
-18.9175 -20.8653 -16.4097 -19.2519 -20.5557 -17.2998 -19.5656 -20.2316 -18.1922 
-19.8636 -19.8962 -19.0859 -20.1785 -19.554 -19.9711 -20.548 -19.1975 -20.8282 
-21.013 -18.8167 -21.6263 -21.5497 -18.3632 -22.3356 -22.0988 -17.742 -22.8813 
-22.5687 -16.9539 -23.2678 -22.9286 -16.0835 -23.6017 -23.1995 -15.2042 -23.9891 
-23.3643 -14.3356 -24.4532 -23.3867 -13.4898 -24.9829 -23.3083 -12.6747 -25.5561 
-23.1629 -11.8793 -26.1433 -22.9539 -11.0872 -26.7163 -22.7184 -10.2775 -27.2538 
-22.492 -9.4244 -27.7212 -22.3098 -8.49463 -28.0279 -22.2003 -7.50922 -28.1033 
-22.1586 -6.5187 -27.9937 -22.0852 -5.54294 -27.7908 -21.888 -4.59368 -27.5545 
-21.5056 -3.71343 -27.288 -20.9496 -2.95016 -26.9827 -20.2271 -2.36811 -26.62 
-19.3905 -1.95684 -26.2652 -18.4979 -1.60417 -25.9861 -17.5864 -1.2597 -25.763 
-16.6524 -0.945814 -25.594 -15.6919 -0.702145 -25.4672 -14.7082 -0.549484 -25.3811 
-13.7119 -0.493001 -25.3385 -12.9623 -0.512123 -25.3412 -12.2193 -0.602077 -25.3834 
-11.2478 -0.812039 -25.4763 -10.3057 -1.11917 -25.6049 -9.39466 -1.49183 -25.7778 
-8.50443 -1.87346 -26.0249 -7.63891 -2.23474 -26.368 -6.82678 -2.61899 -26.8057 
-6.08683 -3.15503 -27.1961 -5.54481 -3.93669 -27.4841 -5.20973 -4.84017 -27.7322 
-5.08179 -5.80341 -27.9536 -5.08207 -6.78498 -28.1408 -5.06763 -7.77908 -28.2143 
-4.96068 -8.74936 -28.042 -4.77674 -9.63887 -27.6369 -4.54806 -10.4368 -27.0803 
-4.33914 -11.1889 -26.4566 -4.19881 -11.9174 -25.7865 -4.15266 -12.655 -25.114 
-4.19942 -13.4134 -24.4662 -4.37385 -14.1908 -23.8636 -4.63741 -14.9718 -23.2987 
-4.98489 -15.7367 -22.7577 -5.41543 -16.4644 -22.2258 -5.90425 -17.1101 -21.6407 
-6.39361 -17.6642 -20.9686 -6.84669 -18.152 -20.2258 -7.22787 -18.529 -19.3833 
-7.5519 -18.8536 -18.4949 -7.85643 -19.1754 -17.5984 -8.16368 -19.4987 -16.7034 
-8.48721 -19.8153 -15.8117 -8.81987 -20.1163 -14.918 -9.15513 -20.3995 -14.0195 
-9.48989 -20.673 -13.1178 -9.82667 -20.9314 -12.2123 -10.176 -21.1833 -11.3103 
-17.3195 -19.519 -10.5496 -17.5803 -19.4528 -11.2496 -17.8955 -19.384 -12.1958 
-18.1651 -19.3092 -13.1558 -18.4257 -19.1956 -14.1143 -18.6891 -19.0344 -15.0652 
-18.956 -18.8351 -16.0081 -19.2253 -18.6053 -16.9431 -19.5009 -18.3507 -17.8701 
-19.7973 -18.0695 -18.7824 -20.1493 -17.7043 -19.6425 -20.559 -17.1876 -20.3889 
-20.9922 -16.5633 -21.0372 -21.4125 -15.8935 -21.649 -21.8136 -15.207 -22.2554 
-22.1652 -14.5076 -22.877 -22.4401 -13.7901 -23.5163 -22.6236 -13.0714 -24.1853 
-22.7103 -12.3591 -24.8806 -22.6922 -11.6538 -25.5886 -22.5913 -10.941 -26.2817 
-22.4313 -10.2018 -26.9351 -22.2459 -9.39765 -27.4975 -22.0896 -8.48796 -27.8627 
-22.0228 -7.50222 -27.9033 -22.0144 -6.5194 -27.7326 -21.9523 -5.5542 -27.4826 
-21.7554 -4.61736 -27.2013 -21.3696 -3.75385 -26.8909 -20.7714 -3.05073 -26.5262 
-20.039 -2.51259 -26.1171 -19.2141 -2.11019 -25.7225 -18.3444 -1.74006 -25.3967 
-17.4435 -1.38651 -25.1482 -16.5083 -1.08504 -24.9667 -15.5478 -0.848152 -24.8278 
-14.5632 -0.708923 -24.732 -13.5663 -0.665409 -24.6857 -12.5688 -0.712932 -24.7047 
-11.5847 -0.863026 -24.7812 -10.6325 -1.13267 -24.9142 -9.72374 -1.49848 -25.1096 
-8.85323 -1.89956 -25.3932 -8.01072 -2.28038 -25.7707 -7.20325 -2.65902 -26.2216 
-6.44385 -3.11435 -26.6821 -5.8036 -3.77826 -27.0525 -5.3539 -4.61232 -27.3582 
-5.09863 -5.53205 -27.646 -5.00269 -6.49199 -27.9049 -4.97492 -7.47473 -28.0698 
-4.87654 -8.46133 -28.0278 -4.68472 -9.38857 -27.7229 -4.4412 -10.2298 -27.2431 
-4.19621 -11.0191 -26.6807 -4.00604 -11.7868 -26.0694 -3.88982 -12.5532 -25.439 
-3.86697 -13.3447 -24.83 -3.94569 -14.1726 -24.2762 -4.11483 -15.0228 -23.7802 
-4.39295 -15.8889 -23.3678 -4.78759 -16.7266 -22.9949 -5.28448 -17.4973 -22.6039 
-5.84033 -18.0977 -22.04 -6.35738 -18.55 -21.3182 -6.78868 -18.9246 -20.4986 
-7.14007 -19.2488 -19.6208 -7.44852 -19.5766 -18.7278 -7.75657 -19.9149 -17.8387 
-8.08111 -20.2584 -16.9575 -8.42756 -20.5979 -16.083 -8.79064 -20.9253 -15.2107 
-9.16149 -21.2468 -14.3395 -9.53215 -21.5784 -13.472 -9.90561 -21.9128 -12.6066 
-10.294 -22.2592 -11.7533 -17.6135 -17.5624 -12.0715 -17.9102 -17.6311 -13.0238 
-18.1805 -17.6636 -13.9858 -18.446 -17.6343 -14.9489 -18.6993 -17.5475 -15.9123 
-18.9451 -17.4255 -16.8738 -19.2064 -17.2738 -17.8269 -19.4974 -17.0756 -18.7623 
-19.8404 -16.731 -19.632 -20.2246 -16.1828 -20.3675 -20.6142 -15.5183 -21.0037 
-20.9986 -14.8314 -21.6205 -21.3648 -14.1432 -22.2467 -21.6858 -13.4565 -22.8983 
-21.9346 -12.7764 -23.5873 -22.0996 -12.1098 -24.313 -22.1827 -11.455 -25.0634 
-22.168 -10.8034 -25.821 -22.0851 -10.1298 -26.5547 -21.9491 -9.39079 -27.2129 
-21.8274 -8.53431 -27.6968 -21.779 -7.56301 -27.7024 -21.7779 -6.59992 -27.443 
-21.7227 -5.65624 -27.1191 -21.5173 -4.74838 -26.7631 -21.1075 -3.93523 -26.3682 
-20.5187 -3.27017 -25.9179 -19.8325 -2.78012 -25.3829 -19.1228 -2.36247 -24.8158 
-18.3969 -1.96031 -24.2579 -17.6679 -1.54981 -23.7103 -16.8933 -1.13142 -23.2474 
-15.9867 -0.777546 -23.0335 -15.0178 -0.554893 -22.9428 -14.0273 -0.431449 -22.8892 
-13.0292 -0.407582 -22.8576 -12.0373 -0.516579 -22.8429 -11.082 -0.790974 -22.901 
-10.2347 -1.20212 -23.186 -9.56096 -1.65715 -23.7635 -8.90775 -2.08465 -24.3876 
-8.22965 -2.48691 -25.0022 -7.53425 -2.8722 -25.6082 -6.82405 -3.30069 -26.166 
-6.17663 -3.8897 -26.6368 -5.67336 -4.65835 -27.0193 -5.36816 -5.53973 -27.3699 
-5.23714 -6.47361 -27.696 -5.2071 -7.44254 -27.9266 -5.14162 -8.42656 -27.9098 
-4.98879 -9.34151 -27.5507 -4.79497 -10.1383 -26.983 -4.63022 -10.8604 -26.313 
-4.55044 -11.5393 -25.5849 -4.57629 -12.2076 -24.8423 -4.72025 -12.8799 -24.1176 
-4.96721 -13.5466 -23.4156 -5.29044 -14.1988 -22.7305 -5.66693 -14.8477 -22.0695 
-6.07664 -15.4777 -21.4102 -6.50201 -16.0879 -20.7419 -6.92319 -16.6429 -20.0264 
-7.31005 -17.0653 -19.2102 -7.63285 -17.3604 -18.3129 -7.91282 -17.6099 -17.386 
-8.17567 -17.8536 -16.4524 -8.43841 -18.0921 -15.5175 -8.71037 -18.3072 -14.5796 
-8.99192 -18.4898 -13.6378 -9.28761 -18.6499 -12.6961 -9.61415 -18.7989 -11.7628 
-9.97678 -18.9088 -10.8377 -17.1503 -20.7583 -11.0717 -17.4419 -20.6469 -11.7533 
-17.7722 -20.5074 -12.6865 -18.0614 -20.3493 -13.6304 -18.3485 -20.1552 -14.5683 
-18.6535 -19.926 -15.4925 -18.9646 -19.6692 -16.4074 -19.2675 -19.389 -17.3183 
-19.5671 -19.091 -18.2246 -19.8857 -18.7695 -19.1161 -20.2568 -18.3788 -19.9567 
-20.6903 -17.8796 -20.7029 -21.1603 -17.2818 -21.3517 -21.6189 -16.6194 -21.943 
-22.0498 -15.9225 -22.5155 -22.4208 -15.1821 -23.0749 -22.7125 -14.4132 -23.6428 
-22.8959 -13.6398 -24.2477 -22.969 -12.875 -24.885 -22.9309 -12.1264 -25.5456 
-22.8043 -11.3853 -26.2047 -22.6258 -10.6332 -26.8386 -22.423 -9.84463 -27.4178 
-22.2338 -8.98461 -27.8829 -22.1147 -8.01588 -28.0656 -22.0753 -7.0212 -28.0221 
-22.0616 -6.03835 -27.8431 -21.9312 -5.07771 -27.6041 -21.6468 -4.16058 -27.34 
-21.1637 -3.3433 -27.0422 -20.4813 -2.71094 -26.6853 -19.6865 -2.25066 -26.2983 
-18.8174 -1.87999 -25.9748 -17.9158 -1.53151 -25.7211 -16.986 -1.21494 -25.5366 
-16.0303 -0.958497 -25.3939 -15.0533 -0.781235 -25.2842 -14.0601 -0.697388 -25.2149 
-13.0612 -0.704826 -25.2065 -12.0688 -0.803733 -25.2623 -11.0975 -1.01065 -25.3668 
-10.161 -1.32647 -25.5119 -9.25915 -1.70248 -25.7202 -8.37727 -2.08572 -25.9935 
-7.52556 -2.44875 -26.3679 -6.73153 -2.86283 -26.8064 -6.02456 -3.45633 -27.177 
-5.52208 -4.26192 -27.4682 -5.25996 -5.18835 -27.7248 -5.18919 -6.15394 -27.9619 
-5.22181 -7.13478 -28.1512 -5.20317 -8.12761 -28.1593 -5.09678 -9.06981 -27.874 
-4.9219 -9.89673 -27.3436 -4.73481 -10.6364 -26.6988 -4.60039 -11.3235 -25.9856 
-4.56891 -11.9956 -25.2471 -4.63978 -12.6726 -24.5163 -4.82661 -13.3564 -23.8126 
-5.10664 -14.0303 -23.1294 -5.46019 -14.693 -22.4697 -5.85264 -15.3491 -21.8256 
-6.27822 -15.9766 -21.1735 -6.71016 -16.5821 -20.506 -7.13255 -17.1095 -19.7709 
-7.49976 -17.4762 -18.9197 -7.81025 -17.7575 -18.0121 -8.08889 -18.0195 -17.0882 
-8.35849 -18.2785 -16.1607 -8.63521 -18.5228 -15.2315 -8.91826 -18.7322 -14.2957 
-9.2044 -18.9076 -13.3538 -9.50275 -19.0597 -12.4116 -9.82371 -19.1887 -11.4734 
-17.5747 -18.0449 -11.8965 -17.8549 -18.1081 -12.8542 -18.0987 -18.1404 -13.8233 
-18.337 -18.1142 -14.7936 -18.5753 -18.0222 -15.7602 -18.8137 -17.887 -16.7218 
-19.0741 -17.715 -17.6717 -19.3676 -17.4993 -18.6026 -19.7062 -17.1794 -19.4846 
-20.0946 -16.6532 -20.2318 -20.4916 -15.9874 -20.8625 -20.8801 -15.2894 -21.464 
-21.2558 -14.5903 -22.0723 -21.596 -13.8946 -22.7044 -21.8727 -13.2038 -23.3718 
-22.0671 -12.524 -24.0777 -22.1787 -11.8575 -24.8138 -22.2085 -11.201 -25.5668 
-22.1465 -10.5399 -26.3137 -22.0275 -9.85075 -27.0274 -21.8934 -9.09609 -27.6671 
-21.8112 -8.19116 -28.0344 -21.8146 -7.20037 -27.993 -21.8564 -6.22736 -27.7695 
-21.7973 -5.26689 -27.5042 -21.5471 -4.34663 -27.2148 -21.073 -3.53822 -26.8882 
-20.4116 -2.89987 -26.5098 -19.6192 -2.45478 -26.0957 -18.7625 -2.08343 -25.7395 
-17.8745 -1.72749 -25.4507 -16.9542 -1.40363 -25.2351 -15.9999 -1.15306 -25.0795 
-15.0157 -1.0202 -24.969 -14.0191 -0.979854 -24.9074 -13.0203 -1.00105 -24.9129 
-12.0271 -1.08858 -24.9842 -11.0564 -1.28689 -25.1041 -10.1283 -1.60786 -25.2842 
-9.24273 -1.99054 -25.5441 -8.3859 -2.37637 -25.882 -7.56568 -2.74148 -26.3215 
-6.78652 -3.16137 -26.7813 -6.09571 -3.75733 -27.1754 -5.63896 -4.58539 -27.472 
-5.43682 -5.52117 -27.7445 -5.43786 -6.48576 -28.0018 -5.5261 -7.45965 -28.1779 
-5.55356 -8.41829 -28.0234 -5.50527 -9.1839 -27.3877 -5.42103 -9.88409 -26.6793 
-5.38704 -10.5204 -25.9096 -5.43987 -11.1263 -25.117 -5.59595 -11.7419 -24.3463 
-5.83417 -12.3759 -23.6114 -6.1344 -13.0185 -22.9067 -6.48041 -13.6739 -22.2355 
-6.85104 -14.3445 -21.5932 -7.24001 -15.0189 -20.9657 -7.63846 -15.6493 -20.3016 
-8.02394 -16.1585 -19.5364 -8.38455 -16.4492 -18.6544 -8.72311 -16.6139 -17.7283 
-9.05351 -16.7364 -16.7925 -9.39293 -16.8225 -15.856 -9.76132 -16.8539 -14.9274 
-10.1622 -16.8242 -14.0121 -17.4592 -19.62 -10.8083 -17.8018 -19.5196 -11.7422 
-18.0979 -19.4359 -12.6935 -18.3731 -19.3232 -13.6481 -18.6451 -19.1659 -14.5972 
-18.9178 -18.9682 -15.5387 -19.1903 -18.7401 -16.4733 -19.464 -18.4867 -17.4011 
-19.7448 -18.2146 -18.3214 -20.0634 -17.8942 -19.2122 -20.4434 -17.4602 -20.0248 
-20.8724 -16.8902 -20.7234 -21.3045 -16.2471 -21.3552 -21.7204 -15.5731 -21.9656 
-22.1013 -14.8865 -22.5844 -22.4136 -14.1726 -23.2104 -22.6472 -13.448 -23.8577 
-22.7753 -12.7267 -24.5374 -22.8024 -12.0129 -25.2357 -22.74 -11.2959 -25.9291 
-22.598 -10.5597 -26.5901 -22.4152 -9.77824 -27.1851 -22.23 -8.9137 -27.6369 
-22.0981 -7.948 -27.8023 -22.0458 -6.95976 -27.6832 -21.9955 -5.99276 -27.436 
-21.8558 -5.04745 -27.1465 -21.5229 -4.16795 -26.819 -21.0048 -3.40333 -26.4483 
-20.3187 -2.81889 -26.0217 -19.5571 -2.37111 -25.5546 -18.7378 -1.97475 -25.1427 
-17.8726 -1.59581 -24.8165 -16.9723 -1.24417 -24.5639 -16.0336 -0.949101 -24.3887 
-15.0641 -0.741226 -24.2687 -14.0735 -0.637848 -24.1934 -13.0747 -0.631874 -24.1727 
-12.0812 -0.727432 -24.2089 -11.1119 -0.944344 -24.3057 -10.1894 -1.27923 -24.4869 
-9.32554 -1.68194 -24.7829 -8.49379 -2.0932 -25.1549 -7.69962 -2.47951 -25.6221 
-6.94059 -2.88147 -26.1337 -6.23479 -3.41575 -26.5849 -5.66442 -4.14491 -26.9556 
-5.26967 -4.99763 -27.2885 -5.04022 -5.9163 -27.6021 -4.93898 -6.87465 -27.8641 
-4.86532 -7.85711 -28.021 -4.72024 -8.83737 -27.9384 -4.4879 -9.73213 -27.571 
-4.22385 -10.5632 -27.0826 -3.96883 -11.3638 -26.5407 -3.7826 -12.149 -25.9515 
-3.67504 -12.945 -25.3567 -3.64418 -13.7712 -24.7968 -3.71008 -14.6409 -24.3113 
-3.88238 -15.5402 -23.9119 -4.15947 -16.4536 -23.6215 -4.54165 -17.355 -23.424 
-5.02383 -18.2116 -23.246 -5.61839 -18.9283 -22.9098 -6.19847 -19.3309 -22.2339 
-6.63071 -19.5538 -21.3622 -6.96975 -19.7949 -20.4533 -7.25873 -20.0907 -19.543 
-7.54707 -20.4205 -18.6442 -7.86125 -20.7638 -17.7592 -8.20226 -21.111 -16.8857 
-8.57307 -21.4559 -16.0235 -8.95914 -21.7971 -15.1664 -9.35269 -22.149 -14.3173 
-9.75453 -22.5348 -13.4869 -10.1698 -22.9477 -12.6764 -17.2631 -21.1447 -11.0226 
-17.5752 -20.9851 -11.6851 -17.9283 -20.7874 -12.5992 -18.2518 -20.5835 -13.5232 
-18.5741 -20.3507 -14.4407 -18.9076 -20.0849 -15.3451 -19.2424 -19.7984 -16.2427 
-19.562 -19.4926 -17.1395 -19.8642 -19.1681 -18.0357 -20.1711 -18.8255 -18.9235 
-20.5107 -18.444 -19.7822 -20.9321 -17.965 -20.5494 -21.3981 -17.4035 -21.2323 
-21.8734 -16.7858 -21.8581 -22.331 -16.1233 -22.4484 -22.7252 -15.3815 -22.9898 
-23.0207 -14.5973 -23.534 -23.2252 -13.809 -24.1124 -23.3172 -13.0253 -24.7247 
-23.303 -12.2503 -25.356 -23.201 -11.4726 -25.9748 -23.0213 -10.6698 -26.5421 
-22.8056 -9.82625 -27.0316 -22.5843 -8.91926 -27.3781 -22.389 -7.95177 -27.4833 
-22.235 -6.97874 -27.3335 -22.0917 -6.03281 -27.0439 -21.8656 -5.12493 -26.6961 
-21.4995 -4.28294 -26.3069 -20.9722 -3.5592 -25.8687 -20.3594 -2.95595 -25.3639 
-19.6893 -2.49242 -24.7851 -18.999 -2.07366 -24.1955 -18.3057 -1.66701 -23.6007 
-17.5945 -1.24035 -23.0434 -16.805 -0.785686 -22.6414 -15.9245 -0.367786 -22.441 
-14.9729 -0.0753707 -22.3846 -13.9815 0.0419083 -22.3643 -12.9839 0.0292396 -22.3349 
-12.0079 -0.174518 -22.2986 -11.0748 -0.521492 -22.3438 -10.3162 -0.999609 -22.7346 
-9.67581 -1.47738 -23.3316 -9.07378 -1.91075 -24.0016 -8.42271 -2.31908 -24.6409 
-7.74885 -2.70685 -25.2696 -7.05557 -3.11794 -25.8608 -6.38974 -3.66005 -26.3629 
-5.83837 -4.37145 -26.786 -5.4562 -5.21543 -27.1574 -5.24917 -6.12431 -27.5129 
-5.17349 -7.07491 -27.8079 -5.1152 -8.06103 -27.918 -4.97704 -9.01143 -27.693 
-4.77746 -9.85905 -27.2102 -4.58034 -10.625 -26.601 -4.44769 -11.3321 -25.9074 
-4.42366 -12.0187 -25.1821 -4.51525 -12.7073 -24.465 -4.70899 -13.3969 -23.7686 
-5.00535 -14.07 -23.0917 -5.36503 -14.7297 -22.4323 -5.76262 -15.3816 -21.7871 
-6.19185 -16.0012 -21.1301 -6.62549 -16.584 -20.4436 -7.04505 -17.0956 -19.6956 
-7.40541 -17.4557 -18.8385 -7.70893 -17.7382 -17.9289 -7.98141 -18.0047 -17.0044 
-8.24767 -18.2687 -16.0774 -8.52382 -18.5212 -15.1501 -8.80999 -18.7467 -14.219 
-9.10145 -18.9422 -13.2826 -9.4069 -19.1176 -12.3468 -9.74061 -19.2801 -11.4184 
-17.3377 -18.648 -10.7998 -17.5679 -18.6567 -11.5135 -17.8541 -18.6712 -12.4715 
-18.104 -18.6678 -13.4396 -18.3435 -18.6106 -14.4084 -18.5902 -18.4922 -15.3699 
-18.8383 -18.33 -16.3249 -19.0915 -18.1358 -17.2725 -19.3681 -17.9119 -18.2067 
-19.6837 -17.6306 -19.1116 -20.0551 -17.2114 -19.9336 -20.4673 -16.5939 -20.6011 
-20.8721 -15.9155 -21.2137 -21.2641 -15.2192 -21.8149 -21.6313 -14.521 -22.4292 
-21.9437 -13.8251 -23.0751 -22.1863 -13.1308 -23.7517 -22.334 -12.4417 -24.4604 
-22.3947 -11.7653 -25.1933 -22.3693 -11.0908 -25.9299 -22.2635 -10.406 -26.6503 
-22.1095 -9.67775 -27.3172 -21.9692 -8.8497 -27.8504 -21.884 -7.90648 -28.1054 
-21.8918 -6.9144 -28.0126 -21.9068 -5.93872 -27.7993 -21.7873 -4.98199 -27.5448 
-21.4767 -4.07922 -27.2632 -20.9552 -3.29609 -26.945 -20.2345 -2.72179 -26.5645 
-19.4223 -2.29232 -26.1754 -18.5508 -1.92796 -25.8496 -17.6542 -1.57899 -25.5793 
-16.7272 -1.26201 -25.3822 -15.7673 -1.02296 -25.241 -14.785 -0.876934 -25.1322 
-13.7894 -0.824279 -25.0677 -13.0402 -0.836441 -25.0667 -12.2941 -0.892166 -25.1079 
-11.3122 -1.04842 -25.2064 -10.3664 -1.33426 -25.3492 -9.46127 -1.70682 -25.5505 
-8.58237 -2.09469 -25.8272 -7.73326 -2.46433 -26.201 -6.93277 -2.85524 -26.6543 
-6.1915 -3.37731 -27.0636 -5.63541 -4.14104 -27.3734 -5.31655 -5.04383 -27.6444 
-5.20524 -6.00207 -27.8946 -5.2228 -6.97768 -28.1098 -5.21774 -7.97101 -28.1619 
-5.11532 -8.91417 -27.8921 -4.94714 -9.75709 -27.3892 -4.75939 -10.5037 -26.7526 
-4.61861 -11.1965 -26.0465 -4.58177 -11.8659 -25.3056 -4.64717 -12.5359 -24.5679 
-4.82329 -13.2135 -23.8549 -5.09367 -13.8813 -23.1622 -5.44407 -14.5368 -22.4936 
-5.83099 -15.1905 -21.8435 -6.2505 -15.8194 -21.1889 -6.67946 -16.4237 -20.5183 
-7.09924 -16.9525 -19.7829 -7.46725 -17.3229 -18.9334 -7.77744 -17.6012 -18.025 
-8.05285 -17.855 -17.0979 -8.31682 -18.1067 -16.1667 -8.58792 -18.3424 -15.2337 
-8.868 -18.5443 -14.2952 -9.15356 -18.7156 -13.3524 -9.45465 -18.8668 -12.4109 
-9.78001 -19.0002 -11.4749 -17.2173 -20.617 -10.8944 -17.5029 -20.5028 -11.5783 
-17.8375 -20.3614 -12.5096 -18.1312 -20.2089 -13.4531 -18.4229 -20.0173 -14.39 
-18.7292 -19.7875 -15.3138 -19.0376 -19.534 -16.2304 -19.3391 -19.2565 -17.1427 
-19.6362 -18.9571 -18.0493 -19.9453 -18.6389 -18.9454 -20.2982 -18.265 -19.8009 
-20.7278 -17.7642 -20.5502 -21.1885 -17.1795 -21.2162 -21.6441 -16.5281 -21.8221 
-22.0747 -15.8434 -22.4095 -22.4512 -15.1165 -22.9829 -22.7516 -14.3583 -23.5604 
-22.9472 -13.5924 -24.1712 -23.0164 -12.8345 -24.8174 -22.9764 -12.0882 -25.4809 
-22.8622 -11.3432 -26.1375 -22.6849 -10.5817 -26.7604 -22.4828 -9.78232 -27.3249 
-22.2891 -8.9075 -27.7551 -22.1562 -7.94081 -27.9286 -22.1058 -6.94863 -27.8461 
-22.0584 -5.97352 -27.6329 -21.9063 -5.02285 -27.3672 -21.6125 -4.11545 -27.0788 
-21.0904 -3.33803 -26.742 -20.4042 -2.72853 -26.3514 -19.616 -2.27463 -25.9429 
-18.7603 -1.89747 -25.59 -17.8746 -1.53457 -25.3037 -16.9541 -1.20517 -25.0971 
-15.9953 -0.962206 -24.955 -15.0143 -0.805847 -24.8502 -14.0194 -0.735729 -24.7819 
-13.2704 -0.732361 -24.7671 -12.5229 -0.777385 -24.7914 -11.5392 -0.927094 -24.874 
-10.5856 -1.19284 -25.0086 -9.67509 -1.5542 -25.2036 -8.80342 -1.95299 -25.4871 
-7.95963 -2.33008 -25.8653 -7.14959 -2.70477 -26.3154 -6.40172 -3.18358 -26.7612 
-5.78718 -3.88228 -27.1149 -5.3883 -4.74263 -27.4146 -5.1733 -5.67379 -27.698 
-5.12031 -6.63803 -27.9536 -5.1203 -7.62225 -28.1019 -5.03867 -8.60995 -28.0186 
-4.87139 -9.50957 -27.6332 -4.65637 -10.3078 -27.0722 -4.46625 -11.0441 -26.424 
-4.34898 -11.7523 -25.7292 -4.32739 -12.4571 -25.0209 -4.41809 -13.177 -24.3343 
-4.60985 -13.903 -23.6751 -4.90998 -14.615 -23.0417 -5.27973 -15.308 -22.4234 
-5.6995 -15.9791 -21.8126 -6.15187 -16.6 -21.1733 -6.60636 -17.1714 -20.4907 
-7.0331 -17.6646 -19.7353 -7.3939 -18.0211 -18.8755 -7.70336 -18.3263 -17.9751 
-7.99057 -18.6238 -17.0647 -8.27926 -18.9202 -16.1543 -8.57605 -19.2041 -15.2425 
-8.88237 -19.4606 -14.3259 -9.19064 -19.6952 -13.404 -9.50333 -19.9104 -12.479 
-9.82369 -20.1021 -11.5513 -17.2748 -21.3016 -11.6043 -17.5559 -21.1597 -12.2849 
-17.8964 -20.9654 -13.2045 -18.205 -20.7505 -14.1312 -18.5192 -20.5088 -15.049 
-18.8471 -20.2414 -15.9551 -19.1735 -19.951 -16.8545 -19.4855 -19.6449 -17.7539 
-19.7903 -19.3227 -18.6502 -20.118 -18.9785 -19.5296 -20.5015 -18.5701 -20.3568 
-20.9508 -18.0787 -21.0994 -21.4436 -17.5082 -21.7548 -21.9245 -16.8478 -22.3299 
-22.3608 -16.1186 -22.8547 -22.713 -15.3265 -23.3522 -22.9667 -14.5154 -23.8771 
-23.1035 -13.7092 -24.4509 -23.1372 -12.9175 -25.0582 -23.064 -12.1465 -25.6895 
-22.9069 -11.3844 -26.3175 -22.706 -10.6092 -26.9157 -22.49 -9.80215 -27.4639 
-22.294 -8.92283 -27.8881 -22.1609 -7.95938 -28.0842 -22.1127 -6.96471 -28.0389 
-22.0824 -5.98355 -27.8517 -21.9419 -5.02355 -27.6157 -21.6472 -4.1089 -27.3542 
-21.1558 -3.29582 -27.0585 -20.4682 -2.66827 -26.703 -19.6692 -2.21197 -26.32 
-18.7971 -1.84378 -26.0018 -17.8932 -1.49671 -25.7544 -16.9616 -1.18264 -25.5744 
-15.9977 -0.952858 -25.4444 -15.0148 -0.803398 -25.3461 -14.0194 -0.736709 -25.2831 
-13.0205 -0.747635 -25.2775 -12.0284 -0.848171 -25.3367 -11.0579 -1.0573 -25.4436 
-10.1222 -1.37478 -25.59 -9.21883 -1.74915 -25.7962 -8.33484 -2.1296 -26.0661 
-7.48355 -2.49018 -26.4439 -6.68309 -2.89236 -26.8867 -5.97782 -3.48758 -27.2514 
-5.49218 -4.30673 -27.5331 -5.26587 -5.24416 -27.7779 -5.23534 -6.21497 -28.0055 
-5.28459 -7.19631 -28.1891 -5.2744 -8.18707 -28.1683 -5.17643 -9.10841 -27.8229 
-5.01118 -9.89917 -27.2372 -4.84276 -10.6213 -26.568 -4.73673 -11.2868 -25.8302 
-4.73981 -11.938 -25.0724 -4.85946 -12.594 -24.3295 -5.08025 -13.2521 -23.6108 
-5.39214 -13.904 -22.9202 -5.75142 -14.555 -22.2518 -6.14653 -15.1994 -21.5973 
-6.56205 -15.8335 -20.9451 -6.98185 -16.4463 -20.2762 -7.38824 -16.9388 -19.51 
-7.74189 -17.2755 -18.6402 -8.0409 -17.5218 -17.7185 -8.31361 -17.7547 -16.785 
-8.58037 -17.9809 -15.8482 -8.84873 -18.1787 -14.9055 -9.1224 -18.3401 -13.9574 
-9.40998 -18.4634 -13.0077 -9.72067 -18.5627 -12.0626 -10.0643 -18.6245 -11.1258 
-17.3452 -20.2643 -10.7074 -17.6255 -20.1484 -11.3932 -17.9524 -20.0153 -12.3284 
-18.2441 -19.8742 -13.2744 -18.5368 -19.6974 -14.2139 -18.837 -19.479 -15.1423 
-19.135 -19.2311 -16.064 -19.4273 -18.96 -16.9811 -19.715 -18.6687 -17.8934 
-20.0121 -18.3594 -18.7966 -20.357 -17.9877 -19.6558 -20.7746 -17.4878 -20.4129 
-21.2229 -16.8954 -21.08 -21.6665 -16.2493 -21.701 -22.0908 -15.5799 -22.3105 
-22.4627 -14.8697 -22.9074 -22.7548 -14.129 -23.5107 -22.9464 -13.3792 -24.1424 
-23.02 -12.6348 -24.8053 -22.9935 -11.8961 -25.4772 -22.8854 -11.1491 -26.1325 
-22.7175 -10.3787 -26.7465 -22.5133 -9.54869 -27.2626 -22.32 -8.63079 -27.5931 
-22.1823 -7.64995 -27.63 -22.0976 -6.67587 -27.4368 -21.993 -5.72476 -27.1486 
-21.7674 -4.81103 -26.8185 -21.3648 -3.98046 -26.4458 -20.781 -3.29176 -26.0214 
-20.0988 -2.75608 -25.5282 -19.37 -2.3173 -25.0033 -18.5924 -1.91523 -24.5205 
-17.7775 -1.51776 -24.0999 -16.9184 -1.13256 -23.7709 -15.9845 -0.82264 -23.6017 
-15.0138 -0.611854 -23.502 -14.0207 -0.521202 -23.4455 -13.0213 -0.52317 -23.4244 
-12.0285 -0.628414 -23.4358 -11.0654 -0.875084 -23.5128 -10.1593 -1.23664 -23.7159 
-9.35899 -1.6648 -24.1277 -8.60768 -2.08561 -24.636 -7.87006 -2.47932 -25.1841 
-7.14851 -2.88279 -25.7462 -6.44721 -3.37523 -26.2537 -5.84089 -4.04247 -26.6795 
-5.39604 -4.85546 -27.0473 -5.11371 -5.74624 -27.3943 -4.96191 -6.68288 -27.7049 
-4.86411 -7.65477 -27.9006 -4.71043 -8.63422 -27.8633 -4.48259 -9.55475 -27.5592 
-4.21785 -10.4042 -27.1045 -3.96031 -11.2148 -26.5792 -3.77139 -12.0044 -25.9968 
-3.66837 -12.7991 -25.3997 -3.64097 -13.6168 -24.8267 -3.70674 -14.4752 -24.3212 
-3.88324 -15.3625 -23.8997 -4.1587 -16.2677 -23.5809 -4.54339 -17.1606 -23.3519 
-5.03897 -17.9923 -23.1117 -5.62255 -18.6814 -22.7225 -6.19373 -19.0924 -22.0247 
-6.62843 -19.3566 -21.1661 -6.97375 -19.634 -20.2703 -7.27009 -19.9455 -19.3676 
-7.5619 -20.2785 -18.4711 -7.87875 -20.6238 -17.5878 -8.22088 -20.9718 -16.715 
-8.59059 -21.3155 -15.8518 -8.97418 -21.6535 -14.9924 -9.36504 -22.0046 -14.1416 
-9.76241 -22.3818 -13.3052 -10.1736 -22.7807 -12.486 -16.9934 -22.9564 -11.8633 
-17.3153 -22.6968 -12.489 -17.7106 -22.3665 -13.3457 -18.0645 -22.0616 -14.2296 
-18.4075 -21.7648 -15.1209 -18.7589 -21.4639 -16.0075 -19.1086 -21.1521 -16.8909 
-19.4328 -20.8251 -17.7785 -19.735 -20.4869 -18.6697 -20.0229 -20.1463 -19.5647 
-20.3306 -19.819 -20.458 -20.7062 -19.507 -21.3299 -21.1824 -19.2191 -22.1591 
-21.7477 -18.8845 -22.902 -22.3162 -18.1982 -23.3152 -22.771 -17.3363 -23.5338 
-23.1276 -16.4326 -23.7669 -23.3984 -15.529 -24.0931 -23.5419 -14.6293 -24.5027 
-23.5589 -13.7545 -24.9826 -23.4867 -12.9098 -25.5111 -23.3377 -12.0947 -26.0702 
-23.1325 -11.2903 -26.6273 -22.8887 -10.4662 -27.1381 -22.6486 -9.60852 -27.5911 
-22.4454 -8.68548 -27.9083 -22.3126 -7.7053 -28.0161 -22.2475 -6.71381 -27.9324 
-22.1657 -5.7374 -27.7377 -21.9873 -4.78475 -27.4997 -21.6511 -3.88567 -27.2325 
-21.1314 -3.09426 -26.9271 -20.4512 -2.46111 -26.5681 -19.6428 -2.01761 -26.1899 
-18.7671 -1.6535 -25.8741 -17.8656 -1.30078 -25.6276 -16.9345 -0.98226 -25.4529 
-15.9753 -0.733902 -25.3245 -14.9929 -0.575431 -25.2354 -13.9969 -0.515857 -25.1887 
-12.999 -0.556759 -25.2015 -12.0124 -0.696873 -25.2709 -11.0469 -0.931053 -25.3793 
-10.1078 -1.24413 -25.5166 -9.20488 -1.62232 -25.7174 -8.3246 -2.00054 -26.001 
-7.47062 -2.36196 -26.3719 -6.6783 -2.78 -26.8086 -5.97789 -3.38411 -27.1755 
-5.47873 -4.19552 -27.4625 -5.18596 -5.11155 -27.719 -5.09089 -6.07629 -27.9519 
-5.10029 -7.05855 -28.1359 -5.06574 -8.0526 -28.1642 -4.94553 -9.01468 -27.9508 
-4.74323 -9.86516 -27.4727 -4.5204 -10.6406 -26.8832 -4.33524 -11.3766 -26.2336 
-4.23039 -12.0954 -25.5467 -4.22742 -12.828 -24.8675 -4.33794 -13.5799 -24.2204 
-4.55342 -14.3393 -23.608 -4.86487 -15.0895 -23.0257 -5.24837 -15.8172 -22.458 
-5.69135 -16.508 -21.8875 -6.17242 -17.1182 -21.2591 -6.64224 -17.6672 -20.5697 
-7.07142 -18.1246 -19.7929 -7.42682 -18.4705 -18.926 -7.73856 -18.7846 -18.0294 
-8.03666 -19.0986 -17.1279 -8.34334 -19.4108 -16.2288 -8.66116 -19.7086 -15.3287 
-8.9857 -19.9846 -14.424 -9.30686 -20.2442 -13.5133 -9.62965 -20.486 -12.5982 
-9.95749 -20.7092 -11.6803 -17.2832 -18.915 -10.7345 -17.5146 -18.9159 -11.4479 
-17.7999 -18.9226 -12.4062 -18.0427 -18.9111 -13.3759 -18.273 -18.8493 -14.3469 
-18.5172 -18.7282 -15.3087 -18.7701 -18.5592 -16.2611 -19.0313 -18.3565 -17.2047 
-19.3106 -18.1244 -18.1363 -19.6299 -17.8377 -19.0388 -19.9989 -17.4406 -19.874 
-20.413 -16.8573 -20.5664 -20.8277 -16.1755 -21.1688 -21.2257 -15.4765 -21.7627 
-21.5997 -14.7729 -22.3668 -21.9299 -14.0716 -22.9977 -22.1919 -13.3708 -23.6605 
-22.3589 -12.6728 -24.3557 -22.4361 -11.9853 -25.0762 -22.4198 -11.3055 -25.8087 
-22.3176 -10.6199 -26.5287 -22.1636 -9.90096 -27.2057 -22.01 -9.12 -27.8069 
-21.9068 -8.19399 -28.1325 -21.8828 -7.20137 -28.1276 -21.9188 -6.21943 -27.9449 
-21.8692 -5.25008 -27.7131 -21.6159 -4.32267 -27.4519 -21.1418 -3.50187 -27.1544 
-20.462 -2.8628 -26.806 -19.6666 -2.40266 -26.4207 -18.8054 -2.02783 -26.082 
-17.8979 -1.68665 -25.8386 -16.9662 -1.37722 -25.6514 -16.0061 -1.13924 -25.5113 
-15.0247 -0.984509 -25.4011 -14.031 -0.911861 -25.3258 -13.0321 -0.91996 -25.3171 
-12.0389 -1.00713 -25.3796 -11.067 -1.20635 -25.4909 -10.1309 -1.51925 -25.6439 
-9.2292 -1.89049 -25.8622 -8.34933 -2.26586 -26.1493 -7.50365 -2.62137 -26.5455 
-6.69973 -3.02207 -26.9833 -6.03034 -3.65976 -27.3321 -5.57847 -4.49801 -27.6066 
-5.38779 -5.44436 -27.8483 -5.40238 -6.41721 -28.0722 -5.48701 -7.3962 -28.2309 
-5.51075 -8.36786 -28.105 -5.44902 -9.15952 -27.5082 -5.34928 -9.87306 -26.8156 
-5.28503 -10.5244 -26.0609 -5.30484 -11.1372 -25.2719 -5.42212 -11.7511 -24.493 
-5.63978 -12.3841 -23.751 -5.93612 -13.0261 -23.0443 -6.27609 -13.6753 -22.3643 
-6.64269 -14.3379 -21.7113 -7.03237 -15.007 -21.0786 -7.43387 -15.6439 -20.4216 
-7.82337 -16.1737 -19.6756 -8.18607 -16.4943 -18.8037 -8.515 -16.6795 -17.8781 
-8.8299 -16.8264 -16.9405 -9.14059 -16.9452 -15.9976 -9.46378 -17.0208 -15.0545 
-9.8181 -17.0265 -14.1199 -17.6037 -18.0435 -11.7957 -17.8896 -18.1015 -12.7522 
-18.142 -18.132 -13.719 -18.3855 -18.0991 -14.688 -18.6242 -18.0019 -15.6539 
-18.8632 -17.861 -16.6145 -19.1189 -17.6895 -17.5658 -19.4053 -17.4788 -18.5 
-19.7347 -17.1763 -19.3922 -20.1175 -16.689 -20.17 -20.5156 -16.0483 -20.8225 
-20.9049 -15.3543 -21.4281 -21.2825 -14.6573 -22.0377 -21.6266 -13.9625 -22.6688 
-21.9081 -13.2724 -23.3349 -22.1071 -12.5911 -24.0379 -22.2238 -11.9213 -24.7703 
-22.2455 -11.2624 -25.5217 -22.1865 -10.5987 -26.2666 -22.0672 -9.90709 -26.9777 
-21.9287 -9.13389 -27.5938 -21.8244 -8.26452 -28.0543 -21.8144 -7.28537 -28.0627 
-21.8552 -6.30751 -27.8651 -21.798 -5.34375 -27.6117 -21.5634 -4.41674 -27.3313 
-21.1031 -3.59536 -27.0164 -20.4509 -2.94093 -26.6527 -19.6602 -2.4878 -26.2437 
-18.8028 -2.1147 -25.8932 -17.9053 -1.76622 -25.6249 -16.9811 -1.44796 -25.4168 
-16.0287 -1.18845 -25.2593 -15.0524 -1.01513 -25.1376 -14.0596 -0.93956 -25.0556 
-13.0606 -0.942219 -25.0417 -12.0666 -1.02098 -25.1017 -11.0943 -1.21507 -25.216 
-10.1611 -1.53016 -25.3812 -9.26715 -1.90836 -25.618 -8.39682 -2.29398 -25.9217 
-7.56348 -2.66016 -26.3339 -6.77068 -3.06087 -26.7922 -6.06475 -3.63976 -27.1809 
-5.58953 -4.45955 -27.4744 -5.35539 -5.39002 -27.74 -5.32037 -6.35656 -27.9874 
-5.37805 -7.33557 -28.1667 -5.37327 -8.31194 -28.0953 -5.28001 -9.18287 -27.6253 
-5.13795 -9.93847 -26.9881 -5.01225 -10.6233 -26.2717 -4.95848 -11.2613 -25.5052 
-5.01128 -11.8851 -24.7262 -5.18497 -12.518 -23.9734 -5.45344 -13.1583 -23.2546 
-5.78265 -13.7991 -22.5613 -6.14848 -14.4394 -21.8861 -6.54255 -15.0828 -21.2299 
-6.95244 -15.7136 -20.5711 -7.35905 -16.2747 -19.8533 -7.72676 -16.6413 -19.0032 
-8.04356 -16.875 -18.0851 -8.32909 -17.0631 -17.1455 -8.60578 -17.2393 -16.2009 
-8.88329 -17.3908 -15.2523 -9.16674 -17.5 -14.2998 -9.46815 -17.5656 -13.3487 
-9.79774 -17.5977 -12.4055 -17.3059 -19.4496 -10.8088 -17.6366 -19.3948 -11.7507 
-17.9202 -19.3506 -12.7084 -18.1719 -19.2796 -13.6733 -18.4225 -19.159 -14.6336 
-18.6823 -18.9876 -15.5838 -18.9487 -18.7766 -16.5242 -19.222 -18.538 -17.456 
-19.5103 -18.2771 -18.3772 -19.8395 -17.9617 -19.2659 -20.233 -17.5075 -20.061 
-20.661 -16.9096 -20.7355 -21.0857 -16.2417 -21.3464 -21.489 -15.5452 -21.9398 
-21.8668 -14.8471 -22.5476 -22.1803 -14.1396 -23.1803 -22.4179 -13.4237 -23.8357 
-22.5533 -12.7122 -24.5244 -22.5898 -12.0127 -25.2366 -22.5382 -11.3167 -25.952 
-22.4072 -10.6131 -26.65 -22.2376 -9.87364 -27.3004 -22.0731 -9.06514 -27.8595 
-21.9671 -8.11736 -28.1211 -21.9429 -7.12321 -28.095 -21.9636 -6.14258 -27.9029 
-21.8835 -5.17661 -27.6682 -21.6307 -4.24817 -27.4075 -21.1473 -3.4328 -27.1092 
-20.4655 -2.79719 -26.7577 -19.6698 -2.33764 -26.372 -18.8084 -1.96134 -26.0354 
-17.9056 -1.61621 -25.7815 -16.9748 -1.30336 -25.5954 -16.0153 -1.06242 -25.4561 
-15.0366 -0.892059 -25.3438 -14.0431 -0.814445 -25.2712 -13.0443 -0.822327 -25.2626 
-12.0513 -0.914986 -25.322 -11.0752 -1.0994 -25.4261 -10.1391 -1.41453 -25.5749 
-9.23741 -1.78865 -25.7879 -8.35542 -2.16941 -26.0639 -7.50589 -2.53032 -26.4455 
-6.70491 -2.93078 -26.8892 -5.99825 -3.52243 -27.2566 -5.51681 -4.34352 -27.5384 
-5.27062 -5.27557 -27.7869 -5.22287 -6.24605 -28.0158 -5.27117 -7.2282 -28.1952 
-5.25576 -8.21856 -28.1661 -5.15226 -9.13903 -27.8183 -4.98205 -9.93119 -27.2359 
-4.8101 -10.6551 -26.5696 -4.70162 -11.3238 -25.8349 -4.70157 -11.9795 -25.0812 
-4.81804 -12.6409 -24.3424 -5.03064 -13.3043 -23.6257 -5.33647 -13.9589 -22.9351 
-5.69663 -14.6114 -22.2687 -6.09239 -15.2566 -21.6154 -6.51005 -15.8872 -20.9613 
-6.93198 -16.4862 -20.2815 -7.34003 -16.9786 -19.516 -7.69402 -17.3183 -18.6474 
-7.99288 -17.5702 -17.7271 -8.26421 -17.8088 -16.7947 -8.52962 -18.0415 -15.8591 
-8.79906 -18.2489 -14.9187 -9.07426 -18.4217 -13.9732 -9.36177 -18.5576 -13.0252 
-9.67109 -18.6716 -12.0812 -10.0114 -18.75 -11.1445 -17.6964 -17.9586 -11.5702 
-17.9156 -17.9933 -12.2865 -18.1863 -18.0235 -13.2486 -18.4434 -18.0029 -14.2143 
-18.6904 -17.917 -15.1791 -18.9289 -17.7863 -16.1414 -19.172 -17.6208 -17.097 
-19.4357 -17.4285 -18.0421 -19.733 -17.1796 -18.9628 -20.0924 -16.7696 -19.7971 
-20.486 -16.2097 -20.5219 -20.8849 -15.5517 -21.1599 -21.2728 -14.8691 -21.7792 
-21.6358 -14.1831 -22.4095 -21.9428 -13.499 -23.0703 -22.1716 -12.8169 -23.7645 
-22.3148 -12.143 -24.4878 -22.3708 -11.4778 -25.2319 -22.3355 -10.8074 -25.9719 
-22.2271 -10.1081 -26.6772 -22.071 -9.33181 -27.2855 -21.9325 -8.42736 -27.6591 
-21.8705 -7.44743 -27.6168 -21.8442 -6.48442 -27.3559 -21.7512 -5.54461 -27.0308 
-21.4973 -4.65322 -26.6627 -21.059 -3.85961 -26.2561 -20.4538 -3.2237 -25.7815 
-19.7795 -2.72866 -25.2379 -19.0786 -2.3088 -24.6618 -18.3666 -1.90524 -24.0872 
-17.6613 -1.49025 -23.5128 -16.9091 -1.06024 -23.0246 -16.0464 -0.648484 -22.7388 
-15.1122 -0.32621 -22.6128 -14.1315 -0.146595 -22.5674 -13.1343 -0.104496 -22.5402 
-12.1433 -0.213623 -22.5121 -11.1892 -0.499126 -22.5335 -10.3511 -0.939394 -22.8081 
-9.63264 -1.40851 -23.3111 -8.99343 -1.84357 -23.9449 -8.32154 -2.25368 -24.5613 
-7.63544 -2.64208 -25.1763 -6.94192 -3.07333 -25.7525 -6.27591 -3.61306 -26.2582 
-5.72311 -4.32833 -26.6772 -5.32866 -5.16276 -27.057 -5.0689 -6.05643 -27.4176 
-4.91603 -6.99348 -27.7279 -4.78714 -7.97093 -27.8693 -4.59411 -8.93672 -27.7509 
-4.34195 -9.8355 -27.4026 -4.07127 -10.6736 -26.9307 -3.82754 -11.4838 -26.3993 
-3.66294 -12.2787 -25.8162 -3.58117 -13.0849 -25.2311 -3.56758 -13.9185 -24.6804 
-3.6647 -14.7934 -24.2094 -3.86302 -15.6919 -23.8242 -4.16934 -16.6027 -23.5536 
-4.58171 -17.4892 -23.3501 -5.10001 -18.3137 -23.1292 -5.70508 -18.9998 -22.7493 
-6.27347 -19.3791 -22.0352 -6.68437 -19.6129 -21.1563 -7.00576 -19.8777 -20.248 
-7.28718 -20.1899 -19.3409 -7.57939 -20.528 -18.4463 -7.89975 -20.8756 -17.5652 
-8.24977 -21.2249 -16.6962 -8.62829 -21.5709 -15.8377 -9.019 -21.9151 -14.9839 
-9.41839 -22.279 -14.1426 -9.82794 -22.6779 -13.3224 -10.2552 -23.1056 -12.5262 
-17.4776 -19.3033 -10.9049 -17.7196 -19.26 -11.6134 -18.0075 -19.2106 -12.5696 
-18.2658 -19.1375 -13.5328 -18.5201 -19.0145 -14.4917 -18.7814 -18.8428 -15.4415 
-19.0443 -18.6378 -16.3842 -19.3111 -18.403 -17.3188 -19.5887 -18.1493 -18.2453 
-19.9055 -17.8443 -19.1423 -20.2876 -17.4056 -19.952 -20.7118 -16.8132 -20.6348 
-21.1344 -16.1627 -21.2652 -21.5408 -15.4787 -21.871 -21.9175 -14.7901 -22.4903 
-22.2421 -14.0907 -23.1261 -22.4894 -13.3778 -23.7816 -22.6367 -12.6679 -24.4689 
-22.6917 -11.965 -25.1763 -22.6458 -11.2615 -25.8848 -22.5163 -10.5401 -26.5644 
-22.3427 -9.77318 -27.1807 -22.1658 -8.92078 -27.6581 -22.045 -7.95854 -27.841 
-22.0097 -6.96924 -27.7248 -21.968 -6.00364 -27.4704 -21.834 -5.05726 -27.182 
-21.5079 -4.17371 -26.8585 -20.9919 -3.40642 -26.4915 -20.302 -2.82433 -26.0679 
-19.535 -2.37914 -25.6073 -18.7111 -1.98558 -25.2017 -17.8413 -1.60948 -24.8846 
-16.9375 -1.26272 -24.6379 -15.9916 -0.988071 -24.4734 -15.0134 -0.817741 -24.3655 
-14.0187 -0.749988 -24.3023 -13.0192 -0.759613 -24.293 -12.0257 -0.852486 -24.3371 
-11.057 -1.06676 -24.4446 -10.1379 -1.40349 -24.6386 -9.27499 -1.8055 -24.94 
-8.44493 -2.21144 -25.3186 -7.65561 -2.59108 -25.8004 -6.89184 -2.99647 -26.3022 
-6.21262 -3.57594 -26.7323 -5.68747 -4.3439 -27.0842 -5.37613 -5.23361 -27.4064 
-5.24065 -6.17268 -27.7154 -5.22777 -7.1391 -27.9664 -5.20126 -8.12989 -28.0254 
-5.09064 -9.07819 -27.7699 -4.91292 -9.90718 -27.244 -4.73122 -10.646 -26.5972 
-4.61239 -11.328 -25.8765 -4.60162 -11.9945 -25.1323 -4.70712 -12.6656 -24.4007 
-4.91475 -13.3379 -23.6913 -5.21017 -13.9979 -23.0012 -5.56956 -14.6525 -22.3365 
-5.96459 -15.3015 -21.6864 -6.38626 -15.927 -21.03 -6.81146 -16.5162 -20.3446 
-7.22309 -17.0109 -19.5814 -7.5818 -17.3643 -18.7203 -7.87702 -17.6238 -17.8011 
-8.14916 -17.8717 -16.8713 -8.41342 -18.118 -15.9388 -8.68495 -18.3439 -15.0034 
-8.96431 -18.535 -14.0625 -9.25272 -18.6947 -13.1185 -9.55968 -18.8349 -12.1772 
-9.89655 -18.9411 -11.2421 -17.4698 -19.0239 -10.8427 -17.7029 -19.0028 -11.5552 
-17.9835 -18.982 -12.5147 -18.2348 -18.9354 -13.4813 -18.483 -18.837 -14.4448 
-18.7386 -18.6848 -15.3993 -18.995 -18.4944 -16.3468 -19.2552 -18.2738 -17.2868 
-19.5307 -18.0316 -18.2168 -19.8436 -17.7379 -19.1189 -20.2229 -17.2999 -19.9299 
-20.6417 -16.7024 -20.6116 -21.0578 -16.0457 -21.24 -21.4598 -15.3597 -21.8465 
-21.8351 -14.6693 -22.4646 -22.1522 -13.9721 -23.1068 -22.3992 -13.2672 -23.7708 
-22.5487 -12.5657 -24.4664 -22.5966 -11.8746 -25.1861 -22.556 -11.1815 -25.9049 
-22.4314 -10.4703 -26.5962 -22.2633 -9.71168 -27.2241 -22.0967 -8.86418 -27.7123 
-21.993 -7.90073 -27.8919 -21.9759 -6.91157 -27.7675 -21.9478 -5.94285 -27.5245 
-21.81 -4.99572 -27.2413 -21.5025 -4.10171 -26.9312 -20.9806 -3.33386 -26.5755 
-20.2852 -2.74846 -26.164 -19.5064 -2.29935 -25.7306 -18.664 -1.91317 -25.3574 
-17.7849 -1.54417 -25.0591 -16.8689 -1.21037 -24.84 -15.9158 -0.953251 -24.6888 
-14.9345 -0.797604 -24.5859 -13.9387 -0.741043 -24.5293 -13.189 -0.75071 -24.5248 
-12.4437 -0.822277 -24.5644 -11.4705 -1.01625 -24.6693 -10.5402 -1.33525 -24.8457 
-9.64458 -1.71002 -25.0798 -8.79101 -2.1116 -25.4086 -7.97322 -2.48855 -25.8412 
-7.17955 -2.86564 -26.3181 -6.43705 -3.34651 -26.7702 -5.83731 -4.05352 -27.1302 
-5.46085 -4.92356 -27.435 -5.28654 -5.86042 -27.7263 -5.27637 -6.8262 -27.9781 
-5.29143 -7.81456 -28.1 -5.21013 -8.75806 -27.8597 -5.0569 -9.59939 -27.3482 
-4.8828 -10.3477 -26.7101 -4.77031 -11.0227 -25.9825 -4.76256 -11.6707 -25.2229 
-4.85969 -12.3153 -24.466 -5.05807 -12.9634 -23.7314 -5.35301 -13.6072 -23.0262 
-5.70061 -14.2499 -22.3438 -6.08634 -14.8874 -21.6769 -6.49557 -15.5149 -21.0148 
-6.91117 -16.1178 -20.334 -7.31178 -16.6121 -19.5683 -7.6657 -16.9438 -18.6957 
-7.96035 -17.1735 -17.7687 -8.23015 -17.3833 -16.8289 -8.49615 -17.5903 -15.8874 
-8.76485 -17.7752 -14.9422 -9.03697 -17.9165 -13.9906 -9.31894 -18.0247 -13.0373 
-9.63987 -18.1189 -12.0952 -10.0098 -18.1901 -11.1693 -17.0914 -22.2254 -11.758 
-17.3978 -22.0209 -12.4111 -17.7649 -21.7525 -13.3017 -18.0973 -21.4899 -14.2074 
-18.4263 -21.2181 -15.1117 -18.7676 -20.9301 -16.0064 -19.1075 -20.6273 -16.8967 
-19.4286 -20.3102 -17.7891 -19.7305 -19.979 -18.6829 -20.0349 -19.6409 -19.5734 
-20.3802 -19.2887 -20.443 -20.806 -18.9091 -21.2628 -21.3181 -18.4699 -21.9989 
-21.8657 -17.9216 -22.624 -22.3808 -17.208 -23.0886 -22.7796 -16.3647 -23.4431 
-23.0859 -15.4901 -23.8163 -23.2899 -14.6219 -24.2649 -23.3591 -13.7692 -24.779 
-23.3165 -12.9468 -25.3442 -23.1922 -12.15 -25.9345 -23.0023 -11.3653 -26.524 
-22.7715 -10.5668 -27.0798 -22.5416 -9.74003 -27.5924 -22.3396 -8.84946 -27.9878 
-22.2005 -7.88095 -28.1619 -22.1365 -6.88642 -28.1206 -22.0969 -5.90102 -27.9594 
-21.9616 -4.93613 -27.7443 -21.6494 -4.02325 -27.498 -21.1408 -3.216 -27.2155 
-20.4397 -2.59557 -26.8743 -19.6264 -2.15017 -26.5091 -18.7453 -1.79097 -26.2049 
-17.8348 -1.4517 -25.9723 -16.8969 -1.14884 -25.8069 -15.9291 -0.931003 -25.6847 
-14.9443 -0.78976 -25.5929 -13.9476 -0.741345 -25.5456 -12.9498 -0.783543 -25.5629 
-11.9626 -0.915737 -25.6405 -11.0042 -1.1706 -25.7613 -10.0711 -1.49792 -25.9083 
-9.16002 -1.86256 -26.0985 -8.27155 -2.22793 -26.3715 -7.41524 -2.57494 -26.7521 
-6.60528 -2.98136 -27.1716 -5.95424 -3.65008 -27.4942 -5.52944 -4.50955 -27.7442 
-5.36399 -5.46925 -27.9581 -5.38814 -6.4475 -28.1572 -5.46404 -7.43039 -28.2887 
-5.47246 -8.38664 -28.1089 -5.3991 -9.18853 -27.5217 -5.28448 -9.90856 -26.838 
-5.20472 -10.5682 -26.0921 -5.20335 -11.1899 -25.3102 -5.31404 -11.8073 -24.5328 
-5.52352 -12.4403 -23.7886 -5.81664 -13.0821 -23.0803 -6.15314 -13.7269 -22.3945 
-6.52062 -14.3831 -21.7355 -6.9115 -15.0462 -21.0973 -7.31567 -15.6775 -20.4365 
-7.70786 -16.2059 -19.6903 -8.06384 -16.5061 -18.8094 -8.38527 -16.697 -17.8824 
-8.68974 -16.8522 -16.9426 -8.98868 -16.9791 -15.997 -9.29634 -17.0648 -15.0495 
-9.62853 -17.0965 -14.1072 -9.98874 -17.0654 -13.1754 -17.6735 -18.686 -11.34 
-17.9696 -18.6751 -12.295 -18.235 -18.6469 -13.2585 -18.4911 -18.5717 -14.2218 
-18.7453 -18.439 -15.1796 -18.994 -18.2688 -16.1331 -19.2429 -18.0699 -17.0809 
-19.51 -17.8423 -18.0172 -19.808 -17.5729 -18.9322 -20.1668 -17.1776 -19.7751 
-20.5719 -16.6152 -20.4901 -20.984 -15.9696 -21.1323 -21.3841 -15.2899 -21.747 
-21.7609 -14.6027 -22.368 -22.0826 -13.9123 -23.0151 -22.3382 -13.2149 -23.6839 
-22.5001 -12.5203 -24.3838 -22.5727 -11.8332 -25.1051 -22.5462 -11.1447 -25.8289 
-22.4409 -10.4385 -26.5281 -22.2755 -9.67329 -27.1481 -22.1073 -8.81385 -27.611 
-21.9967 -7.84307 -27.741 -21.9613 -6.86052 -27.5728 -21.9078 -5.90192 -27.2957 
-21.7484 -4.96848 -26.9812 -21.4003 -4.10684 -26.6286 -20.8545 -3.37613 -26.2285 
-20.1663 -2.82235 -25.7654 -19.4264 -2.37642 -25.2623 -18.6328 -1.97459 -24.807 
-17.8011 -1.58448 -24.4142 -16.9227 -1.21467 -24.117 -15.9812 -0.925934 -23.9517 
-15.007 -0.734409 -23.8454 -14.0131 -0.654724 -23.784 -13.0145 -0.672886 -23.7735 
-12.0215 -0.782483 -23.8069 -11.0554 -1.00994 -23.9044 -10.1413 -1.35114 -24.1111 
-9.32171 -1.76644 -24.499 -8.53419 -2.18372 -24.9521 -7.77731 -2.57451 -25.4751 
-7.04037 -2.98493 -26.0116 -6.35396 -3.52747 -26.4835 -5.79123 -4.24476 -26.8808 
-5.39732 -5.09305 -27.2295 -5.18198 -6.00807 -27.5632 -5.10322 -6.96376 -27.8405 
-5.04869 -7.95071 -27.9583 -4.92566 -8.92525 -27.8225 -4.72097 -9.786 -27.369 
-4.50472 -10.5672 -26.7851 -4.33213 -11.3015 -26.1296 -4.25698 -12.0147 -25.4338 
-4.27754 -12.7311 -24.7383 -4.40516 -13.4594 -24.066 -4.64373 -14.1867 -23.424 
-4.9725 -14.8946 -22.7996 -5.37086 -15.5788 -22.1893 -5.81206 -16.2268 -21.5693 
-6.27255 -16.8168 -20.9066 -6.72028 -17.3643 -20.2022 -7.11956 -17.7938 -19.3952 
-7.45649 -18.1245 -18.5144 -7.75291 -18.4283 -17.609 -8.03695 -18.7292 -16.6986 
-8.32768 -19.0259 -15.7889 -8.63058 -19.305 -14.8778 -8.94145 -19.5609 -13.9625 
-9.25587 -19.7989 -13.0436 -9.57611 -20.0184 -12.1221 -9.91273 -20.2181 -11.2019 
-17.2621 -21.7132 -11.8211 -17.6501 -21.4832 -12.7134 -17.9866 -21.2505 -13.6257 
-18.3071 -21.0025 -14.5398 -18.6362 -20.732 -15.4445 -18.9741 -20.4449 -16.3407 
-19.3024 -20.1404 -17.2348 -19.6102 -19.8179 -18.1299 -19.9142 -19.4855 -19.0227 
-20.2491 -19.1292 -19.8946 -20.6493 -18.7187 -20.7128 -21.1245 -18.236 -21.4457 
-21.6392 -17.6608 -22.0798 -22.1296 -16.9788 -22.6192 -22.5588 -16.2076 -23.0865 
-22.8914 -15.3794 -23.5365 -23.1244 -14.5455 -24.0339 -23.2302 -13.7208 -24.5877 
-23.2253 -12.9184 -25.1821 -23.1304 -12.1356 -25.796 -22.9531 -11.3617 -26.4037 
-22.738 -10.575 -26.9819 -22.5163 -9.75764 -27.513 -22.3181 -8.87345 -27.9235 
-22.1957 -7.89577 -28.0606 -22.144 -6.90149 -28.0036 -22.1031 -5.91969 -27.8232 
-21.961 -4.95964 -27.5898 -21.6551 -4.04862 -27.3278 -21.1564 -3.24059 -27.0308 
-20.4657 -2.61746 -26.6726 -19.6656 -2.16276 -26.2899 -18.7932 -1.79434 -25.9726 
-17.8895 -1.44588 -25.7264 -16.958 -1.13063 -25.5481 -15.9944 -0.898849 -25.4199 
-15.0117 -0.746918 -25.3239 -14.0158 -0.690441 -25.2709 -13.0175 -0.725304 -25.2819 
-12.0266 -0.838581 -25.3489 -11.0562 -1.04868 -25.4554 -10.1203 -1.36641 -25.6008 
-9.21665 -1.74062 -25.8058 -8.33212 -2.12077 -26.0742 -7.48005 -2.48102 -26.4506 
-6.68682 -2.90042 -26.8841 -5.98935 -3.51181 -27.2426 -5.50564 -4.33144 -27.5257 
-5.25324 -5.26143 -27.7761 -5.22236 -6.23211 -28.0043 -5.26906 -7.2138 -28.1866 
-5.25419 -8.20459 -28.1637 -5.15124 -9.12764 -27.823 -4.98087 -9.92185 -27.2435 
-4.80818 -10.6471 -26.5788 -4.69815 -11.3168 -25.8452 -4.69639 -11.9731 -25.0919 
-4.81111 -12.6348 -24.3532 -5.02203 -13.2988 -23.6366 -5.32679 -13.9536 -22.9458 
-5.68637 -14.6062 -22.2793 -6.08159 -15.2519 -21.6261 -6.49923 -15.8826 -20.972 
-6.92136 -16.4825 -20.2931 -7.33014 -16.9776 -19.5297 -7.68514 -17.3196 -18.6624 
-7.98459 -17.5725 -17.7426 -8.25606 -17.8116 -16.8103 -8.52149 -18.0453 -15.875 
-8.79105 -18.2542 -14.9351 -9.06662 -18.4231 -13.9889 -9.35397 -18.5603 -13.041 
-9.6628 -18.6755 -12.097 -10.0026 -18.7557 -11.1602 -17.0991 -20.8159 -11.0223 
-17.3958 -20.7027 -11.7014 -17.731 -20.562 -12.6325 -18.0234 -20.404 -13.5756 
-18.3095 -20.212 -14.5142 -18.6142 -19.9829 -15.4385 -18.9275 -19.7256 -16.3526 
-19.2321 -19.4467 -17.2633 -19.5336 -19.1488 -18.1689 -19.8526 -18.828 -19.0607 
-20.2181 -18.4466 -19.9083 -20.6464 -17.9591 -20.6647 -21.1179 -17.3708 -21.3209 
-21.5798 -16.7117 -21.913 -22.0153 -16.016 -22.4837 -22.3927 -15.2762 -23.0396 
-22.68 -14.5037 -23.6051 -22.8722 -13.7285 -24.205 -22.9541 -12.9613 -24.8382 
-22.9284 -12.2101 -25.4968 -22.8083 -11.4682 -26.1556 -22.6305 -10.7211 -26.7958 
-22.4281 -9.94131 -27.3872 -22.2367 -9.09718 -27.8811 -22.0979 -8.15571 -28.1565 
-22.042 -7.1617 -28.1576 -22.039 -6.17388 -28.0058 -21.9443 -5.2045 -27.7875 
-21.6995 -4.26919 -27.5444 -21.238 -3.43242 -27.2658 -20.5743 -2.77411 -26.9342 
-19.7709 -2.31834 -26.5557 -18.9076 -1.94116 -26.2248 -18.0017 -1.59994 -25.9767 
-17.073 -1.27923 -25.7915 -16.1206 -1.01431 -25.6454 -15.144 -0.833492 -25.5351 
-14.1516 -0.743084 -25.4632 -13.1529 -0.744324 -25.4494 -12.1594 -0.834992 -25.5014 
-11.1847 -1.02845 -25.6016 -10.2446 -1.33555 -25.7398 -9.33448 -1.70561 -25.9228 
-8.44377 -2.08193 -26.1764 -7.58197 -2.43871 -26.5332 -6.76654 -2.82216 -26.966 
-6.04112 -3.38996 -27.334 -5.55155 -4.21062 -27.6041 -5.29838 -5.14361 -27.8359 
-5.26357 -6.11661 -28.0484 -5.31915 -7.0988 -28.2262 -5.32489 -8.09033 -28.2145 
-5.24499 -9.01227 -27.8698 -5.09503 -9.79403 -27.2687 -4.93733 -10.5072 -26.5871 
-4.8345 -11.166 -25.8428 -4.84145 -11.805 -25.0749 -4.95144 -12.4466 -24.3175 
-5.17094 -13.0936 -23.5881 -5.47957 -13.7394 -22.8905 -5.83324 -14.3847 -22.2137 
-6.22548 -15.0245 -21.5529 -6.63611 -15.6579 -20.897 -7.05239 -16.265 -20.2208 
-7.44766 -16.7323 -19.436 -7.79314 -17.0406 -18.5512 -8.08977 -17.2696 -17.6244 
-8.36337 -17.4809 -16.686 -8.63292 -17.684 -15.7448 -8.90266 -17.8529 -14.7969 
-9.17475 -17.9822 -13.8435 -9.46358 -18.071 -12.8903 -9.79082 -18.1429 -11.9484 
-17.3538 -20.7065 -11.1282 -17.64 -20.5786 -11.8091 -17.9714 -20.4195 -12.7388 
-18.2717 -20.2416 -13.6758 -18.5791 -20.0245 -14.6021 -18.8985 -19.7738 -15.516 
-19.2135 -19.5035 -16.4257 -19.5166 -19.2104 -17.3324 -19.8121 -18.8988 -18.2354 
-20.1263 -18.5638 -19.1234 -20.4935 -18.1601 -19.9587 -20.935 -17.638 -20.6869 
-21.3975 -17.0338 -21.3345 -21.8557 -16.3876 -21.9448 -22.2832 -15.7002 -22.5312 
-22.6511 -14.9659 -23.0999 -22.9315 -14.1987 -23.6756 -23.1031 -13.4285 -24.2881 
-23.156 -12.6662 -24.9311 -23.1168 -11.9093 -25.5821 -22.9802 -11.143 -26.2092 
-22.7956 -10.353 -26.7929 -22.5823 -9.50632 -27.2773 -22.3825 -8.57874 -27.5764 
-22.2344 -7.59782 -27.5963 -22.1321 -6.62642 -27.3969 -22.0114 -5.67823 -27.1049 
-21.7836 -4.76443 -26.7743 -21.3812 -3.93514 -26.4032 -20.7938 -3.24953 -25.9785 
-20.1121 -2.71472 -25.4836 -19.3825 -2.27593 -24.9598 -18.604 -1.8734 -24.4788 
-17.7834 -1.47594 -24.0703 -16.9171 -1.09204 -23.7577 -15.9823 -0.781201 -23.5944 
-15.0119 -0.56831 -23.4971 -14.0188 -0.476814 -23.4417 -13.0203 -0.495106 -23.4254 
-12.0284 -0.616638 -23.4412 -11.0655 -0.864025 -23.5179 -10.1585 -1.22534 -23.718 
-9.36407 -1.65044 -24.1423 -8.60726 -2.07105 -24.6426 -7.86526 -2.46465 -25.1847 
-7.14168 -2.86805 -25.7443 -6.43999 -3.36108 -26.2507 -5.8328 -4.02834 -26.6754 
-5.38507 -4.83986 -27.043 -5.09852 -5.72954 -27.3896 -4.94023 -6.66519 -27.7003 
-4.83307 -7.63545 -27.9 -4.67369 -8.61473 -27.8724 -4.44166 -9.53932 -27.584 
-4.17134 -10.394 -27.143 -3.90955 -11.2104 -26.6291 -3.71411 -12.007 -26.0582 
-3.59341 -12.8078 -25.4724 -3.55193 -13.6363 -24.9157 -3.59289 -14.5023 -24.4212 
-3.74148 -15.4014 -24.0119 -3.99451 -16.3163 -23.7027 -4.35435 -17.225 -23.4993 
-4.82718 -18.0915 -23.3446 -5.37816 -18.8988 -23.1417 -5.99939 -19.4754 -22.655 
-6.48076 -19.7064 -21.8203 -6.83296 -19.9077 -20.9076 -7.1227 -20.1702 -19.9876 
-7.40043 -20.4929 -19.083 -7.70187 -20.8352 -18.1931 -8.0302 -21.1839 -17.3154 
-8.39303 -21.5336 -16.4518 -8.78131 -21.8813 -15.5984 -9.18106 -22.2356 -14.7531 
-9.59114 -22.625 -13.9285 -10.0163 -23.0543 -13.1321 -17.2849 -21.2566 -11.5903 
-17.5649 -21.1171 -12.2719 -17.8984 -20.9268 -13.195 -18.2053 -20.7147 -14.1227 
-18.5183 -20.4752 -15.0417 -18.8452 -20.2093 -15.9485 -19.1707 -19.9202 -16.8486 
-19.4821 -19.6152 -17.7486 -19.787 -19.2938 -18.6451 -20.1156 -18.9497 -19.5243 
-20.5001 -18.5392 -20.3498 -20.9498 -18.0438 -21.0897 -21.4405 -17.4687 -21.7425 
-21.9191 -16.8069 -22.3181 -22.3532 -16.0792 -22.8469 -22.7041 -15.2898 -23.3498 
-22.9561 -14.4815 -23.8794 -23.0916 -13.6777 -24.4571 -23.1241 -12.8885 -25.0676 
-23.0498 -12.1193 -25.7012 -22.8928 -11.3586 -26.3307 -22.6922 -10.5842 -26.9301 
-22.4775 -9.77828 -27.4811 -22.2829 -8.90341 -27.9126 -22.1632 -7.92782 -28.0619 
-22.1173 -6.93337 -28.0068 -22.0855 -5.95139 -27.8255 -21.9518 -4.99042 -27.5912 
-21.6513 -4.07789 -27.3284 -21.1565 -3.2677 -27.0309 -20.4677 -2.64267 -26.6726 
-19.6689 -2.18673 -26.2885 -18.7973 -1.81775 -25.9695 -17.8942 -1.46924 -25.7213 
-16.9632 -1.15368 -25.5413 -15.9998 -0.921883 -25.4118 -15.017 -0.770397 -25.3144 
-14.0217 -0.702259 -25.2522 -13.0229 -0.713199 -25.2468 -12.0309 -0.815647 -25.305 
-11.0608 -1.02678 -25.411 -10.1252 -1.34535 -25.5567 -9.22223 -1.72085 -25.7622 
-8.33877 -2.10257 -26.0321 -7.48743 -2.46418 -26.4087 -6.69518 -2.88294 -26.845 
-5.99555 -3.4893 -27.2084 -5.5042 -4.30328 -27.4954 -5.25652 -5.2347 -27.7482 
-5.20026 -6.20206 -27.9822 -5.23874 -7.18349 -28.1674 -5.21976 -8.17547 -28.1594 
-5.11267 -9.10898 -27.8479 -4.9395 -9.92605 -27.3015 -4.75761 -10.6589 -26.6476 
-4.63315 -11.3388 -25.9258 -4.61358 -12.0054 -25.1819 -4.70985 -12.6788 -24.451 
-4.90852 -13.3552 -23.7432 -5.19723 -14.0209 -23.0555 -5.5531 -14.6806 -22.3941 
-5.94576 -15.3351 -21.7482 -6.36792 -15.9659 -21.0972 -6.79562 -16.5646 -20.4212 
-7.21268 -17.077 -19.6728 -7.57187 -17.427 -18.8112 -7.87583 -17.6962 -17.8978 
-8.1516 -17.9499 -16.9706 -8.41929 -18.2003 -16.0402 -8.69365 -18.4326 -15.1072 
-8.97435 -18.6301 -14.1681 -9.26206 -18.7938 -13.2246 -9.56433 -18.931 -12.2814 
-9.88865 -19.0392 -11.3419 -17.4891 -18.0499 -11.1386 -17.7146 -18.0851 -11.853 
-17.9969 -18.1278 -12.8112 -18.2521 -18.1388 -13.7778 -18.4979 -18.0907 -14.7456 
-18.7364 -17.9792 -15.7101 -18.974 -17.8277 -16.6694 -19.2295 -17.6469 -17.6191 
-19.5144 -17.4285 -18.5521 -19.8475 -17.1011 -19.4326 -20.2346 -16.5956 -20.2004 
-20.6338 -15.9618 -20.8597 -21.0273 -15.2799 -21.4761 -21.4052 -14.5882 -22.0915 
-21.7458 -13.8983 -22.7297 -22.0139 -13.2124 -23.4054 -22.1987 -12.5316 -24.1136 
-22.3054 -11.861 -24.8467 -22.3286 -11.1971 -25.5933 -22.2584 -10.5219 -26.3267 
-22.1238 -9.80365 -27.0076 -21.9746 -8.9989 -27.574 -21.8734 -8.0656 -27.844 
-21.858 -7.07844 -27.716 -21.8466 -6.11611 -27.4469 -21.7377 -5.17231 -27.1403 
-21.4405 -4.28307 -26.8021 -20.9241 -3.52926 -26.4137 -20.2611 -2.92928 -25.9748 
-19.5141 -2.48245 -25.4836 -18.7154 -2.08294 -25.0355 -17.8776 -1.69624 -24.6519 
-16.9972 -1.33165 -24.353 -16.0696 -1.01888 -24.1521 -15.1045 -0.798107 -24.0227 
-14.1152 -0.686028 -23.9422 -13.1168 -0.671421 -23.9151 -12.1222 -0.757869 -23.9423 
-11.1513 -0.969004 -24.0343 -10.2393 -1.31071 -24.2419 -9.39328 -1.72307 -24.5751 
-8.58815 -2.13948 -24.9972 -7.81325 -2.52228 -25.4986 -7.06417 -2.92456 -26.0242 
-6.36891 -3.46005 -26.4915 -5.78466 -4.16368 -26.8872 -5.36474 -5.00049 -27.2315 
-5.13237 -5.91373 -27.5584 -5.03948 -6.86899 -27.8327 -4.98081 -7.85491 -27.9637 
-4.84217 -8.8264 -27.829 -4.62616 -9.70961 -27.4282 -4.38795 -10.5196 -26.8936 
-4.18493 -11.2859 -26.2857 -4.05997 -12.0296 -25.6295 -4.03098 -12.7825 -24.9734 
-4.09495 -13.5528 -24.3414 -4.27959 -14.3403 -23.7551 -4.56224 -15.1297 -23.211 
-4.92727 -15.8962 -22.6841 -5.38186 -16.6088 -22.1525 -5.88144 -17.2414 -21.5622 
-6.3694 -17.776 -20.8738 -6.82059 -18.2507 -20.1198 -7.19538 -18.6281 -19.2746 
-7.51318 -18.9571 -18.3855 -7.81779 -19.2864 -17.4917 -8.12891 -19.6164 -16.6005 
-8.45667 -19.9408 -15.7132 -8.79703 -20.2451 -14.8236 -9.14013 -20.5383 -13.9312 
-9.48419 -20.826 -13.0374 -9.83109 -21.1032 -12.1415 -10.1957 -21.3789 -11.2527 
-17.3434 -20.2237 -10.6745 -17.6235 -20.1087 -11.3605 -17.9505 -19.9783 -12.2961 
-18.2421 -19.8409 -13.2426 -18.534 -19.6673 -14.1829 -18.8326 -19.4517 -15.1125 
-19.1291 -19.2062 -16.0354 -19.42 -18.9373 -16.9535 -19.7065 -18.6481 -17.867 
-20.0022 -18.3411 -18.7714 -20.3452 -17.9723 -19.6326 -20.7608 -17.4743 -20.3918 
-21.2083 -16.8825 -21.0602 -21.6506 -16.2366 -21.6823 -22.0744 -15.5677 -22.2926 
-22.4469 -14.8598 -22.8918 -22.7404 -14.1211 -23.497 -22.9338 -13.3731 -24.1303 
-23.0095 -12.6303 -24.7947 -22.9848 -11.8931 -25.4683 -22.8788 -11.1474 -26.1255 
-22.7123 -10.3783 -26.7415 -22.5089 -9.54926 -27.2593 -22.3159 -8.63179 -27.5912 
-22.1787 -7.65096 -27.6278 -22.0948 -6.67698 -27.434 -21.9907 -5.72597 -27.1453 
-21.7645 -4.81267 -26.8143 -21.3615 -3.98269 -26.4407 -20.7779 -3.2945 -26.0154 
-20.0964 -2.75916 -25.5207 -19.3689 -2.32036 -24.9939 -18.5933 -1.91813 -24.508 
-17.7782 -1.52044 -24.0884 -16.9181 -1.13485 -23.7614 -15.9846 -0.824329 -23.5914 
-15.014 -0.613167 -23.4915 -14.021 -0.522259 -23.4351 -13.0215 -0.524037 -23.4137 
-12.0287 -0.629089 -23.4244 -11.0657 -0.87595 -23.5012 -10.1603 -1.23819 -23.7053 
-9.37148 -1.66428 -24.139 -8.61846 -2.08526 -24.6446 -7.8796 -2.47936 -25.1907 
-7.15726 -2.88218 -25.7523 -6.45464 -3.37275 -26.2598 -5.84731 -4.03897 -26.6856 
-5.40284 -4.85254 -27.0525 -5.12212 -5.74407 -27.3988 -4.97348 -6.68137 -27.7087 
-4.88123 -7.65409 -27.9026 -4.73165 -8.63387 -27.8626 -4.50666 -9.55311 -27.5529 
-4.24514 -10.3996 -27.0908 -3.99257 -11.2057 -26.5564 -3.80965 -11.9905 -25.9655 
-3.71398 -12.7801 -25.3607 -3.69623 -13.5921 -24.7794 -3.77384 -14.4431 -24.263 
-3.95532 -15.3205 -23.8209 -4.23637 -16.2175 -23.4847 -4.63139 -17.0914 -23.2075 
-5.13611 -17.8988 -22.9093 -5.71871 -18.516 -22.4081 -6.25782 -18.9355 -21.6835 
-6.67748 -19.2459 -20.8326 -7.01572 -19.5567 -19.9448 -7.31213 -19.8857 -19.0483 
-7.60871 -20.2264 -18.1562 -7.93195 -20.5757 -17.2768 -8.27849 -20.9255 -16.4065 
-8.65075 -21.2691 -15.5443 -9.03551 -21.6059 -14.6849 -9.42582 -21.9601 -13.8352 
-9.8221 -22.3332 -12.9964 -10.2309 -22.7224 -12.1711 -17.323 -20.7603 -11.1467 
-17.6101 -20.6329 -11.8274 -17.9418 -20.4737 -12.757 -18.2408 -20.2962 -13.6945 
-18.5455 -20.0823 -14.6224 -18.8638 -19.8344 -15.5373 -19.18 -19.5644 -16.4467 
-19.4844 -19.2718 -17.3531 -19.7826 -18.9594 -18.2551 -20.099 -18.6246 -19.1423 
-20.4662 -18.2236 -19.9791 -20.9093 -17.7035 -20.7076 -21.3743 -17.1008 -21.3547 
-21.8349 -16.4523 -21.9607 -22.2639 -15.7617 -22.5422 -22.6338 -15.0246 -23.1061 
-22.916 -14.2542 -23.6766 -23.0889 -13.4809 -24.2847 -23.1412 -12.7165 -24.9253 
-23.1009 -11.959 -25.5754 -22.9634 -11.1952 -26.2056 -22.7739 -10.407 -26.7903 
-22.5625 -9.56981 -27.2921 -22.3647 -8.65061 -27.6182 -22.222 -7.67014 -27.6668 
-22.1325 -6.69393 -27.4876 -22.0257 -5.74047 -27.208 -21.8141 -4.81834 -26.8911 
-21.4255 -3.97535 -26.5327 -20.8623 -3.25835 -26.1304 -20.1715 -2.71181 -25.6623 
-19.4289 -2.2683 -25.161 -18.6315 -1.86557 -24.7132 -17.7951 -1.47469 -24.3326 
-16.9094 -1.10555 -24.0565 -15.9667 -0.813328 -23.9026 -14.9929 -0.616375 -23.8031 
-13.9991 -0.534813 -23.7458 -13.0006 -0.558155 -23.736 -12.0122 -0.694165 -23.7761 
-11.0507 -0.944961 -23.8781 -10.1341 -1.28746 -24.0727 -9.30745 -1.70216 -24.4454 
-8.51507 -2.11911 -24.8904 -7.75181 -2.51063 -25.4033 -7.01683 -2.92246 -25.9414 
-6.33054 -3.4662 -26.4128 -5.74914 -4.1696 -26.8145 -5.3185 -4.99644 -27.1702 
-5.06417 -5.90127 -27.5049 -4.93013 -6.84638 -27.7989 -4.82994 -7.82697 -27.9477 
-4.66078 -8.80052 -27.8552 -4.42008 -9.70349 -27.5149 -4.1508 -10.5452 -27.048 
-3.89773 -11.3552 -26.5201 -3.72033 -12.1456 -25.9349 -3.6172 -12.9454 -25.3445 
-3.59002 -13.7738 -24.7875 -3.65964 -14.6437 -24.3028 -3.84189 -15.5429 -23.9101 
-4.12683 -16.4568 -23.6269 -4.51087 -17.3575 -23.4302 -4.99384 -18.2141 -23.2537 
-5.58769 -18.9384 -22.9291 -6.17297 -19.3595 -22.27 -6.60989 -19.5872 -21.4022 
-6.94904 -19.826 -20.4928 -7.23638 -20.121 -19.5819 -7.52322 -20.4521 -18.6831 
-7.83817 -20.7975 -17.799 -8.17707 -21.1456 -16.925 -8.54851 -21.492 -16.0637 
-8.9362 -21.8351 -15.2082 -9.33175 -22.1885 -14.3606 -9.73656 -22.5773 -13.5331 
-10.1552 -22.9957 -12.7273 -17.5002 -18.4166 -11.226 -17.7252 -18.4345 -11.9412 
-17.9997 -18.4548 -12.9024 -18.2473 -18.4399 -13.8708 -18.4917 -18.3634 -14.837 
-18.7362 -18.2327 -15.7977 -18.9777 -18.0667 -16.7537 -19.2359 -17.869 -17.6994 
-19.5259 -17.6335 -18.6265 -19.8634 -17.3034 -19.5056 -20.2556 -16.7876 -20.2601 
-20.6614 -16.142 -20.9046 -21.0569 -15.4529 -21.5117 -21.4363 -14.7559 -22.1201 
-21.7785 -14.061 -22.752 -22.0542 -13.3698 -23.4194 -22.2453 -12.6817 -24.1181 
-22.3507 -12.0033 -24.8441 -22.3703 -11.3329 -25.5851 -22.2973 -10.6566 -26.3174 
-22.1644 -9.94937 -27.0103 -22.0116 -9.16965 -27.6129 -21.895 -8.27859 -28.0289 
-21.8769 -7.29448 -28.0349 -21.9069 -6.31449 -27.8462 -21.8441 -5.34963 -27.5979 
-21.6111 -4.4209 -27.321 -21.159 -3.59286 -27.0102 -20.4898 -2.95676 -26.6395 
-19.7045 -2.49655 -26.2285 -18.8516 -2.11906 -25.8715 -17.9573 -1.7678 -25.5962 
-17.04 -1.43679 -25.3759 -16.0945 -1.16138 -25.2071 -15.1201 -0.97968 -25.083 
-14.1281 -0.896358 -24.9983 -13.1293 -0.894337 -24.979 -12.1332 -0.957981 -25.0265 
-11.1542 -1.1252 -25.1313 -10.2188 -1.43634 -25.2906 -9.32452 -1.81607 -25.5229 
-8.45659 -2.20287 -25.8309 -7.62158 -2.56936 -26.2397 -6.82983 -2.97293 -26.6973 
-6.11007 -3.52803 -27.0977 -5.60386 -4.32598 -27.4005 -5.32485 -5.24174 -27.6739 
-5.26941 -6.2051 -27.9267 -5.31673 -7.1804 -28.1399 -5.31457 -8.17085 -28.1357 
-5.22456 -9.08833 -27.7834 -5.06923 -9.87043 -27.1832 -4.91257 -10.5845 -26.5027 
-4.82652 -11.2399 -25.7537 -4.85242 -11.8793 -24.9863 -4.98137 -12.5224 -24.2329 
-5.21099 -13.1697 -23.5075 -5.52464 -13.8162 -22.8125 -5.88015 -14.4628 -22.1377 
-6.27285 -15.103 -21.4775 -6.68181 -15.7362 -20.8207 -7.09724 -16.3329 -20.1351 
-7.48223 -16.7616 -19.3243 -7.81895 -17.0503 -18.4292 -8.10993 -17.2734 -17.4991 
-8.38181 -17.4833 -16.56 -8.65092 -17.6835 -15.618 -8.92138 -17.8508 -14.6701 
-9.19599 -17.9707 -13.7162 -9.48619 -18.0587 -12.7633 -9.82059 -18.1304 -11.824 
-17.2854 -21.3474 -11.6603 -17.566 -21.2015 -12.3403 -17.9011 -21.0036 -13.2612 
-18.2104 -20.7852 -14.1867 -18.5259 -20.5403 -15.1033 -18.855 -20.2707 -16.0083 
-19.1815 -19.9786 -16.9072 -19.4925 -19.6698 -17.806 -19.7953 -19.3473 -18.7028 
-20.1242 -19.0022 -19.5815 -20.5103 -18.5934 -20.4072 -20.9623 -18.1026 -21.1487 
-21.4585 -17.5335 -21.8027 -21.9404 -16.8703 -22.3735 -22.3755 -16.1348 -22.8904 
-22.7367 -15.3417 -23.3793 -22.9877 -14.5266 -23.8992 -23.1204 -13.7174 -24.4698 
-23.1505 -12.9232 -25.074 -23.0744 -12.1503 -25.7028 -22.9147 -11.3865 -26.3279 
-22.712 -10.6097 -26.9236 -22.4949 -9.80143 -27.4693 -22.2984 -8.92115 -27.8915 
-22.1647 -7.95744 -28.0866 -22.1155 -6.96278 -28.0419 -22.0844 -5.98151 -27.8554 
-21.9437 -5.02139 -27.6201 -21.6487 -4.10669 -27.3591 -21.157 -3.2935 -27.0641 
-20.4692 -2.66569 -26.7092 -19.6699 -2.20948 -26.3266 -18.7975 -1.84151 -26.0091 
-17.8933 -1.49469 -25.7622 -16.9616 -1.18087 -25.5828 -15.9977 -0.951252 -25.4529 
-15.0147 -0.801811 -25.3549 -14.0187 -0.746781 -25.3 -13.0195 -0.769226 -25.3025 
-12.0273 -0.868607 -25.3623 -11.0566 -1.07657 -25.4697 -10.1206 -1.39336 -25.6162 
-9.21687 -1.76683 -25.8225 -8.3343 -2.1439 -26.0993 -7.48398 -2.50081 -26.4836 
-6.68151 -2.90205 -26.9235 -6.00513 -3.53312 -27.2743 -5.52658 -4.35616 -27.5542 
-5.28757 -5.29063 -27.8003 -5.2489 -6.26197 -28.0273 -5.30467 -7.24377 -28.2067 
-5.29551 -8.23261 -28.1662 -5.19866 -9.14205 -27.7909 -5.03787 -9.92187 -27.189 
-4.87615 -10.6365 -26.5102 -4.78703 -11.2947 -25.764 -4.80875 -11.9395 -25.0009 
-4.94104 -12.589 -24.2543 -5.17356 -13.2412 -23.534 -5.49207 -13.891 -22.8443 
-5.85444 -14.5398 -22.1755 -6.25162 -15.1829 -21.5209 -6.66551 -15.82 -20.8707 
-7.08291 -16.4289 -20.1972 -7.48328 -16.9019 -19.4158 -7.82997 -17.2196 -18.5359 
-8.12489 -17.4547 -17.6098 -8.40001 -17.6791 -16.675 -8.66928 -17.8931 -15.736 
-8.9367 -18.0763 -14.7901 -9.21072 -18.2099 -13.838 -9.4998 -18.3098 -12.886 
-9.81824 -18.3857 -11.9412 -17.5394 -18.125 -11.2816 -17.764 -18.155 -11.9966 
-18.0408 -18.1896 -12.9567 -18.2945 -18.1846 -13.9236 -18.5404 -18.1174 -14.8903 
-18.7795 -17.9976 -15.8537 -19.0168 -17.8427 -16.8126 -19.2719 -17.6586 -17.7617 
-19.5573 -17.4375 -18.6937 -19.9006 -17.0836 -19.5593 -20.2942 -16.5446 -20.3007 
-20.694 -15.8974 -20.9477 -21.0864 -15.2131 -21.5621 -21.4648 -14.5212 -22.1769 
-21.8023 -13.8314 -22.8167 -22.0604 -13.146 -23.4967 -22.2412 -12.4644 -24.2053 
-22.3301 -11.795 -24.9416 -22.3352 -11.1295 -25.687 -22.2492 -10.451 -26.416 
-22.1087 -9.72401 -27.0863 -21.9635 -8.88616 -27.6026 -21.8693 -7.93587 -27.8092 
-21.8555 -6.95301 -27.643 -21.8287 -5.99499 -27.3601 -21.6964 -5.05779 -27.0433 
-21.3764 -4.18464 -26.6945 -20.8298 -3.45346 -26.2922 -20.1507 -2.88648 -25.8368 
-19.4109 -2.44047 -25.3339 -18.6203 -2.03969 -24.8723 -17.7918 -1.65011 -24.4721 
-16.918 -1.28057 -24.1616 -15.9852 -0.980078 -23.9738 -15.0108 -0.791577 -23.8643 
-14.017 -0.713169 -23.8009 -13.018 -0.728992 -23.79 -12.0247 -0.833606 -23.8245 
-11.0577 -1.05625 -23.925 -10.1459 -1.39665 -24.1411 -9.332 -1.81242 -24.5406 
-8.54803 -2.22988 -24.9994 -7.79616 -2.61987 -25.5303 -7.05742 -3.02889 -26.0653 
-6.37068 -3.57028 -26.5374 -5.80281 -4.2868 -26.9326 -5.43716 -5.14756 -27.2762 
-5.24918 -6.06929 -27.6073 -5.20029 -7.02761 -27.8826 -5.17873 -8.01365 -28.0207 
-5.07362 -8.97651 -27.8211 -4.89549 -9.825 -27.3288 -4.70537 -10.5768 -26.6996 
-4.56786 -11.2717 -25.9947 -4.53523 -11.9467 -25.2589 -4.60522 -12.6236 -24.528 
-4.79099 -13.3066 -23.823 -5.08153 -13.9748 -23.1389 -5.43485 -14.6338 -22.4753 
-5.82649 -15.2873 -21.8279 -6.25063 -15.913 -21.1733 -6.68166 -16.5153 -20.5023 
-7.10266 -17.0407 -19.765 -7.46926 -17.408 -18.9137 -7.77858 -17.6883 -18.0055 
-8.05384 -17.9474 -17.0798 -8.32035 -18.2039 -16.1507 -8.59443 -18.4473 -15.2204 
-8.87665 -18.6572 -14.2844 -9.16352 -18.8343 -13.343 -9.46234 -18.9913 -12.4017 
-9.78568 -19.1278 -11.4656 
LINES 132 10588
84 0 1 2 3 4 5 6 7 8 9 10 11 12 13 14 15 16 17 18 19 20 21 22 23 24 25 26 27 28 29 30 31 32 33 34 35 36 37 38 39 40 41 42 43 44 45 46 47 48 49 50 51 52 53 54 55 56 57 58 59 60 61 62 63 64 65 66 67 68 69 70 71 72 73 74 75 76 77 78 79 80 81 82 83 
87 84 85 86 87 88 89 90 91 92 93 94 95 96 97 98 99 100 101 102 103 104 105 106 107 108 109 110 111 112 113 114 115 116 117 118 119 120 121 122 123 124 125 126 127 128 129 130 131 132 133 134 135 136 137 138 139 140 141 142 143 144 145 146 147 148 149 150 151 152 153 154 155 156 157 158 159 160 161 162 163 164 165 166 167 168 169 170 
86 171 172 173 174 175 176 177 178 179 180 181 182 183 184 185 186 187 188 189 190 191 192 193 194 195 196 197 198 199 200 201 202 203 204 205 206 207 208 209 210 211 212 213 214 215 216 217 218 219 220 221 222 223 224 225 226 227 228 229 230 231 232 233 234 235 236 237 238 239 240 241 242 243 244 245 246 247 248 249 250 251 252 253 254 255 256 
85 257 258 259 260 261 262 263 264 265 266 267 268 269 270 271 272 273 274 275 276 277 278 279 280 281 282 283 284 285 286 287 288 289 290 291 292 293 294 295 296 297 298 299 300 301 302 303 304 305 306 307 308 309 310 311 312 313 314 315 316 317 318 319 320 321 322 323 324 325 326 327 328 329 330 331 332 333 334 335 336 337 338 339 340 341 
86 342 343 344 345 346 347 348 349 350 351 352 353 354 355 356 357 358 359 360 361 362 363 364 365 366 367 368 369 370 371 372 373 374 375 376 377 378 379 380 381 382 383 384 385 386 387 388 389 390 391 392 393 394 395 396 397 398 399 400 401 402 403 404 405 406 407 408 409 410 411 412 413 414 415 416 417 418 419 420 421 422 423 424 425 426 427 
85 428 429 430 431 432 433 434 435 436 437 438 439 440 441 442 443 444 445 446 447 448 449 450 451 452 453 454 455 456 457 458 459 460 461 462 463 464 465 466 467 468 469 470 471 472 473 474 475 476 477 478 479 480 481 482 483 484 485 486 487 488 489 490 491 492 493 494 495 496 497 498 499 500 501 502 503 504 505 506 507 508 509 510 511 512 
85 513 514 515 516 517 518 519 520 521 522 523 524 525 526 527 528 529 530 531 532 533 534 535 536 537 538 539 540 541 542 543 544 545 546 547 548 549 550 551 552 553 554 555 556 557 558 559 560 561 562 563 564 565 566 567 568 569 570 571 572 573 574 575 576 577 578 579 580 581 582 583 584 585 586 587 588 589 590 591 592 593 594 595 596 597 
84 598 599 600 601 602 603 604 605 606 607 608 609 610 611 612 613 614 615 616 617 618 619 620 621 622 623 624 625 626 627 628 629 630 631 632 633 634 635 636 637 638 639 640 641 642 643 644 645 646 647 648 649 650 651 652 653 654 655 656 657 658 659 660 661 662 663 664 665 666 667 668 669 670 671 672 673 674 675 676 677 678 679 680 681 
87 682 683 684 685 686 687 688 689 690 691 692 693 694 695 696 697 698 699 700 701 702 703 704 705 706 707 708 709 710 711 712 713 714 715 716 717 718 719 720 721 722 723 724 725 726 727 728 729 730 731 732 733 734 735 736 737 738 739 740 741 742 743 744 745 746 747 748 749 750 751 752 753 754 755 756 757 758 759 760 761 762 763 764 765 766 767 768 
85 769 770 771 772 773 774 775 776 777 778 779 780 781 782 783 784 785 786 787 788 789 790 791 792 793 794 795 796 797 798 799 800 801 802 803 804 805 806 807 808 809 810 811 812 813 814 815 816 817 818 819 820 821 822 823 824 825 826 827 828 829 830 831 832 833 834 835 836 837 838 839 840 841 842 843 844 845 846 847 848 849 850 851 852 853 
83 854 855 856 857 858 859 860 861 862 863 864 865 866 867 868 869 870 871 872 873 874 875 876 877 878 879 880 881 882 883 884 885 886 887 888 889 890 891 892 893 894 895 896 897 898 899 900 901 902 903 904 905 906 907 908 909 910 911 912 913 914 915 916 917 918 919 920 921 922 923 924 925 926 927 928 929 930 931 932 933 934 935 936 
86 937 938 939 940 941 942 943 944 945 946 947 948 949 950 951 952 953 954 955 956 957 958 959 960 961 962 963 964 965 966 967 968 969 970 971 972 973 974 975 976 977 978 979 980 981 982 983 984 985 986 987 988 989 990 991 992 993 994 995 996 997 998 999 1000 1001 1002 1003 1004 1005 1006 1007 1008 1009 1010 1011 1012 1013 1014 1015 1016 1017 1018 1019 1020 1021 1022 
85 1023 1024 1025 1026 1027 1028 1029 1030 1031 1032 1033 1034 1035 1036 1037 1038 1039 1040 1041 1042 1043 1044 1045 1046 1047 1048 1049 1050 1051 1052 1053 1054 1055 1056 1057 1058 1059 1060 1061 1062 1063 1064 1065 1066 1067 1068 1069 1070 1071 1072 1073 1074 1075 1076 1077 1078 1079 1080 1081 1082 1083 1084 1085 1086 1087 1088 1089 1090 1091 1092 1093 1094 1095 1096 1097 1098 1099 1100 1101 1102 1103 1104 1105 1106 1107 
87 1108 1109 1110 1111 1112 1113 1114 1115 1116 1117 1118 1119 1120 1121 1122 1123 1124 1125 1126 1127 1128 1129 1130 1131 1132 1133 1134 1135 1136 1137 1138 1139 1140 1141 1142 1143 1144 1145 1146 1147 1148 1149 1150 1151 1152 1153 1154 1155 1156 1157 1158 1159 1160 1161 1162 1163 1164 1165 1166 1167 1168 1169 1170 1171 1172 1173 1174 1175 1176 1177 1178 1179 1180 1181 1182 1183 1184 1185 1186 1187 1188 1189 1190 1191 1192 1193 1194 
84 1195 1196 1197 1198 1199 1200 1201 1202 1203 1204 1205 1206 1207 1208 1209 1210 1211 1212 1213 1214 1215 1216 1217 1218 1219 1220 1221 1222 1223 1224 1225 1226 1227 1228 1229 1230 1231 1232 1233 1234 1235 1236 1237 1238 1239 1240 1241 1242 1243 1244 1245 1246 1247 1248 1249 1250 1251 1252 1253 1254 1255 1256 1257 1258 1259 1260 1261 1262 1263 1264 1265 1266 1267 1268 1269 1270 1271 1272 1273 1274 1275 1276 1277 1278 
86 1279 1280 1281 1282 1283 1284 1285 1286 1287 1288 1289 1290 1291 1292 1293 1294 1295 1296 1297 1298 1299 1300 1301 1302 1303 1304 1305 1306 1307 1308 1309 1310 1311 1312 1313 1314 1315 1316 1317 1318 1319 1320 1321 1322 1323 1324 1325 1326 1327 1328 1329 1330 1331 1332 1333 1334 1335 1336 1337 1338 1339 1340 1341 1342 1343 1344 1345 1346 1347 1348 1349 1350 1351 1352 1353 1354 1355 1356 1357 1358 1359 1360 1361 1362 1363 1364 
83 1365 1366 1367 1368 1369 1370 1371 1372 1373 1374 1375 1376 1377 1378 1379 1380 1381 1382 1383 1384 1385 1386 1387 1388 1389 1390 1391 1392 1393 1394 1395 1396 1397 1398 1399 1400 1401 1402 1403 1404 1405 1406 1407 1408 1409 1410 1411 1412 1413 1414 1415 1416 1417 1418 1419 1420 1421 1422 1423 1424 1425 1426 1427 1428 1429 1430 1431 1432 1433 1434 1435 1436 1437 1438 1439 1440 1441 1442 1443 1444 1445 1446 1447 
85 1448 1449 1450 1451 1452 1453 1454 1455 1456 1457 1458 1459 1460 1461 1462 1463 1464 1465 1466 1467 1468 1469 1470 1471 1472 1473 1474 1475 1476 1477 1478 1479 1480 1481 1482 1483 1484 1485 1486 1487 1488 1489 1490 1491 1492 1493 1494 1495 1496 1497 1498 1499 1500 1501 1502 1503 1504 1505 1506 1507 1508 1509 1510 1511 1512 1513 1514 1515 1516 1517 1518 1519 1520 1521 1522 1523 1524 1525 1526 1527 1528 1529 1530 1531 1532 
86 1533 1534 1535 1536 1537 1538 1539 1540 1541 1542 1543 1544 1545 1546 1547 1548 1549 1550 1551 1552 1553 1554 1555 1556 1557 1558 1559 1560 1561 1562 1563 1564 1565 1566 1567 1568 1569 1570 1571 1572 1573 1574 1575 1576 1577 1578 1579 1580 1581 1582 1583 1584 1585 1586 1587 1588 1589 1590 1591 1592 1593 1594 1595 1596 1597 1598 1599 1600 1601 1602 1603 1604 1605 1606 1607 1608 1609 1610 1611 1612 1613 1614 1615 1616 1617 1618 
84 1619 1620 1621 1622 1623 1624 1625 1626 1627 1628 1629 1630 1631 1632 1633 1634 1635 1636 1637 1638 1639 1640 1641 1642 1643 1644 1645 1646 1647 1648 1649 1650 1651 1652 1653 1654 1655 1656 1657 1658 1659 1660 1661 1662 1663 1664 1665 1666 1667 1668 1669 1670 1671 1672 1673 1674 1675 1676 1677 1678 1679 1680 1681 1682 1683 1684 1685 1686 1687 1688 1689 1690 1691 1692 1693 1694 1695 1696 1697 1698 1699 1700 1701 1702 
83 1703 1704 1705 1706 1707 1708 1709 1710 1711 1712 1713 1714 1715 1716 1717 1718 1719 1720 1721 1722 1723 1724 1725 1726 1727 1728 1729 1730 1731 1732 1733 1734 1735 1736 1737 1738 1739 1740 1741 1742 1743 1744 1745 1746 1747 1748 1749 1750 1751 1752 1753 1754 1755 1756 1757 1758 1759 1760 1761 1762 1763 1764 1765 1766 1767 1768 1769 1770 1771 1772 1773 1774 1775 1776 1777 1778 1779 1780 1781 1782 1783 1784 1785 
86 1786 1787 1788 1789 1790 1791 1792 1793 1794 1795 1796 1797 1798 1799 1800 1801 1802 1803 1804 1805 1806 1807 1808 1809 1810 1811 1812 1813 1814 1815 1816 1817 1818 1819 1820 1821 1822 1823 1824 1825 1826 1827 1828 1829 1830 1831 1832 1833 1834 1835 1836 1837 1838 1839 1840 1841 1842 1843 1844 1845 1846 1847 1848 1849 1850 1851 1852 1853 1854 1855 1856 1857 1858 1859 1860 1861 1862 1863 1864 1865 1866 1867 1868 1869 1870 1871 
83 1872 1873 1874 1875 1876 1877 1878 1879 1880 1881 1882 1883 1884 1885 1886 1887 1888 1889 1890 1891 1892 1893 1894 1895 1896 1897 1898 1899 1900 1901 1902 1903 1904 1905 1906 1907 1908 1909 1910 1911 1912 1913 1914 1915 1916 1917 1918 1919 1920 1921 1922 1923 1924 1925 1926 1927 1928 1929 1930 1931 1932 1933 1934 1935 1936 1937 1938 1939 1940 1941 1942 1943 1944 1945 1946 1947 1948 1949 1950 1951 1952 1953 1954 
86 1955 1956 1957 1958 1959 1960 1961 1962 1963 1964 1965 1966 1967 1968 1969 1970 1971 1972 1973 1974 1975 1976 1977 1978 1979 1980 1981 1982 1983 1984 1985 1986 1987 1988 1989 1990 1991 1992 1993 1994 1995 1996 1997 1998 1999 2000 2001 2002 2003 2004 2005 2006 2007 2008 2009 2010 2011 2012 2013 2014 2015 2016 2017 2018 2019 2020 2021 2022 2023 2024 2025 2026 2027 2028 2029 2030 2031 2032 2033 2034 2035 2036 2037 2038 2039 2040 
86 2041 2042 2043 2044 2045 2046 2047 2048 2049 2050 2051 2052 2053 2054 2055 2056 2057 2058 2059 2060 2061 2062 2063 2064 2065 2066 2067 2068 2069 2070 2071 2072 2073 2074 2075 2076 2077 2078 2079 2080 2081 2082 2083 2084 2085 2086 2087 2088 2089 2090 2091 2092 2093 2094 2095 2096 2097 2098 2099 2100 2101 2102 2103 2104 2105 2106 2107 2108 2109 2110 2111 2112 2113 2114 2115 2116 2117 2118 2119 2120 2121 2122 2123 2124 2125 2126 
86 2127 2128 2129 2130 2131 2132 2133 2134 2135 2136 2137 2138 2139 2140 2141 2142 2143 2144 2145 2146 2147 2148 2149 2150 2151 2152 2153 2154 2155 2156 2157 2158 2159 2160 2161 2162 2163 2164 2165 2166 2167 2168 2169 2170 2171 2172 2173 2174 2175 2176 2177 2178 2179 2180 2181 2182 2183 2184 2185 2186 2187 2188 2189 2190 2191 2192 2193 2194 2195 2196 2197 2198 2199 2200 2201 2202 2203 2204 2205 2206 2207 2208 2209 2210 2211 2212 
84 2213 2214 2215 2216 2217 2218 2219 2220 2221 2222 2223 2224 2225 2226 2227 2228 2229 2230 2231 2232 2233 2234 2235 2236 2237 2238 2239 2240 2241 2242 2243 2244 2245 2246 2247 2248 2249 2250 2251 2252 2253 2254 2255 2256 2257 2258 2259 2260 2261 2262 2263 2264 2265 2266 2267 2268 2269 2270 2271 2272 2273 2274 2275 2276 2277 2278 2279 2280 2281 2282 2283 2284 2285 2286 2287 2288 2289 2290 2291 2292 2293 2294 2295 2296 
86 2297 2298 2299 2300 2301 2302 2303 2304 2305 2306 2307 2308 2309 2310 2311 2312 2313 2314 2315 2316 2317 2318 2319 2320 2321 2322 2323 2324 2325 2326 2327 2328 2329 2330 2331 2332 2333 2334 2335 2336 2337 2338 2339 2340 2341 2342 2343 2344 2345 2346 2347 2348 2349 2350 2351 2352 2353 2354 2355 2356 2357 2358 2359 2360 2361 2362 2363 2364 2365 2366 2367 2368 2369 2370 2371 2372 2373 2374 2375 2376 2377 2378 2379 2380 2381 2382 
84 2383 2384 2385 2386 2387 2388 2389 2390 2391 2392 2393 2394 2395 2396 2397 2398 2399 2400 2401 2402 2403 2404 2405 2406 2407 2408 2409 2410 2411 2412 2413 2414 2415 2416 2417 2418 2419 2420 2421 2422 2423 2424 2425 2426 2427 2428 2429 2430 2431 2432 2433 2434 2435 2436 2437 2438 2439 2440 2441 2442 2443 2444 2445 2446 2447 2448 2449 2450 2451 2452 2453 2454 2455 2456 2457 2458 2459 2460 2461 2462 2463 2464 2465 2466 
87 2467 2468 2469 2470 2471 2472 2473 2474 2475 2476 2477 2478 2479 2480 2481 2482 2483 2484 2485 2486 2487 2488 2489 2490 2491 2492 2493 2494 2495 2496 2497 2498 2499 2500 2501 2502 2503 2504 2505 2506 2507 2508 2509 2510 2511 2512 2513 2514 2515 2516 2517 2518 2519 2520 2521 2522 2523 2524 2525 2526 2527 2528 2529 2530 2531 2532 2533 2534 2535 2536 2537 2538 2539 2540 2541 2542 2543 2544 2545 2546 2547 2548 2549 2550 2551 2552 2553 
85 2554 2555 2556 2557 2558 2559 2560 2561 2562 2563 2564 2565 2566 2567 2568 2569 2570 2571 2572 2573 2574 2575 2576 2577 2578 2579 2580 2581 2582 2583 2584 2585 2586 2587 2588 2589 2590 2591 2592 2593 2594 2595 2596 2597 2598 2599 2600 2601 2602 2603 2604 2605 2606 2607 2608 2609 2610 2611 2612 2613 2614 2615 2616 2617 2618 2619 2620 2621 2622 2623 2624 2625 2626 2627 2628 2629 2630 2631 2632 2633 2634 2635 2636 2637 2638 
87 2639 2640 2641 2642 2643 2644 2645 2646 2647 2648 2649 2650 2651 2652 2653 2654 2655 2656 2657 2658 2659 2660 2661 2662 2663 2664 2665 2666 2667 2668 2669 2670 2671 2672 2673 2674 2675 2676 2677 2678 2679 2680 2681 2682 2683 2684 2685 2686 2687 2688 2689 2690 2691 2692 2693 2694 2695 2696 2697 2698 2699 2700 2701 2702 2703 2704 2705 2706 2707 2708 2709 2710 2711 2712 2713 2714 2715 2716 2717 2718 2719 2720 2721 2722 2723 2724 2725 
84 2726 2727 2728 2729 2730 2731 2732 2733 2734 2735 2736 2737 2738 2739 2740 2741 2742 2743 2744 2745 2746 2747 2748 2749 2750 2751 2752 2753 2754 2755 2756 2757 2758 2759 2760 2761 2762 2763 2764 2765 2766 2767 2768 2769 2770 2771 2772 2773 2774 2775 2776 2777 2778 2779 2780 2781 2782 2783 2784 2785 2786 2787 2788 2789 2790 2791 2792 2793 2794 2795 2796 2797 2798 2799 2800 2801 2802 2803 2804 2805 2806 2807 2808 2809 
84 2810 2811 2812 2813 2814 2815 2816 2817 2818 2819 2820 2821 2822 2823 2824 2825 2826 2827 2828 2829 2830 2831 2832 2833 2834 2835 2836 2837 2838 2839 2840 2841 2842 2843 2844 2845 2846 2847 2848 2849 2850 2851 2852 2853 2854 2855 2856 2857 2858 2859 2860 2861 2862 2863 2864 2865 2866 2867 2868 2869 2870 2871 2872 2873 2874 2875 2876 2877 2878 2879 2880 2881 2882 2883 2884 2885 2886 2887 2888 2889 2890 2891 2892 2893 
85 2894 2895 2896 2897 2898 2899 2900 2901 2902 2903 2904 2905 2906 2907 2908 2909 2910 2911 2912 2913 2914 2915 2916 2917 2918 2919 2920 2921 2922 2923 2924 2925 2926 2927 2928 2929 2930 2931 2932 2933 2934 2935 2936 2937 2938 2939 2940 2941 2942 2943 2944 2945 2946 2947 2948 2949 2950 2951 2952 2953 2954 2955 2956 2957 2958 2959 2960 2961 2962 2963 2964 2965 2966 2967 2968 2969 2970 2971 2972 2973 2974 2975 2976 2977 2978 
86 2979 2980 2981 2982 2983 2984 2985 2986 2987 2988 2989 2990 2991 2992 2993 2994 2995 2996 2997 2998 2999 3000 3001 3002 3003 3004 3005 3006 3007 3008 3009 3010 3011 3012 3013 3014 3015 3016 3017 3018 3019 3020 3021 3022 3023 3024 3025 3026 3027 3028 3029 3030 3031 3032 3033 3034 3035 3036 3037 3038 3039 3040 3041 3042 3043 3044 3045 3046 3047 3048 3049 3050 3051 3052 3053 3054 3055 3056 3057 3058 3059 3060 3061 3062 3063 3064 
83 3065 3066 3067 3068 3069 3070 3071 3072 3073 3074 3075 3076 3077 3078 3079 3080 3081 3082 3083 3084 3085 3086 3087 3088 3089 3090 3091 3092 3093 3094 3095 3096 3097 3098 3099 3100 3101 3102 3103 3104 3105 3106 3107 3108 3109 3110 3111 3112 3113 3114 3115 3116 3117 3118 3119 3120 3121 3122 3123 3124 3125 3126 3127 3128 3129 3130 3131 3132 3133 3134 3135 3136 3137 3138 3139 3140 3141 3142 3143 3144 3145 3146 3147 
86 3148 3149 3150 3151 3152 3153 3154 3155 3156 3157 3158 3159 3160 3161 3162 3163 3164 3165 3166 3167 3168 3169 3170 3171 3172 3173 3174 3175 3176 3177 3178 3179 3180 3181 3182 3183 3184 3185 3186 3187 3188 3189 3190 3191 3192 3193 3194 3195 3196 3197 3198 3199 3200 3201 3202 3203 3204 3205 3206 3207 3208 3209 3210 3211 3212 3213 3214 3215 3216 3217 3218 3219 3220 3221 3222 3223 3224 3225 3226 3227 3228 3229 3230 3231 3232 3233 
83 3234 3235 3236 3237 3238 3239 3240 3241 3242 3243 3244 3245 3246 3247 3248 3249 3250 3251 3252 3253 3254 3255 3256 3257 3258 3259 3260 3261 3262 3263 3264 3265 3266 3267 3268 3269 3270 3271 3272 3273 3274 3275 3276 3277 3278 3279 3280 3281 3282 3283 3284 3285 3286 3287 3288 3289 3290 3291 3292 3293 3294 3295 3296 3297 3298 3299 3300 3301 3302 3303 3304 3305 3306 3307 3308 3309 3310 3311 3312 3313 3314 3315 3316 
83 3317 3318 3319 3320 3321 3322 3323 3324 3325 3326 3327 3328 3329 3330 3331 3332 3333 3334 3335 3336 3337 3338 3339 3340 3341 3342 3343 3344 3345 3346 3347 3348 3349 3350 3351 3352 3353 3354 3355 3356 3357 3358 3359 3360 3361 3362 3363 3364 3365 3366 3367 3368 3369 3370 3371 3372 3373 3374 3375 3376 3377 3378 3379 3380 3381 3382 3383 3384 3385 3386 3387 3388 3389 3390 3391 3392 3393 3394 3395 3396 3397 3398 3399 
85 3400 3401 3402 3403 3404 3405 3406 3407 3408 3409 3410 3411 3412 3413 3414 3415 3416 3417 3418 3419 3420 3421 3422 3423 3424 3425 3426 3427 3428 3429 3430 3431 3432 3433 3434 3435 3436 3437 3438 3439 3440 3441 3442 3443 3444 3445 3446 3447 3448 3449 3450 3451 3452 3453 3454 3455 3456 3457 3458 3459 3460 3461 3462 3463 3464 3465 3466 3467 3468 3469 3470 3471 3472 3473 3474 3475 3476 3477 3478 3479 3480 3481 3482 3483 3484 
85 3485 3486 3487 3488 3489 3490 3491 3492 3493 3494 3495 3496 3497 3498 3499 3500 3501 3502 3503 3504 3505 3506 3507 3508 3509 3510 3511 3512 3513 3514 3515 3516 3517 3518 3519 3520 3521 3522 3523 3524 3525 3526 3527 3528 3529 3530 3531 3532 3533 3534 3535 3536 3537 3538 3539 3540 3541 3542 3543 3544 3545 3546 3547 3548 3549 3550 3551 3552 3553 3554 3555 3556 3557 3558 3559 3560 3561 3562 3563 3564 3565 3566 3567 3568 3569 
83 3570 3571 3572 3573 3574 3575 3576 3577 3578 3579 3580 3581 3582 3583 3584 3585 3586 3587 3588 3589 3590 3591 3592 3593 3594 3595 3596 3597 3598 3599 3600 3601 3602 3603 3604 3605 3606 3607 3608 3609 3610 3611 3612 3613 3614 3615 3616 3617 3618 3619 3620 3621 3622 3623 3624 3625 3626 3627 3628 3629 3630 3631 3632 3633 3634 3635 3636 3637 3638 3639 3640 3641 3642 3643 3644 3645 3646 3647 3648 3649 3650 3651 3652 
85 3653 3654 3655 3656 3657 3658 3659 3660 3661 3662 3663 3664 3665 3666 3667 3668 3669 3670 3671 3672 3673 3674 3675 3676 3677 3678 3679 3680 3681 3682 3683 3684 3685 3686 3687 3688 3689 3690 3691 3692 3693 3694 3695 3696 3697 3698 3699 3700 3701 3702 3703 3704 3705 3706 3707 3708 3709 3710 3711 3712 3713 3714 3715 3716 3717 3718 3719 3720 3721 3722 3723 3724 3725 3726 3727 3728 3729 3730 3731 3732 3733 3734 3735 3736 3737 
85 3738 3739 3740 3741 3742 3743 3744 3745 3746 3747 3748 3749 3750 3751 3752 3753 3754 3755 3756 3757 3758 3759 3760 3761 3762 3763 3764 3765 3766 3767 3768 3769 3770 3771 3772 3773 3774 3775 3776 3777 3778 3779 3780 3781 3782 3783 3784 3785 3786 3787 3788 3789 3790 3791 3792 3793 3794 3795 3796 3797 3798 3799 3800 3801 3802 3803 3804 3805 3806 3807 3808 3809 3810 3811 3812 3813 3814 3815 3816 3817 3818 3819 3820 3821 3822 
85 3823 3824 3825 3826 3827 3828 3829 3830 3831 3832 3833 3834 3835 3836 3837 3838 3839 3840 3841 3842 3843 3844 3845 3846 3847 3848 3849 3850 3851 3852 3853 3854 3855 3856 3857 3858 3859 3860 3861 3862 3863 3864 3865 3866 3867 3868 3869 3870 3871 3872 3873 3874 3875 3876 3877 3878 3879 3880 3881 3882 3883 3884 3885 3886 3887 3888 3889 3890 3891 3892 3893 3894 3895 3896 3897 3898 3899 3900 3901 3902 3903 3904 3905 3906 3907 
87 3908 3909 3910 3911 3912 3913 3914 3915 3916 3917 3918 3919 3920 3921 3922 3923 3924 3925 3926 3927 3928 3929 3930 3931 3932 3933 3934 3935 3936 3937 3938 3939 3940 3941 3942 3943 3944 3945 3946 3947 3948 3949 3950 3951 3952 3953 3954 3955 3956 3957 3958 3959 3960 3961 3962 3963 3964 3965 3966 3967 3968 3969 3970 3971 3972 3973 3974 3975 3976 3977 3978 3979 3980 3981 3982 3983 3984 3985 3986 3987 3988 3989 3990 3991 3992 3993 3994 
85 3995 3996 3997 3998 3999 4000 4001 4002 4003 4004 4005 4006 4007 4008 4009 4010 4011 4012 4013 4014 4015 4016 4017 4018 4019 4020 4021 4022 4023 4024 4025 4026 4027 4028 4029 4030 4031 4032 4033 4034 4035 4036 4037 4038 4039 4040 4041 4042 4043 4044 4045 4046 4047 4048 4049 4050 4051 4052 4053 4054 4055 4056 4057 4058 4059 4060 4061 4062 4063 4064 4065 4066 4067 4068 4069 4070 4071 4072 4073 4074 4075 4076 4077 4078 4079 
85 4080 4081 4082 4083 4084 4085 4086 4087 4088 4089 4090 4091 4092 4093 4094 4095 4096 4097 4098 4099 4100 4101 4102 4103 4104 4105 4106 4107 4108 4109 4110 4111 4112 4113 4114 4115 4116 4117 4118 4119 4120 4121 4122 4123 4124 4125 4126 4127 4128 4129 4130 4131 4132 4133 4134 4135 4136 4137 4138 4139 4140 4141 4142 4143 4144 4145 4146 4147 4148 4149 4150 4151 4152 4153 4154 4155 4156 4157 4158 4159 4160 4161 4162 4163 4164 
86 4165 4166 4167 4168 4169 4170 4171 4172 4173 4174 4175 4176 4177 4178 4179 4180 4181 4182 4183 4184 4185 4186 4187 4188 4189 4190 4191 4192 4193 4194 4195 4196 4197 4198 4199 4200 4201 4202 4203 4204 4205 4206 4207 4208 4209 4210 4211 4212 4213 4214 4215 4216 4217 4218 4219 4220 4221 4222 4223 4224 4225 4226 4227 4228 4229 4230 4231 4232 4233 4234 4235 4236 4237 4238 4239 4240 4241 4242 4243 4244 4245 4246 4247 4248 4249 4250 
86 4251 4252 4253 4254 4255 4256 4257 4258 4259 4260 4261 4262 4263 4264 4265 4266 4267 4268 4269 4270 4271 4272 4273 4274 4275 4276 4277 4278 4279 4280 4281 4282 4283 4284 4285 4286 4287 4288 4289 4290 4291 4292 4293 4294 4295 4296 4297 4298 4299 4300 4301 4302 4303 4304 4305 4306 4307 4308 4309 4310 4311 4312 4313 4314 4315 4316 4317 4318 4319 4320 4321 4322 4323 4324 4325 4326 4327 4328 4329 4330 4331 4332 4333 4334 4335 4336 
87 4337 4338 4339 4340 4341 4342 4343 4344 4345 4346 4347 4348 4349 4350 4351 4352 4353 4354 4355 4356 4357 4358 4359 4360 4361 4362 4363 4364 4365 4366 4367 4368 4369 4370 4371 4372 4373 4374 4375 4376 4377 4378 4379 4380 4381 4382 4383 4384 4385 4386 4387 4388 4389 4390 4391 4392 4393 4394 4395 4396 4397 4398 4399 4400 4401 4402 4403 4404 4405 4406 4407 4408 4409 4410 4411 4412 4413 4414 4415 4416 4417 4418 4419 4420 4421 4422 4423 
86 4424 4425 4426 4427 4428 4429 4430 4431 4432 4433 4434 4435 4436 4437 4438 4439 4440 4441 4442 4443 4444 4445 4446 4447 4448 4449 4450 4451 4452 4453 4454 4455 4456 4457 4458 4459 4460 4461 4462 4463 4464 4465 4466 4467 4468 4469 4470 4471 4472 4473 4474 4475 4476 4477 4478 4479 4480 4481 4482 4483 4484 4485 4486 4487 4488 4489 4490 4491 4492 4493 4494 4495 4496 4497 4498 4499 4500 4501 4502 4503 4504 4505 4506 4507 4508 4509 
85 4510 4511 4512 4513 4514 4515 4516 4517 4518 4519 4520 4521 4522 4523 4524 4525 4526 4527 4528 4529 4530 4531 4532 4533 4534 4535 4536 4537 4538 4539 4540 4541 4542 4543 4544 4545 4546 4547 4548 4549 4550 4551 4552 4553 4554 4555 4556 4557 4558 4559 4560 4561 4562 4563 4564 4565 4566 4567 4568 4569 4570 4571 4572 4573 4574 4575 4576 4577 4578 4579 4580 4581 4582 4583 4584 4585 4586 4587 4588 4589 4590 4591 4592 4593 4594 
85 4595 4596 4597 4598 4599 4600 4601 4602 4603 4604 4605 4606 4607 4608 4609 4610 4611 4612 4613 4614 4615 4616 4617 4618 4619 4620 4621 4622 4623 4624 4625 4626 4627 4628 4629 4630 4631 4632 4633 4634 4635 4636 4637 4638 4639 4640 4641 4642 4643 4644 4645 4646 4647 4648 4649 4650 4651 4652 4653 4654 4655 4656 4657 4658 4659 4660 4661 4662 4663 4664 4665 4666 4667 4668 4669 4670 4671 4672 4673 4674 4675 4676 4677 4678 4679 
85 4680 4681 4682 4683 4684 4685 4686 4687 4688 4689 4690 4691 4692 4693 4694 4695 4696 4697 4698 4699 4700 4701 4702 4703 4704 4705 4706 4707 4708 4709 4710 4711 4712 4713 4714 4715 4716 4717 4718 4719 4720 4721 4722 4723 4724 4725 4726 4727 4728 4729 4730 4731 4732 4733 4734 4735 4736 4737 4738 4739 4740 4741 4742 4743 4744 4745 4746 4747 4748 4749 4750 4751 4752 4753 4754 4755 4756 4757 4758 4759 4760 4761 4762 4763 4764 
85 4765 4766 4767 4768 4769 4770 4771 4772 4773 4774 4775 4776 4777 4778 4779 4780 4781 4782 4783 4784 4785 4786 4787 4788 4789 4790 4791 4792 4793 4794 4795 4796 4797 4798 4799 4800 4801 4802 4803 4804 4805 4806 4807 4808 4809 4810 4811 4812 4813 4814 4815 4816 4817 4818 4819 4820 4821 4822 4823 4824 4825 4826 4827 4828 4829 4830 4831 4832 4833 4834 4835 4836 4837 4838 4839 4840 4841 4842 4843 4844 4845 4846 4847 4848 4849 
86 4850 4851 4852 4853 4854 4855 4856 4857 4858 4859 4860 4861 4862 4863 4864 4865 4866 4867 4868 4869 4870 4871 4872 4873 4874 4875 4876 4877 4878 4879 4880 4881 4882 4883 4884 4885 4886 4887 4888 4889 4890 4891 4892 4893 4894 4895 4896 4897 4898 4899 4900 4901 4902 4903 4904 4905 4906 4907 4908 4909 4910 4911 4912 4913 4914 4915 4916 4917 4918 4919 4920 4921 4922 4923 4924 4925 4926 4927 4928 4929 4930 4931 4932 4933 4934 4935 
85 4936 4937 4938 4939 4940 4941 4942 4943 4944 4945 4946 4947 4948 4949 4950 4951 4952 4953 4954 4955 4956 4957 4958 4959 4960 4961 4962 4963 4964 4965 4966 4967 4968 4969 4970 4971 4972 4973 4974 4975 4976 4977 4978 4979 4980 4981 4982 4983 4984 4985 4986 4987 4988 4989 4990 4991 4992 4993 4994 4995 4996 4997 4998 4999 5000 5001 5002 5003 5004 5005 5006 5007 5008 5009 5010 5011 5012 5013 5014 5015 5016 5017 5018 5019 5020 
86 5021 5022 5023 5024 5025 5026 5027 5028 5029 5030 5031 5032 5033 5034 5035 5036 5037 5038 5039 5040 5041 5042 5043 5044 5045 5046 5047 5048 5049 5050 5051 5052 5053 5054 5055 5056 5057 5058 5059 5060 5061 5062 5063 5064 5065 5066 5067 5068 5069 5070 5071 5072 5073 5074 5075 5076 5077 5078 5079 5080 5081 5082 5083 5084 5085 5086 5087 5088 5089 5090 5091 5092 5093 5094 5095 5096 5097 5098 5099 5100 5101 5102 5103 5104 5105 5106 
83 5107 5108 5109 5110 5111 5112 5113 5114 5115 5116 5117 5118 5119 5120 5121 5122 5123 5124 5125 5126 5127 5128 5129 5130 5131 5132 5133 5134 5135 5136 5137 5138 5139 5140 5141 5142 5143 5144 5145 5146 5147 5148 5149 5150 5151 5152 5153 5154 5155 5156 5157 5158 5159 5160 5161 5162 5163 5164 5165 5166 5167 5168 5169 5170 5171 5172 5173 5174 5175 5176 5177 5178 5179 5180 5181 5182 5183 5184 5185 5186 5187 5188 5189 
86 5190 5191 5192 5193 5194 5195 5196 5197 5198 5199 5200 5201 5202 5203 5204 5205 5206 5207 5208 5209 5210 5211 5212 5213 5214 5215 5216 5217 5218 5219 5220 5221 5222 5223 5224 5225 5226 5227 5228 5229 5230 5231 5232 5233 5234 5235 5236 5237 5238 5239 5240 5241 5242 5243 5244 5245 5246 5247 5248 5249 5250 5251 5252 5253 5254 5255 5256 5257 5258 5259 5260 5261 5262 5263 5264 5265 5266 5267 5268 5269 5270 5271 5272 5273 5274 5275 
86 5276 5277 5278 5279 5280 5281 5282 5283 5284 5285 5286 5287 5288 5289 5290 5291 5292 5293 5294 5295 5296 5297 5298 5299 5300 5301 5302 5303 5304 5305 5306 5307 5308 5309 5310 5311 5312 5313 5314 5315 5316 5317 5318 5319 5320 5321 5322 5323 5324 5325 5326 5327 5328 5329 5330 5331 5332 5333 5334 5335 5336 5337 5338 5339 5340 5341 5342 5343 5344 5345 5346 5347 5348 5349 5350 5351 5352 5353 5354 5355 5356 5357 5358 5359 5360 5361 
86 5362 5363 5364 5365 5366 5367 5368 5369 5370 5371 5372 5373 5374 5375 5376 5377 5378 5379 5380 5381 5382 5383 5384 5385 5386 5387 5388 5389 5390 5391 5392 5393 5394 5395 5396 5397 5398 5399 5400 5401 5402 5403 5404 5405 5406 5407 5408 5409 5410 5411 5412 5413 5414 5415 5416 5417 5418 5419 5420 5421 5422 5423 5424 5425 5426 5427 5428 5429 5430 5431 5432 5433 5434 5435 5436 5437 5438 5439 5440 5441 5442 5443 5444 5445 5446 5447 
77 5448 5449 5450 5451 5452 5453 5454 5455 5456 5457 5458 5459 5460 5461 5462 5463 5464 5465 5466 5467 5468 5469 5470 5471 5472 5473 5474 5475 5476 5477 5478 5479 5480 5481 5482 5483 5484 5485 5486 5487 5488 5489 5490 5491 5492 5493 5494 5495 5496 5497 5498 5499 5500 5501 5502 5503 5504 5505 5506 5507 5508 5509 5510 5511 5512 5513 5514 5515 5516 5517 5518 5519 5520 5521 5522 5523 5524 
69 5525 5526 5527 5528 5529 5530 5531 5532 5533 5534 5535 5536 5537 5538 5539 5540 5541 5542 5543 5544 5545 5546 5547 5548 5549 5550 5551 5552 5553 5554 5555 5556 5557 5558 5559 5560 5561 5562 5563 5564 5565 5566 5567 5568 5569 5570 5571 5572 5573 5574 5575 5576 5577 5578 5579 5580 5581 5582 5583 5584 5585 5586 5587 5588 5589 5590 5591 5592 5593 
69 5594 5595 5596 5597 5598 5599 5600 5601 5602 5603 5604 5605 5606 5607 5608 5609 5610 5611 5612 5613 5614 5615 5616 5617 5618 5619 5620 5621 5622 5623 5624 5625 5626 5627 5628 5629 5630 5631 5632 5633 5634 5635 5636 5637 5638 5639 5640 5641 5642 5643 5644 5645 5646 5647 5648 5649 5650 5651 5652 5653 5654 5655 5656 5657 5658 5659 5660 5661 5662 
74 5663 5664 5665 5666 5667 5668 5669 5670 5671 5672 5673 5674 5675 5676 5677 5678 5679 5680 5681 5682 5683 5684 5685 5686 5687 5688 5689 5690 5691 5692 5693 5694 5695 5696 5697 5698 5699 5700 5701 5702 5703 5704 5705 5706 5707 5708 5709 5710 5711 5712 5713 5714 5715 5716 5717 5718 5719 5720 5721 5722 5723 5724 5725 5726 5727 5728 5729 5730 5731 5732 5733 5734 5735 5736 
75 5737 5738 5739 5740 5741 5742 5743 5744 5745 5746 5747 5748 5749 5750 5751 5752 5753 5754 5755 5756 5757 5758 5759 5760 5761 5762 5763 5764 5765 5766 5767 5768 5769 5770 5771 5772 5773 5774 5775 5776 5777 5778 5779 5780 5781 5782 5783 5784 5785 5786 5787 5788 5789 5790 5791 5792 5793 5794 5795 5796 5797 5798 5799 5800 5801 5802 5803 5804 5805 5806 5807 5808 5809 5810 5811 
76 5812 5813 5814 5815 5816 5817 5818 5819 5820 5821 5822 5823 5824 5825 5826 5827 5828 5829 5830 5831 5832 5833 5834 5835 5836 5837 5838 5839 5840 5841 5842 5843 5844 5845 5846 5847 5848 5849 5850 5851 5852 5853 5854 5855 5856 5857 5858 5859 5860 5861 5862 5863 5864 5865 5866 5867 5868 5869 5870 5871 5872 5873 5874 5875 5876 5877 5878 5879 5880 5881 5882 5883 5884 5885 5886 5887 
72 5888 5889 5890 5891 5892 5893 5894 5895 5896 5897 5898 5899 5900 5901 5902 5903 5904 5905 5906 5907 5908 5909 5910 5911 5912 5913 5914 5915 5916 5917 5918 5919 5920 5921 5922 5923 5924 5925 5926 5927 5928 5929 5930 5931 5932 5933 5934 5935 5936 5937 5938 5939 5940 5941 5942 5943 5944 5945 5946 5947 5948 5949 5950 5951 5952 5953 5954 5955 5956 5957 5958 5959 
77 5960 5961 5962 5963 5964 5965 5966 5967 5968 5969 5970 5971 5972 5973 5974 5975 5976 5977 5978 5979 5980 5981 5982 5983 5984 5985 5986 5987 5988 5989 5990 5991 5992 5993 5994 5995 5996 5997 5998 5999 6000 6001 6002 6003 6004 6005 6006 6007 6008 6009 6010 6011 6012 6013 6014 6015 6016 6017 6018 6019 6020 6021 6022 6023 6024 6025 6026 6027 6028 6029 6030 6031 6032 6033 6034 6035 6036 
76 6037 6038 6039 6040 6041 6042 6043 6044 6045 6046 6047 6048 6049 6050 6051 6052 6053 6054 6055 6056 6057 6058 6059 6060 6061 6062 6063 6064 6065 6066 6067 6068 6069 6070 6071 6072 6073 6074 6075 6076 6077 6078 6079 6080 6081 6082 6083 6084 6085 6086 6087 6088 6089 6090 6091 6092 6093 6094 6095 6096 6097 6098 6099 6100 6101 6102 6103 6104 6105 6106 6107 6108 6109 6110 6111 6112 
69 6113 6114 6115 6116 6117 6118 6119 6120 6121 6122 6123 6124 6125 6126 6127 6128 6129 6130 6131 6132 6133 6134 6135 6136 6137 6138 6139 6140 6141 6142 6143 6144 6145 6146 6147 6148 6149 6150 6151 6152 6153 6154 6155 6156 6157 6158 6159 6160 6161 6162 6163 6164 6165 6166 6167 6168 6169 6170 6171 6172 6173 6174 6175 6176 6177 6178 6179 6180 6181 
77 6182 6183 6184 6185 6186 6187 6188 6189 6190 6191 6192 6193 6194 6195 6196 6197 6198 6199 6200 6201 6202 6203 6204 6205 6206 6207 6208 6209 6210 6211 6212 6213 6214 6215 6216 6217 6218 6219 6220 6221 6222 6223 6224 6225 6226 6227 6228 6229 6230 6231 6232 6233 6234 6235 6236 6237 6238 6239 6240 6241 6242 6243 6244 6245 6246 6247 6248 6249 6250 6251 6252 6253 6254 6255 6256 6257 6258 
75 6259 6260 6261 6262 6263 6264 6265 6266 6267 6268 6269 6270 6271 6272 6273 6274 6275 6276 6277 6278 6279 6280 6281 6282 6283 6284 6285 6286 6287 6288 6289 6290 6291 6292 6293 6294 6295 6296 6297 6298 6299 6300 6301 6302 6303 6304 6305 6306 6307 6308 6309 6310 6311 6312 6313 6314 6315 6316 6317 6318 6319 6320 6321 6322 6323 6324 6325 6326 6327 6328 6329 6330 6331 6332 6333 
75 6334 6335 6336 6337 6338 6339 6340 6341 6342 6343 6344 6345 6346 6347 6348 6349 6350 6351 6352 6353 6354 6355 6356 6357 6358 6359 6360 6361 6362 6363 6364 6365 6366 6367 6368 6369 6370 6371 6372 6373 6374 6375 6376 6377 6378 6379 6380 6381 6382 6383 6384 6385 6386 6387 6388 6389 6390 6391 6392 6393 6394 6395 6396 6397 6398 6399 6400 6401 6402 6403 6404 6405 6406 6407 6408 
73 6409 6410 6411 6412 6413 6414 6415 6416 6417 6418 6419 6420 6421 6422 6423 6424 6425 6426 6427 6428 6429 6430 6431 6432 6433 6434 6435 6436 6437 6438 6439 6440 6441 6442 6443 6444 6445 6446 6447 6448 6449 6450 6451 6452 6453 6454 6455 6456 6457 6458 6459 6460 6461 6462 6463 6464 6465 6466 6467 6468 6469 6470 6471 6472 6473 6474 6475 6476 6477 6478 6479 6480 6481 
75 6482 6483 6484 6485 6486 6487 6488 6489 6490 6491 6492 6493 6494 6495 6496 6497 6498 6499 6500 6501 6502 6503 6504 6505 6506 6507 6508 6509 6510 6511 6512 6513 6514 6515 6516 6517 6518 6519 6520 6521 6522 6523 6524 6525 6526 6527 6528 6529 6530 6531 6532 6533 6534 6535 6536 6537 6538 6539 6540 6541 6542 6543 6544 6545 6546 6547 6548 6549 6550 6551 6552 6553 6554 6555 6556 
72 6557 6558 6559 6560 6561 6562 6563 6564 6565 6566 6567 6568 6569 6570 6571 6572 6573 6574 6575 6576 6577 6578 6579 6580 6581 6582 6583 6584 6585 6586 6587 6588 6589 6590 6591 6592 6593 6594 6595 6596 6597 6598 6599 6600 6601 6602 6603 6604 6605 6606 6607 6608 6609 6610 6611 6612 6613 6614 6615 6616 6617 6618 6619 6620 6621 6622 6623 6624 6625 6626 6627 6628 
71 6629 6630 6631 6632 6633 6634 6635 6636 6637 6638 6639 6640 6641 6642 6643 6644 6645 6646 6647 6648 6649 6650 6651 6652 6653 6654 6655 6656 6657 6658 6659 6660 6661 6662 6663 6664 6665 6666 6667 6668 6669 6670 6671 6672 6673 6674 6675 6676 6677 6678 6679 6680 6681 6682 6683 6684 6685 6686 6687 6688 6689 6690 6691 6692 6693 6694 6695 6696 6697 6698 6699 
76 6700 6701 6702 6703 6704 6705 6706 6707 6708 6709 6710 6711 6712 6713 6714 6715 6716 6717 6718 6719 6720 6721 6722 6723 6724 6725 6726 6727 6728 6729 6730 6731 6732 6733 6734 6735 6736 6737 6738 6739 6740 6741 6742 6743 6744 6745 6746 6747 6748 6749 6750 6751 6752 6753 6754 6755 6756 6757 6758 6759 6760 6761 6762 6763 6764 6765 6766 6767 6768 6769 6770 6771 6772 6773 6774 6775 
74 6776 6777 6778 6779 6780 6781 6782 6783 6784 6785 6786 6787 6788 6789 6790 6791 6792 6793 6794 6795 6796 6797 6798 6799 6800 6801 6802 6803 6804 6805 6806 6807 6808 6809 6810 6811 6812 6813 6814 6815 6816 6817 6818 6819 6820 6821 6822 6823 6824 6825 6826 6827 6828 6829 6830 6831 6832 6833 6834 6835 6836 6837 6838 6839 6840 6841 6842 6843 6844 6845 6846 6847 6848 6849 
73 6850 6851 6852 6853 6854 6855 6856 6857 6858 6859 6860 6861 6862 6863 6864 6865 6866 6867 6868 6869 6870 6871 6872 6873 6874 6875 6876 6877 6878 6879 6880 6881 6882 6883 6884 6885 6886 6887 6888 6889 6890 6891 6892 6893 6894 6895 6896 6897 6898 6899 6900 6901 6902 6903 6904 6905 6906 6907 6908 6909 6910 6911 6912 6913 6914 6915 6916 6917 6918 6919 6920 6921 6922 
71 6923 6924 6925 6926 6927 6928 6929 6930 6931 6932 6933 6934 6935 6936 6937 6938 6939 6940 6941 6942 6943 6944 6945 6946 6947 6948 6949 6950 6951 6952 6953 6954 6955 6956 6957 6958 6959 6960 6961 6962 6963 6964 6965 6966 6967 6968 6969 6970 6971 6972 6973 6974 6975 6976 6977 6978 6979 6980 6981 6982 6983 6984 6985 6986 6987 6988 6989 6990 6991 6992 6993 
75 6994 6995 6996 6997 6998 6999 7000 7001 7002 7003 7004 7005 7006 7007 7008 7009 7010 7011 7012 7013 7014 7015 7016 7017 7018 7019 7020 7021 7022 7023 7024 7025 7026 7027 7028 7029 7030 7031 7032 7033 7034 7035 7036 7037 7038 7039 7040 7041 7042 7043 7044 7045 7046 7047 7048 7049 7050 7051 7052 7053 7054 7055 7056 7057 7058 7059 7060 7061 7062 7063 7064 7065 7066 7067 7068 
74 7069 7070 7071 7072 7073 7074 7075 7076 7077 7078 7079 7080 7081 7082 7083 7084 7085 7086 7087 7088 7089 7090 7091 7092 7093 7094 7095 7096 7097 7098 7099 7100 7101 7102 7103 7104 7105 7106 7107 7108 7109 7110 7111 7112 7113 7114 7115 7116 7117 7118 7119 7120 7121 7122 7123 7124 7125 7126 7127 7128 7129 7130 7131 7132 7133 7134 7135 7136 7137 7138 7139 7140 7141 7142 
75 7143 7144 7145 7146 7147 7148 7149 7150 7151 7152 7153 7154 7155 7156 7157 7158 7159 7160 7161 7162 7163 7164 7165 7166 7167 7168 7169 7170 7171 7172 7173 7174 7175 7176 7177 7178 7179 7180 7181 7182 7183 7184 7185 7186 7187 7188 7189 7190 7191 7192 7193 7194 7195 7196 7197 7198 7199 7200 7201 7202 7203 7204 7205 7206 7207 7208 7209 7210 7211 7212 7213 7214 7215 7216 7217 
75 7218 7219 7220 7221 7222 7223 7224 7225 7226 7227 7228 7229 7230 7231 7232 7233 7234 7235 7236 7237 7238 7239 7240 7241 7242 7243 7244 7245 7246 7247 7248 7249 7250 7251 7252 7253 7254 7255 7256 7257 7258 7259 7260 7261 7262 7263 7264 7265 7266 7267 7268 7269 7270 7271 7272 7273 7274 7275 7276 7277 7278 7279 7280 7281 7282 7283 7284 7285 7286 7287 7288 7289 7290 7291 7292 
73 7293 7294 7295 7296 7297 7298 7299 7300 7301 7302 7303 7304 7305 7306 7307 7308 7309 7310 7311 7312 7313 7314 7315 7316 7317 7318 7319 7320 7321 7322 7323 7324 7325 7326 7327 7328 7329 7330 7331 7332 7333 7334 7335 7336 7337 7338 7339 7340 7341 7342 7343 7344 7345 7346 7347 7348 7349 7350 7351 7352 7353 7354 7355 7356 7357 7358 7359 7360 7361 7362 7363 7364 7365 
74 7366 7367 7368 7369 7370 7371 7372 7373 7374 7375 7376 7377 7378 7379 7380 7381 7382 7383 7384 7385 7386 7387 7388 7389 7390 7391 7392 7393 7394 7395 7396 7397 7398 7399 7400 7401 7402 7403 7404 7405 7406 7407 7408 7409 7410 7411 7412 7413 7414 7415 7416 7417 7418 7419 7420 7421 7422 7423 7424 7425 7426 7427 7428 7429 7430 7431 7432 7433 7434 7435 7436 7437 7438 7439 
73 7440 7441 7442 7443 7444 7445 7446 7447 7448 7449 7450 7451 7452 7453 7454 7455 7456 7457 7458 7459 7460 7461 7462 7463 7464 7465 7466 7467 7468 7469 7470 7471 7472 7473 7474 7475 7476 7477 7478 7479 7480 7481 7482 7483 7484 7485 7486 7487 7488 7489 7490 7491 7492 7493 7494 7495 7496 7497 7498 7499 7500 7501 7502 7503 7504 7505 7506 7507 7508 7509 7510 7511 7512 
74 7513 7514 7515 7516 7517 7518 7519 7520 7521 7522 7523 7524 7525 7526 7527 7528 7529 7530 7531 7532 7533 7534 7535 7536 7537 7538 7539 7540 7541 7542 7543 7544 7545 7546 7547 7548 7549 7550 7551 7552 7553 7554 7555 7556 7557 7558 7559 7560 7561 7562 7563 7564 7565 7566 7567 7568 7569 7570 7571 7572 7573 7574 7575 7576 7577 7578 7579 7580 7581 7582 7583 7584 7585 7586 
76 7587 7588 7589 7590 7591 7592 7593 7594 7595 7596 7597 7598 7599 7600 7601 7602 7603 7604 7605 7606 7607 7608 7609 7610 7611 7612 7613 7614 7615 7616 7617 7618 7619 7620 7621 7622 7623 7624 7625 7626 7627 7628 7629 7630 7631 7632 7633 7634 7635 7636 7637 7638 7639 7640 7641 7642 7643 7644 7645 7646 7647 7648 7649 7650 7651 7652 7653 7654 7655 7656 7657 7658 7659 7660 7661 7662 
66 7663 7664 7665 7666 7667 7668 7669 7670 7671 7672 7673 7674 7675 7676 7677 7678 7679 7680 7681 7682 7683 7684 7685 7686 7687 7688 7689 7690 7691 7692 7693 7694 7695 7696 7697 7698 7699 7700 7701 7702 7703 7704 7705 7706 7707 7708 7709 7710 7711 7712 7713 7714 7715 7716 7717 7718 7719 7720 7721 7722 7723 7724 7725 7726 7727 7728 
77 7729 7730 7731 7732 7733 7734 7735 7736 7737 7738 7739 7740 7741 7742 7743 7744 7745 7746 7747 7748 7749 7750 7751 7752 7753 7754 7755 7756 7757 7758 7759 7760 7761 7762 7763 7764 7765 7766 7767 7768 7769 7770 7771 7772 7773 7774 7775 7776 7777 7778 7779 7780 7781 7782 7783 7784 7785 7786 7787 7788 7789 7790 7791 7792 7793 7794 7795 7796 7797 7798 7799 7800 7801 7802 7803 7804 7805 
74 7806 7807 7808 7809 7810 7811 7812 7813 7814 7815 7816 7817 7818 7819 7820 7821 7822 7823 7824 7825 7826 7827 7828 7829 7830 7831 7832 7833 7834 7835 7836 7837 7838 7839 7840 7841 7842 7843 7844 7845 7846 7847 7848 7849 7850 7851 7852 7853 7854 7855 7856 7857 7858 7859 7860 7861 7862 7863 7864 7865 7866 7867 7868 7869 7870 7871 7872 7873 7874 7875 7876 7877 7878 7879 
69 7880 7881 7882 7883 7884 7885 7886 7887 7888 7889 7890 7891 7892 7893 7894 7895 7896 7897 7898 7899 7900 7901 7902 7903 7904 7905 7906 7907 7908 7909 7910 7911 7912 7913 7914 7915 7916 7917 7918 7919 7920 7921 7922 7923 7924 7925 7926 7927 7928 7929 7930 7931 7932 7933 7934 7935 7936 7937 7938 7939 7940 7941 7942 7943 7944 7945 7946 7947 7948 
74 7949 7950 7951 7952 7953 7954 7955 7956 7957 7958 7959 7960 7961 7962 7963 7964 7965 7966 7967 7968 7969 7970 7971 7972 7973 7974 7975 7976 7977 7978 7979 7980 7981 7982 7983 7984 7985 7986 7987 7988 7989 7990 7991 7992 7993 7994 7995 7996 7997 7998 7999 8000 8001 8002 8003 8004 8005 8006 8007 8008 8009 8010 8011 8012 8013 8014 8015 8016 8017 8018 8019 8020 8021 8022 
75 8023 8024 8025 8026 8027 8028 8029 8030 8031 8032 8033 8034 8035 8036 8037 8038 8039 8040 8041 8042 8043 8044 8045 8046 8047 8048 8049 8050 8051 8052 8053 8054 8055 8056 8057 8058 8059 8060 8061 8062 8063 8064 8065 8066 8067 8068 8069 8070 8071 8072 8073 8074 8075 8076 8077 8078 8079 8080 8081 8082 8083 8084 8085 8086 8087 8088 8089 8090 8091 8092 8093 8094 8095 8096 8097 
73 8098 8099 8100 8101 8102 8103 8104 8105 8106 8107 8108 8109 8110 8111 8112 8113 8114 8115 8116 8117 8118 8119 8120 8121 8122 8123 8124 8125 8126 8127 8128 8129 8130 8131 8132 8133 8134 8135 8136 8137 8138 8139 8140 8141 8142 8143 8144 8145 8146 8147 8148 8149 8150 8151 8152 8153 8154 8155 8156 8157 8158 8159 8160 8161 8162 8163 8164 8165 8166 8167 8168 8169 8170 
71 8171 8172 8173 8174 8175 8176 8177 8178 8179 8180 8181 8182 8183 8184 8185 8186 8187 8188 8189 8190 8191 8192 8193 8194 8195 8196 8197 8198 8199 8200 8201 8202 8203 8204 8205 8206 8207 8208 8209 8210 8211 8212 8213 8214 8215 8216 8217 8218 8219 8220 8221 8222 8223 8224 8225 8226 8227 8228 8229 8230 8231 8232 8233 8234 8235 8236 8237 8238 8239 8240 8241 
77 8242 8243 8244 8245 8246 8247 8248 8249 8250 8251 8252 8253 8254 8255 8256 8257 8258 8259 8260 8261 8262 8263 8264 8265 8266 8267 8268 8269 8270 8271 8272 8273 8274 8275 8276 8277 8278 8279 8280 8281 8282 8283 8284 8285 8286 8287 8288 8289 8290 8291 8292 8293 8294 8295 8296 8297 8298 8299 8300 8301 8302 8303 8304 8305 8306 8307 8308 8309 8310 8311 8312 8313 8314 8315 8316 8317 8318 
76 8319 8320 8321 8322 8323 8324 8325 8326 8327 8328 8329 8330 8331 8332 8333 8334 8335 8336 8337 8338 8339 8340 8341 8342 8343 8344 8345 8346 8347 8348 8349 8350 8351 8352 8353 8354 8355 8356 8357 8358 8359 8360 8361 8362 8363 8364 8365 8366 8367 8368 8369 8370 8371 8372 8373 8374 8375 8376 8377 8378 8379 8380 8381 8382 8383 8384 8385 8386 8387 8388 8389 8390 8391 8392 8393 8394 
72 8395 8396 8397 8398 8399 8400 8401 8402 8403 8404 8405 8406 8407 8408 8409 8410 8411 8412 8413 8414 8415 8416 8417 8418 8419 8420 8421 8422 8423 8424 8425 8426 8427 8428 8429 8430 8431 8432 8433 8434 8435 8436 8437 8438 8439 8440 8441 8442 8443 8444 8445 8446 8447 8448 8449 8450 8451 8452 8453 8454 8455 8456 8457 8458 8459 8460 8461 8462 8463 8464 8465 8466 
74 8467 8468 8469 8470 8471 8472 8473 8474 8475 8476 8477 8478 8479 8480 8481 8482 8483 8484 8485 8486 8487 8488 8489 8490 8491 8492 8493 8494 8495 8496 8497 8498 8499 8500 8501 8502 8503 8504 8505 8506 8507 8508 8509 8510 8511 8512 8513 8514 8515 8516 8517 8518 8519 8520 8521 8522 8523 8524 8525 8526 8527 8528 8529 8530 8531 8532 8533 8534 8535 8536 8537 8538 8539 8540 
67 8541 8542 8543 8544 8545 8546 8547 8548 8549 8550 8551 8552 8553 8554 8555 8556 8557 8558 8559 8560 8561 8562 8563 8564 8565 8566 8567 8568 8569 8570 8571 8572 8573 8574 8575 8576 8577 8578 8579 8580 8581 8582 8583 8584 8585 8586 8587 8588 8589 8590 8591 8592 8593 8594 8595 8596 8597 8598 8599 8600 8601 8602 8603 8604 8605 8606 8607 
76 8608 8609 8610 8611 8612 8613 8614 8615 8616 8617 8618 8619 8620 8621 8622 8623 8624 8625 8626 8627 8628 8629 8630 8631 8632 8633 8634 8635 8636 8637 8638 8639 8640 8641 8642 8643 8644 8645 8646 8647 8648 8649 8650 8651 8652 8653 8654 8655 8656 8657 8658 8659 8660 8661 8662 8663 8664 8665 8666 8667 8668 8669 8670 8671 8672 8673 8674 8675 8676 8677 8678 8679 8680 8681 8682 8683 
76 8684 8685 8686 8687 8688 8689 8690 8691 8692 8693 8694 8695 8696 8697 8698 8699 8700 8701 8702 8703 8704 8705 8706 8707 8708 8709 8710 8711 8712 8713 8714 8715 8716 8717 8718 8719 8720 8721 8722 8723 8724 8725 8726 8727 8728 8729 8730 8731 8732 8733 8734 8735 8736 8737 8738 8739 8740 8741 8742 8743 8744 8745 8746 8747 8748 8749 8750 8751 8752 8753 8754 8755 8756 8757 8758 8759 
73 8760 8761 8762 8763 8764 8765 8766 8767 8768 8769 8770 8771 8772 8773 8774 8775 8776 8777 8778 8779 8780 8781 8782 8783 8784 8785 8786 8787 8788 8789 8790 8791 8792 8793 8794 8795 8796 8797 8798 8799 8800 8801 8802 8803 8804 8805 8806 8807 8808 8809 8810 8811 8812 8813 8814 8815 8816 8817 8818 8819 8820 8821 8822 8823 8824 8825 8826 8827 8828 8829 8830 8831 8832 
75 8833 8834 8835 8836 8837 8838 8839 8840 8841 8842 8843 8844 8845 8846 8847 8848 8849 8850 8851 8852 8853 8854 8855 8856 8857 8858 8859 8860 8861 8862 8863 8864 8865 8866 8867 8868 8869 8870 8871 8872 8873 8874 8875 8876 8877 8878 8879 8880 8881 8882 8883 8884 8885 8886 8887 8888 8889 8890 8891 8892 8893 8894 8895 8896 8897 8898 8899 8900 8901 8902 8903 8904 8905 8906 8907 
74 8908 8909 8910 8911 8912 8913 8914 8915 8916 8917 8918 8919 8920 8921 8922 8923 8924 8925 8926 8927 8928 8929 8930 8931 8932 8933 8934 8935 8936 8937 8938 8939 8940 8941 8942 8943 8944 8945 8946 8947 8948 8949 8950 8951 8952 8953 8954 8955 8956 8957 8958 8959 8960 8961 8962 8963 8964 8965 8966 8967 8968 8969 8970 8971 8972 8973 8974 8975 8976 8977 8978 8979 8980 8981 
77 8982 8983 8984 8985 8986 8987 8988 8989 8990 8991 8992 8993 8994 8995 8996 8997 8998 8999 9000 9001 9002 9003 9004 9005 9006 9007 9008 9009 9010 9011 9012 9013 9014 9015 9016 9017 9018 9019 9020 9021 9022 9023 9024 9025 9026 9027 9028 9029 9030 9031 9032 9033 9034 9035 9036 9037 9038 9039 9040 9041 9042 9043 9044 9045 9046 9047 9048 9049 9050 9051 9052 9053 9054 9055 9056 9057 9058 
77 9059 9060 9061 9062 9063 9064 9065 9066 9067 9068 9069 9070 9071 9072 9073 9074 9075 9076 9077 9078 9079 9080 9081 9082 9083 9084 9085 9086 9087 9088 9089 9090 9091 9092 9093 9094 9095 9096 9097 9098 9099 9100 9101 9102 9103 9104 9105 9106 9107 9108 9109 9110 9111 9112 9113 9114 9115 9116 9117 9118 9119 9120 9121 9122 9123 9124 9125 9126 9127 9128 9129 9130 9131 9132 9133 9134 9135 
69 9136 9137 9138 9139 9140 9141 9142 9143 9144 9145 9146 9147 9148 9149 9150 9151 9152 9153 9154 9155 9156 9157 9158 9159 9160 9161 9162 9163 9164 9165 9166 9167 9168 9169 9170 9171 9172 9173 9174 9175 9176 9177 9178 9179 9180 9181 9182 9183 9184 9185 9186 9187 9188 9189 9190 9191 9192 9193 9194 9195 9196 9197 9198 9199 9200 9201 9202 9203 9204 
69 9205 9206 9207 9208 9209 9210 9211 9212 9213 9214 9215 9216 9217 9218 9219 9220 9221 9222 9223 9224 9225 9226 9227 9228 9229 9230 9231 9232 9233 9234 9235 9236 9237 9238 9239 9240 9241 9242 9243 9244 9245 9246 9247 9248 9249 9250 9251 9252 9253 9254 9255 9256 9257 9258 9259 9260 9261 9262 9263 9264 9265 9266 9267 9268 9269 9270 9271 9272 9273 
73 9274 9275 9276 9277 9278 9279 9280 9281 9282 9283 9284 9285 9286 9287 9288 9289 9290 9291 9292 9293 9294 9295 9296 9297 9298 9299 9300 9301 9302 9303 9304 9305 9306 9307 9308 9309 9310 9311 9312 9313 9314 9315 9316 9317 9318 9319 9320 9321 9322 9323 9324 9325 9326 9327 9328 9329 9330 9331 9332 9333 9334 9335 9336 9337 9338 9339 9340 9341 9342 9343 9344 9345 9346 
76 9347 9348 9349 9350 9351 9352 9353 9354 9355 9356 9357 9358 9359 9360 9361 9362 9363 9364 9365 9366 9367 9368 9369 9370 9371 9372 9373 9374 9375 9376 9377 9378 9379 9380 9381 9382 9383 9384 9385 9386 9387 9388 9389 9390 9391 9392 9393 9394 9395 9396 9397 9398 9399 9400 9401 9402 9403 9404 9405 9406 9407 9408 9409 9410 9411 9412 9413 9414 9415 9416 9417 9418 9419 9420 9421 9422 
73 9423 9424 9425 9426 9427 9428 9429 9430 9431 9432 9433 9434 9435 9436 9437 9438 9439 9440 9441 9442 9443 9444 9445 9446 9447 9448 9449 9450 9451 9452 9453 9454 9455 9456 9457 9458 9459 9460 9461 9462 9463 9464 9465 9466 9467 9468 9469 9470 9471 9472 9473 9474 9475 9476 9477 9478 9479 9480 9481 9482 9483 9484 9485 9486 9487 9488 9489 9490 9491 9492 9493 9494 9495 
73 9496 9497 9498 9499 9500 9501 9502 9503 9504 9505 9506 9507 9508 9509 9510 9511 9512 9513 9514 9515 9516 9517 9518 9519 9520 9521 9522 9523 9524 9525 9526 9527 9528 9529 9530 9531 9532 9533 9534 9535 9536 9537 9538 9539 9540 9541 9542 9543 9544 9545 9546 9547 9548 9549 9550 9551 9552 9553 9554 9555 9556 9557 9558 9559 9560 9561 9562 9563 9564 9565 9566 9567 9568 
72 9569 9570 9571 9572 9573 9574 9575 9576 9577 9578 9579 9580 9581 9582 9583 9584 9585 9586 9587 9588 9589 9590 9591 9592 9593 9594 9595 9596 9597 9598 9599 9600 9601 9602 9603 9604 9605 9606 9607 9608 9609 9610 9611 9612 9613 9614 9615 9616 9617 9618 9619 9620 9621 9622 9623 9624 9625 9626 9627 9628 9629 9630 9631 9632 9633 9634 9635 9636 9637 9638 9639 9640 
73 9641 9642 9643 9644 9645 9646 9647 9648 9649 9650 9651 9652 9653 9654 9655 9656 9657 9658 9659 9660 9661 9662 9663 9664 9665 9666 9667 9668 9669 9670 9671 9672 9673 9674 9675 9676 9677 9678 9679 9680 9681 9682 9683 9684 9685 9686 9687 9688 9689 9690 9691 9692 9693 9694 9695 9696 9697 9698 9699 9700 9701 9702 9703 9704 9705 9706 9707 9708 9709 9710 9711 9712 9713 
74 9714 9715 9716 9717 9718 9719 9720 9721 9722 9723 9724 9725 9726 9727 9728 9729 9730 9731 9732 9733 9734 9735 9736 9737 9738 9739 9740 9741 9742 9743 9744 9745 9746 9747 9748 9749 9750 9751 9752 9753 9754 9755 9756 9757 9758 9759 9760 9761 9762 9763 9764 9765 9766 9767 9768 9769 9770 9771 9772 9773 9774 9775 9776 9777 9778 9779 9780 9781 9782 9783 9784 9785 9786 9787 
73 9788 9789 9790 9791 9792 9793 9794 9795 9796 9797 9798 9799 9800 9801 9802 9803 9804 9805 9806 9807 9808 9809 9810 9811 9812 9813 9814 9815 9816 9817 9818 9819 9820 9821 9822 9823 9824 9825 9826 9827 9828 9829 9830 9831 9832 9833 9834 9835 9836 9837 9838 9839 9840 9841 9842 9843 9844 9845 9846 9847 9848 9849 9850 9851 9852 9853 9854 9855 9856 9857 9858 9859 9860 
77 9861 9862 9863 9864 9865 9866 9867 9868 9869 9870 9871 9872 9873 9874 9875 9876 9877 9878 9879 9880 9881 9882 9883 9884 9885 9886 9887 9888 9889 9890 9891 9892 9893 9894 9895 9896 9897 9898 9899 9900 9901 9902 9903 9904 9905 9906 9907 9908 9909 9910 9911 9912 9913 9914 9915 9916 9917 9918 9919 9920 9921 9922 9923 9924 9925 9926 9927 9928 9929 9930 9931 9932 9933 9934 9935 9936 9937 
74 9938 9939 9940 9941 9942 9943 9944 9945 9946 9947 9948 9949 9950 9951 9952 9953 9954 9955 9956 9957 9958 9959 9960 9961 9962 9963 9964 9965 9966 9967 9968 9969 9970 9971 9972 9973 9974 9975 9976 9977 9978 9979 9980 9981 9982 9983 9984 9985 9986 9987 9988 9989 9990 9991 9992 9993 9994 9995 9996 9997 9998 9999 10000 10001 10002 10003 10004 10005 10006 10007 10008 10009 10010 10011 
74 10012 10013 10014 10015 10016 10017 10018 10019 10020 10021 10022 10023 10024 10025 10026 10027 10028 10029 10030 10031 10032 10033 10034 10035 10036 10037 10038 10039 10040 10041 10042 10043 10044 10045 10046 10047 10048 10049 10050 10051 10052 10053 10054 10055 10056 10057 10058 10059 10060 10061 10062 10063 10064 10065 10066 10067 10068 10069 10070 10071 10072 10073 10074 10075 10076 10077 10078 10079 10080 10081 10082 10083 10084 10085 
77 10086 10087 10088 10089 10090 10091 10092 10093 10094 10095 10096 10097 10098 10099 10100 10101 10102 10103 10104 10105 10106 10107 10108 10109 10110 10111 10112 10113 10114 10115 10116 10117 10118 10119 10120 10121 10122 10123 10124 10125 10126 10127 10128 10129 10130 10131 10132 10133 10134 10135 10136 10137 10138 10139 10140 10141 10142 10143 10144 10145 10146 10147 10148 10149 10150 10151 10152 10153 10154 10155 10156 10157 10158 10159 10160 10161 10162 
77 10163 10164 10165 10166 10167 10168 10169 10170 10171 10172 10173 10174 10175 10176 10177 10178 10179 10180 10181 10182 10183 10184 10185 10186 10187 10188 10189 10190 10191 10192 10193 10194 10195 10196 10197 10198 10199 10200 10201 10202 10203 10204 10205 10206 10207 10208 10209 10210 10211 10212 10213 10214 10215 10216 10217 10218 10219 10220 10221 10222 10223 10224 10225 10226 10227 10228 10229 10230 10231 10232 10233 10234 10235 10236 10237 10238 10239 
71 10240 10241 10242 10243 10244 10245 10246 10247 10248 10249 10250 10251 10252 10253 10254 10255 10256 10257 10258 10259 10260 10261 10262 10263 10264 10265 10266 10267 10268 10269 10270 10271 10272 10273 10274 10275 10276 10277 10278 10279 10280 10281 10282 10283 10284 10285 10286 10287 10288 10289 10290 10291 10292 10293 10294 10295 10296 10297 10298 10299 10300 10301 10302 10303 10304 10305 10306 10307 10308 10309 10310 
73 10311 10312 10313 10314 10315 10316 10317 10318 10319 10320 10321 10322 10323 10324 10325 10326 10327 10328 10329 10330 10331 10332 10333 10334 10335 10336 10337 10338 10339 10340 10341 10342 10343 10344 10345 10346 10347 10348 10349 10350 10351 10352 10353 10354 10355 10356 10357 10358 10359 10360 10361 10362 10363 10364 10365 10366 10367 10368 10369 10370 10371 10372 10373 10374 10375 10376 10377 10378 10379 10380 10381 10382 10383 
72 10384 10385 10386 10387 10388 10389 10390 10391 10392 10393 10394 10395 10396 10397 10398 10399 10400 10401 10402 10403 10404 10405 10406 10407 10408 10409 10410 10411 10412 10413 10414 10415 10416 10417 10418 10419 10420 10421 10422 10423 10424 10425 10426 10427 10428 10429 10430 10431 10432 10433 10434 10435 10436 10437 10438 10439 10440 10441 10442 10443 10444 10445 10446 10447 10448 10449 10450 10451 10452 10453 10454 10455 

POINT_DATA 10456
SCALARS FiberLocationIndex int
LOOKUP_TABLE default
1 2 3 4 5 6 7 8 9 
10 11 12 13 14 15 16 17 18 
19 20 21 22 23 24 25 26 27 
28 29 30 31 32 33 34 35 36 
37 38 39 40 41 42 43 44 45 
46 47 48 49 50 51 52 53 54 
55 56 57 58 59 60 61 62 63 
64 65 66 67 68 69 70 71 72 
73 74 75 76 77 78 79 80 81 
82 83 84 0 1 2 3 4 5 
6 7 8 9 10 11 12 13 14 
15 16 17 18 19 20 21 22 23 
24 25 26 27 28 29 30 31 32 
33 34 35 36 37 38 39 40 41 
42 43 44 45 46 47 48 49 50 
51 52 53 54 55 56 57 58 59 
60 61 62 63 64 65 66 67 68 
69 70 71 72 73 74 75 76 77 
78 79 80 81 82 83 84 85 86 
0 1 2 3 4 5 6 7 8 
9 10 11 12 13 14 15 16 17 
18 19 20 21 22 23 24 25 26 
27 28 29 30 31 32 33 34 35 
36 37 38 39 40 41 42 43 44 
45 46 47 48 49 50 51 52 53 
54 55 56 57 58 59 60 61 62 
63 64 65 66 67 68 69 70 71 
72 73 74 75 76 77 78 79 80 
81 82 83 84 85 1 2 3 4 
5 6 7 8 9 10 11 12 13 
14 15 16 17 18 19 20 21 22 
23 24 25 26 27 28 29 30 31 
32 33 34 35 36 37 38 39 40 
41 42 43 44 45 46 47 48 49 
50 51 52 53 54 55 56 57 58 
59 60 61 62 63 64 65 66 67 
68 69 70 71 72 73 74 75 76 
77 78 79 80 81 82 83 84 85 
1 2 3 4 5 6 7 8 9 
10 11 12 13 14 15 16 17 18 
19 20 21 22 23 24 25 26 27 
28 29 30 31 32 33 34 35 36 
37 38 39 40 41 42 43 44 45 
46 47 48 49 50 51 52 53 54 
55 56 57 58 59 60 61 62 63 
64 65 66 67 68 69 70 71 72 
73 74 75 76 77 78 79 80 81 
82 83 84 85 86 1 2 3 4 
5 6 7 8 9 10 11 12 13 
14 15 16 17 18 19 20 21 22 
23 24 25 26 27 28 29 30 31 
32 33 34 35 36 37 38 39 40 
41 42 43 44 45 46 47 48 49 
50 51 52 53 54 55 56 57 58 
59 60 61 62 63 64 65 66 67 
68 69 70 71 72 73 74 75 76 
77 78 79 80 81 82 83 84 85 
2 3 4 5 6 7 8 9 10 
11 12 13 14 15 16 17 18 19 
20 21 22 23 24 25 26 27 28 
29 30 31 32 33 34 35 36 37 
38 39 40 41 42 43 44 45 46 
47 48 49 50 51 52 53 54 55 
56 57 58 59 60 61 62 63 64 
65 66 67 68 69 70 71 72 73 
74 75 76 77 78 79 80 81 82 
83 84 85 86 3 4 5 6 7 
8 9 10 11 12 13 14 15 16 
17 18 19 20 21 22 23 24 25 
26 27 28 29 30 31 32 33 34 
35 36 37 38 39 40 41 42 43 
44 45 46 47 48 49 50 51 52 
53 54 55 56 57 58 59 60 61 
62 63 64 65 66 67 68 69 70 
71 72 73 74 75 76 77 78 79 
80 81 82 83 84 85 86 0 1 
2 3 4 5 6 7 8 9 10 
11 12 13 14 15 16 17 18 19 
20 21 22 23 24 25 26 27 28 
29 30 31 32 33 34 35 36 37 
38 39 40 41 42 43 44 45 46 
47 48 49 50 51 52 53 54 55 
56 57 58 59 60 61 62 63 64 
65 66 67 68 69 70 71 72 73 
74 75 76 77 78 79 80 81 82 
83 84 85 86 2 3 4 5 6 
7 8 9 10 11 12 13 14 15 
16 17 18 19 20 21 22 23 24 
25 26 27 28 29 30 31 32 33 
34 35 36 37 38 39 40 41 42 
43 44 45 46 47 48 49 50 51 
52 53 54 55 56 57 58 59 60 
61 62 63 64 65 66 67 68 69 
70 71 72 73 74 75 76 77 78 
79 80 81 82 83 84 85 86 3 
4 5 6 7 8 9 10 11 12 
13 14 15 16 17 18 19 20 21 
22 23 24 25 26 27 28 29 30 
31 32 33 34 35 36 37 38 39 
40 41 42 43 44 45 46 47 48 
49 50 51 52 53 54 55 56 57 
58 59 60 61 62 63 64 65 66 
67 68 69 70 71 72 73 74 75 
76 77 78 79 80 81 82 83 84 
85 1 2 3 4 5 6 7 8 
9 10 11 12 13 14 15 16 17 
18 19 20 21 22 23 24 25 26 
27 28 29 30 31 32 33 34 35 
36 37 38 39 40 41 42 43 44 
45 46 47 48 49 50 51 52 53 
54 55 56 57 58 59 60 61 62 
63 64 65 66 67 68 69 70 71 
72 73 74 75 76 77 78 79 80 
81 82 83 84 85 86 1 2 3 
4 5 6 7 8 9 10 11 12 
13 14 15 16 17 18 19 20 21 
22 23 24 25 26 27 28 29 30 
31 32 33 34 35 36 37 38 39 
40 41 42 43 44 45 46 47 48 
49 50 51 52 53 54 55 56 57 
58 59 60 61 62 63 64 65 66 
67 68 69 70 71 72 73 74 75 
76 77 78 79 80 81 82 83 84 
85 0 1 2 3 4 5 6 7 
8 9 10 11 12 13 14 15 16 
17 18 19 20 21 22 23 24 25 
26 27 28 29 30 31 32 33 34 
35 36 37 38 39 40 41 42 43 
44 45 46 47 48 49 50 51 52 
53 54 55 56 57 58 59 60 61 
62 63 64 65 66 67 68 69 70 
71 72 73 74 75 76 77 78 79 
80 81 82 83 84 85 86 1 2 
3 4 5 6 7 8 9 10 11 
12 13 14 15 16 17 18 19 20 
21 22 23 24 25 26 27 28 29 
30 31 32 33 34 35 36 37 38 
39 40 41 42 43 44 45 46 47 
48 49 50 51 52 53 54 55 56 
57 58 59 60 61 62 63 64 65 
66 67 68 69 70 71 72 73 74 
75 76 77 78 79 80 81 82 83 
84 0 1 2 3 4 5 6 7 
8 9 10 11 12 13 14 15 16 
17 18 19 20 21 22 23 24 25 
26 27 28 29 30 31 32 33 34 
35 36 37 38 39 40 41 42 43 
44 45 46 47 48 49 50 51 52 
53 54 55 56 57 58 59 60 61 
62 63 64 65 66 67 68 69 70 
71 72 73 74 75 76 77 78 79 
80 81 82 83 84 85 4 5 6 
7 8 9 10 11 12 13 14 15 
16 17 18 19 20 21 22 23 24 
25 26 27 28 29 30 31 32 33 
34 35 36 37 38 39 40 41 42 
43 44 45 46 47 48 49 50 51 
52 53 54 55 56 57 58 59 60 
61 62 63 64 65 66 67 68 69 
70 71 72 73 74 75 76 77 78 
79 80 81 82 83 84 85 86 2 
3 4 5 6 7 8 9 10 11 
12 13 14 15 16 17 18 19 20 
21 22 23 24 25 26 27 28 29 
30 31 32 33 34 35 36 37 38 
39 40 41 42 43 44 45 46 47 
48 49 50 51 52 53 54 55 56 
57 58 59 60 61 62 63 64 65 
66 67 68 69 70 71 72 73 74 
75 76 77 78 79 80 81 82 83 
84 85 86 0 1 2 3 4 5 
6 7 8 9 10 11 12 13 14 
15 16 17 18 19 20 21 22 23 
24 25 26 27 28 29 30 31 32 
33 34 35 36 37 38 39 40 41 
42 43 44 45 46 47 48 49 50 
51 52 53 54 55 56 57 58 59 
60 61 62 63 64 65 66 67 68 
69 70 71 72 73 74 75 76 77 
78 79 80 81 82 83 84 85 2 
3 4 5 6 7 8 9 10 11 
12 13 14 15 16 17 18 19 20 
21 22 23 24 25 26 27 28 29 
30 31 32 33 34 35 36 37 38 
39 40 41 42 43 44 45 46 47 
48 49 50 51 52 53 54 55 56 
57 58 59 60 61 62 63 64 65 
66 67 68 69 70 71 72 73 74 
75 76 77 78 79 80 81 82 83 
84 85 3 4 5 6 7 8 9 
10 11 12 13 14 15 16 17 18 
19 20 21 22 23 24 25 26 27 
28 29 30 31 32 33 34 35 36 
37 38 39 40 41 42 43 44 45 
46 47 48 49 50 51 52 53 54 
55 56 57 58 59 60 61 62 63 
64 65 66 67 68 69 70 71 72 
73 74 75 76 77 78 79 80 81 
82 83 84 85 1 2 3 4 5 
6 7 8 9 10 11 12 13 14 
15 16 17 18 19 20 21 22 23 
24 25 26 27 28 29 30 31 32 
33 34 35 36 37 38 39 40 41 
42 43 44 45 46 47 48 49 50 
51 52 53 54 55 56 57 58 59 
60 61 62 63 64 65 66 67 68 
69 70 71 72 73 74 75 76 77 
78 79 80 81 82 83 84 85 86 
3 4 5 6 7 8 9 10 11 
12 13 14 15 16 17 18 19 20 
21 22 23 24 25 26 27 28 29 
30 31 32 33 34 35 36 37 38 
39 40 41 42 43 44 45 46 47 
48 49 50 51 52 53 54 55 56 
57 58 59 60 61 62 63 64 65 
66 67 68 69 70 71 72 73 74 
75 76 77 78 79 80 81 82 83 
84 85 1 2 3 4 5 6 7 
8 9 10 11 12 13 14 15 16 
17 18 19 20 21 22 23 24 25 
26 27 28 29 30 31 32 33 34 
35 36 37 38 39 40 41 42 43 
44 45 46 47 48 49 50 51 52 
53 54 55 56 57 58 59 60 61 
62 63 64 65 66 67 68 69 70 
71 72 73 74 75 76 77 78 79 
80 81 82 83 84 85 86 0 1 
2 3 4 5 6 7 8 9 10 
11 12 13 14 15 16 17 18 19 
20 21 22 23 24 25 26 27 28 
29 30 31 32 33 34 35 36 37 
38 39 40 41 42 43 44 45 46 
47 48 49 50 51 52 53 54 55 
56 57 58 59 60 61 62 63 64 
65 66 67 68 69 70 71 72 73 
74 75 76 77 78 79 80 81 82 
83 84 85 0 1 2 3 4 5 
6 7 8 9 10 11 12 13 14 
15 16 17 18 19 20 21 22 23 
24 25 26 27 28 29 30 31 32 
33 34 35 36 37 38 39 40 41 
42 43 44 45 46 47 48 49 50 
51 52 53 54 55 56 57 58 59 
60 61 62 63 64 65 66 67 68 
69 70 71 72 73 74 75 76 77 
78 79 80 81 82 83 84 85 3 
4 5 6 7 8 9 10 11 12 
13 14 15 16 17 18 19 20 21 
22 23 24 25 26 27 28 29 30 
31 32 33 34 35 36 37 38 39 
40 41 42 43 44 45 46 47 48 
49 50 51 52 53 54 55 56 57 
58 59 60 61 62 63 64 65 66 
67 68 69 70 71 72 73 74 75 
76 77 78 79 80 81 82 83 84 
85 86 0 1 2 3 4 5 6 
7 8 9 10 11 12 13 14 15 
16 17 18 19 20 21 22 23 24 
25 26 27 28 29 30 31 32 33 
34 35 36 37 38 39 40 41 42 
43 44 45 46 47 48 49 50 51 
52 53 54 55 56 57 58 59 60 
61 62 63 64 65 66 67 68 69 
70 71 72 73 74 75 76 77 78 
79 80 81 82 83 84 85 1 2 
3 4 5 6 7 8 9 10 11 
12 13 14 15 16 17 18 19 20 
21 22 23 24 25 26 27 28 29 
30 31 32 33 34 35 36 37 38 
39 40 41 42 43 44 45 46 47 
48 49 50 51 52 53 54 55 56 
57 58 59 60 61 62 63 64 65 
66 67 68 69 70 71 72 73 74 
75 76 77 78 79 80 81 82 83 
84 0 1 2 3 4 5 6 7 
8 9 10 11 12 13 14 15 16 
17 18 19 20 21 22 23 24 25 
26 27 28 29 30 31 32 33 34 
35 36 37 38 39 40 41 42 43 
44 45 46 47 48 49 50 51 52 
53 54 55 56 57 58 59 60 61 
62 63 64 65 66 67 68 69 70 
71 72 73 74 75 76 77 78 79 
80 81 82 83 84 85 86 2 3 
4 5 6 7 8 9 10 11 12 
13 14 15 16 17 18 19 20 21 
22 23 24 25 26 27 28 29 30 
31 32 33 34 35 36 37 38 39 
40 41 42 43 44 45 46 47 48 
49 50 51 52 53 54 55 56 57 
58 59 60 61 62 63 64 65 66 
67 68 69 70 71 72 73 74 75 
76 77 78 79 80 81 82 83 84 
85 86 1 2 3 4 5 6 7 
8 9 10 11 12 13 14 15 16 
17 18 19 20 21 22 23 24 25 
26 27 28 29 30 31 32 33 34 
35 36 37 38 39 40 41 42 43 
44 45 46 47 48 49 50 51 52 
53 54 55 56 57 58 59 60 61 
62 63 64 65 66 67 68 69 70 
71 72 73 74 75 76 77 78 79 
80 81 82 83 84 85 86 87 3 
4 5 6 7 8 9 10 11 12 
13 14 15 16 17 18 19 20 21 
22 23 24 25 26 27 28 29 30 
31 32 33 34 35 36 37 38 39 
40 41 42 43 44 45 46 47 48 
49 50 51 52 53 54 55 56 57 
58 59 60 61 62 63 64 65 66 
67 68 69 70 71 72 73 74 75 
76 77 78 79 80 81 82 83 84 
85 86 2 3 4 5 6 7 8 
9 10 11 12 13 14 15 16 17 
18 19 20 21 22 23 24 25 26 
27 28 29 30 31 32 33 34 35 
36 37 38 39 40 41 42 43 44 
45 46 47 48 49 50 51 52 53 
54 55 56 57 58 59 60 61 62 
63 64 65 66 67 68 69 70 71 
72 73 74 75 76 77 78 79 80 
81 82 83 84 85 1 2 3 4 
5 6 7 8 9 10 11 12 13 
14 15 16 17 18 19 20 21 22 
23 24 25 26 27 28 29 30 31 
32 33 34 35 36 37 38 39 40 
41 42 43 44 45 46 47 48 49 
50 51 52 53 54 55 56 57 58 
59 60 61 62 63 64 65 66 67 
68 69 70 71 72 73 74 75 76 
77 78 79 80 81 82 83 84 85 
1 2 3 4 5 6 7 8 9 
10 11 12 13 14 15 16 17 18 
19 20 21 22 23 24 25 26 27 
28 29 30 31 32 33 34 35 36 
37 38 39 40 41 42 43 44 45 
46 47 48 49 50 51 52 53 54 
55 56 57 58 59 60 61 62 63 
64 65 66 67 68 69 70 71 72 
73 74 75 76 77 78 79 80 81 
82 83 84 85 86 1 2 3 4 
5 6 7 8 9 10 11 12 13 
14 15 16 17 18 19 20 21 22 
23 24 25 26 27 28 29 30 31 
32 33 34 35 36 37 38 39 40 
41 42 43 44 45 46 47 48 49 
50 51 52 53 54 55 56 57 58 
59 60 61 62 63 64 65 66 67 
68 69 70 71 72 73 74 75 76 
77 78 79 80 81 82 83 0 1 
2 3 4 5 6 7 8 9 10 
11 12 13 14 15 16 17 18 19 
20 21 22 23 24 25 26 27 28 
29 30 31 32 33 34 35 36 37 
38 39 40 41 42 43 44 45 46 
47 48 49 50 51 52 53 54 55 
56 57 58 59 60 61 62 63 64 
65 66 67 68 69 70 71 72 73 
74 75 76 77 78 79 80 81 82 
83 84 85 1 2 3 4 5 6 
7 8 9 10 11 12 13 14 15 
16 17 18 19 20 21 22 23 24 
25 26 27 28 29 30 31 32 33 
34 35 36 37 38 39 40 41 42 
43 44 45 46 47 48 49 50 51 
52 53 54 55 56 57 58 59 60 
61 62 63 64 65 66 67 68 69 
70 71 72 73 74 75 76 77 78 
79 80 81 82 83 3 4 5 6 
7 8 9 10 11 12 13 14 15 
16 17 18 19 20 21 22 23 24 
25 26 27 28 29 30 31 32 33 
34 35 36 37 38 39 40 41 42 
43 44 45 46 47 48 49 50 51 
52 53 54 55 56 57 58 59 60 
61 62 63 64 65 66 67 68 69 
70 71 72 73 74 75 76 77 78 
79 80 81 82 83 84 85 1 2 
3 4 5 6 7 8 9 10 11 
12 13 14 15 16 17 18 19 20 
21 22 23 24 25 26 27 28 29 
30 31 32 33 34 35 36 37 38 
39 40 41 42 43 44 45 46 47 
48 49 50 51 52 53 54 55 56 
57 58 59 60 61 62 63 64 65 
66 67 68 69 70 71 72 73 74 
75 76 77 78 79 80 81 82 83 
84 85 1 2 3 4 5 6 7 
8 9 10 11 12 13 14 15 16 
17 18 19 20 21 22 23 24 25 
26 27 28 29 30 31 32 33 34 
35 36 37 38 39 40 41 42 43 
44 45 46 47 48 49 50 51 52 
53 54 55 56 57 58 59 60 61 
62 63 64 65 66 67 68 69 70 
71 72 73 74 75 76 77 78 79 
80 81 82 83 84 85 4 5 6 
7 8 9 10 11 12 13 14 15 
16 17 18 19 20 21 22 23 24 
25 26 27 28 29 30 31 32 33 
34 35 36 37 38 39 40 41 42 
43 44 45 46 47 48 49 50 51 
52 53 54 55 56 57 58 59 60 
61 62 63 64 65 66 67 68 69 
70 71 72 73 74 75 76 77 78 
79 80 81 82 83 84 85 86 1 
2 3 4 5 6 7 8 9 10 
11 12 13 14 15 16 17 18 19 
20 21 22 23 24 25 26 27 28 
29 30 31 32 33 34 35 36 37 
38 39 40 41 42 43 44 45 46 
47 48 49 50 51 52 53 54 55 
56 57 58 59 60 61 62 63 64 
65 66 67 68 69 70 71 72 73 
74 75 76 77 78 79 80 81 82 
83 84 85 1 2 3 4 5 6 
7 8 9 10 11 12 13 14 15 
16 17 18 19 20 21 22 23 24 
25 26 27 28 29 30 31 32 33 
34 35 36 37 38 39 40 41 42 
43 44 45 46 47 48 49 50 51 
52 53 54 55 56 57 58 59 60 
61 62 63 64 65 66 67 68 69 
70 71 72 73 74 75 76 77 78 
79 80 81 82 83 84 85 1 2 
3 4 5 6 7 8 9 10 11 
12 13 14 15 16 17 18 19 20 
21 22 23 24 25 26 27 28 29 
30 31 32 33 34 35 36 37 38 
39 40 41 42 43 44 45 46 47 
48 49 50 51 52 53 54 55 56 
57 58 59 60 61 62 63 64 65 
66 67 68 69 70 71 72 73 74 
75 76 77 78 79 80 81 82 83 
84 85 0 1 2 3 4 5 6 
7 8 9 10 11 12 13 14 15 
16 17 18 19 20 21 22 23 24 
25 26 27 28 29 30 31 32 33 
34 35 36 37 38 39 40 41 42 
43 44 45 46 47 48 49 50 51 
52 53 54 55 56 57 58 59 60 
61 62 63 64 65 66 67 68 69 
70 71 72 73 74 75 76 77 78 
79 80 81 82 83 84 85 86 1 
2 3 4 5 6 7 8 9 10 
11 12 13 14 15 16 17 18 19 
20 21 22 23 24 25 26 27 28 
29 30 31 32 33 34 35 36 37 
38 39 40 41 42 43 44 45 46 
47 48 49 50 51 52 53 54 55 
56 57 58 59 60 61 62 63 64 
65 66 67 68 69 70 71 72 73 
74 75 76 77 78 79 80 81 82 
83 84 85 2 3 4 5 6 7 
8 9 10 11 12 13 14 15 16 
17 18 19 20 21 22 23 24 25 
26 27 28 29 30 31 32 33 34 
35 36 37 38 39 40 41 42 43 
44 45 46 47 48 49 50 51 52 
53 54 55 56 57 58 59 60 61 
62 63 64 65 66 67 68 69 70 
71 72 73 74 75 76 77 78 79 
80 81 82 83 84 85 86 0 1 
2 3 4 5 6 7 8 9 10 
11 12 13 14 15 16 17 18 19 
20 21 22 23 24 25 26 27 28 
29 30 31 32 33 34 35 36 37 
38 39 40 41 42 43 44 45 46 
47 48 49 50 51 52 53 54 55 
56 57 58 59 60 61 62 63 64 
65 66 67 68 69 70 71 72 73 
74 75 76 77 78 79 80 81 82 
83 84 85 1 2 3 4 5 6 
7 8 9 10 11 12 13 14 15 
16 17 18 19 20 21 22 23 24 
25 26 27 28 29 30 31 32 33 
34 35 36 37 38 39 40 41 42 
43 44 45 46 47 48 49 50 51 
52 53 54 55 56 57 58 59 60 
61 62 63 64 65 66 67 68 69 
70 71 72 73 74 75 76 77 78 
79 80 81 82 83 84 85 86 0 
1 2 3 4 5 6 7 8 9 
10 11 12 13 14 15 16 17 18 
19 20 21 22 23 24 25 26 27 
28 29 30 31 32 33 34 35 36 
37 38 39 40 41 42 43 44 45 
46 47 48 49 50 51 52 53 54 
55 56 57 58 59 60 61 62 63 
64 65 66 67 68 69 70 71 72 
73 74 75 76 77 78 79 80 81 
82 83 84 85 86 1 2 3 4 
5 6 7 8 9 10 11 12 13 
14 15 16 17 18 19 20 21 22 
23 24 25 26 27 28 29 30 31 
32 33 34 35 36 37 38 39 40 
41 42 43 44 45 46 47 48 49 
50 51 52 53 54 55 56 57 58 
59 60 61 62 63 64 65 66 67 
68 69 70 71 72 73 74 75 76 
77 78 79 80 81 82 83 84 85 
86 0 1 2 3 4 5 6 7 
8 9 10 11 12 13 14 15 16 
17 18 19 20 21 22 23 24 25 
26 27 28 29 30 31 32 33 34 
35 36 37 38 39 40 41 42 43 
44 45 46 47 48 49 50 51 52 
53 54 55 56 57 58 59 60 61 
62 63 64 65 66 67 68 69 70 
71 72 73 74 75 76 77 78 79 
80 81 82 83 84 1 2 3 4 
5 6 7 8 9 10 11 12 13 
14 15 16 17 18 19 20 21 22 
23 24 25 26 27 28 29 30 31 
32 33 34 35 36 37 38 39 40 
41 42 43 44 45 46 47 48 49 
50 51 52 53 54 55 56 57 58 
59 60 61 62 63 64 65 66 67 
68 69 70 71 72 73 74 75 76 
77 78 79 80 81 82 83 84 85 
1 2 3 4 5 6 7 8 9 
10 11 12 13 14 15 16 17 18 
19 20 21 22 23 24 25 26 27 
28 29 30 31 32 33 34 35 36 
37 38 39 40 41 42 43 44 45 
46 47 48 49 50 51 52 53 54 
55 56 57 58 59 60 61 62 63 
64 65 66 67 68 69 70 71 72 
73 74 75 76 77 78 79 80 81 
82 83 84 85 2 3 4 5 6 
7 8 9 10 11 12 13 14 15 
16 17 18 19 20 21 22 23 24 
25 26 27 28 29 30 31 32 33 
34 35 36 37 38 39 40 41 42 
43 44 45 46 47 48 49 50 51 
52 53 54 55 56 57 58 59 60 
61 62 63 64 65 66 67 68 69 
70 71 72 73 74 75 76 77 78 
79 80 81 82 83 84 85 86 0 
1 2 3 4 5 6 7 8 9 
10 11 12 13 14 15 16 17 18 
19 20 21 22 23 24 25 26 27 
28 29 30 31 32 33 34 35 36 
37 38 39 40 41 42 43 44 45 
46 47 48 49 50 51 52 53 54 
55 56 57 58 59 60 61 62 63 
64 65 66 67 68 69 70 71 72 
73 74 75 76 77 78 79 80 81 
82 83 84 85 1 2 3 4 5 
6 7 8 9 10 11 12 13 14 
15 16 17 18 19 20 21 22 23 
24 25 26 27 28 29 30 31 32 
33 34 35 36 37 38 39 40 41 
42 43 44 45 46 47 48 49 50 
51 52 53 54 55 56 57 58 59 
60 61 62 63 64 65 66 67 68 
69 70 71 72 73 74 75 76 77 
78 79 80 81 82 83 84 85 0 
1 2 3 4 5 6 7 8 9 
10 11 12 13 14 15 16 17 18 
19 20 21 22 23 24 25 26 27 
28 29 30 31 32 33 34 35 36 
37 38 39 40 41 42 43 44 45 
46 47 48 49 50 51 52 53 54 
55 56 57 58 59 60 61 62 63 
64 65 66 67 68 69 70 71 72 
73 74 75 76 77 78 79 80 81 
82 83 84 85 3 4 5 6 7 
8 9 10 11 12 13 14 15 16 
17 18 19 20 21 22 23 24 25 
26 27 28 29 30 31 32 33 34 
35 36 37 38 39 40 41 42 43 
44 45 46 47 48 49 50 51 52 
53 54 55 56 57 58 59 60 61 
62 63 64 65 66 67 68 69 70 
71 72 73 74 75 76 77 78 79 
80 81 82 83 84 85 0 1 2 
3 4 5 6 7 8 9 10 11 
12 13 14 15 16 17 18 19 20 
21 22 23 24 25 26 27 28 29 
30 31 32 33 34 35 36 37 38 
39 40 41 42 43 44 45 46 47 
48 49 50 51 52 53 54 55 56 
57 58 59 60 61 62 63 64 65 
66 67 68 69 70 71 72 73 74 
75 76 77 78 79 80 81 82 83 
84 85 1 2 3 4 5 6 7 
8 9 10 11 12 13 14 15 16 
17 18 19 20 21 22 23 24 25 
26 27 28 29 30 31 32 33 34 
35 36 37 38 39 40 41 42 43 
44 45 46 47 48 49 50 51 52 
53 54 55 56 57 58 59 60 61 
62 63 64 65 66 67 68 69 70 
71 72 73 74 75 76 77 78 79 
80 81 82 83 84 85 86 0 1 
2 3 4 5 6 7 8 9 10 
11 12 13 14 15 16 17 18 19 
20 21 22 23 24 25 26 27 28 
29 30 31 32 33 34 35 36 37 
38 39 40 41 42 43 44 45 46 
47 48 49 50 51 52 53 54 55 
56 57 58 59 60 61 62 63 64 
65 66 67 68 69 70 71 72 73 
74 75 76 77 78 79 80 81 82 
83 84 85 6 7 8 9 10 11 
12 13 14 15 16 17 18 19 20 
21 22 23 24 25 26 27 28 29 
30 31 32 33 34 35 36 37 38 
39 40 41 42 43 44 45 46 47 
48 49 50 51 52 53 54 55 56 
57 58 59 60 61 62 63 64 65 
66 67 68 69 70 71 72 73 74 
75 76 77 78 79 80 81 82 9 
10 11 12 13 14 15 16 17 18 
19 20 21 22 23 24 25 26 27 
28 29 30 31 32 33 34 35 36 
37 38 39 40 41 42 43 44 45 
46 47 48 49 50 51 52 53 54 
55 56 57 58 59 60 61 62 63 
64 65 66 67 68 69 70 71 72 
73 74 75 76 77 6 7 8 9 
10 11 12 13 14 15 16 17 18 
19 20 21 22 23 24 25 26 27 
28 29 30 31 32 33 34 35 36 
37 38 39 40 41 42 43 44 45 
46 47 48 49 50 51 52 53 54 
55 56 57 58 59 60 61 62 63 
64 65 66 67 68 69 70 71 72 
73 74 6 7 8 9 10 11 12 
13 14 15 16 17 18 19 20 21 
22 23 24 25 26 27 28 29 30 
31 32 33 34 35 36 37 38 39 
40 41 42 43 45 46 47 48 49 
50 51 52 53 54 55 56 57 58 
59 60 61 62 63 64 65 66 67 
68 69 70 71 72 73 74 75 76 
77 78 79 80 7 8 9 10 11 
12 13 14 15 16 17 18 19 20 
21 22 23 24 25 26 27 28 29 
30 31 32 33 34 35 36 37 38 
39 40 41 42 43 44 45 46 47 
48 49 50 51 52 53 54 55 56 
57 58 59 60 61 62 63 64 65 
66 67 68 69 70 71 72 73 74 
75 76 77 78 79 80 81 7 8 
9 10 11 12 13 14 15 16 17 
18 19 20 21 22 23 24 25 26 
27 28 29 30 31 32 33 34 35 
36 37 38 39 40 41 42 43 44 
45 46 47 48 49 50 51 52 53 
54 55 56 57 58 59 60 61 62 
63 64 65 66 67 68 69 70 71 
72 73 74 75 76 77 78 79 80 
81 82 7 8 9 10 11 12 13 
14 15 16 17 18 19 20 21 22 
23 24 25 26 27 28 29 30 31 
32 33 34 35 36 37 38 39 40 
41 42 43 44 45 46 47 48 49 
50 51 52 53 54 55 56 57 58 
59 60 61 62 63 64 65 66 67 
68 69 70 71 72 73 74 75 76 
77 78 6 7 8 9 10 11 12 
13 14 15 16 17 18 19 20 21 
22 23 24 25 26 27 28 29 30 
31 32 33 34 35 36 37 38 39 
40 41 42 43 44 45 46 47 48 
49 50 51 52 53 54 55 56 57 
58 59 60 61 62 63 64 65 66 
67 68 69 70 71 72 73 74 75 
76 77 78 79 80 81 82 6 7 
8 9 10 11 12 13 14 15 16 
17 18 19 20 21 22 23 24 25 
26 27 28 29 30 31 32 33 34 
35 36 37 38 39 40 41 42 43 
45 46 47 48 49 50 51 52 53 
54 55 56 57 58 59 60 61 62 
63 64 65 66 67 68 69 70 71 
72 73 74 75 76 77 78 79 80 
81 82 9 10 11 12 13 14 15 
16 17 18 19 20 21 22 23 24 
25 26 27 28 29 30 31 32 33 
34 35 36 37 38 39 40 41 42 
43 44 45 46 47 48 49 50 51 
52 53 54 55 56 57 58 59 60 
61 62 63 64 65 66 67 68 69 
70 71 72 73 74 75 76 77 6 
7 8 9 10 11 12 13 14 15 
16 17 18 19 20 21 22 23 24 
25 26 27 28 29 30 31 32 33 
34 35 36 37 38 39 40 41 42 
43 44 45 46 47 48 49 50 51 
52 53 54 55 56 57 58 59 60 
61 62 63 64 65 66 67 68 69 
70 71 72 73 74 75 76 77 78 
79 80 81 82 8 9 10 11 12 
13 14 15 16 17 18 19 20 21 
22 23 24 25 26 27 28 29 30 
31 32 33 34 35 36 37 38 39 
40 41 42 43 44 45 46 47 48 
49 50 51 52 53 54 55 56 57 
58 59 60 61 62 63 64 65 66 
67 68 69 70 71 72 73 74 75 
76 77 78 79 80 81 82 6 7 
8 9 10 11 12 13 14 15 16 
17 18 19 20 21 22 23 24 25 
26 27 28 29 30 31 32 33 34 
35 36 37 38 39 40 41 42 43 
44 45 46 47 48 49 50 51 52 
53 54 55 56 57 58 59 60 61 
62 63 64 65 66 67 68 69 70 
71 72 73 74 75 76 77 78 79 
80 8 9 10 11 12 13 14 15 
16 17 18 19 20 21 22 23 24 
25 26 27 28 29 30 31 32 33 
34 35 36 37 38 39 40 41 42 
43 44 45 46 47 48 49 50 51 
52 53 54 55 56 57 58 59 60 
61 62 63 64 65 66 67 68 69 
70 71 72 73 74 75 76 77 78 
79 80 6 7 8 9 10 11 12 
13 14 15 16 17 18 19 20 21 
22 23 24 25 26 27 28 29 30 
31 32 33 34 35 36 37 38 39 
40 41 42 43 44 45 46 47 48 
49 50 51 52 53 54 55 56 57 
58 59 60 61 62 63 64 65 66 
67 68 69 70 71 72 73 74 75 
76 77 78 79 80 8 9 10 11 
12 13 14 15 16 17 18 19 20 
21 22 23 24 25 26 27 28 29 
30 31 32 33 34 35 36 37 38 
39 40 41 42 43 44 45 46 47 
48 49 50 51 52 53 54 55 56 
57 58 59 60 61 62 63 64 65 
66 67 68 69 70 71 72 73 74 
75 76 77 78 79 9 10 11 12 
13 14 15 16 17 18 19 20 21 
22 23 24 25 26 27 28 29 30 
31 32 33 34 35 36 37 38 39 
40 41 42 43 44 45 46 47 48 
49 50 51 52 53 54 55 56 57 
58 59 60 61 62 63 64 65 66 
67 68 69 70 71 72 73 74 75 
76 77 78 79 6 7 8 9 10 
11 12 13 14 15 16 17 18 19 
20 21 22 23 24 25 26 27 28 
29 30 31 32 33 34 35 36 37 
38 39 40 41 42 43 44 45 46 
47 48 49 50 51 52 53 54 55 
56 57 58 59 60 61 62 63 64 
65 66 67 68 69 70 71 72 73 
74 75 76 77 78 79 80 81 6 
7 8 9 10 11 12 13 14 15 
16 17 18 19 20 21 22 23 24 
25 26 27 28 29 30 31 32 33 
34 35 36 37 38 39 40 41 42 
43 44 45 46 47 48 49 50 51 
52 53 54 55 56 57 58 59 60 
61 62 63 64 65 66 67 68 69 
70 71 72 73 74 75 76 77 78 
79 7 8 9 10 11 12 13 14 
15 16 17 18 19 20 21 22 23 
24 25 26 27 28 29 30 31 32 
33 34 35 36 37 38 39 40 41 
42 43 44 45 46 47 48 49 50 
51 52 53 54 55 56 57 58 59 
60 61 62 63 64 65 66 67 68 
69 70 71 72 73 74 75 76 77 
78 79 9 10 11 12 13 14 15 
16 17 18 19 20 21 22 23 24 
25 26 27 28 29 30 31 32 33 
34 35 36 37 38 39 40 41 42 
43 44 45 46 47 48 49 50 51 
52 53 54 55 56 57 58 59 60 
61 62 63 64 65 66 67 68 69 
70 71 72 73 74 75 76 77 78 
79 6 7 8 9 10 11 12 13 
14 15 16 17 18 19 20 21 22 
23 24 25 26 27 28 29 30 31 
32 33 34 35 36 37 38 39 40 
41 42 43 45 46 47 48 49 50 
51 52 53 54 55 56 57 58 59 
60 61 62 63 64 65 66 67 68 
69 70 71 72 73 74 75 76 77 
78 79 80 81 6 7 8 9 10 
11 12 13 14 15 16 17 18 19 
20 21 22 23 24 25 26 27 28 
29 30 31 32 33 34 35 36 37 
38 39 40 41 42 43 44 45 46 
47 48 49 50 51 52 53 54 55 
56 57 58 59 60 61 62 63 64 
65 66 67 68 69 70 71 72 73 
74 75 76 77 78 79 5 6 7 
8 9 10 11 12 13 14 15 16 
17 18 19 20 21 22 23 24 25 
26 27 28 29 30 31 32 33 34 
35 36 37 38 39 40 41 42 43 
44 45 46 47 48 49 50 51 52 
53 54 55 56 57 58 59 60 61 
62 63 64 65 66 67 68 69 70 
71 72 73 74 75 76 77 78 79 
6 7 8 9 10 11 12 13 14 
15 16 17 18 19 20 21 22 23 
24 25 26 27 28 29 30 31 32 
33 34 35 36 37 38 39 40 41 
42 43 44 45 46 47 48 49 50 
51 52 53 54 55 56 57 58 59 
60 61 62 63 64 65 66 67 68 
69 70 71 72 73 74 75 76 77 
78 79 80 7 8 9 10 11 12 
13 14 15 16 17 18 19 20 21 
22 23 24 25 26 27 28 29 30 
31 32 33 34 35 36 37 38 39 
40 41 42 43 44 45 46 47 48 
49 50 51 52 53 54 55 56 57 
58 59 60 61 62 63 64 65 66 
67 68 69 70 71 72 73 74 75 
76 77 78 79 6 7 8 9 10 
11 12 13 14 15 16 17 18 19 
20 21 22 23 24 25 26 27 28 
29 30 31 32 33 34 35 36 37 
38 39 40 41 42 43 45 46 47 
48 49 50 51 52 53 54 55 56 
57 58 59 60 61 62 63 64 65 
66 67 68 69 70 71 72 73 74 
75 76 77 78 79 80 7 8 9 
10 11 12 13 14 15 16 17 18 
19 20 21 22 23 24 25 26 27 
28 29 30 31 32 33 34 35 36 
37 38 39 40 41 42 43 44 45 
46 47 48 49 50 51 52 53 54 
55 56 57 58 59 60 61 62 63 
64 65 66 67 68 69 70 71 72 
73 74 75 76 77 78 79 7 8 
9 10 11 12 13 14 15 16 17 
18 19 20 21 22 23 24 25 26 
27 28 29 30 31 32 33 34 35 
36 37 38 39 40 41 42 43 44 
45 46 47 48 49 50 51 52 53 
54 55 56 57 58 59 60 61 62 
63 64 65 66 67 68 69 70 71 
72 73 74 75 76 77 78 79 80 
7 8 9 10 11 12 13 14 15 
16 17 18 19 20 21 22 23 24 
25 26 27 28 29 30 31 32 33 
34 35 36 37 38 39 40 41 42 
43 44 45 46 47 48 49 50 51 
52 53 54 55 56 57 58 59 60 
61 62 63 64 65 66 67 68 69 
70 71 72 73 74 75 76 77 78 
79 80 81 82 10 11 12 13 14 
15 16 17 18 19 20 21 22 23 
24 25 26 27 28 29 30 31 32 
33 34 35 36 37 38 39 40 41 
42 43 44 45 46 47 48 49 50 
51 52 53 54 55 56 57 58 59 
60 61 62 63 64 65 66 67 68 
69 70 71 72 73 74 75 5 6 
7 8 9 10 11 12 13 14 15 
16 17 18 19 20 21 22 23 24 
25 26 27 28 29 30 31 32 33 
34 35 36 37 38 39 40 41 42 
43 44 45 46 47 48 49 50 51 
52 53 54 55 56 57 58 59 60 
61 62 63 64 65 66 67 68 69 
70 71 72 73 74 75 76 77 78 
79 80 81 7 8 9 10 11 12 
13 14 15 16 17 18 19 20 21 
22 23 24 25 26 27 28 29 30 
31 32 33 34 35 36 37 38 39 
40 41 42 43 44 45 46 47 48 
49 50 51 52 53 54 55 56 57 
58 59 60 61 62 63 64 65 66 
67 68 69 70 71 72 73 74 75 
76 77 78 79 80 8 9 10 11 
12 13 14 15 16 17 18 19 20 
21 22 23 24 25 26 27 28 29 
30 31 32 33 34 35 36 37 38 
39 40 41 42 43 44 45 46 47 
48 49 50 51 52 53 54 55 56 
57 58 59 60 61 62 63 64 65 
66 67 68 69 70 71 72 73 74 
75 76 7 8 9 10 11 12 13 
14 15 16 17 18 19 20 21 22 
23 24 25 26 27 28 29 30 31 
32 33 34 35 36 37 38 39 40 
41 42 43 44 45 46 47 48 49 
50 51 52 53 54 55 56 57 58 
59 60 61 62 63 64 65 66 67 
68 69 70 71 72 73 74 75 76 
77 78 79 80 7 8 9 10 11 
12 13 14 15 16 17 18 19 20 
21 22 23 24 25 26 27 28 29 
30 31 32 33 34 35 36 37 38 
39 40 41 42 43 44 45 46 47 
48 49 50 51 52 53 54 55 56 
57 58 59 60 61 62 63 64 65 
66 67 68 69 70 71 72 73 74 
75 76 77 78 79 80 81 6 7 
8 9 10 11 12 13 14 15 16 
17 18 19 20 21 22 23 24 25 
26 27 28 29 30 31 32 33 34 
35 36 37 38 39 40 41 42 43 
44 45 46 47 48 49 50 51 52 
53 54 55 56 57 58 59 60 61 
62 63 64 65 66 67 68 69 70 
71 72 73 74 75 76 77 78 8 
9 10 11 12 13 14 15 16 17 
18 19 20 21 22 23 24 25 26 
27 28 29 30 31 32 33 34 35 
36 37 38 39 40 41 42 43 44 
45 46 47 48 49 50 51 52 53 
54 55 56 57 58 59 60 61 62 
63 64 65 66 67 68 69 70 71 
72 73 74 75 76 77 78 5 6 
7 8 9 10 11 12 13 14 15 
16 17 18 19 20 21 22 23 24 
25 26 27 28 29 30 31 32 33 
34 35 36 37 38 39 40 41 42 
43 44 45 46 47 48 49 50 51 
52 53 54 55 56 57 58 59 60 
61 62 63 64 65 66 67 68 69 
70 71 72 73 74 75 76 77 78 
79 80 81 6 7 8 9 10 11 
12 13 14 15 16 17 18 19 20 
21 22 23 24 25 26 27 28 29 
30 31 32 33 34 35 36 37 38 
39 40 41 42 43 45 46 47 48 
49 50 51 52 53 54 55 56 57 
58 59 60 61 62 63 64 65 66 
67 68 69 70 71 72 73 74 75 
76 77 78 79 80 81 82 9 10 
11 12 13 14 15 16 17 18 19 
20 21 22 23 24 25 26 27 28 
29 30 31 32 33 34 35 36 37 
38 39 40 41 42 43 44 45 46 
47 48 49 50 51 52 53 54 55 
56 57 58 59 60 61 62 63 64 
65 66 67 68 69 70 71 72 73 
74 75 76 77 78 79 80 6 7 
8 9 10 11 12 13 14 15 16 
17 18 19 20 21 22 23 24 25 
26 27 28 29 30 31 32 33 34 
35 36 37 38 39 40 41 42 43 
44 45 46 47 48 49 50 51 52 
53 54 55 56 57 58 59 60 61 
62 63 64 65 66 67 68 69 70 
71 72 73 74 75 76 77 78 79 
9 10 11 12 13 14 15 16 17 
18 19 20 21 22 23 24 25 26 
27 28 29 30 31 32 33 34 35 
36 37 38 39 40 41 42 43 44 
45 46 47 48 49 50 51 52 53 
54 55 56 57 58 59 60 61 62 
63 64 65 66 67 68 69 70 71 
72 73 74 75 7 8 9 10 11 
12 13 14 15 16 17 18 19 20 
21 22 23 24 25 26 27 28 29 
30 31 32 33 34 35 36 37 38 
39 40 41 42 43 44 45 46 47 
48 49 50 51 52 53 54 55 56 
57 58 59 60 61 62 63 64 65 
66 67 68 69 70 71 72 73 74 
75 76 77 78 79 80 81 82 5 
6 7 8 9 10 11 12 13 14 
15 16 17 18 19 20 21 22 23 
24 25 26 27 28 29 30 31 32 
33 34 35 36 37 38 39 40 41 
42 43 44 45 46 47 48 49 50 
51 52 53 54 55 56 57 58 59 
60 61 62 63 64 65 66 67 68 
69 70 71 72 73 74 75 76 77 
78 79 80 7 8 9 10 11 12 
13 14 15 16 17 18 19 20 21 
22 23 24 25 26 27 28 29 30 
31 32 33 34 35 36 37 38 39 
40 41 42 43 44 45 46 47 48 
49 50 51 52 53 54 55 56 57 
58 59 60 61 62 63 64 65 66 
67 68 69 70 71 72 73 74 75 
76 77 78 79 6 7 8 9 10 
11 12 13 14 15 16 17 18 19 
20 21 22 23 24 25 26 27 28 
29 30 31 32 33 34 35 36 37 
38 39 40 41 42 43 44 45 46 
47 48 49 50 51 52 53 54 55 
56 57 58 59 60 61 62 63 64 
65 66 67 68 69 70 71 72 73 
74 75 76 77 78 79 80 6 7 
8 9 10 11 12 13 14 15 16 
17 18 19 20 21 22 23 24 25 
26 27 28 29 30 31 32 33 34 
35 36 37 38 39 40 41 42 43 
44 45 46 47 48 49 50 51 52 
53 54 55 56 57 58 59 60 61 
62 63 64 65 66 67 68 69 70 
71 72 73 74 75 76 77 78 79 
6 7 8 9 10 11 12 13 14 
15 16 17 18 19 20 21 22 23 
24 25 26 27 28 29 30 31 32 
33 34 35 36 37 38 39 40 41 
42 43 44 45 46 47 48 49 50 
51 52 53 54 55 56 57 58 59 
60 61 62 63 64 65 66 67 68 
69 70 71 72 73 74 75 76 77 
78 79 80 81 82 4 5 6 7 
8 9 10 11 12 13 14 15 16 
17 18 19 20 21 22 23 24 25 
26 27 28 29 30 31 32 33 34 
35 36 37 38 39 40 41 42 43 
44 45 46 47 48 49 50 51 52 
53 54 55 56 57 58 59 60 61 
62 63 64 65 66 67 68 69 70 
71 72 73 74 75 76 77 78 79 
80 7 8 9 10 11 12 13 14 
15 16 17 18 19 20 21 22 23 
24 25 26 27 28 29 30 31 32 
33 34 35 36 37 38 39 40 41 
42 43 44 45 46 47 48 49 50 
51 52 53 54 55 56 57 58 59 
60 61 62 63 64 65 66 67 68 
69 70 71 72 73 74 75 9 10 
11 12 13 14 15 16 17 18 19 
20 21 22 23 24 25 26 27 28 
29 30 31 32 33 34 35 36 37 
38 39 40 41 42 43 44 45 46 
47 48 49 50 51 52 53 54 55 
56 57 58 59 60 61 62 63 64 
65 66 67 68 69 70 71 72 73 
74 75 76 77 7 8 9 10 11 
12 13 14 15 16 17 18 19 20 
21 22 23 24 25 26 27 28 29 
30 31 32 33 34 35 36 37 38 
39 40 41 42 43 44 45 46 47 
48 49 50 51 52 53 54 55 56 
57 58 59 60 61 62 63 64 65 
66 67 68 69 70 71 72 73 74 
75 76 77 78 79 8 9 10 11 
12 13 14 15 16 17 18 19 20 
21 22 23 24 25 26 27 28 29 
30 31 32 33 34 35 36 37 38 
39 40 41 42 43 44 45 46 47 
48 49 50 51 52 53 54 55 56 
57 58 59 60 61 62 63 64 65 
66 67 68 69 70 71 72 73 74 
75 76 77 78 79 80 81 82 83 
7 8 9 10 11 12 13 14 15 
16 17 18 19 20 21 22 23 24 
25 26 27 28 29 30 31 32 33 
34 35 36 37 38 39 40 41 42 
43 44 45 46 47 48 49 50 51 
52 53 54 55 56 57 58 59 60 
61 62 63 64 65 66 67 68 69 
70 71 72 73 74 75 76 77 78 
79 7 8 9 10 11 12 13 14 
15 16 17 18 19 20 21 22 23 
24 25 26 27 28 29 30 31 32 
33 34 35 36 37 38 39 40 41 
42 43 44 45 46 47 48 49 50 
51 52 53 54 55 56 57 58 59 
60 61 62 63 64 65 66 67 68 
69 70 71 72 73 74 75 76 77 
78 79 5 6 7 8 9 10 11 
12 13 14 15 16 17 18 19 20 
21 22 23 24 25 26 27 28 29 
30 31 32 33 34 35 36 37 38 
39 40 41 42 43 44 45 46 47 
48 49 50 51 52 53 54 55 56 
57 58 59 60 61 62 63 64 65 
66 67 68 69 70 71 72 73 74 
75 76 8 9 10 11 12 13 14 
15 16 17 18 19 20 21 22 23 
24 25 26 27 28 29 30 31 32 
33 34 35 36 37 38 39 40 41 
42 43 44 45 46 47 48 49 50 
51 52 53 54 55 56 57 58 59 
60 61 62 63 64 65 66 67 68 
69 70 71 72 73 74 75 76 77 
78 79 80 6 7 8 9 10 11 
12 13 14 15 16 17 18 19 20 
21 22 23 24 25 26 27 28 29 
30 31 32 33 34 35 36 37 38 
39 40 41 42 43 44 45 46 47 
48 49 50 51 52 53 54 55 56 
57 58 59 60 61 62 63 64 65 
66 67 68 69 70 71 72 73 74 
75 76 77 78 79 6 7 8 9 
10 11 12 13 14 15 16 17 18 
19 20 21 22 23 24 25 26 27 
28 29 30 31 32 33 34 35 36 
37 38 39 40 41 42 43 44 45 
46 47 48 49 50 51 52 53 54 
55 56 57 58 59 60 61 62 63 
64 65 66 67 68 69 70 71 72 
73 74 75 76 77 78 6 7 8 
9 10 11 12 13 14 15 16 17 
18 19 20 21 22 23 24 25 26 
27 28 29 30 31 32 33 34 35 
36 37 38 39 40 41 42 43 44 
45 46 47 48 49 50 51 52 53 
54 55 56 57 58 59 60 61 62 
63 64 65 66 67 68 69 70 71 
72 73 74 75 76 77 78 79 80 
81 82 6 7 8 9 10 11 12 
13 14 15 16 17 18 19 20 21 
22 23 24 25 26 27 28 29 30 
31 32 33 34 35 36 37 38 39 
40 41 42 43 44 45 46 47 48 
49 50 51 52 53 54 55 56 57 
58 59 60 61 62 63 64 65 66 
67 68 69 70 71 72 73 74 75 
76 77 78 79 8 9 10 11 12 
13 14 15 16 17 18 19 20 21 
22 23 24 25 26 27 28 29 30 
31 32 33 34 35 36 37 38 39 
40 41 42 43 44 45 46 47 48 
49 50 51 52 53 54 55 56 57 
58 59 60 61 62 63 64 65 66 
67 68 69 70 71 72 73 74 75 
76 77 78 79 80 81 6 7 8 
9 10 11 12 13 14 15 16 17 
18 19 20 21 22 23 24 25 26 
27 28 29 30 31 32 33 34 35 
36 37 38 39 40 41 42 43 44 
45 46 47 48 49 50 51 52 53 
54 55 56 57 58 59 60 61 62 
63 64 65 66 67 68 69 70 71 
72 73 74 75 76 77 78 79 80 
81 82 6 7 8 9 10 11 12 
13 14 15 16 17 18 19 20 21 
22 23 24 25 26 27 28 29 30 
31 32 33 34 35 36 37 38 39 
40 41 42 43 44 45 46 47 48 
49 50 51 52 53 54 55 56 57 
58 59 60 61 62 63 64 65 66 
67 68 69 70 71 72 73 74 75 
76 77 78 79 80 81 82 8 9 
10 11 12 13 14 15 16 17 18 
19 20 21 22 23 24 25 26 27 
28 29 30 31 32 33 34 35 36 
37 38 39 40 41 42 43 44 45 
46 47 48 49 50 51 52 53 54 
55 56 57 58 59 60 61 62 63 
64 65 66 67 68 69 70 71 72 
73 74 75 76 77 78 6 7 8 
9 10 11 12 13 14 15 16 17 
18 19 20 21 22 23 24 25 26 
27 28 29 30 31 32 33 34 35 
36 37 38 39 40 41 42 43 44 
45 46 47 48 49 50 51 52 53 
54 55 56 57 58 59 60 61 62 
63 64 65 66 67 68 69 70 71 
72 73 74 75 76 77 78 8 9 
10 11 12 13 14 15 16 17 18 
19 20 21 22 23 24 25 26 27 
28 29 30 31 32 33 34 35 36 
37 38 39 40 41 42 43 44 45 
46 47 48 49 50 51 52 53 54 
55 56 57 58 59 60 61 62 63 
64 65 66 67 68 69 70 71 72 
73 74 75 76 77 78 79 
FIELD FieldData 1
SamplingDistance2Origin 1 10456 float
-43.2043 -42.2043 -41.2045 -40.2045 -39.2044 -38.2047 -37.2046 -36.2047 -35.2047 
-34.2049 -33.205 -32.2055 -31.2055 -30.2062 -29.2069 -28.207 -27.2073 -26.2074 
-25.2075 -24.2075 -23.2076 -22.2078 -21.2078 -20.2079 -19.2079 -18.2079 -17.208 
-16.2081 -15.2082 -14.2083 -13.2086 -12.2087 -11.209 -10.2094 -9.21031 -8.21028 
-7.2103 -6.21053 -5.2107 -4.21074 -3.2109 -2.21102 -1.2112 -0.218895 0.773343 
1.77318 2.773 3.77297 4.77283 5.7727 6.77252 7.77055 8.76921 9.76829 
10.7679 11.7678 12.7673 13.7662 14.7652 15.765 16.7649 17.7649 18.7649 
19.7648 20.7646 21.7641 22.7641 23.7637 24.7635 25.7633 26.7628 27.7626 
28.7621 29.7616 30.7614 31.7607 32.7602 33.7597 34.7596 35.7595 36.7593 
37.7593 38.7592 39.7593 -43.5294 -42.7794 -41.7793 -40.7795 -39.7795 -38.7796 
-37.7797 -36.7798 -35.7798 -34.78 -33.7804 -32.7806 -31.7809 -30.7809 -29.7822 
-28.7822 -27.7824 -26.7825 -25.7828 -24.7829 -23.7831 -22.7834 -21.7835 -20.7836 
-19.7837 -18.7836 -17.7836 -16.7837 -15.7839 -14.7839 -13.7842 -12.7844 -11.7846 
-10.7848 -9.78569 -8.78643 -7.7883 -6.78889 -5.78907 -4.78907 -3.78915 -2.78938 
-1.78956 -0.789538 0.20867 1.20704 2.20684 3.20675 4.20676 5.20676 6.20651 
7.20643 8.20643 9.20519 10.2047 11.2047 12.2046 13.2044 14.2039 15.2036 
16.2036 17.2035 18.2035 19.2035 20.2034 21.2032 22.2029 23.2026 24.2025 
25.2024 26.2021 27.2002 28.199 29.1986 30.1984 31.1977 32.1971 33.1968 
34.1968 35.1967 36.1967 37.1967 38.1966 39.1965 40.1965 41.1964 42.1964 
-43.5439 -42.7939 -41.7941 -40.7942 -39.7944 -38.7948 -37.7949 -36.7948 -35.7949 
-34.795 -33.795 -32.7954 -31.7959 -30.7969 -29.798 -28.7988 -27.7997 -26.8 
-25.8001 -24.8003 -23.8005 -22.8008 -21.801 -20.8011 -19.8011 -18.8011 -17.8011 
-16.8012 -15.8012 -14.8013 -13.8013 -12.8015 -11.8014 -10.8017 -9.8017 -8.80204 
-7.80207 -6.80217 -5.80237 -4.80248 -3.80258 -2.80279 -1.80292 -0.802976 0.184141 
1.17139 2.17119 3.17113 4.17112 5.17074 6.17049 7.16932 8.16821 9.16733 
10.1665 11.1665 12.1664 13.1661 14.1654 15.1651 16.1651 17.1651 18.1651 
19.165 20.1648 21.1645 22.1641 23.1637 24.1635 25.1635 26.1634 27.1632 
28.1625 29.1619 30.1614 31.1611 32.1608 33.1607 34.1606 35.1605 36.1605 
37.1604 38.1603 39.1602 40.1603 41.1603 -43.2427 -42.2429 -41.2429 -40.2428 
-39.2431 -38.2431 -37.2431 -36.2432 -35.2435 -34.244 -33.2442 -32.2445 -31.2456 
-30.2462 -29.2467 -28.2474 -27.2479 -26.2479 -25.2481 -24.2482 -23.2484 -22.2486 
-21.2488 -20.2487 -19.2488 -18.2488 -17.2488 -16.2489 -15.2491 -14.2492 -13.2493 
-12.2495 -11.2496 -10.2499 -9.25054 -8.25114 -7.25176 -6.25173 -5.25188 -4.25185 
-3.25201 -2.25213 -1.25235 -0.067735 1.05195 2.05181 3.05176 4.05165 5.05139 
6.05119 7.0502 8.04919 9.04828 10.0479 11.0479 12.0477 13.047 14.046 
15.046 16.0459 17.0459 18.0459 19.0458 20.0456 21.0456 22.045 23.0445 
24.044 25.0438 26.0438 27.0438 28.0435 29.0433 30.043 31.0426 32.0423 
33.0424 34.0423 35.0422 36.0421 37.042 38.042 39.0419 40.0419 41.0419 
-43.2249 -42.225 -41.2249 -40.225 -39.225 -38.2252 -37.2252 -36.2253 -35.2253 
-34.2255 -33.2258 -32.2261 -31.2261 -30.2273 -29.228 -28.228 -27.2281 -26.2282 
-25.2284 -24.2287 -23.229 -22.2294 -21.2295 -20.2295 -19.2295 -18.2295 -17.2296 
-16.2298 -15.2298 -14.2303 -13.2306 -12.2307 -11.2308 -10.2312 -9.23165 -8.23243 
-7.23253 -6.23272 -5.23282 -4.23288 -3.23309 -2.23327 -1.23344 0.0262424 0.776116 
1.77589 2.77563 3.7756 4.77546 5.77532 6.77531 7.77427 8.77426 9.774 
10.7737 11.7736 12.7732 13.7724 14.7724 15.7724 16.7724 17.7723 18.7723 
19.7722 20.7722 21.7719 22.7717 23.7716 24.7714 25.7709 26.7699 27.7692 
28.7692 29.7689 30.7686 31.7682 32.7675 33.7675 34.7674 35.7674 36.7673 
37.7673 38.7672 39.7671 40.767 41.767 -43.2003 -42.2003 -41.2003 -40.2005 
-39.2006 -38.2009 -37.201 -36.201 -35.201 -34.2013 -33.2013 -32.2018 -31.2022 
-30.2033 -29.2038 -28.204 -27.2042 -26.2044 -25.2046 -24.2048 -23.205 -22.2054 
-21.2054 -20.2055 -19.2055 -18.2055 -17.2056 -16.2057 -15.2059 -14.2061 -13.2063 
-12.2065 -11.2067 -10.2071 -9.20759 -8.20844 -7.21012 -6.21039 -5.21038 -4.21043 
-3.21062 -2.21071 -1.21091 -0.216714 0.77737 1.77718 2.77708 3.77696 4.77675 
5.77651 6.77642 7.77441 8.77394 9.77308 10.7727 11.7726 12.7722 13.7714 
14.7708 15.7706 16.7706 17.7706 18.7705 19.7703 20.7701 21.7695 22.7693 
23.7693 24.7692 25.7692 26.7692 27.7689 28.7689 29.7682 30.7676 31.7673 
32.7672 33.7671 34.7671 35.7671 36.767 37.7668 38.7668 39.7668 40.7667 
-41.7656 -40.7657 -39.7657 -38.7657 -37.7659 -36.7659 -35.7659 -34.7661 -33.7663 
-32.7664 -31.7672 -30.7678 -29.7681 -28.7683 -27.7684 -26.7685 -25.7687 -24.769 
-23.7693 -22.7696 -21.7697 -20.7698 -19.7698 -18.7698 -17.7698 -16.7701 -15.7705 
-14.7708 -13.771 -12.7711 -11.7712 -10.7715 -9.77182 -8.7718 -7.77186 -6.77185 
-5.77207 -4.77224 -3.77274 -2.77319 -1.77335 -0.773684 0.0751662 0.923829 1.92268 
2.91935 3.91934 4.91938 5.91934 6.91929 7.91928 8.91879 9.91864 10.9182 
11.9181 12.9179 13.9172 14.917 15.9168 16.9167 17.9166 18.9166 19.9166 
20.9165 21.9164 22.9161 23.9161 24.916 25.9157 26.9154 27.9154 28.9149 
29.9147 30.9144 31.9144 32.914 33.9139 34.9139 35.9139 36.9138 37.9137 
38.9135 39.9133 40.9131 41.9131 -40.7621 -39.7621 -38.7622 -37.7622 -36.7623 
-35.7624 -34.7624 -33.7627 -32.763 -31.7637 -30.7652 -29.7656 -28.7656 -27.7656 
-26.766 -25.766 -24.7664 -23.767 -22.7674 -21.7678 -20.768 -19.7682 -18.7682 
-17.7682 -16.7682 -15.7682 -14.7688 -13.7695 -12.7699 -11.77 -10.7705 -9.77136 
-8.77228 -7.77232 -6.77242 -5.77253 -4.7727 -3.77287 -2.77303 -1.77338 -0.77371 
-0.0238743 0.940323 1.94002 2.93985 3.93972 4.93961 5.93961 6.93953 7.93866 
8.93845 9.93802 10.9378 11.9377 12.9374 13.9368 14.9368 15.9367 16.9366 
17.9366 18.9366 19.9365 20.9364 21.9363 22.936 23.9358 24.9357 25.9354 
26.9344 27.9337 28.9332 29.9333 30.9329 31.9327 32.9325 33.9324 34.9323 
35.9322 36.9322 37.932 38.9318 39.9316 40.9315 41.9315 -43.9327 -43.1829 
-42.183 -41.1835 -40.1837 -39.1841 -38.1841 -37.1842 -36.1842 -35.1843 -34.1847 
-33.1852 -32.1856 -31.186 -30.187 -29.1873 -28.188 -27.1883 -26.1884 -25.1886 
-24.1887 -23.1888 -22.1889 -21.189 -20.1889 -19.189 -18.189 -17.189 -16.189 
-15.1891 -14.1892 -13.1892 -12.1892 -11.1895 -10.1896 -9.18976 -8.19001 -7.19108 
-6.19139 -5.19137 -4.19149 -3.1916 -2.19173 -1.19193 -0.200778 0.790785 1.79057 
2.79045 3.79037 4.79022 5.78995 6.78987 7.78777 8.78736 9.78693 10.7869 
11.7869 12.7868 13.7863 14.7858 15.7858 16.7858 17.7857 18.7857 19.7857 
20.7855 21.7852 22.7848 23.7847 24.7846 25.7844 26.7837 27.7827 28.7813 
29.781 30.7806 31.7804 32.7802 33.78 34.7799 35.7798 36.7798 37.7796 
38.7795 39.7794 40.7793 41.7792 -41.8127 -41.0627 -40.0627 -39.0628 -38.0628 
-37.063 -36.063 -35.0631 -34.0632 -33.0633 -32.0633 -31.0642 -30.0645 -29.0651 
-28.0654 -27.0654 -26.0655 -25.0657 -24.066 -23.0664 -22.0667 -21.0668 -20.0668 
-19.0669 -18.0669 -17.0669 -16.0671 -15.0675 -14.0679 -13.0687 -12.0689 -11.0689 
-10.0691 -9.06923 -8.07002 -7.0702 -6.07023 -5.07024 -4.07024 -3.07061 -2.07089 
-1.07115 -0.160567 0.749836 1.74907 2.74851 3.74807 4.74779 5.74772 6.74765 
7.74763 8.74764 9.74746 10.747 11.7469 12.9965 14.246 15.246 16.2459 
17.2458 18.2458 19.2458 20.2458 21.2455 22.2451 23.2449 24.2448 25.2446 
26.2441 27.2432 28.2425 29.2424 30.2423 31.2417 32.2411 33.2409 34.2408 
35.2407 36.2406 37.2406 38.2403 39.2402 40.24 41.2399 42.2399 -41.2107 
-40.2108 -39.2108 -38.2109 -37.211 -36.211 -35.2112 -34.2115 -33.2119 -32.2126 
-31.2138 -30.2148 -29.2148 -28.2148 -27.2153 -26.2153 -25.2153 -24.2159 -23.2163 
-22.2167 -21.217 -20.2171 -19.2171 -18.2171 -17.2171 -16.2176 -15.2182 -14.2189 
-13.2194 -12.2195 -11.2198 -10.2206 -9.22207 -8.22317 -7.2236 -6.22373 -5.22388 
-4.2239 -3.22402 -2.22421 -1.22443 0.147518 0.897431 1.89718 2.89703 3.89693 
4.89676 5.89655 6.89644 7.8953 8.89505 9.89392 10.8935 11.8934 12.8929 
13.892 14.8913 15.8911 16.8911 17.891 18.8909 19.8907 20.8906 21.8904 
22.8901 23.8897 24.8896 25.8896 26.8895 27.8893 28.8888 29.8875 30.8869 
31.887 32.8867 33.8867 34.8867 35.8866 36.8866 37.8865 38.8864 39.8864 
40.8865 -42.7057 -41.9557 -40.9558 -39.9559 -38.956 -37.956 -36.956 -35.956 
-34.956 -33.9563 -32.9566 -31.9573 -30.9577 -29.9587 -28.9594 -27.9597 -26.9598 
-25.9599 -24.9601 -23.9604 -22.9607 -21.961 -20.9612 -19.9612 -18.9612 -17.9613 
-16.9614 -15.9616 -14.9618 -13.9624 -12.9626 -11.9627 -10.9627 -9.96304 -8.96335 
-7.96335 -6.96345 -5.96368 -4.96376 -3.96386 -2.96409 -1.96427 -0.964493 0.0157159 
0.765258 1.76501 2.76479 3.76471 4.76461 5.7645 6.76429 7.76341 8.7632 
9.76274 10.7625 11.7624 12.7621 13.7615 14.7615 15.7614 16.7613 17.7613 
18.7613 19.7613 20.7612 21.761 22.7607 23.7606 24.7604 25.7601 26.7591 
27.7584 28.758 29.758 30.7573 31.7568 32.7567 33.7567 34.7566 35.7566 
36.7566 37.7563 38.7561 39.756 40.7559 41.7558 -42.9837 -41.9837 -40.9838 
-39.984 -38.9842 -37.9844 -36.9844 -35.9844 -34.9845 -33.9846 -32.9847 -31.9847 
-30.9857 -29.9857 -28.9868 -27.987 -26.9871 -25.9872 -24.9874 -23.9876 -22.9879 
-21.9882 -20.9884 -19.9885 -18.9885 -17.9885 -16.9886 -15.9887 -14.9887 -13.9891 
-12.9893 -11.9895 -10.9896 -9.99017 -8.99019 -7.99117 -6.9912 -5.99127 -4.99136 
-3.99145 -2.99157 -1.99172 -0.991978 0.0274403 0.777344 1.77714 2.77699 3.77683 
4.77665 5.77654 6.77636 7.77479 8.77386 9.7732 10.7728 11.7727 12.7723 
13.7714 14.7709 15.7709 16.7709 17.7708 18.7707 19.7707 20.7705 21.7701 
22.7698 23.7698 24.7697 25.7697 26.7696 27.7693 28.769 29.7682 30.7675 
31.7672 32.7671 33.767 34.767 35.7668 36.7667 37.7666 38.7666 39.7665 
40.7665 -44.0036 -42.7537 -41.7538 -40.754 -39.754 -38.754 -37.754 -36.7541 
-35.7542 -34.7546 -33.7547 -32.7551 -31.755 -30.755 -29.7554 -28.7562 -27.7568 
-26.7573 -25.7576 -24.7576 -23.7577 -22.7577 -21.7578 -20.7578 -19.7578 -18.7578 
-17.7579 -16.758 -15.7581 -14.7582 -13.7583 -12.7583 -11.7585 -10.7587 -9.75871 
-8.75908 -7.75975 -6.76059 -5.76081 -4.76087 -3.76102 -2.7611 -1.76118 -0.761583 
0.19865 1.15912 2.15895 3.15886 4.15888 5.15847 6.15819 7.15699 8.15587 
9.15448 10.154 11.154 12.1539 13.1536 14.1532 15.1529 16.1529 17.1529 
18.1528 19.1528 20.1527 21.1527 22.1524 23.1522 24.152 25.1519 26.1514 
27.1511 28.1508 29.1503 30.15 31.1496 32.1496 33.1492 34.1489 35.1486 
36.1485 37.1484 38.1484 39.1484 40.1483 41.1483 42.1483 -42.9322 -41.9321 
-40.9322 -39.9323 -38.9324 -37.9324 -36.9325 -35.9324 -34.9326 -33.9326 -32.9326 
-31.9333 -30.9333 -29.9353 -28.9359 -27.936 -26.936 -25.9361 -24.9363 -23.9367 
-22.9371 -21.9375 -20.9377 -19.9378 -18.9378 -17.9378 -16.9379 -15.9379 -14.9384 
-13.9384 -12.9385 -11.9386 -10.9387 -9.93904 -8.9394 -7.94083 -6.94123 -5.9413 
-4.94139 -3.94154 -2.94168 -1.94194 -0.942132 0.0217617 0.771615 1.77141 2.77127 
3.77122 4.77106 5.77097 6.77081 7.76916 8.76816 9.76744 10.7669 11.7668 
12.7663 13.7652 14.7644 15.7642 16.7641 17.7641 18.764 19.7638 20.7636 
21.7632 22.7626 23.7622 24.762 25.7614 26.7614 27.7614 28.7614 29.7605 
30.7598 31.7595 32.7595 33.7595 34.7594 35.7594 36.7593 37.7591 38.7591 
39.7591 -43.508 -42.758 -41.758 -40.7582 -39.7583 -38.7586 -37.7587 -36.7588 
-35.7589 -34.759 -33.7594 -32.7598 -31.7601 -30.7611 -29.7623 -28.7635 -27.7642 
-26.7644 -25.7645 -24.7646 -23.7649 -22.7651 -21.7653 -20.7655 -19.7655 -18.7656 
-17.7656 -16.7656 -15.7658 -14.7659 -13.7662 -12.7663 -11.7663 -10.7666 -9.76691 
-8.76722 -7.7672 -6.76735 -5.76751 -4.76766 -3.76767 -2.7679 -1.76799 -0.768279 
0.212802 1.19403 2.19388 3.19377 4.19378 5.19349 6.19331 7.19227 8.19124 
9.19028 10.1894 11.1894 12.1893 13.1886 14.1874 15.1873 16.1871 17.1871 
18.1871 19.187 20.1868 21.1864 22.1858 23.1854 24.1851 25.185 26.185 
27.1849 28.1846 29.1838 30.1834 31.1832 32.1831 33.1828 34.1828 35.1828 
36.1826 37.1826 38.1826 39.1826 40.1826 41.1825 -39.7555 -38.7557 -37.7558 
-36.7559 -35.7559 -34.7559 -33.7564 -32.7567 -31.7575 -30.7584 -29.7587 -28.7593 
-27.7593 -26.7596 -25.7597 -24.76 -23.7604 -22.761 -21.7613 -20.7614 -19.7614 
-18.7615 -17.7616 -16.7616 -15.7618 -14.7624 -13.7631 -12.7634 -11.7634 -10.7638 
-9.76446 -8.76469 -7.76526 -6.76523 -5.76537 -4.76558 -3.76582 -2.76605 -1.7663 
-0.766714 0.19319 1.15309 2.15267 3.15264 4.15263 5.15246 6.15243 7.15199 
8.15155 9.15117 10.1508 11.1507 12.1506 13.1502 14.1499 15.1498 16.1497 
17.1497 18.1496 19.1497 20.1496 21.1495 22.1493 23.149 24.1489 25.1487 
26.1481 27.1463 28.1457 29.1456 30.1455 31.145 32.1445 33.1443 34.144 
35.1439 36.1438 37.1438 38.1436 39.1435 40.1433 41.1432 42.1432 -41.5057 
-40.7558 -39.7558 -38.7559 -37.756 -36.7562 -35.7562 -34.7563 -33.7565 -32.7567 
-31.7571 -30.7575 -29.7582 -28.7584 -27.7585 -26.7586 -25.759 -24.7593 -23.76 
-22.7603 -21.7607 -20.7609 -19.761 -18.761 -17.761 -16.7611 -15.7613 -14.7613 
-13.762 -12.7623 -11.7623 -10.7627 -9.7633 -8.76353 -7.76406 -6.76407 -5.76421 
-4.76438 -3.76463 -2.76489 -1.76513 -0.76538 0.197808 1.16094 2.1605 3.16051 
4.1605 5.16034 6.1603 7.15984 8.15943 9.15904 10.1587 11.1586 12.1584 
13.158 14.1577 15.1576 16.1576 17.1575 18.1576 19.1575 20.1575 21.1574 
22.1571 23.1569 24.1568 25.1565 26.1559 27.1541 28.1535 29.1534 30.1533 
31.1529 32.1524 33.1522 34.152 35.1518 36.1517 37.1517 38.1515 39.1514 
40.1512 41.1511 42.1511 -43.8884 -43.1385 -42.1386 -41.139 -40.1392 -39.1394 
-38.1394 -37.1394 -36.1395 -35.1396 -34.1399 -33.1399 -32.1403 -31.1406 -30.1416 
-29.1432 -28.1438 -27.1443 -26.1444 -25.1445 -24.1447 -23.1448 -22.1448 -21.1449 
-20.1449 -19.1449 -18.1449 -17.1449 -16.1449 -15.1451 -14.1451 -13.1451 -12.1452 
-11.1456 -10.1457 -9.14589 -8.14608 -7.14748 -6.14775 -5.1477 -4.14772 -3.14785 
-2.14793 -1.14812 -0.198965 0.750575 1.75055 2.7504 3.75036 4.75018 5.74989 
6.74967 7.74755 8.99648 10.2454 11.2454 12.2453 13.245 14.2444 15.244 
16.244 17.244 18.244 19.244 20.2438 21.2438 22.2434 23.243 24.2428 
25.2428 26.2426 27.2425 28.2419 29.2412 30.2409 31.2402 32.2399 33.2397 
34.2397 35.2396 36.2395 37.2395 38.2393 39.2393 40.2393 41.2393 -41.9257 
-40.9257 -39.9258 -38.9259 -37.9259 -36.926 -35.926 -34.9261 -33.9263 -32.9268 
-31.9278 -30.9277 -29.929 -28.9294 -27.9294 -26.9294 -25.9296 -24.9299 -23.9303 
-22.9305 -21.9304 -20.9305 -19.9306 -18.9307 -17.9307 -16.9308 -15.9309 -14.9315 
-13.9321 -12.9325 -11.9326 -10.9327 -9.93268 -8.93373 -7.93505 -6.93542 -5.93562 
-4.93575 -3.93583 -2.93611 -1.93629 -0.936546 -0.186779 1.15381 2.15367 3.1537 
4.15359 5.15337 6.15326 7.1531 8.15183 9.15156 10.151 11.1506 12.1505 
13.1502 14.1494 15.149 16.1489 17.1489 18.1488 19.1488 20.1487 21.1485 
22.1481 23.1477 24.1473 25.1472 26.1471 27.1471 28.1469 29.1463 30.146 
31.1456 32.1454 33.1451 34.145 35.145 36.145 37.1449 38.1447 39.1446 
40.1445 41.1445 -40.7385 -39.9885 -38.9886 -37.9887 -36.9888 -35.9888 -34.9889 
-33.9892 -32.9894 -31.9902 -30.9918 -29.9922 -28.9922 -27.9922 -26.9926 -25.9925 
-24.9931 -23.9933 -22.9937 -21.9939 -20.994 -19.9941 -18.9941 -17.9942 -16.9942 
-15.9942 -14.9948 -13.9958 -12.9963 -11.9964 -10.9964 -9.99676 -8.99777 -7.99776 
-6.99791 -5.9979 -4.99795 -3.99812 -2.99829 -1.99852 -0.998744 0.0135456 0.763405 
1.76314 2.76298 3.76285 4.76275 5.76265 6.76247 7.76158 8.76135 9.76087 
10.7606 11.7604 12.7604 13.7599 14.7595 15.7595 16.7594 17.7594 18.7594 
19.7592 20.759 21.7586 22.7583 23.758 24.7579 25.7577 26.7577 27.7574 
28.7569 29.7567 30.7563 31.7559 32.7558 33.7555 34.7554 35.7554 36.7554 
37.7552 38.7552 39.7552 40.7552 -42.8031 -41.8032 -40.8032 -39.8033 -38.8036 
-37.8036 -36.8037 -35.8037 -34.8038 -33.8043 -32.8047 -31.8051 -30.806 -29.8061 
-28.8069 -27.807 -26.8071 -25.8072 -24.8074 -23.8076 -22.8079 -21.8082 -20.8084 
-19.8085 -18.8085 -17.8085 -16.8085 -15.8087 -14.8088 -13.8091 -12.8093 -11.8095 
-10.8097 -9.81051 -8.81089 -7.81189 -6.81189 -5.812 -4.81211 -3.81215 -2.81242 
-1.81256 -0.812834 -0.0631355 0.95037 1.95015 2.95002 3.94987 4.94967 5.94951 
6.94951 7.94795 8.94767 9.94704 10.9466 11.9466 12.9464 13.9459 14.9454 
15.9454 16.9453 17.9454 18.9453 19.9453 20.9451 21.9448 22.9445 23.9444 
24.9444 25.9442 26.944 27.9437 28.9426 29.9423 30.9418 31.9418 32.9418 
33.9415 34.9414 35.9413 36.9414 37.9412 38.9411 39.9411 40.941 41.9409 
-40.9779 -39.9779 -38.978 -37.978 -36.9781 -35.9781 -34.9783 -33.9787 -32.9795 
-31.9799 -30.98 -29.9805 -28.9813 -27.9813 -26.9813 -25.9816 -24.9819 -23.982 
-22.9824 -21.9828 -20.983 -19.9831 -18.9831 -17.9832 -16.9832 -15.9834 -14.9839 
-13.9847 -12.9851 -11.9852 -10.9852 -9.98566 -8.98662 -7.98663 -6.98676 -5.98676 
-4.98685 -3.987 -2.98719 -1.9874 -0.987754 0.0106836 0.760634 1.76031 2.76009 
3.76001 4.75993 5.75982 6.75963 7.75875 8.75852 9.75803 10.7577 11.7576 
12.7575 13.7571 14.7565 15.7564 16.7563 17.7563 18.7563 19.7561 20.7559 
21.7556 22.7551 23.7548 24.7547 25.7546 26.7545 27.7543 28.7538 29.7536 
30.7531 31.7529 32.7526 33.7525 34.7525 35.7525 36.7525 37.7524 38.7523 
39.7523 40.7523 -42.9768 -42.2269 -41.2269 -40.227 -39.2271 -38.2271 -37.2272 
-36.2273 -35.2272 -34.2275 -33.2275 -32.228 -31.229 -30.229 -29.229 -28.2293 
-27.2293 -26.2294 -25.2296 -24.2298 -23.2299 -22.2303 -21.2305 -20.2306 -19.2307 
-18.2307 -17.2307 -16.231 -15.2314 -14.2319 -13.2321 -12.2323 -11.2323 -10.2328 
-9.23327 -8.23406 -7.23414 -6.23434 -5.23441 -4.2345 -3.23468 -2.23484 -1.23523 
0.0216024 0.77143 1.77119 2.77099 3.77092 4.77077 5.77066 6.77064 7.76958 
8.76961 9.76933 10.769 11.7689 12.7685 13.7677 14.7677 15.7677 16.7676 
17.7676 18.7676 19.7675 20.7674 21.7672 22.7669 23.7668 24.7666 25.7662 
26.7653 27.7645 28.7642 29.7642 30.7636 31.7631 32.7629 33.7629 34.7629 
35.7628 36.7629 37.7628 38.7627 39.7626 40.7626 41.7625 -43.7596 -42.7599 
-41.76 -40.7601 -39.7602 -38.7603 -37.7603 -36.7603 -35.7605 -34.761 -33.761 
-32.7612 -31.7614 -30.7637 -29.7637 -28.7647 -27.7656 -26.7659 -25.766 -24.7661 
-23.7663 -22.7665 -21.7666 -20.7668 -19.7668 -18.7668 -17.7668 -16.7669 -15.767 
-14.7671 -13.7671 -12.7672 -11.7674 -10.7675 -9.76785 -8.76817 -7.77026 -6.77111 
-5.77118 -4.77122 -3.77131 -2.77147 -1.7716 -0.771903 0.133574 1.03925 2.03904 
3.03899 4.039 5.03872 6.03858 7.03742 8.03639 9.03639 10.036 11.0359 
12.0358 13.0352 14.0341 15.0338 16.0338 17.0338 18.0338 19.0337 20.0335 
21.0332 22.0326 23.0323 24.0321 25.032 26.032 27.0317 28.0313 29.0304 
30.0298 31.0296 32.0295 33.0294 34.0293 35.0292 36.0292 37.0292 38.029 
39.0289 40.0289 41.0288 -43.8902 -43.1403 -42.1405 -41.1406 -40.1409 -39.1412 
-38.1412 -37.1413 -36.1413 -35.1414 -34.1418 -33.1418 -32.1421 -31.1425 -30.1438 
-29.1443 -28.145 -27.1455 -26.1458 -25.1459 -24.1461 -23.1462 -22.1462 -21.1463 
-20.1463 -19.1464 -18.1464 -17.1464 -16.1463 -15.1465 -14.1466 -13.1466 -12.1467 
-11.1468 -10.147 -9.14713 -8.14729 -7.14864 -6.14889 -5.14892 -4.14891 -3.14901 
-2.14913 -1.14929 -0.199684 0.749918 1.74976 2.74966 3.7496 4.74943 5.74915 
6.74894 7.74681 8.99611 10.2449 11.2449 12.2448 13.2444 14.2438 15.2434 
16.2435 17.2434 18.2434 19.2434 20.2432 21.2428 22.2424 23.242 24.2418 
25.2417 26.2416 27.2416 28.2412 29.2405 30.2398 31.2396 32.2396 33.2395 
34.2394 35.2394 36.2393 37.2392 38.2391 39.2391 40.239 41.239 -40.9397 
-39.9397 -38.9397 -37.9398 -36.9399 -35.9399 -34.94 -33.9402 -32.9406 -31.9417 
-30.9425 -29.9425 -28.9428 -27.9428 -26.9428 -25.943 -24.9432 -23.9435 -22.9439 
-21.9441 -20.9441 -19.9442 -18.9442 -17.9442 -16.9442 -15.9444 -14.9448 -13.9455 
-12.9459 -11.946 -10.946 -9.94647 -8.94758 -7.94788 -6.94814 -5.94826 -4.94841 
-3.94853 -2.94877 -1.94904 -0.949295 -0.199473 1.07026 2.06998 3.06983 4.06973 
5.06946 6.06925 7.06916 8.06818 9.06797 10.0675 11.0672 12.0671 13.0668 
14.0663 15.0657 16.0655 17.0655 18.0655 19.0654 20.0654 21.0654 22.0653 
23.065 24.0648 25.0646 26.0644 27.0636 28.0626 29.0617 30.0617 31.0613 
32.0613 33.0613 34.061 35.0609 36.0608 37.0608 38.0607 39.0606 40.0606 
41.0604 42.0604 -43.7395 -42.9895 -41.9895 -40.9895 -39.9897 -38.9897 -37.9898 
-36.9899 -35.9899 -34.99 -33.9904 -32.9906 -31.991 -30.9922 -29.9941 -28.995 
-27.9951 -26.9952 -25.9952 -24.9954 -23.9956 -22.9959 -21.996 -20.9961 -19.9962 
-18.9962 -17.9962 -16.9963 -15.9965 -14.9967 -13.997 -12.9973 -11.9974 -10.9976 
-9.99805 -8.99809 -7.99905 -6.99908 -5.99915 -4.99927 -3.99935 -2.99955 -1.99975 
-0.999966 0.0277707 0.777426 1.77723 2.77705 3.77693 4.77674 5.77661 6.77644 
7.77489 8.77398 9.77334 10.7729 11.7728 12.7725 13.7717 14.7712 15.771 
16.771 17.771 18.7709 19.771 20.7707 21.7704 22.7699 23.7696 24.7695 
25.7694 26.7692 27.7688 28.7683 29.768 30.7675 31.7673 32.7671 33.767 
34.7669 35.7669 36.7668 37.7666 38.7666 39.7664 40.7664 -43.007 -42.0071 
-41.0073 -40.0074 -39.0076 -38.0076 -37.0076 -36.0077 -35.0077 -34.0079 -33.0082 
-32.0083 -31.0095 -30.0099 -29.0109 -28.0119 -27.0125 -26.0126 -25.0128 -24.013 
-23.0131 -22.0133 -21.0135 -20.0134 -19.0135 -18.0135 -17.0135 -16.0136 -15.0138 
-14.0139 -13.014 -12.0142 -11.0143 -10.0147 -9.01567 -8.0163 -7.01869 -6.0189 
-5.01905 -4.01908 -3.01924 -2.01936 -1.01948 -0.115271 0.789086 1.78891 2.78876 
3.7887 4.78851 5.78828 6.7869 7.78368 8.78326 9.78263 10.7823 11.7821 
12.7816 13.7806 14.78 15.78 16.7799 17.7799 18.7798 19.7798 20.7795 
21.779 22.7786 23.7783 24.7781 25.778 26.7568 27.7565 28.756 29.7552 
30.7544 31.7539 32.7528 33.7525 34.7524 35.7524 36.7523 37.7523 38.7522 
39.7523 -44.2492 -43.2494 -42.2496 -41.2499 -40.2499 -39.25 -38.25 -37.25 
-36.2501 -35.251 -34.2514 -33.2519 -32.252 -31.0038 -29.7544 -28.7547 -27.7554 
-26.7557 -25.7558 -24.756 -23.7561 -22.7563 -21.7563 -20.7563 -19.7563 -18.7564 
-17.7564 -16.7565 -15.7566 -14.7567 -13.7568 -12.7568 -11.757 -10.7571 -9.75718 
-8.75757 -7.7583 -6.75916 -5.75933 -4.75948 -3.75953 -2.7596 -1.75971 -0.760046 
0.200719 1.16183 2.16167 3.16158 4.1616 5.16118 6.16092 7.15974 8.15862 
9.15721 10.1567 11.1567 12.1566 13.1564 14.1559 15.1556 16.1556 17.1555 
18.1555 19.1555 20.1554 21.1552 22.1548 23.1545 24.1543 25.1542 26.1538 
27.1528 28.152 29.152 30.1514 31.1512 32.151 33.1506 34.1503 35.1501 
36.15 37.1499 38.1499 39.1498 40.1498 41.1498 42.1497 -41.5061 -40.7562 
-39.7563 -38.7564 -37.7565 -36.7565 -35.7566 -34.7566 -33.7568 -32.757 -31.7569 
-30.7578 -29.7583 -28.7589 -27.7591 -26.7591 -25.7592 -24.7594 -23.7599 -22.7603 
-21.7604 -20.7606 -19.7607 -18.7607 -17.7607 -16.7608 -15.761 -14.7613 -13.762 
-12.7623 -11.7623 -10.7626 -9.76323 -8.76371 -7.7645 -6.76461 -5.76482 -4.76498 
-3.76506 -2.76532 -1.76558 -0.765824 0.196199 1.15798 2.15759 3.15727 4.15725 
5.15705 6.15703 7.15655 8.15614 9.15575 10.1554 11.1553 12.1552 13.1551 
14.1549 15.1548 16.1547 17.1546 18.1546 19.1546 20.1546 21.1545 22.1542 
23.1541 24.1541 25.1538 26.153 27.1518 28.1515 29.1511 30.1506 31.1499 
32.1495 33.1492 34.1492 35.1492 36.1492 37.1492 38.1491 39.149 40.1489 
41.1489 42.1488 -42.5245 -41.7745 -40.7746 -39.7746 -38.7746 -37.7748 -36.7749 
-35.775 -34.7751 -33.7754 -32.7757 -31.7764 -30.7767 -29.7773 -28.7773 -27.7773 
-26.7775 -25.7778 -24.7782 -23.7785 -22.7788 -21.7789 -20.7789 -19.779 -18.779 
-17.7791 -16.7794 -15.7799 -14.7799 -13.7799 -12.78 -11.7802 -10.7805 -9.78063 
-8.78063 -7.78064 -6.78065 -5.78068 -4.78118 -3.7825 -2.78361 -1.78401 -0.784538 
0.0448747 0.874154 1.87315 2.86238 3.86234 4.86236 5.86232 6.86231 7.86227 
8.86204 9.86182 10.8614 11.8613 12.8612 13.8609 14.8609 15.8606 16.8605 
17.8604 18.8605 19.8604 20.8604 21.8604 22.8602 23.8601 24.8599 25.8597 
26.859 27.8586 28.8584 29.8577 30.8575 31.8576 32.8575 33.8572 34.8572 
35.8572 36.8571 37.8571 38.8571 39.8569 40.8569 41.857 42.8569 -41.2421 
-40.2422 -39.2422 -38.2424 -37.2425 -36.2426 -35.2427 -34.2427 -33.2431 -32.2431 
-31.2439 -30.2442 -29.2447 -28.2449 -27.245 -26.2451 -25.2454 -24.2459 -23.2464 
-22.2468 -21.2472 -20.2473 -19.2473 -18.2473 -17.2473 -16.2475 -15.2476 -14.2479 
-13.2484 -12.2486 -11.2486 -10.2494 -9.24985 -8.25075 -7.251 -6.25103 -5.25125 
-4.25146 -3.25168 -2.25189 -1.25216 -0.0152876 1.20865 2.20824 3.20825 4.20794 
5.20779 6.20774 7.2077 8.20768 9.20728 10.2073 11.2072 12.207 13.2069 
14.2068 15.2067 16.2067 17.2066 18.2066 19.2066 20.2066 21.2065 22.2063 
23.2061 24.2061 25.2058 26.205 27.2037 28.2034 29.203 30.2025 31.2021 
32.2019 33.2018 34.2018 35.2017 36.2016 37.2017 38.2016 39.2015 40.2015 
41.2014 42.2013 -41.7288 -40.9788 -39.9788 -38.979 -37.979 -36.9792 -35.9792 
-34.9793 -33.9795 -32.9796 -31.9802 -30.9803 -29.9811 -28.9814 -27.9814 -26.9815 
-25.9819 -24.9821 -23.9824 -22.9829 -21.9832 -20.9835 -19.9836 -18.9836 -17.9837 
-16.9837 -15.9839 -14.9844 -13.985 -12.9853 -11.9854 -10.9854 -9.98577 -8.98672 
-7.98672 -6.98686 -5.98693 -4.98709 -3.98728 -2.98744 -1.98766 -0.987872 0.0119015 
0.761487 1.76119 2.76101 3.76093 4.76082 5.76073 6.76054 7.75964 8.7594 
9.75894 10.7587 11.7585 12.7584 13.7581 14.7577 15.7575 16.7574 17.7574 
18.7574 19.7572 20.7572 21.757 22.7568 23.7567 24.7565 25.7565 26.7562 
27.7554 28.7549 29.7541 30.7541 31.7535 32.7533 33.753 34.7529 35.7529 
36.7528 37.7525 38.7524 39.7522 40.7522 -43.1574 -42.1575 -41.1575 -40.1575 
-39.1577 -38.158 -37.1581 -36.158 -35.1581 -34.1583 -33.1586 -32.1588 -31.1592 
-30.1596 -29.1601 -28.1605 -27.1606 -26.1608 -25.161 -24.1612 -23.1614 -22.1616 
-21.1619 -20.162 -19.162 -18.162 -17.1621 -16.1623 -15.1624 -14.1626 -13.1628 
-12.1629 -11.163 -10.1634 -9.16388 -8.16407 -7.1651 -6.16537 -5.16549 -4.16558 
-3.16574 -2.16585 -1.16601 -0.18421 0.797722 1.79745 2.79733 3.79726 4.79712 
5.7969 6.79683 7.79485 8.79435 9.79343 10.793 11.7929 12.7924 13.7914 
14.7908 15.7908 16.7907 17.7907 18.7906 19.7905 20.7903 21.7901 22.7896 
23.7887 24.7882 25.788 26.788 27.7879 28.7875 29.7866 30.786 31.7858 
32.7857 33.7855 34.7855 35.7855 36.7855 37.7855 38.7854 39.7854 40.7853 
-43.2307 -42.2307 -41.2308 -40.2307 -39.2309 -38.231 -37.2311 -36.2311 -35.2311 
-34.2311 -33.2314 -32.2316 -31.2316 -30.2329 -29.233 -28.233 -27.2331 -26.2332 
-25.2334 -24.2337 -23.234 -22.2343 -21.2345 -20.2345 -19.2345 -18.2345 -17.2346 
-16.2348 -15.2348 -14.2352 -13.2355 -12.2356 -11.2357 -10.2362 -9.23663 -8.23742 
-7.23753 -6.23773 -5.23784 -4.23792 -3.23809 -2.23828 -1.23845 0.251858 1.00151 
2.0013 3.00116 4.00107 5.00087 6.00072 7.00075 7.99962 8.99963 9.99936 
10.999 11.9989 12.9985 13.9979 14.9975 15.9976 16.9975 17.9975 18.9975 
19.9973 20.9972 21.997 22.9967 23.9966 24.9964 25.9961 26.9952 27.9942 
28.9937 29.9937 30.9933 31.9931 32.9929 33.9926 34.9925 35.9925 36.9924 
37.9922 38.9921 39.9919 40.9918 41.9918 -42.878 -41.8781 -40.8781 -39.8782 
-38.8783 -37.8783 -36.8784 -35.8784 -34.8786 -33.8787 -32.8788 -31.8796 -30.8796 
-29.8816 -28.8821 -27.8822 -26.8823 -25.8824 -24.8826 -23.883 -22.8834 -21.8839 
-20.8841 -19.8842 -18.8843 -17.8843 -16.8844 -15.8845 -14.8846 -13.8846 -12.8847 
-11.8849 -10.885 -9.88535 -8.88568 -7.88721 -6.88766 -5.88785 -4.88794 -3.88809 
-2.88823 -1.8884 -0.888573 0.0439061 0.793832 1.7936 2.79347 3.79342 4.79328 
5.79305 6.79277 7.79276 8.79205 9.79082 10.7904 11.7904 12.7898 13.7887 
14.7878 15.7876 16.7876 17.7876 18.7875 19.7875 20.7873 21.7871 22.7866 
23.7863 24.7861 25.7861 26.7838 27.7838 28.7837 29.7833 30.7825 31.7817 
32.7811 33.7809 34.7808 35.7807 36.7805 37.7805 38.7804 -43.8894 -43.1395 
-42.1396 -41.14 -40.1403 -39.1407 -38.1407 -37.1407 -36.1407 -35.1408 -34.1411 
-33.1411 -32.1416 -31.1419 -30.1431 -29.1437 -28.1444 -27.1448 -26.145 -25.1452 
-24.1454 -23.1455 -22.1455 -21.1456 -20.1457 -19.1457 -18.1457 -17.1457 -16.1457 
-15.1459 -14.1459 -13.1459 -12.146 -11.1462 -10.1463 -9.14644 -8.14664 -7.14798 
-6.14822 -5.14824 -4.14824 -3.14837 -2.14842 -1.14864 -0.198841 0.751236 1.7511 
2.751 3.75094 4.75078 5.7505 6.75029 7.74816 8.74764 9.99652 11.2462 
12.2461 13.2458 14.2451 15.2447 16.2447 17.2447 18.2447 19.2446 20.2447 
21.2443 22.2437 23.2434 24.2432 25.2431 26.2431 27.2431 28.2427 29.2423 
30.242 31.2418 32.2418 33.2417 34.2416 35.2416 36.2415 37.2415 38.2413 
39.2412 40.2412 41.2412 -43.2202 -42.2202 -41.2203 -40.2204 -39.2205 -38.2207 
-37.2207 -36.2207 -35.2208 -34.2209 -33.221 -32.2212 -31.2215 -30.2223 -29.2231 
-28.2231 -27.2232 -26.2233 -25.2234 -24.2236 -23.2239 -22.2239 -21.2241 -20.2242 
-19.2242 -18.2242 -17.2243 -16.2244 -15.2245 -14.2246 -13.2248 -12.2249 -11.225 
-10.2254 -9.22636 -8.22638 -7.22634 -6.22656 -5.22675 -4.22673 -3.22687 -2.22708 
-1.22724 -0.234766 0.757762 1.75754 2.75743 3.75732 4.75712 5.75689 6.75664 
7.75461 8.75327 9.75237 10.7519 11.7519 12.7514 13.7503 14.7496 15.7495 
16.7495 17.7495 18.7495 19.7493 20.7489 21.7484 22.7478 23.7478 24.7475 
25.7475 26.7475 27.7474 28.9964 30.2451 31.2448 32.2443 33.2439 34.2438 
35.2437 36.2435 37.2434 38.2434 39.2434 -40.9665 -39.9666 -38.9667 -37.9667 
-36.9668 -35.9668 -34.9669 -33.9672 -32.9674 -31.9682 -30.9699 -29.9703 -28.9703 
-27.9703 -26.9707 -25.9707 -24.9713 -23.9715 -22.9719 -21.9723 -20.9725 -19.9726 
-18.9726 -17.9727 -16.9726 -15.9727 -14.9737 -13.9743 -12.9748 -11.9749 -10.9749 
-9.9753 -8.97627 -7.97628 -6.97638 -5.97644 -4.97647 -3.97665 -2.97682 -1.977 
-0.977391 0.00115538 0.751101 1.7508 2.7506 3.7505 4.7504 5.75031 6.75013 
7.74923 8.74898 9.74853 10.7482 11.7481 12.748 13.7476 14.7472 15.7471 
16.747 17.747 18.7469 19.7468 20.7467 21.9965 23.246 24.2458 25.2457 
26.2455 27.2449 28.2448 29.2442 30.2438 31.2437 32.2435 33.2432 34.2431 
35.243 36.2429 37.2428 38.2426 39.2425 40.2424 41.2424 -43.247 -42.2471 
-41.247 -40.2472 -39.2473 -38.2472 -37.2474 -36.2475 -35.2475 -34.2477 -33.2482 
-32.2488 -31.2493 -30.2498 -29.2502 -28.2507 -27.2508 -26.2509 -25.251 -24.2512 
-23.2515 -22.2518 -21.2521 -20.2522 -19.2522 -18.2522 -17.2523 -16.2524 -15.2525 
-14.2527 -13.253 -12.2532 -11.2533 -10.0037 -8.7539 -7.75489 -6.7549 -5.755 
-4.75505 -3.75514 -2.7553 -1.75556 -0.755807 -0.00604462 1.01503 2.01479 3.0146 
4.01449 5.0143 6.01416 7.01397 8.01244 9.01156 10.0109 11.0105 12.0104 
13.0101 14.0094 15.009 16.009 17.0089 18.0089 19.0089 20.0088 21.0086 
22.0082 23.0078 24.0076 25.0075 26.0073 27.007 28.0067 29.0066 30.0057 
31.0052 32.0049 33.0049 34.0047 35.0046 36.0046 37.0045 38.0042 39.0041 
40.0041 41.004 -42.9984 -41.9984 -40.9985 -39.9987 -38.9989 -37.9991 -36.9991 
-35.9991 -34.9992 -33.9997 -32.9998 -31.9998 -31.0008 -30.0008 -29.002 -28.0022 
-27.0022 -26.0023 -25.0025 -24.0028 -23.003 -22.0034 -21.0036 -20.0036 -19.0036 
-18.0037 -17.0037 -16.0039 -15.0039 -14.0043 -13.0045 -12.0046 -11.0048 -10.0048 
-9.0048 -8.00579 -7.00578 -6.00589 -5.00593 -4.00603 -3.00618 -2.00636 -1.00671 
0.0199751 0.769818 1.76964 2.76946 3.76932 4.76912 5.76901 6.76885 7.76732 
8.76639 9.76573 10.7653 11.7652 12.7648 13.764 14.7635 15.7635 16.7635 
17.7635 18.7633 19.7632 20.763 21.7625 22.762 23.7617 24.7616 25.7615 
26.7614 27.761 28.7606 29.7599 30.7594 31.7591 32.7589 33.7588 34.7589 
35.7587 36.7586 37.7583 38.7583 39.7582 40.7582 -39.7548 -38.7549 -37.7549 
-36.7551 -35.7552 -34.7552 -33.7556 -32.7558 -31.7564 -30.7571 -29.7576 -28.7576 
-27.7577 -26.7577 -25.7579 -24.7582 -23.7586 -22.7593 -21.7595 -20.7596 -19.7596 
-18.7597 -17.7597 -16.7597 -15.76 -14.7606 -13.7613 -12.7615 -11.7616 -10.762 
-9.7626 -8.76283 -7.76339 -6.76338 -5.76351 -4.76374 -3.76394 -2.7642 -1.76442 
-0.764676 0.198284 1.16123 2.16076 3.16079 4.16077 5.16064 6.1606 7.16013 
8.15971 9.1593 10.159 11.1588 12.1587 13.1583 14.158 15.1579 16.1578 
17.1578 18.1578 19.1578 20.1577 21.1575 22.1573 23.157 24.1569 25.1567 
26.1563 27.155 28.1548 29.1545 30.1544 31.1536 32.1534 33.1533 34.1533 
35.1532 36.1532 37.1532 38.1531 39.153 40.153 41.1529 42.1529 -42.9751 
-41.9751 -40.9752 -39.9753 -38.9756 -37.9757 -36.9758 -35.9758 -34.9759 -33.9759 
-32.9759 -31.9765 -30.9765 -29.9782 -28.9788 -27.9789 -26.9789 -25.979 -24.9793 
-23.9796 -22.9799 -21.9802 -20.9804 -19.9804 -18.9804 -17.9804 -16.9805 -15.9807 
-14.9811 -13.9815 -12.9817 -11.9819 -10.982 -9.9824 -8.98277 -7.9841 -6.98448 
-5.98456 -4.98461 -3.98468 -2.98484 -1.98503 -0.985247 0.0291542 0.779095 1.77888 
2.77869 3.77856 4.77838 5.77828 6.77812 7.77654 8.77557 9.77491 10.7745 
11.7744 12.774 13.773 14.7725 15.7725 16.7725 17.7724 18.7723 19.7722 
20.7721 21.7719 22.7713 23.771 24.7708 25.7708 26.7707 27.7706 28.7698 
29.7688 30.7688 31.7686 32.7684 33.7682 34.7682 35.7681 36.7681 37.7679 
38.7678 39.7678 40.7678 -43.0762 -42.0764 -41.0765 -40.0766 -39.0769 -38.0769 
-37.0769 -36.077 -35.0772 -34.0772 -33.0776 -32.0778 -31.0788 -30.0793 -29.0797 
-28.0801 -27.0807 -26.0808 -25.081 -24.0812 -23.0812 -22.0814 -21.0816 -20.0816 
-19.0815 -18.0816 -17.0816 -16.0817 -15.0818 -14.0819 -13.082 -12.0821 -11.0822 
-10.0823 -9.08295 -8.08365 -7.0843 -6.08455 -5.08468 -4.08476 -3.08486 -2.08505 
-1.0852 -0.167141 0.751007 1.75085 2.75073 3.75064 4.75044 5.75029 6.75029 
7.74828 8.74756 9.99657 11.2464 12.2463 13.2456 14.2445 15.2444 16.2442 
17.2442 18.2441 19.2441 20.2439 21.2435 22.2429 23.2421 24.2416 25.2414 
26.2413 27.2413 28.241 29.2403 30.2398 31.2396 32.2395 33.2392 34.2392 
35.2392 36.2391 37.2389 38.2389 39.2388 40.2389 41.2388 -42.987 -42.237 
-41.2371 -40.2371 -39.2372 -38.2374 -37.2376 -36.2376 -35.2377 -34.2379 -33.2379 
-32.2385 -31.2396 -30.2396 -29.2396 -28.2399 -27.2399 -26.2399 -25.2401 -24.2404 
-23.2408 -22.2412 -21.2414 -20.2414 -19.2414 -18.2415 -17.2416 -16.2418 -15.2423 
-14.2428 -13.243 -12.2432 -11.2432 -10.2437 -9.24423 -8.24505 -7.24514 -6.24529 
-5.24541 -4.24544 -3.24566 -2.24583 -1.24605 0.279702 1.02937 2.02914 3.029 
4.02891 5.02872 6.02851 7.02841 8.02725 9.02726 10.027 11.0266 12.0265 
13.026 14.0253 15.0249 16.0249 17.0248 18.0248 19.0248 20.0246 21.0244 
22.024 23.0236 24.0233 25.0232 26.0231 27.0228 28.0222 29.0217 30.0215 
31.0214 32.0211 33.021 34.0209 35.0209 36.0209 37.0209 38.0206 39.0205 
40.0204 41.0204 -43.5304 -42.7804 -41.7805 -40.7805 -39.7806 -38.7807 -37.7807 
-36.7808 -35.7808 -34.7808 -33.7813 -32.7818 -31.7825 -30.7838 -29.7855 -28.7865 
-27.7866 -26.7866 -25.7867 -24.7868 -23.787 -22.7873 -21.7874 -20.7875 -19.7876 
-18.7876 -17.7876 -16.7877 -15.7879 -14.7881 -13.7884 -12.7886 -11.7888 -10.7889 
-9.78945 -8.78944 -7.79041 -6.79049 -5.79066 -4.79082 -3.7909 -2.79107 -1.79136 
-0.791603 -0.0418331 1.00143 2.00129 3.00107 4.00095 5.00073 6.00058 7.00056 
7.99912 8.99884 9.99857 10.9985 11.9984 12.9982 13.9978 14.9973 15.9972 
16.9971 17.9971 18.9971 19.9971 20.997 21.9968 22.9966 23.9964 24.9962 
25.9957 26.9953 27.9951 28.9943 29.9942 30.9941 31.9939 32.9939 33.9933 
34.9932 35.993 36.9929 37.9929 38.9929 39.9928 40.9928 41.9927 -42.9842 
-41.9843 -40.9843 -39.9843 -38.9846 -37.9847 -36.9849 -35.9849 -34.985 -33.985 
-32.9849 -31.9856 -30.9856 -29.9873 -28.9878 -27.988 -26.988 -25.9881 -24.9883 
-23.9886 -22.989 -21.9894 -20.9895 -19.9896 -18.9896 -17.9895 -16.9896 -15.9898 
-14.9902 -13.9906 -12.9909 -11.9911 -10.9912 -9.99156 -8.99193 -7.99327 -6.99366 
-5.99373 -4.99383 -3.99389 -2.99402 -1.99422 -0.994551 0.0269269 0.776864 1.77664 
2.77649 3.77635 4.77615 5.77604 6.77589 7.77433 8.7734 9.77273 10.7723 
11.7722 12.7718 13.7709 14.7704 15.7704 16.7704 17.7704 18.7702 19.7701 
20.7698 21.7696 22.7694 23.769 24.7689 25.7689 26.7688 27.7688 28.7681 
29.7672 30.7672 31.7669 32.7668 33.7666 34.7666 35.7664 36.7664 37.7663 
38.7662 39.7662 40.7662 -41.5124 -40.7624 -39.7624 -38.7625 -37.7626 -36.7627 
-35.7627 -34.7628 -33.7628 -32.7628 -31.7632 -30.7636 -29.7643 -28.7645 -27.7647 
-26.7647 -25.765 -24.765 -23.7656 -22.766 -21.7664 -20.7666 -19.7667 -18.7667 
-17.7667 -16.7667 -15.767 -14.767 -13.7677 -12.7679 -11.7679 -10.7684 -9.76894 
-8.76915 -7.76973 -6.7697 -5.7698 -4.76992 -3.77004 -2.7703 -1.7706 -0.770975 
0.185314 1.14152 2.14109 3.14075 4.14076 5.14058 6.14052 7.14007 8.13965 
9.13924 10.1389 11.1388 12.1387 13.1383 14.138 15.1379 16.1378 17.1378 
18.1378 19.1377 20.1377 21.1376 22.1374 23.1372 24.137 25.1371 26.1371 
27.1353 28.1348 29.1347 30.1346 31.1343 32.1341 33.1339 34.1338 35.1337 
36.1337 37.1337 38.1335 39.1333 40.1331 41.133 42.133 -43.759 -42.7591 
-41.7593 -40.7594 -39.7596 -38.7597 -37.7596 -36.7597 -35.76 -34.7601 -33.7605 
-32.7609 -31.7611 -30.7616 -29.7621 -28.7629 -27.7637 -26.7639 -25.7641 -24.7643 
-23.7645 -22.7647 -21.7647 -20.7648 -19.7648 -18.7648 -17.7648 -16.7648 -15.7649 
-14.765 -13.7651 -12.7652 -11.7654 -10.7654 -9.76535 -8.76571 -7.76655 -6.76753 
-5.76774 -4.76787 -3.76792 -2.76813 -1.76829 -0.768278 0.152312 1.0727 2.07254 
3.07249 4.07249 5.07215 6.07199 7.07092 8.06987 9.06852 10.0681 11.0681 
12.068 13.0676 14.067 15.0667 16.0667 17.0667 18.0667 19.0666 20.0666 
21.0663 22.0658 23.0654 24.0652 25.0651 26.065 27.0649 28.0643 29.0636 
30.063 31.0628 32.0627 33.0627 34.0625 35.0624 36.0624 37.0623 38.0622 
39.0621 40.0621 41.0621 -42.9811 -42.231 -41.2311 -40.2311 -39.2312 -38.2312 
-37.2313 -36.2313 -35.2313 -34.2315 -33.2317 -32.2326 -31.2333 -30.2348 -29.2353 
-28.2353 -27.2353 -26.2355 -25.2357 -24.236 -23.2364 -22.2367 -21.2369 -20.237 
-19.237 -18.237 -17.2371 -16.2373 -15.2373 -14.2378 -13.2381 -12.2382 -11.2383 
-10.2387 -9.23918 -8.23995 -7.24007 -6.24024 -5.24035 -4.24042 -3.24057 -2.24077 
-1.241 0.0492964 0.799134 1.79893 2.79877 3.79876 4.79863 5.7985 6.79848 
7.79743 8.79744 9.79718 10.7969 11.7967 12.7963 13.7955 14.7955 15.7955 
16.7955 17.7955 18.7955 19.7953 20.7952 21.795 22.7948 23.7947 24.7945 
25.7941 26.793 27.7923 28.7924 29.792 30.7913 31.7908 32.7907 33.7907 
34.7906 35.7906 36.7905 37.7905 38.7904 39.7903 40.7903 41.7903 -43.7237 
-42.9738 -41.9738 -40.974 -39.9741 -38.9742 -37.9742 -36.9742 -35.9742 -34.9743 
-33.9746 -32.9745 -31.9749 -30.9759 -29.9773 -28.9782 -27.9784 -26.9785 -25.9785 
-24.9787 -23.9789 -22.9792 -21.9792 -20.9792 -19.9793 -18.9793 -17.9794 -16.9795 
-15.9797 -14.9799 -13.9802 -12.9805 -11.9806 -10.9807 -9.98129 -8.9819 -7.98287 
-6.98294 -5.98314 -4.9833 -3.98335 -2.98357 -1.98372 -0.983959 0.0342089 0.78384 
1.78366 2.78347 3.78336 4.78315 5.783 6.78303 7.7815 8.78122 9.78095 
10.7809 11.7807 12.7806 13.7801 14.7796 15.7795 16.7794 17.7794 18.7794 
19.7794 20.7793 21.7791 22.7788 23.7787 24.7785 25.7781 26.7771 27.776 
28.7757 29.7754 30.7752 31.7748 32.7741 33.774 34.7738 35.7739 36.7738 
37.7738 38.7738 39.7737 40.7737 41.7736 -42.7551 -41.7551 -40.7552 -39.7552 
-38.7553 -37.7554 -36.7553 -35.7554 -34.7553 -33.7555 -32.7559 -31.7566 -30.7574 
-29.7587 -28.7593 -27.7594 -26.7594 -25.7596 -24.7598 -23.7601 -22.7604 -21.7608 
-20.761 -19.7611 -18.7611 -17.7611 -16.7612 -15.7614 -14.7614 -13.7619 -12.7621 
-11.7622 -10.7623 -9.76279 -8.76327 -7.76399 -6.76409 -5.76429 -4.76438 -3.76447 
-2.76464 -1.76482 -0.76521 -0.0154875 1.22308 2.22287 3.22268 4.22259 5.22244 
6.22231 7.22231 8.22127 9.22127 10.221 11.2207 12.2206 13.2205 14.22 
15.22 16.22 17.2199 18.22 19.2199 20.2199 21.2199 22.2197 23.2195 
24.2194 25.2192 26.2188 27.2184 28.2181 29.2179 30.2177 31.2174 32.2171 
33.2167 34.2166 35.2164 36.2164 37.2163 38.2163 39.2162 40.2162 41.2162 
42.2162 -43.8049 -43.055 -42.0551 -41.0552 -40.0553 -39.0554 -38.0554 -37.0554 
-36.0555 -35.0555 -34.0559 -33.0559 -32.0562 -31.0563 -30.0575 -29.0578 -28.0586 
-27.0592 -26.0594 -25.0594 -24.0596 -23.0597 -22.0598 -21.0598 -20.0598 -19.0599 
-18.0599 -17.0599 -16.0601 -15.0602 -14.0602 -13.0603 -12.0604 -11.0605 -10.0605 
-9.06068 -8.06079 -7.06261 -6.0628 -5.06295 -4.06301 -3.06316 -2.06324 -1.06341 
-0.144284 0.774864 1.77473 2.77464 3.77451 4.77431 5.77418 6.77291 7.76968 
8.76893 9.76801 10.7677 11.7676 12.7672 13.7662 14.7656 15.7655 16.7655 
17.7654 18.7654 19.7652 20.7649 21.7643 22.7638 23.7637 24.7634 25.7631 
26.7631 27.7629 28.7625 29.7614 30.7607 31.7603 32.76 33.7595 34.7596 
35.7595 36.7594 37.7593 38.7593 39.7592 -42.9962 -42.2462 -41.2462 -40.2463 
-39.2464 -38.2467 -37.2467 -36.2468 -35.2469 -34.2469 -33.2469 -32.2472 -31.2475 
-30.2484 -29.2496 -28.2501 -27.2501 -26.2501 -25.2503 -24.2505 -23.2509 -22.2514 
-21.2516 -20.2517 -19.2518 -18.2518 -17.2518 -16.252 -15.2523 -14.2527 -13.253 
-12.2533 -11.0036 -9.75398 -8.75438 -7.75576 -6.75614 -5.75618 -4.75627 -3.75634 
-2.75647 -1.75669 -0.756942 -0.00721618 0.962473 1.9623 2.96215 3.962 4.96182 
5.96171 6.96155 7.95991 8.95895 9.95827 10.9578 11.9577 12.9573 13.9564 
14.9559 15.9559 16.9558 17.9559 18.9557 19.9556 20.9553 21.9551 22.9549 
23.9546 24.9544 25.9543 26.9543 27.9543 28.9536 29.9528 30.9527 31.9524 
32.9523 33.9522 34.9521 35.952 36.9519 37.9518 38.9518 39.9518 40.9517 
-43.2491 -42.2491 -41.2492 -40.2493 -39.2495 -38.2496 -37.2496 -36.2497 -35.2498 
-34.2499 -33.25 -32.2505 -31.2506 -30.2513 -29.252 -28.2522 -27.2524 -26.2525 
-25.2526 -24.2528 -23.253 -22.2531 -21.2533 -20.2534 -19.2534 -18.2534 -17.2534 
-16.0036 -14.7537 -13.7539 -12.7541 -11.7543 -10.7546 -9.75544 -8.75577 -7.75721 
-6.75731 -5.7575 -4.75761 -3.75773 -2.75784 -1.75807 -0.758279 0.2354 1.22922 
2.22901 3.22893 4.22884 5.22852 6.22832 7.22728 8.22624 9.22536 10.2245 
11.2245 12.2244 13.2237 14.2228 15.2223 16.2222 17.2222 18.2222 19.2221 
20.2221 21.2217 22.2211 23.2207 24.2205 25.2205 26.2205 27.2202 28.22 
29.2197 30.2191 31.2189 32.2185 33.2182 34.2181 35.2181 36.218 37.2178 
38.2176 39.2175 40.2174 41.2174 -41.5062 -40.7562 -39.7562 -38.7564 -37.7564 
-36.7565 -35.7566 -34.7566 -33.7568 -32.7571 -31.7575 -30.7583 -29.7587 -28.7592 
-27.7593 -26.7593 -25.7593 -24.7596 -23.7599 -22.7603 -21.7606 -20.7607 -19.7608 
-18.7608 -17.7609 -16.761 -15.7613 -14.7615 -13.7622 -12.7625 -11.7625 -10.7625 
-9.7629 -8.76314 -7.76385 -6.76383 -5.76386 -4.76389 -3.76404 -2.76435 -1.76468 
-0.76494 0.135678 1.03607 2.03547 3.03482 4.03431 5.03434 6.03432 7.03426 
8.03423 9.03425 10.0338 11.0336 12.0335 13.033 14.0327 15.0324 16.0322 
17.0322 18.0322 19.0322 20.0321 21.0321 22.0319 23.0317 24.0315 25.0313 
26.0308 27.0298 28.0292 29.0292 30.0291 31.0284 32.0279 33.0276 34.0276 
35.0275 36.0274 37.0274 38.0273 39.0272 40.027 41.027 42.027 -44.003 
-43.253 -42.2531 -41.2534 -40.0036 -38.7537 -37.7537 -36.7538 -35.754 -34.7542 
-33.7542 -32.7546 -31.7553 -30.7564 -29.7573 -28.7583 -27.7589 -26.7592 -25.7593 
-24.7596 -23.7597 -22.7599 -21.7599 -20.76 -19.7599 -18.76 -17.7599 -16.76 
-15.7602 -14.7602 -13.7603 -12.7604 -11.7605 -10.7609 -9.7609 -8.76122 -7.76195 
-6.76284 -5.76294 -4.76294 -3.76297 -2.76312 -1.76315 -0.763473 0.185938 1.13549 
2.13536 3.13526 4.13521 5.13483 6.13457 7.13339 8.13227 9.13073 10.1302 
11.1302 12.1301 13.1298 14.1293 15.1289 16.1288 17.1287 18.1287 19.1287 
20.1286 21.1284 22.1279 23.1278 24.1276 25.1274 26.1274 27.1268 28.1257 
29.1253 30.1251 31.1249 32.1246 33.1245 34.1244 35.1243 36.1243 37.1242 
38.124 39.1238 40.1237 41.1236 -42.9211 -41.9211 -40.9212 -39.9212 -38.9215 
-37.9215 -36.9217 -35.9216 -34.9217 -33.9219 -32.922 -31.9226 -30.9237 -29.9252 
-28.9261 -27.9262 -26.9262 -25.9262 -24.9265 -23.9267 -22.927 -21.9274 -20.9275 
-19.9275 -18.9275 -17.9276 -16.9276 -15.9278 -14.9281 -13.9285 -12.9287 -11.9289 
-10.9291 -9.92996 -8.93032 -7.93132 -6.93132 -5.93142 -4.9315 -3.93158 -2.93171 
-1.93185 -0.932144 0.0534207 0.803103 1.80291 2.8027 3.80259 4.80243 5.80232 
6.80216 7.80049 8.79951 9.79878 10.7983 11.7981 12.7977 13.7967 14.796 
15.7958 16.7958 17.7958 18.7956 19.7956 20.7952 21.7947 22.7942 23.7938 
24.7937 25.7936 26.7937 27.7936 28.793 29.7918 30.7913 31.7912 32.791 
33.791 34.7909 35.7908 36.7909 37.7908 38.7907 39.7907 40.7907 -43.9942 
-43.2443 -42.2444 -41.2449 -40.2451 -39.2454 -38.2454 -37.2455 -36.2455 -35.2456 
-34.2459 -33.246 -32.2464 -31.2467 -30.2477 -29.248 -28.2487 -27.2491 -26.2493 
-25.2494 -24.2495 -23.2496 -22.2497 -21.2497 -20.2498 -19.2498 -18.2498 -17.2498 
-16.2498 -15.2499 -14.25 -13.25 -12.2501 -11.2502 -10.2504 -9.25056 -8.25072 
-7.25206 -6.25234 -5.25233 -4.25228 -3.25247 -2.25252 -1.25286 -0.0366665 1.14641 
2.14623 3.14617 4.14616 5.14579 6.14553 7.14438 8.1433 9.14171 10.1412 
11.1411 12.1411 13.1407 14.1402 15.1397 16.1396 17.1396 18.1395 19.1395 
20.1394 21.1394 22.1389 23.1386 24.1384 25.1383 26.1383 27.138 28.1378 
29.1375 30.1372 31.1366 32.1363 33.1361 34.136 35.136 36.136 37.136 
38.1358 39.1358 40.1358 41.1357 -40.9875 -39.9876 -38.9876 -37.9877 -36.9877 
-35.9878 -34.9878 -33.9882 -32.9889 -31.9892 -30.9898 -29.9904 -28.9905 -27.9906 
-26.991 -25.9912 -24.9916 -23.9917 -22.9921 -21.9925 -20.9928 -19.9928 -18.9929 
-17.9929 -16.9929 -15.9929 -14.994 -13.9947 -12.9951 -11.9952 -10.9953 -9.99566 
-8.99665 -7.99665 -6.99679 -5.99675 -4.99682 -3.99696 -2.9972 -1.99738 -0.997608 
0.0155181 0.765379 1.76508 2.7649 3.76483 4.76475 5.76464 6.76447 7.76307 
8.76258 9.76234 10.762 11.7619 12.7618 13.7614 14.7608 15.7606 16.7605 
17.7605 18.7605 19.7604 20.7602 21.7598 22.7594 23.7591 24.7589 25.7589 
26.7587 27.7584 28.7585 29.7585 30.7579 31.7579 32.7578 33.7577 34.7577 
35.7575 36.7574 37.7571 38.757 39.757 40.757 -43.6618 -42.9118 -41.9118 
-40.912 -39.9121 -38.9122 -37.9123 -36.9122 -35.9123 -34.9123 -33.9126 -32.9126 
-31.913 -30.914 -29.9153 -28.9163 -27.9163 -26.9164 -25.9164 -24.9167 -23.9169 
-22.9171 -21.9171 -20.9172 -19.9173 -18.9173 -17.9173 -16.9174 -15.9177 -14.9178 
-13.9182 -12.9184 -11.9186 -10.9187 -9.91923 -8.91987 -7.92088 -6.92087 -5.92097 
-4.9211 -3.92121 -2.92136 -1.92155 -0.921794 0.0735103 0.82327 1.82293 2.82279 
3.82264 4.82245 5.82233 6.82217 7.82051 8.81958 9.81891 10.8185 11.8183 
12.8179 13.8172 14.8168 15.8166 16.8165 17.8165 18.8165 19.8164 20.8161 
21.8157 22.8153 23.8151 24.8149 25.8148 26.8148 27.8145 28.814 29.8138 
30.8138 31.8135 32.8134 33.8131 34.8131 35.813 36.8128 37.8125 38.8124 
39.8124 40.8123 -42.6548 -41.9047 -40.9048 -39.9049 -38.9049 -37.905 -36.9052 
-35.9052 -34.9052 -33.9055 -32.9054 -31.906 -30.907 -29.9083 -28.9089 -27.9092 
-26.9092 -25.9093 -24.9096 -23.9098 -22.9102 -21.9106 -20.9109 -19.9109 -18.9109 
-17.9109 -16.911 -15.9113 -14.9117 -13.9122 -12.9124 -11.9125 -10.9126 -9.91312 
-8.91358 -7.91436 -6.91446 -5.91464 -4.91474 -3.9148 -2.915 -1.9153 -0.915538 
-0.165731 1.23388 2.23367 3.23343 4.23337 5.23323 6.23308 7.23306 8.23199 
9.23201 10.2317 11.2314 12.2313 13.2312 14.2307 15.2307 16.2307 17.2307 
18.2307 19.2307 20.2306 21.2306 22.2304 23.2301 24.23 25.2298 26.2293 
27.2289 28.2286 29.2284 30.2282 31.2279 32.2278 33.2272 34.2271 35.2269 
36.2268 37.2268 38.2268 39.2268 40.2267 41.2267 42.2267 -44.1279 -43.128 
-42.1282 -41.1284 -40.1283 -39.1284 -38.1284 -37.1286 -36.1288 -35.1295 -34.1296 
-33.1301 -32.1317 -31.1366 -30.1369 -29.137 -28.1369 -27.1375 -26.1377 -25.138 
-24.1381 -23.1383 -22.1384 -21.1384 -20.1384 -19.1384 -18.1385 -17.1385 -16.1386 
-15.1387 -14.1388 -13.1388 -12.1389 -11.1391 -10.1393 -9.13942 -8.13962 -7.1411 
-6.14141 -5.1415 -4.14152 -3.14164 -2.14164 -1.14185 -0.195473 0.751101 1.75101 
2.75092 3.75085 4.75064 5.75034 6.75011 7.74794 8.99688 10.2458 11.2458 
12.2457 13.2454 14.2449 15.2445 16.2443 17.2443 18.2443 19.2443 20.2442 
21.2439 22.2439 23.2437 24.2435 25.2434 26.2433 27.2428 28.2418 29.2412 
30.2408 31.2406 32.2404 33.2401 34.2399 35.2398 36.2398 37.2397 38.2396 
39.2395 40.2395 41.2394 -37.9057 -36.9057 -35.9058 -34.9058 -33.9058 -32.9058 
-31.9058 -30.9058 -29.9058 -28.9059 -27.9063 -26.9065 -25.9067 -24.9068 -23.907 
-22.9071 -21.9071 -20.9075 -19.9076 -18.9077 -17.9078 -16.9078 -15.9081 -14.9091 
-13.9103 -12.9108 -11.9109 -10.9114 -9.91257 -8.91282 -7.91312 -6.91318 -5.91326 
-4.91335 -3.9139 -2.91429 -1.91471 -0.914932 0.00546346 0.925676 1.92505 2.92499 
3.92451 4.92449 5.92445 6.92431 7.92376 8.92225 9.92173 10.9212 11.921 
12.9205 13.9191 14.9181 15.9179 16.9178 17.9176 18.9174 19.9172 20.917 
21.9166 22.9165 23.9162 24.9155 25.9117 26.9097 27.9095 28.9094 29.9095 
30.9094 31.9094 32.9094 33.9094 34.9094 35.9094 36.9094 37.9094 -35.0616 
-34.0616 -33.0616 -32.0619 -31.0618 -30.0619 -29.0619 -28.0619 -27.0625 -26.063 
-25.0633 -24.0633 -23.0633 -22.0633 -21.0634 -20.0635 -19.0637 -18.0638 -17.0639 
-16.064 -15.0642 -14.0642 -13.067 -12.0672 -11.0675 -10.0681 -9.06853 -8.06984 
-7.06985 -6.06985 -5.06992 -4.07003 -3.07024 -2.07025 -1.07024 0.0400609 1.1505 
2.15005 3.14979 4.14964 5.14959 6.14947 7.14941 8.14941 9.14895 10.1482 
11.1479 12.1468 13.1434 14.1407 15.1403 16.1401 17.1401 18.1399 19.1397 
20.1396 21.1395 22.1395 23.1395 24.1396 25.1395 26.1388 27.1387 28.1386 
29.1387 30.1386 31.1386 32.1386 33.1385 -37.8369 -37.0871 -36.087 -35.0871 
-34.0871 -33.0871 -32.0871 -31.0871 -30.0871 -29.0872 -28.0873 -27.0881 -26.0885 
-25.0888 -24.089 -23.0892 -22.0893 -21.0894 -20.0897 -19.0897 -18.0897 -17.0897 
-16.0897 -15.0904 -14.0916 -13.0929 -12.0934 -11.0934 -10.0939 -9.0948 -8.09526 
-7.09527 -6.09552 -5.09553 -4.09562 -3.09571 -2.09584 -1.09601 -0.142503 0.811072 
1.81092 2.81072 3.8106 4.81042 5.81022 6.81014 7.81015 8.80946 9.80761 
10.8073 11.8072 12.7893 13.7893 14.7892 15.7892 16.789 17.7889 18.7888 
19.7887 20.7886 21.7887 22.7886 23.7885 24.7882 25.7872 26.7871 27.7871 
28.787 29.7869 -37.7809 -36.7809 -35.781 -34.7811 -33.7811 -32.7812 -31.7812 
-30.7812 -29.7811 -28.7812 -27.7816 -26.7821 -25.7821 -24.7821 -23.7822 -22.7823 
-21.7826 -20.7826 -19.7827 -18.7828 -17.7828 -16.7829 -15.7837 -14.785 -13.7865 
-12.787 -11.7871 -10.7874 -9.78832 -8.78891 -7.78972 -6.78967 -5.78986 -4.79 
-3.79008 -2.79017 -1.79033 -0.790556 0.84184 1.84152 2.84137 3.84125 4.84106 
5.84083 6.84084 7.83887 8.83812 9.83707 10.8364 11.8361 12.8353 13.8346 
14.8343 15.8341 16.8339 17.8338 18.8337 19.8336 20.8334 21.8333 22.8332 
23.8331 24.8329 25.8327 26.8317 27.8315 28.8315 29.8314 30.8315 31.8314 
32.8314 33.8314 34.8314 35.8314 -36.7111 -35.9611 -34.9611 -33.9611 -32.9613 
-31.9613 -30.9613 -29.9613 -28.9613 -27.9614 -26.9614 -25.9615 -24.9616 -23.9616 
-22.9616 -21.9617 -20.9618 -19.9619 -18.962 -17.9621 -16.9623 -15.9626 -14.9636 
-13.9678 -12.9686 -11.9687 -10.9691 -9.96972 -8.97085 -7.97085 -6.97091 -5.97104 
-4.97103 -3.97114 -2.97115 -1.97141 -0.971581 -0.221789 0.958635 1.95833 2.95801 
3.95777 4.95769 5.95754 6.95755 7.95686 8.95622 9.95565 10.955 11.9547 
12.9541 13.9536 14.9533 15.9531 16.9529 17.9528 18.9525 19.9523 20.9523 
21.9521 22.9518 23.9518 24.9512 25.9506 26.9504 27.95 28.9501 29.95 
30.95 31.9501 32.95 33.95 34.95 35.95 36.95 -36.698 -35.948 
-34.948 -33.948 -32.9481 -31.9481 -30.9481 -29.9481 -28.9481 -27.9482 -26.9482 
-25.9488 -24.9488 -23.9488 -22.9489 -21.9489 -20.9491 -19.9493 -18.9495 -17.9497 
-16.9499 -15.9503 -14.9521 -13.9535 -12.9535 -11.9537 -10.9538 -9.95484 -8.95483 
-7.95486 -6.95492 -5.95491 -4.95491 -3.95524 -2.95526 -1.95559 -0.955814 -0.0469904 
0.86171 1.86095 2.86093 3.86017 4.86015 5.86014 6.85997 7.85988 8.85885 
9.85833 10.8581 11.8579 12.8574 13.8561 14.855 15.8547 16.8547 17.8546 
18.8544 19.8543 20.8541 21.8537 22.8533 23.8529 24.8527 25.8506 26.8486 
27.8485 28.8481 29.8481 30.8481 31.8481 32.848 33.8481 34.8481 35.8481 
36.8481 37.848 -36.6677 -35.9177 -34.9177 -33.9177 -32.9177 -31.9178 -30.9178 
-29.9179 -28.9179 -27.918 -26.9179 -25.9188 -24.9189 -23.9189 -22.919 -21.9189 
-20.9191 -19.9192 -18.9194 -17.9196 -16.9198 -15.9202 -14.9219 -13.9241 -12.9248 
-11.925 -10.9251 -9.92619 -8.92617 -7.92617 -6.92624 -5.92623 -4.92627 -3.92661 
-2.92664 -1.92699 -0.92726 -0.00406749 0.91901 1.91813 2.91599 3.91599 4.91587 
5.91578 6.91567 7.91505 8.91268 9.91268 10.9122 11.9119 12.9119 13.9111 
14.9102 15.91 16.9095 17.9092 18.909 19.9089 20.9088 21.9088 22.9087 
23.9087 24.9086 25.9083 26.9079 27.9079 28.9079 29.9079 30.9079 31.9079 
32.9079 33.9078 -37.6489 -36.8989 -35.899 -34.899 -33.899 -32.899 -31.899 
-30.8991 -29.8991 -28.8991 -27.8993 -26.8997 -25.8998 -24.8999 -23.9 -22.9 
-21.9002 -20.9002 -19.9004 -18.9004 -17.9005 -16.9007 -15.9011 -14.9026 -13.9041 
-12.9046 -11.9046 -10.905 -9.90568 -8.90619 -7.90703 -6.90703 -5.90701 -4.90707 
-3.90783 -2.90787 -1.90833 -0.908563 -0.0283018 0.851716 1.85078 2.84929 3.84928 
4.84925 5.84921 6.84915 7.84909 8.84819 9.84796 10.8475 11.8473 12.8469 
13.8455 14.8433 15.8429 16.8429 17.8427 18.8426 19.8425 20.8423 21.8419 
22.842 23.842 24.8414 25.8412 26.8412 27.84 28.8398 29.8396 30.8397 
31.8396 32.8396 33.8396 34.8396 35.8396 36.8396 37.8395 -37.8996 -36.8997 
-35.8997 -34.8997 -33.8998 -32.8998 -31.8998 -30.8998 -29.8998 -28.8999 -27.9003 
-26.9006 -25.9009 -24.9009 -23.9009 -22.901 -21.9013 -20.9017 -19.902 -18.9021 
-17.9021 -16.9022 -15.903 -14.9042 -13.9055 -12.9059 -11.906 -10.9063 -9.90718 
-8.90779 -7.90857 -6.90871 -5.90893 -4.90909 -3.90914 -2.90922 -1.9094 -0.909589 
0.91967 1.91936 2.91907 3.91887 4.91867 5.91866 6.91869 7.91753 8.91753 
9.91719 10.9166 11.9163 12.9157 13.9144 14.9134 15.9131 16.913 17.9131 
18.913 19.913 20.9128 21.9123 22.9119 23.9116 24.9113 25.9095 26.9076 
27.9067 28.9065 29.9065 30.9064 31.9064 32.9064 33.9064 34.9064 35.9064 
36.9064 37.9064 -35.1093 -34.1092 -33.1092 -32.1094 -31.1094 -30.1095 -29.1095 
-28.1095 -27.1101 -26.1112 -25.112 -24.112 -23.112 -22.1121 -21.1122 -20.1123 
-19.1125 -18.1125 -17.1126 -16.1127 -15.1129 -14.113 -13.1155 -12.1156 -11.1163 
-10.1169 -9.11729 -8.11854 -7.11849 -6.11851 -5.11869 -4.11881 -3.11903 -2.11927 
-1.11936 0.0278228 1.17501 2.17451 3.17432 4.17411 5.17402 6.1739 7.17383 
8.17167 9.17121 10.1705 11.17 12.169 13.1654 14.1614 15.1611 16.1609 
17.1607 18.1606 19.1603 20.1603 21.1602 22.1602 23.1602 24.1602 25.1602 
26.1595 27.1594 28.1594 29.1593 30.1593 31.1593 32.1593 33.1592 -37.6482 
-36.8983 -35.8983 -34.8983 -33.8984 -32.8984 -31.8984 -30.8985 -29.8984 -28.8985 
-27.8987 -26.8992 -25.8995 -24.8997 -23.8996 -22.8996 -21.8998 -20.8999 -19.9002 
-18.9003 -17.9004 -16.9006 -15.901 -14.9026 -13.9042 -12.9046 -11.9047 -10.9051 
-9.9064 -8.90691 -7.90772 -6.90773 -5.90774 -4.9078 -3.90855 -2.90856 -1.90903 
-0.909324 -0.0280585 0.852873 1.85195 2.85043 3.85045 4.85042 5.85038 6.85033 
7.85028 8.84938 9.84912 10.8487 11.8485 12.848 13.8467 14.8445 15.8442 
16.8442 17.844 18.8438 19.8438 20.8436 21.8432 22.8433 23.8433 24.8431 
25.8429 26.8428 27.8423 28.8418 29.8417 30.8417 31.8417 32.8416 33.8417 
34.8416 35.8416 36.8416 37.8415 -35.9149 -34.9148 -33.9149 -32.9149 -31.915 
-30.915 -29.915 -28.9151 -27.9152 -26.9151 -25.9159 -24.9159 -23.916 -22.916 
-21.9161 -20.9162 -19.9164 -18.9167 -17.9169 -16.917 -15.9174 -14.9178 -13.9183 
-12.9189 -11.9189 -10.9195 -9.92097 -8.92124 -7.92156 -6.92158 -5.9216 -4.9216 
-3.9222 -2.92305 -1.92353 -0.923811 -0.0404362 0.842643 1.84177 2.84028 3.84025 
4.84023 5.84021 6.84016 7.84011 8.83913 9.83889 10.8385 11.8383 12.8377 
13.8363 14.8339 15.8335 16.8335 17.8334 18.8332 19.8332 20.833 21.8326 
22.8327 23.8321 24.8319 25.8308 26.8294 27.8288 28.8287 29.8287 30.8287 
31.8287 32.8287 33.8287 34.8286 35.8287 36.8286 37.8286 -37.9574 -37.2076 
-36.2077 -35.2077 -34.2077 -33.2078 -32.2077 -31.2078 -30.2078 -29.2078 -28.2081 
-27.2082 -26.2084 -25.2085 -24.2085 -23.2086 -22.2089 -21.209 -20.2093 -19.2095 
-18.2095 -17.2096 -16.2098 -15.2107 -14.2125 -13.2134 -12.2135 -11.2135 -10.2141 
-9.21413 -8.21451 -7.21492 -6.21497 -5.21517 -4.21531 -3.21527 -2.21547 -1.21565 
-0.465817 0.790313 1.78999 2.78979 3.78968 4.78954 5.78935 6.78934 7.78849 
8.78764 9.78653 10.7859 11.7856 12.7848 13.7841 14.7838 15.7836 16.7833 
17.7833 18.7832 19.783 20.783 21.7828 22.7828 23.7827 24.7827 25.7826 
26.7824 27.7822 28.7822 29.7822 30.7822 31.7822 32.7822 33.7822 34.7821 
35.7821 -35.7407 -34.9907 -33.9907 -32.9908 -31.9908 -30.9908 -29.9909 -28.9909 
-27.991 -26.9911 -25.9914 -24.9918 -23.9918 -22.9918 -21.9918 -20.9919 -19.992 
-18.9921 -17.9922 -16.9923 -15.9923 -14.9931 -13.998 -12.9989 -11.999 -10.9993 
-10.0005 -9.001 -8.00142 -7.00158 -6.00162 -5.00186 -4.0021 -3.0021 -2.00237 
-1.00259 -0.0110975 0.980305 1.97969 2.97894 3.97854 4.97855 5.97849 6.97835 
7.97677 8.97575 9.9754 10.9749 11.9746 12.9733 13.9707 14.9699 15.9695 
16.9694 17.9692 18.9692 19.969 20.969 21.9689 22.9689 23.9689 24.9688 
25.9688 26.9688 27.9687 28.9687 29.9687 30.9687 31.9687 32.9687 33.9687 
34.9686 35.9687 -38.1111 -37.1113 -36.1113 -35.1113 -34.1114 -33.1113 -32.1113 
-31.1113 -30.1113 -29.1114 -28.1114 -27.1115 -26.1119 -25.1121 -24.1123 -23.1124 
-22.1124 -21.1125 -20.1126 -19.1128 -18.1128 -17.1128 -16.113 -15.1137 -14.1137 
-13.1145 -12.1147 -11.1149 -10.1155 -9.11633 -8.11682 -7.11741 -6.11759 -5.11774 
-4.11785 -3.11785 -2.11797 -1.11816 0.0125813 1.14335 2.14303 3.1429 4.14272 
5.14268 6.1426 7.14173 8.14091 9.14049 10.1392 11.1387 12.1386 13.1371 
14.1353 15.1348 16.1347 17.1346 18.1344 19.1343 20.1343 21.1341 22.1341 
23.1341 24.134 25.1341 26.134 27.1339 28.1337 29.1337 30.1337 31.1337 
32.1337 33.1337 34.1336 35.1336 36.1336 -36.2148 -35.2148 -34.2149 -33.2149 
-32.215 -31.215 -30.215 -29.215 -28.2151 -27.2157 -26.2159 -25.2161 -24.2162 
-23.2162 -22.2163 -21.2163 -20.2165 -19.2167 -18.2169 -17.217 -16.2172 -15.2176 
-14.2208 -13.2208 -12.2209 -11.2213 -10.2223 -9.22269 -8.2231 -7.22352 -6.22353 
-5.22374 -4.22383 -3.22385 -2.22384 -1.22402 -0.000484779 1.22295 2.22296 3.22296 
4.22271 5.22258 6.22246 7.2225 8.22083 9.22046 10.2193 11.2188 12.2187 
13.2171 14.2172 15.2166 16.2165 17.2164 18.2163 19.2161 20.216 21.2159 
22.2159 23.2158 24.2158 25.2158 26.2157 27.2152 28.2151 29.2152 30.2151 
31.2151 32.2151 33.2151 34.2151 35.2151 -34.7337 -33.9838 -32.9838 -31.9838 
-30.9839 -29.9839 -28.9839 -27.984 -26.9841 -25.9848 -24.9848 -23.9848 -22.9848 
-21.9849 -20.9849 -19.9851 -18.985 -17.9851 -16.9851 -15.9852 -14.9856 -13.993 
-12.9942 -11.9943 -10.9946 -9.99655 -8.99761 -7.99809 -6.99827 -5.99834 -4.99855 
-3.99882 -2.99877 -1.99903 -0.999268 -0.00415235 0.990835 1.99024 2.99023 3.9899 
4.98991 5.98988 6.9897 7.988 8.98694 9.98656 10.9861 11.9858 12.9858 
13.9858 14.9858 15.9856 16.9856 17.9854 18.9853 19.9851 20.985 21.985 
22.985 23.985 24.9849 25.9842 26.9837 27.9837 28.9836 29.9836 30.9836 
31.9836 32.9836 33.9836 34.9835 -37.9108 -37.1609 -36.1609 -35.1609 -34.1609 
-33.161 -32.161 -31.161 -30.161 -29.1611 -28.1614 -27.1618 -26.1621 -25.1621 
-24.1625 -23.1626 -22.1627 -21.1628 -20.1632 -19.1633 -18.1633 -17.1633 -16.1637 
-15.1646 -14.1661 -13.1669 -12.167 -11.167 -10.167 -9.16788 -8.16785 -7.16796 
-6.16806 -5.16807 -4.16824 -3.1682 -2.16847 -1.16863 0.0136397 1.1959 2.19544 
3.19515 4.19485 5.1947 6.19455 7.1945 8.1926 9.19181 10.1912 11.1907 
12.1905 13.1905 14.1905 15.1899 16.1899 17.1898 18.1898 19.1896 20.1891 
21.1889 22.1888 23.1888 24.1885 25.1885 26.1883 27.1881 28.188 29.188 
30.188 31.188 32.188 33.188 34.188 35.188 36.188 37.188 -37.7528 
-37.0028 -36.0028 -35.0028 -34.0029 -33.0029 -32.0029 -31.0029 -30.0029 -29.0029 
-28.0032 -27.004 -26.0041 -25.0043 -24.0043 -23.0043 -22.0046 -21.0048 -20.0052 
-19.0054 -18.0054 -17.0054 -16.0056 -15.0065 -14.0065 -13.0065 -12.0066 -11.0066 
-10.0073 -9.00728 -8.00772 -7.00826 -6.00843 -5.00865 -4.00879 -3.00875 -2.00895 
-1.00915 -0.25935 0.766495 1.7664 2.76631 3.76615 4.76608 5.76608 6.76597 
7.76599 8.76597 9.76502 10.7644 11.7644 12.7627 13.7589 14.7583 15.758 
16.7577 17.7574 18.7572 19.757 20.7569 21.7569 22.7569 23.7568 24.7569 
25.7566 26.7563 27.7562 28.7562 29.7562 30.7562 31.7562 32.7562 33.7561 
34.756 -36.8853 -36.1353 -35.1354 -34.1354 -33.1354 -32.1354 -31.1354 -30.1354 
-29.1355 -28.1355 -27.1362 -26.1362 -25.1362 -24.1363 -23.1363 -22.1364 -21.1366 
-20.1368 -19.1368 -18.137 -17.137 -16.1373 -15.1383 -14.1411 -13.142 -12.142 
-11.1423 -10.1423 -9.14329 -8.14325 -7.14337 -6.1434 -5.14345 -4.14357 -3.14385 
-2.1441 -1.14427 0.0178053 1.17983 2.17936 3.17904 4.17877 5.17867 6.17852 
7.1785 8.17635 9.17517 10.1742 11.1736 12.1734 13.1717 14.1717 15.1717 
16.1716 17.1715 18.1713 19.1712 20.171 21.1708 22.1708 23.1707 24.1707 
25.1705 26.1704 27.1698 28.1698 29.1698 30.1698 31.1698 32.1698 33.1698 
34.1697 35.1697 -35.142 -34.142 -33.1421 -32.1422 -31.1422 -30.1422 -29.1423 
-28.1423 -27.1429 -26.144 -25.1448 -24.1447 -23.1447 -22.1448 -21.1448 -20.1448 
-19.145 -18.1452 -17.1453 -16.1455 -15.1455 -14.1495 -13.151 -12.1512 -11.1515 
-10.1523 -9.15306 -8.15389 -7.15394 -6.15401 -5.15404 -4.15419 -3.15448 -2.15444 
-1.15465 -0.0252442 1.10412 2.10363 3.10325 4.10298 5.10285 6.10267 7.10265 
8.10053 9.09965 10.099 11.0984 12.0982 13.0965 14.0965 15.0965 16.0964 
17.0963 18.0961 19.096 20.0958 21.0956 22.0956 23.0955 24.0956 25.0954 
26.0953 27.0948 28.0947 29.0947 30.0947 31.0947 32.0947 33.0947 34.0946 
35.0946 -37.8198 -36.8199 -35.8199 -34.8199 -33.8199 -32.8199 -31.8199 -30.82 
-29.8199 -28.8199 -27.8206 -26.8209 -25.8212 -24.8213 -23.8215 -22.8217 -21.8217 
-20.8221 -19.8222 -18.8223 -17.8223 -16.8223 -15.8231 -14.8242 -13.8254 -12.8258 
-11.8259 -10.8262 -9.82708 -8.82767 -7.82846 -6.82865 -5.82884 -4.82896 -3.82908 
-2.82914 -1.82939 -0.829544 0.87316 1.87289 2.87272 3.8726 4.87243 5.8722 
6.87219 7.87023 8.86947 9.86844 10.8678 11.8675 12.8667 13.8661 14.8658 
15.8655 16.8654 17.8653 18.8652 19.8651 20.8649 21.8647 22.8646 23.8646 
24.8644 25.8643 26.8636 27.8637 28.8637 29.8636 30.8636 31.8636 32.8636 
33.8636 34.8636 35.8636 36.8636 -37.7695 -37.0197 -36.0197 -35.0197 -34.0197 
-33.0197 -32.0198 -31.0198 -30.0198 -29.0198 -28.0201 -27.0208 -26.0213 -25.0214 
-24.0214 -23.0215 -22.0217 -21.0219 -20.0223 -19.0225 -18.0225 -17.0225 -16.0227 
-15.0235 -14.0252 -13.026 -12.026 -11.0263 -10.027 -9.02778 -8.02833 -7.02897 
-6.0291 -5.02927 -4.02938 -3.02937 -2.02952 -1.02968 0.0349892 1.09964 2.09935 
3.09918 4.09905 5.09892 6.09872 7.09865 8.0965 9.09599 10.0952 11.0949 
12.0948 13.0925 14.0925 15.0922 16.092 17.0919 18.0916 19.0912 20.0911 
21.0909 22.0909 23.0908 24.0908 25.0905 26.0905 27.0905 28.0904 29.0904 
30.0904 31.0904 32.0904 33.0904 34.0904 35.0904 -38.8121 -38.0622 -37.0623 
-36.0622 -35.0623 -34.0623 -33.0623 -32.0623 -31.0623 -30.0623 -29.0624 -28.0625 
-27.0628 -26.0643 -25.0648 -24.0654 -23.0655 -22.0659 -21.0662 -20.0662 -19.0664 
-18.0665 -17.0665 -16.0667 -15.0674 -14.0674 -13.0681 -12.0683 -11.0685 -10.0692 
-9.06996 -8.07048 -7.0711 -6.07119 -5.07137 -4.07146 -3.07148 -2.0716 -1.07182 
0.0310521 1.13399 2.13369 3.13353 4.13337 5.13316 6.13308 7.13217 8.13132 
9.13086 10.1295 11.129 12.1289 13.1272 14.1272 15.1271 16.127 17.1269 
18.1267 19.1267 20.1266 21.1264 22.1264 23.1264 24.1264 25.1263 26.1262 
27.1257 28.1256 29.1256 30.1256 31.1256 32.1256 33.1256 34.1255 35.1255 
-37.9506 -37.2007 -36.2008 -35.2008 -34.2008 -33.2009 -32.2009 -31.2008 -30.2009 
-29.2009 -28.2012 -27.2013 -26.2016 -25.2018 -24.2017 -23.2019 -22.2021 -21.2024 
-20.2025 -19.2026 -18.2026 -17.2027 -16.2029 -15.2038 -14.2057 -13.2065 -12.2067 
-11.2067 -10.2073 -9.20727 -8.20769 -7.2081 -6.20811 -5.20837 -4.20844 -3.20849 
-2.20865 -1.20883 -0.459043 0.783895 1.78364 2.78346 3.78333 4.78319 5.78298 
6.783 7.78215 8.78127 9.78014 10.7795 11.7792 12.7784 13.7777 14.7774 
15.7772 16.777 17.7768 18.7768 19.7766 20.7766 21.7764 22.7763 23.7763 
24.7763 25.7762 26.7759 27.7757 28.7757 29.7757 30.7757 31.7757 32.7757 
33.7756 34.7756 35.7756 -36.97 -36.2201 -35.2201 -34.2201 -33.2201 -32.2202 
-31.2203 -30.2203 -29.2203 -28.2203 -27.2209 -26.221 -25.2212 -24.2212 -23.2212 
-22.2213 -21.2215 -20.2217 -19.2219 -18.2221 -17.2223 -16.2223 -15.2227 -14.2227 
-13.2243 -12.2245 -11.2249 -10.226 -9.22639 -8.22685 -7.22743 -6.22754 -5.22767 
-4.22778 -3.22799 -2.22815 -1.22817 -0.0549492 1.11819 2.11782 3.11765 4.11741 
5.11727 6.11711 7.11702 8.11503 9.1146 10.1133 11.1127 12.1127 13.1106 
14.1106 15.1103 16.1102 17.1101 18.1098 19.1095 20.1094 21.1093 22.1093 
23.1093 24.1092 25.109 26.1091 27.109 28.1089 29.1089 30.109 31.109 
32.1089 33.1089 34.1089 35.1088 -38 -37.2501 -36.2501 -35.2501 -34.2502 
-33.2502 -32.2501 -31.2502 -30.2502 -29.2502 -28.2505 -27.2507 -26.2509 -25.2511 
-24.2511 -23.2511 -22.2514 -21.2516 -20.2518 -19.252 -18.252 -17.2521 -16.2524 
-15.0039 -13.7556 -12.7561 -11.7562 -10.7564 -9.75737 -8.75801 -7.75876 -6.75879 
-5.75899 -4.75914 -3.75918 -2.75928 -1.75946 -0.759664 0.807312 1.80701 2.80682 
3.80672 4.80655 5.80633 6.80634 7.80552 8.80469 9.80359 10.8029 11.8027 
12.802 13.8013 14.801 15.8007 16.8005 17.8005 18.8004 19.8002 20.8002 
21.8 22.8 23.8 24.8 25.7997 26.7995 27.7992 28.7992 29.7992 
30.7992 31.7992 32.7991 33.7991 34.7991 35.7991 -36.5561 -35.8061 -34.8062 
-33.8062 -32.8062 -31.8063 -30.8063 -29.8063 -28.8063 -27.8067 -26.807 -25.8073 
-24.8074 -23.8074 -22.8074 -21.8076 -20.8078 -19.808 -18.8082 -17.8084 -16.8086 
-15.8088 -14.809 -13.8097 -12.8105 -11.8107 -10.8112 -9.81147 -8.81197 -7.81241 
-6.8126 -5.8127 -4.81277 -3.81286 -2.81311 -1.8133 -0.8135 0.377934 1.1277 
2.12732 3.127 4.12676 5.12662 6.12641 7.12638 8.12426 9.12303 10.122 
11.1215 12.1212 13.1197 14.1197 15.1191 16.119 17.1189 18.1187 19.1186 
20.1185 21.1183 22.1183 23.1183 24.1183 25.1182 26.1181 27.1176 28.1176 
29.1176 30.1176 31.1176 32.1176 33.1175 34.1175 35.1175 -37.1478 -36.1479 
-35.1478 -34.1479 -33.1479 -32.1479 -31.1479 -30.1479 -29.148 -28.148 -27.1485 
-26.1488 -25.1489 -24.1489 -23.1489 -22.1489 -21.149 -20.1491 -19.1492 -18.1493 
-17.1494 -16.1497 -15.1507 -14.1531 -13.154 -12.1541 -11.1543 -10.1543 -9.15522 
-8.15523 -7.15533 -6.1554 -5.1554 -4.15553 -3.15581 -2.15605 -1.15626 0.0018864 
1.15995 2.15945 3.15916 4.15884 5.15869 6.15851 7.15848 8.1566 9.15582 
10.1552 11.1548 12.1545 13.1545 14.1545 15.1539 16.1538 17.1537 18.1536 
19.1533 20.1529 21.1527 22.1525 23.1525 24.1522 25.1523 26.152 27.1518 
28.1516 29.1516 30.1516 31.1516 32.1516 33.1516 34.1516 35.1516 36.1516 
-36.7528 -36.0028 -35.0028 -34.0029 -33.003 -32.003 -31.003 -30.003 -29.0031 
-28.0031 -27.0035 -26.004 -25.0041 -24.0041 -23.0042 -22.0042 -21.0044 -20.0046 
-19.0048 -18.005 -17.0052 -16.0055 -15.0067 -14.0102 -13.011 -12.0111 -11.0113 
-10.0125 -9.01313 -8.01316 -7.01332 -6.01338 -5.01364 -4.01392 -3.0139 -2.01418 
-1.01441 -0.027594 0.959 1.95848 2.95847 3.95792 4.95791 5.95786 6.95774 
7.95643 8.95592 9.95591 10.9555 11.9555 12.9545 13.9522 14.9513 15.9511 
16.9511 17.9509 18.9508 19.9506 20.9504 21.9502 22.9502 23.9501 24.9499 
25.9498 26.9498 27.949 28.9487 29.9487 30.9487 31.9487 32.9487 33.9487 
34.9487 35.9487 36.9486 37.9486 -34.0199 -33.02 -32.02 -31.0201 -30.0202 
-29.0202 -28.0202 -27.0203 -26.0212 -25.0218 -24.0218 -23.0218 -22.0219 -21.0219 
-20.0221 -19.0221 -18.0222 -17.0223 -16.0223 -15.0224 -14.0297 -13.0354 -12.0355 
-11.0358 -10.0364 -9.03687 -8.03828 -7.0384 -6.03852 -5.03856 -4.0387 -3.03888 
-2.03915 -1.0393 0.0467562 1.13271 2.13268 3.13248 4.13234 5.13228 6.13216 
7.13139 8.13064 9.13014 10.1293 11.129 12.1273 13.1256 14.1256 15.1255 
16.1254 17.1252 18.125 19.1249 20.1248 21.1248 22.1247 23.1247 24.1244 
25.1237 26.1232 27.1232 28.1231 29.1231 30.1231 31.123 -38.7567 -37.7568 
-36.7568 -35.7568 -34.7568 -33.7568 -32.7568 -31.7569 -30.7568 -29.7569 -28.757 
-27.757 -26.7574 -25.7579 -24.759 -23.7591 -22.7594 -21.76 -20.7602 -19.7603 
-18.7604 -17.7605 -16.7605 -15.7611 -14.7614 -13.7614 -12.7615 -11.7617 -10.7621 
-9.76278 -8.76316 -7.76416 -6.76445 -5.76447 -4.76461 -3.76468 -2.76474 -1.76492 
-0.765128 0.351098 1.10087 2.10059 3.1006 4.10039 5.10035 6.10024 7.09939 
8.09865 9.09798 10.0972 11.0967 12.0967 13.0956 14.0938 15.093 16.0928 
17.0928 18.0928 19.0927 20.0925 21.0925 22.0923 23.0919 24.092 25.091 
26.0909 27.0906 28.0901 29.0901 30.0902 31.0901 32.0901 33.0901 34.0902 
35.0902 36.0901 37.0901 -36.8873 -36.1373 -35.1373 -34.1373 -33.1374 -32.1373 
-31.1374 -30.1374 -29.1374 -28.1375 -27.1381 -26.1381 -25.1382 -24.1382 -23.1382 
-22.1382 -21.1385 -20.1386 -19.1387 -18.1388 -17.1389 -16.1392 -15.1401 -14.143 
-13.1439 -12.1439 -11.1442 -10.1442 -9.14516 -8.14518 -7.14524 -6.1453 -5.14532 
-4.14545 -3.14573 -2.146 -1.14613 0.0115955 1.16931 2.16886 3.1685 4.16825 
5.16811 6.16798 7.16795 8.16591 9.16506 10.1644 11.1639 12.1637 13.1637 
14.1637 15.1631 16.163 17.1629 18.1627 19.1626 20.1625 21.1625 22.1624 
23.1623 24.1623 25.1623 26.1622 27.1621 28.162 29.162 30.162 31.162 
32.162 33.162 34.1619 35.1619 36.1619 -35.9391 -34.9391 -33.9391 -32.9391 
-31.9392 -30.9392 -29.9392 -28.9393 -27.9394 -26.9401 -25.9403 -24.9406 -23.9406 
-22.9407 -21.9408 -20.9409 -19.941 -18.9411 -17.9412 -16.9413 -15.9415 -14.9425 
-13.9473 -12.9482 -11.9483 -10.9486 -9.94987 -8.95069 -7.95071 -6.95089 -5.95098 
-4.951 -3.95128 -2.95161 -1.95188 -0.95209 0.10462 1.16122 2.16125 3.16067 
4.16051 5.16043 6.16035 7.1603 8.15772 9.15626 10.1556 11.1552 12.155 
13.1508 14.1453 15.1451 16.1449 17.1448 18.1446 19.1445 20.1445 21.1444 
22.1444 23.1444 24.1442 25.1437 26.1424 27.1423 28.1423 29.1423 30.1423 
31.1422 32.1422 -37.147 -36.1471 -35.1471 -34.1471 -33.1472 -32.1471 -31.1472 
-30.1472 -29.1472 -28.1472 -27.1477 -26.148 -25.1481 -24.148 -23.1481 -22.1482 
-21.1483 -20.1484 -19.1484 -18.1486 -17.1486 -16.1489 -15.1499 -14.1522 -13.1531 
-12.1532 -11.1535 -10.1535 -9.15442 -8.15443 -7.15447 -6.15456 -5.1546 -4.15472 
-3.155 -2.15525 -1.15544 0.0140457 1.18343 2.18297 3.18262 4.18239 5.18226 
6.18213 7.18207 8.17999 9.17913 10.1785 11.1779 12.1777 13.1763 14.1763 
15.1757 16.1757 17.1755 18.1754 19.1753 20.1752 21.175 22.175 23.1749 
24.1749 25.1749 26.1749 27.1747 28.1746 29.1746 30.1746 31.1746 32.1746 
33.1746 34.1745 35.1745 36.1745 -36.9164 -35.9164 -34.9164 -33.9165 -32.9166 
-31.9166 -30.9166 -29.9167 -28.9167 -27.917 -26.9181 -25.9188 -24.9189 -23.9188 
-22.9189 -21.919 -20.9192 -19.9195 -18.9197 -17.9198 -16.9199 -15.9201 -14.9203 
-13.9203 -12.9204 -11.9207 -10.9212 -9.92228 -8.92361 -7.92453 -6.92477 -5.9248 
-4.92497 -3.92506 -2.92527 -1.92545 -0.925585 0.264637 1.01445 2.01439 3.01414 
4.01402 5.01396 6.01397 7.01388 8.01388 9.01328 10.0125 11.012 12.0118 
13.0106 14.0106 15.0098 16.0096 17.0095 18.0095 19.0093 20.0091 21.0089 
22.0087 23.0087 24.0087 25.0084 26.0082 27.008 28.0078 29.0078 30.0078 
31.0078 32.0078 33.0078 34.0078 35.0078 36.0078 37.0078 -37.766 -37.0161 
-36.0162 -35.0161 -34.0162 -33.0162 -32.0162 -31.0162 -30.0162 -29.0163 -28.0165 
-27.0168 -26.0173 -25.0173 -24.0173 -23.0173 -22.0175 -21.0177 -20.0179 -19.0179 
-18.018 -17.0181 -16.0181 -15.0186 -14.0204 -13.0204 -12.0206 -11.0206 -10.0218 
-9.02276 -8.02328 -7.02341 -6.02386 -5.02398 -4.02403 -3.02419 -2.02421 -1.02436 
-0.0212306 0.981855 1.98182 2.9817 3.98158 4.98147 5.98128 6.98122 7.9812 
8.98063 9.97977 10.9795 11.9794 12.9765 13.9765 14.9763 15.9762 16.976 
17.9757 18.9755 19.9754 20.9755 21.9754 22.9755 23.9754 24.9754 25.9745 
26.9742 27.9742 28.9742 29.9742 30.9742 31.9742 32.9742 33.9741 -35.5518 
-34.8017 -33.8017 -32.8018 -31.8018 -30.8019 -29.8019 -28.8019 -27.802 -26.803 
-25.8032 -24.8035 -23.8035 -22.8035 -21.8036 -20.8037 -19.8038 -18.8039 -17.8041 
-16.8041 -15.8041 -14.8054 -13.815 -12.8158 -11.8159 -10.8163 -9.81628 -8.81684 
-7.81741 -6.81763 -5.81777 -4.81781 -3.81792 -2.81804 -1.81813 -0.818316 0.239594 
0.989295 1.98887 2.9884 3.98825 4.98809 5.98788 6.98784 7.98558 8.98425 
9.98312 10.9825 11.9823 12.9802 13.9802 14.9798 15.9797 16.9795 17.9791 
18.9788 19.9788 20.9786 21.9786 22.9786 23.9786 24.9786 25.9783 26.9779 
27.9778 28.9778 29.9778 30.9778 31.9778 32.9778 33.9777 -38.7624 -37.7624 
-36.7625 -35.7625 -34.7626 -33.7625 -32.7625 -31.7626 -30.7625 -29.7625 -28.7627 
-27.7627 -26.7631 -25.7634 -24.7648 -23.765 -22.7652 -21.7658 -20.766 -19.7661 
-18.7662 -17.7663 -16.7663 -15.7666 -14.7674 -13.7684 -12.7688 -11.7689 -10.7694 
-9.77012 -8.77144 -7.77303 -6.77346 -5.77347 -4.7735 -3.77356 -2.77361 -1.77373 
-0.773952 0.101864 0.85155 1.8512 2.851 3.85089 4.85086 5.85072 6.85046 
7.85049 8.84968 9.84877 10.8483 11.8482 12.8471 13.845 14.8448 15.8446 
16.8445 17.8445 18.8443 19.8442 20.8438 21.8437 22.8436 23.8435 24.8433 
25.8433 26.8431 27.8427 28.8426 29.8427 30.8427 31.8427 32.8427 33.8427 
34.8427 35.8427 36.8426 -37.6292 -36.8792 -35.8793 -34.8792 -33.8793 -32.8793 
-31.8793 -30.8794 -29.8794 -28.8794 -27.8797 -26.8803 -25.8807 -24.8808 -23.8808 
-22.8808 -21.8809 -20.881 -19.8812 -18.8812 -17.8813 -16.8814 -15.8817 -14.8834 
-13.8853 -12.8859 -11.8861 -10.8866 -9.88751 -8.88815 -7.88893 -6.88895 -5.88906 
-4.88918 -3.88935 -2.88954 -1.88972 -0.889925 0.802179 1.80188 2.8016 3.80137 
4.80119 5.80092 6.80086 7.80083 8.80083 9.80048 10.7999 11.7997 12.7991 
13.7977 14.7966 15.7963 16.7962 17.7962 18.7961 19.7959 20.7955 21.7955 
22.7952 23.7948 24.7943 25.7919 26.7916 27.7915 28.7915 29.7915 30.7915 
31.7915 32.7915 33.7915 34.7915 35.7915 36.7915 37.7914 -34.9 -33.9 
-32.9 -31.9001 -30.9001 -29.9002 -28.9002 -27.9004 -26.901 -25.9018 -24.902 
-23.9021 -22.902 -21.9021 -20.9021 -19.9022 -18.9023 -17.9023 -16.9024 -15.9027 
-14.9058 -13.9094 -12.9101 -11.9103 -10.9111 -9.91272 -8.91354 -7.91356 -6.91353 
-5.91354 -4.9136 -3.91405 -2.91407 -1.91407 -0.914294 -0.0281811 0.857648 1.85651 
2.85535 3.85413 4.85413 5.85411 6.85404 7.85394 8.85261 9.85261 10.8524 
11.852 12.851 13.8486 14.847 15.8466 16.8463 17.8463 18.8462 19.8459 
20.8458 21.8458 22.8458 23.8457 24.8457 25.8453 26.8448 27.8447 28.8447 
29.8447 30.8447 31.8447 32.8446 33.8446 34.8446 35.8445 -37.8724 -37.1226 
-36.1227 -35.1227 -34.1227 -33.1227 -32.1228 -31.1227 -30.1227 -29.1228 -28.1228 
-27.1236 -26.1237 -25.1239 -24.1239 -23.124 -22.1243 -21.1245 -20.1249 -19.1251 
-18.1251 -17.1252 -16.1252 -15.1258 -14.1258 -13.1268 -12.1269 -11.1269 -10.1276 
-9.12838 -8.12894 -7.12955 -6.1297 -5.12984 -4.12995 -3.1301 -2.13031 -1.13044 
-0.020199 1.09003 2.08971 3.08954 4.08935 5.08932 6.08925 7.08838 8.08757 
9.08711 10.0858 11.0852 12.0851 13.0833 14.0833 15.0833 16.0832 17.0831 
18.0829 19.0828 20.0826 21.0826 22.0826 23.0825 24.0825 25.0823 26.0822 
27.0817 28.0816 29.0816 30.0816 31.0816 32.0815 33.0815 34.0815 35.0815 
-35.0331 -34.0331 -33.0331 -32.0332 -31.0333 -30.0333 -29.0333 -28.0334 -27.034 
-26.0345 -25.0347 -24.0347 -23.0347 -22.0348 -21.0349 -20.035 -19.0351 -18.0353 
-17.0355 -16.0356 -15.0358 -14.0358 -13.0384 -12.0386 -11.0392 -10.0399 -9.04028 
-8.04156 -7.04153 -6.04157 -5.04172 -4.04188 -3.04209 -2.04207 -1.04205 0.0443614 
1.13078 2.13037 3.13011 4.12996 5.12992 6.12982 7.129 8.1282 9.12768 
10.1268 11.1264 12.1241 13.1218 14.1218 15.1217 16.1217 17.1215 18.1212 
19.1211 20.1211 21.1211 22.121 23.121 24.1205 25.1201 26.12 27.12 
28.1199 29.1199 30.1198 31.1198 -37.2099 -36.21 -35.21 -34.21 -33.2101 
-32.2101 -31.2101 -30.2101 -29.2101 -28.2102 -27.2107 -26.2113 -25.2113 -24.2113 
-23.2113 -22.2114 -21.2115 -20.2115 -19.2116 -18.2118 -17.2118 -16.2121 -15.2131 
-14.2156 -13.2165 -12.2166 -11.2169 -10.2169 -9.21778 -8.21778 -7.21784 -6.21792 
-5.21792 -4.21809 -3.21839 -2.21857 -1.2188 -0.0741674 1.07032 2.0699 3.06952 
4.06916 5.06912 6.06908 7.06903 8.06837 9.06771 10.0672 11.0667 12.0666 
13.0666 14.0666 15.0659 16.0657 17.0657 18.0655 19.0654 20.0653 21.065 
22.0649 23.0647 24.0644 25.0643 26.0614 27.0609 28.0603 29.0602 30.0602 
31.0602 32.0602 33.0602 34.0602 35.0602 36.0602 37.0601 38.0602 -38.6152 
-37.8655 -36.8655 -35.8655 -34.8655 -33.8655 -32.8655 -31.8655 -30.8655 -29.8656 
-28.8659 -27.866 -26.8661 -25.8662 -24.8665 -23.8666 -22.8666 -21.8668 -20.8671 
-19.8671 -18.8673 -17.8672 -16.8673 -15.8679 -14.8693 -13.8703 -12.8704 -11.8704 
-10.8715 -9.87174 -8.87226 -7.87228 -6.87237 -5.87237 -4.87235 -3.87241 -2.87362 
-1.87425 -0.874244 -0.0196572 0.835235 1.83358 2.83053 3.83052 4.83032 5.83023 
6.83019 7.83013 8.82861 9.82768 10.8273 11.8269 12.8266 13.825 14.8225 
15.822 16.8218 17.8217 18.8215 19.8212 20.821 21.8208 22.8208 23.8208 
24.8207 25.8205 26.8204 27.8199 28.8198 29.8198 30.8198 31.8198 32.8197 
33.8198 34.8197 35.8197 -36.5936 -35.8436 -34.8436 -33.8437 -32.8438 -31.8438 
-30.8438 -29.8439 -28.8439 -27.844 -26.8448 -25.8449 -24.8449 -23.8449 -22.8449 
-21.845 -20.8451 -19.8452 -18.8454 -17.8456 -16.8458 -15.8459 -14.846 -13.8504 
-12.8517 -11.8518 -10.8523 -9.85306 -8.85405 -7.85443 -6.85505 -5.85518 -4.85521 
-3.85535 -2.85561 -1.85576 -0.855988 0.0153426 0.765191 1.76515 2.76504 3.76491 
4.76486 5.76475 6.76453 7.76455 8.76455 9.76366 10.7631 11.7631 12.7614 
13.7588 14.7587 15.7584 16.7582 17.758 18.758 19.7579 20.7579 21.7578 
22.7578 23.7578 24.7577 25.7575 26.7569 27.7569 28.7568 29.7569 30.7568 
31.7568 32.7568 33.7567 34.7567 -37.9817 -37.2318 -36.2319 -35.232 -34.232 
-33.2319 -32.232 -31.232 -30.232 -29.232 -28.2323 -27.2325 -26.2327 -25.2329 
-24.2329 -23.233 -22.2332 -21.2335 -20.2336 -19.2336 -18.2337 -17.2338 -16.2341 
-15.2349 -14.2368 -13.2377 -12.2378 -11.2378 -10.2384 -9.23841 -8.23883 -7.23923 
-6.23926 -5.23948 -4.23959 -3.23956 -2.23981 -1.23993 -0.490157 0.80677 1.80644 
2.80629 3.80617 4.80601 5.80579 6.80579 7.80498 8.80416 9.80307 10.8024 
11.8022 12.8014 13.8007 14.8005 15.8002 16.8 17.8 18.7999 19.7997 
20.7997 21.7995 22.7994 23.7994 24.7994 25.7992 26.7989 27.7987 28.7987 
29.7986 30.7986 31.7986 32.7986 33.7986 34.7986 35.7985 -37.7825 -37.0326 
-36.0326 -35.0326 -34.0326 -33.0326 -32.0327 -31.0327 -30.0327 -29.0327 -28.0329 
-27.0336 -26.034 -25.0341 -24.0344 -23.0345 -22.0346 -21.0348 -20.0351 -19.0353 
-18.0353 -17.0353 -16.0353 -15.0359 -14.0375 -13.0384 -12.0384 -11.0384 -10.0391 
-9.03986 -8.0404 -7.04107 -6.0412 -5.04134 -4.04145 -3.04144 -2.04159 -1.04174 
0.0328584 1.10754 2.10724 3.10703 4.1069 5.1069 6.10686 7.1068 8.10678 
9.10631 10.1046 11.1038 12.1037 13.1014 14.1014 15.1011 16.101 17.1008 
18.1006 19.1003 20.1002 21.1 22.1 23.0999 24.0999 25.0999 26.0999 
27.0998 28.0998 29.0998 30.0998 31.0998 32.0998 33.0998 34.0997 35.0996 
-37.7061 -36.9561 -35.9562 -34.9562 -33.9562 -32.9563 -31.9563 -30.9563 -29.9562 
-28.9563 -27.9567 -26.9569 -25.9571 -24.9571 -23.9571 -22.9572 -21.9574 -20.9576 
-19.9576 -18.9577 -17.9578 -16.958 -15.9583 -14.9595 -13.9609 -12.9616 -11.9616 
-10.9616 -9.96261 -8.96257 -7.96257 -6.96266 -5.96267 -4.96273 -3.96311 -2.96307 
-1.96343 -0.963621 -0.0192172 0.925132 1.92445 2.92444 3.92444 4.92445 5.92446 
6.92436 7.92391 8.92341 9.9229 10.9223 11.922 12.9214 13.9201 14.9191 
15.9189 16.9189 17.9187 18.9186 19.9184 20.9181 21.9178 22.9175 23.917 
24.9165 25.9135 26.9105 27.9102 28.9102 29.9102 30.9102 31.9101 32.9101 
33.9101 34.9101 35.9101 36.9101 37.91 -39.8498 -39.0998 -38.0999 -37.0999 
-36.0999 -35.0999 -34.0999 -33.0998 -32.0999 -31.0999 -30.0999 -29.1 -28.1001 
-27.1006 -26.1007 -25.1012 -24.1014 -23.1015 -22.1017 -21.1019 -20.1022 -19.1022 
-18.1023 -17.1024 -16.1025 -15.1032 -14.104 -13.1045 -12.1047 -11.105 -10.1056 
-9.10647 -8.10804 -7.10847 -6.10851 -5.10878 -4.10886 -3.10903 -2.10918 -1.10939 
0.0399179 1.1893 2.18898 3.18899 4.18884 5.1886 6.18853 7.18761 8.1868 
9.18605 10.1852 11.1847 12.1846 13.1834 14.1833 15.1828 16.1828 17.1827 
18.1826 19.1825 20.182 21.1818 22.1816 23.1815 24.1815 25.1815 26.1813 
27.181 28.1808 29.1808 30.1808 31.1809 32.1808 33.1808 34.1808 35.1808 
36.1808 -36.7371 -35.9872 -34.9871 -33.9872 -32.9872 -31.9873 -30.9873 -29.9874 
-28.9874 -27.9874 -26.988 -25.9895 -24.9895 -23.9896 -22.9896 -21.9897 -20.9899 
-19.99 -18.9902 -17.9904 -16.9906 -15.9906 -14.9909 -13.9909 -12.9928 -11.9929 
-10.9937 -9.99438 -8.99484 -7.99541 -6.99608 -5.99653 -4.9965 -3.99662 -2.99678 
-1.99694 -0.99706 0.030512 1.05807 2.0577 3.05753 4.05739 5.05728 6.05712 
7.05706 8.05459 9.05403 10.0531 11.0528 12.051 13.0493 14.0491 15.049 
16.0489 17.0488 18.0486 19.0485 20.0484 21.0484 22.0484 23.0483 24.0481 
25.0474 26.0469 27.0468 28.0468 29.0468 30.0468 31.0467 -35.0678 -34.0678 
-33.0679 -32.068 -31.068 -30.068 -29.068 -28.0681 -27.0686 -26.0697 -25.0707 
-24.0706 -23.0706 -22.0707 -21.0707 -20.0709 -19.0711 -18.0712 -17.0712 -16.0714 
-15.0713 -14.077 -13.0813 -12.0819 -11.0822 -10.0828 -9.0833 -8.08489 -7.08496 
-6.08513 -5.08512 -4.08521 -3.08541 -2.08558 -1.08578 -0.000998137 1.08371 2.08326 
3.08308 4.08293 5.08292 6.08287 7.08283 8.08282 9.08231 10.0815 11.0812 
12.0802 13.0767 14.0741 15.0739 16.0738 17.0736 18.0735 19.0733 20.0732 
21.0732 22.0732 23.0732 24.0732 25.0732 26.0724 27.0723 28.0723 29.0723 
30.0722 31.0722 32.0722 33.0721 -37.0432 -36.0433 -35.0434 -34.0434 -33.0435 
-32.0435 -31.0435 -30.0435 -29.0435 -28.0435 -27.0436 -26.0443 -25.0443 -24.0444 
-23.0444 -22.0444 -21.0445 -20.0446 -19.0447 -18.0448 -17.0449 -16.045 -15.0453 
-14.0453 -13.0467 -12.0467 -11.0472 -10.0484 -9.04886 -8.04941 -7.05007 -6.0505 
-5.05065 -4.05074 -3.05092 -2.0509 -1.05103 0.0112238 1.07352 2.07353 3.07336 
4.07318 5.07315 6.07309 7.07304 8.07305 9.07254 10.0718 11.0715 12.0714 
13.0692 14.0692 15.069 16.0688 17.0687 18.0685 19.0682 20.068 21.068 
22.0679 23.0679 24.0679 25.0676 26.0677 27.0676 28.0676 29.0676 30.0676 
31.0676 32.0675 33.0675 34.0675 35.0675 -35.6842 -34.9343 -33.9343 -32.9344 
-31.9345 -30.9345 -29.9345 -28.9345 -27.9346 -26.9346 -25.9358 -24.9359 -23.9359 
-22.936 -21.936 -20.9361 -19.9361 -18.9362 -17.9363 -16.9364 -15.9368 -14.9398 
-13.943 -12.9435 -11.9436 -10.9441 -9.94548 -8.9458 -7.94614 -6.94622 -5.94623 
-4.94628 -3.94677 -2.94796 -1.94857 -0.948826 -0.0840959 0.78024 1.77927 2.77583 
3.77578 4.77565 5.77565 6.7756 7.77539 8.77491 9.77418 10.7735 11.7731 
12.7731 13.772 14.7704 15.7699 16.7699 17.7698 18.7697 19.7695 20.7695 
21.7691 22.7689 23.7686 24.7683 25.7681 26.7681 27.7681 28.7679 29.7678 
30.7678 31.7678 32.7678 33.7678 34.7678 35.7678 36.7677 37.7677 38.7677 
-36.8819 -36.1319 -35.1319 -34.1319 -33.1319 -32.1319 -31.132 -30.132 -29.132 
-28.132 -27.132 -26.1321 -25.1321 -24.1321 -23.1321 -22.1322 -21.1324 -20.1326 
-19.1328 -18.1329 -17.133 -16.1332 -15.1342 -14.1371 -13.138 -12.138 -11.1383 
-10.1383 -9.13931 -8.13925 -7.13933 -6.13944 -5.13943 -4.13961 -3.13987 -2.14009 
-1.14025 0.0176501 1.17557 2.17515 3.17478 4.17454 5.17443 6.17427 7.17422 
8.17211 9.1709 10.1697 11.1689 12.1686 13.1668 14.1668 15.1668 16.1667 
17.1665 18.1664 19.1661 20.1659 21.1658 22.1658 23.1658 24.1657 25.1653 
26.1651 27.165 28.1649 29.1649 30.1649 31.1649 32.1649 33.1649 34.1649 
35.1647 -36.8228 -36.0728 -35.0727 -34.0728 -33.0728 -32.0728 -31.0729 -30.0729 
-29.0729 -28.073 -27.073 -26.073 -25.073 -24.0731 -23.0731 -22.0732 -21.0734 
-20.0735 -19.0736 -18.0737 -17.0738 -16.074 -15.075 -14.0784 -13.0794 -12.0795 
-11.0798 -10.0804 -9.0815 -8.08183 -7.08234 -6.08237 -5.08266 -4.08278 -3.08306 
-2.08329 -1.08349 -0.333602 0.864249 1.86417 2.86406 3.86378 4.86338 5.86289 
6.86291 7.86198 8.86102 9.86024 10.8597 11.8594 12.8578 13.8526 14.8516 
15.8513 16.8509 17.8506 18.8504 19.8503 20.8502 21.8501 22.8501 23.8501 
24.85 25.8497 26.8494 27.8493 28.8493 29.8493 30.8493 31.8493 32.8493 
33.8492 34.8491 -38.6339 -37.8839 -36.8839 -35.8839 -34.8839 -33.8839 -32.884 
-31.8839 -30.884 -29.884 -28.884 -27.8841 -26.8841 -25.8848 -24.8866 -23.8873 
-22.8875 -21.8878 -20.8881 -19.8882 -18.8883 -17.8884 -16.8884 -15.8886 -14.8893 
-13.8906 -12.8914 -11.8915 -10.8918 -9.89255 -8.89335 -7.89396 -6.89466 -5.89484 
-4.89504 -3.89514 -2.89515 -1.8953 -0.895469 0.0944061 1.08442 2.08441 3.08426 
4.08427 5.08417 6.08404 7.08397 8.08151 9.08089 10.0803 11.0803 12.0784 
13.0752 14.0738 15.0735 16.0734 17.0733 18.0731 19.0729 20.0728 21.0728 
22.0728 23.0728 24.0726 25.072 26.0706 27.0706 28.0705 29.0705 30.0705 
31.0705 32.0703 -35.9923 -34.9923 -33.9924 -32.9925 -31.9924 -30.9924 -29.9925 
-28.9925 -27.9926 -26.9929 -25.9935 -24.9936 -23.9936 -22.9936 -21.9937 -20.9939 
-19.9941 -18.9943 -17.9944 -16.9947 -15.995 -14.9961 -13.9998 -13.0006 -12.0007 
-11.0009 -10.0021 -9.00285 -8.00282 -7.00299 -6.00304 -5.00329 -4.00354 -3.00356 
-2.00388 -1.004 -0.000768219 1.00246 2.00186 3.00189 4.00153 5.00153 6.00149 
7.00135 7.99976 8.99875 9.99841 10.9979 11.9976 12.9964 13.9963 14.9956 
15.9952 16.9952 17.995 18.9949 19.9949 20.9947 21.9946 22.9945 23.9944 
24.9943 25.9939 26.9934 27.9932 28.9932 29.9932 30.9932 31.9932 32.9932 
33.9932 34.9932 35.9932 -38.0408 -37.0409 -36.0409 -35.0409 -34.0409 -33.041 
-32.041 -31.0409 -30.041 -29.0409 -28.0412 -27.0414 -26.0414 -25.0414 -24.0416 
-23.0417 -22.0418 -21.0419 -20.042 -19.0422 -18.0422 -17.0422 -16.0424 -15.0431 
-14.0431 -13.0439 -12.0441 -11.0443 -10.045 -9.04581 -8.04628 -7.04694 -6.04707 
-5.04726 -4.04733 -3.04735 -2.0475 -1.04771 0.0297649 1.10718 2.10688 3.10673 
4.10659 5.10658 6.10653 7.1056 8.10474 9.10425 10.1035 11.1026 12.1026 
13.1004 14.1004 15.1001 16.1 17.0999 18.0997 19.0993 20.0992 21.0991 
22.0991 23.099 24.0991 25.0988 26.0988 27.0988 28.0988 29.0988 30.0988 
31.0987 32.0987 33.0987 34.0987 35.0986 -37.859 -37.1092 -36.1092 -35.1092 
-34.1093 -33.1093 -32.1093 -31.1093 -30.1093 -29.1093 -28.1093 -27.1101 -26.1103 
-25.1104 -24.1105 -23.1106 -22.1106 -21.1109 -20.1113 -19.1115 -18.1116 -17.1116 
-16.1117 -15.1122 -14.1138 -13.1149 -12.115 -11.115 -10.1162 -9.11708 -8.11752 
-7.11773 -6.11809 -5.11822 -4.11827 -3.11849 -2.11858 -1.11875 -0.100937 0.916875 
1.91659 2.91639 3.91626 4.91623 5.91616 6.91609 7.91608 8.91509 9.91409 
10.9135 11.9134 12.9109 13.9109 14.9105 15.9103 16.9102 17.91 18.9099 
19.9098 20.9096 21.9096 22.9096 23.9096 24.9096 25.9093 26.9089 27.9089 
28.9089 29.9089 30.9089 31.9089 32.9089 33.9088 -37.7068 -36.957 -35.957 
-34.9571 -33.957 -32.957 -31.9571 -30.9571 -29.9571 -28.9571 -27.9574 -26.9574 
-25.9574 -24.9574 -23.9575 -22.9577 -21.9579 -20.9582 -19.9583 -18.9585 -17.9585 
-16.9587 -15.9591 -14.9601 -13.9614 -12.962 -11.9621 -10.9625 -9.96392 -8.96391 
-7.96392 -6.96397 -5.96402 -4.96402 -3.96432 -2.96433 -1.96467 -0.964862 -0.019594 
0.925598 1.92494 2.92493 3.92441 4.92439 5.92438 6.92433 7.92385 8.9234 
9.92287 10.9223 11.922 12.9214 13.9202 14.9192 15.919 16.919 17.9187 
18.9186 19.9183 20.9182 21.918 22.918 23.9179 24.9175 25.9176 26.9176 
27.9166 28.9163 29.9164 30.9163 31.9163 32.9163 33.9163 34.9163 35.9163 
36.9162 37.9161 -37.8072 -37.0572 -36.0572 -35.0573 -34.0573 -33.0573 -32.0573 
-31.0573 -30.0573 -29.0573 -28.0576 -27.0582 -26.0587 -25.0588 -24.0591 -23.0591 
-22.0593 -21.0594 -20.0598 -19.0599 -18.0599 -17.06 -16.0602 -15.0609 -14.0609 
-13.0618 -12.0619 -11.0622 -10.0629 -9.0637 -8.0642 -7.06482 -6.06493 -5.0651 
-4.06519 -3.06516 -2.06534 -1.06549 0.0278692 1.12135 2.12101 3.12086 4.12072 
5.12072 6.12066 7.11974 8.11893 9.11845 10.1171 11.1165 12.1164 13.1145 
14.1145 15.1145 16.1144 17.1143 18.1141 19.1138 20.1136 21.1136 22.1135 
23.1135 24.1135 25.1132 26.113 27.1124 28.1124 29.1124 30.1124 31.1124 
32.1123 33.1123 34.1123 35.1123 -35.8789 -35.1289 -34.1289 -33.129 -32.1291 
-31.1291 -30.1291 -29.1291 -28.1292 -27.1293 -26.1298 -25.1305 -24.1305 -23.1305 
-22.1306 -21.1306 -20.1306 -19.1308 -18.131 -17.1311 -16.1312 -15.1317 -14.136 
-13.1374 -12.1375 -11.1378 -10.1385 -9.13917 -8.1399 -7.13998 -6.14004 -5.14019 
-4.14036 -3.14073 -2.14099 -1.14121 -0.106374 0.928386 1.92788 2.92706 3.92678 
4.92676 5.92674 6.92661 7.92507 8.92445 9.92444 10.924 11.9237 12.9225 
13.9204 14.9195 15.9193 16.9193 17.9192 18.919 19.9189 20.9187 21.9185 
22.9185 23.918 24.9179 25.9178 26.9178 27.9178 28.9178 29.9178 30.9178 
31.9178 32.9178 33.9177 34.9178 35.9178 36.9176 -37.7046 -36.9547 -35.9547 
-34.9548 -33.9548 -32.9549 -31.9549 -30.9549 -29.9548 -28.9549 -27.9553 -26.9555 
-25.9557 -24.9558 -23.9558 -22.9559 -21.9561 -20.9562 -19.9563 -18.9563 -17.9564 
-16.9566 -15.957 -14.9582 -13.9596 -12.9602 -11.9603 -10.9603 -9.96126 -8.96126 
-7.96129 -6.96134 -5.96133 -4.96132 -3.96163 -2.96165 -1.962 -0.96222 -0.0193668 
0.923301 1.92266 2.92264 3.92214 4.92213 5.92214 6.92206 7.92158 8.92111 
9.92059 10.92 11.9197 12.9191 13.9177 14.9167 15.9165 16.9165 17.9163 
18.9162 19.9159 20.9157 21.9155 22.9152 23.9149 24.9149 25.9111 26.9097 
27.9096 28.9095 29.9095 30.9095 31.9094 32.9095 33.9095 34.9094 35.9095 
36.9094 37.9095 -37.7402 -36.9903 -35.9903 -34.9903 -33.9904 -32.9903 -31.9904 
-30.9904 -29.9904 -28.9904 -27.9907 -26.9907 -25.9907 -24.9907 -23.9908 -22.9909 
-21.9912 -20.9914 -19.9916 -18.9918 -17.9918 -16.9918 -15.9921 -14.9932 -13.9945 
-12.9951 -11.9952 -10.9952 -9.99622 -8.99677 -7.99679 -6.99693 -5.997 -4.99741 
-3.99765 -2.99761 -1.99791 -0.998134 0.00413712 1.00641 2.00587 3.00584 4.00542 
5.0054 6.00537 7.00521 8.00382 9.00325 10.0033 11.0029 12.0029 13.0019 
14.0001 14.9994 15.9993 16.9992 17.999 18.9988 19.9987 20.9985 21.9981 
22.9978 23.9975 24.9974 25.995 26.9943 27.9936 28.9935 29.9935 30.9934 
31.9934 32.9935 33.9935 34.9935 35.9935 36.9934 37.9934 -35.9376 -35.1876 
-34.1876 -33.1877 -32.1878 -31.1878 -30.1878 -29.1878 -28.1879 -27.1884 -26.1892 
-25.1897 -24.1898 -23.1898 -22.1898 -21.1899 -20.19 -19.1902 -18.1904 -17.1905 
-16.1907 -15.191 -14.1957 -13.1989 -12.1995 -11.1998 -10.2004 -9.2008 -8.20082 
-7.20095 -6.20101 -5.20105 -4.20113 -3.20133 -2.20147 -1.20171 -0.0924577 1.01695 
2.01695 3.01676 4.01654 5.0164 6.01623 7.01605 8.01604 9.01559 10.0148 
11.0139 12.0139 13.0114 14.0114 15.0111 16.011 17.0108 18.0105 19.0103 
20.0102 21.0101 22.0101 23.0101 24.0101 25.0101 26.0093 27.009 28.009 
29.0089 30.0089 31.0089 32.0089 33.0089 34.0088 -37.7674 -37.0174 -36.0174 
-35.0174 -34.0174 -33.0175 -32.0175 -31.0175 -30.0175 -29.0174 -28.0177 -27.0184 
-26.0188 -25.0189 -24.0192 -23.0195 -22.0195 -21.0197 -20.0201 -19.0202 -18.0202 
-17.0202 -16.0203 -15.0208 -14.0224 -13.0233 -12.0233 -11.0233 -10.024 -9.02477 
-8.0253 -7.02596 -6.02608 -5.02624 -4.02632 -3.02634 -2.02652 -1.02664 0.0353021 
1.0973 2.097 3.09682 4.09672 5.09658 6.0964 7.09633 8.09415 9.09363 
10.0928 11.0925 12.0925 13.09 14.09 15.0897 16.0896 17.0893 18.089 
19.0888 20.0886 21.0884 22.0883 23.0883 24.0883 25.0883 26.0883 27.0882 
28.0882 29.0882 30.0882 31.0882 32.0881 33.0881 34.0881 -35.7394 -34.9894 
-33.9894 -32.9895 -31.9896 -30.9896 -29.9896 -28.9897 -27.9898 -26.9899 -25.9903 
-24.9907 -23.9908 -22.9908 -21.9909 -20.9909 -19.991 -18.991 -17.9912 -16.9912 
-15.9913 -14.9913 -13.9969 -12.9979 -11.998 -10.9983 -9.99956 -9 -8.00049 
-7.00064 -6.00069 -5.00096 -4.00119 -3.00166 -2.00196 -1.00215 -0.000120426 1.00172 
2.00112 3.00112 4.00082 5.0008 6.00079 7.00061 7.99886 8.99811 9.99753 
10.997 11.9967 12.9967 13.9967 14.9967 15.9966 16.9964 17.9963 18.9961 
19.996 20.9958 21.9958 22.9957 23.9957 24.9955 25.9954 26.9948 27.9948 
28.9947 29.9948 30.9947 31.9947 32.9947 33.9947 34.9947 
